Date,Open,High,Low,Close,Volume,SMA20,SMA50,SMA200,SMA20_Slp,SMA50_Slp,SMA200_Slp,>MA50,>MA200,GoldenX,LinReg_Slp,Chande,ADX14,RSI14,RSI_D3,MACD_Line,MACD_Hist,RET_3M_pct,RET_6M_pct,RET_12M_pct,StochK14,ROC20_pct,ATR_pct,StdDev20,Vol60,Beta60,R2_60,Ulcer14,Sharpe60,MaxDD_6M_pct,Vol_vs_Avg,OBV,VolROC20,AD_Line,CMF20,MFI14,RS_3M,RS_6M,RS_Bench,Alpha60,InfoRatio,Corr60,Beta,ZScore
04-22-24,7895.899902,8042.799805,7895.899902,8023.899902,1085332800,7930.669995,7780.282002,7592.371016,11.784447,3.449719,-0.367556,TRUE,TRUE,187.910986,6.929938,13.438211,24.549457,63.010271,14.312252,40.289024,-8.042347,7.161073,8.400316,1.387395,91.596938,1.792553,1.078919,4673.427241,0.631812,-0.000297,0.000037,1.354378,2.313801,-3.709983,1.027637,38600183500,-19.755825,10859786447.808689,0.173675,51.377377,2.31338,-7.647843,97.52341,0.111349,2.77705,-0.006093,-0.000297,1.994894
04-23-24,8023.899902,8076.5,8021.700195,8044.799805,1082600700,7936.36499,7789.725996,7596.226016,11.298059,3.59994,-0.372995,TRUE,TRUE,193.49998,7.199871,15.808031,24.526317,64.323783,12.862679,47.28206,-0.839448,7.468902,9.084992,1.675888,88.782667,1.436154,1.076205,5324.948891,0.609039,-0.000483,0.000105,1.540829,1.905381,-3.709983,1.023772,39682784200,2.495973,10689877076.608475,0.153948,59.075154,2.419301,-8.05757,97.164144,0.091742,2.373425,-0.010258,-0.000483,2.036354
04-24-24,8044.799805,8092.200195,8031.799805,8040.399902,1420290700,7942.50498,7799.05999,7600.015515,10.750269,3.761044,-0.37785,TRUE,TRUE,199.044475,7.435757,9.995339,24.656738,63.810064,10.595817,51.871118,2.999688,6.810841,8.805495,1.892002,82.63485,1.550973,1.083368,5785.271929,0.609125,-0.00047,0.0001,1.523802,1.895011,-3.709983,1.321274,38262493500,32.645737,9674041996.642427,0.099913,59.902184,2.580263,-7.934313,97.782742,0.091359,2.363165,-0.009982,-0.00047,1.69214
04-25-24,8040.399902,8105.600098,8030.100098,8078.899902,1224259900,7949.899976,7810.391992,7603.329514,10.178919,3.932635,-0.381992,TRUE,TRUE,207.062478,7.769049,27.087614,24.910135,66.343041,3.332769,57.946635,7.260164,7.293779,8.963761,2.881846,91.434014,1.864833,1.064148,6528.048654,0.609523,-0.000466,0.000098,1.802328,1.910539,-3.709983,1.141788,39486753400,-4.239146,10032395182.913641,0.066843,66.993972,3.387357,-7.97279,98.221425,0.092018,2.378673,-0.009907,-0.000466,1.976087
04-26-24,8078.899902,8146.799805,8078.899902,8139.799805,904872200,7960.289966,7821.81999,7606.827512,9.6809,4.113006,-0.385379,TRUE,TRUE,214.992478,8.11874,30.307156,25.539629,69.928457,5.604674,66.904407,12.974349,6.610257,10.676307,3.935335,98.016435,2.619766,1.058467,7764.690476,0.611036,-0.000294,0.000039,2.375552,2.433838,-3.709983,0.848386,40391625600,-11.101206,10750695526.950344,0.066062,67.167376,2.362341,-7.206777,98.576527,0.112976,2.91371,-0.006238,-0.000294,2.311874
04-29-24,8139.799805,8189.100098,8136.700195,8147,759963000,7970.009961,7832.80999,7610.389512,9.266414,4.302332,-0.387979,TRUE,TRUE,222.420479,8.437701,32.838101,26.494999,70.330879,6.520815,73.734536,15.843582,6.738111,11.735907,3.511802,89.347147,2.444482,1.063757,8809.795125,0.610364,-0.000255,0.000029,2.351497,2.522579,-3.709983,0.722385,41151588600,-27.704486,10289491498.613205,0.046872,66.6833,2.974209,-7.168046,98.604655,0.116404,3.005522,-0.005408,-0.000255,2.009014
04-30-24,8147,8200,8138.100098,8144.100098,868339500,7980.459961,7841.457988,7614.078013,8.900267,4.50094,-0.389812,TRUE,TRUE,227.379976,8.711389,29.372041,27.474957,69.925014,3.581973,78.014165,16.098569,6.232476,11.145839,4.77422,86.234945,2.633867,1.045367,9579.813162,0.610109,-0.00023,0.000024,2.27115,2.546315,-3.709983,0.835654,40283249100,-22.913588,9589489485.514784,0.059875,65.957262,3.806075,-5.633878,99.73376,0.117327,3.030651,-0.004871,-0.00023,1.708177
05-01-24,8144.100098,8179,8111.399902,8121.200195,562235500,7989.649976,7849.311992,7617.415513,8.602869,4.706127,-0.390805,TRUE,TRUE,231.896479,8.913753,32.456483,27.852685,66.653891,-3.274566,78.651328,13.388586,6.429378,10.919595,4.273025,80.595965,2.315623,1.034594,10016.640784,0.611955,-0.000286,0.000037,2.151548,2.431828,-3.709983,0.556315,39721013600,-50.318368,9190273649.937479,-0.014177,68.881198,2.984984,-5.773598,99.42324,0.113052,2.911283,-0.006054,-0.000286,1.313317
05-02-24,8121.200195,8178.799805,8119.899902,8172.200195,919730600,7999.46499,7858.371992,7620.335513,8.417403,4.920012,-0.390928,TRUE,TRUE,238.036479,9.286902,30.064713,28.203433,70.017833,-0.313046,82.322595,13.647882,7.215764,11.301486,6.096644,93.154445,2.461168,0.973684,10805.498208,0.607109,-0.000336,0.000051,2.322644,2.33508,-3.709983,0.920003,40640744200,-19.215263,9903896516.352129,-0.004425,68.88434,3.623494,-4.631734,99.595293,0.108454,2.815108,-0.007165,-0.000336,1.598586
05-03-24,8172.200195,8248.700195,8172.200195,8213.5,658456400,8014.57998,7869.391992,7623.172512,8.352403,5.141957,-0.390161,TRUE,TRUE,246.21948,9.611984,41.43003,29.196376,72.442262,2.517248,87.555365,15.104522,7.852406,10.300141,5.593697,92.260296,3.821162,0.985398,11591.574905,0.600383,-0.000113,0.000006,2.602199,2.883426,-3.709983,0.668449,41299200600,-30.798728,9956397520.671982,0.018254,74.518176,3.571091,-2.792859,99.498871,0.1289,3.38408,-0.002441,-0.000113,1.716074
05-07-24,8213.5,8335.700195,8213.5,8313.700195,1220562500,8033.08999,7881.975996,7626.422512,8.466156,5.376339,-0.388562,TRUE,TRUE,255.553484,10.012395,89.091666,30.767599,77.249015,10.595124,98.65051,20.959733,9.205432,12.079216,7.078735,95.903929,4.660417,0.931079,13235.933681,0.6121,0.000325,0.000047,3.250009,3.54422,-3.709983,1.216048,42519763100,44.04846,10737478317.204472,0.027154,82.377091,2.272042,-1.863745,99.167831,0.157673,4.06144,0.00688,0.000325,2.120064
05-08-24,8313.700195,8365.299805,8313.700195,8354.099609,1272316300,8054.05498,7894.931992,7629.80001,8.803795,5.624262,-0.386074,TRUE,TRUE,265.131982,10.400311,89.338126,32.416209,78.850763,8.83293,109.44181,25.400827,8.763177,12.622339,7.915981,97.984125,5.284315,0.889469,14822.750747,0.61064,0.000463,0.000096,3.290569,3.893867,-3.709983,1.250702,43792079400,27.113262,11457457449.079258,0.0738,89.290458,2.449889,-1.5006,99.855927,0.171243,4.422408,0.009822,0.000463,2.024217
05-09-24,8354.099609,8396.299805,8349.799805,8381.400391,1079046000,8075.06499,7908.874004,7633.248013,9.368465,5.885765,-0.382637,TRUE,TRUE,275.625991,10.791418,89.304153,34.137605,79.88156,7.439298,118.827173,27.828951,9.865255,13.109317,8.418496,97.460037,5.278101,0.881117,16337.897205,0.610661,0.000524,0.000124,3.187497,4.029027,-3.709983,1.067465,44871125400,-10.653255,11845012991.165951,0.089065,89.235388,3.052913,-2.464998,99.652032,0.176631,4.561775,0.01113,0.000524,1.874999
05-10-24,8381.400391,8455.799805,8381.400391,8433.799805,698222200,8100.56499,7923.89,7637.032512,10.123089,6.157306,-0.378207,TRUE,TRUE,286.857488,11.119472,89.904816,36.067527,81.722852,4.473837,129.006231,30.406408,11.036796,13.944088,8.758668,96.070726,6.436306,0.861753,17769.956793,0.599577,0.000506,0.00012,3.309794,4.737124,-3.709983,0.708233,45569347600,-41.712026,12130304831.604357,0.112655,95.932381,4.507113,-1.517467,100.541108,0.200921,5.28727,0.010948,0.000506,1.875271
05-13-24,8433.799805,8446.5,8409.200195,8415,974791500,8121.534985,7939.69,7640.643513,11.015262,6.440068,-0.372773,TRUE,TRUE,299.046487,11.460583,79.963361,37.859599,78.93165,0.080887,134.011421,28.329278,11.124315,12.866663,8.193936,90.60128,5.245384,0.770647,18904.504131,0.597511,0.000274,0.000035,3.044837,4.324126,-3.709983,0.986914,44594556100,3.948189,11458657026.773882,0.06967,88.585372,5.304397,-1.793562,100.613603,0.184133,4.860947,0.005935,0.000274,1.552355
05-14-24,8415,8448.700195,8407,8428.099609,1160778700,8144.664966,7955.651992,7644.312512,12.060236,6.731386,-0.366271,TRUE,TRUE,311.33948,11.825445,79.638632,39.523665,79.458125,-0.423435,137.450654,25.414809,11.281136,14.502887,8.734238,93.49302,5.80754,0.758347,19707.833833,0.596905,0.000205,0.00002,2.784201,4.227093,-3.709983,1.15531,45755334800,41.482202,11472547987.540609,0.090947,88.693431,5.689184,0.219751,100.800019,0.180151,4.76037,0.004442,0.000205,1.438183
05-15-24,8428.099609,8474.400391,8427.900391,8445.799805,1112620600,8175.934961,7970.917988,7648.044512,13.254149,7.029541,-0.358642,TRUE,TRUE,322.873477,12.366726,81.96535,41.219915,80.178867,-1.543985,139.990801,22.363965,12.426288,13.735894,9.35622,93.56278,7.997032,0.745002,19248.180573,0.570911,-0.000027,0,2.598211,3.820295,-3.709983,1.10439,46867955400,5.137754,11216497573.083284,0.114294,88.485803,4.225933,-0.156092,100.92217,0.157859,4.360643,-0.000624,-0.000027,1.402028
05-16-24,8445.799805,8455.700195,8406.700195,8438.700195,889766900,8205.469971,7986.885996,7651.906514,14.557766,7.328931,-0.349909,TRUE,TRUE,334.979482,12.884048,77.677306,42.257009,78.981829,0.050178,139.819258,17.753937,11.499132,13.415768,8.994748,90.973413,7.526761,0.723198,18467.518555,0.571662,0.345004,0.10298,2.324482,3.675547,-3.709983,0.885374,45978188500,-5.30102,11488875195.532265,0.126259,81.328546,4.958667,1.093489,100.777777,0.12502,3.641281,0.320904,0.345004,1.262921
05-17-24,8438.700195,8441.700195,8401.400391,8420.299805,1034395100,8232.629956,8002.367988,7656.200012,15.912751,7.628052,-0.340093,TRUE,TRUE,346.167976,13.315976,66.674714,43.083563,75.8223,-3.635825,136.623639,11.646654,10.829876,12.467108,8.552384,85.096277,6.895935,0.701365,17344.274756,0.572578,0.322315,0.091538,2.114733,3.62451,-3.709983,1.039011,44943793400,-15.385956,11424681388.105022,0.113201,73.642973,5.152457,-0.426465,99.821037,0.117131,3.407101,0.302552,0.322315,1.082028
05-20-24,8420.299805,8451.599609,8418,8424.200195,739021000,8259.044971,8017.265996,7660.675012,17.293608,7.925433,-0.329237,TRUE,TRUE,356.590984,13.619236,66.411256,43.930498,76.04109,-4.137777,132.874126,6.317713,9.239208,13.671572,8.405613,86.170764,6.690818,0.6851,15909.651398,0.560968,0.00167,0.001482,1.892813,4.067812,-3.709983,0.751511,45682814400,-24.786737,10958406091.121939,0.045998,73.650495,109.239208,113.671572,,0.162241,4.594578,0.038492,0.00167,1.038082
05-21-24,8424.200195,8424.200195,8379.099609,8416.5,1001396500,8278.674976,8031.745996,7664.935513,18.562026,8.217925,-0.317363,TRUE,TRUE,366.810483,13.904832,64.519207,43.693387,74.605722,-4.376107,127.807978,1.001252,8.902116,12.1557,8.418137,84.049501,4.892884,0.671469,15264.586737,0.561638,0.00164,0.00143,1.637031,3.884649,-3.709983,1.022685,44681417900,-7.733692,11617858091.955578,0.038709,66.408385,,0.174032,99.775991,0.160099,4.497197,0.037811,0.00164,0.902907
05-22-24,8416.5,8416.5,8343.400391,8370.299805,1286558300,8294.949976,8045.957988,7669.014512,19.629549,8.501949,-0.304498,TRUE,TRUE,376.943477,14.110961,55.914615,42.632073,66.495478,-9.326822,118.696787,-6.487951,8.434807,11.657594,9.744198,70.634572,4.046092,0.679869,14347.463685,0.568605,0.001523,0.001203,1.296869,3.449633,-3.709983,1.300367,43394859600,18.839596,11278162975.579699,0.02973,62.905974,3.295628,0.396854,99.613775,0.145824,4.044698,0.034686,0.001523,0.525179
05-23-24,8370.299805,8385.200195,8332.299805,8339.200195,1229161600,8309.88999,8059.357988,7673.073513,20.468222,8.774062,-0.29068,TRUE,TRUE,386.284475,14.191919,39.238758,41.395528,61.638049,-14.403041,107.724839,-13.967919,8.831324,11.456832,10.148071,55.261381,3.716237,0.677265,13054.797834,0.569802,0.001519,0.001191,1.022776,3.402421,-3.709983,1.254471,42165698000,-13.457041,10369668012.67034,0.035497,55.228289,4.025169,0.136705,99.865617,0.144361,3.995583,0.034514,0.001519,0.224517
05-24-24,8339.200195,8339.200195,8263.799805,8317.599609,779070900,8321.824976,8070.753984,7676.725012,21.041699,9.03256,-0.275947,TRUE,TRUE,394.028972,14.198871,25.64659,38.873569,58.444642,-16.16108,96.177826,-20.411946,8.238657,11.354168,9.051807,39.900135,2.954607,0.67808,11869.174103,0.571772,0.001457,0.001088,0.818707,3.27867,-3.709983,0.813596,41386627100,-36.363929,10702364887.619181,0.034983,50.291178,3.736666,-0.460899,99.133606,0.140139,3.864956,0.032984,0.001457,-0.035599
05-28-24,8317.599609,8335.5,8241.299805,8254.200195,1202410100,8327.544995,8080.393984,7679.903013,21.301658,9.275384,-0.26038,TRUE,TRUE,400.490972,13.968318,-16.12031,36.141567,50.220495,-16.274983,80.977475,-28.489838,7.109773,10.297184,9.732656,5.534259,1.405445,0.659058,11202.735426,0.571965,0.001474,0.001113,0.929056,3.274175,-3.709983,1.236485,40184217000,32.881759,9829286588.471338,-0.047376,42.017005,3.659653,-1.092613,98.818207,0.140048,3.86117,0.033361,0.001474,-0.654704
05-29-24,8254.200195,8255.400391,8180,8183.100098,1014436000,8329.35,8089.191982,7683.197512,21.188613,9.496379,-0.244032,TRUE,TRUE,405.99447,13.594717,-42.771232,34.458682,42.925412,-18.712637,62.473744,-37.594854,6.491161,9.279932,9.897799,1.053021,0.443109,0.68556,10922.095091,0.586183,0.001493,0.001086,1.212432,2.776378,-3.709983,1.029711,39169781000,33.48492,8898267945.860277,-0.070609,33.902715,4.236889,-0.320667,99.631488,0.124425,3.34641,0.032947,0.001493,-1.339028
05-30-24,8183.100098,8236.299805,8148.5,8231.099609,985401500,8333.699976,8099.265977,7686.817009,20.76235,9.698608,-0.226902,TRUE,TRUE,412.448967,13.358051,-35.743432,33.318816,48.377236,-10.067406,51.093589,-39.180008,7.133927,10.326101,9.890122,25.345048,1.068252,0.717401,10301.054454,0.584655,0.001473,0.001063,1.374791,2.737698,-3.709983,0.994332,40155182500,13.481133,9766942984.35005,0.008953,26.518247,3.664741,-0.808505,99.222468,0.122669,3.307722,0.032605,0.001473,-0.996018
05-31-24,8231.099609,8289.200195,8231.099609,8275.400391,2232006600,8341.409985,8110.321982,7691.246011,20.060147,9.883028,-0.208971,TRUE,TRUE,419.075972,13.091997,-38.409133,31.336894,52.853425,2.63293,45.129216,-36.115505,8.529841,11.001719,8.782362,38.938398,1.898737,0.699493,9138.296323,0.5805,0.001679,0.001403,1.476267,3.252949,-3.709983,2.077237,42387189100,296.987846,10938676107.096498,0.081358,33.589562,3.745333,-1.231058,98.747948,0.141407,3.841763,0.037453,0.001679,-0.72234
06-03-24,8275.400391,8371.700195,8258.900391,8262.799805,1095687900,8345.939966,8120.811982,7695.77551,19.048669,10.048567,-0.190236,TRUE,TRUE,425.036472,12.779993,-37.469167,29.868333,51.485948,8.560536,38.936805,-33.846332,8.293575,11.305985,8.72105,35.072006,1.108632,0.765826,8454.312709,0.581641,0.001662,0.001369,1.582786,3.142177,-3.709983,1.01143,41291501200,19.131396,9918742607.863552,0.000685,40.280313,4.865334,0.351264,99.276562,0.137513,3.728405,0.036998,0.001662,-0.983405
06-04-24,8262.799805,8263.400391,8200.299805,8232,1127695300,8346.864966,8130.703984,7700.384509,17.768049,10.194449,-0.170757,TRUE,TRUE,430.319475,12.439335,-46.260669,27.803152,48.203009,-0.174227,31.184513,-33.2789,7.15262,10.440315,7.91678,25.621326,0.225239,0.78726,8310.68194,0.583849,0.001548,0.001178,1.720406,2.765213,-3.709983,1.018909,40163805900,71.263473,9924100534.925381,-0.001459,32.964178,5.1594,0.800853,99.442416,0.12369,3.340087,0.034319,0.001548,-1.382136
06-05-24,8232,8276.599609,8232,8247,879057500,8343.529956,8137.991982,7705.30751,16.232372,10.324556,-0.1506,TRUE,TRUE,432.684473,12.114925,-47.198303,25.929563,49.879187,-2.974238,25.951982,-30.809145,7.94079,9.530641,8.16731,32.063782,-0.802293,0.784182,8580.23398,0.583867,0.001549,0.001179,1.762898,2.769807,-3.709983,0.806703,41042863400,-27.979313,9636342496.278566,-0.050525,31.846861,5.05204,0.263422,98.99781,0.123875,3.344985,0.034338,0.001549,-1.125027
06-06-24,8247,8287.099609,8247,8285.299805,857611200,8340.089966,8145.07998,7710.44501,14.511751,10.438305,-0.129711,TRUE,TRUE,434.634971,11.766895,-33.90803,24.337496,53.974648,2.4887,24.611926,-25.71936,8.358395,10.279513,9.021403,45.133613,-0.823545,0.772884,8673.042053,0.581115,0.001699,0.001433,1.683873,3.188491,-3.709983,0.802288,41900474600,-32.594497,10416968773.888035,-0.048668,37.473668,5.319215,0.614857,99.160938,0.139209,3.778001,0.037851,0.001699,-0.631729
06-07-24,8285.299805,8297,8210.200195,8245.400391,779890300,8333.289966,8151.635986,7715.318013,12.595597,10.535169,-0.10816,TRUE,TRUE,436.317974,11.334793,-36.906366,22.882908,49.442159,1.23915,20.098688,-24.186078,7.371773,10.088395,9.031531,31.969817,-1.622641,0.816907,8863.167888,0.586501,0.001651,0.001327,1.776808,2.886024,-3.709983,0.739935,41120584300,-27.724091,10269621161.769857,-0.074734,38.149859,5.441398,1.442199,99.544371,0.128894,3.465273,0.036432,0.001651,-0.991627
06-10-24,8245.400391,8245.400391,8183.5,8228.5,654032500,8323.024976,8157.585986,7719.858013,10.547124,10.616162,-0.086075,TRUE,TRUE,437.727974,10.976185,-40.193066,21.90457,47.61812,-2.261067,14.985451,-23.439452,6.967826,9.488518,8.688758,29.017027,-2.43425,0.843151,8826.611207,0.575823,0.0014,0.000989,1.799715,2.374462,-3.709983,0.621828,40466551800,-6.328888,10566518444.371695,-0.074339,33.436678,5.807797,0.011997,99.161359,0.107633,2.946325,0.031454,0.0014,-1.070909
06-11-24,8228.5,8261.700195,8114.799805,8147.799805,1117142300,8309.664966,8161.901982,7723.929011,8.304372,10.683119,-0.063498,FALSE,TRUE,437.972971,10.499925,-47.990714,21.844286,40.02485,-13.949799,4.370957,-27.243157,6.372307,8.439246,7.281298,10.938011,-3.175285,0.940746,9366.847542,0.591777,0.001252,0.000749,1.49414,1.731173,-3.709983,1.054996,39349409500,14.603205,9951290342.73634,-0.071176,33.247182,5.850685,-0.184796,98.991485,0.085455,2.275336,0.027368,0.001252,-1.728064
06-12-24,8147.799805,8243.200195,8147.799805,8215.5,1301184800,8299.034985,8167.15998,7728.313511,5.992071,10.739155,-0.040389,TRUE,TRUE,438.84647,10.064623,-26.625336,21.788307,47.57712,-1.865039,1.405532,-24.166866,7.123296,8.749752,8.060292,37.241143,-2.522509,0.952383,9156.022716,0.596532,0.001452,0.000992,1.239334,2.251385,-3.709983,1.220707,40650594300,12.095854,10496858255.603573,-0.045767,41.752643,6.449305,0.113418,99.512688,0.10618,2.805431,0.031492,0.001452,-0.91235
06-13-24,8215.5,8215.5,8147.399902,8163.700195,834387100,8284.930005,8171.731982,7731.807012,3.739872,10.782106,-0.016784,FALSE,TRUE,439.924971,9.491378,-29.147954,21.741299,43.104596,-4.513524,-5.066002,-24.51072,5.367981,8.201571,7.018607,19.034767,-3.340117,0.971725,8946.590426,0.60273,0.001471,0.000996,1.130679,2.041033,-3.709983,0.793132,39816207200,-25.007042,10061905360.470604,-0.054875,42.92727,6.328193,1.082644,100.124353,0.099014,2.58899,0.031561,0.001471,-1.355039
06-14-24,8163.700195,8178.200195,8112.899902,8146.899902,805001800,8270.33999,8175.921982,7735.17301,1.581685,10.810391,0.00724,FALSE,TRUE,440.748972,8.858211,-28.578541,22.124299,41.73428,1.70943,-11.418755,-24.690778,4.821025,8.008964,6.597141,13.137543,-3.457882,0.964874,8682.362026,0.603643,0.001451,0.000966,0.922575,1.974972,-3.709983,0.768295,39011205400,-9.526664,10095186513.139688,-0.066507,42.897173,6.61264,0.738795,100.132523,0.096548,2.520595,0.031088,0.001451,-1.421734
06-17-24,8146.899902,8187.299805,8120.899902,8142.200195,834637300,8256.43501,8179.247988,7738.688511,-0.443853,10.824423,0.03172,FALSE,TRUE,440.559478,8.22037,-20.79463,22.288753,41.338376,-6.238744,-16.64076,-23.930227,5.152908,7.866572,7.29657,11.321584,-3.302728,0.941042,8375.822697,0.60376,0.001407,0.000908,1.026721,1.860223,-3.709983,0.804245,38176568100,-19.311557,9796032501.070152,-0.078467,49.727229,6.476342,2.666599,100.228245,0.092055,2.402672,0.030138,0.001407,-1.363864
06-18-24,8142.200195,8200,8142.200195,8191.299805,756939400,8244.78999,8184.84998,7742.32251,-2.254466,10.824953,0.056636,TRUE,TRUE,442.527471,7.63905,1.587245,22.168777,46.995563,3.890967,-16.625658,-19.1321,6.003312,7.089813,8.217405,30.293591,-2.764659,0.920054,7493.108377,0.607269,0.001526,0.001055,1.018537,2.117267,-3.709983,0.728747,38933507500,2.424613,10325098445.257221,-0.030486,55.912223,7.296481,2.621094,100.801731,0.102698,2.665364,0.032488,0.001526,-0.713858
06-19-24,8191.299805,8212.700195,8164.5,8205.099609,697498200,8234.219971,8190.081973,7746.084009,-3.884695,10.812793,0.082006,TRUE,TRUE,443.997964,7.30123,-5.389714,21.781826,48.498854,6.764574,-15.323521,-14.26397,6.247889,8.298133,8.544547,35.625812,-2.511738,0.884033,6346.784167,0.560672,0.001189,0.000751,1.036232,1.487184,-3.709983,0.68149,39631005700,-30.34745,10802622639.924644,-0.039826,62.041163,7.906452,2.947381,101.438148,0.073176,2.056442,0.027409,0.001189,-0.458821
06-20-24,8205.099609,8272.5,8203.599609,8272.5,927926100,8229.32998,8196.835977,7750.257009,-5.260958,10.786228,0.107888,TRUE,TRUE,446.578967,7.137846,-0.573767,20.258732,55.184362,13.845986,-8.752031,-6.153985,6.903328,8.641408,10.270595,61.669211,-1.168415,0.886156,5572.704669,0.564739,0.001279,0.000857,1.036563,1.57425,-3.709983,0.922796,40558931800,-27.875317,11730548739.924644,0.022494,58.104872,8.317579,3.504844,101.926007,0.076852,2.144336,0.029273,0.001279,0.774669
06-21-24,8272.5,8282.700195,8188.100098,8237.700195,1819197400,8224.25498,8202.365977,7754.31501,-6.37515,10.743716,0.134256,TRUE,TRUE,448.050967,6.875888,-4.756423,19.111005,51.46931,4.473746,-6.279743,-2.945357,6.466,7.851534,10.39682,67.789368,-1.217143,0.874118,4946.452999,0.567495,0.001235,0.000791,1.045356,1.448664,-3.709983,1.757576,38739734400,48.00311,11819010442.431601,0.070012,46.724757,8.762553,3.837527,101.559598,0.072486,2.01256,0.028123,0.001235,0.271815
06-24-24,8237.700195,8307.900391,8217.400391,8281.599609,895710300,8222.45498,8209.521973,7758.514507,-7.197834,10.685704,0.161106,TRUE,TRUE,451.007466,6.690819,9.171545,17.905069,55.535854,7.037,-0.769254,2.052106,5.061775,7.334388,11.108719,86.512454,-0.432817,0.893117,4645.226273,0.570533,0.001363,0.000955,1.03119,1.609596,-3.709983,0.860521,39635444700,14.971603,12194104595.168133,0.071657,54.387737,6.184319,0.674164,100.708527,0.078836,2.177465,0.030903,0.001363,1.273235
06-25-24,8281.599609,8294.200195,8245.700195,8247.799805,859380400,8222.134961,8214.565967,7762.362505,-7.785346,10.612297,0.188414,TRUE,TRUE,452.203462,6.432552,0.142925,16.78527,51.927986,-3.256377,0.860567,2.945541,3.995762,7.188059,10.538093,69.179264,-0.077541,0.900155,4624.363099,0.573872,0.001309,0.000869,1.030884,1.406253,-3.709983,0.839451,38776064300,-28.528511,11409130922.777668,0.07716,47.744819,4.856867,1.659661,100.541248,0.071638,1.966944,0.029485,0.001309,0.554992
06-26-24,8247.799805,8302,8205,8225.299805,1093912900,8224.244946,8219.761963,7766.004504,-8.155703,10.523005,0.216102,TRUE,TRUE,453.757458,6.154767,-11.033492,16.182591,49.617186,-1.852124,0.332813,1.93423,3.886275,6.856769,9.663353,57.640831,0.515693,0.952029,4532.238302,0.574954,0.001211,0.000742,1.011327,1.158565,-3.709983,1.064413,37682151400,7.83459,10773078192.16193,0.091213,40.451067,4.628712,1.825669,100.266971,0.06245,1.711203,0.027231,0.001211,0.023275
06-27-24,8225.299805,8232.900391,8179.700195,8179.700195,754106600,8221.674976,8226.947969,7769.265505,-8.336037,10.415892,0.244121,FALSE,TRUE,457.682463,5.757413,-11.956381,16.046972,45.224797,-10.311057,-3.722037,-1.696496,3.135799,5.886087,9.475755,34.256475,-0.624454,0.927996,4635.86721,0.579296,0.001095,0.000597,1.057012,0.997187,-3.709983,0.742121,36928044800,-23.472148,10018971592.16193,0.012401,40.544445,3.005185,0.911616,99.049183,0.056561,1.538026,0.024443,0.001095,-0.905435
06-28-24,8179.700195,8237.400391,8162.700195,8164.100098,819548300,8216.109961,8233.269971,7772.456006,-8.305677,10.290109,0.272454,FALSE,TRUE,460.813965,5.32479,-11.747547,16.195147,43.796371,-8.131614,-8.10095,-4.860328,2.926123,5.715616,8.399391,26.256445,-1.344954,0.940968,4625.015601,0.58014,0.001065,0.000563,1.109818,0.895542,-3.709983,0.866763,36108496500,-63.281995,9230140416.292242,-0.090348,40.05661,4.046392,0.730408,99.159467,0.052793,1.433411,0.023732,0.001065,-1.124534
07-01-24,8164.100098,8225.099609,8164.100098,8166.799805,,8211.309961,8239.063965,7774.924504,-8.08394,10.142347,0.301085,FALSE,TRUE,464.13946,4.949249,4.040849,16.332738,44.125276,-5.49191,-11.224043,-6.386736,2.693455,5.606988,8.495742,27.640906,-1.161834,0.865526,4613.09416,0.577304,0.000564,0.000313,1.08743,0.692802,-3.594682,0,36108496500,-100,9230140416.292242,-0.038653,43.649499,102.693455,105.606988,,0.045228,1.233826,0.017685,0.000564,-0.964866
07-02-24,8166.799805,8166.799805,8106.799805,8121.200195,757009000,8205.769971,8243.569971,7776.973506,-7.72429,9.972873,0.329986,FALSE,TRUE,466.596465,4.378686,-21.044476,17.331594,39.880138,-5.344659,-17.180577,-9.874616,2.345277,5.176458,7.998989,7.16079,-1.345965,0.83925,5000.582808,0.571875,0.000761,0.000593,1.185305,0.816353,-3.843326,0.867922,35351487500,-32.87114,8836505593.180264,-0.062347,34.706982,2.84123,-0.225405,98.340798,0.06069,1.673468,0.024342,0.000761,-1.691198
07-03-24,8121.200195,8178,8121.200195,8171.100098,859717100,8201.974976,8246.513975,7779.564507,-7.259339,9.785992,0.359166,FALSE,TRUE,466.949468,3.933001,1.658436,17.976134,46.002276,2.205905,-17.670968,-8.292006,2.944292,6.362682,9.795622,31.974195,-0.920333,0.824247,4959.049093,0.574705,0.000838,0.000711,1.177856,0.907242,-3.843326,0.986772,36211204600,-2.200129,9487350001.948725,-0.008551,41.832082,2.149178,-0.636272,97.59043,0.064489,1.769641,0.026657,0.000838,-0.622597
07-04-24,8171.100098,8258,8171,8241.299805,559314100,8199.774976,8250.443975,7782.470005,-6.667268,9.586711,0.388628,FALSE,TRUE,467.97397,3.575004,18.895204,16.864131,53.219502,9.094226,-12.253822,-2.299888,3.327523,6.709737,13.196893,66.881953,-0.531061,0.836033,4658.423839,0.583719,0.001014,0.001009,1.102405,1.332279,-3.843326,0.653155,36770518700,-34.782323,9831936407.442169,-0.034159,47.50411,2.201132,-0.023092,98.45815,0.081805,2.211206,0.031769,0.001014,0.891392
07-05-24,8241.299805,8279.799805,8182.700195,8203.900391,1000832900,8197.699976,8253.713984,7784.831006,-6.001208,9.373736,0.418351,FALSE,TRUE,468.882979,3.18341,11.591313,15.872938,49.429048,9.54891,-10.853404,-0.719576,3.69982,6.688258,13.049656,48.284586,-0.503311,0.866574,4535.297942,0.586427,0.000902,0.000792,1.037204,0.971276,-3.843326,1.153866,35769685800,28.329959,9268136222.439655,-0.057731,39.789355,4.276243,1.015634,98.716685,0.06786,1.824448,0.028134,0.000902,0.136715
07-08-24,8203.900391,8232.799805,8175.299805,8193.5,704970200,8195.949976,8256.005986,7787.405505,-5.318332,9.150242,0.448326,FALSE,TRUE,468.600481,2.697889,0.445747,14.813531,48.396747,2.394471,-10.462185,-0.262686,3.147227,6.489301,12.644013,43.112851,-0.425351,0.867412,4477.352977,0.582918,0.000949,0.000886,1.035232,1.132808,-3.843326,0.810384,35064715600,7.788252,9009447599.117645,-0.089495,33.54654,3.574575,1.314548,98.443933,0.073923,2.000239,0.02977,0.000949,-0.054719
07-09-24,8193.5,8217.099609,8132.5,8139.799805,1039860100,8195.549976,8256.005986,7789.685005,-4.661028,8.911938,0.478504,FALSE,TRUE,466.320981,2.231042,-12.239933,14.441057,43.36131,-9.858193,-14.320224,-3.29658,2.583556,5.931804,11.772054,16.409699,-0.098186,0.905076,4525.943527,0.579233,0.00072,0.000516,1.10461,0.426756,-3.843326,1.200684,34024855500,-6.917847,8149039288.278444,-0.104049,26.855534,3.717979,0.550287,98.062958,0.046204,1.256813,0.022717,0.00072,-1.231791
07-10-24,8139.799805,8194.900391,8138.200195,8193.5,685247000,8194.449976,8256.935986,7792.532505,-4.015678,8.661038,0.508954,FALSE,TRUE,464.403481,1.793199,-15.198216,14.095187,49.068144,-0.360904,-12.895935,-1.497832,2.917899,7.079383,10.482597,43.112851,-0.267787,0.888509,4501.57353,0.582304,0.000934,0.000861,1.140235,0.895305,-3.843326,0.8204,34710102500,-47.336689,8800437605.06596,-0.10155,25.311955,1.823875,0.215944,97.250144,0.064769,1.753797,0.029343,0.000934,-0.021103
07-11-24,8193.5,8231.799805,8190.799805,8223.299805,582695700,8197.429956,8258.51998,7795.520503,-3.393197,8.394312,0.539721,FALSE,TRUE,462.999478,1.145604,-2.79729,13.148509,51.96082,3.564073,-9.255884,1.713775,3.779752,8.535487,10.525249,57.931209,0.730056,0.838731,4484.538939,0.529264,0.001272,0.001951,1.146936,2.077446,-3.843326,0.708294,35292798200,-30.164824,9141527770.919619,-0.055938,33.773632,1.482447,0.510031,96.915906,0.103569,3.099428,0.04417,0.001272,0.576868
07-12-24,8223.299805,8276.299805,8223.299805,8252.900391,517847100,8202.72998,8261.153984,7798.819004,-2.79379,8.112964,0.570835,FALSE,TRUE,462.33498,0.570926,-5.734121,13.049255,54.712275,11.350966,-3.937211,5.625958,3.218024,8.23618,11.006648,74.846537,1.301114,0.803267,4482.301315,0.529325,0.00128,0.001975,0.849061,2.080722,-3.843326,0.640648,35810645300,-35.671312,9202117560.958681,-0.055242,31.301035,-0.608848,-0.186693,96.696777,0.103706,3.103195,0.044436,0.00128,1.1193
07-15-24,8252.900391,8252.900391,8174.600098,8183,549833100,8204.769971,8261.36998,7801.724504,-2.283124,7.814759,0.602237,FALSE,TRUE,459.645476,-0.091522,-12.076007,12.194103,47.756251,-1.311892,-5.301391,3.409422,2.730525,7.743355,10.485527,39.036946,0.501091,0.836141,4280.625488,0.5414,0.001048,0.001261,0.878562,1.439204,-3.843326,0.692418,35260812200,-34.12311,8770254500.922762,-0.064589,32.297647,-2.186084,-0.755016,95.54303,0.081926,2.392063,0.03551,0.001048,-0.50857
07-16-24,8183,8183,8126.100098,8164.899902,565898400,8203.449976,8260.397979,7804.508503,-1.897492,7.502551,0.633933,FALSE,TRUE,455.889475,-0.768777,-11.349105,12.174974,46.121086,-5.839734,-7.753661,0.765722,4.405146,8.025616,9.541566,33.583871,-0.322292,0.802914,4364.236409,0.542154,0.000947,0.001026,0.919291,1.212791,-3.843326,0.721326,34694913800,-25.238612,8976123590.445721,-0.085974,34.145207,-2.191637,-2.12277,94.343521,0.07365,2.14633,0.03203,0.000947,-0.883318
07-17-24,8164.899902,8204.299805,8132,8187.5,746457300,8202.569995,8257.873975,7807.892502,-1.629161,7.177671,0.665893,FALSE,TRUE,449.981472,-1.206982,1.531776,11.762972,48.492545,-6.21973,-7.783738,0.588517,4.325943,9.95394,7.897786,46.647512,-0.214496,0.81736,4378.45539,0.50278,0.000676,0.00061,0.913104,0.600364,-3.843326,0.948517,35441371100,7.019244,9375682668.47233,-0.09066,42.11891,-1.652206,-0.901638,95.070016,0.049575,1.558779,0.02469,0.000676,-0.344185
07-18-24,8187.5,8267.799805,8187.5,8204.900391,541507400,8199.190015,8254.88999,7811.566003,-1.438732,6.841398,0.698131,FALSE,TRUE,443.323987,-1.59033,7.984394,11.503969,50.306111,2.549859,-6.330533,1.633377,4.161434,9.998529,7.308305,56.705541,-0.817161,0.820501,4059.517462,0.502454,0.000657,0.000575,0.880469,0.575507,-3.843326,0.705407,35982878500,-41.643262,9068856792.866993,-0.173366,49.36045,-1.008726,0.032919,95.770862,0.048695,1.532059,0.023988,0.000657,0.140666
07-19-24,8150.100098,8184.299805,8135.100098,8155.700195,665426100,8195.090015,8250.375986,7815.282004,-1.341682,6.494078,0.730656,FALSE,TRUE,435.093982,-2.070688,-1.990958,10.937636,45.434816,-0.68627,-9.044641,-0.864585,3.290319,9.297904,6.419875,28.266122,-0.995423,0.833159,4064.190617,0.508969,0.000561,0.000408,0.892503,0.28486,-3.843326,0.937268,35317452400,-63.421996,8960663386.724735,-0.201302,46.012423,-1.153922,0.252523,95.279718,0.038968,1.20929,0.020207,0.000561,-0.969192
07-22-24,8155.700195,8240.400391,8155.700195,8198.799805,782317000,8190.950024,8245.675986,7819.018503,-1.288339,6.139676,0.763566,FALSE,TRUE,426.657483,-2.421544,13.981887,10.722312,50.002183,1.509638,-7.629861,0.440156,2.179737,9.496903,6.774669,48.927995,-0.999804,0.850298,3522.154573,0.509759,0.000589,0.000448,0.803341,0.310177,-3.843326,1.110782,36099769400,-12.659595,8974508827.272161,-0.228569,53.852185,-2.674128,-0.439956,95.036233,0.03991,1.236624,0.021176,0.000589,0.222869
07-23-24,8198.799805,8228.099609,8151.5,8167.399902,882774300,8186.930029,8240.723984,7822.382502,-1.250102,5.781412,0.79681,FALSE,TRUE,418.341482,-2.727318,-0.68969,10.45398,46.920735,-3.385375,-8.9393,-0.695427,1.523967,9.106693,6.18321,26.870451,-0.974804,0.870883,3290.344079,0.503328,0.000384,0.000195,0.807372,-0.283419,-3.843326,1.251339,35216995100,2.722182,8458212248.923656,-0.209147,45.000742,-2.280986,0.060003,95.029082,0.019626,0.615424,0.013978,0.000384,-0.593559
07-24-24,8167.399902,8170.700195,8112,8153.700195,614501800,8183.350049,8235.235996,7825.690002,-1.176752,5.420415,0.830369,FALSE,TRUE,409.545994,-3.044881,-18.249881,9.839605,45.600347,0.165532,-10.956196,-2.169858,1.409138,8.315953,6.210844,24.851158,-0.87048,0.847555,3240.02509,0.503711,0.000345,0.000158,0.868124,-0.417769,-3.843326,0.901699,34602493300,-43.825345,8716785740.869953,-0.150867,39.09043,-2.416805,0.097572,95.506607,0.015082,0.472478,0.012558,0.000345,-0.915112
07-25-24,8153.700195,8187.5,8056,8186.399902,1025703700,8183.685034,8230.047998,7828.481001,-1.077699,5.057746,0.864166,FALSE,TRUE,401.566997,-3.314126,-3.681978,10.052872,49.269952,-0.73223,-9.803005,-0.813333,1.330627,8.721459,6.416391,59.192019,0.081907,0.874185,3239.516271,0.506297,0.000418,0.000229,0.880248,-0.187463,-3.843326,1.475678,35628197000,36.015744,9725327855.525818,-0.021123,39.030792,-2.433828,0.903527,95.91761,0.022848,0.712286,0.01512,0.000418,0.083805
07-26-24,8186.399902,8290.299805,8181.200195,8285.700195,659245500,8189.765039,8226.987998,7831.809502,-0.92253,4.702096,0.898296,TRUE,TRUE,395.178496,-3.461746,16.341723,9.877457,58.438591,11.517855,-0.866401,6.498616,1.792432,8.521173,7.686215,98.03687,1.489449,0.908191,3921.84697,0.528018,0.000731,0.000644,1.214635,0.568938,-3.843326,0.95952,36287442500,-19.559897,10328986139.41024,0.079967,45.93751,-2.473354,-0.173736,96.238131,0.049657,1.48495,0.025384,0.000731,2.446173
07-29-24,8285.700195,8368.400391,8285.700195,8292.400391,780780900,8196.045068,8224.43001,7835.047505,-0.713818,4.355283,0.932755,TRUE,TRUE,389.382505,-3.521084,29.505074,10.565957,58.977338,13.376991,6.679573,11.235673,1.784711,8.643078,7.701905,75.672246,1.537941,0.905821,4498.041503,0.522293,0.000622,0.000477,1.191162,0.298022,-3.843326,1.075312,37068223400,,9674719681.280701,0.030614,55.352465,-2.298017,0.642778,96.427587,0.039864,1.204863,0.021835,0.000622,2.142162
07-30-24,8292.400391,8297.900391,8235.599609,8274.400391,706783100,8203.705078,8221.434014,7838.421506,-0.460197,4.016579,0.967508,TRUE,TRUE,383.012507,-3.54661,16.801709,10.506775,56.84547,7.575517,11.079644,12.508594,1.599935,7.932126,7.932126,69.910409,1.886423,0.912626,4460.69404,0.519367,0.000478,0.000284,1.149186,-0.068321,-3.843326,0.976779,36361440300,-6.634782,9848302313.589937,0.069915,48.085792,-4.047792,-0.279038,95.912556,0.026923,0.817897,0.016847,0.000478,1.58485
07-31-24,8274.400391,8399.900391,8274.400391,8368,839006300,8213.550073,8220.464014,7842.108506,-0.12275,3.691446,1.002611,TRUE,TRUE,378.355508,-3.252247,26.53585,11.432509,64.11038,5.671789,21.867364,18.637052,3.038957,9.663721,10.664408,90.723945,2.409711,0.974546,5703.049117,0.515988,0.000434,0.000237,1.921617,-0.114275,-3.843326,1.161174,37200446600,-2.409025,10260780666.070639,0.053521,49.50364,-3.827617,-0.883758,95.86222,0.025248,0.772061,0.0154,0.000434,2.708199
08-01-24,8368,8405.200195,8268.099609,8283.400391,911054200,8215.655103,8218.726025,7845.149507,0.192627,3.378905,1.03804,TRUE,TRUE,373.576519,-3.031117,5.080795,12.203774,55.084094,-3.893244,23.321394,16.072866,1.360713,8.674663,10.017003,65.12035,0.510849,1.05702,5885.64077,0.528724,0.000262,0.000082,1.905382,-0.86059,-3.843326,1.230926,36289392400,62.887758,9553078492.989742,-0.018838,42.507282,-3.291662,0.262892,96.462694,-0.001135,-0.033803,0.009076,0.000262,1.151027
08-02-24,8283.400391,8283.400391,8158,8174.700195,1234144400,8214.195093,8215.436025,7848.083008,0.430504,3.074846,1.073634,FALSE,TRUE,367.353018,-2.937981,-1.298672,11.535167,46.102527,-10.742942,15.52358,6.620041,-0.472391,7.342922,8.06806,33.992019,-0.355931,1.112231,5952.175914,0.552681,0.000101,0.000011,1.913768,-1.607923,-3.843326,1.64158,35055248000,23.311734,8647648420.291355,-0.041267,39.857162,-2.354439,1.098982,97.199507,-0.029941,-0.851845,0.003325,0.000101,-0.663537
08-05-24,8174.700195,8174.700195,7915.899902,8008.200195,1648338500,8204.930103,8209.248037,7850.626509,0.483587,2.769146,1.109241,FALSE,TRUE,358.621528,-3.017498,-19.898388,12.513904,36.330833,-27.779546,-4.044777,-10.358652,-3.674657,5.192506,6.005695,18.863731,-2.261546,1.315439,7525.492341,0.602929,0.006636,0.059111,2.135948,-2.64203,-5.181269,2.063077,33406909500,133.816763,8175059180.204604,-0.052216,36.374607,96.325343,105.192506,,-0.041872,-1.123113,0.243128,0.006636,-2.61418
08-06-24,8008.200195,8058.299805,7949.899902,8026.700195,1282405500,8199.275122,8204.698037,7853.749509,0.436065,2.463048,1.144833,FALSE,TRUE,350.948528,-3.0749,-20.525903,13.422731,37.905683,-17.178411,-17.854232,-19.334487,-3.919027,4.500719,6.633104,22.644641,-1.389464,1.344532,8413.24565,0.60401,0.006667,0.059679,2.327695,-2.438472,-5.181269,1.581073,34689315000,23.324811,8709797717.704098,0.034568,28.968068,-3.284224,-1.13769,96.555483,-0.038566,-1.026166,0.244294,0.006667,-2.051229
08-07-24,8026.700195,8177,8026.700195,8166.899902,816442600,8197.945117,8204.374033,7857.71001,0.346572,2.165796,1.180458,FALSE,TRUE,346.664023,-2.858685,-4.193395,13.064418,48.335212,2.232685,-17.286117,-15.013097,-2.559244,7.053535,7.639083,51.297742,-0.324649,1.382674,8443.825494,0.647734,0.006952,0.056338,2.357825,-1.624004,-5.181269,0.998513,35505757600,19.145739,9416510966.985807,0.037673,30.442806,-1.250416,1.639182,98.389442,-0.009141,-0.226244,0.237356,0.006952,-0.367668
08-08-24,8166.899902,8166.899902,8064.299805,8145,755462800,8194.030127,8202.652041,7861.486509,0.242948,1.878101,1.216073,FALSE,TRUE,341.165532,-2.633856,-1.217455,12.731699,47.007037,10.676203,-18.391021,-12.894401,-3.424314,7.234547,6.909405,46.821983,-0.95217,1.415155,8501.403641,0.647417,0.006847,0.054716,2.367879,-1.820208,-5.181269,0.914276,34750294800,29.649627,9849468000.962727,0.042838,36.042259,-3.981502,0.111295,96.560243,-0.018271,-0.451996,0.233914,0.006847,-0.57673
08-09-24,8145,8203.5,8144.399902,8168.100098,873989200,8189.790112,8200.506035,7865.25551,0.16755,1.602503,1.251709,FALSE,TRUE,335.250525,-2.366476,-3.57431,12.067671,48.611086,10.705402,-17.204359,-9.366191,-2.934045,7.863878,8.557719,51.54303,-1.027521,1.388766,8403.240144,0.648908,0.006918,0.055614,2.392161,-1.666118,-5.181269,1.035405,35624284000,68.773601,9676449376.730467,0.028097,36.479812,-4.175874,0.729858,96.463641,-0.011487,-0.283673,0.235827,0.006918,-0.258115
08-12-24,8168.100098,8223.5,8168.100098,8210.299805,1655696200,8191.155103,8199.456035,7869.534009,0.163319,1.341464,1.287367,TRUE,TRUE,329.922026,-2.046066,4.932731,11.256938,51.499289,3.164077,-12.712219,-3.899241,-2.58421,8.405398,9.36567,60.16753,0.333616,1.363185,8413.79579,0.652647,0.007064,0.05733,2.359161,-1.358739,-5.181269,1.840896,37279980200,201.127051,10543136488.499475,0.09856,46.457253,-4.154019,1.155854,96.677484,0.002223,0.054623,0.239437,0.007064,0.227539
08-13-24,8210.299805,8244.400391,8188,8235.200195,532750100,8194.670117,8199.520039,7874.253511,0.208935,1.097248,1.323003,TRUE,TRUE,325.266528,-1.666554,9.251908,10.608256,53.171719,6.164683,-7.061511,1.401174,-2.493543,9.622891,11.44311,65.25651,0.861006,1.357068,8445.124764,0.654064,0.010875,0.091951,2.297189,-1.251851,-5.181269,0.593435,37812730300,-5.857642,10902079105.308701,0.107267,50.619257,-4.926166,-1.209572,96.068644,0.007417,0.185319,0.303234,0.010875,0.479923
08-14-24,8235.200195,8288.700195,8230.700195,8281.099609,610726800,8199.350098,8200.202031,7879.022009,0.320717,0.865875,1.358605,TRUE,TRUE,321.180022,-1.214346,10.591634,10.435828,56.17184,7.560755,1.107647,7.656265,-1.867593,9.416782,12.562353,74.637132,1.143201,1.286149,8659.915325,0.658476,0.010988,0.092675,2.240024,-0.982792,-5.181269,0.685476,38423457100,-18.183291,11352741025.041998,0.110952,56.78987,-4.864655,-0.316767,96.017941,0.017165,0.429962,0.304426,0.010988,0.943999
08-15-24,8281.099609,8367,8277.099609,8347.400391,863763000,8206.475098,8201.444043,7884.15051,0.485757,0.648809,1.394197,TRUE,TRUE,317.293533,-0.724229,7.16528,10.96319,60.143948,8.644659,12.784312,15.466344,-0.865758,9.870357,14.188397,88.187253,1.736767,1.259505,9272.529449,0.663304,0.01126,0.096014,2.225521,-0.437337,-5.181269,0.952261,39287220100,59.51084,11839877910.853117,0.152746,57.475135,-4.466846,0.387401,95.517171,0.041024,1.022188,0.309861,0.01126,1.519815
08-16-24,8347.400391,8350.400391,8292,8311.400391,515420800,8214.260107,8202.764043,7888.995513,0.686321,0.445491,1.429749,TRUE,TRUE,313.76853,-0.344567,2.133874,11.452882,57.117022,3.945302,18.915212,17.277795,-1.338997,7.776498,14.444268,80.829808,1.909097,1.244077,9475.195412,0.663912,0.011233,0.095399,2.219757,-0.460737,-5.181269,0.572966,38771799300,-22.542744,11666898822.260763,0.150419,52.658165,,-1.631915,95.023957,0.039767,0.989595,0.308867,0.011233,1.025206
08-19-24,8311.400391,8374,8286.5,8356.900391,637975500,8222.165137,8205.332051,7893.547515,0.905617,0.257876,1.465299,TRUE,TRUE,311.784536,0.074619,8.987913,12.115108,59.866265,3.694424,27.132695,20.396223,-0.708128,8.130949,15.143716,90.128801,1.928338,1.258842,9985.20387,0.666806,0.011387,0.0972,2.199821,-0.138748,-5.181269,0.71494,39409774800,-18.450513,12055522737.327728,0.172635,57.842469,-4.663707,,95.299791,0.054231,1.345186,0.31177,0.011387,1.349349
08-20-24,8356.900391,8356.900391,8270.700195,8273.299805,492210300,8227.460132,8207.842051,7897.825513,1.090143,0.082152,1.500838,TRUE,TRUE,310.016538,0.247114,-10.430681,12.515711,53.126813,-7.017135,26.592696,15.88498,-1.158859,7.1782,13.788029,73.043059,1.296617,1.237632,9960.261753,0.672168,0.011347,0.094956,2.114295,-0.231379,-5.181269,0.563931,38917564500,-44.242792,11593000409.743866,0.179578,52.781338,-5.132749,-2.139094,94.696265,0.049976,1.228022,0.308149,0.011347,0.460226
08-21-24,8273.299805,8295.900391,8263,8283.400391,825049200,8233.945142,8209.200059,7902.153516,1.249839,-0.081912,1.536347,TRUE,TRUE,307.046543,0.314597,0,12.779422,53.803478,-3.313544,26.672315,12.771678,-0.669127,8.103105,13.153478,80.222748,1.590691,1.14627,9876.623763,0.662579,0.011436,0.099399,2.114295,0.157982,-5.181269,0.934003,39742613700,34.263105,11791119971.275478,0.174016,53.159388,-5.622863,-1.894871,94.515348,0.066838,1.67098,0.315276,0.011436,0.50073
08-22-24,8283.400391,8318.599609,8277,8288,797295800,8239.025146,8211.686055,7906.543516,1.411312,-0.232968,1.57181,TRUE,TRUE,305.142539,0.465402,15.535402,13.259354,54.128231,-5.738033,26.797657,10.317616,-0.355867,7.853471,13.014071,81.22681,1.241084,1.073412,9880.493094,0.65845,0.011321,0.098578,2.044325,-0.054407,-5.181269,0.914407,40539909500,-22.268409,11415474947.894098,0.09692,61.575569,-4.5436,-1.024783,94.810415,0.057546,1.446967,0.313971,0.011321,0.495672
08-23-24,8288,8331.900391,8288,8327.799805,615482100,8241.130127,8215.304053,7911.174014,1.615638,-0.369086,1.607267,TRUE,TRUE,304.130039,0.753376,53.036724,13.844062,56.94842,3.821607,29.765386,10.628276,0.891663,8.06483,13.479406,89.106299,0.5081,0.88396,10028.89599,0.657709,0.011307,0.098554,1.7159,-0.077801,-5.181269,0.707663,41155391600,-6.638407,11915976875.366625,0.091234,72.498712,-4.776589,-1.249102,94.351265,0.056509,1.422485,0.313932,0.011307,0.8642
08-27-24,8327.799805,8400.400391,8327.799805,8345.5,785508100,8243.785107,8219.370049,7915.623013,1.879811,-0.491275,1.642732,TRUE,TRUE,303.747036,1.046099,52.974309,15.050592,58.179823,4.376345,33.163304,11.220956,1.984577,8.60456,11.795044,85.308975,0.640341,0.851445,10239.83671,0.657845,0.01136,0.099481,1.352954,0.068936,-5.181269,0.902909,41940899700,0.605445,11513486256.837645,0.105679,82.903957,-5.342211,-1.141666,94.672312,0.062869,1.583195,0.315406,0.01136,0.993325
08-28-24,8345.5,8362.700195,8322.299805,8343.900391,624469700,8247.260107,8222.422061,7920.539514,2.242784,-0.596416,1.678183,TRUE,TRUE,301.882546,1.2794,38.212484,16.076414,58.018314,3.890083,35.319957,10.702087,1.370422,8.602114,11.643499,83.189556,0.83994,0.757528,10464.661032,0.655859,0.011411,0.101001,1.209541,0.211781,-5.181269,0.721214,41316430000,-11.646204,11556777992.385143,0.098658,76.672884,-4.468742,-0.908807,95.033096,0.069104,1.747206,0.317806,0.011411,0.923492
08-29-24,8343.900391,8392.400391,8336.599609,8379.599609,613890100,8247.840088,8225.912061,7925.308513,2.703993,-0.684141,1.713631,TRUE,TRUE,300.603547,1.59043,49.182308,17.30927,60.644126,3.695706,39.454937,11.869654,1.259144,9.896388,12.642652,91.87471,0.138619,0.714408,10538.05741,0.657624,0.011458,0.101294,1.21121,0.310036,-5.181269,0.718333,41930320100,-26.831288,11889013509.578003,0.095262,76.403127,-3.989332,-0.38771,95.005012,0.073532,1.854506,0.318267,0.011458,1.250321
08-30-24,8379.599609,8414.400391,8363.700195,8376.599609,1081528600,8252.500049,8227.994053,7929.989011,3.213447,-0.753867,1.749052,TRUE,TRUE,298.005042,1.954089,45.633521,18.656271,60.302785,2.122962,42.005649,11.536292,1.377255,9.785054,12.219166,84.652563,1.125132,0.707501,10903.317145,0.655173,0.011363,0.100356,1.006025,0.109198,-5.181269,1.253035,40848791500,18.711774,11357821457.42938,0.104547,76.917075,-5.138984,-0.382819,94.486863,0.064548,1.633052,0.316791,0.011363,1.138182
09-02-24,8376.599609,8380.099609,8353.200195,8363.799805,510920500,8261.955029,8230.516045,7934.373511,3.779513,-0.807109,1.784435,TRUE,TRUE,296.142534,2.224064,35.906433,19.699302,58.782536,0.764222,42.504306,9.627959,1.601067,8.868204,12.223594,77.649956,2.31323,0.684244,11012.51208,0.652272,0.008385,0.081249,0.850329,0.243038,-5.181269,0.617825,40337871000,-58.601238,11249553424.81003,0.157316,68.802379,101.601067,108.868204,,0.074639,1.877221,0.285042,0.008385,0.92481
09-03-24,8363.799805,8381,8286.599609,8298.5,1022494600,8276.47002,8230.854053,7938.811011,4.334828,-0.844735,1.819732,TRUE,TRUE,292.043042,2.351766,13.528507,19.455841,51.631265,-9.01286,37.20151,3.460131,0.62447,8.614848,11.570472,36.907857,3.625032,0.722336,9266.624398,0.659916,0.008438,0.082377,0.760169,0.009381,-5.181269,1.285067,39315376400,-37.968166,10484856172.286909,0.145147,60.129931,-4.831736,0.112275,94.461981,0.07984,1.993856,0.287014,0.008438,0.237735
09-04-24,8298.5,8298.5,8219.299805,8269.599609,724921200,8288.61499,8231.290049,7942.63751,4.866774,-0.87103,1.854867,TRUE,TRUE,288.652539,2.29142,-2.550452,18.218861,48.801536,-11.501249,30.317505,-2.739099,-0.189495,8.153062,11.35858,25.781473,3.026143,0.743172,7176.931387,0.648676,0.00852,0.087172,0.776046,0.267513,-5.181269,0.944154,38590455200,-43.471765,10680725498.874744,0.128349,53.46239,-5.331183,-0.184072,94.133007,0.091236,2.327006,0.295249,0.00852,-0.264951
09-05-24,8269.599609,8285.599609,8241.700195,8241.700195,738779600,8292.355005,8231.618057,7946.364011,5.296803,-0.885435,1.88975,TRUE,TRUE,285.254045,2.293315,-25.62435,17.070237,46.170809,-12.611727,22.352961,-8.562914,-0.044876,7.323589,10.750232,11.481457,0.915896,0.70582,6687.479859,0.641626,0.008306,0.084577,0.886083,-0.211287,-5.181269,0.967094,37851675600,-9.512365,9941945898.874744,0.034391,45.509568,-5.891668,-0.566444,94.003509,0.069719,1.794257,0.290821,0.008306,-0.757457
09-06-24,8241.700195,8260.700195,8168.399902,8181.5,704014000,8294.180005,8231.654053,7949.861511,5.549118,-0.883296,1.924376,FALSE,TRUE,281.792542,2.10727,-29.745964,16.670313,41.031055,-10.60021,11.055905,-15.887977,-0.571186,6.356841,9.404667,5.325232,0.448128,0.74061,6302.934036,0.643437,0.008279,0.083532,1.066317,-0.251779,-5.181269,0.924699,37147661600,-6.810236,9437772047.908501,-0.027037,44.709016,-5.41037,0.301491,94.044001,0.067761,1.737585,0.289019,0.008279,-1.787739
09-09-24,8181.5,8274.700195,8181.5,8270.799805,626820000,8299.31499,8233.788047,7953.86801,5.657241,-0.861105,1.958782,TRUE,TRUE,279.920037,2.038153,-17.918993,16.086556,49.934372,1.132836,9.202572,-14.193047,1.50961,7.978114,10.322932,41.625894,1.257327,0.737537,5600.957928,0.657845,0.008551,0.085325,1.11902,0.27548,-5.181269,0.836892,37774481600,-28.280578,10012127718.979469,0.022409,44.608378,-5.528751,0.381417,93.878372,0.091689,2.302269,0.292105,0.008551,-0.509113
09-10-24,8270.799805,8271.099609,8195.099609,8206,815663300,8299.1,8234.572051,7957.48001,5.619146,-0.822929,1.992897,FALSE,TRUE,277.092041,1.847956,-14.576578,15.544497,44.664514,-1.506296,2.476443,-16.735341,-0.115635,6.999424,9.013617,15.284562,-0.052371,0.734482,5637.629502,0.666056,0.008431,0.080721,1.201593,-0.016219,-5.181269,1.153722,36958818300,-50.735932,9430439381.834116,-0.078693,43.264724,-6.496334,-0.098271,93.435761,0.078367,1.936439,0.284114,0.008431,-1.651403
09-11-24,8206,8232.799805,8170,8193.900391,867081200,8297.03501,8236.026055,7961.008511,5.444728,-0.769866,2.026683,FALSE,TRUE,275.017544,1.717597,-19.301386,15.384622,43.736351,2.705296,-3.786748,-18.398826,0.369933,5.757771,8.874573,10.366032,-0.501503,0.761631,5950.936912,0.661864,0.008288,0.078979,1.304023,-0.316318,-5.181269,1.198121,36091737100,62.755709,9223346839.019182,-0.115982,43.127482,-8.298383,-1.867098,92.478424,0.06435,1.598111,0.281032,0.008288,-1.733082
09-12-24,8193.900391,8301.400391,8193.900391,8241,1071633400,8295.030029,8237.424053,7964.91001,5.161631,-0.70558,2.060188,TRUE,TRUE,272.514043,1.687697,-9.284918,14.419429,48.244982,-1.68939,-4.89342,-15.604398,1.155042,6.031752,7.401179,29.512176,-0.48423,0.814397,6073.736457,0.665657,0.008378,0.079841,1.345561,-0.153008,-5.181269,1.435071,37163370500,75.46854,9090755569.869473,-0.151456,44.53894,-8.888033,-2.039774,92.044952,0.071713,1.771805,0.282562,0.008378,-0.889568
09-13-24,8241,8287.900391,8230.799805,8273.099609,535984000,8291.31499,8238.060049,7968.999507,4.794081,-0.629299,2.093378,TRUE,TRUE,269.060542,1.822661,-10.973022,13.523178,51.119841,6.455328,-3.144052,-11.084024,1.607666,6.843416,7.284017,42.560772,-0.890107,0.822634,5962.769576,0.659029,0.008297,0.079888,1.377904,-0.327952,-5.181269,0.733866,37699354500,-37.947794,9348879656.271278,-0.170533,44.109029,-8.975042,-2.275803,92.093585,0.063724,1.590396,0.282645,0.008297,-0.305485
09-16-24,8273.099609,8290,8247.900391,8278.400391,451756300,8289.66499,8239.550049,7973.274009,4.398303,-0.540315,2.126243,TRUE,TRUE,266.27604,1.907299,-13.80373,12.724116,51.597978,7.861628,-1.31478,-7.403802,1.06333,7.130477,8.173379,44.715557,-0.397045,0.79579,5949.909044,0.656724,0.00838,0.082183,1.411017,-0.133815,-5.181269,0.621249,38151110800,-12.351946,9551693189.794823,-0.14544,42.272059,-10.165207,-2.659687,91.589432,0.07255,1.820263,0.286676,0.00838,-0.189324
09-17-24,8278.400391,8351.700195,8278.400391,8309.900391,746474800,8287.31499,8241.878057,7977.554512,3.980378,-0.438879,2.158761,TRUE,TRUE,264.323545,2.115721,-6.589172,12.890814,54.449449,6.204466,2.646213,-2.754247,1.277264,7.604955,8.481504,57.52041,-0.562409,0.821052,5760.167937,0.654961,0.008331,0.081607,1.423876,-0.195738,-5.181269,1.018941,38897585600,17.006813,9446801441.761942,-0.178046,48.917676,-10.185912,-2.009533,92.16836,0.069868,1.757113,0.28567,0.008331,0.392096
09-18-24,8309.900391,8310,8245.700195,8253.700195,800042600,8286.33501,8244.156064,7981.176013,3.53409,-0.330727,2.190871,TRUE,TRUE,262.980051,2.173151,-23.466849,12.476882,48.912882,-2.206959,1.236193,-3.331414,-0.227257,6.660383,6.751426,34.674847,-0.236902,0.833998,5801.78909,0.658751,0.008289,0.079783,1.447923,-0.302319,-5.181269,1.069589,38097543000,62.540808,8845836920.804512,-0.183636,42.296817,-10.911834,-2.458836,91.877636,0.064967,1.62212,0.282459,0.008289,-0.562496
09-19-24,8253.700195,8370.5,8253.700195,8328.700195,861254500,8288.6,8246.860068,7985.254514,3.134019,-0.212797,2.222626,TRUE,TRUE,261.605554,2.315068,-7.871732,12.896622,55.426626,3.828647,6.100295,1.22615,1.104677,7.642106,8.466388,75.399915,0.546875,0.883176,5877.657561,0.667951,0.008529,0.082269,1.319661,0.16983,-5.181269,1.148645,38958797500,4.38826,9090647412.485323,-0.180079,41.027828,-10.917025,-1.806958,91.662153,0.086743,2.139704,0.286827,0.008529,0.682248
09-20-24,8328.700195,8328.700195,8223.799805,8230,1575731600,8285.7,8246.994072,7988.955515,2.690543,-0.089705,2.253933,FALSE,TRUE,258.038557,2.212147,-19.268421,12.774202,46.943826,-7.505622,1.968161,-2.324786,-0.623063,4.407174,7.107069,28.974633,-0.699807,0.961465,6022.083526,0.682006,0.008432,0.076907,1.010955,-0.078333,-5.181269,1.997828,37383065900,97.634504,7701184779.109166,-0.235462,37.266467,-11.147728,-4.876803,90.550874,0.075284,1.811068,0.277322,0.008432,-0.924929
09-23-24,8230,8262.5,8210.099609,8259.700195,653474700,8282.29502,8247.130068,7992.677017,2.161473,0.041264,2.284835,TRUE,TRUE,254.453052,2.12868,-5.889468,12.430001,49.450862,0.53798,1.077552,-2.572316,0.144286,4.145813,8.338145,45.175779,-0.817738,0.921687,5963.756738,0.682938,0.008528,0.078524,1.030371,0.135466,-5.181269,0.826532,38036540600,6.17282,8284827880.283269,-0.229639,38.52777,-10.863205,-5.905786,90.70227,0.085373,2.053521,0.280222,0.008528,-0.378869
09-24-24,8259.700195,8309.799805,8259.5,8282.799805,1018907500,8279.16001,8249.126064,7996.522515,1.567636,0.178806,2.315373,TRUE,TRUE,252.60355,2.082344,2.021472,12.750839,51.375332,-4.051293,2.210206,-1.15173,0.699063,4.612505,8.616909,56.605565,-0.751305,0.894194,5775.855779,0.683749,0.01255,0.11526,1.023421,0.230726,-5.181269,1.269996,39055448100,29.713175,8209874174.621902,-0.205886,46.444372,-10.339028,-5.601198,90.930868,0.087993,2.157793,0.3395,0.01255,0.063017
09-25-24,8282.799805,8319.400391,8243,8268.700195,712916300,8275.4,8251.20207,8000.093516,0.921757,0.320028,2.345548,TRUE,TRUE,251.108555,1.92916,4.224035,12.753921,50.121023,3.177197,1.94767,-1.131413,1.088059,4.257977,8.896117,49.629018,-0.90126,0.923794,5573.447685,0.679954,0.012509,0.11438,1.003256,0.383036,-5.181269,0.883728,38342531800,14.163473,7976591237.791368,-0.221899,46.542074,-9.000094,-5.973966,90.951563,0.083452,2.061814,0.338201,0.012509,-0.120209
09-26-24,8268.700195,8332.900391,8262,8284.900391,835609300,8270.665039,8253.150078,8003.793518,0.175079,0.460536,2.375383,TRUE,TRUE,249.35656,1.878914,17.3724,12.9447,51.583671,2.132809,3.012107,-0.053581,1.479652,4.449072,8.984602,57.306928,-1.130116,0.903538,5016.00638,0.676016,0.012407,0.113786,0.896191,0.22147,-5.181269,1.021777,39178141100,36.117083,7680775279.159375,-0.25729,53.225589,-9.521077,-5.308151,90.654073,0.076089,1.890196,0.337322,0.012407,0.283799
09-27-24,8284.900391,8334.599609,8283.5,8320.799805,801571600,8267.875049,8255.468066,8007.683518,-0.572202,0.599644,2.404856,TRUE,TRUE,247.784548,2.000177,9.228518,13.146455,54.750248,3.374915,6.675512,2.88786,1.885684,4.629929,9.367644,75.211873,-0.666139,0.863499,4527.128092,0.669316,0.012335,0.114749,0.877086,0.055368,-5.181269,0.997225,39979712700,-25.885307,8049406915.103266,-0.205798,53.946377,,-4.746792,91.147052,0.06853,1.720544,0.338746,0.012335,1.169058
09-30-24,8320.799805,8324.599609,8234,8237,831097600,8261.535059,8257.094063,8011.126519,-1.283885,0.731467,2.43394,FALSE,TRUE,245.967544,1.916257,5.527829,12.396965,47.019576,-3.101447,2.784743,-0.802328,1.425895,3.804614,9.670201,33.416459,-1.516055,0.884944,3966.178658,0.679661,0.012217,0.109063,0.837162,-0.160864,-5.181269,1.013767,39148615100,62.666716,7273349128.568245,-0.242507,53.857052,-9.20952,-6.282103,90.154707,0.058438,1.439358,0.330247,0.012217,-0.618607
10-01-24,8237,8291.099609,8226.200195,8276.700195,928541100,8260.445068,8258.65207,8014.26502,-1.781324,0.854801,2.462629,TRUE,TRUE,244.387051,1.877952,14.072041,11.562706,50.579744,-1.003927,2.871651,-0.572335,1.292361,4.274703,10.79623,46.88561,-0.262696,0.882511,3888.437778,0.682139,0.012322,0.110171,0.735918,0.07583,-5.181269,1.139155,40077156200,-9.188655,7789854219.735466,-0.165314,53.546154,-7.91835,-5.804357,90.514611,0.06929,1.701721,0.331921,0.012322,0.418037
10-02-24,8276.700195,8322.599609,8267.599609,8290.900391,804855900,8261.510107,8261.12208,8017.837522,-2.047688,0.970573,2.490903,TRUE,TRUE,243.284558,1.767285,8.982969,11.325695,51.82669,-2.923557,4.039796,0.476647,0.601854,3.949404,11.850258,50.374429,0.257579,0.83577,3943.611539,0.676611,0.01245,0.114439,0.690716,0.399819,-5.181269,0.982598,40882012100,11.026674,7666953638.414443,-0.183966,52.497357,-8.611364,-6.493982,90.694814,0.08391,2.083741,0.338289,0.01245,0.745263
10-03-24,8290.900391,8332.700195,8262,8282.5,918547500,8263.550098,8263.698076,8021.177522,-2.185097,1.077007,2.518746,TRUE,TRUE,242.520554,1.725468,1.767653,11.272822,51.006791,3.987215,4.238854,0.540565,0.958076,4.693344,11.152117,45.137291,0.495041,0.848346,3941.2694,0.671778,0.012285,0.112927,0.683546,0.102963,-5.181269,1.109224,39963464600,24.333089,7281084263.751128,-0.160661,46.326534,-8.738991,-4.371405,90.852444,0.070629,1.764846,0.336046,0.012285,0.480807
10-04-24,8282.5,8300.700195,8234.200195,8280.599609,721509500,8268.505078,8265.58207,8024.39052,-2.179589,1.172435,2.546163,TRUE,TRUE,241.19155,1.726097,0.416203,10.668399,50.810954,0.231211,4.194908,0.397295,1.063033,4.243716,10.487544,43.952511,1.211265,0.869588,3447.445982,0.67028,0.012205,0.111942,0.681914,-0.049425,-5.181269,0.870365,39241955100,2.485107,7566420419.105334,-0.112872,41.609129,-9.344609,-5.692101,90.1119,0.063682,1.593782,0.334578,0.012205,0.350826
10-07-24,8280.599609,8323.400391,8260.099609,8303.599609,645451200,8270.145068,8265.940059,8027.330017,-2.030965,1.2578,2.573172,TRUE,TRUE,238.610042,1.811418,-1.211921,10.511342,53.155162,1.328472,5.94743,1.719853,2.012332,4.647878,10.829922,58.291629,0.396574,0.858578,3535.820325,0.669644,0.012182,0.111696,0.683999,-0.081949,-5.181269,0.777741,39887406300,2.972337,7808071294.168587,-0.13279,41.113464,-8.48187,-4.592853,90.535347,0.062352,1.561759,0.33421,0.012182,0.946161
10-08-24,8303.599609,8303.599609,8184,8190.600098,754710600,8269.375073,8263.904053,8029.809517,-1.852871,1.328368,2.599675,FALSE,TRUE,234.094536,1.590201,-10.941587,10.501292,42.451072,-8.555718,-1.761495,-4.791257,-0.035393,2.881474,7.372642,3.538926,-0.187666,0.918649,3696.000892,0.683955,0.012116,0.105746,0.778664,-0.279016,-5.181269,0.912746,39132695700,-7.472777,7136658017.43306,-0.138705,41.281383,-8.835952,-7.10939,89.352228,0.05336,1.303257,0.325185,0.012116,-2.131357
10-09-24,8190.600098,8244.400391,8188.700195,8243.700195,501110700,8271.865063,8263.290049,8032.540518,-1.627111,1.386363,2.625743,FALSE,TRUE,230.749531,1.424933,-15.320842,10.49196,47.773376,-3.037578,-3.545272,-5.260027,0.24808,4.037209,8.185042,39.641667,0.607767,0.859791,3308.169596,0.688304,0.0123,0.107628,0.743354,0.056971,-5.181269,0.619758,39633806400,-42.207177,7625170005.302338,-0.098829,35.179847,-8.495819,-7.204869,89.344171,0.069041,1.677607,0.328066,0.0123,-0.851373
10-10-24,8243.700195,8272.5,8218.400391,8237.700195,675185500,8271.700073,8260.684053,8035.104019,-1.397517,1.431832,2.651466,FALSE,TRUE,225.580034,1.283755,1.66635,9.937495,47.241723,-5.913439,-5.381048,-5.676643,-0.18418,3.027917,7.755604,35.657593,-0.040041,0.816369,3325.152563,0.687558,0.012243,0.106864,0.734003,-0.077487,-5.181269,0.856034,38958620900,-36.994732,7431723594.673795,-0.10517,44.339858,-8.557803,-9.493026,89.061044,0.06267,1.523646,0.326901,0.012243,-1.022506
10-11-24,8237.700195,8265.700195,8211.900391,8253.700195,519343300,8270.730103,8260.090049,8037.759019,-1.205355,1.467783,2.677004,FALSE,TRUE,222.33103,1.195509,-1.338093,9.540432,48.875618,6.424546,-5.481659,-4.621803,0.863989,3.618106,8.607033,46.28179,-0.234488,0.815997,3349.063908,0.687472,0.012246,0.106989,0.739389,-0.084538,-5.181269,0.659145,39477964200,-3.104701,7719388745.052259,-0.103407,49.745687,-7.893451,-10.486512,88.60866,0.062106,1.510215,0.327092,0.012246,-0.508498
10-14-24,8253.700195,8292.700195,8237.700195,8292.700195,652695500,8271.445093,8262.450049,8040.556519,-0.998077,1.497258,2.702314,TRUE,TRUE,221.89353,1.085095,2.132327,9.071806,52.719296,4.94592,-2.386904,-1.221639,1.56524,6.039337,8.676907,72.178272,0.172736,0.816208,3381.409131,0.685229,0.006924,0.050759,0.73481,0.329159,-5.181269,0.817964,40130659700,44.479557,8372084245.052259,-0.073915,47.953195,101.56524,106.039337,,0.075139,1.778876,0.225298,0.006924,0.628587
10-15-24,8292.700195,8306.200195,8242,8249.299805,836071600,8268.415063,8267.272041,8043.195518,-0.843792,1.51841,2.727582,FALSE,TRUE,224.076523,0.968971,-3.930382,8.890093,48.361818,1.120095,-3.397178,-1.78553,0.754807,5.113402,7.47993,43.359877,-0.729258,0.809938,3288.932394,0.685717,0.006832,0.049805,0.751454,-0.076905,-5.181269,1.041923,39294588100,12.002656,7726141642.481565,-0.107215,47.391593,-7.25893,-9.357556,88.680953,0.066813,1.574099,0.223169,0.006832,-0.5812
10-16-24,8249.299805,8346.599609,8249.299805,8329.099609,983516200,8272.185034,8273.320029,8046.429517,-0.622703,1.537076,2.752818,TRUE,TRUE,226.890513,0.927639,7.932377,9.425294,55.624568,6.74895,2.215808,3.061965,1.51372,5.738146,9.766732,89.237367,0.913523,0.824818,3534.363498,0.694617,0.007082,0.052223,0.825203,0.438414,-5.181269,1.211816,40278104300,22.932979,8355874326.568482,-0.030185,48.138159,-7.651664,-9.071263,89.058053,0.091661,2.135676,0.228524,0.007082,1.61032
10-17-24,8329.099609,8395.599609,8322.099609,8385.099609,910215100,8275.005005,8277.684023,8049.739514,-0.304287,1.558627,2.778115,TRUE,TRUE,227.944509,0.945904,11.138008,10.645231,59.888142,7.168846,11.055432,9.521271,2.812749,6.195617,11.808782,95.037798,0.677169,0.838391,4175.805708,0.698913,0.007235,0.05391,1.416763,0.753732,-5.181269,1.118127,41188319400,5.6848,9006027969.425625,-0.005197,48.696969,-7.122592,-8.625517,89.106648,0.107014,2.481297,0.232186,0.007235,2.636488
10-18-24,8385.099609,8385.099609,8315.900391,8358.299805,790396700,8281.419995,8281.95002,8053.083013,0.080425,1.578958,2.803401,TRUE,TRUE,228.867007,0.9628,23.3134,11.631424,57.062542,8.700725,15.717199,11.346431,1.945407,4.167548,12.917952,82.372461,1.558928,0.822791,4426.029616,0.698954,0.007101,0.051873,1.33854,0.480899,-5.181269,1.020148,40397922700,-49.839383,9184207434.367764,0.095705,48.844398,-7.627322,-10.723693,88.420792,0.093633,2.16737,0.227757,0.007101,1.736993
10-21-24,8358.299805,8391.799805,8318.200195,8318.200195,641070600,8284.344995,8284.952021,8056.203013,0.459597,1.593482,2.828542,TRUE,TRUE,228.749009,1.072712,7.970037,12.647192,53.030814,-2.593754,15.991638,9.296696,1.846368,3.398474,12.792217,63.421759,0.708258,0.834228,4468.039923,0.684702,0.006777,0.049168,1.310642,-0.163184,-5.181269,0.828079,39756852100,-1.898176,8543136834.367764,0.016683,50.167793,-7.642719,-10.256622,88.395722,0.062461,1.473103,0.221739,0.006777,0.757719
10-22-24,8318.200195,8318.200195,8252.400391,8306.5,628688300,8285.530005,8286.876025,8059.315513,0.803114,1.60185,2.853504,TRUE,TRUE,227.560513,1.172993,3.010344,12.117086,51.879034,-8.009109,15.091065,6.716898,1.873993,3.309538,12.406455,57.892356,0.286137,0.84469,4495.07304,0.684904,0.006739,0.048569,1.300153,-0.248709,-5.181269,0.83308,39128163800,-38.297804,8948244656.108959,0.048921,43.126028,-8.203137,-10.97908,88.389291,0.058383,1.375851,0.220384,0.006739,0.466511
10-23-24,8306.5,8323.200195,8252.400391,8258.599609,750920700,8285.024976,8287.344014,8062.349512,1.07047,1.603081,2.878298,FALSE,TRUE,224.994502,1.163457,-4.285527,11.714436,47.345368,-9.717175,10.392396,1.614583,0.881947,2.224309,11.387452,35.255079,-0.122154,0.849676,4520.578545,0.688446,0.006689,0.047307,1.321372,-0.385625,-5.181269,0.992552,38377243100,5.330836,8328824931.394135,0.023279,43.854051,-8.727191,-11.511015,88.280552,0.051912,1.215728,0.217503,0.006689,-0.584557
10-24-24,8258.599609,8337.700195,8256.799805,8269.400391,1021483500,8284.249976,8287.110029,8065.813513,1.237517,1.596998,2.902997,FALSE,TRUE,221.296516,1.331148,-1.976563,11.605689,48.439514,-4.5913,7.454271,-1.058833,-0.196722,1.592184,12.438478,40.359427,-0.187087,0.861005,4534.069704,0.672493,0.006467,0.046331,1.330818,-0.788359,-5.181269,1.333792,39398726600,22.244152,7625542382.614531,-0.003606,52.477016,-8.766658,-11.609114,88.467225,0.033377,0.799887,0.215247,0.006467,-0.327511
10-25-24,8269.400391,8278.099609,8246.200195,8248.799805,963757400,8280.649976,8285.138018,8068.933013,1.288655,1.580969,2.927534,FALSE,TRUE,216.205005,1.327158,-9.712813,11.266221,46.456637,-5.422396,3.424021,-4.071267,-0.52579,1.249537,13.132089,30.623783,-0.865301,0.835964,4514.387641,0.660503,0.006546,0.049345,1.37562,-0.497491,-5.181269,1.245231,38434969200,20.233476,6818865784.622796,-0.079497,44.846574,-8.812811,-11.458548,88.579942,0.047002,1.150077,0.222138,0.006546,-0.705526
10-28-24,8248.799805,8293.599609,8208.900391,8285.599609,1029866000,8283.079956,8284.622002,8072.386511,1.255192,1.558921,2.951923,TRUE,TRUE,212.235491,1.201181,19.467055,10.758119,50.365331,3.019964,3.162994,-3.465835,0.135348,1.737448,13.07694,46.834069,0.590016,0.802164,4396.320493,0.640207,0.006763,0.056415,1.268301,0.213418,-5.181269,1.313777,39464835200,23.916373,7654186235.759631,0.024291,53.119779,-8.389682,-12.916778,88.4979,0.078646,1.99819,0.237518,0.006763,0.057313
10-29-24,8285.599609,8325.5,8215.299805,8219.599609,1071605800,8280.224927,8281.875986,8075.69301,1.131333,1.528839,2.97605,FALSE,TRUE,206.182976,0.678641,-4.811443,10.337661,44.14152,-4.297994,-2.342516,-7.177076,-1.773427,1.211636,12.263537,5.730725,-0.689896,0.855965,4619.668112,0.590629,-0.000552,0.000303,1.297586,0.78689,-5.181269,1.354662,38393229400,15.407471,6666204527.875365,-0.071023,50.48205,-8.88443,-13.254223,87.910831,0.064542,1.735814,-0.017393,-0.000552,-1.312331
10-30-24,8219.599609,8219.599609,8153.799805,8159.600098,1059873900,8273.659912,8279.601992,8079.259512,0.900761,1.492203,2.999821,FALSE,TRUE,200.34248,0.07735,-14.074603,10.393375,39.37762,-7.079018,-11.415541,-13.000081,-1.494559,-0.154182,11.129879,2.3988,-1.583667,0.872502,5337.204527,0.598481,-0.000677,0.000442,1.406982,0.351743,-5.181269,1.318578,37333355500,31.684926,5793187691.027089,-0.116557,43.220461,-10.201857,-13.918952,87.409956,0.050437,1.347275,-0.021024,-0.000677,-2.13707
10-31-24,8159.600098,8159.600098,8071.700195,8110.100098,1073856200,8265.039917,8276.135986,8082.514512,0.560987,1.443845,3.023185,FALSE,TRUE,193.621475,-0.374848,-24.405147,11.586513,35.932206,-14.433126,-22.342663,-19.141762,-0.790244,-1.258902,8.911571,11.855502,-2.081496,0.90786,6460.833763,0.559882,-0.001012,0.001128,1.603893,-0.736078,-5.181269,1.32319,36259499300,16.908075,5657579932.987104,-0.100023,37.182975,-10.2619,-12.790867,88.088001,0.008761,0.250351,-0.033589,-0.001012,-2.39814
11-01-24,8110.100098,8202.599609,8105.299805,8177.200195,865735500,8259.869946,8273.91999,8086.091013,0.223351,1.389933,3.046154,FALSE,TRUE,187.828977,-0.751008,-18.734764,11.858593,43.188736,-0.952783,-25.296466,-17.676452,2.110337,-1.641868,10.239023,32.57184,-1.248695,0.93736,6737.547941,0.56911,-0.000793,0.00067,1.710215,-0.214844,-5.181269,1.057351,37125234800,19.98948,6071327384.219101,-0.0913,38.185867,,-11.762481,88.575266,0.028343,0.797066,-0.025893,-0.000793,-1.227001
11-04-24,8177.200195,8239.900391,8175.799805,8184.200195,933157300,8253.899976,8271.047998,8089.573513,-0.16069,1.332147,3.068756,FALSE,TRUE,181.474485,-1.078329,-11.222124,11.458441,43.902562,4.524942,-26.764016,-15.315202,1.962201,-2.033725,10.33191,34.733005,-1.437924,0.936471,6857.591493,0.568059,-0.000831,0.00074,1.774123,-0.307463,-5.181269,1.120018,38058392100,44.574416,5382750869.867877,-0.145549,45.200906,-9.121459,-12.412224,88.626982,0.024798,0.698578,-0.027196,-0.000831,-1.016389
11-05-24,8184.200195,8215.799805,8148.299805,8172.399902,841056500,8252.989966,8267.585996,8093.007012,-0.54546,1.270819,3.090954,FALSE,TRUE,174.578984,-1.354364,-30.599371,11.483009,42.923452,6.991246,-28.550137,-13.681058,0.067345,-2.493623,10.288798,31.089808,-0.222208,0.911778,6957.362291,0.564363,-0.000955,0.000989,1.890837,-0.619274,-5.181269,1.00427,37217335600,11.440928,5142273444.961916,-0.119071,37.888108,-11.818255,-12.914833,87.996759,0.013002,0.368548,-0.031442,-0.000955,-1.158342
11-06-24,8172.399902,8301.799805,8144.299805,8166.700195,1036073800,8249.139966,8264.041992,8096.202012,-0.921275,1.203995,3.112679,FALSE,TRUE,167.83998,-1.595433,-47.292994,11.146545,42.431218,-0.757519,-30.07884,-12.167809,0.266424,-3.167014,10.335463,29.678262,-0.934047,0.985883,7219.58104,0.562949,-0.001037,0.00117,1.734093,-0.796144,-5.181269,1.198842,36181261800,106.755473,4400910220.661321,-0.18654,38.412799,-11.054672,-15.108376,86.971389,0.006306,0.179158,-0.034206,-0.001037,-1.141891
11-07-24,8166.700195,8195.299805,8140.700195,8140.700195,961904700,8244.289966,8259.264004,8099.257012,-1.334808,1.13048,3.133872,FALSE,TRUE,160.006992,-1.797523,-47.201551,10.777424,40.168314,-3.734247,-33.007836,-12.077444,-0.33545,-3.259653,9.187601,21.55579,-1.177513,0.976222,7615.439001,0.559268,-0.001214,0.001624,1.450059,-1.215665,-5.181269,1.09486,35219357100,42.465248,3439005520.661321,-0.22723,37.960826,-12.060895,-16.372536,86.050277,-0.00937,-0.267804,-0.040294,-0.001214,-1.36026
11-08-24,8140.700195,8156.5,8060.899902,8072.399902,833664800,8235.224951,8253.18001,8101.443511,-1.851938,1.044544,3.154446,FALSE,FALSE,151.736499,-1.991404,-50.245188,10.721464,34.902443,-8.021009,-40.374933,-15.555632,-1.679596,-4.220402,9.670405,4.15462,-2.196594,1.003949,8522.554686,0.558202,-0.001541,0.002614,1.531731,-1.995132,-5.181269,0.932218,34385692300,60.522876,2805908406.993035,-0.274717,37.464897,-12.870242,-17.156528,85.48713,-0.038748,-1.108039,-0.051123,-0.001541,-1.910519
11-11-24,8072.399902,8148.200195,8072.399902,8125.200195,648655300,8226.849951,8248.408018,8103.906011,-2.424031,0.951138,3.174422,FALSE,TRUE,144.502007,-2.144463,-34.188045,10.669501,41.308094,-1.123123,-41.474772,-13.324377,-1.33573,-3.795965,9.418519,23.22985,-2.019849,1.006216,8748.0438,0.563341,-0.001346,0.001962,1.422707,-1.467191,-5.101497,0.725502,35034347600,-0.619002,3060922170.379169,-0.297019,42.351544,-11.755656,-16.901993,85.840871,-0.01939,-0.54971,-0.044297,-0.001346,-1.161971
11-12-24,8125.200195,8125.200195,8018.600098,8025.799805,973035400,8215.674951,8242.954014,8105.703511,-3.136548,0.844009,3.193699,FALSE,FALSE,137.250503,-2.373006,-40.013596,11.299002,34.437864,-5.73045,-49.793198,-17.314243,-3.082922,-4.892938,7.866404,2.256253,-2.709321,1.05054,9809.320665,0.57843,-0.001698,0.002943,1.648871,-2.238885,-4.938154,1.080038,34061312200,16.381827,2219323231.790786,-0.30562,41.720637,-13.61887,-18.741718,84.187799,-0.051066,-1.406294,-0.054251,-0.001698,-1.935661
11-13-24,8025.799805,8062.700195,7995.899902,8030.299805,1001024100,8200.734961,8238.168018,8107.702009,-3.92366,0.725524,3.212271,FALSE,FALSE,130.466008,-2.717469,-41.546513,12.146445,34.965205,0.062762,-55.384066,-18.324088,-3.798794,-4.631664,7.258009,10.43686,-3.58742,1.03741,10256.140453,0.565429,-0.001535,0.00253,1.842334,-1.796031,-4.938154,1.110026,35062336300,1.780133,2249286564.730621,-0.338577,34.084505,-13.344556,-18.122265,83.881538,-0.032296,-0.911575,-0.050295,-0.001535,-1.661786
11-14-24,8030.299805,8083.100098,8012.799805,8071.200195,662893000,8185.03999,8234.758018,8109.947009,-4.783016,0.599158,3.230141,FALSE,FALSE,124.811008,-2.964259,-29.808556,12.560642,39.711675,-1.596419,-55.870508,-15.048425,-2.890009,-4.190309,8.908382,22.845956,-3.743538,1.066137,9671.452351,0.569599,-0.001467,0.002277,1.964274,-1.603012,-4.851183,0.745296,35725229300,-27.17183,2687760529.439772,-0.355184,39.969222,-12.543101,,84.154268,-0.0254,-0.711693,-0.047722,-0.001467,-1.17707
11-15-24,8071.200195,8091.899902,8030,8063.600098,740001000,8170.305005,8232.40002,8112.18751,-5.616297,0.467031,3.247305,FALSE,FALSE,120.21251,-3.20392,-39.18092,12.782648,39.140035,4.70217,-56.221199,-12.319292,-3.509678,-4.192953,7.453064,20.540102,-3.525833,1.046945,9122.169941,0.569494,-0.00149,0.002347,1.380351,-1.672851,-4.326005,0.834353,34985228300,-6.376001,2751124475.886514,-0.362666,38.491947,-12.223781,-17.207328,84.584311,-0.028063,-0.786333,-0.048442,-0.00149,-1.169732
11-18-24,8063.600098,8109.299805,8054.100098,8109.299805,800777400,8159.859985,8229.17002,8114.669509,-6.385518,0.332458,3.263789,FALSE,FALSE,114.50051,-3.288736,-20.190307,12.662627,44.329345,9.36414,-52.209699,-6.646234,-1.98228,-3.118168,8.175923,37.070918,-2.511365,0.9926,8515.41169,0.570953,-0.001495,0.002351,1.064009,-1.628481,-4.299711,0.894822,35786005700,24.912514,3551901875.886514,-0.278871,45.808222,-11.300666,-16.780746,84.907145,-0.026608,-0.743673,-0.048483,-0.001495,-0.593749
11-19-24,8109.299805,8145.899902,8052,8099,740741000,8149.484985,8227.03002,8116.759509,-7.097047,0.195213,3.279571,FALSE,FALSE,110.27051,-3.348294,-12.202974,11.899747,43.430524,3.718849,-49.29344,-2.98398,-2.226144,-2.880374,8.246458,33.703867,-2.498044,1.018645,7874.712369,0.570062,-0.001551,0.002538,1.096847,-1.788619,-4.299711,0.822585,35045264700,17.823252,3552691508.635192,-0.299585,53.152068,-11.28857,-17.345466,84.732482,-0.032643,-0.913554,-0.050376,-0.001551,-0.641103
11-20-24,8099,8128.399902,8074.200195,8085.100098,744104500,8140.81001,8224.854014,8119.041011,-7.7359,0.057133,3.294638,FALSE,FALSE,105.813003,-3.419652,-5.422982,11.191357,42.187351,3.047316,-47.555697,-0.996989,-2.448117,-2.795272,8.241517,29.159929,-2.100835,0.990623,7558.731057,0.570269,-0.001577,0.002619,1.117697,-1.858701,-4.299711,0.826633,34301160200,-0.907712,3107875208.80456,-0.29,54.646339,-11.790309,-16.716423,84.587059,-0.035344,-0.988651,-0.051177,-0.001577,-0.737027
11-21-24,8085.100098,8152.899902,8065.200195,8149.299805,856150000,8134.80498,8223.02001,8121.81001,-8.255911,-0.080765,3.309046,FALSE,TRUE,101.21,-3.310876,-6.090451,10.686792,49.39271,5.063365,-40.530928,4.822223,-2.143423,-1.270873,8.895447,50.147091,-1.452349,0.974405,6934.686723,0.577395,-0.001464,0.002203,1.12326,-1.667961,-4.299711,0.959921,35157310200,-16.185626,3893734811.886811,-0.209206,54.593252,-11.999276,-17.353631,84.045517,-0.028635,-0.790842,-0.046933,-0.001464,0.209019
11-22-24,8149.299805,8274.799805,8149.299805,8262.099609,791049500,8135.469971,8222.80001,8125.257507,-8.598534,-0.21624,3.322904,TRUE,TRUE,97.542502,-3.009468,13.814393,11.882367,59.049845,15.619321,-25.567026,15.8289,-0.999346,0.965398,10.334919,87.021835,0.161233,1.014183,7055.085148,0.606154,-0.001204,0.001349,1.957053,-0.969034,-4.299711,0.895601,35948359700,-17.920267,4524680994.725767,-0.12987,54.043634,-11.311133,-17.4287,84.964817,-0.003308,-0.086932,-0.036735,-0.001204,1.79487
11-25-24,8262.099609,8307.299805,8261.799805,8291.700195,1952081800,8135.775,8223.066006,8128.847507,-8.680117,-0.345975,3.336241,TRUE,TRUE,94.218499,-2.674867,20.50888,13.330645,61.145195,18.957844,-11.190509,24.164334,-0.625609,0.736239,11.138365,94.99049,0.073629,0.991611,7124.388951,0.607861,-0.00384,0.006963,2.252038,-0.743865,-4.299711,2.100431,37900441500,89.547164,5138225935.47096,-0.135358,64.798852,-11.263668,-16.362157,85.358114,0.003498,0.091984,-0.083445,-0.00384,2.188611
11-26-24,8291.700195,8291.700195,8245.799805,8258.599609,771580100,8137.725,8222.03999,8132.579006,-8.55741,-0.470839,3.348995,TRUE,TRUE,89.460984,-2.5012,15.0877,14.359967,57.596126,8.203417,-2.439831,26.33201,-1.443983,-0.203021,10.776363,84.360883,0.474476,0.899063,7413.409387,0.601653,-0.003905,0.007147,2.218271,-0.583759,-4.299711,0.843837,37128861400,-27.997767,4796972220.335434,-0.102214,57.783974,-11.664248,-16.208171,84.950944,-0.003421,-0.090391,-0.084539,-0.003905,1.630486
11-27-24,8258.599609,8280,8237.700195,8274.799805,658162500,8143.484985,8222.461982,8136.111006,-8.24179,-0.587227,3.361245,TRUE,TRUE,86.350977,-2.347742,22.375975,15.152485,58.854877,-0.194968,5.736241,27.606465,-1.215288,0.145229,11.467634,89.563259,1.41183,0.886685,8015.407766,0.600512,-0.003814,0.006848,2.164903,-0.345005,-4.299711,0.735965,37787023900,-37.901811,5293310164.754227,-0.027948,59.187792,-11.273482,-17.08462,84.808384,0.005968,0.158019,-0.082752,-0.003814,1.63828
11-28-24,8274.799805,8303.799805,8271.900391,8281.200195,515831900,8152.03999,8221.511982,8139.529507,-7.74431,-0.697144,3.372977,TRUE,TRUE,81.982476,-2.231367,38.853661,16.173754,59.36806,-1.777135,12.587197,27.565937,-0.987585,0.59767,11.100384,91.61862,2.109716,0.831056,8536.485574,0.598915,-0.003756,0.006679,2.046535,-0.162719,-4.299711,0.595385,38302855800,-51.964527,5078244662.041843,-0.033434,65.124274,,-17.603785,84.632421,0.013117,0.348258,-0.081723,-0.003756,1.513037
11-29-24,8281.200195,8292.5,8252.900391,8287.299805,588369200,8157.544971,8222.657979,8142.407505,-7.079893,-0.801603,3.384254,TRUE,TRUE,80.250474,-2.209222,33.034282,16.714807,59.881605,2.285478,18.297891,26.621304,-0.134967,0.48866,10.065874,93.57739,1.346422,0.799243,9047.014587,0.591016,-0.00369,0.006631,1.974966,0.195066,-4.299711,0.690156,38891225000,-32.038226,5512085329.859353,-0.0328,59.923553,-11.891324,-17.365354,84.410848,0.026913,0.724477,-0.081433,-0.00369,1.434228
12-02-24,8287.299805,8332,8274.700195,8312.900391,822818500,8163.97998,8223.721982,8145.329507,-6.263938,-0.900887,3.395034,TRUE,TRUE,78.392476,-1.999633,68.86535,17.706102,62.049605,3.194728,24.605769,26.343346,0.523614,0.333127,10.646884,94.317285,1.572545,0.75442,9682.015805,0.57547,-0.003952,0.008017,1.969807,-0.159455,-4.299711,0.971452,39714043500,-11.824244,5786367512.074947,0.023826,67.728516,-11.088658,-17.0179,84.780911,0.013167,0.364288,-0.089535,-0.003952,1.538114
12-03-24,8312.900391,8388.400391,8311.900391,8359.400391,815525800,8173.330005,8225.253994,8148.530508,-5.193562,-0.989431,3.405359,TRUE,TRUE,76.723486,-1.825984,71.714885,19.227878,65.677709,6.309649,32.976834,27.771529,1.428106,1.382589,11.610465,92.279032,2.288196,0.758512,10624.660975,0.570172,-0.003771,0.007449,2.180491,0.462181,-4.299711,0.964295,40529569300,-3.035551,5983586169.591288,0.049739,75.853803,-10.436795,-17.02282,85.23315,0.036222,1.011958,-0.086307,-0.003771,1.751307
12-04-24,8359.400391,8362.799805,8322.799805,8335.799805,760035100,8181.784985,8226.595986,8151.897007,-3.943401,-1.06744,3.415221,TRUE,TRUE,74.698979,-1.720057,59.918178,20.640956,62.416224,2.534619,37.276888,25.657266,1.88596,1.304002,10.916251,85.323513,2.070599,0.734695,11225.001398,0.571159,-0.003776,0.007439,1.977683,0.398905,-4.299711,0.913591,39769534200,-26.642764,5717573884.591288,0.079134,69.438766,-10.850593,-16.888081,84.992516,0.033871,0.944564,-0.086251,-0.003776,1.372069
12-05-24,8335.799805,8350.700195,8321.599609,8349.400391,855079400,8192.219995,8227.885986,8155.221509,-2.519461,-1.13528,3.424634,TRUE,TRUE,72.664478,-1.51989,63.851426,21.923467,63.539884,1.490279,41.306015,23.749115,0.950338,2.474295,11.122352,88.406672,2.563664,0.705439,11779.340136,0.566963,-0.003896,0.008034,1.737205,0.209757,-4.299711,1.03448,40624613600,-11.105601,6496267454.100331,0.184935,69.809129,-10.545007,-16.868495,84.999544,0.026652,0.748912,-0.089632,-0.003896,1.334374
12-06-24,8349.400391,8357.599609,8303.5,8308.599609,1058504800,8204.02998,8227.641982,8158.233008,-0.991638,-1.195591,3.433544,TRUE,TRUE,69.408975,-1.338227,45.018838,22.656736,57.943178,-7.734531,40.737252,18.544281,1.2503,1.133219,9.982125,76.278035,2.926016,0.707957,11698.58893,0.568683,-0.004051,0.008623,1.550771,-0.199442,-4.299711,1.263402,39566108800,26.970072,5637319030.344961,0.168975,61.583687,-10.71097,-17.971963,84.497066,0.011515,0.322515,-0.092862,-0.004051,0.893865
12-09-24,8308.599609,8372.099609,8308.599609,8352.099609,731046000,8215.374951,8229.943975,8161.572007,0.612929,-1.243832,3.441961,TRUE,TRUE,68.371968,-1.078241,53.182989,23.523394,61.805855,-0.610369,43.297483,16.88361,1.930695,2.30777,10.698614,88.768329,2.792539,0.678271,11990.447522,0.572522,-0.003996,0.008278,1.308557,0.014231,-4.299711,0.868287,40297154800,12.701769,5907863613.022126,0.16907,61.622942,-8.761329,-17.979387,85.158711,0.019328,0.537699,-0.090984,-0.003996,1.14028
12-10-24,8352.099609,8352.099609,8274.5,8280.400391,605634700,8228.10498,8230.017979,8164.559009,2.240161,-1.285475,3.449846,TRUE,TRUE,65.45897,-0.8865,36.593466,23.475773,53.142198,-10.397686,39.090348,10.14118,0.478102,1.638666,9.77887,66.584179,3.172277,0.70433,11197.111447,0.58144,-0.004148,0.008633,1.003509,-0.549759,-4.299711,0.735377,39691520100,-37.758205,5394329410.301329,0.192759,62.251439,-8.641272,-18.439648,84.755821,-0.001917,-0.052473,-0.092914,-0.004148,0.467044
12-11-24,8280.400391,8318.900391,8248.400391,8301.599609,1274444500,8241.669971,8230.231963,8167.942007,3.806593,-1.317816,3.45723,TRUE,TRUE,62.289956,-0.753622,31.037118,22.83472,55.14427,-2.798908,37.039791,6.472498,0.34449,1.957695,9.97827,63.69696,3.378452,0.687732,10280.473898,0.575604,-0.00401,0.008247,0.768096,-0.126793,-4.299711,1.522195,40965964600,27.314068,6043273612.151949,0.226577,53.164934,-9.08529,-19.05272,84.447614,0.014166,0.391893,-0.09081,-0.00401,0.582946
12-12-24,8301.599609,8331.099609,8300.200195,8311.799805,584951900,8253.699951,8230.817959,8171.351006,5.23551,-1.339502,3.4641,TRUE,TRUE,59.466953,-0.479565,12.805944,22.441609,56.11585,-5.690004,35.824814,4.206017,0.403453,1.471073,8.665182,49.170215,2.980964,0.605592,9563.398247,0.563655,-0.004252,0.009661,0.718581,-0.498336,-4.299711,0.701933,41550916500,-11.75772,5897502437.678955,0.192582,52.391184,-7.265197,-18.287192,85.409219,0.00032,0.009048,-0.098289,-0.004252,0.607523
12-13-24,8311.799805,8331.900391,8282.400391,8300.299805,653230000,8265.534937,8231.211963,8174.440005,6.497592,-1.35249,3.470433,TRUE,TRUE,56.771958,-0.39071,2.324206,21.662218,54.677891,1.535693,33.54727,1.542779,-0.115532,1.160256,9.554669,41.539169,2.93541,0.609873,8491.592372,0.542203,-0.004075,0.009609,0.710783,-0.007299,-4.299711,0.787968,40897686500,-11.725795,5716694023.458627,0.178863,40.526949,-7.576691,-18.619364,85.669908,0.018308,0.538623,-0.098025,-0.004075,0.409403
12-16-24,8300.299805,8305.200195,8254.099609,8262.099609,621726000,8273.174927,8230.381963,8177.549004,7.560693,-1.363254,3.476182,TRUE,TRUE,52.832959,-0.318046,0.933081,20.316724,50.086598,-5.057672,28.333255,-2.936989,0.101765,-0.125722,8.504821,16.190698,1.884254,0.617189,7658.451265,0.543701,-0.004193,0.010107,0.70578,-0.406844,-4.299711,0.758153,40275960500,-22.359697,5289635380.348951,0.105952,41.097304,-7.270743,-18.97053,85.656131,0.004158,0.12197,-0.100533,-0.004193,-0.144616
12-17-24,8262.099609,8262.099609,8190.200195,8195.200195,1176055700,8277.984937,8230.473965,8180.294004,8.358294,-1.375372,3.481298,FALSE,TRUE,50.179961,-0.316034,-18.694097,19.835259,43.238972,-12.876879,18.58861,-10.145308,-1.602891,-0.515921,7.295106,2.522702,1.187803,0.648026,6755.854916,0.552389,-0.004368,0.010608,0.836995,-0.92222,-4.299711,1.397041,39099904800,58.767464,4277149260.899036,0.043029,39.207924,-7.731098,-19.402544,84.98486,-0.014589,-0.420967,-0.102993,-0.004368,-1.225378
12-18-24,8195.200195,8231.799805,8191.600098,8199.099609,836400800,8283.684912,8229.581953,8182.893003,8.907117,-1.387882,3.485883,FALSE,TRUE,46.68895,-0.32666,-19.395375,19.388184,43.721941,-10.95595,11.053144,-14.144618,-0.37546,-0.996184,6.26514,4.490114,1.409995,0.654949,5384.555549,0.552076,-0.004349,0.010526,0.949058,-0.818361,-4.299711,0.988147,39936305600,12.403674,3752820267.606272,0.038098,33.607362,-4.078817,-15.613971,86.989365,-0.011018,-0.318139,-0.102596,-0.004349,-1.570887
12-19-24,8199.099609,8199.099609,8079,8105.299805,802810600,8281.484912,8226.933945,8184.957002,9.114846,-1.409768,3.489904,FALSE,FALSE,41.976943,-0.459729,-35.616438,20.490662,35.825243,-14.261354,-2.459278,-22.125632,-1.869322,-1.727733,5.336135,8.500249,-0.539924,0.733469,6015.446018,0.570299,-0.004514,0.0106,1.227826,-1.413844,-4.299711,0.95146,39133495000,-6.230147,3301613841.690285,-0.035088,33.028685,-4.733129,-15.914264,86.528737,-0.034085,-0.951763,-0.102956,-0.004514,-2.928879
12-20-24,8105.299805,8105.799805,8002.299805,8084.600098,1608807700,8272.609937,8223.551943,8187.081501,8.985717,-1.437824,3.493302,FALSE,FALSE,36.470442,-0.555906,-45.109798,22.2257,34.350794,-8.888177,-14.669166,-27.468416,-2.392907,-1.710572,5.028907,21.315765,-2.148358,0.776166,7453.898976,0.56764,-0.004637,0.011293,1.502447,-1.741467,-4.299711,1.818571,37524687300,103.376363,4251363533.774939,-0.015448,24.360842,-5.950986,-16.699487,85.705507,-0.045899,-1.287774,-0.10627,-0.004637,-2.522302
12-23-24,8084.600098,8111.399902,8051.899902,8102.700195,573891100,8263.159937,8219.751943,8189.249001,8.52018,-1.465534,3.496166,FALSE,FALSE,30.502942,-0.751318,-53.736784,23.714043,36.800184,-6.921757,-22.624265,-28.338812,-2.007571,-0.941355,4.889323,27.149931,-2.279388,0.759446,8344.048969,0.55442,-0.004408,0.010718,1.647128,-1.195547,-4.299711,0.703517,38098578400,-70.601073,4657433308.133198,-0.02947,22.720494,-6.434171,-15.902671,85.347647,-0.024617,-0.707566,-0.103528,-0.004408,-1.923044
12-24-24,8102.700195,8152,8102.700195,8137,243246600,8257.079956,8217.505947,8191.195002,7.807019,-1.482618,3.498579,FALSE,FALSE,26.310945,-0.81575,-40.704431,24.229297,41.271857,5.446614,-25.8629,-25.261958,-1.78518,-0.331942,5.364701,36.425167,-1.4724,0.764408,8809.092217,0.55356,-0.004407,0.010748,1.784397,-1.225441,-4.299711,0.308169,38341825000,-68.474226,4752659078.309297,-0.002807,25.822101,-5.999118,-16.010173,85.435534,-0.025593,-0.736742,-0.103673,-0.004407,-1.363137
12-27-24,8137,8151.299805,8112.299805,8149.799805,356239100,8250.829956,8213.919951,8193.083,6.916038,-1.488549,3.500515,FALSE,FALSE,20.836951,-0.827366,-40.93551,24.707747,42.895611,8.544817,-27.08449,-21.186839,-2.055091,-0.20816,5.387157,39.886446,-1.510611,0.771884,9114.880507,0.553477,-0.004412,0.010772,1.898171,-1.232445,-4.299711,0.460119,38698064100,-45.873686,5081495170.616989,-0.013679,22.389848,-6.245022,,85.683805,-0.025849,-0.744249,-0.103788,-0.004412,-1.108409
12-30-24,8149.799805,8149.799805,8094.899902,8121,325039700,8242.819946,8208.637959,8194.972,5.884286,-1.490516,3.501864,FALSE,FALSE,13.665959,-0.892593,-39.445105,25.351613,40.202247,3.402063,-30.030342,-19.306152,-1.40828,-0.002465,5.173865,32.098501,-1.934505,0.775325,9528.468413,0.555004,-0.004432,0.010806,2.032373,-1.349212,-4.299711,0.425059,38373024400,-36.987282,5065511317.712645,-0.000833,24.009244,-4.764149,-14.350661,85.99906,-0.030187,-0.866639,-0.103951,-0.004432,-1.278484
12-31-24,8121,8180.399902,8096.700195,8173,203355200,8237.104956,8204.931963,8197.2,4.721302,-1.484125,3.502668,FALSE,FALSE,7.731963,-0.866819,-36.996661,25.269755,46.708602,5.436745,-27.847972,-13.699025,-1.252917,0.023251,6.387413,48.799397,-1.379216,0.788046,9590.219645,0.561738,-0.004292,0.009893,1.702797,-1.020647,-4.299711,0.272798,38576379600,-65.437484,5232909196.606803,-0.018726,19.834464,-4.99434,-13.273494,86.157039,-0.018742,-0.531442,-0.099466,-0.004292,-0.668441
01-02-25,8173,8270.599609,8160.600098,8260.099609,422219900,8234.464917,8203.769951,8199.887498,3.502568,-1.465719,3.502969,TRUE,TRUE,3.882454,-0.653297,-4.064244,23.55886,55.451974,12.556363,-18.872664,-3.778975,-0.371501,0.228117,6.95316,78.215821,-0.635167,0.807754,9442.117416,0.577803,-0.004088,0.008487,1.707911,-0.631472,-4.299711,0.582041,38998599500,-48.686144,5574523121.530564,-0.014602,24.604235,-4.77838,-13.797995,86.543992,-0.004998,-0.13768,-0.092123,-0.004088,0.271493
01-03-25,8260.099609,8269,8219.700195,8224,742503900,8227.694897,8202.119951,8202.315999,2.22876,-1.438687,3.502739,TRUE,TRUE,-0.196047,-0.688062,-15.085535,21.970173,51.668273,11.466027,-14.505396,0.470635,-0.706308,0.245001,6.949645,67.263289,-1.619738,0.792886,8972.93542,0.55289,-0.003976,0.008787,1.730776,-0.217852,-4.299711,1.028739,38256095600,-8.953966,4961537858.366727,-0.070802,34.23596,-6.150534,-15.424223,85.553044,0.010895,0.314024,-0.09374,-0.003976,-0.041178
01-06-25,8224,8249.700195,8197.5,8249.700195,766244700,8223.389917,8201.941963,8204.8775,0.9452,-1.402788,3.502014,TRUE,TRUE,-2.935537,-0.592551,-11.719175,20.847207,54.071005,7.362403,-8.868286,4.886196,-0.373154,0.685912,7.219724,75.060665,-1.03289,0.808859,8626.845741,0.547979,-0.00408,0.00942,1.622817,-0.381937,-4.299711,1.061175,39022340300,0.817015,5727782558.366727,0.000707,27.214604,-4.761481,-14.566778,86.001612,0.004974,0.144695,-0.097059,-0.00408,0.304981
01-07-25,8249.700195,8251.799805,8190.5,8245.299805,741506800,8218.184888,8201.459951,8206.690999,-0.310518,-1.360395,3.500816,TRUE,TRUE,-5.231047,-0.514757,-10.520319,19.916191,53.579855,-1.872119,-4.701711,7.242217,-0.702103,1.296101,7.304787,80.224393,-1.246803,0.819513,8126.054433,0.547939,-0.004074,0.00939,1.244218,-0.372576,-4.299711,1.035056,38280833500,-13.282112,6312036191.75157,-0.012858,26.975281,-4.986832,-13.932479,86.206003,0.005277,0.153525,-0.096904,-0.004074,0.333679
01-08-25,8245.299805,8267.400391,8189.5,8251,899645300,8215.304907,8201.503955,8208.291499,-1.45995,-1.314501,3.499144,TRUE,TRUE,-6.787544,-0.400923,-2.26385,18.755147,54.160714,2.492441,-0.929004,8.811939,0.73743,0.701776,7.83084,92.694885,-0.693253,0.842147,7887.310568,0.547437,-0.004104,0.009546,1.225415,-0.433377,-4.299711,1.269878,39180478800,-15.007915,6832876347.757587,0.084378,35.553329,-4.294885,-13.573969,85.698519,0.003105,0.090409,-0.097702,-0.004104,0.452564
01-09-25,8251,8322.599609,8243.200195,8319.700195,837818000,8213.684937,8202.185967,8210.302,-2.470348,-1.260235,3.49703,TRUE,TRUE,-8.116033,-0.108213,25.299806,18.101347,60.565357,6.494352,7.517765,13.806967,0.921916,1.172284,9.807831,99.094781,-0.387919,0.841632,7620.314565,0.554622,0.289041,0.0941,1.800049,-0.255975,-4.299711,1.173762,40018296800,14.605374,7609505450.592591,0.119198,45.893228,-3.479337,-12.357711,86.366635,-0.0017,-0.051086,0.306757,0.289041,1.391219
01-10-25,8319.700195,8326.299805,8247.599609,8248.5,912377200,8212.089917,8202.763975,8211.8895,-3.299991,-1.203416,3.494416,TRUE,TRUE,-9.125525,-0.007285,8.830969,17.553343,52.394776,-1.18508,8.370144,11.727476,0.131102,-0.053319,8.178469,75.987715,-0.385252,0.882237,7505.847678,0.561626,0.318047,0.121069,1.772681,-0.409394,-4.299711,1.25133,39105919600,50.648105,6718004841.154579,0.090771,45.48652,-2.537069,-11.318537,86.860225,-0.010151,-0.30603,0.34795,0.318047,0.48509
01-13-25,8248.5,8254,8192.299805,8224.200195,896847800,8208.219946,8204.055977,8213.3505,-3.946651,-1.141529,3.491264,TRUE,TRUE,-9.294524,0.189106,24.270368,16.567298,49.9196,-4.241115,7.00413,8.28917,-0.357415,0.503485,8.285827,68.487775,-0.932343,0.834123,7213.907042,0.54831,0.301124,0.115354,1.661973,-1.028263,-4.299711,1.262729,38209071800,-29.628336,6748538065.032011,0.049649,44.991225,-1.572252,-9.57518,87.23223,-0.024247,-0.746368,0.339639,0.301124,0.22152
01-14-25,8224.200195,8244.299805,8193.5,8201.5,955210200,8202.704956,8205.883975,8214.595,-4.43185,-1.076573,3.487546,FALSE,FALSE,-8.711025,0.449027,23.764978,15.651684,47.654768,-12.910589,4.04323,4.262616,-1.099765,0.448261,8.509853,54.519005,-1.327027,0.790534,6789.501665,0.541653,0.286146,0.105023,1.528383,-1.504136,-4.299711,1.310736,37253861600,63.297222,6094182628.037836,0.013494,48.154376,,-8.577113,86.921441,-0.037264,-1.154411,0.324072,0.286146,-0.017747
01-15-25,8201.5,8307.599609,8199.599609,8301.099609,1038434200,8202.744946,8208.361963,8216.424998,-4.652925,-1.004467,3.483377,TRUE,TRUE,-8.063035,0.837007,34.600561,15.345095,56.895392,4.500616,9.622628,7.873611,0.62793,1.387476,11.479524,89.109678,0.009636,0.822781,6795.573395,0.563765,0.332334,0.134123,1.361467,-0.725223,-4.299711,1.388246,38292295800,58.969153,7007620118.778577,0.08629,50.814534,-1.70328,-9.144287,87.204878,-0.014382,-0.435194,0.366228,0.332334,1.447334
01-16-25,8301.099609,8391.900391,8301.099609,8391.900391,801801600,8209.234985,8212.515967,8218.6975,-4.566232,-0.923324,3.478841,TRUE,TRUE,-6.181533,1.309053,40.466778,16.154295,63.262602,13.343002,21.127659,15.502914,0.753992,2.279126,12.505534,100,1.571039,0.849203,7919.19878,0.577959,0.337593,0.130833,1.97722,0.012941,-4.299711,1.059151,39094097400,28.96382,7809421718.778577,0.166427,53.66294,-1.325535,-9.156382,87.901606,0.007587,0.223528,0.361709,0.337593,2.306615
01-17-25,8391.900391,8533.400391,8391.799805,8505.200195,1066188700,8224.734985,8219.171973,8221.344001,-4.086013,-0.829376,3.474029,TRUE,TRUE,-2.172029,1.94291,48.658297,18.152142,69.347059,21.692291,38.938962,26.651373,1.43231,4.285346,13.981698,93.568948,3.782702,0.924057,10304.558978,0.602613,0.377135,0.155941,3.014923,0.666927,-4.299711,1.418692,40160286100,-9.341989,8450940854.300201,0.277686,56.904352,-1.016245,-8.341822,88.222749,0.024402,0.699678,0.394894,0.377135,2.721759
01-20-25,8505.200195,8548.599609,8501.799805,8520.5,731489400,8240.805005,8226.247969,8224.3905,-3.206148,-0.722809,3.468994,TRUE,TRUE,1.857468,2.509619,55.726012,20.114215,70.067986,13.172594,53.670435,33.106277,1.940588,3.923747,13.793285,93.781889,3.919947,0.915607,12213.115011,0.597358,0.368208,0.149923,2.920559,1.007876,-4.299711,0.980176,40891775500,-12.543197,8304026314.830636,0.304925,61.490158,-0.313199,-8.118518,88.149963,0.03301,0.951427,0.387199,0.368208,2.29012
01-21-25,8520.5,8550.400391,8513.400391,8548.299805,793665300,8262.955005,8234.399961,8227.4145,-1.98011,-0.605133,3.463785,TRUE,TRUE,6.985461,3.125655,54.179255,21.949373,71.384891,8.12229,66.818207,37.003239,2.766219,4.663662,14.19506,99.461112,5.46556,0.873608,13568.215206,0.598318,0.370763,0.153113,2.987773,1.092705,-4.299711,1.064142,41685440800,-1.13916,9007574740.870543,0.382526,63.533383,-0.543239,-8.448921,87.930905,0.032065,0.924467,0.391296,0.370763,2.103039
01-22-25,8548.299805,8584.700195,8527.799805,8545.099609,993162800,8285.97998,8243.853955,8230.465999,-0.53741,-0.477723,3.458406,TRUE,TRUE,13.387957,3.686029,46.813343,23.906285,70.997649,1.65059,76.10242,37.029962,2.872445,4.800267,13.515408,89.979614,5.696009,0.829549,14271.344057,0.597105,0.36819,0.150336,2.848682,1.18872,-4.299711,1.388953,40692278000,-38.267153,8618327740.891138,0.305363,65.336781,-0.601947,-9.101373,87.875099,0.033299,0.960421,0.387732,0.36819,1.815664
01-23-25,8545.099609,8572.5,8532.099609,8565.200195,1052013500,8309.10498,8252.653955,8233.485999,1.066331,-0.340398,3.452864,TRUE,TRUE,19.167957,4.325262,57.557217,25.723417,72.024188,1.956203,84.112578,36.032096,3.712501,4.62719,13.752208,95.065792,5.707974,0.820181,14879.384051,0.595415,0.363522,0.147753,2.818313,1.098382,-4.299711,1.423659,41744291500,83.312391,9290171992.039312,0.313467,66.294977,-0.856441,-9.989925,87.557517,0.02977,0.859745,0.384387,0.363522,1.721141
01-24-25,8565.200195,8586.700195,8492.700195,8502.400391,699240800,8327.375,8262.185967,8236.379001,2.765982,-0.19441,3.447084,TRUE,TRUE,25.806965,4.734142,40.117423,26.55683,64.359585,-7.025306,84.420124,29.071713,2.817617,2.615352,11.359383,78.776495,4.490603,0.861355,14898.245243,0.59393,0.35375,0.140384,2.648042,1.129356,-4.299711,0.91794,41045050700,187.461695,8735245496.942904,0.26141,66.515054,-1.998087,-11.182991,86.780787,0.029853,0.860613,0.374678,0.35375,1.174805
01-27-25,8502.400391,8514.200195,8462.200195,8503.700195,684095200,8345.07002,8271.653975,8238.919502,4.514028,-0.039712,3.441085,TRUE,TRUE,32.734473,5.027744,41.225282,26.716777,64.443924,-6.553725,83.802714,22.763443,3.090151,2.548114,11.411427,79.103736,4.342443,0.853412,14779.341942,0.584893,0.345956,0.138506,2.460197,1.483914,-4.299711,0.879138,41729145900,92.032598,9143071481.558289,0.260979,66.702111,-1.930882,-11.176035,86.951341,0.043011,1.257704,0.372163,0.345956,1.073324
01-28-25,8503.700195,8573,8503.599609,8533.900391,762856300,8365.715039,8280.907979,8241.761504,6.288815,0.125194,3.434847,TRUE,TRUE,39.146475,5.267834,43.436212,27.449948,66.431549,-5.592639,84.773104,18.987066,2.996775,3.136179,11.317071,86.612639,5.084354,0.843277,14362.601297,0.579171,0.33629,0.12245,2.258521,1.937938,-4.299711,0.95353,42492002200,134.696346,9046353849.174307,0.248792,66.411656,-2.055881,-10.872247,86.765995,0.04893,1.431639,0.349928,0.33629,1.170995
01-29-25,8533.900391,8584.099609,8518.299805,8557.799805,769283700,8384.955029,8290.791973,8245.448503,8.063417,0.303149,3.428388,TRUE,TRUE,45.343469,5.637281,39.257974,28.233539,67.958066,3.598481,86.473812,16.550219,4.114558,2.268162,12.151072,92.672322,4.708183,0.829571,14221.816578,0.571566,0.331975,0.122458,2.124768,1.710375,-4.28498,0.928716,43261285900,278.295564,9200680980.37097,0.239504,66.290425,-1.322824,-10.666876,86.807896,0.040518,1.201303,0.34994,0.331975,1.215349
01-30-25,8557.799805,8655.200195,8547.900391,8646.900391,641234300,8404.295068,8301.543984,8249.443005,9.85029,0.492885,3.421776,TRUE,TRUE,52.100979,6.143508,63.805276,29.559754,72.905013,8.461089,93.928558,19.203972,5.97211,4.388294,13.443627,98.207,4.682762,0.844648,15040.994527,0.584952,0.361069,0.146597,2.561051,2.103433,-4.28498,0.764028,43902520200,51.872117,9742714364.499298,0.248319,73.126773,-0.964343,-11.859435,86.621701,0.045798,1.345405,0.382879,0.361069,1.612961
01-31-25,8646.900391,8692.799805,8646.900391,8674,1136186800,8426.795068,8313.043984,8253.427505,11.596313,0.697488,3.415088,TRUE,TRUE,59.616479,6.648449,71.715508,31.064564,74.20923,7.777681,100.860552,20.908773,6.953057,6.107867,13.899284,96.234766,5.47179,0.828997,15558.874935,0.584786,0.340004,0.135926,2.446604,2.31106,-4.28498,1.322739,45038707000,53.020987,9948166410.481298,0.29027,80.939199,-0.398252,-11.411389,87.761212,0.065041,1.899403,0.368681,0.340004,1.588836
02-03-25,8674,8674,8520.200195,8583.599609,776851300,8443.490039,8323.013975,8256.866003,13.213463,0.91196,3.408375,TRUE,TRUE,66.147971,6.967656,54.986242,30.234836,63.268624,-4.689442,97.930766,14.38319,4.969909,7.185128,12.750722,77.85885,4.047413,0.92344,15348.580401,0.602797,0.398437,0.180757,1.985935,1.815183,-4.28498,0.903846,44261855700,1.384231,9811782987.976521,0.237581,81.869917,-0.773155,,87.927636,0.058178,1.692696,0.425156,0.398437,0.91285
02-04-25,8583.599609,8583.599609,8524.700195,8570.799805,1132804200,8459.765039,8331.443975,8259.600503,14.649951,1.132349,3.401645,TRUE,TRUE,71.843472,7.198646,44.351247,29.464374,61.8776,-11.027413,93.498263,7.960549,4.723731,6.778621,11.584427,68.85373,3.947704,0.883899,14854.218674,0.601272,0.419226,0.197509,1.650731,1.894258,-4.28498,1.288654,43129051500,52.770575,10452233478.182611,0.23549,72.638842,-0.853481,-10.500411,87.910525,0.065746,1.937676,0.44442,0.419226,0.747497
02-05-25,8570.799805,8623.299805,8550.200195,8623.299805,794984000,8478.380029,8338.667979,8262.493003,15.943616,1.358785,3.394928,TRUE,TRUE,76.174976,7.376036,40.610652,29.151467,65.252143,-8.957087,93.148031,6.088254,5.51735,5.588411,13.036127,76.910299,4.512178,0.863855,14426.971531,0.592495,0.41429,0.206885,1.412023,2.570497,-4.28498,0.909772,43924035500,-11.633618,11247217478.182611,0.252587,72.673814,-0.605388,-13.147652,87.494773,0.081383,2.448392,0.454846,0.41429,1.004506
02-06-25,8623.299805,8767.5,8623.299805,8727.299805,776192500,8498.76001,8347.379971,8265.927502,17.107243,1.595242,3.388295,TRUE,TRUE,81.452468,7.782797,39.625265,30.010644,70.771622,7.502998,100.108413,10.438909,6.864457,7.149169,14.900926,86.832551,4.89921,0.855689,14937.345589,0.605206,0.403065,0.187699,1.853305,2.757805,-4.28498,0.891411,44700228000,-7.355476,11590635389.597948,0.228605,72.055112,2.012945,-9.572683,88.64107,0.093704,2.727087,0.433242,0.403065,1.529989
02-07-25,8727.299805,8728.900391,8685.799805,8700.5,993507700,8521.36001,8356.217979,8269.035503,18.139858,1.838043,3.381627,TRUE,TRUE,87.182476,7.943688,31.468531,30.808451,67.78364,5.90604,102.282991,10.090789,6.876556,6.518038,14.894487,78.054359,5.479784,0.855287,14359.847315,0.581816,0.450671,0.251511,1.743678,3.285339,-4.28498,1.135694,43706720300,8.89221,11274833429.174248,0.260449,64.322902,3.205601,-9.308796,88.71103,0.114027,3.596074,0.501509,0.450671,1.247506
02-10-25,8700.5,8785.900391,8694.599609,8767.799805,835975800,8548.53999,8366.077979,8272.175503,19.034586,2.092192,3.374956,TRUE,TRUE,93.902476,8.185041,35.895339,31.925997,71.085109,5.832966,108.189747,12.798037,8.614537,6.790251,15.766397,94.408225,6.609757,0.892959,13561.623462,0.587485,0.46294,0.265583,2.051246,3.576745,-4.28498,0.958953,44542696100,-6.787328,11779341051.084145,0.288543,64.508229,3.865878,-9.68046,88.642137,0.122057,3.848535,0.515348,0.46294,1.616767
02-11-25,8767.799805,8789.599609,8750.5,8777.400391,900729100,8577.33501,8376.001982,8275.327505,19.741833,2.353572,3.368294,TRUE,TRUE,100.674478,8.470471,37.595183,32.987539,71.533273,0.761651,112.350475,13.567011,8.026882,6.583935,16.84039,96.273903,7.021891,0.877497,11805.457342,0.585584,0.461289,0.265258,2.027327,3.407706,-4.28498,1.036471,45443425200,-5.703572,12118008713.589764,0.346581,64.304242,3.421297,-8.921475,88.648438,0.116111,3.672122,0.515032,0.461289,1.694686
02-12-25,8777.400391,8810.599609,8759.400391,8807.400391,853097300,8602.650049,8386.403994,8278.644006,20.248002,2.627396,3.361686,TRUE,TRUE,107.759988,8.752956,38.579208,34.112663,72.944445,5.160805,116.723119,14.351725,9.738601,6.355446,16.370706,99.081738,6.099201,0.883266,10969.043109,0.585314,0.455323,0.256453,2.201198,3.606338,-4.28498,0.992241,46296522500,-17.847727,12864493258.771727,0.340608,63.776808,6.301737,-7.979473,89.316816,0.122242,3.844819,0.506412,0.455323,1.86662
02-13-25,8807.400391,8820.900391,8729.599609,8764.700195,873981500,8621.290039,8395.43999,8281.861506,20.52157,2.909362,3.355065,TRUE,TRUE,113.578484,9.001564,43.162699,34.593517,67.793094,-3.292016,115.412519,10.4329,9.145367,4.999159,15.362951,84.332265,4.442376,0.885369,10349.260579,0.588325,0.433192,0.232709,2.001366,3.114986,-4.28498,1.012283,45422541000,9.002215,12662516145.339561,0.281053,62.724707,5.481431,-8.560289,88.316937,0.102706,3.163715,0.482399,0.433192,1.385704
02-14-25,8764.700195,8767.700195,8717.5,8732.5,900486200,8632.655029,8402.901982,8284.663005,20.582599,3.196146,3.348305,TRUE,TRUE,118.238977,9.143506,35.828311,34.81184,64.115968,-7.417305,110.501777,4.417726,8.193327,5.06653,13.237027,72.139876,2.67248,0.887162,10254.940097,0.590926,0.437076,0.24233,1.791037,2.99365,-4.28498,1.053087,44522054800,-15.541573,12300167014.963139,0.225077,61.49846,5.590448,-7.440698,88.73952,0.10515,3.245155,0.49227,0.437076,0.973628
02-17-25,8732.5,8769.099609,8725.299805,8768,628962700,8645.030029,8411.545986,8287.435505,20.460738,3.489494,3.34139,TRUE,TRUE,124.110481,9.284882,36.356494,35.027115,66.287041,-6.657404,108.226958,1.714326,8.735551,4.919283,13.450217,82.518081,2.904759,0.862714,10323.399867,0.590683,-0.001577,0.001192,1.591638,3.253847,-4.28498,0.739986,45151017500,-14.016157,12897549059.00452,0.270218,61.127079,108.735551,104.919283,,0.134399,3.614099,-0.034531,-0.001577,1.191177
02-18-25,8768,8787.700195,8757.799805,8766.700195,681039100,8655.950049,8419.891982,8289.700505,20.236757,3.787876,3.334307,TRUE,TRUE,130.191477,9.49499,33.623069,35.399155,66.129279,-1.663814,105.107649,-1.123987,8.106747,5.963768,13.570059,81.975338,2.554899,0.833592,10401.160552,0.584631,-0.001786,0.001561,1.405307,2.921472,-4.28498,0.806599,44469978400,-14.190642,12621957104.957882,0.214037,60.899673,4.383114,-7.425233,88.495119,0.122831,3.311036,-0.039509,-0.001786,1.064786
02-19-25,8766.700195,8771.200195,8696.900391,8712.5,763343900,8664.320068,8427.96999,8291.492507,19.90493,4.086228,3.327006,TRUE,TRUE,136.477483,9.773123,11.186829,34.540222,59.744071,-4.371897,97.142276,-7.271488,7.575009,5.180235,13.7031,63.950675,1.959022,0.811723,10132.251791,0.568372,-0.002148,0.002388,1.349301,2.072927,-4.28498,0.916552,43706634500,-23.140104,12179148816.292871,0.213775,54.970493,4.144997,-7.623046,88.128168,0.08827,2.44803,-0.048863,-0.002148,0.475511
02-20-25,8712.5,8712.700195,8650.799805,8663,1295365000,8669.210059,8434.187998,8292.900505,19.439159,4.385609,3.319441,TRUE,TRUE,141.287493,9.995249,-1.806831,32.955953,54.562467,-11.724574,85.845846,-14.854334,7.147715,4.524614,12.733424,47.489096,1.141827,0.829555,9861.075882,0.573523,-0.002276,0.002632,1.359688,1.626936,-4.28498,1.532957,42411269500,23.131975,11394401143.305145,0.124509,44.98047,4.141499,-8.104641,87.987992,0.072342,1.988342,-0.051303,-0.002276,-0.062975
02-21-25,8663,8684.799805,8638.599609,8659.400391,987174200,8677.060059,8441.767998,8294.028508,18.832493,4.683392,3.311627,TRUE,TRUE,147.73949,10.134737,14.521222,31.285721,54.194373,-11.934907,75.729919,-19.976209,6.259441,3.981851,12.367811,45.476066,1.846537,0.741144,9055.265046,0.570365,-0.002196,0.002476,1.26065,1.801849,-4.28498,1.148668,41424095300,41.178003,11296140700.095608,0.148992,44.200559,6.024455,-6.132147,89.096931,0.078488,2.169116,-0.049761,-0.002196,-0.195021
02-24-25,8659.400391,8688.299805,8614.099609,8659,793153400,8684.825049,8448.916006,8295.248508,18.090309,4.978181,3.303553,TRUE,TRUE,153.667498,10.278755,17.307711,29.336225,54.150612,-5.593459,66.909375,-23.037402,4.803868,3.756515,12.684307,40.191993,1.826262,0.7538,8106.608404,0.570264,-0.002235,0.002566,1.129846,1.709011,-4.28498,0.917088,40630941900,15.941962,11462901147.641705,0.134116,45.389742,4.855945,-6.497826,89.092811,0.075004,2.073253,-0.050658,-0.002235,-0.318568
02-25-25,8659,8712.200195,8628.099609,8668.700195,918642700,8691.565039,8456.054014,8296.451511,17.259474,5.270198,3.29523,TRUE,TRUE,159.602502,10.428172,9.72586,27.874228,55.096604,0.534138,60.009998,-23.949423,4.546715,3.892662,12.829626,26.402505,1.57958,0.762021,7306.655175,0.570282,-0.002228,0.00255,1.068458,1.725046,-4.28498,1.052705,41549584600,20.421461,11431230434.137135,0.136646,45.968768,4.192713,-7.137059,88.92431,0.075605,2.089776,-0.050496,-0.002228,-0.312932
02-26-25,8668.700195,8738.299805,8668.700195,8731.5,983507000,8700.250049,8464.678018,8297.880012,16.366501,5.561841,3.286704,TRUE,TRUE,166.798005,10.669344,0.986887,26.883502,60.743706,6.549333,58.930299,-20.023298,5.726157,4.199489,14.511475,56.7698,2.02973,0.695513,6634.39102,0.576357,-0.002086,0.002188,1.065631,2.005604,-4.28498,1.113369,42533091600,27.847113,12222562346.695013,0.171045,46.873178,5.004649,-6.816025,89.171985,0.086882,2.375868,-0.046777,-0.002086,0.47103
02-27-25,8731.5,8768.099609,8680.599609,8756.200195,1169088400,8705.715039,8474.560029,8299.467512,15.382839,5.852281,3.278023,TRUE,TRUE,175.092517,10.969715,13.152318,26.361606,62.729084,8.578472,59.383197,-15.65632,5.817668,4.531679,14.76016,68.713757,1.264035,0.72977,6621.960455,0.576199,-0.002101,0.002222,1.026878,1.994206,-4.28498,1.28506,43702180000,82.318444,13073674359.328941,0.183069,55.507016,6.167664,-5.141317,90.057451,0.086393,2.363197,-0.047139,-0.002101,0.76239
02-28-25,8756.200195,8810.5,8715.400391,8809.700195,2236877400,8712.500049,8486.850029,8301.414514,14.398107,6.148413,3.269309,TRUE,TRUE,185.435515,11.411969,10.227061,26.395886,66.661975,11.565371,63.329106,-9.368329,6.381925,5.331314,14.67231,94.584065,1.564448,0.728418,6966.159796,0.576952,-0.002029,0.002067,1.041008,2.015275,-4.28498,2.318517,45939057400,96.875848,15272926683.01915,0.275955,59.996729,5.816785,,89.527642,0.087434,2.388354,-0.045464,-0.002029,1.395319
03-03-25,8809.700195,8908.799805,8809.700195,8871.299805,1257576300,8726.885059,8500.294033,8303.650012,13.452848,6.449373,3.260634,TRUE,TRUE,196.644021,11.890182,20.337746,27.389354,70.519318,9.775612,70.61286,-1.66766,7.046927,6.90245,16.111933,87.275204,3.351743,0.77167,7132.781823,0.580148,-0.001947,0.001883,1.629439,2.451805,-4.28498,1.271789,47196633700,61.881212,15578751274.865658,0.291607,61.032122,8.273364,-3.483287,91.481177,0.104161,2.829586,-0.043396,-0.001947,2.024662
03-04-25,8871.299805,8873.700195,8746,8759,1075235300,8736.295068,8513.368037,8305.362512,12.472833,6.74861,3.251894,TRUE,TRUE,208.005525,12.17759,-8.897131,27.1713,57.465409,-5.263676,66.556411,-4.579287,5.366353,5.918066,14.553632,49.168746,2.19583,0.843949,6137.172875,0.606476,-0.001943,0.001715,1.65302,1.721952,-4.28498,1.090562,46121398400,-5.081982,14722435904.718447,0.216554,54.203832,8.311712,-2.406824,92.041506,0.07988,2.075285,-0.041417,-0.001943,0.369958
03-05-25,8759,8835.700195,8752.5,8755.799805,1274923200,8742.920068,8526.792031,8307.290012,11.465548,7.043643,3.243095,TRUE,TRUE,219.502019,12.367836,-1.7642,26.968822,57.140799,-9.521176,62.364518,-7.016944,4.74196,6.237786,14.018205,48.08283,1.536535,0.837649,5539.237328,0.602063,-0.00187,0.001613,1.658438,1.933263,-4.28498,1.262372,44846475200,60.370926,13548642216.151947,0.113938,52.741774,6.620389,-3.525812,90.98394,0.087704,2.295231,-0.040164,-0.00187,0.232518
03-06-25,8755.799805,8778.200195,8645.799805,8682.799805,1027583200,8740.695068,8538.394023,8309.00801,10.350461,7.327545,3.234207,TRUE,TRUE,229.386013,12.487288,-9.114288,25.172785,50.177789,-20.341529,52.546202,-13.468208,4.162768,6.127236,12.873576,23.311893,-0.509894,0.912314,5692.53557,0.6109,-0.001999,0.001789,1.702367,1.317468,-4.28498,1.004959,43818892000,32.387674,13095386300.543221,0.073581,52.312866,7.107165,-3.289905,91.216329,0.064447,1.662169,-0.042297,-0.001999,-1.017038
03-07-25,8682.799805,8701.299805,8627.299805,8679.900391,916305900,8739.665088,8549.252031,8310.819514,9.213691,7.600894,3.225186,TRUE,TRUE,238.432517,12.462085,-17.183488,23.482267,49.917607,-7.547801,44.02368,-17.592584,3.958368,4.946324,13.319062,22.328041,-0.236764,0.937471,5786.943491,0.598893,-0.001897,0.001677,1.770225,1.708374,-4.28498,0.899528,42902586100,-7.770629,13481735190.759121,0.108325,47.265365,6.326002,-3.909219,90.507014,0.078646,2.069078,-0.040957,-0.001897,-1.032751
03-10-25,8679.900391,8700.799805,8591.599609,8600.200195,1518951000,8731.285107,8558.260039,8312.549514,8.058085,7.854795,3.215951,TRUE,TRUE,245.710525,12.319956,-28.167841,22.360198,43.275035,-13.865765,30.486946,-24.903454,3.509624,4.803804,12.139467,2.711406,-1.911536,1.01202,6524.56778,0.612095,-0.001982,0.001752,1.923912,1.163971,-4.28498,1.442771,41383635100,81.697963,12202048755.679842,0.020075,40.659562,7.300357,-2.913313,90.908701,0.05853,1.506561,-0.041856,-0.001982,-2.009097
03-11-25,8600.200195,8603.900391,8481.099609,8496,1065664100,8717.215088,8565.760039,8314.114014,6.881333,8.080339,3.206497,FALSE,TRUE,251.646025,12.007702,-33.770103,22.471094,36.446438,-13.731351,11.221547,-35.335083,1.722925,3.686884,9.656938,3.48384,-3.205965,1.065209,8276.667407,0.633664,-0.002104,0.001841,2.179662,0.567165,-4.28498,1.004351,40317971000,18.311277,11394995573.353285,-0.034071,39.974339,6.097293,-2.163063,90.58861,0.035702,0.887672,-0.042904,-0.002104,-2.672756
03-12-25,8496,8565.5,8496,8541,974845500,8703.895068,8573.120039,8315.663516,5.70366,8.279826,3.196874,FALSE,TRUE,257.456523,11.739491,-19.164322,22.57407,40.791601,-9.126007,-0.410564,-37.573755,3.147186,3.640335,9.891662,14.005229,-3.024734,1.065952,8871.184409,0.636367,-0.00196,0.001585,2.312424,0.842491,-4.28498,0.913516,41292816500,14.271315,11682539929.468393,-0.05538,46.702361,6.523457,-1.794874,90.478028,0.047315,1.171281,-0.039812,-0.00196,-1.836227
03-13-25,8541,8581.599609,8513.700195,8542.599609,772709400,8692.790039,8578.770039,8316.999512,4.509412,8.454402,3.187175,FALSE,TRUE,261.770527,11.395781,-18.405429,22.415484,40.946162,-2.328873,-9.391759,-37.24396,2.903055,3.257546,10.323889,14.379231,-2.534035,1.083896,9441.748346,0.632857,-0.001895,0.001497,2.433186,1.047398,-4.28498,0.727549,42065525900,-11.587442,11567593168.775732,-0.051547,52.105186,7.836273,-0.773824,91.408558,0.055529,1.382222,-0.038697,-0.001895,-1.590706
03-14-25,8542.599609,8642.799805,8538.099609,8632.299805,770290500,8687.780029,8586.936035,8318.847012,3.31552,8.608136,3.177495,TRUE,TRUE,268.089023,11.070143,-3.688385,21.363794,48.987971,12.541533,-9.165707,-29.614327,3.855964,4.274973,11.710277,35.351912,-1.14744,1.097871,9485.688554,0.635195,-0.001408,0.000821,2.455556,1.818176,-4.28498,0.729745,42835816400,-14.458378,12183384429.765537,-0.005532,56.968457,6.27872,-0.785128,90.904972,0.087945,2.180561,-0.02866,-0.001408,-0.584883
03-17-25,8632.299805,8688.400391,8625,8680.299805,845612500,8683.39502,8595.548027,8321.088511,2.171485,8.744741,3.167911,TRUE,TRUE,274.459517,10.805513,1.521861,19.887222,52.699905,11.908304,-5.055089,-20.402967,4.578148,4.457327,12.40126,46.574726,-1.00023,1.074766,9296.147754,0.638024,-0.001291,0.000685,2.447104,2.020967,-4.28498,0.792964,43681428900,34.445572,12812911298.161459,-0.003968,56.769933,5.751595,-1.742832,90.655801,0.096832,2.390204,-0.026176,-0.001291,-0.033296
03-18-25,8680.299805,8727,8680.299805,8705.200195,1112954700,8680.32002,8604.746035,8323.379512,1.098251,8.864007,3.158479,TRUE,TRUE,281.366523,10.39598,-3.631066,18.986151,54.547615,13.601453,0.209444,-12.110747,5.363051,5.470274,12.494998,52.396653,-0.701518,1.052902,9105.853834,0.61725,-0.001133,0.000564,2.461978,2.70231,-4.28498,1.022946,44794383600,63.420089,12886804173.101339,0.012171,57.116975,6.439208,-0.746738,91.231709,0.121355,3.096613,-0.023749,-0.001133,0.273233
03-19-25,8705.200195,8718.700195,8662.599609,8706.700195,824383600,8680.030029,8613.860039,8325.486514,0.116386,8.966094,3.149209,TRUE,TRUE,288.373525,9.920484,-7.060338,17.906655,54.662509,5.674538,4.45135,-6.295073,6.241458,4.538523,12.527468,52.747366,-0.066569,1.026961,9095.984404,0.615434,-0.001076,0.000512,2.487367,2.827484,-4.28498,0.755593,45618767200,7.996357,13358513980.673536,0.054048,50.897645,5.810837,-2.046693,89.902018,0.126085,3.226836,-0.022623,-0.001076,0.293208
03-20-25,8706.700195,8742.799805,8665.299805,8702,918761900,8681.980029,8621.506035,8327.769512,-0.784035,9.04824,3.140092,TRUE,TRUE,293.736523,9.433391,-16.510843,17.209109,54.200179,1.500274,7.349109,-2.717851,6.133605,5.735115,10.395046,51.648419,0.45019,1.013069,9099.357382,0.615726,-0.001128,0.000562,2.532331,2.706742,-4.28498,0.856885,44700005300,-29.073126,13309913143.271822,0.089325,46.310833,3.464223,-0.73648,89.92452,0.121275,3.102251,-0.023704,-0.001128,0.220015
03-21-25,8702,8702,8616,8646.799805,1930845700,8681.35,8629.472031,8329.861011,-1.588712,9.110274,3.131053,TRUE,TRUE,299.611021,8.880637,-34.757681,16.086587,48.962532,-5.585083,5.132247,-3.94777,6.680814,4.686606,9.026717,42.205794,-0.145513,1.008716,9120.152597,0.622028,-0.001298,0.000729,1.508846,2.229455,-4.28498,1.7249,42769159600,95.593209,12762083034.939245,0.065479,35.768468,3.645443,-1.299499,89.590167,0.103053,2.609336,-0.026991,-0.001298,-0.378834
03-24-25,8646.799805,8695.599609,8616.400391,8638,617343400,8680.3,8637.748027,8332.312012,-2.292236,9.153964,3.122078,TRUE,TRUE,305.436016,8.306821,-22.308244,15.044245,48.163489,-6.499021,2.634924,-5.156074,6.845112,4.288407,9.098715,44.247076,-0.242522,0.969637,9159.243201,0.622545,-0.00137,0.000811,1.523036,2.117499,-4.28498,0.555862,42151816200,-22.165952,12481469630.529875,0.045856,36.935897,3.041943,-3.20816,88.217099,0.098577,2.493987,-0.028478,-0.00137,-0.461829
03-25-25,8638,8717,8638,8663.799805,1090882500,8680.05498,8646.994023,8334.553511,-2.886034,9.182236,3.113186,TRUE,TRUE,312.440513,7.699358,-16.283186,14.174167,50.703584,-3.496595,2.706409,-4.067672,6.924847,4.778255,9.23969,61.494391,-0.05653,0.963287,9163.164206,0.620203,-0.001293,0.000728,1.097429,2.403662,-4.28498,0.974684,43242698700,18.749379,12103107521.340298,0.030015,45.061127,3.705444,-3.010258,88.411519,0.109774,2.787804,-0.026982,-0.001293,-0.177397
03-26-25,8663.799805,8714.799805,8656.400391,8689.599609,704514600,8677.959961,8654.764023,8337.183008,-3.355321,9.192495,3.104304,TRUE,TRUE,317.581016,7.192161,1.313211,13.366238,53.174627,4.212094,4.789677,-1.587523,6.791196,4.884781,9.55118,79.67132,-0.479876,0.899598,9086.934707,0.616804,-0.001388,0.000849,1.096231,2.269982,-4.28498,0.637415,43947213300,-28.367099,12199605557.971792,-0.001039,51.144735,4.623926,-1.587755,89.302209,0.103784,2.650303,-0.029132,-0.001388,0.128092
03-27-25,8689.599609,8689.700195,8611.400391,8666.099609,702932000,8673.454932,8660.248008,8339.779006,-3.769157,9.182959,3.095409,TRUE,TRUE,320.469001,6.765357,-2.563293,12.903293,50.682561,2.519072,4.49264,-1.507648,6.335123,4.149839,8.971902,70.691579,-1.028992,0.905581,8900.051874,0.605513,-0.001674,0.00128,1.100222,1.728491,-4.28498,0.649684,43244281300,-39.873495,12478791748.121332,-0.027491,51.939632,4.031887,-2.439831,89.060701,0.080646,2.098064,-0.03578,-0.001674,-0.082644
03-28-25,8666.099609,8694.200195,8636.900391,8658.900391,747545800,8665.914941,8663.322012,8342.362507,-4.135064,9.153957,3.086523,FALSE,TRUE,320.959504,6.243004,12.599328,12.396286,49.910854,-0.79273,3.634424,-1.892691,6.623573,5.122015,9.121502,67.940638,-1.711747,0.863521,8303.860488,0.602087,-0.001549,0.001108,1.060728,1.893869,-4.28498,0.741986,42496735500,-66.580833,12305279583.652649,-0.147279,60.719104,5.226991,0.322695,90.432309,0.086793,2.270718,-0.033287,-0.001549,-0.084473
03-31-25,8658.900391,8658.900391,8531,8582.799805,925075000,8651.489941,8664.568008,8344.320007,-4.409858,9.10256,3.077571,FALSE,TRUE,320.248,5.615288,19.826369,13.297017,42.537675,-10.636952,-3.150088,-6.941762,5.014068,3.698329,8.131125,35.170127,-3.25206,0.875421,6942.48399,0.614074,-0.001831,0.001489,0.922759,1.343595,-4.28498,0.933601,41571660500,-26.439851,12129517452.630278,-0.174051,61.337684,3.217351,-1.907034,88.880088,0.066151,1.697049,-0.038588,-0.001831,-0.989417
04-01-25,8582.799805,8671.900391,8581.900391,8634.799805,682410100,8645.279932,8666.298008,8346.468508,-4.511411,9.033102,3.068603,FALSE,TRUE,319.8295,5.046849,21.088095,13.8991,48.171793,-2.510767,-4.281542,-6.458573,4.536267,4.147914,8.261136,52.858933,-1.417972,0.887108,6469.573444,0.617755,-0.0017,0.001267,0.800929,1.617915,-4.28498,0.702627,42254070600,-36.533882,12249309451.304323,-0.12732,60.479012,2.933122,-1.932759,89.04238,0.077567,1.977939,-0.035601,-0.0017,-0.161991
04-02-25,8634.799805,8634.799805,8548.299805,8608.5,601417800,8637.914941,8667.566016,8348.148508,-4.476708,8.948302,3.059615,FALSE,TRUE,319.417507,4.423312,14.036292,14.838757,45.729632,-4.181222,-7.217206,-7.51539,4.67534,3.93601,8.814084,36.591157,-1.682311,0.905251,5963.859685,0.619735,-0.001806,0.001422,0.691819,1.453202,-4.28498,0.641477,41652652800,-52.827135,12485012322.389042,-0.056724,55.167453,2.654044,-3.639556,87.778673,0.071069,1.806544,-0.037707,-0.001806,-0.49322
04-03-25,8608.5,8608.5,8453.200195,8474.700195,1403210800,8627.509961,8665.756016,8349.333508,-4.467877,8.840101,3.050519,FALSE,TRUE,316.422507,3.677005,-30.685306,16.606591,35.788914,-6.74876,-20.108469,-16.325322,2.727372,2.34404,6.687231,7.424043,-2.396688,0.962191,6883.910015,0.646167,-0.001608,0.001036,0.966235,0.416433,-4.470592,1.467283,40249442000,36.554471,11470327860.341717,-0.084963,46.730699,4.345142,-0.355522,89.799953,0.03084,0.75164,-0.032194,-0.001608,-2.219811
04-04-25,8474.700195,8474.700195,8023.5,8055,1572146400,8596.264941,8656.808008,8348.20051,-4.751463,8.694516,3.040994,FALSE,FALSE,308.607498,2.113374,-70.631418,20.213132,20.635643,-27.53615,-63.459663,-47.741213,-2.307979,-2.993878,1.514848,4.379259,-7.199396,1.356211,14428.325318,0.905888,-0.000213,0.000009,2.220111,-0.899416,-9.201581,1.589432,38677295600,71.574405,10117696487.659916,-0.170051,38.388504,3.448904,-1.275056,89.360782,-0.036183,-0.62867,-0.003043,-0.000213,-3.751405
04-07-25,8055,8055,7544.799805,7702.100098,2001791200,8551.359937,8640.776006,8345.472012,-5.593226,8.496496,3.030757,FALSE,FALSE,295.303994,-0.059215,-82.675403,24.392373,14.916587,-30.813045,-124.852645,-87.307356,-6.652526,-5.964154,-3.254536,13.130241,-10.442781,1.848197,24652.549544,1.065299,-0.000354,0.000019,3.799767,-1.77975,-13.179576,1.975581,36675504400,31.78774,9350253471.432753,-0.140723,28.817553,1.048123,-2.908298,86.671686,-0.105703,-1.56183,-0.004303,-0.000354,-3.444917
04-08-25,7702.100098,7984.200195,7702.100098,7910.5,1346508600,8522.084937,8628.307998,8343.898013,-6.804796,8.256354,3.01996,FALSE,FALSE,284.409985,-1.899627,-56.062571,28.273098,27.665733,-8.123181,-154.905245,-93.887965,-4.918449,-4.041877,-0.167846,30.525893,-6.891478,2.003575,28517.933428,1.124994,-0.000242,0.000008,4.48858,-0.98406,-13.179576,1.310714,38022013000,26.353942,9993196580.782789,-0.068227,36.312754,4.260143,1.139435,90.417819,-0.05497,-0.769071,-0.002785,-0.000242,-2.144563
04-09-25,7910.5,7910.5,7599.600098,7679.5,1348496400,8479.009937,8610.742002,8341.397012,-8.548611,7.965721,3.008414,FALSE,FALSE,269.34499,-3.933742,-62.101464,31.999216,23.468028,2.832385,-195.112777,-107.276397,-6.898224,-6.776165,-3.953426,11.491228,-10.086641,2.280932,34164.465106,1.171652,-0.002575,0.000813,5.396852,-1.878516,-13.434331,1.289204,36673516600,38.329243,9337815423.718885,-0.112081,29.513749,-3.779914,-6.242825,83.471306,-0.129125,-1.73543,-0.028509,-0.002575,-2.34018
04-10-25,7679.5,8166.5,7679.5,7913.299805,1430098700,8447.544946,8596.06999,8340.14301,-10.579096,7.63617,2.996304,FALSE,FALSE,255.92698,-5.396137,-40.189609,33.161524,34.328819,19.412232,-205.740201,-94.323057,-3.780312,-4.124216,-0.655329,31.43661,-7.366608,2.5755,36374.395846,1.231516,-0.003186,0.001125,5.899951,-1.368136,-13.434331,1.325563,38103615300,85.075877,9280845252.441051,-0.10598,39.830491,1.475488,-0.019403,88.590732,-0.097308,-1.244385,-0.033547,-0.003186,-1.46874
04-11-25,7913.299805,8000.799805,7862.700195,7964.200195,1328746600,8414.139966,8581.873994,8339.130012,-12.79711,7.273094,2.983564,FALSE,FALSE,242.743982,-6.556459,-36.086123,34.24081,36.443478,8.777744,-207.661482,-76.995471,-2.893371,-3.961315,1.838784,35.778905,-7.739532,2.611866,37634.346121,1.220838,-0.003275,0.001211,6.305705,-1.533295,-13.434331,1.200547,39432361900,72.499414,9905294327.799927,-0.102915,46.331145,0.168601,,87.072621,-0.109371,-1.410963,-0.034803,-0.003275,-1.195556
04-14-25,7964.200195,8160.200195,7964.200195,8134.299805,712694800,8386.839966,8572.887998,8339.19551,-15.062872,6.887473,2.970295,FALSE,FALSE,233.692488,-7.381933,-26.323652,34.03508,43.043912,19.575884,-193.231048,-50.052029,-2.00937,-1.394058,3.648061,50.384615,-6.290105,2.659988,37582.311567,1.254152,-0.002687,0.000773,6.532424,-1.079947,-13.434331,0.647823,40145056700,-15.718512,10429631232.734556,-0.108317,44.764711,0.858676,-0.790361,87.975796,-0.075133,-0.943291,-0.027804,-0.002687,-0.671965
04-15-25,8134.299805,8257.799805,8134,8249.099609,830488500,8364.034937,8566.453994,8339.585508,-17.257026,6.48336,2.956632,FALSE,FALSE,226.868486,-7.950631,-20.971207,33.187751,47.041265,12.712447,-170.565269,-21.909,-1.70165,-0.960488,4.722544,61.27541,-5.239404,2.679599,36926.919677,1.267704,-0.002385,0.000596,6.477132,-0.841951,-13.434331,0.764712,40975545200,-25.379847,11143392373.220156,-0.080266,45.068732,0.595017,-0.695588,88.43693,-0.056196,-0.697921,-0.024418,-0.002385,-0.311251
04-16-25,8249.099609,8281.099609,8177,8275.599609,804660100,8342.479907,8559.49999,8339.757007,-19.288071,6.058007,2.942593,FALSE,FALSE,219.742983,-8.464683,-18.564306,32.246792,47.949394,11.505917,-148.749457,-0.07455,-2.699532,-1.305888,4.808821,63.58096,-4.951366,2.693287,36069.69858,1.268617,-0.002324,0.000565,6.526372,-0.766541,-13.434331,0.741603,41780205300,-2.392515,11863025630.630238,-0.068915,50.059788,0.599362,-0.374773,88.769562,-0.050011,-0.620648,-0.02377,-0.002324,-0.18542
04-17-25,8275.599609,8295.099609,8195.700195,8275.700195,735769800,8321.164917,8550.467998,8340.116006,-21.085232,5.611529,2.928127,FALSE,FALSE,210.351992,-8.929526,-18.27896,31.276163,47.953043,4.90913,-129.954121,14.976628,-2.873069,-0.988235,3.138129,64.847841,-4.898872,2.729591,35079.325538,1.268099,-0.00238,0.000593,6.41815,-0.815678,-13.434331,0.683878,42515975100,-19.91725,12311600518.275764,-0.046395,49.90236,0.257016,-0.041391,88.383843,-0.054084,-0.671481,-0.024359,-0.00238,-0.129605
04-22-25,8275.700195,8337.700195,8262.5,8328.599609,1042190300,8305.254907,8543.02999,8340.791504,-22.577047,5.149689,2.913317,FALSE,FALSE,202.238486,-9.398,-12.261253,30.072185,49.940247,2.898982,-109.527576,28.322538,-2.570104,0.12502,3.527742,69.541247,-3.679976,2.667057,34236.152627,1.267931,-0.00207,0.000449,6.48575,-0.529409,-13.434331,1.010417,43558165400,-46.024154,13101543005.648012,0.016456,56.376691,0.328071,-0.19035,88.22799,-0.030249,-0.375577,-0.021183,-0.00207,0.068187
04-23-25,8328.599609,8467.799805,8328.299805,8403.200195,1043916400,8293.514917,8535.737998,8342.108506,-23.6876,4.676898,2.898218,FALSE,TRUE,193.629492,-9.732317,-11.050655,28.095181,52.683918,4.734524,-86.324652,41.22037,-1.660594,1.164151,4.512217,78.752329,-2.71822,2.685456,33428.118592,1.273504,-0.001858,0.000359,6.279167,-0.34418,-13.434331,0.991586,44602081800,69.098171,13178626550.305271,0.03311,57.334593,0.68596,0.117841,88.492372,-0.01493,-0.18456,-0.018941,-0.001858,0.328123
04-24-25,8403.200195,8415.099609,8361.799805,8407.400391,1126605500,8280.694946,8528.337998,8343.178008,-24.403531,4.194705,2.882878,FALSE,TRUE,185.15999,-10.002977,-9.697622,26.259392,52.840638,4.887595,-66.826907,48.574492,-1.842336,1.801768,4.066154,81.094334,-2.959434,2.655907,32409.438879,1.272623,-0.001926,0.000386,5.062055,-0.40786,-13.434331,1.068317,45728687300,3.274688,13979753101.91853,0.088978,55.519693,0.094957,-0.741366,87.642302,-0.020206,-0.249949,-0.019646,-0.001926,0.390952
04-25-25,8407.400391,8442.700195,8397.099609,8415.299805,802734000,8266.979956,8520.495986,8344.138008,-24.747929,3.704904,2.867306,FALSE,TRUE,176.357979,-10.21315,-3.049615,24.397086,53.154898,3.21465,-50.159183,52.193773,-1.024423,1.764329,3.384604,93.612177,-3.156645,2.560302,31143.637598,1.272114,-0.001966,0.000402,4.53998,-0.446728,-13.434331,0.757674,46531421300,13.941429,13817796639.47073,0.076368,62.918952,1.064915,-0.86142,87.724649,-0.023437,-0.290033,-0.020058,-0.001966,0.476244
04-28-25,8415.299805,8452.599609,8415.200195,8417.299805,738741700,8254.539966,8513.547979,8344.960005,-24.723158,3.208006,2.851532,FALSE,TRUE,168.587974,-10.261108,23.678184,22.736553,53.239858,0.55594,-36.369267,52.786951,-1.016033,2.042721,3.317783,94.528711,-2.870955,2.208546,29939.097844,1.264489,-0.002279,0.000547,4.409561,-0.662297,-13.434331,0.696097,47270163000,5.094333,13162001105.227839,0.032189,71.336529,0.478692,-1.408537,87.373885,-0.041259,-0.513698,-0.023389,-0.002279,0.543636
04-29-25,8417.299805,8470.400391,8404.099609,8463.5,655924800,8244.769946,8508.167979,8346.362505,-24.327064,2.70538,2.835585,FALSE,TRUE,161.805474,-10.174636,62.236387,21.324063,55.258509,2.417871,-21.465251,54.152774,-0.82495,2.147103,3.921856,99.207581,-2.256642,1.821856,28849.081701,1.265959,-0.002179,0.000499,4.149656,-0.612316,-13.434331,0.62074,47926087800,-12.256239,13681392451.01232,0.065115,82.498486,0.838706,-1.157838,87.506018,-0.03704,-0.46063,-0.022338,-0.002179,0.758187
04-30-25,8463.5,8494.900391,8430.5,8494.900391,1589592400,8240.374976,8502.705986,8348.012507,-23.588218,2.200962,2.819488,FALSE,TRUE,154.693479,-10.178212,55.84864,20.195817,56.628952,3.474055,-7.038823,54.863362,-0.734995,3.349321,4.601539,100,-1.024135,1.632071,28369.988008,1.259996,-0.002069,0.000454,4.014794,-0.318467,-13.434331,1.458466,49515680200,71.833895,15270984851.01232,0.144116,82.930963,1.388733,0.151142,88.039583,-0.012862,-0.160708,-0.021314,-0.002069,0.897164
05-01-25,8494.900391,8505.299805,8468.299805,8496.799805,527568800,8233.474976,8497.307979,8349.559006,-22.427777,1.695528,2.803316,FALSE,TRUE,147.748972,-10.19544,100,19.228781,56.715321,3.475463,4.495669,53.118283,-1.735889,4.132552,3.971998,98.970695,-1.598184,1.401452,27515.138076,1.259868,-0.002041,0.000442,3.104004,-0.282488,-13.434331,0.487512,50043249000,-22.690359,15556157175.336643,0.152788,91.443509,1.604162,0.76783,88.059269,-0.009904,-0.123753,-0.02103,-0.002041,0.957018
05-02-25,8496.799805,8622.099609,8496.799805,8596.400391,908575200,8232.869995,8494.985986,8351.516506,-20.773014,1.196977,2.787177,TRUE,TRUE,143.46948,-9.956293,100,19.172654,61.090872,5.832363,21.426778,56.039513,-0.894623,5.99623,4.661842,96.61585,-0.140554,1.084673,27429.537789,1.266583,-0.001903,0.00038,3.387398,-0.164082,-13.434331,0.827842,50951824200,51.072216,16092031510.018305,0.164325,91.16057,0.576842,0.224558,88.275016,-0.000186,-0.002316,-0.019501,-0.001903,1.325325
05-06-25,8596.400391,8641.700195,8569.099609,8597.400391,980036200,8239.005005,8493.673994,8353.725007,-18.585806,0.704131,2.771119,TRUE,TRUE,139.948987,-9.53774,100,19.2505,61.133353,4.504401,34.527483,55.312175,0.160781,5.138681,3.412442,93.461283,1.447841,1.030129,28127.238427,1.256699,-0.002098,0.00047,2.768327,-0.416832,-13.434331,0.910506,51931860400,-30.157593,15876060496.411106,0.204658,90.981653,0.849804,0.124211,88.680033,-0.020777,-0.260286,-0.021668,-0.002098,1.274193
05-07-25,8597.400391,8600,8533.599609,8559.299805,1265512400,8264.219995,8491.671982,8355.527507,-15.947508,0.219426,2.755085,TRUE,TRUE,136.144475,-9.219852,84.79629,18.964577,58.5121,1.796779,41.35873,49.714737,-0.134177,4.583216,2.456281,83.769872,6.260705,0.926562,28646.520237,1.257354,-0.002162,0.000498,2.367529,-0.44525,-13.434331,1.192718,50666348000,-19.504163,15590178352.927858,0.257885,81.540154,-0.280281,-1.148249,87.664488,-0.023154,-0.289914,-0.022323,-0.002162,1.030072
05-08-25,8559.299805,8607.700195,8514,8531.599609,894696500,8305.694971,8489.123975,8357.348506,-12.926422,-0.258563,2.739025,TRUE,TRUE,131.775469,-8.82546,68.219979,18.499916,56.611583,-4.479289,44.02982,41.908662,-1.0634,4.395278,1.792054,76.307179,10.769784,0.90437,25958.403347,1.253599,-0.002432,0.000635,2.115352,-0.678139,-13.434331,0.889645,49771651500,-55.305204,15031581662.680956,0.282463,74.77189,-0.568902,-1.202685,86.99454,-0.042228,-0.530356,-0.025191,-0.002432,0.870256
05-09-25,8531.599609,8581.5,8531.599609,8554.799805,697106500,8337.909961,8486.845967,8359.354004,-9.537937,-0.728293,2.72296,TRUE,TRUE,127.491963,-8.363637,67.964703,18.068445,57.846543,-3.28681,47.471518,36.280288,-1.976556,4.752221,1.434703,80.515607,8.144868,0.856664,24766.398924,1.254098,-0.002399,0.000617,1.868564,-0.643601,-13.434331,0.716298,50468758000,-48.228589,14982686799.946602,0.256342,74.618454,-1.817499,0.067482,87.027453,-0.039412,-0.494784,-0.024832,-0.002399,0.875742
05-12-25,8554.799805,8646.299805,8546.299805,8605,804071800,8384.184961,8484.315967,8361.447004,-5.891557,-1.185812,2.706829,TRUE,TRUE,122.868962,-7.756301,71.446914,18.198617,60.468473,1.956373,53.631593,33.95229,-1.097638,5.703438,2.257873,89.239232,12.051566,0.852164,20005.492398,1.255743,-0.002284,0.000558,1.647474,-0.591133,-13.434331,0.849982,51272829800,-40.372714,15122598434.052071,0.305754,74.810677,-2.235144,0.85322,86.750512,-0.035011,-0.438951,-0.023616,-0.002284,1.103772
05-13-25,8605,8623.799805,8583.900391,8602.900391,694005000,8418.66499,8481.249971,8363.033005,-2.106828,-1.628231,2.690636,TRUE,TRUE,118.216965,-7.213532,66.886061,18.319492,60.299538,3.687955,57.679186,30.399906,-1.880739,6.571782,2.074024,86.352386,8.71445,0.823063,17209.905959,1.254328,-0.002176,0.000508,1.406146,-0.494684,-13.434331,0.763329,50578824800,-51.471531,15089560283.306787,0.319447,74.184927,-2.421781,1.256387,86.506971,-0.02704,-0.339392,-0.022529,-0.002176,1.07052
05-14-25,8602.900391,8616.099609,8558.200195,8585,857059700,8449.70498,8476.755967,8364.496003,1.637312,-2.051768,2.674353,TRUE,TRUE,112.259963,-6.745694,51.44287,18.109905,58.791494,0.944952,58.765113,25.188667,-2.191997,5.658935,1.648159,78.453496,7.794879,0.756886,13852.666582,1.253756,-0.002184,0.000512,1.260265,-0.461291,-13.434331,0.967776,49721765100,-35.498635,15025912155.338699,0.289105,66.956851,-2.990757,0.217804,86.018188,-0.02431,-0.305258,-0.022628,-0.002184,0.976671
05-15-25,8585,8634.599609,8531.099609,8633.799805,1229933100,8474.67998,8472.005967,8366.293,5.253703,-2.452589,2.658053,TRUE,TRUE,105.712966,-6.12949,56.884135,17.57795,61.610238,1.141765,62.839084,23.410111,-1.971076,7.575569,2.311963,94.983953,6.140664,0.794139,12280.463145,1.254864,0.183033,0.042386,1.352159,-0.426747,-13.434331,1.349411,50951698200,72.575007,16236836438.745628,0.318566,76.059266,-4.114826,1.921278,85.718718,-0.02489,-0.319027,0.205879,0.183033,1.295715
05-16-25,8633.799805,8697,8633.599609,8684.599609,950109800,8496.45498,8470.517959,8367.875999,8.688996,-2.822175,2.641753,TRUE,TRUE,102.64196,-5.424753,61.079376,17.671969,64.344405,4.044867,69.367234,23.950608,-0.9139,8.147888,3.138841,95.766345,5.279364,0.804134,11925.984609,1.257303,0.184052,0.04271,1.652776,-0.298986,-13.434331,1.035609,51901808000,14.403727,16815285037.9077,0.309115,76.383307,-2.663175,2.670584,86.005338,-0.015484,-0.199811,0.206664,0.184052,1.577602
05-19-25,8684.599609,8699.299805,8613.5,8699.299805,890111700,8517.63999,8469.387959,8369.955496,11.887462,-3.157431,2.625433,TRUE,TRUE,99.432463,-4.783219,62.169098,17.49624,65.118598,6.327103,74.864036,23.557928,-0.380191,7.781985,3.265587,100,5.119873,0.842516,11553.722159,1.254931,0.000511,0.000028,1.577691,-0.13352,-13.434331,0.965715,52791919700,10.61959,17705396737.9077,0.31693,69.743959,99.619809,107.781985,,0.006146,0.077748,0.005289,0.000511,1.572306
05-20-25,8699.299805,8789.400391,8698.099609,8781.099609,950651400,8542.909961,8471.353955,8372.987493,14.846976,-3.454134,2.60922,TRUE,TRUE,98.366462,-4.090752,64.922087,18.120818,69.134709,7.524472,84.842836,26.829383,0.149402,8.898005,4.331962,97.687163,6.107029,0.855003,11510.471664,1.258353,0.000582,0.000036,2.220312,0.184003,-13.434331,1.019512,53742571100,29.205004,18483187638.613644,0.330931,70.48468,,2.735513,86.763814,0.015993,0.200952,0.006035,0.000582,2.06933
05-21-25,8781.099609,8798.5,8762,8786.5,923718700,8565.80498,8473.485947,8376.878992,17.5489,-3.712792,2.593185,TRUE,TRUE,96.606956,-3.402097,62.953124,18.774277,69.38532,5.040915,92.124915,27.28917,0.225852,8.350908,4.972345,96.365841,5.497928,0.831796,11577.118131,1.258323,0.000587,0.000037,2.095679,0.205675,-13.434331,0.996962,54666289800,-11.367559,18799529659.161591,0.307489,69.025645,-0.907503,3.451718,87.701023,0.017745,0.222966,0.006086,0.000587,1.906304
05-22-25,8786.5,8786.5,8689.400391,8739.299805,815431200,8582.609961,8476.267939,8380.44199,19.913723,-3.935567,2.577362,TRUE,TRUE,95.82595,-2.79856,47.689099,18.408108,64.459073,-0.659525,93.015134,22.54351,0.307602,7.905912,4.797818,80.377807,3.999662,0.88541,11531.840418,1.260463,0.000489,0.000026,1.906827,0.093538,-13.434331,0.891075,53850858600,-21.887308,18822197383.558655,0.308355,63.345366,-1.219935,2.895968,87.069237,0.008557,0.107343,0.005065,0.000489,1.358758
05-23-25,8739.299805,8779.400391,8604.799805,8718,1051526200,8598.139941,8480.707939,8383.19749,21.863252,-4.121653,2.561758,TRUE,TRUE,97.510449,-2.217962,28.265755,17.106879,62.309179,-6.825531,90.953467,16.385475,0.634884,7.827979,4.813894,71.704745,3.69436,0.927966,11132.617222,1.260876,0.000429,0.00002,1.828948,0.018859,-13.434331,1.153805,52799332400,-6.664205,19134159978.021461,0.282788,55.647678,-1.232134,2.898619,86.923733,0.002432,0.030505,0.004444,0.000429,1.076657
05-27-25,8718,8824,8718,8778.099609,840001900,8616.279932,8485.449932,8386.362988,23.37801,-4.270388,2.546408,TRUE,TRUE,99.086943,-1.435139,36.93009,16.347666,65.777545,-3.607775,93.095965,14.822378,1.370756,7.715998,6.347065,85.193422,4.311193,0.948791,10950.861475,1.26055,0.000497,0.000027,1.736336,0.011503,-13.434331,0.919826,53639334300,4.642621,19246682343.384815,0.297239,55.224787,-3.408146,2.690881,86.198873,0.00194,0.024337,0.005149,0.000497,1.477689
05-28-25,8778.099609,8799.799805,8726,8726,816619700,8631.714941,8489.117939,8389.152488,24.391585,-4.388237,2.531254,TRUE,TRUE,99.965452,-0.698451,33.12145,15.642683,60.573738,-3.885336,89.557543,9.027165,0.773761,5.6148,6.634404,68.387097,3.667449,0.960512,10144.513926,1.262491,0.000372,0.000015,1.603476,-0.172179,-13.434331,0.890425,52822714600,10.54198,18430062643.384815,0.287209,57.119479,-4.057984,0.837647,85.644073,-0.013121,-0.164369,0.003852,0.000372,0.929419
05-29-25,8726,8776.299805,8709.099609,8716.5,973200900,8644.364941,8490.801943,8391.683489,24.86443,-4.473515,2.516338,TRUE,TRUE,99.118455,0.11502,38.115964,14.783185,59.647107,-2.662072,85.006842,3.581171,0.551407,5.123193,5.897151,63.298103,2.989307,0.939843,9493.016796,1.260025,0.000181,0.000004,1.41962,-0.32367,-13.434331,1.043114,51849513700,48.370804,17671208347.084698,0.213822,56.672261,-3.701592,0.501136,85.766976,-0.025626,-0.321679,0.001878,0.000181,0.759875
05-30-25,8716.5,8790.5,8715.599609,8772.400391,1740609200,8658.239941,8492.643955,8394.36949,24.8652,-4.524135,2.501751,TRUE,TRUE,98.274465,1.129716,42.024076,14.148904,63.213182,-2.564363,84.93203,2.805087,0.468423,6.221403,6.005752,82.383223,3.266666,0.954211,9217.435161,1.259495,0.000269,0.000008,1.23307,-0.335971,-13.434331,1.850674,53590122900,9.500347,18570584375.090645,0.175412,60.087807,-3.19191,1.813152,86.4262,-0.02647,-0.332421,0.002789,0.000269,1.238527
06-02-25,8772.400391,8792.099609,8730.599609,8774.299805,669303400,8672.114941,8494.025947,8396.835491,24.326869,-4.539095,2.48747,TRUE,TRUE,97.190457,1.962684,36.059671,13.579274,63.331758,2.75802,84.05705,1.544086,0.206706,6.0364,6.190396,83.031707,3.265935,0.922662,8735.371905,1.24867,0.000243,0.000006,1.103202,-0.066074,-13.434331,0.706304,54259426300,26.865614,18852457863.003502,0.173926,59.729575,-5.111962,1.086342,85.686238,-0.0047,-0.059529,0.002544,0.000243,1.169783
06-03-25,8774.299805,8801.5,8738.5,8787,690088000,8681.644922,8495.631943,8399.033489,23.255519,-4.517323,2.473514,TRUE,TRUE,96.598455,2.810197,38.346128,13.170225,64.163529,4.516422,83.42673,0.731013,-0.257673,6.107808,6.741983,87.367719,2.217203,0.940107,8903.938967,1.248774,0.000274,0.000008,0.955395,-0.027662,-13.434331,0.736731,54949514300,-24.047234,19224886307.447945,0.16723,59.758914,-4.216552,1.561416,85.896419,-0.001573,-0.019924,0.002868,0.000274,1.183241
06-04-25,8787,8821.400391,8780.400391,8801.299805,741650200,8691.839893,8497.617939,8401.482986,21.751831,-4.460799,2.459882,TRUE,TRUE,96.134954,3.555689,45.393546,13.048322,65.12284,1.909658,83.122883,0.341732,-0.789061,6.202261,6.72123,92.249858,2.37164,0.924865,9054.619255,1.243929,0.000334,0.000012,0.851644,0.184173,-13.434331,0.801983,55691164500,-24.324204,19239336332.781406,0.181844,65.816601,-5.82862,2.450946,86.404909,0.015407,0.195851,0.003505,0.000334,1.208885
06-05-25,8801.299805,8838.799805,8782.099609,8811,722917300,8704.424902,8500.901943,8403.753484,20.145105,-4.365141,2.446505,TRUE,TRUE,97.148459,4.305585,40.512216,13.160164,65.791798,2.460041,82.711361,-0.055831,0.593675,5.991887,6.344975,88.119742,2.940663,0.885907,8862.64347,1.243943,0.000361,0.000014,0.770252,0.214715,-13.434331,0.805353,56414081800,-42.875526,19253368605.685764,0.204045,64.529451,-6.444227,2.106634,86.500138,0.017887,0.227375,0.003784,0.000361,1.20252
06-06-25,8811,8851.400391,8805.599609,8837.900391,718102200,8719.739941,8504.899951,8406.576487,18.750071,-4.227461,2.43343,TRUE,TRUE,98.323464,4.957208,37.07395,13.42871,67.64516,3.481632,83.592265,0.660058,0.937671,5.724095,7.185824,94.52556,3.590192,0.868986,8350.681323,1.238105,0.000435,0.000021,0.922216,0.477186,-13.434331,0.807936,57132184000,-19.7379,19548142668.679367,0.254079,63.916899,-5.309259,1.472937,86.437387,0.038731,0.494567,0.00459,0.000435,1.41498
06-09-25,8837.900391,8850.900391,8812.099609,8832.299805,573091300,8733.614941,8508.269951,8409.320984,17.439286,-4.046449,2.420654,TRUE,TRUE,98.948967,5.409831,32.888198,13.678075,66.833298,1.710458,82.883042,-0.039332,1.721795,5.956237,7.337909,92.254444,3.243793,0.831528,7749.652993,1.22705,0.000509,0.000029,0.821643,0.729065,-13.434331,0.649314,56559092700,-17.789993,19571769054.197338,0.259972,70.222475,-5.341381,2.045427,86.665547,0.058303,0.751106,0.005414,0.000509,1.27341
06-10-25,8832.299805,8886.099609,8832.299805,8853.099609,734467300,8746.019922,8511.539951,8412.146482,16.441327,-3.825392,2.408201,TRUE,TRUE,99.393469,5.954135,20.966779,14.387018,68.352434,2.560635,83.042092,0.095774,1.995406,6.032759,8.656322,88.268744,2.883203,0.799318,7566.047526,1.225779,0.000437,0.000022,0.946429,0.666328,-13.434331,0.835448,57293560000,-8.656503,19405213718.863071,0.243571,69.708522,-4.56522,1.9951,86.629555,0.053208,0.686226,0.004655,0.000437,1.415266
06-11-25,8853.099609,8885.400391,8847.299805,8864.400391,805983200,8759.094922,8515.505967,8414.829485,15.630462,-3.567818,2.396087,TRUE,TRUE,100.676482,6.502332,22.301808,15.045323,69.178439,1.533278,83.121841,0.140419,3.072024,6.689464,7.898489,92.286088,3.039673,0.799589,7213.921682,1.225786,0.000453,0.000023,1.030524,0.689834,-13.434331,0.910995,58099543200,16.135071,19322725165.291367,0.239235,69.428035,-5.387721,2.341139,86.392826,0.055069,0.710205,0.004828,0.000453,1.459753
06-12-25,8864.400391,8896.900391,8843.599609,8884.900391,767509300,8774.089941,8520.025967,8417.526487,15.011993,-3.27818,2.384292,TRUE,TRUE,102.49948,7.218287,45.133392,15.818021,70.673742,3.840444,83.872393,0.712776,4.577453,6.379244,8.834232,95.891826,3.493307,0.762533,6484.728107,1.219221,0.000168,0.000003,1.150161,0.515872,-13.434331,0.871921,58867052500,-10.44856,19744644348.823795,0.268033,76.180993,-5.044974,1.552105,86.419598,0.040759,0.528581,0.001803,0.000168,1.708791
06-13-25,8884.900391,8898.599609,8822.200195,8850.599609,711772600,8784.929932,8525.381963,8420.059983,14.454926,-2.959126,2.372863,TRUE,TRUE,105.32198,7.945329,39.511023,16.032434,64.992147,-3.360287,80.768377,-1.912992,3.624864,6.886131,8.637638,74.670185,2.511059,0.686235,5791.124173,1.218732,-0.000007,0,1.039937,0.311556,-13.434331,0.833122,58155279900,-42.129161,19562036141.870209,0.194606,78.321376,-4.851669,2.07206,86.431351,0.024519,0.31815,-0.000071,-0.000007,1.133971
06-16-25,8850.599609,8902.400391,8850.599609,8875.200195,842787400,8794.459961,8530.189971,8422.537986,13.911276,-2.611155,2.361773,TRUE,TRUE,107.651985,8.745441,32.355803,16.29294,67.038787,-2.139652,79.378458,-2.642329,3.893435,6.909519,9.002481,85.928564,2.194696,0.640713,5618.889393,1.218702,0.000009,0,0.989501,0.30963,-13.434331,0.992709,58998067300,-11.295789,19519741064.975555,0.159277,78.345114,-6.007909,2.429847,86.411583,0.024392,0.316512,0.000094,0.000009,1.436943
06-17-25,8875.200195,8875.200195,8809.900391,8834,851103300,8801.194971,8534.699971,8424.824988,13.350214,-2.236396,2.350984,TRUE,TRUE,109.874983,9.471107,37.343995,15.604465,60.644316,-10.029426,74.098267,-6.338016,2.336575,6.282637,7.846132,64.61453,1.548403,0.636828,5210.687218,1.220435,-0.000056,0,0.879825,0.204818,-13.434331,1.004813,58146964000,-4.382416,19296855786.941547,0.093944,78.054356,-5.580226,0.980396,86.204404,0.016128,0.209001,-0.000601,-0.000056,0.629572
06-18-25,8834,8858.599609,8820.400391,8843.5,657935000,8804.31499,8542.075967,8427.223489,12.806324,-1.835953,2.340472,TRUE,TRUE,114.852478,10.197306,43.913772,14.965167,61.554917,-3.43723,69.874775,-8.449206,1.880122,6.544344,7.780532,68.468874,0.710622,0.61272,5270.503719,1.220421,-0.00003,0,0.73007,0.239837,-13.434331,0.790416,58804899000,-30.79114,19434646039.523609,0.057152,86.040678,-5.199399,0.721345,86.253879,0.018907,0.245007,-0.000326,-0.00003,0.743478
06-19-25,8843.5,8844.099609,8788.799805,8791.799805,481335200,8804.57998,8556.811963,8429.689988,12.234629,-1.410873,2.330258,TRUE,TRUE,127.121975,10.737328,6.806742,14.100891,54.204538,-12.834249,61.645246,-13.342988,0.994803,6.411206,6.277423,35.622769,0.060318,0.600399,5262.401371,1.219976,-0.000028,0,0.704921,0.250709,-13.434331,0.594042,58323563800,-47.891582,19005535457.970638,0.012712,79.480531,-6.241432,0.329,85.921782,0.019754,0.256078,-0.000296,-0.000028,-0.242858
06-20-25,8791.799805,8847.299805,8772.299805,8774.700195,1831139500,8806.35,8578.263965,8432.215491,11.594503,-0.964977,2.320262,TRUE,TRUE,146.048474,11.226345,0.133373,13.629933,51.993116,-8.651199,53.131027,-17.485765,0.781008,7.071212,6.51881,22.086705,0.405071,0.612558,5087.916045,1.220212,-0.000024,0,0.704353,0.230555,-13.434331,2.126618,56492424300,124.560883,17291607960.340431,-0.088879,65.228801,-4.821057,1.014404,85.797717,0.018188,0.235733,-0.000256,-0.000024,-0.622058
06-23-25,8774.700195,8787.099609,8741.400391,8758,611232900,8808.35,8595.213965,8434.79699,10.891706,-0.503728,2.310478,TRUE,TRUE,160.416975,11.724116,-9.533104,13.773397,49.853898,-11.701019,44.522653,-20.875312,0.64353,6.816607,5.752517,10.310316,0.458821,0.599616,4792.378291,1.220044,-0.000115,0.000002,0.745051,0.124544,-13.434331,0.728489,55881191400,-41.871834,17124418860.41736,-0.119764,59.491538,-5.546162,-2.207694,85.227868,0.009753,0.126437,-0.001233,-0.000115,-1.050627
06-24-25,8758,8831.900391,8758,8759,1063635300,8807.39502,8616.803965,8437.68449,10.145583,-0.03152,2.300919,TRUE,TRUE,179.119475,12.262021,-14.540846,12.909675,49.986595,-4.217943,37.350591,-22.437899,1.297592,8.065096,6.198019,10.931434,-0.217583,0.626377,4874.163194,1.219521,-0.000141,0.000002,0.797048,0.062469,-13.434331,1.251006,56944826700,26.622964,16089569207.989841,-0.185664,60.627046,-5.757945,-2.239974,84.771591,0.004862,0.063057,-0.001504,-0.000141,-0.992889
06-25-25,8759,8792.400391,8716.200195,8718.799805,699302400,8807.03501,8632.913965,8439.92449,9.350637,0.442081,2.291568,TRUE,TRUE,192.989475,12.690336,-28.686759,12.867211,44.84871,-7.144407,28.098953,-25.351629,0.935399,7.84454,5.999781,1.396137,-0.082514,0.645241,4939.665328,1.220526,-0.000138,0.000002,0.914061,0.021552,-13.434331,0.828206,56245524300,-14.36621,15437980939.628078,-0.177181,54.422201,-3.85253,-0.928651,84.973796,0.001668,0.021619,-0.00148,-0.000138,-1.786259
06-26-25,8718.799805,8757.099609,8707.700195,8735.599609,768435000,8807.98999,8648.341953,8442.572488,8.50543,0.913678,2.282426,TRUE,TRUE,205.769465,13.131061,-32.862153,12.972696,47.287128,-2.56677,21.870458,-25.264099,0.828733,7.810969,6.796085,14.329423,0.21912,0.646942,4771.005986,1.22066,-0.000096,0.000001,1.00857,0.081319,-13.434331,0.921252,57013959300,-21.040455,15537527337.868664,-0.1279,47.913281,-4.584881,-0.996334,84.56613,0.006414,0.08311,-0.001024,-0.000096,-1.517298
06-27-25,8735.599609,8798.900391,8735.599609,8798.900391,711522100,8809.31499,8661.633965,8445.597488,7.652179,1.388161,2.273541,TRUE,TRUE,216.036477,13.542312,-9.05126,12.17908,55.305657,5.319062,21.790982,-20.27486,1.257834,8.134452,7.775508,46.841348,0.302084,0.662177,4703.281898,1.21815,0.000225,0.000006,1.029125,0.429758,-13.434331,0.909101,57725481400,-59.122237,16249049437.868664,-0.148309,48.519741,-4.769686,-0.190971,85.284917,0.034097,0.442614,0.002414,0.000225,-0.221433
06-30-25,8798.900391,8818.400391,8761,8761,713304300,8808.65,8671.871973,8448.197488,6.781325,1.862453,2.264905,TRUE,TRUE,223.674485,13.967558,-23.853605,11.554409,50.365606,5.516897,18.456992,-18.887081,1.095076,7.499573,7.275802,27.375322,-0.151577,0.667977,4764.40011,1.217467,0.00001,0,1.090345,0.204729,-13.434331,0.908823,57012177100,6.574134,15535745137.868664,-0.211292,48.396757,-5.539367,-1.590912,84.434242,0.016188,0.210293,0.000109,0.00001,-1.000126
07-01-25,8761,8790.799805,8726.900391,8785.299805,766020100,8808.56499,8682.065977,8450.758489,5.854415,2.333577,2.256543,TRUE,TRUE,231.307488,14.38105,-19.819615,11.142677,53.248953,5.961825,17.573001,-15.816857,1.459763,8.180025,8.177358,39.855948,-0.019349,0.687105,4768.616183,1.217061,-0.00122,0.000335,1.129075,0.331304,-13.434331,0.97129,57778197200,11.003249,16169898283.78739,-0.193682,41.529978,101.459763,108.180025,,0.022021,0.286181,-0.018292,-0.00122,-0.487881
07-02-25,8785.299805,8828.200195,8739,8774.700195,1097788200,8807.23501,8692.045977,8453.239988,4.878622,2.794293,2.248472,TRUE,TRUE,238.805989,14.540562,-28.314385,10.653276,51.834449,-3.471208,15.8346,-14.044206,2.235872,7.362048,7.387011,34.411881,-0.302224,0.717158,4826.685417,1.199147,-0.00126,0.000368,1.079874,0.652563,-13.434331,1.361228,56680409000,48.019673,15950835808.870321,-0.203883,43.121765,-5.294917,-2.100765,84.503549,0.049148,0.642691,-0.019171,-0.00126,-0.674061
07-03-25,8774.700195,8837.799805,8774.700195,8823.200195,651280900,8807.84502,8701.937988,8455.806487,3.936727,3.246472,2.240711,TRUE,TRUE,246.131501,14.051554,-6.792097,10.374287,57.40943,7.043823,18.1611,-9.374165,2.181873,6.817116,7.060784,59.321974,0.138466,0.702449,4839.386911,1.00335,-0.001492,0.000738,1.08865,2.231559,-13.434331,0.811173,57331689900,-9.909349,16300737767.6192,-0.183876,48.913605,-5.637923,-2.731188,84.386333,0.143436,2.244573,-0.027167,-0.001492,0.317296
07-04-25,8823.200195,8830.900391,8782.099609,8822.900391,444807000,8807.09502,8710.331992,8458.652488,3.070415,3.685282,2.233202,TRUE,TRUE,251.679504,12.92123,-13.795759,10.115225,57.365228,4.116275,19.752976,-6.225831,2.490566,7.282349,7.545192,68.776236,-0.169724,0.700045,4801.833731,0.807889,-0.001108,0.000631,0.781627,4.205124,-13.434331,0.563601,56886882900,-38.057981,16599708741.684677,-0.186794,47.089586,-4.123755,-1.486964,84.383466,0.220166,4.288723,-0.025125,-0.001108,0.329153
07-07-25,8822.900391,8836.900391,8798.700195,8806.5,580213300,8805.805029,8718.313984,8461.041487,2.273392,4.107984,2.225949,TRUE,TRUE,257.272498,12.054956,-7.761767,9.996324,54.876154,3.041705,19.466774,-5.209627,3.91518,6.749334,7.48154,65.473949,-0.292107,0.679368,4765.072761,0.741185,-0.001374,0.001158,0.789063,3.551365,-13.434331,0.734839,56306669600,1.242734,16256434042.656122,-0.209943,53.509903,-6.712897,-2.089035,84.350904,0.169501,3.607857,-0.034035,-0.001374,0.014585
07-08-25,8806.5,8854.200195,8803.299805,8854.200195,698144300,8805.860059,8727.091992,8464.162488,1.564467,4.513889,2.219006,TRUE,TRUE,262.929504,10.825562,2.726158,10.236866,60.27503,2.8656,22.825842,-1.480447,9.92179,7.384818,8.776633,100,0.012432,0.685954,4770.882034,0.620556,0.000013,0,0.895213,5.717663,-13.434331,0.886237,57004813900,-4.945489,16954578342.656122,-0.155544,53.677898,-5.417008,-1.314059,85.16386,0.23355,5.954528,0.000395,0.000013,1.013233
07-09-25,8854.200195,8887.700195,8854.200195,8867,707584400,8805.990039,8736.085996,8467.198987,0.973862,4.904101,2.212364,TRUE,TRUE,268.887009,9.948143,21.266988,11.083105,61.602628,4.2374,26.218534,1.529796,15.124445,7.465762,8.21993,88.499891,0.029326,0.667403,4787.993937,0.499502,-0.000042,0.000002,0.999889,5.567319,-13.434331,0.903865,57712398300,-12.208542,16787706905.039518,-0.161911,58.875671,-2.12921,-0.7586,85.097814,0.183374,5.861411,-0.001569,-0.000042,1.274228
07-10-25,8867,8979.400391,8867,8975.700195,750104900,8810.530029,8746.33,8470.663489,0.614358,5.283868,2.206107,TRUE,TRUE,275.666511,9.282195,45.148129,13.142389,70.59122,15.715066,37.24908,10.048273,13.465649,7.8849,9.149616,98.638133,1.021956,0.689084,5881.270298,0.513899,0.000024,0.000001,2.049618,5.711335,-13.434331,0.959247,58462503200,-2.267647,17488425239.398064,-0.144265,72.432341,-6.220392,-0.815649,85.718572,0.193632,6.006363,0.000867,0.000024,2.80841
07-11-25,8975.700195,8984.099609,8918.5,8941.099609,685521300,8815.055029,8755.253984,8474.025486,0.435857,5.648383,2.20018,TRUE,TRUE,281.228499,8.791619,39.537679,15.108103,65.347305,5.072275,42.706593,12.40463,16.428148,8.396673,8.338877,84.442803,1.02253,0.707648,6519.326657,0.452391,-0.000497,0.000421,1.947139,5.01331,-13.434331,0.878131,57776981900,-3.688158,17275239483.644348,-0.146466,78.547511,2.976437,-1.517262,85.661199,0.148473,5.275664,-0.020506,-0.000497,1.933399
07-14-25,8941.099609,8999.200195,8931.099609,8998.099609,514090200,8821.2,8765.27998,8477.591482,0.450315,5.999015,2.194631,TRUE,TRUE,287.688499,8.544227,46.060275,17.108755,69.382387,7.779759,51.042747,16.592627,13.708564,9.410026,9.96089,99.622441,1.384751,0.698562,7604.906384,0.426358,-0.000666,0.00086,2.052752,4.839232,-13.434331,0.672695,58291072100,-39.0012,17772713073.465816,-0.114301,77.373234,-3.948666,-2.063376,85.617559,0.13458,5.098136,-0.029319,-0.000666,2.326125
07-15-25,8998.099609,9017,8938.299805,8938.299805,688056100,8826.41499,8772.117969,8480.678982,0.605404,6.334315,2.189419,TRUE,TRUE,291.438987,8.202095,40.746152,19.169234,61.315676,-9.275544,52.221883,14.21741,12.230978,8.98372,9.472252,74.555369,1.180663,0.705233,8042.333515,0.438312,-0.000805,0.001185,1.886039,4.112186,-13.434331,0.91004,57603016000,-19.157158,17084656973.465816,-0.146295,77.32446,-1.941081,-1.692423,85.592267,0.117124,4.31216,-0.034424,-0.000805,1.391198
07-16-25,8938.299805,8972.299805,8926.599609,8926.599609,633643300,8830.569971,8778.701953,8484.12698,0.831189,6.655278,2.184531,TRUE,TRUE,294.574973,7.804126,35.794498,20.726865,59.849501,-5.497804,51.617238,10.890212,9.740234,7.535146,9.027171,68.838155,0.939669,0.703197,8344.242484,0.439298,-0.000831,0.001258,1.730419,4.02339,-13.434331,0.83942,56969372700,-3.692112,16451013673.465816,-0.197629,78.271114,-3.814789,-2.763065,85.02032,0.114761,4.215716,-0.035475,-0.000831,1.150849
07-17-25,8926.599609,8982.799805,8926.599609,8972.599609,566360500,8839.609961,8786.967949,8487.606477,1.150819,6.963414,2.179925,TRUE,TRUE,299.361472,7.535055,33.643028,22.307807,63.540735,-5.841652,54.224797,10.798217,8.770654,6.919758,9.356594,84.694778,2.05646,0.69394,8865.218584,0.437136,-0.000853,0.001338,1.627889,3.968296,-13.434331,0.746086,57535733200,17.664468,16811788136.436502,-0.144495,77.96902,-4.974689,-4.213233,84.569113,0.11256,4.157347,-0.036573,-0.000853,1.500128
07-18-25,8972.599609,9016.400391,8969.099609,8992.099609,678409600,8850.479932,8796.177949,8491.112473,1.601006,7.25862,2.175672,TRUE,TRUE,305.065476,7.388606,46.414828,24.180289,65.009305,3.693629,57.205367,11.023029,8.657983,5.724726,10.255397,91.416607,2.477571,0.684412,9347.154956,0.425486,-0.000993,0.001925,1.467786,3.65512,-13.434331,0.967122,58214142800,-62.951506,16793131732.373409,-0.035531,77.926477,-4.7089,-3.902303,85.082357,0.10039,3.820463,-0.043874,-0.000993,1.51511
07-21-25,8992.099609,9013,8975.200195,9013,770772700,8863.229932,8805.341953,8494.764973,2.198554,7.540322,2.171758,TRUE,TRUE,310.57698,7.250813,46.04646,25.919022,66.563865,6.714364,60.555925,11.49887,8.909214,5.780177,9.930724,98.561151,2.911624,0.662141,9749.781801,0.425673,-0.00096,0.001797,1.452752,3.766907,-13.434331,1.086437,58984915500,26.101311,17563904432.373409,0.030974,85.95525,-3.881427,-3.480021,85.342319,0.103625,3.940712,-0.042386,-0.00096,1.536138
07-22-25,9013,9035.400391,8995.099609,9023.799805,637414800,8876.469922,8813.717949,8498.480974,2.887639,7.804947,2.168172,TRUE,TRUE,315.236975,7.11046,50.353552,27.795241,67.370562,3.829827,63.352433,11.436303,8.347144,5.56251,10.485588,95.55022,3.023174,0.622642,10053.109613,0.425663,-0.000956,0.00178,1.362028,3.783077,-13.434331,0.926288,59622330300,-40.072053,17834359340.486233,0.126776,85.275279,-3.747082,-3.28303,85.278708,0.104089,3.958333,-0.042185,-0.000956,1.465516
07-23-25,9023.799805,9080.099609,9023.299805,9061.5,716780800,8893.604932,8822.889941,8502.270476,3.711955,8.05201,2.164883,TRUE,TRUE,320.619465,7.001485,49.245532,29.990481,70.083946,5.07464,67.828888,12.730206,7.833918,6.043234,11.133593,93.75852,3.930589,0.615086,10144.420744,0.427232,-0.000885,0.001512,1.556513,4.013193,-13.434331,1.040301,60339111100,2.499405,18081707438.706753,0.191849,85.411673,-3.760328,-2.932393,85.510494,0.111111,4.206489,-0.038885,-0.000885,1.655048
07-24-25,9061.5,9158.200195,9060.700195,9138.400391,800722200,8913.744971,8833.957949,8507.009478,4.708883,8.281299,2.161964,TRUE,TRUE,326.948472,7.061083,56.288832,32.62061,74.704683,8.140818,76.697607,17.27914,8.694721,6.692198,11.629049,94.492405,4.611026,0.647974,10818.462014,0.433986,-0.000847,0.00134,2.105373,4.133495,-13.434331,1.159413,61139833300,4.201683,18557216445.49762,0.218619,85.995578,-1.638488,-1.503532,86.340782,0.116395,4.331475,-0.03661,-0.000847,2.076593
07-25-25,9138.400391,9145,9094.700195,9120.299805,1064163700,8929.814941,8843.687949,8511.392476,5.797273,8.487545,2.159394,TRUE,TRUE,332.295474,7.106724,55.816187,35.062873,71.890033,4.519471,81.328065,17.527678,8.377598,7.267353,10.072771,89.320837,3.652722,0.658737,11394.48323,0.434822,-0.000948,0.001674,1.869008,3.779277,-13.434331,1.502506,60075669600,49.561581,18576244825.478981,0.16429,86.717254,-2.490941,-1.284768,85.753693,0.106262,3.949036,-0.040918,-0.000948,1.671729
07-28-25,9120.299805,9169,9058.400391,9081.400391,543629900,8945.834961,8851.623965,8515.610977,6.922818,8.673123,2.157122,TRUE,TRUE,336.012988,7.05706,41.055228,36.172487,66.124076,-3.959869,80.926014,13.700502,7.88971,6.793516,9.514736,72.172915,3.657121,0.708514,11145.731182,0.440346,-0.001017,0.001874,1.682301,3.462167,-13.434331,0.776863,59532039700,-23.787099,18258718575.765945,0.194561,80.901067,-2.189454,-1.640269,85.636035,0.098293,3.605794,-0.04329,-0.001017,1.216299
07-29-25,9081.400391,9163.200195,9076.400391,9136.299805,717674800,8963.384961,8860.363965,8520.023975,8.091442,8.839899,2.155189,TRUE,TRUE,340.33999,7.233724,45.222395,37.202844,69.804926,-4.899757,84.068224,13.474169,7.949428,7.058899,10.416458,89.172121,3.99531,0.745927,11247.857928,0.422932,-0.001156,0.002644,1.483292,3.249588,-13.434331,1.029134,60249714500,-6.311231,18531559829.625515,0.169329,80.960215,-2.066073,-1.126322,85.86267,0.088036,3.37574,-0.051418,-0.001156,1.537314
07-30-25,9136.299805,9146.799805,9091.5,9136.900391,774736700,8981.494971,8867.47998,8524.244976,9.264968,8.990683,2.153583,TRUE,TRUE,343.235005,7.383064,33.073398,38.159603,69.84353,-2.046503,85.619937,12.020706,7.557475,6.766933,9.18858,87.185785,4.127779,0.701239,10962.2174,0.422951,-0.001156,0.002646,1.404905,3.246278,-13.434331,1.137302,61024451200,-29.427489,19028919803.756229,0.225929,73.050902,-2.160865,-0.621288,86.305674,0.087946,3.372145,-0.051437,-0.001156,1.417646
07-31-25,9136.900391,9190.700195,9115.799805,9132.799805,926035400,8996.974951,8874.405977,8528.662476,10.407224,9.124942,2.152309,TRUE,TRUE,345.743501,7.431124,41.956582,39.499801,69.193083,3.069007,85.532828,9.546878,7.485171,5.619348,10.254236,78.076387,3.508926,0.708828,10793.924231,0.417332,-0.001067,0.002315,1.281042,3.542484,-13.434331,1.332534,60098415800,42.186789,18523245410.384823,0.159906,73.743864,-1.887223,-0.099953,86.539804,0.09509,3.696802,-0.048111,-0.001067,1.258345
08-01-25,9132.799805,9132.799805,9027.900391,9068.599609,750993500,9009.259912,8880.991973,8532.359976,11.428731,9.243007,2.151347,TRUE,TRUE,348.631997,7.295118,15.190641,38.319382,59.802737,-10.002189,79.368464,2.706011,5.492988,4.549223,10.93495,53.767393,2.78479,0.742831,10083.244421,0.426764,-0.001082,0.002269,1.2306,3.229021,-13.434331,1.057361,59347422300,68.83581,18354997753.333332,0.123568,67.039403,-1.795977,-1.161022,86.797325,0.088473,3.359026,-0.047635,-0.001082,0.588498
08-04-25,9068.599609,9129.099609,9068.099609,9128.299805,1259903600,9025.349902,8889.197969,8536.075977,12.35572,9.352384,2.150709,TRUE,TRUE,353.121992,7.266463,40.948103,37.223278,64.6122,-5.23133,78.396759,1.387445,6.175116,6.345825,13.986908,76.372491,3.654117,0.724122,9206.908523,0.432242,-0.002652,0.019533,1.082947,3.424609,-13.434331,1.692879,60607325900,117.144902,19581862769.56028,0.223412,75.089488,106.175116,106.345825,,0.0853,3.221201,-0.139762,-0.002652,1.118181
08-05-25,9128.299805,9178,9126.599609,9142.700195,815463500,9039.774902,8896.48998,8539.997979,13.159506,9.451302,2.150431,TRUE,TRUE,356.492002,7.314629,46.303748,36.879366,65.678905,-3.514178,77.890791,0.705181,6.815983,6.672661,13.903596,81.825107,3.258341,0.727435,8625.997096,0.42773,-0.00276,0.021634,0.921239,3.195335,-13.434331,1.087135,61422789400,16.804434,19277268545.104607,0.154825,81.193451,-2.322973,-2.625751,85.79859,0.075903,2.878265,-0.147085,-0.00276,1.193199
08-06-25,9142.700195,9184.200195,9142.700195,9164.299805,902688800,9054.639893,8905.255977,8544.228477,13.82595,9.540352,2.150525,TRUE,TRUE,361.0275,7.364766,43.341495,36.639439,67.272437,7.469701,78.329778,0.915335,7.415962,6.2737,12.212711,88.086498,3.352879,0.714263,8033.181022,0.427749,-0.002702,0.020736,0.948501,3.356417,-13.434331,1.18797,62325478200,27.573304,19314229165.21003,0.16625,81.775238,-2.94243,-3.538971,84.675048,0.080836,3.062876,-0.143999,-0.002702,1.365087
08-07-25,9164.299805,9164.299805,9084.5,9100.799805,857875100,9060.894873,8912.941973,8548.199976,14.279525,9.611647,2.150948,TRUE,TRUE,364.741997,7.249267,22.352417,35.056844,58.650862,-5.961338,72.71554,-3.759123,6.382382,4.279674,11.734804,58.282881,1.393759,0.744754,7871.586512,0.438239,-0.002766,0.020637,0.825682,2.983367,-13.434331,1.121044,61467603100,14.36735,18806810977.505203,0.086141,74.629871,-2.856352,-4.785308,84.751877,0.071947,2.657373,-0.143655,-0.002766,0.506949
08-08-25,9100.799805,9127.099609,9079.900391,9095.700195,874135800,9068.624902,8919.407969,8552.385479,14.538488,9.662124,2.15172,TRUE,TRUE,367.02249,7.179456,17.577051,33.48925,58.007901,-7.671004,67.081447,-7.514573,5.702501,4.54227,11.356375,51.431638,1.7291,0.752552,7376.812862,0.434281,-0.002896,0.023099,0.726004,2.630121,-13.434331,1.128387,60593467300,27.514025,18517904140.022789,0.080205,67.374193,-2.553358,-4.945006,84.704386,0.06027,2.252379,-0.151983,-0.002896,0.367032
08-11-25,9095.700195,9137.700195,9093.200195,9129.700195,574794700,9075.204932,8926.515977,8556.686978,14.607169,9.691725,2.152921,TRUE,TRUE,369.828999,7.225816,21.450302,32.212975,61.071975,-6.200463,64.615061,-7.984767,6.123514,4.127608,11.198134,63.56042,1.462538,0.753035,7301.169263,0.43096,-0.002939,0.024195,0.607761,2.518655,-13.434331,0.739084,61168262000,11.808142,18886031082.719418,0.071576,67.21782,-1.958056,-4.53873,84.93977,0.056275,2.122286,-0.155548,-0.002939,0.746391
08-12-25,9129.700195,9165,9119.400391,9147.799805,620578300,9085.679932,8933.731973,8561.181978,14.525873,9.700702,2.154527,TRUE,TRUE,372.549995,7.302028,18.202847,31.475056,62.635019,3.984157,63.390197,-7.367705,6.555618,4.219922,11.081693,73.648377,2.343846,0.7428,6712.750133,0.431073,-0.003815,0.027664,0.530858,2.535782,-13.434331,0.80143,61788840300,-9.80702,19038444496.528473,0.126158,66.962535,-1.499545,-4.698342,84.824464,0.058953,2.226534,-0.166325,-0.003815,0.925401
08-13-25,9147.799805,9182.700195,9142.400391,9165.200195,668377900,9097.609961,8941.00998,8565.57998,14.290739,9.689594,2.156572,TRUE,TRUE,375.43,7.520486,6.464006,31.064686,64.1263,6.118399,63.096215,-6.129349,6.154884,4.062491,10.676125,84.336591,2.672917,0.696811,5794.114013,0.416469,-0.00379,0.027288,0.533448,2.148182,-13.434331,0.861228,62457218200,5.481728,19126342498.886288,0.172363,66.587068,-1.195883,-5.589608,84.763816,0.061317,2.334372,-0.165189,-0.00379,1.166533
08-14-25,9165.200195,9177.200195,9133.700195,9177.200195,558589800,9107.83999,8948.333984,8570.367983,13.942921,9.661178,2.15909,TRUE,TRUE,377.966001,7.746424,13.929104,30.455422,65.159042,4.087068,63.104108,-4.897165,5.672116,4.706379,9.940817,91.707607,2.280282,0.690607,5251.580519,0.416535,-0.003778,0.027122,0.622781,2.191941,-13.434331,0.720123,63015808000,-1.372041,19684932298.886288,0.1852,59.868913,-1.102429,-3.935947,85.117348,0.062599,2.382636,-0.164689,-0.003778,1.320749
08-15-25,9177.200195,9222.099609,9129.5,9138.900391,637843000,9115.180029,8954.353984,8575.264485,13.468238,9.613747,2.162135,TRUE,TRUE,379.0895,7.807864,14.096579,30.574405,59.292092,-3.342927,59.335901,-6.932297,5.053287,4.653884,9.956204,57.157799,1.632553,0.679433,4524.301362,0.413836,-0.003751,0.027079,0.567856,2.282863,-13.434331,0.82445,62377965000,-5.979662,19176592509.491421,0.154038,65.182836,,-4.858612,84.802518,0.064743,2.480379,-0.164557,-0.003751,0.524288
08-18-25,9138.900391,9165.700195,9126.900391,9157.700195,904487300,9122.415039,8960.861992,8580.502485,12.900183,9.546717,2.165708,TRUE,TRUE,380.359507,7.841815,5.755876,30.612629,61.141632,-2.984668,57.20711,-7.248871,4.288763,4.444573,9.582498,66.838479,1.605461,0.640599,3921.061494,0.412026,-0.003674,0.026219,0.55812,2.581491,-13.434331,1.159087,63282452300,17.348124,19708093478.334389,0.137387,57.630481,-2.167546,,84.997225,0.072753,2.798566,-0.161924,-0.003674,0.899888
08-19-25,9157.700195,9197.099609,9154.799805,9189.200195,638477900,9130.685059,8967.584004,8585.562485,12.269571,9.460045,2.169828,TRUE,TRUE,382.021519,8.004835,12.987281,31.09383,64.085991,-1.073051,57.40014,-5.644672,4.58317,4.819373,11.070557,83.058936,1.832935,0.628298,3447.302709,0.405774,-0.003786,0.028685,0.652098,2.396055,-13.434331,0.818144,63920930200,0.166783,20108102130.586494,0.145678,64.161165,-2.880047,-3.861783,85.350609,0.066317,2.593581,-0.169368,-0.003786,1.697418
08-20-25,9189.200195,9301.200195,9166.799805,9288.099609,738157900,9142.015039,8976.057988,8591.081982,11.689091,9.359228,2.174548,TRUE,TRUE,384.976006,8.218836,31.216102,32.634217,71.410528,12.118436,64.786655,1.393474,6.279677,6.606595,12.129067,95.206515,2.500685,0.667365,4588.590063,0.416127,-0.00348,0.023057,1.58523,3.39809,-13.434331,0.94458,64659088100,2.982376,20702357160.075108,0.167675,63.565938,-1.241424,-2.55693,86.063948,0.096155,3.657434,-0.151844,-0.00348,3.183648
08-21-25,9288.099609,9309.200195,9257.5,9309.200195,471872700,9150.555029,8984.543984,8596.765984,11.175062,9.245216,2.179881,TRUE,TRUE,387.778,8.420089,52.949141,34.131607,72.690261,11.548629,71.518738,6.500445,6.781374,7.459312,12.321431,100,1.869034,0.625033,5915.367309,0.415461,-0.00342,0.022354,1.658413,3.617538,-13.434331,0.616808,65130960800,-41.069112,21174229860.075108,0.171041,69.721534,-1.359946,-2.701025,85.830612,0.102195,3.89245,-0.149514,-0.00342,2.681916
08-22-25,9309.200195,9357.5,9285.599609,9321.400391,503779500,9160.610059,8993.96,8602.539485,10.702308,9.121864,2.185803,TRUE,TRUE,391.420515,8.703152,47.45659,35.900459,73.430801,9.34481,76.951369,9.546461,6.189276,7.644871,11.93113,86.9958,2.204978,0.632568,6986.252303,0.409594,-0.003503,0.024131,1.689293,3.339761,-13.434331,0.68355,65634740300,-52.659586,21172136081.695187,0.176111,67.429433,-1.299387,-4.980569,85.15685,0.093182,3.603007,-0.155342,-0.003503,2.301525
08-26-25,9321.400391,9325.900391,9249.599609,9265.799805,1238002200,9169.830029,9001.771992,8608.164983,10.267154,8.983667,2.192265,TRUE,TRUE,393.607009,8.867778,27.471483,36.590158,64.806097,-6.604431,75.89539,6.792386,6.186108,7.007735,11.027498,66.966742,2.030517,0.655559,7101.713075,0.419309,-0.003611,0.024449,1.617593,2.872351,-13.434331,1.604205,64396738100,127.728865,20459839571.957821,0.142611,56.555254,-1.349255,-5.723463,84.56949,0.082113,3.101051,-0.15636,-0.003611,1.351361
08-27-25,9265.799805,9301.900391,9230.599609,9255.5,580184000,9175.790039,9010.201992,8614.080483,9.857415,8.831061,2.199176,TRUE,TRUE,396.121509,9.009731,20.879175,36.757096,63.322359,-9.367902,73.381515,3.422809,6.183675,6.769179,10.925341,63.256432,1.304688,0.679287,7302.842199,0.420061,-0.003659,0.025013,1.565061,2.706025,-13.434331,0.75856,63816554100,-19.157814,20284891194.376053,0.114619,49.241405,-2.081156,-6.100155,84.118292,0.077572,2.924978,-0.158156,-0.003659,1.091492
08-28-25,9255.5,9270,9207.400391,9216.799805,545856600,9179.78501,9017.667988,8619.538481,9.471287,8.668418,2.206504,TRUE,TRUE,398.129507,9.086444,28.15534,36.351426,57.95341,-15.477391,67.488503,-1.976162,5.065882,5.558035,9.990933,49.31542,0.87447,0.66881,7297.44217,0.424962,-0.003754,0.025726,1.462636,2.313175,-13.434331,0.72452,63270697500,-29.542953,19902956773.871231,0.058006,50.799603,-3.208578,-6.679631,83.865068,0.067257,2.507245,-0.160392,-0.003754,0.50723
08-29-25,9216.799805,9223.099609,9179.200195,9187.299805,786259500,9182.51001,9025.577988,8625.345981,9.070329,8.5148,2.214196,TRUE,TRUE,400.232007,9.108147,20.989809,35.329919,54.182186,-10.623911,59.749095,-7.772457,4.706928,4.923364,9.678154,35.603359,0.59675,0.668392,7214.036332,0.428025,-0.00384,0.026521,1.366882,2.030652,-13.434331,1.05338,62484438000,-15.094013,19406833028.681812,0.059189,51.221777,-3.223047,-8.747049,83.127442,0.05959,2.206213,-0.162854,-0.00384,0.066395
09-01-25,9187.299805,9226.599609,9179.799805,9196.299805,432004700,9188.89502,9034.00998,8631.175981,8.675558,8.388538,2.22228,TRUE,TRUE,402.833999,9.169286,16.188514,34.432162,55.141268,-8.181091,53.722504,-11.039238,4.658015,4.38834,9.95361,32.297161,1.408158,0.669524,6699.55303,0.426934,-0.002737,0.019942,1.301891,1.907349,-13.434331,0.591409,62916442700,-42.475574,19279448298.683689,0.063278,50.502229,104.658015,104.38834,,0.054965,2.033277,-0.141217,-0.002737,0.110527
09-02-25,9196.299805,9196.5,9108.200195,9116.700195,704169000,9188.315039,9041.183984,8636.403481,8.256426,8.276898,2.230698,TRUE,TRUE,404.780503,9.070525,-6.576355,32.131325,45.97494,-11.97847,42.038766,-18.178381,3.583566,2.766228,9.859616,3.409549,-0.127073,0.708825,6759.523712,0.443337,-0.002716,0.019666,1.338521,1.358048,-12.324466,1.002119,62212273700,-44.109295,18710850074.206532,-0.061978,43.511732,-4.993897,-11.283059,82.430814,0.057161,2.097324,-0.140234,-0.002716,-1.059466
09-03-25,9116.700195,9179.599609,9107.400391,9178,705659700,9190.080029,9049.563984,8641.975481,7.845211,8.195018,2.239496,TRUE,TRUE,407.588503,9.091706,2.476743,29.980167,52.520643,-1.661543,37.29578,-18.337094,4.165248,4.783651,10.984817,28.228596,0.386098,0.728917,6679.764722,0.449911,-0.002628,0.017861,1.326692,1.595124,-12.292421,1.012149,62917933400,-13.465201,19385241295.371925,0.007743,43.729646,-4.945077,-12.005752,82.579796,0.065289,2.357136,-0.133645,-0.002628,-0.180845
09-04-25,9178,9231.400391,9155.5,9216.900391,487597700,9192.710059,9059.525996,8647.513484,7.480255,8.134469,2.248699,TRUE,TRUE,412.012512,9.177756,7.301854,28.842788,56.151393,1.010126,36.257907,-15.499973,4.288349,5.26623,11.832512,43.782555,0.573973,0.75095,6676.469226,0.452273,-0.002568,0.016872,1.295741,1.760067,-11.797813,0.720834,63405531100,-45.983854,19686537802.669731,0.02752,49.243118,-5.093489,-10.948615,82.412332,0.070808,2.541866,-0.129891,-0.002568,0.362322
09-05-25,9216.900391,9253.5,9197.599609,9208.200195,524336500,9198.080078,9068.978008,8653.059485,7.083152,8.092973,2.258246,TRUE,TRUE,415.918523,9.264701,13.479814,28.114742,55.13588,9.16094,34.33753,-13.93628,4.255974,6.051048,12.549046,40.303863,1.18012,0.723191,6320.753865,0.45221,-0.00263,0.01768,1.229019,1.569779,-11.797813,0.79474,62881194600,-38.879622,19361064819.230999,0.042004,48.642278,-5.839193,-11.820334,82.069007,0.064783,2.32566,-0.132967,-0.00263,0.160109
09-08-25,9208.200195,9234.900391,9190.599609,9221.400391,478762300,9204.365088,9077.428008,8658.740986,6.691595,8.063513,2.26818,TRUE,TRUE,418.687021,9.297182,12.527055,27.286958,56.423574,3.902931,33.494658,-11.823322,4.160134,6.238551,11.493454,45.581838,1.381974,0.726417,5857.107042,0.448497,-0.002541,0.016833,1.171494,1.895081,-11.797813,0.748078,63359956900,-45.230215,19548035829.432922,0.08048,50.948232,-5.504301,-10.620556,82.281426,0.074541,2.701161,-0.129741,-0.002541,0.290848
09-09-25,9221.400391,9254.299805,9221.400391,9242.5,679753900,9210.005078,9087.058008,8664.206987,6.280384,8.041853,2.278539,TRUE,TRUE,422.851021,9.385343,10.700611,26.820751,58.475208,2.323814,34.135742,-8.94579,4.265372,7.468429,12.631002,54.018321,1.235526,0.717494,5639.338849,0.448154,-0.002551,0.016994,1.131327,1.867517,-11.797813,1.053494,64039710800,18.260294,19740184494.863773,0.066189,51.199128,-5.1111,-11.161012,82.355739,0.073619,2.669943,-0.130362,-0.002551,0.576219
09-10-25,9242.5,9290.599609,9222.400391,9225.400391,1101672800,9213.885107,9095.86002,8669.023491,5.88729,8.025994,2.289322,TRUE,TRUE,426.836528,9.355229,-15.061038,26.912745,56.16725,1.03137,32.884933,-8.157279,3.832345,8.585221,12.588632,47.181201,0.848298,0.667567,5452.69118,0.443958,-0.002507,0.016771,1.160408,2.051561,-11.797813,1.646027,62938038000,77.523578,18735434165.841492,-0.022637,53.119895,-5.602122,-11.379497,81.995643,0.078764,2.886958,-0.129505,-0.002507,0.211185
09-11-25,9225.400391,9297.599609,9225.400391,9297.599609,628343100,9220.505078,9106.318008,8674.052988,5.584345,8.019443,2.300581,TRUE,TRUE,432.26502,9.437827,-2.481943,27.095198,62.836847,6.413272,37.289679,-3.002026,5.050505,8.858443,12.821255,76.049387,1.444588,0.678131,5631.299515,0.453298,-0.002365,0.014308,1.161886,2.40331,-11.797813,0.941634,63566381100,-5.989845,19363777265.841492,0.017791,53.899544,-5.706455,-11.286867,81.978208,0.091365,3.273526,-0.119618,-0.002365,1.369036
09-12-25,9297.599609,9340.700195,9283.299805,9283.299805,640038400,9225.810059,9115.52,8679.176489,5.333909,8.018983,2.31235,TRUE,TRUE,436.343511,9.384119,-8.115158,27.825568,60.861577,2.38637,39.175012,-0.893355,4.598202,8.670665,12.210662,75.396297,1.156122,0.668019,5701.196711,0.445871,-0.002289,0.013906,0.942617,2.698982,-11.797813,0.953342,62926342700,14.581111,18723738865.841492,-0.071585,54.558647,-5.298021,-12.106762,82.24574,0.099305,3.624616,-0.117924,-0.002289,1.00838
09-15-25,9283.299805,9314.400391,9262.700195,9277,896734100,9232.715039,9124.601992,8684.18749,5.120611,8.02073,2.324579,TRUE,TRUE,440.414502,9.263789,2.665455,27.972119,59.967227,3.799977,39.703138,-0.292183,5.014716,7.468464,12.062712,72.695993,1.511118,0.649532,5422.684715,0.444792,-0.00227,0.013755,0.940042,2.780856,-11.797813,1.310426,62029608600,40.58853,18323061788.802902,-0.062365,56.59332,-5.73466,-12.04872,81.740696,0.101649,3.720582,-0.117282,-0.00227,0.816661
09-16-25,9277,9282.099609,9195.700195,9195.700195,1160022600,9234.615039,9132.385996,8688.75999,4.871949,8.020554,2.337184,TRUE,TRUE,443.626006,8.953962,-12.174271,26.627968,49.797311,-13.039536,33.179,-5.453057,3.982588,5.937587,10.659572,37.848212,0.414951,0.667002,5208.350581,0.46075,-0.002378,0.013952,0.977154,2.290597,-11.797813,1.664107,60869586000,28.25195,17163039188.802902,-0.18255,53.249406,-6.383587,-12.241984,81.264949,0.089025,3.132492,-0.118118,-0.002378,-0.747163
09-17-25,9195.700195,9245.700195,9195.700195,9208.400391,550017700,9235.575049,9139.47,8693.365493,4.598859,8.018776,2.350086,TRUE,TRUE,446.104507,8.642326,-1.805556,25.379828,51.189887,-9.671691,28.702508,-7.943639,4.738513,5.780455,11.566936,43.291935,0.208943,0.656309,5137.448033,0.46071,-0.002354,0.013675,0.983173,2.363553,-11.797813,0.794064,61419603700,-13.854857,16892434777.416183,-0.232124,53.231531,-5.950279,-12.918039,81.302899,0.091353,3.214934,-0.116938,-0.002354,-0.528952
09-18-25,9208.400391,9245.200195,9208.299805,9228.099609,641326900,9232.575049,9146.691992,8697.941489,4.304077,8.016413,2.363285,TRUE,TRUE,448.750503,8.269874,8.959164,24.220841,53.35138,-6.615847,26.439639,-8.165207,5.167121,5.988485,10.798797,51.735671,-0.645988,0.64949,4987.587756,0.455417,-0.002244,0.012778,0.951848,2.781938,-11.750172,0.932406,62060930600,-13.117925,16939347061.108557,-0.273546,60.677267,-6.107957,-11.520295,81.088228,0.103769,3.70053,-0.113042,-0.002244,-0.089732
09-19-25,9228.099609,9251,9207.700195,9216.700195,1741545500,9227.950049,9151.511992,8702.227988,3.941885,8.011045,2.376778,TRUE,TRUE,449.284004,7.878907,4.45621,23.254682,51.918582,2.121271,23.456074,-8.919017,5.237499,5.914734,11.989067,46.849505,-0.993641,0.647581,4657.605297,0.456104,-0.002311,0.01349,0.935576,2.594316,-11.624236,2.318032,60319385100,269.071044,15921772932.948246,-0.349556,49.473041,-6.616011,-12.862164,80.186735,0.097894,3.484647,-0.116148,-0.002311,-0.241537
09-22-25,9216.700195,9234.599609,9194.299805,9226.700195,608280800,9223.215039,9157.224004,8706.68249,3.55443,8.002058,2.390613,TRUE,TRUE,450.541514,7.584887,28.336109,22.037405,53.108282,1.918396,21.648939,-8.580922,5.339653,6.706532,11.707447,51.135836,-1.015944,0.60972,4106.313168,0.448455,-0.002418,0.015293,0.804014,2.275067,-11.624236,0.804042,60927665900,20.74346,16291587966.539251,-0.322562,49.882638,-6.47768,-13.000114,79.860695,0.086565,3.138149,-0.123664,-0.002418,0.084873
09-23-25,9226.700195,9266.900391,9223.299805,9223.299805,690489000,9221.090039,9161.728008,8711.051987,3.188054,7.989618,2.404768,TRUE,TRUE,450.676021,7.197282,13.714835,21.544197,52.631392,-0.719988,19.715124,-8.411789,5.786347,6.775872,11.354856,36.608927,-0.458676,0.587797,3982.439567,0.443708,-0.002335,0.014616,0.757536,2.534277,-11.624236,0.946974,60237176900,-44.225543,15601098966.539251,-0.333177,49.841715,-6.310686,-10.688288,80.190057,0.093855,3.443305,-0.120896,-0.002335,0.055488
09-24-25,9223.299805,9266.400391,9177.099609,9250.400391,631425700,9220.835059,9167.97002,8715.760991,2.835057,7.970537,2.419247,TRUE,TRUE,452.209028,6.869599,10.518118,20.035419,56.020906,4.102324,20.137223,-6.391752,5.893136,6.770708,11.872485,44.804718,-0.055098,0.596422,3960.822503,0.443833,-0.002551,0.011841,0.733797,2.543378,-11.624236,0.86294,60868602600,8.831974,16006259877.842344,-0.29237,44.756741,-5.30143,-10.443503,80.534266,0.097507,3.571282,-0.108819,-0.002551,0.746444
09-25-25,9250.400391,9251.200195,9203.200195,9214,652023200,9220.695068,9173.718027,8720.070493,2.475403,7.943088,2.434036,TRUE,TRUE,453.647534,6.438433,1.675284,18.63441,50.766363,-2.341919,17.334709,-7.355413,4.717631,6.034805,11.214373,22.55517,-0.030377,0.592654,3962.818051,0.44738,-0.00263,0.012308,0.728126,2.361853,-11.384587,0.884671,60216579400,19.44954,15647641811.66396,-0.288683,39.528931,-6.389832,-11.769683,80.380149,0.088771,3.243845,-0.11094,-0.00263,-0.168947
09-26-25,9214,9292.099609,9208.5,9284.799805,687681900,9225.570068,9179.962031,8725.09249,2.166899,7.912637,2.449187,TRUE,TRUE,454.869541,6.181122,15.70078,18.158365,58.85091,6.219519,20.589308,-3.280651,5.978767,7.139316,11.585425,65.831179,1.061248,0.618368,4126.698834,0.452064,-0.002611,0.011861,0.695373,2.463601,-11.31091,0.939335,60904261300,-12.53754,16215228807.042788,-0.217978,44.88227,-4.471408,-10.638614,81.01605,0.092521,3.343163,-0.10891,-0.002611,1.435281
09-29-25,9284.799805,9354.599609,9284.799805,9299.799805,546230500,9230.745068,9186.116035,8730.083491,1.968387,7.881479,2.464752,TRUE,TRUE,456.032544,5.922242,14.40786,18.724067,60.336928,4.316023,24.101153,0.184955,5.856374,7.401626,12.902753,69.126871,1.125453,0.645712,4381.42101,0.452013,-0.00258,0.01159,0.696821,2.560433,-11.063369,0.740345,61450491800,26.44087,15903768519.844467,-0.228765,44.245681,,-13.207406,80.529433,0.095504,3.451654,-0.107656,-0.00258,1.576081
09-30-25,9299.799805,9363.599609,9266.299805,9350.400391,770556700,9242.430078,9192.864043,8735.276494,1.864714,7.851191,2.480763,TRUE,TRUE,457.587549,5.692015,28.988921,18.811642,64.936974,14.17061,30.614455,5.358606,6.56091,8.943475,12.972564,92.922671,2.56343,0.664448,4295.308894,0.454313,-0.002452,0.010383,1.130858,2.972587,-11.063369,1.039712,62221048500,9.427808,16465265263.861128,-0.151498,42.578911,-4.877665,-10.887304,80.804829,0.108525,3.90232,-0.101896,-0.002452,2.51368
10-01-25,9350.5,9457.900391,9347.599609,9446.400391,853312200,9255.850098,9201.316055,8741.006997,1.899248,7.824087,2.497249,TRUE,TRUE,460.309058,5.669788,32.703468,20.097252,71.653886,12.802976,43.026707,14.216686,7.063199,9.399182,13.936966,95.90457,2.924389,0.686506,6022.112938,0.466441,-0.002351,0.009026,2.045093,3.170422,-10.791659,1.140018,63074360700,20.924037,17140644176.557236,-0.149938,43.815878,-3.831567,-10.167328,81.470669,0.117249,4.097308,-0.095003,-0.002351,3.164177
10-02-25,9446.400391,9475.099609,9417.599609,9427.700195,650916500,9266.390088,9208.640059,8746.835,2.026977,7.799453,2.514224,TRUE,TRUE,461.805059,5.60569,31.432361,21.470337,68.885616,8.548688,50.769319,17.567438,6.854886,9.516178,13.826745,84.094156,2.287101,0.687943,7059.843914,0.468092,-0.002412,0.00942,1.993055,2.96564,-9.383225,0.860234,62423444200,33.49458,16718410739.040253,-0.19613,43.92024,-4.21292,-8.89801,81.182711,0.111139,3.86801,-0.097055,-0.002412,2.284896
10-03-25,9427.700195,9494.599609,9425,9491.299805,596685900,9280.545068,9215.698047,8753.315498,2.330914,7.781485,2.531726,TRUE,TRUE,462.382549,5.798932,41.47469,22.945851,72.742587,7.805613,61.330373,22.502794,7.776072,11.9957,14.620924,98.960691,3.074429,0.696804,8519.00971,0.450774,-0.002497,0.010941,2.345935,2.756004,-4.661701,0.784813,63020130100,13.798276,17258517386.729324,-0.138273,50.742096,-4.842014,-12.591525,80.724237,0.101387,3.675625,-0.104598,-0.002497,2.473935
10-06-25,9491.200195,9516.799805,9465.400391,9479.099609,608049100,9293.430029,9222.874043,8759.715498,2.79415,7.767568,2.549715,TRUE,TRUE,463.158545,5.884877,63.315246,24.537843,70.92628,-0.727607,67.932547,23.283975,7.057661,17.679697,14.156511,88.901921,2.794578,0.671327,9472.816197,0.447348,-0.002462,0.010825,2.193573,2.929081,-2.920169,0.793016,62412081000,27.004382,16974588620.922701,-0.167814,59.437256,-6.107839,-12.84403,80.567342,0.105947,3.87411,-0.104044,-0.002462,1.960025
10-07-25,9479.099609,9507.099609,9473.099609,9483.599609,647484600,9305.48501,9230.918027,8766.606997,3.384721,7.755597,2.568179,TRUE,TRUE,464.31103,6.044912,62.630627,26.016121,71.211805,2.326189,72.690005,22.433146,6.95387,23.130049,15.786383,90.226619,2.608597,0.658957,10289.473899,0.441746,-0.00258,0.012193,2.043931,2.612833,-2.920169,0.846228,63059565600,-4.747203,16727020979.746231,-0.196902,65.159734,-5.340501,-8.539205,81.050728,0.095332,3.533497,-0.110422,-0.00258,1.731037
10-08-25,9483.599609,9577.099609,9483.599609,9548.900391,800211500,9321.66001,9239.170039,8773.928499,4.124048,7.748019,2.587183,TRUE,TRUE,465.241541,6.183662,66.144225,28.030643,75.042186,2.299599,80.798161,24.433041,6.386133,20.711717,15.832698,92.950195,3.506623,0.696789,11442.398255,0.437161,-0.002371,0.010578,2.391844,3.459183,-2.196024,1.066851,63859777100,-27.36396,17044551428.735201,-0.112715,65.769485,-5.530309,-13.236643,81.482821,0.119385,4.481085,-0.102849,-0.002371,1.985951
10-09-25,9548.900391,9565.5,9501.099609,9509.400391,963047900,9332.250049,9246.620039,8780.962,4.95712,7.739018,2.606683,TRUE,TRUE,465.65804,6.203895,57.045166,29.901271,69.056734,-1.869545,83.078931,21.371049,6.35605,23.828379,15.437563,83.075195,2.278016,0.715533,12165.280126,0.441318,-0.002397,0.010576,2.2065,3.257076,-2.196024,1.255924,62896729200,53.26784,16329764443.726254,-0.197835,70.750017,-5.274466,-2.818351,81.613766,0.114378,4.247153,-0.102838,-0.002397,1.456196
10-10-25,9509.400391,9520,9414.599609,9427.5,633596500,9339.460059,9252.514043,8787.4145,5.808917,7.724435,2.626553,TRUE,TRUE,465.099543,6.135445,34.324581,29.541174,58.617018,-12.594788,77.385726,12.542275,4.772123,19.134877,14.221498,62.600098,1.553329,0.771073,12286.608436,0.455263,-0.002587,0.01146,2.042268,2.357323,-2.196024,0.826629,62263132700,-1.006486,15851264946.691137,-0.18738,70.453875,-4.545356,-9.485042,82.057631,0.089908,3.222711,-0.107051,-0.002587,0.716552
10-13-25,9427.5,9459.900391,9409.700195,9442.900391,866346000,9347.755078,9260.000059,8793.880002,6.717339,7.707283,2.646777,TRUE,TRUE,466.120056,6.100013,36.783837,29.104421,59.846265,-15.195921,73.27187,6.742736,5.645375,18.566839,13.870032,66.450195,1.788298,0.774808,12402.20514,0.455047,-0.001991,0.010011,1.851589,2.327059,-2.196024,1.132534,63129478700,-3.388753,16130845022.442524,-0.143289,62.250998,105.645375,118.566839,,0.08755,3.137282,-0.100053,-0.001991,0.767164
10-14-25,9442.900391,9454.299805,9384.200195,9452.799805,715453800,9360.610059,9266.490059,8800.539001,7.66641,7.689097,2.667379,TRUE,TRUE,465.951057,6.091182,34.908382,28.165911,60.655297,-8.401437,70.003453,2.779455,5.894744,16.209139,14.589117,66.755817,2.795868,0.759487,12071.205673,0.454633,-0.002017,0.010279,1.674136,2.254924,-2.196024,0.96327,63844932500,-38.32415,16815680086.915512,-0.023384,61.643712,-5.203659,-9.948677,81.038114,0.084878,3.017614,-0.101386,-0.002017,0.763716
10-15-25,9452.799805,9474.299805,9395.099609,9424.799805,610965100,9371.430029,9272.132051,8806.798,8.595744,7.665811,2.688343,TRUE,TRUE,465.33405,6.030314,36.891722,27.586036,57.147987,-1.469031,64.41135,-2.250119,5.03979,14.252467,13.155086,58.681507,2.350022,0.78539,11595.546271,0.457187,-0.002103,0.011027,1.429954,2.001565,-2.196024,0.819228,63233967400,11.080989,16662940695.261894,-0.015386,67.947475,-5.779466,-11.799276,80.158649,0.07716,2.726254,-0.105009,-0.002103,0.460261
10-16-25,9424.799805,9436.099609,9389.700195,9436.099609,451574500,9381.830029,9277.568047,8812.678,9.421988,7.640707,2.709675,TRUE,TRUE,464.890046,6.029585,29.556437,26.928157,58.198484,-1.64778,60.197449,-5.171216,4.937668,14.023153,12.534139,54.633176,2.253985,0.75629,11167.223248,0.454998,-0.00216,0.011741,1.264141,1.837978,-2.196024,0.613307,63685541900,-29.587469,17114515195.261894,0.011895,62.572031,-5.529766,-11.210333,80.823314,0.071609,2.543228,-0.108357,-0.00216,0.485972
10-17-25,9436.099609,9436.099609,9276.900391,9354.599609,751531100,9388.725,9282.644043,8818.330999,10.049261,7.610613,2.731298,TRUE,TRUE,464.313044,6.004773,9.474356,25.709464,48.889347,-11.76595,49.708524,-12.528113,3.790077,13.036956,11.919886,28.410508,1.496191,0.831141,10499.771524,0.458924,-0.002441,0.014661,1.186468,0.835061,-2.196024,1.094261,62934010800,-56.846887,17096572862.779989,0.085528,55.844315,-5.876887,-10.657115,80.768953,0.04009,1.409953,-0.121082,-0.002441,-0.325011
10-20-25,9354.5,9416.400391,9354.5,9403.599609,612224700,9397.569971,9288.802031,8824.100496,10.486362,7.575337,2.753244,TRUE,TRUE,464.701536,6.017595,9.223153,24.577821,53.685949,-3.462038,44.833058,-13.922863,4.208868,12.907332,13.048489,42.205046,1.917255,0.799921,9783.72522,0.462028,-0.002289,0.01273,1.124469,1.242826,-2.196024,0.891169,63546235500,0.648368,17455585769.399746,0.084717,55.15651,-6.344375,-11.016469,80.384776,0.05356,1.869804,-0.112826,-0.002289,0.061629
10-21-25,9403.599609,9441.200195,9403.5,9427,612553400,9407.75498,9294.748027,8830.008997,10.773221,7.535984,2.775416,TRUE,TRUE,464.739031,5.987103,-3.847748,23.076986,55.818383,-2.380101,42.369029,-13.109514,4.033549,12.183451,13.489436,50,2.208539,0.742926,8893.870681,0.458384,-0.002181,0.011769,1.139532,1.642518,-2.196024,0.896734,64158788900,-11.287015,17606689150.521362,0.146802,54.028758,-4.846748,-9.320694,81.704041,0.065925,2.321843,-0.108484,-0.002181,0.216385
10-22-25,9427.099609,9545.200195,9427.099609,9515,1047120500,9420.984961,9302.092031,8836.328997,10.964356,7.496218,2.797838,TRUE,TRUE,465.763035,6.174719,15.222259,22.695638,62.762103,13.872756,46.975626,-6.802333,4.121067,13.174103,15.213238,79.313867,2.860413,0.781622,8383.321708,0.466856,-0.002119,0.010693,1.092,1.799139,-2.196024,1.487644,65205909400,65.834317,18118278969.370331,0.150027,55.89051,-5.184341,-7.426061,82.24565,0.072012,2.486374,-0.103406,-0.002119,1.121453
10-23-25,9515,9594.799805,9505.700195,9578.599609,814894500,9439.214941,9310.36002,8842.623494,11.112731,7.458353,2.820561,TRUE,TRUE,467.736526,6.44657,15.222259,22.903003,66.820686,13.134737,55.122922,1.075971,5.025052,13.823629,15.831852,94.903987,3.957018,0.790974,7570.201868,0.473138,-0.001987,0.009157,1.348144,2.145348,-2.196024,1.14448,66020803900,24.979372,18636843324.902016,0.209909,56.874172,-4.408739,-7.504017,82.29895,0.084344,2.870667,-0.095694,-0.001987,1.841228
10-24-25,9578.599609,9645.599609,9560.5,9645.599609,779192300,9457.254932,9319.728008,8849.608992,11.267192,7.424995,2.843616,TRUE,TRUE,470.119016,6.79676,26.500047,23.602269,70.471845,14.653462,66.222679,9.740582,6.21269,14.592563,16.93337,100,3.885919,0.810436,7984.421964,0.479529,-0.001842,0.007662,1.930024,2.527448,-2.196024,1.08735,66799996200,13.307083,19416035624.902016,0.223334,57.635955,-4.148386,-6.891987,82.417044,0.098179,3.29424,-0.08753,-0.001842,2.358902
10-27-25,9645.599609,9672.700195,9632.799805,9653.799805,729163900,9474.954932,9330.025996,8856.75699,11.407823,7.394943,2.867003,TRUE,TRUE,473.269006,7.023083,26.930369,24.501267,70.894007,8.131904,74.818542,14.669156,5.664219,14.063919,16.51299,95.22476,3.806534,0.814113,8230.203007,0.468034,-0.001729,0.007123,1.950392,3.034956,-2.196024,1.004712,58576530800,33.490147,12584464004.700672,0.24462,58.020851,-4.348315,-6.96692,78.271065,0.112619,3.881688,-0.084396,-0.001729,2.173031
10-28-25,9653.799805,9727.099609,9645.400391,9696.700195,708743000,9492.269922,9340.805996,8864.232991,11.613078,7.370114,2.890727,TRUE,TRUE,476.573005,7.388401,24.245351,25.796111,73.063723,6.243036,84.122813,19.178742,6.126802,14.147309,17.970469,93.247564,3.703583,0.801818,9071.639132,0.464552,0.000184,0.000056,2.306647,2.935866,-2.196024,0.980751,53408086200,-8.021953,8792050265.276386,0.219362,57.693005,-4.119373,-6.812965,77.499954,0.118345,4.096351,0.007465,0.000184,2.25351
10-29-25,9696.799805,9787.599609,9696.799805,9756.099609,752470200,9507.754883,9352.143984,8871.507991,11.875743,7.351935,2.914839,TRUE,TRUE,480.635994,7.843916,39.189709,27.440431,75.758291,5.286446,95.192235,24.19853,6.824849,14.820872,19.565904,93.831986,3.278489,0.816338,10737.691099,0.469169,0.000241,0.000094,2.76645,3.16346,-2.196024,1.048576,54160556400,-11.817715,9022430987.626595,0.189898,66.44257,-2.553639,-4.808999,78.841854,0.12706,4.392545,0.009682,0.000241,2.312832
10-30-25,9756.099609,9763.400391,9690,9760.099609,893377000,9524.374854,9361.583984,8878.348987,12.163453,7.339789,2.939332,TRUE,TRUE,483.234998,8.308511,60.297289,28.830324,75.932888,5.038881,103.099135,25.684344,7.625213,13.537052,20.344996,94.615226,3.525774,0.792584,11938.677939,0.468951,0.000198,0.000063,2.649782,3.054773,-2.196024,1.22425,55053933400,37.249094,9835458495.596046,0.271381,64.617851,-2.978266,-5.128274,78.786558,0.123555,4.272275,0.007949,0.000198,1.974463
10-31-25,9760.099609,9761.799805,9697,9717.299805,596284500,9535.674854,9369.745977,8884.409485,12.448144,7.330603,2.964139,TRUE,TRUE,485.336492,8.562206,47.392034,30.12094,70.113925,-2.949797,104.704851,21.832049,6.452461,13.026024,18.83407,86.234597,2.381128,0.806807,12657.079082,0.462713,0.000201,0.000067,2.506119,3.241412,-2.196024,0.817148,54457648900,-0.067272,9612769531.772673,0.219121,66.213149,,-6.514156,78.21516,0.127946,4.490267,0.008171,0.000201,1.434967
11-03-25,9717.299805,9745.599609,9695.900391,9701.400391,848988200,9546.789893,9377.345977,8890.313987,12.711414,7.325366,2.989292,TRUE,TRUE,487.03199,8.746933,42.495898,31.294071,68.028332,-7.729958,103.501344,16.502833,6.110888,13.343388,18.538161,83.121333,2.345168,0.793109,13102.359173,0.463576,0.00018,0.000054,2.366089,3.173973,-2.196024,1.144557,53608660700,39.624941,8951689118.552521,0.19014,65.197243,-2.791595,-5.511644,77.983526,0.126022,4.413109,0.007317,0.00018,1.18002
11-04-25,9701.400391,9715,9574.200195,9715,1023130000,9558.359912,9386.32998,8896.147488,12.94932,7.323579,3.014772,TRUE,TRUE,490.182493,8.977923,50.858901,30.046928,68.881002,-7.051886,102.463792,12.372225,6.00919,13.870791,18.875729,85.784272,2.440006,0.837289,13529.709444,0.46229,0.000137,0.000031,2.184176,3.0491,-2.196024,1.345262,54631790700,58.016113,9974819118.552521,0.268983,56.901394,0.399205,-2.678691,79.28564,0.121854,4.278533,0.005585,0.000137,1.157749
11-05-25,9715,9786.799805,9680.5,9777.099609,862811200,9569.769873,9396.761973,8902.307488,13.225357,7.330051,3.040629,TRUE,TRUE,494.454485,9.308867,54.876224,29.653311,72.48902,2.375095,105.437031,12.276371,7.431213,14.287883,19.719096,97.943995,2.389796,0.875732,14381.175561,0.467281,0.00024,0.000094,2.120089,3.266205,-2.196024,1.129817,55494601900,7.822894,10680161785.427423,0.293272,62.601043,-0.135883,-3.217051,78.958867,0.129802,4.507926,0.009689,0.00024,1.441674
11-06-25,9777.099609,9786.099609,9723.900391,9735.799805,938291200,9581.089844,9407.141973,8908.160486,13.457221,7.342105,3.066807,TRUE,TRUE,498.981487,9.566627,65.58867,29.28781,66.931069,-1.097263,103.27036,8.08776,7.037387,13.141195,19.594133,88.039748,2.380796,0.808281,14766.841037,0.472211,0.000155,0.000038,1.781482,2.888859,-2.196024,1.23065,54556310700,-2.570661,10100882023.975435,0.302634,69.831705,0.307117,-2.400575,79.241801,0.118956,4.081098,0.006171,0.000155,1.047685
11-07-25,9735.799805,9735.799805,9639,9682.599609,747990900,9593.844824,9417.047969,8914.061482,13.610947,7.359435,3.093289,TRUE,TRUE,502.986487,9.725804,47.659847,27.653762,60.496458,-8.384544,96.152064,0.775572,6.056052,12.550409,19.946976,72.663341,2.705909,0.838468,14469.092848,0.479543,0.000035,0.000002,1.482569,2.470968,-2.196024,0.97375,53808319800,18.054771,10026696430.945562,0.326698,63.637513,-0.643881,-2.772554,78.755871,0.106872,3.602969,0.00137,0.000035,0.613409
11-10-25,9682.599609,9800.400391,9682.599609,9787.200195,761287500,9611.059814,9428.865977,8920.478982,13.759041,7.387625,3.120096,TRUE,TRUE,508.386995,9.963457,54.035544,26.848731,67.177853,-5.311168,97.823509,1.957613,6.989663,14.003497,20.454881,96.463925,3.646123,0.887965,14626.018464,0.491488,0.000355,0.000184,1.210457,3.217108,-2.196024,0.997883,54569607300,-12.126621,10617371417.474396,0.349336,64.178052,-0.687773,-2.347532,78.62104,0.133764,4.400867,0.013573,0.000355,1.204295
11-11-25,9787.200195,9912.900391,9787.200195,9899.599609,924385900,9633.399805,9444.523965,8927.307478,14.033305,7.432305,3.147328,TRUE,TRUE,517.216487,10.381209,55.658567,27.095944,72.550415,5.619346,106.984582,8.894949,8.012912,14.660982,23.347203,96.733601,4.72664,0.883295,15469.431145,0.509172,0.000542,0.000398,1.941823,3.595231,-2.196024,1.195302,55493993200,29.202738,11346132249.177279,0.347458,63.911381,0.118115,-1.16491,79.156434,0.150637,4.777867,0.019961,0.000542,1.720812
11-12-25,9899.599609,9930.099609,9878.299805,9911.400391,814638100,9657.729834,9459.191973,8934.075481,14.415772,7.493285,3.175098,TRUE,TRUE,525.116492,10.830469,52.065267,27.458357,73.049205,12.552747,113.884236,12.635683,8.000263,14.126164,23.425036,94.940682,5.162981,0.855362,15838.122383,0.508406,0.000502,0.000343,1.843213,3.483676,-2.196024,1.039699,56308631300,33.336274,11572617705.51836,0.367141,64.002633,-1.512559,-2.805654,78.303013,0.146618,4.656465,0.018523,0.000502,1.601645
11-13-25,9911.400391,9913.200195,9804.799805,9807.700195,626791500,9676.309863,9471.007969,8939.87948,14.797352,7.567124,3.203303,TRUE,TRUE,531.128489,11.23722,23.982945,26.76214,62.330637,-4.847215,109.719742,6.776951,7.318165,12.74126,21.514768,65.608425,3.938074,0.881376,15270.791387,0.515068,0.000232,0.000071,1.721023,2.348339,-2.196024,0.79111,55681839800,38.80135,10979367416.57762,0.297145,57.931703,-0.317129,,78.872904,0.109137,3.409359,0.00843,0.000232,0.860403
11-14-25,9807.700195,9807.700195,9610.5,9698.400391,715744700,9693.499902,9480.811973,8945.001482,15.090545,7.64766,3.231838,TRUE,TRUE,535.810491,11.471681,5.740108,25.582121,53.431584,-19.118831,96.487522,-5.164216,5.904323,10.446309,20.273826,34.897555,3.675206,1.00716,13261.638132,0.537726,-0.000021,0.000001,1.676098,1.589284,-2.196024,0.905428,54966095100,-4.761799,10901697527.995268,0.29404,51.545124,-2.066412,-4.495351,77.770148,0.085157,2.538078,-0.000727,-0.000021,0.036952
11-17-25,9698.400391,9707.700195,9667.900391,9675.400391,812453900,9707.089941,9489.891973,8950.460486,15.259232,7.730704,3.260669,TRUE,TRUE,539.431487,11.667487,-2.813346,24.486389,51.757009,-21.292196,83.186067,-14.772537,5.290996,10.116661,19.312402,28.435055,2.890391,0.978622,11395.90454,0.539113,-0.000074,0.000006,1.696793,1.404493,-2.381096,1.014913,54153641200,32.705182,10395446349.231926,0.236318,44.856192,-1.85082,-5.02138,78.241903,0.07863,2.336377,-0.002538,-0.000074,-0.278078
11-18-25,9675.400391,9675.599609,9511.700195,9552.299805,804147700,9713.354932,9496.087969,8955.367986,15.21279,7.812297,3.289604,TRUE,TRUE,540.719983,11.547578,-24.829417,24.631114,43.837948,-18.492689,61.99672,-28.769507,2.844502,9.302805,17.944188,9.703553,1.329159,1.04582,10038.641804,0.559801,-0.000182,0.000036,1.908239,1.033181,-3.623106,0.992658,53349493500,31.277975,9989690341.924067,0.199154,38.083988,-3.947238,-5.52085,77.315261,0.06661,1.901271,-0.00604,-0.000182,-1.604352
11-19-25,9552.299805,9568.5,9507.400391,9507.400391,866995100,9712.974951,9501.727969,8959.788489,14.910266,7.889435,3.318591,TRUE,TRUE,541.93948,11.320685,-29.325687,24.793558,41.352679,-12.078905,41.107145,-39.727266,2.129079,9.054834,17.591623,0,-0.07987,1.041518,10118.792626,0.563482,-0.000258,0.000072,2.159095,0.857924,-4.076114,1.082271,52482498400,-17.201974,9122695241.924067,0.115348,38.235566,-4.798982,-6.578582,76.471654,0.060165,1.705083,-0.008504,-0.000258,-2.031612
11-20-25,9507.400391,9593.799805,9507.400391,9527.700195,808216600,9710.42998,9506.32998,8963.790491,14.420144,7.964033,3.347647,TRUE,TRUE,542.53949,11.047478,-22.59292,24.647441,42.928046,-8.828963,25.891568,-43.954273,2.213185,8.53944,16.914341,4.802423,-0.531387,1.055492,10530.19211,0.56055,-0.000157,0.000027,2.336289,1.160544,-4.076114,1.009318,53290715000,-0.81948,8694264530.595186,0.056265,44.456434,-2.886592,-4.430903,77.254763,0.071397,2.035518,-0.005196,-0.000157,-1.735294
11-21-25,9527.700195,9541.200195,9423.900391,9539.700195,805279800,9705.13501,9511.457988,8967.986492,13.73138,8.034816,3.376751,TRUE,TRUE,543.471497,10.726667,-19.358342,25.087259,43.887594,0.049646,14.632737,-44.170484,2.956036,9.325008,15.463389,22.87633,-1.097904,1.10478,11122.910102,0.55842,-0.000065,0.000005,2.478342,1.376289,-4.076114,1.004015,54095994800,3.348018,9478948904.998051,0.056516,44.693754,-2.800044,-4.400177,76.799913,0.079398,2.273538,-0.002174,-0.000065,-1.487334
11-24-25,9539.700195,9592.599609,9524.700195,9534.900391,1668886000,9699.190039,9516.615996,8971.821995,12.864409,8.101952,3.405852,TRUE,TRUE,544.794001,10.393658,-21.790636,24.891462,43.572036,2.219357,5.26207,-42.83292,3.01875,9.389094,14.993309,21.928126,-1.231633,1.050725,11713.779877,0.558597,0.000017,0,2.625339,1.305624,-4.076114,1.965602,52427108800,128.876663,8311479990.530706,-0.017623,55.942233,-3.55865,-5.996748,75.847653,0.077091,2.206462,0.000402,0.000017,-1.402533
11-25-25,9534.900391,9615.599609,9521.5,9609.5,785920000,9694.830029,9524.891992,8975.982493,11.871351,8.169975,3.435,TRUE,TRUE,548.9095,10.029213,-19.976116,24.445548,49.633486,6.70544,3.811379,-35.426889,4.2607,9.542424,16.3575,36.665329,-0.899277,1.033499,11884.574792,0.552709,0.000208,0.000024,2.724698,2.108386,-4.076114,0.921463,53213028800,10.889279,8995512107.42811,0.011928,55.610284,-3.594427,-7.237133,75.624322,0.089351,2.54449,0.004877,0.000208,-0.71799
11-26-25,9609.599609,9704.299805,9593.299805,9691.599609,1115421300,9691.605029,9534.555977,8980.403489,10.772119,8.24039,3.464257,TRUE,TRUE,554.152488,9.87587,-5.023892,23.086386,55.321607,11.434013,9.18062,-24.046119,5.489097,10.454393,17.121862,52.884163,-0.661125,1.060711,11796.752137,0.556449,0.000269,0.000039,2.747918,2.180734,-4.076114,1.280545,54328450100,48.234614,9855688932.370045,0.047831,56.221784,-2.602584,-6.208932,75.676366,0.092532,2.617372,0.006267,0.000269,-0.000046
11-27-25,9691.599609,9699.799805,9658.900391,9693.900391,768475200,9688.295068,9543.871992,8985.04949,9.611557,8.312468,3.49364,TRUE,TRUE,558.822502,9.76369,1.363346,21.824307,55.47337,11.901334,13.466206,-15.808426,5.410878,10.320933,17.059124,53.338684,-0.678264,1.01927,11686.812861,0.554804,0.000183,0.000018,2.741237,1.9964,-4.076114,0.888609,55096925300,-13.980861,10402471303.488213,0.032783,62.402186,,-6.560582,75.628885,0.085614,2.428861,0.004265,0.000183,0.047963
11-28-25,9694,9740.200195,9694,9720.5,537586900,9688.455078,9553.947988,8989.98949,8.385205,8.381914,3.523127,TRUE,TRUE,563.958499,9.653862,-8.882707,20.297367,57.28006,7.646574,18.792304,-8.385863,6.623008,10.443914,17.293934,58.593455,0.032933,0.96394,11691.211298,0.554818,0.000256,0.000036,2.768971,2.172211,-4.076114,0.623743,55634512200,-9.843892,10481594040.910267,0.050403,61.690618,-1.883651,-7.369863,75.558734,0.091981,2.609441,0.005963,0.000256,0.274094
12-01-25,9720.599609,9735.400391,9686.900391,9702.5,823282000,9688.510059,9563.463984,8994.66199,7.105394,8.44909,3.552672,TRUE,TRUE,568.801995,9.508431,-30.022789,18.890366,55.634956,0.313348,21.315117,-4.690439,5.714753,10.118034,16.716183,55.037542,0.011335,0.908894,11691.877957,0.555921,0.000228,0.000028,2.825508,2.011549,-4.076114,0.956652,54811230200,-3.027863,10187915241.135782,0.071825,54.383144,-1.261992,-6.604639,76.123821,0.086373,2.445467,0.005317,0.000228,0.119655
12-02-25,9702.5,9744.799805,9682.299805,9701.799805,654140300,9687.850049,9573.033984,8999.337488,5.785726,8.510799,3.582196,TRUE,TRUE,573.696497,9.370878,-32.476104,17.603419,55.568099,0.094728,22.992918,-2.410111,5.260981,9.774939,16.058561,56.795325,-0.135874,0.916838,11679.856871,0.555731,0.000188,0.000019,1.936681,1.899869,-4.076114,0.776762,54157089900,-36.064791,9941958488.335783,-0.001951,53.692755,-1.048239,-6.50804,76.118327,0.082307,2.331148,0.004371,0.000188,0.119434
12-03-25,9701.799805,9711.299805,9677.700195,9692.099609,750194100,9683.600049,9581.867969,9004.235486,4.390779,8.569079,3.611656,TRUE,TRUE,577.632483,9.162918,-20.964945,16.353245,54.589391,-2.690669,23.271601,-1.705142,5.255092,9.734722,16.270782,69.879978,-0.869378,0.862629,11491.130037,0.555145,0.000202,0.000022,1.216855,1.942395,-4.076114,0.896818,53406895800,-13.052346,9834769213.337236,-0.050531,53.176148,-1.102886,-7.360272,75.762233,0.08377,2.375095,0.004701,0.000202,0.073966
12-04-25,9692.099609,9727.599609,9674.799805,9710.900391,899242300,9682.355078,9591.805977,9009.474988,2.98561,8.625069,3.641041,TRUE,TRUE,582.330989,9.082215,2.712083,15.394899,56.199613,0.564657,24.724517,-0.201781,5.308304,9.689271,16.30656,89.436125,-0.255751,0.754745,11444.994935,0.547738,0.00006,0.000002,1.215623,1.684333,-4.076114,1.077512,54306138100,-4.161704,10165197141.169371,0.003853,59.85703,-2.302395,-8.321394,75.112034,0.073565,2.113956,0.001429,0.00006,0.249413
12-05-25,9710.900391,9738.299805,9667,9667,592674800,9681.575098,9599.44998,9014.512986,1.618414,8.674184,3.670273,TRUE,TRUE,584.936995,8.88234,-1.74354,14.641386,51.598697,-3.969402,22.079055,-2.277794,4.592913,9.054189,16.34933,75.755704,-0.16111,0.781448,11450.133956,0.551183,0.000028,0,1.218196,1.530631,-4.076114,0.71684,53713463300,-20.764437,9572522341.169371,-0.027466,60.969078,-2.316346,-7.879385,75.159063,0.068457,1.9549,0.00066,0.000028,-0.127292
12-08-25,9667.099609,9692.400391,9629.200195,9645.099609,777520000,9674.470068,9606.355977,9019.443484,0.289608,8.714333,3.699344,TRUE,TRUE,586.912493,8.614562,24.382465,13.770867,49.424871,-5.16452,18.007747,-5.079282,4.549388,8.55608,15.481137,68.931014,-1.451902,0.708647,11198.325759,0.552231,0.000027,0,1.14591,1.4517,-4.076114,0.939488,52935943300,2.132243,9186207221.494478,-0.086465,61.073903,-1.469456,-7.465076,75.427507,0.065766,1.874497,0.000628,0.000027,-0.262275
12-09-25,9645.099609,9673.200195,9630.900391,9642,787104800,9661.590088,9612.187969,9024.309983,-0.965815,8.744371,3.728237,TRUE,TRUE,587.877986,8.183451,39.728246,12.962528,49.109522,-7.09009,14.365496,-6.977226,3.704186,8.941771,16.443645,67.965101,-2.602121,0.694948,9876.017384,0.538385,0.000136,0.000011,1.008169,1.903904,-4.076114,0.959023,52148838500,-14.851059,8812180253.968218,-0.154371,61.432372,-1.605745,-7.696308,75.305366,0.080252,2.346188,0.003276,0.000136,-0.19836
12-10-25,9642,9689.5,9622.700195,9655.5,932473800,9648.795068,9616.369961,9028.929983,-2.062257,8.764676,3.756943,TRUE,TRUE,587.439978,7.771195,38.493804,12.107581,50.588248,-1.010449,12.425095,-7.134102,4.009352,8.791912,16.30891,72.172026,-2.581879,0.679477,7936.4422,0.538389,0.000141,0.000011,0.875981,1.904826,-4.076114,1.128046,53081312300,14.464791,8795426452.231451,-0.167983,61.866277,-2.631366,-8.402209,74.827854,0.08029,2.347281,0.003383,0.000141,0.084483
12-11-25,9655.599609,9715.299805,9635.299805,9703.200195,637684000,9643.570068,9621.879961,9033.664983,-2.926537,8.776021,3.785498,TRUE,TRUE,588.214978,7.44568,44.465455,11.697315,55.507601,6.08273,14.568385,-3.992649,4.59416,9.83926,16.740061,81.370512,-1.065489,0.648679,7139.164925,0.540775,0.000201,0.000023,0.722838,2.03346,-4.076114,0.770921,53718996300,1.737819,9240217269.614264,-0.105126,68.123805,-1.987483,-8.199244,74.82796,0.085134,2.477918,0.004803,0.000201,0.835254
12-12-25,9703.200195,9761.5,9639.299805,9649,601108600,9641.100049,9625.033965,9037.861482,-3.505448,8.772385,3.813872,TRUE,TRUE,587.172483,6.985588,27.355354,11.949751,49.47965,0.370128,11.757917,-5.442494,4.929476,9.108385,16.248813,53.125,-0.509366,0.69252,7024.007106,0.546506,0.000164,0.000015,0.548395,1.801516,-4.076114,0.731774,53117887700,-16.016339,8734540118.133839,-0.131912,59.355216,-1.740241,-8.618902,74.569319,0.077704,2.237953,0.003878,0.000164,0.112471
12-15-25,9649,9769,9649,9751.299805,656861100,9644.89502,9630.477969,9042.261482,-3.736769,8.759821,3.842135,TRUE,TRUE,588.216487,6.686128,31.879327,12.282771,58.614891,8.026643,17.582658,0.305798,5.895697,10.913579,18.024476,89.92591,0.784458,0.704227,7413.327996,0.561028,0.00031,0.000051,0.725471,2.203703,-4.076114,0.807291,53774748800,-19.15097,9197625055.414112,-0.073607,58.8994,-0.562545,-6.923764,75.440682,0.094078,2.639388,0.007152,0.00031,1.435317
12-16-25,9751.299805,9764.799805,9655.700195,9684.799805,760319300,9651.52002,9634.501973,9046.890481,-3.681001,8.737278,3.870239,TRUE,TRUE,587.611492,6.242734,-1.58429,12.592003,52.028783,-3.478818,16.640987,-0.508699,4.949017,10.37186,18.176488,42.446816,1.387101,0.707661,7128.882186,0.569688,0.000254,0.000033,0.7299,1.870602,-4.076114,0.936966,53014429500,-5.450292,8842898309.906673,-0.070661,50.001793,-0.229277,-6.665369,75.476302,0.083052,2.294636,0.005761,0.000254,0.46683
12-17-25,9684.799805,9853.099609,9684.799805,9774.299805,842799500,9664.86499,9639.009961,9051.982981,-3.347604,8.706793,3.898281,TRUE,TRUE,587.02698,5.96635,15.569171,13.962745,58.747113,9.267463,22.85317,4.562787,6.049883,11.604245,19.211868,65.798609,2.807281,0.794283,6778.5447,0.579371,0.000362,0.000065,0.919967,2.127173,-4.076114,1.04016,53857229000,-2.790742,8896481968.40243,-0.013959,50.400478,1.912262,-4.87734,76.1738,0.093913,2.551358,0.008078,0.000362,1.614429
12-18-25,9774.299805,9845.099609,9748.299805,9837.799805,702927400,9680.369971,9645.577949,9057.757981,-2.760546,8.671606,3.926327,TRUE,TRUE,587.819968,5.703254,21.19997,15.235577,62.734786,4.119895,32.525357,11.38798,6.623165,12.316472,21.374903,93.359443,3.254716,0.825822,7018.271281,0.58016,0.000568,0.00016,1.489712,2.600002,-4.076114,0.873207,54560156400,-13.027349,9493391949.337227,0.049636,51.220706,2.216012,-4.428821,76.077276,0.111923,3.036665,0.012663,0.000568,2.243143
12-19-25,9837.799805,9903.099609,9819.400391,9897.400391,1611302500,9698.25498,9654.975957,9063.845481,-1.95639,8.634651,3.954432,TRUE,TRUE,591.130476,5.623199,32.761745,17.010597,66.051773,14.022991,44.487085,18.679766,7.30867,13.517922,22.422881,97.967464,3.749596,0.846252,7763.050009,0.57741,0.000584,0.000172,1.984949,2.537895,-4.076114,1.906199,56171458900,100.092254,10885261925.185455,0.083185,62.096173,1.555858,-5.027842,75.903877,0.109187,2.976533,0.013096,0.000584,2.565299
12-22-25,9897.400391,9898,9829.400391,9866,466411600,9714.809961,9663.437949,9070.17448,-0.999256,8.597288,3.982612,TRUE,TRUE,593.263469,5.483049,26.246728,18.65883,62.876384,4.129272,50.846959,20.031712,6.654843,12.940158,21.761879,86.769013,3.472502,0.853362,7625.294415,0.579963,0.000481,0.000115,1.915263,2.308292,-4.076114,0.594024,55705047300,-72.052519,10916534860.811684,0.165891,57.18753,0.241696,-5.385479,75.295071,0.100906,2.738601,0.010723,0.000481,1.982744
12-23-25,9865.900391,9901.5,9846.299805,9889.200195,534194000,9728.794971,9672.165957,9077.140481,0.065333,8.55761,4.010932,TRUE,TRUE,595.025476,5.435231,30.840213,20.225481,64.244117,1.509331,57.101042,21.028636,7.327981,12.391319,21.533737,95.042995,2.910663,0.866962,8139.761872,0.577321,0.000423,0.00009,1.833409,2.177271,-4.076114,0.691436,56239241300,-32.029469,11212668765.986385,0.143489,63.285303,0.495957,-6.307032,75.328767,0.095577,2.605814,0.009491,0.000423,1.970638
12-24-25,9889.200195,9893.150391,9862.040039,9870.679688,,9737.748975,9681.083555,9083.788879,1.15584,8.513771,4.039333,TRUE,TRUE,597.294675,5.489822,25.011542,21.680228,62.271749,-3.780024,59.872821,19.040332,6.310097,12.66613,21.115609,88.437949,1.847787,0.852893,8676.349238,0.565264,0.000206,0.000022,1.764362,1.655505,-4.076114,0,56239241300,-100,11212668765.986385,0.094653,59.966057,-0.50091,-5.306814,75.219444,0.074649,2.078621,0.004713,0.000206,1.532104
12-29-25,9870.700195,9892.799805,9858.5,9866.5,347896700,9746.378955,9689.691563,9090.408381,2.247981,8.464224,4.067771,TRUE,TRUE,599.283181,5.482288,33.299863,22.932539,61.810545,-1.065839,61.028709,16.156976,6.093682,12.306924,21.493658,86.94733,1.780497,0.826468,9066.850133,0.564347,0.000238,0.00003,1.653136,1.731149,-4.076114,0.500005,55891344600,-54.728962,11027057165.004124,0.044883,61.435538,0.296904,,75.330746,0.07734,2.157063,0.005461,0.000238,1.324838
12-30-25,9866.530273,9898.530273,9859.769531,9898.410156,,9755.274463,9700.567773,9096.738933,3.382383,8.413119,4.096272,TRUE,TRUE,603.82884,5.610477,41.586905,24.168413,64.002558,-0.241559,63.784374,15.130113,5.860816,12.806249,21.111099,98.327581,1.830257,0.806168,9653.358569,0.559852,0.000101,0.000005,1.513795,1.579087,-4.076114,0,55891344600,-100,11027057165.004124,0.040773,66.754629,0.3884,-4.730709,75.654403,0.071167,2.000821,0.002341,0.000101,1.482755
12-31-25,9940.700195,9950.110352,9916.700195,9933.349609,,9766.816943,9711.162773,9103.004182,4.582065,8.361887,4.12488,TRUE,TRUE,608.158591,5.752643,45.45582,25.914331,66.284483,4.012735,68.003677,15.479533,5.154865,12.582163,20.25702,94.880812,2.37928,0.810092,10344.51207,0.560386,-0.00132,0.001822,1.609306,1.804923,-4.076114,0,55891344600,-100,11027057165.004124,0.066838,73.162574,105.154865,112.582163,,0.074737,2.101067,-0.042687,-0.00132,1.609865
01-02-26,9931.290039,10023.280273,9930.759766,10023.240234,,9782.888965,9723.087578,9109.594382,5.883171,8.312713,4.153643,TRUE,TRUE,613.493196,6.024554,51.264298,28.182874,71.321458,9.510913,77.70519,20.144837,6.316917,13.604821,21.877921,99.98968,3.313204,0.821156,11690.672064,0.570397,-0.004029,0.016383,2.16188,2.170974,-4.076114,0,55891344600,-100,11027057165.004124,0.091179,69.71608,106.316917,113.604821,,0.080197,2.231291,-0.127994,-0.004029,2.055923
01-05-26,9951.450195,10022.049805,9951.450195,9968.429688,,9796.705469,9732.156172,9115.90303,7.171635,8.261725,4.182487,TRUE,TRUE,616.253142,6.287302,36.611044,30.289379,64.949804,0.947245,80.04821,17.990285,5.027024,13.194001,20.833842,85.715267,2.851086,0.819788,12183.707464,0.570864,0.003271,0.010778,1.991698,1.596635,-4.076114,0,55891344600,-100,11027057165.004124,0.106927,66.790908,105.027024,113.194001,,0.083688,2.319989,0.103817,0.003271,1.409458
01-06-26,10004.400391,10065.780273,10003.769531,10063.889648,,9814.354932,9741.861973,9122.712478,8.522494,8.21252,4.211505,TRUE,TRUE,619.149495,6.616279,54.183517,32.574729,69.979996,3.695512,88.586719,21.223035,6.169257,13.662323,22.056079,99.546374,3.63498,0.794375,13373.89417,0.578438,-0.004304,0.018187,2.066082,2.202948,-4.076114,0,55891344600,-100,11027057165.004124,0.084073,73.480491,106.169257,113.662323,,0.081723,2.244191,-0.13486,-0.004304,1.865834
01-07-26,10122.759766,10124.75,10072.110352,10077.25,,9834.867432,9750.49498,9129.864729,9.955577,8.165129,4.240714,TRUE,TRUE,620.630251,6.797531,48.16245,35.064775,70.615608,-0.705851,95.332682,22.375198,6.259758,13.648923,22.133681,89.873144,4.243819,0.751403,14120.181041,0.564622,0.00007,0.000005,2.002631,2.722634,-4.076114,0,55891344600,-100,11027057165.004124,0.150595,70.206252,106.259758,113.648923,,0.113074,3.152075,0.002244,0.00007,1.716568
01-08-26,10048.360352,10048.669922,9995.910156,10023.950195,,9853.809961,9757.897988,9136.79448,11.316568,8.119006,4.270126,TRUE,TRUE,621.103508,6.881402,51.10979,35.466933,64.727663,-0.222141,95.279731,17.857798,4.974916,11.678755,20.484512,77.08836,3.927907,0.735618,13980.910873,0.570611,0.007232,0.026896,1.716739,2.373075,-4.076114,0,55891344600,-100,11027057165.004124,0.207278,81.882535,104.974916,111.678755,,0.112725,3.152022,0.164,0.007232,1.216947
01-09-26,10044.700195,10080.19043,10032.919922,10071.400391,,9875.27998,9765.391992,9143.832483,12.511221,8.075823,4.29972,TRUE,TRUE,621.559509,7.027548,47.802067,36.121722,67.338592,-2.641404,97.937638,16.412564,5.909941,12.641631,22.09978,85.828242,4.453437,0.652677,13853.520388,0.572631,-0.002911,0.004329,1.517196,2.534979,-4.076114,0,55891344600,-100,11027057165.004124,0.273645,77.751789,105.909941,112.641631,,0.102763,2.854998,-0.065793,-0.002911,1.415672
01-12-26,10124.469727,10124.629883,10089.929688,10113.280273,,9898.168994,9772.535605,9150.950886,13.509495,8.03644,4.329559,TRUE,TRUE,621.584719,7.160517,45.920886,37.092019,69.485526,-1.130082,102.24479,16.575773,7.274254,12.393513,22.969773,96.24374,4.741135,0.619201,13812.86228,0.571504,-0.00216,0.002393,1.668916,2.869614,-4.076114,0,55891344600,-100,11027057165.004124,0.311615,72.501461,107.274254,112.393513,,0.115798,3.220356,-0.048923,-0.00216,1.557326
01-13-26,10140.700195,10152.480469,10133.679688,10143.719727,,9920.194971,9780.208008,9158.338987,14.364928,7.997853,4.359671,TRUE,TRUE,621.869021,7.324278,43.157797,38.202187,70.978721,6.251058,106.882376,16.970687,7.421653,13.486009,23.681274,97.288368,4.539941,0.586008,14050.477967,0.571985,-0.000953,0.000466,1.81449,2.950962,-4.076114,0,55891344600,-100,11027057165.004124,0.273895,39.640669,,113.486009,,0.120727,3.351362,-0.021577,-0.000953,1.590869
01-14-26,10137.30957,10172.269531,10135.349609,10169.259766,,9946.207959,9789.247207,9165.890784,15.136998,7.96032,4.390072,TRUE,TRUE,623.356423,7.35245,53.685615,39.37737,72.207592,4.869,111.335161,17.138777,7.579341,13.920868,22.504972,99.076673,5.391852,0.562285,13573.257721,0.557338,-0.000361,0.00007,1.865713,3.55805,-4.076114,0,55891344600,-100,11027057165.004124,0.387072,60.575463,107.579341,113.920868,,0.140239,3.994539,-0.008391,-0.000361,1.643318
01-15-26,10184.389648,10201.980469,10173.530273,10189.959961,,9968.140967,9799.018398,9173.926584,15.823507,7.924102,4.420732,TRUE,TRUE,625.091814,7.452336,53.47973,40.677581,73.198176,3.71265,115.206331,16.807958,8.118583,13.567532,21.426131,96.500381,4.498479,0.545385,13800.229423,0.555137,0.000038,0.000001,1.87845,3.419529,-4.076114,0,55891344600,-100,11027057165.004124,0.347414,0,108.118583,113.567532,,0.135514,3.875106,0.000883,0.000038,1.607357
01-16-26,10238.94043,10240.230469,10212.780273,10217.230469,,9994.7625,9809.063008,9181.838738,16.508846,7.893023,4.451653,TRUE,TRUE,627.22427,7.592891,60.678,42.133697,74.488235,3.509514,119.101831,16.562767,8.278112,13.624525,20.129218,93.974806,5.497591,0.557324,13167.689248,0.555207,-0.000589,0.000189,1.896703,3.428043,-4.076114,0,55891344600,-100,11027057165.004124,0.484773,0,108.278112,113.624525,,0.134873,3.856655,-0.013736,-0.000589,1.689499
01-19-26,10235.30957,10235.30957,10183.419922,10214.480469,,10016.771533,9817.810625,9189.86864,17.203155,7.867476,4.482772,TRUE,TRUE,627.941985,7.834176,61.081227,42.754605,74.100895,1.893303,120.577202,14.43051,9.192065,13.330528,19.881233,93.231894,4.50345,0.569774,12965.977975,0.54558,0.002218,0.002771,1.660073,3.022794,-4.076114,0,55891344600,-100,11027057165.004124,0.58169,,109.192065,113.330528,,0.123146,3.588097,0.052636,0.002218,1.524829
01-20-26,10195.160156,10195.160156,10079.75,10091.950195,,10029.479053,9824.933633,9197.95489,17.794633,7.843672,4.514014,TRUE,TRUE,626.978743,7.943517,29.30998,41.234235,59.303625,-13.894551,110.584526,3.550267,7.320075,11.837036,18.057981,54.168038,2.583407,0.644618,12350.428115,0.566632,0.013756,0.098761,1.472323,2.038275,-4.076114,0,55891344600,-100,11027057165.004124,0.518164,,107.320075,111.837036,,0.109751,3.238823,0.314262,0.013756,0.505822
01-21-26,10126.879883,10135.549805,10113.969727,10122.889648,,10040.753516,9833.739434,9208.294338,18.304594,7.824724,4.545356,TRUE,TRUE,625.445095,8.18861,28.879154,39.822463,61.399682,-13.088553,103.963388,-2.456696,7.381878,11.713178,18.464267,62.083383,2.278268,0.636931,12108.095115,0.561702,-0.001391,0.001027,1.295074,1.871099,-4.076114,0,55891344600,-100,11027057165.004124,0.10515,,107.381878,111.713178,,0.079898,2.259201,-0.032047,-0.001391,0.678357
01-22-26,10138.089844,10219.169922,10138.089844,10215.990234,,10058.253027,9842.315234,9220.863789,18.810906,7.814878,4.576872,TRUE,TRUE,621.451445,8.573702,29.225302,39.375555,66.920796,-7.180099,105.017946,-1.121711,7.367212,11.791887,19.273222,91.605994,3.547438,0.633756,11977.95774,0.572018,-0.007455,0.028449,1.191526,2.223425,-4.076114,0,55891344600,-100,11027057165.004124,0.125296,,107.367212,111.791887,,0.084341,2.374631,-0.168669,-0.007455,1.316896
01-23-26,10150.049805,10184.139648,10141.849609,10159.790039,,10071.78252,9847.519043,9232.110239,19.214857,7.815915,4.608516,TRUE,TRUE,615.408804,8.908134,28.953594,38.960569,61.227635,1.92401,100.164175,-4.780386,6.067593,11.397545,19.493197,67.075832,2.736216,0.638914,11486.050066,0.576145,0.311743,0.142439,1.009335,1.750803,-4.076114,0,55891344600,-100,11027057165.004124,-0.533525,,-1.371897,-6.177563,75.790298,0.042819,1.274019,0.377411,0.311743,0.766212
01-26-26,10143.139648,10175.410156,10140.080078,10140.730469,,10085.285059,9852.105645,9244.416392,19.43731,7.824962,4.640288,TRUE,TRUE,607.689253,9.286263,13.145958,38.539295,59.382572,-2.01711,93.699469,-8.996073,5.13323,11.664832,19.250799,59.274774,2.735888,0.596429,10546.410141,0.572846,0.003541,0.006403,0.947583,1.391317,-4.076114,0,55891344600,,11027057165.004124,-0.533525,,105.13323,111.664832,,0.071501,1.987781,0.08002,0.003541,0.525728
01-27-26,10148.980469,10192.19043,10147.480469,10174.379883,,10100.679053,9859.439238,9255.721792,19.49333,7.842468,4.672203,TRUE,TRUE,603.717446,9.704961,16.059581,38.325191,61.583619,-5.337177,90.251012,-9.955624,5.392489,11.36215,19.223092,73.047437,3.120457,0.587857,9365.736596,0.57386,-0.001665,0.001411,0.881138,1.522943,-4.076114,,55891344600,-100,11027057165.004124,,,105.392489,111.36215,,0.068373,1.892705,-0.037569,-0.001665,0.78692
01-28-26,10207.629883,10225.519531,10199.469727,10200.490234,,10115.783057,9869.481035,9266.903242,19.372794,7.870306,4.704262,TRUE,TRUE,602.577793,10.070898,30.563347,38.464349,63.247872,2.020237,88.603605,-9.282425,5.195479,11.640598,19.195243,80.830578,3.051804,0.565205,8308.185203,0.570407,0.353278,0.177583,0.722987,1.854595,-4.076114,,55793720000,,10851339424.093716,,,-1.766601,-6.281005,77.023746,0.037892,1.162847,0.421406,0.353278,1.019563
01-29-26,10154.179688,10224.730469,10154.169922,10204.94043,,10129.362598,9880.071836,9277.256445,19.086383,7.907974,4.736483,TRUE,TRUE,602.815391,10.390332,24.978491,37.62147,63.537804,4.155232,86.658175,-8.982284,4.600617,11.739452,18.01848,78.009761,2.734131,0.574982,7331.55704,0.569518,0.353108,0.178246,0.615005,1.953768,-4.076114,,55793720000,,10851339424.093716,,,-3.461419,-6.45717,77.121219,0.042638,1.31104,0.422192,0.353108,1.030856
01-30-26,10171.799805,10185.299805,10141.610352,10184.360352,,10137.418604,9892.713047,9286.932749,18.623645,7.953087,4.768801,TRUE,TRUE,605.780298,10.671095,13.84712,36.584084,61.13586,-0.447759,82.504705,-10.508603,4.346889,12.303562,17.412501,65.185722,1.607465,0.583228,6980.917476,0.570675,0.003842,0.007595,0.55829,1.791319,-4.076114,,55793720000,,10851339424.093716,,,104.346889,112.303562,,0.086105,2.404326,0.087149,0.003842,0.672429
02-02-26,10223.700195,10345.5,10145.400391,10341.599609,951139400,10156.0771,9909.397031,9297.262749,18.112485,8.013178,4.801265,TRUE,TRUE,612.134282,11.288799,30.91293,37.152651,70.356463,7.108592,90.853639,-1.727735,6.424622,13.29163,20.480918,98.532308,3.743518,0.685492,7209.749854,0.597038,0.340038,0.181887,1.58244,2.113144,-4.076114,20,55076912000,,11849270683.833454,0.961016,99.009901,0.867608,,79.186653,0.061854,1.818287,0.426482,0.340038,2.573217
02-03-26,10341.320312,10373.280273,10330.110352,10362.19043,,10170.992139,9926.086836,9307.6952,17.552664,8.084658,4.833904,TRUE,TRUE,618.391636,11.838888,30.374607,37.876687,71.316184,7.778379,98.002031,4.336525,6.811285,13.338403,20.901091,96.221908,2.96407,0.688438,8217.374004,0.593282,0.000145,0.00001,1.695945,2.403689,-4.076114,0,55076912000,,11849270683.833454,0.961016,99.009901,106.811285,113.338403,,0.105933,2.834468,0.003172,0.000145,2.326757
02-04-26,10314.5,10383.429688,10307.969727,10366.900391,,10185.474658,9942.63084,9317.886704,16.987322,8.167309,4.866714,TRUE,TRUE,624.744136,12.27172,28.576543,38.120234,71.543133,10.407273,102.861514,7.356806,6.710246,13.122667,20.219645,94.556996,2.8743,0.717573,8994.019495,0.587144,0.330332,0.174289,1.675843,2.695533,-4.076114,0,53379522400,,11253682722.324905,0.961016,99.009901,-1.085621,-0.720531,78.63001,0.075171,2.23662,0.417479,0.330332,2.017182
02-05-26,10402.549805,10404.030273,10356.019531,10360.900391,,10202.322168,9959.15084,9327.675205,16.434522,8.260055,4.899719,TRUE,TRUE,631.475635,12.833977,24.028681,38.51093,70.774904,0.41844,105.017957,7.6106,5.971104,13.846042,18.718282,86.699813,3.361451,0.716431,8964.925762,0.573679,0.002538,0.003279,1.630891,2.233887,-4.076114,0,53379522400,,11253682722.324905,0.961016,99.009901,105.971104,113.846042,,0.100574,2.787607,0.057259,0.002538,1.768874
02-06-26,10309.049805,10309.110352,10253.150391,10277,,10212.602148,9972.50084,9337.023203,15.8435,8.361979,4.932801,TRUE,TRUE,635.477637,13.41732,9.206768,37.086733,60.923361,-10.392823,98.817784,1.128341,5.558867,12.987453,18.119648,60.827012,2.04142,0.761104,8554.023532,0.568504,0.248502,0.110013,1.599724,1.342892,-4.076114,0,52531663800,,10471568725.134169,0.961016,99.009901,-1.902129,-1.705959,77.852653,0.040802,1.207683,0.331682,0.248502,0.752837
02-09-26,10369.830078,10420.269531,10369.830078,10392.780273,,10226.577148,9986.524453,9346.910605,15.306276,8.47758,4.966013,TRUE,TRUE,639.613848,14.189494,44.745703,36.744742,67.62128,-3.921853,102.070003,3.504448,7.334607,13.834847,18.533503,91.025375,2.763693,0.758494,9110.977031,0.584805,-0.009745,0.046498,1.634441,1.76122,-4.076114,0,53464803700,,9660387707.624672,0.961016,99.009901,107.334607,113.834847,,0.065226,1.813209,-0.215635,-0.009745,1.824207
02-10-26,10386.219727,10402.19043,10330.80957,10333.080078,,10236.045166,9999.308047,9356.489507,14.75824,8.602667,4.999275,TRUE,TRUE,642.81854,14.661286,29.98132,35.861041,61.744409,-9.030495,98.692438,0.101507,5.577488,12.956998,17.723695,69.101442,1.866774,0.78208,9188.192343,0.572435,0.007503,0.028799,1.487703,2.017358,-4.076114,0,52423523700,,10128105182.096603,0.961016,99.009901,105.577488,112.956998,,0.100159,2.818439,0.169702,0.007503,1.056083
02-11-26,10353.820312,10420.169922,10353.799805,10377.30957,,10246.447656,10012.444238,9366.058555,14.294581,8.739601,5.032659,TRUE,TRUE,646.385684,14.991136,24.734635,35.196413,64.225043,3.301682,98.449777,-0.112924,4.825548,13.225127,17.824887,84.667531,2.04587,0.772421,9562.387264,0.551753,-0.002411,0.003203,1.417092,2.832616,-4.076114,0,51685128100,,10352378267.032501,0.961016,99.009901,104.825548,113.225127,,0.110638,3.188277,-0.056592,-0.002411,1.368507
02-12-26,10472.169922,10535.759766,10472.169922,10499.929688,,10261.946143,10028.392832,9376.083701,13.94715,8.893331,5.066258,TRUE,TRUE,652.309131,15.445291,47.33233,35.45315,70.02765,2.40637,106.919384,6.685347,5.937903,14.413214,19.797933,90.944676,3.041913,0.820754,11002.219734,0.566635,-0.009848,0.050654,2.124109,3.420675,-4.076114,0,50930861000,,9877884339.670261,0.961016,99.009901,105.937903,114.413214,,0.123001,3.536671,-0.225063,-0.009848,2.16305
02-13-26,10402.480469,10447.080078,10395.110352,10428.980469,,10272.533643,10042.936445,9385.744604,13.729498,9.060067,5.09999,TRUE,TRUE,657.191841,15.528671,37.410298,34.632556,63.599738,1.855329,106.676895,5.154286,6.334617,14.11636,19.427203,72.908929,2.072479,0.873932,11554.262502,0.546339,0.098814,0.020276,1.925752,3.83666,-4.076114,0,50268301600,,9565189516.764093,0.961016,99.009901,-1.802845,-2.277715,78.170651,0.133659,3.923595,0.142393,0.098814,1.354018
02-16-26,10446.25,10475.780273,10446.25,10474.650391,,10285.542139,10058.587461,9395.135854,13.627491,9.240135,5.133865,TRUE,TRUE,663.451606,15.562101,38.371743,34.093712,65.777354,1.552311,108.914404,5.913436,8.003897,14.380796,19.464535,84.495886,2.54707,0.866943,12306.362394,0.541486,-0.002385,0.003255,1.739544,4.314683,-4.076114,0,51261055300,,9274502209.223808,0.961016,99.009901,108.003897,114.380796,,0.159392,4.680456,-0.057053,-0.002385,1.536671
02-17-26,10474.040039,10521.410156,10472.660156,10508.120117,,10306.350635,10074.531855,9404.689453,13.619227,9.436274,5.167933,TRUE,TRUE,669.842402,15.631055,38.945932,33.935633,67.320336,-2.707314,112.096199,7.276185,8.606566,14.352935,19.86403,92.98752,4.123781,0.862558,12378.92311,0.541826,-0.002389,0.003266,1.627166,4.36374,-4.076114,0,52224904900,,9362356139.335073,0.961016,99.009901,108.606566,114.352935,,0.158501,4.615053,-0.057149,-0.002389,1.629944
02-18-26,10555.990234,10629.480469,10553.950195,10627.969727,,10331.604639,10093.75125,9415.032803,13.733404,9.649995,5.20224,TRUE,TRUE,678.718447,15.86234,46.728643,34.48738,72.16067,8.560932,122.87226,14.441797,11.260848,14.425665,21.985305,99.690339,4.989485,0.886972,13537.031343,0.556233,-0.006087,0.039437,2.400271,4.73331,-4.076114,0,52956949800,,10055332798.882923,0.961016,99.009901,111.260848,114.425665,,0.159594,4.610155,-0.198589,-0.006087,2.189292
02-19-26,10686.370117,10687.360352,10645.44043,10648.269531,,10353.218604,10113.814648,9425.616152,13.99529,9.880364,5.236812,TRUE,TRUE,688.198496,16.058292,51.260185,35.318386,72.89302,7.115666,131.534148,18.482948,11.999801,14.384365,22.916652,92.787139,4.231399,0.882639,14969.161415,0.555399,-0.00202,0.002221,2.291868,4.855378,-4.076114,0,51593711800,,10436913520.780504,0.961016,99.009901,2.126834,-3.100668,80.271595,0.180357,5.119374,-0.047132,-0.00202,1.971058
02-20-26,10627.040039,10674.400391,10626.69043,10661.25,,10378.291602,10134.199648,9436.148403,14.385428,10.124245,5.271656,TRUE,TRUE,698.051245,16.340092,42.017797,35.81882,73.375331,6.054995,137.857041,19.844673,11.897413,14.373909,23.117647,93.986699,4.935732,0.779466,15738.648953,0.549891,-0.000857,0.0008,2.261515,4.586224,-4.076114,0,51593711800,,10436913520.780504,0.961016,,111.897413,114.373909,,0.169492,4.856183,-0.028284,-0.000857,1.797857
02-23-26,10686.75,10687.910156,10660.030273,10679.94043,,10405.2521,10154.688457,9446.523105,14.912998,10.376443,5.306748,TRUE,TRUE,708.165352,16.733237,41.872592,36.364933,74.090196,1.929526,142.730829,19.774769,11.952579,15.261938,23.33919,98.166867,5.317269,0.767876,16069.896493,0.542606,-0.001275,0.00182,2.276557,4.316694,-4.076114,0,52347983700,,10572505535.689592,0.961016,,111.952579,115.261938,,0.156614,4.550302,-0.042663,-0.001275,1.709335
02-24-26,10684.849609,10688.160156,10645.820312,10648.040039,,10428.935107,10173.585254,9456.748804,15.540807,10.634899,5.341978,TRUE,TRUE,716.83645,17.023063,35.766581,36.647641,70.605693,-2.287327,142.378001,15.537552,11.674371,15.045541,22.833179,90.777192,4.65542,0.747959,15978.361933,0.545602,0.001113,0.001371,2.139022,4.13664,-4.076114,0,53065250100,,10928581298.424133,0.961016,,111.674371,115.045541,,0.158951,4.591995,0.037028,0.001113,1.37126
02-25-26,10680.650391,10779.320312,10680.650391,10760.719727,,10456.946582,10195.819648,9467.627402,16.313645,10.90041,5.377412,TRUE,TRUE,728.192246,17.489672,44.786659,37.470293,75.066363,1.691032,149.467721,18.101818,11.980017,16.75115,23.240219,96.464909,5.492182,0.7954,16658.906491,0.557685,-0.005746,0.034953,2.583895,4.418874,-4.076114,0,52236639800,,10866906928.268242,0.961016,,111.980017,116.75115,,0.149753,4.304939,-0.186957,-0.005746,1.823488
02-26-26,10806.370117,10825.639648,10770.780273,10824.389648,,10487.919043,10217.281445,9478.580352,17.230333,11.174935,5.413097,TRUE,TRUE,738.701094,17.972342,62.738841,38.482553,77.174196,3.084,158.398091,21.62575,11.68837,17.819053,23.619714,99.747388,6.070091,0.762458,17465.874304,0.55829,-0.003198,0.010804,2.775641,4.782237,-4.076114,0,51526698600,,11066777776.389454,0.961016,,111.68837,117.819053,,0.171362,4.85983,-0.103943,-0.003198,1.926446
02-27-26,10846.870117,10899.879883,10845.5,10899.820312,,10523.692041,10241.581855,9489.656455,18.246082,11.460136,5.449005,TRUE,TRUE,751.9254,18.515139,60.932085,39.780954,79.396438,8.790745,169.606974,26.267706,12.439987,18.523978,23.725213,99.989532,7.025085,0.712765,18231.385356,0.561592,-0.00202,0.002171,3.140915,5.085828,-4.076114,0,50403160600,,10847551736.209076,0.961016,,4.982138,,81.384624,0.190556,5.348645,-0.046591,-0.00202,2.063081
03-02-26,10910.980469,10910.980469,10794.75,10815.740234,,10547.399072,10262.410664,9500.238657,19.314248,11.747083,5.485123,TRUE,TRUE,762.172007,18.837083,56.351331,40.192427,71.08848,-3.977883,169.748776,21.127607,11.267324,18.636568,21.918326,82.906759,4.58479,0.747925,18812.405059,0.574134,0.003836,0.014697,2.824317,4.665322,-4.076114,,51241496200,-100,9904036233.470943,,,111.267324,118.636568,,0.194807,5.382703,0.121229,0.003836,1.426405
03-03-26,10780.25,10780.25,10551.469727,10554.719727,,10557.025537,10276.749062,9509.106758,20.166981,12.023982,5.521327,TRUE,TRUE,767.642305,18.700548,16.529247,37.786913,52.664689,-24.509507,147.103267,-1.214321,8.783507,15.000215,20.501424,30.939837,1.857998,0.886328,18300.423981,0.664908,0.011823,0.104132,2.655438,2.990921,-4.076114,,52166159300,,9354624137.55121,,,108.783507,115.000215,,0.176696,4.421814,0.322695,0.011823,-0.0126
03-04-26,10483.910156,10514.419922,10456.019531,10471.580078,,10562.259521,10288.232656,9517.532158,20.742655,12.2903,5.55767,TRUE,TRUE,770.700498,18.30642,-2.742192,35.396753,48.365071,-31.031367,121.052447,-21.812114,7.934407,13.612816,19.595929,14.823446,1.009749,0.852608,17872.736475,0.671364,0.003612,0.009529,2.681884,2.829895,-4.076114,,51439399100,,9732493845.108063,,,107.934407,113.612816,,0.144297,3.401329,0.097614,0.003612,-0.507362
03-05-26,10567.719727,10584.05957,10528.169922,10563.320312,,10572.380518,10302.179062,9526.652261,21.162335,12.54934,5.594201,TRUE,TRUE,775.526802,17.980855,12.738209,33.111241,52.931503,-18.156977,106.581053,-29.026805,8.988978,14.716449,21.657997,25.191013,1.95369,0.850383,17234.190035,0.676357,-0.004812,0.016671,2.557426,3.24033,-4.076114,,50725540000,,9328324493.337809,,,108.988978,114.716449,,0.135412,3.179393,-0.129115,-0.004812,-0.052571
03-06-26,10413.639648,10481.049805,10413.639648,10471.360352,,10582.098535,10313.822266,9535.419062,21.32668,12.795806,5.630736,TRUE,TRUE,778.403203,17.448256,-0.298847,31.359564,48.318629,-4.34606,86.692631,-39.132182,7.830993,13.554991,20.639176,11.605865,1.891217,0.92803,15983.536072,0.688813,-0.002141,0.001621,2.560725,2.859695,-4.076114,,51391466500,,8683206137.679733,,,4.359071,2.208132,80.27417,0.133463,3.053909,-0.040267,-0.002141,-0.692827
03-09-26,10284.959961,10284.959961,10081.980469,10099.599609,,10567.439502,10318.400664,9542.026562,20.946635,13.01326,5.667006,FALSE,TRUE,776.374102,16.283006,-28.385207,31.466832,35.028518,-13.336553,40.466456,-68.286686,4.475014,9.273461,17.434471,2.125349,-2.821003,1.203097,18891.178285,0.837511,0.017292,0.140295,3.07974,1.18618,-7.341595,,50614154600,,8945579431.033033,,,104.475014,109.273461,,0.131776,2.672813,0.37456,0.017292,-2.476499
03-10-26,10249.169922,10408.740234,10235.360352,10389.44043,,10570.25752,10328.859473,9550.343765,20.243767,13.215197,5.703205,TRUE,TRUE,778.515708,15.649073,-14.822911,30.651265,47.217893,-5.71361,26.909416,-65.47498,7.717295,12.617773,22.286257,37.088053,0.545436,1.298635,18562.3569,0.910476,-0.015492,0.095228,3.256775,1.781505,-7.341595,,50027004200,,8900670878.124056,,,107.717295,112.617773,,0.06317,1.148539,-0.30859,-0.015492,-0.974106
03-11-26,10412.320312,10412.320312,10329.910156,10343.769531,,10568.580518,10337.76666,9558.480112,19.178617,13.403343,5.739258,TRUE,TRUE,779.286548,14.810271,-18.628816,29.868273,45.761029,-2.5576,12.337881,-64.037212,7.278257,11.252043,21.107242,31.578898,-0.323206,1.320265,18759.947944,0.909106,0.001615,0.001038,3.476359,1.81882,-7.341595,,48965988800,,9141940509.306883,,,107.278257,111.252043,,0.122007,2.114286,0.032222,0.001615,-1.198356
03-12-26,10353.80957,10355.259766,10281.629883,10289.450195,,10558.056543,10344.888672,9566.065361,17.723427,13.572998,5.775098,FALSE,TRUE,778.823311,14.0172,-22.185039,29.380305,44.021325,8.992807,-3.552332,-63.941941,6.56569,10.838284,20.4487,25.026505,-2.00458,1.345228,19730.599379,0.904343,-0.002645,0.001434,3.73935,1.364587,-7.341595,,49370129200,,9149144534.736485,,,3.430626,0.854311,78.530414,0.085453,1.489111,-0.037874,-0.002645,-1.361369
03-13-26,10305.480469,10307.070312,10217.790039,10220.450195,,10547.630029,10348.832871,9573.296113,15.841179,13.720275,5.810631,FALSE,TRUE,775.536758,12.968398,-26.618399,29.235192,41.845102,-5.372791,-21.465721,-65.484264,5.330716,10.169777,18.397767,16.703224,-1.999527,1.397221,20961.199968,0.904179,0.002546,0.002609,4.05795,1.368162,-7.341595,,49370129200,,9149144534.736485,,,105.330716,110.169777,,0.098426,1.716506,0.051078,0.002546,-1.560883
03-16-26,10261.099609,10314.55957,10261.099609,10296.530273,,10538.724023,10355.394883,9580.843765,13.623421,13.845106,5.845857,FALSE,TRUE,774.551118,12.166246,-19.854905,29.036511,45.069582,-0.691446,-29.186738,-58.564224,6.710854,11.971139,18.619524,25.880555,-1.700487,1.422811,21654.528379,0.901676,-0.004756,0.009152,4.274812,1.31922,-7.341595,,48672273100,,8579019434.736485,,,106.710854,111.971139,,0.071086,1.247273,-0.095666,-0.004756,-1.118444
03-17-26,10317.629883,10339.379883,10317.629883,10335.69043,,10530.102539,10360.830898,9588.515718,11.23033,13.946641,5.880824,FALSE,TRUE,772.315181,11.506896,-25.047796,28.630987,46.707521,2.686195,-31.779468,-48.925564,5.992951,12.241975,18.730072,30.604338,-1.640919,1.356307,22121.016204,0.899514,-0.002906,0.003433,4.48007,1.24317,-7.341595,,47830677200,,9096696242.703104,,,105.992951,112.241975,,0.072705,1.275096,-0.058596,-0.002906,-0.878857
03-18-26,10403.540039,10435.459961,10387.75,10432.370117,,10520.322559,10367.933301,9596.622568,8.759802,14.026586,5.915564,TRUE,TRUE,771.310732,11.079388,-22.661624,27.438743,50.622164,8.777061,-25.73631,-34.305925,7.719006,13.050038,19.820022,42.266544,-1.840423,1.367598,22097.933453,0.903737,-0.002817,0.001629,4.620664,1.333843,-7.341595,,48369215000,,8383109462.822163,,,5.062994,5.078196,79.040094,0.083248,1.451812,-0.040365,-0.002817,-0.398012
03-19-26,10305.610352,10305.610352,10164.200195,10175.05957,,10496.662061,10370.955488,9603.308364,6.008755,14.072473,5.949937,FALSE,TRUE,767.647124,10.147109,-37.910602,27.515962,41.817859,-3.251723,-41.234549,-39.843331,4.100138,10.398075,16.927828,11.227877,-4.444008,1.537443,23163.550989,0.961003,0.011385,0.046142,4.262138,0.662659,-7.341595,,48369215000,,8383109462.822163,,,104.100138,110.398075,,0.089909,1.50872,0.214807,0.011385,-1.388399
03-20-26,10063.25,10127.55957,10063.25,10116.799805,,10469.439551,10371.863477,9609.730864,3.048999,14.079972,5.983888,FALSE,TRUE,762.132612,9.14147,-37.06054,28.015953,40.116585,-6.590935,-57.554637,-44.930735,2.836,9.646998,17.000509,7.468592,-5.106814,1.543176,24298.906433,0.964103,-0.002924,0.001542,2.521537,0.438867,-7.341595,,47673146900,,7488206731.074856,,,3.778787,6.224182,0,0.032781,0.535951,-0.039264,-0.002924,-1.451258
03-23-26,9918.480469,9918.480469,9754.540039,9774.94043,,10424.189551,10365.09668,9614.340068,-0.268557,14.0308,6.017152,FALSE,TRUE,750.756611,7.531367,-39.647485,29.492691,31.912403,-18.70976,-96.95597,-67.465655,-1.237294,5.980946,13.16208,2.459302,-8.47383,1.668749,28274.008722,1.060263,0.015596,0.071107,3.215025,-0.39742,-10.320169,,48562665300,,7120381141.541102,,,98.762706,105.980946,,0.037093,0.571799,0.26666,0.015596,-2.296275
03-24-26,9893.959961,9935.870117,9892.160156,9926.849609,,10388.130029,10360.759277,9619.652314,-3.755785,13.933303,6.04981,FALSE,TRUE,741.106963,6.168532,-26.760839,30.726295,37.981879,-3.83598,-114.602938,-68.090098,0.616761,7.312648,14.578474,20.772214,-6.772988,1.687989,29825.186953,1.079314,-0.009909,0.027718,3.588267,0.000927,-10.320169,,49245350200,,7282769419.074611,,,100.616761,107.312648,,-0.022784,-0.337189,-0.166487,-0.009909,-1.546614
03-25-26,9965.169922,10060.299805,9965.169922,10058.400391,,10353.014063,10358.54209,9625.519814,-7.241022,13.79697,6.081943,FALSE,TRUE,733.022275,5.072085,-24.329254,30.91988,42.741953,2.625368,-116.628815,-56.09278,1.710959,9.164319,15.752173,41.824675,-6.526695,1.680805,29338.005758,1.091827,-0.008548,0.02015,3.097949,0.243672,-10.320169,,50220192800,,7252363688.584647,,,101.710959,109.164319,,-0.001169,-0.017034,-0.141951,-0.008548,-1.004205
03-26-26,10106.990234,10106.990234,10019.839844,10021.790039,,10312.884082,10355.178691,9631.375767,-10.654216,13.621979,6.11352,FALSE,TRUE,723.802925,3.96595,-22.255827,30.762281,41.780855,9.868452,-119.807421,-47.417108,1.530901,7.9376,15.643605,39.248374,-7.414733,1.642378,28010.067829,1.092185,0.00014,0.000005,3.004634,0.069913,-10.320169,,51099364800,,7442313362.301212,,,101.530901,107.9376,,0.016088,0.231995,0.002327,0.00014,-1.039248
03-27-26,9972.299805,10024.080078,9972.299805,9984.849609,,10267.135547,10350.531074,9636.924014,-13.892913,13.407239,6.144481,FALSE,TRUE,713.607061,2.946698,-6.809316,30.806179,40.784328,2.802449,-123.879269,-41.191166,1.19951,7.366286,15.313136,33.823297,-8.394365,1.406945,25255.799926,1.087072,-0.003782,0.002031,3.100882,-0.239716,-10.320169,,50343485800,,8109352975.794178,,,1.686075,2.084279,76.23412,-0.01237,-0.179413,-0.045071,-0.003782,-1.117707
03-30-26,9967.469727,10000.280273,9958.049805,10000.259766,,10226.361523,10346.24666,9642.755312,-16.953976,13.151838,6.174836,FALSE,TRUE,703.491348,1.861944,-27.586582,30.905353,41.412111,-1.329842,-124.428434,-33.392265,1.028949,6.95007,16.515123,36.086435,-7.539756,1.214132,22348.089245,1.084867,-0.002608,0.001899,3.290718,-0.069203,-10.320169,,51590243700,,7669394147.891544,,,101.028949,106.95007,,-0.002959,-0.043005,-0.043579,-0.002608,-1.011727
03-31-26,10127.900391,10201.150391,10118.650391,10201.129883,,10208.682031,10348.430254,9649.543462,-19.632842,12.86827,6.204739,FALSE,TRUE,698.886792,1.266513,-9.108767,29.550961,49.001751,7.220896,-107.416877,-13.104566,2.69577,7.989599,18.139738,65.58625,-3.350064,1.273185,20969.862005,1.108633,-0.012018,0.038617,3.335902,0.183107,-10.320169,,50388110700,,8248525720.290674,,,102.69577,107.989599,,-0.01725,-0.249922,-0.196513,-0.012018,-0.036014
04-01-26,10174.94043,10366.459961,10169.299805,10320.94043,,10201.150049,10352.39127,9657.189165,-21.812842,12.565311,6.234321,FALSE,TRUE,695.202104,0.88251,1.930198,27.542868,52.919352,12.135024,-83.307074,8.80419,2.970099,9.474636,19.892437,83.181645,-1.438557,1.343897,20233.487921,1.118405,-0.00728,0.013941,3.328014,0.427943,-10.320169,,49498378000,,8173002498.993027,,,102.970099,109.474636,,0.016953,0.240385,-0.118073,-0.00728,0.59204
04-02-26,10366.339844,10375.799805,10290.160156,10345.349609,,10190.251514,10354.978457,9665.042412,-23.445708,12.239631,6.263615,FALSE,TRUE,689.936045,0.434642,7.870851,25.729047,53.699706,12.287595,-61.521087,24.472142,3.781136,8.998239,22.07334,86.76638,-2.063468,1.338213,18709.683892,1.116099,-0.002571,0.000891,3.290992,0.610272,-10.320169,,48854327200,,7328505660.621469,,,1.852815,2.095624,77.429112,0.050092,0.707056,-0.029848,-0.002571,0.828972
04-07-26,10436.200195,10461.69043,10403.589844,10403.589844,,10186.862988,10359.854453,9673.270361,-24.398909,11.888932,6.292677,TRUE,TRUE,686.584092,0.144813,6.823338,24.511243,55.591065,6.589314,-39.105254,37.510379,3.375436,9.752933,29.156919,91.783843,-0.647199,1.345985,18228.963908,1.116723,-0.003933,0.004081,3.273371,0.631157,-10.320169,,49483877300,,7332061648.528596,,,103.375436,109.752933,,0.042641,0.602508,-0.06388,-0.003933,1.188915
04-08-26,10345.929688,10655.919922,10345.929688,10591.780273,,10211.472021,10368.875449,9682.434263,-24.637672,11.521488,6.321684,TRUE,TRUE,686.441187,0.216016,14.905837,24.292368,61.118152,8.1988,-6.085006,56.424502,5.10586,11.685233,37.518081,92.884282,4.873269,1.502224,20204.113156,1.13851,-0.010116,0.025963,4.502346,0.942811,-10.320169,,50353304800,,7167304416.422317,,,105.10586,111.685233,,0.04543,0.636599,-0.161131,-0.010116,1.882331
04-09-26,10609.570312,10643.610352,10578.450195,10583.330078,,10221.166504,10377.054453,9691.756914,-24.158158,11.141619,6.350553,TRUE,TRUE,685.297539,0.298367,9.262363,24.089126,60.75252,7.052814,19.180813,65.352257,5.580434,10.832972,33.788384,91.946809,1.866218,1.480065,21524.988639,1.138338,-0.0022,0.000627,4.484392,0.854454,-10.320169,,50422321400,,7395040388.806351,,,2.992784,2.407741,77.151034,0.069379,0.959957,-0.025042,-0.0022,1.682526
04-10-26,10603.549805,10624.790039,10576.009766,10614.419922,,10234.699023,10385.333047,9701.151016,-22.986852,10.75611,6.379345,TRUE,TRUE,684.182031,0.450544,31.302377,23.882765,61.661277,6.070212,41.237488,69.927145,5.391698,11.620286,38.217591,95.395948,2.616555,1.328094,23127.471987,1.13846,-0.002254,0.001289,4.528238,0.864119,-10.320169,,50422321400,,7395040388.806351,,,105.391698,111.620286,,0.06618,0.915889,-0.035909,-0.002254,1.641861
04-13-26,10601.450195,10607.69043,10528.570312,10558.769531,,10248.16499,10392.409629,9709.950361,-21.287265,10.363646,6.408019,TRUE,TRUE,682.459268,0.521838,31.546931,23.33772,59.026653,-2.091499,53.609068,65.838981,4.404993,11.999677,33.430677,89.222037,2.617432,1.317532,24221.231258,1.140973,0.001843,0.000859,4.353695,0.693439,-10.320169,,51409453600,,7792128607.825785,,,104.404993,111.999677,,0.067591,0.933204,0.029306,0.001843,1.282365
04-14-26,10581.910156,10619.049805,10576.669922,10617.05957,,10267.995459,10401.063613,9719.230659,-19.003014,9.973299,6.436574,TRUE,TRUE,681.832954,0.714416,75.362686,22.893925,60.91063,0.15811,67.34089,63.656642,4.666334,12.434307,33.309803,94.911967,3.880547,1.107135,25568.478069,1.142416,-0.003672,0.003399,3.824469,0.758435,-10.320169,,52611452600,,8318176910.424446,,,104.666334,,,0.053964,0.745057,-0.058301,-0.003672,1.365213
04-15-26,10609.209961,10637.69043,10608.570312,10613.040039,,10283.820947,10406.492422,9728.36936,-16.212801,9.587764,6.464972,TRUE,TRUE,678.123062,0.873524,70.775412,22.588844,60.703352,-0.957925,77.011376,58.661702,4.363939,12.274038,30.472693,93.855607,3.073946,1.018843,26708.485144,1.142433,-0.000617,0.000096,3.40704,0.755889,-10.320169,,51735869300,,9489891838.123779,,,104.363939,112.274038,,0.06399,0.882006,-0.009803,-0.000617,1.232639
04-16-26,10559.580078,10591.230469,10555.530273,10589.240234,,10296.498438,10411.033418,9737.442061,-12.994298,9.206046,6.493182,TRUE,TRUE,673.591357,0.763789,61.59798,21.860826,59.414118,0.387465,81.811785,50.769689,3.918369,12.355068,28.368437,90.445258,2.453148,0.969908,27555.954195,1.130939,0.000415,0.000044,3.104052,0.991741,-10.320169,,53076473800,,8671287807.876888,,,103.918369,112.355068,,0.083947,1.168753,0.006654,0.000415,1.062354
04-17-26,10590.349609,10594.860352,10568.650391,10574.009766,,10303.58042,10415.175605,9746.196108,-9.47776,8.828016,6.521158,TRUE,TRUE,668.979497,0.653892,65.709047,21.208923,58.557035,-2.353595,83.425495,41.906719,3.491937,12.059116,27.773337,88.262837,1.357694,0.930139,28100.163854,1.130949,-0.002376,0.000741,2.720569,0.886365,-10.320169,,51879589700,,9913992039.005775,,,-0.311521,0.281379,77.745038,0.071134,0.990731,-0.027228,-0.002376,0.962376
04-20-26,10668.400391,10683.700195,10583.200195,10609.099609,923835300,10325.282422,10420.13959,9755.127104,-5.698852,8.456741,6.548962,TRUE,TRUE,665.012485,0.734247,74.443911,21.178303,59.989105,-0.714247,86.538269,36.015595,3.863331,13.410515,28.195794,89.719487,4.265725,0.966052,28724.474481,1.126078,-0.002491,0.000822,2.206623,0.752081,-10.320169,20,53813969200,,10736440166.916809,-0.484589,99.009901,0.04011,0.690147,77.878749,0.060976,0.852991,-0.028679,-0.002491,0.988067
04-21-26,10609.370117,10627.849609,10602,10625.320312,,10350.708447,10427.105996,9764.221206,-1.72883,8.090279,6.576538,TRUE,TRUE,662.88479,0.724093,74.46859,21.14987,60.665745,1.251627,89.284821,31.009717,5.285105,12.992054,27.576313,89.668188,5.026496,0.953566,29030.921843,1.123178,-0.001596,0.000665,1.614488,0.919624,-10.320169,0,53813969200,,10736440166.916809,-0.484589,99.009901,105.285105,112.992054,,0.071619,1.004341,-0.025782,-0.001596,0.945929
04-22-26,10497.919922,10516.44043,10478.919922,10503.990234,,10387.160938,10429.330195,9772.470156,2.226011,7.719734,6.603861,TRUE,TRUE,656.860039,0.456863,39.859419,20.010303,53.392284,-5.164751,80.740434,17.972264,3.764741,11.424528,24.999881,65.064187,7.458355,0.927526,25820.434779,1.133752,-0.002556,0.000854,1.249508,0.68835,-10.320169,0,52119786100,,9293704867.813332,-0.484589,99.009901,-0.099794,-0.560245,76.257697,0.05656,0.785872,-0.029221,-0.002556,0.452468
04-23-26,10476.75,10477.150391,10411.200195,10435.919922,,10412.614453,10431.386992,9780.314756,6.030795,7.34281,6.630849,TRUE,TRUE,651.072236,0.114889,16.238182,18.743536,49.785854,-10.203251,67.695885,3.942172,2.152799,9.678612,24.127785,37.038103,5.128216,0.86214,23443.700868,1.136897,0.002183,0.001214,1.096387,0.458414,-10.320169,0,52119786100,,9293704867.813332,-0.484589,99.009901,102.152799,109.678612,,0.051359,0.711805,0.034836,0.002183,0.09941
04-24-26,10457.679688,10462.480469,10400.849609,10415.299805,,10430.459424,10432.146797,9787.512754,9.499225,6.958347,6.657465,FALSE,TRUE,644.634043,-0.231168,9.931988,17.647914,48.712465,-11.95328,55.059423,-6.955432,2.514912,8.735099,23.766236,20.537648,3.548272,0.847382,21913.997679,1.137001,-0.002788,0.00101,0.992579,0.352678,-10.320169,0,53347629800,,8820194402.802511,-0.484589,99.009901,-0.77157,-2.23537,76.012997,0.031879,0.441743,-0.031785,-0.002788,-0.069178
04-27-26,10378.530273,10386.780273,10361.639648,10371.400391,,10447.939941,10429.576211,9794.664258,12.467287,6.566586,6.68368,FALSE,TRUE,634.911953,-0.653586,-4.665468,16.941173,46.417958,-6.974326,41.029656,-16.788159,2.274687,7.524683,23.21529,7.540831,3.488502,0.8078,19772.258511,1.138569,0.000857,0.000187,1.040232,0.244111,-10.320169,0,54210166600,,9411777459.97467,-0.484589,99.009901,102.274687,107.524683,,0.031378,0.434037,0.013662,0.000857,-0.387106
04-28-26,10321.799805,10349.860352,10298.419922,10345.719727,,10465.983447,10427.910996,9801.402358,14.767676,6.167994,6.709457,FALSE,TRUE,626.508638,-1.162235,-46.651731,16.762641,45.08023,-4.705624,27.521499,-24.237052,1.684032,7.167332,22.239259,12.276726,3.614177,0.646169,16737.527127,1.138745,-0.000072,0.000001,1.252827,0.233399,-10.320169,0,53506411200,,9539659762.749741,-0.484589,99.009901,101.684032,107.167332,,0.027515,0.380516,-0.001155,-0.000072,-0.718527
04-29-26,10332.900391,10338.25,10261.05957,10273.389648,,10479.639941,10423.885781,9808.077808,16.320339,5.761289,6.73471,FALSE,TRUE,615.807974,-1.531917,-52.414894,16.866415,41.456378,-7.256087,10.85463,-32.723138,0.714666,5.947275,20.935964,2.917391,2.731228,0.664277,13547.945548,1.125025,0.001807,0.00085,1.530371,-0.291261,-10.320169,0,52346622400,,9160845792.724022,-0.484589,99.009901,100.714666,105.947275,,-0.004298,-0.0602,0.029158,0.001807,-1.522373
04-30-26,10213.320312,10238.419922,10205.150391,10231.209961,,10481.143945,10418.347578,9814.600859,17.234467,5.345517,6.759465,FALSE,TRUE,603.746719,-1.932057,-63.612696,17.350469,39.464075,-6.953882,-5.69192,-39.41575,0.25742,4.86988,20.412511,5.445529,0.29487,0.6806,13235.584735,1.125905,0.000243,0.000015,1.823181,-0.434301,-10.320169,0,51708972900,,9559051273.45319,-0.484589,99.009901,100.25742,104.86988,,-0.019792,-0.276889,0.00392,0.000243,-1.888349
05-01-26,10378.349609,10378.349609,10319.889648,10323.55957,,10481.274902,10412.259375,9821.355659,17.621823,4.929468,6.783757,FALSE,TRUE,590.903716,-2.165542,-36.802715,16.459872,45.62543,0.5452,-11.223956,-35.958229,1.366794,5.773096,20.091656,24.743335,0.025377,0.716919,13219.018636,1.132105,-0.006418,0.010592,1.967762,-0.231599,-10.320169,0,50916962900,,8960000594.006029,-0.484589,99.009901,101.366794,105.773096,,-0.027203,-0.380484,-0.102917,-0.006418,-1.193094
05-05-26,10365.379883,10365.379883,10242.320312,10266.099609,,10477.312402,10404.615977,9827.725659,17.359249,4.513981,6.807528,FALSE,TRUE,576.890317,-2.500984,-54.985243,16.197211,42.712482,1.256104,-20.013964,-35.798589,-0.730061,5.647657,19.409346,12.736233,-0.766045,0.764611,13755.790271,1.134361,0.000997,0.000254,2.165195,-0.347457,-10.320169,0,50100674800,,8554390071.375367,-0.484589,99.009901,99.269939,105.647657,,-0.011258,-0.156333,0.015951,0.000997,-1.535446
05-06-26,10218.759766,10384,10218.759766,10383.179688,,10476.291895,10399.05457,9834.576558,16.596924,4.107402,6.830867,FALSE,TRUE,564.478013,-2.781428,-30.593353,16.118093,49.752057,10.287982,-17.332922,-26.494038,0.202556,7.027638,21.308751,37.201833,-0.196184,0.84963,13820.77915,1.138957,-0.007341,0.01368,2.249016,0.106976,-10.320169,0,49179085900,,8705704854.694681,-0.484589,99.009901,100.202556,107.027638,,-0.005782,-0.080501,-0.116959,-0.007341,-0.673712
05-07-26,10438.620117,10440.549805,10381.05957,10384.759766,,10465.940869,10393.150957,9841.381357,15.640058,3.711673,6.853772,FALSE,TRUE,551.7696,-2.868945,-28.044789,15.51855,49.841637,4.216207,-14.908818,-19.255947,0.172273,6.894079,21.721134,37.532013,-1.954539,0.850863,13684.877736,1.129714,-0.00333,0.001459,2.327223,-0.15243,-10.320169,0,49309813300,,9273601945.005417,-0.484589,99.009901,-4.149106,-5.560056,77.637447,-0.005765,-0.080429,-0.038199,-0.00333,-0.593218
05-08-26,10277.400391,10277.400391,10184.990234,10208.150391,,10447.181885,10384.353164,9847.114609,14.185618,3.318619,6.87609,FALSE,TRUE,537.238555,-3.346726,-41.084714,16.233017,41.035735,-1.676747,-26.928187,-25.020253,-1.474293,4.40878,19.326584,4.644013,-3.545006,0.987027,14536.014873,1.148702,0.006899,0.011871,2.549584,-0.409307,-10.320169,0,49309813300,,9273601945.005417,-0.484589,99.009901,98.525707,104.40878,,0.003701,0.051047,0.108955,0.006899,-1.644409
05-11-26,10233.55957,10284.790039,10233.55957,10253.820312,,10429.151904,10374.215176,9852.691709,12.347406,2.935922,6.897937,FALSE,TRUE,521.523467,-3.66773,-39.42816,16.826811,43.800846,-5.951211,-32.395013,-24.389664,-0.225549,5.32078,19.161189,15.542197,-3.397262,0.959607,14588.755883,1.14883,-0.004231,0.004466,2.715124,-0.404805,-10.320169,0,48720034500,,9079401097.264538,-0.484589,,99.774451,105.32078,,-0.033158,-0.455631,-0.066826,-0.004231,-1.201827
05-12-26,10271.169922,10271.169922,10152.049805,10220.44043,,10412.235449,10362.136191,9858.192412,10.18774,2.560229,6.919248,FALSE,TRUE,503.943779,-3.828763,-44.09307,17.83345,42.241639,-7.599998,-38.971748,-24.773119,-1.658265,5.554715,18.802264,18.768492,-3.204247,1.027926,14963.408667,1.13869,-0.000395,0.00004,1.854396,-0.758598,-10.320169,0,47720567300,,8496354924.462216,-0.484589,,98.341735,105.554715,,-0.045914,-0.635194,-0.006291,-0.000395,-1.28176
