Date,Open,High,Low,Close,Volume,SMA20,SMA50,SMA200,SMA20_Slp,SMA50_Slp,SMA200_Slp,>MA50,>MA200,GoldenX,LinReg_Slp,Chande,ADX14,RSI14,RSI_D3,MACD_Line,MACD_Hist,RET_3M_pct,RET_6M_pct,RET_12M_pct,StochK14,ROC20_pct,ATR_pct,StdDev20,Vol60,Beta60,R2_60,Ulcer14,Sharpe60,MaxDD_6M_pct,Vol_vs_Avg,OBV,VolROC20,AD_Line,CMF20,MFI14,RS_3M,RS_6M,RS_Bench,Alpha60,InfoRatio,Corr60,Beta,ZScore
07-11-24,23.280001,23.42,23.25,22.195074,1759500,22.156152,22.138685,21.743262,0.000293,0.007035,0.000994,TRUE,TRUE,0.395423,-0.002372,-0.507597,10.031318,50.810814,-1.743277,0.044513,0.002918,-1.474928,6.41785,5.274256,-124.33224,1.387682,5.792827,18.00918,0.801523,-0.010837,0.06027,1.788616,-0.769965,-5.137851,2.026618,159609200,207.336245,-21703445123.038528,-13.436728,64.501449,-3.286547,-1.304736,0,-0.055466,-1.116495,-0.2455,-0.010837,0.216125
07-12-24,23.299999,23.34,23.26,22.109636,1263200,22.163272,22.137735,21.740024,0.003179,0.006244,0.001001,FALSE,TRUE,0.397711,-0.001901,4.812884,9.434381,48.441582,-0.2999,0.03295,-0.006915,-1.688471,6.736946,4.109423,-135.574049,0.648233,5.802126,17.497207,0.802676,-0.010885,0.060658,1.754282,-0.840226,-5.137851,1.414075,158346000,65.992116,-21741036850.344635,-14.727708,61.789155,-4.586662,-1.517202,0,-0.059152,-1.189172,-0.246289,-0.010885,-0.306537
07-15-24,23.190001,23.24,23.120001,21.948252,863300,22.161373,22.140014,21.736116,0.005823,0.005471,0.001008,FALSE,TRUE,0.403898,-0.002268,-14.594522,9.502108,44.244853,-4.496629,0.010642,-0.023379,-2.529504,5.186535,1.916505,-150.224481,-0.172706,5.768167,17.718629,0.782687,-0.010746,0.062204,1.853538,-0.580916,-5.137851,0.949913,157482700,56.112116,-21758759817.261379,-14.98213,55.966418,-6.720143,-3.854155,0,-0.044313,-0.914571,-0.249407,-0.010746,-1.20281
07-16-24,22.93,23.09,22.92,21.891293,1485400,22.160898,22.139634,21.731289,0.008119,0.00471,0.001015,FALSE,TRUE,0.408344,-0.002732,-6.508881,10.33262,42.834359,-7.976455,-0.011501,-0.036417,-2.90526,4.533097,2.340009,-104.970203,-0.043345,5.791762,17.793223,0.783327,-0.010793,0.062664,1.902735,-0.653624,-5.137851,1.584672,155997300,62.392041,-21778222175.391731,-14.996792,52.962615,-8.92079,-5.409272,0,-0.048057,-0.991245,-0.250327,-0.010793,-1.515217
07-17-24,23.110001,23.15,23.030001,21.891293,1296400,22.156627,22.138685,21.726599,0.009864,0.003963,0.001021,FALSE,TRUE,0.412086,-0.003006,-9.090821,10.781111,42.834359,-5.607223,-0.028718,-0.042908,-2.741453,5.441238,3.169196,-104.970203,-0.388765,5.770366,18.352429,0.780711,-0.010894,0.064247,1.965913,-0.8156,-5.137851,1.369736,155997300,16.342098,-21804122481.053429,-15.276173,53.218275,-8.816457,-4.167985,0,-0.056732,-1.175051,-0.253471,-0.010894,-1.445771
07-18-24,23.059999,23.059999,22.889999,21.729908,1410300,22.135267,22.129571,21.722322,0.010765,0.003237,0.001028,FALSE,TRUE,0.407249,-0.003523,-25.882232,11.707973,38.77271,-5.472142,-0.054754,-0.055155,-1.928017,4.807689,1.072487,-114.860509,-1.928017,5.748267,20.684421,0.786105,-0.011008,0.064658,2.146988,-1.058122,-5.137851,1.445935,154587000,69.425757,-21824780735.963726,-15.444574,46.014108,-7.354203,-5.470523,0,-0.069997,-1.44,-0.254279,-0.011008,-1.959731
07-19-24,22.809999,22.92,22.559999,21.435619,1803800,22.09682,22.114952,21.717434,0.010682,0.002514,0.001034,FALSE,FALSE,0.397517,-0.004334,-34.031248,13.541597,32.686172,-10.148187,-0.098005,-0.078725,-3.214742,2.729755,-0.838884,-83.908954,-3.463016,5.789764,25.833946,0.801787,-0.011332,0.065819,2.458936,-1.6251,-5.680874,1.768414,152783200,98.067421,-21837852054.890949,-14.634039,43.34724,-8.293132,-7.1399,0,-0.10194,-2.056882,-0.256552,-0.011332,-2.559424
07-22-24,22.5,22.639999,22.450001,21.492579,1959900,22.070239,22.10375,21.713329,0.009924,0.001793,0.001039,FALSE,FALSE,0.390421,-0.005048,-53.293358,15.513825,34.818925,-8.015434,-0.12623,-0.08556,-3.412968,3.190515,-0.865861,-66.029173,-2.413791,5.677063,29.143462,0.802884,-0.011247,0.064691,2.758439,-1.493318,-5.680874,1.811619,154743100,171.04135,-21859564222.714748,-14.399719,33.928687,-8.678158,-6.711981,0,-0.094586,-1.904781,-0.254343,-0.011247,-1.982126
07-23-24,22.5,22.549999,22.389999,21.293222,981700,22.024671,22.086852,21.711348,0.008472,0.001072,0.001044,FALSE,FALSE,0.375504,-0.005835,-61.080913,17.488906,31.104359,-7.668351,-0.162808,-0.097711,-4.308868,1.81571,-2.315408,-72.634225,-4.104311,5.647992,33.70094,0.80648,-0.01149,0.066898,3.138456,-1.972359,-6.307436,0.892118,153761400,60.828965,-21874004759.848476,-14.429683,28.496486,-8.769022,-7.708352,0,-0.121013,-2.428692,-0.258647,-0.01149,-2.170411
07-24-24,22.450001,22.6,22.42,21.283728,991900,21.989072,22.070523,21.709953,0.006254,0.000354,0.001048,FALSE,FALSE,0.36057,-0.006541,-73.410201,19.018455,30.935088,-1.751085,-0.190369,-0.100217,-4.757864,1.218958,-4.071262,-73.263018,-3.23695,5.634648,37.562189,0.806194,-0.011522,0.067287,3.489407,-2.01546,-6.349214,0.890643,152769500,36.55011,-21887519623.324932,-14.388964,29.527196,-7.870552,-7.100511,0,-0.123556,-2.481126,-0.259398,-0.011522,-1.877804
07-25-24,22.290001,22.52,22.219999,21.331194,676400,21.953947,22.052297,21.708389,0.003021,-0.000357,0.001052,FALSE,FALSE,0.343908,-0.007135,-77.514644,20.934818,32.900999,-1.917926,-0.206006,-0.092683,-4.423648,0.581915,-4.208929,-64.406138,-3.188279,5.563723,40.307254,0.807183,-0.011468,0.066505,2.651324,-1.91218,-6.349214,0.622326,153445900,-44.209832,-21892203927.805279,-14.217888,24.551141,-8.219302,-7.604896,0,-0.118091,-2.367505,-0.257885,-0.011468,-1.545015
07-26-24,22.370001,22.389999,22.190001,21.11285,584200,21.902209,22.031601,21.70347,-0.001187,-0.001073,0.001055,FALSE,FALSE,0.328131,-0.008509,-76.24983,22.78404,28.835005,-2.269354,-0.233327,-0.096003,-5.922166,-1.199472,-4.724863,-84.152451,-4.672097,5.632632,44.148586,0.801665,-0.011532,0.06823,2.722639,-1.844337,-7.101094,0.539761,152861700,-13.503109,-21899080876.127277,-14.138231,24.882567,-10.595494,-9.961782,0,-0.11367,-2.296787,-0.26121,-0.011532,-1.78796
07-29-24,22.290001,22.34,22.059999,21.017918,709100,21.850471,22.007489,21.698349,-0.006161,-0.001785,0.001057,FALSE,FALSE,0.30914,-0.010527,-75.324501,24.795977,27.257734,-3.677354,-0.259646,-0.097858,-6.424353,-2.078737,-4.920312,-76.62363,-4.692209,5.667646,48.172284,0.78261,-0.011354,0.069414,3.068162,-1.548783,-7.518808,0.659616,152152600,-17.093418,-21905068107.667252,-14.107929,24.802013,-10.569432,-10.647811,0,-0.095735,-1.983106,-0.263465,-0.011354,-1.728284
07-30-24,21.98,22.07,21.950001,20.951466,1183600,21.781171,21.980908,21.693528,-0.011775,-0.002499,0.001059,FALSE,FALSE,0.28738,-0.012481,-76.397342,26.895618,26.178277,-6.722722,-0.282609,-0.096657,-6.641287,-1.561108,-5.799319,-67.927593,-6.204853,5.61785,50.700728,0.781432,-0.011484,0.071213,3.412876,-1.775929,-7.811204,1.103569,150969000,-4.053178,-21925949653.180176,-14.635402,24.142372,-11.055776,-9.905656,0,-0.107646,-2.235263,-0.266858,-0.011484,-1.636476
07-31-24,22.370001,22.58,22.309999,21.435619,1495200,21.734654,21.959453,21.691174,-0.017314,-0.003191,0.001059,FALSE,FALSE,0.268279,-0.013539,-39.215615,26.113791,43.67868,14.843675,-0.258757,-0.058244,-3.256208,0.044305,-4.01301,-37.005873,-4.159591,5.600147,49.301612,0.839526,-0.010964,0.056238,3.20648,-0.965748,-7.811204,1.353073,152464200,76.988636,-21937129082.265076,-14.099424,22.649557,-10.155118,-9.448401,0,-0.068186,-1.307236,-0.237146,-0.010964,-0.606542
08-01-24,22.559999,22.59,22.219999,21.179302,2002300,21.669151,21.928885,21.684642,-0.022663,-0.003864,0.001059,FALSE,FALSE,0.244243,-0.014571,-44.144125,25.65804,38.47805,11.220316,-0.257568,-0.045644,-3.000006,-0.089572,-4.658562,-59.744119,-5.825245,5.67111,47.413365,0.838626,-0.011372,0.060549,2.773305,-1.698966,-7.811204,1.711689,150461900,183.010601,-21950395074.54858,-13.343832,21.766756,-8.127658,-8.838234,0,-0.11017,-2.118879,-0.246067,-0.011372,-1.033146
08-02-24,22.059999,22.08,21.790001,20.790081,2740400,21.579915,21.892431,21.676526,-0.027987,-0.004538,0.001058,FALSE,FALSE,0.215905,-0.016217,-49.593469,26.312975,32.207,6.028723,-0.28475,-0.058261,-5.112657,-0.725298,-4.978603,-73.523592,-7.905812,5.698375,46.251891,0.868997,-0.011502,0.057632,2.892285,-2.173053,-8.521315,2.168433,147721500,218.429003,-21972033335.527382,-12.710722,19.758511,-7.608816,-6.903396,0,-0.141256,-2.617177,-0.240068,-0.011502,-1.70768
08-05-24,21.52,21.870001,21.51,20.75211,2372700,21.50397,21.861673,21.667904,-0.033354,-0.005209,0.001055,FALSE,FALSE,0.193769,-0.018042,-49.180274,27.463484,31.664812,-12.013868,-0.305831,-0.063473,-5.408917,0.229254,-6.045844,-46.212865,-6.820117,5.687521,46.774009,0.867394,-0.007469,0.035924,3.209295,-2.076021,-8.688393,1.765467,145348800,208.503446,-21984396281.183933,-11.965628,18.997857,94.591083,100.229254,,-0.134502,-2.468432,-0.189536,-0.007469,-1.607432
08-06-24,21.6,21.83,21.6,20.581232,1634200,21.427075,21.829776,21.657432,-0.038511,-0.005893,0.001052,FALSE,FALSE,0.172344,-0.01993,-52.671702,28.531814,29.276299,-9.201751,-0.332493,-0.072108,-7.231495,-1.004561,-6.971932,-59.920556,-6.952784,5.671988,48.72914,0.870001,-0.007577,0.037119,2.945129,-2.438033,-9.440273,1.171818,143714600,162.944489,-22000507650.633121,-11.830088,12.226057,-6.508649,-7.03972,0,-0.144293,-2.633499,-0.192662,-0.007577,-1.735805
08-07-24,21.809999,21.99,21.77,20.771095,1050600,21.359674,21.798638,21.646733,-0.043414,-0.00658,0.001047,FALSE,FALSE,0.151905,-0.021485,-38.113196,28.794683,35.131296,2.924296,-0.334447,-0.05925,-6.29551,-0.454962,-6.152126,-52.404612,-6.094418,5.702695,47.969942,0.880258,-0.00738,0.034413,2.248381,-2.080795,-9.440273,0.743417,144765200,54.910056,-22011098732.992691,-11.719817,17.612529,-5.306908,-5.93505,0,-0.124049,-2.234868,-0.185508,-0.00738,-1.226973
08-08-24,21.93,22.129999,21.93,20.96096,568700,21.297968,21.763324,21.637843,-0.047785,-0.007259,0.001042,FALSE,FALSE,0.125481,-0.022413,-19.684987,28.441294,40.441313,8.7765,-0.317021,-0.033459,-4.950487,0,-5.177972,-48.587633,-5.560304,5.708566,44.467879,0.884799,-0.00726,0.03299,2.34248,-1.989453,-9.440273,0.420119,145333900,-67.678318,-22017178394.534599,-11.588291,21.791593,-5.775186,-7.123252,0,-0.118441,-2.121344,-0.181632,-0.00726,-0.757867
08-09-24,22.24,22.24,22.129999,21.08437,465100,21.246704,21.735224,21.630294,-0.051484,-0.007929,0.001037,FALSE,FALSE,0.10493,-0.023228,-16.475154,27.663632,43.669028,14.392729,-0.28991,-0.005079,-4.759869,0.045035,-5.278843,-39.048671,-4.637194,5.700446,40.336121,0.888052,-0.007064,0.031026,2.172871,-1.679601,-9.440273,0.354022,145799000,-63.180811,-22026485668.764729,-10.863811,26.384111,-5.436105,-7.489612,0,-0.099548,-1.775108,-0.176142,-0.007064,-0.402455
08-12-24,22.360001,22.59,22.309999,21.37866,550900,21.218225,21.718896,21.625438,-0.054243,-0.008573,0.001032,FALSE,FALSE,0.093458,-0.023374,3.320992,25.696309,50.55111,15.419814,-0.24189,0.034353,-3.264609,1.168012,-3.446494,-12.049542,-2.595157,5.771728,36.994503,0.906718,-0.006857,0.028044,2.16677,-1.337802,-9.440273,0.424376,146349900,-36.186725,-22030701379.781002,-10.474277,30.354333,-4.505057,-6.28131,0,-0.079969,-1.394521,-0.167465,-0.006857,0.433673
08-13-24,22.43,22.440001,22.290001,21.179302,374900,21.182625,21.700669,21.61877,-0.056099,-0.009194,0.001026,FALSE,FALSE,0.081899,-0.023702,-3.780076,23.934021,46.414292,5.97298,-0.217414,0.047063,-4.780201,0.179608,-4.19025,-30.620189,-3.252391,5.743281,33.430805,0.912647,-0.007101,0.029673,2.182008,-1.673746,-9.440273,0.301702,145975000,-74.761007,-22036628306.468693,-10.397675,25.363619,-7.273408,-8.076965,0,-0.101992,-1.767631,-0.172258,-0.007101,-0.00994
08-14-24,22.32,22.379999,22.139999,21.046398,510000,21.140381,21.686049,21.612388,-0.057155,-0.009797,0.001021,FALSE,FALSE,0.073661,-0.023802,-9.999993,22.778858,43.838669,0.169642,-0.206362,0.046492,-4.972138,0.135506,-4.321506,-42.92612,-3.8595,5.767475,29.056496,0.903665,-0.007443,0.033227,2.231526,-2.173498,-9.440273,0.423836,145465000,-60.66029,-22041786116.115116,-9.875535,25.633661,-8.121507,-11.373541,0,-0.132739,-2.326793,-0.182282,-0.007443,-0.323447
08-15-24,22.309999,22.459999,22.299999,21.217276,556600,21.114749,21.679214,21.605368,-0.057386,-0.010364,0.001014,FALSE,FALSE,0.073846,-0.023201,3.728823,21.416588,47.84595,-2.705159,-0.18172,0.056908,-4.527976,1.915185,-2.380163,-27.104132,-2.35911,5.840468,25.642919,0.902339,-0.005842,0.013954,2.211757,-2.19833,-9.440273,0.479575,146021600,-60.53322,-22049875772.868328,-9.697273,29.154192,-8.955647,-9.27683,0,-0.115311,-2.004394,-0.118129,-0.005842,0.399824
08-16-24,22.219999,22.26,22.120001,21.08437,570100,21.097187,21.668202,21.599493,-0.056941,-0.010909,0.001007,FALSE,FALSE,0.068709,-0.022897,2.341124,20.726304,45.14764,-1.266652,-0.170945,0.054146,-5.368558,1.046399,-2.586091,-39.410241,-1.638626,5.814805,24.507346,0.903948,-0.005933,0.014318,2.193726,-2.255397,-9.440273,0.51878,145451500,-68.3945,-22058880385.862877,-10.05657,29.406875,-9.823817,-8.530199,0,-0.124421,-2.176012,-0.119657,-0.005933,-0.052298
08-19-24,22.23,22.299999,22.049999,20.970453,557600,21.07108,21.649216,21.593455,-0.055785,-0.011429,0.000999,FALSE,FALSE,0.05576,-0.023242,0.657939,20.298444,42.913712,-0.924957,-0.169642,0.044359,-6.832555,0.272356,-3.354834,-49.958056,-2.429328,5.902099,22.794907,0.889213,-0.00581,0.014204,2.18733,-2.028829,-9.440273,0.541985,144893900,-71.549569,-22064253624.546959,-9.947872,30.590549,-10.788133,-9.4166,0,-0.108649,-1.932237,-0.119179,-0.00581,-0.441445
08-20-24,22.15,22.200001,21.969999,20.885014,539300,21.05067,21.634786,21.58681,-0.054138,-0.011924,0.00099,FALSE,FALSE,0.047976,-0.023847,-22.137424,20.144446,41.264528,-6.581422,-0.173504,0.032398,-8.026759,0.410767,-4.426135,-57.869138,-1.917083,5.789787,22.527139,0.888497,-0.005799,0.014175,2.060994,-1.999603,-9.440273,0.535716,144354600,-45.064684,-22069881003.834114,-9.728727,22.139828,,-8.906527,0,-0.1068,-1.90092,-0.11906,-0.005799,-0.735363
08-21-24,22.07,22.110001,21.809999,20.780588,545400,21.025513,21.612002,21.578465,-0.051947,-0.01241,0.000979,FALSE,FALSE,0.033537,-0.024293,-17.073171,20.464687,39.277743,-5.869897,-0.182882,0.018415,-8.102437,-0.500002,-4.667165,-67.53816,-2.363963,5.843151,22.59678,0.884001,-0.006031,0.015479,2.178208,-2.364415,-9.440273,0.554063,143809200,-45.014618,-22074169329.100666,-9.480716,24.678149,-11.998918,-10.497977,0,-0.128022,-2.291402,-0.124413,-0.006031,-1.083892
08-22-24,21.870001,21.99,21.82,20.761604,473500,20.997033,21.589409,21.570614,-0.049269,-0.012891,0.000968,FALSE,FALSE,0.018794,-0.024009,-1.449132,20.762054,38.910961,-4.002751,-0.18966,0.00931,-6.856887,-0.861277,-4.793767,-69.295923,-2.670219,5.954704,22.125869,0.84805,-0.006312,0.018431,2.19049,-3.050257,-9.440273,0.48603,143335700,-29.997043,-22080538711.338772,-9.665927,29.861488,-10.890116,-9.739532,0,-0.161307,-3.014681,-0.13576,-0.006312,-1.064045
08-23-24,22.1,22.27,22.1,21.131838,727700,20.997983,21.572701,21.564162,-0.045955,-0.013356,0.000955,FALSE,FALSE,0.008538,-0.023411,16.528972,19.805037,48.927648,7.66312,-0.163275,0.028556,-4.708903,2.391908,-3.296619,-47.289156,0.089934,5.995208,22.182181,0.875468,-0.005806,0.014651,2.068802,-2.100219,-9.440273,0.741496,144063400,24.563506,-22089555017.94717,-9.704255,43.149206,-10.408696,-6.922024,0,-0.110598,-1.998599,-0.121041,-0.005806,0.603435
08-26-24,22.52,22.58,22.459999,21.35018,417200,21.014596,21.55998,21.5612,-0.041861,-0.013807,0.000941,FALSE,FALSE,-0.00122,-0.022879,32.793539,18.951471,53.744569,14.466825,-0.123325,0.054805,-4.37926,2.506827,-2.37829,-51.197676,1.580851,6.057774,23.541886,0.872869,-0.005328,0.01242,1.813125,-1.396647,-9.440273,0.431527,144480600,-41.164857,-22097689108.291286,-9.961781,54.933414,-9.873769,-7.689516,0,-0.068707,-1.244536,-0.111444,-0.005328,1.425475
08-27-24,22.450001,22.469999,22.360001,21.245754,556000,21.02931,21.546879,21.558936,-0.037395,-0.014251,0.000927,FALSE,FALSE,-0.012057,-0.022647,21.008405,17.797313,51.254728,12.343767,-0.09895,0.063344,-6.516301,1.221163,-3.810892,-72.339068,1.404621,5.990404,24.040943,0.87302,-0.005303,0.012291,1.65473,-1.402048,-9.440273,0.594385,143924600,-53.02467,-22109509258.938927,-9.811614,44.485439,-12.050046,-8.728164,0,-0.069075,-1.250893,-0.110866,-0.005303,0.900314
08-28-24,22.15,22.26,22.09,20.989439,500700,21.007001,21.527133,21.555663,-0.03285,-0.014706,0.000911,FALSE,FALSE,-0.02853,-0.02332,1.224452,17.208222,45.662906,-3.264742,-0.099171,0.050498,-6.669481,0.408715,-4.815379,-105.199966,-2.08149,5.946267,22.060754,0.867856,-0.00529,0.012384,1.643843,-1.345852,-9.440273,0.565319,143423900,-66.512841,-22116492908.544556,-10.125598,37.197065,-13.568319,-9.373093,0,-0.065358,-1.190827,-0.111284,-0.00529,-0.079609
08-29-24,22.23,22.360001,22.23,21.22677,458700,21.009375,21.508527,21.553033,-0.028212,-0.015158,0.000895,FALSE,FALSE,-0.044507,-0.02393,5.836697,16.303561,50.994197,-2.750372,-0.079282,0.05631,-4.362696,1.682591,-4.093296,-74.772891,0.224125,5.91058,22.280323,0.872177,-0.004922,0.010626,1.613358,-0.692036,-9.440273,0.567336,143882600,-77.091345,-22124031261.254436,-10.737969,37.16408,-10.686112,-7.923677,0,-0.027261,-0.494023,-0.103083,-0.004922,0.97573
08-30-24,22.200001,22.23,22.08,20.989439,388900,21.019343,21.484224,21.547634,-0.023849,-0.015612,0.000877,FALSE,FALSE,-0.06341,-0.024782,-16.334686,15.932319,46.120945,-5.133783,-0.081729,0.043091,-4.984958,0.045247,-5.281776,-106.56623,0.958909,5.806442,21.68561,0.882079,-0.005215,0.011651,1.571146,-1.125291,-9.440273,0.562856,143493700,-85.808641,-22130075097.490337,-11.436721,30.273972,-10.772712,-9.18274,0,-0.053597,-0.960372,-0.107942,-0.005215,-0.137896
09-03-24,21.75,21.75,21.610001,20.571739,540700,21.010324,21.455175,21.540326,-0.01997,-0.016092,0.000859,FALSE,FALSE,-0.085151,-0.0258,-23.357644,16.783316,39.048133,-6.614773,-0.116035,0.007028,-5.536182,-2.255298,-7.544235,-107.037335,-0.869166,5.819903,23.17909,0.89861,-0.005717,0.013462,1.836382,-2.078086,-9.482043,0.902159,142953000,-77.211615,-22138635660.258728,-12.867436,29.651959,-11.087108,-10.757871,0,-0.112391,-1.976805,-0.116025,-0.005717,-1.892158
09-04-24,21.57,21.73,21.5,20.419847,456400,21.002255,21.419481,21.532984,-0.016678,-0.0166,0.000839,FALSE,FALSE,-0.113503,-0.027524,-23.913061,17.807067,36.835954,-14.158243,-0.153707,-0.024516,-5.284018,-2.227272,-9.296585,-100.014129,-0.784135,5.84835,24.963698,0.885646,-0.005657,0.013579,2.141018,-1.902127,-10.150384,0.844481,142496600,-72.071962,-22143378865.367115,-13.217801,29.925698,-11.406856,-10.564406,0,-0.100193,-1.788726,-0.116529,-0.005657,-2.333017
09-05-24,21.66,21.76,21.49,20.467314,593800,20.987066,21.388912,21.528502,-0.014029,-0.017133,0.000818,FALSE,FALSE,-0.13959,-0.028572,-30.038029,18.634684,38.017698,-8.103247,-0.177685,-0.038795,-5.39711,-2.795309,-9.522136,-93.824391,-1.46252,5.809154,27.262533,0.863429,-0.005884,0.015461,2.40368,-2.324128,-10.150384,1.147196,143090400,-43.479916,-22148470961.070644,-13.269858,30.089271,-10.64232,-10.685343,0,-0.121981,-2.236075,-0.124343,-0.005884,-1.90647
09-06-24,21.620001,21.690001,21.16,20.192013,1176000,20.948618,21.352079,21.521106,-0.012343,-0.017704,0.000796,FALSE,FALSE,-0.169027,-0.03004,-33.812886,20.082215,34.039847,-5.008285,-0.216407,-0.062013,-7.882192,-4.361502,-10.952843,-68.168099,-3.668475,5.952018,32.557889,0.87802,-0.006045,0.015765,2.787267,-2.651671,-11.152882,2.146083,141914400,106.78741,-22153942626.385376,-12.479058,27.931395,-12.00221,-10.416852,0,-0.143464,-2.585474,-0.125561,-0.006045,-2.323878
09-09-24,21.26,21.4,21.16,20.24897,2390300,20.906848,21.314106,21.512637,-0.011538,-0.018305,0.000773,FALSE,FALSE,-0.198531,-0.03119,-27.941249,21.426351,35.542512,-1.293442,-0.239735,-0.068273,-6.282956,-3.788905,-10.523137,-64.157026,-3.962175,5.93258,35.910821,0.877461,-0.006034,0.015737,3.072971,-2.672909,-11.152882,3.710292,144304700,413.932488,-22174479898.428387,-11.486044,22.866474,-12.645059,-11.385602,0,-0.144446,-2.604782,-0.125446,-0.006034,-1.831978
09-10-24,21.309999,21.33,20.9,19.954681,957600,20.835649,21.272146,21.502064,-0.011689,-0.01893,0.000749,FALSE,FALSE,-0.229917,-0.032696,-33.333379,23.152583,31.543936,-6.473762,-0.278756,-0.085835,-8.964919,-5.992852,-11.999479,-56.268932,-6.660749,5.96691,39.952903,0.893342,-0.00626,0.016329,3.4865,-3.08142,-12.197166,1.440932,143347100,73.824651,-22179647898.83292,-11.206233,22.007883,-14.802568,-13.090547,0,-0.171643,-3.039764,-0.127784,-0.00626,-2.205016
09-11-24,21.190001,21.280001,20.93,20.135052,1107600,20.783437,21.228098,21.493342,-0.012572,-0.019566,0.000724,FALSE,FALSE,-0.265244,-0.033938,-22.516584,24.755513,36.275857,2.23601,-0.291762,-0.079074,-8.022554,-4.887893,-11.732376,-45.532604,-4.930524,5.949051,41.996632,0.903204,-0.005993,0.014649,3.736446,-2.669162,-12.197166,1.579567,144454700,195.438784,-22185786836.462688,-10.635872,30.999882,-15.670997,-12.512762,0,-0.148364,-2.596755,-0.121035,-0.005993,-1.543898
09-12-24,21.42,21.65,21.360001,20.524273,1058600,20.757331,21.191264,21.48729,-0.013895,-0.020194,0.000699,FALSE,FALSE,-0.296026,-0.034315,-7.331435,24.651576,45.095476,9.552964,-0.267579,-0.043912,-6.568712,-4.378599,-10.346186,-22.36468,-2.480829,5.942566,41.898682,0.94004,-0.005609,0.011845,3.806188,-2.118109,-12.197166,1.452854,145513300,107.568627,-22192946845.84293,-10.37287,38.740467,-15.017422,-12.450125,0,-0.119635,-2.008622,-0.108836,-0.005609,-0.556241
09-13-24,21.709999,21.799999,21.58,20.562246,939100,20.724579,21.152722,21.482153,-0.015515,-0.02081,0.000672,FALSE,FALSE,-0.329431,-0.034243,-19.607856,24.003193,45.882434,14.338499,-0.242553,-0.015109,-6.476678,-4.497356,-10.463428,-20.104359,-3.087245,5.850768,40.655838,0.932933,-0.005711,0.012471,3.9224,-2.314531,-12.197166,1.255884,146452400,68.720805,-22202574813.023426,-10.210431,39.773391,-16.653832,-13.616575,0,-0.1309,-2.215167,-0.111674,-0.005711,-0.399286
09-16-24,21.799999,21.870001,21.73,20.714136,586200,20.706068,21.115509,21.476462,-0.017089,-0.021406,0.000645,FALSE,FALSE,-0.360954,-0.033753,-22.408028,23.149082,49.029435,12.753578,-0.208065,0.015503,-5.418296,-4.130057,-10.542232,-11.838441,-1.755962,5.759449,39.76451,0.938559,-0.005593,0.011821,3.590996,-2.152815,-12.197166,0.783098,147038600,2.824066,-22211668064.725719,-10.205372,40.582727,-16.510565,-13.920221,0,-0.121402,-2.041477,-0.108725,-0.005593,0.020291
09-17-24,21.790001,22,21.790001,20.856533,889900,20.700372,21.087219,21.470715,-0.018569,-0.021971,0.000618,FALSE,FALSE,-0.383496,-0.033253,-13.531378,21.895424,51.855991,6.760515,-0.167315,0.045003,-5.097197,-4.353509,-9.715588,-2.97716,-0.543242,5.776993,39.446179,0.939546,-0.005355,0.010818,3.548152,-1.728225,-12.197166,1.162994,147928500,59.594692,-22220469361.62672,-10.207777,46.998569,-16.081692,-13.967998,0,-0.094789,-1.591857,-0.104009,-0.005355,0.395885
09-18-24,21.92,22.1,21.83,20.723629,1002000,20.692302,21.059309,21.466157,-0.019929,-0.022515,0.000589,FALSE,FALSE,-0.406849,-0.0326,-9.655204,20.3881,49.118185,3.23575,-0.144083,0.054588,-6.469581,-4.921606,-10.255747,-12.080171,-0.772729,5.893048,39.212968,0.934557,-0.005658,0.012193,3.591852,-2.149703,-12.197166,1.271066,146926500,85.796403,-22229683078.576664,-10.135674,53.234138,-17.018384,-14.040826,0,-0.12105,-2.044776,-0.110423,-0.005658,0.079889
09-19-24,22.1,22.27,22.049999,21.093864,726700,20.707966,21.038804,21.463949,-0.020924,-0.023019,0.000561,TRUE,FALSE,-0.425146,-0.031611,-4.605312,19.428801,56.075408,7.045973,-0.094705,0.083173,-5.002135,-2.969431,-8.723972,14.150708,1.507543,5.849147,40.19753,0.959495,-0.005097,0.009396,3.056428,-1.341847,-12.197166,0.91136,147653200,33.241657,-22236726317.677094,-10.193194,54.230003,-16.955052,-12.418495,0,-0.07207,-1.184288,-0.096931,-0.005097,0.960005
09-20-24,22.16,22.25,22.1,21.093864,617700,20.724579,21.016779,21.462465,-0.021653,-0.02348,0.000532,TRUE,FALSE,-0.445685,-0.030509,3.942671,18.538024,56.075408,4.219417,-0.054939,0.098351,-4.224137,-2.842154,-7.967234,14.150708,1.600359,5.900925,41.107172,0.959028,-0.005126,0.009511,3.053563,-1.390125,-12.197166,0.76772,147653200,30.454065,-22245630574.357281,-10.259378,58.120302,-16.276799,-12.126131,0,-0.075138,-1.235338,-0.097524,-0.005126,0.898348
09-23-24,22.26,22.41,22.07,21.103357,658200,20.723155,20.996654,21.461978,-0.021979,-0.023884,0.000503,TRUE,FALSE,-0.465324,-0.029145,23.728832,18.225514,56.25328,7.135096,-0.0224,0.104712,-4.959384,-2.113607,-7.634099,13.467395,-0.134775,6.086316,40.963347,0.956079,-0.005225,0.00994,3.016749,-1.525035,-12.197166,0.821605,148311400,-9.550639,-22250031384.52681,-10.015813,62.673994,-15.697757,-12.165207,0,-0.083641,-1.379612,-0.099701,-0.005225,0.928152
09-24-24,22.6,22.610001,22.48,21.454605,775400,20.728376,20.986781,21.465826,-0.021553,-0.024196,0.000474,TRUE,FALSE,-0.479045,-0.027308,42.412532,18.51413,62.331533,6.256124,0.031368,0.126784,-2.460083,-1.310044,-6.171065,32.43305,0.489108,6.10266,41.861338,0.980857,-0.004877,0.008229,4.224248,-0.921933,-12.197166,0.946735,149086800,85.858102,-22263038850.925472,-10.094304,67.026748,-13.498174,-11.523747,0,-0.04639,-0.745267,-0.090715,-0.004877,1.734844
09-25-24,22.5,22.549999,22.32,21.274235,813700,20.7298,20.97444,21.468592,-0.020445,-0.024427,0.000445,TRUE,FALSE,-0.494152,-0.025251,31.365375,18.125265,57.883916,1.808508,0.058749,0.123332,-3.446789,-1.364436,-6.515958,21.885084,0.134053,6.072222,42.051015,0.970328,0.003474,0.002174,4.047489,-1.5133,-12.197166,0.978111,148273100,46.348921,-22271252034.503998,-9.72117,61.489129,-14.270639,-11.596379,0,-0.061936,-1.002497,0.046628,0.003474,1.2947
09-26-24,22.26,22.4,22.16,21.08437,887700,20.734547,20.958301,21.469955,-0.019171,-0.024586,0.000416,TRUE,FALSE,-0.511654,-0.023398,35.877781,17.159007,53.552185,-2.701095,0.064385,0.103174,-4.800691,-2.158599,-7.23963,10.781867,0.452278,6.094068,42.41154,0.975611,0.003304,0.001943,3.757807,-1.781706,-12.197166,1.042807,147385400,77.291791,-22280096716.408009,-9.609509,62.622304,-15.466504,-11.915821,0,-0.076299,-1.238104,0.044084,0.003304,0.824829
09-27-24,22.18,22.35,22.120001,21.188795,649900,20.732648,20.947479,21.472203,-0.017477,-0.02468,0.000387,TRUE,FALSE,-0.524724,-0.021094,37.078628,16.114029,55.523604,-6.807928,0.076397,0.092149,-3.917349,-2.829781,-7.296865,16.888614,-0.178903,6.083466,42.187482,0.975005,0.003202,0.001827,3.460514,-1.798148,-12.197166,0.754978,148035300,41.683017,-22286009153.982853,-9.408349,77.21803,-14.796096,-12.206501,0,-0.077328,-1.255503,0.042738,0.003202,1.081238
09-30-24,22.24,22.379999,22.190001,21.141331,1042600,20.740243,20.941593,21.475797,-0.015101,-0.024709,0.000358,TRUE,FALSE,-0.534203,-0.01865,51.867284,15.253139,54.39353,-3.490386,0.081152,0.077523,-5.354868,-3.509529,-7.394545,12.579189,0.723658,6.134348,42.806266,0.973139,0.003143,0.001766,2.938757,-1.965788,-12.197166,1.166865,146992700,168.089483,-22298560712.422428,-9.428353,85.296722,,-12.879279,0,-0.087699,-1.426402,0.042026,0.003143,0.936984
10-01-24,22.18,22.85,22.18,21.511564,1154100,20.787234,20.941973,21.480065,-0.011776,-0.024653,0.00033,TRUE,TRUE,-0.538092,-0.016034,55.555607,15.890316,61.052429,7.500244,0.113486,0.087886,-3.820035,-2.705029,-4.753518,10.172058,4.568525,6.156061,45.905481,0.988212,0.003651,0.002314,2.653244,-1.106667,-12.197166,1.248789,148146800,113.445534,-22302017624.237171,-8.839341,85.444539,-14.546656,-12.882497,0,-0.034437,-0.55201,0.048099,0.003651,1.577873
10-02-24,22.92,23.02,22.66,21.691936,1089900,20.850838,20.949947,21.483517,-0.007335,-0.024508,0.000301,TRUE,TRUE,-0.53357,-0.013338,51.464513,16.890864,63.823699,8.300095,0.151915,0.101052,-3.545793,-3.054723,-3.218172,7.77337,6.229669,6.102728,49.238935,0.9913,0.003863,0.002575,3.047592,-0.697401,-12.197166,1.140242,149236700,138.803681,-22308969137.910717,-8.661938,85.560251,-12.726511,-13.103552,0,-0.008361,-0.133664,0.050748,0.003863,1.708197
10-03-24,22.879999,23.219999,22.84,22.005211,1126800,20.927733,20.964377,21.488354,-0.001807,-0.024259,0.000273,TRUE,TRUE,-0.523977,-0.010105,56.716464,18.257068,68.072818,13.679288,0.205282,0.123535,-2.52313,-1.904355,-1.3825,18.470562,7.513918,6.097755,54.645876,1.009352,0.004048,0.002726,3.943658,-0.306369,-12.197166,1.14687,150363500,89.760862,-22315046688.614681,-8.477136,85.863414,-12.220197,-12.044412,0,0.016518,0.25941,0.052215,0.004048,1.971745
10-04-24,23.24,23.370001,23.18,22.06217,1060700,21.021241,20.978997,21.492721,0.004539,-0.023915,0.000244,TRUE,TRUE,-0.513724,-0.006643,55.038829,19.826705,68.790585,7.738156,0.249299,0.134041,-0.937761,-2.147365,1.718917,17.225894,9.261866,6.100478,57.328756,1.008919,0.004031,0.002706,3.838456,-0.328663,-12.197166,1.085965,151424200,-9.804422,-22328588222.73605,-8.940275,86.462264,-11.345403,-12.083182,0,0.015053,0.236501,0.052017,0.004031,1.815719
10-07-24,23.33,23.6,23.309999,22.365952,1330600,21.12709,21.004059,21.497799,0.011628,-0.023459,0.000216,TRUE,TRUE,-0.493741,-0.002821,57.818254,21.703,72.359611,8.535912,0.305177,0.151935,1.115886,-0.758214,3.725335,30.279744,10.454761,6.098088,61.696526,1.023212,0.004305,0.003002,4.70219,0.131502,-12.197166,1.440433,152754800,-44.333347,-22338581900.026833,-8.882382,87.00602,-9.378316,-10.483772,0,0.045394,0.703499,0.054788,0.004305,2.007992
10-08-24,23.17,23.17,22.799999,21.843826,1115900,21.221548,21.020577,21.501502,0.018611,-0.022925,0.000189,TRUE,TRUE,-0.480925,-0.000142,37.341809,21.464777,59.718842,-8.353976,0.303827,0.120469,-1.244629,-2.541297,0.922747,-13.30147,9.467176,6.10016,57.091805,1.063437,0.004093,0.002508,4.318391,-0.272669,-12.197166,1.197748,151638900,16.530911,-22345465318.76778,-8.898983,78.505286,-10.045188,-11.722206,0,0.017899,0.266613,0.050079,0.004093,1.089962
10-09-24,22.66,22.83,22.540001,21.653961,872400,21.297493,21.034627,21.504065,0.025275,-0.022328,0.000162,TRUE,TRUE,-0.469438,0.002134,19.86527,20.445738,55.894955,-12.89563,0.284161,0.080642,-2.437986,-3.876956,-2.002909,-27.192047,7.543608,5.968858,51.728823,1.068834,0.003968,0.002331,4.130582,-0.422209,-12.197166,0.948359,150766500,-21.235103,-22351668640.888496,-9.016246,72.160238,-11.181886,-14.59088,0,0.007396,0.109578,0.048284,0.003968,0.689109
10-10-24,22.940001,23.280001,22.91,22.081156,961200,21.375337,21.047537,21.508954,0.031865,-0.021662,0.000135,TRUE,TRUE,-0.461417,0.005125,30.409337,20.490994,61.818857,-10.540754,0.299593,0.076859,-0.128815,-1.815111,0.176542,0.729155,7.585569,6.005387,51.192203,1.099142,0.004325,0.002621,3.855761,0.064313,-12.197166,1.050452,151727700,-9.200831,-22356936236.096424,-8.960826,72.931377,-8.502438,-13.329609,0,0.041339,0.595773,0.051196,0.004325,1.378762
10-11-24,23.23,23.360001,23.209999,22.100143,726700,21.452232,21.065954,21.512894,0.038107,-0.02094,0.000109,TRUE,TRUE,-0.446939,0.007862,30.612259,20.689957,62.062759,2.343917,0.309784,0.069641,0.692045,-1.854964,0.842241,-1.341717,7.479227,5.988175,49.869252,1.094655,0.004414,0.002754,3.562514,0.263541,-12.197166,0.803503,152454400,-22.6174,-22368416588.067329,-9.168456,73.13033,-8.065395,-15.170036,0,0.055337,0.801009,0.052482,0.004414,1.29922
10-14-24,22.940001,23.08,22.870001,21.758389,842500,21.504445,21.08532,21.515599,0.043709,-0.020179,0.000084,TRUE,TRUE,-0.430279,0.009519,9.356759,19.879521,55.224766,-0.670189,0.286976,0.037466,-0.607109,-3.494731,-0.676167,-24.433272,5.041255,5.909296,47.125887,1.099056,0.010426,0.029921,3.46881,0.216244,-12.197166,0.918526,151611900,43.722279,-22378178492.472416,-9.076809,67.101137,99.392891,96.505269,,0.078941,1.153832,0.172978,0.010426,0.538863
10-15-24,22.43,22.51,22.309999,21.340687,1113700,21.528652,21.097092,21.517118,0.048366,-0.019389,0.000059,TRUE,FALSE,-0.420026,0.010571,1.907346,19.096398,48.230311,-13.588546,0.232515,-0.013596,-2.515182,-5.187683,-5.091848,-52.65637,2.321353,5.909893,44.809071,1.126999,0.010388,0.029702,3.439734,-0.302175,-12.197166,1.199565,150498200,25.148893,-22390087386.473827,-9.134768,65.685935,-10.528918,-19.763258,0,0.075739,1.097695,0.172343,0.010388,-0.419481
10-16-24,22.42,22.49,22.290001,21.283728,683800,21.556657,21.111142,21.518922,0.05205,-0.018569,0.000034,TRUE,FALSE,-0.40778,0.011199,5.949033,18.41073,47.34963,-14.713129,0.182653,-0.050767,-2.053301,-3.94173,-5.039457,-56.504963,2.702705,5.933611,41.110637,1.12105,0.010469,0.030545,3.340491,-0.14786,-12.197166,0.749362,149814400,-31.756487,-22397652122.464748,-9.203682,66.612421,-11.218685,-19.030631,0,0.087231,1.272512,0.174773,0.010469,-0.66389
10-17-24,22.32,22.450001,22.25,21.312208,620600,21.567574,21.121964,21.521722,0.054838,-0.017732,0.00001,TRUE,FALSE,-0.399758,0.011859,3.768161,17.861693,47.862279,-7.362487,0.143777,-0.071714,-0.575729,-3.771963,-5.180344,-61.112119,1.035105,5.892382,40.09433,1.121152,0.010494,0.030704,3.28112,-0.105746,-12.197166,0.684079,150435000,-14.600248,-22404092636.325397,-9.224283,62.131342,-10.511071,-19.29025,0,0.090155,1.315314,0.175226,0.010494,-0.636914
10-18-24,22.370001,22.389999,22.200001,21.19829,538400,21.572796,21.126711,21.522624,0.05667,-0.016905,-0.000013,TRUE,FALSE,-0.395913,0.012411,1.704543,17.466179,45.935649,-2.294662,0.102593,-0.090318,-1.369257,-4.735492,-6.515142,-69.134534,0.495051,5.885832,39.508691,1.122958,0.010352,0.029751,3.251335,-0.284056,-12.197166,0.596076,149896600,-12.837947,-22410308142.033432,-9.115936,56.76668,-10.941986,-20.077434,0,0.076545,1.113723,0.172484,0.010352,-0.947907
10-21-24,22.48,22.559999,22.33,21.264742,640000,21.580865,21.130318,21.524428,0.057319,-0.016077,-0.000036,TRUE,FALSE,-0.39411,0.012709,-8.124965,16.604752,47.269077,-0.080553,0.074459,-0.094762,-0.133754,-4.436859,-7.185052,-66.804223,0.764734,5.750895,38.655035,1.115629,0.010624,0.031819,3.355653,0.031168,-12.197166,0.709275,150536600,-2.765117,-22416876546.325806,-9.245241,55.033249,-9.622841,-18.809328,0,0.100725,1.47872,0.178378,0.010624,-0.817806
10-22-24,22.59,22.85,22.59,21.634977,897300,21.589884,21.135444,21.527561,0.05689,-0.015219,-0.000058,TRUE,TRUE,-0.392116,0.013445,-1.764703,15.797861,54.066478,6.204199,0.081102,-0.070496,1.65032,-3.186063,-4.855108,-40.358827,0.840716,5.677844,38.555238,1.13573,0.010978,0.032807,3.372636,0.540958,-12.197166,0.987754,151433900,15.720918,-22424365701.823734,-8.879481,54.329506,-8.42681,-16.689551,0,0.139659,2.015691,0.181128,0.010978,0.116959
10-23-24,22.690001,22.76,22.58,21.511564,692400,21.60175,21.14209,21.531595,0.055357,-0.014334,-0.000079,TRUE,FALSE,-0.389506,0.013831,-16.249984,15.020317,51.675213,5.739564,0.075537,-0.060848,0.845571,-3.615483,-4.79167,-49.17405,1.115572,5.57659,37.89213,1.13761,0.010961,0.032568,3.497312,0.480929,-12.197166,0.767321,150741500,-14.907214,-22433277919.634102,-8.977896,46.952609,-8.763567,-17.385004,0,0.135364,1.949672,0.180465,0.010961,-0.238007
10-24-24,22.790001,22.83,22.49,21.502071,912500,21.622635,21.151203,21.534823,0.052886,-0.013409,-0.000099,TRUE,FALSE,-0.38362,0.014991,-18.730128,14.034781,51.486581,4.217504,0.069559,-0.053461,1.843527,-4.187815,-3.793406,-49.852112,1.981097,5.563653,35.993971,1.098241,0.01043,0.031675,3.628367,-0.069161,-12.197166,1.009849,149829000,2.793737,-22439493268.173859,-8.820084,38.589198,-6.726408,-17.831581,0,0.093247,1.391571,0.177974,0.01043,-0.334955
10-25-24,22.719999,22.83,22.690001,21.653961,739800,21.645893,21.159937,21.539522,0.049382,-0.01243,-0.000119,TRUE,TRUE,-0.379585,0.015962,-25.083592,13.11964,54.357479,0.291001,0.0762,-0.037456,3.026197,-3.59257,-3.814745,-47.072384,2.19534,5.455388,34.515599,1.090238,0.010632,0.033531,2.670623,0.391939,-12.197166,0.814672,150568800,13.832897,-22451182571.808735,-9.094501,35.162899,-5.260824,-16.368173,0,0.126478,1.90681,0.183114,0.010632,0.023374
10-28-24,22.17,22.25,22.110001,21.074879,1002200,21.642571,21.159747,21.540566,0.044577,-0.011428,-0.000139,FALSE,FALSE,-0.380819,0.015298,-26.557306,13.600021,43.731937,-7.943276,0.034339,-0.063453,0.589043,-6.091365,-5.590125,-82.809753,-0.314323,5.534788,35.054649,1.119646,0.010203,0.029158,2.928042,0.183974,-12.197166,1.106089,149566600,-3.874928,-22467004824.789661,-9.295263,35.635324,-7.935987,-19.407219,0,0.110191,1.610019,0.170757,0.010203,-1.619449
10-29-24,22.16,22.23,22.030001,21.036905,569300,21.618838,21.161076,21.541041,0.038819,-0.01042,-0.000159,FALSE,FALSE,-0.379965,0.014492,-22.491263,14.217787,43.136467,-8.350115,-0.001878,-0.079736,-1.860054,-5.055695,-7.004198,-74.668831,-2.206529,5.602143,37.509136,1.119638,0.01741,0.043238,3.152071,0.184556,-12.197166,0.649267,148997300,-50.671519,-22473227849.241058,-9.762967,36.674933,-8.971057,-19.55619,0,0.103602,1.524859,0.207937,0.01741,-1.551442
10-30-24,22.25,22.440001,22.219999,21.302715,807900,21.599377,21.16943,21.543746,0.032536,-0.009381,-0.000179,TRUE,FALSE,-0.374316,0.013815,-30.146972,14.109001,48.429883,-5.927596,-0.009028,-0.069509,0.582706,-2.434781,-4.297929,-54.683115,-1.794313,5.457487,38.114732,1.125115,0.017567,0.043166,3.296208,0.674416,-12.197166,0.936441,149805200,-25.873933,-22480772745.979511,-9.956917,35.586961,-8.124592,-16.716212,0,0.123544,1.816144,0.207765,0.017567,-0.778338
10-31-24,22.43,22.620001,22.33,21.445112,1172500,21.571372,21.182721,21.547306,0.025941,-0.008322,-0.000198,TRUE,FALSE,-0.364586,0.013654,-24.210553,13.466359,51.058305,7.326368,-0.003167,-0.050919,3.150691,-2.12305,-3.304444,-55.703703,-2.5453,5.434052,37.017798,1.122302,0.017465,0.042872,1.981553,0.616212,-12.197166,1.35546,150977700,4.055733,-22489100608.374607,-10.060688,38.001002,-6.320965,-14.327292,0,0.119447,1.760075,0.207056,0.017465,-0.341078
11-01-24,22.67,22.709999,22.35,21.217276,672100,21.529127,21.191834,21.549063,0.019252,-0.007256,-0.000218,TRUE,FALSE,-0.357229,0.013404,-20.87915,12.607115,46.936257,3.79979,-0.016714,-0.051573,2.241536,-3.288624,-4.48762,-99.11285,-3.829607,5.588361,35.926914,1.125793,0.017002,0.040264,1.669018,0.1498,-12.197166,0.79483,150305600,-36.636184,-22494002192.015324,-9.78098,38.648861,,-15.124735,0,0.085634,1.254833,0.200658,0.017002,-0.868016
11-04-24,22.639999,22.74,22.6,21.578016,616600,21.48973,21.200758,21.552812,0.012907,-0.006172,-0.000238,TRUE,TRUE,-0.352055,0.01394,9.363287,11.71943,53.357054,4.927171,0.001639,-0.026575,4.843171,-2.738558,-3.88166,-55.12007,-3.522923,5.750192,30.118057,1.144196,0.017162,0.039681,1.626316,0.404397,-12.197166,0.761338,150922200,-53.660003,-22503621051.208786,-10.188986,46.325297,-6.24049,-13.019255,0,0.104822,1.510291,0.199202,0.017162,0.293133
11-05-24,22.860001,22.93,22.75,21.710922,509300,21.483085,21.207972,21.5568,0.007413,-0.005066,-0.000258,TRUE,TRUE,-0.348827,0.015165,16.363671,11.427319,55.493766,4.43546,0.026602,-0.00129,4.524687,-2.055675,-2.780226,-35.453176,-0.608428,5.78167,29.434528,1.132966,0.01703,0.039872,1.771401,0.226293,-12.197166,0.653317,151431500,-54.35971,-22510010366.823586,-10.553713,52.029015,-7.360913,-12.835172,0,0.091322,1.329174,0.199679,0.01703,0.774047
11-06-24,22.360001,22.74,22.33,21.473593,818600,21.474067,21.212529,21.55903,0.002597,-0.003947,-0.000278,TRUE,FALSE,-0.346501,0.015645,5.723919,11.269448,51.00084,4.064583,0.026925,-0.000774,2.445653,-2.625906,-4.231008,-61.823129,-0.832958,5.799934,29.158447,1.135471,0.016969,0.039398,1.726938,0.188367,-12.197166,1.053716,150612900,-6.166896,-22514248748.124119,-10.463791,51.030045,-8.875442,-14.865065,0,0.088456,1.284056,0.198488,0.016969,-0.001626
11-07-24,22.68,22.9,22.6,21.691936,1471800,21.454606,21.226579,21.561451,-0.001534,-0.002812,-0.000298,TRUE,TRUE,-0.334872,0.016241,16.883142,10.652117,54.639462,1.282408,0.044289,0.013272,2.881598,-2.015431,-1.142851,-37.562704,-1.762676,5.856348,26.023715,1.139185,0.017338,0.040913,1.60768,0.569645,-12.197166,1.834247,152084700,53.121099,-22524630493.657734,-10.449542,59.70204,-8.843846,-14.496403,0,0.116852,1.693055,0.202269,0.017338,0.911979
11-08-24,22.629999,22.66,22.43,21.359674,453300,21.417582,21.229237,21.561404,-0.005099,-0.001687,-0.000319,TRUE,FALSE,-0.332167,0.016546,2.97621,10.528086,48.711511,-6.782254,0.030883,-0.000107,-0.088807,-3.350517,-1.561056,-74.480724,-3.350517,5.815809,21.171262,1.15295,0.016912,0.037852,1.571598,0.025033,-12.197166,0.574721,151631400,-37.622127,-22529302747.345558,-10.199064,55.058184,-11.279453,-15.920425,0,0.076911,1.097434,0.194556,0.016912,-0.273521
11-11-24,22.219999,22.219999,22.07,21.017918,1303700,21.380559,21.229807,21.559173,-0.008317,-0.000594,-0.00034,FALSE,FALSE,-0.329366,0.016058,-19.519584,11.24816,43.485571,-7.51527,-0.007235,-0.03058,-0.761992,-5.505768,-2.893112,-112.45372,-3.403151,5.664009,21.371287,1.16891,0.016724,0.035931,1.78576,-0.195678,-12.197166,1.605957,150327700,54.74184,-22548894485.640129,-10.514788,45.575673,-11.181918,-18.678692,0,0.060071,0.84367,0.189554,0.016724,-1.696862
11-12-24,22.219999,22.24,22.01,20.904001,612000,21.358724,21.236452,21.557274,-0.011277,0.000469,-0.000363,FALSE,FALSE,-0.320822,0.015194,-19.277084,12.044526,41.872993,-12.766469,-0.046105,-0.05556,-0.676586,-5.615083,-3.901532,-120.217272,-2.046258,5.72804,23.883194,1.168923,0.016694,0.035807,2.028644,-0.196062,-12.197166,0.777928,149715700,-45.048038,-22555392335.473442,-10.506159,45.95373,-11.212535,-19.632217,0,0.059865,0.840709,0.189226,0.016694,-1.903947
11-13-24,21.940001,22.059999,21.780001,20.837549,652100,21.336416,21.244806,21.554331,-0.013859,0.001484,-0.000386,FALSE,FALSE,-0.309525,0.014079,-20.710036,13.255565,40.919725,-7.791786,-0.081333,-0.072631,-1.789704,-6.236642,-5.581668,-81.95233,-2.096336,5.690626,26.554994,1.168449,0.016672,0.035755,2.281487,-0.175867,-12.197166,0.830574,149063600,-4.635858,-22560434258.95573,-10.366704,47.098859,-11.335465,-20.63273,0,0.061125,0.858784,0.189091,0.016672,-1.878616
11-14-24,22.120001,22.120001,21.889999,20.818562,625800,21.311733,21.251831,21.552433,-0.01629,0.002458,-0.00041,FALSE,FALSE,-0.300602,0.012759,-27.160452,14.165019,40.635063,-2.850507,-0.109522,-0.080656,-1.260688,-6.561565,-5.512745,-83.603431,-2.316262,5.680213,28.97568,1.166657,0.016751,0.036223,2.531197,-0.083412,-12.197166,0.796812,148437800,0.837899,-22566890507.405399,-10.364274,46.451102,-10.91378,-21.099986,0,0.068214,0.96032,0.190323,0.016751,-1.702019
11-15-24,21.98,22.08,21.799999,20.714136,458000,21.287526,21.262273,21.551294,-0.018599,0.00338,-0.000436,FALSE,FALSE,-0.28902,0.011234,-13.868648,15.201606,39.027076,-2.845916,-0.138689,-0.087858,-1.222278,-7.971319,-5.364856,-92.683906,-2.283928,5.938298,31.8529,1.168461,0.016718,0.035948,2.701768,-0.176175,-12.197166,0.586157,147979800,-14.933135,-22570900822.307888,-10.276485,48.80843,-9.936381,-20.985694,0,0.061308,0.861424,0.189598,0.016718,-1.800117
11-18-24,22.02,22.360001,22.02,21.188795,651400,21.283728,21.28107,21.553714,-0.020406,0.004261,-0.000462,FALSE,FALSE,-0.272644,0.011117,4.999956,15.166634,48.921296,8.00157,-0.122096,-0.057012,1.454543,-6.688969,-0.818254,-51.409199,-0.357149,5.970704,31.926675,1.183333,0.016674,0.034827,2.650328,-0.060332,-12.197166,0.833067,148631200,1.78125,-22574737204.271111,-10.094296,54.405486,-7.863842,,0,0.070076,0.971297,0.186621,0.016674,-0.297347
11-19-24,22.379999,22.440001,22.26,21.255247,794800,21.264742,21.307081,21.55604,-0.021896,0.005105,-0.000488,FALSE,FALSE,-0.248959,0.011475,-1.672319,14.869386,50.141122,9.506059,-0.102403,-0.029855,2.284146,-6.003362,-1.919622,-45.63076,-1.755168,5.900994,30.838453,1.176427,0.016535,0.03465,2.662025,-0.222526,-12.197166,1.023165,149426000,-11.423158,-22584405075.605827,-10.301129,54.349922,-6.778281,-19.315386,0,0.05772,0.804644,0.186145,0.016535,-0.030788
11-20-24,22.459999,22.49,22.33,21.245754,521500,21.251451,21.329295,21.557939,-0.022899,0.005889,-0.000515,FALSE,FALSE,-0.228643,0.011647,-7.368454,14.424587,49.957581,10.930505,-0.086565,-0.011213,2.331949,-4.684837,-3.176247,-46.456228,-1.235661,5.875883,30.286577,1.174697,0.016582,0.03497,2.703184,-0.122752,-12.197166,0.678807,148904500,-24.682265,-22591994508.884323,-10.329614,51.395648,-7.010244,-18.437051,0,0.065211,0.910794,0.187002,0.016582,-0.01881
11-21-24,22.57,22.57,22.4,21.397648,619800,21.24623,21.346763,21.560122,-0.023119,0.006614,-0.000542,TRUE,FALSE,-0.213359,0.011633,6.859257,13.736994,52.926786,4.005491,-0.061052,0.011439,1.257865,-3.51027,-3.04377,-33.248083,-0.485644,5.853988,29.919573,1.167228,0.016914,0.036963,2.662077,0.311978,-12.197166,0.822425,149524300,-32.076712,-22599923218.796921,-10.643885,57.824213,-8.597987,-19.627678,0,0.097764,1.377182,0.192256,0.016914,0.506083
11-22-24,22.41,22.629999,22.389999,21.416632,534800,21.234364,21.363851,21.561831,-0.022577,0.00727,-0.000569,TRUE,FALSE,-0.19798,0.01203,-7.053951,12.890542,53.299736,3.158614,-0.038854,0.02691,0.311248,-4.081643,-2.114943,-31.597314,-1.09601,5.751954,28.66154,1.158425,0.016705,0.0366,2.681627,0.076365,-12.197166,0.719422,150059100,-27.710192,-22604795998.277008,-10.332163,57.458744,-9.549951,-19.979176,0,0.079834,1.132861,0.191312,0.016705,0.635933
11-25-24,22.379999,22.459999,22.190001,21.11285,609800,21.236262,21.371825,21.561736,-0.02144,0.007834,-0.000597,FALSE,FALSE,-0.189911,0.011516,-24.324366,12.740113,46.896766,-3.060815,-0.045252,0.016409,-0.625556,-7.101094,-2.86062,-59.567066,0.180174,5.730305,28.562741,1.164068,0.016739,0.036356,2.70573,0.007727,-11.606396,0.84255,149449300,-39.153862,-22610271352.401497,-9.897446,51.816649,-10.822462,-23.396017,0,0.074969,1.058134,0.190671,0.016739,-0.432073
11-26-24,22.360001,22.49,22.120001,21.11285,1010500,21.240059,21.376951,21.561594,-0.020014,0.008315,-0.000625,FALSE,FALSE,-0.184642,0.010287,-16.239373,12.811063,46.896766,-6.03002,-0.04975,0.00953,0.587968,-6.120727,-2.209221,-59.567066,0.361008,5.848064,28.33332,1.133889,0.016853,0.03903,2.785257,0.472279,-11.606396,1.354894,149449300,77.498683,-22616783088.454613,-9.624051,50.905613,-10.136594,-24.483998,0,0.108594,1.579286,0.197559,0.016853,-0.448974
11-27-24,22.16,22.280001,22.040001,20.998934,560700,21.22487,21.382457,21.561499,-0.018541,0.008714,-0.000653,FALSE,FALSE,-0.179041,0.008583,-32.735445,13.117818,44.568265,-8.731471,-0.061794,-0.002012,-1.073346,-5.389215,-3.904814,-88.757686,-1.426022,5.791602,28.79033,1.131836,0.016859,0.039216,1.798938,0.519605,-11.606396,0.764464,148888600,-30.597846,-22622208179.227806,-9.641725,40.012546,-11.695461,-23.006426,0,0.111867,1.630313,0.198031,0.016859,-0.784765
11-29-24,22.219999,22.280001,22.110001,21.017918,419000,21.203511,21.380938,21.562495,-0.017253,0.009028,-0.000681,FALSE,FALSE,-0.181557,0.00696,-18.947528,13.402663,45.057843,-1.838923,-0.069011,-0.007383,0.135681,-4.856041,-4.490268,-89.656991,-1.992037,5.892744,28.654715,1.131603,0.016836,0.039132,1.865126,0.4865,-11.606396,0.602202,149307600,-64.264392,-22628010503.488148,-9.982314,44.651948,-10.607874,-22.00916,0,0.109189,1.591464,0.197817,0.016836,-0.647687
12-02-24,22.07,22.09,21.93,20.866028,563000,21.185948,21.376382,21.562495,-0.01633,0.009244,-0.000709,FALSE,FALSE,-0.186114,0.00459,-9.411734,14.215238,41.871374,-5.025392,-0.085996,-0.019495,1.430548,-4.184832,-3.554553,-107.526411,-1.65548,6.008128,29.625846,1.121399,0.016826,0.03987,1.924381,0.637774,-11.606396,0.815558,148744600,-16.232703,-22636061216.908741,-10.289286,48.490072,-10.181724,-21.992618,0,0.11954,1.760268,0.199674,0.016826,-1.079869
12-03-24,22.17,22.290001,22.1,21.103357,482300,21.162215,21.376382,21.563445,-0.015852,0.009376,-0.000737,FALSE,FALSE,-0.187063,0.002668,11.475399,14.081023,48.053061,3.484796,-0.079391,-0.010312,3.347282,-2.113607,-2.006755,-79.605245,-2.199734,6.008894,28.185954,1.129664,0.016944,0.039821,1.856566,0.833429,-11.606396,0.705519,149226900,-21.780733,-22641603302.169998,-10.092176,54.879675,-8.293801,-20.590292,0,0.134571,1.967029,0.199552,0.016944,-0.20882
12-04-24,22.27,22.280001,22.040001,20.989439,875600,21.126141,21.367078,21.564394,-0.015501,0.009426,-0.000765,FALSE,FALSE,-0.197316,0.000013,8.510597,14.151823,45.549124,0.491281,-0.082399,-0.010656,2.55102,-2.983772,-1.876082,-97.657868,-3.323135,6.048533,25.258626,1.114771,0.017032,0.041422,1.791317,1.061379,-11.606396,1.247427,148351300,71.922246,-22650144509.513298,-9.982131,53.440324,-9.313881,-20.716221,0,0.150097,2.22784,0.203523,0.017032,-0.541209
12-05-24,22.110001,22.17,22.02,20.96096,407000,21.100509,21.360813,21.564774,-0.015123,0.009394,-0.000793,FALSE,FALSE,-0.203961,-0.00244,7.936599,14.28478,44.918976,3.047602,-0.086088,-0.011476,3.808177,-4.374183,-1.130938,-101.089027,-2.387269,6.022029,24.122701,1.109982,0.016804,0.040634,1.72486,0.818164,-11.606396,0.597348,147944300,-50.280968,-22656298581.573112,-10.424222,47.517789,-9.10298,-21.937299,0,0.132341,1.971461,0.201578,0.016804,-0.578497
12-06-24,21.940001,21.99,21.860001,20.799576,437900,21.055891,21.355117,21.564062,-0.015127,0.009272,-0.000821,FALSE,FALSE,-0.208945,-0.004545,4.615458,14.930982,41.421788,-6.631274,-0.100872,-0.021008,2.719179,-3.734622,0.554086,-137.717766,-4.11379,5.988945,20.603764,1.087844,0.016188,0.039232,1.673191,0.17742,-11.606396,0.695466,147506400,-70.247316,-22663880528.030556,-11.057733,47.626494,-8.891113,-22.445675,0,0.085854,1.30381,0.198071,0.016188,-1.244023
12-09-24,22.16,22.27,22.120001,20.998934,698400,21.037854,21.35132,21.565866,-0.015374,0.009077,-0.000848,FALSE,FALSE,-0.214546,-0.006273,-12.048085,14.288403,46.919482,1.370358,-0.095402,-0.01243,5.23312,-4.200944,1.340556,-111.82707,-1.688887,5.872412,19.344958,1.0943,0.016284,0.039229,1.729287,0.363376,-11.606396,1.088011,148204800,54.070152,-22675018330.922104,-11.350245,47.903021,-6.439885,-22.393028,0,0.099275,1.498789,0.198063,0.016284,-0.201192
12-10-24,22.129999,22.26,22.129999,21.046398,864200,21.039278,21.349421,21.566957,-0.015614,0.008824,-0.000876,FALSE,FALSE,-0.217536,-0.00769,-13.414624,13.691723,48.166783,3.247808,-0.086242,-0.002616,4.526169,-3.8595,1.128006,-105.662854,0.135506,5.862515,19.339992,1.090755,0.016161,0.038873,1.778577,0.240208,-11.606396,1.394028,149069000,-33.711743,-22690289304.589172,-11.404096,48.284402,-5.737272,-22.556378,0,0.090671,1.372994,0.197162,0.016161,0.036814
12-11-24,22.32,22.49,22.309999,21.312208,539800,21.059689,21.345434,21.568571,-0.015394,0.008524,-0.000904,FALSE,FALSE,-0.223137,-0.008449,3.665024,13.186185,54.600677,13.17889,-0.056879,0.021397,3.839041,-2.981846,2.762665,-71.142009,1.952769,5.859393,19.980597,1.099112,0.016338,0.039123,1.77055,0.376922,-11.606396,0.875844,149608800,-11.797386,-22696813624.870613,-11.473041,48.397311,-5.958968,-22.056371,0,0.100459,1.509605,0.197795,0.016338,1.263823
12-12-24,22.299999,22.4,22.190001,21.22677,360700,21.07915,21.336131,21.570185,-0.014799,0.008182,-0.000932,FALSE,FALSE,-0.234054,-0.009598,-9.782669,12.247109,52.351329,5.431847,-0.040041,0.030588,3.231768,-3.454221,3.937884,-82.237844,1.867884,5.803409,19.594867,1.097058,0.016399,0.039579,1.786175,0.434626,-11.606396,0.599418,149248100,-44.686398,-22700483264.144001,-11.63681,42.42558,-5.098908,-22.809876,0,0.104738,1.577586,0.198944,0.016399,0.753364
12-13-24,22.35,22.42,22.32,21.217276,1165700,21.099086,21.320372,21.571894,-0.013922,0.007801,-0.000959,FALSE,FALSE,-0.251522,-0.010163,-11.475399,11.448675,52.094485,3.927701,-0.02715,0.034783,2.428967,-3.120938,2.708223,-102.019976,1.915185,5.792836,18.816924,1.073022,0.015923,0.039009,1.3636,-0.007174,-11.606396,1.854011,148082400,86.27357,-22727357775.164619,-12.760918,46.466695,-4.763538,-22.203524,0,0.073387,1.130231,0.197507,0.015923,0.628105
12-16-24,22.33,22.34,22.23,21.103357,832900,21.118547,21.301196,21.572511,-0.012829,0.007377,-0.000986,FALSE,FALSE,-0.271315,-0.010922,-0.613479,10.922344,48.988967,-5.61171,-0.025828,0.028884,1.183439,-3.974081,0.484238,-120.10227,1.879012,5.850966,16.495664,1.075389,0.015865,0.038519,1.365833,-0.139254,-11.606396,1.286352,147249500,81.855895,-22745252040.697289,-13.463622,45.343348,-5.80036,-22.709509,0,0.064322,0.987789,0.196262,0.015865,-0.09208
12-17-24,22.049999,22.1,21.93,20.96096,386300,21.107155,21.273096,21.572084,-0.011705,0.006918,-0.001013,FALSE,FALSE,-0.298988,-0.011899,-8.988726,11.49289,45.349743,-7.001586,-0.035858,0.015084,1.145221,-5.398451,-0.365498,-142.704987,-1.07526,5.761049,16.769432,1.07896,0.015751,0.037675,1.413158,-0.315288,-11.606396,0.60908,146863200,-40.69696,-22750042340.131817,-13.820204,48.673134,-6.199113,-24.066327,0,0.052001,0.795142,0.1941,0.015751,-0.871791
12-18-24,22.1,22.190001,21.870001,20.771095,1348900,21.082947,21.251641,21.571514,-0.010961,0.006422,-0.001039,FALSE,FALSE,-0.319873,-0.012584,-12.903362,11.61861,40.978582,-11.115902,-0.058453,-0.006009,-1.530157,-6.455752,-1.971324,-172.842347,-2.277799,5.834993,17.970602,1.062429,0.015538,0.037773,1.51761,-0.960251,-11.606396,2.037798,145514300,69.715652,-22760655709.682159,-13.313188,44.639573,-5.262174,-22.586771,0,0.0087,0.135054,0.194352,0.015538,-1.735345
12-19-24,22.02,22.049999,21.860001,20.771095,2166500,21.059214,21.233984,21.57009,-0.010492,0.005897,-0.001066,FALSE,FALSE,-0.336106,-0.013536,-14.130409,11.770424,40.978582,-8.010385,-0.07549,-0.018437,-1.530157,-5.689657,-2.712316,-172.842347,-2.234136,5.834249,18.821479,1.057335,0.015663,0.038801,1.620926,-0.75451,-11.606396,2.911219,145514300,315.436242,-22787655161.877632,-13.14588,33.93421,-4.59286,-21.174161,0,0.023265,0.363341,0.196979,0.015663,-1.530799
12-20-24,21.870001,22.07,21.809999,20.904001,1507300,21.034532,21.210441,21.569046,-0.010169,0.00533,-0.001093,FALSE,FALSE,-0.358605,-0.014564,2.197837,12.093629,45.2619,-0.087843,-0.077375,-0.016257,-0.944665,-5.857199,-0.944665,-133.234974,-2.307013,5.87466,17.327204,1.05476,0.016009,0.040813,1.605111,-0.371984,-11.606396,1.911447,147021600,143.191352,-22799667153.645962,-12.665027,43.704561,-4.531291,-20.567345,0,0.049756,0.78051,0.202023,0.016009,-0.753328
12-23-24,20.870001,20.92,20.780001,20.92,1414200,21.0097,21.186838,21.568414,-0.010071,0.004736,-0.001119,FALSE,FALSE,-0.381576,-0.01538,-12.171627,14.762562,45.772079,4.793496,-0.076694,-0.012461,-2.491796,-4.890579,-1.04691,8.187103,-2.318906,5.431772,14.960052,1.052751,0.015944,0.040641,1.65822,-0.477931,-11.606396,1.698667,148435800,164.435303,-22798252953.645962,-11.618548,37.013012,-6.716912,-20.620158,0,0.042349,0.665453,0.201596,0.015944,-0.599599
12-24-24,21.02,21.1,21,21.040001,549500,21.006058,21.17247,21.56748,-0.009656,0.004144,-0.001145,FALSE,FALSE,-0.39501,-0.016064,3.342905,16.500075,49.56883,8.590247,-0.065714,-0.001185,-1.101021,-4.50986,-0.30022,15.2047,-0.345047,5.062442,14.783328,1.055111,0.016094,0.04125,1.643893,-0.276853,-11.606396,0.662431,148985300,-9.888488,-22798362845.261288,-11.337369,42.248771,-5.861796,-20.609784,0,0.056047,0.879246,0.2031,0.016094,0.229603
12-26-24,21.049999,21.1,20.969999,20.98,1139700,20.999415,21.165256,21.566531,-0.00893,0.003555,-0.001171,FALSE,FALSE,-0.401274,-0.016213,1.233076,18.167002,47.767939,2.506039,-0.061148,0.002704,-0.495012,-5.271938,-1.558772,11.695846,-0.629241,4.719246,14.575229,1.0302,0.009467,0.02942,1.637658,-0.806536,-11.606396,1.36331,147845600,12.78575,-22799327204.227219,-10.917971,40.039252,99.504988,94.728062,,0.026852,0.428948,0.171524,0.009467,-0.133211
12-27-24,21.129999,21.16,21.040001,21.08,1418400,21.003469,21.161182,21.56461,-0.008024,0.002985,-0.001196,FALSE,FALSE,-0.403429,-0.015863,18.913676,19.457051,50.965408,5.193329,-0.048898,0.011964,-0.513456,-4.410691,-0.647,17.543824,0.386049,4.409166,14.686118,1.026042,0.009327,0.028893,1.534097,-0.90311,-11.606396,1.6139,149264000,152.969502,-22799800019.257259,-10.103477,47.056835,-4.703387,-19.935181,0,0.01238,0.197214,0.169978,0.009327,0.521113
12-30-24,21.35,21.42,21.24,21.27,938700,21.016073,21.160338,21.563308,-0.006943,0.002435,-0.001222,TRUE,FALSE,-0.40297,-0.014637,18.398666,19.608877,56.423707,6.854877,-0.023586,0.029821,0.608617,-4.778842,1.10803,28.654973,1.199371,3.990163,15.852097,1.015045,0.00922,0.028873,1.483887,-1.054394,-11.606396,1.03741,150202700,124.033413,-22800425812.626057,-9.527287,47.862314,-2.747253,,0,0.00273,0.043979,0.169921,0.00922,1.601855
12-31-24,21.27,21.389999,21.27,21.379999,778400,21.041771,21.163972,21.562175,-0.005489,0.001901,-0.001246,TRUE,FALSE,-0.398203,-0.013092,21.721225,19.749858,59.25172,11.48378,0.00529,0.046957,-0.611602,-4.408274,2.184259,35.087649,2.463197,3.588414,17.383743,1.016929,0.009267,0.029058,1.706712,-0.985235,-11.606396,0.850134,150981100,38.259325,-22799777150.083538,-8.940168,47.489059,-4.353024,-19.277645,0,0.007399,0.118987,0.170465,0.009267,1.945655
01-02-25,21.549999,21.709999,21.549999,21.59,1027300,21.066104,21.170477,21.561096,-0.003846,0.001388,-0.001269,TRUE,TRUE,-0.390619,-0.010651,18.769468,18.725415,64.048664,13.083256,0.044604,0.069017,-0.469927,-3.999058,4.037617,49.39023,2.305997,3.185085,21.263887,1.008805,0.009241,0.029395,2.550565,-1.096688,-11.606396,1.089546,152008400,113.000207,-22800290787.837154,-8.415131,49.168795,-4.876807,-17.991238,0,0.000378,0.006132,0.17145,0.009241,2.463786
01-03-25,21.549999,21.549999,21.459999,21.48,760000,21.090632,21.167378,21.559514,-0.002278,0.000876,-0.001291,TRUE,FALSE,-0.392137,-0.009232,16.830516,18.035856,60.060244,3.636537,0.066123,0.072429,-2.386759,-4.849668,2.198514,42.682873,2.337178,2.882897,23.084404,0.965457,0.009531,0.034418,2.514308,-0.645811,-10.400681,0.811021,151248400,-13.202376,-22800713002.900944,-8.033833,47.916523,-7.830985,-20.518891,0,0.032693,0.55774,0.185521,0.009531,1.686714
01-06-25,21.620001,21.719999,21.49,21.52,678700,21.118584,21.167546,21.558417,-0.000662,0.000377,-0.001312,TRUE,FALSE,-0.390871,-0.008049,19.720338,16.826529,61.01105,1.75933,0.08542,0.073381,-2.457463,-3.372179,2.946801,47.435899,2.667054,2.561145,24.755724,0.959381,0.009746,0.036503,2.47313,-0.358841,-10.094099,0.713914,151927100,66.756757,-22801214646.322235,-7.621746,46.12739,-6.845789,-18.624868,0,0.051757,0.890395,0.191058,0.009746,1.621511
01-07-25,21.629999,21.700001,21.610001,21.620001,787100,21.159605,21.169905,21.557962,0.000809,-0.000096,-0.001332,TRUE,TRUE,-0.388058,-0.005971,33.963527,15.703582,63.359413,-0.689251,0.107543,0.076403,-3.335207,-2.256538,2.911099,59.574485,3.944432,2.237839,25.959539,0.925832,0.009452,0.037022,2.511134,-0.802825,-10.094099,0.813006,152714200,79.744234,-22801826831.50428,-7.124332,51.648136,-7.619935,-17.485117,0,0.024852,0.444086,0.19241,0.009452,1.773514
01-08-25,21.66,21.68,21.5,21.58,425600,21.188658,21.168426,21.558067,0.002254,-0.000553,-0.001352,TRUE,TRUE,-0.389642,-0.0039,43.631957,15.027901,61.757042,1.696798,0.120459,0.071455,-1.207785,-2.437381,4.227828,56.737541,2.767122,1.971683,27.284472,0.925913,0.009396,0.036561,2.37582,-0.880194,-10.094099,0.44589,152288600,-39.06071,-22801874121.395348,-6.645178,51.515761,-6.240099,-16.713126,0,0.019995,0.357122,0.191209,0.009396,1.434302
01-10-25,22.25,22.299999,21.98,22.16,1089400,21.244338,21.190128,21.56017,0.00429,-0.00096,-0.00137,TRUE,TRUE,-0.370042,-0.001429,76.781282,15.328115,72.583863,11.572814,0.175473,0.101175,2.336933,-0.158027,6.249681,90.789505,5.291175,1.755998,34.608349,0.969146,0.00323,0.002003,4.192275,0.314963,-9.746677,1.128029,153378000,26.058783,-22801737943.148678,-5.770026,60.013471,-0.58266,-12.076806,0,0.066634,1.115468,0.044755,0.00323,2.645782
01-13-25,22.25,22.379999,22.219999,22.32,1281800,21.294728,21.21579,21.563928,0.007059,-0.001306,-0.001387,TRUE,TRUE,-0.348138,0.000574,78.668108,15.792911,74.710829,11.351416,0.229339,0.124033,1.081664,0.951456,7.752501,96.25003,4.728705,1.404539,42.161101,0.938351,0.003294,0.002065,4.458544,1.070161,-9.083048,1.278151,154659800,137.458318,-22801417485.508549,-5.215303,73.335018,-0.847508,-9.512882,0,0.077887,1.309814,0.045444,0.003294,2.431796
01-14-25,22.23,22.309999,22.209999,22.309999,476300,21.348889,21.235936,21.56773,0.010557,-0.00159,-0.001403,TRUE,TRUE,-0.331794,0.00241,76.164399,16.186896,74.322722,12.565681,0.268131,0.13026,0.949569,1.648185,6.920204,95.625015,5.103127,1.024525,47.820113,0.9374,0.00335,0.00214,4.123584,1.133932,-8.846491,0.472222,154183500,32.048794,-22800941185.508549,-4.979895,67.334473,-0.346794,-8.519146,0,0.081771,1.37654,0.046258,0.00335,2.009845
01-15-25,22.43,22.690001,22.42,22.67,936700,21.421525,21.260433,21.572051,0.015001,-0.001789,-0.001417,TRUE,TRUE,-0.311617,0.004828,79.908448,17.39746,78.627086,6.043223,0.324186,0.149052,4.189702,3.557156,8.251502,98.837184,6.846894,1.083875,56.042002,0.958005,0.003735,0.002546,5.053293,1.518228,-8.846491,0.939344,155120200,-19.644849,-22800143258.819843,-3.649548,77.407237,,-6.433568,0,0.107481,1.770354,0.050455,0.003735,2.227748
01-16-25,22.559999,22.59,22.389999,22.57,743300,21.494858,21.287488,21.575349,0.020315,-0.001911,-0.001429,TRUE,TRUE,-0.287862,0.006812,70.506668,18.401579,74.872472,0.161644,0.356432,0.145038,5.760419,3.100352,8.710287,93.023212,6.949806,1.120325,61.032999,0.957019,0.003764,0.002591,4.675144,1.545615,-8.169508,0.748762,154376900,-10.757594,-22799548621.655296,-2.734779,71.66529,3.129841,-7.75477,0,0.109123,1.799284,0.050901,0.003764,1.761575
01-17-25,22.42,22.57,22.370001,22.469999,699600,21.57031,21.305327,21.577151,0.025962,-0.001978,-0.00144,TRUE,TRUE,-0.271824,0.00867,67.420657,19.249696,71.210446,-3.112277,0.369656,0.12661,5.573609,3.405865,8.377298,86.66659,7.199283,1.147562,63.368374,0.959262,0.003591,0.002348,4.235919,1.333339,-7.385402,0.693793,153677300,81.10277,-22799548628.32724,-2.454768,73.909486,2.492497,-9.123026,0,0.095923,1.577874,0.048461,0.003591,1.419777
01-21-25,22.290001,22.389999,22.25,22.360001,661300,21.649755,21.318309,21.577074,0.031664,-0.002006,-0.00145,TRUE,TRUE,-0.258765,0.010907,57.657607,19.527098,67.31055,-11.316537,0.36703,0.099187,4.916395,4.312361,7.159833,77.241397,7.649598,1.165985,62.778575,0.937418,0.003193,0.001947,3.816135,0.734844,-7.385402,0.67896,153016000,-50.974868,-22799170732.316341,-1.977178,66.352789,1.606937,-9.261245,0,0.057407,0.966467,0.044123,0.003193,1.131351
01-22-25,22.34,22.4,22.299999,22.34,686100,21.7282,21.335637,21.576612,0.03726,-0.001993,-0.001458,TRUE,TRUE,-0.240975,0.012862,52.195029,19.811566,66.596387,-8.276085,0.359194,0.073081,5.38586,3.942857,7.259169,75.352087,7.553308,1.090293,60.998305,0.933992,0.003243,0.002023,3.462676,0.87379,-7.385402,0.762359,152329900,-68.33141,-22799307941.847324,-0.647398,65.706133,2.516094,-8.774354,0,0.065614,1.108672,0.044975,0.003243,1.002979
01-23-25,22.34,22.459999,22.209999,22.26,920300,21.796,21.346998,21.57518,0.042429,-0.001931,-0.001466,TRUE,TRUE,-0.228182,0.014624,43.564317,19.676058,63.685734,-7.524712,0.34258,0.045173,4.680322,4.540308,6.438456,65.040667,6.486792,1.135926,58.853422,0.935505,0.003164,0.001921,3.148159,0.78358,-7.385402,1.057063,151409600,-38.943807,-22799860113.421726,-0.011082,57.937077,0.725183,-9.279225,0,0.060129,1.014329,0.043824,0.003164,0.7884
01-24-25,22.309999,22.34,22.17,22.27,532200,21.8635,21.365205,21.573846,0.047025,-0.001831,-0.001473,TRUE,TRUE,-0.208641,0.016618,37.362582,19.371485,63.898144,-3.412406,0.326457,0.02324,2.935169,4.633929,5.909372,65.853693,6.453157,1.084098,55.947596,0.931673,0.003081,0.001836,2.91756,0.59896,-7.385402,0.643905,151941800,-62.367416,-22799766193.667213,-0.091543,51.089145,-1.320469,-10.127685,0,0.048755,0.8259,0.042853,0.003081,0.726574
01-27-25,22.09,22.110001,21.790001,21.93,957900,21.908,21.383447,21.571429,0.050916,-0.0017,-0.001479,TRUE,TRUE,-0.187982,0.017038,21.951224,18.357553,52.627181,-13.969206,0.282982,-0.016188,1.945168,2.807186,3.405436,36.666688,4.230035,1.214904,52.485187,0.885409,0.003447,0.002545,2.702788,0.97316,-7.385402,1.131013,150983900,74.322111,-22799885934.02198,-0.089917,50.097903,-2.596708,-11.780263,0,0.068834,1.227421,0.050444,0.003447,0.041917
01-28-25,21.959999,21.98,21.85,21.950001,414700,21.9565,21.404367,21.568542,0.054038,-0.001518,-0.001484,TRUE,TRUE,-0.164176,0.01738,21.182254,17.416045,53.150687,-10.535047,0.247291,-0.041503,2.083192,3.965123,2.718091,37.815173,4.623457,1.178002,47.724286,0.884802,0.003488,0.00261,2.487465,1.054978,-7.385402,0.51154,151398600,-63.613232,-22799662627.469463,-0.020688,45.066143,-3.138772,-10.274295,0,0.07346,1.310789,0.051092,0.003488,-0.013618
01-29-25,21.93,22.07,21.92,21.99,1188300,22.002,21.427416,21.566046,0.056435,-0.001278,-0.001488,TRUE,TRUE,-0.13863,0.018187,18.78166,16.190859,54.239803,-9.658341,0.219701,-0.055275,1.551857,4.625016,2.450137,41.176433,4.316887,1.166114,43.035597,0.871082,0.003335,0.002463,2.301704,0.743165,-7.385402,1.48689,152586900,-16.222504,-22799741849.484138,0.003639,47.107502,-4.311953,-10.01175,0,0.054864,0.994547,0.04963,0.003335,-0.027885
01-30-25,22,22.129999,21.98,22.01,862300,22.039,21.451244,21.563506,0.058058,-0.000982,-0.001491,TRUE,TRUE,-0.112262,0.019229,22.051289,15.247935,54.805562,2.178381,0.197176,-0.062239,4.437138,5.052318,3.412337,24.444379,3.479077,1.155318,39.442027,0.86739,0.003333,0.002483,2.062032,0.570179,-7.385402,1.084156,153449200,-8.138916,-22800259220.712345,0.010473,52.753836,-2.183866,-10.658159,0,0.044924,0.817921,0.049833,0.003333,-0.073525
01-31-25,21.92,22.01,21.809999,21.969999,1622200,22.0685,21.476362,21.560625,0.05897,-0.00062,-0.001492,TRUE,TRUE,-0.084263,0.019789,-13.475198,14.607969,53.383989,0.233302,0.174091,-0.06826,4.43551,2.492953,2.538363,19.99983,2.759589,0.98836,36.337986,0.85567,0.003527,0.002856,2.138108,0.850296,-7.385402,1.936828,151827000,108.40185,-22799285913.088703,0.029326,41.418772,-1.272654,-10.732121,0,0.060228,1.11168,0.053444,0.003527,-0.271068
02-03-25,22.07,22.190001,21.99,22.139999,1027100,22.096,21.495386,21.558783,0.059115,-0.000188,-0.001491,TRUE,TRUE,-0.063397,0.021197,-12.67606,13.822622,58.330781,4.090979,0.167581,-0.059816,3.93041,4.536019,4.442384,38.888736,2.547472,0.980772,34.564042,0.833678,0.003284,0.002609,2.188986,0.578713,-7.385402,1.226322,152854100,-0.019469,-22798772372.883854,0.090647,40.093612,-0.646566,-9.146787,0,0.044213,0.837728,0.051083,0.003284,0.127298
02-04-25,21.85,22.280001,21.83,22.200001,1188200,22.132,21.514281,21.558998,0.058612,0.000331,-0.00149,TRUE,TRUE,-0.044717,0.022897,-7.482889,13.183161,59.946357,5.140796,0.165358,-0.049631,3.520096,6.781694,6.007209,45.555558,3.351961,1.087516,31.416708,0.830868,0.003192,0.002482,2.217781,0.470836,-7.385402,1.383309,154042300,56.342105,-22798006642.875801,0.157538,37.81892,-2.373822,-9.142131,0,0.038258,0.727362,0.049821,0.003192,0.216448
02-05-25,22.030001,22.120001,21.98,22.059999,629800,22.159,21.530566,21.55856,0.057371,0.000923,-0.001487,TRUE,TRUE,-0.027994,0.023938,-48.7999,12.589376,54.624591,1.240603,0.150563,-0.051541,3.971876,6.302443,6.546146,33.749851,2.509289,1.042611,28.016713,0.822273,0.003321,0.002742,1.938164,0.62457,-7.385402,0.73531,153412500,-7.204951,-22797916678.801743,0.192524,30.964584,-2.785826,,0,0.046304,0.88963,0.052366,0.003321,-0.353362
02-06-25,22.08,22.110001,21.950001,22.07,1111400,22.1815,21.544013,21.557649,0.055535,0.001571,-0.001482,TRUE,TRUE,-0.013637,0.025334,-43.103312,12.156862,54.932357,-3.398424,0.138054,-0.05124,2.280022,7.233618,6.156391,35.897336,2.081401,1.003301,25.117144,0.812383,0.003088,0.00243,1.629537,0.315788,-7.385402,1.273482,154523900,41.20188,-22797360992.050674,0.255856,30.094934,-4.338982,-11.202675,0,0.029509,0.573901,0.049294,0.003088,-0.443921
02-07-25,22.18,22.200001,22.059999,22.08,562700,22.2065,21.55728,21.556789,0.052977,0.002272,-0.001476,TRUE,TRUE,0.000491,0.026161,-36.448422,11.348192,55.259162,-4.687195,0.127478,-0.049453,1.699963,6.301568,5.817936,43.283552,2.31696,0.983438,20.959293,0.786015,0.003318,0.002995,1.259008,0.857219,-7.385402,0.639737,155086600,32.213346,-22797762918.431786,0.233703,35.012175,-3.904837,-11.854996,0,0.056623,1.138321,0.054731,0.003318,-0.603551
02-10-25,22.26,22.41,22.26,22.4,1099800,22.2185,21.583023,21.557054,0.04994,0.003035,-0.001469,TRUE,TRUE,0.025969,0.026894,3.124912,11.331344,64.204167,9.579575,0.143266,-0.026932,4.314168,6.865331,6.865331,91.044831,1.083031,1.004465,21.362222,0.775484,0.003977,0.004418,1.413292,1.909198,-7.385402,1.249631,156186400,0.954654,-22796809762.161041,0.279978,42.487656,-1.022651,-10.39677,0,0.109336,2.228344,0.066465,0.003977,0.849629
02-11-25,22.540001,22.620001,22.52,22.57,693700,22.231,21.612166,21.558312,0.046412,0.003859,-0.00146,TRUE,TRUE,0.053854,0.027636,16.083838,12.034189,67.878333,12.945975,0.167564,-0.002107,4.047878,7.04612,7.094328,93.975765,1.120072,1.034877,22.678293,0.775156,0.004246,0.005036,2.08187,2.354034,-7.385402,0.815451,156880100,-45.880793,-22796809775.392269,0.27082,42.553597,-0.613231,-9.886969,0,0.131864,2.688864,0.070965,0.004246,1.49482
02-12-25,22.450001,22.5,22.32,22.32,801600,22.2315,21.638587,21.557702,0.042339,0.004736,-0.00145,TRUE,TRUE,0.080885,0.027762,3.749957,11.786746,58.387172,3.12801,0.164748,-0.003938,4.495973,4.403173,5.622615,63.85528,0.044824,1.046468,22.697722,0.789478,0.004186,0.004718,2.070524,2.046655,-7.385402,0.92461,156078500,68.297292,-22797611375.392269,0.192039,42.94661,0.069028,-11.709822,0,0.11844,2.371084,0.068687,0.004186,0.389906
02-13-25,22.27,22.440001,22.27,22.43,717100,22.2195,21.666829,21.557548,0.037913,0.005651,-0.001439,TRUE,TRUE,0.109281,0.027954,9.41173,11.345765,60.972964,-3.231203,0.16944,0.000603,6.718471,5.905285,6.095499,77.108367,-1.058667,1.041336,20.813641,0.79046,0.00431,0.00499,2.046547,2.239571,-7.385402,0.837753,156795600,-23.444006,-22796978641.991245,0.184853,47.946991,1.872169,-9.865924,0,0.128508,2.569541,0.070639,0.00431,1.011358
02-14-25,22.559999,22.610001,22.43,22.440001,1174400,22.213,21.698309,21.557539,0.033353,0.006602,-0.001427,TRUE,TRUE,0.14077,0.027896,37.226168,11.547657,61.208956,-6.669377,0.171982,0.002516,7.347872,6.621572,6.76605,77.777778,-0.575982,0.94538,19.841742,0.786227,0.004369,0.005183,1.907279,2.435424,-7.385402,1.338294,157970000,57.998117,-22798022550.336941,0.086952,56.156482,4.123475,-7.478495,0,0.13788,2.771852,0.071991,0.004369,1.144055
02-18-25,22.58,22.790001,22.559999,22.77,877300,22.228,21.731641,21.560603,0.029118,0.0076,-0.001413,TRUE,TRUE,0.171038,0.029088,48.809386,12.309636,68.070377,9.683204,0.198339,0.023099,9.273889,7.31821,9.373553,97.95914,1.335119,1.000692,22.800286,0.754598,0.004284,0.005411,2.523386,2.249689,-7.385402,0.989711,158847300,25.400229,-22797297826.780506,0.12696,60.753253,5.79507,-6.03845,0,0.12379,2.593957,0.073562,0.004284,2.377165
02-19-25,22.959999,23.01,22.83,22.950001,787400,22.2575,21.770853,21.566181,0.02557,0.008633,-0.001398,TRUE,TRUE,0.204671,0.0306,52.74715,13.627261,71.07569,10.102726,0.231088,0.044678,10.238168,8.848408,9.987396,95.000048,2.638641,1.020855,27.854667,0.75914,0.004347,0.005506,3.035114,2.402437,-7.385402,0.882019,159634700,19.068501,-22797035354.551456,0.119599,59.671026,7.160146,-4.179829,0,0.131998,2.749234,0.074199,0.004347,2.486121
02-20-25,22.969999,23.040001,22.940001,22.98,666700,22.2895,21.811233,21.57153,0.022805,0.009708,-0.001381,TRUE,TRUE,0.239703,0.03205,53.005319,14.92926,71.556195,10.34724,0.256505,0.056076,10.93873,9.582751,9.881206,95.121845,2.864814,1.003981,32.191008,0.75879,0.004377,0.005584,2.941719,2.464693,-7.385402,0.747627,160301400,-2.827576,-22797168709.810951,0.119945,59.158089,7.661224,-2.694463,0,0.135049,2.814104,0.074729,0.004377,2.145007
02-21-25,22.9,22.9,22.66,22.66,809600,22.3095,21.848442,21.575136,0.020551,0.010812,-0.001364,TRUE,TRUE,0.273306,0.033137,32.701408,14.842656,60.088911,-7.981466,0.247969,0.038032,6.943315,8.498851,8.944529,68.594979,1.796943,1.055985,33.224086,0.779911,0.004133,0.004711,2.722576,1.683021,-7.385402,0.913543,159491800,-12.028686,-22797978309.810951,0.10617,62.889051,5.181239,-2.745807,0,0.099121,2.009159,0.068638,0.004133,1.054957
02-24-25,22.58,22.610001,22.51,22.58,1058100,22.325,21.880063,21.577108,0.018812,0.011935,-0.001345,TRUE,TRUE,0.302955,0.034055,21.782179,14.164999,57.603562,-13.472128,0.232074,0.017709,6.232592,8.659099,8.115802,61.98342,1.392005,1.037582,33.74908,0.782088,0.004058,0.004516,2.583493,1.528891,-7.385402,1.159543,158433700,98.816234,-22797555081.919899,0.121155,54.312386,4.550703,-2.237636,0,0.091526,1.849998,0.067202,0.004058,0.755576
02-25-25,22.549999,22.549999,22.219999,22.33,1015600,22.345,21.905735,21.577925,0.017368,0.013062,-0.001325,TRUE,TRUE,0.32781,0.033984,5.882312,13.769785,50.565082,-20.991114,0.197032,-0.013866,5.103352,7.554308,6.627968,34.862303,1.823984,1.02041,32.445104,0.772882,0.004058,0.004625,2.534361,1.653653,-7.385402,1.10946,157418100,6.023593,-22797893611.339893,0.108823,55.026578,3.114664,-3.962359,0,0.096774,1.979469,0.068011,0.004058,-0.046232
02-26-25,22.200001,22.23,22.08,22.139999,1308500,22.3545,21.922291,21.578362,0.016168,0.014165,-0.001306,TRUE,TRUE,0.343929,0.033533,3.539819,13.824179,45.967977,-14.120934,0.152176,-0.046978,3.469314,4.770818,7.27684,17.431064,0.865597,1.038845,31.491828,0.782428,0.003871,0.004108,2.496506,1.345757,-7.385402,1.362893,156109600,215.529298,-22798155317.995285,0.078498,52.111042,2.484823,-6.166555,0,0.082013,1.65682,0.064095,0.003871,-0.681131
02-27-25,22.219999,22.27,22.139999,22.17,1174400,22.3635,21.941156,21.578521,0.015216,0.015234,-0.001286,TRUE,TRUE,0.362634,0.032881,4.38598,13.715325,46.790567,-10.812995,0.117691,-0.06517,3.517679,3.839876,6.442962,11.224535,0.818555,1.027774,30.641018,0.778178,0.004007,0.004448,2.449468,1.582625,-7.385402,1.224105,157284000,-1.169738,-22798787679.273491,0.049728,60.925454,3.530404,-6.007344,0,0.093756,1.904514,0.06669,0.004007,-0.631506
02-28-25,22.040001,22.040001,21.92,22,1814800,22.363,21.95681,21.578021,0.014298,0.016244,-0.001266,TRUE,TRUE,0.37879,0.031918,-3.278685,14.262247,42.813059,-7.752023,0.07577,-0.085672,4.201942,3.550101,4.814616,7.142845,-0.045435,1.07143,30.702494,0.786064,0.003754,0.003829,2.490647,1.278227,-7.385402,1.802149,155469200,110.460397,-22798182765.170338,0.103099,51.632048,2.902932,-8.078275,0,0.078761,1.583562,0.061876,0.003754,-1.182314
03-03-25,22.09,22.1,21.790001,21.860001,3041000,22.3575,21.971943,21.576108,0.01328,0.017181,-0.001246,FALSE,TRUE,0.395835,0.030413,-23.893759,15.116975,39.811653,-6.156323,0.030895,-0.104438,3.538842,4.147617,4.573284,5.599976,-0.500677,1.071756,31.530902,0.784649,0.003864,0.00407,2.728555,1.309634,-7.385402,2.821069,152428200,87.461472,-22799850413.953018,-0.026184,38.62377,3.78783,-6.301253,0,0.080496,1.621539,0.063793,0.003864,-1.577815
03-04-25,21.870001,21.969999,21.73,21.93,3014800,22.347,21.991324,21.57502,0.012112,0.01803,-0.001225,FALSE,TRUE,0.416304,0.02937,-29.629603,16.067599,42.001044,-4.789522,0.000969,-0.107492,4.433875,3.312939,5.051273,15.267218,-0.948505,1.074849,32.624016,0.773001,0.003671,0.003786,2.951083,1.049673,-7.385402,2.560677,155443000,193.52546,-22797840523.326851,0.039574,29.988072,6.900759,-4.580257,0,0.066434,1.358553,0.061531,0.003671,-1.278199
03-05-25,21.700001,21.870001,21.610001,21.870001,2521500,22.3305,22.013302,21.573252,0.010898,0.01881,-0.001205,FALSE,TRUE,0.44005,0.02799,-22.842589,17.258514,40.636575,-2.176484,-0.027276,-0.108589,4.05408,4.195261,4.242407,18.18183,-1.486486,1.10066,34.202914,0.770218,0.003678,0.003829,3.128296,1.144913,-7.385402,2.026913,152921500,112.211749,-22795319023.326851,0.108022,27.485709,6.03372,-4.35597,0,0.070887,1.454838,0.061876,0.003678,-1.346374
03-06-25,21.790001,21.860001,21.709999,21.76,1985800,22.3155,22.03308,21.57065,0.009599,0.019519,-0.001185,FALSE,TRUE,0.46243,0.026332,-34.010168,18.364364,38.187206,-1.624447,-0.057868,-0.111345,4.284344,5.776182,3.390614,10.489482,-1.359924,1.102942,36.05912,0.773345,0.00368,0.003801,3.374951,1.014625,-7.385402,1.513786,150935700,215.306446,-22795980939.826519,0.073781,22.485405,7.203688,-2.577744,0,0.064743,1.32341,0.061652,0.00368,-1.540525
03-07-25,21.9,22.049999,21.809999,21.950001,1133900,22.3095,22.054,21.567858,0.008333,0.020144,-0.001165,FALSE,TRUE,0.486142,0.024668,-22.790691,18.446261,44.418931,2.417887,-0.066021,-0.095598,4.01189,7.493461,5.099289,23.776229,-0.54372,1.12919,36.58511,0.772358,0.004038,0.004587,3.525742,1.578771,-7.385402,0.863638,152069600,2.024474,-22795791942.976032,0.059753,22.230464,6.228313,-1.673183,0,0.093172,1.907125,0.067728,0.004038,-0.982638
03-10-25,22.02,22.059999,21.790001,21.809999,1741300,22.296,22.0718,21.563369,0.007077,0.020672,-0.001144,FALSE,TRUE,0.508431,0.023048,-48.979618,18.586532,41.128627,0.492053,-0.082824,-0.089921,3.909397,6.560146,3.581461,13.985931,-1.222828,1.110238,37.949267,0.769518,0.003878,0.004263,3.771311,1.035763,-7.385402,1.269294,150328300,209.454416,-22797275289.918255,0.017772,17.310554,7.451782,-1.342069,0,0.065911,1.35432,0.065295,0.003878,-1.280659
03-11-25,22,22.049999,21.9,21.93,2474400,22.2725,22.0896,21.559955,0.005541,0.021121,-0.001123,FALSE,TRUE,0.529645,0.02166,-53.684192,18.716785,44.896401,6.709194,-0.085472,-0.074055,4.62307,8.607302,3.870392,22.377596,-2.098211,1.104162,38.718784,0.771794,0.003899,0.004285,3.96394,1.143837,-7.385402,1.717624,152802700,124.986361,-22798759904.747292,-0.067685,23.042978,9.145312,0.802261,0,0.071475,1.46422,0.065461,0.003899,-0.884583
03-12-25,21.950001,22,21.879999,21.93,1231800,22.2405,22.1086,21.558155,0.003663,0.021509,-0.001102,FALSE,TRUE,0.550445,0.020674,-56.149609,18.910452,44.896401,0.47747,-0.086573,-0.060125,5.434844,8.301806,4.198353,24.806197,-2.83562,1.110677,38.775292,0.755805,0.003594,0.003799,2.879573,0.725923,-7.385402,0.839387,152802700,77.569555,-22798965188.431629,-0.073438,19.675119,9.43304,1.153912,0,0.04953,1.036256,0.061637,0.003594,-0.800767
03-13-25,21.870001,22.049999,21.85,21.85,1719400,22.217,22.124,21.556525,0.001443,0.021833,-0.001081,FALSE,TRUE,0.567475,0.019377,-49.693128,18.801544,42.779544,1.650917,-0.092831,-0.053106,4.052904,9.498117,2.936057,23.999977,-2.105732,1.075515,39.681755,0.755454,0.003597,0.003808,2.7109,0.7389,-7.385402,1.136125,151083300,114.496008,-22800684588.431629,-0.101534,18.991062,8.765256,3.087538,0,0.050146,1.049627,0.061709,0.003597,-0.924858
03-14-25,21.879999,21.99,21.83,21.969999,1467800,22.194,22.138,21.554735,-0.001273,0.022095,-0.001059,FALSE,TRUE,0.583265,0.018227,-36.526939,18.783845,46.829265,1.932864,-0.087103,-0.037903,4.388405,9.1132,3.779864,38.29779,-2.050829,1.072891,39.715299,0.758064,0.003776,0.00417,1.768292,0.943644,-7.385402,0.946403,152551100,104.685539,-22799583747.180408,-0.083986,24.431435,7.190462,1.939404,0,0.060395,1.259856,0.064574,0.003776,-0.564016
03-17-25,22.08,22.17,22.059999,22.120001,1707800,22.178,22.1528,21.551702,-0.004282,0.022307,-0.001038,FALSE,TRUE,0.601098,0.017087,-13.375708,17.746873,51.454421,6.558021,-0.069657,-0.016365,3.790281,7.774833,3.055805,77.27278,-1.426024,1.01395,39.31465,0.758114,0.00401,0.004704,1.130674,1.369236,-7.385402,1.082534,154258900,45.418937,-22799428460.330639,-0.044559,30.332779,6.388988,0.830152,0,0.081385,1.697637,0.068586,0.00401,-0.147526
03-18-25,22.26,22.27,22.07,22.07,1660100,22.143,22.1624,21.549605,-0.007502,0.022463,-0.001016,FALSE,TRUE,0.612795,0.015567,-4.895069,16.675388,49.896336,7.116791,-0.059183,-0.004713,3.97248,7.33263,2.505499,69.696847,-3.074224,1.000065,36.802595,0.752724,0.004097,0.004979,1.136507,1.53676,-7.385402,1.026823,152598800,89.228314,-22801088560.330639,-0.117234,36.207236,5.923603,1.115618,0,0.08916,1.873286,0.07056,0.004097,-0.198357
03-19-25,22.120001,22.25,22.1,22.209999,1297400,22.106,22.177,21.549679,-0.010656,0.02255,-0.000993,TRUE,TRUE,0.627321,0.013894,2.597333,15.680437,54.088347,7.259082,-0.039135,0.012268,4.678845,7.22146,2.793152,90.908881,-3.224408,1.009841,31.616765,0.744449,0.004207,0.00537,1.297369,2.101206,-7.385402,0.790021,153896200,64.77013,-22800483124.594463,-0.104972,36.502356,4.720589,0.073701,0,0.115185,2.446836,0.073278,0.004207,0.328936
03-20-25,22.129999,22.26,22.08,22.25,1301700,22.0695,22.1916,21.550476,-0.013599,0.022575,-0.00097,TRUE,TRUE,0.641124,0.012206,17.73045,14.643825,55.240646,3.786225,-0.01979,0.02529,5.433461,6.681201,2.036825,96.969627,-3.176673,0.985554,24.381761,0.744343,0.004229,0.005427,1.429699,2.165523,-7.385402,0.777606,155197900,95.245238,-22799326060.99297,-0.064438,42.204407,5.108505,-0.650247,0,0.118234,2.511971,0.073672,0.004229,0.740307
03-21-25,22.16,22.17,22.1,22.120001,1352900,22.0425,22.2016,21.552189,-0.016281,0.022531,-0.000946,FALSE,TRUE,0.649411,0.010448,18.571399,13.681256,50.78007,0.883735,-0.014779,0.024241,5.52952,6.738066,1.484839,77.27278,-2.383049,0.93968,20.115115,0.746553,0.004007,0.004844,1.359769,1.725286,-7.385402,0.795286,153845000,67.107213,-22799905854.213676,-0.056654,45.070894,5.442661,-0.699505,0,0.097189,2.058593,0.069599,0.004007,0.385286
03-24-25,22.17,22.24,22.120001,22.200001,1766200,22.0235,22.214,21.555394,-0.018588,0.022414,-0.000921,FALSE,TRUE,0.658606,0.008781,19.148919,13.201758,53.280224,-0.808123,-0.004303,0.027774,6.879298,5.243877,2.118733,89.393983,-1.682902,0.897683,16.180794,0.747327,0.004093,0.005046,1.305693,1.824442,-7.385402,1.017071,155611200,66.921841,-22799317102.164848,-0.050733,55.047406,2.992485,-2.52001,0,0.102108,2.160629,0.071035,0.004093,1.090803
03-25-25,22.26,22.299999,22.120001,22.23,1124200,22.0185,22.2154,21.558369,-0.020198,0.022252,-0.000896,TRUE,TRUE,0.657031,0.007296,26.086806,13.098007,54.219313,-1.021334,0.006347,0.030739,7.023723,5.386093,2.390858,88.135648,-0.44783,0.851487,15.315184,0.744775,0.004005,0.004866,1.223547,1.674926,-7.385402,0.645356,156735400,10.693186,-22799067283.913479,-0.033688,63.618383,2.409475,-2.43218,0,0.094549,2.007558,0.069756,0.004005,1.380979
03-26-25,22.280001,22.32,22.190001,22.200001,1089100,22.0215,22.213,21.55977,-0.021123,0.022049,-0.00087,FALSE,TRUE,0.65323,0.005593,33.846165,13.115853,53.070514,2.290444,0.012226,0.029294,6.199768,5.196535,2.973094,77.35864,0.271009,0.842984,15.62142,0.743728,0.059217,0.004399,1.074362,1.730725,-7.385402,0.629168,155646300,-16.767291,-22799988825.150623,-0.05296,71.434037,3.045369,-1.657626,0,0.088032,1.871334,0.066323,0.059217,1.142665
03-27-25,22.15,22.290001,22.1,22.26,875200,22.026,22.212,21.563038,-0.021342,0.021798,-0.000843,TRUE,TRUE,0.648962,0.00409,26.495679,12.479063,55.118765,1.838541,0.021478,0.030837,6.405354,3.75395,2.394727,88.67932,0.405955,0.808624,16.190961,0.742419,0.059032,0.004367,1.045656,1.660231,-7.385402,0.510007,156521500,-25.476839,-22799390009.646935,-0.01755,66.862969,3.91114,-3.070764,0,0.091077,1.951694,0.066085,0.059032,1.445251
03-28-25,22.24,22.24,22.08,22.190001,2163300,22.0355,22.2024,21.564389,-0.020925,0.02149,-0.000816,FALSE,TRUE,0.638011,0.002729,34.5456,11.746736,52.253366,-1.965946,0.022899,0.025806,5.465777,4.304577,2.881408,73.469547,0.863639,0.782205,16.583041,0.736566,0.085664,0.009824,0.899194,1.23671,-7.385402,1.247952,154358200,19.203218,-22798578752.805508,-0.011422,65.459293,4.931688,-1.015714,0,0.070969,1.537093,0.099118,0.085664,0.931676
03-31-25,22.360001,22.549999,22.27,22.5,3256000,22.0675,22.201,21.567433,-0.019645,0.021154,-0.000787,TRUE,TRUE,0.633567,0.002012,44.186122,12.744744,61.739438,8.668924,0.04848,0.04111,7.244998,6.714122,4.410593,93.055655,2.927719,0.809523,19.01488,0.754103,0.105367,0.014344,1.702865,1.516648,-7.385402,1.866726,157614200,7.070043,-22796485597.274174,0.096456,66.785103,,1.050733,0,0.084411,1.789809,0.119767,0.105367,2.274533
04-01-25,22.549999,22.58,22.459999,22.51,3490500,22.0965,22.2018,21.570146,-0.017681,0.020777,-0.000759,TRUE,TRUE,0.631654,0.001605,44.61547,13.801085,62.001704,6.882939,0.068768,0.049118,6.783683,6.235395,3.229167,90.666707,2.644778,0.809163,21.11441,0.744916,0.093332,0.011484,1.600963,1.202276,-7.385402,1.974248,161104700,15.778824,-22797067301.041161,0.021867,74.969576,4.828968,0.008849,0,0.06948,1.489224,0.107165,0.093332,1.958378
04-02-25,22.459999,22.66,22.459999,22.65,1848300,22.1355,22.2076,21.573465,-0.015043,0.020358,-0.000729,TRUE,TRUE,0.634135,0.001189,58.823612,15.121304,65.560832,13.307466,0.095047,0.060318,6.488007,7.136111,3.376138,98.795153,3.566524,0.804162,23.749731,0.744259,0.114457,0.017598,1.939375,1.605551,-7.385402,1.065699,162953000,-26.698394,-22795403834.566498,-0.002445,82.09018,2.634143,-0.202954,0,0.08691,1.870263,0.132656,0.114457,2.166338
04-03-25,21.700001,21.83,21.690001,21.74,3423800,22.1345,22.1956,21.572661,-0.012364,0.019869,-0.000699,FALSE,TRUE,0.622939,-0.000715,-10.697665,15.558123,39.597979,-22.141459,0.04196,0.005785,1.68382,1.06192,-1.671835,5.154564,-0.091914,1.10067,23.919766,0.913738,0.351703,0.145949,2.06648,0.09051,-7.385402,1.895524,159529200,72.41414,-22796382089.792656,-0.011104,70.669318,2.198844,-2.14521,0,0.028927,0.543806,0.382033,0.351703,-1.649265
04-04-25,20.870001,21.07,20.610001,20.950001,5190200,22.0845,22.1694,21.567528,-0.010221,0.019263,-0.00067,FALSE,FALSE,0.601872,-0.003757,-41.935559,18.097763,28.89867,-33.103034,-0.06313,-0.079444,-2.964332,-3.42033,-6.370571,16.585379,-4.555808,1.459256,35.586023,1.026281,0.471012,0.277308,2.811229,-0.976018,-8.833763,2.583384,154339000,357.729959,-22793899801.513752,0.04709,57.315882,2.59257,-2.025421,0,-0.003789,-0.068947,0.526601,0.471012,-3.188048
04-07-25,20.700001,21.26,20.57,20.620001,5327500,22.025,22.1364,21.559842,-0.008803,0.018545,-0.000642,FALSE,FALSE,0.576558,-0.007371,-47.231326,19.732309,25.766727,-39.794106,-0.171071,-0.149908,-4.003718,-6.294918,-8.079396,2.392399,-5.456207,1.652347,48.148325,1.044966,0.490739,0.294496,3.629352,-1.31054,-10.269794,2.434449,149011500,205.949578,-22798455182.990093,-0.026958,46.467898,3.5511,-3.773025,0,-0.008159,-0.147558,0.542675,0.490739,-2.918065
04-08-25,20.809999,20.860001,20.09,20.16,3650800,21.9365,22.101,21.549619,-0.008612,0.017714,-0.000615,FALSE,FALSE,0.551381,-0.010703,-60.472033,21.900445,22.16127,-17.43671,-0.290386,-0.215378,-6.319705,-8.621863,-10.584086,2.723724,-8.071137,1.899092,63.731561,1.017497,0.569489,0.420871,4.640592,-2.624861,-12.271539,1.6246,145360700,47.542839,-22801442204.460384,-0.059681,40.030076,2.47536,-3.829168,0,-0.078418,-1.607661,0.648746,0.569489,-2.787473
04-09-25,20.01,20.950001,19.84,20.889999,3430100,21.8845,22.0798,21.543948,-0.009165,0.016816,-0.000589,FALSE,FALSE,0.535852,-0.012455,-33.333396,24.197646,37.18319,8.28452,-0.322323,-0.197853,-3.37651,-6.599103,-7.307282,37.23402,-4.742366,2.150721,67.894245,1.123076,0.614502,0.539472,5.062128,-1.695151,-12.271539,1.455211,148790800,178.462413,-22798382934.365532,0.012351,43.082947,0.434184,-6.90986,0,-0.084463,-1.759258,0.734487,0.614502,-1.464779
04-10-25,20.58,20.68,20.43,20.629999,2439800,21.8235,22.0526,21.536076,-0.010425,0.015846,-0.000565,FALSE,FALSE,0.516524,-0.014571,-35.392004,26.330763,34.620485,8.853758,-0.364413,-0.191954,-4.402228,-5.556843,-7.956924,28.014152,-5.58353,2.285159,73.472001,1.132644,0.59899,0.542461,5.560146,-1.961097,-12.271539,1.0195,146351000,41.898337,-22796919076.702568,0.078673,48.032353,2.821683,-3.001717,0,-0.075097,-1.556026,0.736519,0.59899,-1.62443
04-11-25,20.629999,20.969999,20.629999,20.93,1307900,21.7715,22.031,21.530747,-0.012199,0.014822,-0.000541,FALSE,FALSE,0.500253,-0.015492,-28.668205,27.246604,39.778006,17.616736,-0.369305,-0.157477,-5.550539,-3.343318,-7.090656,38.652492,-4.733723,2.327485,76.016813,1.128678,0.591775,0.557312,5.895107,-2.005359,-12.271539,0.548354,147658900,-10.893855,-22795918910.110325,0.076826,47.282184,-1.868333,-2.4732,0,-0.093262,-1.971446,0.746533,0.591775,-1.106992
04-14-25,21.02,21.030001,20.809999,20.940001,1178200,21.7125,22.0104,21.525279,-0.014433,0.013757,-0.000518,FALSE,FALSE,0.485122,-0.016469,-29.251692,27.887233,39.948064,2.764874,-0.368131,-0.125042,-6.182792,-5.168005,-6.889311,39.00711,-5.33454,2.340019,77.729541,1.128134,0.588522,0.557156,6.211114,-1.891668,-12.271539,0.499521,148837100,-31.010657,-22795704688.214085,0.078938,47.261744,-4.253717,-5.130888,0,-0.093093,-1.96847,0.746429,0.588522,-0.99383
04-15-25,20.889999,20.959999,20.799999,20.889999,816600,21.6535,21.9854,21.51899,-0.017363,0.012627,-0.000496,FALSE,FALSE,0.46641,-0.017607,-29.571135,28.499298,39.349736,4.729252,-0.367005,-0.099133,-6.364859,-5.475729,-7.229121,37.23402,-5.346626,2.355878,79.334921,1.127446,0.591298,0.562214,6.527542,-1.844883,-12.271539,0.352517,148020500,-50.810192,-22795602610.780426,0.118411,44.716999,-5.221653,-5.614066,0,-0.088595,-1.885316,0.749809,0.591298,-0.962377
04-16-25,21,21.190001,21,21.15,888200,21.6005,21.9644,21.514477,-0.020898,0.011448,-0.000476,FALSE,FALSE,0.449923,-0.018418,-23.97409,28.234382,44.043016,4.26501,-0.341199,-0.058662,-6.704898,-2.796112,-6.193127,46.453887,-4.772623,2.364067,78.961343,1.139846,0.598103,0.559063,6.747572,-1.422292,-12.271539,0.386842,148908700,-31.540003,-22795088397.236282,0.11748,47.047507,-4.640489,,0,-0.050465,-1.058424,0.747705,0.598103,-0.570533
04-17-25,21.25,21.469999,21.23,21.370001,1411100,21.5565,21.9506,21.50964,-0.024877,0.010233,-0.000455,FALSE,FALSE,0.44096,-0.018834,-17.154796,27.090042,47.728898,7.780834,-0.299543,-0.013605,-5.316787,0.137362,-5.057446,54.255349,-3.955052,2.386524,77.591569,1.149084,0.601527,0.557528,6.893205,-1.150759,-12.271539,0.613123,150319800,8.404394,-22794853197.08131,0.097173,51.862133,-3.394054,-0.519903,0,-0.03556,-0.738519,0.746678,0.601527,-0.24036
04-21-25,21.26,21.290001,21.1,21.190001,1429400,21.51,21.933,21.50376,-0.029176,0.008969,-0.000436,FALSE,FALSE,0.42924,-0.019628,-28.172011,26.32826,45.110717,5.760981,-0.277852,0.006469,-5.696479,-0.44037,-4.364741,47.872359,-4.204341,2.376459,76.819686,1.152854,0.607355,0.564247,7.103013,-1.258118,-12.271539,0.620044,148890400,5.65452,-22794928430.170704,0.107955,45.143479,-2.185981,0.097178,0,-0.030643,-0.63921,0.751164,0.607355,-0.416559
04-22-25,21.290001,21.440001,21.25,21.290001,793700,21.4645,21.9172,21.497763,-0.033624,0.007662,-0.000418,FALSE,FALSE,0.419437,-0.020181,-25.738363,25.153034,46.85491,2.811894,-0.249714,0.027686,-4.785329,-0.1042,-3.872233,51.418472,-4.099098,2.408912,75.195519,1.154926,0.602419,0.563885,7.280159,-1.158042,-12.271539,0.351709,149684100,-55.061714,-22795387933.9874,0.087056,40.280725,-1.887155,-0.419569,0,-0.037194,-0.774147,0.750922,0.602419,-0.232061
04-23-25,21.23,21.33,20.99,21.129999,1443100,21.4095,21.8918,21.490539,-0.038097,0.006325,-0.000402,FALSE,FALSE,0.401261,-0.021518,-31.932743,24.673555,44.422601,-3.306297,-0.237586,0.031851,-5.416298,-0.322152,-5.042389,64.824078,-4.94827,2.474478,73.30074,1.142606,0.595286,0.564345,3.830808,-0.991032,-12.271539,0.634988,148241000,28.366839,-22795642604.407803,0.075346,34.841365,-3.069744,-0.778024,0,-0.032335,-0.680616,0.751229,0.595286,-0.381307
04-24-25,21.25,21.33,21.120001,21.32,1256400,21.3655,21.8668,21.485784,-0.042234,0.004971,-0.000386,FALSE,FALSE,0.381016,-0.022465,-10.396024,24.228324,47.882489,2.771772,-0.21022,0.047374,-4.222824,0.259856,-4.188532,90.797565,-3.963969,2.201153,70.908006,1.149107,0.599097,0.568593,2.417716,-0.799389,-12.271539,0.55081,149497400,15.361308,-22794505864.811073,0.120187,41.650506,-2.28553,-1.681366,0,-0.023222,-0.488426,0.754051,0.599097,-0.064168
04-25-25,21.209999,21.360001,21.200001,21.35,903200,21.32,21.8474,21.481938,-0.045964,0.003611,-0.00037,FALSE,FALSE,0.365462,-0.02326,12.195079,23.708651,48.428417,1.573507,-0.18399,0.058882,-4.131118,-1.317205,-4.461301,92.638099,-4.08805,1.873537,67.713797,1.148982,0.598999,0.568214,2.360099,-0.809034,-12.271539,0.395723,150400600,3.199269,-22793715567.502823,0.124308,51.943085,-2.04178,-3.39459,0,-0.021604,-0.454251,0.7538,0.598999,0.044305
04-28-25,21.290001,21.299999,21.139999,21.23,1274000,21.272,21.8234,21.477493,-0.049168,0.002243,-0.000356,FALSE,FALSE,0.345907,-0.024183,19.869605,23.382324,46.337568,1.914967,-0.170916,0.057565,-3.191978,-1.308899,-4.877059,85.27608,-4.326277,1.722631,64.550755,1.150786,0.602782,0.566762,2.172768,-0.9579,-12.271539,0.569274,149126600,-41.108492,-22793556313.706005,0.112211,61.337453,-1.697253,-4.288162,0,-0.023986,-0.502688,0.752836,0.602782,-0.065066
04-29-25,21.08,21.139999,20.959999,20.959999,1139000,21.195,21.7938,21.471317,-0.051819,0.000868,-0.000342,FALSE,FALSE,0.322483,-0.025572,27.777667,23.532198,41.949127,-5.933362,-0.180264,0.038574,-4.510258,-2.521024,-6.603263,68.711626,-6.844449,1.574428,57.982305,1.161399,0.601076,0.550051,1.641296,-1.197467,-12.271539,0.534218,147987600,-65.018428,-22794695313.706005,0.041984,68.821634,-2.846602,-5.992456,0,-0.056123,-1.143617,0.741654,0.601076,-0.405298
04-30-25,20.82,20.879999,20.549999,20.57,2553900,21.098,21.7498,21.463619,-0.054086,-0.000538,-0.00033,FALSE,FALSE,0.286181,-0.027257,-12.598371,24.530031,36.562715,-11.865702,-0.216644,0.001755,-6.457481,-5.005835,-8.418566,13.461493,-8.618394,1.361206,50.580421,1.178564,0.620224,0.562054,1.826063,-1.771437,-12.271539,1.224739,145433700,-26.832832,-22796939642.91272,0.003061,54.078488,-4.333753,-8.621386,0,-0.10979,-2.234605,0.749703,0.620224,-1.043883
05-01-25,20.57,20.76,20.49,20.67,3638200,20.999,21.7042,21.457228,-0.055649,-0.001957,-0.000319,FALSE,FALSE,0.246972,-0.028588,1.680705,25.56727,38.734974,-7.602594,-0.234701,-0.013041,-6.088142,-1.921143,-7.895484,18.367387,-8.74172,1.288964,35.831338,1.180087,0.620732,0.561454,1.801226,-1.720917,-12.271539,1.672924,149071900,96.84034,-22795726909.579388,-0.007428,38.934319,-2.748092,-4.980952,0,-0.107542,-2.184515,0.749303,0.620732,-0.91819
05-02-25,20.82,20.84,20.639999,20.76,1948100,20.95,21.6598,21.451572,-0.05622,-0.003375,-0.000309,FALSE,FALSE,0.208229,-0.029925,-7.834077,26.188984,40.702979,-1.246148,-0.238994,-0.013867,-5.507506,-1.316282,-6.30543,27.55108,-4.507818,1.235206,31.617795,1.180172,0.631552,0.579479,1.877127,-1.481802,-12.271539,0.927238,151020000,-43.101233,-22795337282.148003,0.024865,40.787251,-4.036041,-5.468987,0,-0.087951,-1.82433,0.761235,0.631552,-0.600927
05-05-25,20.73,20.77,20.58,20.639999,1284200,20.9345,21.6194,21.445315,-0.05602,-0.004782,-0.000301,FALSE,FALSE,0.174085,-0.031369,-13.157897,26.893125,38.908321,2.345606,-0.249206,-0.019264,-6.775068,-3.110946,-5.469982,15.306091,-1.47972,1.232006,32.368737,1.181665,0.632378,0.579794,2.016907,-1.619503,-12.271539,0.673884,149735800,-75.257216,-22795810417.962891,-0.05013,34.948859,-6.268886,-7.158572,0,-0.096656,-2.003098,0.761442,0.632378,-0.90983
05-06-25,20.98,21.07,20.92,20.950001,1388200,20.951,21.5868,21.441416,-0.054794,-0.006167,-0.000293,FALSE,FALSE,0.145385,-0.032208,2.362251,26.312883,45.583327,6.848352,-0.229638,0.000243,-5.63063,-2.308738,-4.382772,46.938899,1.600388,1.305831,31.51092,1.199626,0.631089,0.559752,1.995858,-1.273998,-12.271539,0.812428,151124000,-73.94275,-22796643323.841354,0.053018,40.514261,-5.070566,-7.609581,0,-0.074519,-1.486181,0.748166,0.631089,-0.003171
05-07-25,20.9,20.9,20.66,20.690001,1300700,20.9775,21.554,21.437687,-0.052972,-0.007538,-0.000286,FALSE,FALSE,0.116313,-0.032869,-18.110139,26.388933,41.488872,0.785893,-0.232431,-0.00204,-6.210331,-2.485122,-5.692019,20.408251,2.628972,1.318789,26.307662,1.191734,0.614153,0.536147,2.151972,-1.87971,-12.271539,0.817433,149823300,-64.372192,-22797618841.08857,0.120141,35.667293,-5.275995,-8.245348,0,-0.118065,-2.309151,0.732221,0.614153,-1.092835
05-08-25,20.809999,20.959999,20.809999,20.959999,520000,20.981,21.5304,21.435025,-0.050479,-0.00889,-0.00028,FALSE,FALSE,0.095376,-0.032704,-15.830148,26.226091,46.829956,7.921635,-0.210432,0.015968,-5.029455,-2.864106,-5.524228,49.473572,0.335087,1.284761,26.231578,1.200652,0.617753,0.535286,2.137519,-1.745423,-12.271539,0.359689,150343300,-84.840092,-22797098841.08857,0.044411,32.828116,-4.637304,-9.065003,0,-0.112439,-2.180766,0.731633,0.617753,-0.080059
05-09-25,21.049999,21.15,21.040001,21.120001,656600,21.0055,21.5094,21.434158,-0.047241,-0.010208,-0.000273,FALSE,FALSE,0.075242,-0.03261,-2.723716,25.361566,49.756906,4.17358,-0.178034,0.038692,-4.347822,-2.72177,-4.721495,66.315849,2.37519,1.247972,25.042032,1.198759,0.616581,0.534442,2.147502,-1.335228,-12.271539,0.484027,150999900,-73.087958,-22796800376.192867,0.004375,37.411544,-4.575343,-8.566843,0,-0.087871,-1.70541,0.731056,0.616581,0.457234
05-12-25,21.440001,21.459999,21.24,21.26,1209900,21.022,21.4946,21.43404,-0.043358,-0.011481,-0.000267,FALSE,FALSE,0.06056,-0.032034,-1.149449,23.550998,52.234601,10.745728,-0.139455,0.061817,-5.089283,-0.994675,-3.594462,79.381547,1.576684,1.269991,25.599358,1.200348,0.617038,0.535648,2.149143,-1.29598,-12.271539,0.895138,152209800,-7.492928,-22797790288.653095,-0.069226,38.705603,-5.372539,-6.629866,0,-0.087776,-1.703508,0.73188,0.617038,0.929712
05-13-25,21.389999,21.620001,21.35,21.59,445300,21.0545,21.4892,21.435334,-0.038815,-0.012685,-0.00026,TRUE,TRUE,0.053866,-0.030835,16.546771,22.329811,57.548756,10.718799,-0.081315,0.095966,-4.342045,-0.469927,-2.475887,97.345074,3.104105,1.257196,28.46879,1.218685,0.624663,0.529531,3.052733,-0.949176,-12.271539,0.338634,152655100,-62.205059,-22797443946.30579,-0.066132,43.04099,-4.780256,-5.589672,0,-0.074159,-1.408345,0.727689,0.624663,1.881008
05-14-25,21.51,21.57,21.459999,21.48,449600,21.084,21.4802,21.43717,-0.033793,-0.013816,-0.000253,FALSE,TRUE,0.043031,-0.02921,5.92591,21.195851,55.338639,5.581733,-0.043611,0.106935,-3.763442,0.563328,-2.806063,87.610516,2.824319,1.237032,29.70452,1.203331,0.616648,0.527933,3.037435,-1.396647,-12.271539,0.346742,152205500,-44.942444,-22797730052.561859,-0.082037,38.085419,-4.976256,-5.130122,0,-0.103755,-1.992157,0.72659,0.616648,1.333129
05-15-25,21.26,21.309999,21.129999,21.27,490900,21.09,21.4682,21.43843,-0.028665,-0.014873,-0.000246,FALSE,FALSE,0.02977,-0.027552,-2.777772,20.236038,51.28905,-0.945551,-0.030327,0.096176,-5.171644,1.199371,-4.372432,69.026544,0.56738,1.313051,29.964904,1.203053,0.608136,0.516871,3.048715,-1.785824,-12.271539,0.384484,151714600,-44.730916,-22797457324.55991,-0.09277,33.928737,-6.663978,-5.211587,0,-0.144429,-2.741824,0.718937,0.608136,0.600704
05-16-25,21.200001,21.25,21.15,21.190001,626800,21.081,21.4568,21.439623,-0.023594,-0.015855,-0.00024,FALSE,FALSE,0.017177,-0.025882,-1.408415,19.344784,49.794132,-7.754624,-0.025955,0.080438,-5.57041,1.368156,-4.32375,61.946912,-0.842304,1.287671,29.343528,1.203046,0.609517,0.518507,3.056345,-1.897297,-12.271539,0.50648,151087800,-55.580753,-22797582674.995739,-0.110277,35.195415,-8.183525,-4.553614,0,-0.159667,-3.036266,0.720075,0.609517,0.371463
05-19-25,21.18,21.280001,21.110001,21.16,683700,21.0795,21.441,21.438245,-0.018562,-0.016769,-0.000233,FALSE,FALSE,0.002755,-0.024703,7.69233,18.63857,49.214817,-6.123822,-0.024627,0.065413,-7.07071,1.54745,-4.785701,59.291986,-0.141579,1.25574,29.292499,1.191543,0.007463,0.006627,3.002728,-1.63785,-12.271539,0.569619,150404100,-52.168742,-22797864204.842365,-0.122296,36.122959,92.92929,101.54745,,-0.095174,-1.272193,0.081404,0.007463,0.274814
05-20-25,21.25,21.43,21.219999,21.43,680000,21.0865,21.4334,21.439498,-0.013502,-0.017597,-0.000227,FALSE,FALSE,-0.006098,-0.023134,34.677397,17.441392,54.36106,3.07201,-0.001768,0.070618,-6.623095,2.936988,-3.817289,83.185809,0.657583,1.193255,29.981185,1.204334,0.007505,0.006704,2.731541,-1.262578,-12.271539,0.569233,151084100,-14.325312,-22797184204.842365,-0.075184,44.962389,-8.995339,-2.586295,0,-0.090736,-1.203029,0.081881,0.007505,1.14572
05-21-25,21.540001,21.549999,21.389999,21.4,921900,21.1,21.4228,21.442548,-0.008549,-0.018346,-0.000222,FALSE,FALSE,-0.019748,-0.021974,30.290391,16.471129,53.709795,3.915663,0.013769,0.068924,-6.875544,3.311089,-4.924168,78.846055,1.277806,1.158212,30.784485,1.196801,0.007701,0.007145,2.493918,-1.056712,-12.271539,0.78894,150162200,-36.116693,-22797990864.594887,-0.100479,61.788528,-8.633025,-1.781499,0,-0.073854,-0.985458,0.084525,0.007701,0.974516
05-22-25,21.25,21.34,21.209999,21.290001,634000,21.0985,21.41,21.445237,-0.003847,-0.019015,-0.000217,FALSE,FALSE,-0.035237,-0.021265,21.810708,15.637512,51.283791,2.068974,0.01701,0.057732,-6.045891,0.477638,-6.243279,68.269266,-0.140707,1.160841,30.678778,1.193833,0.007784,0.007334,2.302582,-0.984685,-12.271539,0.557407,149528200,-49.538364,-22797844545.454067,-0.146767,51.814016,-9.318898,-4.615117,0,-0.067974,-0.909311,0.085638,0.007784,0.624213
05-23-25,21.290001,21.43,21.25,21.41,444100,21.1015,21.4012,21.449381,0.000581,-0.019599,-0.000212,TRUE,FALSE,-0.048181,-0.02026,31.687258,14.541844,53.738673,-0.622388,0.028928,0.05572,-5.181577,0.728068,-5.319003,78.124919,0.281028,1.150998,30.96565,1.196287,0.007864,0.007452,1.992124,-0.887977,-12.271539,0.398491,149972300,-50.830381,-22797499136.434444,-0.16975,60.090575,-8.375333,-4.201292,0,-0.06067,-0.809858,0.086327,0.007864,0.996265
05-27-25,21.280001,21.280001,21.139999,21.219999,624700,21.101,21.3862,21.451625,0.004573,-0.020115,-0.000209,FALSE,FALSE,-0.065425,-0.019814,11.688252,13.905588,49.486545,-4.22325,0.022779,0.039657,-4.970894,-0.121224,-4.800382,58.333217,-0.047104,1.107447,30.944609,1.197611,0.007801,0.007319,1.884325,-0.913646,-12.271539,0.577362,149347600,-50.965463,-22797409900.872257,-0.178079,50.558772,-9.434603,-6.66239,0,-0.062861,-0.838129,0.085551,0.007801,0.384556
05-28-25,21.309999,21.34,21.15,21.15,590600,21.1105,21.3668,21.452571,0.007742,-0.020568,-0.000207,FALSE,FALSE,-0.085771,-0.019675,21.698081,13.084798,47.980257,-3.303534,0.012118,0.023196,-4.471544,-1.157362,-4.627005,41.975256,0.906491,1.07734,30.780166,1.195733,0.007765,0.007276,1.614349,-0.847266,-12.271539,0.560039,148757000,-48.147498,-22798000500.872257,-0.156708,58.203474,-8.52523,-6.235447,0,-0.057923,-0.773439,0.085301,0.007765,0.128328
05-29-25,21.1,21.110001,21,21.040001,358800,21.134,21.3462,21.452349,0.009842,-0.02097,-0.000205,FALSE,FALSE,-0.106149,-0.01956,4.081728,12.85126,45.629835,-8.108838,-0.005148,0.004744,-5.096974,-1.75859,-5.768453,6.451752,2.284887,1.042234,28.115175,1.196269,0.007715,0.007181,1.568905,-1.032735,-12.271539,0.379757,148398200,-85.950899,-22798098350.893066,-0.061319,53.099725,-9.623376,-6.271692,0,-0.072456,-0.967239,0.084741,0.007715,-0.334336
05-30-25,20.969999,20.969999,20.780001,20.879999,419100,21.1445,21.3196,21.449856,0.010474,-0.021321,-0.000204,FALSE,FALSE,-0.130255,-0.019758,-12.244989,13.323494,42.377881,-7.108663,-0.03138,-0.01719,-5.090913,-1.102888,-8.125665,11.904578,1.015961,1.074166,26.644791,1.199376,0.007671,0.00706,1.701598,-1.13746,-12.271539,0.534662,147979100,-88.480567,-22798076296.541267,-0.14986,46.546745,-8.240868,-5.592771,0,-0.080615,-1.073384,0.084022,0.007671,-0.992693
06-02-25,21.370001,21.389999,21.209999,21.32,1477700,21.1725,21.301,21.450559,0.010515,-0.021598,-0.000204,TRUE,FALSE,-0.149559,-0.019367,2.654843,12.519976,52.420147,4.43989,-0.016475,-0.001828,-2.470269,0.981154,-5.199627,64.285585,2.697493,1.108954,25.300045,1.230347,0.008227,0.007703,1.68531,-0.547514,-12.271539,1.943473,149456800,-24.146604,-22797747911.804268,-0.158523,48.277167,-8.065883,-4.351539,0,-0.035759,-0.463728,0.087765,0.008227,0.583002
06-03-25,21.32,21.49,21.280001,21.459999,566700,21.2135,21.2878,21.452627,0.010561,-0.021795,-0.000204,TRUE,TRUE,-0.164827,-0.0184,-6.280246,12.082902,55.101371,9.471536,0.006558,0.016964,-2.143188,2.19566,-3.311884,86.075855,3.972867,1.051792,22.730158,1.227979,0.008119,0.007529,1.266796,-0.595218,-12.271539,0.782232,150023500,-55.87136,-22797343130.501816,-0.105782,49.01691,-9.639797,-2.649131,0,-0.039481,-0.512984,0.086772,0.008119,1.084458
06-04-25,21.5,21.52,21.27,21.379999,871500,21.235,21.2714,21.453441,0.010756,-0.021913,-0.000205,TRUE,FALSE,-0.182041,-0.017774,-4.901982,11.771142,53.254591,10.87671,0.018148,0.022843,-2.24052,1.722728,-3.21697,77.922026,2.052498,1.095818,22.132368,1.226232,0.008094,0.007504,1.19933,-0.538882,-12.271539,1.247441,149152000,-37.220862,-22797447719.544479,-0.05757,46.668312,-8.087218,-2.028587,0,-0.035157,-0.457423,0.086626,0.008094,0.655146
06-05-25,21.540001,21.610001,21.469999,21.48,460200,21.2745,21.2564,21.455419,0.011506,-0.021973,-0.000207,TRUE,TRUE,-0.199019,-0.016757,10.88078,11.768327,55.272601,2.852454,0.034999,0.031755,-1.286768,2.942447,-1.365521,84.337219,3.818265,1.050813,18.673015,1.225621,0.008131,0.007583,1.245786,-0.556955,-12.271539,0.700878,149612200,-64.619051,-22797842175.791668,-0.017007,52.101399,-8.295988,-0.942806,0,-0.036615,-0.476669,0.087081,0.008131,1.100517
06-06-25,21.49,21.67,21.49,21.65,1122800,21.309,21.2454,21.458816,0.012358,-0.021972,-0.000208,TRUE,TRUE,-0.213417,-0.015436,22.772227,11.956618,58.548683,3.447311,0.061363,0.046496,-1.366748,2.59031,0.421954,97.752756,3.291987,1.065656,18.92894,1.230168,0.008284,0.007808,1.824709,-0.384681,-12.271539,1.634959,150735000,115.923077,-22796968892.190601,0.009461,61.478057,-7.980927,-1.660848,0,-0.022925,-0.2973,0.088362,0.008284,1.801473
06-09-25,21.639999,21.709999,21.549999,21.67,737900,21.3365,21.2336,21.462741,0.013497,-0.021908,-0.00021,TRUE,TRUE,-0.229141,-0.014202,25.373143,12.261539,58.929822,5.675231,0.082915,0.054438,-0.641905,3.242398,0.16188,95.699024,2.604163,1.061376,20.003349,1.229374,0.008317,0.007879,1.797272,-0.28654,-12.271539,1.068166,151472900,12.381968,-22796599933.394138,0.014508,69.035604,-8.368817,-0.668413,0,-0.015221,-0.1975,0.088764,0.008317,1.667222
06-10-25,21.690001,21.76,21.58,21.620001,463600,21.3545,21.2222,21.466938,0.014655,-0.021801,-0.000212,TRUE,TRUE,-0.244739,-0.012837,10.614561,12.711298,57.506286,2.233685,0.094867,0.053112,-1.413586,3.144133,-1.36758,85.714341,1.693324,1.034096,20.879291,1.227522,0.008101,0.007496,1.773802,-0.455074,-12.271539,0.709416,151009300,-61.682784,-22796857484.58305,0.07137,68.322237,-10.378922,-0.893527,0,-0.02859,-0.371547,0.08658,0.008101,1.271599
06-11-25,21.75,22.030001,21.75,21.969999,829400,21.3735,21.2116,21.47298,0.016098,-0.021628,-0.000214,TRUE,TRUE,-0.261381,-0.010624,27.014245,13.939612,64.052489,5.503806,0.131071,0.071452,0.182394,5.627151,1.682376,95.19989,1.76007,1.098902,24.542705,1.242455,0.008257,0.007593,2.891442,-0.250264,-12.271539,1.232942,151838700,86.256456,-22796383548.989967,0.078817,68.060797,-8.511735,1.278826,0,-0.012419,-0.159394,0.087136,0.008257,2.430455
06-12-25,21.940001,22.02,21.879999,21.969999,796900,21.398,21.2008,21.477171,0.017877,-0.021383,-0.000217,TRUE,TRUE,-0.276371,-0.008488,33.999952,15.080189,64.052489,5.122668,0.157941,0.078658,0.549194,4.624356,0.229145,95.19989,2.281191,1.082646,27.88056,1.242112,0.008284,0.007648,2.77059,-0.202185,-12.271539,1.154819,151838700,77.246441,-22796155871.03054,0.11406,75.553226,-9.462063,-0.202782,0,-0.008621,-0.110678,0.087455,0.008284,2.051607
06-13-25,22.469999,22.77,22.450001,22.65,1622600,21.467,21.2008,21.48367,0.020264,-0.021028,-0.000219,TRUE,TRUE,-0.28287,-0.004994,48.437501,17.69056,73.315247,15.808961,0.231439,0.121725,3.095131,7.619363,3.465794,93.969806,6.488007,1.245665,39.288531,1.302566,0.008462,0.00723,5.294438,0.30703,-12.271539,2.173174,153461300,230.535751,-22795750230.702,0.114317,78.519229,-4.740557,2.805292,0,0.033636,0.411114,0.085032,0.008462,3.011056
06-16-25,22.6,22.67,22.24,22.6,2231300,21.5375,21.218,21.490442,0.022949,-0.020566,-0.00022,TRUE,TRUE,-0.272442,-0.001539,57.024881,19.189052,71.849251,7.796762,0.282396,0.138146,2.16998,6.04251,2.880485,91.457282,6.654081,1.29899,46.114132,1.302869,0.008391,0.007108,5.018707,0.225558,-12.271539,2.698473,151230000,255.98277,-22794245396.786705,0.201801,67.41412,-5.097252,1.562838,0,0.026675,0.325958,0.08431,0.008391,2.304067
06-17-25,22.870001,23.120001,22.76,23.08,1641600,21.6335,21.2606,21.500894,0.026296,-0.019973,-0.00022,TRUE,TRUE,-0.240294,0.002463,68.197938,21.302051,76.671847,12.619358,0.357393,0.170514,4.576349,8.730624,4.974828,98.290559,9.073724,1.374104,56.628315,1.327746,0.008759,0.007446,6.259264,0.760977,-12.271539,1.876608,152871600,140.105309,-22792968604.517811,0.279822,71.525748,-2.821352,3.428383,0,0.073156,0.876607,0.086292,0.008759,2.554376
06-18-25,23.190001,23.27,22.92,23.139999,1790200,21.719,21.311,21.510461,0.030141,-0.019255,-0.000218,TRUE,TRUE,-0.199461,0.006646,75.539547,23.468395,77.197696,3.882449,0.416864,0.183988,4.187305,9.062067,5.658308,94.779073,7.979464,1.432277,65.593563,1.327444,0.008705,0.007354,6.008102,0.740879,-12.271539,1.924367,154661800,163.264706,-22792508276.85202,0.251318,76.687496,-1.679888,3.239068,0,0.071553,0.857583,0.085755,0.008705,2.166371
06-20-25,23.200001,23.32,23.17,23.26,989900,21.812,21.373,21.521813,0.034577,-0.018399,-0.000216,TRUE,TRUE,-0.148813,0.011024,86.861421,25.547875,78.253519,6.404268,0.468281,0.188324,4.539327,10.21943,5.839221,97.156424,8.691592,1.400321,73.53739,1.328647,0.008756,0.007425,5.824836,0.816567,-12.271539,1.060213,155651700,7.376071,-22792310291.817116,0.304203,80.165903,-1.146221,4.190451,0,0.078184,0.936151,0.086167,0.008756,1.969067
06-23-25,23.25,23.280001,22.4,22.4,3334200,21.8675,21.4032,21.530955,0.038712,-0.017454,-0.000214,TRUE,TRUE,-0.127755,0.013884,34.177235,24.800469,57.651068,-19.020779,0.434624,0.123733,1.265817,6.865331,1.096258,55.121931,5.213709,1.572068,73.579091,1.415373,0.007987,0.005443,5.471408,0.100616,-12.271539,3.119894,152317500,425.899054,-22795644491.817116,0.102932,63.069708,-5.204428,0.302607,0,0.016399,0.18411,0.073777,0.007987,0.723711
06-24-25,21.9,21.98,21.77,21.860001,1732000,21.89,21.4278,21.538155,0.042059,-0.016453,-0.000211,TRUE,TRUE,-0.110355,0.01595,11.236006,23.414723,48.938527,-28.259168,0.360224,0.039467,-1.531532,5.242407,-1.551781,28.780506,2.101825,1.748139,72.790261,1.449403,0.007424,0.004487,5.314734,-0.391134,-12.271539,1.52857,150585500,290.002252,-22795891911.399315,0.070923,56.267291,-7.053715,-4.381226,0,-0.03001,-0.328887,0.066984,0.007424,-0.041213
06-25-25,21.790001,21.950001,21.76,21.83,1541900,21.9205,21.4458,21.544969,0.044648,-0.015402,-0.000209,TRUE,TRUE,-0.099169,0.01787,12.820541,22.148456,48.499995,-29.753524,0.295436,-0.020257,-1.799369,5.097972,-0.881742,19.459488,2.87465,1.73091,71.093327,1.448973,0.007414,0.004478,5.126392,-0.35889,-12.271539,1.307864,149043600,146.822475,-22796297682.703838,0.04717,54.308353,-6.505503,-4.439563,0,-0.027135,-0.297458,0.066917,0.007414,-0.127297
06-26-25,21.860001,22.02,21.84,21.91,1288300,21.9585,21.4652,21.553559,0.046698,-0.014299,-0.000206,TRUE,TRUE,-0.088359,0.020466,12.320933,20.803872,49.792008,-7.85906,0.247691,-0.054402,-1.30631,4.812469,-1.326606,22.950825,3.593382,1.711549,68.750717,1.437995,0.007156,0.004238,4.950049,-0.55124,-12.271539,1.061351,150331900,118.134101,-22796583977.659969,0.058349,56.168696,-7.46577,-4.695683,0,-0.044986,-0.497005,0.065097,0.007156,-0.070545
06-27-25,21.870001,21.91,21.73,21.799999,873200,21.9965,21.4834,21.561314,0.048386,-0.013163,-0.000203,TRUE,TRUE,-0.077914,0.022932,4.373169,19.807059,48.008528,-0.93,0.198686,-0.082725,-2.066491,4.206497,-0.889804,14.12429,3.612159,1.716909,65.42677,1.43922,0.007072,0.004131,4.888253,-0.651236,-12.271539,0.704449,149458700,143.366778,-22796778026.216743,0.053258,51.377969,-8.094012,-4.465577,0,-0.054316,-0.599596,0.064274,0.007072,-0.300337
06-30-25,21.809999,21.870001,21.76,21.809999,1184000,22.043,21.4966,21.570591,0.049608,-0.011999,-0.0002,TRUE,TRUE,-0.073991,0.025691,4.093552,18.881448,48.190213,-0.309782,0.158825,-0.098069,-1.712488,3.659689,-1.015218,13.218366,4.454025,1.699747,60.167407,1.436627,0.006909,0.003958,4.830437,-0.758503,-12.271539,0.926596,150642700,182.510141,-22796885684.976627,0.046589,52.431001,-10.079212,-5.285811,0,-0.064272,-0.71081,0.062913,0.006909,-0.387253
07-01-25,21.84,21.940001,21.780001,21.93,585700,22.0735,21.5078,21.579565,0.050356,-0.010797,-0.000198,TRUE,TRUE,-0.071765,0.027151,8.882507,17.821998,50.428812,0.636804,0.135358,-0.097229,-2.533332,4.528126,-0.982533,12.578663,2.861166,1.683931,57.809382,1.34079,0.000311,0.000018,4.702933,0.088648,-12.271539,0.474945,151228400,-60.364079,-22796373199.222153,0.055738,52.719667,97.466668,,,0.003132,0.037043,0.004242,0.000311,-0.248229
07-02-25,22.030001,22.33,21.969999,22.290001,325600,22.115,21.5298,21.588394,0.050989,-0.009544,-0.000195,TRUE,TRUE,-0.058594,0.027852,9.142898,17.26936,56.501027,8.4925,0.144148,-0.070751,-0.97734,5.740043,1.076176,35.220209,3.867669,1.65353,56.128149,1.267889,0.000071,0.000001,4.600302,1.194591,-12.271539,0.266636,151554000,-42.544556,-22796119952.860943,0.050083,51.561229,-8.055729,-3.431423,0,0.065048,0.817143,0.001046,0.000071,0.311788
07-03-25,22.33,22.370001,22.23,22.280001,202000,22.16,21.5496,21.596983,0.051249,-0.008245,-0.000192,TRUE,TRUE,-0.047383,0.027903,8.831943,16.851137,56.294738,8.104525,0.148594,-0.053044,-1.633549,4.748473,-0.257291,34.591264,4.209549,1.654272,53.470112,1.248635,0.000197,0.000009,4.498191,1.537273,-12.271539,0.170082,151352000,-76.821572,-22796177665.180939,0.053469,50.110752,-8.247871,-5.97462,0,0.091829,1.171192,0.002931,0.000197,0.224426
07-07-25,22.139999,22.309999,22.110001,22.26,413100,22.199,21.5722,21.604712,0.051299,-0.006919,-0.000189,TRUE,TRUE,-0.032512,0.027049,-13.684178,16.100045,55.855498,5.426686,0.148788,-0.04228,2.391906,4.116001,-0.473717,33.333373,3.631288,1.463228,51.038581,1.209815,0.000359,0.00003,4.589412,2.054834,-12.271539,0.348516,150938900,-10.234681,-22795971113.211113,0.078927,44.47241,-8.236171,-5.942315,0,0.129248,1.701702,0.005512,0.000359,0.119518
07-08-25,22.26,22.43,22.23,22.33,557200,22.233,21.5924,21.612079,0.050989,-0.005577,-0.000186,TRUE,TRUE,-0.019679,0.02743,-9.407672,15.71565,57.116638,0.615611,0.152829,-0.030591,6.587108,3.427512,-0.708614,37.735869,3.140879,1.385069,49.428414,1.122202,-0.001123,0.000347,4.650751,1.43569,-12.271539,0.481578,151496100,-50.374065,-22795971113.211113,0.043118,52.404067,-8.75169,-5.502021,0,0.067471,0.963173,-0.018634,-0.001123,0.196243
07-09-25,22.24,22.35,22.200001,22.290001,577300,22.264,21.6112,21.619911,0.050167,-0.004211,-0.000183,TRUE,TRUE,-0.008711,0.027225,-32.510218,15.260328,56.129863,-0.164875,0.151062,-0.025886,8.098933,3.770956,-1.26159,35.220209,2.861102,1.268988,47.622858,1.108632,-0.001147,0.000372,4.777962,1.707542,-12.271539,0.502437,150918800,-21.764467,-22795855650.274807,0.032388,45.218789,-9.154722,-4.624398,0,0.085824,1.240116,-0.019279,-0.001147,0.054597
07-10-25,22.17,22.24,22.139999,22.219999,347400,22.294,21.631,21.625542,0.048663,-0.002835,-0.000179,TRUE,TRUE,0.005458,0.027321,-37.704854,14.633709,54.359846,-1.495652,0.142373,-0.027661,10.218251,3.252783,-0.229085,30.817593,2.775201,1.208694,45.179646,1.096408,-0.00162,0.00076,4.923198,1.299882,-12.271539,0.303886,150571400,-25.064711,-22795647212.925247,0.052934,36.785848,-9.46779,-5.906793,0,0.053777,0.7873,-0.027567,-0.00162,-0.163792
07-11-25,22.32,22.51,22.32,22.51,329700,22.321,21.662,21.632623,0.046432,-0.001439,-0.000174,TRUE,TRUE,0.029377,0.027838,-28.735583,14.801745,59.988951,2.872313,0.157076,-0.010366,7.754911,4.116556,1.767126,50.322588,2.457901,1.228027,44.753009,1.107246,-0.001431,0.000579,2.02754,1.587603,-12.271539,0.294848,150901100,-60.248372,-22795317512.925247,0.047667,33.434133,-5.6968,-5.011858,0,0.076031,1.100545,-0.024066,-0.001431,0.422318
07-14-25,22.52,22.52,22.309999,22.32,562500,22.3385,21.697,21.638706,0.043413,-0.000057,-0.00017,TRUE,TRUE,0.058294,0.027872,-4.123698,14.957779,55.186477,-0.943386,0.151649,-0.012635,8.191956,3.4291,0.908139,74.683477,1.593083,1.024067,43.985972,1.113372,-0.00155,0.000673,2.035866,1.43503,-12.271539,0.508367,150338600,-29.413979,-22795826440.523544,0.014886,42.546604,-9.465274,-5.728678,0,0.065202,0.93874,-0.025937,-0.00155,-0.04206
07-15-25,22.299999,22.41,22.26,22.280001,494700,22.32,21.7292,21.642833,0.039805,0.001295,-0.000164,TRUE,TRUE,0.086367,0.028201,29.166584,14.905929,54.202706,-0.15714,0.142478,-0.017444,6.450073,0.54152,0.382637,69.620317,-1.633549,0.87202,43.380812,1.104055,-0.001778,0.000902,1.90361,1.105936,-12.271539,0.471102,149843900,-69.511894,-22796189217.168636,-0.020902,48.128248,-7.721986,-9.426489,0,0.039896,0.580148,-0.030039,-0.001778,-0.092205
07-16-25,22.190001,22.34,22.120001,22.309999,313600,22.3055,21.7602,21.648012,0.03582,0.002608,-0.000157,TRUE,TRUE,0.112188,0.02889,33.333245,14.316903,54.852734,-5.136218,0.136062,-0.019088,6.542497,-0.044804,0.906225,73.417627,-1.28319,0.880452,42.877396,1.097051,-0.00195,0.001101,1.740196,0.894605,-12.271539,0.328651,150157500,-85.945413,-22795961146.665874,-0.089905,55.354079,-7.012525,-11.409265,0,0.023727,0.347616,-0.033185,-0.00195,0.010494
07-17-25,22.280001,22.49,22.280001,22.49,203300,22.276,21.7972,21.65504,0.031774,0.0039,-0.000149,TRUE,TRUE,0.14216,0.029516,37.662264,14.243672,58.645603,3.459126,0.143844,-0.009045,7.659169,0.806814,2.468297,96.202449,-2.556326,0.879757,39.134586,1.094266,-0.001662,0.000803,1.587879,1.295611,-12.271539,0.230423,150360800,-87.615741,-22795757846.665874,-0.158068,48.495793,-6.086174,-11.638184,0,0.053146,0.779695,-0.028338,-0.001662,0.54683
07-18-25,22.719999,22.809999,22.52,22.530001,762500,22.2455,21.8288,21.661746,0.027677,0.005169,-0.00014,TRUE,TRUE,0.167054,0.030305,49.659857,15.044811,59.460672,5.257966,0.151492,-0.001117,6.524828,-0.617554,2.917635,73.33343,-2.636122,0.92258,34.099673,1.093253,-0.001747,0.000888,1.414622,1.225646,-12.271539,0.917674,151123300,-57.406994,-22796467759.075523,-0.238263,60.386673,-6.842055,-11.64408,0,0.047747,0.70135,-0.029804,-0.001747,0.834321
07-21-25,22.469999,22.549999,22.41,22.48,500600,22.2065,21.8646,21.668439,0.023699,0.006419,-0.00013,TRUE,TRUE,0.196161,0.030672,44.370747,15.34617,57.923846,3.071112,0.15177,-0.000672,5.194191,-0.39876,2.689229,67.961134,-3.353399,0.934164,25.179942,1.088387,-0.001632,0.000782,1.129243,1.359868,-12.271539,0.620753,150622700,-49.429235,-22796467759.075523,-0.257767,48.032171,-7.59645,-11.020738,0,0.057232,0.844299,-0.027967,-0.001632,1.08618
07-22-25,22.379999,22.469999,22.35,22.440001,334000,22.2085,21.8942,21.673081,0.020033,0.007651,-0.000119,TRUE,TRUE,0.221119,0.031221,35.664296,15.385849,56.662186,-1.983417,0.147066,-0.0043,5.899009,-0.133506,3.267812,55.952516,0.178576,0.92628,25.356992,1.084008,-0.001861,0.001027,0.883178,1.102464,-12.271539,0.508813,150288700,-89.982605,-22796300753.766689,-0.049987,40.289914,-7.854504,-9.893705,0,0.037885,0.561774,-0.032053,-0.001861,0.912965
07-23-25,22.370001,22.41,22.309999,22.379999,438200,22.2345,21.9194,21.676522,0.01658,0.008856,-0.000107,TRUE,TRUE,0.242878,0.031659,7.964426,15.258456,54.736187,-4.724485,0.136919,-0.011558,5.119766,0.089439,4.405657,38.571285,2.378767,0.842589,24.236732,1.084972,-0.001933,0.001106,0.854758,1.001967,-12.271539,0.740528,149850500,-74.699769,-22796125478.781471,-0.019736,34.171048,-7.13766,-8.914571,0,0.030619,0.453762,-0.03326,-0.001933,0.600325
07-24-25,22.379999,22.43,22.26,22.4,347300,22.263,21.9422,21.678496,0.013499,0.010039,-0.000095,TRUE,TRUE,0.263704,0.03187,10.526193,14.929102,55.281832,-2.642014,0.129004,-0.015578,6.010414,0.268574,4.222021,41.428497,2.611084,0.851403,22.520415,1.081648,-0.00181,0.000975,0.816361,1.164389,-12.271539,0.652807,150197800,-77.475841,-22795900758.002602,0.037304,30.109284,-5.448633,-8.575027,0,0.042237,0.627638,-0.031227,-0.00181,0.608335
07-25-25,22.34,22.360001,22.17,22.17,381900,22.276,21.9538,21.679035,0.010688,0.011193,-0.000082,TRUE,TRUE,0.274765,0.031181,-6.666667,14.243904,48.100855,-8.561331,0.102986,-0.033278,3.986869,-0.404313,4.117637,7.246281,1.186674,0.869902,21.079812,1.076852,-0.001768,0.000939,0.863847,1.229771,-12.271539,0.784688,149815900,-70.356283,-22796282658.002602,0.030956,30.260433,-6.881671,-9.125003,0,0.046602,0.695624,-0.030646,-0.001768,-0.502851
07-28-25,22.360001,22.4,22.27,22.4,373300,22.306,21.9722,21.679205,0.008428,0.012324,-0.000068,TRUE,TRUE,0.292995,0.030141,4.635735,13.759505,54.47003,-0.266157,0.099774,-0.029191,4.918029,0.583741,5.24472,40.579614,2.752295,0.870536,17.9924,1.052161,-0.001314,0.000543,0.844823,1.987387,-12.271539,0.808542,150189200,-57.249198,-22795909358.002602,0.094074,28.121033,-5.629316,-7.653896,0,0.09806,1.496691,-0.023302,-0.001314,0.52244
07-29-25,22.389999,22.73,22.379999,22.690001,480300,22.35,22.0006,21.683436,0.007066,0.013445,-0.000054,TRUE,TRUE,0.317164,0.029645,22.727199,14.409217,60.973429,5.691597,0.119255,-0.007768,6.877066,3.465573,6.370045,82.608816,4.034851,0.92237,15.857921,1.061704,-0.001157,0.000412,1.398461,2.171,-12.271539,1.126117,150669500,-59.434122,-22795538838.017971,0.157892,36.802923,-3.575245,-5.33578,0,0.112525,1.700058,-0.020297,-0.001157,2.144042
07-30-25,22.59,22.75,22.440001,22.639999,1038500,22.3855,22.0296,21.688366,0.00623,0.014555,-0.000038,TRUE,TRUE,0.341234,0.029106,24.137886,15.071706,59.398066,11.297211,0.129171,0.001718,8.015269,3.143502,7.233269,75.362259,3.23757,0.974886,13.770579,1.062208,-0.001276,0.000501,1.285567,2.006629,-12.271539,2.312145,149631000,77.309203,-22795237343.377014,0.126445,48.803959,-1.44272,-4.493483,0,0.100797,1.522876,-0.022378,-0.001276,1.848138
07-31-25,22.450001,22.52,22.360001,22.450001,656700,22.3935,22.0554,21.69021,0.005695,0.015632,-0.000022,TRUE,TRUE,0.36519,0.027948,-3.658501,15.296206,53.718454,-0.751576,0.12031,-0.005714,9.139529,2.091864,6.81363,47.826171,0.71781,0.979954,13.650816,1.065772,-0.001314,0.000528,1.299094,1.935083,-12.271539,1.41012,148974300,101.689189,-22795155253.919895,0.103574,41.702233,-0.232865,-4.957758,0,0.096165,1.448054,-0.022976,-0.001314,0.4139
08-01-25,22.450001,22.450001,22.059999,22.09,505900,22.384,22.0686,21.690159,0.005317,0.016663,-0.000006,TRUE,TRUE,0.37844,0.026625,-12.707147,14.225219,44.94847,-16.024959,0.083279,-0.034196,6.86986,0.363471,5.434152,4.000092,-0.852785,1.054128,15.069665,1.07417,-0.001746,0.000921,1.413214,1.155046,-12.271539,1.051986,148468400,150.445545,-22795583321.628101,0.061795,42.072154,-1.411468,-4.301206,0,0.041168,0.61628,-0.030341,-0.001746,-1.950938
08-04-25,21.940001,22.120001,21.91,22.01,558300,22.3715,22.0808,21.691418,0.005038,0.017635,0.000011,FALSE,TRUE,0.389382,0.024667,-14.594601,13.72798,43.258355,-16.139711,0.046936,-0.056432,6.021195,0.182071,2.679563,11.111158,-1.123091,1.077432,17.058028,1.061574,0.000436,0.000087,1.550963,1.387797,-12.271539,1.143682,147910100,35.148874,-22795609907.825321,0.036997,41.731826,106.021195,100.182071,,0.064331,0.974115,0.00931,0.000436,-2.119235
08-05-25,21.940001,21.959999,21.82,21.82,225300,22.346,22.0914,21.693814,0.004673,0.018537,0.000028,FALSE,TRUE,0.397586,0.022781,-24.378049,13.574122,39.463088,-14.255366,0.00277,-0.080478,5.717056,-1.445346,3.025111,0,-2.283924,1.076993,21.05482,1.057055,0.000193,0.000017,1.804238,0.851037,-12.271539,0.477771,147684800,-59.565686,-22795835207.825321,0.01441,42.293766,-3.994956,-10.602016,0,0.041312,0.627949,0.004159,0.000193,-2.498242
08-06-25,22.040001,22.120001,21.719999,21.77,530000,22.32,22.0986,21.696245,0.004255,0.01937,0.000045,FALSE,TRUE,0.402354,0.021037,-38.297775,12.780048,38.505694,-6.442776,-0.035853,-0.095281,3.91408,-1.936938,4.713399,4.58726,-2.332887,1.141808,24.681123,1.053822,-0.000007,0,2.091429,0.604465,-12.271539,1.129582,147154800,-8.193314,-22796232705.298096,-0.040181,44.838205,-7.721473,-12.94726,0,0.022871,0.348977,-0.000151,-0.000007,-2.228422
08-07-25,21.889999,21.959999,21.83,21.84,332800,22.301,22.111,21.698884,0.003956,0.020128,0.000063,FALSE,TRUE,0.412116,0.019609,-36.125649,12.042693,40.675645,-2.58271,-0.060121,-0.095639,5.558239,-0.997277,5.242313,11.650559,-1.710167,1.095631,26.858103,1.051409,-0.000097,0.000004,2.311051,0.51996,-12.271539,0.710398,147487600,-4.202648,-22796514303.795681,-0.092545,41.161524,-4.422264,-9.950193,0,0.016415,0.251147,-0.002117,-0.000097,-1.716427
08-08-25,21.91,22,21.76,21.84,536700,22.2675,22.1248,21.702093,0.003594,0.020802,0.000081,FALSE,TRUE,0.422707,0.018708,-34.408558,11.63537,40.675645,1.212558,-0.078449,-0.091173,4.198479,-1.042137,6.116097,11.650559,-2.976455,1.128336,28.256107,1.032759,-0.000393,0.000076,2.506427,0.1317,-12.271539,1.12088,147487600,62.784349,-22796693203.795681,-0.143654,41.02918,-5.295886,-10.107119,0,-0.012343,-0.192714,-0.008713,-0.000393,-1.512947
08-11-25,21.84,21.91,21.790001,21.870001,220800,22.245,22.1414,21.705119,0.003267,0.021391,0.0001,FALSE,TRUE,0.436281,0.017656,-30.810756,11.257142,41.698235,3.19254,-0.089521,-0.081797,3.551136,-0.951083,5.290552,14.563245,-2.016124,1.123522,29.57683,1.030465,-0.000269,0.000036,2.669897,0.298078,-12.271539,0.478196,147708400,-60.746667,-22796619601.455978,-0.085889,41.770451,-5.792083,-10.543081,0,-0.000354,-0.005536,-0.00597,-0.000269,-1.267882
08-12-25,21.82,21.83,21.76,21.780001,201100,22.22,22.1594,21.705844,0.002432,0.021881,0.000119,FALSE,TRUE,0.453556,0.016078,-31.914794,11.035738,39.498619,-1.177027,-0.104355,-0.077305,2.44591,-2.767852,3.907456,5.825372,-2.244165,1.121606,31.326786,1.023602,-0.000139,0.00001,2.853757,0.446405,-12.271539,0.449833,147507300,-59.3491,-22796705784.039085,-0.057774,43.365195,-6.275907,-11.797629,0,0.010247,0.161435,-0.003108,-0.000139,-1.404547
08-13-25,21.809999,21.82,21.620001,21.75,527100,22.192,22.168,21.707037,0.001118,0.022265,0.000139,FALSE,TRUE,0.460963,0.014288,-34.391491,11.413008,38.764551,-1.911095,-0.117181,-0.072105,0.741083,-3.63314,3.156985,11.504359,-2.510083,1.133005,32.941084,1.022403,-0.000093,0.000004,3.041901,0.508614,-12.271539,1.151552,146980200,68.080357,-22796547654.541771,-0.064067,42.267244,-7.985983,-12.836659,0,0.014665,0.231287,-0.002094,-0.000093,-1.34179
08-14-25,21.790001,21.85,21.73,21.84,394300,22.1595,22.1756,21.708726,-0.000955,0.022551,0.000159,FALSE,TRUE,0.466874,0.012563,-18.857118,11.596398,42.232968,0.534734,-0.118716,-0.058911,1.675981,-2.150536,2.157946,19.46898,-2.890172,1.09236,33.052539,1.023166,-0.000855,0.000249,3.143311,0.651846,-12.271539,0.84382,147374500,93.949828,-22796219072.252968,-0.049352,48.136089,-6.353457,-11.49017,0,0.021957,0.345951,-0.015772,-0.000855,-0.966643
08-15-25,21.709999,21.83,21.709999,21.77,192700,22.1215,22.1834,21.709306,-0.003878,0.022731,0.000179,FALSE,TRUE,0.474094,0.011143,-39.622537,11.854059,40.320089,0.82147,-0.124149,-0.051475,2.350729,-2.942487,2.789035,13.274312,-3.373281,1.063062,32.937365,1.011645,-0.000914,0.000284,3.307268,0.241736,-12.271539,0.439162,147181800,-74.727869,-22796219069.190105,0.028338,43.652694,-4.64314,-11.533061,0,0.015853,0.251745,-0.016845,-0.000914,-1.067176
08-18-25,21.65,21.860001,21.610001,21.790001,658700,22.087,22.1896,21.712882,-0.007723,0.0228,0.0002,FALSE,TRUE,0.476718,0.009686,-68.181707,12.524083,41.140406,2.375855,-0.125395,-0.042177,2.831526,-2.896611,3.533159,15.789509,-3.069389,1.029306,32.59656,1.011423,-0.000882,0.000264,3.273319,0.302442,-12.271539,1.474608,147840500,31.582101,-22795929239.581951,0.060278,35.124165,-3.866721,-12.383007,0,0.019974,0.317239,-0.016259,-0.000882,-0.911137
08-19-25,21.700001,21.709999,21.59,21.620001,379700,22.046,22.189,21.715798,-0.011942,0.022752,0.000222,FALSE,FALSE,0.473203,0.007743,-70.833206,13.231134,36.542636,-5.690332,-0.138504,-0.044229,2.173918,-5.050503,1.898101,3.225879,-3.654188,1.001058,33.076284,1.014451,-0.00092,0.000286,2.704499,0.232122,-12.271539,0.845695,147460800,13.682635,-22796119083.54673,0.020231,21.164243,,-13.731659,0,0.015253,0.241504,-0.01691,-0.00092,-1.28793
08-20-25,21.77,21.870001,21.75,21.860001,443800,22.02,22.1928,21.718584,-0.015877,0.022593,0.000244,FALSE,TRUE,0.474216,0.006378,-39.597281,12.881783,45.758876,5.438787,-0.128051,-0.027021,2.006534,-4.749456,3.678701,31.39538,-2.323497,0.980265,32.348413,1.021743,-0.00081,0.000218,1.266328,0.371964,-12.271539,0.987847,147904600,1.277955,-22795749251.389057,0.041872,29.786687,-4.627375,-13.912981,0,0.02505,0.393566,-0.014767,-0.00081,-0.494614
08-21-25,21.860001,22.02,21.83,21.99,546000,21.9995,22.2002,21.721308,-0.019333,0.022331,0.000266,FALSE,TRUE,0.478892,0.004879,-7.936537,12.171144,49.995278,8.854872,-0.108031,-0.005601,2.75701,-4.308093,4.861824,75.471528,-1.830356,0.909505,31.088103,1.01685,-0.000464,0.000072,0.941745,0.75939,-11.032657,1.189037,148450600,57.212784,-22795375675.903439,0.057174,39.156748,-5.500718,-14.46843,0,0.051754,0.816962,-0.008508,-0.000464,-0.03056
08-22-25,21.969999,22.120001,21.969999,22.08,252200,21.995,22.2024,21.725622,-0.022252,0.021955,0.000289,FALSE,TRUE,0.476778,0.003366,5.511785,11.993217,52.746884,16.204248,-0.083936,0.014796,3.710657,-2.559576,5.721741,92.452667,-0.405955,0.886388,30.892839,1.016469,-0.000318,0.000034,1.22713,0.952069,-10.993377,0.55709,148702800,-33.96177,-22795257984.28043,0.113171,46.058405,-5.345371,-15.185016,0,0.064997,1.026245,-0.005829,-0.000318,0.275144
08-25-25,22.129999,22.26,22.110001,22.190001,162400,21.9845,22.2068,21.728682,-0.024425,0.021468,0.000313,FALSE,TRUE,0.478118,0.001795,31.092494,12.439982,55.938229,10.179353,-0.055326,0.034724,3.643161,-1.72719,6.782351,89.552286,-0.937496,0.878775,29.780724,1.014833,-0.000163,0.000009,1.629446,1.219077,-10.993377,0.367284,148865200,-56.496116,-22795247157.338425,0.074882,49.645376,-4.80537,-13.639302,0,0.083074,1.313638,-0.002988,-0.000163,0.690044
08-26-25,22.049999,22.120001,21.99,22.02,236300,21.951,22.1942,21.730227,-0.025898,0.020854,0.000338,FALSE,TRUE,0.463973,-0.00039,19.083949,12.17479,50.28589,0.290613,-0.045842,0.035367,3.770034,-1.388265,6.06117,64.179143,-2.952843,0.820683,24.774547,1.014914,-0.000201,0.000014,1.56241,1.217508,-10.993377,0.54958,148628900,-50.801582,-22795374394.199837,0.019123,42.061645,-3.819564,-13.780348,0,0.08285,1.309988,-0.003696,-0.000201,0.278512
08-27-25,22,22.1,21.98,22.040001,565600,21.921,22.183,21.733059,-0.026639,0.02016,0.000363,FALSE,TRUE,0.449941,-0.001859,15.87305,11.872826,50.91431,-1.832574,-0.036293,0.035932,4.208044,-0.451664,4.297606,67.164285,-2.65017,0.797253,18.937293,0.979888,-0.000644,0.00015,1.515276,0.716573,-10.993377,1.392006,149194500,-45.536832,-22795374385.20993,-0.016864,33.922437,-3.783946,-12.82131,0,0.046597,0.765073,-0.012267,-0.000644,0.628392
08-28-25,22.059999,22.25,21.99,22.18,147000,21.9075,22.165,21.7355,-0.026748,0.019436,0.000388,TRUE,TRUE,0.4295,-0.002901,24.285699,12.275258,55.184699,-0.75353,-0.017231,0.043996,5.418248,0.045107,3.886715,88.059714,-1.202675,0.798662,15.64364,0.979671,-0.000648,0.000152,1.455508,0.710939,-10.993377,0.385994,149341500,-77.615349,-22795306538.641319,-0.019862,39.612228,-2.719424,-12.987311,0,0.046213,0.758952,-0.012348,-0.000648,1.741922
08-29-25,22.23,22.23,22.15,22.209999,447500,21.9135,22.1464,21.739751,-0.02619,0.018705,0.000414,TRUE,TRUE,0.406649,-0.00407,24.285596,12.648944,56.066699,5.780808,0.000294,0.049216,6.369732,0.954541,4.53853,92.537143,0.543227,0.784719,16.582393,0.978063,-0.000567,0.000117,1.476525,0.849536,-10.993377,1.184129,149789000,-11.543783,-22795082793.975941,0.066222,46.620123,-2.515867,-11.360905,0,0.055254,0.908913,-0.010821,-0.000567,1.788034
09-02-25,22.41,22.59,22.34,22.57,630100,21.9415,22.1326,21.747512,-0.024723,0.018013,0.00044,TRUE,TRUE,0.385088,-0.004526,47.305328,14.317239,64.975159,14.060849,0.042739,0.073329,5.863039,3.247937,7.530266,97.999954,2.544296,0.857651,22.105645,0.99719,-0.000362,0.000046,2.76347,1.1392,-10.993377,1.651617,150419100,12.860469,-22794553512.283436,0.138451,54.454841,-2.142665,-10.80135,0,0.07582,1.221519,-0.006772,-0.000362,2.843162
09-03-25,22.5,22.52,22.34,22.370001,820100,21.969,22.132,21.754842,-0.022618,0.01732,0.000467,TRUE,TRUE,0.377158,-0.005081,33.69573,15.86637,57.945453,2.760755,0.059552,0.072114,4.240456,2.006386,5.385795,78.000069,2.520629,0.874899,23.865615,1.000629,-0.000689,0.000165,2.59808,0.691723,-10.993377,1.994188,149599000,264.003551,-22795100239.823383,0.089359,51.545135,-4.404277,-14.783017,0,0.045804,0.735535,-0.012856,-0.000689,1.680244
09-04-25,22.200001,22.25,22.139999,22.209999,414400,21.991,22.139,21.761704,-0.020043,0.016634,0.000494,TRUE,TRUE,0.377296,-0.005906,19.371673,16.078459,53.004774,-3.061925,0.059282,0.057475,3.882133,1.554633,5.815115,61.999893,2.021124,0.916578,23.962448,1.005598,-0.000852,0.00025,2.486868,0.475815,-10.993377,1.022036,149184600,-21.811321,-22794987226.867355,0.153586,44.702779,-5.913304,-14.660212,0,0.031352,0.500923,-0.015803,-0.000852,0.913925
09-05-25,22.139999,22.139999,21.969999,22.030001,419100,22.0005,22.143,21.767761,-0.017137,0.015933,0.000522,FALSE,TRUE,0.375239,-0.007139,12.871308,15.396115,48.042078,-16.933081,0.044036,0.033783,2.560527,1.240811,7.088664,44.000053,0.869966,0.959732,23.707571,1.011072,-0.000961,0.000315,2.386627,0.321542,-10.993377,1.022744,148765500,25.93149,-22795110484.934875,0.171289,43.035271,-7.590152,-16.630571,0,0.020993,0.333547,-0.017738,-0.000961,0.124434
09-08-25,22.200001,22.209999,22.08,22.18,316400,22.0175,22.1484,21.77509,-0.014066,0.015226,0.00055,TRUE,TRUE,0.37331,-0.007557,18.139526,15.055736,52.069446,-5.876007,0.043555,0.026642,2.44804,1.047834,8.619814,59.000015,1.556777,0.930699,23.715117,0.993284,-0.00116,0.000476,2.248593,0.077457,-10.993377,0.79345,149081900,-41.04714,-22794940110.704788,0.219815,50.97769,-7.161309,-15.811273,0,0.004152,0.06724,-0.021808,-0.00116,0.685217
09-09-25,22.32,22.379999,22.23,22.24,252700,22.036,22.1572,21.780346,-0.010709,0.014518,0.000579,TRUE,TRUE,0.376854,-0.007888,30.392148,15.397349,53.618119,0.613346,0.047469,0.024444,2.630363,1.971574,8.661058,58.333295,1.69181,0.928187,23.945968,0.993802,-0.001111,0.000436,1.985797,0.149434,-10.993377,0.631182,149334600,14.447464,-22795159116.514587,0.182396,56.522176,-7.490162,-16.657867,0,0.008976,0.145275,-0.020884,-0.001111,0.851916
09-10-25,22.280001,22.42,22.27,22.389999,282100,22.0665,22.1688,21.78602,-0.006998,0.013805,0.000609,TRUE,TRUE,0.38278,-0.006836,27.179467,15.860243,57.330027,9.28795,0.06196,0.031148,3.56151,2.097579,10.885426,73.684118,2.800729,0.899637,24.394267,0.912906,-0.001454,0.000896,1.811622,-0.538874,-10.993377,0.697559,149616700,40.278468,-22794989859.384266,0.212152,55.31757,-6.532877,-17.867139,0,-0.033884,-0.601018,-0.029934,-0.001454,1.326128
09-11-25,22.18,22.280001,22.15,22.219999,251100,22.09,22.1746,21.790891,-0.003162,0.013069,0.000639,TRUE,TRUE,0.383709,-0.006132,11.557778,15.628838,52.228502,0.159056,0.059045,0.022587,1.137915,1.322385,9.733973,40.322526,2.160916,0.922593,23.429594,0.917598,-0.001573,0.001038,1.72686,-0.691394,-10.993377,0.642841,149365600,-52.361981,-22794970547.400345,0.201877,48.013265,-9.397319,-18.822925,0,-0.04355,-0.768411,-0.032216,-0.001573,0.55485
09-12-25,22.389999,22.459999,22.33,22.35,300700,22.1155,22.1758,21.795653,0.000679,0.012325,0.00067,TRUE,TRUE,0.380147,-0.004381,13.300523,16.096061,55.490286,1.872167,0.06646,0.024001,1.729636,2.288329,12.003795,61.290412,2.335166,0.945989,23.340638,0.877157,-0.001826,0.001544,1.647193,-1.187423,-10.993377,0.779157,149666300,-23.73827,-22795178721.608425,0.134785,48.533042,-8.056789,-18.489097,0,-0.07093,-1.31494,-0.039298,-0.001826,1.004686
09-15-25,22.5,22.57,22.48,22.549999,267000,22.1545,22.1812,21.80132,0.004543,0.011581,0.000702,TRUE,TRUE,0.37988,-0.002159,16.981095,16.902932,60.013667,2.68364,0.087466,0.036006,-0.441503,2.639963,11.993749,93.548248,3.582907,0.950269,23.776279,0.884753,-0.001691,0.0013,1.584717,-0.987373,-10.993377,0.685239,149933300,38.557343,-22795030390.789963,0.152534,49.575627,-11.274183,-16.87722,0,-0.059521,-1.0928,-0.036049,-0.001691,1.663419
09-16-25,22.690001,22.790001,22.67,22.780001,195800,22.204,22.1916,21.809656,0.00852,0.010855,0.000735,TRUE,TRUE,0.381944,0.000675,34.862421,18.307045,64.48382,12.255318,0.121274,0.055851,0.796462,2.983724,10.990537,98.780462,4.543367,0.953217,25.990667,0.892445,-0.001615,0.001162,2.252844,-0.830225,-10.993377,0.534243,150129100,-70.274784,-22794867224.641987,0.144886,53.654249,-9.37658,-15.195847,0,-0.050625,-0.920585,-0.034091,-0.001615,2.216182
09-17-25,22.709999,22.74,22.5,22.540001,448000,22.25,22.1958,21.816792,0.01233,0.01013,0.000768,TRUE,TRUE,0.379009,0.001686,20.833353,18.683357,57.28713,1.796844,0.127235,0.04945,-2.339684,2.129593,9.618378,69.512255,4.255319,1.01407,23.090207,0.764432,-0.001078,0.000725,2.097818,-0.054224,-10.993377,1.211089,149681100,17.987885,-22795165887.748264,0.12884,54.738139,-12.862062,-16.568901,0,-0.003273,-0.070421,-0.026925,-0.001078,1.255947
09-18-25,22.549999,22.58,22.389999,22.440001,190700,22.279,22.1988,21.823997,0.015838,0.0094,0.000802,TRUE,TRUE,0.374803,0.001609,11.016965,18.484271,54.555055,-5.458612,0.122478,0.035754,-3.02506,1.035576,8.331819,57.31711,2.653248,0.996308,21.523306,0.698008,-0.000684,0.000357,2.016044,0.686213,-10.993377,0.533785,149490400,-57.030194,-22795256217.312084,0.069002,51.476099,-14.021467,-16.473204,0,0.031947,0.760373,-0.018899,-0.000684,0.748028
09-19-25,22.35,22.41,22.25,22.26,205000,22.2925,22.1996,21.830207,0.018825,0.008663,0.000837,TRUE,TRUE,0.369393,0.001154,1.992077,17.649656,49.93841,-14.54541,0.102996,0.013018,-4.299226,0.044945,6.729149,35.365896,1.227833,1.039662,20.434425,0.706197,-0.000845,0.000532,1.997351,0.429153,-10.993377,0.602569,149285400,-62.454212,-22795435591.701138,-0.008806,45.053842,-16.686303,-18.731954,0,0.019972,0.469313,-0.023072,-0.000845,-0.159045
09-22-25,22.17,22.27,22.16,22.26,325700,22.3015,22.1946,21.837177,0.021429,0.007936,0.000873,TRUE,TRUE,0.357423,0.000811,-14.418582,16.481498,49.93841,-7.34872,0.086559,-0.002735,-0.624997,0.632909,7.413621,35.365896,0.815219,0.953023,19.836898,0.704865,-0.00092,0.000634,2.073863,0.292408,-10.993377,0.947119,149285400,29.143537,-22795169110.909767,0.012922,34.50467,-13.057016,-19.073738,0,0.013405,0.315749,-0.025171,-0.00092,-0.209206
09-23-25,22.34,22.5,22.34,22.49,318500,22.3165,22.198,21.84411,0.023621,0.007252,0.000909,TRUE,TRUE,0.35389,0.000639,5.504537,16.272568,55.51682,0.961765,0.091042,0.001398,2.881972,1.306302,6.61868,63.414566,1.351957,0.946453,20.082131,0.713084,-0.000686,0.000343,2.045797,0.858678,-10.993377,0.905627,149603900,96.12069,-22794890424.358971,0.050717,46.289701,-8.435057,-16.157858,0,0.040642,0.944031,-0.018511,-0.000686,0.863951
09-24-25,22.559999,22.66,22.52,22.639999,309300,22.3475,22.2052,21.852363,0.025227,0.006615,0.000946,TRUE,TRUE,0.352837,0.000692,19.815699,16.604249,58.7455,8.807089,0.105483,0.012671,3.710488,1.844354,7.329785,81.707167,2.815617,0.921252,20.049604,0.717452,-0.000585,0.000245,1.940373,1.082489,-10.993377,0.870434,149913200,30.892933,-22794669498.195484,0.099186,55.064748,-8.2354,-15.369857,0,0.051677,1.191766,-0.015662,-0.000585,1.458878
09-25-25,22.65,22.799999,22.58,22.799999,1415100,22.3855,22.215,21.861558,0.026306,0.006032,0.000984,TRUE,TRUE,0.353442,0.001164,35.813892,17.331764,61.920437,11.982027,0.128358,0.028437,4.062069,2.702696,8.039678,100,3.448268,0.908521,21.089965,0.719528,0.003895,0.005507,1.804574,1.136913,-10.993377,3.557181,151328300,150.194484,-22793254398.195484,0.266454,72.167155,-6.907305,-15.101792,0,0.062489,1.440121,0.074207,0.003895,1.965386
09-26-25,22.780001,22.969999,22.76,22.809999,407600,22.417,22.2214,21.871611,0.026924,0.005511,0.001023,TRUE,TRUE,0.34979,0.002214,31.343238,18.470227,62.116677,6.599857,0.145615,0.036555,4.633029,2.470796,6.317499,80.487816,2.840393,0.917517,22.515718,0.689209,0.003892,0.0055,1.688078,0.573588,-10.993377,0.992102,151735900,177.278912,-22793467905.072868,0.223762,72.716868,-6.449386,-15.307133,0,0.06217,1.44528,0.074161,0.003892,1.745445
09-29-25,22.67,22.700001,22.59,22.620001,192200,22.4375,22.2232,21.879716,0.027163,0.00503,0.001063,TRUE,TRUE,0.343484,0.002907,17.757064,18.698862,56.191629,-2.55387,0.14232,0.026608,3.713899,1.937811,6.325802,57.317243,1.846023,0.93154,22.398006,0.698318,0.003706,0.004848,1.566247,0.267515,-10.993377,0.482818,151543700,-57.050279,-22793555266.89143,0.191862,68.639446,-7.583211,-18.671221,0,0.048517,1.111885,0.069629,0.003706,0.814808
09-30-25,22.5,22.58,22.469999,22.530001,377300,22.4355,22.2242,21.887134,0.027028,0.004602,0.001104,TRUE,TRUE,0.337066,0.0034,6.730832,18.371843,53.584284,-8.336153,0.130936,0.01218,2.73598,0.133336,6.856411,46.341611,-0.177222,0.92575,22.291071,0.700326,0.003646,0.004664,1.522692,0.150348,-10.993377,0.978881,151166400,-40.120616,-22793520959.754517,0.133945,61.988751,,-19.697443,0,0.04318,0.986401,0.068296,0.003646,0.423939
10-01-25,22.34,22.52,22.299999,22.49,565700,22.4415,22.2252,21.893023,0.02667,0.004214,0.001146,TRUE,TRUE,0.332177,0.00393,13.846172,17.363184,52.420062,-9.696615,0.117335,-0.001138,0.897258,-0.088851,6.141004,40.740758,0.536428,0.924221,22.266976,0.69973,0.003576,0.004493,1.40758,-0.035558,-10.993377,1.517761,150600700,-31.020607,-22793109544.24786,0.26705,58.44892,-10.76534,-19.655362,0,0.034694,0.792974,0.067029,0.003576,0.21781
10-02-25,22.450001,22.52,22.280001,22.34,303300,22.448,22.2244,21.898589,0.026041,0.003854,0.001188,TRUE,TRUE,0.325811,0.004138,-0.507626,16.345867,48.19167,-7.999959,0.093375,-0.020078,0.269297,-1.368651,5.669792,22.222275,0.585327,0.930427,21.739113,0.704831,0.003493,0.004222,1.412108,-0.218421,-7.267709,0.826059,150297400,-26.809846,-22793261195.453068,0.235048,53.022082,-10.798509,-19.782839,0,0.026302,0.59647,0.064979,0.003493,-0.4968
10-03-25,22.41,22.49,22.389999,22.41,356900,22.467,22.2246,21.904553,0.025147,0.003521,0.001231,TRUE,TRUE,0.320048,0.00434,-7.608662,15.401214,50.210082,-3.374202,0.079124,-0.027464,0.673853,3.081877,4.176524,30.864218,1.724917,0.905209,19.431658,0.704654,0.003643,0.004598,1.456331,0.017088,-7.050728,0.980346,150654300,-14.841327,-22793475332.730148,0.224575,53.759966,-11.944234,-21.505348,0,0.03712,0.842443,0.067812,0.003643,-0.293337
10-06-25,22.549999,22.66,22.549999,22.639999,179600,22.49,22.234,21.912236,0.024148,0.003211,0.001274,TRUE,TRUE,0.321764,0.005399,-7.608773,15.192055,56.242339,3.822277,0.085403,-0.016947,1.388265,8.066819,4.370578,59.259242,2.073936,0.899168,18.55858,0.696889,0.003647,0.004715,1.469469,-0.088572,-7.050728,0.502778,150833900,-43.23641,-22793361042.95348,0.221025,53.616428,-11.777236,-22.456908,0,0.032378,0.743157,0.068664,0.003647,0.808248
10-07-25,22.620001,22.73,22.57,22.73,241800,22.5145,22.2406,21.921081,0.02308,0.002935,0.001318,TRUE,TRUE,0.319519,0.006277,11.242531,15.254478,58.367872,10.176203,0.09653,-0.004656,1.973973,10.232777,3.293714,70.370379,2.203236,0.857898,18.317297,0.689433,0.003883,0.005469,1.43807,0.386943,-7.050728,0.677938,151075700,-4.313415,-22793119242.95348,0.285961,60.171342,-10.320398,-21.436477,0,0.053863,1.251378,0.073953,0.003883,1.176481
10-08-25,22.76,22.84,22.73,22.76,292500,22.533,22.242,21.931026,0.022039,0.002707,0.001364,TRUE,TRUE,0.310975,0.007113,19.753081,15.701879,59.081394,8.871313,0.10654,0.004283,2.430247,12.896827,3.163017,74.07417,1.652527,0.83166,18.85428,0.688982,0.003917,0.005576,1.37242,0.506698,-7.050728,0.818892,151368200,3.686636,-22793252194.732506,0.243241,64.391588,-9.486195,-21.051532,0,0.059137,1.375166,0.074674,0.003917,1.203972
10-09-25,22.85,22.85,22.52,22.549999,168400,22.5495,22.2402,21.93992,0.020904,0.002521,0.001409,TRUE,TRUE,0.30028,0.00763,17.575702,15.094717,52.321585,-3.920754,0.096417,-0.004672,0.177694,7.946385,0.822892,48.148105,1.485148,0.883751,17.355326,0.6999,0.003805,0.005085,1.249423,0.099107,-7.050728,0.47698,151199800,-32.935086,-22793389977.789467,0.223842,64.788932,-11.452822,-18.700345,0,0.041116,0.939984,0.071312,0.003805,0.002877
10-10-25,22.360001,22.41,22.040001,22.07,464200,22.5355,22.2326,21.94575,0.01928,0.002361,0.001455,FALSE,TRUE,0.28685,0.007651,-8.920216,15.223538,40.824066,-17.543807,0.049096,-0.041594,-1.120072,6.980129,1.035411,3.225681,-1.252799,1.032429,19.980179,0.745119,0.003558,0.003898,1.377513,-0.949208,-7.050728,1.285054,150735600,54.373129,-22793778904.959469,0.193757,63.22257,-10.437551,-21.63979,0,-0.008871,-0.189823,0.062432,0.003558,-2.32981
10-13-25,22.299999,22.379999,22.23,22.35,282700,22.5255,22.2378,21.9529,0.017497,0.002229,0.001501,TRUE,TRUE,0.2849,0.008222,-6.421989,15.343158,48.002194,-11.0792,0.033798,-0.045514,0.314182,6.78452,3.214374,33.333333,-0.886913,1.041866,20.399874,0.763329,-0.004621,0.012303,1.430893,-0.548473,-7.050728,0.780907,151018300,5.88015,-22793609280.645798,0.196278,62.976747,100.314182,106.78452,,-0.011205,-0.235027,-0.110921,-0.004621,-0.860298
10-14-25,22.059999,22.200001,22.02,22.1,205300,22.4915,22.2396,21.9582,0.015452,0.002114,0.001548,FALSE,TRUE,0.2814,0.008309,-23.68416,16.06199,42.98823,-9.333355,0.001484,-0.062262,-0.941278,5.539636,0.085342,8.421055,-2.985076,1.105365,21.568173,0.776207,-0.004585,0.012127,1.643116,-0.844998,-7.050728,0.56636,150813000,4.85189,-22793632092.240337,0.170368,58.547233,-12.039681,-20.61818,0,-0.007448,-0.154967,-0.110123,-0.004585,-1.815173
10-15-25,22.209999,22.23,22.1,22.18,164500,22.4735,22.2468,21.9642,0.013444,0.002027,0.001594,FALSE,TRUE,0.2826,0.00848,-28.18176,16.59057,44.969122,4.145056,-0.017468,-0.064971,-1.378388,6.175208,0.361341,16.842109,-1.597163,1.072394,22.618731,0.777538,-0.004475,0.011524,1.80127,-0.659831,-7.050728,0.472274,150977500,-63.28125,-22793594129.587933,0.225623,46.033844,-12.197644,-19.876535,0,0.002275,0.047266,-0.107352,-0.004475,-1.297596
10-16-25,22.219999,22.32,22.09,22.139999,279200,22.4585,22.2542,21.9695,0.011344,0.00196,0.001641,FALSE,TRUE,0.2847,0.008498,-30.044827,16.660639,44.143226,-3.858968,-0.035308,-0.06625,-1.731031,4.68085,1.753856,14.457704,-1.336903,1.080784,23.81567,0.777143,-0.004452,0.011417,1.782516,-0.630534,-7.050728,0.791518,150698300,46.407971,-22793751939.894272,0.213228,44.191168,-12.198465,-20.552636,0,0.003788,0.078729,-0.10685,-0.004452,-1.337357
10-17-25,22.129999,22.16,22.040001,22.120001,1650600,22.4515,22.2598,21.97375,0.009087,0.001922,0.001687,FALSE,TRUE,0.28605,0.008531,-24.271828,16.889104,43.710996,0.722766,-0.050479,-0.065136,-1.601418,3.509593,3.651776,12.04824,-0.628928,1.04947,24.621911,0.77708,-0.004479,0.011552,1.927466,-0.691767,-7.050728,3.883582,149047700,705.170732,-22793201722.403728,0.262796,32.689015,-11.268381,-20.184478,0,0.000547,0.011366,-0.107478,-0.004479,-1.346358
10-20-25,22.16,22.34,22.16,22.34,185200,22.4555,22.2698,21.97855,0.00679,0.001926,0.001733,TRUE,TRUE,0.29125,0.00855,-8.675821,16.269561,49.561829,4.592707,-0.044239,-0.047117,-0.445634,5.427086,4.962817,38.554184,0.359389,1.061515,24.358001,0.77642,-0.004053,0.009514,1.971147,-0.003552,-7.050728,0.443068,149232900,-43.137857,-22793016522.403728,0.25749,37.353697,-10.998877,-20.331111,0,0.036864,0.767708,-0.09754,-0.004053,-0.474176
10-21-25,22.17,22.209999,21.98,22.110001,534200,22.4365,22.2746,21.98115,0.004227,0.001969,0.001779,FALSE,TRUE,0.29345,0.008573,-15.966357,16.315186,44.369427,0.226201,-0.057194,-0.048058,-1.206428,3.851572,3.743359,14.942637,-1.689636,1.114555,25.528651,0.776173,-0.004321,0.010776,2.089851,-0.708126,-7.050728,1.24586,148698700,67.723705,-22792946837.979336,0.226641,37.633844,-10.086724,-18.374646,0,0.000248,0.005152,-0.10381,-0.004321,-1.278953
10-22-25,22.27,22.52,22.24,22.459999,397200,22.4275,22.2882,21.98605,0.001844,0.002075,0.001825,TRUE,TRUE,0.30215,0.009677,4.651125,15.189757,52.52108,8.810085,-0.038773,-0.023709,0.267855,6.294368,5.951939,55.172308,-0.795054,1.151252,25.086933,0.785282,-0.004272,0.01028,2.06115,-0.602765,-7.050728,0.91695,149095900,28.419011,-22792719870.029526,0.225039,44.369647,-9.037553,-15.536399,0,0.00538,0.110537,-0.101393,-0.004272,0.129546
10-23-25,22.790001,22.959999,22.790001,22.84,472300,22.4295,22.31,21.99265,-0.00003,0.002241,0.00187,TRUE,TRUE,0.31735,0.011331,14.878906,15.465287,59.465833,9.904003,0.006416,0.017184,3.022102,7.129458,7.407841,87.755205,0.175443,1.241555,25.413358,0.815005,-0.003894,0.00793,2.309223,0.039997,-7.050728,1.223464,149568200,-66.624267,-22792914347.746967,0.044044,45.631657,-6.411689,-14.198188,0,0.039694,0.784663,-0.089051,-0.003894,1.615293
10-24-25,22.860001,22.959999,22.84,22.85,268900,22.4315,22.3302,21.9988,-0.001445,0.002459,0.001917,TRUE,TRUE,0.3314,0.01267,7.865205,15.721136,59.633169,15.263742,0.042545,0.04265,2.008932,7.025761,5.616013,88.775637,0.175366,1.200373,25.742187,0.8072,-0.003756,0.007545,2.333178,0.329804,-7.050728,0.709312,149837100,-34.028459,-22793138429.655605,0.043455,46.539749,-8.352144,-14.975478,0,0.055436,1.107802,-0.08686,-0.003756,1.625737
10-27-25,22.85,22.889999,22.780001,22.799999,294900,22.4405,22.3508,22.0049,-0.002429,0.002731,0.001963,TRUE,TRUE,0.3459,0.013293,2.661584,15.715828,58.336398,5.815317,0.066377,0.053186,0.484789,7.395194,5.989499,83.673477,0.795749,1.187341,26.731546,0.778926,-0.003605,0.007521,2.329687,0.812126,-7.050728,0.767499,149542200,53.433923,-22793326099.800045,0.029821,41.74476,-9.527744,-14.116191,0,0.079877,1.660324,-0.086723,-0.003605,1.34485
10-28-25,22.629999,22.700001,22.58,21.854465,181200,22.406723,22.352089,22.003372,-0.003932,0.003004,0.002009,FALSE,FALSE,0.348717,0.012192,-25.54015,14.942677,40.431347,-19.034485,0.008866,-0.00346,-3.469673,4.267493,1.638884,-12.809604,-2.998381,1.274663,29.649729,0.94821,0.015274,0.088651,2.602347,-0.388955,-7.050728,0.483936,-12868000,-51.974556,-9086872798.827059,-0.290767,37.244432,96.530327,104.267493,,0.077123,1.355632,0.297743,0.015274,-1.862606
10-29-25,22.719999,22.85,22.690001,21.970558,191000,22.380751,22.3591,22.001625,-0.005668,0.003277,0.002054,FALSE,FALSE,0.357475,0.010968,-16.787482,14.699386,42.754562,-16.878607,-0.027033,-0.031488,-2.135602,6.808743,1.462074,-0.963406,-2.309656,1.4843,31.120447,0.943956,0.015274,0.088651,2.776176,0.000135,-7.050728,0.536977,-12677000,-66.236521,-9088781469.117691,-0.632216,40.555809,97.864398,106.808743,,0.077123,1.355632,0.297743,0.015274,-1.318082
10-30-25,22.629999,22.790001,22.549999,21.980232,183000,22.362763,22.361505,21.999976,-0.007467,0.003548,0.002099,FALSE,FALSE,0.361529,0.009666,-3.011017,13.950703,42.954219,-15.382179,-0.05408,-0.046827,-0.496912,6.338811,4.29589,0.023745,-1.61042,1.584206,32.382575,0.943413,0.015359,0.089641,2.812429,0.076746,-7.050728,0.523336,-12494000,-39.663699,-9089833357.713415,-0.771815,42.679271,99.503088,106.338811,,0.083204,1.451356,0.299401,0.015359,-1.181285
10-31-25,22.83,22.9,22.76,22.135023,611000,22.349014,22.364406,21.997301,-0.009034,0.003828,0.002144,FALSE,TRUE,0.367104,0.008725,-7.526977,13.615372,46.188229,5.756881,-0.062305,-0.044042,0.568028,6.623424,5.219959,15.81874,-1.227027,1.769897,32.753085,0.94677,0.015324,0.089358,2.875253,0.183415,-7.050728,1.686052,-11883000,71.196414,-9095899538.85783,-1.55219,46.09969,,106.623424,,0.078615,1.359942,0.298929,0.015324,-0.653345
11-03-25,22.959999,23.07,22.84,22.299488,786100,22.331988,22.368795,21.995949,-0.010304,0.004108,0.002188,FALSE,TRUE,0.372846,0.008037,7.200278,13.825766,49.466252,6.71169,-0.05492,-0.029326,2.197472,8.040159,4.679088,29.31087,-1.504025,1.950626,32.038098,0.951262,0.015339,0.08947,2.812856,0.389202,-7.050728,2.001732,-11096900,337.694878,-9100380398.820015,-2.017386,54.536547,102.197472,108.040159,,0.080094,1.372972,0.299115,0.015339,-0.101443
11-04-25,22.83,22.969999,22.77,22.144697,480200,22.302723,22.367889,21.994322,-0.011367,0.004381,0.002232,FALSE,TRUE,0.373567,0.007121,-1.240732,13.734176,46.589643,3.635424,-0.060856,-0.028209,1.721161,5.702608,3.262212,15.109874,-2.575021,2.138606,30.862783,0.955854,0.015328,0.089308,2.824638,0.157175,-7.050728,1.186763,-11577100,98.593879,-9103863322.296749,-2.418219,49.349247,101.721161,105.702608,,0.079023,1.342053,0.298844,0.015328,-0.512028
11-05-25,22.879999,22.99,22.799999,22.076977,375600,22.268572,22.369029,21.992907,-0.012308,0.00461,0.002274,FALSE,TRUE,0.376122,0.005926,-2.193567,13.714682,45.347187,-0.841042,-0.070216,-0.030055,1.085058,6.703607,4.051892,8.896993,-3.000982,2.344243,29.274605,0.955132,0.01543,0.090775,2.847182,0.186577,-7.050728,0.91882,-11952700,28.410256,-9107097516.749392,-2.772964,44.413264,101.085058,106.703607,,0.088747,1.496979,0.301288,0.01543,-0.654476
11-06-25,22.84,22.879999,22.73,22.106001,556000,22.246372,22.370349,21.991737,-0.012907,0.004798,0.002316,FALSE,TRUE,0.378612,0.004712,-0.485756,13.388225,46.011718,-3.454534,-0.074433,-0.027418,1.217952,5.467566,2.446864,11.559756,-1.968951,2.561862,28.706098,0.954977,0.015478,0.091315,2.852135,0.261192,-7.050728,1.298565,-11396700,230.166271,-9112279438.446173,-3.236493,52.948537,101.217952,105.467566,,0.093358,1.560449,0.302184,0.015478,-0.488994
11-07-25,22.93,22.940001,22.809999,22.154371,305600,22.250591,22.369836,21.991209,-0.013212,0.004923,0.002357,FALSE,TRUE,0.378627,0.003709,-6.848606,13.305285,47.164725,0.575082,-0.073031,-0.020812,1.300276,4.897587,2.042516,15.997403,0.382291,2.754231,28.494479,0.953985,0.015419,0.090825,2.905313,0.207388,-7.050728,0.727212,-11091100,-34.166308,-9115667474.339245,-3.654404,53.979623,101.300276,104.897587,,0.086765,1.437642,0.301372,0.015419,-0.337678
11-10-25,23.030001,23.16,22.950001,22.396233,254400,22.252902,22.373561,21.99184,-0.013213,0.004991,0.002398,TRUE,TRUE,0.381721,0.002967,10.51425,13.969005,52.614173,7.266986,-0.051806,0.00033,2.829348,5.344461,4.296625,16.981828,0.206856,2.930398,28.597935,0.962615,0.015499,0.091934,2.823719,0.593678,-7.050728,0.607421,-10836700,-10.010612,-9117263581.325621,-3.877549,61.433521,102.829348,105.344461,,0.095206,1.564542,0.303206,0.015499,0.501191
11-11-25,23.200001,23.32,23.200001,22.541348,268300,22.27497,22.372988,21.994897,-0.013026,0.005002,0.002437,TRUE,TRUE,0.378091,0.002461,3.231394,15.053596,55.574828,9.56311,-0.02301,0.023301,3.638379,4.406426,3.915792,-1.123601,1.997046,3.074335,29.055136,0.965679,0.0155,0.091875,2.809918,0.744146,-7.050728,0.635827,-10568400,30.6868,-9120477185.366056,-4.226686,60.548165,103.638379,104.406426,,0.095269,1.549518,0.303109,0.0155,0.916801
11-12-25,23.110001,23.129999,23,22.289814,808900,22.28046,22.371384,21.996596,-0.012718,0.004985,0.002476,FALSE,TRUE,0.374788,0.001214,-23.030235,15.116526,49.770165,2.60544,-0.020252,0.020847,2.059587,3.770086,4.354652,-33.790271,0.495102,3.137436,28.969857,0.97159,0.015679,0.095222,2.885274,0.648203,-7.050728,1.780973,-11377300,391.732523,-9130124134.100595,-4.993021,48.329927,102.059587,103.770086,,0.114207,1.853979,0.30858,0.015679,0.032287
11-13-25,23.09,23.139999,22.92,22.173721,291100,22.282146,22.370659,21.997515,-0.012334,0.004961,0.002515,FALSE,TRUE,0.373144,0.000145,-27.10466,14.82528,47.313867,-5.300305,-0.027122,0.011182,1.854483,4.248805,5.499135,-48.867234,0.152312,3.389079,28.893517,0.964375,0.015455,0.094605,2.793628,0.205614,-7.050728,0.640083,-11668400,4.262178,-9132390165.245094,-5.218271,43.297172,101.854483,104.248805,,0.092174,1.497156,0.307579,0.015455,-0.375258
11-14-25,22.950001,23.1,22.879999,22.222092,787700,22.287251,22.3745,21.998575,-0.011721,0.004933,0.002552,FALSE,TRUE,0.375925,-0.000641,-23.177167,14.378503,48.455312,-7.119516,-0.028336,0.007974,1.982977,4.870652,6.305446,-42.585372,0.461532,3.644079,28.681384,0.961849,0.015333,0.09365,1.825169,0.102577,-7.050728,1.913565,-10880700,-52.27796,-9137889054.801552,-6.499967,39.788716,101.982977,104.870652,,0.080906,1.303488,0.306024,0.015333,-0.227183
11-17-25,22.950001,23.049999,22.92,22.193069,353400,22.279904,22.374762,21.99969,-0.010904,0.004896,0.002588,FALSE,TRUE,0.375071,-0.001335,21.472443,13.963639,47.786355,-1.98381,-0.03128,0.004024,2.650641,4.882182,6.505181,-46.354489,-0.657702,3.8445,28.727299,0.96069,0.015247,0.092776,1.684787,-0.045982,-7.050728,0.841328,-11234100,90.820734,-9142194746.17001,-6.904395,38.674276,102.650641,,,0.073551,1.173109,0.304592,0.015247,-0.302273
11-18-25,22.969999,23.15,22.889999,22.376883,352200,22.293249,22.377499,22.000875,-0.009932,0.004866,0.002624,FALSE,TRUE,0.376625,-0.001547,24.705921,13.973882,52.279899,4.966032,-0.018567,0.01339,2.36451,4.418489,7.485248,-22.482673,1.207064,3.800597,28.515607,0.964452,0.015162,0.092142,1.555164,0.04474,-7.050728,0.857039,-10881900,-34.069637,-9143937096.868025,-7.277754,40.246548,102.36451,104.418489,,0.063303,1.000333,0.303549,0.015162,0.293292
11-19-25,22.940001,22.969999,22.799999,22.154371,965000,22.277967,22.372787,22.000647,-0.009105,0.004832,0.002658,FALSE,TRUE,0.37214,-0.002423,9.37501,13.531537,47.006144,-1.449168,-0.026145,0.004649,0.747483,3.525101,6.952909,-97.56409,-1.360765,3.765799,28.393629,0.968043,0.015393,0.096035,1.478663,-0.017814,-7.050728,2.196477,-11846900,142.950655,-9152231870.005836,-7.777302,35.876034,100.747483,103.525101,,0.083897,1.321334,0.309895,0.015393,-0.435295
11-20-25,22.99,22.99,22.67,21.941536,287000,22.233044,22.367218,22.000054,-0.008663,0.00478,0.002693,FALSE,FALSE,0.367163,-0.003622,-10.100997,12.620415,42.581462,-5.204893,-0.048763,-0.014375,-0.627101,3.060287,3.552542,-112.07147,-3.933731,3.774937,26.043683,0.976128,0.015393,0.09592,1.568473,-0.302677,-7.050728,0.667325,-12133900,-39.233538,-9153825553.779053,-8.107517,28.715131,99.372899,103.060287,,0.083887,1.305355,0.309709,0.015393,-1.119304
11-21-25,22.51,22.6,22.41,21.796419,528600,22.180365,22.356146,21.998687,-0.008647,0.004686,0.002726,FALSE,FALSE,0.357459,-0.004815,-26.53069,12.809335,39.828619,-12.45128,-0.077504,-0.034492,-1.773688,1.804854,2.546063,-67.426462,-4.610859,3.709454,23.432139,0.976118,0.015258,0.094946,1.777065,-0.654117,-7.050728,1.193066,-12662500,96.578654,-9157768236.393116,-8.289555,17.963642,98.226312,101.804854,,0.069756,1.076106,0.308134,0.015258,-1.638543
11-24-25,22.450001,22.66,22.4,21.902838,516300,22.135507,22.343203,21.997801,-0.008751,0.004557,0.002758,FALSE,FALSE,0.345402,-0.005762,-13.089013,12.696436,42.75149,-4.254654,-0.090649,-0.03811,-0.532074,3.2179,3.092776,-54.039329,-3.934919,3.754394,19.140113,0.978158,0.015242,0.094639,1.873476,-0.557276,-7.050728,1.136899,-12146200,75.076297,-9160259032.124327,-8.341062,25.537376,99.467926,103.2179,,0.068254,1.039734,0.307635,0.015242,-1.21561
11-25-25,22.469999,22.559999,22.370001,21.786745,224600,22.132121,22.323338,21.994734,-0.008979,0.004391,0.002789,FALSE,FALSE,0.328603,-0.006272,-15.306148,12.708952,40.443468,-2.137994,-0.109176,-0.04531,-1.149074,3.010617,1.818411,-61.395418,-0.30987,3.712717,19.714738,0.956227,,,2.001812,-1.16519,-7.050728,0.49222,-12370800,23.951435,-9161862581.516983,-8.217158,26.145365,98.850926,103.010617,,0,0,,,-1.751866
11-26-25,22.57,22.790001,22.57,22.01893,983400,22.134539,22.312916,21.991979,-0.00917,0.004199,0.002819,FALSE,TRUE,0.320937,-0.006697,-4.147519,11.950453,46.647297,6.818677,-0.103925,-0.032047,-0.726194,4.652707,2.812294,-36.954824,0.220169,3.738522,19.534952,0.96064,,,2.030882,-0.622269,-7.050728,1.982981,-11387400,414.86911,-9167772513.362593,-7.964091,38.654315,99.273806,104.652707,,0,0,,,-0.591806
11-28-25,22.940001,23.09,22.92,22.309162,236100,22.150986,22.310299,21.991925,-0.009039,0.003997,0.002848,FALSE,TRUE,0.318375,-0.006897,6.611605,12.343902,53.208613,10.457124,-0.075475,-0.002877,0.446479,6.844651,5.666274,-6.404081,1.496481,3.76579,19.552089,0.971565,,,1.997436,-0.061552,-7.050728,0.47355,-11151300,29.016393,-9169705304.798601,-8.010023,38.045,100.446479,106.844651,,0,0,,,0.808999
12-01-25,23.110001,23.16,23.07,22.36721,679600,22.162595,22.312444,21.991611,-0.008641,0.003791,0.002877,TRUE,TRUE,0.320833,-0.007313,-1.345249,12.932973,54.41608,13.972612,-0.047694,0.019923,-0.898491,4.91187,5.941217,-0.293732,1.048959,3.706585,20.133013,0.966018,,,2.000694,0.231323,-7.050728,1.353771,-10471700,11.227496,-9180998567.088263,-8.475914,41.702438,99.101509,104.91187,,0,0,,,1.016316
12-02-25,23.07,23.120001,22.98,22.270466,525000,22.161144,22.312653,21.990763,-0.008252,0.003562,0.002905,FALSE,TRUE,0.32189,-0.007653,-12.84398,13.049984,52.007308,5.360012,-0.033102,0.027612,-0.444949,3.776639,6.055222,-12.599381,-0.130147,3.667849,20.039394,0.963994,,,1.413035,-0.073777,-7.050728,1.073729,-10996700,-33.214604,-9186845020.474457,-8.841867,36.667475,99.555051,103.776639,,0,0,,,0.545534
12-03-25,23.15,23.200001,23.07,22.376883,140800,22.172753,22.310391,21.988798,-0.007903,0.003325,0.002932,TRUE,TRUE,0.321593,-0.007721,4.433453,13.43693,54.398506,1.189893,-0.012803,0.038328,0.751389,4.662691,6.465745,0.829122,1.048492,3.759219,20.603704,0.965309,,,1.409203,-0.016851,-7.050728,0.298318,-10855900,-70.678884,-9188487206.501041,-8.964774,42.333967,100.751389,104.662691,,0,0,,,0.99074
12-04-25,23.120001,23.219999,23.049999,22.434931,195700,22.190651,22.306289,21.986222,-0.007642,0.003085,0.00296,TRUE,TRUE,0.320067,-0.007447,13.705632,13.693593,55.695252,1.279171,0.007877,0.047207,1.838085,4.445676,7.518935,7.638833,1.621391,3.747241,21.271815,0.961983,,,1.58227,-0.13106,-7.050728,0.422692,-10660200,-47.896699,-9190099010.487398,-8.963735,45.849464,101.838085,104.445676,,0,0,,,1.148372
12-05-25,23.299999,23.440001,23.299999,22.570372,502700,22.21387,22.301697,21.984174,-0.007282,0.002849,0.002987,TRUE,TRUE,0.317522,-0.007242,17.475813,14.676503,58.649846,6.642538,0.034793,0.059299,1.760015,4.251141,6.951568,18.726247,2.100655,3.74969,22.780083,0.95965,,,2.039404,0.244392,-7.050728,1.092066,-10157500,-9.586331,-9195841430.504837,-9.076511,55.716242,101.760015,104.251141,,0,0,,,1.564972
12-08-25,23.17,23.190001,23.040001,22.289814,784600,22.220642,22.291293,21.982323,-0.00671,0.002595,0.003014,FALSE,TRUE,0.30897,-0.007296,4.310368,14.334172,51.054633,-3.343873,0.033105,0.046088,0.223985,2.86024,6.195378,-7.4941,0.611359,3.730143,22.795214,0.970706,,,2.017406,-0.256657,-7.050728,1.620171,-10942100,156.740838,-9204474005.897434,-9.169113,52.202784,100.223985,102.86024,,0,0,,,0.30345
12-09-25,23.030001,23.040001,22.950001,22.241442,294700,22.212902,22.283722,21.98063,-0.006167,0.002322,0.00304,FALSE,TRUE,0.303091,-0.007087,-6.421979,13.632649,49.855829,-5.839422,0.027546,0.032424,-0.6635,2.87438,6.108887,-12.014874,-0.691147,3.67186,22.427473,0.963926,,,2.041847,-0.563643,-7.050728,0.606023,-11236800,15.841195,-9209408972.42988,-9.474423,47.484219,99.3365,102.87438,,0,0,,,0.127252
12-10-25,22.98,23.16,22.93,22.376883,387200,22.204679,22.280659,21.980865,-0.005333,0.002037,0.003066,TRUE,TRUE,0.299795,-0.006248,11.004788,13.428536,53.171426,-5.47842,0.033681,0.030847,0.706045,1.851995,7.58336,0.643151,-0.729615,3.753518,21.439569,0.957863,,,1.994739,-0.680736,-7.050728,0.786624,-10849600,44.316064,-9211658499.559067,-9.262064,58.02122,100.706045,101.851995,,0,0,,,0.803204
12-11-25,22.950001,23.120001,22.950001,22.357534,534800,22.208065,22.27801,21.981953,-0.004259,0.001744,0.003091,TRUE,TRUE,0.296058,-0.005826,22.75127,13.239001,52.636001,1.581368,0.036561,0.026981,0.033709,1.763929,6.469855,-1.165087,0.303818,3.727211,21.6337,0.948355,,,1.86763,-0.417759,-7.050728,1.117601,-11384400,-33.885524,-9215920956.783987,-8.964717,55.777961,100.033709,101.763929,,0,0,,,0.69091
12-12-25,23.120001,23.120001,22.860001,22.173721,425800,22.208065,22.274685,21.981971,-0.003048,0.001436,0.003116,FALSE,TRUE,0.292713,-0.005865,20.207288,12.635996,47.719687,-2.136142,0.023737,0.011326,-1.668638,-2.102774,5.356371,-18.343886,0,3.791611,21.6337,0.952545,,,1.693739,-0.521051,-7.050728,0.877468,-11810200,46.272759,-9218594583.456034,-8.882292,56.578739,98.331362,97.897226,,0,0,,,-0.158751
12-15-25,22.879999,22.9,22.73,22.067303,252700,22.200326,22.267831,21.982308,-0.001757,0.001107,0.00314,FALSE,TRUE,0.285523,-0.006368,8.8083,11.970515,45.093667,-8.077759,0.00493,-0.005985,-3.128613,-2.357069,3.543014,-28.289553,-0.696554,3.765453,21.856609,0.948935,,,1.612081,-0.433197,-7.050728,0.551133,-12062900,-67.919259,-9220817441.290184,-9.043247,50.713097,96.871387,97.642931,,0,0,,,-0.608616
12-16-25,22.65,22.68,22.559999,21.844791,392500,22.182912,22.251926,21.982232,-0.000699,0.00076,0.003163,FALSE,FALSE,0.269695,-0.007226,2.941174,12.031686,40.121997,-12.514004,-0.027611,-0.030821,-3.084337,-5.351857,2.911517,-81.273544,-1.56931,3.789269,23.259843,0.957644,,,1.573522,-0.707836,-7.050728,0.852399,-12455400,11.06395,-9225888561.253626,-9.087967,49.38204,96.915663,94.648143,,0,0,,,-1.453665
12-17-25,22.74,22.860001,22.709999,22.106001,504000,22.169368,22.239446,21.983112,0.000521,0.000398,0.003186,FALSE,TRUE,0.256335,-0.007242,4.347867,11.275903,47.44697,-0.272717,-0.031954,-0.028131,-1.488412,-4.468446,4.188687,-51.590683,-1.210542,3.748356,22.856075,0.960917,,,1.533609,-0.66068,-7.050728,1.076797,-11951400,43.100511,-9230451387.762959,-9.241894,45.314795,98.511588,95.531554,,0,0,,,-0.277242
12-18-25,22.790001,22.84,22.67,21.95121,211500,22.15921,22.223271,21.983518,0.001542,0.000001,0.003208,FALSE,FALSE,0.239753,-0.007237,-19.170932,10.739954,44.011061,-1.082605,-0.047341,-0.034814,-1.387198,-5.626785,4.01762,-69.180535,-0.917026,3.665106,23.371873,0.960461,,,1.671471,-1.037607,-4.715732,0.491426,-12162900,-78.082902,-9232451405.742516,-9.319617,41.476656,98.612802,94.373215,,0,0,,,-0.889957
12-19-25,22.77,22.879999,22.719999,22.106001,282700,22.167433,22.214391,21.985248,0.002149,-0.000419,0.003229,FALSE,TRUE,0.229143,-0.006668,-13.300526,10.058867,48.061545,7.939547,-0.046508,-0.027185,-0.691821,-1.312494,5.462729,-51.590683,0.74956,3.66463,22.849178,0.960441,,,1.743073,-1.038057,-4.715732,0.65719,-11880200,-1.498258,-9234903824.703962,-9.42409,37.139738,99.308179,98.687506,,0,0,,,-0.268858
12-22-25,22.379999,22.41,22.34,22.389999,511600,22.197112,22.220791,21.987448,0.002447,-0.000841,0.003249,TRUE,TRUE,0.233343,-0.005578,5.556708,10.852067,54.557227,7.110257,-0.022671,-0.002679,-0.444644,2.424514,7.794024,4.545384,2.723292,3.474974,21.59714,0.975668,,,1.719828,-0.685371,-4.715732,1.191666,-11368600,-3.216042,-9234684575.52685,-8.958031,37.295203,99.555356,102.424514,,0,0,,,0.893116
12-23-25,22.48,22.65,22.42,22.639999,642400,22.23397,22.226591,21.991598,0.002538,-0.001234,0.003269,TRUE,TRUE,0.234993,-0.004377,11.466082,10.543067,59.373924,15.362863,0.016206,0.028959,0,3.710488,8.997619,27.272648,3.365599,3.225365,22.578647,0.980795,,,1.962013,-0.15589,-4.715732,1.47468,-10726200,24.423785,-9234098037.78615,-8.475162,42.558128,100,103.710488,,0,0,,,1.79829
12-24-25,22.67,22.67,22.559999,22.629999,303016,22.276133,22.237191,21.995098,0.00303,-0.001598,0.003288,TRUE,TRUE,0.242093,-0.003347,8.682467,10.174526,59.104053,11.042508,0.045683,0.046749,-0.745614,3.286168,8.256783,26.363537,3.870491,2.995392,21.641655,0.979387,,,1.947057,-0.060562,-4.715732,0.689392,-11029216,34.913624,-9234015400.88006,-8.20775,43.554765,99.254386,103.286168,,0,0,,,1.635118
12-26-25,22.709999,22.76,22.629999,22.700001,686500,22.310186,22.247591,21.998948,0.003831,-0.001919,0.003306,TRUE,TRUE,0.248643,-0.002274,5.942874,9.460385,60.458906,5.901678,0.073841,0.059926,-0.482239,4.128448,8.508607,42.352994,3.093113,2.710803,22.713372,0.979806,-0.006971,0.017026,2.164502,0.070934,-4.715732,1.616451,-10342716,-30.191173,-9233962582.340784,-7.792645,45.146281,99.517761,104.128448,,0.016403,0.268918,-0.130483,-0.006971,1.716234
12-29-25,22.59,22.610001,22.469999,22.49,539300,22.319228,22.254591,22.002148,0.004755,-0.002205,0.003325,TRUE,TRUE,0.252443,-0.001812,9.484345,9.413454,54.613559,-4.760365,0.078309,0.051514,-0.574717,3.117837,6.891629,18.292643,0.810598,2.612369,23.066285,0.983435,-0.006847,0.016564,2.124376,0.001221,-4.715732,1.226084,-10882016,128.420161,-9234347794.527267,-7.348146,47.078043,-6.371495,-14.630918,0,0.028588,0.466656,-0.128703,-0.006847,0.740352
12-30-25,22.719999,22.73,22.620001,22.639999,597600,22.332867,22.264991,22.005498,0.005805,-0.002454,0.003342,TRUE,TRUE,0.259493,-0.000994,18.015338,8.862802,57.755336,-1.348717,0.092882,0.05287,0.488232,3.23757,7.912297,36.585286,1.219593,2.434099,24.146188,0.986303,-0.006808,0.01628,2.055841,0.096076,-4.715732,1.37141,-10284416,-12.065921,-9234728098.624647,-6.165097,54.359657,-4.984184,,0,0.034655,0.564033,-0.127591,-0.006808,1.271969
12-31-25,22.52,22.559999,22.35,22.360001,931400,22.337344,22.265391,22.006698,0.00664,-0.002677,0.003359,TRUE,TRUE,0.258693,-0.000258,-0.716283,9.309976,50.70014,-9.758765,0.080906,0.032715,-0.578031,0.314041,6.07211,2.564159,0.402034,2.263787,24.107373,0.990501,-0.007179,0.017888,2.059612,-0.508825,-4.715732,2.042204,-11215816,77.409524,-9235570791.445719,-5.34185,44.356679,-5.326138,-16.650417,0,-0.005695,-0.092225,-0.133748,-0.007179,0.093981
01-02-26,22.389999,22.42,22.290001,22.389999,825300,22.338,22.270991,22.008298,0.007403,-0.002875,0.003375,TRUE,TRUE,0.262693,0.000696,1.371258,9.917009,51.385339,-3.22822,0.072994,0.019842,0.22381,0.493711,5.265627,12.04801,0.058618,2.065157,24.120476,0.989221,-0.007209,0.018085,2.052471,-0.579922,-4.715732,1.683252,-10390516,486.150568,-9235126410.315388,-4.756183,42.621822,-4.939777,-16.309179,0,-0.010199,-0.165372,-0.134479,-0.007209,0.215582
01-05-26,22.629999,22.82,22.629999,22.809999,860000,22.356753,22.277991,22.011298,0.008468,-0.003023,0.003391,TRUE,TRUE,0.266693,0.002408,24.437275,9.494167,59.807862,2.052526,0.099467,0.037052,1.784916,2.470796,6.688496,85.245845,1.671807,1.923021,26.275555,1.018942,-0.006809,0.015212,2.335144,-0.110204,-4.715732,1.642739,-9530516,339.448135,-9234356938.448702,-4.226991,51.653098,-3.095272,-15.643264,0,0.021319,0.335094,-0.123338,-0.006809,1.724972
01-06-26,22.940001,22.98,22.780001,22.799999,581700,22.368235,22.277191,22.014048,0.009813,-0.003119,0.003407,TRUE,TRUE,0.263143,0.003745,29.222516,9.607909,59.543345,8.843205,0.118277,0.04469,0.706713,2.104789,5.604442,73.912947,1.017385,1.75899,27.720093,1.011615,-0.006685,0.014904,2.166974,0.118846,-4.715732,1.10282,-10112216,15.715138,-9234822306.215279,-3.695109,56.93155,-4.543725,-17.002396,0,0.037006,0.586258,-0.122083,-0.006685,1.557586
01-07-26,22.709999,22.709999,22.51,22.59,660000,22.383244,22.271991,22.016398,0.011248,-0.003174,0.003423,TRUE,TRUE,0.255593,0.00391,29.87061,9.068581,54.129324,2.743986,0.114914,0.033062,-0.615923,1.345892,5.167601,43.478237,1.346741,1.673305,28.08344,0.97958,-0.006589,0.015507,1.866345,0.448881,-4.715732,1.266222,-10772216,-15.880704,-9234954303.697563,-2.923849,55.028317,-5.519836,-16.455297,0,0.05821,0.954629,-0.124528,-0.006589,0.73622
01-08-26,22.610001,22.9,22.6,22.879999,776600,22.415172,22.273591,22.019798,0.012772,-0.003169,0.003438,TRUE,TRUE,0.253793,0.004996,30.670661,8.873746,59.593246,-0.214616,0.134104,0.041801,0.527236,2.970296,6.319696,85.507162,2.871025,1.431939,29.954009,0.979901,-0.000782,0.000111,1.908662,0.452799,-4.715732,1.42409,-9995616,163.522226,-9234281252.997564,-2.280476,56.52671,-5.163099,-15.314567,0,0.079308,1.290156,-0.010551,-0.000782,1.551803
01-09-26,22.969999,23.059999,22.889999,22.9,220500,22.441328,22.294501,22.023148,0.014236,-0.003104,0.003455,TRUE,TRUE,0.271354,0.005662,39.718448,9.157404,59.947591,0.404245,0.149206,0.045522,1.552108,1.732561,5.920438,79.22076,2.337757,1.257888,31.827415,0.967949,-0.00078,0.000111,1.639335,0.788028,-4.715732,0.410618,-9775116,-43.052686,-9234475811.238989,-2.124534,59.094934,-5.413285,-17.67346,0,0.079456,1.303863,-0.010527,-0.00078,1.441122
01-12-26,23.059999,23.25,23.059999,23.190001,320900,22.482951,22.31889,22.028098,0.015992,-0.00296,0.003471,TRUE,TRUE,0.290792,0.006894,42.947717,9.928571,64.77161,10.642285,0.182471,0.06303,5.074766,3.897853,7.460615,93.75005,3.723425,1.063882,35.861647,0.979641,-0.000594,0.000063,2.432347,1.022875,-4.715732,0.609727,-9454216,-39.99626,-9234357582.549534,-1.751529,59.320201,-3.991598,-15.330747,0,0.095077,1.541618,-0.007914,-0.000594,1.971603
01-13-26,23.35,23.469999,23.299999,23.370001,826200,22.542765,22.346686,22.033648,0.018189,-0.00274,0.003488,TRUE,TRUE,0.313038,0.008298,40.495926,11.172492,67.396455,7.803209,0.220813,0.081098,4.56376,4.892281,5.460293,91.525542,5.395033,1.048352,40.152272,0.983126,-0.000457,0.000037,2.928512,1.276671,-4.715732,1.512298,-8628016,94.034758,-9234503367.281776,-1.455993,66.67228,,-15.172785,0,0.111511,1.802069,-0.006076,-0.000457,2.060246
01-14-26,23.57,23.65,23.26,23.389999,1316500,22.6089,22.371785,22.039648,0.020706,-0.002453,0.003505,TRUE,TRUE,0.332137,0.009632,34.246597,12.71796,67.684547,7.736957,0.249933,0.088174,5.837099,4.840878,4.793906,80.882318,5.993921,1.087155,42.719738,0.982826,-0.000446,0.000035,2.879835,1.324412,-4.715732,2.195957,-7311516,420.973486,-9234942204.907467,-1.178024,69.199693,-1.696687,-14.627441,0,0.114516,1.851312,-0.005928,-0.000446,1.828427
01-15-26,23.18,23.309999,23.120001,23.200001,490100,22.67666,22.389795,22.043148,0.023301,-0.002113,0.003523,TRUE,TRUE,0.346648,0.010956,24.050731,13.590746,62.072727,-2.698883,0.254742,0.074387,4.59874,3.156963,3.989248,66.911817,6.20381,1.145319,40.6601,0.982567,-0.000852,0.000128,2.754354,0.838224,-4.715732,0.810899,-7801616,24.866242,-9235019586.528524,-0.755391,64.664837,-2.435767,-15.45788,0,0.08325,1.345528,-0.011329,-0.000852,1.28711
01-16-26,23.200001,23.24,23.09,23.16,506600,22.72936,22.410101,22.046398,0.025693,-0.00173,0.003541,TRUE,TRUE,0.363704,0.011778,19.658111,14.280766,60.927396,-6.46906,0.252416,0.057648,4.607048,2.796268,2.161446,63.970571,4.767931,1.153465,39.693444,0.972522,-0.00087,0.000137,2.652157,1.080063,-4.715732,0.838019,-8308216,0.515873,-9235053360.72076,-0.38063,58.610938,-3.075045,-16.157377,0,0.097768,1.597232,-0.01169,-0.00087,1.084913
01-20-26,23.51,23.59,23.450001,23.48,427900,22.8058,22.438162,22.050548,0.028174,-0.001282,0.003559,TRUE,TRUE,0.387614,0.013659,40.408236,15.716197,66.286565,-1.397982,0.273244,0.062781,6.148276,4.448399,4.0319,87.499982,6.964489,1.198586,38.625485,0.967591,-0.001124,0.00023,2.749057,1.030525,-4.715732,0.695387,-7880316,102.316785,-9235297881.668989,-0.231293,63.878245,-0.8814,-12.927796,0,0.093932,1.542511,-0.015178,-0.001124,1.745479
01-21-26,23.780001,23.790001,23.65,23.75,693400,22.888,22.471042,22.060598,0.030987,-0.00076,0.003578,TRUE,TRUE,0.410444,0.01657,43.190754,17.433002,70.02266,7.949933,0.307987,0.078019,6.311548,5.837787,5.696487,97.333272,7.436891,1.206013,40.40142,0.95472,-0.00127,0.000302,3.505465,0.894222,-4.715732,1.090465,-7186916,145.27768,-9235000715.638554,-0.007619,64.362527,-0.029598,-11.725798,0,0.084511,1.406675,-0.017384,-0.00127,2.133589
01-22-26,23.719999,23.76,23.65,23.74,409300,22.9555,22.502754,22.074548,0.034149,-0.000174,0.003598,TRUE,TRUE,0.428207,0.019431,60.000033,19.027178,69.714506,8.78711,0.3309,0.080746,7.372226,6.076857,6.171731,96.66659,6.029479,1.152364,42.846706,0.954824,-0.001285,0.000309,3.137156,0.870325,-4.715732,0.648899,-7596216,-19.996091,-9234740254.58293,-0.004414,67.856095,-0.714693,-11.6085,0,0.083025,1.38176,-0.017582,-0.001285,1.830946
01-23-26,24.049999,24.200001,24.049999,24.18,889900,23.0325,22.53843,22.092348,0.037853,0.000492,0.003618,TRUE,TRUE,0.446082,0.02288,66.051717,21.251339,74.940111,8.653546,0.38018,0.104021,7.658065,7.946432,8.236348,98.816541,6.802124,1.228878,50.101881,0.981374,-0.000905,0.000145,4.247485,1.405448,-4.715732,1.383689,-6706316,38.527397,-9234087664.267076,0.000806,77.155535,-0.42952,-10.199144,0,0.118753,1.922974,-0.012053,-0.000905,2.290334
01-26-26,24.35,24.5,24.190001,24.290001,749000,23.1155,22.573403,22.112998,0.042207,0.001223,0.003639,TRUE,TRUE,0.460405,0.024829,61.666737,23.717527,76.052579,6.029919,0.423233,0.117659,6.348515,9.562476,9.1195,89.447281,7.335404,1.190965,56.433001,0.808142,-0.000302,0.000024,4.349156,3.213352,-4.715732,1.12558,-5957316,147.181667,-9234353435.784775,-0.0254,77.007296,-1.024347,-7.939718,0,0.197705,3.914087,-0.004921,-0.000302,2.081231
01-27-26,24.299999,24.629999,24.23,24.620001,928000,23.2115,22.620007,22.131648,0.047209,0.002041,0.003661,TRUE,TRUE,0.488359,0.02738,66.911841,26.165284,79.056332,9.341827,0.478465,0.138313,7.746173,9.91072,10.552314,99.528381,8.45815,1.233027,64.715825,0.821199,-0.000157,0.000006,5.15018,3.428825,-4.715732,1.369721,-5029316,35.178441,-9233471828.040932,0.036217,78.006898,1.164901,-7.713518,0,0.21196,4.129045,-0.002509,-0.000157,2.17644
01-28-26,24.77,24.969999,24.709999,24.940001,553200,23.334,22.675332,22.153198,0.052747,0.002963,0.003684,TRUE,TRUE,0.522134,0.030326,83.038885,28.808222,81.481944,6.541833,0.541812,0.161328,9.385971,9.916262,13.725491,98.734228,10.893734,1.23439,72.997796,0.833245,0.000052,0.000001,5.733032,3.777978,-4.653196,0.815683,-4476116,2.577415,-9233046284.272455,0.095953,84.79906,2.739916,-7.407764,0,0.233569,4.484799,0.000826,0.000052,2.200067
01-29-26,25.67,25.690001,24.77,25.299999,1000700,23.467,22.73689,22.175048,0.058875,0.00401,0.003709,TRUE,TRUE,0.561843,0.033959,83.448289,31.839815,83.760581,7.708003,0.613987,0.186802,15.765811,11.749116,15.261952,86.071388,11.749116,1.389045,83.206227,0.845982,0.000145,0.000005,6.476639,3.952289,-4.653196,1.432929,-3475416,67.453146,-9232894006.588846,0.131314,85.313997,8.892314,-6.074827,0,0.246244,4.656325,0.002262,0.000145,2.202959
01-30-26,24.790001,24.860001,23.950001,24.43,2266600,23.5705,22.781629,22.192498,0.064847,0.005128,0.003735,TRUE,TRUE,0.589131,0.036269,40.800039,32.060499,63.443215,-15.613117,0.594135,0.13356,11.194263,8.819597,11.095955,52.091266,9.257601,1.780597,81.569801,0.966394,0.000506,0.000047,6.030242,2.314977,-4.653196,2.962411,-5742016,143.354091,-9232769470.006731,0.183064,67.796196,6.177482,-6.04617,0,0.175957,2.897303,0.006855,0.000506,1.053699
02-02-26,23.66,23.76,23.389999,23.540001,3063100,23.628,22.804891,22.205748,0.069797,0.006268,0.00376,TRUE,TRUE,0.599144,0.03674,8.045992,30.964912,50.064527,-31.417417,0.500814,0.032191,7.096234,6.56406,6.951389,17.307719,5.136228,2.057287,76.719328,1.078849,-0.00045,0.00003,5.903585,1.350486,-6.956515,3.492663,-8805116,271.149885,-9233348955.781036,0.101336,52.631936,1.234344,-10.522873,0,0.124451,1.830157,-0.005438,-0.00045,-0.114703
02-03-26,23.969999,24.17,23.870001,24.15,1165100,23.695,22.844804,22.220748,0.07406,0.00745,0.003786,TRUE,TRUE,0.624056,0.038018,16.317983,30.519593,56.790183,-26.970398,0.470653,0.001624,9.103115,9.72285,9.922623,40.769204,5.874617,2.108843,75.032286,1.123921,0.000104,0.000001,5.671988,1.978323,-6.956515,1.305778,-7640016,35.476744,-9232339206.398382,0.113068,53.821563,3.367686,,0,0.174427,2.462396,0.001208,0.000104,0.606405
02-04-26,24.18,24.27,23.93,24.190001,1310400,23.7645,22.889773,22.234848,0.077484,0.008679,0.003813,TRUE,TRUE,0.654925,0.039295,16.6667,30.238536,57.197303,-6.245912,0.44485,-0.019343,8.477829,10.861599,9.259265,42.307701,6.096497,2.090592,72.707407,1.123918,0.000106,0.000002,5.429125,1.986374,-6.956515,1.411005,-6329616,125.270758,-9231645464.357071,0.171037,53.923745,2.303674,-4.764693,0,0.175007,2.470602,0.001226,0.000106,0.585223
02-05-26,23.860001,24.01,23.639999,23.76,914600,23.823,22.929045,22.247698,0.079882,0.009923,0.003839,TRUE,TRUE,0.681347,0.039834,11.111103,29.331577,51.5721,1.507573,0.385262,-0.063145,7.294311,9.141019,7.027024,25.76923,5.179283,2.212602,67.263122,1.151261,0.000025,0,5.215431,1.480395,-6.956515,0.971501,-7244216,38.575758,-9231966807.499653,0.158668,52.359525,0.80999,-3.317057,0,0.141043,1.942197,0.000283,0.000025,-0.093662
02-06-26,23.84,24.15,23.83,24.01,913000,23.8795,22.971188,22.261298,0.081425,0.011179,0.003866,TRUE,TRUE,0.70989,0.041104,16.190489,28.700335,54.381171,-2.409012,0.354129,-0.075422,8.755834,9.935898,8.839532,26.956545,4.938816,2.260963,63.569669,1.150709,0.000008,0,4.893595,1.472019,-6.956515,0.962826,-3457916,17.563739,-9209455518.05378,0.128056,56.858883,2.130838,-4.757514,61.601055,0.140346,1.933518,0.000087,0.000008,0.205287
02-09-26,23.98,24.290001,23.969999,24.25,629500,23.947,23.020453,22.276898,0.082145,0.012442,0.003892,TRUE,TRUE,0.743555,0.042923,14.893631,28.325075,56.962087,-0.235217,0.344847,-0.067764,9.69872,11.034798,9.877664,37.391312,5.895198,2.206186,59.669348,1.154319,0.000176,0.000004,4.634782,1.548011,-6.956515,0.64984,-1068516,185.487528,-9164352832.363865,0.159763,57.454182,0.546312,-5.463862,62.014898,0.146571,2.013034,0.001993,0.000176,0.507798
02-10-26,24.23,24.23,24.030001,24.139999,383500,23.9945,23.062874,22.290998,0.081935,0.013713,0.003919,TRUE,TRUE,0.771877,0.04404,7.784422,27.976619,55.414614,3.842514,0.324869,-0.070193,8.962692,10.379508,9.329708,32.608679,4.096588,2.189608,57.049813,1.145351,0.000389,0.00002,4.505752,1.713115,-6.956515,0.394616,-3300316,19.507635,-9131691760.034883,0.155139,54.093093,-0.972817,-6.921607,60.298446,0.158132,2.189436,0.004429,0.000389,0.255039
02-11-26,24.43,24.43,24.25,24.370001,1026000,24.0445,23.104091,22.306098,0.081112,0.015002,0.003946,TRUE,TRUE,0.797994,0.045235,12.045911,27.969986,57.984795,3.603624,0.323863,-0.056959,8.812948,11.891644,8.794648,42.608737,4.27899,2.221701,55.653513,1.146751,0.000478,0.00003,4.307118,2.051013,-6.956515,1.044998,2937684,24.183007,-9079803680.137445,0.178402,58.472697,0.527919,-4.706898,64.401846,0.183237,2.534788,0.005438,0.000478,0.58487
02-12-26,24.280001,24.299999,23.77,23.799999,1756000,24.065,23.132747,22.318948,0.079367,0.016287,0.003973,TRUE,TRUE,0.813799,0.045456,-7.089571,26.773713,50.253262,-6.708824,0.273914,-0.085527,5.583747,9.425284,5.44971,17.826071,1.752885,2.316927,53.841385,1.191354,0.000517,0.000032,4.434216,1.406347,-6.956515,1.749361,1181684,33.383973,-9081360895.315657,0.118789,50.141539,-0.295507,-4.812922,64.027351,0.139976,1.861721,0.00566,0.000517,-0.492188
02-13-26,23.85,23.950001,23.74,23.879999,250700,24.099,23.164938,22.333548,0.076988,0.01757,0.004,TRUE,TRUE,0.83139,0.04567,-7.692341,25.593826,51.236025,-4.178589,0.23804,-0.097121,7.134134,9.340655,6.989245,21.304327,2.931027,2.276263,50.109258,1.191205,0.000598,0.000043,4.557857,1.510189,-6.956515,0.252766,3133084,-48.847174,-9047873319.188347,0.128336,47.044097,0.901249,-6.997976,63.373429,0.14799,1.968772,0.006544,0.000598,-0.437047
02-17-26,23.66,23.690001,23.52,23.59,387600,24.1205,23.1892,22.348648,0.07361,0.018823,0.004027,TRUE,TRUE,0.840552,0.045627,-19.470716,23.992282,47.567542,-10.417253,0.184087,-0.120859,6.387195,8.360127,5.171644,8.695681,1.856651,2.292133,46.672973,1.200044,0.000326,0.000013,4.849856,1.04872,-6.956515,0.393153,-118416,-23.489933,-8982684604.829699,0.127354,42.704428,-1.416034,-7.674195,62.818167,0.11295,1.490749,0.003546,0.000326,-1.136632
02-18-26,23.969999,24.24,23.969999,24.209999,408500,24.157,23.224701,22.366348,0.069868,0.020065,0.004055,TRUE,TRUE,0.858354,0.046156,-13.059064,23.524984,54.987821,4.734559,0.189177,-0.092615,8.945636,11.106003,7.887694,35.652143,3.109027,2.321945,44.188712,1.234922,0.001326,0.000196,4.970141,1.795225,-6.956515,0.414761,290084,-4.53377,-8982366884.531305,0.156022,42.104957,-0.1036,-6.635258,63.549684,0.175882,2.256829,0.014006,0.001326,0.119938
02-19-26,24.290001,24.43,24.209999,24.43,278800,24.191,23.261894,22.384698,0.065877,0.021295,0.004083,TRUE,TRUE,0.877196,0.046571,-15.963281,23.397709,57.2972,6.061175,0.208559,-0.058586,10.079412,12.997222,7.290293,70.748303,2.863159,2.096369,43.503057,1.229854,0.001553,0.000272,1.934504,2.204783,-6.956515,0.289159,-1354316,-59.792328,-8935784374.578781,0.158425,39.08385,-0.385058,-5.356417,63.106106,0.207883,2.679741,0.01648,0.001553,0.549387
02-20-26,24.450001,24.639999,24.41,24.6,350500,24.234,23.308098,22.404498,0.061608,0.022516,0.004111,TRUE,TRUE,0.9036,0.04688,3.578948,23.605366,59.045729,11.478187,0.234929,-0.025773,9.934886,12.534308,7.189541,96.800079,3.622581,1.756679,43.058591,1.226469,0.001851,0.000388,2.499824,2.503656,-6.956515,0.364635,-1003816,-14.365991,-8935555784.841995,0.157251,47.824005,-1.233536,-6.184385,63.199118,0.231344,2.991581,0.019704,0.001851,0.850005
02-23-26,24.74,24.85,24.639999,24.75,743700,24.2625,23.358269,22.423498,0.057039,0.023738,0.00414,TRUE,TRUE,0.934771,0.04746,30.174525,24.109124,60.579514,5.591693,0.264878,0.00334,11.716102,12.551161,7.702352,92.481174,2.357319,1.518038,44.54315,1.227037,0.001828,0.000378,2.729528,2.528697,-6.956515,0.779621,-2712216,-16.428812,-8908697203.251028,0.126107,65.218495,1.597981,-5.19601,63.809184,0.233415,3.017,0.019434,0.001828,1.094444
02-24-26,24.690001,24.75,24.620001,24.719999,778600,24.284,23.405131,22.443648,0.052238,0.024961,0.00417,TRUE,TRUE,0.961484,0.047635,16.618047,24.520703,60.094753,2.797554,0.28293,0.017114,12.66303,11.956519,9.090907,90.225483,1.770269,1.375405,45.705461,1.223982,0.001983,0.000447,2.651714,2.623379,-6.956515,0.814942,-5005616,3.951936,-8862750571.970985,0.161761,56.113647,1.856467,-4.500932,63.784103,0.240626,3.118479,0.021134,0.001983,0.953933
02-25-26,24.76,24.93,24.68,24.75,785400,24.2905,23.45298,22.462598,0.047288,0.026181,0.004202,TRUE,TRUE,0.990383,0.04809,16.374235,25.179125,60.435703,1.389973,0.296242,0.024341,13.550762,11.536726,9.610275,87.23402,0.528023,1.347764,46.297061,1.21896,0.00176,0.000355,2.581843,2.429215,-6.956515,0.828241,-3911316,-15.366379,-8818256055.3487,0.098271,53.821591,2.843648,-6.399685,63.781173,0.224276,2.917997,0.018834,0.00176,0.992504
02-26-26,24.59,24.870001,24.51,24.76,385900,24.2815,23.504706,22.480798,0.042521,0.027402,0.004234,TRUE,TRUE,1.023908,0.048902,33.333291,25.283166,60.556678,-0.022836,0.304094,0.025754,13.044714,12.443232,10.882223,87.943256,-0.721733,1.292408,45.1282,1.210268,0.001493,0.000259,2.380284,2.167346,-6.956515,0.410571,-3525416,-30.242227,-8818105984.035175,0.084491,56.808337,2.77361,-5.579885,63.296797,0.202192,2.648972,0.016089,0.001493,1.060313
02-27-26,25.1,25.110001,24.940001,25.1,467900,24.2715,23.56536,22.499998,0.038287,0.028631,0.004267,TRUE,TRUE,1.065362,0.050233,35.275041,25.771299,64.527981,4.433228,0.333903,0.044451,15.207665,13.883845,13.369472,99.371055,-0.790509,1.263518,42.920095,1.219991,0.001598,0.000292,3.304528,2.391442,-6.956515,0.512335,-4298716,-53.24273,-8801838845.206223,0.101222,54.715543,6.812553,-2.888529,63.870033,0.221213,2.875476,0.017085,0.001598,1.930332
03-02-26,25.889999,25.950001,25.51,25.809999,1707300,24.3405,23.644664,22.521098,0.035463,0.029883,0.004303,TRUE,TRUE,1.123567,0.052412,43.820169,27.290011,71.076877,10.641175,0.41009,0.09651,17.217317,16.366092,16.418581,94.23863,5.648789,1.375436,54.996143,1.263229,0.002292,0.000561,5.530579,2.992626,-6.956515,1.928488,-3735416,-24.675726,-8778003187.480503,0.132449,60.164177,8.909225,-1.366742,65.328218,0.277541,3.48531,0.02368,0.002292,2.672005
03-03-26,26.370001,26.389999,25.58,25.91,1297800,24.459,23.720744,22.543248,0.034082,0.03115,0.00434,TRUE,TRUE,1.177496,0.054739,49.859125,29.117479,71.86476,11.308082,0.473085,0.127604,16.140623,16.659167,17.772727,83.275271,10.067964,1.532779,61.935367,1.263012,0.00225,0.00054,5.575762,2.974206,-6.956515,1.628275,-5102216,-57.631158,-8755241991.825443,0.168392,67.371864,10.260805,1.691903,67.005543,0.276027,3.466801,0.023247,0.00225,2.342765
03-04-26,26.040001,26.190001,25.92,26.139999,539700,24.5585,23.80452,22.567598,0.03393,0.032431,0.004379,TRUE,TRUE,1.236922,0.057345,49.859098,30.814413,73.643122,9.11514,0.535396,0.151932,16.867499,15.817456,19.579134,91.289195,8.240165,1.51656,71.894123,1.265672,0.002386,0.000605,6.06036,3.09929,-6.956515,0.704781,-2495716,-53.677796,-8659885806.30611,0.131525,65.962894,9.43272,0.323188,67.767856,0.286913,3.596432,0.024599,0.002386,2.199762
03-05-26,26.35,26.74,26.32,26.52,1300900,24.675,23.8928,22.594248,0.035242,0.033747,0.004421,TRUE,TRUE,1.298552,0.060598,80.952403,32.854121,76.307649,5.230772,0.608427,0.179971,19.081481,18.551629,20.930233,93.167722,9.632079,1.494829,83.542933,1.274278,0.002452,0.00063,6.729138,3.254843,-6.956515,1.699867,-1194816,-0.724969,-8659947749.423988,0.082234,82.083668,12.451047,4.481864,69.271632,0.301433,3.753269,0.025102,0.002452,2.208446
03-06-26,27.309999,27.66,27.25,27.51,4462400,24.8625,23.9952,22.625998,0.038787,0.035159,0.004465,TRUE,TRUE,1.369202,0.064779,85.011726,35.325407,81.54278,9.67802,0.737686,0.247384,22.939378,23.863131,25.788748,96.37682,15.782828,1.682505,101.974657,1.334184,0.002627,0.00066,9.16042,4.095476,-6.956515,4.733713,1629984,387.907282,-8628525913.940258,0.147305,89.515485,18.369309,12.284674,73.052434,0.386097,4.593179,0.025696,0.002627,2.596234
03-09-26,28.379999,28.610001,26.690001,27.139999,5114400,25.019,24.0852,22.654548,0.043896,0.036626,0.004513,TRUE,TRUE,1.430652,0.06798,81.609135,38.04128,74.88307,1.239948,0.801035,0.248586,20.972066,23.195636,24.724261,68.318948,13.036231,2.116013,111.752033,1.350303,0.002386,0.000531,8.339024,3.825579,-6.956515,4.436676,-1105216,460.175246,-8592539552.809484,-0.002338,94.165248,17.114374,11.562373,72.659762,0.366581,4.306852,0.023053,0.002386,1.897952
03-10-26,27.57,27.639999,26.6,27.6,2497600,25.1865,24.1846,22.685548,0.050751,0.038174,0.004563,TRUE,TRUE,1.499052,0.071894,80.906868,40.338495,77.358834,1.051185,0.878234,0.260628,22.284209,24.436429,25.740316,77.045457,13.814435,2.181677,124.048504,1.361186,0.00257,0.000607,7.954636,4.006073,-6.956515,2.004237,2348884,296.759333,-8523328085.517664,0.071397,82.422676,17.695667,12.466875,73.736173,0.385309,4.491282,0.024631,0.00257,1.94561
03-11-26,27.67,28.15,27.35,28.129999,1225700,25.386,24.2932,22.719748,0.059341,0.039816,0.004617,TRUE,TRUE,1.573452,0.076353,82.222162,42.683805,79.826189,-1.716591,0.970989,0.282706,26.201139,26.48381,28.977533,88.571396,16.528583,2.287847,137.669091,1.374633,0.002868,0.000741,8.809981,4.353123,-6.956515,0.951431,3574584,219.608866,-8522163671.978813,0.112768,83.254305,21.390744,15.083532,75.431783,0.419845,4.847522,0.027219,0.002868,1.993185
03-12-26,28.719999,28.93,28.49,28.860001,1769200,25.6105,24.4206,22.756998,0.069836,0.041579,0.004676,TRUE,TRUE,1.663602,0.081377,84.189673,45.131854,82.633433,7.750363,1.090828,0.322036,29.757778,28.896835,31.600548,98.416297,18.424291,2.371052,155.662763,1.394095,0.003254,0.000928,10.129765,4.940887,-6.956515,1.334812,12025784,72.436647,-8476743708.293885,0.14221,84.394464,25.819237,18.559137,79.827322,0.478421,5.449788,0.030462,0.003254,2.087526
03-12-26,28.719999,28.93,28.49,28.860001,1767554,25.8635,24.545,22.795198,0.081914,0.043452,0.004738,TRUE,TRUE,1.749802,0.085848,83.706671,47.405043,82.633433,5.274599,1.172287,0.322797,28.972392,29.882995,31.600548,98.416297,21.260511,2.418077,165.497438,1.390041,0.003323,0.000974,9.387526,5.046645,-6.956515,1.332989,12025784,0.657973,-8475538554.704832,0.246309,83.917799,25.837328,20.425389,79.827322,0.486663,5.5608,0.031205,0.003323,1.810602
03-12-26,28.719999,28.93,28.49,28.860001,1767554,25.8635,24.545,22.795198,0.081914,0.043452,0.004738,TRUE,TRUE,1.749802,0.085848,83.706671,47.405043,82.633433,5.274599,1.172287,0.322797,28.972392,29.882995,31.600548,98.416297,21.260511,2.418077,165.497438,1.390041,0.003323,0.000974,9.387526,5.046645,-6.956515,1.332989,13275684,0.657973,-8415415289.246845,0.246309,83.917799,25.837328,20.425389,81.338611,0.486663,5.5608,0.031205,0.003323,1.810602
03-13-26,28.52,28.790001,28.219999,28.709999,1135600,26.105,24.672,22.832998,0.095274,0.045406,0.004805,TRUE,TRUE,1.839002,0.089319,79.32398,48.838539,79.981142,0.154953,1.210784,0.289035,28.413082,28.45637,31.395875,95.022597,20.226131,2.557596,170.203749,1.382718,0.003363,0.001009,8.570076,5.166856,-6.956515,0.828752,12140084,352.971679,-8414598460.559064,0.265112,82.116233,26.490002,19.22806,81.47564,0.495009,5.687322,0.031761,0.003363,1.530518
03-13-26,28.52,28.790001,28.219999,28.709999,1117981,26.361,24.7984,22.871348,0.109614,0.04744,0.004875,TRUE,TRUE,1.927052,0.092852,79.199921,50.169642,79.981142,-2.652291,1.227147,0.244318,29.477586,27.317073,30.678197,95.022597,21.704107,2.637211,168.884542,1.380637,0.003165,0.000896,7.679779,4.945501,-6.956515,0.794714,12140084,188.436791,-8413794305.087776,0.289243,81.532363,27.336258,18.68578,81.47564,0.474417,5.457411,0.029928,0.003165,1.390891
03-13-26,28.52,28.790001,28.219999,28.709999,1117981,26.361,24.7984,22.871348,0.109614,0.04744,0.004875,TRUE,TRUE,1.927052,0.092852,79.199921,50.169642,79.981142,-2.652291,1.227147,0.244318,29.477586,27.317073,30.678197,95.022597,21.704107,2.637211,168.884542,1.380637,0.003165,0.000896,7.679779,4.945501,-6.956515,0.794714,11082784,188.436791,-8399397200.992695,0.289243,81.532363,27.336258,18.68578,80.234722,0.474417,5.457411,0.029928,0.003165,1.390891
03-16-26,28.620001,28.700001,28.200001,28.309999,1204896,26.566,24.9084,22.908498,0.12409,0.049507,0.004948,TRUE,TRUE,1.999902,0.095099,65.862655,51.350854,72.758707,-9.874726,1.194074,0.168996,28.289351,24.275674,27.983718,84.461131,16.935153,2.712318,166.264015,1.39323,0.002917,0.000747,6.69495,4.769195,-6.956515,0.832921,9877888,194.956181,-8400071949.003681,0.246977,78.2911,24.816685,14.019846,78.182602,0.462244,5.267351,0.027326,0.002917,1.048934
03-17-26,28.690001,28.77,28.540001,28.76,449800,26.7825,25.0276,22.945698,0.138573,0.051599,0.005024,TRUE,TRUE,2.081902,0.097993,66.545406,52.488071,75.445117,-4.536025,1.190451,0.132299,31.656099,27.595382,30.312644,95.029238,17.724109,2.697199,165.174185,1.4008,0.003068,0.000817,5.718975,4.910459,-6.956515,0.309111,10703388,61.33429,-8305699231.35509,0.250058,78.332409,27.207821,17.211997,78.611892,0.477511,5.4126,0.02858,0.003068,1.197221
03-17-26,28.690001,28.764999,28.5401,28.76,419339,26.9905,25.151,22.982198,0.15281,0.053706,0.005104,TRUE,TRUE,2.168802,0.100999,61.586594,53.544058,75.445117,-4.536025,1.174047,0.092715,30.100421,28.163991,29.491227,94.925371,16.910568,2.541948,162.413856,1.397627,0.002813,0.00069,4.973683,4.678407,-6.956515,0.287497,10703388,19.640228,-8305298534.859992,0.255368,75.121391,25.652143,18.307074,78.611892,0.455343,5.17155,0.026263,0.002813,1.089501
03-18-26,28.969999,29.299999,28.889999,29.27,872600,27.2165,25.2788,23.021648,0.16658,0.05584,0.005188,TRUE,TRUE,2.257152,0.10491,64.615339,54.830421,78.262699,5.503992,1.188499,0.085734,33.341171,31.491465,31.550564,99.112462,18.262628,2.431768,161.038501,1.405662,0.002684,0.00062,5.123694,4.775277,-6.956515,0.59562,11575988,17.332258,-8304553627.272463,0.278459,74.768632,31.477012,24.587936,81.402733,0.466346,5.266268,0.024905,0.002684,1.275161
03-18-26,28.969999,29.2999,28.885,29.27,869110,27.444,25.4062,23.060598,0.179497,0.058037,0.005275,TRUE,TRUE,2.345602,0.108436,62.977825,56.008793,78.262699,2.817583,1.186277,0.06681,32.407488,31.491465,32.323686,98.993329,18.406154,2.464688,155.973482,1.405416,0.002689,0.000623,4.252557,4.784427,-6.956515,0.591411,11575988,11.624711,-8303809781.431487,0.288646,70.976548,31.387514,25.137997,81.402733,0.467102,5.275793,0.024959,0.002689,1.170712
03-19-26,29.049999,29.2535,28.540001,28.84,1049843,27.6485,25.5192,23.096548,0.190686,0.060261,0.005366,TRUE,TRUE,2.422652,0.111007,46.215094,56.013745,70.367246,-5.077871,1.136716,0.013799,28.807508,28.234773,29.909906,82.96299,16.525253,2.533634,145.235666,1.426797,0.29487,0.033248,3.454461,4.382953,-6.956515,0.708025,10526145,33.66985,-8303976786.281802,0.292093,65.623004,29.378454,22.571851,81.093878,0.433952,4.905819,0.18234,0.29487,0.820391
03-20-26,28.92,29.139999,28.74,28.940001,1959900,27.8575,25.6306,23.132898,0.19967,0.062507,0.00546,TRUE,TRUE,2.497702,0.113044,34.624664,56.018344,71.097502,-7.165197,1.092909,-0.024006,27.826861,27.826861,30.184441,86.666709,16.882069,2.342235,130.844183,1.416036,0.280861,0.032001,3.072707,4.653899,-6.956515,1.255158,14242645,407.877689,-8275610715.257381,0.272566,61.294063,30.254049,23.798956,83.399839,0.440293,5.016838,0.178889,0.280861,0.82732
03-20-26,28.92,29.139999,28.735001,28.940001,1944819,28.0495,25.7416,23.169498,0.205861,0.064761,0.005558,TRUE,TRUE,2.572102,0.114977,47.872319,56.005963,71.097502,-7.165197,1.046133,-0.056626,27.883348,26.929831,30.360358,86.666709,15.298805,1.968308,115.52877,1.41677,0.280971,0.031991,2.397865,4.526936,-6.956515,1.189257,14242645,315.648429,-8275586699.944773,0.248369,41.039232,30.26933,22.690821,83.399839,0.428685,4.882019,0.178859,0.280971,0.770804
03-20-26,28.92,29.139999,28.735001,28.940001,1944819,28.0495,25.7416,23.169498,0.205861,0.064761,0.005558,TRUE,TRUE,2.572102,0.114977,47.872319,56.005963,71.097502,-7.165197,1.046133,-0.056626,27.883348,26.929831,30.360358,86.666709,15.298805,1.968308,115.52877,1.41677,0.280971,0.031991,2.397865,4.526936,-6.956515,1.189257,14436445,315.648429,-8232828520.283279,0.248369,41.039232,30.26933,22.690821,82.593279,0.428685,4.882019,0.178859,0.280971,0.770804
03-23-26,28.110001,28.129999,27.41,27.75,2131000,28.1465,25.8326,23.198398,0.208846,0.066949,0.005659,TRUE,TRUE,2.634202,0.114135,3.340746,52.667258,53.053524,-17.313722,0.902634,-0.1601,22.246692,21.657171,24.663071,20.512813,7.516469,2.178842,103.225,1.518711,0.091392,0.003128,2.313183,3.722181,-6.956515,1.286442,12305445,24.816962,-8232946906.349555,0.222881,41.895588,,15.54531,77.816811,0.371389,3.888076,0.055924,0.091392,-0.384112
03-23-26,28.110001,28.128,27.415001,27.75,2128944,28.2385,25.9244,23.227298,0.209293,0.069072,0.005762,TRUE,TRUE,2.697102,0.113044,-9.595927,49.567031,53.053524,-18.043978,0.77992,-0.226251,23.388174,22.679041,25.056329,17.989432,7.101506,2.156448,89.534646,1.519165,0.094531,0.003324,2.488685,3.697701,-6.956515,1.253748,12305445,64.042534,-8233075303.513087,0.220722,45.081547,23.853588,17.374656,77.816811,0.370005,3.872805,0.057655,0.094531,-0.545599
03-23-26,28.110001,28.128,27.415001,27.75,2128944,28.2385,25.9244,23.227298,0.209293,0.069072,0.005762,TRUE,TRUE,2.697102,0.113044,-9.595927,49.567031,53.053524,-18.043978,0.77992,-0.226251,23.388174,22.679041,25.056329,17.989432,7.101506,2.156448,89.534646,1.519165,0.094531,0.003324,2.488685,3.697701,-6.956515,1.253748,11454645,64.042534,-8195355126.3754,0.220722,45.081547,23.853588,17.374656,77.884338,0.370005,3.872805,0.057655,0.094531,-0.545599
03-24-26,28.18,28.4,28.059999,28.24,1491900,28.3435,26.0196,23.255248,0.207127,0.071151,0.005868,TRUE,TRUE,2.764352,0.113171,-16.666675,47.118809,58.128297,-12.969205,0.713976,-0.233756,24.734985,25.343981,25.51111,43.915354,8.033667,2.08109,74.717213,1.517381,0.068011,0.001692,2.633991,3.682857,-6.956515,0.854627,12946545,176.431351,-8195267365.582616,0.207483,44.002992,25.05265,20.206614,79.225914,0.369151,3.865243,0.041131,0.068011,-0.138523
03-24-26,28.18,28.4,28.055,28.24,1491259,28.4295,26.1094,23.283448,0.202338,0.073177,0.005976,TRUE,TRUE,2.825952,0.112979,-16.666675,44.834645,58.128297,5.074774,0.654175,-0.234846,26.296954,25.566919,25.455351,43.915354,6.485668,2.057061,61.32184,1.51719,0.071788,0.001878,2.77169,3.690966,-6.956515,0.849627,12946545,14.63287,-8195159304.770067,0.211201,40.208259,26.12671,20.640483,79.225914,0.370452,3.879721,0.043336,0.071788,-0.309026
03-24-26,28.18,28.4,28.055,28.24,1491259,28.4295,26.1094,23.283448,0.202338,0.073177,0.005976,TRUE,TRUE,2.825952,0.112979,-16.666675,44.834645,58.128297,5.074774,0.654175,-0.234846,26.296954,25.566919,25.455351,43.915354,6.485668,2.057061,61.32184,1.51719,0.071788,0.001878,2.77169,3.690966,-6.956515,0.849627,12285245,14.63287,-8108218860.33849,0.211201,40.208259,26.12671,20.640483,79.295946,0.370452,3.879721,0.043336,0.071788,-0.309026
03-25-26,27.780001,28.24,27.780001,28.17,910100,28.4625,26.198,23.308898,0.195335,0.075141,0.006087,TRUE,TRUE,2.889102,0.112013,-14.835132,42.120015,57.105565,4.052042,0.594283,-0.23579,25.8151,26.096687,24.370863,40.211665,2.399127,2.016531,57.787177,1.509963,0.032341,0.000392,2.903381,3.826585,-6.956515,0.576897,11375145,-79.605145,-8107585746.638723,0.2171,40.785332,24.926215,19.998317,78.103807,0.379513,3.990665,0.019792,0.032341,-0.506168
03-25-26,27.780001,28.24,27.780001,28.17,900514,28.514,26.2778,23.334048,0.186126,0.077024,0.0062,TRUE,TRUE,2.943752,0.11123,-14.835132,39.599287,57.105565,-1.022732,0.540586,-0.231589,23.498469,25.702812,29.576819,40.211665,3.795139,1.988638,49.355227,1.506028,0.016242,0.000098,3.029353,3.611057,-6.956515,0.658808,11375145,-82.392578,-8106959301.467609,0.372867,40.785332,23.582311,20.910558,78.103807,0.358531,3.779336,0.009885,0.016242,-0.696988
03-26-26,28.440001,28.66,28.4,28.440001,569700,28.556,26.3608,23.359948,0.174905,0.078829,0.006316,TRUE,TRUE,3.000852,0.110628,3.703732,38.012997,60.235314,2.107017,0.513895,-0.206625,24.736849,25.61838,35.751788,54.497408,3.043479,1.964736,44.503599,1.507569,0.004456,0.000008,2.99716,3.760235,-6.956515,0.44841,11944845,-77.190102,-8107353705.302111,0.294904,45.873278,26.531882,22.257223,79.891481,0.373138,3.929112,0.002742,0.004456,-0.260652
03-27-26,28.85,29.219999,28.799999,29.1,595300,28.6045,26.4504,23.393448,0.16246,0.080596,0.006436,TRUE,TRUE,3.056952,0.111293,9.139786,37.366001,66.642483,9.536918,0.539775,-0.144595,28.818062,28.024641,41.125117,89.418047,3.44828,1.998722,44.900464,1.524211,-0.004922,0.000009,2.964829,3.902186,-6.956515,0.480481,11301945,-51.431835,-8071641615.681425,0.265711,46.380513,29.765631,24.114766,80.506912,0.39032,4.065161,-0.002986,-0.004922,1.103553
03-30-26,29.389999,29.440001,29.139999,29.26,1067800,28.6245,26.5368,23.430448,0.149006,0.082333,0.00656,TRUE,TRUE,3.106352,0.112196,12.886594,37.048955,67.989049,10.883484,0.566665,-0.094165,27.884621,28.558875,45.138891,91.132993,1.386,2.01589,46.942843,1.52352,-0.0054,0.000011,2.928044,3.864643,-6.956515,0.886952,13198445,-39.645037,-8055219312.555323,0.214483,50.969372,29.658408,24.743261,81.570273,0.386525,4.027468,-0.003278,-0.0054,1.353774
03-31-26,29.280001,29.379999,28.83,28.950001,6393700,28.629,26.6098,23.466048,0.135079,0.084022,0.006687,TRUE,TRUE,3.143752,0.112298,-8.695643,36.011966,62.707296,2.471983,0.556545,-0.083428,26.419219,28.381382,38.583062,75.862088,0.311851,2.039944,47.222782,1.534489,-0.064262,0.00166,2.942586,3.639592,-6.956515,4.454903,6342845,261.725865,-8026978075.151816,0.012384,34.413891,26.564387,21.571268,78.761019,0.367147,3.801347,-0.040739,-0.064262,0.679758
04-01-26,28.719999,28.799999,28.51,28.68,7866900,28.6275,26.6948,23.499898,0.120784,0.085649,0.006817,TRUE,TRUE,3.194902,0.111326,-14.93671,34.34897,58.448374,-8.194109,0.520735,-0.09539,23.673996,29.950162,39.020851,62.561578,-0.104489,2.0654,47.200459,1.536135,-0.068283,0.001874,2.963829,3.614965,-6.956515,4.440136,-1524055,592.75273,-8025621677.399207,0.025258,26.285249,23.880263,21.108766,77.65552,0.365276,3.778327,-0.043289,-0.068283,0.111228
04-02-26,29.469999,29.48,29.030001,29.33,1765000,28.6585,26.8106,23.537548,0.107182,0.087229,0.006952,TRUE,TRUE,3.273052,0.111047,11.750594,33.769267,64.669448,-3.319601,0.538597,-0.062023,25.502777,31.230422,40.133777,92.753641,2.159529,2.036675,49.73857,1.553819,-0.05167,0.001054,3.127653,3.989087,-6.956515,0.978316,1739445,57.873882,-8005718451.012604,0.018824,31.587582,25.255399,,79.65434,0.406555,4.155741,-0.032459,-0.05167,1.350058
04-06-26,29.389999,29.610001,29.27,29.48,1310900,28.717,26.9172,23.575898,0.094197,0.088773,0.007091,TRUE,TRUE,3.341302,0.111214,12.796187,33.393641,65.936877,3.22958,0.558419,-0.033761,26.036769,33.393661,40.783184,94.090863,4.132816,2.011774,52.241452,1.548613,-0.027461,0.000289,3.511491,3.853815,-6.956515,0.724486,4568645,8.797772,-7989328654.256267,0.045937,30.131167,25.604041,25.394546,80.60624,0.392689,4.025954,-0.017004,-0.027461,1.460525
04-07-26,29.610001,29.76,29.110001,29.370001,2205000,28.7475,27.0208,23.613098,0.081831,0.09028,0.007233,TRUE,TRUE,3.407702,0.111324,9.930728,32.683998,64.120312,5.671938,0.55881,-0.026695,26.594827,32.416593,40.593594,83.404284,2.121003,2.078894,54.247859,1.548459,-0.034818,0.000464,3.478628,3.593966,-6.956515,1.16225,1236145,390.217875,-7938333553.501737,0.021366,29.830403,26.266218,25.030362,78.102096,0.367461,3.768018,-0.021548,-0.034818,1.147512
04-08-26,28.030001,28.639999,28,28.559999,3558100,28.7375,27.1168,23.644448,0.069652,0.091712,0.007378,TRUE,TRUE,3.472352,0.109778,20.506322,30.675798,52.623334,-12.046114,0.488133,-0.077898,23.316061,28.997291,35.035461,48.827245,-0.695413,2.097838,54.407709,1.599457,-0.094748,0.003293,3.215066,3.030135,-6.956515,1.732178,-2321955,748.502047,-7935664978.501737,0.074937,28.443788,21.733001,19.610526,75.087324,0.325369,3.234595,-0.057387,-0.094748,-0.326242
04-09-26,28.799999,28.950001,28.450001,28.709999,948000,28.7095,27.2108,23.676598,0.058015,0.093067,0.007527,TRUE,TRUE,3.534202,0.108955,23.414621,28.6357,54.258957,-11.67792,0.439162,-0.101495,22.274274,29.792034,34.347206,46.969627,-1.913226,2.033885,52.944347,1.587035,-0.102868,0.00396,2.892076,2.832428,-6.956515,0.460666,491945,8.640843,-7895406652.321917,0.057622,25.817839,19.772188,20.084383,75.561487,0.302262,3.029415,-0.062929,-0.102868,0.000942
04-10-26,28.629999,28.780001,28.469999,28.5,496600,28.671,27.2958,23.707798,0.047174,0.094335,0.007678,TRUE,TRUE,3.588002,0.107723,6.806293,26.741323,51.574445,-12.545867,0.379038,-0.129295,20,27.573858,34.497401,36.36361,-2.630681,1.963658,51.43203,1.592441,-0.113088,0.004785,2.808862,2.625703,-6.956515,0.243519,1295945,-42.861088,-7879819007.071807,0.030091,21.668073,17.1951,18.249948,75.867393,0.284153,2.839424,-0.069174,-0.113088,-0.332478
04-13-26,29.209999,29.34,28.879999,28.959999,1206800,28.677,27.3922,23.740948,0.037803,0.095523,0.007832,TRUE,TRUE,3.651252,0.10757,16.822426,25.807945,56.635619,4.012285,0.364308,-0.11522,21.988203,30.981449,36.026293,59.595892,0.416085,2.054558,51.708807,1.595714,-0.096412,0.003475,2.616906,2.662672,-6.956515,0.589513,5431945,14.950521,-7866364238.401088,0.014831,26.054421,18.879395,19.534314,77.316873,0.288866,2.878708,-0.058953,-0.096412,0.547294
04-14-26,29.040001,29.07,28.73,28.84,957300,28.672,27.4816,23.773698,0.030114,0.096606,0.007989,TRUE,TRUE,3.707902,0.107522,15.473457,24.673753,55.020132,0.761175,0.339043,-0.112388,19.272125,28.406061,36.488411,53.535339,-0.345544,2.033386,51.488993,1.592552,-0.102909,0.003996,2.402996,2.383186,-6.956515,0.479373,2938045,-51.155671,-7843066653.201289,0.006744,25.988802,15.820289,16.587471,76.999489,0.261549,2.612339,-0.063216,-0.102909,0.326284
04-15-26,28.84,29.040001,28.799999,28.889999,769600,28.6695,27.5834,23.807048,0.024196,0.097579,0.008149,TRUE,TRUE,3.776352,0.107949,16.438358,23.620575,55.588565,4.01412,0.319373,-0.105646,18.937828,26.488613,35.506566,50.568141,-0.172775,1.975474,51.364004,1.58491,-0.099967,0.003811,2.156395,2.182657,-6.956515,0.397065,4515545,-60.428194,-7807061840.372993,0.001366,27.906661,15.07019,14.962958,76.649197,0.240896,2.417438,-0.061733,-0.099967,0.429288
04-16-26,29.049999,29.27,29.049999,29.110001,556700,28.7375,27.688,23.840048,0.019848,0.098449,0.008311,TRUE,TRUE,3.847952,0.107062,15.473457,22.998666,58.097816,1.462197,0.317873,-0.085717,18.237204,27.396062,36.346605,63.068208,4.900903,1.933553,47.399624,1.510985,-0.345055,0.042604,1.968145,3.024911,-6.956515,0.299381,5072245,-73.876115,-7807314880.56234,-0.002197,27.905624,14.486683,16.817438,77.464268,0.342814,3.680888,-0.206409,-0.345055,0.785873
04-17-26,28.08,28.35,27.84,28.290001,4703400,28.7645,27.782,23.869898,0.016451,0.099166,0.008475,TRUE,TRUE,3.912102,0.103063,-18.040093,22.24988,47.357616,-7.662516,0.247662,-0.124743,13.432239,24.078956,33.254835,23.437539,1.945949,2.113317,42.792617,1.477808,-0.327015,0.039904,2.217836,3.240729,-6.956515,2.365623,-931655,120.926431,-7784529782.360105,0.091624,22.830039,8.898072,12.597391,74.971848,0.354118,3.882154,-0.199761,-0.327015,-1.108834
04-20-26,28.540001,28.82,28.52,28.67,1226200,28.786,27.8712,23.901848,0.014227,0.099738,0.008642,TRUE,TRUE,3.969352,0.100457,-12.526555,20.824963,51.804096,-3.784469,0.220144,-0.121808,13.320162,31.186005,36.784357,43.229161,1.522664,2.132643,41.064007,1.45385,-0.331307,0.042321,2.327716,3.067,-6.956515,0.620878,363145,-17.809505,-7737243020.576895,0.090019,23.137093,8.657915,19.329802,75.08431,0.333081,3.716386,-0.205721,-0.331307,-0.282486
04-21-26,28.77,29.280001,28.73,29.209999,802300,28.8345,27.9668,23.936348,0.013389,0.10018,0.008811,TRUE,TRUE,4.030452,0.098552,5.263129,19.811253,57.320939,-0.776877,0.239153,-0.08224,19.566102,32.950646,42.002915,71.354108,3.434842,2.10789,39.99009,1.46807,-0.361817,0.051144,2.290701,3.346887,-6.956515,0.413451,1165445,-46.199822,-7736644946.644401,0.104243,30.608503,13.212159,21.261158,77.464718,0.354229,3.932213,-0.22615,-0.361817,0.93898
04-22-26,29.33,29.58,29.33,29.51,1232600,28.9015,28.065,23.971448,0.01342,0.100515,0.008982,TRUE,TRUE,4.093552,0.096132,16.700215,19.255365,60.056469,12.698854,0.275252,-0.036913,25.361084,34.256999,42.767296,86.979167,4.756834,2.069518,39.493199,1.444435,-0.43076,0.072328,2.254229,3.915373,-6.956515,0.629964,222145,35.435666,-7715656649.432608,0.101064,45.659855,19.74097,22.445551,77.95085,0.416786,4.755735,-0.268938,-0.43076,1.540772
04-23-26,29.52,30.040001,29.5,29.889999,1074300,28.9875,28.1678,24.008248,0.014832,0.100757,0.009157,TRUE,TRUE,4.159552,0.094439,11.914895,19.286594,63.268025,11.463929,0.330711,0.014837,23.768115,35.034869,43.978801,93.181751,6.105784,1.981075,41.406668,1.446633,-0.459072,0.07986,3.317148,3.952497,-6.956515,0.546631,-1917655,19.298534,-7653878440.688391,0.096827,43.898593,18.305133,23.523131,77.749824,0.4147,4.744042,-0.282595,-0.459072,2.179599
04-24-26,29.74,29.9,29.58,29.860001,972600,29.0585,28.2706,24.045148,0.01721,0.100894,0.009335,TRUE,TRUE,4.225452,0.092776,8.296977,19.315593,62.838488,5.517549,0.368,0.041701,23.439438,33.904422,44.67055,91.818171,4.992968,1.978281,43.638797,1.445566,-0.502175,0.091113,3.296937,3.754095,-6.956515,0.489863,-2890255,70.721432,-7653148984.891237,0.124147,38.138072,18.614594,22.607529,77.71842,0.386319,4.449933,-0.301849,-0.502175,1.83667
04-27-26,30,30.25,29.969999,30.09,1478500,29.108,28.3774,24.083398,0.020305,0.100933,0.009516,TRUE,TRUE,4.294002,0.090993,15.31915,19.752009,64.811049,4.75458,0.411369,0.068056,26.641414,35.879032,43.62768,93.361002,3.402061,1.90144,49.372484,1.442556,-0.496449,0.088599,3.817562,3.986397,-6.956515,0.728463,-897055,148.36217,-7635085418.583576,0.109957,47.206159,20.865238,23.243989,79.814826,0.397246,4.579016,-0.297656,-0.496449,1.988962
04-28-26,30.190001,30.35,30.110001,30.34,1564500,29.162,28.489,24.123198,0.02373,0.100887,0.009699,TRUE,TRUE,4.365802,0.089678,42.995251,20.271741,66.869599,3.601574,0.460603,0.093832,26.364014,37.428238,46.640886,99.601585,3.691046,1.624448,56.51232,1.441818,-0.495859,0.088793,4.248847,3.96606,-6.956515,0.761518,-126455,46.516202,-7625005612.213655,0.148728,61.114852,22.313647,26.484537,80.719651,0.393577,4.53953,-0.297982,-0.495859,2.084502
04-29-26,30.83,31.110001,30.83,31.08,1884800,29.2685,28.6086,24.166598,0.027939,0.100793,0.009886,TRUE,TRUE,4.442002,0.088279,50.105791,21.534082,72.076722,9.238234,0.552959,0.14895,28.164948,40.595307,48.282449,99.082548,7.35751,1.647823,70.617039,1.421119,-0.686983,0.165306,6.009045,4.913359,-6.956515,1.030506,-432655,-70.520982,-7585093658.144531,0.30606,63.307192,26.55338,29.683835,82.754846,0.490951,6.002665,-0.406579,-0.686983,2.565245
04-30-26,30.790001,31.110001,30.790001,31.1,2145400,29.3895,28.7144,24.211248,0.032892,0.100658,0.010075,TRUE,TRUE,4.503152,0.086644,57.268792,22.623414,72.203881,7.392832,0.620611,0.173282,28.831819,40.378619,47.253784,99.694183,8.437936,1.649059,80.098944,1.42194,-0.672974,0.165147,5.63733,4.859954,-6.956515,1.390471,1712745,-72.728775,-7583082348.84143,0.38403,57.844407,25.941291,27.265392,81.141712,0.49137,6.003745,-0.406382,-0.672974,2.135484
05-01-26,30.879999,30.91,30.59,30.809999,1626300,29.4635,28.8124,24.253298,0.038245,0.100453,0.010268,TRUE,TRUE,4.559102,0.08364,42.334134,23.211762,67.410381,0.540781,0.643409,0.156863,26.425927,37.567778,44.920034,90.825654,5.046026,1.588075,86.129817,1.416799,-0.676658,0.168091,5.33475,4.930234,-6.956515,1.058793,1399545,-7.858357,-7559604785.155396,0.386464,50.805012,23.548234,26.166639,80.814856,0.496628,6.100781,-0.409989,-0.676658,1.563337
05-04-26,30.889999,31.459999,30.870001,31.33,2479300,29.556,28.9162,24.296498,0.044633,0.100208,0.010463,TRUE,TRUE,4.619702,0.082138,52.201269,24.319535,71.113564,-0.963158,0.695419,0.167099,31.638659,38.989029,45.113477,96.408862,6.275442,1.632393,95.716911,1.397429,-0.79392,0.229475,5.537879,4.820517,-6.956515,1.55499,2779145,89.129606,-7534603051.928902,0.406119,58.57354,27.558306,28.789527,81.983531,0.460672,5.961681,-0.479035,-0.79392,1.853382
05-05-26,31.190001,31.27,31.059999,31.200001,699200,29.6475,29.0098,24.339298,0.051548,0.099908,0.010661,TRUE,TRUE,4.670502,0.080401,47.628909,25.348182,69.00259,-3.201291,0.717873,0.151642,30.653274,39.974254,45.251403,92.817724,6.230847,1.646063,102.361535,1.400352,-0.79452,0.228356,5.133028,4.560368,-6.956515,0.460265,4498745,-68.290249,-7415917422.829765,0.448433,55.294707,28.448453,31.399123,82.511832,0.428964,5.535727,-0.477866,-0.79452,1.516684
05-06-26,30.370001,30.43,30.120001,30.209999,1739100,29.73,29.0638,24.378098,0.058131,0.099495,0.010862,TRUE,TRUE,4.685702,0.076952,19.57293,24.481133,55.492837,-11.917544,0.648309,0.065663,28.062734,36.24235,42.031022,65.469603,5.77731,1.865513,99.751276,1.474464,-0.857627,0.24178,4.865636,3.636911,-6.956515,1.217708,2759645,-51.12279,-7416646740.778563,0.358031,50.153256,24.734911,24.851622,79.270364,0.36875,4.559322,-0.491711,-0.857627,0.481196
05-07-26,29.74,30.370001,29.57,30.25,5368300,29.807,29.126,24.418898,0.063879,0.098962,0.011065,TRUE,TRUE,4.707102,0.073512,40.495848,22.836273,55.868801,-15.244763,0.589611,0.005572,24.948373,36.1258,42.756013,58.843549,5.363988,1.752067,97.37886,1.474347,-0.849299,0.238115,4.218781,3.551539,-6.956515,3.255113,5450445,466.276371,-7343416434.165422,0.422829,48.180719,23.62401,25.632355,79.484402,0.357855,4.414307,-0.487971,-0.849299,0.454924
05-08-26,30.129999,30.42,30.129999,30.299999,1309900,29.897,29.18,24.460348,0.068654,0.098316,0.01127,TRUE,TRUE,4.719652,0.069797,36.141886,21.379745,56.36497,-12.63762,0.540891,-0.034518,24.02783,36.529106,43.194704,57.509156,6.315787,1.692599,92.877452,1.473273,-0.845578,0.238898,3.663499,3.60558,-6.956515,0.775155,6760345,163.773661,-7343190593.496932,0.431186,48.496589,22.425394,24.294513,79.043575,0.375346,4.635824,-0.488772,-0.845578,0.433904
05-11-26,30.74,31.17,30.74,31.059999,3213000,30.002,29.2386,24.506548,0.07318,0.097593,0.011478,TRUE,TRUE,4.732052,0.067069,39.112047,21.001718,63.147427,7.65459,0.557184,-0.014581,26.260158,38.803962,44.937,81.220668,7.251383,1.710975,93.594639,1.498982,-0.85339,0.233085,3.194325,3.965034,-6.956515,1.794807,9973345,166.241299,-7308870356.320895,0.472833,53.305355,25.271654,26.536634,81.516499,0.405565,4.904454,-0.482789,-0.85339,1.130406
05-12-26,31.48,31.700001,31.370001,31.690001,1300500,30.1445,29.2952,24.556148,0.077671,0.096841,0.011689,TRUE,TRUE,4.739052,0.06504,43.082998,21.227221,67.637979,11.769177,0.613855,0.033672,28.040406,43.041751,48.084117,99.545444,9.882109,1.737818,96.618879,1.513021,-0.841323,0.21985,3.71737,4.275862,-6.956515,0.719572,10966545,35.85083,-7263665396.022188,0.511489,53.575373,26.32011,31.029271,83.500641,0.432782,5.140849,-0.468881,-0.841323,1.599584
05-13-26,31.6,31.719999,31.309999,31.370001,777700,30.2685,29.3454,24.603798,0.081679,0.096044,0.011904,TRUE,TRUE,4.741602,0.062677,29.600018,21.33382,63.411371,7.0464,0.625733,0.03644,26.901301,42.970852,47.34617,83.720998,8.58429,1.725945,95.579823,1.518932,-0.793594,0.195295,3.403997,3.844147,-6.956515,0.430208,10188845,1.052495,-7264215471.215482,0.501482,50.137438,25.826689,30.973547,83.337297,0.390204,4.546063,-0.441922,-0.793594,1.152441
05-14-26,31.049999,31.190001,30.959999,31.15,679000,30.3705,29.3942,24.650348,0.085814,0.095211,0.012122,TRUE,TRUE,4.743852,0.060809,24.855451,20.837855,60.607315,-2.540112,0.610358,0.016853,25.858584,42.913381,45.49276,73.488382,7.007898,1.758772,93.426852,1.490727,-0.850029,0.234554,3.068007,3.290375,-6.956515,0.374343,8665045,21.968744,-7244996397.013021,0.518973,50.625594,24.488445,30.689426,81.984031,0.334932,4.076633,-0.484308,-0.850029,0.834342
05-15-26,31.030001,31.24,30.99,31.190001,832200,30.5155,29.4438,24.696948,0.08999,0.094351,0.012343,TRUE,TRUE,4.746852,0.058879,21.999982,20.440508,60.945474,-6.692505,0.594548,0.000834,25.969306,42.401642,46.983985,75.34889,10.25097,1.724455,81.133096,1.490918,-0.891197,0.243741,2.78741,3.243986,-6.956515,0.513613,9894545,-82.306417,-7227612309.218268,0.485388,49.459657,26.389053,32.593396,84.093785,0.34334,4.203737,-0.493701,-0.891197,0.831351
05-18-26,31.24,31.790001,31.190001,31.379999,1514300,30.651,29.5052,24.744948,0.093809,0.093458,0.012567,TRUE,TRUE,4.760252,0.057357,21.052593,20.731592,62.588249,-0.823122,0.590542,-0.002538,25.019915,44.032526,48.368793,81.531463,9.452386,1.791406,70.640621,1.489555,-0.006631,0.003317,2.557683,3.197483,-6.956515,0.926353,12474945,23.495351,-7218866249.406328,0.464127,49.477468,125.019915,144.032526,,0.304963,3.255458,-0.057595,-0.006631,1.031983
05-19-26,31.620001,31.690001,31.41,31.610001,960000,30.771,29.5622,24.794248,0.097303,0.092551,0.012794,TRUE,TRUE,4.767952,0.056565,11.963882,21.001884,64.533135,3.92582,0.599022,0.004753,22.471915,43.558293,50.237639,91.891883,8.21637,1.674427,65.035955,1.483116,-0.006737,0.003459,2.506318,3.082788,-6.956515,0.584448,14170645,19.655989,-7183865762.854167,0.456218,47.605989,22.711633,35.509835,86.058206,0.2854,3.036216,-0.058811,-0.006737,1.290057
05-20-26,31.360001,31.41,30.67,30.879999,1343600,30.8395,29.6046,24.839448,0.099922,0.091609,0.013023,TRUE,TRUE,4.765152,0.055971,-4.280174,19.959358,54.796348,-6.149125,0.540605,-0.042931,19.181781,38.418462,47.892722,59.008953,4.64249,1.857422,57.875997,1.451125,-0.007512,0.004499,2.549647,2.049068,-6.956515,0.815229,11073245,9.005355,-7169155149.482949,0.420601,49.217856,16.293249,29.480272,82.350139,0.182059,1.981406,-0.067078,-0.007512,0.069976
05-21-26,31.290001,31.290001,30.43,30.700001,749900,30.88,29.6332,24.884098,0.101563,0.09062,0.013254,TRUE,TRUE,4.749102,0.054268,-2.186851,18.623881,52.685516,-9.902732,0.474317,-0.087375,17.444535,37.254491,43.996253,50.900921,2.709941,1.949746,53.554706,1.440642,-0.007351,0.004371,2.578179,2.203934,-6.956515,0.459524,13750745,-30.196407,-7125245435.156844,0.401604,51.091389,14.814015,26.993619,82.873289,0.195223,2.13992,-0.066115,-0.007351,-0.336104
05-22-26,30.6,30.780001,30.32,30.540001,863100,30.914,29.6586,24.927848,0.101965,0.089585,0.013487,TRUE,TRUE,4.730752,0.052884,-16.916453,17.371978,50.811806,-13.721329,0.404213,-0.125983,15.158373,37.132295,42.311287,43.693725,2.277295,1.915523,48.674445,1.430452,-0.007751,0.004931,2.737785,1.809747,-6.956515,0.530671,12887645,-11.258482,-7125282958.443033,0.379377,43.274969,11.63136,26.740993,82.34397,0.157006,1.734071,-0.070222,-0.007751,-0.768369
05-26-26,30.129999,30.309999,29.99,30.030001,1488800,30.911,29.6824,24.969898,0.100315,0.088474,0.013722,TRUE,TRUE,4.712502,0.051399,-23.168296,16.704154,45.283563,-9.512786,0.303999,-0.180958,9.160307,34.201002,40.458381,20.720754,-0.1994,2.014655,49.224417,1.431467,-0.008309,0.005663,3.04707,1.14489,-6.956515,0.915089,10408445,0.696652,-7099437814.634229,0.351432,41.808737,3.75434,23.977911,81.388739,0.095334,1.052876,-0.075251,-0.008309,-1.789761
05-27-26,29.42,29.68,29.4,29.49,936800,30.8685,29.6934,25.008048,0.0962,0.087262,0.013959,FALSE,TRUE,4.685352,0.050161,-15.652145,16.864535,40.285721,-12.399795,0.178941,-0.244812,8.658808,31.446805,37.290505,3.765695,-2.801583,1.94255,57.403732,1.414936,-0.00875,0.006435,3.342033,0.336774,-6.956515,0.587129,9755945,-40.121445,-7067269425.372725,0.302919,43.402341,4.160252,22.917016,80.557212,0.020191,0.22579,-0.080216,-0.00875,-2.401412
05-28-26,29.68,29.73,29.27,29.719999,918700,30.8005,29.709,25.046698,0.090229,0.085969,0.014197,TRUE,TRUE,4.662302,0.049264,-11.064726,17.172187,43.163052,-7.648755,0.09727,-0.261186,7.681155,31.677049,37.274826,17.857094,-4.375806,1.845801,62.587621,1.418087,-0.008622,0.006219,3.529114,0.481537,-6.956515,0.593761,10674645,-51.257428,-7066390669.84472,0.292918,59.813791,3.355713,22.56459,81.169465,0.033619,0.375039,-0.078859,-0.008622,-1.726381
05-29-26,29.530001,29.59,29.290001,29.48,1035300,30.7195,29.7436,25.083698,0.082707,0.084598,0.014436,FALSE,TRUE,4.659902,0.047672,-16.465846,17.457863,40.945923,-4.337639,0.013029,-0.276342,4.799148,32.257719,36.040607,8.333295,-5.209006,1.894749,68.692681,1.420561,-0.008741,0.006371,3.815007,0.4271,-6.973812,0.694017,11298145,-51.743265,-7050601989.619945,0.245656,53.129326,-0.348674,22.051871,81.15939,0.028714,0.319795,-0.079819,-0.008741,-1.804414
06-01-26,30.040001,30.309999,29.84,29.99,1640900,30.6785,29.7884,25.122698,0.073768,0.083183,0.014676,TRUE,TRUE,4.665702,0.046874,-22.621542,16.427128,47.157557,6.871836,-0.012436,-0.241446,3.915451,34.83838,38.714147,28.571396,-2.661473,1.853,70.546218,1.436908,-0.00843,0.00579,4.040733,0.740781,-6.973812,1.099445,13808745,0.897743,-7032283684.531074,0.205221,48.019338,-2.184904,24.55922,83.274534,0.058558,0.644429,-0.076089,-0.00843,-0.975956
06-02-26,30,30.15,29.950001,30.120001,715900,30.618,29.826,25.163198,0.063598,0.081718,0.014917,TRUE,TRUE,4.662802,0.045539,-37.115803,15.470016,48.640545,5.477493,-0.021875,-0.200708,4.365905,34.603204,37.096048,33.730168,-3.86211,1.740657,69.849934,1.424398,-0.007911,0.005188,4.050333,1.086592,-6.973812,0.509788,13039345,-71.124914,-6994104836.884326,0.186575,45.717822,-3.150232,23.716367,81.193965,0.090359,1.002696,-0.072029,-0.007911,-0.712956
06-03-26,30.299999,30.370001,30.17,30.290001,505500,30.5725,29.867,25.204448,0.052626,0.080203,0.01516,TRUE,TRUE,4.662552,0.045146,-26.470562,14.519584,50.593212,9.647288,-0.01546,-0.155435,5.503316,35.480059,37.869831,40.476201,-2.916666,1.693158,68.815462,1.41249,-0.008151,0.005601,4.196379,0.903733,-6.973812,0.362463,13544845,-27.703089,-6994003734.956004,0.183139,50.227018,-1.813242,26.099719,82.370019,0.072456,0.81107,-0.074837,-0.008151,-0.410517
06-04-26,29.959999,29.969999,29.75,29.879999,781200,30.556,29.9012,25.242948,0.041329,0.078625,0.015404,FALSE,TRUE,4.658252,0.043995,-29.74237,14.012932,46.04623,-1.111326,-0.042965,-0.146351,4.075236,34.754103,31.920528,24.206293,-1.092353,1.747467,70.113758,1.424809,-0.00855,0.00606,4.426946,0.644569,-6.973812,0.580072,11233845,-55.080214,-6963075255.114028,0.222003,49.971018,-4.624969,23.72627,79.652161,0.049063,0.544638,-0.077849,-0.00855,-0.964149
06-05-26,29.610001,29.620001,29.200001,29.23,1126100,30.505,29.9224,25.278048,0.029278,0.076937,0.015648,FALSE,TRUE,4.644352,0.04258,-40.16393,14.315511,39.920732,-8.719813,-0.115876,-0.17541,3.249735,32.458416,29.336279,1.158254,-3.371902,1.891404,75.925537,1.436125,-0.008448,0.005828,4.849847,-0.087966,-7.762704,0.992491,10107745,-79.023154,-6964040490.260553,0.055372,43.296706,-2.095195,23.455207,79.451773,-0.017733,-0.195349,-0.076342,-0.008448,-1.679278
06-08-26,29.48,29.58,29.41,29.469999,654200,30.4635,29.943,25.312548,0.017006,0.075151,0.015894,FALSE,TRUE,4.630452,0.041562,-38.742358,14.596476,42.939075,-7.654137,-0.152535,-0.169655,2.468703,34.906298,27.686306,10.843316,-2.739274,1.815406,79.298443,1.439955,-0.008295,0.005589,5.172716,0.06313,-7.762704,0.593737,11251745,-50.057256,-6954560500.656721,0.038039,39.409233,-2.927205,24.822087,79.911385,-0.003539,-0.038873,-0.074757,-0.008295,-1.252863
06-09-26,29.27,29.33,28.815001,29.07,2392102,30.364,29.9424,25.346048,0.004118,0.073238,0.01614,FALSE,TRUE,4.596352,0.039148,-49.803917,15.604321,39.387389,-6.658842,-0.211426,-0.182837,1.077884,31.502753,25.626623,9.82656,-6.406954,1.925156,83.778179,1.438065,-0.008436,0.005797,3.548765,0.083777,-8.267595,2.255019,9602343,-25.549269,-6943895512.644635,-0.035544,29.296688,-4.297353,21.440132,79.96686,-0.001714,-0.018851,-0.076138,-0.008436,-1.544555
06-10-26,29.120001,29.389999,29.120001,29.17,915878,30.238,29.9406,25.380848,-0.008865,0.071198,0.016387,FALSE,TRUE,4.559752,0.037054,-38.255003,16.414219,40.707791,0.787059,-0.24718,-0.174872,-0.341648,32.885613,25.408426,14.343414,-7.952037,1.766736,81.710422,1.438055,-0.008395,0.005742,3.34231,0.083273,-8.267595,0.879334,10584821,-29.574933,-6916467977.676935,-0.12253,36.406734,-7.030752,24.207655,80.92094,-0.001527,-0.016798,-0.075773,-0.008395,-1.307055
06-11-26,29.17,29.32,28.77,28.85,1377400,30.112,29.9386,25.414948,-0.02183,0.069005,0.016634,FALSE,TRUE,4.523652,0.034423,-40.130138,17.579822,37.865189,-5.073886,-0.297902,-0.180476,-1.434917,30.507551,28.794647,3.980095,-8.033154,1.709581,82.758761,1.445313,-0.008714,0.006129,3.261567,-0.117962,-8.961818,1.285435,9207421,77.111997,-6917444679.321419,-0.139009,35.059945,-9.617498,21.221536,78.928353,-0.020405,-0.223383,-0.078291,-0.008714,-1.524914
06-12-26,28.629999,28.879999,28.51,28.549999,1080700,29.982,29.936,25.446798,-0.034806,0.066694,0.016882,FALSE,TRUE,4.489202,0.029288,-41.894739,18.948629,35.371459,-4.01593,-0.358178,-0.192602,-1.005551,27.512282,30.603835,2.150484,-8.346711,1.705028,85.954476,1.348138,-0.007573,0.005317,3.00717,0.47644,-9.908492,0.989988,9147421,59.16053,-6903848078.053995,-0.195531,34.709179,-11.065099,18.081115,77.235344,0.033246,0.390025,-0.072916,-0.007573,-1.665999
06-15-26,28.18,28.25,28.1,28.219999,968247,29.8335,29.9138,25.476698,-0.04703,0.064303,0.01713,FALSE,TRUE,4.437102,0.023568,-39.606127,20.635077,32.81162,-7.896171,-0.427646,-0.209656,-2.48791,24.646643,29.271642,5.286295,-9.522287,1.699654,89.565802,1.357185,-0.007833,0.005615,3.510891,0.247935,-10.94983,0.881482,8367974,16.347873,-6874365110.397493,-0.190605,36.087205,-15.206926,14.663529,75.737036,0.013348,0.155587,-0.074935,-0.007833,-1.801469
06-16-26,27.9,28.040001,27.76,27.9,463800,29.6595,29.8822,25.504248,-0.058575,0.061801,0.017377,FALSE,TRUE,4.377952,0.018128,-36.551708,22.512383,30.506111,-7.359079,-0.502726,-0.227789,-3.593645,23.287674,27.339114,5.36396,-11.089865,1.675625,91.717834,1.346168,-0.00832,0.006445,4.034244,-0.319944,-11.959611,0.443443,7904174,-69.371987,-6874365113.556872,-0.173633,37.331334,-16.658756,12.920276,74.649014,-0.036504,-0.429325,-0.080282,-0.00832,-1.918384
06-17-26,27.969999,28.35,27.68,27.709999,1454800,29.4645,29.849,25.531698,-0.06952,0.059189,0.017623,FALSE,TRUE,4.317302,0.012395,-46.635701,23.52796,29.194427,-6.177032,-0.570977,-0.236832,-0.144147,22.070476,27.110092,1.115196,-12.337872,1.741247,89.497739,1.348939,-0.008386,0.006521,4.60482,-0.452856,-12.559171,1.358805,7227174,51.541667,-6848755033.102136,-0.250691,39.244029,-10.558604,,74.912263,-0.048234,-0.566168,-0.08075,-0.008386,-1.960386
06-18-26,27.530001,27.700001,27.280001,27.629999,1121200,29.302,29.8304,25.558098,-0.079739,0.056498,0.017869,FALSE,TRUE,4.272302,0.006441,-44.578286,24.86816,28.636116,-4.175504,-0.624325,-0.232144,-0.432435,22.8546,26.685006,11.326811,-10.524612,1.746288,91.916253,1.349065,-0.00836,0.006474,5.118801,-0.460821,-12.811617,1.058209,5499374,-16.552545,-6835907363.38289,-0.19063,39.210095,-10.379301,13.419442,0,-0.049127,-0.576582,-0.080464,-0.00836,-1.819048
06-22-26,27.51,27.540001,27.32,27.41,585400,29.1375,29.8044,25.582398,-0.089358,0.053714,0.018113,FALSE,TRUE,4.222002,0.000157,-66.839333,26.112631,27.101213,-3.404898,-0.676557,-0.227501,-2.939093,21.068907,24.988598,4.207092,-10.716615,1.624796,94.969213,1.352743,-0.008501,0.00666,5.708719,-0.615299,-13.50584,0.556834,3467874,-21.936258,-6796363293.922441,-0.183913,30.309626,-13.072937,11.28492,72.290592,-0.062811,-0.735311,-0.081606,-0.008501,-1.819011
06-23-26,27.09,27.18,27.030001,27.120001,572900,28.9665,29.7768,25.604098,-0.098262,0.050825,0.018356,FALSE,TRUE,4.172702,-0.006102,-74.626857,27.55185,25.184897,-4.009529,-0.732903,-0.227077,-3.966002,21.288015,21.668909,2.694615,-11.198428,1.689578,99.087575,1.352652,-0.008693,0.006971,6.355337,-1.009757,-14.420952,0.55257,2894974,-33.622987,-6796248711.008513,-0.179152,25.399754,-14.269802,10.796429,71.415548,-0.097073,-1.13695,-0.083491,-0.008693,-1.863502
06-24-26,26.530001,26.66,26.41,26.450001,1050200,28.7875,29.7266,25.623648,-0.106842,0.047816,0.018597,FALSE,TRUE,4.102952,-0.012268,-84.955747,29.413214,21.416994,-7.219123,-0.822144,-0.253055,-6.105784,18.133102,18.716337,1.123621,-11.921411,1.856601,110.538809,1.350539,-0.009348,0.008096,6.100072,-1.949945,-16.535184,1.034821,3654274,-29.459968,-6786216687.954222,-0.163194,20.934022,-14.643656,8.630453,70.426233,-0.179332,-2.106252,-0.089977,-0.009348,-2.114641
06-25-26,26.549999,27,26.530001,26.93,529600,28.6595,29.6884,25.646098,-0.114729,0.044711,0.018837,FALSE,TRUE,4.042302,-0.017229,-64.270152,30.321663,29.548995,2.447782,-0.844403,-0.22025,-4.401845,18.062257,20.979335,16.199386,-8.680907,1.826161,116.630077,1.371361,-0.009091,0.007422,5.545192,-1.676299,-16.535184,0.532528,4121074,-43.467122,-6734446565.24321,-0.131019,24.914238,-13.296332,9.25907,71.918245,-0.157457,-1.820117,-0.086149,-0.009091,-1.482893
06-26-26,26.610001,26.639999,26.49,26.57,522300,28.502,29.642,25.667648,-0.122617,0.041535,0.019076,FALSE,TRUE,3.974352,-0.023175,-61.860473,31.203992,27.269721,2.084824,-0.880937,-0.205428,-6.575249,16.53509,18.987908,5.047314,-10.598922,1.786384,122.667971,1.375013,-0.008945,0.007139,6.133402,-1.725211,-16.535184,0.535867,3598774,-43.147926,-6734411744.357689,-0.176976,26.152876,-17.010955,8.081742,70.888562,-0.162267,-1.870511,-0.084491,-0.008945,-1.574983
06-29-26,26.620001,26.65,26.5,26.559999,728700,28.356,29.591,25.689148,-0.130414,0.038297,0.019313,FALSE,TRUE,3.901852,-0.029464,-71.498773,31.997628,27.20694,5.789947,-0.900319,-0.179848,-8.728525,17.574145,19.156565,5.033545,-9.905021,1.73327,127.689346,1.371046,-0.008771,0.0069,5.8526,-1.55749,-16.535184,0.759576,3632574,-29.614604,-6719964830.574797,-0.201789,26.166541,-18.741278,8.603839,71.307442,-0.146956,-1.698541,-0.083066,-0.008771,-1.406539
06-30-26,26.76,26.790001,26.57,26.66,1478500,28.1895,29.5584,25.709998,-0.137682,0.03503,0.019548,FALSE,TRUE,3.848402,-0.034369,-63.925718,32.362652,28.968003,-0.580993,-0.897267,-0.141437,-8.885852,16.520983,19.982001,8.389263,-11.103701,1.612902,126.97015,1.3366,-0.009195,0.007986,6.287543,-1.971723,-16.535184,1.554301,3354174,-9.897008,-6699292092.576057,-0.186444,39.469716,-18.955964,8.403279,71.036937,-0.179723,-2.1329,-0.089366,-0.009195,-1.204614
07-01-26,26.58,26.709999,26.440001,26.450001,1939400,28.006,29.514,25.729048,-0.144784,0.031706,0.019782,FALSE,TRUE,3.784952,-0.039215,-70.10309,32.86016,27.465312,0.195591,-0.901403,-0.116458,-8.635578,15.502189,17.503334,1.374602,-12.184595,1.612205,124.088836,1.336224,-0.001703,0.000538,5.836128,-2.229505,-16.535184,1.915634,1414774,170.903758,-6701087829.257394,-0.288615,29.869807,91.364422,115.502189,,-0.192727,-2.279775,-0.023196,-0.001703,-1.25394
07-02-26,26.469999,26.6,26.43,26.57,830200,27.82,29.4612,25.747898,-0.151334,0.028335,0.020014,FALSE,TRUE,3.713302,-0.043883,-61.956567,33.334767,29.709165,2.502225,-0.884798,-0.079883,-7.357045,14.575244,19.041219,6.477728,-12.281285,1.502767,115.644167,1.338374,-0.00167,0.000517,5.31573,-2.062476,-16.535184,0.807084,3344274,64.233432,-6675678010.160404,-0.262863,33.372139,-14.736127,7.417651,70.467013,-0.189512,-2.222687,-0.02274,-0.00167,-1.080902
07-06-26,26.75,27.02,26.75,27,774900,27.676,29.411,25.768848,-0.156063,0.024942,0.020245,FALSE,TRUE,3.642152,-0.049064,-40.682421,32.614574,37.205461,8.237458,-0.827404,-0.01799,-7.944084,15.53273,21.184915,30.412371,-9.638552,1.499999,106.187203,1.313298,-0.0007,0.000094,4.505193,-1.220217,-16.535184,0.753555,3354874,-0.806452,-6647729594.458713,-0.237753,40.707634,-15.449734,7.761135,71.461013,-0.11082,-1.323155,-0.009711,-0.0007,-0.636611
07-07-26,27.09,27.389999,27.059999,27.35,781000,27.582,29.3602,25.792498,-0.158609,0.021552,0.020475,FALSE,TRUE,3.567702,-0.053329,-22.715389,31.069617,42.573829,15.108517,-0.745087,0.051461,-7.225235,16.930317,22.590771,48.453622,-6.431745,1.465134,99.83806,1.323107,-0.000512,0.00005,3.595335,-1.056979,-16.535184,0.772448,1086574,-30.645591,-6559526199.82572,-0.164818,48.026379,-15.062739,8.626169,71.261405,-0.096883,-1.147871,-0.007044,-0.000512,-0.232376
07-08-26,27.67,27.959999,27.559999,27.799999,1394400,27.4985,29.319,25.818848,-0.158607,0.018203,0.020704,FALSE,TRUE,3.500152,-0.057138,-2.525264,29.189184,48.651983,18.942818,-0.636206,0.128274,-5.345596,19.827579,23.610491,71.649433,-5.66678,1.479958,89.6838,1.338526,-0.000163,0.000005,3.29666,-0.575005,-16.535184,1.330431,2480974,113.145827,-6559247319.82572,-0.136514,55.550095,-11.916738,12.906234,73.12957,-0.054744,-0.640729,-0.002217,-0.000163,0.33618
07-09-26,27.75,27.76,27.51,27.58,448800,27.424,29.2688,25.844298,-0.156782,0.014896,0.020932,FALSE,TRUE,3.424502,-0.060488,-3.258128,27.344229,46.083919,8.878458,-0.561199,0.162624,-3.431371,19.084629,22.414554,75.483913,-5.125558,1.393348,81.783009,1.324318,-0.000654,0.000081,3.302305,-1.061729,-16.535184,0.471966,2673474,-81.238258,-6550375746.351777,-0.159625,47.804064,-9.523252,11.31325,72.353962,-0.097868,-1.158496,-0.008992,-0.000654,0.190749
07-10-26,27.5,27.67,27.42,27.52,509700,27.3415,29.2124,25.870198,-0.153705,0.011644,0.021158,FALSE,TRUE,3.342202,-0.064063,-2.770751,25.446712,45.380386,2.806557,-0.500824,0.178399,-4.144893,17.206137,22.419933,71.612978,-5.656495,1.349667,70.832083,1.323701,-0.000613,0.000071,3.309224,-1.022886,-16.535184,0.547707,2850474,-44.348483,-6538877803.112947,-0.137602,50.442629,-11.325525,7.343753,72.919324,-0.094338,-1.117182,-0.008434,-0.000613,0.252005
07-13-26,27.85,28.389999,27.790001,28.33,770500,27.3155,29.1574,25.899798,-0.148632,0.008486,0.021384,FALSE,TRUE,3.257602,-0.066153,20.17546,24.939428,55.301301,6.649318,-0.383199,0.236819,-0.596491,19.28421,26.247768,96.969723,-1.802428,1.452271,65.777488,1.379441,-0.000121,0.000003,4.887312,-0.450281,-16.535184,0.855862,2155574,-44.061275,-6503516303.772404,-0.05376,56.510463,-7.185016,9.705984,74.32661,-0.044925,-0.51003,-0.001598,-0.000121,1.542321
07-14-26,28.66,28.709999,28.4,28.629999,868084,27.3195,29.108,25.929748,-0.14135,0.005419,0.021609,FALSE,TRUE,3.178252,-0.067346,33.041569,24.923994,58.32085,12.236931,-0.262745,0.285819,-1.139503,20.598144,27.926721,96.521741,0.28021,1.437053,66.587054,1.382839,-0.000052,0,5.636409,-0.392268,-16.535184,0.975779,3023658,-19.673915,-6503096263.471829,0.016811,62.624926,-7.250057,11.188816,75.042546,-0.039562,-0.44801,-0.00068,-0.000052,1.968099
07-15-26,28.75,28.82,28.469999,28.790001,609200,27.348,29.0676,25.960048,-0.132001,0.002458,0.021835,FALSE,TRUE,3.107552,-0.069641,57.635506,25.060782,59.877615,14.497229,-0.152613,0.316761,-0.173368,19.065346,28.526792,98.744821,2.01985,1.33975,71.669992,1.334887,0.000667,0.000082,5.712997,0.262718,-16.535184,0.698881,1165458,-37.08217,-6477148872.763818,0.012788,70.364801,-6.007538,9.577954,72.618657,0.021063,0.247009,0.00908,0.000667,2.012001
07-16-26,28.719999,28.73,28.42,28.459999,521700,27.376,29.0102,25.988548,-0.121262,-0.000407,0.02206,FALSE,TRUE,3.021652,-0.07186,39.130405,25.064848,55.290583,-0.010718,-0.090914,0.302768,-1.488405,17.16755,28.371669,84.937209,2.007167,1.310109,74.958498,1.332315,0.00023,0.00001,5.454431,-0.23114,-16.535184,0.596519,643758,12.483829,-6477535943.612097,-0.009383,65.632756,-6.98422,7.59154,71.772727,-0.023333,-0.274279,0.003133,0.00023,1.446132
07-17-26,28.74,29.02,28.719999,28.98,4318800,27.4395,28.9658,26.020698,-0.109262,-0.003158,0.022285,TRUE,TRUE,2.945102,-0.0723,59.21376,25.486594,60.434102,2.113253,-0.000056,0.314901,-0.446586,17.709174,29.375,98.455563,4.583185,1.316178,82.895907,1.330981,0.000315,0.000019,5.561002,-0.242578,-16.535184,4.243377,6873758,196.865549,-6450868255.186646,0.212596,77.978421,-5.958873,8.239626,73.125657,-0.02402,-0.282649,0.004311,0.000315,1.858354
07-20-26,28.99,29.219999,28.93,29.139999,809000,27.515,28.9444,26.056048,-0.095703,-0.005821,0.02251,TRUE,TRUE,2.888352,-0.071956,61.137449,26.148685,61.887,2.009385,0.083893,0.31908,3.00459,16.840412,28.426614,97.132618,5.465075,1.343268,91.184293,1.326146,0.000191,0.000007,5.51484,-0.338217,-16.535184,0.807253,6752558,-27.845166,-6413444221.270461,0.196709,78.194646,-0.580274,8.558838,73.05825,-0.032623,-0.385322,0.002618,0.000191,1.782105
