Date,Open,High,Low,Close,Volume,SMA20,SMA50,SMA200,SMA20_Slp,SMA50_Slp,SMA200_Slp,>MA50,>MA200,GoldenX,LinReg_Slp,Chande,ADX14,RSI14,RSI_D3,MACD_Line,MACD_Hist,RET_3M_pct,RET_6M_pct,RET_12M_pct,StochK14,ROC20_pct,ATR_pct,StdDev20,Vol60,Beta60,R2_60,Ulcer14,Sharpe60,MaxDD_6M_pct,Vol_vs_Avg,OBV,VolROC20,AD_Line,CMF20,MFI14,RS_3M,RS_6M,RS_Bench,Alpha60,InfoRatio,Corr60,Beta,ZScore
03-25-24,9.31,9.32,9.18,9.26,67299,9.7335,10.1216,14.26855,-0.023237,-0.042393,0.124795,FALSE,FALSE,-4.14695,-0.025077,-36.111117,13.818111,36.759582,-1.604643,-0.233787,-0.046768,-23.471075,-43.015383,-74.836955,6.802746,-5.606526,4.165381,30.265967,2.482189,-2.273028,0.308192,5.965938,-1.799452,-51.94603,0.580128,-1840468,49.606527,-48532463.793281,-0.134879,41.288025,-29.788816,-56.319478,0,-0.062543,-0.480899,-0.555151,-2.273028,-1.564463
03-26-24,9.16,9.22,9.08,9.22,213347,9.7145,10.0952,14.2143,-0.023747,-0.04118,0.123573,FALSE,FALSE,-4.1191,-0.025403,-38.532145,13.160195,36.097706,-1.125883,-0.245843,-0.047059,-22.06255,-43.331285,-73.976855,9.032279,-3.958334,3.982027,32.274273,2.482173,-2.263603,0.30673,6.52378,-1.835869,-52.153606,1.739151,-2053815,166.590443,-48319116.793281,-0.012992,38.09864,-27.657631,-56.20972,0,-0.084063,-0.645684,-0.553832,-2.263603,-1.532179
03-27-24,9.12,9.25,9.05,9.05,35431,9.678,10.0578,14.1587,-0.024352,-0.040062,0.122323,FALSE,FALSE,-4.1009,-0.025822,-41.739163,12.549273,33.349377,-3.725819,-0.266048,-0.053812,-18.02536,-49.014083,-73.413631,0,-7.464208,3.985793,35.464729,2.48852,-2.249542,0.309849,7.208203,-2.075326,-53.035807,0.288465,-2089246,9.449524,-48354547.793281,-0.034376,35.347719,-23.868829,-64.319952,0,-0.076984,-0.591137,-0.55664,-2.249542,-1.770773
03-28-24,9.11,9.22,9.04,9.22,40251,9.6575,10.0158,14.10335,-0.025326,-0.039016,0.121042,FALSE,FALSE,-4.08755,-0.025255,-46.188358,12.013519,38.400102,1.64052,-0.265286,-0.042439,-16.636529,-45.796589,-72.220546,12.162179,-4.257527,3.408739,36.912229,2.463777,-2.20427,0.303014,7.21016,-2.233053,-53.035807,0.326251,-2048995,37.445791,-48314296.793281,-0.013346,29.753879,-23.063457,-62.04248,0,-0.089576,-0.691317,-0.550467,-2.20427,-1.185243
04-01-24,9.2,9.43,9.17,9.26,27670,9.639,9.9816,14.0484,-0.026598,-0.03802,0.119733,FALSE,FALSE,-4.0668,-0.024549,-42.081454,11.505648,39.560654,3.462948,-0.258474,-0.028502,-16.199094,-42.874764,-71.170609,15.942047,-3.842159,3.262882,37.969371,2.465742,-2.206427,0.302961,6.613496,-2.156608,-53.035807,0.241515,-2021325,-86.421964,-48322810.623821,-0.056203,26.93509,-22.521011,-58.207504,0,-0.082545,-0.636527,-0.550419,-2.206427,-0.998172
04-02-24,9.6,9.88,9.53,9.53,204413,9.634,9.959,13.99785,-0.027947,-0.037065,0.118394,FALSE,FALSE,-4.03885,-0.023891,-5.699518,12.252668,46.84096,13.491583,-0.228653,0.001055,-14.14415,-42.382109,-70.283755,35.507227,-1.038426,3.215411,38.047609,2.472001,-2.236834,0.317154,6.670077,-1.501685,-53.035807,1.665638,-1816912,394.77901,-48527223.623821,-0.13575,38.469388,-20.071361,-57.195202,0,-0.012928,-0.10047,-0.563165,-2.236834,-0.273342
04-03-24,9.67,9.7,9.37,9.47,84692,9.6055,9.9426,13.9445,-0.029191,-0.036146,0.117027,FALSE,FALSE,-4.0019,-0.023704,-9.090883,12.386352,45.528511,7.128409,-0.20747,0.017791,-17.292573,-42.848519,-70.350657,31.15944,-5.677288,3.394178,36.965802,2.455393,-2.212191,0.310451,6.766327,-1.316632,-53.035807,0.714056,-1901604,-49.293515,-48560586.931303,-0.165267,37.657406,-23.447474,-59.852178,0,-0.004705,-0.03663,-0.557181,-2.212191,-0.366554
04-04-24,9.33,10.2,9.25,9.93,166396,9.599,9.9404,13.8971,-0.029759,-0.035274,0.115632,FALSE,FALSE,-3.9567,-0.023129,2.702724,13.601415,55.762451,16.201797,-0.151814,0.058757,-13.047283,-45.289253,-68.111752,64.492773,-1.292248,3.395196,36.231556,2.52226,-2.376336,0.337883,6.7557,-0.519438,-53.035807,1.338366,-1735208,220.115429,-48488773.766045,-0.143985,35.911035,-18.591274,-62.923427,0,0.13427,1.038535,-0.581277,-2.376336,0.913569
04-05-24,10.05,10.23,9.78,10.07,133464,9.602,9.9366,13.8495,-0.029528,-0.034423,0.114209,TRUE,FALSE,-3.9129,-0.022462,0,14.786983,58.328504,11.487544,-0.09531,0.092209,-8.951182,-41.385335,-68.293452,86.55463,0.599395,3.277061,36.612612,2.526649,-2.238631,0.30945,6.7557,-0.271461,-53.035807,1.043417,-1601744,115.933213,-48450217.449095,-0.134045,34.635882,-15.236458,-60.015186,0,0.19525,1.47621,-0.556282,-2.238631,1.278247
04-08-24,9.93,9.98,9.64,9.74,54895,9.5765,9.9234,13.801,-0.028659,-0.033606,0.112758,FALSE,FALSE,-3.8776,-0.02235,-4.00001,15.385546,50.842142,5.313631,-0.07628,0.088991,-9.731234,-42.940832,-69.108787,58.823534,-4.975612,3.454092,33.506113,2.561212,-2.248144,0.300897,6.782391,-0.586512,-53.035807,0.451029,-1656639,-69.314574,-48472821.381314,-0.156357,34.557258,-15.357379,-60.878131,0,0.158769,1.176925,-0.548541,-2.248144,0.48797
04-09-24,9.68,10.06,9.63,9.66,89872,9.55,9.91,13.75405,-0.027212,-0.032827,0.111279,FALSE,FALSE,-3.84405,-0.02206,3.349271,16.117906,49.19375,-6.5687,-0.066883,0.078711,-8.262107,-42.465757,-68.737864,52.100849,-5.201175,3.578823,30.345369,2.554082,-2.25672,0.306225,6.749963,-0.832447,-53.035807,0.737984,-1746511,1.581273,-48550153.222764,-0.168588,35.784437,-14.852813,-60.399986,0,0.128836,0.961378,-0.553376,-2.25672,0.362493
04-10-24,9.92,10.17,9.79,9.81,144820,9.5585,9.8984,13.7101,-0.025258,-0.032072,0.109773,FALSE,FALSE,-3.8117,-0.021524,21.78222,17.039471,52.315525,-6.012979,-0.046792,0.079041,-5.94439,-38.802246,-67.888705,64.705944,1.763486,3.698849,30.84472,2.563051,-2.250182,0.311064,6.525845,-0.639946,-53.035807,1.204244,-1601691,-17.372253,-48679728.667917,-0.155195,44.735177,-11.651369,-54.210872,0,0.120594,0.899867,-0.557731,-2.250182,0.815376
04-11-24,9.88,10.2,9.59,9.68,123174,9.56,9.887,13.66445,-0.023562,-0.031343,0.108239,FALSE,FALSE,-3.77745,-0.020517,18.840608,17.141792,49.478047,-1.364095,-0.040889,0.067956,-7.012484,-38.304649,-68.042258,53.78156,0.310888,4.058441,30.898808,2.52135,-2.133217,0.289007,6.274753,-1.167906,-53.035807,0.992675,-1724865,163.891507,-48766556.159608,-0.188534,45.72761,-12.611997,-52.167548,0,0.027302,0.203857,-0.537594,-2.133217,0.388365
04-12-24,10.09,10.96,10.05,10.47,305366,9.59,9.8812,13.6227,-0.021155,-0.030594,0.106679,TRUE,FALSE,-3.7415,-0.017468,41.754427,18.696681,62.713111,13.51936,0.027222,0.108853,-0.946068,-35.08989,-65.649605,74.47918,6.079031,4.482193,36.476377,2.69793,-2.332981,0.295471,9.080185,-0.65035,-53.035807,2.371463,-1419499,44.254226,-48790045.753447,-0.191922,61.702847,-5.37267,-48.693479,0,0.12965,0.908849,-0.543573,-2.332981,2.412521
04-15-24,10.3,11.09,10.06,11,192758,9.6365,9.8884,13.5861,-0.017678,-0.029802,0.105093,TRUE,FALSE,-3.6977,-0.014097,51.785727,20.333121,68.647216,16.331692,0.122555,0.163349,4.364327,-38.888889,-62.610469,95.609749,9.235356,4.844155,47.253263,2.749272,-2.418317,0.313208,12.507635,0.146487,-53.035807,1.480137,-1226741,17.89408,-48630973.68337,-0.10179,68.238171,0.950413,-52.010798,0,0.234407,1.633201,-0.55965,-2.418317,2.885515
04-16-24,10.99,11.09,10.5,10.71,105589,9.6805,9.8918,13.5512,-0.013404,-0.028973,0.103481,TRUE,FALSE,-3.6594,-0.011727,41.274247,21.852672,62.761499,13.283452,0.172715,0.170807,-1.923077,-34.092307,-62.941176,81.463411,8.952188,5.248765,52.908534,2.746029,-2.275898,0.27696,11.757285,0.164921,-53.035807,0.794126,-1332330,107.305533,-48661397.638308,-0.111138,78.122376,-5.254888,-45.619396,0,0.176834,1.202206,-0.52627,-2.275898,1.945811
04-17-24,10.65,11.05,10.42,10.61,102106,9.7315,9.8996,13.51415,-0.00878,-0.028119,0.101844,TRUE,FALSE,-3.61455,-0.010152,44.067794,22.954763,60.824872,-1.888239,0.202068,0.160128,-6.272085,-36.807629,-62.282261,76.585344,10.636074,5.58772,56.765695,2.710281,-2.291387,0.288111,10.802072,0.414776,-53.035807,0.781459,-1434436,-31.075124,-48701916.039481,-0.087029,74.773099,-10.874382,-48.027602,0,0.224706,1.55989,-0.536759,-2.291387,1.547589
04-18-24,10.48,10.79,10.34,10.68,146016,9.797,9.9142,13.479,-0.00387,-0.027241,0.100181,TRUE,FALSE,-3.5648,-0.008903,42.441867,23.665881,61.715429,-6.931788,0.228348,0.149126,-2.643573,-40.033685,-61.706703,78.645842,13.980794,5.731674,59.849017,2.690944,-2.257008,0.282255,9.929027,0.721498,-53.035807,1.115706,-1288420,2.995718,-48627285.446935,-0.024273,68.229395,-7.203279,-52.915715,0,0.266813,1.857882,-0.531277,-2.257008,1.47538
04-19-24,10.71,11.12,10.52,10.95,94262,9.88,9.9344,13.4458,0.001527,-0.026324,0.098493,TRUE,FALSE,-3.5114,-0.006875,46.049046,24.920081,65.01862,2.257121,0.267873,0.150921,2.72045,-41.318329,-60.69634,90.909086,17.868674,5.812132,63.826238,2.695647,-2.177428,0.26507,8.984868,0.753301,-53.035807,0.740771,-1194158,-43.47242,-48586438.655181,-0.005466,69.455217,-1.684905,-55.540632,0,0.286536,1.968311,-0.51485,-2.177428,1.676426
04-22-24,10.52,10.55,10.01,10.14,152739,9.923,9.9398,13.40705,0.006902,-0.025404,0.096778,TRUE,FALSE,-3.46725,-0.005975,14.489329,24.35984,50.845412,-9.97946,0.231172,0.091376,-1.457722,-45.977623,-64.345991,47.593604,9.267248,6.50183,62.453428,2.860669,-2.291114,0.260918,8.505154,-0.100506,-53.035807,1.229505,-1346897,-28.342013,-48665636.585247,-0.04973,60.786351,-6.305415,-62.025782,0,0.149875,0.967419,-0.510802,-2.291114,0.347459
04-23-24,9.91,9.96,9.68,9.73,143559,9.9465,9.9354,13.36165,0.011935,-0.024498,0.095037,FALSE,FALSE,-3.42625,-0.005852,5.701738,22.949284,45.445286,-16.270143,0.167077,0.021825,-3.087654,-46.56782,-65.162909,25.668426,5.075586,6.871236,60.686657,2.906783,-2.354247,0.270311,8.248645,-0.405678,-53.035807,1.121196,-1490456,113.315205,-48757925.247258,-0.088043,58.969981,-8.137255,-63.710382,0,0.120227,0.768637,-0.519914,-2.354247,-0.356751
04-24-24,9.68,9.88,9.63,9.63,46422,9.967,9.924,13.3176,0.016641,-0.02362,0.09327,FALSE,FALSE,-3.3936,-0.005757,-7.142862,21.511888,44.211928,-20.806692,0.106978,-0.030619,-6.140352,-44.463668,-65.372167,2.614377,4.446853,6.423378,58.765452,2.908204,-2.303465,0.262288,8.506543,-0.551821,-53.035807,0.387837,-1536878,-78.241081,-48804347.247258,-0.202695,54.02339,-10.37093,-61.203476,0,0.042972,0.273099,-0.512141,-2.303465,-0.573466
04-25-24,10.17,10.3,9.77,9.82,117485,10.0055,9.9008,13.27535,0.02094,-0.022756,0.091476,FALSE,FALSE,-3.37455,-0.005546,-5.882353,21.105867,47.146942,-3.69847,0.07383,-0.051014,-5.576923,-46.688384,-67.342867,15.032652,8.508282,6.45912,54.832253,2.915362,-2.30231,0.260697,8.687647,-0.249129,-53.035807,0.94901,-1419393,231.588157,-48899665.593199,-0.220165,53.61172,-9.483345,-63.624935,0,0.094673,0.599544,-0.510585,-2.30231,-0.338305
04-26-24,9.6,9.61,9.47,9.5,62066,10.0195,9.8836,13.2325,0.024624,-0.021919,0.089655,FALSE,FALSE,-3.3489,-0.004972,-5.660372,19.95679,43.039964,-2.405321,0.021491,-0.082682,-8.034849,-48.704105,-67.488021,1.818166,3.036873,6.61654,53.049603,2.869184,-2.218227,0.240401,8.909853,-1.012442,-53.035807,0.496972,-1481459,54.197411,-48935131.999711,-0.248556,53.45743,-12.282765,-66.587189,0,0.002612,0.016579,-0.490307,-2.218227,-0.979272
04-29-24,9.44,9.53,9.3,9.39,28556,10.026,9.8654,13.19365,0.027564,-0.021116,0.087809,FALSE,FALSE,-3.32825,-0.004711,-6.323174,18.576989,41.695394,-2.516533,-0.028535,-0.106167,-9.624639,-51.271406,-66.559828,4.945064,1.403889,6.541912,52.14191,2.869428,-2.213372,0.238748,9.169916,-1.016288,-49.29972,0.228571,-1510015,3.202024,-48941339.743429,-0.247545,55.254159,-13.388541,-70.175359,0,-0.007724,-0.048978,-0.488618,-2.213372,-1.219748
04-30-24,9.43,9.65,9.28,9.6,65523,10.0295,9.8524,13.1558,0.029892,-0.020338,0.085938,FALSE,FALSE,-3.3034,-0.004206,-4.849887,17.487222,45.214176,-1.932765,-0.050652,-0.102627,-6.34146,-46.218486,-64.365255,17.391338,0.734529,6.294641,51.813908,2.884205,-2.201822,0.248648,9.343345,-0.719714,-45.67827,0.555336,-1444492,-67.945776,-48893525.397609,-0.155228,53.155386,-8.767861,-62.998203,0,0.003815,0.024227,-0.498646,-2.201822,-0.828927
05-01-24,9.74,9.8,9.28,9.69,124261,10.0405,9.8346,13.11895,0.031334,-0.019587,0.084042,FALSE,FALSE,-3.28435,-0.004043,0.233083,16.822668,46.698847,3.658883,-0.060223,-0.089759,-9.944244,-41.836737,-63.433964,22.282599,2.323118,6.169835,50.786937,2.861524,-2.423877,0.293408,9.335034,-0.358027,-43.188952,1.035798,-1320231,46.72106,-48821836.604571,-0.108884,60.08563,-13.388637,-58.529929,0,0.122054,0.805511,-0.541672,-2.423877,-0.690139
05-02-24,9.44,9.75,9.35,9.41,97638,10.0145,9.8126,13.08105,0.031647,-0.018878,0.08212,FALSE,FALSE,-3.26845,-0.004768,-28.042355,16.205583,42.811724,1.11633,-0.089372,-0.095126,-11.560155,-40.929067,-66.065633,7.065223,-5.236661,5.685439,52.678243,2.865505,-2.430805,0.294928,10.020404,-0.380399,-41.309986,0.837889,-1417869,-41.321907,-48890183.437358,-0.172237,47.890369,-15.152425,-56.862287,0,0.121597,0.802244,-0.543072,-2.430805,-1.147533
05-03-24,9.1,9.22,9.04,9.08,147985,9.965,9.789,13.04305,0.030676,-0.018209,0.080172,FALSE,FALSE,-3.25405,-0.00602,-53.631317,15.294932,38.72092,-6.493256,-0.137516,-0.114616,-13.851993,-41.115435,-68.106779,1.923075,-9.83118,5.372875,56.632239,2.900003,-2.477031,0.302434,10.701643,-0.686649,-39.78709,1.262083,-1565854,10.880088,-48972397.50048,-0.222669,35.881601,-18.133308,-54.208435,0,0.09045,0.592816,-0.54994,-2.477031,-1.562714
05-06-24,8.94,8.94,8.85,8.85,62772,9.9205,9.7676,13.0017,0.02812,-0.017578,0.078199,FALSE,FALSE,-3.2341,-0.007721,-52.840935,14.906589,36.129679,-10.569168,-0.192016,-0.135293,-13.405087,-41.117761,-70.450751,0,-9.137571,5.221951,61.757992,2.915926,-2.432549,0.309738,11.851302,-0.848836,-40.162269,0.533556,-1628626,14.349212,-49035169.50048,-0.238995,29.13193,-20.212298,-54.926272,0,0.114678,0.751447,-0.556541,-2.432549,-1.733378
05-07-24,8.8,8.85,8.79,8.81,27609,9.878,9.7476,12.9603,0.024021,-0.016977,0.076201,FALSE,FALSE,-3.2127,-0.009295,-52.023142,14.687977,35.682446,-7.129278,-0.235718,-0.143196,-11.457281,-39.408525,-68.125902,0.858389,-8.799166,4.783523,66.395618,2.913505,-2.449506,0.313715,12.924643,-0.96419,-40.432722,0.241052,-1656235,-69.279642,-49044372.207927,-0.21575,31.045829,-17.990558,-53.767613,0,0.084969,0.558845,-0.560102,-2.449506,-1.608539
05-08-24,8.78,8.8,8.7,8.75,77801,9.825,9.7306,12.9197,0.018807,-0.016397,0.074177,FALSE,FALSE,-3.1891,-0.01048,-55.942087,14.701579,34.982917,-3.738003,-0.272057,-0.143628,-11.971827,-39.696762,-67.830883,2.066124,-10.805305,4.538774,71.035567,2.892931,-2.445103,0.31807,13.980166,-1.263121,-40.838404,0.699748,-1734036,-46.277448,-49044372.207927,-0.163982,33.281472,-18.218861,-54.659395,0,0.015293,0.101623,-0.563977,-2.445103,-1.513326
05-09-24,8.72,8.78,8.68,8.69,31587,9.7755,9.7088,12.8803,0.012508,-0.015844,0.072127,FALSE,FALSE,-3.1715,-0.01036,-69.753139,14.763852,34.259618,-1.870061,-0.302215,-0.139028,-11.955424,-39.017547,-68.684686,0.534721,-10.22728,4.159131,75.413577,2.702911,-2.199,0.229743,8.78958,-2.167577,-41.244087,0.296299,-1765623,-74.355789,-49069642.229661,-0.142154,26.423372,-18.767767,-54.785462,0,-0.042017,-0.281174,-0.479315,-2.199,-1.439397
05-10-24,8.68,8.69,8.56,8.61,55597,9.6825,9.6884,12.8404,0.00503,-0.015339,0.070053,FALSE,FALSE,-3.152,-0.011296,-60.956243,15.123889,33.271841,-2.410604,-0.32878,-0.132475,-13.467338,-41.784992,-68.07564,2.87352,-17.765048,3.525799,77.828336,2.613417,-2.001584,0.182982,7.179766,-1.763353,-39.280681,0.590725,-1821220,-81.793323,-49082472.68307,-0.155354,29.227016,-19.600138,-56.784237,0,-0.05399,-0.36282,-0.427764,-2.001584,-1.378033
05-13-24,8.53,8.7,8.53,8.69,48366,9.567,9.6696,12.8034,-0.003503,-0.014881,0.067953,FALSE,FALSE,-3.1338,-0.012105,-47.706476,15.534469,35.281352,0.298435,-0.339464,-0.114527,-14.803924,-38.716506,-67.453186,9.039537,-21.000004,3.254971,74.308109,2.617687,-2.245323,0.204587,7.806868,-1.60803,-38.675216,0.55659,-1772854,-74.908434,-49039796.9284,-0.235235,36.884307,-20.427093,-53.033429,0,-0.071458,-0.485887,-0.452313,-2.245323,-1.180222
05-14-24,8.68,8.7,8.46,8.53,73322,9.458,9.6476,12.7617,-0.012793,-0.014487,0.065828,FALSE,FALSE,-3.1141,-0.013171,-49.107207,16.098672,33.132298,-1.12732,-0.35673,-0.105435,-22.313296,-39.245016,-68.052436,3.804331,-20.354811,3.307652,72.62927,2.6256,-2.233172,0.201231,8.544353,-1.7398,-38.633094,0.859743,-1846176,-30.559054,-49070347.907411,-0.239759,36.19018,-30.417735,-53.036041,0,-0.101837,-0.688919,-0.448588,-2.233172,-1.277722
05-15-24,8.35,8.41,8.18,8.18,139268,9.3365,9.6104,12.72135,-0.02268,-0.014211,0.063678,FALSE,FALSE,-3.11095,-0.014156,-68.333373,17.291845,28.974606,-4.297235,-0.394113,-0.114254,-21.042465,-41.151075,-68.622937,0,-22.902916,3.169749,72.66888,2.630743,-2.214042,0.196888,8.607964,-2.472843,-40.029325,1.598179,-1985444,36.395511,-49209615.907411,-0.291307,23.794744,-27.520005,-53.407014,0,-0.220932,-1.48762,-0.44372,-2.214042,-1.591465
05-16-24,8.22,8.25,8.15,8.17,86041,9.211,9.5726,12.6815,-0.032731,-0.01404,0.061503,FALSE,FALSE,-3.1089,-0.015143,-63.636413,18.466622,28.863158,-6.418194,-0.419708,-0.111879,-20.679612,-40.10264,-69.435091,1.212149,-23.501874,2.95506,69.865207,2.630735,-2.241374,0.199932,9.560234,-2.418606,-39.211307,1.022557,-2071485,-41.074266,-49261239.850973,-0.376713,23.510619,-25.582515,-52.168809,0,-0.19613,-1.323134,-0.447137,-2.241374,-1.490012
05-17-24,8.16,8.19,8.06,8.11,80240,9.069,9.5346,12.64015,-0.042619,-0.013963,0.059303,FALSE,FALSE,-3.10555,-0.016522,-62.745162,19.761225,28.163211,-4.969087,-0.439764,-0.105548,-20.878052,-39.657739,-68.699345,2.87352,-25.936075,2.888848,60.952875,2.618148,-2.176934,0.189922,10.473969,-2.264072,-38.653559,0.961628,-2151725,-14.87556,-49279757.317411,-0.41545,22.599328,-26.393271,-52.477821,0,-0.1753,-1.180933,-0.435801,-2.176934,-1.573347
05-21-24,8.11,8.11,7.93,7.97,151890,8.9605,9.489,12.5914,-0.052158,-0.013948,0.057076,FALSE,FALSE,-3.1024,-0.018588,-82.741196,21.247609,26.545607,-2.429,-0.461634,-0.101934,-24.669189,-39.71256,-67.940468,2.139035,-21.400399,2.769312,60.193963,2.59569,-2.111007,0.1791,11.495544,-2.12184,-39.25305,1.821236,-2303615,-0.55585,-49364140.650744,-0.41877,15.370191,-30.216807,-51.694228,0,-0.1743,-1.176522,-0.423202,-2.111007,-1.645514
05-22-24,7.98,8.2,7.89,8.09,129124,8.8785,9.447,12.54305,-0.061051,-0.013987,0.054824,FALSE,FALSE,-3.09605,-0.020534,-79.999971,22.179003,30.243986,1.380827,-0.463935,-0.083388,-23.02569,-38.338413,-68.274509,10.752703,-16.855082,2.542819,60.330037,2.604343,-2.212968,0.193781,9.930817,-1.849182,-38.264912,1.561776,-2174491,-10.055099,-49326652.768748,-0.343943,14.132645,-28.488659,-49.599154,0,-0.118221,-0.802544,-0.440205,-2.212968,-1.306977
05-23-24,7.93,8.3,7.9,8.24,200098,8.809,9.419,12.49275,-0.069006,-0.014071,0.052545,FALSE,FALSE,-3.07375,-0.022495,-62.566853,22.556873,34.671773,6.508562,-0.448485,-0.054351,-19.688113,-35.975137,-68.25886,26.315774,-14.434064,2.496531,59.213176,2.607225,-2.27625,0.209963,7.53828,-1.441753,-38.264912,2.214418,-1974393,331.041317,-49186584.574258,-0.211505,28.020519,-23.693508,-47.295264,0,-0.063419,-0.434428,-0.458218,-2.27625,-0.960935
05-24-24,8.18,8.18,7.93,7.98,66441,8.717,9.3856,12.44385,-0.075927,-0.014215,0.05024,FALSE,FALSE,-3.05825,-0.024502,-61.111116,22.907753,30.998802,4.453196,-0.45201,-0.046301,-19.556452,-38.187451,-70.455387,8.571445,-18.737268,2.524166,56.928491,2.619536,-2.297269,0.212611,6.161416,-1.943045,-38.12112,0.756651,-2040834,-43.447249,-49226449.123567,-0.186076,30.257961,-23.469499,-50.002518,0,-0.118075,-0.806377,-0.461098,-2.297269,-1.294607
05-27-24,7.95,8.02,7.89,7.89,6246,8.6365,9.346,12.3954,-0.081839,-0.014439,0.047909,FALSE,FALSE,-3.0494,-0.026811,-57.831345,23.352784,29.82114,-0.422845,-0.456801,-0.040873,-19.57187,-38.742238,-69.98859,0,-16.94737,2.462429,56.656192,2.616831,-2.298278,0.209406,6.457752,-1.904013,-37.677725,0.073467,-2047080,-89.936519,-49232695.123567,-0.175,31.842146,-24.121899,-50.730196,0,-0.131502,-0.897185,-0.457609,-2.298278,-1.317597
05-28-24,7.94,8.28,7.94,8.15,69699,8.5745,9.3076,12.348,-0.086455,-0.014729,0.045552,FALSE,FALSE,-3.0404,-0.028596,-35.106423,22.486355,37.239021,2.567248,-0.434607,-0.014944,-15.104174,-35.624015,-67.850101,28.571391,-13.205545,2.673092,54.728495,2.657456,-2.488592,0.233829,6.216841,-1.546827,-36.778845,0.800444,-1977381,144.078302,-49216295.456612,-0.157884,36.465641,-19.288221,-47.086753,0,-0.120638,-0.823292,-0.483559,-2.488592,-0.775648
05-29-24,8.38,8.53,8.32,8.48,159281,8.5185,9.2806,12.30535,-0.089632,-0.015051,0.043171,FALSE,FALSE,-3.02475,-0.029758,-12.558163,21.076478,45.161876,14.163074,-0.385942,0.026977,-13.292436,-32.051283,-65.834006,66.292108,-11.666675,2.796494,49.126338,2.714533,-2.496749,0.266265,5.720433,-1.119654,-36.677369,1.735781,-1818100,143.091739,-49132862.827409,-0.13041,46.783642,-15.989349,-42.084225,0,-0.112128,-0.765509,-0.516009,-2.496749,-0.07837
05-30-24,8.48,8.58,8.29,8.39,88964,8.4535,9.2566,12.26365,-0.091292,-0.015396,0.040765,FALSE,FALSE,-3.00705,-0.030309,-13.761443,19.950296,43.547285,13.726145,-0.350595,0.04986,-12.876425,-31.844029,-66.032388,61.728458,-13.415885,2.98825,40.685282,2.653469,-2.447832,0.281176,5.794363,-1.675757,-36.677369,0.988506,-1907064,-28.405534,-49160472.102531,-0.188134,44.797816,-15.964035,-42.942123,0,-0.167402,-1.181234,-0.530261,-2.447832,-0.156075
05-31-24,8.32,8.65,8.14,8.18,176213,8.392,9.2328,12.2166,-0.091855,-0.015762,0.038333,FALSE,FALSE,-2.9838,-0.031079,-18.614703,18.735957,39.957607,2.718586,-0.335658,0.051837,-15.057111,-34.349917,-66.447906,35.802526,-13.071196,3.396785,34.253852,2.66836,-2.44702,0.291015,5.997859,-1.934335,-36.52454,1.876059,-2083277,80.475839,-49309043.834707,-0.222971,41.156564,-18.309127,-46.068706,0,-0.179524,-1.268411,-0.539458,-2.44702,-0.618907
06-03-24,8.09,8.41,8.04,8.15,87143,8.3455,9.21,12.16785,-0.091424,-0.016145,0.035876,FALSE,FALSE,-2.95785,-0.031878,-23.893811,17.977895,39.457207,-5.704669,-0.322523,0.051977,-15.368645,-33.739842,-64.825207,32.098737,-10.242294,3.584574,30.532944,2.668258,-2.472158,0.292774,4.610476,-1.921493,-36.52454,0.958826,-2170420,-41.113626,-49344372.223644,-0.20464,36.817535,-18.165065,-43.973369,0,-0.243069,-1.719582,-0.541086,-2.472158,-0.640293
06-04-24,8.25,8.39,8.14,8.23,68635,8.3145,9.189,12.11535,-0.089703,-0.01654,0.033393,FALSE,FALSE,-2.92635,-0.032036,-13.761481,17.27398,41.558947,-1.988338,-0.302175,0.05786,-18.027893,-32.651396,-62.994606,44.736814,-7.005659,3.558409,28.199429,2.65013,-2.447614,0.294892,4.192185,-2.076003,-36.52454,0.752756,-2101785,9.340152,-49363590.463505,-0.180098,41.574484,-20.114433,-41.232231,0,-0.281911,-2.011021,-0.543039,-2.447614,-0.299653
06-05-24,8.07,8.21,8,8,154380,8.274,9.1638,12.0639,-0.086816,-0.016967,0.030884,FALSE,FALSE,-2.9001,-0.03256,-8.737881,17.143116,37.525595,-2.432012,-0.301137,0.047119,-20.47714,-34.587079,-63.319577,14.473707,-9.194102,3.55357,26.472222,2.66901,-2.476118,0.302706,4.355343,-2.280321,-36.52454,1.583112,-2256165,459.16549,-49517970.463505,-0.242829,41.25481,-22.990152,-43.924666,0,-0.298307,-2.124742,-0.550188,-2.476118,-1.035047
06-06-24,7.97,8.07,7.94,7.97,109847,8.235,9.1388,12.0151,-0.082912,-0.017425,0.028349,FALSE,FALSE,-2.8763,-0.033944,-9.615401,17.235785,37.020898,-2.436309,-0.299285,0.039176,-20.379624,-34.618539,-61.197666,10.526309,-8.914288,3.593832,24.7822,2.586053,-2.394411,0.30065,4.538505,-1.839632,-36.52454,1.108232,-2366012,41.189702,-49577119.158057,-0.268741,40.689542,-22.238376,-44.212616,0,-0.220592,-1.619219,-0.548316,-2.394411,-1.069316
06-07-24,7.96,8,7.83,7.87,278854,8.194,9.1152,11.96515,-0.077983,-0.017939,0.025789,FALSE,FALSE,-2.84995,-0.035382,-11.32075,17.703026,35.315865,-6.243081,-0.302401,0.028849,-23.219513,-36.016262,-61.851671,4.878046,-9.43613,3.675802,23.613994,2.588548,-2.321584,0.287437,4.788973,-1.976704,-36.685441,2.501326,-2644866,782.812549,-49724747.930331,-0.293816,36.245404,-24.38026,-45.295544,0,-0.30303,-2.201494,-0.536131,-2.321584,-1.372068
06-10-24,7.97,8.03,7.86,7.9,108003,8.1585,9.0888,11.9181,-0.072653,-0.018527,0.023205,FALSE,FALSE,-2.8293,-0.0363,-3.482573,17.970187,36.264236,-1.261358,-0.299003,0.025798,-22.473009,-35.66775,-60.637767,8.536609,-8.246221,3.652802,22.333058,2.56792,-2.277822,0.276183,4.867458,-2.188197,-36.685441,0.946542,-2536863,94.260482,-49781925.917874,-0.306501,43.371711,-23.663555,-45.179735,0,-0.304087,-2.209545,-0.525531,-2.277822,-1.157476
06-11-24,7.97,8.07,7.85,7.88,81512,8.118,9.0612,11.86735,-0.067432,-0.019174,0.020594,FALSE,FALSE,-2.80615,-0.036801,-10.994773,17.989595,35.886489,-1.134409,-0.294528,0.024218,-18.257263,-33.78151,-60.932077,6.097587,-9.321053,3.580492,19.329819,2.549139,-2.209439,0.272232,5.075157,-2.440908,-36.685441,0.704146,-2618375,68.531613,-49841207.195747,-0.346151,41.712658,-18.235364,-42.08989,0,-0.372958,-2.722512,-0.521758,-2.209439,-1.231257
06-12-24,7.71,7.78,7.67,7.74,105282,8.0785,9.0254,11.82015,-0.062318,-0.019873,0.017959,FALSE,FALSE,-2.79475,-0.037817,-26.315795,18.669149,33.273678,-2.042187,-0.298834,0.015929,-19.792745,-33.390707,-61.853132,7.142829,-9.26143,3.469914,18.52246,2.542236,-2.229633,0.27978,5.53393,-2.3844,-37.731299,0.897101,-2723657,43.588555,-49812494.669831,-0.316189,31.505615,-19.444945,-41.851913,0,-0.348216,-2.562129,-0.528942,-2.229633,-1.827512
06-13-24,7.74,7.9,7.68,7.73,95746,8.056,8.9906,11.776,-0.05737,-0.020604,0.015299,FALSE,FALSE,-2.7854,-0.03914,-15.151519,18.615183,33.088368,-3.175868,-0.2996,0.012131,-21.681863,-31.894275,-61.82716,6.122446,-5.501226,3.391239,19.906092,2.527725,-2.08577,0.265145,5.807619,-2.156061,-37.811747,0.831259,-2819403,-31.250539,-49864719.647545,-0.284378,36.781158,-20.721651,-39.394425,0,-0.356982,-2.615264,-0.514923,-2.08577,-1.637689
06-14-24,7.9,8.09,7.86,7.96,144528,8.0455,8.9512,11.7353,-0.052627,-0.021342,0.012616,FALSE,FALSE,-2.7841,-0.040356,3.910625,17.607715,41.199817,5.313328,-0.278438,0.026634,-20.953324,-28.481582,-59.470467,29.591847,-2.57038,3.499639,19.826812,2.549685,-2.102221,0.256543,5.740788,-1.590689,-37.811747,1.223711,-2674875,67.975732,-49883571.256082,-0.263462,42.132922,-19.78123,-33.8429,0,-0.306355,-2.212129,-0.506501,-2.102221,-0.431234
06-17-24,8,8.05,7.83,7.86,65718,8.033,8.907,11.69665,-0.048553,-0.022098,0.00991,FALSE,FALSE,-2.78965,-0.041793,-17.791383,16.80154,38.986867,5.71319,-0.266663,0.030728,-20.04069,-29.380053,-60.973186,19.38777,-3.082608,3.389675,20.183626,2.551857,-2.093926,0.253731,5.974377,-1.631065,-37.811747,0.559873,-2740593,-18.098205,-49931366.061581,-0.277563,38.19986,-18.806278,-33.816742,0,-0.324382,-2.335891,-0.503717,-2.093926,-0.857129
06-18-24,7.8,7.97,7.8,7.9,59900,8.0295,8.8702,11.6597,-0.044684,-0.022875,0.00718,FALSE,FALSE,-2.7895,-0.043101,-43.283551,16.186853,40.366648,7.27828,-0.251207,0.036947,-17.622524,-31.244558,-59.299329,23.469401,-0.87829,3.182638,20.358557,2.553665,-2.109765,0.254681,5.321175,-1.566032,-37.811747,0.531119,-2680693,-60.563566,-49920795.374513,-0.246786,30.435202,-16.329354,-37.082143,0,-0.295843,-2.13023,-0.504659,-2.109765,-0.636095
06-19-24,7.82,7.89,7.82,7.87,2736,8.0185,8.8344,11.6238,-0.040867,-0.023667,0.004427,FALSE,FALSE,-2.7894,-0.044417,-40.625014,15.616072,39.64255,-1.557268,-0.238628,0.03962,-16.008538,-31.565218,-59.826443,20.408153,-2.71941,3.004173,20.607287,2.553731,-2.090188,0.251963,3.881695,-1.583007,-37.811747,0.025699,-2683429,-97.881107,-49919622.808409,-0.278491,32.23529,-13.441841,-36.346707,0,-0.309885,-2.227223,-0.501959,-2.090188,-0.720619
06-20-24,7.88,8.19,7.88,8.15,113046,8.014,8.8012,11.5887,-0.036918,-0.024462,0.001652,FALSE,FALSE,-2.7875,-0.045263,-2.222272,15.370984,48.862572,9.875705,-0.203717,0.059625,-12.271263,-30.102918,-58.076135,64.864823,-1.092235,2.734442,20.192228,2.600138,-2.020161,0.228093,3.886989,-1.148777,-37.811747,1.107114,-2570383,-43.504683,-49835749.992137,-0.31788,41.524496,-9.860307,-34.180833,0,-0.222544,-1.546457,-0.47759,-2.020161,0.673525
06-21-24,8.19,8.3,7.93,7.97,154048,8.0135,8.767,11.55155,-0.033233,-0.025261,-0.001146,FALSE,FALSE,-2.78455,-0.046634,-11.999992,15.577665,44.189336,3.822688,-0.188403,0.059951,-14.116379,-35.880936,-58.162729,41.666611,-0.125316,2.796199,20.202326,2.604536,-2.033131,0.220078,3.96914,-1.183891,-36.115704,1.446609,-2724431,131.856835,-49956490.380849,-0.342778,39.738159,-12.141016,-41.086696,0,-0.263541,-1.81883,-0.469124,-2.033131,-0.215322
06-24-24,8.07,8.07,7.88,7.97,62273,8.0175,8.717,11.51455,-0.029705,-0.026083,-0.003967,FALSE,FALSE,-2.79755,-0.047656,-18.309847,15.492684,44.189336,4.546786,-0.174258,0.059277,-13.93089,-34.132235,-57.15054,47.618994,1.013941,2.742426,20.023336,2.590646,-1.876628,0.206672,3.177853,-1.38208,-34.657649,0.569794,-2724431,897.006084,-49959767.98942,-0.332633,35.324842,-13.429668,-39.917089,0,-0.252483,-1.736994,-0.454611,-1.876628,-0.237224
06-25-24,7.93,8,7.77,7.79,34793,7.9995,8.6528,11.478,-0.026481,-0.026927,-0.006811,FALSE,FALSE,-2.8252,-0.048836,-15.328471,14.824967,39.777236,-9.085337,-0.175548,0.04639,-15.509764,-34.150465,-58.585858,19.047597,-4.417174,2.805794,20.384393,2.602599,-1.858285,0.201087,3.354171,-1.649427,-32.489082,0.32352,-2759224,-50.081063,-49988510.039171,-0.359019,38.383425,-14.975667,-39.181565,0,-0.307198,-2.096341,-0.448427,-1.858285,-1.027747
06-26-24,7.85,7.85,7.7,7.74,58123,7.9625,8.5934,11.44285,-0.023806,-0.027785,-0.009677,FALSE,FALSE,-2.84945,-0.049558,-16.546766,13.848126,38.62361,-5.565726,-0.178547,0.034712,-14.475142,-29.891306,-58.873539,11.111061,-8.726413,2.842377,17.749352,2.569462,-1.80278,0.190877,3.565072,-2.037022,-32.489082,0.567124,-2817347,-63.509144,-50015634.155109,-0.430674,39.899465,-12.995727,-34.168911,0,-0.345351,-2.371981,-0.436894,-1.80278,-1.253568
06-27-24,7.72,7.72,7.52,7.58,66687,7.922,8.5328,11.4065,-0.0219,-0.02864,-0.012566,FALSE,FALSE,-2.8737,-0.050546,-20,13.609925,35.114114,-9.075222,-0.191626,0.017307,-17.787422,-31.464741,-58.624454,7.692298,-9.654355,2.94949,16.690995,2.579141,-1.817252,0.196315,3.919249,-2.176851,-33.799126,0.657836,-2884034,-25.040466,-50042308.955109,-0.434945,47.325685,-16.731302,-36.767674,0,-0.352031,-2.416923,-0.443074,-1.817252,-2.049009
06-28-24,7.67,7.73,7.6,7.72,48796,7.899,8.4736,11.37215,-0.020494,-0.029468,-0.015477,FALSE,FALSE,-2.89855,-0.050419,-11.538485,13.334656,40.231595,0.45436,-0.188521,0.01633,-16.630674,-30.13575,-56.359528,25.640994,-5.623478,2.877498,16.107852,2.504564,-1.769558,0.197093,4.08372,-2.559688,-33.799126,0.513629,-2835238,-72.308513,-50001020.197246,-0.364189,44.386147,-15.188404,-34.924217,0,-0.400194,-2.830783,-0.443952,-1.769558,-1.11126
07-02-24,7.51,7.76,7.33,7.36,212125,7.8595,8.4018,11.33805,-0.019645,-0.030278,-0.01841,FALSE,FALSE,-2.93625,-0.050522,-27.368432,14.14983,33.019851,-5.603758,-0.212658,-0.006246,-22.770196,-33.693695,-59.156493,3.092804,-9.693246,3.22205,19.046956,2.552926,-1.982355,0.228889,4.754386,-3.140587,-35.720522,2.095029,-3047363,143.421732,-50183546.174041,-0.4144,33.26544,-22.274243,-39.095557,0,-0.525457,-3.720842,-0.478424,-1.982355,-2.622465
07-03-24,7.35,7.45,7.2,7.33,249646,7.8145,8.3456,11.3013,-0.019197,-0.031059,-0.021366,FALSE,FALSE,-2.9557,-0.051083,-22.905032,15.333048,32.497065,-2.617049,-0.231538,-0.020101,-22.59768,-35.982532,-58.610953,11.818188,-10.935597,3.274216,20.415354,2.526556,-1.81985,0.214055,5.294078,-2.872884,-35.814362,2.263292,-3297009,263.729875,-50173560.105483,-0.367159,30.074827,-23.392793,-42.981486,0,-0.432559,-3.06564,-0.462661,-1.81985,-2.373214
07-04-24,7.31,7.35,7.3,7.35,3981,7.782,8.298,11.2651,-0.019102,-0.031809,-0.024344,FALSE,FALSE,-2.9671,-0.051613,-21.111126,16.431752,33.255735,-6.97586,-0.242096,-0.024527,-25.981876,-35.639231,-58.214896,13.636368,-8.125001,3.100097,22.385612,2.527715,-1.828322,0.214123,5.745664,-2.757036,-35.247349,0.038732,-3293028,-97.421298,-50169579.105483,-0.316985,25.011187,-27.108267,-42.372059,0,-0.428712,-3.037113,-0.462734,-1.828322,-1.929811
07-05-24,7.38,7.44,7.34,7.42,185216,7.7545,8.2538,11.22995,-0.019275,-0.032535,-0.027344,FALSE,FALSE,-2.97615,-0.051645,-32.926839,16.893057,35.968296,2.948445,-0.242025,-0.019565,-26.315786,-32.911394,-58.524313,20.000017,-6.900875,2.820562,23.31359,2.52094,-1.811203,0.210987,6.193148,-2.827461,-35.247349,1.738291,-3107812,68.612707,-50058449.505483,-0.225869,26.636814,-25.739364,-38.584019,0,-0.438007,-3.105108,-0.459333,-1.811203,-1.434785
07-08-24,7.31,7.33,7.24,7.31,16923,7.7265,8.2036,11.1911,-0.019773,-0.033275,-0.030367,FALSE,FALSE,-2.9875,-0.051946,-33.333353,17.689568,33.65369,1.156625,-0.247986,-0.020421,-24.948664,-32.252086,-61.137692,10.000009,-7.115628,2.82392,25.144369,2.521965,-1.851058,0.218313,6.711072,-2.842814,-35.424027,0.181084,-3124735,-93.931233,-50049047.818892,-0.173508,27.726833,-24.521316,-37.426839,0,-0.421463,-3.000571,-0.46724,-1.851058,-1.656434
07-09-24,7.28,7.33,7.26,7.31,9251,7.697,8.1598,11.14645,-0.02055,-0.033997,-0.033413,FALSE,FALSE,-2.98665,-0.050775,-36.64598,18.429186,33.65369,0.397955,-0.249831,-0.017812,-24.327122,-30.579296,-60.357919,10.000009,-7.468356,2.726206,26.429843,2.256557,-1.57722,0.191818,7.207924,-4.134048,-35.424027,0.104512,-3124735,-91.434497,-50045083.122611,-0.148649,29.663342,-23.192699,-35.960813,0,-0.543168,-4.250434,-0.43797,-1.57722,-1.464254
07-10-24,7.27,7.3,7.2,7.25,105764,7.6655,8.117,11.10145,-0.021723,-0.034699,-0.036482,FALSE,FALSE,-2.98445,-0.048629,-37.804885,19.34441,32.337291,-3.631005,-0.253215,-0.016957,-26.095824,-30.488976,-60.317461,4.54547,-7.994925,2.778325,27.85011,2.131983,-1.31924,0.160819,7.734439,-5.105659,-35.954062,1.178703,-3230499,29.752674,-50045083.122611,-0.113606,27.459742,-27.189848,-37.352415,0,-0.597678,-4.857982,-0.401023,-1.31924,-1.491915
07-11-24,7.2,7.4,7.19,7.32,89155,7.6445,8.0714,11.0567,-0.023139,-0.035372,-0.039575,FALSE,FALSE,-2.9853,-0.046652,-58.041926,19.50168,35.506869,1.853179,-0.247397,-0.008911,-24.380166,-29.682994,-59.490867,11.711721,-5.426352,2.644418,28.825193,2.126374,-1.324361,0.163209,6.345348,-4.67096,-35.954062,1.002612,-3141344,-15.317908,-50023855.664539,-0.118845,25.518133,-26.677471,-37.708451,0,-0.509663,-4.15944,-0.403991,-1.324361,-1.125751
07-12-24,7.2,7.2,7.1,7.18,171727,7.617,8.0212,11.00385,-0.02465,-0.036035,-0.042693,FALSE,FALSE,-2.98265,-0.044885,-56.834516,20.022175,32.252749,-1.400941,-0.251187,-0.010161,-31.423117,-32.071901,-58.158509,8.247417,-7.115138,2.546757,30.539184,2.132647,-1.336817,0.167032,6.876145,-4.778657,-36.572438,1.852067,-3313071,79.35684,-49920819.464539,-0.030252,25.552362,-35.249988,-40.494774,0,-0.513984,-4.191957,-0.408695,-1.336817,-1.430949
07-15-24,7.16,7.32,7.11,7.32,157882,7.585,7.9794,10.9554,-0.026124,-0.036677,-0.045834,FALSE,FALSE,-2.976,-0.042579,-42.483616,19.712618,38.338574,6.001283,-0.240126,0.00072,-33.454544,-30.550283,-57.367501,24.444472,-8.040199,2.517565,30.105946,2.152245,-1.315341,0.159064,5.253532,-4.576552,-36.572438,1.690575,-3155189,9.239732,-49762937.464539,0.064586,34.960722,-38.371153,-39.048654,0,-0.49194,-3.956754,-0.398828,-1.315341,-0.880224
07-16-24,7.27,7.36,7.25,7.35,60632,7.5595,7.9448,10.9111,-0.027467,-0.037282,-0.048998,FALSE,FALSE,-2.9663,-0.03958,-31.884048,19.173383,39.590859,4.08399,-0.226331,0.011612,-31.37255,-32.692309,-56.916764,33.333333,-6.488552,2.390671,29.81252,2.117073,-1.30711,0.16654,4.909315,-4.917307,-36.572438,0.651011,-3094557,-7.739128,-49713329.703477,0.117054,38.593163,-37.969332,-42.840695,0,-0.518358,-4.257474,-0.408093,-1.30711,-0.702725
07-17-24,7.57,7.7,7.47,7.6,353276,7.5445,7.9198,10.8664,-0.028368,-0.037821,-0.052186,FALSE,FALSE,-2.9466,-0.037344,-8.860749,18.682308,48.903779,16.65103,-0.193,0.035954,-28.369461,-32.86219,-55.267805,75.757539,-3.797471,2.5,28.744738,1.987949,-1.301859,0.189084,4.706445,-3.79952,-34.727274,3.277021,-2741281,489.776294,-49667249.906776,0.117596,52.809792,-34.34761,-43.717767,0,-0.358002,-3.174624,-0.434838,-1.301859,0.193079
07-18-24,7.46,7.94,7.4,7.84,161958,7.543,7.9004,10.82275,-0.028735,-0.038277,-0.055396,FALSE,FALSE,-2.92235,-0.035268,15.662657,19.117178,55.928058,17.589485,-0.145541,0.06673,-26.591761,-28.532361,-52.997602,88.095252,-0.381191,2.715015,28.573259,1.985318,-1.302146,0.189896,6.007293,-2.844868,-34.727274,1.399023,-2579323,5819.517544,-49565276.298252,0.153045,59.144611,-31.761921,-38.497972,0,-0.262959,-2.336082,-0.435771,-1.302146,1.039434
07-19-24,7.94,8.25,7.87,8.14,119322,7.5425,7.8882,10.7727,-0.028464,-0.038627,-0.05863,TRUE,FALSE,-2.8845,-0.032765,23.076939,20.408422,62.810304,23.219445,-0.082768,0.103603,-25.662096,-23.639771,-52.453271,90.434813,-0.12269,2.843103,28.462117,2.054517,-1.375714,0.193809,9.19854,-2.123929,-34.727274,1.027939,-2460001,5.551722,-49515035.219732,0.138145,60.849227,-30.106337,-32.685152,0,-0.163956,-1.41091,-0.440238,-1.375714,2.099283
07-22-24,8.03,8.03,7.68,7.73,121013,7.5305,7.869,10.72545,-0.027664,-0.038897,-0.061887,FALSE,FALSE,-2.85645,-0.030529,19.786071,20.644207,51.072157,2.168378,-0.065351,0.096816,-23.767261,-24.878522,-54.768871,54.782614,-3.01129,3.021623,27.035018,2.123589,-1.474078,0.212382,8.936815,-2.928194,-34.727274,1.057555,-2581014,-21.444615,-49601472.93556,0.155128,63.742659,-28.621126,-34.815381,0,-0.255419,-2.151416,-0.46085,-1.474078,0.737932
07-23-24,7.71,7.77,7.54,7.71,53328,7.5175,7.851,10.67865,-0.026261,-0.039084,-0.065167,FALSE,FALSE,-2.82765,-0.028752,20.430097,20.223806,50.575634,-5.352425,-0.052555,0.08769,-20.76053,-23.207171,-54.297572,53.043485,-3.26223,3.010932,25.385194,2.089609,-1.434673,0.208604,8.647952,-2.595977,-34.727274,0.467872,-2634342,-14.364171,-49575968.211066,0.168363,71.235457,-24.565483,-32.25386,0,-0.226963,-1.93818,-0.456732,-1.434673,0.758316
07-24-24,7.9,8.77,7.89,8.71,214157,7.5635,7.8514,10.63825,-0.023732,-0.039139,-0.068469,TRUE,FALSE,-2.78685,-0.025423,47.887302,22.010503,67.558522,4.748218,0.037841,0.142469,-9.553479,-15.107214,-47.435123,96.407162,11.810014,3.493522,36.489764,2.700867,-1.76707,0.193293,13.737813,-0.624482,-34.727274,1.741849,-2420185,515.517489,-49391014.622953,0.242987,74.933209,-13.379422,-23.325595,0,0.010008,0.065495,-0.439651,-1.76707,3.141977
07-25-24,8.63,9,8.25,8.78,172123,7.6155,7.8564,10.602,-0.020389,-0.039061,-0.071793,TRUE,FALSE,-2.7456,-0.021585,47.887293,23.987825,68.377638,17.305481,0.113817,0.174756,-10.590631,-15.576923,-47.076554,88.421039,13.436692,3.994469,45.448032,2.686241,-1.762071,0.183268,13.771667,-0.768998,-34.727274,1.337937,-2248062,196.135781,-49319870.572185,0.270413,75.153435,-14.355086,-23.394855,0,0.01927,0.126008,-0.428098,-1.762071,2.562267
07-26-24,8.5,8.57,8.27,8.27,186983,7.65,7.8582,10.5649,-0.016671,-0.038899,-0.075138,TRUE,FALSE,-2.7067,-0.018385,29.629643,25.823909,57.071325,6.495692,0.131362,0.15384,-12.947364,-19.941912,-48.601614,61.578973,9.10291,4.525825,47.726195,2.780985,-1.890581,0.201749,13.116645,-1.384608,-34.727274,1.388526,-2435045,180.388981,-49506853.572185,0.198813,68.129784,-17.21315,-28.636821,0,-0.056782,-0.362777,-0.449165,-1.890581,1.299078
07-29-24,8.22,8.33,8.09,8.15,110412,7.6715,7.8578,10.525,-0.0126,-0.038661,-0.074651,TRUE,FALSE,-2.6672,-0.015778,24.999982,26.793561,54.776242,-12.78228,0.134038,0.125213,-13.205545,-21.559198,-51.689394,55.26314,5.569946,4.741455,49.009425,2.763787,-1.849493,0.194758,12.478041,-1.255514,-34.727274,0.801576,-2545457,126.272645,-49562060.010923,0.159339,64.209013,-17.288272,-29.559497,0,-0.054066,-0.346066,-0.441315,-1.849493,0.976342
07-30-24,8.06,8.65,8.06,8.41,51757,7.724,7.8638,10.47705,-0.008061,-0.038338,-0.074196,TRUE,FALSE,-2.61325,-0.013234,32.584253,28.197545,58.655694,-9.721944,0.155347,0.117218,-12.395838,-17.951221,-48.246155,68.947362,14.2663,5.002548,51.077238,2.763316,-1.76442,0.175811,11.63098,-0.614511,-34.727274,0.398974,-2493700,-75.600707,-49552410.417769,0.243259,68.273722,-18.043565,-26.162385,0,0.042362,0.268062,-0.419299,-1.76442,1.343064
07-31-24,8.15,8.22,7.9,8.21,274248,7.768,7.8686,10.43685,-0.003399,-0.037955,-0.073744,TRUE,FALSE,-2.56825,-0.01137,24.119231,28.884571,54.763993,-2.307332,0.154318,0.092951,-15.273474,-23.698886,-49.132588,58.421057,12.005459,5.385418,51.294403,2.761067,-1.777158,0.17424,10.88757,-0.600167,-34.727274,2.094209,-2767948,9.854754,-49295303.300889,0.335327,58.417076,-22.140048,-34.246365,0,0.038393,0.242913,-0.417421,-1.777158,0.861693
08-01-24,8.1,9.21,8.1,8.91,349576,7.846,7.885,10.39745,0.001933,-0.03748,-0.073293,TRUE,FALSE,-2.51245,-0.008391,40.705878,30.775233,63.813566,9.037324,0.207594,0.116982,-5.313496,-16.259403,-45.604394,85.714276,21.224489,5.675805,56.227356,2.975959,-2.114319,0.236525,10.828428,0.241366,-34.727274,2.358253,-2418372,8681.110274,-49134687.479472,0.349071,68.706842,-9.965871,-24.671174,0,0.150603,0.919412,-0.486338,-2.114319,1.892317
08-02-24,9.67,11.42,9.51,11.04,694215,8.027,7.941,10.3636,0.009321,-0.036793,-0.072842,TRUE,TRUE,-2.4226,-0.002027,59.615379,33.819396,78.142436,19.486742,0.416883,0.261016,21.585904,4.743833,-37.697515,90.887288,48.78706,6.06884,89.946824,4.279361,-3.380932,0.338,25.639121,1.68795,-34.727274,3.996975,-1724157,274.813731,-48716704.731327,0.386258,76.356606,19.703856,-1.500106,0,0.509525,2.323046,-0.581377,-3.380932,3.349757
08-06-24,12.2,14.2,10.9,12.2,357766,8.2715,8.0254,10.3313,0.019349,-0.035846,-0.07239,TRUE,TRUE,-2.3059,0.006009,65.807322,37.318393,82.261865,27.497872,0.668641,0.410219,37.853099,19.373772,-31.306308,70.588234,66.894664,7.359484,127.889864,4.467899,-3.601223,0.363287,30.588787,2.279533,-34.727274,1.875799,-1366391,2014.081428,-48792594.463838,0.329385,79.556762,38.575945,13.338612,0,0.5973,2.659607,-0.602733,-3.601223,3.071784
08-07-24,10.6,12.64,10.6,12.2,547690,8.516,8.1116,10.29845,0.031585,-0.034663,-0.071937,TRUE,TRUE,-2.18685,0.013715,64.606737,40.051863,82.261865,18.4483,0.858267,0.479876,38.478992,22.613066,-33.333332,70.588234,66.894664,8.348946,152.848525,4.463967,-3.615298,0.366289,28.881252,2.336104,-34.727274,2.516389,-1366391,5820.332937,-48481163.186391,0.359275,62.49102,39.467594,17.132978,0,0.619323,2.766629,-0.605218,-3.615298,2.410229
08-08-24,11.57,11.74,11.11,11.2,103771,8.7135,8.1726,10.2634,0.044914,-0.033312,-0.071483,TRUE,TRUE,-2.0908,0.019718,42.639589,42.590086,69.219024,-8.923412,0.917281,0.431113,27.999998,12.676059,-36.936939,54.954954,54.482756,9.445153,160.934852,4.608223,-3.755525,0.39945,27.344073,1.739025,-34.727274,0.476999,-1470162,-1.884384,-48555285.284367,0.342404,58.871225,27.175299,5.552807,0,0.585073,2.600774,-0.632021,-3.755525,1.545035
08-09-24,11.14,11.33,9.68,9.72,152494,8.8335,8.1974,10.2253,0.058049,-0.03186,-0.071028,TRUE,FALSE,-2.0279,0.022883,17.439294,42.699769,55.255489,-27.006376,0.835002,0.279067,11.852713,-1.519753,-44.709896,32.732738,32.786886,11.794531,158.932709,4.929714,-3.884253,0.374751,26.421755,1.015227,-34.727274,0.690904,-1622656,71.043688,-48700385.641223,0.299812,54.987592,11.176477,-9.054399,0,0.424504,1.728755,-0.612169,-3.884253,0.557783
08-12-24,9.74,9.9,9.12,9.66,187513,8.9575,8.2228,10.1815,0.070734,-0.030303,-0.070574,TRUE,FALSE,-1.9587,0.025291,22.158438,42.078351,54.773081,-27.488784,0.756236,0.160241,12.195125,-2.914573,-45.207032,31.831831,34.540391,12.104406,154.978387,4.897002,-3.876313,0.378948,25.163104,1.210343,-34.727274,0.846538,-1810169,9.192497,-48628265.186065,0.291765,53.646938,10.954676,-10.363895,0,0.495692,2.039004,-0.615587,-3.876313,0.453289
08-13-24,9.45,9.46,8.91,8.94,184714,9.0385,8.238,10.1336,0.082055,-0.028669,-0.070119,TRUE,FALSE,-1.8956,0.02642,13.071196,41.237246,49.219889,-19.999135,0.628471,0.02598,2.87687,-12.352944,-47.442684,16.640249,22.131139,13.494726,150.127054,5.00035,-3.98202,0.392318,24.237062,0.797426,-34.727274,0.828881,-1994883,16.994971,-48792828.754231,0.217662,51.751843,0.383663,-20.609516,0,0.434803,1.770737,-0.626353,-3.98202,-0.065611
08-14-24,8.77,8.83,8.34,8.36,205297,9.089,8.2422,10.07905,0.091508,-0.026985,-0.069665,TRUE,FALSE,-1.83685,0.026453,-3.893219,39.761623,45.240782,-10.014707,0.47494,-0.102041,-1.992967,-23.861566,-50.029887,7.301581,13.741493,14.037934,145.784226,5.074494,-4.086565,0.399423,24.489734,0.485808,-34.727274,0.892283,-2200180,238.595131,-48981367.223174,0.159067,46.806643,-5.142336,-35.370613,0,0.33461,1.35071,-0.631999,-4.086565,-0.500054
08-15-24,8.1,8.24,7.91,8,175424,9.109,8.2376,10.0298,0.098711,-0.025271,-0.069209,FALSE,FALSE,-1.7922,0.025644,-8.40517,37.899065,42.921372,-11.851709,0.320522,-0.205167,-2.200493,-22.77992,-54.519614,1.5873,5.263159,14.401783,143.896119,5.101702,-4.063557,0.408272,25.065325,0.34942,-34.727274,0.793099,-2375604,-50.343641,-49061105.220643,0.13702,42.749389,-6.628164,-33.971935,0,0.380705,1.539971,-0.638961,-4.063557,-0.770695
08-16-24,8.17,8.21,7.97,8.01,175107,9.1175,8.2378,9.98655,0.103659,-0.023526,-0.068752,FALSE,FALSE,-1.74875,0.025054,-2.961278,36.169546,43.00878,-6.211109,0.196684,-0.263204,-1.958382,-22.233009,-55.251394,1.746034,2.168368,14.143033,143.155366,5.098497,-4.068935,0.407656,25.266622,0.277994,-34.727274,0.78932,-2200497,8.118772,-49177842.6408,0.087321,46.885603,-6.413641,-31.809607,0,0.390072,1.578031,-0.63848,-4.068935,-0.773635
08-19-24,7.99,8.04,7.8,7.85,169318,9.103,8.2354,9.94615,0.106024,-0.02176,-0.068295,FALSE,FALSE,-1.71075,0.02446,-3.401357,34.356163,41.903133,-3.337649,0.084655,-0.300186,-3.205916,-23.414635,-58.088627,0.781246,-3.562659,14.431299,144.339544,5.10035,-4.095416,0.407673,25.504818,0.078093,-35.655737,0.754721,-2369815,41.900069,-49276611.810538,0.053138,46.324328,-7.161494,-33.103591,0,0.387744,1.568067,-0.638493,-4.095416,-0.868092
08-20-24,7.95,8.2,7.86,8.2,190818,9.1265,8.242,9.91005,0.106188,-0.019949,-0.067836,FALSE,FALSE,-1.66805,0.024021,-2.356903,32.833117,45.220612,2.29924,0.023839,-0.288802,2.885822,-22.495275,-55.166761,6.249994,6.080204,13.606271,142.355472,5.114177,-4.108253,0.408455,25.658262,0.471779,-35.655737,0.837525,-2178997,57.683885,-49085793.810538,0.113169,47.922889,-0.685717,-31.812569,0,0.457742,1.847359,-0.639105,-4.108253,-0.650836
08-21-24,8.15,8.49,8.12,8.27,219052,9.1545,8.2494,9.87625,0.104148,-0.018101,-0.067377,TRUE,FALSE,-1.62685,0.023532,0.683376,31.710466,45.886165,2.877385,-0.018497,-0.26491,2.224973,-21.313033,-53.35589,7.343755,7.2633,13.370183,139.953173,5.112065,-4.096985,0.407184,25.613784,0.574526,-35.655737,0.927708,-1959945,310.763576,-49127235.348346,0.095022,53.382193,-2.075121,-31.311008,0,0.50531,2.037988,-0.638109,-4.096985,-0.631997
08-22-24,8.37,8.7,8.19,8.63,151861,9.1505,8.2644,9.8467,0.100315,-0.016205,-0.066918,TRUE,FALSE,-1.5823,0.024053,-3.317532,30.877081,49.297906,7.394773,-0.022737,-0.21532,4.733014,-15.88694,-51.679732,12.96875,-0.918484,12.315841,140.098259,5.124726,-4.11229,0.405342,25.793097,0.627716,-35.655737,0.651745,-1808084,-29.088939,-49017061.481228,0.080245,51.039401,0.047815,-24.765195,0,0.543148,2.181799,-0.636665,-4.11229,-0.371525
08-23-24,8.38,8.5,8.1,8.15,237079,9.119,8.2726,9.8149,0.094466,-0.014301,-0.066457,FALSE,FALSE,-1.5423,0.02432,-42.562591,29.965708,45.20546,-0.015152,-0.064091,-0.205339,2.130321,-17.842746,-52.91739,5.468741,-7.1754,11.305871,141.67453,5.153093,-4.337508,0.41737,27.157728,0.130799,-35.655737,1.003489,-2045163,37.738129,-49194871.57909,0.026454,35.455218,-3.067184,-27.156679,0,0.591581,2.387534,-0.646042,-4.337508,-0.683962
08-26-24,8.1,8.32,8.08,8.13,176000,9.112,8.2806,9.7843,0.086801,-0.012391,-0.065996,FALSE,FALSE,-1.5037,0.024419,-72.035386,29.087173,45.037699,-0.848466,-0.097356,-0.190883,3.041828,-17.125385,-54.908487,6.81818,-1.69287,8.645228,142.14988,5.151165,-4.405983,0.421617,28.583867,0.172756,-35.655737,0.746694,-2221163,-5.873796,-49297537.896075,0.044402,22.761986,-2.358758,-27.321727,0,0.560808,2.272486,-0.649321,-4.405983,-0.69082
08-27-24,8.26,8.3,7.97,7.99,74882,9.104,8.2812,9.7503,0.077164,-0.010508,-0.065534,FALSE,FALSE,-1.4691,0.023947,-72.711561,28.085265,43.811984,-5.485922,-0.133476,-0.181603,-1.963188,-16.770839,-53.492435,4.822325,-1.963188,7.268013,142.763474,5.145532,-4.385582,0.411335,24.170256,0.2131,-35.655737,0.320106,-2296045,-32.179473,-49363343.309688,0.042474,29.187587,-7.496934,-26.720166,0,0.467051,1.878022,-0.641354,-4.385582,-0.780312
08-28-24,8.01,8.51,7.95,8.41,303503,9.104,8.2922,9.72145,0.0662,-0.008643,-0.065069,TRUE,FALSE,-1.42925,0.024124,-53.550853,27.419125,48.353098,3.147638,-0.126751,-0.139902,-0.825468,-14.008179,-49.214975,17.280445,0,6.4549,142.763474,5.1882,-4.520707,0.425283,14.325399,0.498113,-35.655737,1.231168,-1992542,486.399907,-49168234.570528,0.077921,38.799491,-7.724307,-23.789987,0,0.594034,2.397551,-0.652137,-4.520707,-0.486119
08-29-24,8.13,8.23,8,8.15,255765,9.101,8.2972,9.692,0.053814,-0.006797,-0.064603,FALSE,FALSE,-1.3948,0.023996,-39.348371,26.800567,45.881027,0.843329,-0.140777,-0.123143,-2.860557,-15.368645,-49.378886,16.666644,-0.730821,5.574057,142.967384,5.20414,-4.578411,0.429859,14.466242,0.28951,-35.655737,1.041421,-2248307,-6.73952,-49090393.233225,0.041718,37.913958,-9.183972,-24.974913,0,0.607486,2.454123,-0.655636,-4.578411,-0.665187
08-30-24,8,8.11,7.86,7.94,216043,9.0525,8.2986,9.6622,0.039962,-0.004981,-0.064134,FALSE,FALSE,-1.3636,0.023138,-41.54588,25.949885,43.927573,0.11559,-0.166915,-0.119424,-2.933988,-17.549325,-49.069917,8.433728,-10.886642,5.280676,145.276095,5.202153,-4.580654,0.429146,8.691834,0.300706,-35.655737,0.904265,-2464350,-38.198561,-49168168.581362,-0.007007,38.032888,-8.721742,-26.777313,0,0.602219,2.432256,-0.655092,-4.580654,-0.765783
09-03-24,8.09,9.73,8.09,9.48,561336,8.9745,8.3252,9.6414,0.026039,-0.003132,-0.063663,TRUE,FALSE,-1.3162,0.024757,10.887096,26.915118,58.037342,9.684244,-0.062642,-0.012121,16.319018,-1.557638,-37.998695,87.046628,-14.130439,5.206449,138.051655,5.766187,-5.01545,0.431119,13.57458,1.178438,-35.655737,2.416722,-1903014,-19.1409,-48777971.669445,-0.013189,52.675624,10.768093,-10.060211,0,0.877269,3.202092,-0.656597,-5.01545,0.366167
09-04-24,9.71,9.93,9.08,9.65,312471,8.847,8.3588,9.62245,0.01273,-0.001242,-0.063189,TRUE,TRUE,-1.26365,0.026401,28.351646,27.971253,59.256179,13.375152,0.033328,0.067079,17.253951,-3.884466,-35.880402,86.854429,-20.901641,5.299778,116.840012,5.764394,-5.209282,0.452779,14.591066,1.3187,-35.655737,1.358529,-1590543,-12.66051,-48671364.328954,0.026354,61.24552,11.131113,-12.221599,0,1.019908,3.796875,-0.672889,-5.209282,0.687264
09-05-24,9.56,9.67,9.1,9.27,476784,8.7005,8.3848,9.6027,0.000324,0.000627,-0.062712,TRUE,FALSE,-1.2179,0.027375,27.789946,28.951949,55.383753,11.45618,0.077826,0.089262,15.875006,-7.852882,-38.892548,69.014093,-24.016389,5.609492,87.193355,5.792733,-5.156179,0.440364,13.896913,1.114984,-35.655737,2.105364,-2067327,-12.946375,-48863750.57537,-0.084471,55.085637,10.629796,-15.742916,0,0.909866,3.333045,-0.663599,-5.156179,0.653147
09-06-24,9.08,10.35,8.98,9.97,887783,8.639,8.4284,9.58695,-0.01012,0.002472,-0.062232,TRUE,TRUE,-1.15855,0.029385,37.262363,30.392373,60.504122,2.466779,0.167642,0.143262,25.09411,-0.3996,-35.259737,85.098036,-10.982139,6.025218,71.574696,5.864477,-5.374541,0.465867,15.545649,1.453438,-35.655737,3.341774,-1179544,755.521292,-48468460.181123,0.016341,63.773539,20.974091,-6.45495,0,1.063941,3.940612,-0.682544,-5.374541,1.859596
09-09-24,9.7,9.79,9.2,9.31,283897,8.6185,8.4598,9.56915,-0.01885,0.004267,-0.061749,TRUE,FALSE,-1.10935,0.029961,25.347236,31.72991,54.189414,-5.066765,0.183451,0.127257,18.297339,-9.170728,-39.427453,58.232937,-4.218105,6.858984,68.850928,5.930049,-5.396946,0.477977,14.577415,1.221282,-35.655737,1.042848,-1463441,86.169292,-48646496.722816,0.009898,61.573127,11.935236,-16.767424,0,1.072336,3.973087,-0.691359,-5.396946,1.004344
09-10-24,9.2,9.7,9.1,9.12,203205,8.5915,8.4906,9.5502,-0.025685,0.005999,-0.061264,TRUE,FALSE,-1.0596,0.030121,16.428574,32.745706,52.49098,-2.892773,0.178589,0.097916,15.443035,-10.500488,-39.602651,50.602395,-5.590062,7.197682,65.53045,5.938463,-5.663537,0.499389,13.970687,1.134383,-35.655737,0.744294,-1666646,8.368486,-48836155.045802,-0.038073,57.09167,9.605386,-17.598183,0,1.157352,4.372619,-0.706675,-5.663537,0.806495
09-11-24,8.98,9.82,8.73,8.73,566380,8.581,8.5108,9.52945,-0.03084,0.007638,-0.060778,TRUE,FALSE,-1.01865,0.029954,7.770256,32.875578,49.089869,-11.414253,0.141634,0.048769,10.786795,-9.439842,-40.893708,34.939732,-2.348994,8.10833,65.109547,5.959749,-5.666266,0.503061,13.61844,0.8084,-35.655737,1.938992,-2233026,206.625378,-49402535.045802,-0.104366,48.349006,3.138352,-17.064711,0,1.140732,4.310269,-0.709268,-5.666266,0.228844
09-12-24,8.8,9,8.64,8.66,376053,8.596,8.5368,9.50945,-0.034296,0.009159,-0.06029,TRUE,FALSE,-0.97265,0.02946,0.532855,32.803668,48.482659,-5.706755,0.105483,0.010094,11.886306,-10.259065,-41.683504,32.128499,3.588519,8.050148,64.918899,5.958001,-5.59191,0.500734,13.597449,0.828818,-35.655737,1.25085,-2609079,83.175107,-49736805.375337,-0.125639,43.273809,3.437596,-18.330591,0,1.249514,4.711669,-0.707625,-5.59191,0.098584
09-13-24,8.7,8.7,8.43,8.64,179198,8.628,8.563,9.49025,-0.036237,0.010591,-0.059803,TRUE,FALSE,-0.92725,0.028956,9.477774,32.285563,48.29884,-4.19214,0.074361,-0.016822,11.77232,-12.462002,-40.781355,31.325307,8.000004,7.853835,63.385706,5.958383,-5.592284,0.500883,13.183291,0.795913,-35.655737,0.595685,-2788277,2.151359,-49637250.368269,-0.09576,43.682253,1.595166,-21.581221,0,1.26575,4.773298,-0.707731,-5.592284,0.018932
09-16-24,8.68,8.93,8.66,8.77,165033,8.666,8.5914,9.47255,-0.036778,0.011952,-0.059316,TRUE,FALSE,-0.88115,0.028574,12.121221,32.088934,49.635552,0.545684,0.059501,-0.025346,10.175885,-12.909625,-38.152325,36.546194,9.488142,7.778139,61.742594,5.959628,-5.627186,0.503643,12.641924,0.879403,-35.655737,0.549518,-2623244,-5.753054,-49667811.516787,-0.081574,46.955987,-0.916385,-22.69979,0,1.403899,5.307865,-0.709678,-5.627186,0.168442
09-17-24,8.75,9.03,8.65,8.93,234165,8.72,8.6216,9.4549,-0.036098,0.013247,-0.058829,TRUE,FALSE,-0.8333,0.028878,17.735865,32.02934,51.304293,2.821634,0.059944,-0.019922,13.613234,-9.155642,-39.168937,42.97189,13.757967,7.678771,58.887051,5.947984,-5.634059,0.509336,11.807577,0.80402,-35.655737,0.771382,-2389079,38.29894,-49556890.511301,-0.046164,49.994355,2.628739,-18.770131,0,1.321005,5.033184,-0.713678,-5.634059,0.356615
09-18-24,8.89,9,8.4,8.85,399052,8.7525,8.6524,9.43765,-0.034006,0.014457,-0.05834,TRUE,FALSE,-0.78525,0.028703,8.870982,31.395303,50.405016,2.106176,0.053227,-0.021312,12.02532,-7.716369,-39.342013,39.759042,7.926836,7.780467,57.646728,5.940946,-5.593469,0.506713,11.443131,0.863434,-35.655737,1.270959,-2788131,109.127022,-49357363.877026,-0.043247,43.54772,1.476517,-16.835588,0,1.307627,4.974834,-0.711838,-5.593469,0.169134
09-19-24,8.47,8.62,8.4,8.48,156999,8.763,8.6758,9.41895,-0.03076,0.015572,-0.05785,FALSE,FALSE,-0.74315,0.027873,6.508876,30.806554,46.357768,-3.277784,0.017841,-0.045358,7.750949,-9.498403,-41.314881,24.899572,2.539287,8.15364,56.908152,5.969439,-5.801125,0.531565,11.094867,0.674013,-35.655737,0.505024,-2945130,-28.327977,-49400182.033597,-0.0439,44.254369,-4.581345,-18.947467,0,1.251032,4.86083,-0.729085,-5.801125,-0.497293
09-20-24,8.53,8.56,8.32,8.43,270329,8.753,8.6994,9.39995,-0.027131,0.016587,-0.05736,FALSE,FALSE,-0.70055,0.026627,9.979642,30.062859,45.822331,-5.481962,-0.014075,-0.061819,3.435591,-9.257262,-44.098141,15.044253,-2.317495,8.159635,57.328332,5.961344,-5.855584,0.540601,10.513123,0.748995,-35.655737,0.853317,-3215459,78.010813,-49422708.823654,-0.064023,43.72151,-8.548267,-18.541239,0,1.314419,5.164101,-0.735256,-5.855584,-0.563421
09-23-24,8.36,8.51,8.26,8.42,83040,8.7665,8.7214,9.3811,-0.023209,0.017487,-0.056871,FALSE,FALSE,-0.6597,0.025244,-31.360939,29.219499,45.708616,-4.6964,-0.039717,-0.069969,5.646177,-9.267238,-48.152708,7.655495,3.312889,6.862913,56.139188,5.96033,-5.866215,0.542251,11.227848,0.772348,-35.655737,0.268654,-3298499,-64.973701,-49399457.725021,-0.033094,36.150745,-6.623149,-19.318837,0,1.343891,5.290297,-0.736377,-5.866215,-0.617216
09-24-24,8.44,8.75,8.42,8.51,222456,8.7855,8.748,9.36215,-0.018595,0.018264,-0.056383,FALSE,FALSE,-0.61415,0.0237,-34.545444,28.851481,46.983777,0.626009,-0.052175,-0.065942,6.775413,-8.099352,-47.630768,11.961722,4.674048,6.353871,54.490443,5.952913,-5.873528,0.541231,11.859435,0.912691,-35.655737,0.714331,-3076043,26.395455,-49500573.854883,-0.032599,34.464066,-3.993487,-18.313055,0,1.334732,5.25494,-0.735684,-5.873528,-0.505593
09-25-24,8.52,8.61,8.42,8.59,60328,8.8155,8.7734,9.3437,-0.013189,0.018929,-0.055898,FALSE,FALSE,-0.5703,0.022473,-22.666677,28.50975,48.14956,2.327229,-0.054959,-0.054981,10.269579,-6.832973,-47.203442,15.789469,7.509392,5.978714,51.446935,5.95022,-5.874761,0.540459,12.280471,0.87278,-35.655737,0.194174,-3015715,-19.435913,-49452946.199592,-0.01442,38.137373,-0.554272,-17.064916,0,1.330473,5.236137,-0.735159,-5.874761,-0.438316
09-26-24,8.53,8.66,8.49,8.56,136385,8.823,8.7976,9.327,-0.007242,0.01949,-0.055413,FALSE,FALSE,-0.5294,0.020538,-60.515017,28.284021,47.725747,2.017131,-0.058908,-0.047143,10.594324,-5.414362,-51.774646,19.230788,1.783598,4.998331,50.931431,5.914659,-5.842866,0.542845,6.953831,1.071,-35.655737,0.451105,-3152100,-55.063047,-49477013.15064,-0.051066,22.392388,-0.811047,-15.171585,0,1.418639,5.631322,-0.73678,-5.842866,-0.51638
09-27-24,8.58,8.97,8.58,8.97,145190,8.864,8.825,9.31375,-0.000333,0.019971,-0.054929,TRUE,FALSE,-0.48875,0.019158,-16.346162,28.614722,53.721112,6.737334,-0.028623,-0.013487,18.337736,-2.711497,-47.266313,45.512839,10.061358,4.483198,48.46963,5.940411,-6.113735,0.563396,5.234359,1.297837,-35.655737,0.489174,-3006910,-43.233046,-49331823.15064,-0.040671,28.075224,7.793536,-12.088217,0,1.399158,5.658568,-0.750597,-6.113735,0.218694
09-30-24,9.02,9.22,8.78,8.87,181880,8.9105,8.8456,9.30135,0.00683,0.020368,-0.054447,TRUE,FALSE,-0.45575,0.017556,-12.562816,29.309393,52.150078,4.000519,-0.012547,0.002071,14.896375,-4.211667,-45.280689,39.102555,11.712844,4.404897,43.326754,5.944017,-6.116939,0.562814,3.869799,1.235282,-35.655737,0.616337,-3188790,-15.813056,-49439297.660257,-0.045939,34.195753,3.926135,-13.581416,0,1.387946,5.606082,-0.750209,-6.116939,-0.093476
10-01-24,8.79,9.56,8.79,9.44,556421,8.9085,8.8716,9.2929,0.012946,0.020704,-0.053964,TRUE,TRUE,-0.4213,0.016923,32.718909,30.420935,59.432506,11.706759,0.045661,0.048224,28.260862,-0.944388,-42.926245,90.769168,-0.421941,3.896793,43.058434,5.993217,-6.268992,0.567543,8.104822,1.466785,-35.655737,1.887117,-2632369,-0.87559,-49056307.692132,-0.047199,52.716577,17.534241,-11.121856,0,1.585052,6.384285,-0.753354,-6.268992,1.234368
10-02-24,9.46,9.73,9.26,9.35,193247,8.8935,8.904,9.284,0.016935,0.020975,-0.053482,TRUE,TRUE,-0.38,0.015844,31.506893,31.665546,57.933265,4.212153,0.083566,0.068903,27.557987,-1.267158,-43.572718,74.149705,-3.108801,4.018335,40.802835,5.990535,-6.253125,0.56583,7.802337,1.49081,-35.655737,0.668926,-2825616,-38.155221,-49175544.969169,-0.087261,62.587485,18.377269,-11.315987,0,1.572812,6.325302,-0.752216,-6.253125,1.118795
10-03-24,9.55,9.79,9.39,9.76,275747,8.918,8.945,9.27535,0.01889,0.0212,-0.053,TRUE,TRUE,-0.33035,0.015323,43.410866,32.89612,62.566058,10.41598,0.145018,0.104284,32.78912,-1.711985,-46.225893,98.039233,5.285866,3.973947,44.487257,6.010075,-6.314156,0.573267,10.156999,1.679,-35.655737,0.98891,-2549869,-42.165215,-48941159.690453,-0.013881,69.71696,23.875853,-11.852042,0,1.655053,6.691975,-0.757144,-6.314156,1.892677
10-04-24,9.4,9.65,9.3,9.36,644405,8.8875,8.958,9.26465,0.019111,0.02135,-0.052517,TRUE,TRUE,-0.30665,0.013909,20.70173,33.704404,56.077417,-3.355089,0.159603,0.095095,26.145547,-7.050646,-45.518047,71.8954,-6.118361,4.273505,38.596255,6.038512,-6.654135,0.601863,9.849627,1.527487,-35.655737,2.416484,-3194274,-27.414132,-49364627.438674,-0.168029,55.143045,15.572361,-16.986463,0,1.576567,6.568503,-0.775798,-6.654135,1.224211
10-07-24,9.54,10.26,9.46,10.2,300676,8.932,8.9864,9.25735,0.019271,0.021474,-0.052032,TRUE,TRUE,-0.27095,0.013874,35.977326,35.198767,64.421926,6.488662,0.236219,0.137369,39.534882,4.722793,-40.246046,96.999979,9.559606,4.285716,47.765429,6.134552,-6.804218,0.605275,13.022485,1.848985,-35.655737,1.123983,-2893598,5.910242,-49109053.143343,-0.086456,56.394979,29.338402,-5.002765,0,1.629957,6.713461,-0.777994,-6.804218,2.654639
10-08-24,9.97,9.97,9.67,9.79,274635,8.9655,9.0168,9.24415,0.019012,0.021565,-0.051546,TRUE,TRUE,-0.22735,0.012769,24.352323,36.586389,58.572715,-3.993343,0.260848,0.129598,33.926129,1.345757,-41.691486,76.499987,7.346492,4.414126,51.367067,6.155931,-6.774758,0.592208,12.578826,1.752005,-35.655737,1.013111,-3168233,35.151694,-49163980.492559,-0.060466,57.790609,23.492435,-7.835152,0,1.518438,6.131745,-0.76955,-6.774758,1.605114
10-09-24,9.75,9.75,9.48,9.53,73312,9.0055,9.0444,9.2313,0.018595,0.021609,-0.05106,TRUE,TRUE,-0.1869,0.01133,28.000012,37.17721,55.15287,-0.924547,0.25643,0.100144,31.448272,-2.854237,-40.548975,63.499975,9.163806,4.429621,52.538172,6.168724,-6.791239,0.597418,11.874254,1.550837,-35.655737,0.297499,-3241545,-87.05604,-49210139.842423,0.039037,58.945995,21.932478,-13.568161,0,1.478431,5.996237,-0.772928,-6.791239,0.998321
10-10-24,9.7,9.8,9.61,9.74,58575,9.0595,9.071,9.22085,0.018549,0.021616,-0.050575,TRUE,TRUE,-0.14985,0.010163,33.503824,37.795101,57.320384,-7.101542,0.266799,0.088411,33.060103,0.619829,-37.922243,73.999977,12.471131,4.356117,54.320164,6.172041,-6.980083,0.612117,10.997352,1.626895,-35.655737,0.254062,-3182970,-84.423738,-49188559.734005,0.118898,64.226534,24.049903,-10.894668,0,1.438875,5.94216,-0.782379,-6.980083,1.252757
10-11-24,9.71,9.71,9.47,9.56,97821,9.1055,9.098,9.21345,0.018968,0.021582,-0.050095,TRUE,TRUE,-0.11545,0.008992,27.941192,37.844276,54.872352,-3.700363,0.257524,0.063308,33.147641,-8.691498,-40.73155,61.956535,10.648149,4.453078,54.475939,6.169561,-6.978904,0.611621,10.099567,1.402434,-35.655737,0.43191,-3280791,-45.411779,-49213014.789652,0.093657,63.715117,24.009159,-22.00657,0,1.490277,6.152978,-0.782062,-6.978904,0.834314
10-15-24,9.06,9.56,8.99,9.56,190983,9.145,9.111,9.20595,0.019834,0.021501,-0.049621,TRUE,TRUE,-0.09495,0.008119,26.315802,36.33897,54.872352,-0.280518,0.247322,0.042485,30.601096,-13.090905,-46.888887,61.956535,9.007981,4.632397,54.778494,6.160494,-7.001608,0.609574,9.230646,1.268875,-35.655737,0.838445,-3280791,15.724128,-49022031.789652,0.141754,57.613164,21.99025,-27.041721,0,1.485717,6.127052,-0.780752,-7.001608,0.757597
10-16-24,9.5,9.65,9.38,9.4,79186,9.1685,9.0782,9.1977,0.021167,0.021362,-0.04915,TRUE,TRUE,-0.1195,0.007397,19.901708,35.12363,52.558317,-4.762067,0.223747,0.015128,27.891153,-12.231563,-42.153849,51.412407,5.26315,4.772037,54.815736,6.151196,-6.978267,0.609577,8.473648,1.03422,-35.655737,0.359882,-3359977,-66.183674,-49089486.799729,0.106212,59.64629,19.8259,-27.425646,0,1.463721,6.04549,-0.780754,-6.978267,0.422323
10-17-24,9.35,9.46,9.25,9.36,117793,9.194,9.0214,9.189,0.022704,0.021187,-0.048687,TRUE,TRUE,-0.1676,0.005844,19.607825,33.606756,51.968283,-2.904069,0.199535,-0.007267,23.157892,-11.781339,-44.252536,46.428547,5.762703,4.822955,54.441076,6.110577,-6.913915,0.602322,7.627686,1.240755,-35.655737,0.571893,-3477770,-70.481792,-49083878.016822,0.06639,55.904919,13.890551,-27.580843,0,1.511495,6.226715,-0.776094,-6.913915,0.304916
10-18-24,9.22,9.28,9.05,9.14,102960,9.227,8.9602,9.17745,0.024214,0.020984,-0.048228,TRUE,FALSE,-0.21725,0.003806,4.370183,31.627243,48.728157,-6.144195,0.160743,-0.036847,16.581635,-14.419475,-48.680513,24.324357,7.783029,4.860894,51.822662,6.120899,-7.006598,0.612255,7.450426,1.14825,-35.655737,0.506522,-3580730,-34.419964,-49106260.328533,0.072299,52.241639,6.24401,-30.461731,0,1.587096,6.610213,-0.782468,-7.006598,-0.16788
10-21-24,9.13,9.32,9.03,9.15,171703,9.263,8.9192,9.1661,0.025382,0.020752,-0.047777,TRUE,FALSE,-0.2469,0.0034,7.368417,29.889231,48.884152,-3.674165,0.129316,-0.05462,12.407853,-16.438358,-50.964632,24.489768,8.540917,4.738486,48.381262,5.896401,-6.696951,0.595939,7.136784,0.614898,-35.655737,0.865713,-3409027,-36.483692,-49135864.410875,0.072312,52.153289,2.472511,-31.259492,0,1.346916,5.704664,-0.771971,-6.696951,-0.233562
10-22-24,9.22,9.27,9,9.09,257471,9.2965,8.9066,9.15625,0.026475,0.020479,-0.047332,TRUE,FALSE,-0.24965,0.002989,-10.638287,28.184272,47.941594,-4.026689,0.098433,-0.068402,17.593792,-10.355031,-51.571657,7.874043,7.957245,4.376866,44.392113,5.897064,-6.670724,0.592255,7.444941,0.549352,-35.655737,1.243469,-3666498,210.056599,-49221688.077541,0.042927,38.471274,8.661322,-24.574936,0,1.306687,5.508605,-0.769581,-6.670724,-0.465172
10-23-24,9.19,9.73,9.13,9.51,311896,9.3465,8.9036,9.14985,0.027786,0.020194,-0.04689,TRUE,TRUE,-0.24625,0.002386,4.419887,27.702459,54.548191,5.820034,0.10662,-0.048172,23.346306,-2.261041,-47.775943,40.944903,11.750881,4.311251,40.531039,5.869996,-6.642492,0.589273,7.33045,1.02195,-35.655737,1.474472,-3354602,40.205704,-49138515.315129,0.085581,40.93237,14.499902,-15.248999,0,1.328653,5.606574,-0.767641,-6.642492,0.403395
10-24-24,9.32,9.77,9.3,9.43,166388,9.3885,8.9134,9.14435,0.029326,0.019903,-0.046454,TRUE,TRUE,-0.23095,0.001379,-10.030396,27.339976,53.164207,4.280055,0.105437,-0.039484,8.266364,-2.076841,-45.617069,34.645699,9.778814,4.37055,36.423344,5.867275,-6.654006,0.591499,7.51511,1.049923,-35.655737,0.767353,-3520990,175.805596,-49212858.860863,0.055362,38.572841,-1.222587,-15.754776,0,1.344349,5.690873,-0.769089,-6.654006,0.113939
10-25-24,9.25,9.79,9.15,9.78,117844,9.4495,8.9418,9.1411,0.030995,0.019624,-0.046023,TRUE,TRUE,-0.1993,0.001315,12.962974,26.498947,58.165145,10.223551,0.13123,-0.010953,11.389522,-0.407332,-46.905539,62.204699,14.252328,4.345604,31.73156,5.871856,-6.678909,0.600008,7.269365,1.072596,-35.655737,0.54581,-3403146,-13.594604,-49098697.568177,0.087611,52.34266,2.280475,-13.62374,0,1.279216,5.468185,-0.774602,-6.678909,1.041549
10-28-24,9.41,9.44,9.21,9.29,149523,9.4655,8.9676,9.1355,0.032598,0.019328,-0.045597,TRUE,TRUE,-0.1679,0.000033,-31.487911,25.717992,50.099802,-4.448389,0.110853,-0.025064,12.33373,-2.210527,-49.838014,30.612249,3.567444,4.321083,29.942883,5.902809,-6.893205,0.610455,4.133945,0.948995,-35.655737,0.691841,-3552669,2.984365,-49144204.460353,0.043405,41.795706,3.588818,-15.594264,0,1.189045,5.123429,-0.781316,-6.893205,-0.586116
10-29-24,9.36,9.4,9.14,9.28,96989,9.486,8.993,9.12905,0.034323,0.019022,-0.045176,TRUE,TRUE,-0.13605,-0.000139,-20.481954,24.743309,49.947581,-3.216626,0.092828,-0.034471,13.865033,-1.171465,-51.842244,35.802446,4.622321,4.117918,26.900204,5.805006,-7.160575,0.603171,4.277226,0.57148,-35.655737,0.457757,-3649658,-46.674181,-49136743.93224,0.071398,45.81434,5.140059,-14.335384,0,1.255156,5.448708,-0.776641,-7.160575,-0.765794
10-30-24,9.34,9.53,9.24,9.53,111870,9.4905,9.0266,9.124,0.035215,0.018717,-0.044758,TRUE,TRUE,-0.0974,0.003689,0,24.196282,53.73227,-4.432875,0.097591,-0.023767,13.317478,-0.729173,-46.610647,66.666627,0.953391,3.994903,26.89448,4.916249,-6.214516,0.502731,4.277226,-0.46675,-35.655737,0.589872,-3537788,-79.89472,-49024873.93224,0.008287,50.51398,5.112584,-15.045184,0,0.962217,4.405989,-0.709035,-6.214516,0.146869
10-31-24,9.76,10.24,9.74,10.24,260838,9.535,9.0674,9.1206,0.035632,0.018448,-0.044342,TRUE,TRUE,-0.0532,0.01073,16.778537,25.175485,62.422578,12.322776,0.156848,0.028393,24.725941,5.675957,-38.535415,100,9.51871,4.024832,31.428278,4.819032,-5.887067,0.485253,8.193069,-0.644007,-35.655737,1.351277,-3276950,34.976481,-48764035.93224,0.106592,55.346683,19.254405,-7.03786,0,0.832575,3.822669,-0.696601,-5.887067,2.243202
11-01-24,9.94,10.1,9.72,10.1,148959,9.552,9.104,9.1145,0.035713,0.018203,-0.043929,TRUE,TRUE,-0.0105,0.017651,18.36736,26.010279,60.028348,10.080767,0.190319,0.049491,13.355786,7.332631,-36.597613,88.800049,3.483608,4.257425,33.556865,4.8214,-5.91953,0.487675,8.006875,-0.718715,-35.655737,0.797889,-3425909,-45.979829,-48615076.93224,0.087332,53.942924,5.847263,-5.177591,0,0.85706,3.942444,-0.698337,-5.91953,1.63305
11-04-24,9.99,10.01,9.59,9.72,236331,9.57,9.1258,9.10825,0.034616,0.017965,-0.043519,TRUE,TRUE,0.01755,0.02237,4.819276,26.294116,53.976712,0.244442,0.184061,0.034586,-11.956519,7.048462,-36.964979,58.064548,3.846161,4.379775,33.438081,4.729899,-5.933572,0.453143,7.924781,-0.484576,-35.655737,1.421218,-3662240,-63.325704,-48705107.687168,0.198307,52.675747,-21.756563,-4.818071,0,0.775851,3.521195,-0.673159,-5.933572,0.448591
11-05-24,9.65,9.67,9.08,9.15,230324,9.5175,9.1458,9.1007,0.032446,0.017711,-0.043112,TRUE,TRUE,0.0451,0.023729,-6.702417,24.931513,46.417531,-16.005047,0.13159,-0.014308,-25.000002,3.389822,-39.121758,12.096746,-10.29412,4.941451,31.193585,4.473472,-5.856126,0.496957,8.12951,-0.077646,-35.655737,1.415027,-3892564,-23.397943,-48880778.787029,0.070122,46.373243,-36.717919,-7.520547,0,0.904794,4.52692,-0.704952,-5.856126,-1.178128
11-06-24,8.16,8.56,8.12,8.18,368118,9.437,9.1468,9.09015,0.028774,0.017395,-0.04271,FALSE,FALSE,0.05665,0.023428,-25.321891,24.641794,36.937381,-23.090967,0.011602,-0.107437,-32.950816,-7.150966,-43.741401,2.830209,-16.445349,6.24345,42.512039,4.677617,-6.11941,0.521775,9.472115,-0.638961,-35.655737,2.198452,-4260682,34.038997,-49148500.388576,0.004622,42.828135,-46.076566,-19.158353,0,0.862376,4.232102,-0.72234,-6.11941,-2.956809
11-07-24,8.11,8.11,7.91,8.05,342204,9.363,9.148,9.0802,0.023968,0.017,-0.042311,FALSE,FALSE,0.0678,0.021776,-23.851218,24.701347,35.879738,-18.096975,-0.092908,-0.169558,-28.124997,-7.999998,-44.52102,6.008599,-15.529901,6.308784,52.512751,4.583217,-5.937361,0.504312,10.684069,-0.3136,-35.655737,1.891792,-4602886,366.777608,-49011617.156819,0.054874,39.998662,-40.27951,-21.079448,0,0.910497,4.479241,-0.71015,-5.937361,-2.500345
11-08-24,7.98,8.07,7.9,7.93,105222,9.2725,9.1384,9.06855,0.018183,0.016527,-0.041917,FALSE,FALSE,0.06985,0.018993,-26.068378,24.772469,34.88672,-11.530811,-0.183304,-0.207962,-18.415642,-8.745682,-44.350878,1.28204,-18.583162,6.296162,60.641201,4.509517,-5.772246,0.490014,11.93337,-0.025549,-35.655737,0.57429,-4708108,79.636364,-49079702.223405,0.029707,35.179304,-29.933529,-21.017694,0,0.889783,4.386068,-0.70001,-5.772246,-2.213842
11-11-24,7.86,7.96,7.78,7.96,139249,9.1925,9.1346,9.05635,0.011662,0.015975,-0.041526,FALSE,FALSE,0.07825,0.015673,-24.30108,25.034846,35.368312,-1.569069,-0.249644,-0.219442,-17.598342,-7.549357,-46.179851,7.317067,-16.736405,6.191671,66.881571,4.473959,-5.948657,0.48689,12.992606,0.251275,-35.655737,0.751509,-4568859,42.350824,-48940453.223405,0.073549,36.914389,-29.055066,-20.388644,0,0.886741,4.392382,-0.697775,-5.948657,-1.84281
11-12-24,7.93,8.1,7.84,7.87,135069,9.108,9.1332,9.04405,0.004427,0.015343,-0.04114,FALSE,FALSE,0.08915,0.012225,-37.962974,24.870993,34.542897,-1.33684,-0.305955,-0.220602,-11.968677,-9.43613,-44.499297,3.658524,-17.677829,5.917589,72.439156,4.476712,-5.872292,0.483491,14.263233,0.176911,-35.655737,0.740117,-4703928,-29.276951,-49044352.759054,-0.006115,31.85864,-23.179401,-23.419567,0,0.917265,4.525815,-0.695335,-5.872292,-1.709021
11-13-24,7.84,7.93,7.68,7.76,95367,9.026,9.0988,9.0309,-0.003553,0.014616,-0.040758,FALSE,FALSE,0.0679,0.008333,-38.390811,25.004872,33.513436,-1.373284,-0.355361,-0.216007,-7.177027,-9.026958,-44.729343,3.125016,-17.446803,5.798968,78.026578,4.472695,-5.860469,0.484259,15.519882,0.21255,-36.39344,0.520261,-4799295,20.434168,-49078684.573465,0.002947,26.042783,-18.178758,-23.524544,0,0.94166,4.653821,-0.695888,-5.860469,-1.622524
11-14-24,7.67,7.76,7.57,7.68,130271,8.942,9.0594,9.01805,-0.012116,0.013803,-0.040379,FALSE,FALSE,0.04135,0.004908,-51.470581,25.322561,32.749012,-2.619301,-0.396402,-0.205638,-4.000002,-6.112475,-44.748201,4.119838,-17.948717,5.440847,83.118558,4.437529,-5.818456,0.477031,16.854323,-0.113063,-37.049181,0.708265,-4929566,10.593159,-49058115.984418,0.007003,21.169509,-13.746881,-20.718585,0,0.897589,4.440163,-0.690675,-5.818456,-1.518313
11-15-24,7.82,8.59,7.79,8.21,496028,8.8955,9.0382,9.0053,-0.020444,0.012937,-0.040004,FALSE,FALSE,0.0329,0.0025,-26.213585,23.545543,42.161443,7.618546,-0.381759,-0.152797,2.496876,0.489596,-39.809385,23.970036,-10.175058,5.385418,84.541782,4.525417,-5.946565,0.494838,17.492621,0.242688,-37.049181,2.436488,-4433538,381.767677,-49033314.613984,0.017915,35.094412,-6.49599,-13.359185,0,0.92772,4.578708,-0.703447,-5.946565,-0.810842
11-18-24,8.2,8.2,7.82,7.95,300756,8.8355,8.9978,8.99185,-0.028561,0.01202,-0.039631,FALSE,FALSE,0.00595,0.000279,-30.434775,21.895455,39.25862,5.745184,-0.386678,-0.126172,1.273884,-1.972871,-40.848214,14.232198,-13.114753,5.678347,86.866792,4.509315,-5.906863,0.487107,18.314925,-0.197664,-37.049181,1.431927,-4734294,75.160597,-49128290.570331,0.001803,33.11341,-7.640651,-15.195606,0,0.840101,4.129599,-0.697931,-5.906863,-1.019377
11-19-24,8.63,8.63,8,8.21,303395,8.7915,8.9758,8.9802,-0.036136,0.011073,-0.039261,FALSE,FALSE,-0.0044,-0.002292,-30.136972,21.229751,43.451486,10.702474,-0.365384,-0.083903,0.121954,3.011296,-37.897127,23.970036,-9.680969,5.837829,87.734213,4.469999,-5.881644,0.471509,18.975615,0.323382,-37.049181,1.42887,-4430899,17.836572,-49229422.236997,-0.001821,36.581749,-9.282641,-10.300728,0,0.896273,4.378389,-0.686665,-5.881644,-0.662797
11-20-24,8.25,8.8,8.25,8.54,478739,8.743,8.9642,8.9718,-0.042854,0.010125,-0.038893,FALSE,FALSE,-0.0076,-0.004359,-42.499985,20.919593,48.326942,6.165499,-0.318212,-0.029384,3.264806,5.56242,-34.908536,38.339909,-10.199792,5.511877,86.221318,4.498122,-5.911761,0.470258,18.471861,0.572216,-37.049181,2.169438,-3952160,53.493152,-49203309.44212,-0.014681,39.706763,-5.79762,-8.189793,0,0.943578,4.575249,-0.685753,-5.911761,-0.235441
11-21-24,8.24,8.7,8.2,8.41,329546,8.692,8.9578,8.9641,-0.04873,0.009166,-0.038528,FALSE,FALSE,-0.0063,-0.006899,-42.355885,20.503163,46.621659,7.36304,-0.287998,0.000664,-2.54925,2.063108,-34.654235,34.426215,-10.816547,5.580093,84.951129,4.496766,-5.631066,0.463599,16.03619,0.584143,-37.049181,1.440121,-4281706,98.058754,-49256036.751836,-0.009434,38.040164,-13.469809,-14.0543,0,1.084369,5.226754,-0.680881,-5.631066,-0.331956
11-22-24,8.34,8.39,8.07,8.07,317906,8.6065,8.946,8.95475,-0.053818,0.0082,-0.038166,FALSE,FALSE,-0.00875,-0.009308,-41.772148,19.777036,42.406981,-1.044505,-0.288167,0.000396,-0.981594,1.127815,-37.490319,23.809502,-17.484663,5.664721,81.977709,4.479099,-5.590556,0.452528,11.712757,0.037143,-37.049181,1.331068,-4599612,169.768508,-49573942.751836,-0.099492,37.686248,-11.152965,-14.769718,0,0.986796,4.72668,-0.672702,-5.590556,-0.654447
11-25-24,7.82,8.15,7.78,7.79,239470,8.5315,8.929,8.94435,-0.058456,0.007219,-0.037808,FALSE,FALSE,-0.01535,-0.012598,-37.158452,18.391535,39.259355,-9.067587,-0.307351,-0.01503,-4.182044,-1.267426,-39.518634,17.886162,-16.146394,5.620759,82.256515,4.483823,-5.485936,0.434559,6.445069,0.014795,-37.049181,0.984126,-4839082,60.155963,-49800468.727787,-0.134849,37.989586,-13.928831,-16.941183,0,0.911166,4.289984,-0.659211,-5.485936,-0.901448
11-26-24,7.79,7.82,7.65,7.73,380038,8.454,8.9082,8.93325,-0.062473,0.006223,-0.037454,FALSE,FALSE,-0.02505,-0.016322,-16.363638,17.35004,38.598219,-8.023441,-0.323665,-0.025076,-3.254065,-5.15337,-38.941547,13.008117,-16.702584,4.86971,82.134935,4.472141,-5.46605,0.43067,6.833405,0.121705,-37.049181,1.475962,-5219120,291.836188,-49822824.405894,-0.133227,38.127239,-13.537129,-21.539218,0,0.898488,4.226832,-0.656255,-5.46605,-0.881476
11-27-24,7.74,7.91,7.66,7.66,230910,8.3605,8.8828,8.92055,-0.066203,0.005211,-0.037105,FALSE,FALSE,-0.03775,-0.017539,-14.498146,16.159108,37.798468,-4.608513,-0.338342,-0.031802,-8.917955,-9.669808,-38.621794,7.317047,-19.622245,4.895561,79.853471,3.681854,-4.541603,0.410026,7.20613,-1.310987,-37.213115,0.876528,-5450030,106.409225,-50053734.405894,-0.195276,45.348344,-20.046205,-28.464617,0,0.512858,2.878823,-0.640333,-4.541603,-0.877232
11-28-24,7.67,7.69,7.62,7.65,23878,8.231,8.8588,8.9039,-0.069382,0.004193,-0.03676,FALSE,FALSE,-0.0451,-0.018383,-10.852699,15.154284,37.678364,-1.580991,-0.346783,-0.032195,-6.134964,-8.820026,-37.855403,6.504059,-25.292966,4.808591,67.871325,3.671783,-4.522709,0.408326,7.486104,-1.453204,-37.29508,0.094909,-5473908,-90.845659,-50057145.455806,-0.256988,46.36773,-17.07282,-26.772944,0,0.498977,2.804549,-0.639004,-4.522709,-0.856031
11-29-24,7.61,7.68,7.55,7.68,171779,8.11,8.8428,8.8905,-0.072059,0.003175,-0.036418,FALSE,FALSE,-0.0477,-0.019711,-10.85272,14.404037,38.311645,-0.286574,-0.347052,-0.025971,-3.274562,-6.112475,-38.362762,10.399971,-23.960401,4.743304,52.66578,3.641907,-4.641878,0.433743,7.745364,-1.150564,-37.29508,0.679694,-5302129,15.319652,-49885366.455806,-0.251314,46.033465,-14.018117,-23.265594,0,0.63423,3.673763,-0.658592,-4.641878,-0.81647
12-02-24,7.55,7.56,7.47,7.48,208587,7.998,8.8238,8.8764,-0.073884,0.002153,-0.036079,FALSE,FALSE,-0.0526,-0.020092,-14.498136,13.91966,35.706669,-2.091798,-0.359262,-0.030544,-21.097042,-8.220854,-39.186993,0.751897,-23.045269,4.822384,38.552215,3.50677,-4.339818,0.38729,8.160797,-1.961097,-38.688523,0.82989,-5510716,-11.739467,-50047599.8068,-0.267064,41.684132,-32.709314,-26.028641,0,0.454157,2.626463,-0.622326,-4.339818,-1.343632
12-03-24,7.53,7.63,7.38,7.45,403080,7.913,8.8044,8.8624,-0.075388,0.001128,-0.035745,FALSE,FALSE,-0.058,-0.021502,-11.877408,13.709984,35.318736,-2.359629,-0.367127,-0.030727,-22.797926,-9.477519,-39.034373,4.929556,-18.579234,4.841803,29.492374,3.410932,-4.207897,0.355496,8.501538,-1.533827,-38.934427,1.550423,-5913796,75.005644,-50224955.990882,-0.258515,38.733908,-34.439009,-27.954203,0,0.444066,2.574315,-0.596235,-4.207897,-1.569898
12-04-24,7.37,7.49,7.31,7.49,258172,7.8785,8.784,8.84695,-0.076243,0.000112,-0.035415,FALSE,FALSE,-0.06295,-0.023066,-7.392998,13.703347,36.312272,-1.999373,-0.365914,-0.023612,-19.201732,-6.375003,-38.757154,12.080523,-8.435214,4.806409,30.231172,3.405038,-4.348998,0.375169,8.708063,-1.336189,-38.934427,1.014495,-5655624,-29.867053,-49966783.990882,-0.160774,37.657146,-31.066633,-24.107452,0,0.53516,3.156316,-0.61251,-4.348998,-1.285098
12-05-24,7.5,7.53,7.45,7.53,268149,7.8525,8.7628,8.83205,-0.076295,-0.000895,-0.035091,FALSE,FALSE,-0.06925,-0.025134,-32.692293,13.552108,37.348668,1.641998,-0.357603,-0.012241,-24.47342,-5.520698,-38.228052,14.765116,-6.459627,3.99355,30.907118,3.365529,-4.297705,0.361225,9.206224,-0.973716,-38.934427,1.069258,-5387475,-21.6406,-49698634.990882,-0.136976,33.527765,-37.384577,-23.083814,0,0.553442,3.266219,-0.60102,-4.297705,-1.043448
12-06-24,7.37,7.44,7.33,7.38,110138,7.825,8.7392,8.81765,-0.075897,-0.001897,-0.034771,FALSE,FALSE,-0.07845,-0.0275,-28.933991,13.756488,35.04556,-0.273176,-0.358982,-0.010896,-20.7304,-6.226173,-40,4.697997,-6.935684,3.890825,32.582686,3.372693,-4.516802,0.373705,9.722345,-1.065015,-39.508195,0.438751,-5497613,4.672027,-49708647.275917,-0.125275,35.339811,-32.340691,-24.937225,0,0.500369,2.97594,-0.611314,-4.516802,-1.365756
12-09-24,7.37,7.59,7.36,7.55,178399,7.8045,8.7108,8.8058,-0.074878,-0.002893,-0.034456,FALSE,FALSE,-0.095,-0.029551,-35.106373,13.376941,39.592043,3.27977,-0.342411,0.004541,-17.214909,-4.430378,-38.517912,16.107397,-5.150752,3.377484,32.976025,3.388266,-4.549658,0.379783,10.151672,-0.862214,-39.508195,0.705179,-5319214,28.115103,-49592300.037681,-0.128832,32.651711,-28.887914,-22.622462,0,0.502741,2.990852,-0.616265,-4.549658,-0.771772
12-10-24,7.51,7.56,7.42,7.51,153673,7.7865,8.6836,8.7943,-0.073363,-0.003892,-0.034145,FALSE,FALSE,-0.1107,-0.031386,-64.779851,13.024505,38.902066,1.553398,-0.328716,0.014588,-13.974792,-4.69543,-36.890752,14.388511,-4.574329,2.967472,33.576734,3.381415,-4.581083,0.388184,9.348206,-1.023143,-39.508195,0.605217,-5472887,13.773701,-49548392.942845,-0.099254,20.299625,-24.238234,-23.392308,0,0.396959,2.382524,-0.623044,-4.581083,-0.823486
12-11-24,7.39,7.46,7.32,7.43,147781,7.77,8.6434,8.78345,-0.071392,-0.004906,-0.033838,FALSE,FALSE,-0.14005,-0.033011,-63.636347,13.026039,37.494679,2.449119,-0.320622,0.018146,-14.203234,-4.005167,-36.058521,11.111096,-4.252582,2.701404,34.511627,3.37263,-4.519583,0.382347,6.214167,-1.252495,-39.508195,0.576066,-5620668,54.960311,-49463947.16047,-0.07509,21.748498,-24.001242,-23.079692,0,0.406435,2.434166,-0.618342,-4.519583,-0.985176
12-12-24,7.47,7.57,7.38,7.49,115735,7.7605,8.6062,8.772,-0.068994,-0.005907,-0.033536,FALSE,FALSE,-0.1658,-0.034589,-46.031732,12.573581,39.269248,-0.322795,-0.305841,0.026342,-13.310191,-3.10479,-34.008815,21.428559,-2.473959,2.536716,35.030022,3.374273,-4.280641,0.371501,3.335495,-1.118323,-39.508195,0.452429,-5504933,-11.158278,-49445673.671717,-0.075752,27.425513,-21.640867,-22.460445,0,0.354279,2.102389,-0.609509,-4.280641,-0.772195
12-13-24,7.41,7.59,7.38,7.51,252224,7.7255,8.5612,8.7614,-0.066053,-0.006884,-0.033238,FALSE,FALSE,-0.2002,-0.036687,-27.999947,12.070478,39.881957,0.979891,-0.289179,0.034403,-14.367163,-5.653264,-32.524707,33.333386,-8.526185,2.377782,33.77709,3.334446,-4.225879,0.350827,2.790918,-0.778763,-39.508195,1.035327,-5252709,-49.151258,-49385620.120207,-0.072307,36.064817,-21.559667,-24.73585,0,0.309185,1.826899,-0.592307,-4.225879,-0.638006
12-16-24,7.5,7.66,7.49,7.66,66462,7.711,8.5272,8.75155,-0.062508,-0.007873,-0.032943,FALSE,FALSE,-0.22435,-0.038569,-6.42203,11.3062,44.411609,6.91693,-0.260864,0.050174,-14.221729,-2.544533,-31.177001,58.333327,-3.647798,2.33122,33.382784,3.345342,-4.222378,0.355931,2.245856,-0.571631,-39.508195,0.286594,-5186247,-77.901688,-49319158.120207,-0.041152,43.173998,-21.205528,-21.279961,0,0.318716,1.884506,-0.596599,-4.222378,-0.152774
12-17-24,7.75,7.85,7.64,7.82,254308,7.6915,8.4796,8.7425,-0.058244,-0.008863,-0.032653,FALSE,FALSE,-0.2629,-0.040164,13.559341,11.148777,48.839624,9.570376,-0.222943,0.070476,-11.63842,-1.012657,-31.940815,94.444494,-4.750303,2.246986,31.394389,3.357301,-4.240613,0.356635,3.804676,-0.395638,-39.508195,1.108344,-4931939,-16.179238,-49137508.888842,0.020029,43.717785,-18.982754,-19.680533,0,0.341814,2.01498,-0.597189,-4.240613,0.409309
12-18-24,7.77,9.13,7.66,9.12,587108,7.7205,8.4662,8.7379,-0.052679,-0.009761,-0.032365,TRUE,TRUE,-0.2717,-0.039441,59.514144,13.784205,69.852439,29.970482,-0.086989,0.165144,7.547174,15.883101,-20.695653,99.450537,6.791568,3.023183,40.888129,3.987926,-5.072746,0.511197,16.77012,0.698917,-39.508195,2.499745,-4344831,22.636343,-48558388.934164,0.137295,55.677803,3.815157,-0.641455,0,0.488225,2.77975,-0.71498,-5.072746,3.422754
12-19-24,8.54,10.02,8.54,9.99,631356,7.7995,8.4754,8.73755,-0.045252,-0.010517,-0.032079,TRUE,TRUE,-0.26215,-0.03719,69.788499,17.132751,76.738231,32.326622,0.089921,0.273643,18.505331,22.57669,-14.322471,98.892964,18.787158,3.725155,63.771358,4.165846,-5.287588,0.519664,22.985391,1.21522,-39.508195,2.525852,-3713475,91.583573,-47952629.024935,0.260726,67.288705,15.442628,7.163098,0,0.606678,3.335669,-0.720877,-5.287588,3.434927
12-20-24,9.83,9.86,8.39,8.44,443097,7.818,8.4494,8.7297,-0.037569,-0.011214,-0.031796,FALSE,FALSE,-0.2803,-0.037609,20.600843,19.757566,53.35614,4.516516,0.103854,0.230061,0.237524,5.897112,-32.099764,41.697396,4.584881,5.585648,65.119802,4.64107,-5.750317,0.500372,22.370347,0.226197,-39.508195,1.72938,-4156572,39.37988,-48365583.817735,0.235808,62.227714,-3.349102,-10.398896,0,0.394758,1.910248,-0.70737,-5.750317,0.955162
12-23-24,8.29,8.58,7.89,7.9,186589,7.8235,8.4162,8.71795,-0.029806,-0.011864,-0.031517,FALSE,FALSE,-0.30175,-0.038212,8.704066,20.7482,47.882292,-21.970147,0.07051,0.157374,-7.168039,-0.87829,-34.710745,21.771219,1.412068,6.365281,65.141358,4.673357,-5.807493,0.511493,22.034529,-0.408747,-39.508195,0.735839,-4343161,-22.082516,-48546764.317584,0.247208,65.332756,-11.393155,-16.327305,0,0.284386,1.382115,-0.715187,-5.807493,0.117437
12-24-24,7.81,7.81,7.47,7.47,198601,7.8105,8.3744,8.70435,-0.022387,-0.012515,-0.031243,FALSE,FALSE,-0.32995,-0.03963,-0.359712,20.652541,44.010395,-32.727835,0.00928,0.076915,-13.038421,-4.107833,-36.855454,5.555541,-3.363522,6.970742,65.595625,4.722365,-5.856107,0.510991,22.050829,-0.646997,-39.508195,0.81227,-4541762,-47.741805,-48745365.317584,0.220338,66.239738,-17.799195,-20.207757,0,0.238684,1.147376,-0.714837,-5.856107,-0.51909
12-27-24,7.62,8.24,7.59,7.83,246378,7.819,8.343,8.6953,-0.015356,-0.013249,-0.030974,FALSE,FALSE,-0.3523,-0.039413,5.102035,21.168106,47.815029,-5.541111,-0.010079,0.046044,-8.528043,1.162793,-29.076087,18.888878,2.219322,7.279694,65.500415,4.688721,-5.899991,0.527239,21.824739,-0.742312,-39.508195,1.004498,-4295384,6.698714,-48809802.707396,0.253579,66.161196,-12.603476,-14.78283,0,0.19384,0.954482,-0.726112,-5.899991,0.016794
12-30-24,8.74,8.74,7.83,8.05,281097,7.839,8.3168,8.6873,-0.00927,-0.014113,-0.030708,FALSE,FALSE,-0.3705,-0.038899,11.260504,22.245514,50.048888,2.166596,-0.007583,0.038833,-10.256411,6.200531,-27.215191,27.037035,5.228759,7.710737,65.567878,4.703663,-5.843244,0.529581,21.31902,-0.528285,-39.508195,1.088951,-4014287,1077.22171,-48954984.48667,0.213485,70.399257,-13.697565,-8.147665,0,0.185423,0.912401,-0.727723,-5.843244,0.321804
12-31-24,7.89,8.16,7.85,8.1,233537,7.86,8.296,8.67845,-0.004204,-0.015109,-0.030446,FALSE,FALSE,-0.38245,-0.037536,9.433964,23.245964,50.566807,6.556412,-0.001552,0.035891,-8.680942,4.922288,-26.69683,28.888894,5.468757,7.733686,65.704276,4.66724,-5.74019,0.520148,20.915445,-0.745775,-39.508195,0.894012,-3780750,35.952008,-48811848.118052,0.205479,64.973681,-12.507886,-10.294721,0,0.18682,0.917297,-0.721213,-5.74019,0.365274
01-02-25,7.94,8.63,7.93,8.29,268963,7.9005,8.2788,8.66955,0.000047,-0.016182,-0.030187,TRUE,FALSE,-0.39075,-0.036447,13.043473,24.686917,52.578928,4.763899,0.018348,0.044633,-12.1822,12.635867,-25.315318,35.925914,10.828876,8.038946,65.735089,4.650204,-5.595591,0.492095,20.349954,-0.381871,-39.508195,1.017865,-3511787,28.945236,-48804163.471378,0.235283,69.645032,-16.560406,-2.938592,0,0.267152,1.279661,-0.701495,-5.595591,0.59253
01-03-25,8.14,8.17,7.81,7.84,530984,7.92,8.2538,8.6596,0.003382,-0.017282,-0.029932,FALSE,FALSE,-0.4058,-0.034613,6.456698,25.717744,47.63362,-2.415268,-0.002168,0.019294,-16.149734,6.957711,-31.528382,17.424242,5.234904,8.764578,64.901539,4.544589,-5.546663,0.514969,20.007484,-1.22923,-39.508195,1.961975,-4042771,31.731666,-49246649.551951,0.180741,63.580219,-21.304362,-7.850866,0,0.107821,0.540785,-0.717613,-5.546663,-0.123263
01-06-25,7.78,7.965,7.68,7.85,510763,7.938,8.2206,8.6509,0.006418,-0.018406,-0.029679,FALSE,FALSE,-0.4303,-0.033326,5.714288,26.339037,47.751224,-2.815584,-0.017419,0.003234,-19.569675,6.802721,-31.260947,17.80302,4.80641,8.839856,64.140956,4.519081,-5.559108,0.52483,19.706448,-0.993368,-39.508195,1.803114,-3532008,97.838263,-49148081.67349,0.144511,56.247744,-24.791721,-7.798047,0,0.163488,0.833125,-0.724452,-5.559108,-0.137198
01-07-25,7.76,8.35,7.7,8.25,308983,7.974,8.197,8.6453,0.009469,-0.019496,-0.029428,TRUE,FALSE,-0.4483,-0.031716,11.077842,27.371846,52.360082,-0.218847,0.00274,0.018714,-11.858971,11.185983,-25.406874,30.588236,9.56175,8.792209,63.749834,4.56024,-5.641363,0.525159,19.130962,-0.534688,-39.508195,1.082977,-3223025,15.228101,-48934170.644775,0.133971,56.924795,-15.944249,-3.904425,0,0.20994,1.060556,-0.724678,-5.641363,0.432942
01-08-25,8.32,8.59,8.13,8.2,380486,8.015,8.1654,8.63985,0.012489,-0.020521,-0.029179,TRUE,FALSE,-0.47445,-0.029761,8.206686,28.590211,51.745631,4.11201,0.014514,0.02439,-19.607844,12.175101,-24.003709,28.627444,11.111107,9.098434,62.350024,4.550205,-5.586181,0.525476,18.710169,-0.699235,-39.508195,1.273269,-3603511,245.462965,-49198857.072269,0.085299,59.631694,-24.58264,-3.50343,0,0.19852,1.005413,-0.724897,-5.586181,0.296712
01-09-25,8.47,8.47,8.19,8.33,19640,8.054,8.1462,8.6351,0.015456,-0.021454,-0.02893,TRUE,FALSE,-0.4889,-0.027812,7.786256,29.72155,53.280741,5.529517,0.033943,0.035056,-14.913177,13.953488,-20.892686,33.725487,10.331122,9.016466,61.72468,4.550519,-5.647561,0.526235,18.332767,-0.499562,-39.508195,0.067517,-3583871,-88.99097,-49198857.072269,0.067628,57.822568,-20.000745,-2.098595,0,0.198474,1.005914,-0.72542,-5.647561,0.447147
01-10-25,8.5,8.91,8.44,8.71,624915,8.114,8.1348,8.63235,0.018621,-0.022273,-0.028682,TRUE,TRUE,-0.49755,-0.025172,-7.282413,31.229952,57.533529,5.173447,0.079092,0.064164,-8.604404,20.137932,-16.490894,48.627448,15.978692,7.893228,61.990148,4.590616,-5.416316,0.525546,18.504037,-0.232283,-39.508195,1.987325,-2958956,306.652437,-49105783.816092,0.070378,58.192433,-11.523998,7.424721,0,0.145218,0.729042,-0.724945,-5.416316,0.961443
01-13-25,9,9.08,8.5,8.55,323357,8.17,8.1152,8.629,0.021833,-0.022973,-0.028433,TRUE,FALSE,-0.5138,-0.023019,-29.268284,32.79143,55.252906,3.507275,0.100801,0.068698,-12.217655,16.803279,-17.867432,45.188304,15.074029,7.289057,60.527502,4.591643,-5.250432,0.50009,7.617711,-0.241642,-39.508195,1.000396,-3282313,118.808237,-49373389.389188,0.014008,54.643894,-14.146828,5.690084,0,0.026252,0.128364,-0.70717,-5.250432,0.627814
01-14-25,8.39,8.61,8.2,8.38,428903,8.2145,8.078,8.62565,0.024929,-0.023573,-0.028186,TRUE,FALSE,-0.54765,-0.021164,-1.6949,33.365827,52.855525,-0.425216,0.103099,0.056797,-12.343099,16.713096,-20.719013,56.521755,11.882515,6.422606,58.502784,4.598213,-5.332545,0.506103,7.639926,-0.331216,-39.508195,1.26562,-3711216,270.590573,-49425693.854442,0.002948,55.143517,-13.639462,6.159783,0,-0.046256,-0.227227,-0.711409,-5.332545,0.282893
01-15-25,8,8,7.69,7.75,519876,8.2265,8.031,8.6183,0.026962,-0.024099,-0.027939,FALSE,FALSE,-0.5873,-0.020661,-4.132233,32.613132,45.053817,-12.479712,0.053468,0.005733,-18.933058,5.874314,-26.470588,17.391316,3.195736,6.944702,57.213608,4.688956,-5.440051,0.519523,7.80181,-0.616382,-39.508195,1.475788,-4231092,106.116785,-49744327.686635,-0.050914,51.61673,-21.264268,-5.268478,0,-0.092544,-0.451996,-0.72078,-5.440051,-0.832844
01-16-25,7.69,7.76,7.63,7.73,251045,8.23,7.9912,8.61065,0.028062,-0.024562,-0.027694,FALSE,FALSE,-0.61945,-0.020096,8.074541,31.774358,44.827603,-10.425303,0.012378,-0.028285,-17.765954,5.17007,-29.212455,9.395966,0.91384,6.685457,56.869189,4.68883,-5.470826,0.522039,7.445382,-0.637134,-39.508195,0.694455,-4482137,277.727122,-49609150.31804,-0.04011,51.066885,-19.845481,-5.14243,0,-0.030406,-0.1489,-0.722522,-5.470826,-0.879211
01-17-25,7.6,7.78,7.58,7.78,363795,8.228,7.9638,8.6019,0.028045,-0.024932,-0.027449,FALSE,FALSE,-0.6381,-0.019473,-1.718203,30.873737,45.563478,-7.292047,-0.015967,-0.045304,-16.880337,2.368425,-31.272081,13.333352,-0.511508,6.119172,57.027781,4.689569,-5.240048,0.497108,7.502386,-0.563546,-39.508195,0.991338,-4118342,43.052912,-49245355.31804,-0.014694,52.094235,-19.328891,-9.574386,0,0.082658,0.39456,-0.705059,-5.240048,-0.785582
01-20-25,7.78,7.78,7.78,7.78,,8.161,7.9558,8.59345,0.026722,-0.025205,-0.027206,FALSE,FALSE,-0.63765,-0.018064,-10.037174,30.037446,45.563478,0.509661,-0.037992,-0.053864,-14.879651,-0.765305,-29.079307,13.333352,-14.692979,5.283696,53.775258,4.647644,-5.181265,0.490408,7.767097,-0.831657,-39.508195,0,-4118342,-100,-49245355.31804,-0.101737,49.245745,-17.133438,-13.589705,0,0.064932,0.310683,-0.700291,-5.181265,-0.708504
01-21-25,7.78,7.78,7.78,7.78,,8.0505,7.9504,8.5827,0.024405,-0.025373,-0.026964,FALSE,FALSE,-0.6323,-0.016695,-12.121219,29.26089,45.563478,0.735875,-0.054816,-0.05655,-14.972672,-4.422606,-27.016883,13.333352,-22.122118,4.999084,32.848094,4.647031,-5.12642,0.485244,8.060253,-0.783873,-39.508195,0,-4118342,-100,-49245355.31804,-0.211195,51.749196,-18.28213,-17.996212,0,0.131965,0.628325,-0.696595,-5.12642,-0.823487
01-22-25,7.42,7.56,7.4,7.52,207495,8.0045,7.9422,8.56995,0.021346,-0.025469,-0.026722,FALSE,FALSE,-0.62775,-0.015068,-28.413278,27.53487,41.931227,-3.632251,-0.088113,-0.071878,-17.271729,-2.716689,-26.919339,7.142851,-10.90047,4.867973,33.540982,4.635254,-5.087662,0.476331,8.754419,-1.188468,-39.508195,0.705117,-4325837,-53.171653,-49141607.81804,-0.131856,46.563657,-20.74612,-15.433899,0,0.045891,0.217182,-0.690167,-5.087662,-1.444502
01-23-25,7.52,7.52,7.37,7.45,91604,7.982,7.932,8.5585,0.017772,-0.025483,-0.026482,FALSE,FALSE,-0.6265,-0.01426,-16.738206,25.857533,40.983938,-4.579541,-0.11878,-0.082036,-21.661413,-3.372247,-25.796814,4.678358,-5.696206,4.597317,35.71761,4.595203,-4.995418,0.468434,9.190277,-0.963951,-39.508195,0.316398,-4417441,-50.906002,-49135501.040014,-0.101674,51.593761,-26.230355,-17.191779,0,0.112002,0.530693,-0.684422,-4.995418,-1.489462
01-24-25,7.36,7.44,7.32,7.38,92294,7.9775,7.9222,8.5471,0.01369,-0.025408,-0.026242,FALSE,FALSE,-0.6249,-0.013481,-19.665256,24.169757,40.010516,-5.552962,-0.147038,-0.088235,-21.739132,-15.269804,-28.070176,3.409088,-1.204815,4.490903,36.445887,4.595981,-5.004461,0.469194,9.703215,-1.01168,-39.508195,0.324744,-4509735,-53.527928,-49135501.040014,-0.068636,57.419418,-26.554835,-30.031418,0,0.122951,0.582891,-0.684977,-5.004461,-1.639417
01-27-25,8.04,8.28,7.78,7.86,630638,7.979,7.9242,8.53735,0.009513,-0.025297,-0.026003,FALSE,FALSE,-0.61315,-0.011386,-15.789464,24.283754,48.962276,7.031049,-0.12921,-0.056326,-19.631898,-10.478356,-24.423073,30.68182,0.383144,4.443839,36.388113,4.663552,-5.047341,0.463736,9.947998,-0.780865,-39.508195,2.078441,-3879097,155.963601,-49564334.880014,-0.124338,60.788461,-24.652932,-25.065805,0,0.188217,0.87489,-0.680982,-5.047341,-0.32703
01-28-25,7.86,7.95,7.55,7.59,196193,7.956,7.9224,8.5269,0.005082,-0.025173,-0.025764,FALSE,FALSE,-0.6045,-0.008438,-22.676563,23.794187,44.903281,3.919343,-0.135309,-0.04994,-18.299245,-8.222494,-26.524683,15.34091,-5.714286,4.545454,37.356603,4.571181,-5.039898,0.441499,10.407898,-1.426672,-39.508195,0.655783,-4075290,-30.20452,-49721289.280014,-0.12807,53.661588,-23.351901,-22.461913,0,0.169263,0.786544,-0.664454,-5.039898,-0.979746
01-29-25,7.59,7.87,7.54,7.6,207469,7.931,7.9102,8.51255,0.00045,-0.025021,-0.025527,FALSE,FALSE,-0.60235,-0.005563,-28.404668,23.313637,45.084857,5.074341,-0.137748,-0.041903,-18.103447,-6.748463,-26.852746,15.909078,-6.172845,4.586465,38.009556,4.569873,-5.032325,0.440188,10.888774,-1.340299,-39.508195,0.696508,-3867821,-11.162257,-49853315.061793,-0.174819,50.72841,-23.540829,-21.38523,0,0.189955,0.881912,-0.663467,-5.032325,-0.870834
01-30-25,7.54,7.64,7.45,7.52,192742,7.8925,7.9016,8.49515,-0.0042,-0.02488,-0.025289,FALSE,FALSE,-0.59355,-0.003325,-52.42291,22.623967,43.840085,-5.122191,-0.14447,-0.0389,-21.091289,-10.582638,-26.634147,11.363627,-9.288299,4.264817,38.081458,4.549121,-4.797307,0.427883,9.944421,-1.188816,-39.508195,0.655453,-4060563,-28.338842,-49904036.335234,-0.187016,38.421556,-28.027742,-26.293115,0,0.307405,1.418212,-0.654128,-4.797307,-0.978166
01-31-25,7.45,7.87,7.42,7.83,282015,7.892,7.894,8.48075,-0.008537,-0.024705,-0.025052,FALSE,FALSE,-0.58675,-0.001422,-29.752076,22.441053,49.642156,4.738875,-0.123362,-0.014233,-23.535155,-4.628503,-27.230486,39.53488,-0.127554,3.977376,38.08937,4.525644,-4.687078,0.431291,8.467451,-0.611156,-39.508195,1.001436,-3778548,-46.88823,-49672157.308671,-0.075549,36.959193,-30.886464,-17.853578,0,0.337452,1.569593,-0.656728,-4.687078,-0.162775
02-03-25,8.31,8.52,7.68,7.94,589270,7.8965,7.882,8.4674,-0.012483,-0.024483,-0.024814,TRUE,FALSE,-0.5854,-0.00091,-18.644069,23.322861,51.554756,6.469899,-0.096643,0.009989,-21.386141,-10.886642,-25.375942,51.666645,1.146499,4.309104,38.090302,4.316693,-4.192657,0.390296,3.867399,0.095119,-39.508195,2.063733,-3189278,15.370534,-49896641.070408,-0.13108,52.269239,-27.129205,-24.569448,0,0.321882,1.515956,-0.624737,-4.192657,0.114202
02-04-25,7.85,7.93,7.68,7.72,121484,7.87,7.8682,8.4526,-0.016177,-0.024205,-0.024577,FALSE,FALSE,-0.5844,-0.000965,-1.538472,24.141682,47.656306,3.816221,-0.092157,0.011579,-20.576136,-30.072465,-26.75522,33.333294,-6.424245,4.034049,37.337721,4.326942,-4.200741,0.382934,3.885374,0.022647,-39.508195,0.439903,-3310762,-60.682627,-49979250.227482,-0.189216,58.760429,-26.153348,-45.996291,0,0.241235,1.126662,-0.618816,-4.200741,-0.401739
02-05-25,7.75,7.82,7.57,7.58,95490,7.839,7.8584,8.43575,-0.01951,-0.023875,-0.024339,FALSE,FALSE,-0.57735,-0.001435,-7.246381,24.566125,45.308347,-4.33381,-0.098761,0.00398,-17.158467,-37.868852,-25.831705,21.666641,-7.560974,4.221636,37.026168,4.329055,-4.123879,0.383986,4.008098,0.002909,-39.508195,0.364589,-3406252,-74.90315,-50067101.2169,-0.165752,61.719887,-23.281206,-56.426964,0,0.319574,1.49308,-0.619666,-4.123879,-0.699506
02-06-25,7.54,7.64,7.49,7.53,126738,7.799,7.8532,8.4227,-0.022534,-0.023494,-0.024101,FALSE,FALSE,-0.5695,-0.001916,-12.077296,24.713106,44.465749,-7.089007,-0.106798,-0.003246,-7.946211,-38.278686,-24.321604,17.499999,-9.603838,4.202238,35.74162,4.329659,-4.121483,0.383457,4.204685,-0.060518,-34.107141,0.474201,-3532990,545.305499,-50126244.918559,-0.173495,54.168337,-12.797723,-56.892745,0,0.278603,1.30092,-0.619239,-4.121483,-0.752624
02-07-25,7.47,7.77,7.45,7.77,246226,7.752,7.854,8.4129,-0.024899,-0.023058,-0.023865,FALSE,FALSE,-0.5589,-0.002133,-0.43291,25.082699,49.336187,1.679881,-0.092733,0.008656,-3.478263,-30.624999,-21.830983,37.499975,-10.792193,4.366612,28.598127,4.346411,-4.186271,0.388868,4.209129,0.202555,-27.929685,0.991521,-3286764,-60.598481,-49880018.918559,-0.155887,57.781396,-7.149218,-46.896653,0,0.278078,1.299179,-0.623593,-4.186271,0.062941
02-10-25,7.57,7.68,7.57,7.61,293061,7.705,7.853,8.4028,-0.026506,-0.022586,-0.023629,FALSE,FALSE,-0.5498,-0.002793,-6.882596,25.425892,46.413737,1.10539,-0.09342,0.006375,-4.035305,-21.70782,-22.897667,24.166658,-10.994152,4.646142,21.6807,4.351037,-4.148822,0.388873,4.319787,0.162116,-27.929685,1.187362,-3579825,-9.369211,-49959944.183873,-0.118824,52.850561,-8.783965,-38.521312,0,0.294968,1.376631,-0.623597,-4.148822,-0.438177
02-11-25,7.64,7.68,7.51,7.59,77302,7.6655,7.8518,8.39165,-0.027276,-0.022077,-0.023394,FALSE,FALSE,-0.53985,-0.003613,3.139022,25.528831,46.046562,1.580813,-0.094488,0.004245,-4.64824,-21.428569,-23.71859,22.499993,-9.427207,4.460756,14.8589,4.348901,-4.146199,0.388545,4.248514,0.208926,-27.929685,0.337215,-3657127,-81.976811,-49964491.258307,-0.11752,54.880317,-9.253824,-38.018526,0,0.30201,1.409809,-0.623334,-4.146199,-0.508112
02-12-25,7.73,7.8,7.54,7.58,209748,7.657,7.8498,8.38205,-0.027153,-0.021515,-0.023159,FALSE,FALSE,-0.53225,-0.003546,5.990791,25.873572,45.851243,-3.484943,-0.095047,0.002949,-3.684879,-15.212525,-25.686274,21.666641,-2.193549,4.570297,14.836302,4.255526,-3.997992,0.374044,4.098524,-0.223734,-27.929685,0.981367,-3866875,-59.654225,-50109701.530515,-0.085475,59.0815,-7.121742,-30.245409,0,0.189476,0.893365,-0.611592,-3.997992,-0.518998
02-13-25,7.5,7.62,7.42,7.42,208323,7.6415,7.8486,8.3722,-0.026339,-0.020907,-0.022925,FALSE,FALSE,-0.5236,-0.004147,1.76991,25.73879,42.728356,-3.685381,-0.107165,-0.007335,-4.381445,-11.244015,-32.422583,0,-4.010349,4.736234,15.631532,4.244561,-3.979712,0.377332,4.038371,-0.158485,-27.929685,0.98454,-4075198,-17.017666,-50318024.530515,-0.167508,57.159101,-8.045381,-26.312778,0,0.236352,1.120209,-0.614274,-3.979712,-1.417007
02-14-25,7.42,7.49,7.4,7.41,83198,7.623,7.8478,8.36125,-0.024936,-0.020254,-0.02269,FALSE,FALSE,-0.51345,-0.004294,-25.139688,25.536652,42.533367,-3.513195,-0.116235,-0.013124,-3.515625,-7.375002,-28.474903,0.892835,-4.755789,3.961827,16.0889,4.222438,-3.856224,0.369451,4.406647,-0.372684,-27.929685,0.421118,-4158396,-77.130527,-50382734.477893,-0.28785,46.058239,-6.118503,-19.978459,0,0.112268,0.531539,-0.607825,-3.856224,-1.323895
02-18-25,7.38,7.44,7.33,7.39,115527,7.6035,7.8458,8.34975,-0.023959,-0.019564,-0.022456,FALSE,FALSE,-0.50395,-0.003871,-12.987036,25.070427,42.119386,-3.731857,-0.123613,-0.016401,-9.987822,-7.740329,-28.25243,5.04201,-5.012858,3.692248,16.445367,4.187968,-3.796786,0.369254,4.632272,-0.646734,-27.929685,0.568145,-4273923,,-50372232.296509,-0.277091,47.437215,-13.902686,-21.000117,0,0.080093,0.382262,-0.607663,-3.796786,-1.298239
02-19-25,7.43,7.44,7.31,7.33,119952,7.581,7.8418,8.33935,-0.024211,-0.018846,-0.022222,FALSE,FALSE,-0.49755,-0.003702,-16.981134,24.555326,40.835306,-1.89305,-0.13277,-0.020447,-7.798741,-6.624204,-28.487806,1.65289,-5.784065,3.527578,16.973356,4.18504,-4.002555,0.381739,4.936,-0.602279,-28.417968,0.573005,-4393875,,-50455276.056506,-0.288987,49.020584,-11.310319,-19.363358,0,-0.005275,-0.025447,-0.61785,-4.002555,-1.478789
02-20-25,7.3,7.47,7.25,7.34,297227,7.572,7.841,8.33065,-0.024611,-0.018099,-0.021987,FALSE,FALSE,-0.48965,-0.004033,-11.842094,23.822048,41.157299,-1.376068,-0.137634,-0.020249,-10.596832,-10.487801,-30.623817,7.086624,-2.393615,3.551966,17.772244,4.153693,-3.945511,0.378471,5.142401,-0.340622,-28.417968,1.390048,-4096648,43.245379,-50509316.68501,-0.31982,47.384206,-13.603047,-23.181334,0,0.016587,0.080408,-0.6152,-3.945511,-1.305405
02-21-25,7.36,7.88,7.32,7.83,456835,7.591,7.8466,8.32555,-0.024445,-0.017322,-0.021753,FALSE,FALSE,-0.47895,-0.003994,0,24.256967,54.285577,12.166191,-0.100788,0.013278,-8.313818,-5.320441,-25.499527,45.669269,5.100673,3.430031,18.418811,4.219075,-4.038712,0.410345,5.142401,0.300866,-28.417968,1.968382,-3639813,398.706388,-50134059.683111,-0.215126,50.396808,-9.995706,-16.217177,0,0.108268,0.530496,-0.640582,-4.038712,1.297586
02-24-25,7.73,8.05,7.6,7.9,294723,7.617,7.8544,8.321,-0.023391,-0.01651,-0.021518,TRUE,FALSE,-0.4666,-0.003945,-2.409636,25.037593,55.802626,14.96732,-0.065188,0.039103,-6.064206,-8.458865,-23.00195,81.249993,7.04607,3.047016,18.946185,4.218755,-4.037137,0.409998,4.71836,0.405259,-28.417968,1.216818,-3345090,219.330617,-50035818.683111,-0.185856,44.623904,-6.299192,-19.640071,0,0.130739,0.640463,-0.640311,-4.037137,1.493705
02-25-25,7.95,8.26,7.75,7.92,370060,7.62,7.8642,8.31685,-0.021727,-0.015694,-0.021283,TRUE,FALSE,-0.45265,-0.003991,13.698654,26.183785,56.249357,15.092057,-0.034957,0.055466,-1.858731,-2.82208,-20.16129,66.336626,0.763358,3.264791,19.393434,4.216616,-4.027848,0.407882,4.884073,0.47817,-28.417968,1.614719,-2975030,-41.319743,-50159172.016445,-0.129776,53.614625,-2.108223,-13.268319,0,0.145814,0.7134,-0.638657,-4.027848,1.546916
02-26-25,7.84,8.02,7.6,7.78,251749,7.6295,7.87,8.3123,-0.019752,-0.01488,-0.021048,FALSE,FALSE,-0.4423,-0.004298,13.698654,26.588787,52.266833,-2.018744,-0.022042,0.054705,-0.128367,-4.305042,-20.693171,52.475256,2.503295,3.479618,19.701658,4.223706,-4.039185,0.410598,4.770847,0.374817,-28.417968,1.085326,-3226779,28.317014,-50195136.07764,-0.102141,50.873009,-0.928625,-14.930087,0,0.129259,0.63279,-0.640779,-4.039185,0.763896
02-27-25,7.58,8.28,7.58,8.28,347188,7.6635,7.8854,8.31065,-0.017194,-0.01407,-0.020813,TRUE,FALSE,-0.42525,-0.003742,39.267004,27.494624,62.48314,6.680514,0.028214,0.083969,7.115132,3.629537,-13.750006,100,8.947366,3.743962,24.458932,4.301535,-4.149044,0.42354,8.21427,0.739204,-28.417968,1.453017,-2879591,67.344519,-49847948.07764,0.001123,58.041592,7.101816,-6.668214,0,0.158327,0.769567,-0.650799,-4.149044,2.520551
02-28-25,8.28,8.49,8.01,8.05,235092,7.69,7.8932,8.30745,-0.014464,-0.01326,-0.020576,TRUE,FALSE,-0.41425,-0.003935,14.73686,28.710894,56.493332,0.243975,0.048919,0.083739,5.091388,-4.280614,-17.689157,64.516156,7.047875,3.992901,25.663817,4.303522,-4.077446,0.430676,8.0818,0.72819,-28.417968,0.975241,-3114683,21.972378,-50043858.07764,-0.029001,58.101235,4.239212,-16.355873,0,0.247177,1.208381,-0.656259,-4.077446,1.402754
03-03-25,7.9,8.91,7.9,8.76,262779,7.7365,7.912,8.3086,-0.010773,-0.012461,-0.020339,TRUE,TRUE,-0.3966,-0.003047,46.938792,30.462502,67.007619,14.740785,0.121222,0.124834,14.509805,7.48467,-9.034267,90.963878,11.877399,4.329745,35.044749,4.443576,-4.202043,0.460749,12.326126,1.254263,-28.417968,1.094463,-2851904,-6.820914,-49859132.066619,-0.038937,66.70659,15.404024,-2.461159,0,0.298457,1.451956,-0.678785,-4.202043,2.920552
03-04-25,9.08,9.6,8.53,8.92,270911,7.7855,7.908,8.3123,-0.006076,-0.01165,-0.020101,TRUE,TRUE,-0.4043,-0.001901,51.351364,32.815234,68.835429,6.352289,0.189251,0.154291,16.145837,12.342569,-7.372794,71.063821,12.342569,4.972774,43.797954,4.447529,-3.861975,0.431524,13.200746,1.329863,-28.417968,1.20845,-2580993,-54.025998,-49932556.489096,-0.00801,71.034484,19.216326,4.999383,0,0.205325,0.972003,-0.656905,-3.861975,2.590304
03-05-25,8.86,9.1,8.54,8.54,141223,7.8265,7.879,8.31415,-0.001046,-0.010831,-0.019862,TRUE,TRUE,-0.43515,-0.00139,32.432444,34.999913,60.292108,3.798777,0.210081,0.140096,14.171122,-9.915608,-11.318797,54.893606,10.621764,5.444965,46.882021,4.487752,-3.870819,0.442397,12.626816,1.035305,-28.417968,0.627191,-2722216,16.24823,-50073779.489096,-0.020991,66.157604,16.024223,-19.459592,0,0.187616,0.888747,-0.665129,-3.870819,1.521905
03-06-25,9.04,9.49,8.84,9.48,244281,7.9215,7.8998,8.321,0.004918,-0.00997,-0.019622,TRUE,TRUE,-0.4212,0.000351,55.080217,37.354635,70.158595,3.150977,0.298992,0.183206,27.248319,-1.761659,-5.577693,94.893582,25.065958,5.470164,59.244603,4.684274,-4.052621,0.458689,16.341236,1.726077,-28.417968,1.050187,-2477935,155.81841,-49837015.004004,0.049458,72.540196,30.192717,-10.115584,0,0.318245,1.465873,-0.677266,-4.052621,2.630619
03-07-25,9.44,9.75,9,9,371147,7.995,7.9218,8.32615,0.011176,-0.009085,-0.019382,TRUE,TRUE,-0.40435,0.001478,37.767241,39.729233,61.724455,-7.110974,0.326953,0.168934,20.160217,-2.912626,-10.536783,70,19.521909,6.285715,63.123517,4.733164,-4.096895,0.466526,15.323545,1.296457,-28.417968,1.515952,-2849082,192.845871,-50208162.004004,-0.01673,65.951266,22.376641,-12.298127,0,0.261999,1.203075,-0.683027,-4.096895,1.592117
03-10-25,9.57,10.23,9.45,10.04,365275,8.1085,7.9732,8.3359,0.018018,-0.008134,-0.019141,TRUE,TRUE,-0.3627,0.00416,50.669236,42.229196,70.108971,9.816863,0.428098,0.216062,33.333329,0.702103,0.299698,93.624174,29.214929,6.431418,77.610545,4.945219,-4.313153,0.4944,18.306789,1.887445,-28.417968,1.456555,-2483807,48.349484,-50020841.159091,-0.028077,71.269016,37.024874,-8.040887,0,0.386364,1.744248,-0.703136,-4.313153,2.488708
03-11-25,10.09,10.64,9.9,10.02,275772,8.229,8.017,8.3448,0.025304,-0.007119,-0.0189,TRUE,TRUE,-0.3278,0.006534,51.830477,44.757134,69.792353,-0.366242,0.500868,0.231066,35.772362,7.626208,-2.243898,81.71092,31.66886,6.879099,87.537602,4.941527,-4.247406,0.482298,16.825595,1.935224,-28.417968,1.103461,-2759579,-5.899454,-50207173.05362,-0.049462,75.294594,40.392936,1.172953,0,0.299029,1.335094,-0.694477,-4.247406,2.045978
03-12-25,9.69,10.1,9.46,9.53,101825,8.326,8.0466,8.35255,0.032564,-0.006067,-0.018659,TRUE,TRUE,-0.30595,0.008062,38.624344,45.622703,62.361477,0.637022,0.513085,0.194627,26.225159,4.495612,-6.476937,66.566248,25.559941,7.547595,90.772938,4.992316,-4.386065,0.498923,15.273716,1.613575,-28.417968,0.405448,-2861404,31.723629,-50286723.943927,-0.064154,77.91113,29.975542,-2.989227,0,0.314766,1.413952,-0.706345,-4.386065,1.326386
03-13-25,9.58,10.12,9.38,9.97,157737,8.4455,8.084,8.36295,0.040403,-0.004951,-0.018418,TRUE,TRUE,-0.27895,0.010232,38.078305,46.175919,65.875024,-4.233947,0.55191,0.186761,32.756324,14.203904,3.423236,78.104576,31.530348,7.34346,96.015612,5.020039,-4.403791,0.507143,14.096528,1.833925,-28.417968,0.634651,-2703667,-24.796899,-50192934.233511,-0.016744,76.581696,37.098304,8.728079,0,0.345525,1.556369,-0.71214,-4.403791,1.587763
03-14-25,9.6,9.63,9.06,9.06,187844,8.5275,8.0994,8.3675,0.047983,-0.003822,-0.018177,TRUE,TRUE,-0.2681,0.011028,17.956665,45.727244,54.536139,-15.256214,0.503446,0.110638,21.938097,4.618944,-6.113982,48.366023,22.10243,8.443709,93.773457,5.170583,-4.500786,0.532175,13.155465,1.211285,-28.417968,0.758913,-2891511,-9.830408,-50380778.233511,-0.012677,70.720722,25.340911,-1.442842,0,0.30868,1.385567,-0.729503,-4.500786,0.567858
03-17-25,8.98,9,8.7,8.73,102724,8.5935,8.1172,8.36875,0.054882,-0.002694,-0.017936,TRUE,TRUE,-0.25155,0.011476,11.964542,44.349394,51.101052,-11.260425,0.433413,0.032484,16.555405,1.041657,-11.550156,37.581682,17.813761,8.640159,90.06622,5.191945,-4.504156,0.537764,12.384631,0.914248,-28.417968,0.413387,-2994235,23.469314,-50462957.629441,-0.016142,65.689773,18.165894,-5.544364,0,0.277544,1.248161,-0.733324,-4.504156,0.151555
03-18-25,8.7,9.1,8.7,9.04,228968,8.676,8.141,8.372,0.061192,-0.001579,-0.017696,TRUE,TRUE,-0.231,0.014585,18.155616,43.216936,54.030305,-11.844719,0.398335,-0.002076,20.372832,3.078671,-10.228399,47.712413,22.327471,8.328067,85.923712,4.751551,-4.141897,0.478456,11.147753,0.271053,-28.417968,0.900861,-2765267,98.194361,-50302680.411572,0.013682,72.335446,21.888425,-2.489231,0,0.194626,0.900366,-0.691705,-4.141897,0.423632
03-19-25,8.91,8.96,8.49,8.69,269017,8.744,8.1498,8.37455,0.066506,-0.000493,-0.017456,TRUE,TRUE,-0.22475,0.0186,6.038289,41.619314,50.362111,-4.174028,0.338392,-0.049615,13.446472,-2.687578,-11.597155,28.832095,18.553884,8.540196,79.879778,4.613263,-3.944732,0.481263,10.734849,-0.489965,-28.417968,1.028278,-3034284,124.270542,-50342747.121696,0.021506,63.978104,13.042204,-10.103878,0,0.105465,0.503881,-0.693731,-3.944732,-0.067602
03-20-25,8.85,8.85,8.47,8.52,139638,8.803,8.1562,8.3764,0.070771,0.000536,-0.017217,TRUE,TRUE,-0.2202,0.019781,6.983659,40.083456,48.634976,-2.466076,0.274011,-0.091197,8.95141,-3.728813,-11.157452,22.627748,16.076298,8.626762,73.027825,4.15609,-3.717379,0.521082,10.17581,0.319315,-28.417968,0.550321,-3173922,-53.019746,-50445638.15048,0.012548,58.902634,8.600122,-11.450234,0,0.269652,1.488295,-0.72186,-3.717379,-0.387523
03-21-25,8.7,8.81,8.5,8.54,255991,8.8385,8.1604,8.37795,0.073993,0.001527,-0.016981,TRUE,TRUE,-0.21755,0.020075,-3.642389,38.657301,48.857186,-5.173119,0.222042,-0.114532,-6.359648,0.707552,-8.858057,3.225792,9.067689,8.02108,69.698807,4.067604,-3.640845,0.518082,10.386575,0.757691,-28.417968,1.050447,-2917931,-43.964232,-50635567.109355,-0.102896,58.854136,-8.758493,-5.512836,0,0.321621,1.808085,-0.719779,-3.640845,-0.428271
03-24-25,8.26,8.26,7.99,7.99,271399,8.843,8.146,8.3779,0.075813,0.002456,-0.016747,FALSE,FALSE,-0.2319,0.018703,-14.463457,36.028138,43.308408,-7.053703,0.134921,-0.161323,-20.02002,-5.21946,-13.993544,0,1.139236,8.108352,69.087361,4.093052,-3.661336,0.543451,11.347746,0.688518,-28.417968,1.119028,-3189330,-7.913872,-50906966.109355,-0.179595,50.807905,-24.552609,-12.953572,0,0.374773,2.151182,-0.737191,-3.661336,-1.234669
03-25-25,7.93,8.07,7.91,8.03,133059,8.8485,8.1356,8.3782,0.075916,0.003311,-0.016514,FALSE,FALSE,-0.2426,0.017977,-8.374388,33.504852,43.808239,-4.826737,0.068317,-0.182341,-4.857818,-4.631833,-13.469828,4.395599,1.388885,7.712153,68.353786,4.048051,-3.642696,0.549502,11.893532,0.413911,-28.417968,0.57681,-3056271,-64.043939,-50840436.609355,-0.147664,51.10793,-8.742077,-12.242032,0,0.314683,1.838575,-0.741284,-3.642696,-1.197447
03-26-25,7.93,8.46,7.93,8.28,192979,8.8735,8.1336,8.38025,0.074678,0.004069,-0.016283,TRUE,FALSE,-0.24665,0.018024,-22.222216,31.897471,46.956027,-1.901159,0.035299,-0.172287,4.810122,-2.702708,-10.583158,13.553107,6.426729,7.11698,65.075895,4.051657,-3.649588,0.550264,12.695814,0.433369,-28.417968,0.847356,-2863292,-23.344681,-50778537.855172,-0.128084,49.911413,2.315908,-9.527422,0,0.321088,1.875915,-0.741798,-3.649588,-0.912012
03-27-25,8.4,8.54,8.22,8.34,328507,8.8765,8.1454,8.38245,0.07215,0.004734,-0.016054,TRUE,FALSE,-0.23705,0.018241,-13.253005,30.564028,47.713077,4.404669,0.013814,-0.155018,11.646592,-2.910361,-9.54447,15.750924,0.724643,6.697501,64.801139,4.051893,-3.670255,0.554188,13.190834,0.440103,-28.417968,1.44839,-2534785,-5.380658,-50860664.605172,-0.223254,61.355926,9.479321,-9.941584,0,0.296035,1.737038,-0.744438,-3.670255,-0.827917
03-28-25,8.48,9.1,8.39,9.08,316110,8.928,8.1724,8.38845,0.068951,0.005354,-0.015826,TRUE,TRUE,-0.21605,0.019979,-20.512816,30.309707,56.045223,12.236984,0.055855,-0.090381,15.96424,6.07476,0.331489,42.857138,12.795027,5.781941,61.91557,4.197446,-3.835348,0.59646,13.286315,0.836269,-28.417968,1.369276,-2218675,34.462253,-50562364.025916,-0.112299,60.147164,15.296359,1.304227,0,0.270952,1.613112,-0.772308,-3.835348,0.245496
03-31-25,9.48,9.74,8.97,9.07,262474,8.9435,8.1982,8.3951,0.064847,0.00595,-0.015599,TRUE,TRUE,-0.1969,0.020895,-20.34262,30.925749,55.915548,8.959521,0.087359,-0.047102,12.670801,1.114821,-1.626904,52.48868,3.538807,5.81194,61.860866,4.13142,-3.728877,0.584877,13.134963,1.190203,-28.417968,1.137019,-2481149,-0.116067,-50756663.307175,-0.194402,59.562299,10.410116,-4.664813,0,0.367097,2.189241,-0.764772,-3.728877,0.204491
04-01-25,9.2,9.52,8.95,9.17,343390,8.956,8.226,8.4023,0.059879,0.006569,-0.015372,TRUE,TRUE,-0.1763,0.021923,-8.411204,31.443499,56.987299,9.274221,0.119024,-0.01235,13.209872,3.382189,-0.971924,57.013584,2.802691,5.694035,62.063134,4.132545,-3.712679,0.581041,13.25651,1.2523,-28.417968,1.46455,-2137759,26.753805,-50834980.304559,-0.192441,54.929348,10.983069,-2.756776,0,0.422348,2.506501,-0.762261,-3.712679,0.34481
04-02-25,9.43,9.46,8.7,8.85,222815,8.9715,8.2474,8.40675,0.054021,0.0072,-0.015146,TRUE,TRUE,-0.15935,0.023031,-26.923069,31.247321,52.581974,-3.46325,0.116948,-0.01154,6.755132,-6.249992,-7.135355,51.366152,3.629982,5.916063,61.352548,4.113748,-3.67786,0.590304,6.875977,0.705867,-28.417968,0.934048,-2360574,57.775292,-50969841.706059,-0.187816,48.598506,4.003173,-13.500643,0,0.365611,2.204201,-0.768313,-3.67786,-0.198035
04-03-25,9.78,10.98,9.78,10.93,747236,9.044,8.3156,8.4221,0.048976,0.007942,-0.014918,TRUE,TRUE,-0.1065,0.027431,35.08442,32.643583,69.231569,13.316021,0.279916,0.121142,39.413266,16.898394,15.417107,98.37136,15.295367,5.587506,74.776451,5.094356,-4.299528,0.693267,20.463955,1.82209,-28.417968,2.833709,-1613338,205.891985,-50284874.432463,-0.08492,62.768279,41.238337,13.662913,0,0.47804,2.689646,-0.832626,-4.299528,2.522185
04-04-25,12,13.45,11.73,13.23,685536,9.2555,8.4312,8.44875,0.046425,0.008895,-0.014687,TRUE,TRUE,-0.01755,0.03567,61.643842,35.176003,78.303488,21.316189,0.587882,0.343287,68.535028,35.553271,33.23262,96.028876,46.999995,5.782313,119.758298,5.736896,-4.375157,0.758426,32.620086,2.515363,-28.417968,2.453471,-927802,84.707407,-49774708.292514,0.077565,71.801485,74.565508,36.676619,0,0.469279,2.641982,-0.870877,-4.375157,3.318768
04-07-25,15.64,15.64,11,13.14,510328,9.4105,8.5464,8.4751,0.045985,0.010048,-0.014453,TRUE,TRUE,0.0713,0.044133,57.909626,38.100331,77.342522,24.760549,0.815288,0.456554,59.272731,40.384624,30.486601,67.658476,30.876498,8.126767,147.332952,5.720463,-4.286346,0.732018,31.503318,2.280139,-28.417968,1.780209,-1438130,39.710629,-49814302.665617,0.036024,74.62141,66.362622,43.678879,0,0.3915,2.098687,-0.85558,-4.286346,2.531342
04-08-25,11.92,16.040001,11.86,14.84,681754,9.6515,8.686,8.50855,0.048933,0.011474,-0.014214,TRUE,TRUE,0.17745,0.054866,72.953766,40.896152,81.868858,12.637289,1.119776,0.608834,80.975616,45.4902,52.361401,85.239845,48.103787,8.943012,190.828745,5.917968,-4.434537,0.74825,36.621118,2.864569,-28.417968,2.220939,-756376,147.216541,-49523986.49995,0.11128,82.346347,90.106429,50.100457,0,0.561,2.999204,-0.865014,-4.434537,2.71893
04-09-25,15.27,15.7,11.18,11.73,598599,9.7615,8.7688,8.52735,0.052845,0.013018,-0.013974,TRUE,TRUE,0.24145,0.059862,28.232185,42.486999,58.747212,-19.556276,1.097483,0.469232,40.816322,19.816135,21.428569,46.98646,23.084993,13.8351,196.352337,6.557017,-4.365604,0.796377,35.255167,1.820007,-28.417968,1.804067,-1354975,487.870366,-49976908.938257,0.046686,73.577732,45.309575,19.450416,0,0.622481,3.3397,-0.8924,-4.365604,1.002534
04-10-25,12.51,15.22,12.4,13.96,485968,9.961,8.896,8.5573,0.059335,0.014749,-0.01373,TRUE,TRUE,0.3387,0.067261,39.911636,43.964213,66.133127,-11.209396,1.245402,0.493721,60.275545,46.484789,42.303766,74.415737,40.020057,13.252149,217.692422,6.87555,-4.469808,0.81081,33.417164,2.75654,-28.417968,1.39559,-869007,208.087513,-49925210.193872,0.038442,75.402684,66.213308,49.676317,0,0.778404,4.131891,-0.90045,-4.469808,1.836996
04-11-25,14.34,15.11,13.58,13.62,259093,10.189,9.018,8.58645,0.068097,0.016652,-0.013483,TRUE,TRUE,0.43155,0.073723,42.109201,45.335913,64.244502,-17.624356,1.319977,0.454637,59.298241,39.835731,40.702474,70.233694,50.331118,14.096917,231.218492,6.889162,-4.315764,0.792793,31.134301,2.667469,-28.417968,0.736522,-1128100,37.929878,-50170755.858022,0.029851,79.209602,62.282131,40.948014,0,0.908419,4.598519,-0.890389,-4.315764,1.483878
04-14-25,12.39,13.29,12.02,12.07,167480,10.356,9.1028,8.6081,0.077789,0.018628,-0.013233,TRUE,TRUE,0.4947,0.077401,27.150537,44.44943,56.344685,-2.402527,1.239716,0.299501,44.033407,26.255221,15.281752,51.04808,38.258881,16.75938,232.185816,7.077157,-4.423347,0.790692,29.048471,2.146983,-28.417968,0.471752,-1295580,63.038822,-50325048.652522,0.019423,78.020415,46.041412,26.992894,0,0.709179,3.476996,-0.889209,-4.423347,0.738202
04-15-25,12.07,12.2,11.58,11.97,209550,10.5025,9.1834,8.63005,0.088227,0.020649,-0.012981,TRUE,TRUE,0.55335,0.080677,25.050921,43.120217,55.867387,-10.26574,1.154729,0.171611,54.451616,25.209202,8.818184,47.95396,32.411508,16.953097,232.688381,7.079895,-4.406179,0.789063,27.036144,2.115192,-28.417968,0.591872,-1505130,-8.480661,-50270970.952431,0.004478,74.690167,56.462454,24.935707,0,0.741919,3.622039,-0.888292,-4.406179,0.630672
04-16-25,12.48,13.25,12.1,12.94,331467,10.715,9.2878,8.65615,0.100027,0.022757,-0.012727,TRUE,TRUE,0.63165,0.085311,29.411764,42.5241,59.455206,-4.789295,1.152363,0.135396,67.399735,37.659576,20.821658,59.47711,48.906792,16.212189,234.66269,7.138339,-4.415412,0.776871,24.609491,2.398225,-28.417968,0.928041,-1173663,23.214146,-50118208.20143,0.031433,75.222568,69.749817,37.979001,0,0.830097,3.907996,-0.881403,-4.415412,0.948169
04-17-25,12.64,12.86,12.54,12.6,154099,10.919,9.3882,8.68235,0.112709,0.02494,-0.01247,TRUE,TRUE,0.70585,0.08866,23.097119,41.970563,57.684996,1.340311,1.110254,0.07463,61.953728,34.615394,18.755898,53.133515,47.88732,16.445577,232.299016,7.131407,-4.418976,0.781183,22.67801,2.427061,-28.417968,0.430574,-1327762,10.356064,-50214519.617179,0.032289,72.116753,64.829426,35.11295,0,0.872104,4.150047,-0.883846,-4.418976,0.723636
04-21-25,12.8,13.67,12.75,13.4,188947,11.162,9.5056,8.7127,0.126241,0.02724,-0.012209,TRUE,TRUE,0.7929,0.092919,27.011858,41.909862,60.653499,4.786112,1.128428,0.074243,72.236494,46.608305,25.468158,64.032685,56.908661,15.623668,231.521422,7.158043,-4.436217,0.780856,20.323252,2.687114,-28.417968,0.532936,-1138815,-26.189983,-50136476.469923,0.070386,72.147741,75.999716,48.202555,0,0.899927,4.263319,-0.88366,-4.436217,0.966649
04-22-25,12.89,12.89,12.45,12.56,256990,11.3905,9.6014,8.73875,0.139614,0.029609,-0.011947,TRUE,TRUE,0.86265,0.095352,20.214676,41.476929,56.195703,-3.259504,1.062799,0.006891,61.43959,37.26777,14.703202,52.588556,57.196505,16.884667,220.874691,7.218197,-4.441808,0.784809,18.045016,2.46939,-28.417968,0.726332,-1395805,-5.309157,-50264970.912913,0.090724,72.062044,64.337764,36.9524,0,0.908784,4.308437,-0.885894,-4.441808,0.529486
04-23-25,11.86,12.41,11.68,12,205798,11.589,9.6892,8.76165,0.152079,0.032014,-0.011682,TRUE,TRUE,0.92755,0.097392,18.51852,40.166713,53.379074,-4.305922,0.954596,-0.081049,59.574468,32.013199,18.343191,35.463256,49.439606,17.744047,206.45272,7.218831,-4.450338,0.790204,15.343021,2.067384,-28.417968,0.57573,-1601603,54.666727,-50290343.328004,0.076946,71.580192,61.921022,30.96689,0,0.783127,3.759821,-0.888934,-4.450338,0.199077
04-24-25,11.98,11.98,11.58,11.62,113535,11.756,9.7698,8.7832,0.163203,0.034429,-0.011417,TRUE,TRUE,0.9866,0.098122,4.506857,38.836438,51.493017,-9.160482,0.82863,-0.165613,55.973157,22.187167,19.424465,12.301583,40.338167,17.273174,191.224417,7.216146,-4.437102,0.790892,14.8139,2.077995,-28.417968,0.321189,-1715138,-41.167174,-50381171.328004,0.056207,66.560811,57.910451,19.644033,0,0.821459,3.951804,-0.889321,-4.437102,-0.071121
04-25-25,11.67,11.83,11.13,11.15,208191,11.8965,9.8412,8.8024,0.172048,0.036824,-0.011151,TRUE,TRUE,1.0388,0.097875,-15.430269,37.08959,49.178511,-7.017192,0.683002,-0.248992,51.084003,18.239653,15.784003,2.976182,33.693039,16.835362,174.386525,7.244364,-4.439222,0.785053,15.975205,1.917369,-28.417968,0.599166,-1923329,-36.625095,-50577465.991175,0.040752,58.68461,53.173341,15.613904,0,0.734645,3.472258,-0.886032,-4.439222,-0.428072
04-28-25,11.04,11.63,10.99,11.26,134960,12.0055,9.918,8.82245,0.178721,0.039204,-0.010886,TRUE,TRUE,1.09555,0.097475,-13.925928,35.309334,49.747818,-3.631256,0.569898,-0.289677,43.256998,15.13293,14.663957,5.346543,24.008814,14.133468,162.245904,7.239874,-4.471644,0.788028,16.952956,1.993079,-28.417968,0.398806,-1788369,-57.306001,-50598553.359199,-0.005347,51.591527,44.751722,11.681671,0,0.705406,3.359461,-0.887709,-4.471644,-0.459488
04-29-25,11.29,11.39,11.07,11.12,71020,12.108,9.9922,8.84145,0.182476,0.041559,-0.010622,TRUE,TRUE,1.15075,0.097163,-31.155782,33.65624,48.995547,-2.49747,0.463621,-0.316763,46.508559,19.6986,17.05263,2.760087,22.601987,11.831963,148.628673,7.232844,-4.480245,0.787941,13.58514,1.798741,-28.417968,0.215973,-1859389,-72.942082,-50647379.569513,0.016617,39.733155,48.172215,16.393658,0,0.71906,3.427106,-0.88766,-4.480245,-0.664744
04-30-25,11.62,12.05,11.29,11.35,308519,12.217,10.0714,8.8623,0.183226,0.043889,-0.010359,TRUE,TRUE,1.2091,0.097231,-4.194251,32.72178,50.324552,1.146041,0.39342,-0.309572,49.342112,22.306042,20.873269,8.510652,23.773177,9.332913,133.134314,7.234236,-4.52993,0.795765,13.83102,1.82266,-28.417968,0.943211,-1550870,-10.154926,-50907184.717185,-0.011037,53.104589,51.46584,19.107863,0,0.803738,3.902627,-0.892057,-4.52993,-0.651222
05-01-25,11.06,11.35,11.01,11.23,167077,12.336,10.1494,8.88185,0.181017,0.046179,-0.010097,TRUE,TRUE,1.26755,0.096541,-39.280584,31.493195,49.598402,-0.149416,0.324363,-0.302903,49.335101,17.838404,16.979157,5.825237,26.892645,7.42908,110.098712,7.223088,-4.534298,0.799665,12.898805,1.888238,-28.417968,0.515181,-1717947,-25.015371,-50858045.194942,0.017236,40.93081,52.675151,14.473682,0,0.842056,4.134667,-0.89424,-4.534298,-1.004553
05-02-25,10.99,11.04,10.71,10.75,124400,12.327,10.2176,8.89885,0.174765,0.048406,-0.009836,TRUE,TRUE,1.31875,0.094631,-40.479552,29.971822,46.695938,-2.299609,0.228271,-0.319196,37.292466,4.980471,10.939117,1.35135,-1.646846,7.0897,111.374714,7.245564,-4.562631,0.802411,12.813517,1.792523,-27.560648,0.424334,-1842347,-83.35198,-50952287.640972,-0.113829,32.408749,38.763931,-0.791201,0,0.788237,3.885113,-0.895774,-4.562631,-1.415941
05-05-25,10.89,11.02,10.71,10.98,84010,12.2145,10.2806,8.91575,0.165309,0.050567,-0.009576,TRUE,TRUE,1.36485,0.092837,-18.890822,28.559118,48.258401,-2.06615,0.168732,-0.302988,38.287147,8.712863,16.684375,9.121605,-17.006803,6.102004,113.123356,7.244795,-4.564402,0.803571,13.433027,1.894937,-27.560648,0.319321,-1758337,-87.745355,-50889958.107842,-0.211953,36.638116,38.793329,3.505052,0,0.822769,4.067701,-0.896421,-4.564402,-1.091287
05-06-25,11.28,11.4,11.04,11.38,191062,12.1265,10.3502,8.93345,0.152593,0.052677,-0.009318,TRUE,TRUE,1.41675,0.091915,-9.719937,27.654336,50.951155,1.352753,0.15207,-0.25572,47.409332,17.078187,25.330399,22.635137,-13.394218,5.761989,112.388089,7.247493,-4.565394,0.802578,13.73111,1.910869,-27.560648,0.773136,-1567275,-62.560941,-50720124.712811,-0.183271,44.165151,47.969397,12.092276,0,0.845717,4.169076,-0.895867,-4.565394,-0.664216
05-07-25,11.23,11.4,10.99,11.02,283496,11.9355,10.4122,8.94785,0.13687,0.054717,-0.009062,TRUE,TRUE,1.46435,0.08993,-35.164819,26.740417,48.504542,1.808603,0.108565,-0.23938,45.382593,20.437168,24.519774,10.472987,-25.741238,5.386311,94.953436,7.256501,-4.577177,0.803212,14.499465,1.868236,-27.560648,1.24771,-1850771,-58.416672,-50962132.528291,-0.316475,31.305936,46.316929,15.305972,0,0.816394,4.025998,-0.896221,-4.577177,-0.964156
05-08-25,10.83,10.93,10.53,10.64,235405,11.881,10.4694,8.9624,0.11867,0.056661,-0.008808,TRUE,TRUE,1.507,0.087099,-35.636358,25.226221,45.993938,-2.264463,0.04293,-0.244012,41.301461,30.073349,20.771848,3.503204,-9.292406,5.639099,99.226956,7.276554,-4.585043,0.802835,15.426964,1.747264,-28.301885,1.126052,-2086176,-60.674007,-51068064.245105,-0.260975,30.709969,41.693612,25.633012,0,0.789316,3.878026,-0.896011,-4.585043,-1.250668
05-09-25,10.5,10.65,10.44,10.55,171682,11.7105,10.5148,8.9766,0.097998,0.0585,-0.008556,TRUE,TRUE,1.5382,0.083934,-59.498921,23.693489,45.394638,-5.556517,-0.016163,-0.242484,35.778639,31.0559,20.571431,4.489819,-24.426933,5.104944,90.540171,7.278715,-4.595835,0.805385,11.147495,1.720788,-28.908355,0.887984,-2257858,-64.672159,-51059887.946478,-0.293442,22.822677,35.551117,27.149072,0,0.826609,4.086555,-0.897432,-4.595835,-1.281751
05-12-25,9.71,9.75,9.14,9.15,467377,11.487,10.5368,8.9788,0.075102,0.060158,-0.008308,FALSE,TRUE,1.558,0.078038,-63.738294,23.268043,37.261257,-11.243284,-0.173957,-0.320223,20.236524,15.384613,5.293441,0.305788,-32.819385,6.245123,95.933695,7.493875,-4.670478,0.787373,9.765759,1.277395,-38.342321,2.293838,-2725235,80.389667,-51511942.212448,-0.32912,21.97505,19.953268,10.339247,0,0.661685,3.039736,-0.88734,-4.670478,-2.436058
05-13-25,9,9.11,8.82,9.11,163455,11.339,10.5438,8.98045,0.050776,0.061624,-0.008063,FALSE,TRUE,1.56335,0.071962,-59.834341,23.178985,37.056965,-8.936973,-0.298794,-0.356047,20.026344,14.447231,5.807201,8.978326,-24.523613,5.841306,108.478429,7.494492,-4.704847,0.794311,9.459701,1.266615,-38.611863,0.803013,-2888690,-2.403272,-51348487.212448,-0.251395,22.729437,19.588133,9.383254,0,0.74313,3.470698,-0.891241,-4.704847,-2.054787
05-14-25,9.12,9.34,9.1,9.34,139717,11.2075,10.5522,8.9858,0.025407,0.062847,-0.007819,FALSE,TRUE,1.5664,0.066136,-48.71791,22.758571,39.123756,-6.270881,-0.374848,-0.345681,23.219001,18.67853,7.479869,16.099083,-21.971596,5.559805,116.099721,7.49759,-4.70663,0.792231,9.50169,1.364708,-38.611863,0.698374,-2748973,-33.325221,-51208770.212448,-0.234379,27.19494,22.006186,13.987169,0,0.765444,3.55551,-0.890074,-4.70663,-1.608531
05-15-25,9.36,9.47,9.15,9.23,161676,11.022,10.566,8.9912,-0.000317,0.063778,-0.007579,FALSE,TRUE,1.5748,0.059919,-44.44441,22.175138,38.473092,1.211834,-0.438937,-0.327816,24.393524,18.94329,8.206329,12.693492,-28.670789,5.331994,116.599007,7.498956,-4.694287,0.792662,10.746437,1.351553,-38.611863,0.843949,-2910649,-51.224104,-51289608.453364,-0.305736,33.331307,22.90119,13.732342,0,0.847029,3.937844,-0.890316,-4.694287,-1.536892
05-16-25,9.09,9.19,9,9.18,188529,10.851,10.56,8.99505,-0.025725,0.064487,-0.007343,FALSE,TRUE,1.56495,0.053532,-48.826265,21.803192,38.162418,1.105453,-0.488136,-0.301612,23.886646,19.531257,12.224938,11.145528,-27.142857,5.042018,117.31465,7.500261,-4.704832,0.794847,11.92064,1.327396,-38.611863,0.975357,-3099178,22.34278,-51120923.216722,-0.234464,33.10219,21.273531,14.247247,0,0.88814,4.150173,-0.891542,-4.704832,-1.424374
05-20-25,9.02,9.33,9.02,9.14,120020,10.638,10.5628,8.9997,-0.050236,0.065002,-0.00711,FALSE,TRUE,1.5631,0.047807,-47.596123,21.230424,37.898752,-1.225005,-0.52431,-0.270229,23.680656,11.327653,11.872708,9.907139,-31.79104,5.056268,106.800164,7.459391,-4.708191,0.792594,13.015511,1.082434,-38.611863,0.632197,-3219198,-36.479542,-51148024.435581,-0.266413,36.570676,21.517705,5.165161,0,0.888511,4.15192,-0.890277,-4.708191,-1.402619
05-21-25,9.4,9.89,9.17,9.74,435080,10.497,10.5568,9.00385,-0.072366,0.065375,-0.00688,FALSE,TRUE,1.55295,0.043112,-35.540847,19.845695,44.133844,5.660752,-0.498814,-0.195786,32.878579,22.515723,20.098646,35.658919,-22.452234,4.61279,98.372603,7.499963,-4.71658,0.794577,13.573251,1.276617,-38.611863,2.189077,-2784118,69.298416,-50894228.393222,-0.158303,37.884777,31.538042,17.616533,0,0.904446,4.223764,-0.891391,-4.71658,-0.769523
05-22-25,9.8,9.89,9.51,9.68,125788,10.381,10.55,8.99705,-0.091675,0.06559,-0.006655,FALSE,TRUE,1.55295,0.03825,-34.675603,18.559874,43.661754,5.499336,-0.47794,-0.13993,31.88011,17.904997,21.455465,33.333358,-19.333331,4.670897,93.26245,7.501521,-4.718855,0.794725,14.143866,1.245697,-38.611863,0.645895,-2909906,-38.877929,-50907469.218712,-0.158441,42.983056,29.934861,12.895054,0,0.88088,4.114336,-0.891474,-4.718855,-0.751642
05-23-25,10.24,10.4,9.99,10.33,301655,10.3165,10.566,8.9877,-0.107452,0.065673,-0.006433,FALSE,TRUE,1.5783,0.034119,-9.051727,17.828276,49.912514,12.013763,-0.404287,-0.053021,31.928481,20.960187,27.688501,58.527142,-11.101549,4.515281,88.586134,7.53591,-4.722874,0.78793,14.280781,1.537822,-38.611863,1.477571,-2608251,165.693399,-50708817.954326,-0.080244,50.657357,28.734725,16.030827,0,0.981448,4.489434,-0.887654,-4.722874,0.015239
05-26-25,10,10,9.55,9.56,111763,10.237,10.5578,8.9745,-0.119982,0.065586,-0.006217,FALSE,TRUE,1.5833,0.029431,-27.413114,16.617117,43.723687,-0.410157,-0.403399,-0.041707,21.012662,13.674204,16.019426,28.682199,-14.260083,5.230125,87.843824,7.571537,-4.736778,0.784324,14.877092,1.045546,-38.611863,0.560681,-2720014,-46.317084,-50815613.594085,-0.059736,47.392079,17.052755,9.470007,0,0.864917,3.904719,-0.885621,-4.736778,-0.770686
05-27-25,9.68,9.75,9.25,9.26,116878,10.137,10.5618,8.9648,-0.129723,0.065309,-0.006005,FALSE,TRUE,1.597,0.02379,-41.73229,15.907683,41.561441,-2.100313,-0.422038,-0.048276,16.919194,14.74598,16.040103,17.054285,-17.761989,5.461276,86.964664,7.574334,-4.758539,0.785773,13.193856,1.032574,-38.611863,0.589012,-2836892,-13.398044,-50927816.36708,-0.082967,41.803696,12.455485,10.021643,0,0.827323,3.746225,-0.886438,-4.758539,-1.008455
05-28-25,9.26,9.41,9.2,9.34,171996,10.048,10.574,8.9629,-0.136308,0.064867,-0.005797,FALSE,TRUE,1.6111,0.019417,-35.000012,15.318348,42.379748,-7.532767,-0.425449,-0.04135,20.051413,19.897307,18.377697,24.644564,-16.007192,5.261547,85.470587,7.495598,-4.744066,0.781593,11.011352,0.762597,-38.611863,0.845275,-2664896,142.179668,-50870483.846355,-0.054822,44.120106,15.997727,15.010923,0,0.812482,3.681919,-0.884077,-4.744066,-0.828355
05-29-25,9.17,9.5,9.15,9.36,112835,9.9485,10.5804,8.9614,-0.139496,0.064263,-0.005594,FALSE,TRUE,1.619,0.015315,-28.828853,14.618921,42.596155,-1.127532,-0.421679,-0.030064,13.043478,21.086671,14.846627,29.508196,-17.533045,5.143467,80.981008,7.493199,-4.877958,0.799837,10.77491,0.705911,-38.611863,0.582539,-2552061,-63.426888,-50847916.969336,0.015299,50.512737,8.517075,16.546349,0,0.929223,4.400078,-0.894336,-4.877958,-0.726714
05-30-25,9.51,9.76,9.32,9.44,125302,9.859,10.5954,8.9639,-0.138672,0.063481,-0.005396,FALSE,TRUE,1.6315,0.010676,-25.056456,13.617157,43.510106,1.948665,-0.407537,-0.012738,17.267073,23.237595,11.320756,39.240501,-15.939448,5.27391,75.798145,7.468929,-4.87935,0.798421,9.339519,0.889388,-38.611863,0.653956,-2426759,-25.003442,-50904872.572018,-0.01222,56.303634,14.117118,19.208621,0,0.91284,4.321296,-0.893544,-4.87935,-0.552785
06-02-25,9.59,9.59,9.33,9.37,58706,9.79,10.6124,8.96895,-0.135251,0.06252,-0.005204,FALSE,TRUE,1.64345,0.007465,7.096788,12.686949,42.86698,0.487232,-0.397397,-0.002078,6.963466,22.483657,11.680566,34.81014,-12.83721,4.436652,73.506898,7.339941,-4.807712,0.796467,9.169252,0.48153,-38.611863,0.311733,-2485465,-52.808682,-50945515.220531,0.001798,65.996697,1.367852,17.832298,0,0.868002,4.161128,-0.89245,-4.807712,-0.571375
06-03-25,9.29,9.31,9.1,9.13,307689,9.6975,10.6242,8.9746,-0.131112,0.061361,-0.005017,FALSE,TRUE,1.6496,0.003054,0.606075,12.141843,40.648528,-1.947627,-0.404069,-0.007,2.35426,18.880212,11.613689,9.285725,-16.848812,4.506336,69.261434,7.31638,-4.78645,0.79205,9.151568,0.573556,-38.611863,1.542258,-2793154,266.252827,-51165293.876136,-0.069005,62.203374,-5.142348,14.684276,0,0.83908,3.992346,-0.889972,-4.78645,-0.819359
06-04-25,9.09,9.17,9.07,9.12,100034,9.5845,10.6468,8.98015,-0.126193,0.059984,-0.004834,FALSE,TRUE,1.66665,0.000381,-7.142873,11.688757,40.55435,-2.955756,-0.40549,-0.006737,6.791568,21.925132,11.901844,8.571423,-19.859404,4.401629,57.865078,7.165106,-4.712253,0.786601,9.326896,0.154926,-38.611863,0.513116,-2893188,-47.643173,-51165293.876136,-0.114173,57.635508,0.94487,18.039879,0,0.708984,3.400302,-0.886905,-4.712253,-0.80273
06-05-25,9.01,9.36,8.86,9.31,262400,9.499,10.6724,8.98745,-0.121688,0.058401,-0.004654,FALSE,TRUE,1.68495,-0.001962,2.531676,11.642949,43.244882,0.377902,-0.386825,0.009542,-1.79324,24.966452,13.122733,29.220829,-15.517241,4.449899,47.185977,7.169625,-4.76135,0.794706,9.265836,0.239059,-38.611863,1.353279,-2630788,-7.441375,-50955373.075355,0.001743,59.234259,-8.80246,21.108008,0,0.821966,4.016705,-0.891463,-4.76135,-0.400542
06-06-25,9.02,9.04,8.87,8.87,191017,9.4105,10.6842,8.9908,-0.115644,0.056597,-0.004478,FALSE,FALSE,1.6934,-0.005818,-8.73241,11.600413,38.858675,-1.789853,-0.402893,-0.00522,-1.444446,18.424568,10.874999,0.649366,-16.635342,4.839749,40.830172,7.167711,-4.757154,0.79221,9.55362,0.245181,-40.229112,0.996541,-2821805,-18.856014,-51146390.075355,-0.020431,59.270922,-8.058625,14.173411,0,0.80233,3.898167,-0.890062,-4.757154,-1.323776
06-09-25,8.86,8.87,8.71,8.81,409446,9.3235,10.6936,8.9935,-0.10982,0.0546,-0.004306,FALSE,FALSE,1.7001,-0.00899,-9.243701,11.859062,38.288379,-2.265971,-0.415677,-0.014403,-12.250992,16.998674,10.539531,5.917184,-16.492889,4.751095,33.072924,7.144042,-4.753621,0.788096,9.861942,0.049954,-40.633421,2.011346,-3231251,138.490931,-51044026.134864,0.003896,49.533222,-19.977904,13.24855,0,0.766923,3.702018,-0.887748,-4.753621,-1.552628
06-10-25,8.79,8.84,8.7,8.76,137590,9.304,10.6872,8.99415,-0.104214,0.052409,-0.004136,FALSE,FALSE,1.69305,-0.013722,-32.450332,12.118302,37.790636,-5.454246,-0.424944,-0.018937,-12.574852,18.699188,11.308772,3.529437,-4.262289,4.280823,35.22917,7.042652,-4.721423,0.783733,10.555912,0.372245,-40.970349,0.735465,-3368841,-70.561239,-51063681.313576,0.119805,38.046701,-21.540188,14.768676,0,0.799783,3.876511,-0.885287,-4.721423,-1.544174
06-11-25,8.63,8.98,8.53,8.84,261881,9.2905,10.6826,8.9976,-0.097855,0.050028,-0.003969,FALSE,FALSE,1.685,-0.018866,-27.631593,12.688012,39.153574,0.294899,-0.420981,-0.011978,-7.24029,17.086092,11.898735,16.577564,-2.963771,4.298643,36.505905,7.025269,-4.712423,0.781401,11.111256,0.544734,-40.970349,1.363963,-3106960,60.215962,-50964747.850022,0.099932,40.765147,-15.934419,12.468409,0,0.840725,4.063193,-0.883969,-4.712423,-1.234047
06-12-25,8.96,9.02,8.81,8.95,268863,9.271,10.6782,9.0017,-0.09077,0.047467,-0.003805,FALSE,FALSE,1.6765,-0.023309,-55.200026,13.100177,41.065523,2.777143,-0.404303,0.00376,-10.230696,19.174428,13.578676,28.571429,-4.175592,3.838788,37.261376,7.013239,-4.706481,0.780428,5.031342,0.45865,-40.970349,1.354764,-2838097,92.433992,-50875128.478007,0.084059,39.060919,-20.241954,13.939837,0,0.844407,4.078917,-0.883418,-4.706481,-0.861483
06-13-25,9.26,9.77,9.13,9.66,563096,9.2925,10.6944,9.01005,-0.083395,0.044761,-0.003644,FALSE,TRUE,1.68435,-0.027177,4.098338,12.671259,51.630418,13.839782,-0.329991,0.062457,6.62251,30.01346,24.806203,91.128988,4.658725,3.586219,38.240059,7.061961,-4.764688,0.776233,5.877483,0.897745,-40.970349,2.576763,-2275001,248.286697,-50505597.698191,0.179384,52.137717,-1.213179,25.847219,0,0.898317,4.268812,-0.881041,-4.764688,0.961033
06-16-25,9.23,9.23,8.88,8.98,224633,9.2825,10.6554,9.0129,-0.076263,0.041895,-0.003486,FALSE,FALSE,1.6425,-0.032502,-9.929103,11.809155,43.57374,4.420166,-0.322253,0.056156,2.863689,19.893188,16.170757,36.290286,-2.178657,4.080498,38.807043,7.121134,-4.783171,0.769358,6.071206,0.701431,-40.970349,1.019513,-2499634,19.150369,-50601869.508543,0.117788,50.478777,-4.403543,14.353484,0,0.845758,3.925799,-0.877131,-4.783171,-0.779499
06-17-25,9.13,9.63,9.08,9.5,298344,9.3005,10.5808,9.01965,-0.069877,0.038912,-0.003329,FALSE,TRUE,1.56115,-0.036966,4.90797,11.714497,49.999232,8.933709,-0.271037,0.085898,5.088496,26.497999,19.346733,78.225782,3.938727,4.187972,38.945945,7.155905,-4.802912,0.767994,6.022597,0.903441,-40.970349,1.301393,-2201290,148.57857,-50444560.929243,0.153427,57.721259,-2.309205,20.728009,0,0.943565,4.345684,-0.876353,-4.802912,0.512248
06-18-25,9.52,9.57,9.07,9.23,199506,9.275,10.5026,9.0261,-0.064071,0.03582,-0.003176,FALSE,TRUE,1.4765,-0.042858,-3.703706,11.603256,47.006107,-4.624312,-0.24936,0.086059,6.214039,20.49608,17.430018,56.451565,-5.236142,4.426561,37.561877,7.112357,-4.796053,0.761045,6.082605,1.042822,-40.970349,0.917391,-2400796,-54.144985,-50516383.211012,0.086873,52.857139,0.346846,14.2009,0,0.890644,4.066617,-0.872379,-4.796053,-0.119804
06-19-25,9.4,9.7,9.4,9.62,101858,9.272,10.3982,9.0268,-0.058302,0.032637,-0.003024,FALSE,TRUE,1.3714,-0.048112,4.712048,11.755148,51.520552,7.946812,-0.198424,0.109596,12.910791,23.017899,21.772149,87.903187,-0.619839,4.269381,37.244,7.128749,-4.802796,0.760297,6.053086,1.178664,-40.970349,0.470966,-2298938,-19.024072,-50468849.391333,0.101403,52.527841,7.172189,16.90785,0,0.931005,4.234499,-0.87195,-4.802796,0.934378
06-20-25,9.16,9.48,9.11,9.37,252901,9.224,10.351,9.0254,-0.05257,0.029381,-0.002875,FALSE,TRUE,1.3256,-0.053441,0,11.187815,48.659001,-1.340231,-0.176199,0.105457,9.718969,2.741228,19.059721,67.741908,-9.293321,4.573869,27.906607,7.132011,-4.807001,0.756289,6.053086,0.966224,-40.970349,1.182682,-2551839,-16.162172,-50366321.536077,0.080084,49.634264,3.754199,-5.765472,0,0.888409,4.005567,-0.869649,-4.807001,0.523173
06-23-25,9.34,9.7,9.2,9.22,346584,9.207,10.2562,9.02515,-0.046692,0.026062,-0.002728,FALSE,TRUE,1.23105,-0.058974,2.301793,11.117916,46.973202,-0.032905,-0.168744,0.09033,15.394249,-7.707703,13.128843,55.645172,-3.556487,4.826466,26.764266,7.13681,-4.80792,0.756613,5.997634,0.879364,-40.970349,1.536427,-2898423,210.106207,-50685178.181463,0.028911,58.795754,10.448975,-17.409715,0,0.887959,4.003508,-0.869835,-4.80792,0.048573
06-24-25,8.8,8.8,8.61,8.61,234694,9.1745,10.156,9.01835,-0.041309,0.022675,-0.002583,FALSE,FALSE,1.13765,-0.064302,-11.308204,10.862909,40.784956,-10.735595,-0.209641,0.039546,7.222913,2.014219,8.030111,6.451603,-7.019444,5.591507,29.854864,7.105612,-4.823582,0.746726,6.49451,0.306499,-41.981135,1.013934,-3133117,100.802546,-50919872.181463,0.001716,56.869482,1.783098,-7.521151,0,0.804068,3.569409,-0.864133,-4.823582,-1.890815
06-25-25,8.54,8.62,8.46,8.51,282141,9.133,10.0848,9.01435,-0.036477,0.019219,-0.002441,FALSE,FALSE,1.07045,-0.069784,-18.099548,10.905125,39.857947,-8.801054,-0.247271,0.001533,2.777784,7.721521,6.775413,3.816807,-8.886509,5.371833,33.032832,7.107568,-4.803642,0.741209,7.166874,0.267281,-42.654986,1.190589,-3415258,64.03928,-51025674.215617,-0.032744,49.84814,-2.669189,-0.355526,0,0.659919,2.897315,-0.860935,-4.803642,-1.886002
06-26-25,8.49,8.5,8.39,8.45,72844,9.0875,10.0144,9.011,-0.032489,0.015701,-0.002301,FALSE,FALSE,1.0034,-0.075165,-10.396039,11.075828,39.281036,-7.692165,-0.278721,-0.023934,1.318941,13.119144,8.472399,4.347787,-9.722221,5.139478,35.885596,7.107231,-4.800585,0.742051,7.602228,0.200003,-43.059301,0.310006,-3488102,-35.442017,-51019052.493102,-0.036415,51.484777,-4.840519,4.658922,0,0.649716,2.857304,-0.861424,-4.800585,-1.776479
06-27-25,8.4,8.59,8.36,8.43,177155,9.037,9.9242,9.0095,-0.029342,0.012146,-0.002164,FALSE,FALSE,0.9147,-0.08108,-9.500001,11.007884,39.077999,-1.706957,-0.301781,-0.037595,-7.158586,7.66284,8.914736,4.964582,-10.699145,5.210983,37.723505,7.091732,-4.811289,0.740787,7.990244,0.3218,-43.194069,0.745699,-3665257,41.38242,-51088373.248348,-0.03862,59.787606,-14.908528,-0.806743,0,0.604512,2.657815,-0.86069,-4.811289,-1.609076
06-30-25,8.35,8.46,8.34,8.41,81380,8.989,9.8404,9.00825,-0.026734,0.008578,-0.002029,FALSE,FALSE,0.83215,-0.08348,-8.816128,10.987496,38.861668,-0.996279,-0.318004,-0.043055,-7.276735,4.472045,10.949867,4.895083,-10.245465,5.206389,39.336467,6.395347,-4.567321,0.691161,8.342903,-0.625285,-43.328843,0.340926,-3746637,38.622969,-51074810.23839,-0.027083,60.809212,-14.727761,-5.40811,0,0.516851,2.30853,-0.831361,-4.567321,-1.471917
07-02-25,8.41,8.43,8.31,8.4,112469,8.9525,9.7404,9.00705,-0.024903,0.00502,-0.001897,FALSE,FALSE,0.73335,-0.081857,-11.282061,11.036363,38.746171,-0.534866,-0.327889,-0.042351,-8.396951,3.703694,8.808288,6.164329,-7.995624,4.931975,41.297221,5.75323,-4.563171,0.618332,8.752683,-1.66825,-43.39623,0.491256,-3859106,-63.447182,-51018577.079127,0.032042,55.761246,-15.47534,-5.759119,0,0.510232,2.278837,-0.786341,-4.563171,-1.337863
07-03-25,8.3,8.34,8.19,8.34,184837,8.9135,9.656,9.0049,-0.024293,0.001474,-0.001767,FALSE,FALSE,0.6511,-0.080218,-15.844141,11.358038,38.016143,-1.061856,-0.336682,-0.040916,-5.762714,0.603139,13.315217,9.493702,-8.552629,4.967456,43.268165,5.753241,-4.781959,0.648483,9.278364,-1.669811,-43.800539,0.792673,-4043943,84.774177,-50833740.079127,0.071093,49.000719,-12.377036,-8.945165,0,0.730269,3.398583,-0.805285,-4.781959,-1.325454
07-04-25,8.48,8.59,8.46,8.59,96254,8.8775,9.5878,9.0032,-0.024539,-0.002021,-0.001639,FALSE,FALSE,0.5846,-0.07502,-31.563401,10.918412,42.848054,3.986386,-0.319792,-0.019221,-21.408967,9.566326,17.189635,26.4901,-7.733622,4.348912,42.788182,5.494419,-4.62457,0.625407,9.416197,-2.227115,-43.800539,0.428034,-3947689,-63.317835,-50737486.079127,0.048446,39.278827,-32.200299,0.797014,0,0.6406,3.02403,-0.790827,-4.62457,-0.671914
07-07-25,8.43,8.56,8.37,8.43,168808,8.8555,9.524,9.0011,-0.025561,-0.00546,-0.001513,FALSE,FALSE,0.5229,-0.075008,-19.163731,10.737168,40.663278,1.917107,-0.315678,-0.012085,-36.281175,7.38854,14.693883,15.894085,-4.960536,3.956958,43.944307,4.815517,-4.979841,0.511626,9.820042,-1.492018,-43.800539,0.754401,-4116497,-11.626714,-50799678.054231,0.077473,40.296922,-52.10423,-1.449829,0,0.625648,2.951283,-0.71528,-4.979841,-0.96827
07-08-25,8.25,8.27,8.16,8.2,565664,8.825,9.465,8.9997,-0.027559,-0.00884,-0.00139,FALSE,FALSE,0.4653,-0.07141,-50.387587,11.077286,37.688347,-0.327796,-0.327205,-0.01889,-37.595132,-0.606063,10.512126,2.5974,-6.923957,3.736936,46.328911,4.09075,-4.128257,0.323916,10.577584,-3.162391,-44.743937,2.442681,-4682161,38.153505,-50953952.72922,0.019448,26.13578,-54.588728,-9.30494,0,0.253118,1.194593,-0.569136,-4.128257,-1.34905
07-09-25,8.01,8.07,7.91,7.94,483256,8.784,9.3986,8.99725,-0.0297,-0.012151,-0.001269,FALSE,FALSE,0.40135,-0.068495,-50.194529,11.939831,34.606175,-8.241879,-0.353248,-0.035946,-46.495957,-3.170729,8.618333,1.675989,-9.360732,3.670387,50.385248,4.096832,-5.243822,0.391386,11.510667,-3.205176,-46.495957,1.941891,-5165417,251.229014,-51255986.289004,-0.038637,24.203088,-65.595034,-11.395091,0,0.335044,1.664112,-0.625609,-5.243822,-1.675093
07-10-25,7.9,7.94,7.84,7.85,191985,8.7345,9.3332,8.9944,-0.03198,-0.015384,-0.001151,FALSE,FALSE,0.3388,-0.068039,-77.973568,12.886704,33.582372,-7.080905,-0.376806,-0.047603,-33.077577,-5.762305,7.38714,0.537621,-11.199098,3.375798,54.501058,3.855235,-4.82616,0.356175,10.366598,-2.702822,-47.102427,0.782451,-5357402,-26.689985,-51409575.204461,-0.090647,20.196117,-46.892099,-14.462853,0,0.366706,1.881843,-0.596804,-4.82616,-1.622904
07-11-25,8.05,8.05,7.82,7.87,561442,8.6805,9.2636,8.9912,-0.034503,-0.018524,-0.001036,FALSE,FALSE,0.2724,-0.067485,-73.529413,13.380908,34.049304,-3.639043,-0.389374,-0.048137,-43.624643,-9.644089,8.551723,2.65956,-12.067039,3.113089,57.520222,3.856876,-4.923695,0.364881,9.87066,-2.627361,-47.102427,2.159454,-4795960,108.820849,-51726913.404094,-0.163809,33.752649,-60.476993,-19.558024,0,0.306536,1.583139,-0.604054,-4.923695,-1.40907
07-14-25,7.97,8,7.92,8,241866,8.5975,9.199,8.98825,-0.036984,-0.021548,-0.000923,FALSE,FALSE,0.21075,-0.064846,-60.396039,13.839812,37.142623,2.536448,-0.384413,-0.03454,-41.262848,-6.432751,9.289615,18.367329,-17.184264,2.732144,54.541989,3.696056,-4.607413,0.352704,4.780784,-3.203517,-47.102427,0.991534,-4554094,-57.047111,-51485047.404094,-0.200764,30.667218,-56.164799,-17.906153,0,0.196422,1.048579,-0.593889,-4.607413,-1.095486
07-15-25,7.82,7.96,7.82,7.96,107385,8.5465,9.1432,8.98525,-0.039306,-0.024444,-0.000813,FALSE,FALSE,0.15795,-0.062574,-44.827566,14.514679,36.574188,2.991816,-0.379336,-0.023571,-34.051365,-5.011934,10.863513,17.49999,-11.35857,2.360015,55.536875,3.687739,-4.381182,0.335292,5.010848,-3.058105,-47.102427,0.451067,-4661479,-52.195359,-51377662.404094,-0.162935,32.00617,-46.995431,-15.688077,0,0.108052,0.570501,-0.579044,-4.381182,-1.056055
07-16-25,7.91,8.38,7.9,8.01,218142,8.472,9.0838,8.98045,-0.041302,-0.027223,-0.000705,FALSE,FALSE,0.10335,-0.058607,-35.714271,13.695638,37.854496,3.805192,-0.367046,-0.009025,-33.082706,3.354842,9.42623,24.675333,-15.684208,2.630641,51.950985,3.57476,-4.092801,0.298151,5.320063,-3.578182,-47.102427,0.931998,-4443337,-26.882391,-51495822.536712,-0.224572,39.439307,-45.64435,-6.94337,0,0.041355,0.21921,-0.546032,-4.092801,-0.889299
07-17-25,7.97,8.01,7.93,7.99,63786,8.41,9.016,8.97605,-0.043341,-0.029876,-0.000599,FALSE,FALSE,0.03995,-0.055796,-33.823517,12.935101,37.528165,0.385542,-0.354831,0.002552,-38.253477,3.363516,8.707481,22.077871,-13.434451,2.601467,49.782686,3.502122,-3.792388,0.248546,5.62123,-3.197683,-47.102427,0.280659,-4507123,-68.028029,-51463930.107,-0.20846,39.598316,-52.061039,-7.769475,0,0.053563,0.280081,-0.498544,-3.792388,-0.843667
07-18-25,7.91,7.95,7.88,7.88,132299,8.323,8.9532,8.96825,-0.045368,-0.032396,-0.000495,FALSE,FALSE,-0.01505,-0.053861,-37.931028,12.382373,35.705078,-0.86911,-0.349991,0.005913,-37.460318,1.285346,3.684213,7.792201,-18.087316,2.529007,42.141493,3.468344,-3.588803,0.229935,6.019154,-2.99373,-47.102427,0.578244,-4639422,29.885723,-51596229.107,-0.246374,34.516171,-50.333231,-8.341683,0,0.006328,0.033004,-0.479515,-3.588803,-1.05122
07-21-25,7.82,7.83,7.71,7.81,521897,8.245,8.8966,8.96055,-0.047841,-0.03477,-0.000393,FALSE,FALSE,-0.06395,-0.052456,-39.999981,12.377418,34.554677,-3.299819,-0.347795,0.006488,-41.716417,0.385601,-0.382656,11.363624,-16.648879,2.597403,35.68503,3.452629,-3.60123,0.221415,6.465758,-2.832767,-47.371969,2.154423,-5161319,106.36415,-51248297.773667,-0.182043,30.541642,-55.249102,-8.874597,0,-0.019088,-0.099461,-0.470547,-3.60123,-1.218999
07-22-25,7.75,7.98,7.75,7.82,252040,8.175,8.842,8.95085,-0.050111,-0.03701,-0.000293,FALSE,FALSE,-0.10885,-0.051619,-38.666617,11.838712,34.877486,-2.650679,-0.341313,0.010375,-37.738854,0.514138,-3.931206,12.500014,-15.184382,2.694557,28.575845,3.423977,-3.654423,0.231342,6.869933,-2.534034,-47.371969,1.061144,-4909279,-27.278813,-51346921.757994,-0.139304,36.013782,-49.83308,-8.331401,0,0.07089,0.374874,-0.48098,-3.654423,-1.242307
07-23-25,7.72,7.76,7.49,7.52,651403,8.1205,8.8094,8.94165,-0.05212,-0.039112,-0.000195,FALSE,FALSE,-0.13225,-0.050903,-47.126414,12.089875,30.083546,-5.621532,-0.356277,-0.003671,-37.333333,0,-2.716689,2.727291,-12.659695,2.916035,30.191453,3.444305,-3.705369,0.233687,7.594331,-2.889549,-49.326146,2.521371,-5560682,177.554177,-51853567.768827,-0.180702,32.376921,-48.927579,-8.975627,0,-0.018379,-0.096766,-0.483412,-3.705369,-1.988974
07-24-25,7.5,7.51,7.41,7.5,249776,8.07,8.7772,8.92815,-0.05392,-0.041107,-0.000101,FALSE,FALSE,-0.15095,-0.050249,-72.185384,12.53673,29.789575,-4.765102,-0.365536,-0.010344,-35.45611,0.671144,-2.723736,7.826096,-11.868392,2.790477,31.740727,3.443575,-3.694535,0.232778,6.703494,-2.815067,-49.460917,0.972897,-5810458,-11.471215,-51653747.921643,-0.12232,29.044503,-45.789318,-7.524587,0,-0.035731,-0.18805,-0.482471,-3.694535,-1.7958
07-25-25,7.49,7.51,7.42,7.43,113814,8.019,8.739,8.91635,-0.05557,-0.043001,-0.000009,FALSE,FALSE,-0.17735,-0.049119,-70.422494,12.951667,28.731331,-6.146155,-0.374209,-0.015213,-33.363228,0.677503,-14.695754,2.061853,-12.071006,2.691791,33.461529,3.425989,-3.628914,0.225977,5.071301,-3.061325,-49.932616,0.439805,-5924272,56.243479,-51742270.591651,-0.139735,29.535233,-44.231767,-7.874618,0,-0.051991,-0.273822,-0.47537,-3.628914,-1.760231
07-28-25,7.32,7.33,7.18,7.19,300323,7.957,8.6982,8.90465,-0.057295,-0.044784,0.000079,FALSE,FALSE,-0.20645,-0.048367,-70.629315,13.975496,25.399773,-4.683772,-0.395884,-0.029511,-36.145649,-8.524174,-18.109336,0.833352,-14.709374,2.761773,36.769697,3.44187,-3.484935,0.209561,4.292554,-3.214227,-51.549865,1.133545,-6224595,69.525557,-52002549.63393,-0.172524,31.832466,-46.224813,-16.957958,0,-0.128553,-0.66689,-0.457778,-3.484935,-2.085957
07-29-25,7.12,7.39,7.07,7.35,204896,7.904,8.6616,8.8927,-0.058912,-0.046487,0.000164,FALSE,FALSE,-0.2311,-0.047943,-44.360884,15.192471,31.132965,1.34339,-0.395592,-0.023375,-33.902878,-3.162059,-11.124553,21.374026,-12.604042,2.730807,37.528097,3.42912,-3.364208,0.187604,4.818812,-2.724701,-51.549865,0.755747,-6019699,151.776849,-51848877.63393,-0.142755,39.454189,-43.918378,-11.34728,0,-0.072221,-0.370935,-0.433132,-3.364208,-1.476227
07-30-25,7.33,7.49,7.26,7.39,190906,7.8535,8.6266,8.88185,-0.060194,-0.048085,0.000247,FALSE,FALSE,-0.25525,-0.046874,-35.937484,15.875269,32.529006,3.797674,-0.387663,-0.012357,-34.889871,-2.763158,-9.325151,24.427459,-12.023807,2.841678,37.297213,3.413885,-3.257911,0.181524,5.216841,-2.860497,-51.549865,0.694105,-5828793,69.740995,-51823977.023403,-0.146416,44.399722,-44.608212,-10.15138,0,-0.127921,-0.657494,-0.426057,-3.257911,-1.242721
07-31-25,7.23,7.46,7.16,7.42,198604,7.8075,8.5802,8.87115,-0.061097,-0.04962,0.000328,FALSE,FALSE,-0.29095,-0.044878,-34.883681,16.772397,33.615932,8.216158,-0.374641,0.000533,-33.926978,-1.329786,-11.771698,26.717551,-11.031176,2.897574,36.648944,3.371015,-3.151632,0.175755,5.556309,-3.150934,-51.549865,0.720291,-5630189,7.448184,-51678334.005891,-0.153157,32.556736,-43.299372,-7.049087,0,-0.204158,-1.058955,-0.419231,-3.151632,-1.057329
08-01-25,7.62,8.15,7.62,8,1279528,7.778,8.5466,8.86415,-0.061327,-0.05106,0.000407,FALSE,FALSE,-0.31755,-0.042322,0,15.990164,50.289235,19.15627,-0.3139,0.049018,-25.581395,2.171138,-2.557857,70.992356,-6.868453,3.223214,32.112635,3.526871,-3.541809,0.218659,5.556309,-2.187994,-51.549865,3.82073,-4350661,1229.324496,-51123065.660977,-0.057568,48.587871,-32.87036,-3.539108,0,-0.066365,-0.337932,-0.46761,-3.541809,0.691317
08-05-25,7.56,7.76,7.46,7.57,551940,7.735,8.4914,8.8552,-0.060865,-0.0524,0.000484,FALSE,FALSE,-0.3638,-0.040947,-18.309848,14.904224,41.889139,9.360133,-0.297037,0.052706,-31.056462,-4.659948,-15.039278,38.167941,-10.201662,3.74599,28.474365,3.563032,-3.308318,0.236215,5.744568,-2.308858,-51.549865,1.558943,-4902601,226.963177,-51270249.427035,-0.066456,44.299851,-40.768474,-13.816617,0,-0.03982,-0.203,-0.48602,-3.308318,-0.579468
08-06-25,7.59,7.59,7.31,7.32,494167,7.691,8.4466,8.8461,-0.059828,-0.053665,0.000558,FALSE,FALSE,-0.3995,-0.039964,-29.613731,14.316145,37.922997,4.307065,-0.300382,0.039488,-35.676625,-5.181342,-33.69565,23.14816,-10.731703,3.678766,27.699326,3.581115,-3.159812,0.239657,6.089639,-2.478698,-51.549865,1.410001,-5396768,-12.639482,-51729118.002728,-0.110589,37.749983,-47.312178,-16.191664,0,-0.031365,-0.159449,-0.489548,-3.159812,-1.339382
08-07-25,7.27,7.47,7.16,7.44,434298,7.666,8.4102,8.83755,-0.058091,-0.054804,0.00063,FALSE,FALSE,-0.42735,-0.040977,-22.633735,14.170288,40.819481,-9.469754,-0.290008,0.03989,-32.486391,-1.846964,-39.016392,34.259266,-6.297229,3.840245,27.589853,3.177583,-2.684836,0.223254,6.370446,-1.552067,-51.549865,1.247894,-4962470,-10.130862,-51378876.947469,-0.017655,35.361848,-42.466894,-10.79988,0,0.064514,0.365692,-0.472498,-2.684836,-0.819142
08-08-25,7.28,7.28,7.11,7.12,443089,7.6295,8.3658,8.8277,-0.055975,-0.05581,0.0007,FALSE,FALSE,-0.4619,-0.042488,-28.787884,14.167042,35.996116,-5.893023,-0.304102,0.020637,-33.08271,-5.444891,-41.639344,4.629606,-9.299363,4.233547,29.770129,3.219396,-2.655489,0.212782,7.004622,-1.849452,-52.021565,1.228823,-5405559,130.793552,-51769839.14576,-0.049956,33.671699,-42.577075,-14.509873,0,-0.015189,-0.084415,-0.461284,-2.655489,-1.711447
08-11-25,7.1,7.18,7.04,7.16,281298,7.594,8.3218,8.81595,-0.053557,-0.056692,0.000767,FALSE,FALSE,-0.49415,-0.043432,-24.904217,14.353116,36.998258,-0.924739,-0.308488,0.013001,-32.132704,-7.85071,-36.071429,10.810804,-9.021602,4.179968,30.960759,3.199506,-2.701212,0.222283,7.519098,-2.023267,-52.021565,0.811656,-5124261,-49.897229,-51568912.002903,0.022795,35.300358,-41.475924,-17.442708,0,-0.053836,-0.302888,-0.471469,-2.701212,-1.401775
08-12-25,7.04,7.04,6.84,6.84,358674,7.536,8.2698,8.803,-0.051645,-0.057443,0.000832,FALSE,FALSE,-0.5332,-0.044967,-33.561649,15.040923,32.600585,-8.218896,-0.333935,-0.009958,-25.245897,-10.118265,-29.62963,0,-14.499998,4.469506,33.698978,3.241155,-2.805881,0.226182,8.437599,-2.265955,-53.908355,1.017765,-5482935,48.29451,-51927586.002903,-0.062787,30.293702,-33.967713,-19.148042,0,-0.122968,-0.684655,-0.475586,-2.805881,-2.065344
08-13-25,6.78,6.83,6.74,6.79,288805,7.4775,8.2182,8.78805,-0.049777,-0.058051,0.000894,FALSE,FALSE,-0.56985,-0.046535,-27.340829,15.921608,31.961331,-4.034785,-0.354056,-0.024063,-25.466518,-10.540187,-29.710144,3.546113,-14.698493,4.260466,36.026125,3.241341,-2.807092,0.226383,9.217486,-2.281276,-54.245284,0.798942,-5771740,168.943521,-51895495.878396,-0.071626,32.55089,-34.193584,-19.743706,0,-0.125574,-0.699217,-0.475797,-2.807092,-1.908337
08-14-25,6.89,6.92,6.79,6.82,141764,7.418,8.172,8.7757,-0.048328,-0.058508,0.000955,FALSE,FALSE,-0.6037,-0.04799,-25.37313,16.362647,32.812612,-4.185646,-0.363392,-0.026719,-26.980727,-10.026382,-23.713641,5.673788,-14.85643,4.262672,36.591053,3.243386,-2.804211,0.227453,9.884941,-2.208253,-54.245284,0.396359,-5629976,-35.012973,-51971829.939945,-0.066544,35.774017,-35.010165,-19.366016,0,-0.135221,-0.752978,-0.47692,-2.804211,-1.634279
08-15-25,6.79,6.85,6.765,6.8,100530,7.3585,8.1256,8.7633,-0.047123,-0.058784,0.001013,FALSE,FALSE,-0.6377,-0.048331,-23.954362,16.84027,32.52049,-0.080095,-0.368161,-0.02519,-26.327188,-8.355794,-18.660281,4.255349,-14.893612,4.269957,36.475333,3.110649,-2.539217,0.188812,10.495587,-2.885771,-54.245284,0.279636,-5730506,57.605117,-51989569.798352,-0.073107,35.924665,-33.321057,-16.946368,0,-0.23724,-1.344242,-0.434525,-2.539217,-1.531171
08-18-25,6.85,6.85,6.615,6.64,128587,7.2965,8.0722,8.74885,-0.046597,-0.05888,0.001069,FALSE,FALSE,-0.67665,-0.048873,-21.568633,17.686503,30.203835,-1.757497,-0.380465,-0.029996,-27.668849,-10.391363,-17.000002,1.628671,-15.736044,4.356712,37.663713,3.119347,-2.520921,0.185253,11.112051,-3.025046,-55.256066,0.357865,-5859093,-2.805766,-52090797.77336,-0.068821,37.174245,-34.367096,-19.877758,0,-0.277194,-1.562822,-0.430411,-2.520921,-1.743057
08-19-25,6.57,6.81,6.56,6.78,500973,7.245,8.0304,8.73155,-0.046494,-0.058796,0.001122,FALSE,FALSE,-0.70115,-0.047914,-22.529626,18.61552,34.594322,1.78171,-0.374602,-0.019305,-25.820569,-8.254393,-15.355805,13.836498,-13.188217,4.193004,37.313042,2.990838,-2.466326,0.192858,11.635028,-3.562519,-55.256066,1.398308,-5358120,-4.00922,-51710057.223166,-0.064443,40.152853,-32.200773,-16.935549,0,-0.360279,-2.128487,-0.439156,-2.466326,-1.246213
08-20-25,6.76,6.98,6.7,6.74,290127,7.191,7.989,8.71475,-0.046764,-0.058532,0.001173,FALSE,FALSE,-0.72575,-0.048129,-25.691692,18.679207,33.93745,1.41696,-0.368929,-0.010907,-30.800822,-8.049115,-14.140129,11.320746,-13.810747,4.270878,36.356277,2.854549,-2.260429,0.173823,12.204086,-3.096413,-55.256066,0.805517,-5648247,15.11149,-51917290.935761,-0.079179,40.997029,-38.520327,-17.212641,0,-0.289495,-1.771199,-0.41692,-2.260429,-1.240502
08-21-25,6.84,6.93,6.77,6.84,164136,7.157,7.9506,8.70035,-0.0469,-0.058114,0.001221,FALSE,FALSE,-0.74975,-0.048532,-22.307678,18.738345,37.150373,6.946538,-0.352304,0.004575,-29.338844,-6.811989,-16.585362,17.61008,-9.042551,4.093567,36.297164,2.845622,-2.14396,0.154388,12.657137,-2.676413,-55.256066,0.488774,-5484111,-74.802695,-51937807.446597,-0.012543,44.167218,-37.397177,-16.972326,0,-0.235717,-1.429975,-0.392923,-2.14396,-0.873346
08-22-25,6.8,6.8,6.28,6.28,575237,7.096,7.8994,8.686,-0.047256,-0.057565,0.001266,FALSE,FALSE,-0.7866,-0.049583,-66.666624,20.072278,28.725198,-5.869125,-0.379936,-0.018445,-39.206193,-19.795654,-24.06288,0,-16.266664,4.265242,40.264125,3.009241,-2.425797,0.183913,9.421693,-3.326668,-57.68194,1.633802,-6059348,130.30115,-52513044.446597,-0.12203,22.283883,-48.345974,-32.421094,0,-0.321283,-1.87613,-0.428851,-2.425797,-2.026618
08-25-25,6.35,6.36,6.26,6.3,118041,7.0395,7.8464,8.6766,-0.047761,-0.056884,0.001309,FALSE,FALSE,-0.8302,-0.050397,-58.525304,21.354221,29.341518,-4.595933,-0.395659,-0.027335,-34.100419,-20.253163,-26.99884,3.007516,-15.208609,3.752835,43.155133,3.009758,-2.38826,0.182766,9.046764,-3.316924,-57.68194,0.335062,-5941307,3.713954,-52536652.646597,-0.112744,24.853082,-41.74972,-32.165276,0,-0.339264,-1.979401,-0.427512,-2.38826,-1.713585
08-26-25,6.35,6.35,6.245,6.26,101540,6.993,7.7784,8.66765,-0.048435,-0.056051,0.00135,FALSE,FALSE,-0.88925,-0.050971,-54.081589,22.578956,28.805038,-8.345335,-0.40666,-0.030669,-32.397407,-20.959594,-23.190178,1.224518,-12.934629,3.577134,46.340951,3.003583,-2.324975,0.177077,9.981268,-3.454958,-57.81671,0.296591,-6042847,-66.189736,-52609180.559277,-0.088596,27.646309,-39.987005,-33.351678,0,-0.338089,-1.969753,-0.420805,-2.324975,-1.581754
08-27-25,6.28,6.34,6.25,6.29,74762,6.94,7.7246,8.65945,-0.049254,-0.055161,0.001388,FALSE,FALSE,-0.93485,-0.051438,-61.497288,23.71621,29.841124,1.115927,-0.408252,-0.025808,-32.655248,-19.151674,-22.632228,4.347832,-14.421768,3.310244,48.072311,3.007002,-2.367299,0.178035,7.704743,-3.343621,-57.81671,0.222605,-5968085,-63.512221,-52617487.624211,-0.114427,32.710606,-40.647238,-31.52132,0,-0.330467,-1.924277,-0.421942,-2.367299,-1.35213
08-28-25,6.18,6.28,6.17,6.22,101674,6.8815,7.659,8.65075,-0.050256,-0.054326,0.001424,FALSE,FALSE,-0.99175,-0.052255,-55.555516,24.973442,28.788363,-0.553155,-0.41043,-0.02239,-33.547008,-24.879227,-22.152691,4.950468,-15.832207,3.10634,49.408368,2.996928,-2.384598,0.181948,8.464751,-3.226985,-58.086255,0.306812,-6069759,-46.741328,-52626731.356203,-0.12112,36.560012,-41.68468,-37.911645,0,-0.304909,-1.785682,-0.426553,-2.384598,-1.338843
08-29-25,6.19,6.37,6.15,6.32,195446,6.8265,7.6008,8.643,-0.051309,-0.053539,0.001458,FALSE,FALSE,-1.0422,-0.052764,-49.999929,25.610163,32.454419,3.649381,-0.399483,-0.009154,-33.050843,-21.490683,-24.851364,19.101135,-14.824796,3.147604,49.220529,3.0098,-2.329514,0.170942,5.466072,-3.06223,-58.086255,0.59006,-5874313,-1.590099,-52520124.023494,-0.12707,43.812553,-41.936442,-33.80613,0,-0.24447,-1.416104,-0.413451,-2.329514,-1.029042
09-02-25,6.59,6.76,6.51,6.52,305414,6.7525,7.5388,8.6368,-0.052409,-0.052875,0.001489,FALSE,FALSE,-1.098,-0.052467,-20.512807,24.317253,39.196434,9.35531,-0.370399,0.015944,-30.416221,-25.570778,-19.999996,44.578304,-18.5,3.182516,41.105609,3.029098,-2.324871,0.167955,5.607255,-2.948283,-58.086255,1.081015,-5568899,-76.130729,-52801105.509326,-0.296972,54.692812,-38.421926,-39.620066,0,-0.224369,-1.289069,-0.409823,-2.324871,-0.565616
09-03-25,6.49,6.49,6.34,6.35,165751,6.6915,7.4784,8.63015,-0.053518,-0.052194,0.001518,FALSE,FALSE,-1.15175,-0.053039,-26.190453,23.675971,35.914936,7.126574,-0.356952,0.023513,-30.449071,-28.811661,-20.025191,24.096365,-16.116252,3.357705,37.202539,2.991668,-2.299662,0.169135,5.921892,-2.797794,-58.086255,0.629716,-5734650,-69.969381,-52944756.867775,-0.318087,57.220678,-39.093804,-45.601064,0,-0.188234,-1.095773,-0.41126,-2.299662,-0.917948
09-04-25,6.3,6.31,6.17,6.17,151810,6.634,7.4174,8.61995,-0.054573,-0.051612,0.001544,FALSE,FALSE,-1.20255,-0.053868,-35.519105,23.585741,32.785178,0.33076,-0.356708,0.019005,-32.34649,-27.751755,-34.915608,2.409636,-15.710383,3.513545,35.839406,3.006623,-2.36864,0.177698,6.474268,-2.973794,-58.423181,0.616869,-5886460,-69.279616,-53096566.867775,-0.277826,52.311191,-42.141927,-43.9666,0,-0.176835,-1.029614,-0.421542,-2.36864,-1.294664
09-05-25,6.03,6.34,6,6.2,211976,6.572,7.3692,8.6112,-0.05532,-0.051117,0.001567,FALSE,FALSE,-1.242,-0.054586,-32.608697,23.959443,33.820298,-5.376137,-0.350059,0.020524,-33.404946,-34.599155,-35.751295,20.408143,-16.66667,3.790323,31.642076,3.00958,-2.356461,0.175668,6.938673,-2.878236,-58.423181,0.902096,-5674484,-51.191118,-53059159.688114,-0.357535,50.680528,-43.555624,-52.470537,0,-0.159355,-0.925784,-0.419128,-2.356461,-1.17565
09-08-25,6.13,6.17,6.06,6.17,149716,6.5245,7.3224,8.601,-0.055676,-0.050639,0.001587,FALSE,FALSE,-1.2786,-0.055076,-27.48536,24.306453,33.268546,-2.646391,-0.343253,0.021863,-30.439683,-31.444444,-33.441211,17.346946,-13.342694,3.698772,30.074425,3.003624,-2.377431,0.179623,7.374818,-3.007007,-58.423181,0.67956,-5824200,-66.210852,-52909443.688114,-0.258633,50.53829,-40.049031,-48.303551,0,-0.199837,-1.166067,-0.423819,-2.377431,-1.178742
09-09-25,6.1,6.16,6.03,6.04,380459,6.4685,7.2742,8.5885,-0.055732,-0.050181,0.001605,FALSE,FALSE,-1.3143,-0.055443,-43.529419,24.71315,30.914878,-1.8703,-0.34438,0.01659,-31.441547,-39.840638,-39.418257,4.081629,-15.642457,3.648297,27.972311,3.000792,-2.382553,0.18071,8.006497,-3.305325,-59.299192,1.688894,-6204659,35.251228,-53231371.82244,-0.368991,35.69359,-41.562072,-58.470079,0,-0.257387,-1.50429,-0.4251,-2.382553,-1.531872
09-10-25,5.96,6.04,5.93,5.99,240662,6.426,7.2254,8.5764,-0.055617,-0.049796,0.001621,FALSE,FALSE,-1.351,-0.054528,-43.859648,25.372219,30.034746,-3.785551,-0.345327,0.012514,-31.621009,-40.219566,-35.660585,5.999994,-12.426906,3.476031,28.483425,2.78338,-2.139295,0.166386,8.659209,-4.396266,-59.636121,1.097057,-6445321,-32.902301,-53209494.027844,-0.292179,26.074521,-41.715396,-60.184284,0,-0.416012,-2.598672,-0.407904,-2.139295,-1.530716
09-11-25,5.94,5.94,5.85,5.86,162833,6.3795,7.1744,8.56535,-0.055422,-0.049477,0.001634,FALSE,FALSE,-1.39095,-0.054774,-56.321863,26.202437,27.817313,-5.451233,-0.352503,0.00427,-33.710407,-38.509965,-35.745612,1.052655,-13.69661,3.492198,29.789572,2.665535,-2.093444,0.177831,5.312565,-4.107335,-60.512129,0.764216,-6608154,-43.618358,-53336141.149871,-0.338066,20.196369,-44.245641,-58.655276,0,-0.32457,-2.131789,-0.4217,-2.093444,-1.743898
09-12-25,5.86,5.86,5.8,5.84,158838,6.3305,7.1232,8.5556,-0.055215,-0.049267,0.001644,FALSE,FALSE,-1.4324,-0.053998,-36.666692,27.109214,27.481162,-3.433716,-0.355704,0.000855,-34.7486,-41.424273,-33.104233,4.166663,-14.369501,2.892612,30.219331,2.527457,-1.928971,0.170519,5.918195,-4.973618,-60.6469,0.742492,-6766992,12.04396,-53283195.149871,-0.3065,23.803472,-44.535026,-62.2017,0,-0.46236,-3.188552,-0.41294,-1.928971,-1.623133
09-15-25,5.8,5.92,5.78,5.91,141042,6.286,7.0746,8.5465,-0.054947,-0.049127,0.001653,FALSE,FALSE,-1.4719,-0.053362,-31.200051,27.578694,30.64036,0.605613,-0.348575,0.006388,-38.819876,-34.768217,-31.755197,13.265269,-13.08824,2.906695,29.485769,2.525304,-1.885617,0.164475,6.361136,-4.554512,-60.6469,0.65312,-6625950,40.298418,-53162302.487401,-0.271527,28.956695,-49.652556,-54.2854,0,-0.386367,-2.657092,-0.405555,-1.885617,-1.275192
09-16-25,5.92,6.01,5.91,6.01,149786,6.2545,7.023,8.53825,-0.054496,-0.049027,0.001658,FALSE,FALSE,-1.51525,-0.051716,-19.083977,27.468579,34.99698,7.179667,-0.331039,0.019139,-33.073491,-31.156924,-30.439815,23.469389,-9.487947,2.852388,28.863518,2.461791,-1.83656,0.164938,6.610488,-4.944277,-60.6469,0.690223,-6476164,16.486114,-53012516.487401,-0.212367,34.10676,-43.246532,-49.336495,0,-0.439903,-3.104176,-0.406126,-1.83656,-0.847089
09-17-25,5.95,5.96,5.71,5.8,468009,6.2055,6.9704,8.529,-0.053991,-0.048961,0.00166,FALSE,FALSE,-1.5586,-0.050638,-32.885896,28.002314,30.643964,3.162802,-0.33028,0.015918,-38.947366,-35.840706,-33.865452,8.571442,-14.454277,3.214285,27.770628,2.475857,-1.8519,0.165403,7.177754,-5.011875,-60.916441,2.173118,-6944173,-6.579995,-53143558.436101,-0.332811,27.293094,-49.469745,-54.539199,0,-0.44786,-3.143248,-0.406697,-1.8519,-1.460175
09-18-25,5.67,5.77,5.66,5.76,426312,6.1565,6.9216,8.5194,-0.053476,-0.048909,0.00166,FALSE,FALSE,-1.5978,-0.049681,-31.506829,28.643812,29.881556,-0.758804,-0.329112,0.013669,-37.594794,-33.71691,-35.49832,9.090941,-14.540053,3.261409,26.458059,2.473441,-1.835799,0.162869,7.727425,-4.919302,-61.185983,1.918836,-7370485,46.939788,-52794755.692817,-0.197474,24.823338,-48.591201,-51.22569,0,-0.43537,-3.053942,-0.403571,-1.835799,-1.498598
09-19-25,5.73,5.84,5.72,5.77,169794,6.103,6.8782,8.51085,-0.052706,-0.048878,0.001656,FALSE,FALSE,-1.63265,-0.049549,-40.146031,28.797305,30.348097,-4.648882,-0.323649,0.015305,-40.02079,-32.276999,-34.802263,10.000009,-15.643277,3.131964,22.419679,2.352926,-1.617807,0.144091,8.276018,-4.407801,-61.185983,0.763273,-7200691,3.447141,-52823054.580367,-0.198972,23.885113,-52.351477,-51.053898,0,-0.34752,-2.534301,-0.379593,-1.617807,-1.485303
09-22-25,5.81,5.87,5.78,5.87,165010,6.0825,6.8386,8.50295,-0.051607,-0.048858,0.00165,FALSE,FALSE,-1.66435,-0.049265,-51.181149,28.748956,35.005357,4.361392,-0.307704,0.025001,-37.353256,-31.264638,-30.778299,25.301212,-6.528667,2.664883,22.589877,2.3716,-1.664577,0.144506,6.438008,-4.05018,-61.185983,0.817109,-7035681,-71.314432,-52658044.580367,-0.035901,19.60807,-50.3216,-50.971284,0,-0.257243,-1.861633,-0.380139,-1.664577,-0.940687
09-23-25,5.85,6.03,5.85,5.95,310403,6.065,6.8002,8.49525,-0.050126,-0.048859,0.001641,FALSE,FALSE,-1.69505,-0.048805,-33.898345,27.742913,38.545538,8.663982,-0.285322,0.037906,-35.466381,-25.531915,-29.418747,42.647034,-5.555561,2.629053,22.168016,2.384876,-1.715207,0.153222,4.616234,-3.798221,-61.185983,1.467197,-6725278,162.962022,-52623556.271795,-0.020539,28.283756,-47.395347,-42.996075,0,-0.244787,-1.770669,-0.391436,-1.715207,-0.518766
09-24-25,5.92,6.04,5.87,5.88,559241,6.046,6.7578,8.487,-0.048186,-0.048881,0.001629,FALSE,FALSE,-1.7292,-0.048355,-27.102832,26.75124,36.663728,6.315631,-0.270119,0.042487,-31.707313,-26.774591,-30.16627,32.352966,-6.070289,2.648204,22.036807,2.385838,-1.697805,0.150064,4.816189,-3.900906,-61.185983,2.385363,-7284519,450.759307,-53117002.736616,-0.108302,25.214355,-42.874249,-43.988803,0,-0.263893,-1.904558,-0.387381,-1.697805,-0.753285
09-25-25,6.05,6.05,5.82,5.96,671260,6.0295,6.7178,8.4799,-0.045894,-0.0489,0.001614,FALSE,FALSE,-1.7621,-0.047665,-21.428571,26.054492,40.253698,5.248342,-0.248748,0.051086,-29.964749,-28.019321,-29.964749,58.82354,-5.246422,2.480826,21.338064,2.398503,-1.748083,0.157256,4.499681,-3.704058,-61.185983,2.540036,-6613259,797.86255,-52971077.496757,-0.066899,38.717372,-41.683923,-45.823808,0,-0.250764,-1.807911,-0.396555,-1.748083,-0.325709
09-26-25,5.92,5.98,5.72,5.72,349219,6.0045,6.672,8.47075,-0.043513,-0.048939,0.001597,FALSE,FALSE,-1.79875,-0.04725,-33.834622,25.838764,34.02323,-4.522308,-0.248315,0.041216,-32.307693,-31.414872,-33.410947,11.999989,-8.038585,2.734767,21.910042,2.439481,-1.705587,0.144942,3.043193,-4.065676,-61.455527,1.262318,-6962478,243.469324,-53320296.496757,-0.125351,37.042673,-43.25205,-49.192801,0,-0.32577,-2.292539,-0.380712,-1.705587,-1.298492
09-29-25,5.69,5.82,5.69,5.79,103559,5.978,6.628,8.46215,-0.041061,-0.049016,0.001577,FALSE,FALSE,-1.83415,-0.046673,-19.685047,25.764671,37.082101,0.418373,-0.239562,0.039975,-31.316729,-36.23348,-32.359817,33.333333,-8.386079,2.689368,21.082792,2.450866,-1.6318,0.132072,2.816361,-3.837572,-61.455527,0.380655,-6858919,-47.014009,-53264534.250489,-0.136813,39.696262,-43.250926,-56.842512,0,-0.303695,-2.111429,-0.363417,-1.6318,-0.891723
09-30-25,5.83,5.83,5.74,5.75,74875,5.9395,6.5854,8.45375,-0.039051,-0.049118,0.001555,FALSE,FALSE,-1.86835,-0.045596,-19.047612,25.622998,36.053464,-4.200235,-0.233165,0.037098,-31.629012,-36.604188,-35.897438,23.076942,-11.809816,2.683232,17.367465,2.405535,-1.599811,0.131568,3.043155,-4.315567,-61.455527,0.287397,-6933794,-75.484097,-53322770.008976,-0.100117,43.32763,-43.150311,-56.434967,0,-0.365148,-2.585771,-0.362723,-1.599811,-1.091121
10-01-25,5.79,5.85,5.71,5.72,116814,5.908,6.5436,8.4449,-0.037232,-0.049229,0.00153,FALSE,FALSE,-1.9013,-0.044682,-12.068997,25.63153,35.263383,1.240154,-0.227889,0.033899,-31.904761,-37.622685,-35.512967,15.384587,-9.921262,2.697305,15.094788,2.400188,-1.63174,0.136682,3.237121,-4.177373,-61.455527,0.452626,-7050608,-29.524407,-53422896.692557,-0.092634,43.873269,-43.567359,-57.189196,0,-0.327879,-2.333902,-0.369705,-1.63174,-1.245464
10-02-25,5.7,5.81,5.7,5.8,154450,5.8895,6.5032,8.43635,-0.035407,-0.049343,0.001502,FALSE,FALSE,-1.93315,-0.043875,-3.278685,25.688,39.096227,2.014126,-0.214776,0.037609,-30.455634,-34.463278,-38.559317,35.897492,-5.996757,2.721677,13.937736,2.397753,-1.744177,0.15327,3.28322,-3.726234,-61.455527,0.59815,-6896158,1.739016,-53296527.780352,-0.03872,47.883838,-41.523441,-52.877466,0,-0.222571,-1.601367,-0.391497,-1.744177,-0.64214
10-03-25,5.81,5.85,5.75,5.77,141135,5.868,6.4682,8.4269,-0.033748,-0.049395,0.001473,FALSE,FALSE,-1.9587,-0.043425,-11.864388,25.39792,38.183248,2.129784,-0.204449,0.038349,-32.828872,-47.209517,-38.288773,28.205138,-6.935481,2.686311,12.090014,2.372881,-1.633713,0.146187,3.423571,-3.46943,-61.455527,0.554186,-7037293,-33.419349,-53381208.780352,-0.063228,47.859057,-45.281013,-71.796741,0,-0.171005,-1.23809,-0.382344,-1.633713,-0.810587
10-06-25,5.76,5.82,5.74,5.75,188211,5.847,6.4332,8.41655,-0.032081,-0.049383,0.001441,FALSE,FALSE,-1.98335,-0.04304,-23.636376,25.185151,37.553643,2.29026,-0.195623,0.03774,-31.791224,-56.538169,-41.086067,23.076942,-6.807132,2.67081,10.042541,2.371509,-1.630649,0.145261,2.872371,-3.383648,-61.455527,0.733493,-7225504,25.712015,-53522366.188987,-0.119434,43.529906,-44.483578,-87.061896,0,-0.170114,-1.231685,-0.381132,-1.630649,-0.965891
10-07-25,5.74,5.89,5.72,5.86,286032,5.838,6.4018,8.40025,-0.030408,-0.049314,0.001406,FALSE,FALSE,-1.99845,-0.042324,5.999991,24.368415,43.109875,4.013648,-0.177704,0.044528,-28.536582,-55.403349,-37.393159,51.282079,-2.98013,2.462216,8.9713,2.389923,-1.681085,0.154443,2.817237,-3.174,-61.455527,1.135614,-6939472,-24.819232,-53337285.715695,-0.021025,53.318887,-41.080567,-87.072603,0,-0.139051,-1.004428,-0.392993,-1.681085,0.245228
10-08-25,5.84,5.87,5.74,5.76,135211,5.8265,6.3732,8.3791,-0.028621,-0.049187,0.001368,FALSE,FALSE,-2.0059,-0.04144,0,23.610018,39.655513,1.472265,-0.169616,0.042092,-27.455917,-61.185983,-43.529408,19.444485,-3.839725,2.492561,8.374619,2.378879,-1.7611,0.16875,2.817237,-3.562244,-59.02579,0.548297,-7074683,-43.817055,-53430892.415479,-0.04489,57.729056,-39.923925,-95.134342,0,-0.195331,-1.429665,-0.410792,-1.7611,-0.794064
10-09-25,5.74,5.86,5.72,5.77,189199,5.822,6.3416,8.36575,-0.026732,-0.049001,0.001328,FALSE,FALSE,-2.02415,-0.040483,0,23.047027,40.171776,2.618133,-0.16055,0.040927,-26.496815,-50.809887,-41.062308,22.222193,-1.535839,2.513,8.426776,2.380554,-1.798776,0.174857,2.817237,-3.484873,-59.02579,0.763145,-6885484,16.19205,-53484949.088506,-0.030011,52.544681,-37.771482,-77.456618,0,-0.175351,-1.287256,-0.41816,-1.798776,-0.617081
10-10-25,5.78,6.54,5.73,6.48,1230601,5.854,6.3234,8.35865,-0.024321,-0.04872,0.001286,TRUE,FALSE,-2.03525,-0.038155,36.526942,24.049697,63.831783,20.721908,-0.094978,0.085199,-17.662006,-53.581662,-32.004195,92.941182,10.958902,3.020284,16.968703,2.896332,-2.590368,0.276315,10.087346,-1.797623,-58.002938,4.081485,-5654883,674.752263,-52436659.186778,0.140384,64.409089,-27.732466,-82.201581,0,0.081403,0.524466,-0.525656,-2.590368,3.689145
10-14-25,6.43,6.56,6.08,6.28,686570,5.8725,6.3006,8.3527,-0.021632,-0.048386,0.001241,FALSE,FALSE,-2.0521,-0.036104,18.435772,25.044781,56.994303,17.33879,-0.058477,0.09736,-21.499997,-53.891334,-35.52361,67.816118,6.260582,3.45769,19.4473,2.918365,-2.639039,0.297524,9.882139,-2.041225,-57.313433,2.088206,-6341453,386.784079,-52551086.724391,0.092951,67.41813,-32.489826,-81.420813,0,0.062552,0.40596,-0.545458,-2.639039,2.095407
10-15-25,6.09,6.49,6.08,6.34,297231,5.889,6.2674,8.34525,-0.018583,-0.047993,0.001194,TRUE,FALSE,-2.07785,-0.034047,25.842689,25.968787,58.432822,18.261045,-0.024426,0.105129,-20.351757,-47.473071,-33.68201,74.712664,5.490847,3.695359,21.918273,2.920116,-2.617792,0.293547,9.584688,-1.8287,-57.313433,0.884203,-6044222,98.437104,-52471341.349797,0.080494,70.898008,-32.942156,-74.637245,0,0.149721,0.968369,-0.5418,-2.617792,2.057644
10-16-25,6.3,6.97,6.26,6.95,894149,5.9465,6.255,8.33975,-0.014936,-0.047545,0.001146,TRUE,FALSE,-2.08475,-0.031022,42.857125,28.084784,69.575254,5.743471,0.051191,0.144597,-13.233463,-41.938182,-27.30126,98.437501,19.827579,3.864338,32.154683,3.188371,-2.930252,0.318674,14.895882,-0.802727,-57.313433,2.501369,-5150073,91.053805,-51627566.924431,0.212048,72.864044,-24.430329,-67.103202,0,0.350216,2.112466,-0.564512,-2.930252,3.120851
10-17-25,6.86,7.08,6.39,6.4,538160,5.9785,6.2366,8.33125,-0.011217,-0.047036,0.001096,TRUE,FALSE,-2.09465,-0.028834,25.954211,30.257382,55.206024,-1.788278,0.065978,0.127506,-19.899871,-50.540956,-31.91489,51.079144,11.111108,4.67634,33.362878,3.342005,-2.496611,0.219221,14.282443,-1.40246,-57.313433,1.482305,-5688233,26.236184,-52150127.728116,0.088778,69.311121,-29.062563,-74.776353,0,0.101593,0.546127,-0.46821,-2.496611,1.26338
10-20-25,6.57,6.57,5.9,5.9,389888,5.985,6.2058,8.3193,-0.007982,-0.046476,0.001043,FALSE,FALSE,-2.1135,-0.027896,3.606562,29.568131,45.921014,-12.511808,0.036924,0.078763,-25.126903,-53.174604,-36.965809,14.492773,2.253035,5.726393,33.060551,3.451365,-2.689313,0.245841,14.156033,-1.662828,-57.313433,1.042312,-6078121,129.624133,-52540015.728116,0.037833,65.585305,-35.814441,-78.110852,0,0.103215,0.546665,-0.495823,-2.689313,-0.257104
10-21-25,5.94,6.05,5.815,5.84,404922,5.9835,6.1802,8.3093,-0.004914,-0.045874,0.000988,FALSE,FALSE,-2.1291,-0.026999,2.931601,28.559806,44.944149,-24.631105,0.008955,0.040634,-25.224069,-56.417908,-36.105034,10.144952,-0.511069,5.962574,33.122221,3.452433,-2.417829,0.217314,14.047024,-1.719866,-54.458602,1.048867,-6483043,145.3924,-52858783.831392,-0.025999,60.718524,-34.474974,-80.453393,0,-0.004933,-0.025641,-0.46617,-2.417829,-0.433244
10-22-25,5.89,6.23,5.85,5.92,856902,5.982,6.1554,8.29965,-0.001995,-0.045227,0.00093,FALSE,FALSE,-2.14425,-0.025998,6.410267,28.160008,46.576009,-8.630015,-0.006679,0.020001,-24.296676,-52.866243,-35.300543,15.942047,-0.504197,6.183639,33.144976,3.458728,-2.411228,0.214514,13.807057,-1.540552,-52.333335,2.072909,-5626141,176.061121,-53399984.415432,-0.093912,66.830282,-33.628605,-75.421023,0,0.023793,0.123215,-0.463156,-2.411228,-0.187057
10-23-25,5.97,6,5.8,5.81,451142,5.9785,6.1348,8.28745,0.000698,-0.044549,0.00087,FALSE,FALSE,-2.15265,-0.0255,0.317453,27.561399,44.617727,-1.303287,-0.027627,-0.000758,-22.739362,-51.583334,-36.08361,6.617658,-1.190479,6.41136,33.294973,3.443663,-2.486367,0.230199,13.794788,-1.441879,-50.774528,1.105804,-6077283,-19.329591,-53806013.29104,-0.084442,61.851783,-32.570896,-74.149006,0,0.094369,0.495816,-0.479791,-2.486367,-0.506083
10-24-25,,,,,,5.6805,5.999,8.24645,-0.001024,-0.044111,0.000804,FALSE,FALSE,-2.24745,-0.034179,-64.61367,30.714841,13.155535,-31.788614,-0.507199,-0.384264,-100,-100,-100,0,-100,0,137.787585,13.314862,-3.993105,0.039906,29.731993,-2.404202,-100,0,-6077283,-100,-53806013.29104,-0.111499,61.085267,-110.575266,-122.001239,0,-1.357879,-1.65222,-0.199764,-3.993105,-4.12265
10-27-25,5.65,5.65,5.53,5.65,208262,5.677,5.9756,8.23305,-0.002667,-0.043628,0.000736,FALSE,FALSE,-2.25745,-0.033119,-0.686813,28.854803,50.04574,3.469732,-0.426441,-0.242805,-23.956928,-49.327352,-40.084837,79.802262,-1.223771,20.85335,137.785914,13.313284,-4.004591,0.039484,29.794099,-2.415302,-100,0.566907,-5869021,-40.363497,-53597751.29104,-0.037763,63.828794,-34.022588,-71.355541,0,-1.329804,-1.617895,-0.198705,-4.004591,-0.019596
10-28-25,5.59,5.71,5.56,5.71,167012,5.673,5.9538,8.21805,-0.004292,-0.0431,0.000666,FALSE,FALSE,-2.26425,-0.031814,-1.033771,27.16209,50.287244,5.669517,-0.353522,-0.135909,-20.584145,-49.289521,-41.61554,80.649719,-1.381691,20.609207,137.762993,13.31557,-4.017535,0.039697,29.880708,-2.401853,-100,0.450728,-5702009,61.272318,-53430739.29104,-0.022428,63.177885,-30.643459,-70.441894,0,-1.315344,-1.600205,-0.19924,-4.017535,0.026858
10-29-25,5.68,5.82,5.62,5.82,361203,5.6765,5.9374,8.2044,-0.006017,-0.042532,0.000593,FALSE,FALSE,-2.267,-0.02925,0.413223,25.657316,50.757269,37.601734,-0.283589,-0.05278,-20.816323,-47.661868,-37.351989,82.203393,1.217394,20.305596,137.792474,13.26359,-3.730069,0.034822,29.846243,-2.528762,-100,0.938544,-5340806,382.408013,-53069536.29104,0.0329,66.226314,-29.297401,-67.007869,0,-1.468778,-1.789335,-0.186606,-3.730069,0.104142
10-30-25,5.76,5.87,5.69,5.86,261687,5.6835,5.919,8.1918,-0.007744,-0.041905,0.000519,FALSE,FALSE,-2.2728,-0.027228,0.618558,24.292357,50.938921,0.89318,-0.222375,0.006747,-20.70365,-48.370045,-36.853445,82.768364,2.447559,20.215747,137.851284,13.261285,-4.021627,0.035229,29.795588,-2.408253,-100,0.667401,-5079119,124.020237,-52836924.931139,0.074723,69.191092,-29.858524,-68.13296,0,-1.444612,-1.760572,-0.187695,-4.021627,0.128037
10-31-25,5.82,6,5.73,5.87,248049,5.687,5.9016,8.1824,-0.009375,-0.041217,0.000443,FALSE,FALSE,-2.2808,-0.025518,-4.404333,23.113786,50.987597,0.700353,-0.171083,0.046431,-20.88949,-47.729295,-38.405036,82.909604,1.206891,19.524215,137.8913,13.263066,-4.31165,0.036817,30.029301,-2.338647,-100,0.625158,-4831070,60.601489,-52827738.158286,0.059075,63.781519,-30.705885,-67.838116,0,-1.438765,-1.754655,-0.191877,-4.31165,0.132713
11-03-25,5.84,6.01,5.81,5.87,280920,5.692,5.8822,8.1731,-0.01097,-0.040468,0.000366,FALSE,FALSE,-2.2909,-0.023524,-3.003666,22.026657,50.987597,0.230329,-0.128948,0.070853,-26.625001,-45.39535,-42.675781,82.909604,1.733101,19.1835,137.941102,13.257258,-4.325245,0.0356,30.205449,-2.372388,-100,0.695747,-4831070,99.043469,-52940106.560145,0.054623,60.833214,-37.695373,-64.561602,0,-1.398492,-1.70521,-0.18868,-4.325245,0.12904
11-04-25,6.04,6.11,5.91,6.05,600682,5.707,5.8776,8.16445,-0.012417,-0.039657,0.000286,TRUE,FALSE,-2.28685,-0.021691,-2.106027,21.094338,51.982173,1.043252,-0.080108,0.095755,-20.07926,-44.899814,-40.09901,85.451981,5.217395,18.412042,138.170414,13.269372,-4.191885,0.037809,30.312451,-2.223322,-100,1.415397,-4230388,219.153503,-52699832.900864,0.096907,68.225707,-27.343383,-62.581442,0,-1.398285,-1.705356,-0.194446,-4.191885,0.248244
11-05-25,6.05,6.06,5.77,5.83,472437,5.7055,5.8682,8.1547,-0.013817,-0.038804,0.000204,FALSE,FALSE,-2.2865,-0.020091,-8.370702,20.09337,50.629872,-0.357725,-0.058479,0.093906,-20.355194,-48.769773,-40.020579,82.344633,-0.511949,18.592258,138.154558,13.267547,-4.101324,0.037639,27.943955,-2.307346,-100,1.089289,-4702825,65.169282,-52976778.88917,0.041561,56.078611,-27.080116,-67.91273,0,-1.412227,-1.722444,-0.194007,-4.101324,0.090116
11-06-25,5.88,6.13,5.85,6.07,701549,5.721,5.8644,8.14615,-0.014979,-0.037937,0.00012,TRUE,FALSE,-2.28175,-0.018565,-2.524865,19.225418,52.09401,1.106412,-0.021722,0.104531,-18.413977,-44.918331,-33.661198,92.38965,5.381943,17.398212,138.392615,13.285794,-4.171022,0.040065,26.986892,-2.133196,-100,1.518411,-4001276,418.854975,-52575893.234285,0.092527,68.114847,-25.144247,-62.300819,0,-1.337958,-1.631677,-0.200163,-4.171022,0.252181
11-07-25,6.18,6.4,6.02,6.02,798870,5.7335,5.859,8.13865,-0.015874,-0.03703,0.000034,TRUE,FALSE,-2.27965,-0.017164,0.950871,18.663249,51.749684,-0.232489,0.003335,0.10367,-15.449437,-43.421055,-26.405871,94.062498,4.332756,17.198625,138.552015,13.285676,-4.183586,0.040267,26.977408,-2.135062,-100,1.622032,-4800146,322.237961,-53374763.234285,0.011186,77.357826,-22.251428,-60.363215,0,-1.351779,-1.648721,-0.200665,-4.183586,0.206781
11-10-25,5.8,5.8,5.69,5.71,393351,5.695,5.8488,8.12995,-0.01668,-0.036128,-0.000055,FALSE,FALSE,-2.28115,-0.016178,-1.010102,17.771151,49.562381,-1.067492,-0.001801,0.078828,-20.251394,-45.876778,-29.068324,89.218749,-11.882716,18.251189,137.433813,13.289501,-4.10873,0.040667,27.004952,-2.245763,-100,0.872854,-5193497,-68.035862,-53625077.817036,-0.131856,77.660306,-28.288963,-64.008533,0,-1.347108,-1.642893,-0.201662,-4.10873,0.010914
11-11-25,5.69,5.7,5.65,5.67,191624,5.6645,5.8358,8.1214,-0.017392,-0.035226,-0.000146,FALSE,FALSE,-2.2856,-0.015229,-1.948558,16.896991,49.272984,-2.821025,-0.008995,0.057307,-17.105264,-38.032783,-28.499367,88.59375,-9.713378,17.964223,136.742353,13.288789,-4.069064,0.040017,27.054261,-2.253992,-100,0.449925,-5385121,-72.089663,-53663401.886044,-0.130583,71.092783,-25.282636,-55.645188,0,-1.32417,-1.614458,-0.200044,-4.069064,0.004022
11-12-25,5.63,5.76,5.62,5.71,269359,5.633,5.8196,8.11065,-0.01798,-0.034344,-0.00024,FALSE,FALSE,-2.29105,-0.014423,-0.783698,16.150439,49.589972,-2.159712,-0.011338,0.043971,-15.905743,-37.321622,-28.266332,89.218749,-9.93691,17.763324,135.826941,13.292774,-3.797498,0.036365,27.076466,-2.192442,-100,0.63452,-5115762,-9.377218,-53586442.433881,-0.13134,79.051109,-25.106497,-56.052398,0,-1.231573,-1.498265,-0.190697,-3.797498,0.05669
11-13-25,5.71,6.17,5.71,6.11,666525,5.591,5.8148,8.10325,-0.017875,-0.033456,-0.000335,TRUE,FALSE,-2.28845,-0.012672,83.129244,15.900634,52.768458,3.206077,0.018865,0.059339,-10.410557,-34.582441,-22.363403,66.666667,-12.086327,10.346038,132.80532,13.332276,-3.875026,0.042757,4.868307,-2.08877,-100,1.613365,-4449237,-25.457055,-53093793.340597,-0.177455,81.571061,-17.994579,-50.804854,0,-1.247078,-1.517674,-0.206778,-3.875026,0.390798
11-14-25,6.33,6.38,5.9,5.99,1060949,5.5705,5.8112,8.0952,-0.017023,-0.032566,-0.000433,TRUE,FALSE,-2.284,-0.011148,18.681289,15.888968,51.714976,2.441992,0.03274,0.058571,-11.911771,-35.102925,-22.809284,51.190446,-6.406255,4.388268,131.803473,13.33145,-3.878762,0.042864,4.464004,-2.116168,-100,2.415273,-5510186,97.143786,-53756887.91479,-0.182891,84.103276,-19.856772,-50.597458,0,-1.266321,-1.541274,-0.207036,-3.878762,0.318277
11-17-25,6.09,6.38,5.95,6.32,590534,5.5915,5.8136,8.0892,-0.015155,-0.031635,-0.000535,TRUE,FALSE,-2.2756,-0.008873,29.186587,15.878135,54.410445,4.820473,0.069563,0.076315,-4.819273,-31.154685,-17.708329,89.743602,7.118645,4.475589,132.687713,13.35816,-4.047617,0.047682,6.886355,-2.032207,-100,1.314345,-4919652,51.462471,-53331153.82671,-0.088041,85.153859,-11.884492,-45.391397,0,-1.267965,-1.54408,-0.218362,-4.047617,0.549034
11-18-25,6.5,6.68,6.3,6.52,717330,5.6255,5.8206,8.08265,-0.012233,-0.030652,-0.000638,TRUE,FALSE,-2.26205,-0.007189,32.110064,16.200716,56.013118,3.24466,0.113574,0.096261,-3.834812,-28.665211,-20.584653,84.905674,11.643832,4.535496,134.220352,13.345022,-3.983138,0.045287,9.123419,-1.809152,-100,1.542913,-4202322,77.152637,-53217891.195131,-0.03862,86.029281,-10.881239,-42.541419,0,-1.152764,-1.403411,-0.212807,-3.983138,0.666441
11-19-25,6.49,6.58,6.22,6.37,394048,5.648,5.8272,8.0748,-0.008475,-0.029628,-0.000745,TRUE,FALSE,-2.2476,-0.005732,22.270718,16.365898,54.466595,2.751619,0.134795,0.093986,-5.489613,-34.599589,-19.874213,70.754721,7.601348,4.844137,135.114221,13.34324,-3.985809,0.044972,8.734736,-1.861326,-100,0.891962,-4596370,-54.014811,-53283565.774809,0.013176,80.723608,-12.951942,-50.357478,0,-1.11239,-1.354217,-0.212066,-3.985809,0.534363
11-20-25,5.99,6.86,5.9,6.82,1824089,5.6985,5.8438,8.0703,-0.003549,-0.028545,-0.000853,TRUE,FALSE,-2.2265,-0.003608,34.798521,15.985482,58.195613,3.785167,0.185783,0.115979,-0.292397,-29.545455,-16.930571,96.774197,17.383825,5.247173,137.615895,13.389119,-4.205184,0.050393,11.886399,-1.702806,-100,3.573674,-2772281,304.327019,-51611484.04047,0.214971,84.36764,-6.362553,-44.163097,0,-1.067585,-1.298909,-0.224483,-4.205184,0.81495
11-21-25,6.68,7,6.39,6.45,1026770,6.021,5.8556,8.06465,0.0017,-0.027426,-0.000965,TRUE,FALSE,-2.20905,-0.002071,18.709661,15.815577,54.260796,-1.752322,0.194098,0.099435,2.707,-37.560505,-24.47307,60.144917,,6.002216,32.397043,13.396618,-4.269602,0.052382,11.381092,-1.818463,-100,1.827765,-3799051,,-52436266.736326,0.121915,85.696077,-3.148389,-53.090845,0,-1.139645,-1.387261,-0.228871,-4.269602,1.324194
11-24-25,25.4,25.440001,24.02,24.08,109577,6.9425,6.2204,8.1474,0.019547,-0.025448,-0.001065,TRUE,TRUE,-1.927,0.028241,87.737216,20.617016,89.766412,35.299816,1.604783,1.208096,282.222209,151.882833,186.325807,93.138241,326.194682,7.169554,404.579555,37.928758,5.404995,0.010876,71.875369,1.272132,-100,0.196788,-3689474,-47.385025,-52536583.791078,0.095287,85.471948,274.408897,135.822557,0,2.456366,1.033712,0.10429,5.404995,4.235879
11-25-25,24.040001,24.879999,23.32,23.360001,185522,7.825,6.5694,8.22535,0.048034,-0.022681,-0.001155,TRUE,TRUE,-1.65595,0.056548,83.277908,24.659631,86.802897,28.607284,2.634296,1.790087,273.162935,152.267819,189.467181,89.505551,309.106838,7.778865,544.561589,37.936376,5.12339,0.009994,68.966826,1.239811,-100,0.332623,-3874996,11.083036,-52712591.621346,0.064379,83.172788,264.97704,135.871049,0,2.36692,0.995426,0.09997,5.12339,2.852754
11-26-25,23.040001,23.120001,22.6,22.719999,123660,8.67,6.9036,8.3009,0.085412,-0.019205,-0.001235,TRUE,TRUE,-1.3973,0.083199,77.622366,27.98267,84.143713,29.882917,3.35982,2.012489,261.208258,143.254807,191.655962,86.276483,290.377984,8.142606,635.361644,37.943543,4.942069,0.00942,66.023765,1.198407,-100,0.226535,-3998656,-65.764404,-52779178.333447,0.026596,78.054914,252.634141,126.003457,0,2.231288,0.937936,0.097056,4.942069,2.211339
11-27-25,22.51,22.84,22.059999,22.84,20040,9.519,7.2444,8.37715,0.130527,-0.015045,-0.001305,TRUE,TRUE,-1.13275,0.108858,78.159842,30.741216,84.241195,-5.525217,3.899534,2.041763,267.202587,144.017105,195.472188,86.881936,289.761086,8.224919,705.421554,37.938016,5.026069,0.009707,62.922539,1.220449,-100,0.037543,-3978616,-92.341996,-52759138.333447,0.007286,75.466059,258.406732,126.367799,0,2.306377,0.969782,0.098524,5.026069,1.888374
11-28-25,22.379999,22.83,22.129999,22.559999,55743,10.3535,7.5804,8.45205,0.181852,-0.01024,-0.001366,TRUE,TRUE,-0.87165,0.132837,78.408546,33.302723,82.959602,-3.843295,4.255612,1.918273,256.962007,138.983056,194.51697,85.469218,284.327085,8.447316,756.829203,37.934439,5.114923,0.009995,59.551613,1.231784,-100,0.106343,-4034359,-77.527424,-52746397.102342,0.007759,76.857578,248.379215,120.752032,0,2.344319,0.985972,0.099975,5.114923,1.612847
12-01-25,22.75,22.75,21.9,22.32,66428,11.176,7.9114,8.52655,0.237988,-0.004826,-0.001416,TRUE,TRUE,-0.61515,0.155562,76.763472,35.526046,81.810728,-2.332985,4.466948,1.703687,242.331285,138.207043,191.764698,84.258321,280.238503,8.790964,794.012813,37.93668,5.097724,0.010241,55.970534,1.220901,-100,0.129375,-4100787,-76.35341,-52747178.625761,0.018787,76.301141,234.829534,122.09902,0,2.426728,1.020698,0.101198,5.097724,1.403504
12-02-25,21.98,22.15,21.83,21.85,51974,11.966,8.231,8.59875,0.2974,0.001144,-0.001458,TRUE,TRUE,-0.36775,0.17657,72.965634,37.540563,79.489143,-4.752052,4.544127,1.424692,244.094499,139.320921,184.50522,81.804359,261.15702,9.094476,818.549252,37.939734,5.096416,0.010223,52.18361,1.209492,-100,0.106938,-4152761,-91.347502,-52792655.720866,-0.009549,74.02754,237.117755,123.096323,0,2.390043,1.005178,0.101109,5.096416,1.207502
12-03-25,22.1,22.120001,21.700001,21.700001,80558,12.7595,8.546,8.6703,0.358712,0.007627,-0.001492,TRUE,TRUE,-0.1243,0.196241,71.284861,39.312457,78.721349,-4.238252,4.540844,1.137127,251.701791,137.938608,190.106961,80.859776,272.212711,9.144174,832.735156,37.936995,5.062422,0.01011,48.294054,1.219486,-100,0.172714,-4233319,-82.948414,-52873213.720866,0.011102,69.529191,244.999693,120.784573,0,2.397656,1.008395,0.100547,5.062422,1.073631
12-04-25,21.620001,21.84,21.48,21.51,36098,13.5315,8.8586,8.7412,0.420689,0.014574,-0.001516,TRUE,TRUE,0.1174,0.214645,70.738372,40.782078,77.6976,-4.113128,4.471367,0.854121,246.935498,131.041882,188.724843,79.887409,254.365727,9.185098,839.000992,37.937076,4.843009,0.009496,44.015114,1.219151,-100,0.083338,-4269417,-94.854529,-52903295.26003,-0.037793,64.111358,239.448744,112.644493,0,2.354726,0.990031,0.097446,4.843009,0.950952
12-05-25,21.450001,21.52,21.23,21.23,62055,14.292,9.164,8.81065,0.481984,0.02194,-0.001533,TRUE,TRUE,0.35335,0.231507,68.113282,41.938811,76.126422,-3.362721,4.343642,0.581116,244.084267,139.346108,183.444595,78.454448,252.657801,9.259136,836.260511,37.935263,5.037509,0.010245,39.481487,1.225266,-100,0.156581,-4331472,-92.232153,-52965350.26003,0.051653,59.188877,237.027077,122.00142,0,2.456814,1.033393,0.10122,5.037509,0.829646
12-08-25,21.23,21.780001,21.23,21.530001,55848,15.083,9.4802,8.87915,0.5411,0.029704,-0.00154,TRUE,TRUE,0.60105,0.247973,68.25829,43.074329,76.670758,-2.050592,4.218004,0.364383,256.456967,144.381381,185.922976,79.989766,277.057803,9.186519,825.563421,37.933364,4.993962,0.010108,34.452163,1.237564,-100,0.147187,-4275624,-85.801994,-52960273.06348,0.087604,55.70464,250.169534,127.337102,0,2.498842,1.051051,0.100538,4.993962,0.780921
12-09-25,21.610001,21.610001,21.290001,21.559999,45838,15.8775,9.7956,8.94745,0.596968,0.037831,-0.001539,TRUE,TRUE,0.84815,0.263735,69.455865,44.128739,76.727899,-0.969701,4.073894,0.176218,259.933227,146.118709,192.14091,80.143291,280.246899,9.160484,806.44665,37.93445,5.044858,0.010252,28.432565,1.230141,-100,0.123172,-4229786,-76.079197,-52928759.78,0.098703,57.893907,253.776552,129.246169,0,2.511632,1.056477,0.101252,5.044858,0.704634
12-10-25,21.65,21.83,20.67,20.75,159625,16.6295,10.0956,9.0116,0.647723,0.046256,-0.00153,TRUE,TRUE,1.084,0.277468,62.663062,44.517418,71.626499,-4.499922,3.849946,-0.038184,254.095555,134.728503,174.83443,75.380575,263.397546,9.586921,776.20192,37.944047,4.853775,0.009571,21.33289,1.191835,-100,0.435348,-4389411,-40.738939,-53066367.556722,0.07092,35.046368,247.965203,117.417069,0,2.350653,0.988174,0.097834,4.853775,0.530854
12-11-25,20.940001,21.33,20.41,20.41,65177,17.3445,10.3894,9.07475,0.691494,0.054933,-0.001513,TRUE,TRUE,1.31465,0.28947,62.882878,44.631497,69.536585,-7.134172,3.603492,-0.22771,249.48629,128.044696,171.770962,0,234.042543,9.855115,739.180806,37.939532,4.779666,0.009323,9.423538,1.204917,-100,0.193637,-4454588,-90.221372,-53131544.556722,-0.005608,15.532942,242.318895,110.389444,0,2.357364,0.990989,0.096557,4.779666,0.414716
12-12-25,20.32,21.34,20.15,20.5,67511,18.07,10.6834,9.13585,0.72763,0.063834,-0.001489,TRUE,TRUE,1.54755,0.300739,-76.824004,44.484049,69.787881,-6.940018,3.376515,-0.36375,246.869721,112.215324,175.908486,7.399586,242.237075,3.609758,691.544115,37.938002,4.846104,0.009575,7.732597,1.212851,-100,0.235295,-4387077,-93.636735,-53159343.17832,0.10413,5.061654,240.515813,94.340438,0,2.424691,1.019463,0.097853,4.846104,0.351388
12-15-25,20.219999,20.809999,20.190001,20.440001,29171,18.776,10.9768,9.1978,0.755388,0.072937,-0.001457,TRUE,TRUE,1.779,0.311108,-72.999967,44.347132,69.377005,-2.249494,3.155419,-0.467877,240.09983,127.616944,172.897212,9.764337,223.417721,3.291866,635.042015,37.938621,5.050605,0.010164,6.605573,1.209579,-100,0.112693,-4416248,-95.060234,-53164989.137792,0.032096,6.03486,233.544318,110.221497,0,2.489385,1.046958,0.100819,5.050605,0.26203
12-16-25,20.549999,20.870001,20.25,20.389999,155388,19.4695,11.2696,9.25595,0.773763,0.082211,-0.001417,TRUE,TRUE,2.01365,0.320749,-68.328408,44.24648,69.012356,-0.524229,2.942248,-0.544838,251.551702,114.631573,171.504644,8.921923,212.730053,3.250895,566.152992,37.940517,5.073504,0.01039,7.199496,1.195727,-100,0.673387,-4571636,-78.338003,-53250202.312914,-0.007001,21.640961,245.869361,97.828936,0,2.559894,1.076681,0.101933,5.073504,0.162588
12-17-25,20.33,20.790001,20.1,20.639999,101422,20.183,11.5652,9.31455,0.781868,0.091639,-0.00137,TRUE,TRUE,2.25065,0.330128,-62.146898,43.978595,69.865205,0.077324,2.761646,-0.580352,258.333308,123.618639,169.451695,19.780187,224.018835,3.180373,474.94987,37.940613,5.092517,0.010389,6.624139,1.19477,-100,0.469275,-4470214,-74.261511,-53192877.249095,0.020981,29.53049,253.155015,106.874513,0,2.518463,1.059252,0.101928,5.092517,0.096221
12-18-25,20.26,20.52,19.950001,20.059999,156600,20.845,11.8512,9.37215,0.778371,0.101174,-0.001315,TRUE,TRUE,2.47905,0.337622,-65.104164,43.548552,65.370144,-4.006861,2.54241,-0.639671,247.660304,108.523905,156.521727,3.928526,194.134882,3.265205,356.353983,37.944154,4.886695,0.00969,6.366096,1.183268,-100,1.179659,-4626814,-91.414893,-53289035.824138,-0.631845,27.167365,242.713155,90.636052,0,2.431207,1.022096,0.098438,4.886695,-0.220287
12-19-25,19.889999,19.889999,19.24,19.27,79442,21.486,12.1212,9.4211,0.766346,0.110741,-0.001253,TRUE,TRUE,2.7001,0.343168,-69.476074,42.318302,59.732845,-9.279511,2.27865,-0.722744,228.279401,105.656357,111.293867,1.030951,198.759706,3.387946,122.096771,37.95383,4.666402,0.00895,5.639754,1.146029,-100,0.93041,-4706256,-92.262922,-53361144.5443,-0.5416,27.095007,222.999758,86.723687,0,2.280769,0.958249,0.094606,4.666402,-1.814953
12-22-25,18.92,18.940001,18.6,18.6,88328,21.212,12.3636,9.4691,0.741701,0.120279,-0.001185,TRUE,TRUE,2.8945,0.34647,-70.806098,40.493212,55.371588,-14.493617,1.992586,-0.807047,212.605058,101.735356,86.186194,0,-22.757473,3.57911,122.309183,37.952231,4.556147,0.008565,6.393029,1.149911,-100,1.047516,-4794584,-19.391843,-53449472.5443,-0.541315,26.525573,206.335393,82.78882,0,2.262336,0.950359,0.092546,4.556147,-2.135571
12-23-25,18.74,18.74,18.610001,18.73,104355,20.9805,12.6126,9.51255,0.706226,0.129766,-0.001111,TRUE,TRUE,3.10005,0.349387,-64.98909,38.798485,56.042221,-9.327924,1.756125,-0.834806,218.537401,117.53775,121.919437,4.01232,-19.82021,3.447487,123.32604,37.952652,4.637025,0.008763,6.896187,1.146239,-100,1.300162,-4690229,-43.750606,-53361172.630791,-0.404035,26.319019,211.921734,99.01638,0,2.289218,0.961737,0.093609,4.637025,-1.824838
12-24-25,18.700001,18.700001,18.549999,18.57,88642,20.773,12.8572,9.5553,0.661345,0.139142,-0.001031,TRUE,TRUE,3.3019,0.351256,-64.757735,37.156754,54.947793,-4.785052,1.538086,-0.842276,211.577174,118.213857,135.063284,0.60977,-18.265844,3.407955,127.36442,37.95291,4.660679,0.008854,7.828879,1.145093,-100,1.129023,-4778871,-28.317969,-53426176.463557,-0.412037,25.419842,204.790247,98.912384,0,2.303038,0.967581,0.094098,4.660679,-1.729683
12-29-25,18.799999,18.799999,18.290001,18.41,131491,20.5515,13.0864,9.5997,0.608506,0.148393,-0.000945,TRUE,TRUE,3.4867,0.352098,-63.800925,35.328853,53.815998,-1.55559,1.336967,-0.834716,221.853156,117.869826,146.452481,3.389801,-19.395798,3.522929,128.044515,37.953432,4.691091,0.008988,8.739073,1.142708,-100,1.563792,-4910362,556.142715,-53495789.693038,-0.438041,24.357992,215.245126,99.594233,0,2.325009,0.976864,0.094805,4.691091,-1.672465
12-30-25,18.379999,18.379999,18.110001,18.200001,112472,20.3335,13.3224,9.64085,0.549138,0.157499,-0.000853,TRUE,TRUE,3.68155,0.352027,-76.905379,33.419381,52.29353,-3.74869,1.147407,-0.819421,214.335076,115.895612,132.439348,2.419359,-19.326236,3.465461,129.159743,37.956378,4.710816,0.009071,9.680813,1.124919,-100,1.293954,-5022834,101.768832,-53533279.830014,-0.452642,19.218626,208.650203,97.598099,0,2.301465,0.966938,0.095241,4.710816,-1.65183
12-31-25,18.15,18.389999,18.049999,18.299999,98500,20.1325,13.5704,9.68705,0.484878,0.166432,-0.000756,TRUE,TRUE,3.88335,0.35138,-74.090985,31.572877,52.975742,-1.972051,0.993792,-0.778428,218.260856,117.598092,127.329178,6.613755,-18.010755,3.454331,127.892181,37.955093,5.009013,0.009941,7.567329,1.132393,-100,1.112683,-4924334,48.280845,-53486926.953846,-0.41782,25.035558,213.302176,100.546809,0,2.438378,1.024945,0.099704,5.009013,-1.432848
01-02-26,18.01,18.299999,17.959999,17.99,117410,19.9395,13.8134,9.73335,0.416867,0.175167,-0.000653,TRUE,TRUE,4.08005,0.349495,-70.769313,29.742554,50.561854,-3.254144,0.837385,-0.747869,214.510497,114.166674,122.098752,0.887594,-17.665906,3.188278,129.721763,37.957338,4.909708,0.009618,7.972394,1.122934,-100,1.279024,-5041744,125.901412,-53583617.077151,-0.430823,26.188661,209.182812,96.555045,0,2.381692,1.000896,0.098072,4.909708,-1.502832
01-05-26,17.879999,18.200001,17.809999,18.200001,78161,19.7645,14.059,9.77915,0.346894,0.183686,-0.000545,TRUE,TRUE,4.27985,0.34746,-58.620718,27.843792,52.152397,-0.141134,0.722052,-0.690561,213.793106,118.225425,119.541627,11.048193,-16.129032,2.943484,128.322563,37.957723,4.797003,0.009292,8.570455,1.117725,-100,0.852572,-4963583,-2.975496,-53505456.077151,-0.344822,26.128483,207.605706,100.285409,0,2.254847,0.947424,0.096397,4.797003,-1.219193
01-06-26,18.200001,18.200001,17.92,17.98,72842,19.588,14.3024,9.8256,0.276055,0.191969,-0.000432,TRUE,TRUE,4.4768,0.344209,-64.615434,26.080655,50.32572,-2.650022,0.605913,-0.64536,211.611778,109.313146,129.336724,5.555556,-16.410975,2.617988,127.323288,37.956801,4.753593,0.009153,9.234902,1.121221,-100,0.778943,-5036425,101.789573,-53547080.431576,-0.344219,26.207414,206.291932,90.878724,0,2.246104,0.943707,0.09567,4.753593,-1.262927
01-07-26,18.08,18.360001,18.08,18.25,90392,19.439,14.6674,9.87425,0.205988,0.199993,-0.000313,TRUE,TRUE,4.79315,0.340738,-53.284701,24.66157,52.523529,1.961675,0.529555,-0.577375,217.391304,116.488723,132.484079,14.379096,-14.036739,2.485323,124.50191,37.955691,4.671293,0.008966,9.736209,1.130511,-100,0.952189,-4946033,45.66433,-53527710.937199,-0.296195,31.108971,213.063534,98.919303,0,2.299647,0.966141,0.09469,4.671293,-0.955005
01-08-26,18.370001,18.389999,17.99,18.09,180351,19.267,14.9162,9.922,0.138214,0.207713,-0.00019,TRUE,TRUE,4.9942,0.337515,-54.502385,23.201649,51.081216,-1.07118,0.450932,-0.524798,208.703067,120.609763,119.272729,9.395992,-15.977707,2.420437,117.668613,37.937409,5.256079,0.010831,10.275779,1.039127,-100,1.782901,-5126384,222.931887,-53617886.007209,-0.325049,19.669269,202.849306,101.477722,0,1.825722,0.768125,0.104071,5.256079,-1.000267
01-09-26,18.049999,18.24,17.719999,17.790001,167658,19.0785,15.1578,9.971,0.073999,0.215089,-0.000061,TRUE,TRUE,5.1868,0.332817,-66.744747,21.667833,48.397635,-1.928085,0.360262,-0.492374,208.85417,124.055426,116.951236,2.500056,-17.486079,2.392997,108.870395,37.934294,5.727424,0.012194,8.468833,1.049172,-100,1.56329,-5294042,265.762032,-53740404.321495,-0.3784,11.873752,202.502161,104.443439,0,1.875398,0.789634,0.110426,5.727424,-1.183516
01-12-26,18.110001,18.110001,17.82,17.860001,81967,18.934,15.3986,10.02015,0.014781,0.222108,0.000072,TRUE,TRUE,5.37845,0.327695,-58.510664,20.243574,49.069973,-3.453555,0.290703,-0.449547,209.532074,127.515934,114.405772,6.451672,-13.927708,2.235642,104.613255,37.934757,5.785441,0.012328,5.392035,1.04524,-100,0.792994,-5212075,-48.650274,-53799759.289136,-0.354762,17.986645,201.989932,107.848774,0,1.884398,0.793468,0.111032,5.785441,-1.026638
01-13-26,17.790001,18.450001,17.75,18.280001,150974,18.8275,15.647,10.07015,-0.038135,0.228757,0.000211,TRUE,TRUE,5.57685,0.323655,-29.203555,19.233446,53.024781,1.943564,0.266397,-0.379083,182.098775,132.274472,109.873715,45.901706,-10.436057,2.137387,99.513998,37.923278,6.103495,0.013436,3.021791,0.994838,-100,1.402402,-5061101,131.636927,-53722115.470694,-0.274292,26.846073,172.964923,112.150339,0,1.650788,0.695702,0.115915,6.103495,-0.550173
01-14-26,18.709999,19.200001,18.52,18.719999,204921,18.7385,15.904,10.12205,-0.083097,0.235035,0.000356,TRUE,TRUE,5.78195,0.318775,3.797439,19.332252,56.80864,8.411005,0.279417,-0.29285,198.089151,133.999991,118.947356,67.567501,-8.68293,2.18254,91.397478,37.899137,5.954607,0.01245,3.016126,1.06752,-100,1.789323,-4856180,203.537201,-53806495.449831,-0.282539,37.470287,190.555365,114.648427,0,1.757704,0.740862,0.111579,5.954607,-0.020242
01-15-26,18.18,18.290001,17.98,18.190001,323824,18.626,16.1504,10.1676,-0.119524,0.240884,0.000505,TRUE,TRUE,5.9828,0.311493,-15.16853,18.501871,51.434277,2.364303,0.244155,-0.26249,186.908519,128.517594,117.064443,31.756808,-11.007828,2.481741,82.794199,37.881472,6.37959,0.013955,3.06638,1.102809,-100,2.505272,-5180004,1010.088787,-53691590.030967,-0.203703,33.222861,179.874013,108.007017,0,1.854867,0.782777,0.118133,6.37959,-0.526606
01-16-26,18.049999,18.32,18,18.24,77076,18.5185,16.3942,10.21345,-0.146311,0.246309,0.00066,TRUE,TRUE,6.18075,0.30351,-9.565229,17.772747,51.896617,-1.128164,0.217734,-0.231129,162.446047,127.715346,135.354836,35.135132,-10.544383,2.529762,71.929967,37.879721,6.719584,0.014306,3.134715,1.111883,-100,0.614929,-5102928,-50.397714,-53653052.030967,-0.160701,37.536523,154.763954,107.976234,0,1.692239,0.714306,0.11961,6.719584,-0.387183
01-19-26,19.110001,19.450001,19.07,19.24,69263,18.4485,16.6624,10.2638,-0.161403,0.251332,0.000821,TRUE,TRUE,6.3986,0.296612,19.347339,18.439541,60.081728,3.273088,0.274324,-0.13963,200.624992,140.801005,148.900385,87.861225,-6.782944,2.658154,55.022726,37.881051,6.71328,0.014278,5.521685,1.140568,-100,0.559776,-5033665,-31.708111,-53660343.019452,-0.1889,42.779478,192.055476,122.2836,0,1.789475,0.755313,0.119492,6.71328,1.438496
01-20-26,19.870001,20.6,19.16,20.33,232538,18.462,16.9476,10.3212,-0.16324,0.255981,0.000988,TRUE,TRUE,6.6264,0.290574,41.19924,20.014476,66.727503,15.293226,0.402487,-0.009174,244.576264,157.994919,161.311046,90.624988,1.345964,2.916171,59.346073,37.878033,6.139418,0.012901,10.053393,1.193209,-100,1.823393,-4801127,48.491699,-53515006.884955,-0.088595,52.643678,238.61073,140.704278,0,2.20276,0.92918,0.113583,6.139418,3.147638
01-21-26,19.450001,19.67,18.219999,18.379999,214072,18.4175,17.1948,10.35845,-0.152009,0.260133,0.00116,TRUE,TRUE,6.83635,0.270685,1.1396,20.080947,50.522429,-1.374188,0.342757,-0.055123,214.726005,135.3393,136.246769,22.916653,-4.618585,3.913417,56.223106,35.436282,7.670064,0.022895,10.025988,1.950436,-100,1.594437,-5015199,169.46955,-53681835.479006,-0.119427,44.867608,206.907901,117.547046,0,3.570621,1.618174,0.151311,7.670064,-0.0667
01-22-26,18.030001,18.4,17.959999,17.959999,139084,18.3855,17.4398,10.3821,-0.140947,0.263748,0.001336,TRUE,TRUE,7.0577,0.258662,-0.420767,19.798938,47.82823,-12.253498,0.25855,-0.111465,203.378359,129.667502,130.848311,8.333322,-3.440867,4.044705,56.946384,35.442286,7.620867,0.022605,10.038159,1.933047,-100,1.016699,-5154283,57.463092,-53820919.479006,-0.135763,44.407351,195.581215,111.810805,0,3.508801,1.589653,0.15035,7.620867,-0.747196
01-23-26,18.27,18.32,17.84,18.32,119177,18.365,17.6928,10.408,-0.129583,0.266814,0.001518,TRUE,TRUE,7.2848,0.246648,1.648337,19.376205,50.27589,-16.451613,0.218347,-0.121334,215.318414,143.617018,143.617018,20.833339,-2.189001,4.000314,56.376075,35.441021,7.599215,0.022368,9.995303,1.940152,-100,0.866485,-5035106,14.20344,-53701742.479006,-0.123807,49.067621,207.878924,125.614578,0,3.455302,1.565281,0.149559,7.599215,-0.079822
01-26-26,18.26,18.450001,18.040001,18.450001,270941,18.359,17.9476,10.42605,-0.117647,0.2693,0.001705,TRUE,TRUE,7.52155,0.234332,6.536875,19.119766,51.16685,0.644421,0.194731,-0.11596,,146.00001,147.651023,25.347263,-0.646198,4.022456,56.210028,35.442778,7.925187,0.023082,9.821925,1.930972,-100,1.847463,-4764165,205.657589,-53430801.479006,-0.001577,56.456762,,127.927702,0,3.259668,1.477124,0.151928,7.925187,0.161894
01-27-26,18.290001,18.549999,18.120001,18.549999,80421,18.366,18.1964,10.46015,-0.105479,0.271196,0.001896,TRUE,TRUE,7.73625,0.221546,4.273495,18.989906,51.881081,4.052851,0.181986,-0.102963,228.318565,149.663522,151.354999,28.819431,0.760453,4.020023,56.363844,35.443036,7.937203,0.023237,9.719513,1.929874,-100,0.558083,-4683744,-38.83916,-53350380.479006,0.050454,56.286115,221.760832,132.38005,0,3.294964,1.493226,0.152438,7.937203,0.326449
01-28-26,18.459999,18.82,18.35,18.540001,84602,18.383,18.4474,10.48305,-0.093224,0.272484,0.002093,TRUE,TRUE,7.96435,0.208055,6.550234,19.163084,51.799504,1.523615,0.16913,-0.092656,224.693534,157.858147,135.87787,28.472267,1.868133,4.04916,56.349558,35.443494,7.975802,0.023443,9.556925,1.928173,-100,0.59283,-4768346,-24.779501,-53366580.569788,0.058405,62.448631,217.731453,140.136415,0,3.31359,1.501805,0.153111,7.975802,0.27862
01-29-26,18.85,19.799999,18.700001,18.700001,242055,18.403,18.695,10.50845,-0.080924,0.273147,0.002295,TRUE,TRUE,8.18655,0.194123,13.521552,20.237461,53.071178,1.904327,0.169893,-0.073514,221.305846,154.421782,146.376817,33.333356,2.185801,4.297173,56.747912,35.441886,7.990883,0.023571,9.207431,1.934703,-100,1.614922,-4526291,145.741117,-53608635.569788,-0.0406,70.907545,213.243809,137.194921,0,3.354801,1.520652,0.153528,7.990883,0.523369
01-30-26,18.940001,19.200001,18.5,18.969999,493645,18.452,18.944,10.54295,-0.06837,0.273176,0.002502,TRUE,TRUE,8.40105,0.180225,16.01731,20.904048,55.218274,3.337193,0.190094,-0.042651,223.720117,156.698236,149.605257,42.806988,5.447468,4.379095,57.223097,35.443489,6.751214,0.020496,8.799411,1.922503,-100,2.926202,-4032646,320.445448,-53439387.546453,0.042748,56.973047,218.819999,142.194645,0,3.627685,1.641686,0.143163,6.751214,0.905228
02-02-26,18.93,18.93,17.950001,18.02,150103,18.443,19.177,10.5732,-0.056471,0.272509,0.002714,FALSE,TRUE,8.6038,0.163679,-3.485261,20.664296,47.059811,-4.739693,0.12797,-0.083819,206.984682,142.857147,139.627666,6.52175,-0.989013,4.736799,57.77915,35.449142,6.800887,0.020638,8.910036,1.91196,-100,0.871196,-4141928,92.043346,-7758453.71479,-0.018164,51.540772,201.427667,126.938238,25.323935,3.615559,1.636057,0.14366,6.800887,-0.732097
02-03-26,18.767799,18.767799,18.767799,18.767799,,18.48239,19.415956,10.602339,-0.044809,0.271163,0.002932,FALSE,TRUE,8.813617,0.148088,0.615362,20.44167,52.952439,-0.118738,0.137494,-0.059437,219.724016,134.597492,139.690927,33.615911,4.381534,4.482524,57.138387,35.449139,6.959814,0.021106,8.895318,1.912208,-100,0,-4141928,-100,-7758453.71479,-0.006216,47.537688,214.128948,117.312658,26.330331,3.490611,1.579895,0.145277,6.959814,0.499505
02-04-26,18.9,19.84,18.610001,19.1,182876,18.52489,19.668956,10.634839,-0.03323,0.269138,0.003155,FALSE,TRUE,9.034117,0.132252,12.021141,21.256194,55.331085,0.112811,0.169888,-0.021634,215.702476,152.311756,140.554159,45.652178,4.657536,4.587807,58.46467,35.444384,6.879074,0.020741,8.592251,1.931825,-100,1.055394,-3959052,102.314364,-7795623.647323,-0.022365,58.000529,207.906609,136.685464,26.650242,3.487897,1.578584,0.144016,6.879074,0.983689
02-05-26,19.6,20.5,19.35,20.200001,270294,18.63039,19.591356,10.668839,-0.021485,0.266496,0.003386,TRUE,TRUE,8.922517,0.116966,22.737838,22.514446,62.154257,15.094446,0.281082,0.071648,246.483723,175.956288,161.658048,85.507261,11.663906,4.719871,68.397773,35.42291,7.074492,0.02224,8.14291,2.014474,-100,1.520431,-3691724,49.871085,-7713347.151966,0.039921,61.48568,241.111825,163.498213,29.043665,3.937081,1.784326,0.149132,7.074492,2.294827
02-06-26,19.299999,19.700001,18.84,18.98,86110,18.68989,19.503756,10.700939,-0.010909,0.26322,0.003622,FALSE,TRUE,8.802817,0.098808,-2.94118,22.899027,52.564165,-0.388275,0.267674,0.046592,212.685321,155.107519,150.395775,41.304322,6.689143,5.079706,65.830137,35.442924,6.567715,0.019771,8.209955,1.973481,-100,0.495748,-3777834,-48.639492,-7771421.480136,0.059409,58.341759,205.224325,140.414107,26.968824,3.80986,1.723518,0.140608,6.567715,0.440694
02-09-26,18.950001,18.950001,18.280001,18.32,82607,18.71289,19.415756,10.732539,-0.001702,0.259312,0.003863,FALSE,TRUE,8.683217,0.078895,-23.900127,22.475478,48.228791,-7.102294,0.201469,-0.01569,204.318933,157.303371,143.293482,18.045097,2.575583,4.974187,63.541845,35.45447,6.175058,0.01795,8.070146,1.941624,-100,0.475493,-3815002,0.780802,-7813758.203442,0.055545,52.115602,195.239824,140.804711,25.942799,3.739328,1.689492,0.133979,6.175058,-0.618317
02-10-26,18.4,18.73,18.32,18.719999,65295,18.73489,19.333356,10.768039,0.006471,0.254844,0.00411,FALSE,TRUE,8.565317,0.059616,4.956273,22.082182,50.873357,-11.2809,0.179213,-0.030358,227.84587,161.45251,140.926633,33.082677,2.406995,4.219243,62.720571,35.45382,6.891447,0.020373,7.947525,1.905677,-100,0.385346,-3719532,-56.750831,-7723685.920848,0.052365,58.378097,219.271495,144.151395,27.217494,3.295376,1.490774,0.142734,6.891447,-0.023741
02-11-26,18.280001,19.08,18.26,18.700001,104482,18.73389,19.256156,10.805789,0.013363,0.249855,0.004362,FALSE,TRUE,8.450367,0.039399,11.455143,22.062906,50.73382,-1.830345,0.158137,-0.041146,229.806005,173.391818,145.729309,32.330852,-0.10683,4.368904,62.724664,35.449093,6.946186,0.020795,7.636647,1.919792,-100,0.635445,-3850651,-49.013522,-7693409.408679,0.081949,63.795975,222.021411,156.793276,26.961299,3.382736,1.530828,0.144204,6.946186,-0.054029
02-12-26,18.469999,19.9,18.4,19.9,206681,18.81939,19.207756,10.848989,0.019707,0.244442,0.004621,TRUE,TRUE,8.358767,0.021003,21.643854,22.761462,58.151146,9.922354,0.235549,0.029013,248.511375,193.078052,162.187078,76.470566,9.400764,4.471569,66.46376,35.449811,6.331803,0.018713,7.231103,1.926529,-100,1.303437,-3608220,-36.174897,-7473409.979243,0.113915,65.315248,243.898356,178.839846,30.473517,3.577302,1.617126,0.136795,6.331803,1.625863
02-13-26,19.83,20.5,19.15,20.09,230992,18.91189,19.172556,10.893839,0.025385,0.238644,0.004887,TRUE,TRUE,8.278717,0.002503,22.282622,23.857076,59.198593,8.325237,0.308673,0.081709,228.805233,194.574775,165.039583,83.92157,10.142546,4.76349,70.713477,35.452177,5.855604,0.016909,6.851937,1.909909,-100,1.389326,-3408640,199.693809,-7377079.389797,0.124325,65.027342,220.66777,178.236144,30.155087,3.436377,1.551891,0.130035,5.855604,1.666034
02-17-26,20.280001,20.790001,19.370001,19.48,136902,18.92389,19.128156,10.934489,0.029537,0.232463,0.005158,TRUE,TRUE,8.193667,-0.018006,11.817038,25.076083,54.483664,3.749844,0.313784,0.069456,225.208686,186.470573,162.533684,53.873194,1.2474,5.275665,71.498857,35.45462,6.040167,0.017968,6.56435,1.904288,-100,0.806997,-3520528,97.655314,-7506732.212964,0.089897,59.927478,217.714758,170.436252,30.596323,3.491815,1.577669,0.134045,6.040167,0.777788
02-18-26,19.5,19.700001,19.049999,19.440001,93989,18.87939,19.086756,10.975539,0.032552,0.225933,0.005436,TRUE,TRUE,8.111217,-0.038546,11.392406,25.690521,54.178947,-3.972199,0.311022,0.053355,207.594937,192.771098,162.348191,52.464778,-4.377764,5.352659,64.736651,35.457326,5.831803,0.017108,6.26722,1.849897,-100,0.577625,-3550700,-59.58123,-7485843.34403,0.054841,56.109605,197.623406,175.029837,31.932829,3.178848,1.435526,0.130797,5.831803,0.865986
02-19-26,19.950001,20.34,19.85,20,164714,18.96039,19.062156,11.021789,0.035394,0.219111,0.00572,TRUE,TRUE,8.040367,-0.059496,15.66265,26.733335,57.742313,-1.456281,0.349986,0.073855,206.748467,194.985242,170.635999,72.183068,8.813933,5.074214,68.201482,35.435525,6.001603,0.01803,5.950578,1.91305,-100,1.027866,-3385986,-23.056729,-7549712.247265,0.087811,54.796293,196.185563,176.631603,32.706101,3.316144,1.499153,0.134278,6.001603,1.524322
02-20-26,20.33,20.440001,19.33,19.530001,80563,19.03889,19.022156,11.064539,0.038035,0.212018,0.006009,TRUE,TRUE,7.957617,-0.052089,6.588254,26.897685,53.950188,-0.533477,0.339032,0.050321,206.593423,189.762631,166.439303,55.633797,8.741657,5.346279,65.043181,2.840137,-1.759808,0.235171,5.791961,-1.812947,-100,0.512088,-3407613,-42.076012,-7504212.44077,0.11727,66.545535,196.118716,171.043938,32.885114,-0.043297,-0.276718,-0.484944,-1.759808,0.755053
02-23-26,19.610001,20.4,19.33,20.309999,130333,19.13839,18.997156,11.109189,0.040792,0.204723,0.006305,TRUE,TRUE,7.887967,-0.04437,27.490997,27.050297,58.787447,4.6085,0.388808,0.080078,197.800571,196.92981,176.702984,81.027616,10.862444,5.158542,68.591391,2.871316,-1.775732,0.229916,5.436884,-1.149736,-100,0.825518,-3230578,9.360867,-7362804.001813,0.113445,74.062858,186.791805,179.182639,34.06749,0.033984,0.214105,-0.479495,-1.775732,1.7081
02-24-26,20.219999,20.48,19.5,19.59,81418,19.19539,18.973956,11.152039,0.043105,0.197224,0.006606,TRUE,TRUE,7.821917,-0.038747,9.903413,27.263547,53.229125,-4.513187,0.36594,0.045768,203.720942,211.942667,150.191575,52.569153,6.178858,5.432801,67.294216,2.885275,-1.716655,0.210684,5.132147,-1.21802,-100,0.548624,-3311996,-69.949915,-7429267.642943,0.007011,70.873376,193.705332,195.485216,32.919744,-0.01463,-0.0906,-0.459003,-1.716655,0.586395
02-25-26,19.280001,19.280001,18.9,18.9,97875,19.21289,18.943756,11.193339,0.044521,0.189521,0.006912,FALSE,TRUE,7.750417,-0.033878,-2.309479,26.511121,48.496804,-5.453383,0.288811,-0.025089,-21.511629,199.999985,139.240499,25.296412,1.886795,5.42706,65.969582,2.915047,-1.750893,0.216321,5.219799,-1.5732,-100,0.655661,-3472284,21.703286,-7531279.788762,-0.05275,64.349824,-30.901099,182.063575,30.479682,-0.062512,-0.384549,-0.465103,-1.750893,-0.474295
02-26-26,18.790001,19.799999,18.76,19.139999,98026,19.24289,18.916556,11.236289,0.04536,0.181652,0.007223,TRUE,TRUE,7.680267,-0.028871,-13.589769,26.330971,50.156689,-8.630758,0.244235,-0.055732,-18.065073,205.750778,141.666657,34.782566,3.236238,5.224661,64.085906,2.919023,-1.69539,0.204592,5.440199,-1.344846,-100,0.653733,-3410145,15.867237,-7608736.653992,-0.055912,60.467622,-27.157961,187.72766,30.436948,-0.0152,-0.092683,-0.452318,-1.69539,-0.160551
02-27-26,19.950001,20.290001,19.5,19.84,192916,19.29989,18.904556,11.289739,0.046036,0.173683,0.007539,TRUE,TRUE,7.614817,-0.022933,11.813203,26.60498,54.738575,1.509449,0.262369,-0.030078,-12.676053,215.421308,155.012849,62.450573,6.096253,4.964718,64.072896,2.959554,-1.83066,0.228661,5.187988,-0.904377,-100,1.307984,-3189745,-20.300758,-7620977.857538,0.016108,67.743866,-20.226892,198.648934,33.162993,0.089478,0.546474,-0.478185,-1.83066,0.842962
03-02-26,20.959999,21.040001,19.790001,20.110001,132065,19.35689,18.898956,11.344739,0.046952,0.165656,0.00786,TRUE,TRUE,7.554217,-0.017211,25.979711,27.44874,56.403297,7.906492,0.295125,0.002142,-11.952712,223.311918,142.874411,66.54676,6.009496,5.093415,66.024755,2.954615,-1.799229,0.223509,4.486324,-0.595465,-100,1.0205,-3036433,-73.246969,-7666084.982315,-0.071933,73.069312,-20.167159,205.579084,33.864573,0.16421,1.001225,-0.472767,-1.799229,1.140649
03-03-26,21.6,23.15,20.5,21.049999,286724,19.50839,18.907156,11.403289,0.048529,0.15764,0.008188,TRUE,TRUE,7.503867,-0.010106,31.359376,29.39173,61.686664,11.529975,0.392411,0.079542,-6.693264,233.069599,161.490668,57.055202,16.814643,5.758399,68.452481,3.016823,-1.859987,0.252573,6.899932,-0.113046,-100,2.104503,-2712462,91.018168,-7825292.793828,-0.082657,76.359691,-12.573082,218.102336,37.540317,0.195119,1.18759,-0.502566,-1.859987,2.252087
03-04-26,20.790001,20.969999,19.969999,20.280001,76893,19.584,18.911556,11.458539,0.050206,0.14963,0.00852,TRUE,TRUE,7.453017,-0.004549,19.315415,30.460692,55.728879,0.990304,0.402735,0.071893,-9.139781,211.042956,131.506851,39.57897,8.057425,6.068611,68.192766,3.051606,-1.914647,0.256655,6.297817,-0.35299,-100,0.548892,-2736278,,-7776107.71283,-0.090817,72.241023,-16.574559,195.548689,37.243009,0.137656,0.830559,-0.506612,-1.914647,1.020637
03-05-26,20.75,22.49,20.58,21.59,234297,19.7085,18.957956,11.520589,0.052677,0.141712,0.008859,TRUE,TRUE,7.437367,0.002749,20.386025,32.131016,62.384991,5.981695,0.510736,0.143916,-1.189932,240.000008,142.040358,64.4647,13.036648,5.935288,80.509095,3.160294,-2.059013,0.27921,8.233054,0.308913,-100,1.642359,-2501981,28.11796,-7762614.092379,-0.071423,72.93964,-7.820366,225.930242,39.947827,0.273268,1.616804,-0.528403,-2.059013,2.337003
03-06-26,23.15,24.57,22.73,24.57,337017,19.927,19.077356,11.597739,0.058154,0.134012,0.009206,TRUE,TRUE,7.479617,0.015421,40.43323,34.3441,72.510157,10.823493,0.827253,0.368346,13.225801,298.21717,187.704916,100,21.633657,5.689284,135.244455,3.620333,-2.472896,0.325061,18.364459,1.175094,-100,2.308415,-2164964,24.685343,-7425597.092379,0.001357,75.037629,8.655732,286.638713,46.186752,0.47841,2.553407,-0.570141,-2.472896,3.433043
03-09-26,24.690001,25.700001,21.77,22.200001,334213,20.088,19.146756,11.660039,0.064921,0.12644,0.009559,TRUE,TRUE,7.486717,0.02409,21.183822,36.676119,58.92519,3.196311,0.876749,0.334273,3.207813,258.064539,134.177235,49.567727,16.965233,7.104247,142.356708,3.840651,-2.537691,0.304785,17.698718,0.433599,-100,2.109929,-2520559,288.123331,-7685134.295691,-0.062828,67.450907,-0.64988,246.431277,40.185171,0.330691,1.639297,-0.552073,-2.537691,1.483598
03-10-26,22.18,23.27,21.18,23.27,141006,20.3355,19.240756,11.727989,0.073485,0.119061,0.009917,TRUE,TRUE,7.512767,0.033104,27.613567,38.175755,62.3544,-0.030591,0.990892,0.358733,9.609048,277.147491,158.555561,64.985589,27.019655,7.219595,152.658025,3.853468,-2.487319,0.28747,16.855439,1.021029,-100,0.874076,-2288197,70.694977,-7522757.61669,0.004559,65.659654,5.020506,265.177937,44.655559,0.444873,2.171118,-0.536162,-2.487319,1.922271
03-11-26,22.9,23.219999,22.139999,22.139999,207922,20.5065,19.315356,11.787039,0.082399,0.111806,0.010279,TRUE,TRUE,7.528317,0.03955,14.819946,39.568273,56.947218,-15.562939,0.978886,0.277382,2.83325,266.556284,120.517923,48.703154,18.269232,7.662279,152.764099,3.902464,-2.412579,0.26375,16.321194,0.790074,-100,1.234314,-2496119,218.434796,-7730679.61669,-0.075785,57.659579,-1.977145,255.156005,42.645174,0.351039,1.664193,-0.513566,-2.412579,1.069295
03-12-26,23.200001,23.790001,22.91,23.66,283261,20.7545,19.424556,11.857539,0.092176,0.104787,0.010645,TRUE,TRUE,7.567017,0.048544,26.662364,41.039293,61.751887,2.826697,1.079578,0.302459,9.740262,294.991665,136.127732,70.605176,26.524058,7.333052,161.882177,3.995922,-2.503355,0.27418,15.404732,1.196966,-100,1.596823,-2318485,171.109856,-7515425.007767,-0.01787,64.133447,5.801721,284.653967,44.681498,0.443003,2.065741,-0.523622,-2.503355,1.794824
03-13-26,23.08,24.15,22.700001,24.120001,246981,20.9655,19.540956,11.931839,0.103279,0.098063,0.011016,TRUE,TRUE,7.609117,0.058014,25.115371,42.514776,63.094208,0.739808,1.18286,0.324593,16.240968,311.604101,153.095504,77.233432,21.206037,7.305733,176.958364,4.000568,-2.503092,0.276892,14.69942,1.343512,-100,1.376665,-2071504,19.498648,-7278663.503432,-0.009286,66.039326,13.814511,302.898541,45.865327,0.456075,2.128205,-0.526206,-2.503092,1.782623
03-16-26,23.209999,23.209999,22.27,22.299999,135213,21.076,19.627156,11.996639,0.114193,0.091565,0.011393,TRUE,TRUE,7.630517,0.064212,16.656417,43.339955,54.886701,-2.060517,1.105113,0.197477,9.260164,281.849292,123.670999,51.008627,11.000493,8.180654,178.100034,4.128101,-2.683411,0.303726,13.886175,0.834076,-100,0.774343,-2213199,-41.464207,-7404872.578372,-0.071753,64.514906,6.119135,271.315739,42.046752,0.427752,1.971295,-0.551114,-2.683411,0.687254
03-17-26,22,22.15,21.65,21.98,69759,21.201,19.702756,12.059739,0.123829,0.085287,0.011773,TRUE,TRUE,7.643017,0.070202,19.371069,43.355019,53.567278,-8.184609,1.00608,0.078755,7.21951,271.912015,142.60484,46.397681,12.833676,8.286754,175.056051,4.131542,-2.686016,0.303896,12.756334,0.662972,-100,0.40733,-2282958,-49.044572,-7382549.71966,-0.032866,64.861205,3.643497,261.754878,41.357713,0.392864,1.809228,-0.551268,-2.686016,0.445
03-18-26,22.6,23.879999,22.6,23.85,132605,21.4215,19.820156,12.131789,0.132487,0.079339,0.012161,TRUE,TRUE,7.688367,0.078201,26.868231,44.055281,59.668759,-3.425449,1.066199,0.111099,16.682973,296.838594,173.195895,70.161288,22.685184,7.894579,179.426658,4.249015,-2.803891,0.332405,11.333606,1.349374,-100,0.765662,-2329826,41.085659,-7316196.962736,-0.001438,65.541418,14.775151,288.250192,42.117848,0.473951,2.167147,-0.576546,-2.803891,1.353478
03-19-26,24.99,25.23,22.73,23.17,174040,21.58,19.918556,12.200789,0.140866,0.073987,0.012554,TRUE,TRUE,7.717767,0.083536,19.017703,45.124204,56.748525,1.861824,1.046904,0.073444,13.634138,299.482747,156.305312,57.191189,15.85,8.54245,180.208364,4.23259,-2.612448,0.294484,10.212634,1.422559,-100,1.002209,-2503866,5.661935,-7428974.808378,-0.015516,65.699882,12.100994,292.180143,41.36951,0.401441,1.79251,-0.542663,-2.612448,0.882312
03-20-26,23.639999,25.120001,23.4,24.799999,303418,21.8435,20.052756,12.279139,0.15031,0.069055,0.012956,TRUE,TRUE,7.773617,0.09019,24.85426,46.116776,61.599911,8.032633,1.149886,0.14114,20.155039,330.555525,185.385506,84.293171,26.984119,8.182604,187.054534,4.286807,-2.660983,0.314279,9.672027,2.053343,-100,1.64188,-2200448,276.622023,-7238457.014447,0.050909,68.079477,20.327791,325.55893,45.036512,0.480566,2.149045,-0.560606,-2.660983,1.580555
03-23-26,23.139999,24.15,22.549999,23.559999,123218,22.006,20.168156,12.351339,0.159428,0.064494,0.013364,TRUE,TRUE,7.816817,0.094687,13.093376,46.087439,56.415688,-3.253071,1.118548,0.087842,17.447657,308.318883,176.5258,62.652692,16.00197,8.373757,187.148237,4.346628,-2.690187,0.333048,8.888314,1.678196,-100,0.668053,-2227494,-5.459093,-7151338.258887,0.030388,62.01307,16.633428,302.517223,45.4613,0.455593,2.037408,-0.577103,-2.690187,0.830358
03-24-26,24.290001,24.4,23.25,24.07,101327,22.23,20.292356,12.425139,0.168335,0.060333,0.013779,TRUE,TRUE,7.867217,0.099481,20.042299,46.160387,57.981979,1.233454,1.121932,0.072981,24.909181,310.05111,181.850115,68.164047,22.868808,8.217105,183.483829,4.348449,-2.689471,0.3326,7.476222,1.861176,-100,0.546417,-2126167,24.452824,-7108164.151689,0.059786,64.891411,24.887935,304.749099,46.42566,0.509712,2.277705,-0.576715,-2.689471,1.002813
03-25-26,23.4,24.16,23.24,23.559999,163100,22.463,20.397956,12.498589,0.176283,0.056559,0.0142,TRUE,TRUE,7.899367,0.102861,10.877963,46.216443,55.821603,-5.778308,1.071114,0.01773,26.666661,295.96639,194.868587,52.654843,24.656084,8.003881,167.89755,4.358265,-2.677892,0.338307,6.761124,1.780663,-100,0.864335,-2254919,66.641124,-7118138.532489,0.071534,58.270013,25.863114,288.842799,45.680911,0.5542,2.481562,-0.581642,-2.677892,0.653374
03-26-26,24.030001,25.25,23.799999,25.23,98069,22.7675,20.528156,12.580689,0.184167,0.053265,0.014629,TRUE,TRUE,7.947467,0.108338,3.92857,46.70592,60.952157,4.536469,1.152312,0.079143,34.703685,329.081617,214.196767,89.601744,31.818184,7.108885,159.472429,4.43442,-2.754315,0.356826,8.113935,2.241055,-100,0.519702,-2300778,0.043866,-7027953.684674,0.103795,54.272761,35.400185,323.208528,46.510286,0.637912,2.847474,-0.597349,-2.754315,1.544154
03-27-26,25.58,27.32,25.58,27.08,133270,23.1295,20.705956,12.672289,0.192823,0.050548,0.015066,TRUE,TRUE,8.033667,0.116626,29.975417,47.800646,65.703766,7.721787,1.350376,0.221765,45.826604,354.362412,227.05315,96.091209,36.491934,6.137899,171.258941,4.517706,-2.770669,0.346361,13.108708,2.596986,-100,0.717586,-2167508,-30.91812,-6931447.79238,0.138675,64.938034,46.502279,348.297017,49.931283,0.772451,3.357255,-0.588525,-2.770669,2.306741
03-30-26,26.110001,27.42,26.08,26.940001,85407,23.471,20.879956,12.762789,0.201498,0.0484,0.015512,TRUE,TRUE,8.117167,0.123671,23.908789,48.843858,65.058577,9.236974,1.478997,0.280309,46.333519,370.979048,223.021583,91.681118,33.963201,5.970941,175.913228,4.50944,-2.76243,0.343661,12.558588,2.670803,-100,0.46572,-2239157,-35.329573,-6905296.558846,0.164614,70.268763,46.756621,364.82208,46.893588,0.769477,3.34356,-0.586226,-2.76243,1.971995
03-31-26,25.709999,26.049999,24.299999,24.549999,133017,23.646,20.986156,12.840789,0.208879,0.046728,0.015964,TRUE,TRUE,8.145367,0.126657,14.509327,47.971955,55.109551,-5.842606,1.372258,0.138856,34.8901,324.006898,170.374443,50.259955,16.627079,6.991563,167.78256,4.677718,-2.941682,0.390946,11.839885,2.006915,-100,0.757062,-2372174,-53.607999,-7000308.701703,0.192501,72.086089,32.920595,316.240557,41.774882,0.666594,2.898677,-0.625257,-2.941682,0.538792
04-01-26,24.040001,24.51,23.549999,23.84,85342,23.824,21.056356,12.911689,0.213774,0.045505,0.016422,TRUE,TRUE,8.144667,0.127753,1.139242,46.506851,52.539136,-13.16463,1.216355,-0.013638,30.27323,314.608698,162.844553,37.954946,17.554237,7.005034,147.899115,4.693814,-2.954144,0.391902,11.79047,1.905153,-100,0.484556,-2462092,10.987996,-6906290.009662,0.190744,65.133809,27.315156,306.545262,40.260847,0.64167,2.782911,-0.626021,-2.954144,0.010818
04-02-26,25.290001,25.530001,23.75,23.879999,110246,23.9385,21.166356,12.986189,0.215895,0.044751,0.016886,TRUE,TRUE,8.180167,0.129046,-1.560479,45.610424,52.673061,-12.385516,1.083538,-0.117164,32.740408,317.482518,160.414383,38.648169,10.606758,7.092009,138.242842,4.69253,-2.97311,0.393134,11.85138,1.830467,-100,0.648805,-2351846,-52.946047,-7000432.771517,0.166035,62.675012,29.819771,309.078594,40.121074,0.688884,2.99153,-0.627004,-2.97311,-0.042317
04-06-26,23.93,23.93,23.16,23.27,57562,23.8735,21.272556,13.055039,0.214177,0.044465,0.017356,TRUE,TRUE,8.217517,0.128756,6.845458,44.272443,50.340119,-4.769432,0.91847,-0.225786,27.85714,301.206891,162.937847,28.076269,-5.291002,6.946406,138.173532,4.706196,-2.999031,0.392771,11.50388,1.730833,-100,0.369108,-2320522,-82.920149,-7013110.955344,0.059675,65.158695,25.698258,292.727031,41.310755,0.628121,2.718926,-0.626714,-2.999031,-0.436769
04-07-26,23.75,24.940001,23.639999,24.1,154218,23.9685,21.388156,13.129389,0.210423,0.044703,0.017831,TRUE,TRUE,8.258767,0.129029,14.441424,43.493646,53.366654,0.827518,0.844887,-0.239495,34.037825,317.677651,120.49405,31.827533,8.558557,7.009485,132.476137,4.713373,-2.982012,0.384992,10.754274,2.021502,-100,1.049466,-2166304,-53.856373,-7058189.923795,0.136824,70.240368,32.075816,310.29142,42.687898,0.694747,2.983695,-0.620477,-2.982012,0.099264
04-08-26,21.610001,22.540001,21.32,21.74,180638,23.892,21.453956,13.189989,0.203649,0.045365,0.018309,TRUE,TRUE,8.263967,0.125202,-13.909037,41.055299,44.973658,-7.699403,0.589346,-0.396029,19.123286,278.086953,64.323511,6.885247,-6.574992,8.059536,140.873454,4.901224,-3.129281,0.398889,11.544159,1.394168,-100,1.2129,-2340141,28.106605,-7086546.063701,0.068775,62.210034,15.080334,269.54126,39.374093,0.560532,2.341631,-0.631576,-3.129281,-1.527612
04-09-26,21.91,21.93,20.9,20.9,106111,23.83,21.500956,13.247639,0.193341,0.04641,0.01879,FALSE,TRUE,8.253317,0.120495,-14.807572,38.526232,42.416632,-7.923487,0.315411,-0.535971,15.533441,256.655275,59.05631,0,-5.600722,7.881068,151.330601,4.925894,-3.075284,0.383297,12.473059,1.053346,-100,0.737701,-2446252,-48.965958,-7192657.063701,0.106599,55.509031,12.945791,248.06239,38.045237,0.425865,1.747628,-0.61911,-3.075284,-1.936158
04-10-26,20.790001,21.34,20.68,21.18,65125,23.706,21.553756,13.307439,0.18018,0.047877,0.019273,FALSE,TRUE,8.246317,0.116846,-25.894128,36.036166,43.568397,-9.798258,0.119531,-0.58548,19.055645,267.708324,42.722373,7.418398,-10.481824,7.341833,162.542115,4.920237,-3.04479,0.379082,13.58013,0.997167,-100,0.489907,-2334968,-77.008836,-7126269.183208,0.0529,44.865933,16.442625,258.577315,39.991473,0.438193,1.794167,-0.615697,-3.04479,-1.554058
04-13-26,21.35,21.5,20.34,20.34,83651,23.517,21.586556,13.366089,0.163212,0.049729,0.019757,FALSE,TRUE,8.220467,0.110785,-23.711335,33.499646,40.923868,-4.04979,-0.102306,-0.645854,13.885775,252.513002,73.401543,0,-15.671644,7.262257,178.652885,4.934735,-3.057257,0.381071,14.717314,0.933394,-100,0.670459,-2497792,-66.130593,-7165686.999483,-0.072042,46.262699,11.266137,242.153645,37.284922,0.430748,1.761326,-0.61731,-3.057257,-1.778309
04-14-26,19.889999,20.15,19.780001,20.09,62271,23.4065,21.608956,13.423989,0.142573,0.051966,0.020243,FALSE,TRUE,8.184967,0.10428,-29.879877,31.435475,40.142904,-2.273728,-0.294888,-0.670749,9.901528,210.030866,43.911175,4.057585,-9.91031,7.142858,192.847162,4.938714,-3.056778,0.382203,15.980173,0.852071,-100,0.514128,-2560063,-53.945996,-7123611.87802,-0.004587,41.020442,6.726923,197.432444,36.605913,0.441616,1.805959,-0.618226,-3.056778,-1.719756
04-15-26,19.92,20.299999,19.870001,20.18,118445,23.3165,21.652156,13.482639,0.119118,0.054619,0.020731,FALSE,TRUE,8.169517,0.099514,-26.201545,29.410434,40.582503,-2.985894,-0.435231,-0.648873,7.799151,221.337574,48.164468,5.235598,-8.18926,6.937563,203.747068,4.891384,-3.048553,0.388066,17.019725,0.588001,-100,0.95865,-2407930,69.791711,-7128108.247699,0.007649,49.718444,4.316764,210.059045,37.533397,0.373489,1.549507,-0.622949,-3.048553,-1.539408
04-16-26,20.110001,20.559999,19.959999,20.110001,170548,23.1295,21.679,13.541039,0.093291,0.057682,0.02122,FALSE,TRUE,8.137961,0.096429,-45.309728,27.33604,40.334388,-0.58948,-0.54581,-0.607562,10.55525,217.192431,66.611443,4.319371,-15.681341,6.574555,215.421355,4.838764,-3.012348,0.373573,18.266278,0.265662,-100,1.359477,-3432842,28.613552,-7460027.336629,-0.076827,51.166481,7.72099,207.124289,29.711954,0.327402,1.357098,-0.611206,-3.012348,-1.401671
04-17-26,19.68,19.940001,19.5,19.940001,117842,22.968,21.6958,13.598689,0.065092,0.061188,0.021711,FALSE,TRUE,8.097111,0.089772,-74.220376,25.749987,39.699585,-0.443319,-0.639788,-0.561232,9.32018,186.90649,66.583125,5.555562,-13.940438,6.100445,226.903301,4.670769,-2.952911,0.38865,19.204734,0.770655,-100,0.960868,-3550684,-32.290278,-7342185.336629,0.015435,42.590799,5.516721,175.128754,29.215713,0.492464,2.140628,-0.623418,-2.952911,-1.334489
04-20-26,20.190001,20.5,20.09,20.15,126246,22.7355,21.6948,13.657439,0.035645,0.064306,0.022204,FALSE,TRUE,8.037361,0.082661,-70.072259,23.987026,40.936208,0.353705,-0.689374,-0.488654,4.729729,214.843739,55.718704,9.923659,-18.749999,5.760369,230.931164,4.660018,-2.947414,0.388818,13.439647,0.961964,-100,1.109536,-3853347,-58.392053,-7450875.058306,-0.106323,43.034552,0.906509,202.123372,28.282218,0.537334,2.341379,-0.623553,-2.947414,-1.119598
