Date,Open,High,Low,Close,Volume,SMA20,SMA50,SMA200,SMA20_Slp,SMA50_Slp,SMA200_Slp,>MA50,>MA200,GoldenX,LinReg_Slp,Chande,ADX14,RSI14,RSI_D3,MACD_Line,MACD_Hist,RET_3M_pct,RET_6M_pct,RET_12M_pct,StochK14,ROC20_pct,ATR_pct,StdDev20,Vol60,Beta60,R2_60,Ulcer14,Sharpe60,MaxDD_6M_pct,Vol_vs_Avg,OBV,VolROC20,AD_Line,CMF20,MFI14,RS_3M,RS_6M,RS_Bench,Alpha60,InfoRatio,Corr60,Beta,ZScore
02-12-24,20.49,20.559999,20.32,20.514999,138357,21.514,22.5103,25.343675,-0.06518,-0.091901,0.194313,FALSE,FALSE,-2.833375,-0.069549,-40.160083,33.232165,29.431946,-1.575928,-0.587607,-0.048918,-21.126493,-18.201757,-30.030697,11.818166,-8.496881,1.594651,69.133101,1.193736,-1.440946,0.459744,4.124148,-4.484019,-31.402748,0.500639,-4365333,4783.762796,-58473933.553817,-0.360289,27.005435,-29.357408,-23.842275,0,-0.179653,-3.25032,-0.678044,-1.440946,-1.44504
02-13-24,21.049999,21.360001,20.950001,21.09,603210,21.4355,22.4447,25.305725,-0.069607,-0.091975,0.194669,FALSE,FALSE,-2.861025,-0.068909,-18.1572,31.682924,41.23936,10.418331,-0.542128,-0.002752,-19.102415,-15.028201,-27.773974,46.666705,-6.928507,1.722211,64.171022,1.259966,-1.405175,0.514126,4.253153,-3.626152,-31.402748,2.05303,-3762123,137.359031,-58665196.903773,-0.37283,39.443096,-24.362685,-18.781557,0,-0.189744,-3.429629,-0.717026,-1.405175,-0.538405
02-14-24,20.860001,21.049999,20.68,20.68,500210,21.323,22.3763,25.268025,-0.073711,-0.091936,0.194981,FALSE,FALSE,-2.891725,-0.068812,-21.963851,30.76174,36.54406,7.689271,-0.533025,0.005081,-17.510967,-18.582675,-27.489481,21.818224,-9.812473,1.811619,55.763466,1.278264,-1.401431,0.53644,4.501711,-3.935145,-31.402748,1.693035,-4262333,7.004802,-59165406.903773,-0.40795,39.200254,-22.937838,-26.174968,0,-0.198719,-3.624653,-0.732421,-1.401431,-1.153084
02-15-24,20.67,20.700001,20.440001,20.450001,386300,21.2195,22.2975,25.228975,-0.077373,-0.091798,0.195249,FALSE,FALSE,-2.931475,-0.069502,-28.217827,30.328028,34.192225,4.760279,-0.538167,-0.000048,-18.167263,-20.644158,-28.396355,7.878854,-9.191828,1.845966,51.418022,1.272644,-1.330283,0.527478,4.844657,-3.866469,-31.536658,1.328959,-4648633,-19.814679,-59521990.865186,-0.408534,37.119721,-24.995736,-29.879896,0,-0.168134,-3.050963,-0.726277,-1.330283,-1.496556
02-16-24,20.5,20.719999,20.4,20.67,364880,21.154,22.2223,25.187875,-0.08014,-0.091538,0.195473,FALSE,FALSE,-2.965575,-0.069384,-15.01274,29.994576,38.283603,-2.955757,-0.518512,0.015685,-17.154311,-21.076748,-27.218309,21.212149,-5.959961,1.80904,49.529527,1.280559,-1.33358,0.512505,5.022513,-3.729844,-31.536658,1.260255,-4283753,-5.930154,-59271134.234044,-0.302427,43.367758,-24.077353,-30.952293,0,-0.14029,-2.490828,-0.715894,-1.33358,-0.977195
02-20-24,20.83,21.09,20.76,20.91,432266,21.10475,22.1479,25.145725,-0.08231,-0.091181,0.195654,FALSE,FALSE,-2.997825,-0.069016,-9.17878,28.664351,42.484585,5.940526,-0.478059,0.044911,-16.024096,-20.190843,-28.292181,35.757593,-4.498747,1.894172,46.583111,1.291613,-1.341667,0.510147,5.118994,-3.281417,-31.536658,1.429258,-3851487,148.400184,-59310432.051655,-0.310397,49.060585,-22.119969,-29.996225,0,-0.106942,-1.877952,-0.714246,-1.341667,-0.41807
02-21-24,21.040001,21.17,20.870001,20.879999,236636,21.06025,22.0801,25.1012,-0.083567,-0.090729,0.19579,FALSE,FALSE,-3.0211,-0.068577,-31.232115,27.223953,42.098818,7.906593,-0.44331,0.063728,-14.845029,-19.22631,-28.882838,34.999958,-4.088201,1.766899,44.077227,1.291659,-1.336095,0.508438,3.24397,-3.272965,-31.536658,0.767872,-4088123,93.919428,-59531294.926113,-0.322745,46.618635,-20.342477,-28.839986,0,-0.112243,-1.967537,-0.713048,-1.336095,-0.408943
02-22-24,20.5,20.5,19.955,20.030001,674082,20.97375,21.9995,25.0578,-0.084476,-0.090207,0.195881,FALSE,FALSE,-3.0583,-0.068981,-37.662342,27.462252,32.965556,-5.318046,-0.478839,0.022559,-18.742389,-22.961536,-34.435348,5.067621,-7.950365,1.989872,46.529232,1.37403,-1.397631,0.49873,2.392173,-4.02641,-32.942752,2.038707,-4762205,200.032047,-60019847.908842,-0.406667,43.330363,-25.775421,-34.083455,0,-0.168618,-2.751512,-0.706208,-1.397631,-2.028293
02-23-24,19.91,20.040001,19.84,19.959999,207847,20.89525,21.9213,25.0141,-0.08484,-0.089624,0.195929,FALSE,FALSE,-3.0928,-0.069331,-30.434826,27.840277,32.343236,-10.141349,-0.506803,-0.004324,-18.313896,-21.571715,-34.877653,7.894664,-7.292158,1.84655,49.780956,1.373927,-1.399122,0.498574,2.820005,-4.054873,-33.177106,0.653264,-4970052,-54.553565,-59978281.680324,-0.356186,46.972372,-25.918351,-32.214423,0,-0.148501,-2.423054,-0.706098,-1.399122,-1.878732
02-26-24,19.965,20.18,19.959999,20.18,141131,20.82475,21.8515,24.97025,-0.084451,-0.08897,0.195933,FALSE,FALSE,-3.11875,-0.069099,-27.478729,27.814055,36.406439,-5.692379,-0.505386,-0.002326,-17.261169,-22.829826,-33.421311,22.368424,-6.530801,1.780405,49.406861,1.386074,-1.410464,0.505089,2.844873,-3.793395,-33.177106,0.44381,-4828921,-2.32608,-59837150.680324,-0.342446,41.915032,-24.3754,-33.445305,0,-0.140274,-2.283633,-0.710696,-1.410464,-1.30498
02-27-24,20.129999,20.27,20.09,20.09,158278,20.76625,21.7925,24.92715,-0.083429,-0.088289,0.195892,FALSE,FALSE,-3.13465,-0.068687,-27.478729,27.545647,35.468019,2.502463,-0.505696,-0.002109,-18.333334,-22.192098,-35.214447,16.447363,-5.503293,1.791937,50.886569,1.384487,-1.416567,0.510205,3.114123,-3.921925,-33.177106,0.49727,-4987199,3.868542,-59995428.680324,-0.345642,45.422232,-25.319712,-32.289558,0,-0.16557,-2.712597,-0.714286,-1.416567,-1.328936
02-28-24,20.209999,20.25,20.120001,20.18,143515,20.71075,21.7379,24.884,-0.081958,-0.087558,0.195808,FALSE,FALSE,-3.1461,-0.068235,-16.463381,27.296411,37.210979,4.867743,-0.492997,0.008472,-17.800404,-20.769529,-34.544274,22.368424,-5.213718,1.706074,50.926728,1.386273,-1.424385,0.511367,3.287515,-3.668315,-33.177106,0.446199,-4843684,87.317271,-60006468.619655,-0.340516,49.000879,-24.943781,-29.577076,0,-0.164367,-2.69262,-0.715099,-1.424385,-1.042183
02-29-24,20.02,20.23,19.9,20.030001,116269,20.61375,21.6803,24.83965,-0.08043,-0.086793,0.19568,FALSE,FALSE,-3.15935,-0.068253,-19.648086,27.448076,35.490475,-0.915964,-0.489395,0.00966,-18.344883,-19.070704,-35.387095,12.500031,-8.830217,1.797305,43.632682,1.383488,-1.432721,0.510366,3.516801,-3.605973,-33.177106,0.380799,-4959953,-73.721847,-60031130.967029,-0.435199,48.579357,-26.115443,-27.049433,0,-0.165984,-2.721795,-0.714399,-1.432721,-1.337872
03-01-24,20.030001,20.030001,19.639999,19.65,209916,20.52225,21.6188,24.79425,-0.079216,-0.085984,0.195508,FALSE,FALSE,-3.17545,-0.068177,-23.463679,28.00468,31.515063,-3.952956,-0.511309,-0.009804,-20.056958,-20.024421,-37.220447,0.581408,-8.519553,1.890223,43.698863,1.38435,-1.438142,0.523675,3.888414,-4.196287,-34.214934,0.69614,-5169869,-26.512608,-60230281.833364,-0.43044,48.761425,-28.257062,-28.577795,0,-0.19499,-3.239781,-0.723654,-1.438142,-1.996048
03-04-24,19.73,19.73,19.58,19.719999,108357,20.45775,21.5636,24.7473,-0.07825,-0.085102,0.195292,FALSE,FALSE,-3.1837,-0.067654,-21.931025,28.614429,33.003795,-4.207184,-0.517067,-0.01245,-19.080843,-20.032443,-36.119214,7.865131,-6.139938,1.850914,45.599648,1.385781,-1.439958,0.526113,4.195585,-4.155252,-34.214934,0.39002,-5061512,-81.40525,-60136372.800786,-0.40013,49.149479,-26.315635,-28.427053,0,-0.198986,-3.31124,-0.725337,-1.439958,-1.617887
03-05-24,19.889999,20.295,19.865,20.129999,263702,20.40675,21.5034,24.70585,-0.076793,-0.084116,0.195032,FALSE,FALSE,-3.20245,-0.065859,-27.745685,27.530332,41.082439,5.591964,-0.48298,0.01731,-16.473034,-18.170736,-32.562818,34.591144,-4.822697,1.717409,43.084457,1.413035,-1.432115,0.492307,3.643199,-3.839103,-34.214934,0.997426,-4797810,-50.481566,-60075047.733559,-0.377402,44.440537,-22.834592,-25.368649,0,-0.161311,-2.543381,-0.701646,-1.432115,-0.642345
03-06-24,19.870001,20.02,19.75,19.92,269841,20.34975,21.4482,24.66615,-0.075109,-0.083055,0.19473,FALSE,FALSE,-3.21795,-0.064768,-23.312889,26.744799,38.520335,7.005272,-0.467521,0.026215,-18.327181,-19.742142,-33.187994,21.383655,-5.413103,1.724757,41.499045,1.408359,-1.441254,0.501696,3.84547,-3.773245,-34.214934,0.996603,-5067651,89.660238,-60005089.379386,-0.33241,47.409583,-24.984459,-27.934748,0,-0.147382,-2.353328,-0.708305,-1.441254,-1.035566
03-07-24,19.67,19.735001,19.469999,19.530001,461636,20.29025,21.3864,24.6239,-0.073325,-0.081954,0.194384,FALSE,FALSE,-3.2375,-0.064431,-26.900586,26.526525,34.248511,1.244716,-0.481193,0.010035,-20.057305,-22.376785,-36.508451,3.529491,-5.743237,1.828689,44.344487,1.422535,-1.452275,0.510651,4.189643,-3.938847,-34.616672,1.616907,-5529287,176.859782,-60257678.900939,-0.339622,46.723359,-27.651474,-32.662179,0,-0.1485,-2.368935,-0.714599,-1.452275,-1.714417
03-08-24,19.5,19.83,19.299999,19.780001,343432,20.24425,21.3346,24.5798,-0.071337,-0.080778,0.193995,FALSE,FALSE,-3.2452,-0.063754,-25.797078,26.613181,38.924276,-2.158162,-0.466477,0.0198,-19.691428,-21.910775,-35.507008,25.668515,-4.444445,1.881411,44.641039,1.436402,-1.464015,0.510617,4.420977,-3.519585,-34.616672,1.148993,-5185855,354.407367,-59979044.31881,-0.26745,46.180643,-27.716809,-32.358111,0,-0.120832,-1.908895,-0.714575,-1.464015,-1.039961
03-11-24,19.879999,20.030001,19.790001,19.84,161655,20.21175,21.2838,24.53375,-0.069183,-0.079528,0.193561,FALSE,FALSE,-3.24995,-0.063091,-32.721699,26.118678,40.026572,1.506237,-0.444846,0.033145,-18.252988,-21.518989,-37.619871,28.877041,-3.172277,1.814517,45.121255,1.43675,-1.484539,0.520568,4.498599,-3.308582,-34.616672,0.545992,-5024200,-25.88101,-60073344.032349,-0.255498,41.693387,-26.476522,-32.497431,0,-0.086754,-1.384343,-0.721504,-1.484539,-0.823891
03-12-24,19.68,19.870001,19.370001,19.41,385048,20.1565,21.2224,24.48795,-0.067219,-0.078261,0.193085,FALSE,FALSE,-3.26555,-0.063987,-40.054476,26.375029,35.132755,0.884244,-0.457131,0.016688,-19.326682,-22.204412,-40.732825,9.166712,-5.386301,1.928315,47.892723,1.424247,-1.508388,0.493945,1.851823,-3.245812,-35.018415,1.248492,-5409248,178.300339,-60396785.879945,-0.311736,33.369179,-27.658787,-32.961285,0,-0.111044,-1.739851,-0.702812,-1.508388,-1.558692
03-13-24,19.41,19.59,19.389999,19.485001,122030,20.07625,21.1563,24.4462,-0.065601,-0.076998,0.192565,FALSE,FALSE,-3.2899,-0.064779,-18.825549,26.61307,36.589036,-2.33524,-0.455563,0.014605,-18.37034,-22.770507,-40.757066,18.593087,-7.61024,1.655121,44.772773,1.426265,-1.494711,0.481524,2.0584,-3.064873,-35.018415,0.429152,-5287218,-79.769898,-60402886.332557,-0.305553,39.47727,-27.21009,-34.007528,0,-0.099182,-1.533091,-0.693919,-1.494711,-1.320556
03-14-24,19.43,19.799999,19.43,19.58,211605,20.02125,21.0843,24.4057,-0.0645,-0.075772,0.192002,FALSE,FALSE,-3.3214,-0.065225,-13.01367,26.209172,38.473221,-1.553351,-0.441565,0.022882,-17.279257,-22.270744,-38.350127,28.140749,-5.319151,1.709107,43.709521,1.429154,-1.58998,0.512658,2.187134,-2.968418,-35.018415,0.783951,-5075613,-57.696767,-60442919.651972,-0.236645,46.247498,-25.821644,-32.342826,0,-0.063176,-1.005213,-0.716001,-1.58998,-1.009506
03-15-24,19.799999,19.969999,19.719999,19.870001,262212,19.99225,21.0151,24.3658,-0.063491,-0.074578,0.191397,FALSE,FALSE,-3.3507,-0.065324,-10.367876,25.354274,43.948542,8.815787,-0.402432,0.049612,-13.75868,-19.781992,-38.291924,57.286545,-2.836185,1.745273,42.625797,1.444518,-1.599073,0.504005,2.225335,-2.517668,-35.018415,0.994294,-4813401,-32.122185,-60390474.051141,-0.164662,48.248145,-20.369578,-28.19594,0,-0.038436,-0.599753,-0.709933,-1.599073,-0.286796
03-18-24,19.549999,19.65,19.43,19.629999,285612,19.94025,20.9425,24.3232,-0.062413,-0.073409,0.190749,FALSE,FALSE,-3.3807,-0.066073,-14.649707,25.12758,40.718992,4.129956,-0.386332,0.05257,-14.316895,-22.655635,-36.901322,33.165794,-5.031451,1.861219,40.197027,1.445931,-1.612111,0.494299,2.338481,-2.538949,-35.018415,1.09955,-5099013,-21.724403,-60156792.85634,-0.170481,41.663837,-20.058875,-30.798551,0,-0.068925,-1.064094,-0.703064,-1.612111,-0.771825
03-19-24,19.700001,19.76,19.4,19.424999,172455,19.866,20.8786,24.282,-0.061348,-0.07232,0.190059,FALSE,FALSE,-3.4034,-0.065881,-23.19511,24.599046,38.140821,-0.3324,-0.385668,0.042587,-15.211701,-23.403002,-38.95349,12.562803,-7.101868,1.954404,34.677683,1.389089,-1.544479,0.45969,2.326557,-3.400951,-35.018415,0.698869,-5271468,-60.104426,-60305296.179095,-0.201583,37.012606,-22.435876,-32.305609,0,-0.109925,-1.709015,-0.678005,-1.544479,-1.271713
03-20-24,19.43,19.459999,19.059999,19.09,503943,19.7765,20.8062,24.24315,-0.060401,-0.071369,0.189326,FALSE,FALSE,-3.43695,-0.066812,-27.325593,24.743986,34.316992,-9.63155,-0.407476,0.016623,-15.9956,-25.107884,-38.970589,2.429204,-8.572793,2.014893,29.899883,1.384014,-1.535404,0.458051,2.702185,-3.363085,-36.089723,1.937286,-5775411,112.961257,-60733645.926852,-0.231107,33.33061,-23.53736,-36.322917,0,-0.106198,-1.654623,-0.676795,-1.535404,-2.295995
03-21-24,18.870001,18.959999,18.82,18.959999,294444,19.723,20.7366,24.2031,-0.059655,-0.070582,0.188551,FALSE,FALSE,-3.4665,-0.067858,-21.630107,25.276808,32.936988,-7.782004,-0.43029,-0.004952,-15.658365,-26.978629,-37.733995,9.491482,-5.341995,1.9835,34.364699,1.384993,-1.545954,0.46101,3.051011,-3.440261,-36.524946,1.221018,-6069855,-56.319261,-60439201.926852,-0.08695,32.702542,-22.307544,-38.39245,0,-0.119557,-1.866544,-0.678977,-1.545954,-2.220304
03-22-24,18.959999,19.049999,18.950001,19.01,110997,19.6755,20.6672,24.1639,-0.058945,-0.06993,0.187734,FALSE,FALSE,-3.4967,-0.069042,-22.397433,25.490418,34.035734,-4.105087,-0.439271,-0.011147,-17.847879,-29.172876,-39.57406,12.881389,-4.759514,1.959495,37.352143,1.382513,-1.538986,0.457872,3.350151,-3.184455,-36.524946,0.469721,-5958858,-46.596776,-60417001.679999,-0.09283,35.515978,-25.173714,-42.461391,0,-0.128984,-2.011487,-0.676663,-1.538986,-1.781691
03-25-24,19.15,19.16,19.07,19.155001,223263,19.62425,20.6007,24.124375,-0.058246,-0.069395,0.186874,FALSE,FALSE,-3.523675,-0.069785,-33.56274,25.343262,37.246626,2.929635,-0.429735,-0.001288,-15.542326,-28.923933,-38.713802,27.68601,-5.079284,1.78618,37.096707,1.388304,-1.551471,0.458987,2.716176,-3.034327,-36.524946,0.928674,-5735595,58.195577,-60218541.474176,-0.079321,34.621928,-21.860067,-42.228028,0,-0.110968,-1.725076,-0.677485,-1.551471,-1.264935
03-26-24,19.059999,19.25,19.030001,19.25,133377,19.58225,20.5373,24.087,-0.057266,-0.068947,0.185973,FALSE,FALSE,-3.5497,-0.070023,-24.014315,24.923086,39.330276,6.393288,-0.409788,0.014927,-14.898323,-28.091148,-37.762691,35.537186,-4.181185,1.717996,36.292486,1.388736,-1.559356,0.465019,2.654857,-3.024025,-36.524946,0.557677,-5602218,-15.732445,-60085164.474176,-0.01876,39.567497,-20.493404,-40.969583,0,-0.119768,-1.871772,-0.681923,-1.559356,-0.915479
03-27-24,19.040001,19.190001,18.940001,18.940001,111716,19.52025,20.4629,24.048375,-0.056268,-0.068556,0.18503,FALSE,FALSE,-3.585475,-0.070065,-21.7712,24.72549,35.220583,1.184849,-0.414219,0.008396,-15.333036,-31.302137,-38.685656,9.917417,-6.144696,1.693316,36.134789,1.382963,-1.540919,0.470741,2.898943,-3.60855,-36.591898,0.470234,-5713934,-22.157266,-60196880.474176,-0.040074,43.809182,-21.176505,-46.608005,0,-0.139255,-2.197178,-0.686106,-1.540919,-1.605792
03-28-24,18.950001,18.959999,18.85,18.940001,114585,19.46575,20.3831,24.012175,-0.055789,-0.068198,0.184045,FALSE,FALSE,-3.629075,-0.069232,-34.146307,24.735474,35.220583,-2.026043,-0.412971,0.007716,-15.370861,-31.351938,-38.824286,9.917417,-5.441838,1.534921,36.261567,1.358237,-1.520603,0.474478,3.154989,-4.007585,-36.591898,0.482481,-5713934,-1.448365,-60123960.218154,-0.019544,35.898751,-21.79779,-47.597828,0,-0.160679,-2.59052,-0.688824,-1.520603,-1.449881
04-01-24,18.9,19.1,18.860001,19,204909,19.43325,20.3127,23.977975,-0.055493,-0.067867,0.18302,FALSE,FALSE,-3.665275,-0.06781,-34.146307,24.253506,36.705173,-2.625103,-0.4025,0.014549,-15.480425,-30.300808,-36.887559,15.652206,-3.307886,1.526314,37.417717,1.354887,-1.526848,0.480494,3.364771,-4.081998,-36.591898,0.863717,-5509025,-2.38524,-60089809.53239,0.029605,36.613739,-21.802341,-45.633548,0,-0.168824,-2.744335,-0.693177,-1.526848,-1.157874
04-02-24,19.25,19.440001,19.25,19.26,334203,19.41025,20.2583,23.945225,-0.054907,-0.067546,0.181953,FALSE,FALSE,-3.686925,-0.06584,-6.550194,22.744816,42.820513,7.59993,-0.368969,0.038464,-15.489252,-29.759299,-35.27138,38.260929,-2.332653,1.483458,36.973483,1.372572,-1.546978,0.492038,3.407646,-3.707794,-36.591898,1.344701,-5174822,208.427697,-60388832.562928,-0.05079,48.120921,-21.416463,-44.572393,0,-0.162911,-2.643627,-0.701455,-1.546978,-0.406372
04-03-24,19.370001,19.370001,19.129999,19.24,137825,19.36575,20.2052,23.915275,-0.054186,-0.067237,0.180846,FALSE,FALSE,-3.710075,-0.064766,-10.961994,21.659903,42.480502,7.259919,-0.340088,0.053876,-16.997414,-29.883384,-33.54059,36.521758,-4.421259,1.49985,32.996926,1.334611,-1.507984,0.488286,3.473031,-3.288381,-36.591898,0.568962,-5312647,-47.734564,-60400318.162149,-0.067138,47.899975,-23.152315,-46.887044,0,-0.135795,-2.25795,-0.698774,-1.507984,-0.381097
04-04-24,18.940001,19.73,18.940001,19.719999,365686,19.35575,20.1642,23.886975,-0.052943,-0.066941,0.179699,FALSE,FALSE,-3.722775,-0.062564,5.343483,20.560894,52.274821,15.569648,-0.275295,0.094935,-15.473642,-30.120483,-31.325094,78.260862,-1.00402,1.615473,31.497819,1.378868,-1.55324,0.483017,3.45695,-2.780479,-36.591898,1.48032,-4946961,35.519065,-60043890.259086,-0.007853,50.365087,-21.017632,-47.754656,0,-0.094308,-1.510038,-0.694994,-1.55324,1.156427
04-05-24,19.620001,19.65,19.195,19.295,319684,19.344,20.1149,23.85555,-0.051312,-0.066646,0.178512,FALSE,FALSE,-3.74065,-0.061351,-20.871163,19.540385,44.972829,2.152315,-0.255297,0.091946,-17.046432,-30.418318,-33.602889,50.531927,-1.20328,1.701032,31.250937,1.395847,-1.573665,0.50103,2.865917,-2.929808,-36.591898,1.332383,-5266645,-30.749768,-60223053.25992,0.007216,41.416666,-23.331709,-49.048169,0,-0.085278,-1.372978,-0.707835,-1.573665,-0.156795
04-08-24,19.26,19.35,19.209999,19.325001,94012,19.32125,20.0708,23.824075,-0.04931,-0.066355,0.177284,FALSE,FALSE,-3.753275,-0.059845,-11.98422,18.592769,45.551013,3.070511,-0.234327,0.090334,-14.566755,-30.535582,-33.841146,53.723487,-2.300303,1.587506,29.517998,1.395734,-1.581511,0.501418,2.912934,-2.934361,-36.591898,0.413307,-5172633,-72.625731,-60162616.150834,-0.040352,44.024075,-20.192899,-48.472881,0,-0.075033,-1.208593,-0.708109,-1.581511,0.012707
04-09-24,19.190001,19.629999,19.18,19.27,184750,19.29275,20.0244,23.790725,-0.04684,-0.066027,0.176015,FALSE,FALSE,-3.766325,-0.058255,-6.471764,18.456213,44.625274,-7.649547,-0.219614,0.084037,-15.147507,-29.128356,-33.597518,49.450642,-2.872982,1.625397,26.879586,1.395381,-1.576385,0.500604,2.949116,-2.989067,-36.591898,0.808117,-5357383,14.286598,-60273465.837605,-0.043768,49.814683,-21.738212,-47.062584,0,-0.074403,-1.197779,-0.707534,-1.576385,-0.084635
04-10-24,19.700001,19.799999,19.52,19.65,416487,19.30475,19.9922,23.760275,-0.043689,-0.065642,0.174706,FALSE,FALSE,-3.768075,-0.055965,22.950793,18.732248,51.898854,6.926025,-0.175271,0.102704,-12.433159,-26.044412,-32.206316,84.693909,1.236475,1.64122,27.945179,1.424468,-1.609182,0.515032,2.824406,-2.512191,-36.591898,1.80932,-4940896,8.164956,-60303215.719635,0.020325,65.029374,-18.140138,-41.453038,0,-0.060774,-0.97254,-0.717657,-1.609182,1.235453
04-11-24,19.559999,19.83,19.275,19.370001,281065,19.299,19.9538,23.726225,-0.040607,-0.065217,0.173356,FALSE,FALSE,-3.772425,-0.053573,15.830194,18.157943,47.000019,1.449006,-0.160868,0.093686,-13.834514,-26.461653,-33.229918,53.061296,-0.590196,1.77004,27.67175,1.42289,-1.549585,0.478841,2.67233,-2.978978,-36.591898,1.180244,-5221961,130.32451,-60488059.085708,-0.017883,65.129797,-19.434027,-40.324552,0,-0.108094,-1.670498,-0.691984,-1.549585,0.256582
04-12-24,19.65,20.059999,19.57,19.940001,594012,19.317,19.9132,23.693925,-0.036967,-0.064724,0.171966,TRUE,FALSE,-3.780725,-0.049606,29.903578,18.18401,56.087203,11.461929,-0.10228,0.121819,-11.298928,-25.29037,-31.805743,90.082725,1.838614,1.930791,30.610624,1.470158,-1.64349,0.49381,3.450888,-2.568052,-36.591898,2.308978,-4627949,180.717374,-60184989.284983,0.05013,70.075983,-15.725529,-38.89396,0,-0.063943,-0.970451,-0.702717,-1.64349,2.035243
04-15-24,19.610001,20.5,19.6,20.440001,671050,19.3455,19.8924,23.667125,-0.032318,-0.064124,0.170536,TRUE,FALSE,-3.774725,-0.045349,37.085172,19.098685,62.208311,10.309457,-0.015326,0.167018,-8.831398,-24.212084,-28.205125,96.363668,2.868645,2.145651,37.832002,1.496949,-1.679083,0.509298,5.435761,-1.762881,-36.591898,2.416424,-3956899,155.918875,-59603411.859841,0.141709,73.653178,-12.245312,-37.333993,0,-0.016247,-0.245962,-0.713651,-1.679083,2.893055
04-16-24,20.42,20.620001,20.299999,20.530001,509323,19.3905,19.8828,23.640675,-0.026876,-0.063423,0.169067,TRUE,FALSE,-3.757875,-0.041743,36.99427,20.160021,63.202603,16.202584,0.060154,0.193999,-9.39982,-22.411181,-28.216782,94.915247,4.584827,2.171038,45.888862,1.469312,-1.634813,0.499148,5.579773,-1.284974,-36.591898,1.763039,-3447576,78.326891,-59380582.098658,0.134344,76.081817,-12.731631,-33.93827,0,-0.007934,-0.121115,-0.706504,-1.634813,2.483175
04-17-24,20.33,20.870001,20.32,20.77,605423,19.45775,19.8752,23.616375,-0.020818,-0.062605,0.167559,TRUE,FALSE,-3.741175,-0.037808,53.982339,21.560662,65.787563,9.70036,0.137751,0.217276,-9.419973,-21.44478,-26.943369,95.049487,6.924073,2.228489,55.309541,1.477923,-1.634729,0.49315,6.142707,-0.998983,-36.591898,1.949596,-2842153,251.061436,-58995313.298575,0.210922,80.891008,-14.02227,-32.664753,0,0.021332,0.321841,-0.702246,-1.634729,2.372557
04-18-24,20.68,20.950001,20.49,20.879999,491893,19.54725,19.8716,23.595775,-0.014281,-0.061669,0.166012,TRUE,FALSE,-3.724175,-0.033842,55.428593,22.987884,66.934076,4.725765,0.205751,0.228221,-7.282421,-23.164674,-26.452978,96.650641,9.376632,2.336481,62.994248,1.47852,-1.629576,0.487393,6.101271,-0.801648,-36.591898,1.587083,-2350260,-2.391143,-58653129.96751,0.335637,84.459263,-11.842127,-36.046704,0,0.034086,0.511154,-0.698136,-1.629576,2.115668
04-19-24,20.91,21.35,20.82,21.25,450678,19.66175,19.8822,23.576475,-0.006608,-0.060614,0.164427,TRUE,FALSE,-3.694275,-0.029236,59.055156,24.884396,70.513535,7.310932,0.286199,0.246935,-3.321199,-22.979341,-25.176055,95.850606,12.078064,2.393278,71.935684,1.497297,-1.568032,0.445547,7.018534,-0.470357,-36.591898,1.418355,-1899582,53.060684,-58372519.565744,0.325209,85.259289,-7.726554,-37.201644,0,0.074304,1.057964,-0.667493,-1.568032,2.207875
04-22-24,21.02,21.209999,20.66,20.91,253608,19.75675,19.8864,23.555725,0.001764,-0.059462,0.162804,TRUE,FALSE,-3.669325,-0.02555,42.41647,26.051013,63.690573,-2.096991,0.318843,0.223664,-4.498747,-26.243388,-27.269566,81.742715,9.994737,2.483433,75.34084,1.505239,-1.575581,0.445674,6.571039,-0.563321,-36.591898,0.780627,-2153190,128.481851,-58395574.518657,0.311106,80.204761,-9.34644,-42.291547,0,0.067065,0.949972,-0.667588,-1.575581,1.53071
04-23-24,20.700001,20.75,20.35,20.4,846643,19.819,19.8846,23.530525,0.010094,-0.058245,0.161141,TRUE,FALSE,-3.645925,-0.022563,26.484031,26.084881,55.081057,-11.853019,0.300102,0.163938,-6.293068,-28.244814,-28.895088,60.580879,6.499603,2.657563,75.250551,1.536135,-1.60993,0.452625,6.158794,-1.020072,-36.591898,2.3779,-2999833,279.213304,-59030559.796491,0.16683,70.621023,-11.342669,-45.387376,0,0.039323,0.549258,-0.672774,-1.60993,0.772087
04-24-24,20.33,20.58,20.26,20.389999,492642,19.876,19.8821,23.504375,0.018282,-0.056973,0.15944,TRUE,FALSE,-3.622275,-0.020086,17.135561,25.831619,54.924277,-15.589259,0.281201,0.11603,-6.29596,-27.230553,-28.929944,55.760325,5.922075,2.49422,75.03096,1.524366,-1.560227,0.437989,5.949604,-0.771167,-36.591898,1.31719,-3492475,269.360534,-59122932.373774,0.128637,63.32524,-10.526538,-43.970361,0,0.028651,0.397994,-0.661807,-1.560227,0.68505
04-25-24,20.93,21.07,20.530001,20.6,547779,19.959,19.8723,23.479825,0.026235,-0.055632,0.157699,TRUE,FALSE,-3.607525,-0.017165,35.318008,26.459096,57.65034,-6.040233,0.279941,0.091815,-4.319555,-28.645654,-30.381885,65.437789,8.764518,2.522539,73.293306,1.530641,-1.562103,0.435378,5.479087,-0.614372,-36.591898,1.383934,-2944696,390.331734,-59528694.954298,0.084407,69.492627,-8.225977,-45.582205,0,0.041142,0.567856,-0.659832,-1.562103,0.874569
04-26-24,20.360001,20.42,20.09,20.200001,207135,20.022,19.8627,23.454925,0.033568,-0.054235,0.155919,TRUE,FALSE,-3.592225,-0.01371,21.525223,25.781952,51.287804,-3.793253,0.243854,0.044583,-6.438163,-31.779803,-32.282934,47.004628,6.652588,2.703324,69.38439,1.489583,-1.508081,0.41225,5.089474,-1.543498,-36.591898,0.517268,-3151831,80.769734,-59597739.156159,0.065705,68.25516,-10.686079,-49.662887,0,-0.013569,-0.188624,-0.642067,-1.508081,0.256543
04-29-24,20.08,20.24,20.030001,20.084999,415507,20.07625,19.8554,23.4313,0.040326,-0.052806,0.154101,TRUE,FALSE,-3.5759,-0.011175,19.757542,24.995444,49.593157,-5.33112,0.203628,0.003485,-5.526816,-32.758626,-29.968623,39.036104,5.710521,2.633451,65.08129,1.465102,-1.490232,0.415138,4.674216,-1.269338,-35.114765,1.011039,-3567338,102.776354,-59795605.023643,0.035794,63.308983,-9.290718,-51.662579,0,0.006518,0.092346,-0.644312,-1.490232,0.013443
04-30-24,20.200001,20.700001,20.120001,20.700001,385914,20.14825,19.856,23.41275,0.046783,-0.051325,0.152245,TRUE,FALSE,-3.55675,-0.008351,24.082581,25.086009,57.651724,0.001384,0.218851,0.014967,-2.771255,-29.085302,-26.647763,68.674729,7.476638,2.584542,63.522529,1.494833,-1.5646,0.467406,4.275203,-0.314865,-34.258935,0.933161,-3181424,15.472931,-59409691.023643,0.118381,63.236435,-5.197656,-45.865019,0,0.070575,1.026976,-0.683671,-1.5646,0.868591
05-01-24,20.77,20.91,20.24,20.870001,871356,20.22975,19.8552,23.3947,0.052592,-0.049801,0.150351,TRUE,FALSE,-3.5395,-0.004993,35.294086,25.497556,59.575567,8.287763,0.241846,0.030369,-5.006821,-27.559871,-26.150033,73.033744,8.471939,2.602849,61.686271,1.496161,-1.60473,0.470428,3.593749,-0.287192,-32.860684,1.935347,-2310068,532.219118,-58642374.939469,0.195226,69.935426,-8.451214,-44.253063,0,0.10183,1.484687,-0.685878,-1.60473,1.037914
05-02-24,20.57,20.940001,20.42,20.49,734033,20.26825,19.8474,23.37565,0.057493,-0.048241,0.148419,TRUE,FALSE,-3.52825,-0.002396,13.546762,25.926507,53.702696,4.109539,0.226792,0.012252,-4.608938,-27.366181,-29.075804,50.857108,3.904668,2.591858,60.732855,1.513453,-1.624557,0.472225,3.333789,-0.527825,-30.265093,1.566272,-3044101,100.727673,-59178784.705783,0.092298,60.755023,-8.201208,-43.299401,0,0.082099,1.18535,-0.687186,-1.624557,0.365123
05-03-24,20.01,20.200001,19.9,19.99,429204,20.303,19.8466,23.3559,0.061333,-0.046667,0.146449,TRUE,FALSE,-3.5093,-0.001163,-11.083748,24.91326,47.120616,-10.531108,0.172527,-0.03361,-4.854833,-26.399117,-31.867758,6.206904,3.601968,2.545918,56.727269,1.53171,-1.658692,0.48612,3.547901,-0.664172,-29.433679,0.905254,-3473305,34.258831,-59350466.851542,0.092021,53.681254,-9.136148,-39.492117,0,0.085725,1.239365,-0.697223,-1.658692,-0.551764
05-06-24,19.799999,19.84,19.59,19.59,179897,20.31625,19.8392,23.3346,0.063561,-0.045094,0.144441,FALSE,FALSE,-3.4954,-0.000579,-21.510287,23.270095,42.620161,-16.955406,0.096136,-0.088001,-7.375884,-26.574213,-34.228638,0,1.371278,2.627071,54.591992,1.552322,-1.644263,0.499349,4.015772,-0.97995,-29.433679,0.376023,-3653202,91.355359,-59530363.851542,0.066077,48.942754,-14.183095,-40.382724,0,0.092226,1.332918,-0.706646,-1.644263,-1.330323
05-07-24,19.530001,19.605,19.440001,19.540001,195892,20.32975,19.8264,23.3114,0.064036,-0.043522,0.142394,FALSE,FALSE,-3.485,-0.000371,-29.425797,21.790717,42.079157,-11.623539,0.031202,-0.122348,-7.217467,-26.541351,-31.940085,5.235622,1.401144,2.493055,52.147676,1.547662,-1.63923,0.497893,4.515235,-0.853102,-29.433679,0.40898,-3849094,6.030853,-59488808.669973,0.08191,42.75324,-13.750745,-40.900439,0,0.097364,1.409373,-0.705616,-1.63923,-1.514448
05-08-24,19.68,19.68,19.52,19.530001,52155,20.32375,19.8152,23.28815,0.063055,-0.041927,0.140309,FALSE,FALSE,-3.47295,-0.000084,-33.088152,20.248063,41.964421,-5.156195,-0.020825,-0.1395,-5.743237,-26.190471,-31.951219,4.71205,-0.610682,2.38461,53.032466,1.547465,-1.63482,0.496939,4.985019,-0.882821,-29.433679,0.113193,-3901249,-87.4774,-59534444.139539,0.083424,38.513924,-11.990271,-41.153104,0,0.083333,1.205277,-0.704939,-1.63482,-1.496724
05-09-24,19.540001,19.6,19.34,19.355,296332,20.323,19.7987,23.264875,0.060441,-0.040315,0.138186,FALSE,FALSE,-3.466175,0.000945,-48.777286,19.216633,39.91342,-2.706741,-0.07531,-0.155188,-6.49759,-26.657825,-33.143354,0.802107,-0.077446,2.306528,53.175327,1.504141,-1.766945,0.478987,4.204618,-1.558876,-29.433679,0.642073,-4197581,5.43184,-59796585.407073,0.074912,31.808105,-13.309933,-42.42574,0,0.118205,1.72831,-0.692089,-1.766945,-1.820394
05-10-24,19.24,19.389999,19.184999,19.27,151208,20.2895,19.7835,23.241875,0.056092,-0.038693,0.136024,FALSE,FALSE,-3.458375,0.001236,-45.178986,18.592455,38.918476,-3.16068,-0.123921,-0.163039,-5.954121,-28.204172,-32.880526,4.509336,-3.360081,2.173993,57.638364,1.485846,-1.811345,0.463589,4.544807,-1.310104,-27.349441,0.344137,-4348789,-74.544622,-59822399.897271,0.041261,32.452592,-12.08692,-43.203417,0,0.092734,1.352744,-0.680873,-1.811345,-1.768787
05-13-24,19.18,19.389999,19.18,19.33,51323,20.234,19.7771,23.219075,0.049938,-0.037054,0.133824,FALSE,FALSE,-3.441975,0.001314,-33.647746,18.023855,40.054414,-1.910007,-0.155807,-0.15594,-5.776259,-25.682431,-32.90524,7.93649,-5.430531,2.037913,61.338273,1.480877,-1.950715,0.48251,4.917549,-1.060169,-27.349441,0.125669,-4297466,-92.351837,-59800404.192657,-0.024118,38.650634,-11.399427,-39.999353,0,0.071472,1.065041,-0.694629,-1.950715,-1.473795
05-14-24,19.309999,19.34,19.110001,19.120001,140698,20.1635,19.7651,23.193625,0.042151,-0.035402,0.131585,FALSE,FALSE,-3.428525,0.001483,-37.573889,17.657169,37.430639,-2.482781,-0.195766,-0.156719,-9.340917,-26.658991,-33.840827,0.510216,-6.867997,2.026673,65.704691,1.478505,-1.949051,0.483402,5.369055,-1.448786,-24.451533,0.360796,-4438164,-72.375487,-59928867.279583,-0.070299,41.664633,-17.445356,-40.450016,0,0.02935,0.438443,-0.695271,-1.949051,-1.588166
05-15-24,18.98,19,18.66,18.67,335798,20.0585,19.7359,23.168225,0.032764,-0.033794,0.129308,FALSE,FALSE,-3.432325,0.001407,-53.314885,18.243094,32.515387,-6.403089,-0.260739,-0.177354,-9.719537,-25.528519,-35.015662,0.438606,-10.110738,1.991354,71.982095,1.496442,-1.943364,0.468805,6.05347,-2.052823,-25.290115,0.89193,-4773962,-44.534978,-60244912.012812,-0.165956,31.299498,-16.197076,-37.784457,0,-0.025792,-0.37541,-0.684693,-1.943364,-1.928952
05-16-24,18.68,18.754999,18.58,18.754999,196372,19.95225,19.7126,23.1436,0.022368,-0.032205,0.126992,FALSE,FALSE,-3.431,0.001544,-43.721653,18.93394,34.271128,-5.783287,-0.301892,-0.174805,-8.288516,-24.949983,-35.571973,7.41522,-10.177203,1.854743,74.844311,1.498668,-1.961485,0.471809,6.576028,-1.94407,-25.170343,0.542901,-4577590,-60.07831,-60048540.012812,-0.192891,31.482977,-13.191418,-37.016151,0,-0.002429,-0.035396,-0.686884,-1.961485,-1.599655
05-17-24,18.77,18.870001,18.74,18.74,178222,19.82675,19.6968,23.1183,0.011379,-0.030639,0.124638,FALSE,FALSE,-3.4215,0.000334,-41.965658,19.199542,34.102517,-3.328122,-0.331891,-0.163843,-9.337205,-24.889783,-34.060522,6.779653,-11.811766,1.825736,72.958408,1.408338,-1.797816,0.447662,7.047965,-1.319019,-25.020079,0.512006,-4755812,-60.454693,-60226762.012812,-0.266348,37.365352,-14.852424,-37.709865,0,0.049352,0.748509,-0.669076,-1.797816,-1.489548
05-21-24,18.74,18.76,18.6,18.629999,55131,19.71275,19.6738,23.0892,0.000012,-0.029091,0.122244,FALSE,FALSE,-3.4154,-0.001103,-76.666759,19.728913,32.826975,0.311588,-0.360386,-0.153871,-10.903877,-25.180725,-33.12994,2.118611,-10.903877,1.662066,72.954305,1.409381,-1.813974,0.448566,7.606245,-1.362627,-24.421909,0.163031,-4810943,-78.261332,-60261219.709329,-0.275851,30.414875,-16.451496,-37.162393,0,0.029611,0.449143,-0.66975,-1.813974,-1.484149
05-22-24,18.629999,18.860001,18.610001,18.73,107639,19.62925,19.6516,23.0598,-0.011498,-0.027561,0.119812,FALSE,FALSE,-3.4082,-0.00193,-81.368897,19.877938,35.199854,0.928726,-0.370628,-0.13129,-10.296933,-23.61338,-33.059329,6.355914,-8.186275,1.493021,74.220404,1.403048,-1.803442,0.44342,6.498953,-1.475404,-24.421909,0.357353,-4703304,-87.286377,-60265526.189096,-0.205,12.120977,-15.759902,-34.874121,0,0.023425,0.355251,-0.665898,-1.803442,-1.211595
05-23-24,18.5,19.09,18.5,19.02,496717,19.56075,19.6438,23.03035,-0.022801,-0.026042,0.117341,FALSE,FALSE,-3.38655,-0.002353,-57.874011,19.270041,41.638432,7.535915,-0.351295,-0.089565,-5.042437,-22.839754,-33.496503,30.588248,-6.718975,1.496544,73.143948,1.418599,-1.833085,0.459946,4.61139,-1.087282,-24.360537,1.647947,-4206587,0.827173,-59886673.69561,-0.126692,30.402566,-9.047832,-34.159881,0,0.045547,0.693556,-0.678193,-1.833085,-0.739295
05-24-24,18.889999,18.950001,18.719999,18.77,543679,19.46925,19.6295,23.0008,-0.033627,-0.024567,0.114831,FALSE,FALSE,-3.3713,-0.002974,-53.275102,18.705565,38.121905,5.29493,-0.352087,-0.072286,-5.961917,-23.183954,-35.38726,20.149286,-8.883495,1.406119,70.870042,1.425683,-1.845863,0.463409,3.163484,-1.408941,-24.360537,1.80498,-4750266,-0.748477,-60193966.601172,-0.110433,29.528102,-9.874964,-34.999022,0,0.039338,0.597956,-0.680741,-1.845863,-0.986665
05-27-24,18.73,18.77,18.620001,18.620001,14393,19.39025,19.6103,22.96865,-0.04385,-0.023167,0.112281,FALSE,FALSE,-3.35835,-0.004017,-47.549009,18.443856,36.149239,0.949386,-0.360661,-0.064688,-7.730423,-23.657231,-34.826738,10.16956,-7.821782,1.321543,71.1014,1.426121,-1.858797,0.461197,3.217814,-1.418867,-24.401131,0.049363,-4764659,-93.051392,-60208359.601172,-0.104711,31.334824,-12.280452,-35.645189,0,0.023061,0.349702,-0.679115,-1.858797,-1.083311
05-28-24,18.719999,18.940001,18.709999,18.754999,152357,19.32375,19.588,22.937275,-0.053216,-0.021848,0.109692,FALSE,FALSE,-3.349275,-0.005404,-36.941292,17.621181,39.198644,-2.439788,-0.352499,-0.045221,-6.645102,-23.760167,-32.620802,21.610093,-6.621857,1.371063,70.478439,1.410568,-1.83147,0.449506,3.348432,-0.942678,-24.401131,0.547228,-4612302,-63.332266,-60301098.919316,-0.09078,37.365827,-10.829149,-35.222906,0,0.022214,0.336945,-0.670452,-1.83147,-0.806986
05-29-24,19.07,19.07,18.950001,19.059999,292873,19.24175,19.5766,22.907175,-0.061486,-0.020596,0.107065,FALSE,FALSE,-3.330575,-0.006123,-19.421553,16.437939,45.528254,7.406348,-0.317757,-0.008383,-5.550054,-22.362525,-31.141621,50.909025,-7.922711,1.407211,62.738883,1.426479,-1.700144,0.44709,2.630296,-0.696611,-24.401131,1.069801,-4319429,-24.109258,-60057039.637693,-0.118231,42.363483,-8.246967,-32.395467,0,-0.003512,-0.052563,-0.668648,-1.700144,-0.289694
05-30-24,19.16,19.370001,19.110001,19.27,314643,19.16175,19.5735,22.879425,-0.068248,-0.019377,0.104399,FALSE,FALSE,-3.305925,-0.005766,-3.462287,16.055047,49.431696,13.282457,-0.270164,0.031368,-3.79431,-21.443131,-30.807899,86.516965,-7.666508,1.410409,49.737815,1.407244,-1.575241,0.413999,2.52417,-0.889878,-24.401131,1.279409,-4004786,-63.890419,-59984430.424833,-0.272855,52.705976,-6.88192,-32.541226,0,-0.000699,-0.010297,-0.643427,-1.575241,0.217642
05-31-24,19.23,19.610001,18.950001,18.950001,343182,19.08475,19.5707,22.847175,-0.073897,-0.018216,0.101694,FALSE,FALSE,-3.276475,-0.006241,-11.895906,16.294924,44.230414,5.03177,-0.255325,0.036966,-3.562335,-22.904797,-32.682057,40.540587,-7.515857,1.60573,38.813495,1.416758,-1.572112,0.426094,2.576935,-0.999199,-24.401131,1.515917,-4347968,-53.247061,-60327612.424833,-0.253732,49.540959,-6.814351,-34.623585,0,0.010054,0.148711,-0.652759,-1.572112,-0.347171
06-03-24,18.85,19.299999,18.85,18.940001,226160,19.03225,19.5703,22.813025,-0.077967,-0.017108,0.098949,FALSE,FALSE,-3.242725,-0.007341,-14.772708,16.17336,44.074338,-1.453915,-0.241586,0.040563,-3.955369,-22.281494,-31.538045,39.639666,-5.252623,1.697089,32.514584,1.394988,-1.509865,0.39955,2.355925,-0.653477,-24.401131,1.045906,-4574128,-47.307108,-60463308.041396,-0.257324,45.448729,-6.751789,-32.515022,0,-0.002445,-0.035908,-0.632099,-1.509865,-0.283718
06-04-24,19.049999,19.129999,18.85,18.9,281775,18.99775,19.5681,22.776575,-0.08041,-0.016063,0.096165,FALSE,FALSE,-3.208475,-0.008049,-8.906928,16.06048,43.414415,-6.017281,-0.23126,0.040711,-6.110281,-21.576766,-29.635148,36.035982,-3.522208,1.719577,29.835308,1.384285,-1.471914,0.390864,2.402174,-0.943554,-24.401131,1.273114,-4855903,56.631295,-60644450.209652,-0.251683,43.65514,-8.196822,-30.157601,0,-0.037066,-0.544622,-0.625191,-1.471914,-0.327634
06-05-24,18.75,18.870001,18.459999,18.48,250781,18.94475,19.5546,22.737975,-0.081414,-0.015107,0.093341,FALSE,FALSE,-3.183375,-0.009295,-7.786905,15.134671,37.128369,-7.102045,-0.254039,0.014346,-7.228918,-24.231242,-31.479422,1.739168,-5.424776,1.750928,29.101692,1.410992,-1.511782,0.403747,2.505685,-1.399262,-24.969549,1.119199,-5106684,28.020031,-60870764.315351,-0.308373,44.751084,-9.741929,-33.56883,0,-0.066241,-0.96513,-0.635411,-1.511782,-1.596988
06-06-24,18.43,18.58,18.43,18.48,151255,18.89225,19.5392,22.701125,-0.08118,-0.014243,0.090477,FALSE,FALSE,-3.161925,-0.011194,-11.677259,14.362395,37.128369,-6.945969,-0.268991,-0.000484,-5.37635,-24.355304,-31.173187,4.237222,-5.37635,1.741265,27.409907,1.384892,-1.478292,0.399602,2.639845,-1.011576,-24.969549,0.660425,-5106684,190.010545,-60921183.930892,-0.302746,45.357848,-7.235101,-33.949381,0,-0.033344,-0.493268,-0.632141,-1.478292,-1.50402
06-07-24,18.559999,18.610001,18.33,18.5,362858,18.8495,19.5304,22.663625,-0.079416,-0.013485,0.087573,FALSE,FALSE,-3.133225,-0.012882,-10.169471,13.941652,37.627138,-5.787277,-0.276044,-0.00603,-6.471186,-24.888345,-31.633406,13.281249,-4.417461,1.797298,26.463951,1.383795,-1.471936,0.404315,2.75117,-1.065563,-23.856616,1.561666,-4743826,22.44982,-60843429.527952,-0.22527,38.174222,-7.631933,-34.167627,0,-0.074842,-1.112407,-0.635858,-1.471936,-1.320664
06-10-24,18.58,18.620001,18.42,18.42,177364,18.807,19.52,22.628475,-0.076572,-0.012858,0.084631,FALSE,FALSE,-3.108475,-0.014485,-9.012829,13.514945,36.383806,-0.744563,-0.284806,-0.011834,-7.157258,-24.103833,-31.075772,7.031258,-4.411003,1.820615,26.179259,1.38253,-1.483837,0.404337,2.858465,-1.242596,-23.441394,0.759065,-4921190,17.298027,-61020793.527952,-0.256439,41.628704,-8.347804,-33.615818,0,-0.070191,-1.044251,-0.635875,-1.483837,-1.478269
06-11-24,18.540001,18.67,18.34,18.34,120082,18.7575,19.5068,22.589425,-0.073083,-0.012351,0.081648,FALSE,FALSE,-3.082625,-0.015664,-16.88308,13.371849,35.133568,-1.994801,-0.294807,-0.017468,-5.512621,-23.773896,-31.220703,0.781267,-5.121572,1.859714,25.107419,1.367616,-1.424195,0.392982,3.045259,-1.626698,-23.167157,0.506464,-5041272,133.973073,-61140875.527952,-0.282682,38.640455,-5.490722,-32.082277,0,-0.122251,-1.821325,-0.626883,-1.424195,-1.662854
06-12-24,18.040001,18.110001,17.870001,18.040001,299866,18.7035,19.4824,22.550525,-0.069258,-0.011957,0.078626,FALSE,FALSE,-3.068125,-0.017656,-42.241365,14.477186,30.852171,-6.774967,-0.323214,-0.0367,-7.415959,-24.423962,-31.092434,9.770121,-5.648535,1.843127,28.310355,1.374461,-1.444613,0.401809,3.473262,-1.700966,-23.785379,1.223656,-5341138,113.127408,-61015930.765505,-0.221798,26.81511,-7.068159,-32.885168,0,-0.119893,-1.790369,-0.633884,-1.444613,-2.343662
06-13-24,17.93,18.16,17.93,17.969999,383626,18.6685,19.457,22.513025,-0.065395,-0.011679,0.075565,FALSE,FALSE,-3.056025,-0.020022,-37.383208,15.301552,29.935482,-6.448325,-0.347372,-0.048686,-8.222679,-24.081118,-30.456659,5.747039,-3.749335,1.822482,32.728595,1.369675,-1.33153,0.368025,3.851428,-1.580137,-22.974713,1.550325,-5724764,14.243087,-61266124.678098,-0.206348,39.20645,-7.262467,-31.581268,0,-0.139322,-2.031203,-0.606651,-1.33153,-2.134221
06-14-24,18.110001,18.17,17.975,17.975,265176,18.6295,19.4221,22.47915,-0.061677,-0.011511,0.072464,FALSE,FALSE,-3.05705,-0.022866,-32.330806,16.024676,30.095284,-5.038285,-0.361941,-0.050604,-9.536992,-21.983508,-30.356448,6.034457,-4.158885,1.841844,36.115643,1.353478,-1.312325,0.354778,4.152911,-1.25649,-22.974713,1.056946,-5459588,35.037582,-61531300.678098,-0.295501,43.672451,-8.364899,-27.344827,0,-0.132919,-1.940803,-0.595633,-1.312325,-1.812233
06-17-24,18.02,18.049999,17.610001,17.709999,321641,18.578,19.3904,22.44485,-0.058687,-0.011468,0.069325,FALSE,FALSE,-3.05445,-0.026303,-49.176342,17.527634,26.62939,-4.222781,-0.39037,-0.063227,-9.780948,-22.697515,-29.805789,4.999924,-5.496268,1.917802,41.412381,1.363176,-1.301242,0.343381,4.627926,-1.401517,-24.089159,1.246381,-5781229,80.472108,-61706742.998092,-0.286751,37.82553,-8.546536,-27.134204,0,-0.152986,-2.198586,-0.585987,-1.301242,-2.095994
06-18-24,17.690001,17.709999,17.610001,17.639999,95062,18.5285,19.3567,22.40975,-0.056326,-0.011542,0.066147,FALSE,FALSE,-3.05305,-0.029701,-75.132076,18.923239,25.784673,-4.150809,-0.41378,-0.069309,-9.189189,-23.003058,-30.496454,1.499939,-5.314009,1.838353,46.377219,1.362814,-1.30701,0.343195,5.142336,-1.529822,-24.389201,0.365544,-5876291,72.429305,-61744769.248645,-0.285236,31.655617,-7.896019,-28.840642,0,-0.152504,-2.191935,-0.585829,-1.30701,-1.915813
06-19-24,17.59,17.719999,17.59,17.700001,1880,18.477,19.3253,22.37525,-0.054239,-0.011735,0.06293,FALSE,FALSE,-3.04995,-0.032679,-90.229583,20.263312,27.896017,-2.199267,-0.422618,-0.062518,-7.281296,-22.112209,-30.805313,5.445574,-5.499193,1.759481,49.626883,1.359286,-1.302,0.345078,4.196884,-1.616052,-24.389201,0.007379,-5874411,-98.253421,-61743467.671991,-0.290056,24.841681,-4.714599,-26.893698,0,-0.166793,-2.406982,-0.587433,-1.302,-1.565682
06-20-24,17.57,17.84,17.525,17.719999,295170,18.412,19.2867,22.33975,-0.052429,-0.012031,0.059674,FALSE,FALSE,-3.05305,-0.035382,-85.416509,20.92074,28.624861,1.995471,-0.423132,-0.050425,-6.540083,-21.174379,-30.83529,10.985901,-6.834916,1.618428,50.643609,1.35723,-1.287007,0.339772,4.497792,-1.693154,-24.389201,1.206296,-5579241,-40.575821,-61673190.292078,-0.365055,34.255217,-4.129128,-25.252293,0,-0.160904,-2.316152,-0.582899,-1.287007,-1.366413
06-21-24,17.780001,17.860001,17.709999,17.795,212844,18.36325,19.2552,22.302925,-0.051032,-0.012427,0.05638,FALSE,FALSE,-3.047725,-0.038402,-76.079518,21.4332,31.424462,5.63979,-0.412729,-0.032018,-6.391374,-23.098528,-31.399384,16.822463,-5.194461,1.491189,51.697837,1.344943,-1.277386,0.325793,4.598273,-1.308567,-24.389201,0.932915,-5366397,-60.851164,-61644810.731221,-0.317959,41.02525,-4.416011,-28.304288,0,-0.148506,-2.134732,-0.570783,-1.277386,-1.099175
06-24-24,17.809999,17.91,17.639999,17.91,551307,18.32775,19.2146,22.265825,-0.049727,-0.012951,0.053046,FALSE,FALSE,-3.051225,-0.041171,-62.658065,22.106342,35.595837,7.69982,-0.390702,-0.007992,-6.499613,-21.031748,-30.41958,28.624526,-3.813109,1.477626,52.27647,1.3483,-1.12759,0.275467,2.981088,-1.178497,-24.389201,2.16203,-4815090,3730.382825,-61093503.731221,-0.173561,53.695543,-5.998391,-26.816602,0,-0.109944,-1.52074,-0.52485,-1.12759,-0.799117
06-25-24,17.84,17.92,17.76,17.780001,102578,18.279,19.1614,22.228325,-0.048571,-0.013584,0.049673,FALSE,FALSE,-3.066925,-0.043993,-54.263358,22.67649,33.141625,4.516764,-0.379361,0.002678,-7.63636,-21.396994,-32.08556,22.270827,-5.198606,1.375944,52.627448,1.349762,-1.122063,0.27258,3.157209,-1.381593,-24.389201,0.40624,-4917668,-32.672604,-61170436.619808,-0.172142,59.263871,-7.102263,-26.428094,0,-0.133391,-1.839403,-0.522092,-1.122063,-0.948173
06-26-24,17.85,17.870001,17.700001,17.709999,66080,18.2115,19.105,22.192125,-0.048103,-0.014303,0.046262,FALSE,FALSE,-3.087125,-0.046422,-56.617497,23.388542,31.867498,0.443035,-0.371738,0.008242,-6.4942,-20.831478,-32.916669,16.157152,-7.082898,1.389449,50.705593,1.336339,-1.100901,0.263157,3.35703,-1.744347,-24.389201,0.274002,-4983748,-77.437319,-61228743.810509,-0.242924,60.907394,-5.014784,-25.109082,0,-0.15021,-2.078723,-0.512989,-1.100901,-0.989045
06-27-24,17.74,17.795,17.65,17.709999,196997,18.1335,19.0438,22.154525,-0.048463,-0.01511,0.042811,FALSE,FALSE,-3.110725,-0.048798,-58.955118,24.202624,31.867498,-3.728339,-0.361528,0.014761,-6.4942,-20.866847,-31.356591,16.157152,-8.095492,1.335,45.273486,1.336442,-1.075831,0.256248,3.159149,-1.723655,-24.389201,0.837273,-4983748,-37.390312,-61262710.776335,-0.271646,64.4454,-5.43808,-26.169779,0,-0.137662,-1.896051,-0.506209,-1.075831,-0.935428
06-28-24,17.67,17.91,17.469999,17.889999,426289,18.0805,18.984,22.118025,-0.04925,-0.015986,0.039322,FALSE,FALSE,-3.134025,-0.049981,-36.805492,25.469505,38.875425,5.7338,-0.33505,0.032991,-5.842108,-20.418151,-30.712627,34.999984,-5.593675,1.417392,41.236462,1.300384,-1.052517,0.258655,2.852974,-2.072248,-24.389201,1.780362,-4557459,24.216596,-60875176.161749,-0.114343,67.003254,-4.399839,-25.206618,0,-0.161146,-2.284743,-0.508582,-1.052517,-0.461971
07-02-24,17.879999,17.889999,17.559999,17.559999,338724,18.0115,18.9102,22.081975,-0.050341,-0.016925,0.035795,FALSE,FALSE,-3.171775,-0.052324,-46.153768,26.645895,32.313333,0.445836,-0.336812,0.024983,-8.826587,-22.948667,-31.486539,12.857151,-7.286172,1.444028,37.471435,1.29288,-1.029197,0.240558,1.561734,-2.020723,-24.732107,1.382165,-4896183,49.771843,-61213900.161749,-0.15314,63.019884,-8.330635,-28.35053,0,-0.167529,-2.360403,-0.490467,-1.029197,-1.204919
07-03-24,17.559999,17.559999,17.379999,17.415001,311536,17.93725,18.8403,22.04215,-0.051502,-0.017925,0.032228,FALSE,FALSE,-3.20185,-0.054756,-40.716515,28.206295,29.923263,-1.944234,-0.345921,0.012699,-9.485441,-24.870575,-30.339996,4.430597,-7.857136,1.337107,33.434334,1.29517,-0.985357,0.238806,1.509924,-2.21759,-25.353618,1.263552,-5207719,10.561973,-61404277.404152,-0.154088,62.9829,-10.280555,-31.869529,0,-0.160286,-2.25175,-0.488678,-0.985357,-1.562014
07-04-24,17.33,17.41,17.33,17.355,9854,17.881,18.7794,22.002125,-0.05271,-0.018972,0.028622,FALSE,FALSE,-3.222725,-0.057275,-40.327763,29.77539,28.968412,-9.907012,-0.353902,0.003775,-11.9929,-25.610803,-30.884113,2.976145,-6.087662,1.282052,33.285692,1.295287,-0.990913,0.239527,1.769073,-2.229631,-25.386933,0.04202,-5217573,-96.070675,-61407972.742253,-0.114539,58.280085,-13.119291,-32.343632,0,-0.169079,-2.376189,-0.489415,-0.990913,-1.580259
07-05-24,17.41,17.43,17.190001,17.200001,108129,17.817,18.7156,21.960675,-0.054061,-0.020069,0.024977,FALSE,FALSE,-3.245075,-0.059297,-46.268602,31.551464,26.606487,-5.706846,-0.368486,-0.008648,-10.857732,-26.053308,-31.36472,1.162819,-6.9264,1.310216,33.467346,1.267648,-0.905704,0.208651,1.817402,-2.876225,-24.989095,0.465365,-5325702,-28.512115,-61507090.77742,-0.126081,52.546014,-10.281309,-31.725932,0,-0.21624,-3.04406,-0.456783,-0.905704,-1.843586
07-08-24,17.18,17.25,17.16,17.200001,107556,17.752,18.6476,21.91685,-0.055398,-0.021238,0.021293,FALSE,FALSE,-3.26925,-0.061657,-36.170098,33.266347,26.606487,-3.316776,-0.375714,-0.0127,-10.996119,-23.961096,-32.389936,5.263277,-7.027023,1.164868,32.100329,1.257884,-0.936679,0.224708,2.082404,-2.598841,-24.989095,0.489808,-5325702,-70.358653,-61519039.417949,-0.153836,56.621553,-10.56877,-29.135849,0,-0.182822,-2.620321,-0.474034,-0.936679,-1.719606
07-09-24,17.139999,17.17,17.08,17.16,60287,17.689,18.5868,21.86845,-0.056657,-0.022456,0.017569,FALSE,FALSE,-3.28165,-0.062996,-34.782549,35.033342,25.972663,-2.995749,-0.380285,-0.013817,-10.949666,-24.438571,-33.02108,9.523799,-6.840392,1.175909,30.630901,1.188744,-0.842807,0.197368,2.329516,-3.456701,-25.163543,0.282065,-5385989,-66.009449,-61472149.812981,-0.105588,57.362804,-9.815243,-29.820087,0,-0.227688,-3.393863,-0.444261,-0.842807,-1.727014
07-10-24,17.1,17.1,16.809999,16.809999,296490,17.6125,18.5213,21.81775,-0.058108,-0.023724,0.013804,FALSE,FALSE,-3.29645,-0.063907,-53.293488,37.173915,21.211294,-5.395193,-0.407454,-0.032788,-14.452927,-25.089131,-34.104276,0,-8.342425,1.293875,32.561476,1.154885,-0.809884,0.206551,2.832467,-4.599764,-26.689929,1.332212,-5682479,146.906281,-61768639.812981,-0.141036,52.036609,-15.546952,-31.95257,0,-0.27447,-4.23543,-0.454478,-0.809884,-2.46457
07-11-24,16.809999,17.15,16.77,17.09,132609,17.565,18.4491,21.76935,-0.059369,-0.025032,0.009999,FALSE,FALSE,-3.32025,-0.064005,-32.642406,38.782572,31.957835,5.351348,-0.40176,-0.021676,-11.770783,-23.976866,-32.128674,27.82607,-5.266079,1.299843,32.924142,1.179116,-0.738795,0.165175,3.072423,-4.230284,-26.689929,0.619113,-5549870,-55.777247,-61677907.05904,-0.154529,49.260547,-14.068088,-32.002322,0,-0.242481,-3.572926,-0.406418,-0.738795,-1.442709
07-12-24,17.08,17.08,16.700001,16.98,165328,17.5155,18.3713,21.7164,-0.060178,-0.026389,0.006153,FALSE,FALSE,-3.3451,-0.063685,-41.475811,40.409458,30.214273,4.24161,-0.401495,-0.017129,-14.844538,-24.466193,-31.559855,22.950733,-5.509181,1.409222,33.94108,1.164008,-0.73858,0.17115,3.366941,-4.697208,-26.689929,0.813314,-5715198,-56.903859,-61599594.319991,-0.082024,42.701124,-18.67141,-32.889066,0,-0.266603,-3.993665,-0.413703,-0.73858,-1.577735
07-15-24,16.790001,16.950001,16.65,16.85,400404,17.45925,18.2985,21.6627,-0.060672,-0.027795,0.002267,FALSE,FALSE,-3.3642,-0.063182,-53.535287,42.014459,28.252506,7.041212,-0.407083,-0.018173,-17.563601,-24.843888,-30.970912,15.748086,-6.258692,1.445528,35.223062,1.159826,-0.74724,0.176772,3.628348,-5.009602,-26.689929,1.906338,-6115602,50.995565,-61466126.319991,0.015515,24.684738,-22.48021,-33.342259,0,-0.286132,-4.31632,-0.420442,-0.74724,-1.729689
07-16-24,16.76,16.799999,16.629999,16.66,61813,17.40675,18.2319,21.6097,-0.060969,-0.029211,-0.001659,FALSE,FALSE,-3.3778,-0.062138,-54.901926,43.543479,25.632923,-6.324913,-0.421978,-0.026455,-18.850466,-26.478376,-31.944444,2.343802,-5.92885,1.487739,38.920041,1.129926,-0.799522,0.21874,4.063787,-5.821121,-27.344092,0.313697,-6177415,-80.78199,-61506122.477504,0.050907,21.169237,-25.447248,-36.626762,0,-0.324114,-5.151697,-0.467696,-0.799522,-1.918677
07-17-24,16.950001,17.120001,16.940001,17.1,280318,17.37975,18.1821,21.5581,-0.060673,-0.030606,-0.005625,FALSE,FALSE,-3.376,-0.060695,-25.311131,42.619381,39.599732,9.385459,-0.39374,0.001427,-17.669716,-25.425206,-29.629626,36.718826,-3.061219,1.570595,39.089454,1.184808,-0.844086,0.223777,4.223139,-4.604421,-26.021317,1.358725,-5897097,194.879132,-61288098.686549,0.110676,29.200487,-23.647865,-36.280784,0,-0.26169,-3.979665,-0.47305,-0.844086,-0.715665
07-18-24,17.059999,17.52,16.969999,17.389999,313042,17.36425,18.1391,21.50785,-0.059684,-0.031975,-0.009632,FALSE,FALSE,-3.36875,-0.059429,-11.851837,39.776199,46.704286,18.451779,-0.343995,0.040937,-16.714559,-22.779756,-27.360071,59.374986,-1.75142,1.710755,38.360559,1.180171,-0.841762,0.224567,4.28025,-3.695529,-24.203821,1.41094,-5584055,16551.170213,-61123041.085413,0.139819,38.542362,-21.884719,-32.745366,0,-0.209119,-3.194304,-0.473885,-0.841762,0.067125
07-19-24,17.42,17.700001,17.32,17.639999,476423,17.36025,18.1013,21.45495,-0.058105,-0.033299,-0.013678,FALSE,FALSE,-3.35365,-0.057602,-9.025269,37.420494,51.951251,26.318328,-0.281158,0.08302,-16.988238,-19.745224,-26.03774,80.158734,-0.451467,1.662215,38.010192,1.200089,-0.863805,0.223945,3.075828,-3.306449,-24.16932,2.063059,-5107632,61.406308,-60797070.474451,0.189693,39.466987,-21.43248,-28.790605,0,-0.174405,-2.618784,-0.473229,-0.863805,0.735985
07-22-24,17.370001,17.49,17.245001,17.27,676135,17.334,18.0596,21.40265,-0.056089,-0.034596,-0.017765,FALSE,FALSE,-3.34305,-0.055874,-10.320251,34.925962,44.905033,5.305301,-0.258238,0.084752,-17.407936,-21.123544,-28.577336,59.813116,-2.950265,1.72471,36.637828,1.212115,-0.895058,0.240344,3.124144,-3.956283,-24.16932,2.660954,-5783767,217.66693,-61335220.2437,0.06092,35.595318,-22.261801,-31.060402,0,-0.213092,-3.201959,-0.490249,-0.895058,-0.174681
07-23-24,17.290001,17.370001,17.16,17.35,364377,17.306,18.0212,21.3503,-0.053485,-0.035854,-0.021891,FALSE,FALSE,-3.3291,-0.054507,-2.36796,32.595774,46.59175,-0.112536,-0.230956,0.089627,-14.950977,-20.303169,-28.246484,67.289733,-3.126742,1.729108,34.052807,1.1961,-0.883847,0.241638,3.136418,-3.477279,-24.16932,1.488782,-5419390,-33.906698,-61040249.647311,0.010879,35.076687,-18.75593,-29.349859,0,-0.185214,-2.822728,-0.491567,-0.883847,0.129212
07-24-24,17.639999,18.190001,17.639999,18.16,500876,17.325,17.9978,21.30515,-0.049844,-0.037014,-0.026056,TRUE,FALSE,-3.30735,-0.051849,23.03292,32.494737,59.958376,8.007125,-0.142334,0.142599,-10.936732,-16.544119,-24.364849,98.076881,2.137228,1.948947,37.701369,1.352971,-0.999645,0.246507,5.624177,-2.049826,-24.16932,1.892502,-4918514,388.287937,-60594015.80243,0.108897,43.748961,-14.762674,-24.7625,0,-0.102044,-1.379301,-0.496495,-0.999645,2.214774
07-25-24,18.139999,18.389999,17.73,18.34,956056,17.3565,17.9822,21.264,-0.045384,-0.038068,-0.030259,TRUE,FALSE,-3.2818,-0.047746,32.386342,32.790065,62.221121,17.316088,-0.05692,0.182411,-10.970875,-14.816537,-23.167157,97.159135,3.557318,2.093396,43.303113,1.29457,-0.905295,0.208285,6.2806,-2.565516,-24.16932,3.09241,-3962458,1346.815981,-59782814.595275,0.233846,56.394836,-14.735329,-22.634469,0,-0.124745,-1.719145,-0.456383,-0.905295,2.2712
07-26-24,18.110001,18.120001,17.75,17.93,389869,17.3675,17.9674,21.22195,-0.040712,-0.039058,-0.034501,FALSE,FALSE,-3.25455,-0.043897,18.575051,33.064297,54.646185,8.054435,-0.022058,0.173818,-11.237626,-16.952292,-24.947674,73.863692,1.242243,2.340452,44.510934,1.313968,-0.943262,0.224964,6.086302,-3.143147,-24.16932,1.222905,-4352327,97.906059,-59793351.812547,0.230447,53.129829,-15.503412,-25.647201,0,-0.15952,-2.189122,-0.474304,-0.943262,1.263735
07-29-24,17.83,18,17.799999,17.92,107725,17.369,17.9507,21.1781,-0.035705,-0.039974,-0.034531,FALSE,FALSE,-3.2274,-0.040544,19.487187,33.318941,54.471994,-5.486382,0.00471,0.160468,-10.779184,-15.710255,-25.980996,73.295497,0.167695,2.373646,44.700936,1.297732,-0.925261,0.221084,5.87033,-2.822625,-24.16932,0.355672,-4460052,-74.729585,-59771806.40161,0.182148,52.599193,-14.861911,-23.710554,0,-0.140509,-1.947491,-0.470196,-0.925261,1.232636
07-30-24,17.84,18.33,17.790001,18.120001,630571,17.397,17.9383,21.13385,-0.030316,-0.040789,-0.034597,TRUE,FALSE,-3.19555,-0.037568,34.93337,34.190292,57.396907,-4.824214,0.041582,0.157872,-12.463767,-14.889619,-23.70526,84.659175,3.189074,2.422344,47.618944,1.275392,-0.874344,0.202666,5.439891,-2.134328,-24.16932,1.986239,-3829481,86.160709,-59631678.275354,0.249192,60.967241,-18.111494,-23.100783,0,-0.089469,-1.247123,-0.450185,-0.874344,1.518305
07-31-24,17.66,17.719999,17.360001,17.549999,526419,17.40375,17.9167,21.0893,-0.02508,-0.041542,-0.034666,FALSE,FALSE,-3.1726,-0.036101,11.386113,33.290023,47.943411,-6.702773,0.024526,0.112654,-15.908009,-20.118344,-25.886829,52.272725,0.775184,2.655679,47.741325,1.311515,-0.928942,0.210999,5.253535,-2.306466,-22.439478,1.603889,-4355900,68.975335,-59602434.789688,0.274492,54.650511,-22.774583,-30.665823,0,-0.108346,-1.476385,-0.459347,-0.928942,0.306337
08-01-24,17.42,18.25,17.290001,18.045,601605,17.43825,17.903,21.047325,-0.019436,-0.042213,-0.034736,TRUE,FALSE,-3.144325,-0.033794,24.067802,33.457642,54.89166,0.419666,0.050372,0.110799,-11.932649,-15.991618,-24.18067,80.397769,3.975803,2.808456,49.818432,1.36724,-1.014428,0.257954,4.884323,-1.617273,-21.600001,1.681393,-3754295,6005.185711,-59257765.407849,0.300475,60.41712,-16.585023,-24.403389,0,-0.080487,-1.084842,-0.507892,-1.014428,1.217923
08-02-24,18.530001,19.02,18.459999,18.74,901413,17.51525,17.8974,21.00515,-0.013038,-0.042749,-0.034806,TRUE,FALSE,-3.10775,-0.030281,37.875727,34.619927,62.466625,5.069717,0.125488,0.148732,-6.253127,-10.804381,-23.353787,88.284496,8.953482,2.950146,57.284031,1.460393,-1.135098,0.327136,6.092519,-0.80708,-21.600001,2.267901,-2852882,733.645923,-59257765.407849,0.282958,69.292443,-8.135175,-17.04832,0,-0.045408,-0.601723,-0.571958,-1.135098,2.13803
08-06-24,19.67,19.780001,18.969999,19.49,768847,17.62975,17.9118,20.96465,-0.005576,-0.043118,-0.034877,TRUE,FALSE,-3.05285,-0.025791,50.990979,36.377119,68.595455,20.652044,0.242739,0.212787,-0.510466,-7.848699,-20.804554,89.788701,13.313947,3.137141,71.718838,1.547104,-1.225433,0.35083,8.60014,0.075811,-21.600001,1.785814,-2084035,614.834133,-59039451.632242,0.287969,73.215267,0.212379,-13.883859,0,0.002793,0.035573,-0.592309,-1.225433,2.593809
08-07-24,19.02,19.805,18.805,19.77,632199,17.76025,17.9348,20.92175,0.002939,-0.043314,-0.034947,TRUE,FALSE,-2.98695,-0.020994,49.536168,37.527999,70.530183,15.638523,0.354172,0.259376,1.17707,-6.125352,-20.634281,98.765438,15.209794,3.287811,85.200154,1.556525,-1.236369,0.352339,9.120612,0.394196,-21.600001,1.376962,-1451836,948.648962,-58451506.36931,0.328956,74.628264,2.165672,-11.60544,0,0.036239,0.459244,-0.593582,-1.236369,2.358858
08-08-24,19.379999,19.51,18.82,18.85,922007,17.86225,17.9367,20.87385,0.011597,-0.0434,-0.035018,TRUE,FALSE,-2.93715,-0.017631,24.252499,38.596673,57.906927,-4.559698,0.364051,0.215404,-3.481824,-9.025092,-23.622366,63.894149,12.135639,3.599849,85.436112,1.670442,-1.358543,0.397807,8.624421,-0.419055,-21.600001,1.880105,-2373843,210.974063,-59293337.074578,0.252375,65.265964,-4.306523,-16.148344,0,-0.004935,-0.060435,-0.630719,-1.358543,1.156127
08-09-24,18.92,19.01,18.610001,18.700001,515504,17.94275,17.9295,20.82725,0.020279,-0.043372,-0.035088,TRUE,FALSE,-2.89775,-0.014843,17.905423,38.949248,56.142612,-12.452843,0.355677,0.165623,-3.384132,-9.661835,-25.349296,58.223087,9.420717,3.636364,85.361698,1.667741,-1.36295,0.403157,8.257223,-0.373626,-21.600001,1.011692,-2889347,288.739829,-59576863.660049,0.206168,59.357567,-4.060368,-17.196482,0,0.00938,0.115565,-0.634947,-1.36295,0.887108
08-12-24,18.629999,18.84,18.530001,18.709999,307305,18.02925,17.9183,20.77645,0.028846,-0.04322,-0.035159,TRUE,FALSE,-2.85815,-0.012778,25.899249,39.035401,56.238323,-14.29186,0.34586,0.124645,-2.906079,-8.687168,-25.249706,58.601095,10.188455,3.601971,83.844199,1.639449,-1.355772,0.413598,7.668977,0.008373,-21.600001,0.594808,-2582042,85.875956,-59527300.899157,0.200553,61.721054,-4.146527,-16.13649,0,0.05397,0.682423,-0.643116,-1.355772,0.811921
08-13-24,18.469999,18.469999,18.08,18.08,648007,18.09075,17.9009,20.7188,0.036632,-0.042957,-0.035229,TRUE,FALSE,-2.8179,-0.011605,11.947618,37.866454,48.98439,-8.922537,0.28397,0.050205,-6.466632,-11.869362,-27.910686,31.411499,7.2997,3.89341,79.116887,1.695432,-1.408778,0.427127,7.302749,-0.588403,-21.600001,1.224907,-3230049,61.838293,-60175307.899157,0.122,59.53967,-8.959839,-20.125934,0,0.012376,0.153105,-0.653549,-1.408778,-0.013588
08-14-24,18.049999,18.219999,17.905001,17.950001,272111,18.15525,17.8811,20.6592,0.043561,-0.042581,-0.035298,TRUE,FALSE,-2.7781,-0.010632,-3.867386,36.34593,47.619458,-8.523154,0.221875,-0.009512,-6.119247,-14.88857,-27.679287,26.242545,7.743103,3.712693,71.754605,1.697649,-1.424973,0.433929,7.392327,-0.687229,-21.600001,0.504338,-3502160,340.216459,-60369672.428397,0.105316,55.204142,-9.268616,-26.397617,0,-0.000629,-0.007813,-0.658733,-1.424973,-0.286043
08-15-24,17.610001,17.639999,17.360001,17.389999,533090,18.16975,17.8509,20.6002,0.049145,-0.04212,-0.035367,FALSE,FALSE,-2.7493,-0.01072,-16.351128,33.754325,42.168481,-14.069842,0.126024,-0.084291,-6.855922,-15.909095,-31.535434,3.976083,1.695901,3.803499,69.775679,1.741947,-1.466817,0.456298,7.826951,-1.054446,-21.600001,0.96543,-4035250,90.173303,-60788533.007144,0.045236,46.200775,-11.283594,-27.10111,0,-0.008676,-0.107228,-0.675499,-1.466817,-1.117511
08-16-24,17.469999,17.48,17.27,17.33,164804,18.16675,17.8279,20.5428,0.053253,-0.04158,-0.035435,FALSE,FALSE,-2.7149,-0.010667,-10.989016,31.524577,41.618785,-7.365605,0.044705,-0.132488,-7.59797,-15.256727,-32.751263,2.366843,-0.345023,3.660043,70.140518,1.740204,-1.467172,0.454966,8.121219,-1.189568,-21.600001,0.302522,-4200054,-47.354029,-60859163.720532,0.024219,47.570736,-12.053229,-24.833325,0,-0.011797,-0.145761,-0.674511,-1.467172,-1.192963
08-19-24,17.299999,17.34,16.99,16.99,281256,18.13425,17.7981,20.4867,0.055627,-0.040983,-0.035503,FALSE,FALSE,-2.6886,-0.010603,-16.062179,29.987359,38.551907,-9.067552,-0.046639,-0.179065,-9.338314,-17.803581,-35.127914,0,-3.684805,3.79635,74.103645,1.742357,-1.46216,0.445278,8.592046,-1.721124,-21.600001,0.525704,-4481310,-40.965067,-61140419.720532,-0.032088,46.606389,-13.293892,-27.492537,0,-0.049226,-0.602168,-0.667292,-1.46216,-1.544121
08-20-24,17.030001,17.129999,16.92,17.059999,153025,18.12375,17.7693,20.4362,0.056273,-0.040307,-0.03557,FALSE,FALSE,-2.6669,-0.010735,-18.72794,28.689836,39.539729,-2.628752,-0.112089,-0.195612,-8.427267,-18.412245,-34.8855,4.852665,-1.215987,3.642605,75.527783,1.737437,-1.455051,0.443935,9.07024,-1.463102,-21.600001,0.300725,-4328285,-77.367685,-61089411.387198,0.024153,41.132046,-11.998806,-27.729539,0,-0.041592,-0.509612,-0.666285,-1.455051,-1.408423
08-21-24,17,17.09,16.860001,16.93,184805,18.10275,17.7395,20.38745,0.054989,-0.039558,-0.035637,FALSE,FALSE,-2.64795,-0.01124,-11.87738,27.60032,38.308072,-3.310714,-0.172461,-0.204787,-9.610247,-18.91762,-34.50677,2.3769,-2.42075,3.446965,78.324484,1.737206,-1.456492,0.445623,9.380965,-1.45764,-21.600001,0.369703,-4513090,-49.281925,-61161726.65373,-0.012151,43.103445,-13.910341,-28.915595,0,-0.035419,-0.43469,-0.66755,-1.456492,-1.497296
08-22-24,16.83,17.27,16.799999,17.209999,241881,18.05525,17.7169,20.3405,0.052128,-0.038724,-0.035705,FALSE,FALSE,-2.6236,-0.010962,-16.683352,26.136068,42.465144,3.913238,-0.195459,-0.182228,-9.516306,-14.078889,-33.807696,13.643917,-5.231282,3.187515,80.80053,1.749176,-1.46865,0.443778,9.723234,-1.307172,-21.600001,0.496752,-4271209,-51.708407,-60981603.757895,-0.0398,39.986513,-14.201504,-22.957144,0,-0.012223,-0.148742,-0.666167,-1.46865,-1.046096
08-23-24,17.030001,17.139999,16.799999,16.85,316534,17.98075,17.6931,20.29245,0.047602,-0.037833,-0.035772,FALSE,FALSE,-2.59935,-0.010672,-40.471128,24.776405,38.841201,-0.698528,-0.239968,-0.18139,-10.229089,-15.581157,-33.791749,1.663931,-8.124317,3.016108,84.806646,1.751827,-1.526692,0.447401,10.401179,-1.866722,-21.600001,0.695757,-4587743,-66.891688,-61205037.433534,-0.156306,28.734958,-15.426594,-24.895089,0,-0.002439,-0.029729,-0.66888,-1.526692,-1.333327
08-26-24,16.799999,17.049999,16.77,16.950001,283356,17.93175,17.6727,20.24525,0.041611,-0.036881,-0.035838,FALSE,FALSE,-2.57255,-0.009739,-63.184138,23.584733,40.363658,2.055587,-0.264127,-0.16444,-8.968851,-16.005944,-35.18164,5.930818,-5.465697,2.678043,87.890381,1.746695,-1.590449,0.477804,11.071327,-1.949202,-21.600001,0.630208,-4304387,-27.320202,-61124076.370428,-0.147982,16.600604,-14.369437,-26.202287,0,-0.022128,-0.278299,-0.691233,-1.590449,-1.117016
08-27-24,17.049999,17.09,16.879999,16.895,112917,17.8805,17.6511,20.195525,0.034064,-0.035894,-0.035903,FALSE,FALSE,-2.544425,-0.00931,-75.757688,22.361554,39.777158,-2.687986,-0.284433,-0.147796,-9.917349,-15.903433,-34.566225,4.562044,-5.719864,2.352766,90.899443,1.736225,-1.575933,0.466514,7.812076,-1.75735,-21.600001,0.250992,-4417304,4.81968,-61220861.051829,-0.161048,6.825282,-15.451094,-25.85276,0,-0.039025,-0.488509,-0.683019,-1.575933,-1.084165
08-28-24,16.91,17.299999,16.91,17.120001,162729,17.8305,17.6393,20.151075,0.025474,-0.034842,-0.035967,FALSE,FALSE,-2.511775,-0.008415,-55.806533,20.901168,43.400372,4.559171,-0.279153,-0.114013,-10.178377,-15.163525,-32.783662,15.625019,-5.518764,2.094457,92.252927,1.747062,-1.612578,0.477226,7.572109,-1.536776,-21.600001,0.381553,-4254575,-74.19339,-61208342.334499,-0.184842,11.963137,-17.077216,-24.945333,0,-0.005092,-0.063988,-0.690815,-1.612578,-0.770164
08-29-24,16.99,17.18,16.799999,17.110001,262810,17.8085,17.6287,20.106275,0.016026,-0.033729,-0.03603,FALSE,FALSE,-2.477575,-0.007503,-53.716307,19.580735,43.275752,2.912094,-0.272632,-0.085993,-11.209132,-14.578133,-30.868684,16.425131,-2.507115,2.087332,93.473621,1.747087,-1.626529,0.48138,7.909497,-1.513616,-21.600001,0.635866,-4517385,-50.07589,-61042356.377063,-0.174194,12.86985,-17.532548,-24.184401,0,0.025749,0.32488,-0.693816,-1.626529,-0.747269
08-30-24,17,17.200001,16.790001,16.809999,141468,17.74675,17.6109,20.064975,0.005631,-0.032569,-0.03609,FALSE,FALSE,-2.454075,-0.007695,-58.461561,18.294246,39.601998,-0.17516,-0.288347,-0.081367,-11.292882,-14.452927,-31.583233,2.352884,-6.844004,2.167076,95.877426,1.738693,-1.618649,0.479706,5.336503,-1.449578,-21.600001,0.362456,-4658853,-76.484903,-61170023.61617,-0.244971,13.530035,-17.080636,-23.680915,0,0.029478,0.37312,-0.692608,-1.618649,-0.977029
09-03-24,17,17.65,16.98,17.51,240304,17.68525,17.6067,20.027575,-0.00489,-0.031349,-0.03615,FALSE,FALSE,-2.420875,-0.006646,-17.168667,18.084376,50.220762,6.82039,-0.241534,-0.027643,-7.55016,-11.206892,-28.994321,51.034507,-6.563498,2.166108,93.074883,1.825441,-1.700294,0.494387,4.757664,-0.777144,-21.600001,0.672653,-4418549,-73.34141,-61030144.719152,-0.24806,22.561739,-13.101085,-19.709465,0,0.073417,0.897881,-0.703127,-1.700294,-0.188289
09-04-24,17.68,17.68,17.370001,17.559999,300522,17.58875,17.602,19.990625,-0.015238,-0.030056,-0.036207,FALSE,FALSE,-2.388625,-0.005428,-12.037078,17.960979,50.884987,7.609235,-0.198116,0.01262,-7.089948,-12.767013,-28.617889,86.813092,-9.902516,2.157907,82.81843,1.825883,-1.743336,0.505422,2.829269,-0.751261,-21.600001,0.90022,-4118027,-60.912639,-60962286.940676,-0.287995,31.501678,-13.212786,-21.104147,0,0.105221,1.300808,-0.710931,-1.743336,-0.034715
09-05-24,17.58,17.84,17.42,17.690001,615313,17.48475,17.5976,19.954575,-0.024949,-0.028714,-0.036261,TRUE,FALSE,-2.356975,-0.00408,10.676199,18.226297,52.653951,13.051952,-0.15147,0.047413,-4.274887,-11.194777,-28.72683,85.98134,-10.520991,2.073406,65.163656,1.828219,-1.745323,0.506544,3.443418,-0.580583,-21.600001,1.847857,-3502714,-2.670994,-60786482.028823,-0.35061,48.909991,-9.520096,-19.08481,0,0.113897,1.407865,-0.711719,-1.745323,0.314977
09-06-24,17.66,18.33,17.59,18.290001,757805,17.45675,17.6078,19.923425,-0.033036,-0.027323,-0.036311,TRUE,FALSE,-2.315625,-0.001844,28.656743,19.44254,59.842772,9.62201,-0.065335,0.106838,-1.028131,-6.349205,-27.305242,97.43596,-2.970819,2.212372,59.986027,1.880598,-1.850837,0.537257,6.282858,-0.026137,-21.600001,2.333307,-2744909,-17.809192,-60110599.887656,-0.125819,60.833176,-5.148149,-12.404555,0,0.188794,2.342735,-0.732978,-1.850837,1.389075
09-09-24,18.01,18.135,17.809999,17.9,380784,17.41675,17.6116,19.889675,-0.039813,-0.025911,-0.036358,TRUE,FALSE,-2.278075,-0.000752,26.764689,20.571908,54.093436,3.208449,-0.028217,0.115165,-3.243245,-9.504555,-29.332808,72.435868,-4.278081,2.31245,53.585212,1.88905,-1.842732,0.549117,6.015856,-0.095566,-21.600001,1.197278,-3125693,-26.133648,-60280488.271331,-0.110618,59.134126,-9.605348,-17.101252,0,0.209448,2.621202,-0.741024,-1.842732,0.901834
09-10-24,17.77,18.059999,17.719999,17.719999,213767,17.36725,17.6118,19.8561,-0.04514,-0.024506,-0.036402,TRUE,FALSE,-2.2443,-0.000067,18.803403,21.276546,51.628057,-1.025894,-0.013173,0.104167,-3.800221,-10.685488,-29.905068,60.897383,-5.291287,2.388343,44.874529,1.892903,-1.939575,0.576459,5.801196,-0.181689,-21.600001,0.682167,-3339460,-30.438164,-60494255.271331,-0.154286,58.166379,-9.63787,-17.783183,0,0.239798,3.090083,-0.759249,-1.939575,0.786079
09-11-24,17.76,18.299999,17.32,17.379999,595599,17.33225,17.6016,19.82105,-0.049001,-0.023134,-0.036443,FALSE,FALSE,-2.21945,0.000083,12.096733,20.574003,47.247692,-12.595079,-0.02836,0.071185,-5.234466,-10.45853,-30.340687,39.102494,-3.871686,2.743302,41.635793,1.90893,-1.956352,0.584516,5.610057,-0.449955,-21.600001,1.916687,-3935059,-8.087567,-61016924.396621,-0.13542,52.862902,-12.882909,-18.083399,0,0.245351,3.16535,-0.764536,-1.956352,0.114683
09-12-24,17.35,17.459999,17.08,17.09,447726,17.28925,17.5922,19.7835,-0.051317,-0.021832,-0.036482,FALSE,FALSE,-2.1913,-0.000658,-3.217127,19.237014,43.831715,-10.261721,-0.063068,0.029181,-5.266079,-12.291508,-32.263177,20.512808,-4.79109,2.752236,39.295195,1.911571,-1.971891,0.604885,5.661884,-0.476226,-21.600001,1.401225,-4382785,64.538001,-61441085.278912,-0.167657,45.744385,-13.71479,-20.363034,0,0.283856,3.750121,-0.777743,-1.971891,-0.507059
09-13-24,17.049999,17.059999,16.870001,16.92,219179,17.26575,17.5823,19.74535,-0.052438,-0.020597,-0.036518,FALSE,FALSE,-2.16305,-0.001761,1.97739,18.275796,41.918442,-9.709615,-0.103104,-0.008684,-5.843068,-13.58529,-32.830489,9.615363,-2.702699,2.699679,40.058928,1.915015,-1.977512,0.60633,5.624672,-0.558192,-21.600001,0.721389,-4601964,-58.885179,-61544907.836926,-0.124474,46.650855,-16.020221,-22.70451,0,0.284871,3.763662,-0.778672,-1.977512,-0.863103
09-16-24,16.99,17.049999,16.870001,16.879999,159786,17.24325,17.5728,19.7071,-0.052568,-0.019414,-0.036553,FALSE,FALSE,-2.1343,-0.002789,-2.011537,17.383236,41.459855,-5.787837,-0.136487,-0.033654,-6.091801,-15.047819,-31.853053,5.844046,-2.596658,2.66376,40.933285,1.914463,-1.985225,0.607441,5.661093,-0.638032,-21.600001,0.526342,-4761750,-3.044829,-61686942.658873,-0.136337,47.856345,-17.18407,-24.837983,0,0.312138,4.130923,-0.779385,-1.985225,-0.887422
09-17-24,16.75,16.99,16.67,16.879999,388915,17.23775,17.5664,19.6686,-0.051901,-0.018285,-0.036585,FALSE,FALSE,-2.1022,-0.003738,-0.437993,17.069106,41.459855,-2.371859,-0.161087,-0.046603,-4.686618,-14.00917,-33.490939,12.650548,-0.647443,2.710307,41.363121,1.914344,-1.977162,0.605544,5.669023,-0.653687,-21.600001,1.258782,-4761750,38.277939,-61565408.45996,-0.068777,43.021648,-15.671112,-23.623659,0,0.289334,3.820146,-0.778167,-1.977162,-0.864903
09-18-24,16.85,17,16.549999,16.98,551692,17.23375,17.562,19.63165,-0.050109,-0.017224,-0.036614,FALSE,FALSE,-2.06965,-0.004348,-4.242457,17.070079,43.259596,1.341154,-0.170547,-0.04485,-3.741496,-12.586872,-33.044167,24.157311,-0.468933,2.713276,41.582162,1.915197,-1.970526,0.605129,5.734037,-0.630027,-21.600001,1.677413,-4210058,260.524097,-61062756.788126,0.004052,36.95263,-14.290299,-21.706091,0,0.281098,3.707806,-0.777901,-1.970526,-0.610239
09-19-24,16.389999,16.57,16.299999,16.41,559799,17.20775,17.547,19.5932,-0.047682,-0.016242,-0.036641,FALSE,FALSE,-2.0462,-0.005653,-18.134714,17.636895,36.3918,-5.068056,-0.221485,-0.076631,-7.28814,-14.038765,-35.621812,5.418747,-3.071473,2.938103,45.061509,1.95939,-2.123981,0.661392,6.119873,-1.156358,-22.776471,1.610264,-4769857,202.913341,-61166421.512027,-0.000675,35.149529,-19.620434,-23.487829,0,0.232578,3.238161,-0.81326,-2.123981,-1.770358
09-20-24,16.49,16.639999,16.41,16.49,277413,17.17175,17.5406,19.5537,-0.045173,-0.015336,-0.036665,FALSE,FALSE,-2.0131,-0.006964,-8.791193,17.913168,37.88236,-3.577495,-0.252488,-0.086107,-6.941307,-13.027423,-36.491432,9.359629,-4.18361,2.84588,47.833403,1.959364,-2.143915,0.670825,6.300316,-0.992532,-22.776471,0.793922,-4492444,14.689868,-61250851.355458,-0.038528,39.004123,-18.925165,-22.3114,0,0.265823,3.753747,-0.819039,-2.143915,-1.42526
09-23-24,16.41,16.48,16.379999,16.4,191193,17.14925,17.5268,19.51355,-0.042833,-0.014544,-0.036689,FALSE,FALSE,-1.98675,-0.008469,-36.633652,18.241255,36.836548,-6.423049,-0.28108,-0.091759,-7.839283,-13.729619,-38.89717,4.926125,-2.670628,2.543553,50.415204,1.95984,-2.147646,0.672216,6.783965,-1.012821,-22.823531,0.557164,-4683637,-39.597958,-61365565.696777,-0.02339,35.150422,-20.108609,-23.781218,0,0.270858,3.832017,-0.819888,-2.147646,-1.486159
09-24-24,16.379999,16.51,16.325001,16.325001,120550,17.118,17.5137,19.472025,-0.040463,-0.013886,-0.036711,FALSE,FALSE,-1.958325,-0.010024,-40.42546,18.68193,35.945988,-0.445812,-0.306261,-0.093552,-8.8498,-14.774209,-39.42486,1.231602,-3.687315,2.500546,53.554554,1.960298,-2.162637,0.676654,7.288958,-1.074307,-23.176467,0.359836,-4804187,-57.456345,-61486115.696777,-0.054034,30.802948,-19.6187,-24.987912,0,0.242795,3.457679,-0.82259,-2.162637,-1.480732
09-25-24,16.309999,16.450001,16.290001,16.4,371966,17.09325,17.5047,19.432675,-0.038032,-0.013345,-0.036732,FALSE,FALSE,-1.927975,-0.011074,-43.000031,19.180554,37.57136,-0.311,-0.316517,-0.083046,-7.761536,-14.805197,-38.737395,5.392096,-2.929866,2.37587,55.738656,1.956155,-2.158684,0.67518,7.745159,-1.151913,-23.176467,1.068972,-4432221,229.415411,-61346633.989507,-0.018073,20.346412,-18.585386,-25.03714,0,0.236769,3.37132,-0.821693,-2.158684,-1.243751
09-26-24,16.139999,16.389999,16.120001,16.245001,430583,17.0495,17.4964,19.3936,-0.035831,-0.01291,-0.036753,FALSE,FALSE,-1.8972,-0.012855,-80.039192,20.0669,35.562905,-1.273643,-0.33331,-0.079871,-8.272153,-14.229143,-41.077254,5.733949,-5.110981,2.196279,58.864007,1.946183,-2.153519,0.681103,6.46942,-1.035534,-23.552937,1.191567,-4862804,164.60127,-61378526.886044,-0.023548,5.511244,-19.677524,-23.986365,0,0.258863,3.739058,-0.82529,-2.153519,-1.366708
09-27-24,16.200001,16.370001,16.18,16.34,171416,17.011,17.4812,19.35595,-0.033354,-0.012562,-0.036773,FALSE,FALSE,-1.87475,-0.014653,-69.026635,20.889936,37.759037,1.813049,-0.33509,-0.065321,-7.735737,-13.727562,-40.775643,10.091719,-4.500295,2.056739,60.929338,1.945923,-2.22958,0.698278,6.004854,-0.843892,-23.552937,0.480441,-4691388,-34.775693,-61261243.341276,-0.030675,9.325361,-18.279936,-23.104283,0,0.239775,3.561027,-0.835631,-2.22958,-1.101275
09-30-24,16.4,16.51,16.16,16.200001,173570,16.9805,17.4574,19.3186,-0.031088,-0.012309,-0.036793,FALSE,FALSE,-1.8612,-0.016722,-68.468542,20.9891,35.821472,-1.749888,-0.343834,-0.059252,-9.446611,-14.736838,-40.572265,3.669724,-3.628785,2.078922,63.46256,1.948192,-2.231358,0.697158,4.735859,-0.912475,-23.764702,0.484299,-4864958,22.692058,-61395139.333614,-0.031406,9.442947,-20.416851,-24.106588,0,0.235674,3.489567,-0.83496,-2.231358,-1.229858
10-01-24,16.219999,16.639999,16.219999,16.495001,946760,16.92975,17.4345,19.285875,-0.029366,-0.012136,-0.036812,FALSE,FALSE,-1.851375,-0.018507,-40.689664,20.503999,42.515212,6.952307,-0.323233,-0.030921,-6.064913,-14.356175,-39.843177,27.985111,-5.796684,1.807905,63.062505,1.960841,-2.313945,0.722345,3.465841,-0.540378,-23.764702,2.404672,-3918198,293.984287,-61102087.917681,-0.009136,27.601385,-16.791533,-24.533644,0,0.323924,4.976771,-0.849909,-2.313945,-0.689394
10-02-24,16.549999,16.690001,16.42,16.49,598445,16.87625,17.4189,19.253775,-0.028795,-0.012038,-0.03683,FALSE,FALSE,-1.834875,-0.02026,-31.746094,19.836221,42.43441,4.675373,-0.303808,-0.009197,-5.311519,-14.293139,-39.90525,39.361646,-6.093393,1.760806,61.963452,1.960832,-2.311395,0.72159,3.037394,-0.544471,-23.764702,1.464576,-4516643,99.135171,-61390229.981782,-0.052365,38.487642,-14.492238,-24.341968,0,0.316171,4.851099,-0.849465,-2.311395,-0.623352
10-03-24,16.57,16.68,16.459999,16.549999,347967,16.81925,17.4029,19.221975,-0.02961,-0.01201,-0.036848,FALSE,FALSE,-1.819075,-0.021943,-20.786601,19.21614,43.81408,7.992607,-0.280341,0.011416,-4.638435,-16.075052,-41.353651,46.236467,-6.444326,1.754423,59.268618,1.961409,-2.319465,0.726316,3.110453,-0.46386,-23.764702,0.880381,-4168676,-43.448781,-61453497.806064,-0.08438,44.18087,-13.551702,-26.215109,0,0.327194,5.061886,-0.852242,-2.319465,-0.454289
10-04-24,16.299999,16.540001,16.25,16.27,602885,16.71825,17.3651,19.1897,-0.031309,-0.012069,-0.036865,FALSE,FALSE,-1.8246,-0.024645,-30.198034,19.369316,39.104015,-3.411197,-0.281097,0.008528,-5.406978,-15.677635,-41.32708,17.045427,-11.044288,1.837299,49.251277,1.95591,-2.374784,0.730675,3.301363,-0.418118,-23.764702,1.555833,-4771561,-20.443254,-61973224.613567,-0.240339,40.837874,-15.980164,-25.613452,0,0.313983,4.910427,-0.854796,-2.374784,-0.910128
10-07-24,16.360001,16.620001,16.344999,16.59,276058,16.65275,17.3301,19.16025,-0.033465,-0.012188,-0.03688,FALSE,FALSE,-1.83015,-0.026317,-12.39315,19.12142,46.219668,3.785258,-0.252958,0.029334,-3.546515,-14.152655,-40.366642,53.409064,-7.318433,1.814777,40.671459,1.96073,-2.448581,0.767283,3.354257,-0.376457,-23.764702,0.722167,-4495503,-27.502731,-61757398.494299,-0.19318,46.644017,-13.742995,-23.878212,0,0.293093,4.918971,-0.875947,-2.448581,-0.154285
10-08-24,16.43,16.48,16.23,16.27,708081,16.58025,17.2969,19.1259,-0.036289,-0.012359,-0.036894,FALSE,FALSE,-1.829,-0.028673,-27.734407,19.2825,41.05358,-2.7605,-0.253556,0.022988,-5.186477,-15.56824,-40.161824,26.315737,-8.182838,1.810958,32.809413,1.974512,-2.442285,0.748078,1.389438,-0.546042,-23.764702,1.739846,-5203584,231.239621,-62238888.388159,-0.214339,45.528162,-15.620171,-24.749149,0,0.244702,3.91963,-0.864915,-2.442285,-0.945611
10-09-24,16.280001,16.290001,16.01,16.01,335199,16.51175,17.2587,19.09255,-0.039461,-0.012596,-0.036908,FALSE,FALSE,-1.83385,-0.031636,-17.777806,20.096506,37.39619,-1.707825,-0.271876,0.003735,-4.759068,-18.52417,-39.744071,0,-7.882618,1.661908,29.35276,1.98252,-2.445425,0.749971,1.649089,-0.654928,-24.658822,0.850847,-5538783,-43.720691,-62574087.388159,-0.19763,47.427857,-14.274862,-29.238094,0,0.243723,3.902871,-0.866009,-2.445425,-1.709379
10-10-24,16.110001,16.18,16.02,16.09,373652,16.46175,17.2181,19.0599,-0.042792,-0.012892,-0.036923,FALSE,FALSE,-1.8418,-0.034743,-17.777806,20.852368,39.191282,-7.028386,-0.27675,-0.000911,-5.851375,-16.933405,-38.914199,11.764689,-5.851375,1.627009,27.439026,1.978877,-2.480811,0.752178,1.828211,-0.438566,-24.658822,0.957455,-5165131,-16.544494,-62620795.00173,-0.151146,41.737434,-14.861575,-28.447902,0,0.242143,3.901963,-0.867282,-2.480811,-1.354822
10-11-24,16.129999,16.129999,15.88,15.915,330196,16.4115,17.1854,19.027625,-0.045967,-0.013249,-0.036938,FALSE,FALSE,-1.842225,-0.037359,-20.770914,21.951876,36.711457,-4.342123,-0.291374,-0.012428,-6.272083,-20.185559,-40.370927,4.320967,-5.939717,1.707733,27.805259,1.951653,-2.446106,0.750866,2.105024,-0.950163,-25.105883,0.834236,-5495327,50.651294,-62858536.172114,-0.165943,40.795132,-15.410565,-33.500631,0,0.224796,3.663279,-0.866525,-2.446106,-1.785634
10-15-24,15.67,15.98,15.65,15.935,339576,16.36425,17.1432,18.9954,-0.048889,-0.013669,-0.036955,FALSE,FALSE,-1.8522,-0.039385,-17.105309,23.539371,37.20053,-0.195661,-0.297916,-0.015176,-5.430267,-22.040117,-40.915829,27.403899,-5.598334,1.770586,27.451976,1.937627,-2.437205,0.746631,2.315664,-1.171449,-25.105883,0.838882,-5155751,112.519244,-62611570.024208,-0.114209,39.376168,-14.041112,-35.990933,0,0.213121,3.468802,-0.864078,-2.437205,-1.563639
10-16-24,15.92,15.97,15.76,15.79,151648,16.30975,17.0842,18.96195,-0.051354,-0.014168,-0.036973,FALSE,FALSE,-1.87775,-0.041145,-25.95746,25.013473,35.083782,-4.1075,-0.311213,-0.022779,-5.222088,-23.088166,-40.325017,13.46156,-6.457342,1.809463,27.493751,1.929179,-2.425926,0.748967,2.632408,-1.498532,-25.694118,0.385939,-5307399,-61.007418,-62719890.417739,-0.146906,40.917179,-13.287342,-38.282249,0,0.197775,3.248134,-0.865429,-2.425926,-1.89043
10-17-24,15.6,15.79,15.59,15.78,111977,16.24975,17.01,18.9269,-0.053344,-0.014729,-0.036992,FALSE,FALSE,-1.9169,-0.043445,-21.088495,26.766524,34.936137,-1.77532,-0.318883,-0.024358,-7.719302,-24.025039,-40.317703,17.272683,-7.067137,1.774398,25.085363,1.912466,-2.396038,0.738491,2.885034,-1.230216,-25.741178,0.301868,-5419376,-79.702986,-62619111.384713,-0.209781,43.323209,-16.986642,-39.824544,0,0.220461,3.578449,-0.859355,-2.396038,-1.872608
10-18-24,15.72,15.77,15.65,15.685,100152,16.2135,16.9283,18.889425,-0.054782,-0.015339,-0.037011,FALSE,FALSE,-1.961125,-0.045682,-29.705217,28.394357,33.494097,-3.706433,-0.328836,-0.027449,-9.80448,-24.880263,-42.281506,8.636385,-4.418034,1.757822,27.745122,1.911788,-2.406019,0.740061,3.207303,-1.378075,-26.188233,0.287823,-5519528,-82.109293,-62660840.456127,-0.214737,40.745372,-20.142104,-40.92252,0,0.237422,3.866748,-0.860268,-2.406019,-1.904838
10-21-24,15.72,15.89,15.68,15.76,310375,16.177,16.8665,18.851575,-0.055816,-0.015992,-0.03703,FALSE,FALSE,-1.985075,-0.046331,-20.560778,29.124795,35.748893,0.665111,-0.326903,-0.020413,-10.657592,-25.835293,-42.877854,15.454547,-4.426923,1.686004,28.701454,1.806408,-2.300668,0.749372,3.41759,-2.072216,-24.988041,0.887769,-5209153,11.881923,-62734739.534129,-0.212219,45.253534,-20.592934,-40.656427,0,0.158872,2.788796,-0.865663,-2.300668,-1.452888
10-22-24,15.88,15.91,15.7,15.765,279453,16.14525,16.8078,18.8141,-0.056162,-0.016699,-0.03705,FALSE,FALSE,-2.0063,-0.046534,-39.459498,29.674797,35.904912,0.968775,-0.321265,-0.01182,-8.714534,-24.60545,-44.391534,15.909103,-3.871947,1.581261,29.60284,1.799739,-2.290576,0.74973,3.663726,-2.220943,-24.844275,0.789359,-4929700,46.162778,-62841196.429897,-0.208407,37.493607,-17.647004,-38.825355,0,0.13724,2.419736,-0.865869,-2.290576,-1.284505
10-23-24,15.87,16.24,15.86,16.055,471724,16.13175,16.7547,18.781275,-0.055685,-0.017451,-0.03707,FALSE,FALSE,-2.026575,-0.046812,-20.374698,28.356793,44.345938,10.85184,-0.290052,0.015514,-7.463977,-21.299017,-43.527963,42.660558,-1.653908,1.643903,29.354577,1.799891,-2.295157,0.748277,3.760288,-1.621741,-24.844275,1.269494,-4457976,291.30983,-62828781.176162,-0.180668,35.594371,-16.310381,-34.286974,0,0.155025,2.725173,-0.86503,-2.295157,-0.261458
10-24-24,15.96,16.135,15.95,15.98,163655,16.11075,16.7127,18.747625,-0.054415,-0.018232,-0.03709,FALSE,FALSE,-2.034925,-0.047127,-26.511618,27.132933,42.776904,7.028011,-0.268276,0.029832,-12.004407,-21.628249,-42.96931,37.863993,-2.560976,1.635974,28.832217,1.80024,-2.293075,0.746167,3.88604,-1.681885,-24.844275,0.453126,-4621631,-56.002699,-62939359.471692,-0.220496,29.256086,-21.493358,-35.306184,0,0.149223,2.611756,-0.86381,-2.293075,-0.453488
10-25-24,15.88,16.059999,15.725,16.02,315252,16.0995,16.6741,18.715525,-0.05252,-0.019038,-0.03711,FALSE,FALSE,-2.041425,-0.046929,-13.088993,26.813814,43.916632,8.011721,-0.244966,0.042514,-12.649944,-22.233009,-44.509872,41.747575,-1.385044,1.647494,28.719559,1.793173,-2.29073,0.756834,3.95964,-1.816252,-24.844275,0.887029,-4306379,-26.784848,-62699389.870425,-0.185827,31.322755,-21.758991,-35.449417,0,0.107936,1.937729,-0.869962,-2.29073,-0.276814
10-28-24,15.82,15.935,15.82,15.935,150821,16.07925,16.645,18.6828,-0.050093,-0.019871,-0.037129,FALSE,FALSE,-2.0378,-0.04772,-39.104413,26.517489,42.002217,-2.34372,-0.230692,0.04543,-11.126603,-21.113862,-46.183721,38.764102,-2.478579,1.589045,28.360123,1.751391,-2.259424,0.745003,2.306262,-1.464527,-24.844275,0.4256,-4457200,-12.014631,-62548568.870425,-0.181635,25.465789,-19.871515,-34.4976,0,0.123168,2.2108,-0.863136,-2.259424,-0.508636
10-29-24,15.97,16.049999,15.82,15.89,193275,16.06375,16.6162,18.64985,-0.046968,-0.020712,-0.037149,FALSE,FALSE,-2.03365,-0.047656,-27.142817,25.62043,40.983634,-1.79327,-0.22047,0.044522,-11.328123,-20.886228,-46.802813,42.857123,-1.913583,1.535107,28.51217,1.707583,-2.32515,0.735001,1.397595,-1.982869,-24.844275,0.543889,-4650475,11.352768,-62624196.894201,-0.172933,34.525746,-20.053097,-34.050146,0,0.137136,2.476559,-0.857322,-2.32515,-0.609388
10-30-24,15.91,16,15.805,15.97,159241,16.0375,16.5958,18.6176,-0.04364,-0.021558,-0.037169,FALSE,FALSE,-2.0218,-0.046163,-3.27868,24.848116,43.602107,-0.314525,-0.203567,0.04914,-11.865345,-22.850243,-45.289483,58.46159,-3.182786,1.489399,26.691452,1.625774,-2.454641,0.717206,1.405469,-2.627497,-24.844275,0.503957,-4491234,-83.180426,-62513952.765528,-0.223409,40.939333,-20.070239,-37.166254,0,0.177667,3.262212,-0.84688,-2.454641,-0.252889
10-31-24,16.219999,16.610001,16.219999,16.610001,302822,16.0435,16.5868,18.58735,-0.03973,-0.02238,-0.037188,TRUE,FALSE,-2.00055,-0.042196,29.213466,24.490807,59.198575,17.196358,-0.13695,0.092606,-5.356118,-20.412075,-42.346404,100,0.727719,1.634127,27.870988,1.626013,-2.423511,0.722323,4.265851,-2.626235,-23.450461,1.005384,-4188412,-49.398525,-62211130.765528,-0.136272,50.97188,-10.827654,-33.125892,0,0.16356,3.030295,-0.849896,-2.423511,2.032581
11-01-24,16.459999,16.5,16.225,16.469999,646992,16.0395,16.5776,18.55505,-0.035525,-0.023183,-0.037206,FALSE,FALSE,-1.97745,-0.037824,31.805053,24.159021,55.577802,14.594168,-0.094364,0.108153,-8.728184,-19.619329,-41.616449,86.274389,-0.483383,1.706566,27.153995,1.612436,-2.409532,0.722441,4.122823,-3.02238,-21.535765,2.046461,-4835404,85.934873,-61705304.083196,-0.039824,46.383025,-16.236707,-32.129551,0,0.140135,2.618709,-0.849966,-2.409532,1.585399
11-04-24,16.469999,16.66,16.41,16.58,270781,16.055,16.565,18.52535,-0.031521,-0.02396,-0.037222,TRUE,FALSE,-1.96035,-0.034647,35.149763,24.332421,57.76367,14.161563,-0.051149,0.121094,-11.526147,-17.058529,-38.954345,92.523369,1.905344,1.660779,29.336071,1.511618,-2.337178,0.688345,3.977485,-2.292567,-20.66262,0.90397,-4564623,-55.085796,-61607822.757924,0.060993,54.780133,-21.32619,-28.925062,0,0.153787,2.892954,-0.829666,-2.337178,1.789605
11-05-24,16.540001,16.540001,16.17,16.17,143234,16.034,16.5514,18.4963,-0.027854,-0.024716,-0.037236,FALSE,FALSE,-1.9449,-0.03227,18.095216,23.411999,48.236335,-10.962241,-0.049415,0.098263,-17.034375,-17.457887,-39.392804,54.205616,-2.531646,1.791236,26.68855,1.53805,-2.36786,0.68732,3.818477,-2.541663,-20.66262,0.489011,-4707857,-48.114527,-61751056.757924,0.001083,54.844367,-28.752292,-28.368255,0,0.137889,2.545126,-0.829048,-2.36786,0.509582
11-06-24,15.46,15.67,15.32,15.36,357832,15.9885,16.5196,18.463625,-0.02505,-0.025487,-0.037249,FALSE,FALSE,-1.944025,-0.031064,-14.482744,23.415886,35.706396,-19.871406,-0.112109,0.028456,-22.306529,-21.392022,-42.255641,2.985071,-5.593121,2.187965,30.00443,1.656524,-2.503856,0.696524,4.103964,-3.16849,-22.306529,1.299351,-5065689,-49.464539,-62027098.753641,0.038452,51.513945,-35.432279,-33.399409,0,0.108635,1.889768,-0.83458,-2.503856,-2.094692
11-07-24,15.24,15.255,15.08,15.12,471912,15.944,16.4841,18.430375,-0.023075,-0.026284,-0.037261,FALSE,FALSE,-1.946275,-0.031133,-18.555002,23.894944,32.973344,-24.790326,-0.179095,-0.030825,-19.787801,-22.580648,-42.857141,2.531643,-5.559028,2.293556,35.723576,1.616051,-2.448129,0.689624,4.513885,-2.952387,-23.520488,1.672092,-5537601,40.785623,-62283279.994506,0.05152,47.265502,-31.942314,-35.660098,0,0.121525,2.142719,-0.830436,-2.448129,-2.306601
11-08-24,15.11,15.11,14.95,15.015,504637,15.89025,16.442,18.39665,-0.021802,-0.027097,-0.037273,FALSE,FALSE,-1.95465,-0.03143,-24.22761,24.580781,31.825614,-16.410721,-0.237913,-0.071714,-19.705884,-22.423143,-43.103446,3.801201,-6.681167,2.290566,41.094715,1.615942,-2.440722,0.682283,5.009101,-2.948561,-24.051593,1.747493,-6042238,35.055346,-62377895.672164,0.042056,38.496672,-31.223771,-34.695154,0,0.088316,1.539189,-0.826004,-2.440722,-2.129835
11-11-24,14.92,15.065,14.91,15,157619,15.8445,16.3998,18.364,-0.021118,-0.02792,-0.037284,FALSE,FALSE,-1.9642,-0.032538,-24.797387,25.292435,31.656089,-4.050307,-0.28248,-0.093025,-19.828965,-22.158798,-44.113264,5.142866,-5.749293,2.266666,45.645921,1.572576,-2.440805,0.663468,5.472974,-2.521797,-24.127468,0.562626,-6199857,-52.265018,-62352472.627138,0.09032,33.188369,-31.285689,-34.998085,0,0.094327,1.641382,-0.814535,-2.440805,-1.850111
11-12-24,15,15.2,14.97,15.1,327482,15.80275,16.3656,18.33155,-0.020923,-0.02875,-0.037295,FALSE,FALSE,-1.96595,-0.03345,-32.987859,25.432978,34.173431,1.200087,-0.306201,-0.093397,-16.482298,-21.883081,-41.945405,10.857173,-5.240038,2.135761,48.50379,1.576783,-2.361689,0.630366,5.921077,-2.345313,-24.127468,1.171486,-5872375,-3.5615,-62309756.520973,0.053983,30.51104,-27.693022,-35.866518,0,0.125371,2.076051,-0.793956,-2.361689,-1.448855
11-13-24,15.07,15.15,14.97,15.07,188571,15.76675,16.3168,18.3006,-0.021259,-0.029584,-0.037305,FALSE,FALSE,-1.9838,-0.034864,-31.929772,25.563482,33.771541,1.945927,-0.32369,-0.088708,-16.044574,-21.182013,-42.194093,9.142848,-4.55985,2.137643,51.200401,1.560055,-2.340979,0.635137,6.338112,-2.071428,-24.127468,0.67014,-6060946,24.347832,-62288804.631679,0.076599,30.409816,-27.046305,-35.679599,0,0.158191,2.664882,-0.796955,-2.340979,-1.36083
11-14-24,15.06,15.3,15.06,15.26,576501,15.74075,16.2708,18.27045,-0.022097,-0.030415,-0.037313,FALSE,FALSE,-1.99965,-0.035741,-25.333309,25.09187,38.689261,7.033172,-0.318546,-0.066852,-12.248414,-18.264595,-39.130433,20.000022,-3.295307,2.06656,52.434992,1.569405,-2.358134,0.626442,6.632412,-1.915996,-24.127468,1.892547,-5484445,414.838762,-61904470.631679,0.117302,41.37038,-21.995293,-32.870705,0,0.196607,3.253758,-0.791481,-2.358134,-0.916849
11-15-24,15.46,15.76,15.45,15.675,645478,15.74025,16.2305,18.238975,-0.022749,-0.031223,-0.03732,FALSE,FALSE,-2.008475,-0.036058,-7.807806,23.451004,47.805609,13.632178,-0.277781,-0.020869,-9.549912,-16.422283,-37.274909,43.714305,-0.063757,2.148552,52.441065,1.611087,-2.404433,0.638315,6.713617,-1.294682,-24.127468,1.944897,-4838967,544.498362,-61612964.117852,0.157868,50.306082,-18.542778,-30.271063,0,0.225199,3.689628,-0.798946,-2.404433,-0.124425
11-18-24,15.67,15.7,15.49,15.56,392831,15.73025,16.1759,18.209375,-0.023408,-0.032004,-0.037326,FALSE,FALSE,-2.033475,-0.03602,-9.70587,21.927343,45.774462,12.002922,-0.25185,0.004049,-8.416712,-16.969047,-37.635271,37.14289,-1.269034,2.155251,52.591894,1.596059,-2.385855,0.63434,6.825312,-1.702645,-24.127468,1.16912,-5231798,26.566573,-61743905.405898,0.147443,44.569239,-17.331247,-30.191782,0,0.20028,3.294202,-0.796455,-2.385855,-0.323719
11-19-24,15.73,15.76,15.41,15.44,934561,15.714,16.1267,18.181525,-0.02413,-0.032753,-0.03733,FALSE,FALSE,-2.054825,-0.036696,-15.406977,20.46141,43.688523,4.999262,-0.238237,0.01413,-9.495896,-17.122919,-37.991969,30.285699,-2.061533,2.243708,52.979541,1.577905,-2.38421,0.621777,7.004893,-1.500806,-24.127468,2.534327,-6166359,234.425109,-62518257.549396,0.043787,36.036596,-18.900492,-30.434942,0,0.186666,3.053587,-0.788528,-2.38421,-0.517182
11-20-24,15.43,15.74,15.43,15.46,428418,15.68425,16.0815,18.153075,-0.024841,-0.033466,-0.037333,FALSE,FALSE,-2.071575,-0.037092,-40.780098,19.100186,44.145378,-3.660231,-0.223261,0.023285,-8.682813,-17.45862,-36.94943,31.428582,-3.706012,2.088338,52.633359,1.575418,-2.394025,0.628682,7.094803,-1.581088,-24.127468,1.168639,-5737941,-9.180368,-62863756.531707,-0.00477,37.172142,-17.74524,-31.210834,0,0.168986,2.794352,-0.792894,-2.394025,-0.426061
11-21-24,15.3,15.6,15.2,15.28,549519,15.64925,16.0395,18.124175,-0.02571,-0.034155,-0.037335,FALSE,FALSE,-2.084675,-0.037794,-41.608326,18.562915,40.927193,-4.847269,-0.223342,0.018563,-11.214407,-19.663515,-38.012171,21.142851,-4.380475,2.119951,52.889978,1.580797,-2.285868,0.618176,7.395678,-1.716266,-24.127468,1.424034,-6287460,235.778925,-63193468.455768,-0.032925,38.050254,-22.134966,-35.780923,0,0.211539,3.437817,-0.786241,-2.285868,-0.698148
11-22-24,15.28,15.29,15.17,15.175,438851,15.607,16.0012,18.09645,-0.026667,-0.034808,-0.037336,FALSE,FALSE,-2.09525,-0.038196,-49.211858,18.154259,39.13498,-4.553543,-0.229236,0.010135,-9.940654,-19.152905,-37.896458,16.257679,-5.274658,2.073428,53.146869,1.570063,-2.280549,0.61286,5.501879,-2.068213,-24.127468,1.119321,-6726311,39.206413,-63595747.667182,-0.114311,32.39525,-20.112025,-35.050438,0,0.203109,3.300497,-0.782854,-2.280549,-0.812842
11-25-24,15.01,15.2,14.94,15.1,243411,15.56525,15.9648,18.06845,-0.027799,-0.035418,-0.037336,FALSE,FALSE,-2.10365,-0.03863,-42.460265,18.431709,37.859681,-6.285697,-0.237225,0.001717,-10.914456,-18.904405,-38.089378,22.352994,-5.240038,2.012772,53.711332,1.570459,-2.279471,0.611589,2.962352,-2.141115,-24.127468,0.613592,-6969722,61.390655,-63539574.661732,-0.124907,31.941035,-20.661244,-34.578163,0,0.174322,2.827349,-0.782041,-2.279471,-0.866204
11-26-24,15.03,15.07,14.915,14.93,240925,15.51725,15.9258,18.04065,-0.029089,-0.035987,-0.037336,FALSE,FALSE,-2.11485,-0.03974,-22.872281,18.757283,35.069989,-5.857204,-0.254342,-0.01232,-11.630661,-20.394556,-39.308943,2.352994,-6.041536,1.717539,54.932126,1.561977,-2.258437,0.602692,3.17814,-2.046446,-24.481538,0.6037,-7210647,24.65399,-63733867.868944,-0.139028,32.597949,-21.913725,-36.780405,0,0.165021,2.660725,-0.776332,-2.258437,-1.069046
11-27-24,14.96,15.11,14.95,15.05,194492,15.47125,15.8892,18.013325,-0.030629,-0.0365,-0.037336,FALSE,FALSE,-2.124125,-0.039362,-3.977251,18.878716,38.514055,-0.620924,-0.255281,-0.010608,-12.091125,-21.038822,-38.696535,16.470621,-5.760802,1.656383,54.793117,1.460307,-2.10818,0.561634,3.215696,-2.797762,-24.481538,0.485207,-7016155,22.136887,-63685243.70968,-0.146103,37.420792,-23.219375,-39.833631,0,0.130346,2.140114,-0.749423,-2.10818,-0.768801
11-28-24,15.26,15.26,15.01,15.02,12891,15.39175,15.85,17.982975,-0.032358,-0.036955,-0.037336,FALSE,FALSE,-2.132975,-0.038812,0.296742,18.330941,37.971794,0.112114,-0.255501,-0.008662,-12.215079,-22.055007,-38.768854,12.941242,-9.572547,1.697736,48.584225,1.458682,-2.104623,0.560263,3.212723,-2.888827,-24.481538,0.033366,-7029046,-95.743044,-63697103.406076,-0.192311,41.037679,-23.152935,-40.007924,0,0.131649,2.160539,-0.748507,-2.104623,-0.765165
11-29-24,15,15.01,14.84,14.86,173200,15.31125,15.819,17.953875,-0.03432,-0.037355,-0.037334,FALSE,FALSE,-2.134875,-0.038163,-7.65028,18.365631,35.130822,0.060834,-0.265526,-0.014949,-11.600237,-21.583118,-39.544346,2.173859,-9.775347,1.728033,42.768306,1.456537,-2.104518,0.557398,3.305753,-3.221058,-24.835613,0.477586,-7202246,-73.229963,-63829551.493679,-0.292873,40.928478,-22.343792,-38.736237,0,0.120353,1.97164,-0.746591,-2.104518,-1.055105
12-02-24,14.82,14.87,14.785,14.815,143851,15.223,15.7855,17.9257,-0.036203,-0.037684,-0.037332,FALSE,FALSE,-2.1402,-0.036413,-16.056361,18.565916,34.352359,-4.161696,-0.273943,-0.018693,-15.391209,-21.779307,-39.208046,3.076894,-10.645358,1.663372,32.086399,1.374478,-1.981829,0.525732,3.480938,-4.124535,-25.063231,0.403723,-7346097,-46.875519,-63871861.560717,-0.317706,36.142096,-27.003481,-39.587094,0,0.056736,0.951497,-0.725074,-1.981829,-1.271568
12-03-24,14.83,14.88,14.8,14.82,109638,15.1555,15.7539,17.89645,-0.038131,-0.037952,-0.037329,FALSE,FALSE,-2.14255,-0.035123,-14.285699,18.703054,34.525967,-3.445827,-0.277017,-0.017414,-15.603644,-21.587302,-38.506226,3.589727,-8.348796,1.614614,24.393651,1.354945,-2.008045,0.513044,3.630154,-3.761034,-25.063231,0.309161,-7236459,-23.455325,-63926681.867705,-0.306745,38.789437,-27.244726,-40.063986,0,0.056467,0.948045,-0.716271,-2.008045,-1.375359
12-04-24,14.75,14.76,14.63,14.64,122369,15.1195,15.7202,17.8651,-0.03997,-0.038162,-0.037326,FALSE,FALSE,-2.1449,-0.034262,-35.632162,19.362227,31.31538,-3.815443,-0.290628,-0.02482,-17.24138,-20.779217,-39.975397,0.884976,-4.687496,1.61007,26.443538,1.357043,-2.052867,0.526292,3.973849,-3.795963,-25.948407,0.356909,-7358828,-65.802667,-64030224.453385,-0.292122,30.254814,-29.106281,-38.511666,0,0.071781,1.220008,-0.72546,-2.052867,-1.813296
12-05-24,14.64,14.7,14.6,14.7,160000,15.0985,15.6862,17.8342,-0.041506,-0.038301,-0.037324,FALSE,FALSE,-2.148,-0.033708,-70.397128,20.064322,33.534081,-0.818278,-0.293193,-0.021908,-19.628217,-20.454545,-39.828082,8.620641,-2.777778,1.409135,28.057793,1.343444,-2.044441,0.513004,3.679814,-3.375803,-25.948407,0.488905,-7198828,-66.095374,-63870224.453385,-0.242458,18.0176,-32.539374,-38.017661,0,0.084109,1.42417,-0.716243,-2.044441,-1.420284
12-06-24,14.65,14.665,14.58,14.64,54654,15.07975,15.6541,17.80725,-0.042886,-0.038362,-0.037321,FALSE,FALSE,-2.15315,-0.033594,-69.172942,20.778971,32.40673,-2.119238,-0.296648,-0.02029,-18.212287,-20.864863,-40.560289,5.08478,-2.497502,1.370999,29.841459,1.330998,-2.071526,0.504715,3.454969,-3.156824,-25.948407,0.179333,-7253482,-89.169641,-63847719.360161,-0.241142,19.671645,-29.822579,-39.575916,0,0.077166,1.307746,-0.710433,-2.071526,-1.47362
12-09-24,14.64,14.82,14.64,14.8,113392,15.06975,15.6233,17.78145,-0.043913,-0.038355,-0.037318,FALSE,FALSE,-2.15815,-0.033371,-46.71532,20.571406,38.357959,7.04258,-0.283211,-0.005482,-16.478551,-19.652551,-39.019366,18.965543,-1.333332,1.274131,30.451635,1.338434,-2.081542,0.509459,3.638324,-2.726613,-25.948407,0.374785,-7140090,-28.059434,-63759525.048361,-0.232531,28.979,-28.151556,-37.844634,0,0.09293,1.573701,-0.713764,-2.081542,-0.885831
12-10-24,14.76,14.92,14.75,14.91,121883,15.06025,15.5975,17.7551,-0.04457,-0.038289,-0.037315,FALSE,FALSE,-2.1576,-0.032917,-37.671294,19.863693,42.1303,8.596219,-0.260681,0.013638,-14.211734,-18.702292,-38.029924,32.352919,-1.258282,1.197662,30.648036,1.34412,-2.11196,0.522149,2.717318,-2.522246,-25.948407,0.417019,-7018207,-62.781771,-63651981.546594,-0.229619,20.431165,-24.475175,-37.399169,0,0.078471,1.340688,-0.722599,-2.11196,-0.490244
12-11-24,14.75,14.76,14.62,14.66,73616,15.03975,15.5608,17.72795,-0.044971,-0.038186,-0.037311,FALSE,FALSE,-2.16715,-0.032763,-40.522926,19.709852,36.641905,4.235176,-0.260001,0.011454,-14.218843,-18.736147,-38.583999,11.267594,-2.720636,1.16449,31.92404,1.357306,-2.147805,0.533129,2.319368,-2.824582,-25.948407,0.256928,-7091823,-60.961123,-63683531.404156,-0.243387,24.999063,-24.016852,-37.810671,0,0.086425,1.479325,-0.730157,-2.147805,-1.189543
12-12-24,14.7,14.81,14.69,14.805,170293,15.017,15.5271,17.701075,-0.045015,-0.038022,-0.037307,FALSE,FALSE,-2.173975,-0.032079,-23.566891,19.301001,41.409426,3.051467,-0.244939,0.021213,-12.499999,-17.612683,-37.45247,33.088277,-2.981651,1.167559,31.89308,1.362315,-2.052787,0.524125,1.974856,-2.73716,-25.948407,0.639685,-6921530,-70.460936,-63527429.713049,-0.304823,37.360885,-20.830674,-36.968338,0,0.057253,0.96711,-0.723965,-2.052787,-0.66472
12-13-24,14.74,14.9,14.705,14.85,169422,14.97575,15.4931,17.675175,-0.044568,-0.037794,-0.037303,FALSE,FALSE,-2.182075,-0.032166,-16.233777,18.450895,42.846767,0.716467,-0.226757,0.031516,-12.02606,-17.385257,-35.546876,39.705932,-5.263157,1.132755,28.036759,1.299949,-1.939045,0.485993,1.733089,-2.123396,-25.948407,0.698904,-6752108,-73.752475,-63444889.600212,-0.377856,48.028032,-19.218565,-36.467843,0,0.051635,0.87949,-0.697132,-1.939045,-0.448517
12-16-24,14.75,14.78,14.67,14.73,102171,14.93425,15.4623,17.650575,-0.043722,-0.037549,-0.037298,FALSE,FALSE,-2.188275,-0.032228,-13.422872,17.817794,40.026832,3.384927,-0.2195,0.031018,-12.736965,-16.82665,-35.704934,22.058758,-5.334196,1.139559,24.900999,1.299805,-1.865262,0.460104,1.811383,-2.387349,-25.948407,0.448359,-6854279,-73.991106,-63435601.971704,-0.371185,51.988432,-19.720764,-35.562078,0,0.007395,0.122921,-0.678309,-1.865262,-0.82025
12-17-24,14.84,14.91,14.805,14.82,139772,14.90325,15.4269,17.626075,-0.042378,-0.037289,-0.037294,FALSE,FALSE,-2.199175,-0.032196,-15.753458,16.553987,43.053943,1.644517,-0.204134,0.037108,-12.720848,-15.986393,-35.312092,35.294068,-4.015543,1.132639,21.958861,1.302857,-1.869015,0.460023,1.676911,-2.146844,-25.948407,0.742921,-6714507,-85.044101,-63535440.565419,-0.270328,50.333411,-20.065182,-34.65427,0,0.020211,0.33512,-0.67825,-1.869015,-0.37912
12-18-24,14.87,15.75,14.75,15.75,606770,14.91775,15.4165,17.604175,-0.040077,-0.036953,-0.037288,TRUE,FALSE,-2.187675,-0.03068,30.932176,18.047029,63.535593,20.688826,-0.11558,0.100529,-4.021937,-11.016953,-30.69307,100,1.875808,1.405895,26.347615,1.544385,-2.122627,0.596804,6.000024,-0.657704,-25.948407,3.079175,-6107737,41.63037,-62928670.565419,-0.016471,63.790516,-7.753955,-27.541508,0,0.076068,1.231366,-0.772531,-2.122627,3.15873
12-19-24,15.48,15.76,15.39,15.76,558834,14.94175,15.4115,17.583375,-0.036834,-0.036541,-0.037281,TRUE,FALSE,-2.171875,-0.028988,40.724007,19.454819,63.686837,23.660004,-0.044086,0.137619,-4.426923,-11.060943,-29.893236,100,3.141365,1.491116,31.502836,1.543025,-2.076412,0.584111,5.861716,-0.72617,-25.948407,2.829228,-5548903,1.695119,-62369836.565419,0.208491,75.828295,-7.489626,-26.474535,0,0.052063,0.830557,-0.764271,-2.076412,2.597386
12-20-24,15.88,15.93,15.14,15.41,418681,14.9535,15.3979,17.562775,-0.033026,-0.036083,-0.037273,TRUE,FALSE,-2.164875,-0.028097,23.658059,19.638258,55.076548,12.022605,-0.01549,0.132972,-6.036584,-13.402642,-33.405358,61.481458,1.548597,1.851766,32.828947,1.564146,-2.106105,0.59095,5.669553,-0.932148,-25.948407,2.130548,-5967584,-4.596093,-62502331.064583,0.278204,68.377823,-9.62321,-29.69865,0,0.038576,0.612135,-0.768733,-2.106105,1.390541
12-23-24,15.4,15.57,15.19,15.205,265730,14.95875,15.3837,17.5399,-0.02882,-0.035564,-0.037264,FALSE,FALSE,-2.1562,-0.027335,14.180486,19.808593,50.748784,-12.786809,-0.009262,0.11136,-6.860648,-15.103294,-32.958555,46.296283,0.695361,2.017663,33.157869,1.569963,-2.10362,0.594669,5.521647,-1.251432,-25.948407,1.344589,-6233314,9.169265,-62747081.906527,0.2005,61.324734,-11.085764,-30.552309,0,0.032958,0.52344,-0.771148,-2.10362,0.742659
12-24-24,15.16,15.18,14.89,14.89,315174,14.95675,15.3628,17.51515,-0.024488,-0.035025,-0.037255,FALSE,FALSE,-2.15235,-0.027263,8.771929,18.771388,44.909305,-18.777532,-0.029405,0.072973,-9.207313,-16.25422,-34.173299,22.962988,-0.267917,2.12031,33.188172,1.587522,-2.121384,0.593353,5.390535,-1.440064,-25.948407,1.565369,-6548488,30.818304,-63062255.906527,0.166784,57.711865,-13.968087,-32.354143,0,0.022296,0.349623,-0.770294,-2.121384,-0.201125
12-27-24,15.07,15.4,15.07,15.215,856063,14.965,15.3513,17.494175,-0.019922,-0.034486,-0.037246,FALSE,FALSE,-2.142875,-0.026086,16.532912,18.469408,51.154307,-3.922241,-0.018926,0.066762,-6.340416,-14.088081,-31.984803,47.037041,1.096345,2.267499,33.634259,1.595714,-2.142047,0.600014,5.165346,-1.372703,-25.948407,3.651831,-5692425,340.153323,-63166018.569724,0.110747,69.085102,-10.41585,-30.033703,0,0.022102,0.347654,-0.774606,-2.142047,0.74329
12-30-24,15.58,15.75,15.39,15.56,597269,14.992,15.3469,17.47455,-0.015464,-0.033973,-0.037235,TRUE,FALSE,-2.12765,-0.02428,27.058814,19.064444,56.758077,6.009293,0.017021,0.082167,-4.77356,-12.140027,-30.473633,71.755743,3.595206,2.40773,36.1708,1.625255,-2.16951,0.611473,4.815436,-0.973691,-25.948407,2.26548,-5095156,4533.22473,-63199199.389723,0.094429,74.060046,-8.214715,-26.488223,0,0.037255,0.583781,-0.781967,-2.16951,1.570329
12-31-24,15.49,15.75,15.45,15.69,309249,15.0335,15.347,17.4551,-0.011083,-0.033499,-0.037223,TRUE,FALSE,-2.1081,-0.022109,26.409471,19.616977,58.681625,13.772321,0.055361,0.096406,-3.148155,-12.297372,-30.204627,81.67934,5.585464,2.442411,39.210331,1.628594,-2.139899,0.593684,4.53345,-0.895078,-25.948407,1.143497,-4785907,78.550231,-63013650.776183,0.150846,75.198146,-6.975099,-27.514381,0,0.069513,1.062975,-0.770509,-2.139899,1.674303
01-02-25,15.54,15.98,15.42,15.78,1088918,15.08175,15.3474,17.43465,-0.006988,-0.033025,-0.03721,TRUE,FALSE,-2.08725,-0.020216,25.970135,20.645241,60.007977,8.853671,0.091949,0.106395,-4.334653,-10.136673,-30.759109,85.294128,6.51367,2.605015,42.203226,1.616714,-2.088229,0.567011,4.393981,-0.530914,-25.948407,3.427559,-3696989,656.976316,-62702531.347612,0.184034,79.546187,-8.712859,-25.711132,0,0.097325,1.452283,-0.753001,-2.088229,1.654494
01-03-25,15.62,15.67,15.35,15.375,386899,15.1095,15.3396,17.413375,-0.00335,-0.032566,-0.037196,TRUE,FALSE,-2.073775,-0.018417,20.399428,21.300585,51.929558,-4.828519,0.087258,0.081363,-6.761672,-11.714044,-33.671269,53.81681,3.744941,2.738675,42.2162,1.62732,-2.105115,0.578512,4.022351,-1.264501,-25.948407,1.166912,-4083888,252.887685,-63028978.243649,0.135377,75.318872,-11.9163,-26.522622,0,0.054703,0.821945,-0.7606,-2.105115,0.628905
01-06-25,15.17,15.29,14.99,15.21,541985,15.138,15.3227,17.3923,0.000195,-0.032137,-0.037181,FALSE,FALSE,-2.0696,-0.017364,11.489352,20.539668,49.033394,-9.648232,0.069427,0.050825,-8.096672,-12.359548,-34.804972,41.221388,3.89344,2.878744,40.779379,1.614844,-2.096546,0.584596,3.792677,-1.134072,-25.948407,1.537377,-4625873,342.910378,-62776051.45087,0.177877,68.366294,-13.318718,-26.960317,0,0.062829,0.958291,-0.764589,-2.096546,0.17656
01-07-25,15.09,15.655,15.09,15.56,677710,15.181,15.3143,17.37465,0.003995,-0.031692,-0.037164,TRUE,FALSE,-2.06035,-0.016119,18.537856,20.719355,54.792892,-5.215086,0.082585,0.051187,-4.36386,-9.534885,-33.10404,67.938985,5.850344,2.98384,40.450618,1.631883,-2.116557,0.577271,3.470196,-0.490066,-25.948407,1.790874,-3948163,323.56875,-62326242.45076,0.204001,70.740843,-8.449138,-24.625293,0,0.095934,1.435332,-0.759784,-2.116557,0.936946
01-08-25,15.58,15.73,15.46,15.52,743793,15.225,15.3043,17.35745,0.008004,-0.031231,-0.037145,TRUE,FALSE,-2.05315,-0.014779,21.066691,21.050054,54.041268,2.111711,0.088762,0.045892,-6.449667,-9.767443,-31.388153,62.601687,6.01093,3.032952,39.016868,1.630608,-2.094254,0.575101,3.012246,-0.613237,-25.948407,1.80147,-4691956,1260.912285,-62739457.865009,0.134211,74.580017,-11.424463,-25.445974,0,0.096496,1.441174,-0.758354,-2.094254,0.756084
01-09-25,15.48,15.6,15.48,15.6,24970,15.265,15.2976,17.3404,0.012208,-0.030726,-0.037124,TRUE,FALSE,-2.0428,-0.013573,20.855635,21.357132,55.360172,6.326779,0.098972,0.044881,-4.118009,-9.090906,-31.307789,69.105748,5.405407,2.989926,38.52819,1.626398,-2.103837,0.571676,2.554003,-0.35404,-25.948407,0.061132,-4666986,-77.979046,-62714487.865009,0.127924,73.865036,-9.205577,-25.142989,0,0.100969,1.505829,-0.756093,-2.103837,0.869494
01-10-25,15.73,16.110001,15.73,15.995,381245,15.31925,15.2997,17.3246,0.016744,-0.030157,-0.037102,TRUE,FALSE,-2.0249,-0.011668,7.644305,22.657283,61.270112,6.47722,0.137354,0.06661,-0.093694,-4.848302,-28.721036,90.573713,7.276996,2.697271,40.836091,1.659397,-2.06958,0.58723,3.642016,0.036675,-25.948407,0.90465,-4285741,212.795878,-62563997.223363,0.129083,73.093998,-3.013287,-17.561513,0,0.094796,1.411518,-0.76631,-2.06958,1.654786
01-13-25,16.26,16.290001,15.95,15.96,260894,15.38425,15.2995,17.30815,0.021494,-0.029512,-0.037077,TRUE,FALSE,-2.00865,-0.010069,6.191947,24.155849,60.505728,6.46446,0.163067,0.073859,-0.807956,-6.612054,-29.003557,76.428518,8.867669,2.68976,40.13047,1.655228,-2.013452,0.565928,3.621259,0.147239,-25.948407,0.605615,-4546635,254.3985,-62809544.216158,0.10144,71.945095,-2.737128,-17.725249,0,0.062009,0.90264,-0.752282,-2.013452,1.434695
01-14-25,15.81,16.115,15.775,15.93,410827,15.4405,15.2859,17.2931,0.026171,-0.028796,-0.037051,TRUE,FALSE,-2.0072,-0.008546,17.869444,24.870423,59.816882,4.45671,0.178962,0.071803,0.094253,-6.183741,-29.137008,74.285681,7.598784,2.49305,39.462811,1.655427,-2.044512,0.573995,3.48853,0.127302,-25.948407,0.927754,-4957462,141.247145,-62845792.166073,0.076966,71.903349,-1.20211,-16.737055,0,0.042112,0.618708,-0.757625,-2.044512,1.240409
01-15-25,15.49,15.54,15.29,15.36,446149,15.466,15.2637,17.2752,0.029925,-0.028031,-0.037022,TRUE,FALSE,-2.0115,-0.008126,4.732818,23.957315,48.515132,-12.754979,0.143905,0.029397,-3.608414,-8.842734,-31.489743,33.571366,3.434338,2.706473,37.018352,1.718062,-2.119286,0.58729,3.398997,-0.335653,-25.948407,0.976993,-5403611,163.33593,-63042098.815304,0.044102,70.063424,-5.939624,-19.985526,0,0.008237,0.118474,-0.766349,-2.119286,-0.286345
01-16-25,15.29,15.44,15.28,15.415,172916,15.50025,15.2404,17.257275,0.032775,-0.027224,-0.036991,TRUE,FALSE,-2.016875,-0.007471,17.412926,23.080286,49.506493,-10.999235,0.119187,0.003743,-2.374921,-7.472989,-31.972639,32.692294,4.650376,2.624994,32.776147,1.717541,-2.118135,0.583202,3.013864,-0.354253,-25.948407,0.375747,-5230695,69.241761,-62923218.292308,0.055671,71.411667,-4.454448,-17.785488,0,0.032488,0.465107,-0.763677,-2.118135,-0.260098
01-17-25,15.13,15.2,15.02,15.12,224234,15.51525,15.2194,17.236575,0.034498,-0.026374,-0.036958,FALSE,FALSE,-2.017175,-0.007273,-3.182589,21.528085,44.551364,-15.265518,0.074929,-0.032412,-4.182509,-11.57895,-34.060185,10,2.024293,2.621882,30.074238,1.734778,-2.115015,0.591815,3.085829,-0.647438,-25.948407,0.482831,-5454929,60.428412,-62898303.931437,0.068596,65.115091,-6.631063,-23.521761,0,0.039272,0.562483,-0.769295,-2.115015,-1.314248
01-20-25,15.12,15.12,15.12,15.12,,15.48375,15.2146,17.215975,0.035081,-0.025484,-0.036923,FALSE,FALSE,-2.001375,-0.006546,-16.666691,20.086756,44.551364,-3.963768,0.039401,-0.054352,-3.602171,-13.053477,-32.859682,10,-4.000001,2.369142,30.77716,1.716893,-2.092028,0.585869,3.336406,-0.937654,-25.948407,0,-5454929,-100,-62898303.931437,0.003498,61.443018,-5.855958,-25.877876,0,0.032583,0.468142,-0.765421,-2.092028,-1.181883
01-21-25,15.12,15.12,15.12,15.12,,15.45175,15.2146,17.192975,0.034734,-0.024556,-0.036885,FALSE,FALSE,-1.978375,-0.005895,-22.709149,18.748379,44.551364,-4.955129,0.011116,-0.066109,-4.060916,-14.285712,-31.21019,10,-4.060916,2.227419,31.079387,1.716192,-2.070863,0.580569,3.606862,-0.866019,-25.948407,0,-5454929,-100,-62898303.931437,-0.065061,59.210887,-7.370374,-27.859318,0,0.06184,0.883224,-0.761951,-2.070863,-1.067428
01-22-25,14.7,14.73,14.62,14.675,209141,15.415,15.2078,17.169875,0.03328,-0.023626,-0.036845,FALSE,FALSE,-1.962075,-0.005858,-38.568923,18.628721,37.483001,-7.068363,-0.046669,-0.099116,-6.914051,-15.026058,-32.975566,3.293429,-4.769628,2.265758,35.61379,1.754927,-2.076173,0.553386,4.212486,-1.328352,-25.948407,0.52859,-5664070,-50.04765,-62898302.118227,-0.05004,46.534075,-10.388443,-27.743269,0,0.022887,0.309791,-0.743899,-2.076173,-2.077846
01-23-25,14.72,14.725,14.54,14.54,152642,15.38175,15.1986,17.14595,0.030741,-0.022701,-0.036804,FALSE,FALSE,-1.94735,-0.006112,-32.177262,18.697501,35.635842,-8.915522,-0.10218,-0.123702,-9.436315,-16.195967,-33.210842,0,-4.373561,2.166438,40.453116,1.757148,-2.080681,0.555787,4.752094,-1.385297,-26.454225,0.391386,-5816712,-42.557483,-63050944.118227,-0.038956,49.194066,-14.005256,-30.0155,0,0.018797,0.254797,-0.745511,-2.080681,-2.080804
01-24-25,14.53,14.67,14.5,14.615,239111,15.368,15.1889,17.122675,0.027337,-0.021768,-0.036761,FALSE,FALSE,-1.933775,-0.006241,-23.752505,18.853779,37.47918,-7.072184,-0.138525,-0.128037,-8.541926,-19.520926,-32.83548,6.424565,-1.846881,2.050243,42.62178,1.759053,-2.083352,0.555088,5.11653,-1.263739,-26.454225,0.619137,-5577601,-24.133653,-62966552.789625,0.01239,53.010259,-13.35763,-34.28254,0,0.042349,0.572968,-0.745042,-2.083352,-1.766703
01-27-25,15.27,15.27,15.03,15.04,496666,15.35925,15.1883,17.099625,0.02332,-0.020843,-0.036716,FALSE,FALSE,-1.911325,-0.005467,-20.155057,17.79655,46.780513,9.297512,-0.131518,-0.096824,-6.117356,-17.993458,-30.143988,30.16758,-1.150182,2.035051,43.129026,1.800496,-2.109814,0.543604,5.310074,-0.881318,-26.454225,1.34879,-5080935,-41.982541,-63421829.133972,-0.034735,50.616881,-11.13839,-32.580907,0,0.083844,1.094235,-0.737295,-2.109814,-0.740221
01-28-25,14.97,15.15,14.75,14.79,412588,15.32075,15.1789,17.076725,0.018587,-0.019945,-0.03667,FALSE,FALSE,-1.897825,-0.003967,-26.164893,16.934068,42.751426,7.115584,-0.144472,-0.087823,-7.185444,-17.51255,-31.496064,16.201107,-4.948589,2.132234,44.652544,1.729499,-2.050153,0.510358,5.623246,-1.784843,-26.454225,1.14928,-5493523,-30.920908,-63751899.533972,-0.076978,33.81874,-12.2381,-31.751969,0,0.05093,0.668058,-0.714393,-2.050153,-1.188622
01-29-25,14.84,15.05,14.81,14.9,159701,15.28125,15.1634,17.051525,0.013451,-0.019076,-0.036622,FALSE,FALSE,-1.888125,-0.002422,-24.822725,16.133192,44.996189,7.517009,-0.1442,-0.070041,-6.230338,-16.852681,-29.915337,22.346336,-5.035054,2.183606,44.708382,1.731299,-2.041067,0.504521,5.876468,-1.540523,-26.454225,0.454316,-5333822,-48.358443,-63791825.735865,-0.110687,36.949859,-11.66772,-31.489448,0,0.07496,0.976438,-0.710296,-2.041067,-0.852749
01-30-25,14.81,14.93,14.7,14.76,138831,15.23025,15.1474,17.023125,0.007975,-0.018277,-0.036573,FALSE,FALSE,-1.875725,-0.000834,-48.148143,15.665914,42.701276,-4.079237,-0.153512,-0.063482,-7.576706,-18.543049,-30.671679,14.525145,-6.463875,2.068816,44.536945,1.730832,-1.960967,0.493874,6.044772,-1.786658,-26.454225,0.456658,-5472653,-87.250555,-63858222.820253,-0.190071,27.863399,-14.51316,-34.253525,0,0.079494,1.024824,-0.702762,-1.960967,-1.055865
01-31-25,14.66,14.97,14.54,14.93,260483,15.208,15.1372,16.995125,0.002396,-0.017523,-0.036522,FALSE,FALSE,-1.857925,0.00044,-38.148141,15.62211,46.283911,3.532485,-0.145497,-0.044373,-10.11439,-14.928769,-32.043692,26.62541,-2.894307,2.088318,44.885944,1.712569,-1.892846,0.491204,6.122259,-1.245743,-26.454225,0.875002,-5212170,-32.67416,-63646201.69313,-0.103667,27.384792,-17.4657,-28.153844,0,0.081711,1.061844,-0.700859,-1.892846,-0.619347
02-03-25,15.42,15.505,15.02,15.15,725744,15.205,15.131,16.967025,-0.002924,-0.016799,-0.036469,TRUE,FALSE,-1.836025,0.00077,-26.989649,14.899306,50.58951,5.593321,-0.120009,-0.015109,-8.01457,-16.043228,-29.469274,62.499966,-0.39448,2.168789,44.904584,1.599551,-1.71546,0.475864,3.356666,-0.261466,-26.454225,2.364894,-4486426,33.904813,-63982889.290172,-0.196629,45.330736,-13.757634,-29.726033,0,0.10415,1.427712,-0.689829,-1.71546,-0.122483
02-04-25,15.14,15.16,14.93,14.93,260344,15.1735,15.124,16.937275,-0.008116,-0.016104,-0.036413,FALSE,FALSE,-1.813275,0.000345,-16.929121,13.991861,46.569599,3.868323,-0.116223,-0.009058,-9.951747,-20.330841,-28.9386,42.786095,-4.048844,2.004593,44.491015,1.597799,-1.690855,0.454991,3.459074,-0.243478,-26.454225,0.910249,-4746770,-61.584749,-64243233.290172,-0.335122,47.926079,-15.528959,-36.254666,0,0.079593,1.071152,-0.67453,-1.690855,-0.547301
02-05-25,15.01,15.1,14.83,14.83,124301,15.139,15.1171,16.905175,-0.013095,-0.01543,-0.036355,FALSE,FALSE,-1.788075,-0.000412,-22.630579,13.099601,44.825983,-1.457927,-0.119909,-0.010195,-8.286952,-23.909697,-29.881796,32.83581,-4.44588,2.071092,44.337702,1.597623,-1.657552,0.455487,2.118498,-0.239424,-26.454225,0.48738,-4871071,-83.288227,-64367534.290172,-0.319181,48.683127,-14.40969,-42.467809,0,0.113528,1.528707,-0.674897,-1.657552,-0.696924
02-06-25,14.74,14.895,14.73,14.73,176646,15.0955,15.1097,16.874275,-0.017934,-0.014779,-0.036295,FALSE,FALSE,-1.764575,-0.001347,-16.318017,12.534781,43.088601,-7.500908,-0.129407,-0.015755,-4.101563,-25.493176,-30.05698,22.885524,-5.576928,1.973622,43.841793,1.599901,-1.652268,0.451328,2.243703,-0.334073,-22.864723,0.672622,-5047717,607.43292,-64544180.290172,-0.348349,49.437478,-8.953075,-44.107235,0,0.094147,1.261121,-0.671809,-1.652268,-0.83368
02-07-25,14.71,15.04,14.66,15.01,979002,15.04625,15.1113,16.847325,-0.022365,-0.014137,-0.036232,FALSE,FALSE,-1.736025,-0.00164,-4.119839,11.684022,49.043903,2.474304,-0.113038,0.000491,-0.727511,-20.371353,-27.557912,50.746286,-6.158172,2.117637,38.400207,1.616697,-1.720178,0.474569,2.256634,-0.12862,-22.287543,3.34689,-4068715,156.790778,-63719756.130873,-0.197558,60.831144,-4.398466,-36.643008,0,0.087728,1.18837,-0.68889,-1.720178,-0.0944
02-10-25,14.85,14.91,14.78,14.82,353848,14.98925,15.1067,16.819475,-0.026174,-0.013517,-0.036168,FALSE,FALSE,-1.712775,-0.002289,-10.489518,10.894031,45.559981,0.733998,-0.114082,-0.000442,-1.298706,-20.748668,-28.405801,31.840762,-7.142859,2.255641,32.060504,1.6248,-1.722995,0.480964,2.329914,-0.301748,-22.287543,1.190771,-4422563,35.629029,-63855851.914844,-0.176052,56.268795,-6.047365,-37.56216,0,0.082442,1.118026,-0.693515,-1.722995,-0.527909
02-11-25,14.905,14.905,14.76,14.8,465139,14.93275,15.1023,16.790475,-0.029307,-0.012928,-0.036102,FALSE,FALSE,-1.688175,-0.002636,5.133471,10.134317,45.196038,2.107437,-0.115195,-0.001244,-1.333332,-20.897911,-27.769642,29.850762,-7.093535,2.087356,23.395044,1.616193,-1.73068,0.490171,2.259993,-0.531841,-20.503011,1.551113,-4887702,13.220163,-64064361.868101,-0.20318,53.353372,-5.938916,-37.487868,0,0.057272,0.787843,-0.700122,-1.73068,-0.567427
02-12-25,15.1,15.12,14.84,14.89,325410,14.90925,15.1029,16.763925,-0.03161,-0.012342,-0.036033,FALSE,FALSE,-1.661025,-0.002106,14.644371,10.051894,47.238596,-1.805307,-0.107575,0.005101,-1.390729,-17.643803,-27.418958,38.806,-3.059891,2.1395,21.128226,1.577656,-1.68494,0.483381,2.039595,-0.89892,-20.503011,1.107449,-4562292,-27.062484,-64273553.456787,-0.209547,57.876605,-4.827592,-32.676687,0,0.024977,0.349658,-0.695256,-1.68494,-0.091109
02-13-25,14.84,14.9,14.57,14.58,287889,14.8675,15.0982,16.7364,-0.033132,-0.01178,-0.035962,FALSE,FALSE,-1.6382,-0.002235,-1.333328,9.555034,41.501061,-4.05892,-0.125108,-0.009946,-3.251492,-18.774377,-30.867711,4.145073,-5.416802,2.263375,18.721293,1.596706,-1.706162,0.490091,2.06889,-1.111607,-20.503011,0.960956,-4850181,66.490666,-64543994.235223,-0.270503,57.323799,-6.915427,-33.843141,0,0.016754,0.233266,-0.700065,-1.706162,-1.535685
02-14-25,14.57,14.62,14.535,14.6,215832,14.8415,15.0938,16.7059,-0.033837,-0.01124,-0.035888,FALSE,FALSE,-1.6121,-0.002481,-19.819799,9.199106,41.990602,-3.205436,-0.135824,-0.016529,-4.325032,-16.043698,-29.400386,6.701084,-3.43915,1.98141,18.640714,1.594499,-1.660517,0.480394,2.276849,-0.962416,-20.503011,0.721446,-4634349,-3.746979,-64429727.671209,-0.255949,50.448488,-6.92791,-28.647155,0,0.003399,0.046938,-0.693104,-1.660517,-1.295549
02-18-25,14.55,14.66,14.53,14.53,183268,14.812,15.0916,16.6742,-0.034447,-0.010725,-0.035812,FALSE,FALSE,-1.5826,-0.002761,-12.745104,8.731134,40.706637,-6.531959,-0.148256,-0.023169,-7.304628,-16.156954,-28.948659,0,-3.902117,1.858225,18.669846,1.595076,-1.645844,0.478315,2.444789,-1.063082,-20.557687,0.59439,-4817617,,-64612995.671209,-0.278062,52.976139,-11.219492,-29.416743,0,0.010853,0.149543,-0.691603,-1.645844,-1.510458
02-19-25,14.6,14.61,14.44,14.45,325742,14.7785,15.0866,16.644,-0.035031,-0.010244,-0.035733,FALSE,FALSE,-1.5574,-0.003425,-22.388037,8.593449,39.230269,-2.270792,-0.162688,-0.030081,-7.13368,-14.949971,-30.091922,0.938988,-4.431217,1.824024,18.862455,1.590036,-1.705844,0.480348,2.703219,-0.964332,-20.995084,1.003467,-5143359,,-64900414.223038,-0.308381,47.923901,-10.645258,-27.689124,0,-0.02206,-0.305519,-0.693071,-1.705844,-1.741556
02-20-25,14.52,14.72,14.52,14.59,494996,14.77425,15.0856,16.617,-0.035244,-0.009786,-0.035651,FALSE,FALSE,-1.5314,-0.003992,-8.457706,8.059731,43.11827,1.127668,-0.160973,-0.022693,-5.505178,-14.478308,-30.224772,14.084554,-0.579217,1.826105,19.200657,1.593699,-1.709075,0.482396,2.794636,-0.687193,-20.995084,1.460557,-4648363,136.680517,-65048914.203202,-0.317284,54.102954,-8.511394,-27.171842,0,-0.014201,-0.196609,-0.694547,-1.709075,-0.959602
02-21-25,14.65,15.11,14.61,15.1,425168,14.80225,15.0916,16.59455,-0.034618,-0.009335,-0.035565,TRUE,FALSE,-1.50295,-0.003817,7.234039,8.62344,54.530807,13.82417,-0.117111,0.016935,-2.328588,-10.809214,-27.681988,61.971875,3.851447,1.807001,19.682,1.656962,-1.775763,0.51433,2.768962,-0.023888,-20.995084,1.206029,-4223195,178.539327,-64640751.690568,-0.225482,55.544707,-4.010476,-21.705949,0,0.018845,0.259074,-0.717168,-1.775763,1.512805
02-24-25,15,15.26,14.95,15.23,1103564,14.833,15.098,16.573,-0.032898,-0.008881,-0.035476,TRUE,FALSE,-1.475,-0.003717,3.539816,9.539281,56.904353,17.674084,-0.071042,0.050404,-0.327226,-11.504937,-23.964059,96.341383,4.208004,1.667293,21.337142,1.653659,-1.77291,0.514618,3.217284,0.293932,-20.995084,2.788481,-3119631,361.52791,-63750785.322456,-0.09908,58.506548,-0.562212,-22.686144,0,0.049639,0.683966,-0.717369,-1.77291,1.860603
02-25-25,15.25,15.6,15.205,15.39,588206,14.8505,15.1126,16.5523,-0.030262,-0.008435,-0.035384,TRUE,FALSE,-1.4397,-0.003169,20.909058,11.161765,59.693202,16.574932,-0.021374,0.080057,1.416805,-8.664688,-22.895786,81.896561,2.32713,1.72654,24.347218,1.65588,-1.774703,0.513464,4.061433,0.332973,-20.995084,1.469284,-2531425,18.430897,-63788012.939103,-0.045735,65.207869,1.167314,-19.110927,0,0.051896,0.713263,-0.716564,-1.774703,2.21586
02-26-25,15.28,15.51,15.12,15.4,400565,14.881,15.1245,16.532525,-0.027033,-0.008,-0.035287,TRUE,FALSE,-1.408025,-0.002673,27.014171,12.330904,59.867991,5.337184,0.01858,0.096009,1.98675,-9.144549,-23.686822,82.758567,4.124406,1.781077,27.202747,1.655555,-1.764056,0.509746,3.996991,0.375277,-20.995084,1.002079,-2130860,-2.914045,-63613408.737548,0.017323,62.246112,1.186491,-19.769595,0,0.060976,0.835035,-0.713965,-1.764056,1.907894
02-27-25,15.27,15.89,15.21,15.88,547259,14.93,15.1451,16.515575,-0.023067,-0.007562,-0.035187,TRUE,FALSE,-1.370475,-0.001683,46.184713,14.176148,67.21718,10.312827,0.087963,0.132313,6.363026,-6.007696,-20.955699,99.310329,6.577185,1.958889,35.210645,1.695155,-1.803691,0.515407,6.383961,1.019247,-20.995084,1.305759,-1583601,242.677253,-63082245.95167,0.084653,67.085985,6.349709,-16.305447,0,0.099564,1.339389,-0.717919,-1.803691,2.698048
02-28-25,15.84,16.014999,15.37,15.4,780761,14.962,15.1585,16.495925,-0.018921,-0.007134,-0.035083,TRUE,FALSE,-1.337425,-0.001613,14.498105,16.107848,56.144763,-3.54844,0.103029,0.117904,2.325578,-10.046736,-23.686822,60.952391,4.336039,2.142858,36.47003,1.742487,-1.846822,0.538931,6.266071,0.578586,-20.995084,1.730378,-2364362,462.382321,-63790378.612065,0.007518,53.854239,1.473402,-22.121994,0,0.094734,1.271024,-0.734119,-1.846822,1.200985
03-03-25,15.27,16.135,15.23,15.92,721209,15.0115,15.1805,16.479925,-0.014015,-0.006711,-0.034975,TRUE,FALSE,-1.299425,-0.000714,36.423825,17.334165,63.214258,3.346267,0.155141,0.136012,5.992008,-6.955,-20.519224,87.31563,6.630943,2.375718,42.270153,1.793694,-1.875212,0.563136,6.210793,1.055152,-20.995084,1.520753,-1643153,176.873731,-63411843.484772,0.024709,61.605894,6.886226,-16.900829,0,0.104524,1.399571,-0.750424,-1.875212,2.149271
03-04-25,16.17,16.559999,15.86,16.32,750595,15.07,15.1919,16.468175,-0.008026,-0.006264,-0.034863,TRUE,FALSE,-1.276275,0.000474,44.705835,19.213188,67.547876,0.330696,0.226109,0.165585,9.825034,-2.91493,-16.946565,88.679255,7.722773,2.5604,51.398338,1.810619,-1.814467,0.574734,7.906988,1.589913,-20.995084,1.578581,-892558,3.42421,-63175941.84845,0.084855,69.76455,12.895524,-10.258116,0,0.111175,1.494682,-0.758112,-1.814467,2.431985
03-05-25,16.32,16.52,15.87,15.97,548729,15.122,15.1961,16.45425,-0.001588,-0.005797,-0.034746,TRUE,FALSE,-1.25815,0.001096,29.50818,20.957995,60.798601,4.653838,0.251215,0.152552,7.796157,-8.794974,-19.016223,72.169848,6.96584,2.764112,55.039316,1.835397,-1.82459,0.587671,7.573963,1.200223,-20.995084,1.120069,-1441287,110.770749,-63555830.660703,0.070157,63.02713,9.649258,-18.338958,0,0.097634,1.315074,-0.766597,-1.82459,1.540717
03-06-25,16.379999,16.67,16.139999,16.57,1033822,15.209,15.2193,16.4434,0.005626,-0.005288,-0.034625,TRUE,TRUE,-1.2241,0.00253,50.379731,22.818828,66.903704,3.689446,0.315885,0.173778,11.808367,-5.637812,-17.685045,95.515679,11.732972,2.82352,63.311175,1.891657,-1.871261,0.599673,8.202958,1.747089,-20.995084,1.930997,-407465,731.708514,-62912131.152906,0.135922,70.122824,14.752765,-13.991737,0,0.128499,1.70432,-0.774386,-1.871261,2.149699
03-07-25,16.690001,16.959999,16.285,16.360001,707883,15.2905,15.2424,16.43205,0.013212,-0.004743,-0.0345,TRUE,FALSE,-1.18965,0.003784,42.512089,24.965701,63.194167,-4.353708,0.3462,0.163275,11.748635,-7.518371,-17.871483,76.190532,11.06586,3.11736,67.192947,1.897814,-1.868164,0.603382,7.57014,1.412379,-20.995084,1.259703,-1115348,300.735369,-63462705.041556,0.096226,74.355516,13.965059,-16.903872,0,0.12069,1.602998,-0.776776,-1.868164,1.591686
03-10-25,16.860001,17.5,16.74,17.24,475753,15.402,15.2894,16.4246,0.021319,-0.004125,-0.03437,TRUE,TRUE,-1.1352,0.00658,54.747499,27.570659,70.560475,9.761874,0.436206,0.202624,17.278912,-5.740848,-11.725555,91.503262,14.856759,3.376699,79.642356,2.011873,-1.961832,0.617992,9.913606,1.941937,-19.273742,0.886306,-639595,-51.404287,-63312467.440606,0.037938,77.26394,20.970457,-14.483838,0,0.163064,2.081714,-0.786124,-1.961832,2.307817
03-11-25,17.34,17.77,17.120001,17.51,989358,15.5365,15.3353,16.41705,0.029914,-0.00342,-0.034236,TRUE,TRUE,-1.08175,0.009266,59.5331,30.234972,72.386558,5.482855,0.52329,0.231767,19.603824,-2.178768,-11.476241,91.999993,18.151151,3.520437,91.175524,2.002444,-1.944706,0.615711,10.145617,2.379547,-18.453723,1.74012,349763,179.599715,-63114597.001869,0.065187,82.222859,24.224398,-8.632023,0,0.169861,2.172226,-0.784673,-1.944706,2.164507
03-12-25,17.129999,17.68,17.1,17.34,855982,15.6635,15.3709,16.4099,0.038607,-0.00264,-0.034097,TRUE,TRUE,-1.039,0.01176,53.191508,32.625866,69.464931,6.270764,0.571994,0.224377,17.162162,-2.144465,-12.600806,86.392399,17.162162,3.682649,97.824374,2.00726,-1.970805,0.623114,9.117946,2.115498,-16.858455,1.455505,-506219,84.02714,-63262180.687715,0.068201,73.801422,20.912545,-9.629304,0,0.189658,2.443221,-0.789376,-1.970805,1.713786
03-13-25,17.41,17.93,17.379999,17.82,1131209,15.81,15.4135,16.4059,0.047923,-0.001762,-0.033955,TRUE,TRUE,-0.9924,0.014976,52.9183,35.070887,72.802788,2.242313,0.641925,0.235446,19.517102,2.531649,-8.191655,96.308705,19.677631,3.611512,107.128059,2.032736,-1.99307,0.633541,9.688281,2.409719,-15.447632,1.800172,624990,247.625764,-62583456.856883,0.134478,75.859729,23.859081,-2.944176,0,0.21116,2.724066,-0.795953,-1.99307,1.876259
03-14-25,17.52,17.57,17.049999,17.08,524607,15.935,15.4395,16.397525,0.057012,-0.000828,-0.033808,TRUE,TRUE,-0.958025,0.016611,32.17393,36.032763,61.619656,-10.766902,0.630367,0.17911,16.507504,-0.058515,-12.342831,69.750881,17.146776,3.960355,106.604778,2.108755,-2.057959,0.668925,8.944589,1.903226,-14.899881,0.81941,100383,82.225441,-63047530.94779,0.11687,69.315933,19.910318,-6.120302,0,0.222181,2.906822,-0.817879,-2.057959,1.074061
03-17-25,17.1,17.120001,16.700001,16.860001,855729,16.048,15.4692,16.386525,0.065698,0.000147,-0.033658,TRUE,TRUE,-0.917325,0.017907,25.301224,35.743718,58.731244,-10.733687,0.596578,0.116257,13.880448,-0.354607,-13.891723,61.921725,15.479453,4.022623,103.64596,2.117763,-2.053771,0.672008,8.294366,1.657879,-14.899881,1.272989,-755346,296.479206,-63251276.688004,0.087654,61.868598,15.490937,-6.940628,0,0.220017,2.879701,-0.819761,-2.053771,0.783437
03-18-25,17.02,17.32,17.01,17.219999,579217,16.1825,15.5094,16.376275,0.074027,0.001164,-0.033503,TRUE,TRUE,-0.866875,0.021257,29.545469,35.787066,61.880121,-10.922667,0.592025,0.089363,15.959588,2.014219,-13.336696,73.897025,18.513418,3.967562,100.310503,1.9807,-1.978664,0.628377,7.512202,1.219585,-14.899881,0.836997,-176129,216.049174,-63045750.144391,0.113237,66.193422,17.475181,-3.553684,0,0.214679,2.822411,-0.792702,-1.978664,1.034288
03-19-25,17.1,17.17,16.620001,16.860001,564167,16.303,15.5354,16.365825,0.081486,0.002203,-0.033345,TRUE,TRUE,-0.830425,0.023951,16.225189,34.670728,57.181459,-4.438196,0.552993,0.040265,14.460293,-0.118475,-14.111048,60.370393,16.678206,4.018385,92.580603,2.002034,-1.978313,0.642705,7.073934,0.921921,-14.899881,0.801443,-740296,73.19443,-63117553.003684,0.126635,60.983543,14.056025,-7.534775,0,0.248482,3.296175,-0.801689,-1.978313,0.601639
03-20-25,17.1,17.120001,16.65,16.950001,357525,16.421,15.564,16.355875,0.088272,0.003263,-0.033185,TRUE,TRUE,-0.791875,0.026139,27.433678,33.634128,58.039273,-0.691971,0.52329,0.008449,14.372477,-0.176671,-12.741305,63.703731,16.175467,3.923303,84.26456,1.978609,-1.960284,0.639324,6.210474,1.301178,-13.004219,0.5129,-382771,-27.772144,-63018662.554403,0.145628,66.72185,14.021189,-7.898093,0,0.267793,3.577514,-0.799577,-1.960284,0.627786
03-21-25,17.25,17.285,16.9,16.91,450557,16.5115,15.5902,16.345925,0.094317,0.004344,-0.033021,TRUE,TRUE,-0.755725,0.027827,19.148953,32.98558,57.488021,-4.392099,0.490864,-0.019181,7.365078,3.046923,-11.419593,50.724631,11.986751,3.712933,78.877842,1.969492,-1.947024,0.631983,5.684411,1.454207,-13.004219,0.645188,-833328,5.971522,-63445813.474165,0.085556,65.984939,4.966234,-3.173465,0,0.255972,3.400985,-0.794973,-1.947024,0.505211
03-24-25,16.559999,16.57,16.290001,16.32,344776,16.566,15.5967,16.335125,0.099055,0.005417,-0.032855,TRUE,FALSE,-0.738425,0.027921,0,30.783711,49.951917,-7.229543,0.412799,-0.077797,3.553296,-1.030928,-13.924048,21.844646,7.156928,3.812149,73.112315,2.00533,-1.967596,0.653846,5.684411,1.241215,-13.004219,0.522075,-1178104,-68.757952,-63716711.586863,0.00258,61.069538,-0.979293,-8.76504,0,0.270138,3.634674,-0.808608,-1.967596,-0.336469
03-25-25,16.27,16.370001,16.219999,16.290001,128563,16.611,15.6033,16.324175,0.102107,0.006477,-0.032687,TRUE,FALSE,-0.720875,0.028436,6.349226,28.589252,49.595915,-8.443358,0.34454,-0.116844,5.710585,-0.670724,-14.308255,8.379969,5.847957,3.599929,68.090422,1.988327,-1.960116,0.659482,5.466226,0.936935,-13.004219,0.201695,-1306667,-78.143202,-63725280.927766,0.004921,63.755128,1.826326,-8.280922,0,0.23722,3.245588,-0.812085,-1.960116,-0.471431
03-26-25,16.290001,16.74,16.24,16.66,311633,16.674,15.6179,16.314975,0.103892,0.007509,-0.032516,TRUE,TRUE,-0.697075,0.030083,1.871107,27.329765,53.954709,-3.533313,0.31665,-0.115788,9.56922,2.052062,-13.025324,25.73101,8.18182,3.43423,61.837986,1.988397,-1.960534,0.659312,5.421416,0.937411,-13.004219,0.492337,-995034,-22.20164,-63513370.392663,0.007902,60.720396,7.075006,-4.772652,0,0.237832,3.253034,-0.811981,-1.960534,-0.02264
03-27-25,16.74,16.879999,16.549999,16.780001,528865,16.719,15.6463,16.306775,0.104399,0.008521,-0.032343,TRUE,TRUE,-0.660475,0.032085,8.898315,26.433358,55.3047,5.352783,0.300763,-0.10534,12.693085,2.31708,-12.831165,32.748599,5.66751,3.262812,58.963769,1.987763,-1.976432,0.667751,5.199032,0.922379,-13.004219,0.836749,-466169,-3.361114,-63305024.818378,-0.017624,59.912882,10.525814,-4.714144,0,0.221746,3.072274,-0.817161,-1.976432,0.103454
03-28-25,16.85,17.48,16.83,17.459999,452369,16.822,15.6872,16.302375,0.104191,0.009536,-0.032166,TRUE,TRUE,-0.615175,0.035295,4.867247,26.607845,62.087862,12.491947,0.339133,-0.053575,14.755169,7.479213,-7.814157,72.514564,13.37662,2.955735,52.329507,2.050624,-2.024494,0.696311,5.154102,1.342948,-13.004219,0.73481,-13800,-42.060503,-62880494.564187,0.073899,59.809352,14.087288,2.70868,0,0.207276,2.911713,-0.834453,-2.024494,1.219196
03-31-25,17.84,18,17.139999,17.280001,1379749,16.89,15.7304,16.298575,0.102939,0.010558,-0.031986,TRUE,TRUE,-0.568175,0.03743,-5.191872,27.449281,59.51315,5.558441,0.350972,-0.033389,11.053986,5.752757,-8.764518,59.550616,8.542717,3.07333,48.702087,2.025068,-1.992787,0.695263,5.196587,1.560524,-13.004219,2.127422,-1393549,91.310563,-63811019.116657,-0.030774,61.698433,8.793301,-0.026876,0,0.237106,3.366985,-0.833825,-1.992787,0.800788
04-01-25,17.360001,17.559999,17.02,17.120001,838359,16.93,15.7704,16.294325,0.100358,0.011613,-0.031804,TRUE,TRUE,-0.523925,0.038916,-4.977369,27.912652,57.240859,1.93616,0.343484,-0.032702,9.114094,5.679013,-9.894732,50.561864,4.901968,3.085363,47.030769,2.023569,-2.005283,0.70694,5.25247,1.580932,-13.004219,1.28397,-2231908,11.692591,-64338873.02854,-0.089053,61.878846,6.887291,-0.459953,0,0.260862,3.780197,-0.840797,-2.005283,0.403992
04-02-25,17.469999,17.5,16.77,16.889999,583527,16.976,15.8058,16.2889,0.096458,0.012698,-0.031617,TRUE,TRUE,-0.4831,0.040513,-22.302196,27.698965,54.046289,-8.041573,0.315355,-0.048664,7.034218,2.394656,-12.3053,37.640439,5.760796,3.186585,41.2966,2.014642,-1.977536,0.711564,3.663597,1.109308,-13.004219,0.891313,-2815435,6.341564,-64730557.12269,-0.089717,51.642484,4.28226,-4.855995,0,0.246352,3.614375,-0.843542,-1.977536,-0.208251
04-03-25,18.049999,18.530001,17.889999,18.530001,981767,17.074,15.8829,16.293,0.092544,0.013891,-0.031427,TRUE,TRUE,-0.4101,0.044657,28.599644,28.733836,67.831988,8.318839,0.42055,0.045224,20.52033,12.37114,-3.690224,100,11.828612,3.239919,52.806891,2.361075,-2.118047,0.78323,8.685203,2.063412,-13.004219,1.505593,-1833668,-5.035199,-63748790.12269,-0.064153,60.942763,22.3454,9.135658,0,0.262392,3.789153,-0.885003,-2.118047,2.757217
04-04-25,19.49,20.77,19.35,20.75,2361548,17.2935,16.0071,16.30855,0.090248,0.015289,-0.031229,TRUE,TRUE,-0.30145,0.052408,55.02124,31.140363,77.619485,20.378625,0.675268,0.239954,36.423405,25.377649,5.223127,99.56043,26.833736,3.519793,95.525839,2.800067,-2.245103,0.838331,17.502385,2.823237,-13.004219,3.214027,527880,233.607107,-61453766.120568,0.136707,76.479015,42.453885,26.500998,0,0.280056,3.948781,-0.915604,-2.245103,3.618393
04-07-25,22.139999,22.700001,19.33,20.82,9095051,17.4725,16.1312,16.32415,0.089257,0.016878,-0.031026,TRUE,TRUE,-0.19295,0.060658,53.097375,34.033033,77.848351,23.802062,0.872723,0.349927,33.804622,27.965575,7.9036,70.987644,20.765661,4.506313,123.82154,2.787563,-2.207957,0.817977,17.152795,2.627596,-13.004219,7.802036,9622931,1811.717004,-62506312.352889,0.034577,88.352101,40.894512,31.25983,0,0.247521,3.303882,-0.904421,-2.207957,2.703487
04-08-25,19.379999,22.1,19.17,21.469999,4530015,17.6705,16.2598,16.3429,0.090105,0.018677,-0.030816,TRUE,TRUE,-0.0831,0.069645,65.205094,36.456474,79.903458,12.071469,1.06933,0.437227,38.33762,29.415305,11.099604,81.0185,22.615643,5.145054,152.737966,2.806722,-2.213739,0.828989,18.581954,2.92458,-13.004219,3.373658,14152946,357.874197,-59924361.510792,0.118794,71.355885,47.468434,34.025562,0,0.271987,3.719959,-0.910489,-2.213739,2.487593
04-09-25,21.780001,21.799999,17.25,17.5,7023598,17.6785,16.314,16.341425,0.089864,0.020478,-0.030603,TRUE,TRUE,-0.027425,0.071767,5.022825,36.105788,49.622528,-27.996956,0.894486,0.209906,12.179484,7.559923,-9.185264,19.753093,0.922721,7.977551,152.597586,3.729381,-2.573099,0.855229,18.386227,0.902557,-18.490915,4.253783,7129348,720.531039,-66176135.425329,-0.088241,54.457868,16.672737,7.194204,0,0.142357,1.592584,-0.924786,-2.573099,-0.116974
04-10-25,18.18,19.629999,18,18.66,4371112,17.7205,16.3892,16.345175,0.089506,0.022308,-0.030386,TRUE,TRUE,0.044025,0.074738,14.498762,35.780151,54.989946,-22.858405,0.839842,0.12421,16.661457,16.552152,-5.038167,37.654321,4.713806,8.149594,154.155567,3.785195,-2.535679,0.860931,17.834459,1.602672,-18.490915,2.410801,11500460,286.410646,-67007450.200324,-0.121998,46.97574,22.599219,19.74368,0,0.153305,1.724062,-0.927864,-2.535679,0.609449
04-11-25,18.780001,19.01,17.879999,18.040001,1293325,17.7685,16.4548,16.346475,0.088934,0.024137,-0.030165,TRUE,TRUE,0.108325,0.076602,14.214892,35.332396,51.812479,-28.090979,0.738,0.017894,13.032587,12.119333,-6.866287,28.086438,5.620615,8.631612,153.549656,3.815557,-2.484748,0.856695,17.18139,1.334696,-18.490915,0.698501,10207135,146.532166,-67934520.202316,-0.131969,45.695807,16.016478,13.231616,0,0.184065,2.022936,-0.925578,-2.484748,0.176816
04-14-25,17.34,18.030001,17.34,17.719999,1090657,17.8115,16.5106,16.346525,0.088003,0.025946,-0.029941,TRUE,TRUE,0.164075,0.077295,11.541555,34.271388,50.200168,0.577639,0.624272,-0.076667,11.236654,11.341498,-11.133406,22.910206,5.100822,9.009191,152.068622,3.814202,-2.480571,0.856089,16.595556,1.344873,-18.490915,0.58533,9116478,27.453551,-67823877.422888,-0.1227,44.537665,13.244659,12.079171,0,0.191038,2.095897,-0.925251,-2.480571,-0.060171
04-15-25,17.639999,17.84,17.440001,17.809999,712185,17.841,16.5638,16.347025,0.086966,0.027733,-0.029714,TRUE,TRUE,0.216775,0.077992,9.496282,33.286167,50.665158,-4.324788,0.535234,-0.132564,15.95052,11.766545,-12.866932,20.487804,3.42625,8.923558,151.43171,3.814,-2.462338,0.849131,16.134405,1.380177,-18.490915,0.380854,9828663,22.956509,-67218522.719862,-0.111573,44.11318,17.961358,11.49305,0,0.226032,2.422082,-0.921483,-2.462338,-0.020472
04-16-25,18.18,18.93,17.98,18.57,1011284,17.9265,16.6366,16.350425,0.086559,0.029536,-0.029484,TRUE,TRUE,0.286175,0.079785,14.03921,33.168602,54.526429,2.713951,0.520002,-0.118237,20.467076,17.606078,-9.547009,30.354117,10.142343,8.862221,150.42544,3.847054,-2.468502,0.83601,15.468244,1.661793,-18.490915,0.534414,10839947,79.252597,-66973686.224836,-0.101889,44.918516,22.817158,17.925503,0,0.270893,2.76033,-0.914336,-2.468502,0.427786
04-17-25,18.450001,18.709999,18.24,18.530001,637961,18.0055,16.7106,16.355275,0.086702,0.031352,-0.029249,TRUE,TRUE,0.355325,0.080566,8.835687,33.059435,54.285615,4.085448,0.498951,-0.11143,22.552916,17.427129,-10.784784,29.679598,9.321533,8.792692,149.170843,3.822694,-2.464001,0.845284,15.091165,1.861173,-18.490915,0.334651,10201986,78.438151,-66824372.567984,-0.099817,44.282234,25.428613,17.924686,0,0.333527,3.521232,-0.919393,-2.464001,0.351611
04-21-25,18.9,19.82,18.9,19.4,586569,18.13,16.804,16.3652,0.08767,0.033216,-0.02901,TRUE,TRUE,0.4388,0.082331,16.562493,33.652415,58.571387,7.906229,0.546174,-0.051365,28.306877,23.685044,-7.088121,44.350742,14.725014,8.556701,149.935408,3.856817,-2.478543,0.839592,14.393707,2.229893,-18.490915,0.306599,10788555,30.187523,-66773366.620857,-0.086965,43.211214,32.070099,25.279294,0,0.374605,3.849752,-0.916293,-2.478543,0.847031
04-22-25,18.969999,19.040001,18.309999,18.440001,1121035,18.236,16.8726,16.370625,0.088579,0.035083,-0.028768,TRUE,TRUE,0.501975,0.082379,9.705881,33.443001,52.700209,-1.82622,0.500367,-0.077738,21.957676,17.005078,-13.223527,28.161889,12.990201,9.215215,143.835559,3.921788,-2.500159,0.842303,13.859424,1.824316,-18.490915,0.574313,9667520,225.148792,-67495126.393452,-0.096785,42.798115,24.855851,16.689708,0,0.337149,3.436577,-0.917771,-2.500159,0.141829
04-23-25,17.51,17.969999,17.200001,17.85,1288770,18.314,16.9332,16.373875,0.088802,0.036912,-0.028523,TRUE,TRUE,0.559325,0.081967,6.876799,32.012992,49.421367,-4.864249,0.411711,-0.133116,21.635435,13.225499,-14.634144,11.818175,9.576423,9.72389,136.784257,3.93658,-2.508291,0.84412,13.41214,1.406977,-18.490915,0.641189,8378750,902.442382,-66608048.119655,-0.071712,41.993556,23.981989,12.17919,0,0.267341,2.730564,-0.91876,-2.508291,-0.33922
04-24-25,17.76,17.844999,17.09,17.110001,706221,18.3365,16.9794,16.373425,0.08778,0.038663,-0.028277,TRUE,TRUE,0.605975,0.079763,-10.872899,30.572307,45.590096,-12.981291,0.278527,-0.213039,17.675383,6.571163,-16.127446,0.356514,2.701085,9.777072,134.267301,3.971158,-2.521646,0.843457,13.99815,1.22927,-20.3074,0.347944,7672529,126.619453,-67276852.539568,-0.09271,39.691209,19.612677,4.02803,0,0.244381,2.469075,-0.918399,-2.521646,-0.913476
04-25-25,17.16,17.315001,16.860001,16.879999,636913,18.3415,17.0192,16.372025,0.085039,0.04033,-0.02803,FALSE,TRUE,0.647175,0.077239,-34.959364,28.991642,44.437023,-8.263185,0.152659,-0.271126,15.497772,5.632038,-17.214322,0.342441,0.595938,9.15496,133.674487,3.976557,-2.524444,0.842563,15.092752,1.088679,-21.378669,0.312964,7035616,20.430166,-67857777.236815,-0.111856,34.499328,17.58711,3.006289,0,0.199748,2.009656,-0.917913,-2.524444,-1.093328
04-28-25,16.860001,17.23,16.73,16.870001,463008,18.312,17.065,16.372325,0.081064,0.041908,-0.027782,FALSE,TRUE,0.692675,0.074351,-35.876477,27.383136,44.38447,-5.036896,0.051508,-0.297822,12.167559,5.30587,-18.106794,2.6071,-3.379142,7.945211,136.346523,3.973572,-2.543127,0.846142,16.122193,1.148114,-21.425238,0.227452,6572608,2.351841,-68061498.354735,-0.127258,6.582452,13.662283,1.854612,0,0.178454,1.817547,-0.91986,-2.543127,-1.057599
04-29-25,16.98,17,16.610001,16.67,461229,18.2815,17.1064,16.370225,0.075486,0.043384,-0.027533,FALSE,TRUE,0.736175,0.071306,-45.454549,25.754592,43.281794,-2.308302,-0.044284,-0.314891,12.711292,4.612486,-17.47525,1.156059,-3.530096,6.95218,139.424092,3.976568,-2.556622,0.848837,8.882904,0.99174,-22.356774,0.231808,6111379,-66.571529,-68380811.780446,-0.114836,8.1314,14.374948,1.307544,0,0.1979,2.031963,-0.921324,-2.556622,-1.155826
04-30-25,17.09,17.440001,16.549999,16.709999,778671,18.261,17.15,16.368875,0.068155,0.044765,-0.027285,FALSE,TRUE,0.781125,0.068604,-11.915554,24.688594,43.583667,-0.853356,-0.115638,-0.308996,12.147648,5.16047,-16.803586,4.892961,-2.39487,5.371036,141.507629,3.973398,-2.574579,0.85207,9.262176,0.910391,-22.356774,0.391938,6890050,-7.119623,-68879511.859944,-0.114275,17.254651,14.271376,1.962291,0,0.219449,2.279529,-0.923077,-2.574579,-1.096055
05-01-25,16.299999,16.459999,16.09,16.440001,474710,18.2385,17.1898,16.366825,0.059227,0.046029,-0.027037,FALSE,TRUE,0.822975,0.064998,-38.675973,23.155255,41.960227,-2.424243,-0.191764,-0.308097,11.382116,2.94302,-20.57971,9.383389,-2.664292,4.80318,144.135624,3.974638,-2.576741,0.852865,10.068618,0.899213,-23.428034,0.239597,6415340,-18.648152,-68456118.288449,-0.094019,24.525081,14.722167,-0.421702,0,0.222271,2.314343,-0.923507,-2.576741,-1.247783
05-02-25,16.059999,16.190001,15.88,15.96,578936,18.11,17.2172,16.363325,0.048112,0.047152,-0.026789,FALSE,FALSE,0.853875,0.060353,-37.142889,21.511906,39.167051,-4.114743,-0.287511,-0.323076,6.898859,-3.913309,-23.526596,2.030455,-13.869404,4.692535,152.607155,3.993943,-2.600366,0.85778,10.969298,0.745823,-25.663714,0.295204,5836404,-41.031222,-68736249.300456,-0.127157,26.709097,8.370324,-9.684981,0,0.17742,1.869907,-0.926164,-2.600366,-1.408846
05-05-25,16.17,16.24,15.96,16.16,329855,17.8805,17.2384,16.358625,0.035626,0.048136,-0.026543,FALSE,FALSE,0.879775,0.055803,-28.467166,20.024133,40.931421,-2.652246,-0.343296,-0.303089,6.666668,-1.882207,-21.13226,7.106593,-22.120483,4.448815,145.14691,3.994514,-2.602034,0.859026,11.614305,0.87338,-25.663714,0.177384,6166259,-86.032255,-68594882.871885,-0.192011,32.831489,7.172851,-7.090018,0,0.202627,2.144692,-0.926837,-2.602034,-1.185351
05-06-25,16.440001,16.51,16.16,16.41,425591,17.66,17.262,16.353725,0.021934,0.048985,-0.026296,FALSE,TRUE,0.908275,0.052058,-24.822708,18.969365,43.15099,1.190763,-0.363147,-0.258352,9.912924,-1.025332,-17.908954,13.451771,-21.181556,4.359275,130.94353,3.992274,-2.601109,0.858584,12.126883,0.850419,-25.663714,0.298434,6591850,-95.320631,-68412487.39168,-0.207077,35.852305,10.472989,-6.011244,0,0.205496,2.172864,-0.926598,-2.601109,-0.95461
05-07-25,16.35,16.549999,16.129999,16.24,360090,17.3985,17.279,16.346725,0.00735,0.049702,-0.026051,FALSE,FALSE,0.932275,0.047635,-46.138654,18.039302,41.99539,2.828339,-0.388123,-0.226662,9.507754,0.432899,-17.100563,9.137048,-24.35957,4.097026,99.235118,3.990925,-2.602835,0.858688,12.833756,0.865946,-25.663714,0.295741,6231760,-92.05102,-68583957.807936,-0.355605,25.920287,10.442089,-4.698297,0,0.203164,2.14973,-0.926654,-2.602835,-1.16743
05-08-25,16.02,16.25,15.75,16.08,534050,17.3275,17.2926,16.340775,-0.007712,0.050272,-0.025807,FALSE,FALSE,0.951825,0.042836,-47.38883,16.851443,40.885596,-0.045825,-0.416031,-0.203656,9.164972,4.687502,-17.707271,8.108107,-8.114286,4.151119,103.460587,3.993764,-2.602893,0.858893,13.571587,0.809002,-25.663714,0.597968,5697710,-92.396347,-68413061.970916,-0.125233,24.446626,9.557123,0.247165,0,0.203811,2.156613,-0.926765,-2.602893,-1.205773
05-09-25,15.96,16.184999,15.94,16.110001,357956,17.2,17.2972,16.334575,-0.023405,0.050695,-0.025565,FALSE,FALSE,0.962625,0.038168,-75.981536,15.748431,41.199371,-1.951619,-0.430762,-0.17471,7.32845,6.547624,-17.511521,10.942265,-13.665591,3.680057,101.875571,3.99344,-2.604048,0.85899,10.088342,0.78114,-25.663714,0.516941,6055666,-91.810871,-68274259.463911,-0.091473,21.523023,7.100929,2.640796,0,0.22469,2.378545,-0.926817,-2.604048,-1.069932
05-12-25,15.15,15.37,15.05,15.06,537917,17.051,17.2904,16.319075,-0.039686,0.050928,-0.025324,FALSE,FALSE,0.971325,0.031186,-76.470606,15.841805,34.330984,-7.664406,-0.521155,-0.212082,1.619438,0.299701,-22.190644,0.342474,-16.518849,3.922406,110.380628,4.076822,-2.633589,0.845908,8.491932,0.477295,-29.855608,0.821648,5517749,-58.408211,-68778555.849851,-0.064462,23.588785,1.336183,-4.745665,0,0.16258,1.612703,-0.919732,-2.633589,-1.803758
05-13-25,15,15.05,14.73,14.84,396037,16.907,17.2688,16.301575,-0.056266,0.050959,-0.025084,FALSE,FALSE,0.967225,0.02385,-74.321007,16.2715,33.086378,-7.799218,-0.603587,-0.235611,0.27027,-1.066666,-22.989103,3.53132,-16.252818,3.54255,119.594971,4.082047,-2.651809,0.850574,6.209136,0.37311,-30.880295,0.638821,5121712,-63.688217,-68902316.453374,-0.086978,27.041793,-0.167941,-6.130643,0,0.184681,1.857943,-0.922266,-2.651809,-1.728333
05-14-25,14.8,14.92,14.745,14.83,279778,16.758,17.239,16.286075,-0.073148,0.050748,-0.024845,FALSE,FALSE,0.952925,0.016365,-68.674726,16.670502,33.027765,-8.171607,-0.66209,-0.235291,-0.402958,-1.788082,-23.279876,3.69005,-16.732171,3.263174,126.137185,4.081381,-2.655872,0.851285,6.16703,0.399884,-30.926873,0.467599,4841934,-60.715544,-68910310.284764,-0.141376,29.084555,-1.615772,-6.479443,0,0.177942,1.79471,-0.922651,-2.655872,-1.528495
05-15-25,14.91,14.94,14.66,14.73,508066,16.566,17.2142,16.270125,-0.089795,0.050292,-0.024608,FALSE,FALSE,0.944075,0.008565,-67.398136,17.138806,32.40947,-1.921514,-0.708357,-0.225247,1.028804,-2.256139,-22.960257,2.517974,-20.678515,3.200466,126.329318,4.081757,-2.646776,0.850532,7.001393,0.391827,-31.392641,0.886417,4333868,-49.760305,-69164344.149997,-0.191101,30.016971,-0.463529,-7.467086,0,0.22527,2.266117,-0.922243,-2.646776,-1.453345
05-16-25,14.67,14.74,14.495,14.5,580777,16.3645,17.1728,16.252025,-0.106028,0.049601,-0.024373,FALSE,FALSE,0.920775,0.000609,-69.501494,17.767431,30.973275,-2.113103,-0.754881,-0.217417,-0.684934,-4.980342,-22.335298,0.169783,-21.748519,3.125616,125.491238,4.085871,-2.649981,0.849697,7.253206,0.227586,-32.463901,1.018355,3753091,-8.963557,-69721415.412681,-0.253989,29.838423,-3.29805,-10.264352,0,0.212508,2.12964,-0.92179,-2.649981,-1.485761
05-20-25,14.52,14.7,14.52,14.57,380790,16.123,17.137,16.237125,-0.121277,0.048695,-0.02414,FALSE,FALSE,0.899875,-0.006363,-64.024426,18.351155,31.961487,-1.066277,-0.777145,-0.191745,0.275292,-7.049445,-22.314048,2.546682,-24.896907,3.017454,109.450362,4.061556,-2.650306,0.847142,8.019976,0.032692,-32.463901,0.679958,4133881,-35.081806,-69890657.878521,-0.27832,35.900847,-1.887659,-13.211937,0,0.229141,2.290692,-0.920403,-2.650306,-1.418908
05-21-25,14.76,15.11,14.6,15.05,668723,15.9535,17.0932,16.22215,-0.134255,0.04762,-0.023908,FALSE,FALSE,0.87105,-0.012298,-44.623623,18.061806,38.466859,6.057389,-0.747442,-0.129633,4.152252,-3.277636,-19.6905,27.007323,-18.383949,2.755102,97.249158,4.082151,-2.653537,0.848931,7.226752,0.19025,-32.463901,1.244357,4802604,-40.347714,-69379280.289834,-0.175301,33.844466,2.811714,-8.176826,0,0.225379,2.254948,-0.921374,-2.653537,-0.929057
05-22-25,15.12,15.15,14.9,15.08,863342,15.815,17.0446,16.20385,-0.144548,0.046369,-0.023678,FALSE,FALSE,0.84075,-0.017902,-39.080461,17.714611,38.860319,7.887044,-0.713259,-0.07636,3.358463,-2.331604,-19.055284,28.467164,-15.51821,2.574366,88.113866,4.080146,-2.656381,0.851279,7.419062,0.135146,-32.463901,1.672712,5665946,-33.01039,-68999407.702065,-0.231661,44.584588,1.413214,-7.341548,0,0.206175,2.08005,-0.922648,-2.656381,-0.834148
05-23-25,15.42,15.45,15.14,15.26,714238,15.7225,17.003,16.1827,-0.15205,0.044943,-0.02345,FALSE,FALSE,0.8203,-0.023178,-22.012564,16.809428,41.286216,9.324729,-0.66399,-0.021673,1.059602,-1.29366,-18.526425,37.226306,-10.812392,2.455065,83.387411,4.082814,-2.660688,0.851952,7.616644,0.208197,-32.463901,1.382752,6380184,1.135197,-69160686.825176,-0.182353,54.183095,-2.134154,-6.22302,0,0.202116,2.042395,-0.923012,-2.660688,-0.55464
05-26-25,14.95,15.02,14.83,15,53163,15.6285,16.9466,16.15885,-0.156885,0.043332,-0.023224,FALSE,FALSE,0.78775,-0.028058,-35.802446,16.472528,38.886118,0.419259,-0.638563,0.003003,-1.510174,-1.832459,-21.135649,24.574223,-11.137436,2.569048,80.187466,4.069237,-2.653434,0.852095,7.944867,-0.104541,-32.463901,0.109087,6327021,-91.65302,-69118716.260411,-0.129368,51.360059,-5.470081,-6.036657,0,0.185338,1.88001,-0.92309,-2.653434,-0.783788
05-27-25,14.9,15,14.65,14.67,198629,15.5185,16.8984,16.13795,-0.159677,0.041524,-0.023002,FALSE,FALSE,0.76045,-0.034244,-52.409606,16.438297,36.023676,-2.836643,-0.637689,0.003102,-4.678364,-3.327843,-21.843369,8.515827,-13.040905,2.626839,77.297969,4.060293,-2.655177,0.851356,7.578109,-0.051165,-32.463901,0.418936,6128392,-57.100309,-69294644.308438,-0.130044,46.342039,-9.142073,-8.052179,0,0.180654,1.831957,-0.922689,-2.655177,-1.0977
05-28-25,14.63,14.85,14.58,14.8,178463,15.425,16.8572,16.11845,-0.160085,0.039552,-0.022783,FALSE,FALSE,0.73875,-0.039295,-43.902404,16.515979,37.961083,-3.325133,-0.619367,0.017139,-3.8961,-1.986756,-20.515577,17.378934,-11.217756,2.531371,73.870081,4.037886,-2.664289,0.849466,7.260109,-0.214632,-32.463901,0.387972,6306855,-61.307073,-69182278.855924,-0.087118,47.934926,-7.949786,-6.87314,0,0.206434,2.091756,-0.921665,-2.664289,-0.84608
05-29-25,14.52,14.87,14.52,14.71,291671,15.325,16.807,16.09845,-0.157951,0.037427,-0.022567,FALSE,FALSE,0.70855,-0.043753,-42.679098,16.685673,37.122921,-1.763197,-0.605133,0.025098,-7.367759,-1.473545,-21.567578,12.721906,-11.968876,2.474022,68.931321,4.024543,-2.706919,0.853841,7.622404,-0.420498,-32.463901,0.669524,6015184,-62.54246,-69157278.666151,-0.03188,50.209671,-11.894161,-6.013867,0,0.231204,2.385425,-0.924035,-2.706919,-0.892192
05-30-25,14.79,15.06,14.66,14.75,728460,15.2405,16.7648,16.0818,-0.152964,0.035142,-0.022356,FALSE,FALSE,0.683,-0.048649,-42.236028,16.389262,37.780454,1.756778,-0.583895,0.03707,-4.220777,-1.993357,-22.6128,26.701585,-10.279808,2.542374,64.776926,4.015723,-2.712547,0.853595,3.034651,-0.262209,-32.463901,1.624842,6743644,53.453688,-69557931.579312,-0.122881,52.851174,-7.370732,-6.022331,0,0.215559,2.227025,-0.923902,-2.712547,-0.757214
06-02-25,14.85,14.95,14.595,14.6,237608,15.1725,16.7178,16.06505,-0.146468,0.032698,-0.022149,FALSE,FALSE,0.65275,-0.052707,-19.827582,16.23469,36.249567,-1.711516,-0.572566,0.038718,-8.291455,-2.796272,-24.234561,10.994817,-8.521301,2.223582,63.959588,3.98619,-2.697885,0.850368,3.228397,-0.581015,-32.463901,0.550962,6506036,-58.957812,-69788846.234388,-0.122037,55.574783,-13.887069,-7.447631,0,0.223215,2.298021,-0.922154,-2.697885,-0.895096
06-03-25,14.58,14.625,14.38,14.42,207952,15.0855,16.668,16.0502,-0.140423,0.03009,-0.021946,FALSE,FALSE,0.6178,-0.057306,-18.42105,16.485557,34.445803,-2.677118,-0.571525,0.031808,-11.642155,-2.960966,-23.905016,3.738315,-10.767325,2.209233,61.611239,3.986026,-2.697544,0.847569,3.470704,-0.578751,-32.836514,0.489109,6298084,-36.956542,-69928895.573549,-0.156882,57.403843,-19.138763,-7.156902,0,0.185514,1.892341,-0.920635,-2.697544,-1.08016
06-04-25,14.38,14.43,14.34,14.43,146063,14.9865,16.6302,16.0357,-0.13507,0.027306,-0.021747,FALSE,FALSE,0.5945,-0.060289,-17.543838,16.791498,34.640387,-3.140067,-0.563398,0.031948,-9.64308,-2.598713,-23.812039,8.108124,-12.065811,2.165627,54.732149,3.920054,-2.669644,0.843461,3.686696,-0.946852,-32.836514,0.355221,6444147,-65.67996,-69782832.573549,-0.166632,58.77818,-15.489779,-6.483965,0,0.135111,1.382889,-0.918401,-2.669644,-1.016769
06-05-25,14.37,14.66,14.29,14.58,467142,14.9035,16.596,16.02365,-0.131011,0.024358,-0.021552,FALSE,FALSE,0.57235,-0.062413,-6.437752,16.445119,37.630874,1.381307,-0.538644,0.045361,-12.009655,-1.619432,-22.857142,25,-10.221674,2.187439,46.723466,3.91658,-2.679165,0.843188,3.761443,-0.983267,-32.836514,1.121478,6911289,29.729234,-69517697.794732,-0.112083,67.282893,-19.018875,-5.477875,0,0.166108,1.700171,-0.918253,-2.679165,-0.692372
06-06-25,14.29,14.39,14.2,14.29,562419,14.814,16.5486,16.0098,-0.1256,0.021239,-0.02136,FALSE,FALSE,0.5388,-0.065137,-8.786611,16.311415,34.357838,-0.087964,-0.536246,0.038207,-12.652815,-2.390713,-22.673158,7.200012,-11.131841,2.29931,39.602511,3.922061,-2.684646,0.84266,3.906766,-1.050575,-33.44201,1.34563,6348870,5.312049,-69547299.38904,-0.135687,67.624382,-19.266994,-6.64187,0,0.137664,1.404711,-0.917965,-2.684646,-1.323149
06-09-25,14.28,14.32,14.19,14.28,461549,14.7225,16.4986,15.99655,-0.11973,0.017982,-0.02117,FALSE,FALSE,0.50205,-0.066895,-12.446346,16.209,34.24722,-0.393167,-0.529054,0.03632,-17.169374,-2.857143,-22.727272,7.142868,-11.359409,2.265907,27.318547,3.902185,-2.680272,0.83977,4.092473,-1.248358,-33.488588,1.090773,5887321,28.940149,-69369780.021979,-0.129452,60.298854,-24.896286,-6.607268,0,0.119803,1.217558,-0.91639,-2.680272,-1.61978
06-10-25,14.24,14.29,14.09,14.11,225777,14.675,16.4316,15.98105,-0.113165,0.014587,-0.020983,FALSE,FALSE,0.45055,-0.069989,-46.534669,16.338547,32.340971,-5.289903,-0.530951,0.027538,-19.417479,-3.620223,-23.729732,1.470552,-6.308106,2.12109,29.326661,3.871115,-2.681686,0.836833,4.546387,-1.055926,-34.280391,0.55401,5661544,-58.02754,-69550402.698568,-0.094698,52.802009,-28.382814,-7.550735,0,0.109826,1.11494,-0.914786,-2.681686,-1.926576
06-11-25,14.07,14.28,14.025,14.19,303231,14.6425,16.3698,15.96775,-0.105765,0.01108,-0.020799,FALSE,FALSE,0.40205,-0.073159,-42.995172,16.606468,34.197168,-0.160671,-0.520005,0.030787,-18.166093,-4.121626,-22.964172,11.578943,-4.380058,2.111648,30.958173,3.870023,-2.683289,0.834871,4.907348,-0.929404,-34.280391,0.752636,5964775,-23.433669,-69461217.377169,-0.069361,46.929872,-26.860222,-8.739308,0,0.121704,1.228511,-0.913713,-2.683289,-1.461651
06-12-25,14.28,14.28,14.09,14.09,232572,14.6055,16.3092,15.95345,-0.097842,0.007467,-0.020618,FALSE,FALSE,0.35575,-0.075735,-58.79398,16.855252,32.979213,-1.268007,-0.51348,0.02985,-20.931535,-5.499663,-23.173391,6.28024,-4.989884,2.035385,32.956878,3.858194,-2.678396,0.83514,3.818086,-1.127002,-34.373542,0.580658,5732203,-16.872663,-69693789.377169,-0.097805,35.140395,-30.942793,-10.734253,0,0.098157,0.994674,-0.91386,-2.678396,-1.564165
06-13-25,14.31,14.47,14.185,14.42,872398,14.59,16.2598,15.941075,-0.089934,0.003773,-0.020439,FALSE,FALSE,0.318725,-0.078206,-28.155343,16.410856,40.509162,8.168191,-0.476192,0.05371,-15.57377,-1.637106,-20.066522,38.164266,-2.104545,1.964038,33.069314,3.864942,-2.709473,0.838027,2.811749,-0.821595,-34.373542,2.083347,6604601,71.709581,-69127497.270157,0.0044,46.501029,-23.409458,-5.803347,0,0.090543,0.924036,-0.915438,-2.709473,-0.514072
06-16-25,14.22,14.22,14.06,14.14,581647,14.572,16.172,15.926175,-0.082494,0.000017,-0.020263,FALSE,FALSE,0.245825,-0.080849,-26.368155,16.33549,36.737596,2.540429,-0.463887,0.052812,-16.13286,-4.491725,-21.313295,11.111173,-2.482756,2.007981,34.532371,3.870357,-2.711384,0.836903,3.044882,-0.989673,-34.373542,1.388869,6022954,0.149799,-69127497.270157,0.070909,43.397489,-23.400092,-10.03143,0,0.066644,0.676844,-0.914824,-2.711384,-1.250999
06-17-25,14.22,14.41,14.2,14.38,502525,14.5625,16.0446,15.912525,-0.076307,-0.003762,-0.02009,FALSE,FALSE,0.132075,-0.083009,-19.811334,15.609565,41.744225,8.765012,-0.429814,0.069508,-16.492447,-3.164985,-20.000001,34.299538,-1.304047,1.974468,34.798486,3.878307,-2.718527,0.837647,2.849705,-0.855756,-34.373542,1.18275,6525479,31.969064,-68768549.537517,0.13205,49.62169,-23.890148,-8.934974,0,0.10138,1.029864,-0.91523,-2.718527,-0.524448
06-18-25,14.38,14.43,14.22,14.39,291167,14.5295,15.916,15.900425,-0.070921,-0.007543,-0.019918,FALSE,FALSE,0.015575,-0.086012,-15.686267,14.867665,41.950374,1.441212,-0.397423,0.081519,-14.65006,-2.308209,-18.746465,35.265743,-4.385381,1.903603,33.01591,3.854186,-2.72355,0.835747,2.922509,-0.616827,-34.373542,0.717159,6816646,-56.459251,-68588303.173491,0.097411,54.676509,-20.517253,-8.603389,0,0.097549,0.991367,-0.914192,-2.72355,-0.422523
06-19-25,14.48,14.635,14.46,14.59,35661,14.505,15.7784,15.885825,-0.065931,-0.011313,-0.019748,FALSE,FALSE,-0.107425,-0.088631,-7.272724,14.107951,46.06138,9.323784,-0.351562,0.101904,-13.923307,-1.551954,-17.290246,61.081126,-3.249335,1.801625,30.432848,3.859191,-2.725672,0.835557,2.058951,-0.508141,-34.373542,0.097804,6852307,-95.869424,-68570982.127453,0.05875,48.333151,-19.661908,-7.662002,0,0.111306,1.12906,-0.914088,-2.725672,0.279304
06-20-25,14.29,14.53,14.23,14.47,270848,14.4655,15.7178,15.870375,-0.060996,-0.015046,-0.01958,FALSE,FALSE,-0.152575,-0.090725,-5.990791,13.527106,44.045849,2.301624,-0.321198,0.105815,-14.429329,-8.126982,-18.24859,70.078817,-5.176933,1.819034,24.705587,3.847517,-2.722151,0.833349,2.015826,-0.722429,-34.373542,0.790919,6581459,-62.078747,-68408472.29425,0.109829,48.067094,-20.394099,-16.633682,0,0.089059,0.900103,-0.912879,-2.722151,0.018215
06-23-25,14.45,14.59,14.17,14.19,370096,14.425,15.6284,15.852875,-0.056233,-0.018748,-0.019413,FALSE,FALSE,-0.224475,-0.092954,-10.132183,12.785059,39.682548,-2.267826,-0.316084,0.088743,-13.051472,-9.961933,-19.920992,25.984237,-5.400003,1.943018,21.970084,3.852497,-2.724302,0.833669,2.122137,-0.903853,-34.373542,1.03294,6211363,596.15334,-68743321.936532,0.052386,46.622372,-17.996746,-19.663945,0,0.066659,0.673484,-0.913055,-2.724302,-1.069638
06-24-25,14.01,14.03,13.84,13.87,270033,14.385,15.545,15.830775,-0.051969,-0.022412,-0.019248,FALSE,FALSE,-0.285775,-0.09441,-21.705451,13.043102,35.370121,-10.691259,-0.334002,0.05666,-14.855745,-9.993511,-22.056758,3.658505,-5.453307,2.121742,24.420665,3.82032,-2.73457,0.83024,2.481345,-1.348293,-35.398229,0.746228,5941330,35.948426,-68928081.928275,0.050649,45.631243,-20.29556,-19.52888,0,0.060461,0.609755,-0.911175,-2.73457,-2.10887
06-25-25,13.81,13.91,13.81,13.88,106018,14.339,15.4682,15.810675,-0.048133,-0.026033,-0.019085,FALSE,FALSE,-0.342475,-0.095955,-28.688522,13.361683,35.605634,-8.440215,-0.343436,0.037781,-16.686673,-8.714238,-22.501395,8.484813,-6.216217,1.981267,24.853049,3.819439,-2.728286,0.827984,2.801475,-1.272197,-35.398229,0.29594,6047348,-40.593849,-68885674.52606,0.041397,39.621526,-22.133647,-16.791284,0,0.007605,0.076209,-0.909937,-2.728286,-1.846856
06-26-25,13.8,13.805,13.65,13.67,207096,14.287,15.3854,15.790425,-0.044987,-0.029619,-0.018925,FALSE,FALSE,-0.405025,-0.097927,-26.271185,14.073493,32.894798,-6.78775,-0.363666,0.01404,-18.533972,-8.19342,-23.115863,2.030502,-7.07002,1.933326,27.428574,3.821846,-2.7271,0.828136,3.222791,-1.312035,-36.32976,0.584995,5840252,-28.996712,-69039325.410549,0.016659,42.683596,-24.693431,-16.653642,0,0.009199,0.092168,-0.91002,-2.7271,-2.249479
06-27-25,13.63,13.71,13.47,13.53,266703,14.226,15.2846,15.771175,-0.042485,-0.03315,-0.018766,FALSE,FALSE,-0.486575,-0.100327,-30.120485,15.165954,31.189921,-4.1802,-0.38654,-0.007066,-22.508589,-11.0746,-23.602482,5.150169,-8.271188,2.011402,30.032273,3.82059,-2.742891,0.829529,3.719435,-1.290353,-36.981834,0.805931,5573549,-63.388106,-69172677.970333,0.058209,44.650595,-30.258531,-19.544184,0,-0.041059,-0.413195,-0.910785,-2.742891,-2.317508
06-30-25,13.44,13.53,13.34,13.38,631930,14.165,15.1816,15.752625,-0.040403,-0.036613,-0.018609,FALSE,FALSE,-0.571025,-0.100006,-29.554646,16.471696,29.429966,-6.175668,-0.412021,-0.026038,-22.569447,-14.010284,-24.449459,3.0888,-8.356166,2.028613,34.144435,3.588678,-2.769377,0.80701,4.239565,-2.171337,-37.680482,1.802212,4941619,165.95485,-69538531.846977,0.035694,41.262921,-30.020473,-23.890439,0,-0.018482,-0.186099,-0.898338,-2.769377,-2.299057
07-02-25,13.41,13.47,13.3,13.3,208993,14.109,15.0596,15.734525,-0.038979,-0.039987,-0.018455,FALSE,FALSE,-0.674925,-0.095767,-36.032374,17.77342,28.5061,-4.388698,-0.433672,-0.038151,-22.313087,-15.232629,-25.656788,0,-7.766989,1.995166,38.631732,3.194474,-2.802723,0.756612,4.798017,-3.481068,-38.053094,0.595942,4732626,0.500596,-69747524.846977,0.025859,35.866551,-29.391475,-24.695442,0,-0.009643,-0.097128,-0.869835,-2.802723,-2.094133
07-03-25,13.23,13.23,13.06,13.12,189871,14.0435,14.9532,15.715725,-0.038586,-0.043276,-0.018304,FALSE,FALSE,-0.762525,-0.091291,-38.039223,19.486803,26.491046,-4.698875,-0.460051,-0.051625,-22.320898,-16.85678,-25.284736,3.80949,-9.078312,2.04976,43.678583,3.192763,-2.908643,0.77904,5.425224,-3.62304,-38.891475,0.538055,4542755,29.992537,-69803369.759991,-0.00291,36.291517,-28.935219,-26.405084,0,0.089821,0.950073,-0.882633,-2.908643,-2.114309
07-04-25,13.17,13.29,13.17,13.27,33123,13.978,14.8616,15.697675,-0.039021,-0.046447,-0.018155,FALSE,FALSE,-0.836075,-0.085039,-48.523173,20.791215,30.876162,1.446196,-0.46351,-0.044067,-28.386401,-13.691054,-23.801322,13.333337,-8.984907,1.913553,45.01181,3.162558,-2.967162,0.777087,5.931505,-3.823178,-38.891475,0.100014,4575878,-92.909437,-69781287.496752,-0.039795,22.3438,-39.177733,-22.460367,0,0.149618,1.590658,-0.881525,-2.967162,-1.57292
07-07-25,13.23,13.42,13.17,13.3,393466,13.9285,14.7854,15.679275,-0.040184,-0.049486,-0.018008,FALSE,FALSE,-0.893875,-0.085011,-39.622633,21.392936,31.753029,3.246929,-0.458545,-0.031281,-35.903614,-12.557527,-23.365021,15.238083,-6.92792,1.85016,46.807864,2.140493,-2.378518,0.590735,6.331446,-3.335201,-38.891475,1.21916,4969344,-30.040415,-69765548.496523,-0.033812,33.643261,-51.726669,-21.395896,0,0.073583,0.85302,-0.768593,-2.378518,-1.342723
07-08-25,13.28,13.36,13.26,13.32,128820,13.8805,14.7142,15.663825,-0.042147,-0.052384,-0.017864,FALSE,FALSE,-0.949625,-0.082751,-55.789479,21.951676,32.368969,5.877923,-0.447834,-0.016456,-36.023055,-14.395891,-22.558145,16.507892,-6.722689,1.75622,47.922609,1.931387,-2.407506,0.494198,6.734342,-4.583723,-38.891475,0.420845,5098164,-72.089637,-69739784.987936,-0.060439,25.853378,-53.01665,-23.094769,0,0.071792,0.829696,-0.702992,-2.407506,-1.169595
07-09-25,13.22,13.29,13.14,13.16,147519,13.833,14.64,15.647175,-0.044271,-0.055124,-0.017722,FALSE,FALSE,-1.007175,-0.081508,-60.000019,22.784962,30.033641,-0.842521,-0.447102,-0.01258,-38.705169,-15.206189,-23.488376,6.349171,-6.732812,1.761289,50.182932,1.898759,-2.775485,0.510439,7.216569,-4.366888,-38.891475,0.488173,4950645,-34.661635,-69847966.463312,-0.049235,17.762545,-57.804246,-23.430551,0,0.100295,1.198408,-0.71445,-2.775485,-1.341094
07-10-25,13.17,13.2,13.06,13.11,64934,13.779,14.5688,15.630725,-0.046415,-0.057696,-0.017583,FALSE,FALSE,-1.061925,-0.080617,-77.894739,23.761399,29.321699,-2.43133,-0.445422,-0.00872,-25.085716,-15.961543,-23.6014,3.267925,-7.610993,1.710797,51.919885,1.891503,-2.831598,0.509343,7.005645,-4.188667,-38.938053,0.223701,4885711,-78.585963,-69866519.54026,-0.069814,16.472467,-38.900238,-24.662091,0,0.107741,1.290873,-0.713683,-2.831598,-1.288524
07-11-25,13.25,13.28,13.15,13.19,144761,13.734,14.4984,15.61505,-0.048486,-0.060084,-0.017446,FALSE,FALSE,-1.11665,-0.079187,-68.817219,24.239176,32.095271,-0.273698,-0.432648,0.003243,-29.314042,-17.536732,-21.534801,8.496679,-6.387513,1.597529,52.972098,1.892458,-2.968501,0.550887,5.687979,-4.17225,-38.938053,0.506369,5030472,-37.75648,-69922197.011331,-0.039948,21.700244,-46.166393,-27.450668,0,0.078584,0.983625,-0.742217,-2.968501,-1.026957
07-14-25,13.2,13.28,13.13,13.15,113949,13.6705,14.4326,15.5988,-0.0504,-0.062274,-0.017312,FALSE,FALSE,-1.1662,-0.076277,-64.197533,24.740993,31.431118,1.397477,-0.420901,0.011993,-27.106436,-17.606519,-23.054421,9.278274,-8.807215,1.455729,51.917431,1.787125,-2.831043,0.569582,4.072405,-5.094806,-38.938053,0.45955,4916523,-86.938416,-70005760.287503,-0.177099,23.809758,-42.008387,-29.079921,0,0.011553,0.156417,-0.754707,-2.831043,-1.002554
07-15-25,13.02,13.26,13.02,13.26,159383,13.6265,14.3786,15.583875,-0.051843,-0.06426,-0.017181,FALSE,FALSE,-1.205275,-0.072954,-43.262362,25.525384,35.390638,6.068939,-0.398125,0.027815,-25.169296,-16.760829,-21.908124,26.966285,-6.22348,1.384398,51.455943,1.795679,-2.792574,0.57453,4.243738,-4.915549,-38.938053,0.702608,5075906,-72.597985,-69846377.287503,-0.158452,24.864488,-38.113361,-27.436972,0,-0.028585,-0.38741,-0.757978,-2.792574,-0.712259
07-16-25,13.17,13.44,13.17,13.19,297781,13.567,14.3192,15.568125,-0.052864,-0.066061,-0.017051,FALSE,FALSE,-1.248925,-0.067977,-46.938773,25.259408,34.043413,1.948142,-0.381328,0.03569,-25.940483,-14.127605,-21.721073,21.655943,-8.275386,1.483806,49.111162,1.658982,-2.582081,0.550991,3.051137,-6.153547,-38.938053,1.374749,4778125,-40.743048,-70100043.596646,-0.307352,33.225722,-38.502127,-24.425817,0,-0.102789,-1.467834,-0.742288,-2.582081,-0.767647
07-17-25,13.19,13.19,13.01,13.03,96944,13.499,14.2516,15.552275,-0.053881,-0.067682,-0.016925,FALSE,FALSE,-1.300675,-0.064546,-45.070414,25.511817,31.126741,-0.304378,-0.376586,0.032345,-29.833064,-15.471944,-21.788716,2.857073,-9.451012,1.474617,46.459838,1.561282,-2.367144,0.487227,2.353786,-5.905611,-39.310665,0.468563,4681181,-66.705018,-70175444.942094,-0.383559,34.588753,-43.640626,-26.604935,0,-0.101097,-1.435475,-0.698016,-2.367144,-1.009474
07-18-25,13.02,13.1,12.99,13.05,129548,13.422,14.1878,15.53505,-0.054835,-0.069123,-0.0168,FALSE,FALSE,-1.34725,-0.06178,-36.923009,25.806686,31.91203,-3.478607,-0.366983,0.033558,-29.573666,-13.690474,-23.684211,11.11119,-10.555174,1.401202,39.695689,1.524968,-2.282165,0.480975,1.532074,-5.4645,-39.310665,0.612257,4810729,263.276408,-70163667.646977,-0.37636,36.423168,-42.446579,-23.317503,0,-0.099197,-1.433327,-0.693524,-2.282165,-0.937129
07-21-25,13.01,13.03,12.89,13.01,124412,13.349,14.1264,15.51765,-0.055827,-0.070379,-0.016676,FALSE,FALSE,-1.39125,-0.060068,-31.092388,26.382949,31.147135,-2.896277,-0.358469,0.033658,-32.938142,-13.955024,-25.186885,20.689638,-10.089841,1.38904,32.108203,1.448416,-2.151988,0.44926,1.319393,-5.052031,-39.403816,0.60906,4686317,-54.065749,-70074801.206268,-0.407876,44.895645,-46.470827,-23.215222,0,-0.097803,-1.444399,-0.670269,-2.151988,-1.055804
07-22-25,13.02,13.11,12.98,12.99,183946,13.289,14.064,15.49985,-0.056637,-0.071466,-0.016555,FALSE,FALSE,-1.43585,-0.058551,-27.433616,26.446685,30.750254,-0.376487,-0.349308,0.034255,-29.555318,-14.087302,-26.360543,18.181739,-8.456659,1.369183,26.241595,1.444038,-2.168208,0.45785,1.475672,-4.849224,-39.496972,0.943499,4502371,-50.297761,-70230447.198844,-0.381389,53.735912,-41.649544,-22.932842,0,-0.068315,-1.019949,-0.676647,-2.168208,-1.139413
07-23-25,12.87,12.97,12.8,12.8,109622,13.2355,14.0188,15.4825,-0.057135,-0.072365,-0.016435,FALSE,FALSE,-1.4637,-0.057146,-28.070117,27.06012,27.203976,-4.708054,-0.353307,0.024205,-28.291317,-12.776831,-25.883035,0,-7.71449,1.361605,24.63091,1.449365,-2.18765,0.460018,1.762151,-5.08759,-40.381925,0.586399,4392749,-59.404221,-70340069.198844,-0.377656,55.815909,-39.885563,-21.752458,0,-0.098704,-1.471182,-0.678246,-2.18765,-1.768103
07-24-25,12.76,12.79,12.715,12.78,114427,13.1805,13.9776,15.46345,-0.057415,-0.0731,-0.016318,FALSE,FALSE,-1.48585,-0.055886,-48.514866,27.868569,26.852911,-4.294224,-0.354009,0.018802,-25.306842,-12.104541,-26.340061,8.965466,-7.925075,1.316229,21.573561,1.446584,-2.175789,0.457497,2.066172,-4.909118,-40.475081,0.610729,4278322,7.931672,-70256156.841521,-0.365732,52.342927,-35.640051,-20.300271,0,-0.102238,-1.523235,-0.676385,-2.175789,-1.85644
07-25-25,12.78,12.78,12.67,12.69,157431,13.1315,13.9348,15.44555,-0.057475,-0.073692,-0.016202,FALSE,FALSE,-1.51075,-0.05449,-57.009317,28.744747,25.272428,-5.477826,-0.357705,0.012086,-24.822274,-13.171401,-30.121147,2.59734,-7.168987,1.246761,20.991921,1.44429,-2.169372,0.454404,2.421846,-5.089876,-40.894271,0.851539,4120891,-23.981632,-70356341.44597,-0.356185,38.628557,-35.690813,-21.723522,0,-0.092823,-1.381224,-0.674095,-2.169372,-2.103192
07-28-25,12.67,12.74,12.65,12.69,132730,13.0895,13.894,15.42895,-0.057361,-0.074124,-0.016089,FALSE,FALSE,-1.53495,-0.053329,-59.999891,29.615902,25.272428,-1.931548,-0.356523,0.010613,-24.777718,-15.625003,-30.806982,5.063287,-6.208427,1.241133,21.002454,1.437178,-2.169482,0.465802,2.36653,-4.817607,-40.894271,0.744923,4120891,-50.233031,-70371089.536294,-0.336293,32.023635,-34.856882,-24.058787,0,-0.07635,-1.153845,-0.682497,-2.169482,-1.90216
07-29-25,12.64,12.8,12.64,12.77,130440,13.059,13.8594,15.41235,-0.056936,-0.07442,-0.015977,FALSE,FALSE,-1.55295,-0.052641,-40.205993,30.005264,29.547244,2.694333,-0.345153,0.017587,-23.395319,-13.657874,-28.778582,16.25003,-4.559041,1.222171,20.99098,1.405257,-2.089154,0.430795,2.556409,-4.258637,-40.894271,0.851964,4251331,-79.358473,-70289564.147552,-0.245267,38.89624,-33.410819,-21.843095,0,-0.050318,-0.75342,-0.65635,-2.089154,-1.376779
07-30-25,12.73,12.91,12.67,12.8,176306,13.034,13.824,15.396775,-0.056089,-0.074569,-0.015867,FALSE,FALSE,-1.572775,-0.051388,-32.631431,29.633325,31.138071,5.865643,-0.329918,0.026257,-23.399157,-14.093956,-28.571428,20,-3.759398,1.27511,20.947052,1.391514,-2.020161,0.420099,2.702486,-4.494295,-40.894271,1.163961,4427637,-15.640237,-70274871.630596,-0.174076,45.250256,-33.117497,-21.482178,0,-0.085798,-1.285331,-0.64815,-2.020161,-1.117101
07-31-25,12.63,12.95,12.59,12.9,366928,13.023,13.781,15.3816,-0.054817,-0.074608,-0.015759,FALSE,FALSE,-1.6006,-0.04936,-29.896836,29.589835,36.30129,11.028862,-0.306245,0.039944,-21.532852,-12.60163,-28.807952,36.47055,-1.676831,1.370431,21.049068,1.376993,-1.994344,0.421787,2.794641,-4.688825,-40.894271,2.288673,4794565,93.251207,-70009868.561055,-0.064401,50.393533,-30.905246,-18.320931,0,-0.106669,-1.617194,-0.649451,-1.994344,-0.58435
08-01-25,13.14,13.42,13.14,13.33,683544,13.026,13.746,15.3693,-0.053002,-0.07453,-0.015652,FALSE,FALSE,-1.6233,-0.046721,13.235292,27.820508,52.718196,23.170952,-0.249906,0.077027,-16.478697,-10.71668,-24.045581,87.058855,0.452144,1.524487,21.458404,1.45559,-2.143081,0.469998,3.228485,-3.641463,-40.894271,3.544534,5478109,1963.653655,-69765746.867981,0.004029,64.517601,-23.767662,-16.426925,0,-0.07365,-1.1033,-0.685564,-2.143081,1.416695
08-05-25,12.91,13.11,12.88,13.07,440201,13.0145,13.7022,15.35575,-0.050702,-0.07434,-0.015547,FALSE,FALSE,-1.65355,-0.044617,-12.582799,26.500958,45.1423,14.004228,-0.223659,0.08262,-19.121288,-13.729373,-27.569966,56.470572,-1.729327,1.669581,20.507954,1.468367,-1.870264,0.444498,3.267286,-3.783701,-40.894271,2.255344,5037908,11.877773,-69478659.418004,0.073493,58.792212,-28.8333,-22.886042,0,-0.072635,-1.053583,-0.666707,-1.870264,0.270626
08-06-25,12.99,13.07,12.85,12.88,264632,12.9925,13.6598,15.341725,-0.048099,-0.074072,-0.015445,FALSE,FALSE,-1.681925,-0.042607,-19.01836,25.382607,40.555718,4.254428,-0.215702,0.072461,-21.511272,-13.730744,-31.270009,34.939758,-3.3033,1.666481,19.387662,1.473768,-1.753315,0.435678,3.377927,-4.064302,-40.894271,1.310242,4773276,105.427729,-69671119.471514,0.016999,49.778775,-33.146825,-24.741066,0,-0.077392,-1.109699,-0.660059,-1.753315,-0.580265
08-07-25,12.75,13.02,12.71,12.9,295817,12.9795,13.6244,15.327425,-0.045096,-0.073689,-0.015345,FALSE,FALSE,-1.703025,-0.042164,-8.724836,24.83222,41.232569,-11.485626,-0.205415,0.066198,-20.566504,-13.014163,-33.812213,37.349337,-1.975686,1.73588,19.074574,1.233522,-1.493254,0.45828,3.43393,-3.424613,-40.894271,1.412778,5069093,100.528068,-69604323.376088,0.05818,46.831707,-30.547007,-21.967079,0,-0.05039,-0.881076,-0.676964,-1.493254,-0.416786
08-08-25,12.84,12.84,12.68,12.71,138875,12.9595,13.5826,15.31215,-0.041948,-0.07319,-0.015248,FALSE,FALSE,-1.72955,-0.042286,-20.481939,24.423339,36.930418,-8.211882,-0.210171,0.049154,-20.957711,-13.713507,-35.710674,14.457819,-3.051103,1.823647,19.720345,1.233724,-1.476174,0.447749,3.608595,-3.426636,-40.894271,0.651739,4930218,113.871007,-69691120.664968,0.041157,46.74507,-30.452075,-22.778489,0,-0.059201,-1.025052,-0.669141,-1.476174,-1.26519
08-11-25,12.67,12.8,12.645,12.78,169591,12.939,13.544,15.295775,-0.038571,-0.072591,-0.015152,FALSE,FALSE,-1.751775,-0.042191,-13.6095,24.167133,39.437549,-1.118169,-0.205918,0.042726,-20.670396,-14.856765,-32.201594,22.891518,-3.108414,1.810864,19.325195,1.237852,-1.484008,0.448219,3.718378,-3.28309,-40.894271,0.791278,5099809,17.15241,-69565296.161433,0.083261,46.158606,-30.013615,-24.448764,0,-0.054397,-0.939128,-0.669491,-1.484008,-0.822761
08-12-25,12.66,12.71,12.49,12.49,453184,12.906,13.4988,15.278325,-0.035473,-0.071889,-0.01506,FALSE,FALSE,-1.779525,-0.042627,-25.510216,24.452206,33.496735,-7.735834,-0.223373,0.020216,-17.065077,-15.721997,-33.20856,0,-5.01901,1.944411,21.08729,1.264177,-1.538805,0.447168,4.024681,-3.548506,-41.825803,1.9594,4646625,297.707746,-70018480.161433,-0.00275,37.795426,-25.786893,-24.751774,0,-0.089132,-1.505315,-0.668706,-1.538805,-1.972753
08-13-25,12.39,12.49,12.36,12.42,126823,12.864,13.4552,15.260325,-0.03252,-0.07109,-0.014969,FALSE,FALSE,-1.805125,-0.043443,-20.652189,25.112544,32.234501,-4.695917,-0.240087,0.002802,-16.307278,-16.081082,-33.618382,5.660415,-6.334843,1.920864,22.010522,1.25336,-1.531,0.45038,4.289257,-3.36783,-42.151838,0.552223,4519802,-20.428778,-70028235.061151,-0.039593,37.66183,-25.034344,-25.284601,0,-0.073126,-1.2493,-0.671103,-1.531,-2.017216
08-14-25,12.51,12.51,12.39,12.4,130599,12.8245,13.4148,15.24265,-0.029924,-0.070195,-0.014881,FALSE,FALSE,-1.82785,-0.044058,-20.652189,25.605266,31.86503,-7.572518,-0.252042,-0.007322,-16.385707,-16.722637,-31.415931,3.77358,-5.989386,1.944123,22.92201,1.249731,-1.525609,0.453441,4.545163,-3.513904,-42.244993,0.590145,4389203,-56.142601,-70137069.118014,-0.008365,40.972973,-24.415144,-26.062271,0,-0.097503,-1.675268,-0.67338,-1.525609,-1.851933
08-15-25,12.39,12.5,12.39,12.48,92160,12.797,13.3758,15.2256,-0.027679,-0.069172,-0.014796,FALSE,FALSE,-1.8498,-0.043608,-11.475418,26.062795,35.070809,1.574074,-0.252154,-0.005947,-15.27495,-14.403295,-30.473543,11.320739,-4.22103,1.931661,23.615568,1.165987,-1.407013,0.412611,4.681487,-4.367432,-42.244993,0.416899,4481363,-4.934808,-70078422.716932,0.021945,44.205875,-22.268818,-22.993869,0,-0.131833,-2.3419,-0.642348,-1.407013,-1.342336
08-18-25,12.48,12.52,12.47,12.48,61510,12.7685,13.3338,15.20815,-0.026,-0.068019,-0.014712,FALSE,FALSE,-1.87435,-0.042964,-11.475418,26.351702,35.070809,2.836308,-0.249368,-0.002529,-13.931038,-14.520553,-28.234618,11.320739,-4.367821,1.908767,23.839988,1.164809,-1.410149,0.415715,4.813952,-4.417124,-42.244993,0.282598,4481363,-52.519529,-70115330.594061,0.011104,46.789917,-20.629285,-24.006949,0,-0.139667,-2.490149,-0.644759,-1.410149,-1.210153
08-19-25,12.48,12.67,12.46,12.64,186659,12.75,13.3008,15.1883,-0.024756,-0.066746,-0.014632,FALSE,FALSE,-1.8875,-0.041608,-6.806293,25.65071,41.459632,9.594602,-0.23158,0.012207,-13.246393,-13.007567,-27.062894,26.415149,-2.843965,1.912861,23.296716,1.166796,-1.410859,0.414667,4.881328,-4.389554,-42.244993,0.845486,4668022,50.032955,-69982002.252532,0.021017,47.584817,-19.626597,-21.688723,0,-0.137985,-2.453773,-0.643947,-1.410859,-0.472167
08-20-25,12.66,12.895,12.66,12.7,233046,12.7355,13.2692,15.16945,-0.023765,-0.065359,-0.014553,FALSE,FALSE,-1.90025,-0.040449,-5.154662,23.837471,43.696925,8.626116,-0.210218,0.026855,-15.61462,-12.110727,-25.250147,32.075473,-2.232486,1.91226,22.616893,1.156435,-1.383469,0.39673,4.928861,-3.930476,-42.244993,1.04399,4901068,26.692616,-70135713.725732,0.021219,48.386672,-23.334125,-21.274252,0,-0.116573,-2.060259,-0.629865,-1.383469,-0.156963
08-21-25,12.8,12.86,12.72,12.8,185922,12.7355,13.243,15.15055,-0.022787,-0.063886,-0.014477,FALSE,FALSE,-1.90755,-0.039557,-5.154611,22.153749,47.311228,12.240419,-0.183109,0.043171,-15.119362,-12.268677,-24.970688,41.509468,0,1.785714,22.616893,1.136083,-1.302191,0.357326,4.967854,-3.305171,-42.244993,0.818891,5086990,69.602817,-70109152.716304,0.050853,45.691848,-23.177695,-22.429014,0,-0.082077,-1.4306,-0.597768,-1.302191,0.285187
08-22-25,12.7,12.72,12.375,12.41,320540,12.717,13.2074,15.13175,-0.022189,-0.062343,-0.014403,FALSE,FALSE,-1.92435,-0.038981,-48.421066,22.013963,37.264299,-4.195334,-0.190894,0.028309,-18.67628,-17.814573,-26.698171,6.666692,-2.895148,1.787152,23.720082,1.18361,-1.382508,0.386132,3.54944,-4.051617,-42.244993,1.350513,4766450,180.126194,-70364655.948732,-0.022857,28.521295,-27.816061,-30.440012,0,-0.118968,-2.036497,-0.621395,-1.382508,-1.294262
08-25-25,12.49,12.53,12.42,12.53,46984,12.709,13.1762,15.1176,-0.021783,-0.060718,-0.014331,FALSE,FALSE,-1.9414,-0.038227,-30.681829,21.884163,41.388612,-2.308313,-0.185245,0.027166,-16.466668,-17.728167,-27.19349,23.943671,-1.260834,1.581917,24.082975,1.193772,-1.409623,0.404724,2.576696,-3.668043,-42.244993,0.202671,4813434,-70.155814,-70317671.948732,0.00834,32.803257,-24.115969,-29.64028,0,-0.098396,-1.695881,-0.636179,-1.409623,-0.743264
08-26-25,12.55,12.55,12.42,12.42,40862,12.6955,13.1362,15.1041,-0.021597,-0.059007,-0.014261,FALSE,FALSE,-1.9679,-0.037465,-27.380965,21.647425,38.866265,-8.444963,-0.187483,0.019943,-15.337423,-19.298247,-26.290802,9.090962,-2.127656,1.544168,24.936712,1.194318,-1.398087,0.40498,2.761629,-3.921083,-42.244993,0.179826,4772572,-69.214194,-70358533.948732,0.002763,35.851338,-22.927021,-31.690331,0,-0.098883,-1.703874,-0.63638,-1.398087,-1.104796
08-27-25,12.45,12.45,12.35,12.37,75618,12.6755,13.1008,15.090875,-0.021586,-0.057295,-0.014193,FALSE,FALSE,-1.990075,-0.036909,-30.994136,21.70993,37.740376,0.476078,-0.191089,0.01307,-16.418921,-19.675323,-27.020653,3.669633,-3.132346,1.429148,25.893458,1.190513,-1.407317,0.401405,2.290792,-3.797081,-42.384722,0.336843,4696954,-42.028519,-70403905.325655,-0.025467,39.46691,-24.410911,-32.044969,0,-0.098262,-1.693495,-0.633565,-1.407317,-1.179835
08-28-25,12.33,12.42,12.275,12.29,123366,12.65,13.059,15.077325,-0.021758,-0.055697,-0.014127,FALSE,FALSE,-2.018325,-0.036666,-26.249999,22.061489,35.946149,-5.442463,-0.198118,0.004832,-16.451394,-22.607054,-27.256587,2.419407,-3.984377,1.394862,27.086606,1.18486,-1.413929,0.409251,2.519198,-3.684311,-42.757334,0.556096,4573588,-30.027339,-70501746.822038,-0.051134,39.814771,-24.589066,-35.639472,0,-0.088095,-1.535618,-0.639728,-1.413929,-1.32907
08-29-25,12.36,12.52,12.35,12.48,116771,12.629,13.0208,15.064225,-0.021826,-0.054218,-0.014063,FALSE,FALSE,-2.043425,-0.035976,-17.441869,21.747835,42.890438,4.024174,-0.18621,0.013392,-15.389834,-18.96104,-27.10281,33.064459,-3.255815,1.416552,26.671296,1.206928,-1.367194,0.366177,2.605964,-3.293251,-42.757334,0.557818,4690359,-68.176045,-70439928.113929,-0.10272,46.119383,-24.275433,-31.276487,0,-0.046553,-0.769095,-0.605126,-1.367194,-0.558654
09-02-25,12.72,12.845,12.64,12.65,145845,12.595,12.982,15.052125,-0.021739,-0.052889,-0.014001,FALSE,FALSE,-2.070125,-0.034645,9.999988,20.600781,48.292023,10.551647,-0.161198,0.030723,-13.356169,-20.540204,-26.066633,60.483789,-5.101278,1.439865,20.994988,1.213402,-1.364368,0.360474,2.543654,-3.205319,-42.757334,0.799369,4836204,-78.663407,-70571545.359438,-0.220827,61.423226,-21.361874,-34.589491,0,-0.039968,-0.653845,-0.600395,-1.364368,0.261966
09-03-25,12.57,12.63,12.49,12.52,137122,12.5675,12.943,15.038425,-0.021579,-0.051532,-0.01394,FALSE,FALSE,-2.095425,-0.033911,6.02412,19.400925,44.802316,8.856167,-0.150135,0.033429,-13.176142,-23.284309,-25.520518,39.516211,-4.208104,1.471931,17.805605,1.195992,-1.350802,0.36514,2.486451,-3.039309,-42.757334,0.819636,4699082,-68.850139,-70649899.587066,-0.35005,61.04984,-21.820875,-40.073712,0,-0.02329,-0.387971,-0.604268,-1.350802,-0.266767
09-04-25,12.5,12.5,12.3,12.31,213011,12.539,12.9054,15.0216,-0.021501,-0.050216,-0.013882,FALSE,FALSE,-2.1162,-0.03344,-4.864823,19.036686,39.799089,-3.091349,-0.156508,0.021645,-14.691614,-22.91797,-29.697314,5.645283,-4.425463,1.555066,17.087696,1.210643,-1.387235,0.375932,2.555708,-3.353796,-42.757334,1.293208,4486071,-19.506711,-70841608.979207,-0.355307,52.028095,-24.487051,-39.132815,0,-0.022893,-0.379995,-0.613133,-1.387235,-1.340142
09-05-25,12.23,12.51,12.19,12.39,164502,12.5135,12.8758,15.00575,-0.021311,-0.048912,-0.013826,FALSE,FALSE,-2.12995,-0.033017,-4.864823,19.088459,42.436349,-5.855674,-0.153336,0.019853,-15.020573,-25.226309,-29.441909,28.368867,-3.953483,1.666091,15.107594,1.209464,-1.370643,0.367999,2.611143,-2.95448,-42.757334,1.040168,4650573,-44.39062,-70800483.111517,-0.378174,45.774452,-25.171252,-43.097691,0,0.006244,0.103086,-0.60663,-1.370643,-0.817467
09-08-25,12.36,12.37,12.285,12.34,114624,12.495,12.845,14.99025,-0.021,-0.047612,-0.013771,FALSE,FALSE,-2.14525,-0.032444,-7.36839,19.136534,41.220907,-3.581409,-0.153092,0.016078,-13.645905,-24.572129,-30.243076,21.27665,-2.911093,1.704678,14.837714,1.20539,-1.378447,0.37494,2.700767,-3.177489,-42.757334,0.730382,4535949,-17.462466,-70766769.413843,-0.342701,41.741332,-23.255254,-41.431236,0,-0.020587,-0.342924,-0.612323,-1.378447,-1.044634
09-09-25,12.3,12.39,12.25,12.27,105226,12.4695,12.817,14.9743,-0.020679,-0.046329,-0.013718,FALSE,FALSE,-2.1573,-0.032053,-20.441999,19.312823,39.514578,-0.284511,-0.15674,0.009944,-14.075625,-28.828303,-32.914162,11.347628,-3.990605,1.673654,14.043067,1.204594,-1.376983,0.37458,2.89951,-3.149398,-42.850485,0.684536,4430723,-37.953075,-70841930.22802,-0.41525,34.198886,-24.19615,-47.457744,0,-0.019932,-0.33215,-0.61203,-1.376983,-1.420626
09-10-25,12.18,12.255,12.11,12.19,142034,12.4545,12.7902,14.95885,-0.020386,-0.045109,-0.013668,FALSE,FALSE,-2.16865,-0.031133,-27.868866,19.980711,37.59898,-4.83737,-0.164194,0.001992,-13.607372,-30.382642,-31.899442,10.666656,-2.401923,1.628972,15.353637,1.157628,-1.31776,0.364967,3.160031,-3.961469,-43.223102,1.028031,4288689,-68.658646,-70827237.699857,-0.292686,23.618465,-23.701759,-50.34736,0,-0.064232,-1.105314,-0.604125,-1.31776,-1.722721
09-11-25,12.13,12.14,11.98,11.99,256264,12.433,12.7624,14.942925,-0.020386,-0.043968,-0.013619,FALSE,FALSE,-2.180525,-0.030891,-41.968948,21.021789,33.25822,-7.962687,-0.184117,-0.014345,-15.503875,-30.85352,-32.336342,1.156095,-3.46216,1.685931,18.541845,1.150906,-1.325451,0.382385,2.543719,-3.9154,-44.154634,1.771819,4032425,102.064294,-71051468.127066,-0.353734,13.347515,-26.039109,-50.99883,0,-0.046881,-0.822806,-0.618373,-1.325451,-2.389191
09-12-25,12.03,12.03,11.97,12.01,109978,12.4135,12.7366,14.927475,-0.020639,-0.042953,-0.013571,FALSE,FALSE,-2.190875,-0.030089,-25.64101,22.020272,34.077847,-5.436731,-0.196033,-0.021009,-14.762242,-32.603813,-30.897579,4.571424,-3.145156,1.466042,20.818196,1.123237,-1.277387,0.37861,2.835791,-4.372352,-44.154634,0.765852,4142403,-15.789554,-71014807.628353,-0.305615,14.970873,-24.548667,-53.38124,0,-0.085806,-1.538385,-0.615313,-1.277387,-1.938207
09-15-25,11.91,11.95,11.895,11.9,82300,12.3845,12.7122,14.912325,-0.021123,-0.042033,-0.013526,FALSE,FALSE,-2.200125,-0.02932,-40.645164,23.189029,31.767183,-5.831797,-0.21191,-0.029508,-17.475731,-30.327871,-30.368639,0.526228,-4.647435,1.476592,23.685386,1.125042,-1.278651,0.381054,3.238555,-4.597086,-44.573824,0.575085,4060103,-10.698785,-71082146.327179,-0.350685,14.708832,-28.308411,-49.845055,0,-0.091381,-1.63893,-0.617296,-1.278651,-2.045567
09-16-25,11.91,11.96,11.87,11.93,108156,12.357,12.6854,14.896725,-0.021829,-0.041186,-0.013482,FALSE,FALSE,-2.211325,-0.028024,-33.33329,24.355011,33.099522,-0.158699,-0.219541,-0.029711,-15.62942,-29.240807,-29.491724,6.153887,-4.407045,1.44893,25.631191,1.105322,-1.251816,0.380117,3.544865,-4.951437,-44.573824,0.743639,4168259,75.834824,-71046093.563139,-0.319978,19.756531,-25.802461,-47.420379,0,-0.116926,-2.132894,-0.616536,-1.251816,-1.665938
09-17-25,11.92,12.12,11.88,11.98,174522,12.324,12.659,14.881525,-0.02268,-0.040378,-0.013441,FALSE,FALSE,-2.222525,-0.026702,-26.530631,24.31957,35.364728,1.286881,-0.219029,-0.023359,-16.689851,-30.429733,-29.028435,11.282012,-5.221525,1.526355,26.041265,1.107545,-1.264584,0.385417,3.770923,-4.644906,-44.573824,1.204974,4342781,-6.502231,-71075181.256628,-0.377389,27.391075,-27.212229,-49.128226,0,-0.091088,-1.665372,-0.62082,-1.264584,-1.320982
09-18-25,11.88,11.915,11.76,11.84,186140,12.281,12.6294,14.866425,-0.023734,-0.03961,-0.013401,FALSE,FALSE,-2.237025,-0.025945,-29.411757,24.738591,32.088491,0.321308,-0.2273,-0.025304,-17.72064,-29.774616,-29.857816,7.373265,-6.771651,1.589649,26.60016,1.092785,-1.251181,0.387581,4.070623,-4.522081,-44.853281,1.306343,4156641,-20.127357,-71069176.592722,-0.327555,26.646275,-28.717047,-47.283396,0,-0.080569,-1.495587,-0.62256,-1.251181,-1.657884
09-19-25,11.81,11.86,11.725,11.74,127467,12.228,12.601,14.85105,-0.024862,-0.03889,-0.013363,FALSE,FALSE,-2.25005,-0.025764,-51.388854,25.254527,29.953882,-3.14564,-0.239167,-0.029737,-19.53393,-30.737468,-30.859835,1.339231,-8.281253,1.545389,26.273062,1.064724,-1.19837,0.386107,4.487463,-4.29076,-45.319049,0.913306,4029174,-31.440604,-71168318.593237,-0.379448,20.816765,-31.864618,-49.514366,0,-0.05715,-1.087507,-0.621375,-1.19837,-1.857417
09-22-25,11.81,11.81,11.625,11.63,124618,12.189,12.5714,14.8351,-0.026075,-0.038219,-0.013328,FALSE,FALSE,-2.2637,-0.025629,-73.913001,26.08637,27.765847,-7.598882,-0.254514,-0.036067,-19.626815,-31.224126,-29.128579,0.497524,-6.285252,1.449454,29.069609,1.067165,-1.239593,0.395781,4.102134,-4.531117,-45.83139,0.960295,3904556,-61.122481,-71286200.346231,-0.355067,13.662262,-32.59516,-50.930773,0,-0.041519,-0.79454,-0.629111,-1.239593,-1.92297
09-23-25,11.64,11.8,11.63,11.77,106963,12.151,12.543,14.82075,-0.027164,-0.037595,-0.013295,FALSE,FALSE,-2.27775,-0.025494,-53.956784,26.858796,34.33979,2.251299,-0.252469,-0.027218,-17.054258,-27.879898,-28.623404,16.384228,-6.065437,1.438282,29.343518,1.071965,-1.246465,0.400514,3.527656,-3.840296,-45.83139,0.80563,4011519,127.658352,-71216988.640322,-0.338676,19.090613,-28.983223,-45.344058,0,-0.018201,-0.34812,-0.632862,-1.246465,-1.298411
09-24-25,11.76,11.89,11.74,11.84,89114,12.122,12.5168,14.80645,-0.028041,-0.037006,-0.013264,FALSE,FALSE,-2.28965,-0.025376,-37.599993,26.887358,37.407116,7.453234,-0.242406,-0.013724,-14.635903,-27.317376,-27.804875,24.293796,-4.669887,1.387549,29.41106,1.072356,-1.274728,0.418735,3.717809,-3.439484,-45.83139,0.659215,4100633,118.085263,-71187283.973655,-0.306531,25.0594,-25.802839,-44.531587,0,0.013663,0.265299,-0.647098,-1.274728,-0.958823
09-25-25,11.97,12.09,11.91,11.96,169146,12.1015,12.4908,14.79305,-0.028664,-0.036426,-0.013234,FALSE,FALSE,-2.30225,-0.025223,-33.333333,25.602793,42.376755,14.610909,-0.222186,0.005196,-13.832853,-28.211284,-26.738135,43.790835,-3.314469,1.331821,29.017734,1.077416,-1.281346,0.418726,3.481169,-2.902204,-45.83139,1.209409,4269779,123.684837,-71262459.774507,-0.306937,33.996616,-25.552027,-46.015771,0,0.033678,0.650839,-0.64709,-1.281346,-0.487633
09-26-25,11.91,11.965,11.81,11.83,102376,12.0785,12.4636,14.7782,-0.029156,-0.035875,-0.013206,FALSE,FALSE,-2.3146,-0.025338,-37.226271,24.87892,38.784209,4.444419,-0.214184,0.010559,-13.460133,-29.499407,-27.865852,26.797364,-3.742881,1.376645,29.266965,1.082461,-1.271771,0.409293,3.148191,-3.008212,-45.83139,0.737532,4167403,-17.014412,-71338416.771178,-0.301375,34.296431,-24.40449,-47.277337,0,0.021871,0.41732,-0.63976,-1.271771,-0.849081
09-29-25,11.73,11.83,11.71,11.78,133183,12.0435,12.4386,14.76255,-0.029619,-0.03537,-0.01318,FALSE,FALSE,-2.32395,-0.02576,-36.296314,24.64162,37.468518,0.061402,-0.209461,0.012225,-12.934221,-32.531499,-27.485386,24.603128,-5.608973,1.370361,28.385092,1.072115,-1.238892,0.397832,2.735133,-2.807557,-45.83139,0.953831,4034220,14.05486,-71316220.133734,-0.313792,33.884822,-24.868417,-53.140531,0,0.033461,0.638472,-0.63074,-1.238892,-0.928305
09-30-25,11.77,11.835,11.66,11.67,174363,11.9945,12.411,14.7476,-0.030439,-0.034911,-0.013156,FALSE,FALSE,-2.3366,-0.026033,-37.68112,24.630453,34.681136,-7.69562,-0.212149,0.00763,-12.780269,-32.46528,-28.580172,8.737873,-7.747032,1.392458,25.695546,1.062357,-1.229364,0.398342,1.659173,-3.350631,-45.83139,1.236131,3859857,19.553636,-71470655.499356,-0.318708,33.425319,-24.301568,-52.29606,0,0.001377,0.026526,-0.631144,-1.229364,-1.262865
10-01-25,11.79,11.79,11.57,11.59,93425,11.948,12.3826,14.731525,-0.031455,-0.0345,-0.013134,FALSE,FALSE,-2.348925,-0.026297,-31.745996,24.984095,32.771671,-6.012537,-0.218219,0.001248,-12.857143,-32.301404,-28.456793,3.636446,-7.428117,1.408233,24.047328,1.062557,-1.229176,0.395753,1.90379,-3.576984,-46.017697,0.672749,3766432,-31.867242,-71547093.76755,-0.323032,36.588186,-24.519741,-51.867915,0,-0.006711,-0.128985,-0.629089,-1.229176,-1.48873
10-02-25,11.52,11.66,11.52,11.58,125206,11.9115,12.3544,14.715175,-0.03251,-0.03414,-0.013114,FALSE,FALSE,-2.360775,-0.026448,-34.400024,25.507678,32.530561,-4.937957,-0.221286,-0.001455,-11.737805,-31.438719,-29.796912,9.999921,-5.930142,1.458795,23.802425,1.061585,-1.241986,0.396468,1.923489,-3.639243,-46.064274,0.931036,3641226,-41.220876,-71564980.826352,-0.268951,36.363037,-22.805611,-49.852907,0,0.003489,0.067157,-0.629657,-1.241986,-1.392716
10-03-25,11.55,11.62,11.47,11.59,190683,11.8715,12.3302,14.699475,-0.033595,-0.033783,-0.013095,FALSE,FALSE,-2.369275,-0.026758,-26.956484,26.187819,33.060933,-1.620202,-0.220369,-0.000431,-12.660138,-37.452781,-29.714977,18.461532,-6.456821,1.479107,21.991086,1.054558,-1.147489,0.365146,2.103554,-3.340458,-46.064274,1.404255,3831909,15.915308,-71450570.541418,-0.239373,34.380968,-25.112278,-62.040005,0,0.02696,0.509336,-0.604273,-1.147489,-1.280063
10-06-25,11.5,11.56,11.48,11.5,72417,11.8295,12.3046,14.682875,-0.034608,-0.033426,-0.013078,FALSE,FALSE,-2.378275,-0.027213,-35.537242,26.819378,30.720382,-2.051289,-0.224319,-0.003504,-13.533836,-44.578313,-30.513592,4.615346,-6.807132,1.503105,20.546415,1.056907,-1.144868,0.360509,2.35779,-3.432313,-46.436887,0.541723,3759492,-36.822131,-71486778.609784,-0.269305,29.231343,-26.22619,-75.10204,0,0.011672,0.219223,-0.600424,-1.144868,-1.603686
10-07-25,11.48,11.645,11.47,11.6,90332,11.796,12.2828,14.662125,-0.035501,-0.033064,-0.013063,FALSE,FALSE,-2.379325,-0.027279,-30.158658,26.698868,36.130878,3.600316,-0.21688,0.003148,-12.912908,-44.284339,-28.703134,20.967764,-5.460473,1.450123,18.328569,1.060853,-1.147611,0.36529,2.359621,-3.354868,-46.436887,0.679523,3849824,-14.154296,-71442903.095057,-0.226041,25.691289,-25.456893,-75.953593,0,0.012124,0.227726,-0.604392,-1.147611,-1.069367
10-08-25,11.58,11.58,11.46,11.46,76347,11.7595,12.2582,14.640625,-0.036139,-0.032701,-0.01305,FALSE,FALSE,-2.382425,-0.027554,-30.158711,26.636172,32.324785,-0.736148,-0.219748,0.000224,-12.917932,-46.623193,-30.922243,0,-5.988512,1.417976,17.309787,1.068609,-1.159196,0.362324,2.596977,-3.554246,-40.927834,0.58887,3773477,-46.247377,-71519250.095057,-0.266877,27.426997,-25.38594,-80.571553,0,-0.011031,-0.205213,-0.601933,-1.159196,-1.730235
10-09-25,11.43,11.59,11.43,11.54,140979,11.737,12.2336,14.621275,-0.036393,-0.032323,-0.013038,FALSE,FALSE,-2.387675,-0.027417,-16.129007,26.730913,36.444785,5.724403,-0.21311,0.00549,-11.975589,-34.057143,-29.071914,16.666619,-3.753126,1.42362,17.079069,1.066429,-1.156015,0.359873,2.717253,-3.595855,-40.927834,1.137976,3914456,-44.98681,-71466383.390207,-0.167459,35.481544,-23.250256,-60.703873,0,-0.012731,-0.236856,-0.599894,-1.156015,-1.153459
10-10-25,11.52,12.16,11.44,12.16,606142,11.7445,12.2208,14.60605,-0.035802,-0.031906,-0.013028,FALSE,FALSE,-2.38525,-0.026287,30.285683,26.218401,57.857592,21.726714,-0.156021,0.050063,-7.808944,-34.83387,-24.047472,100,1.248956,1.665297,18.602412,1.287281,-1.444707,0.435101,4.051303,-1.766198,-40.927834,4.07644,4520598,451.148412,-70860241.390207,0.051975,55.778875,-17.879404,-63.453789,0,0.092119,1.511445,-0.659622,-1.444707,2.23358
10-14-25,11.98,12.15,11.69,11.82,252545,11.7405,12.1992,14.5907,-0.034719,-0.031492,-0.013019,FALSE,FALSE,-2.3915,-0.025928,2.564062,25.742496,48.255951,15.931165,-0.136638,0.055557,-10.114068,-34.478941,-26.538225,53.424607,-0.672268,1.89449,18.334531,1.325563,-1.496871,0.463957,4.029484,-2.031151,-40.927834,1.606457,4268053,206.859052,-70970043.450299,0.035655,47.600395,-21.103897,-62.008419,0,0.08559,1.399992,-0.681144,-1.496871,0.433606
10-15-25,11.64,11.92,11.54,11.72,258998,11.73,12.167,14.573225,-0.033252,-0.031087,-0.013012,FALSE,FALSE,-2.406225,-0.025632,-6.060599,24.431265,45.846098,9.401313,-0.127872,0.051458,-11.613876,-33.860041,-26.358779,39.726047,-1.760269,2.050829,17.785261,1.327915,-1.502804,0.467813,4.083784,-2.226698,-40.927834,1.572083,4009055,139.467066,-70983674.581878,0.018944,40.768703,-24.204274,-61.024215,0,0.099559,1.63146,-0.683968,-1.502804,-0.056225
10-16-25,11.67,12,11.6,11.87,255647,11.7245,12.143,14.554775,-0.031442,-0.030694,-0.013006,FALSE,FALSE,-2.411775,-0.025084,-4.477619,23.579116,49.888628,-7.968964,-0.107581,0.057399,-10.00758,-33.352048,-25.509887,60.273953,-0.918194,2.115177,17.129455,1.340888,-1.513237,0.480511,4.109784,-1.892141,-40.927834,1.514456,4264702,46.484111,-70894198.436634,0.053607,42.717926,-21.204445,-58.517068,0,0.111969,1.839147,-0.693189,-1.513237,0.849413
10-17-25,11.96,11.97,11.715,11.76,377766,11.7205,12.1206,14.535125,-0.029466,-0.030307,-0.013002,FALSE,FALSE,-2.414525,-0.024687,-3.517573,22.787835,47.111256,-1.144695,-0.099232,0.052598,-9.746735,-36.672049,-25.522481,45.205497,-0.675675,2.1957,16.937884,1.344692,-1.421319,0.438866,4.139707,-2.038876,-40.927834,2.11769,3886936,102.947244,-71138635.093951,-0.019469,38.574194,-18.909426,-60.907447,0,0.060054,0.94642,-0.66247,-1.421319,0.233206
10-20-25,11.67,11.67,11.48,11.51,255182,11.709,12.0928,14.513775,-0.027649,-0.029926,-0.012999,FALSE,FALSE,-2.420975,-0.024954,-12.328747,21.53992,41.461715,-4.384383,-0.111503,0.032262,-11.800766,-37.884513,-27.059566,10.958901,-1.95911,2.342684,17.567608,1.358265,-1.449081,0.46086,4.298903,-2.147684,-40.927834,1.381067,3631754,100.19456,-71313231.686572,-0.039214,37.047242,-22.488303,-62.820761,0,0.073974,1.177459,-0.678867,-1.449081,-1.132766
10-21-25,11.52,11.56,11.46,11.5,177785,11.7025,12.0686,14.4944,-0.02576,-0.029556,-0.012999,FALSE,FALSE,-2.4258,-0.025199,-8.133974,20.477909,41.24863,-8.639998,-0.120645,0.018496,-11.606458,-40.721648,-26.681545,9.589005,-1.1178,2.298138,18.107495,1.358304,-1.328791,0.42404,4.407376,-2.134109,-37.852496,0.948541,3453969,42.663981,-71348789.364766,-0.016697,37.045236,-20.857363,-64.757133,0,0.027398,0.421924,-0.651184,-1.328791,-1.118322
10-22-25,11.51,11.78,11.51,11.64,410919,11.696,12.0458,14.47655,-0.023832,-0.029189,-0.012999,FALSE,FALSE,-2.43075,-0.025296,2.32559,19.642956,45.473531,-1.637724,-0.115264,0.019102,-10.392605,-36.876356,-26.142131,28.767147,-1.104504,2.307315,18.085754,1.368036,-1.320142,0.411015,4.377407,-1.747291,-35.79832,2.02795,3864888,284.169292,-71364007.511861,-0.036278,45.901126,-19.724535,-59.431136,0,0.053401,0.807422,-0.641105,-1.320142,-0.309634
10-23-25,11.64,11.64,11.475,11.5,179311,11.679,12.026,14.45625,-0.021921,-0.028835,-0.013001,FALSE,FALSE,-2.43025,-0.025564,-3.508768,18.679364,42.205038,0.743323,-0.120902,0.010771,-10.156251,-35.574231,-27.053601,9.589005,-2.871623,2.350933,18.258084,1.374824,-1.33549,0.416679,4.431804,-1.970125,-33.021627,0.865661,3685577,101.215297,-71488982.661744,-0.072826,45.176896,-19.987785,-58.139903,0,0.055417,0.837804,-0.645507,-1.33549,-0.980388
10-24-25,,,,,,11.081,11.7776,14.37865,-0.02821,-0.029032,-0.013013,FALSE,FALSE,-2.60105,-0.044483,-84.168481,23.694432,5.73569,-35.51294,-1.041321,-0.727719,-100,-100,-100,0,-100,0,261.374283,12.960959,-2.83803,0.021274,27.062098,-2.263172,-100,0,3685577,-100,-71488982.661744,-0.057007,47.869887,-110.575266,-122.001239,0,-1.375073,-1.702387,-0.145855,-2.83803,-4.239514
10-27-25,11.13,11.16,11.05,11.05,130483,11.042,11.7506,14.3559,-0.033885,-0.029229,-0.013027,FALSE,FALSE,-2.6053,-0.044527,-1.819651,22.182016,50.234111,4.760579,-0.869099,-0.444397,-12.923557,-34.53791,-30.851061,90.871713,-6.593404,16.92631,260.779117,12.960359,-2.841764,0.02098,27.133093,-2.268073,-100,0.652136,3816060,27.454677,-71619465.661744,-0.070232,50.937721,-22.989217,-56.566099,0,-1.35334,-1.675307,-0.144846,-2.841764,0.003068
10-28-25,10.99,11.06,10.945,11,81747,11.003,11.721,14.330925,-0.039111,-0.029432,-0.013041,FALSE,FALSE,-2.609925,-0.044385,-2.43112,20.741898,50.118821,7.913782,-0.728251,-0.242839,-13.31757,-34.795498,-31.335832,90.460527,-6.62139,16.964287,260.199945,12.957115,-2.819503,0.020648,27.224804,-2.293833,-100,0.41388,3734313,-38.620545,-71623019.938084,-0.077665,48.344749,-23.376884,-55.947871,0,-1.376749,-1.704423,-0.143695,-2.819503,-0.001153
10-29-25,10.98,11.13,10.93,11.02,388677,10.9705,11.6918,14.306225,-0.04401,-0.029648,-0.013058,FALSE,FALSE,-2.614425,-0.043377,-1.791529,19.429077,50.168087,44.432397,-0.608005,-0.098075,-13.703993,-33.893219,-30.844053,90.625005,-5.569834,16.972388,259.728498,12.9421,-2.659027,0.018586,27.296535,-2.36092,-100,1.866579,4122990,122.912545,-71661886.711405,-0.045918,54.802738,-22.185071,-53.239219,0,-1.461108,-1.809054,-0.136329,-2.659027,0.019059
10-30-25,11.13,11.23,11.05,11.23,177230,10.9525,11.6636,14.282725,-0.048361,-0.029853,-0.013076,FALSE,FALSE,-2.619125,-0.042337,-1.255571,18.247285,50.718469,0.484358,-0.490115,0.015852,-12.26563,-32.794733,-29.326625,92.351971,-3.106131,16.686809,259.401108,12.951461,-3.057201,0.021344,27.339019,-2.28044,-100,0.834338,4300220,89.70297,-71484656.711405,0.014697,55.192733,-21.420503,-52.557648,0,-1.425546,-1.766232,-0.146097,-3.057201,0.106977
10-31-25,11.1,11.26,11.09,11.17,186705,10.932,11.633,14.261775,-0.052083,-0.03005,-0.013095,FALSE,FALSE,-2.628775,-0.041615,-4.102776,17.161858,50.546692,0.427872,-0.396952,0.087212,-13.41085,-32.055963,-30.056356,91.93416,-3.540586,16.424735,259.040863,12.952475,-3.378187,0.023698,27.060234,-2.261481,-100,0.866402,4113515,49.118253,-71495639.604908,0.016089,48.808772,-23.227245,-52.164783,0,-1.438142,-1.783845,-0.153941,-3.378187,0.091877
11-03-25,11.07,11.24,11.07,11.17,157572,10.911,11.6004,14.24055,-0.055265,-0.030231,-0.013116,FALSE,FALSE,-2.64015,-0.040764,-2.732239,16.144868,50.546692,0.378605,-0.319437,0.131782,-16.20405,-30.012531,-32.751357,93.083334,-3.623814,16.232894,258.649306,12.952087,-3.426712,0.023411,27.105861,-2.264721,-100,0.736871,4113515,-17.364422,-71467832.15741,-0.004036,50.551398,-27.274422,-49.178783,0,-1.382804,-1.715004,-0.153005,-3.426712,0.100136
11-04-25,11.34,11.42,11.25,11.4,351912,10.906,11.5802,14.22195,-0.057737,-0.030389,-0.013138,FALSE,FALSE,-2.64175,-0.039761,-1.337795,15.282568,51.280278,0.56181,-0.236718,0.171601,-12.777354,-29.455447,-30.783242,94.999997,-0.869569,15.823935,258.539095,12.961769,-3.303699,0.024612,27.124408,-2.190935,-100,1.544734,4465427,385.952194,-71198724.838984,0.063221,60.364146,-20.041477,-47.137076,0,-1.422898,-1.764497,-0.156883,-3.303699,0.191073
11-05-25,11.43,11.43,11.22,11.32,157604,10.892,11.556,14.20295,-0.059549,-0.030524,-0.013161,FALSE,FALSE,-2.64695,-0.038699,-2.306081,14.466106,50.996913,0.450221,-0.175594,0.18618,-12.111804,-31.017673,-31.724971,94.569753,-2.413799,15.815877,258.219123,12.958972,-3.131996,0.023008,27.027988,-2.216979,-100,0.681744,4307823,74.471948,-71206230.677505,0.051188,53.778228,-18.836726,-50.16063,0,-1.411856,-1.749744,-0.151682,-3.131996,0.165751
11-06-25,11.34,11.62,11.34,11.59,226075,10.8985,11.5394,14.1853,-0.060485,-0.030641,-0.013186,TRUE,FALSE,-2.6459,-0.037604,-0.708039,13.805819,51.961727,1.415035,-0.104165,0.206087,-10.155035,-28.633003,-28.324056,98.3871,1.134381,15.475163,258.385936,12.970004,-3.183826,0.024495,26.919779,-2.12015,-100,0.947252,4533898,196.115106,-71028599.935358,0.102791,64.802796,-16.885305,-46.015491,0,-1.38699,-1.718774,-0.156509,-3.183826,0.267623
11-07-25,11.64,11.88,11.55,11.55,191550,10.899,11.523,14.169675,-0.060474,-0.030729,-0.013212,TRUE,FALSE,-2.646675,-0.036644,0.168067,13.331926,51.799014,0.518736,-0.050206,0.208037,-9.126671,-28.17164,-24.804685,97.222223,0.086657,15.559678,258.3991,12.970359,-3.196761,0.024668,26.918917,-2.1157,-100,0.794179,4342348,35.8713,-71220149.935358,0.051045,73.236787,-15.928661,-45.113801,0,-1.392437,-1.725629,-0.15706,-3.196761,0.251936
11-10-25,11.37,11.41,11.17,11.2,427450,10.851,11.5012,14.152975,-0.059771,-0.03082,-0.01324,FALSE,FALSE,-2.651775,-0.036242,-1.242751,12.651853,50.314366,-0.682547,-0.035279,0.178371,-12.363067,-30.477968,-25.925927,94.276092,-7.894737,16.22449,256.820212,12.969831,-3.085047,0.024072,26.93595,-2.174317,-100,1.840411,3914898,-29.480221,-71540738.284626,-0.146496,67.402913,-20.400635,-48.609723,0,-1.372341,-1.700275,-0.15515,-3.085047,0.135893
11-11-25,11.27,11.28,11.14,11.16,73364,10.818,11.4748,14.1357,-0.058259,-0.030916,-0.013269,FALSE,FALSE,-2.6609,-0.035704,-1.996674,12.000641,50.137502,-1.824225,-0.026372,0.149822,-10.648518,-25.896417,-25.674328,93.939392,-5.583755,16.193036,255.932064,12.967325,-3.039461,0.023449,26.914741,-2.195187,-100,0.328546,3841534,-70.950128,-71593141.57013,-0.139521,60.537189,-18.825891,-43.508822,0,-1.36885,-1.695737,-0.153131,-3.039461,0.133629
11-12-25,11.07,11.22,11.07,11.15,69198,10.7895,11.4448,14.11625,-0.055932,-0.03103,-0.013301,FALSE,FALSE,-2.67145,-0.035109,-1.463824,11.346863,50.090096,-1.708918,-0.019892,0.125042,-10.225446,-24.865232,-25.666669,93.855215,-4.863487,16.19795,255.191048,12.967122,-2.831583,0.021247,26.933059,-2.19705,-100,0.323644,3772336,-73.282419,-71588528.722088,-0.141447,63.201866,-19.426201,-43.596008,0,-1.340032,-1.658193,-0.145763,-2.831583,0.141267
11-13-25,11.25,11.56,11.22,11.53,196515,10.7725,11.425,14.09995,-0.052521,-0.031138,-0.013333,TRUE,FALSE,-2.67495,-0.033547,90.148552,10.972604,51.949315,1.634949,0.015726,0.128528,-7.016128,-22.252193,-23.642388,63.157847,-2.864365,8.79383,254.545803,12.978527,-2.800403,0.023564,3.33513,-2.151779,-100,0.932003,3968851,-23.130332,-71426693.617913,-0.126272,65.808538,-14.60015,-38.474606,0,-1.388296,-1.718443,-0.153507,-2.800403,0.297589
11-14-25,11.76,11.82,11.4,11.545,202410,10.76175,11.4097,14.083175,-0.047895,-0.031229,-0.013368,TRUE,FALSE,-2.673475,-0.031796,28.20512,10.805397,52.025288,1.887786,0.044649,0.125961,-7.491983,-21.622536,-23.390841,64.736831,-1.828233,2.137599,254.151906,12.977605,-2.797339,0.023527,3.095689,-2.158957,-100,1.001611,4171261,-46.419212,-71489343.916367,-0.086773,66.750635,-15.436985,-37.117069,0,-1.392132,-1.72328,-0.153384,-2.797339,0.308182
11-17-25,11.64,11.86,11.49,11.76,204863,10.77425,11.3971,14.068175,-0.04183,-0.031277,-0.013405,TRUE,FALSE,-2.671075,-0.029459,39.583344,10.679076,53.168224,3.078128,0.083952,0.132211,-5.769225,-18.89655,-22.935779,87.368431,2.172024,2.253401,254.600372,12.981907,-2.871363,0.025407,3.979198,-2.136335,-100,1.02653,4376124,-19.718867,-71395217.073734,-0.020541,70.845934,-12.834445,-33.133263,0,-1.428818,-1.769811,-0.159395,-2.871363,0.387175
11-18-25,11.88,12.09,11.77,11.93,357109,10.79575,11.3889,14.053175,-0.034155,-0.031279,-0.013443,TRUE,FALSE,-2.664275,-0.027446,43.961352,10.73544,54.099381,2.150065,0.127349,0.140486,-5.617089,-18.11942,-23.891546,84.615399,3.739133,2.299126,255.425717,12.987145,-2.915614,0.025621,4.820189,-2.043953,-100,1.712468,4733233,100.865652,-71395217.073734,-0.011132,70.824131,-12.663516,-31.995627,0,-1.398476,-1.73172,-0.160065,-2.915614,0.444063
11-19-25,11.93,11.98,11.69,11.86,264374,10.80675,11.3807,14.036725,-0.025062,-0.031229,-0.013484,TRUE,FALSE,-2.656025,-0.025318,32.642472,10.708854,53.626556,1.601268,0.154314,0.133961,-6.614175,-21.196017,-23.778925,77.450942,1.890028,2.360878,255.855441,12.983374,-2.856578,0.024398,4.560663,-2.076208,-100,1.313937,4468859,-35.662746,-71349635.16972,0.003572,62.894783,-14.076504,-36.953905,0,-1.369542,-1.69532,-0.156197,-2.856578,0.411658
11-20-25,11.51,12.23,11.39,12.22,652571,10.84275,11.3813,14.023175,-0.014386,-0.031105,-0.013527,TRUE,FALSE,-2.641875,-0.02275,47.08516,10.380741,55.767639,2.599416,0.2024,0.145638,-4.531249,-18.965515,-20.854918,99.137993,6.260872,2.682955,257.384183,12.997305,-2.974228,0.026751,6.223246,-1.994323,-100,2.901986,5121430,263.932497,-70712600.463159,0.172629,68.067292,-10.601405,-33.583157,0,-1.367495,-1.693015,-0.163558,-2.974228,0.535095
11-21-25,12.14,12.28,11.79,12,577259,11.44275,11.3815,14.009025,-0.003323,-0.030913,-0.013573,TRUE,FALSE,-2.627525,-0.020615,33.877511,10.122076,54.123073,0.023693,0.220218,0.130765,-3.303786,-21.363042,-22.380337,76.859527,,2.922619,35.854784,12.996344,-2.963496,0.026814,5.804024,-2.022926,-100,2.275061,4544171,,-70795065.713586,0.136741,75.464548,-9.159175,-36.893382,0,-1.377154,-1.705154,-0.16375,-2.963496,1.554186
11-24-25,11.88,11.88,11.59,11.62,247742,11.47125,11.3737,13.993475,0.006988,-0.03067,-0.013621,TRUE,FALSE,-2.619775,-0.019219,8.461538,9.662975,51.308556,-2.318001,0.201355,0.089521,-7.262569,-22.533334,-23.952879,45.45456,5.158368,3.116548,34.819041,12.99715,-2.89912,0.026648,5.673833,-2.074097,-100,0.954335,4296429,89.865346,-70991551.197562,0.120941,68.432826,-15.075881,-38.593611,0,-1.360992,-1.684895,-0.163242,-2.89912,0.427209
11-25-25,11.63,11.77,11.37,11.41,187957,11.49175,11.3639,13.975475,0.01633,-0.030379,-0.013672,TRUE,FALSE,-2.611575,-0.017807,3.296705,8.993066,49.768294,-5.999346,0.167529,0.044556,-8.132047,-22.222224,-24.810546,28.099185,3.727271,3.292851,33.061065,12.990241,-2.881885,0.026968,5.608585,-2.143496,-100,0.709521,4108472,129.925257,-71141916.887187,0.090806,67.860287,-16.317943,-38.618994,0,-1.394025,-1.726991,-0.164221,-2.881885,-0.24727
11-26-25,11.34,11.35,11.2,11.25,348681,11.50325,11.3503,13.957625,0.024588,-0.030057,-0.013725,FALSE,FALSE,-2.607325,-0.01631,-12.977091,8.521226,48.571898,-5.551175,0.126355,0.002706,-9.054162,-23.986487,-25.496691,14.876058,2.08711,3.28254,31.706011,12.983959,-2.831387,0.026405,5.835954,-2.200864,-100,1.326252,3759791,-10.290292,-71258143.887187,0.076784,60.367715,-17.628279,-41.237837,0,-1.412396,-1.750091,-0.162496,-2.831387,-0.798744
11-27-25,11.33,11.33,11.25,11.25,7768,11.50425,11.3357,13.939875,0.031775,-0.029705,-0.013781,FALSE,FALSE,-2.604175,-0.014956,-11.627902,8.083089,48.571898,-2.736658,0.092656,-0.024795,-8.462164,-23.521414,-24.648361,14.876058,0.178098,3.12381,31.618323,12.985652,-2.853231,0.026701,6.034215,-2.179639,-100,0.030531,3759791,-95.616995,-71265911.887187,0.042987,58.460971,-17.25802,-41.17072,0,-1.411623,-1.74917,-0.163404,-2.853231,-0.804122
11-28-25,11.25,11.25,11.14,11.21,60069,11.50625,11.3231,13.921475,0.037837,-0.029328,-0.013839,FALSE,FALSE,-2.598375,-0.013953,0.440538,7.812902,48.235696,-1.532597,0.062007,-0.044355,-10.176278,-24,-25.514951,11.570276,0.358102,2.962916,31.407717,12.986928,-2.86107,0.026682,6.026163,-2.152498,-100,0.242114,3699722,-67.826786,-71249529.52733,0.049599,64.442988,-18.759071,-42.231024,0,-1.401034,-1.735862,-0.163345,-2.86107,-0.943239
12-01-25,11.31,11.31,11.165,11.27,153537,11.51125,11.3137,13.904925,0.042776,-0.028917,-0.0139,FALSE,FALSE,-2.591225,-0.012654,4.803514,7.477217,48.808091,0.236193,0.042074,-0.05143,-10.909085,-22.808218,-24.96671,16.528988,0.895259,2.950311,30.920056,12.986578,-2.859142,0.027491,5.937765,-2.154891,-100,0.61935,3853259,-2.560734,-71180702.248082,0.057912,67.206653,-18.410835,-38.916241,0,-1.462727,-1.813101,-0.165805,-2.859142,-0.780236
12-02-25,11.22,11.28,11.14,11.2,136020,11.50125,11.3051,13.887925,0.04659,-0.028475,-0.013964,FALSE,FALSE,-2.582825,-0.011493,2.127665,7.200675,48.139289,-0.432609,0.020393,-0.058489,-10.543136,-22.330099,-24.629878,5.263114,-1.754384,2.962372,31.61441,12.986227,-2.856966,0.027421,5.895523,-2.159382,-100,0.573668,3717239,-61.348292,-71200134.20612,-0.000297,66.005196,-17.51988,-38.554697,0,-1.461085,-1.81105,-0.165593,-2.856966,-0.952889
12-03-25,11.22,11.26,11.105,11.14,78539,11.49225,11.2925,13.870975,0.049159,-0.028011,-0.014031,FALSE,FALSE,-2.578475,-0.010486,-19.211768,6.996235,47.538009,-0.697687,-0.001612,-0.064395,-9.504468,-22.799722,-24.805935,2.978791,-1.5901,2.814824,32.403902,12.986276,-2.842606,0.027202,6.169207,-2.158731,-100,0.336857,3638700,-50.166874,-71243203.325618,-0.007929,62.709592,-16.206566,-39.953757,0,-1.451061,-1.798416,-0.164932,-2.842606,-1.087059
12-04-25,11.14,11.21,11.12,11.12,83321,11.46875,11.2781,13.854325,0.050593,-0.027525,-0.0141,FALSE,FALSE,-2.576225,-0.009584,-20.884502,6.806399,47.325806,-1.482285,-0.020429,-0.06657,-10.250205,-23.731139,-24.966261,1.276625,-4.055222,2.607913,33.348199,12.987097,-2.73097,0.025765,6.455039,-2.14897,-100,0.368653,3555379,-63.144532,-71326524.325618,-0.065908,59.00476,-17.736959,-42.128528,0,-1.418156,-1.756225,-0.160515,-2.73097,-1.045784
12-05-25,11.06,11.12,11.01,11.09,128093,11.44575,11.2607,13.836825,0.050848,-0.027025,-0.014172,FALSE,FALSE,-2.576125,-0.00901,-36.216176,6.814372,46.987,-1.152289,-0.037333,-0.066779,-10.12966,-22.393281,-24.248635,6.299209,-3.982684,2.447507,34.330164,12.988484,-2.76712,0.026371,6.838363,-2.120815,-100,0.574815,3427286,-33.128165,-71268299.830876,-0.010804,54.260092,-17.186849,-39.737969,0,-1.451821,-1.798283,-0.162391,-2.76712,-1.03626
12-08-25,11.06,11.22,11.06,11.19,125356,11.44525,11.2479,13.817275,0.049516,-0.026503,-0.014247,FALSE,FALSE,-2.569375,-0.008189,-41.573036,6.625349,48.315251,0.777242,-0.042173,-0.057296,-8.801963,-21.638657,-23.877553,14.173183,-0.089288,2.317119,34.368548,12.990639,-2.776845,0.026648,7.171859,-2.105495,-100,0.603435,3552642,-70.673529,-71189953.451647,0.08443,50.572188,-15.089396,-38.682936,0,-1.443402,-1.787812,-0.163241,-2.776845,-0.742686
12-09-25,11.19,11.19,11.11,11.18,107103,11.44625,11.2359,13.797025,0.046784,-0.025954,-0.014323,FALSE,FALSE,-2.561125,-0.007526,-39.53484,6.449828,48.185244,0.859438,-0.046283,-0.049124,-8.285474,-20.765411,-23.633879,13.385838,0.179216,2.185024,34.283986,12.991931,-2.802455,0.026972,7.482598,-2.088454,-100,0.511416,3445539,45.988496,-71109624.286495,0.11544,57.051325,-14.442149,-37.637951,0,-1.446791,-1.79213,-0.16423,-2.802455,-0.776601
12-10-25,11.17,11.23,10.99,11.04,280798,11.44075,11.2233,13.775275,0.042579,-0.025387,-0.014402,FALSE,FALSE,-2.551975,-0.007,-78.666687,6.523401,46.306488,-0.680512,-0.060144,-0.050388,-7.923268,-22.198729,-25.405407,3.875984,-0.986544,1.824534,34.867524,12.989564,-2.74595,0.02614,6.302045,-2.119475,-100,1.27633,3164741,305.789185,-71273422.561932,0.071614,39.304405,-14.05362,-39.510163,0,-1.427631,-1.767964,-0.161678,-2.74595,-1.149351
12-11-25,11.1,11.2,10.99,11,86064,11.41425,11.2115,13.753275,0.036747,-0.024802,-0.014482,FALSE,FALSE,-2.541775,-0.006407,-75.757593,6.591719,45.757536,-2.557715,-0.073508,-0.051002,-8.40966,-21.930448,-26.22401,1.123621,-4.596702,1.649351,36.144186,12.987776,-2.718027,0.025728,3.740965,-2.135686,-100,0.401265,3078677,-56.20487,-71351289.804388,0.017578,19.262436,-15.577055,-39.5857,0,-1.425378,-1.765043,-0.160398,-2.718027,-1.146104
12-12-25,11.01,11.3,11.01,11.24,180780,11.399,11.2047,13.730075,0.029563,-0.024191,-0.014565,TRUE,FALSE,-2.525375,-0.005602,-32.203417,6.407029,49.616879,1.431635,-0.063997,-0.033192,-5.546217,-22.052707,-23.328787,32.051254,-2.641839,1.54423,36.206865,12.997436,-2.76257,0.026511,2.158896,-2.065897,-100,0.847141,3259457,-10.686231,-71245315.85463,0.057176,29.214469,-11.900125,-39.927593,0,-1.396425,-1.7286,-0.162821,-2.76257,-0.439144
12-15-25,11.12,11.3,11.115,11.26,348869,11.374,11.1981,13.709375,0.02126,-0.023544,-0.014649,TRUE,FALSE,-2.511275,-0.004901,-15.15148,6.235532,49.936553,3.630066,-0.054219,-0.018732,-5.616094,-20.367751,-23.944613,75,-4.251701,1.4051,35.297832,12.999214,-2.859475,0.027752,1.118357,-2.044803,-100,1.581452,3608326,70.293806,-71047308.638842,0.078855,43.54169,-12.171606,-37.763199,0,-1.422318,-1.761535,-0.166591,-2.859475,-0.322965
12-16-25,11.3,11.45,11.26,11.31,232011,11.343,11.1943,13.686325,0.011952,-0.022859,-0.014735,TRUE,FALSE,-2.492025,-0.004278,6.818229,5.899454,50.777376,5.01984,-0.041953,-0.005172,-5.592647,-21.349094,-23.838383,69.565353,-5.196981,1.386257,32.791365,13.001736,-2.880544,0.028521,1.394804,-2.016303,-100,1.082416,3840337,-35.030761,-71157207.850709,0.05552,57.768518,-11.274988,-38.15173,0,-1.457381,-1.805325,-0.168882,-2.880544,-0.100635
12-17-25,11.28,11.585,11.28,11.57,324558,11.3285,11.1937,13.662575,0.001788,-0.022123,-0.014822,TRUE,FALSE,-2.468875,-0.002973,28.070164,5.932471,55.008889,5.392011,-0.011123,0.020526,-2.280409,-19.596946,-21.452817,97.478935,-2.445194,1.494012,30.97584,13.006557,-2.867353,0.028026,3.386419,-1.993281,-100,1.493218,4164895,22.76472,-70864574.287147,0.111583,63.654243,-7.458703,-36.341073,0,-1.418564,-1.756141,-0.167411,-2.867353,0.779639
12-18-25,11.4,11.45,11.26,11.4,203215,11.2875,11.1925,13.639725,-0.009178,-0.021346,-0.014911,TRUE,FALSE,-2.447225,-0.001818,14.960603,5.904123,51.869095,1.932541,-0.000404,0.024996,-2.896083,-21.864294,-23.076924,68.907506,-6.710316,1.641604,22.938987,13.003336,-2.813219,0.027345,3.306132,-2.035771,-100,1.042732,3961680,-68.859327,-70768315.19452,-0.014294,59.896039,-7.843232,-39.752148,0,-1.413946,-1.750245,-0.165363,-2.813219,0.49043
12-19-25,11.36,11.36,11.19,11.22,145622,11.2485,11.1861,13.612975,-0.011896,-0.020541,-0.015001,TRUE,FALSE,-2.426875,-0.00073,-3.59714,5.663389,48.69953,-2.077847,-0.006359,0.015232,-3.525364,-22.460262,-28.761903,38.655528,-6.499998,1.70932,15.665157,12.998637,-2.751115,0.026522,3.332256,-2.089274,-100,0.840264,3816058,-74.773542,-70862540.041226,-0.019467,53.84064,-8.805007,-41.392933,0,-1.4148,-1.751194,-0.162856,-2.751115,-0.181931
12-22-25,11.11,11.13,11.06,11.06,30479,11.2205,11.1641,13.586475,-0.014272,-0.019719,-0.015092,FALSE,FALSE,-2.422375,-0.000083,-9.459433,5.472067,46.008243,-9.000646,-0.023717,-0.0017,-6.032286,-22.057782,-29.822333,11.76481,-4.819273,1.746964,13.535422,12.998442,-2.735718,0.026324,3.429476,-2.096207,-100,0.18763,3785579,-87.697282,-70893019.041226,0.030328,56.254471,-12.301951,-41.004318,0,-1.398706,-1.731125,-0.162248,-2.735718,-1.185775
12-23-25,11.08,11.09,10.97,10.97,72911,11.1985,11.1471,13.555125,-0.016262,-0.018888,-0.015185,FALSE,FALSE,-2.408025,0.000375,-11.258296,5.561763,44.517927,-7.351168,-0.044225,-0.017766,-7.347972,-20.908433,-28.812457,0,-3.856263,1.738507,13.865036,12.997888,-2.791974,0.027084,3.563091,-2.104257,-100,0.465321,3712668,-61.208681,-70965930.041226,0.056158,56.413059,-13.963639,-39.429803,0,-1.425843,-1.765475,-0.164573,-2.791974,-1.648029
12-24-25,10.97,10.97,10.895,10.91,40297,11.1815,11.1309,13.522125,-0.017872,-0.018073,-0.015279,FALSE,FALSE,-2.391225,0.000592,-13.548405,5.868006,43.50614,-5.19339,-0.064575,-0.030493,-8.779266,-21.397696,-28.247288,2.173826,-3.022224,1.738247,15.218663,12.998374,-2.798214,0.027211,3.733551,-2.096304,-100,0.285247,3672371,-88.443018,-70990108.856111,0.094866,57.477593,-15.566193,-40.699169,0,-1.43013,-1.770832,-0.164957,-2.798214,-1.783995
12-29-25,10.98,11.03,10.95,10.99,82012,11.1685,11.1133,13.490375,-0.019168,-0.017259,-0.015375,FALSE,FALSE,-2.377075,0.000848,-6.25003,5.932494,45.291512,-0.716731,-0.073401,-0.031455,-7.100593,-19.604977,-26.192078,13.768025,-2.311113,1.732094,15.705426,13.001542,-2.81556,0.02759,3.808544,-2.066922,-100,0.565667,3754383,955.76725,-70990108.856111,0.095116,62.19898,-13.708623,-37.880569,0,-1.423158,-1.762113,-0.166103,-2.81556,-1.136552
12-30-25,10.99,11.03,10.97,11.02,38775,11.159,11.0985,13.456375,-0.020063,-0.016436,-0.015473,FALSE,FALSE,-2.357875,0.001169,-11.111056,5.992375,45.980959,1.463032,-0.077086,-0.028113,-6.451607,-18.551362,-27.571473,18.115953,-1.694912,1.662561,16.012818,13.00237,-2.826861,0.027835,3.91773,-2.05948,-100,0.269424,3793158,-35.449233,-70964258.034354,0.099109,60.694315,-12.136479,-36.848875,0,-1.428486,-1.768821,-0.166838,-2.826861,-0.868052
12-31-25,11.01,11.185,11.01,11.18,51811,11.1545,11.0919,13.426875,-0.020421,-0.015598,-0.015571,TRUE,FALSE,-2.334975,0.0018,0,5.671443,49.626964,6.120824,-0.066332,-0.013886,-4.198798,-16.44245,-28.1491,41.304351,-0.798582,1.699463,15.809633,13.006692,-3.029111,0.030957,3.91773,-2.031018,-100,0.373193,3844969,-66.25504,-70915407.727462,0.095545,59.672012,-9.157479,-33.493733,0,-1.475892,-1.829853,-0.175945,-3.029111,0.161296
01-02-26,11.1,11.25,11.03,11.18,300078,11.1535,11.0855,13.398475,-0.020416,-0.014738,-0.015671,TRUE,FALSE,-2.312975,0.002301,9.090932,5.611229,49.626964,4.335452,-0.05715,-0.003764,-3.537531,-15.939849,-28.744419,41.304351,-0.178567,1.686685,15.785646,13.007961,-2.983759,0.030247,3.829013,-2.015026,-100,2.040867,3844969,120.613145,-70806287.390442,0.13393,73.020389,-8.865216,-33.551478,0,-1.441294,-1.786129,-0.173916,-2.983759,0.167875
01-05-26,11.07,11.07,10.955,11.01,117713,11.147,11.0729,13.367425,-0.020122,-0.01387,-0.015773,FALSE,FALSE,-2.294525,0.002711,0.598816,5.253523,45.816392,-0.164567,-0.062866,-0.007584,-4.922277,-16.082315,-30.228134,16.666644,-1.166967,1.72246,16.108506,13.003819,-2.898541,0.028907,3.821132,-2.064298,-100,0.790056,3727256,49.878404,-70811404.498117,0.144905,71.989568,-11.109677,-34.02233,0,-1.413107,-1.750548,-0.17002,-2.898541,-0.850481
01-06-26,10.98,10.99,10.86,10.87,133774,11.1345,11.0603,13.337475,-0.019858,-0.012986,-0.015876,FALSE,FALSE,-2.277175,0.002688,-23.566862,5.209672,42.89529,-6.731674,-0.077796,-0.018011,-6.212254,-18.085912,-29.300814,1.379341,-2.248201,1.646077,17.258021,13.003782,-2.886896,0.028761,4.078547,-2.065619,-100,0.882904,3593482,60.552562,-70924597.429797,0.132635,65.199703,-11.5321,-36.520333,0,-1.402508,-1.737292,-0.169591,-2.886896,-1.532622
01-07-26,10.89,10.95,10.81,10.95,88907,11.1275,11.2793,13.307475,-0.019556,-0.012102,-0.015981,FALSE,FALSE,-2.028175,0.002963,-19.018429,5.36438,45.051193,-4.575771,-0.082225,-0.017952,-4.78261,-17.669176,-28.007891,18.064446,-1.262402,1.604696,17.72561,13.0039,-2.867589,0.028786,4.262966,-2.06483,-100,0.59447,3682389,-30.591836,-70835690.429797,0.144631,55.638099,-9.110381,-35.238596,0,-1.418198,-1.756733,-0.169663,-2.867589,-1.001377
01-08-26,10.98,11.01,10.92,10.95,96543,11.1155,11.2773,13.277675,-0.018954,-0.011242,-0.016087,FALSE,FALSE,-2.000375,0.004322,-22.78485,5.233825,45.051193,-0.765199,-0.084758,-0.016388,-5.603453,-17.792792,-29.627252,18.064446,-2.14477,1.539465,18.088887,12.973006,-2.646294,0.023478,4.456824,-2.179318,-100,0.651807,3682389,-22.984939,-70867872.1118,0.108726,52.020872,-11.457214,-36.924833,0,-1.426031,-1.765825,-0.153226,-2.646294,-0.914928
01-09-26,10.95,10.95,10.78,10.81,104378,11.097,11.2735,13.250125,-0.018104,-0.010417,-0.016194,FALSE,FALSE,-1.976625,0.004943,-52.054744,5.680585,41.844882,-1.050408,-0.096945,-0.02286,-5.671899,-17.857139,-30.347937,4.477714,-3.30948,1.470199,19.249329,12.972441,-2.737198,0.023815,3.452235,-2.148462,-100,0.705353,3578011,-2.54428,-70935409.991031,0.058864,37.788451,-12.023908,-37.469126,0,-1.43032,-1.771519,-0.154322,-2.737198,-1.490959
01-12-26,10.89,10.92,10.76,10.78,50273,11.084,11.2687,13.222575,-0.017002,-0.009632,-0.016303,FALSE,FALSE,-1.953875,0.005401,-46.969665,6.174606,41.168712,-3.882482,-0.107782,-0.026957,-6.585791,-17.772692,-30.897439,3.333254,-2.355075,1.374901,20.492359,12.973312,-2.761992,0.024024,2.327066,-2.136724,-100,0.368426,3527738,-82.096382,-70973115.040682,0.11004,42.259722,-14.127932,-37.439853,0,-1.429942,-1.771121,-0.154996,-2.761992,-1.483481
01-13-26,10.75,10.9,10.75,10.83,203013,11.0755,11.2607,13.193425,-0.015903,-0.008894,-0.016412,FALSE,FALSE,-1.932725,0.006248,-32.773097,6.675158,42.826889,-2.224304,-0.111055,-0.024184,-10.9375,-17.892341,-32.291341,15.999985,-1.545455,1.32898,21.19949,12.97053,-2.745344,0.023239,2.195259,-2.153828,-100,1.426645,3730751,135.886085,-70959580.496489,0.137634,54.925731,-20.071352,-38.016474,0,-1.410335,-1.746508,-0.152442,-2.745344,-1.158047
01-14-26,10.91,11.07,10.9,10.94,495824,11.0605,11.2561,13.164225,-0.01475,-0.008204,-0.016522,FALSE,FALSE,-1.908125,0.007146,-10.526377,6.256872,46.405752,4.56087,-0.103579,-0.013367,-7.44501,-16.806084,-31.453637,37.999916,-2.669041,1.36785,21.034998,12.975028,-2.806799,0.023601,2.250785,-2.113474,-100,3.137071,4226575,174.269278,-71222075.882547,0.007352,67.733766,-14.978796,-36.157649,0,-1.331282,-1.648345,-0.153625,-2.806799,-0.572857
01-15-26,10.83,10.9,10.78,10.89,180561,11.042,11.2505,13.131375,-0.013747,-0.00757,-0.016634,FALSE,FALSE,-1.880875,0.007584,-7.272718,6.411619,45.026086,3.857374,-0.10053,-0.008254,-7.08191,-17.873302,-31.638417,28.000069,-3.285967,1.400367,20.813963,12.975914,-2.855418,0.023827,2.301004,-2.079303,-100,1.206654,4046014,-48.243897,-71071606.23009,-0.008119,64.128608,-14.116417,-38.383879,0,-1.328982,-1.645577,-0.154361,-2.855418,-0.730278
01-16-26,10.85,10.95,10.84,10.9,73178,11.0215,11.2405,13.099475,-0.013027,-0.006976,-0.016745,FALSE,FALSE,-1.858975,0.008057,-0.952403,6.297738,45.375851,2.548962,-0.096197,-0.003137,-8.171864,-17.361638,-29.036459,29.999924,-3.625117,1.422018,20.040155,12.976307,-3.016639,0.02457,2.307824,-2.075596,-100,0.516443,4119192,-68.459254,-71064954.146045,0.032553,66.699786,-15.853957,-37.10075,0,-1.242263,-1.538738,-0.156748,-3.016639,-0.606285
01-19-26,11.2,11.2,11.05,11.1,54191,10.998,11.2361,13.069375,-0.012389,-0.006418,-0.016858,FALSE,FALSE,-1.833275,0.009127,9.401761,6.640971,51.959619,5.553867,-0.075753,0.013846,-5.612243,-14.811968,-27.992213,70.000076,-4.062224,1.512226,15.514345,12.978889,-3.046318,0.025045,2.270754,-2.062596,-100,0.42278,4173383,-83.303138,-71083017.58302,-0.085211,66.243353,-14.181759,-33.329373,0,-1.240261,-1.536327,-0.158257,-3.046318,0.657458
01-20-26,11.25,11.38,11.13,11.36,148797,10.996,11.2315,13.041725,-0.011929,-0.005882,-0.01697,TRUE,FALSE,-1.810225,0.010417,24.28568,7.628713,58.895538,13.869452,-0.03813,0.041174,-1.30322,-12.950195,-24.867727,96.825325,-0.350877,1.615946,14.985614,12.98912,-3.039532,0.026891,3.614133,-1.988762,-100,1.186041,4322180,-26.778535,-70958028.647931,-0.075609,68.077825,-7.268754,-30.240836,0,-1.284543,-1.591433,-0.163983,-3.039532,2.428994
01-21-26,11.31,11.33,11,11.1,501951,10.99,11.2225,13.004575,-0.011732,-0.005377,-0.017082,FALSE,FALSE,-1.782075,-0.008204,-5.333335,7.894152,50.970503,5.594652,-0.028961,0.040275,-3.478258,-14.681013,-26.587299,55.555606,-1.069518,1.772844,14.264426,1.398152,-1.521239,0.578531,3.640987,0.014095,-100,3.503451,3820229,244.694483,-71155765.689846,-0.102331,53.859892,-11.296362,-32.473267,0,0.175616,3.071332,-0.760612,-1.521239,0.771151
01-22-26,10.94,11.04,10.91,10.98,271767,10.986,11.2181,12.955725,-0.011646,-0.004907,-0.017194,FALSE,FALSE,-1.737625,-0.008909,-12.345734,7.715521,47.775159,-4.18446,-0.031019,0.030574,-5.67011,-15.473443,-27.380955,36.507857,-0.723335,1.772703,14.169654,1.405324,-1.525961,0.576471,3.725145,-0.189509,-100,1.749524,3548462,791.653269,-71134862.069592,-0.077844,42.489791,-13.467254,-33.330141,0,0.163869,2.84432,-0.759257,-1.525961,-0.042347
01-23-26,11.04,11.04,10.925,10.97,58504,10.986,11.2143,12.906475,-0.011555,-0.004484,-0.017307,FALSE,FALSE,-1.692175,-0.009711,-2.739727,7.54965,47.507899,-11.387639,-0.033076,0.022813,-4.608693,-14.296874,-25.247018,34.920671,0,1.702695,14.169654,1.40413,-1.540483,0.585598,3.747071,-0.121569,-100,0.378379,3489958,-19.759707,-71147580.161708,-0.058742,45.890318,-12.048183,-32.299314,0,0.185964,3.26596,-0.765244,-1.540483,-0.112916
01-26-26,10.97,10.97,10.83,10.88,62746,10.9845,11.2089,12.853525,-0.011434,-0.004121,-0.017419,FALSE,FALSE,-1.644625,-0.010626,0.709237,7.087499,45.064335,-5.906169,-0.04149,0.01152,,-14.866977,-25.171938,20.634935,-0.274975,1.710214,14.269866,1.407949,-1.60951,0.603287,3.7399,-0.309576,-100,0.40289,3427212,55.708862,-71165507.52922,-0.056311,47.24437,,-32.939285,0,0.205204,3.673337,-0.776715,-1.60951,-0.732312
01-27-26,10.86,10.86,10.75,10.77,45431,10.9735,11.1937,12.819875,-0.011379,-0.003821,-0.017531,FALSE,FALSE,-1.626175,-0.011357,-12.499975,7.031138,42.206913,-5.568246,-0.056384,-0.0027,-2.533934,-15.130017,-26.308583,3.174675,-2.001814,1.72105,15.051754,1.39088,-1.590722,0.606073,3.870806,-0.868183,-100,0.295178,3381781,-44.604448,-71194417.735899,-0.066373,48.121423,-9.091667,-32.413489,0,0.146179,2.658204,-0.778507,-1.590722,-1.351999
01-28-26,10.71,10.83,10.71,10.77,74485,10.961,11.1782,12.780425,-0.011359,-0.003572,-0.017643,FALSE,FALSE,-1.602225,-0.012164,-12.499975,7.163687,42.206913,-5.300986,-0.067411,-0.010981,-2.090905,-15.130017,-28.390954,8.955285,-2.268602,1.740946,15.670621,1.389503,-1.589384,0.605726,3.997428,-0.767312,-100,0.478399,3381781,92.095422,-71194417.143945,-0.073913,44.461801,-9.052986,-32.851749,0,0.149455,2.719267,-0.778284,-1.589384,-1.218839
01-29-26,10.74,11.1,10.74,10.81,275808,10.9425,11.1592,12.744275,-0.011377,-0.003376,-0.017755,FALSE,FALSE,-1.585075,-0.012883,0,7.317832,43.712112,-1.352223,-0.072091,-0.012529,-1.905626,-15.348473,-26.910071,14.925428,-3.30948,1.86005,15.123608,1.390562,-1.590086,0.606289,3.997428,-0.696062,-100,1.652573,3657589,432.334832,-71362965.665455,-0.134083,52.378122,-9.967663,-32.575335,0,0.150016,2.729347,-0.778645,-1.590086,-0.876111
01-30-26,10.88,11.03,10.855,10.93,105827,10.93,11.1392,12.710325,-0.011271,-0.003224,-0.017867,FALSE,FALSE,-1.571125,-0.012996,10.489569,7.460966,48.080809,5.873896,-0.065364,-0.004641,-2.671409,-14.609374,-26.644291,32.835857,-2.236136,1.878839,14.052525,1.371489,-1.305002,0.511455,3.891128,-0.888815,-100,0.67327,3763416,-64.733503,-71378082.98444,-0.181888,55.361108,-7.571527,-29.112965,0,0.070646,1.16988,-0.715161,-1.305002,0.000002
02-02-26,11.01,11.01,10.74,10.79,96221,10.919,11.1178,12.675225,-0.011088,-0.003119,-0.017979,FALSE,FALSE,-1.557425,-0.013448,-2.631581,6.998063,43.808808,1.601895,-0.070516,-0.007835,-3.401971,-16.356587,-26.89702,11.940286,-1.998186,1.982656,14.252969,1.378098,-1.326351,0.519405,3.922298,-0.995737,-100,0.616371,3838514,-18.257966,-25629072.87209,-0.200905,49.560862,-8.958985,-32.275495,18.121295,0.060076,0.998235,-0.720697,-1.326351,-0.905075
02-03-26,10.9796,10.9796,10.9796,10.9796,,10.92448,11.092992,12.637273,-0.010682,-0.003046,-0.01809,FALSE,FALSE,-1.544281,-0.013102,2.475645,6.568225,50.254995,6.542883,-0.058624,0.003245,-1.704567,-17.632408,-26.459479,40.238789,1.00828,1.915631,14.265348,1.361414,-1.287376,0.489601,3.899869,-1.12998,-100,0,3838514,-100,-25629072.87209,-0.172021,36.763487,-7.299635,-34.917243,18.408604,0.066089,1.078667,-0.699715,-1.287376,0.38639
02-04-26,10.99,11.22,10.94,11.09,243370,10.93148,11.074792,12.600073,-0.00997,-0.002988,-0.0182,TRUE,FALSE,-1.525281,-0.012609,12.048189,7.273217,53.59334,5.512532,-0.039833,0.01763,-2.719294,-15.149193,-26.798677,56.716429,1.278542,1.973851,14.73299,1.368123,-1.266346,0.471749,3.79339,-0.863247,-100,1.548713,4081884,173.735476,-25611688.945414,-0.186324,47.705508,-10.51516,-30.775485,18.492291,0.096353,1.538221,-0.68684,-1.266346,1.075953
02-05-26,11.25,11.42,11.18,11.37,401625,10.95248,11.069792,12.559923,-0.008853,-0.00293,-0.018309,TRUE,FALSE,-1.490131,-0.012224,24.352354,8.660227,60.781884,16.973076,-0.00232,0.044114,0.441698,-11.723604,-23.84461,92.95772,3.835617,2.063451,17.704483,1.351469,-1.24651,0.474351,3.711025,0.213629,-100,2.329645,4475225,316.006339,-25442613.691963,-0.092556,55.270416,-4.9302,-24.18168,19.836833,0.13519,2.190237,-0.688731,-1.24651,2.358272
02-06-26,11.28,11.28,10.89,10.94,183646,10.95898,11.060392,12.522423,-0.00769,-0.00289,-0.018418,FALSE,FALSE,-1.462031,-0.012622,-7.407448,8.493066,48.386031,-1.868965,-0.007205,0.031383,-5.608288,-15.193799,-26.230616,32.3943,1.202582,2.262079,17.389696,1.437834,-1.326005,0.489692,3.793486,-0.429388,-100,1.041308,4291579,75.943206,-25579171.618838,-0.110044,50.189166,-13.069284,-29.887211,18.862313,0.100582,1.554511,-0.69978,-1.326005,-0.109148
02-09-26,11.01,11.01,10.79,10.82,237513,10.96098,11.051792,12.487273,-0.006496,-0.002874,-0.018525,FALSE,FALSE,-1.435481,-0.013221,-26.732678,7.909927,45.591657,-8.001683,-0.020523,0.014452,-6.320351,-14.870184,-26.544467,15.492909,0.371057,2.247558,17.194927,1.444489,-1.333455,0.504268,4.007664,-0.611905,-100,1.278857,3854235,372.446442,-25596105.001304,-0.14085,42.639528,-15.39946,-31.368843,18.298349,0.092568,1.444853,-0.710118,-1.333455,-0.819895
02-10-26,10.8,10.91,10.77,10.9,94438,10.96448,11.044792,12.456223,-0.005202,-0.002882,-0.018631,FALSE,FALSE,-1.411431,-0.013026,-10.869606,7.407352,47.757763,-13.024121,-0.024341,0.008507,-2.678573,-14.710486,-27.381749,26.760503,0.64635,2.086894,16.984239,1.375986,-1.241362,0.438863,4.108419,-1.155508,-100,0.5238,4245551,-53.481797,-25574567.560936,-0.126396,50.863027,-11.252949,-32.011601,18.681886,0.09163,1.411207,-0.662468,-1.241362,-0.379648
02-11-26,10.8,10.985,10.75,10.91,122392,10.96298,11.038792,12.426373,-0.003998,-0.002906,-0.018736,FALSE,FALSE,-1.387581,-0.012755,-4.046226,7.148631,48.036259,-0.349771,-0.026258,0.005272,-2.240143,-12.65012,-26.383265,28.168986,-0.274221,2.114443,17.020206,1.375894,-1.239155,0.439291,4.148235,-1.16296,-100,0.757271,4115873,-75.315435,-25439417.197847,-0.046097,60.719571,-10.024738,-29.248662,18.264182,0.079232,1.220806,-0.66279,-1.239155,-0.311278
02-12-26,10.83,11.27,10.815,11.25,263995,10.98098,11.038392,12.398273,-0.002683,-0.002928,-0.018839,TRUE,FALSE,-1.359881,-0.011526,13.592217,8.000892,56.522514,10.930857,-0.000338,0.024954,0.896864,-9.42029,-23.986487,76.056329,3.305782,2.266413,18.078491,1.414949,-1.264726,0.468624,4.050109,-0.896357,-100,1.592305,4773537,46.208207,-25334361.320429,-0.017699,64.419454,-3.716155,-23.658496,20.377294,0.083938,1.291867,-0.684561,-1.264726,1.488067
02-13-26,11.22,11.375,11.09,11.24,347359,10.99798,11.039192,12.371123,-0.001358,-0.002942,-0.018941,TRUE,FALSE,-1.331931,-0.009998,18.181796,9.135203,56.231635,8.473873,0.019176,0.035574,-2.515178,-9.354838,-24.513099,74.647846,3.119268,2.360575,18.85867,1.401,-1.188198,0.445823,3.894888,-1.195062,-100,1.935112,3990801,374.676815,-25026756.805718,-0.013108,71.05942,-10.65264,-25.693469,20.069327,0.081838,1.245638,-0.6677,-1.188198,1.283334
02-17-26,11.28,11.44,11.14,11.23,678096,11.00448,11.040992,12.343723,-0.000274,-0.002957,-0.019041,TRUE,FALSE,-1.302731,-0.008566,24.468023,10.395361,55.921711,7.885452,0.033448,0.039877,-2.728458,-10.016026,-22.976683,71.232853,1.171164,2.470805,19.443763,1.399479,-1.182809,0.442228,3.645458,-1.102252,-100,3.218323,3489321,1151.307413,-25681128.456309,-0.071248,78.438309,-10.222386,-26.050348,20.393052,0.070885,1.076612,-0.665002,-1.182809,1.159856
02-18-26,11.16,11.19,11.01,11.07,167549,10.98998,11.039992,12.316873,0.00056,-0.002985,-0.019139,TRUE,FALSE,-1.276881,-0.006751,14.705838,10.879613,51.071631,-5.450883,0.031486,0.030332,-5.867351,-11.298076,-24.178086,47.142859,-2.552817,2.571041,17.65171,1.348654,-1.123089,0.438562,3.434757,-2.018774,-100,0.791684,4048710,12.602405,-25286429.305134,-0.113657,76.121622,-15.838882,-29.039338,20.776607,0.030966,0.48644,-0.66224,-1.123089,0.453326
02-19-26,11.18,11.24,11.1,11.16,100628,10.99298,11.041392,12.292873,0.001352,-0.003031,-0.019235,TRUE,FALSE,-1.251481,-0.005098,16.746375,11.509234,53.513935,-2.717701,0.036769,0.028492,-6.454321,-11.708864,-23.193393,60.000027,0.540536,2.428699,17.897805,1.336785,-1.097769,0.423886,3.210686,-1.519469,-100,0.525281,4149338,-79.952625,-25300805.125407,-0.077704,74.79773,-17.017225,-30.062503,20.852055,0.065361,1.022601,-0.651065,-1.097769,0.933186
02-20-26,11.22,11.24,10.99,11.02,315631,10.99498,11.037992,12.267173,0.002105,-0.003094,-0.01933,FALSE,FALSE,-1.229181,-0.004272,4.265409,11.519142,49.384443,-6.537268,0.029321,0.016835,-7.082624,-13.228342,-23.73702,40.000109,0.364307,2.478999,17.904885,1.284499,-1.049974,0.40928,3.148914,-1.187456,-100,1.628952,4306713,16.140297,-25290340.26851,-0.144118,66.766694,-17.557331,-31.947034,20.820438,0.078011,1.254383,-0.63975,-1.049974,0.139741
02-23-26,11.02,11.28,10.99,11.24,207103,11.00848,11.039192,12.241323,0.003037,-0.003164,-0.019423,TRUE,FALSE,-1.202131,-0.003407,20.54794,11.690218,55.230843,4.159211,0.040701,0.022572,-8.019644,-12.187503,-22.960935,71.014503,2.461253,2.443187,18.706557,1.29166,-1.049837,0.397122,2.854882,-0.401769,-100,1.029374,4192025,253.998017,-24710877.661148,-0.098365,70.676763,-19.02841,-29.934674,21.288812,0.116838,1.849367,-0.630176,-1.049837,1.23764
02-24-26,11.24,11.3,11.04,11.07,166083,11.01798,11.039792,12.215473,0.004047,-0.003244,-0.019515,TRUE,FALSE,-1.175681,-0.003083,4.16512,11.932846,50.387555,-3.126379,0.035592,0.013971,-7.750003,-10.797745,-26.688746,46.376796,1.74632,2.526132,18.501062,1.29374,-1.021293,0.370891,2.793834,-0.423655,-100,0.804822,4025942,164.690976,-24838634.189879,-0.122513,67.353234,-17.765612,-27.255196,21.005089,0.094906,1.468193,-0.609009,-1.021293,0.281172
02-25-26,11.01,11.01,10.87,10.88,136222,11.02348,11.037392,12.189473,0.004912,-0.003341,-0.019605,FALSE,FALSE,-1.152081,-0.003061,-9.333339,11.246656,45.577027,-3.807416,0.016027,-0.004475,-6.368329,-13.168393,-28.562046,18.840608,1.021352,2.517725,17.878085,1.312164,-1.038101,0.375295,2.949396,-0.763778,-100,0.645909,3507916,199.843719,-25133273.067295,-0.140704,62.415282,-15.757798,-31.104803,19.797452,0.077547,1.186965,-0.612613,-1.038101,-0.802546
02-26-26,10.89,11.15,10.89,11.02,168513,11.03598,11.032992,12.164023,0.005683,-0.003449,-0.019694,FALSE,FALSE,-1.131031,-0.002856,-16.587653,11.234118,49.409668,-5.821174,0.011684,-0.007055,-3.418049,-11.272139,-28.39506,39.130525,2.321263,2.446848,16.857366,1.322711,-0.998966,0.345936,2.171225,-0.429183,-100,0.781597,3367595,126.237497,-25492616.8864,-0.137636,59.561125,-12.510936,-29.295256,19.575719,0.107514,1.595474,-0.588163,-0.998966,-0.094792
02-27-26,11.19,11.25,11.1,11.1,188592,11.05048,11.029792,12.144223,0.006256,-0.003563,-0.019782,TRUE,FALSE,-1.114431,-0.002408,9.090958,11.631763,51.511045,1.123489,0.01453,-0.003367,-1.33333,-10.266771,-27.922074,50.724724,2.682701,2.268338,16.038627,1.324296,-1.013449,0.349996,2.073364,-0.390568,-100,0.892785,4099334,-31.621998,-25769446.120231,-0.145221,65.355678,-8.884169,-27.039144,20.747279,0.117379,1.745209,-0.591605,-1.013449,0.308757
03-02-26,11.37,11.37,11.045,11.08,357945,11.05798,11.025192,12.125423,0.006576,-0.003682,-0.019869,TRUE,FALSE,-1.100231,-0.002102,15.662666,12.45781,50.94135,5.364323,0.014999,-0.002319,-1.511112,-9.845403,-30.226701,47.826105,1.372366,2.340122,15.794444,1.322107,-1.009889,0.351672,1.848895,-0.302975,-100,1.599068,4042120,238.235989,-25542189.444468,-0.196399,73.676901,-9.725559,-27.578237,21.203795,0.136108,2.02964,-0.593019,-1.009889,0.139416
03-03-26,11.46,11.64,11.23,11.32,1304285,11.08448,11.020192,12.107873,0.006909,-0.003798,-0.019955,TRUE,FALSE,-1.087681,-0.001497,23.076931,14.086214,57.076092,7.666424,0.03434,0.013618,0.981264,-9.294871,-26.493507,64.044885,4.911953,2.555526,15.505154,1.3496,-1.018316,0.378286,2.143281,0.232851,-100,4.588526,5013626,1255.509712,-26151342.533446,-0.27271,82.873724,-4.898554,-24.262134,22.030503,0.145566,2.1715,-0.61505,-1.018316,1.518977
03-04-26,11.25,11.31,11.09,11.14,200804,11.0925,11.014992,12.089923,0.007195,-0.003912,-0.02004,TRUE,FALSE,-1.074931,-0.001231,11.557821,14.81954,51.840184,0.329139,0.034743,0.011217,-1.153506,-11.936754,-30.025124,39.393995,1.460895,2.593612,15.348151,1.365603,-1.050595,0.385879,1.958887,-0.043163,-100,0.682335,5214517,,-25288953.772607,-0.282015,78.831884,-8.588284,-27.431021,22.204355,0.116218,1.723934,-0.621192,-1.050595,0.309486
03-05-26,11.25,11.45,11.14,11.27,333435,11.1015,11.015992,12.073773,0.007466,-0.004022,-0.020123,TRUE,FALSE,-1.057781,-0.000805,1.123622,15.932079,55.047551,4.106201,0.045034,0.017206,0.625006,-9.984025,-30.943623,51.948095,1.623087,2.471794,15.852197,1.373151,-1.070889,0.400055,1.955469,0.233903,-100,1.115941,5547952,37.007437,-25342732.88335,-0.289673,79.166491,-6.005427,-24.053791,22.632921,0.137991,2.059576,-0.632499,-1.070889,1.062947
03-06-26,11.55,11.65,11.45,11.57,473318,11.1115,11.026192,12.058773,0.007957,-0.004146,-0.020205,TRUE,FALSE,-1.032581,0.000274,15.942042,17.509247,61.4311,4.355007,0.076515,0.038949,3.859958,-6.011379,-27.551662,89.743596,1.759013,2.466352,18.105755,1.41026,-1.102427,0.425747,3.845978,0.557978,-100,1.565322,6021270,17.850731,-25248069.28335,-0.309326,79.7704,-0.71011,-17.589835,23.605966,0.152172,2.260395,-0.652493,-1.102427,2.532343
03-09-26,11.76,11.91,11.33,11.38,647708,11.1335,11.034392,12.040423,0.008625,-0.00428,-0.020285,TRUE,FALSE,-1.006031,0.001002,6.666701,19.562006,56.006537,4.166353,0.08515,0.038068,2.338132,-8.151737,-31.321664,49.038485,4.021943,2.683277,18.579202,1.427294,-1.112057,0.423792,3.790428,0.263476,-100,1.989395,5078018,252.69377,-25814909.949649,-0.348629,65.841144,-1.519561,-19.784999,22.423828,0.13155,1.927471,-0.650993,-1.112057,1.326753
