Date,Open,High,Low,Close,Volume,SMA20,SMA50,SMA200,SMA20_Slp,SMA50_Slp,SMA200_Slp,>MA50,>MA200,GoldenX,LinReg_Slp,Chande,ADX14,RSI14,RSI_D3,MACD_Line,MACD_Hist,RET_3M_pct,RET_6M_pct,RET_12M_pct,StochK14,ROC20_pct,ATR_pct,StdDev20,Vol60,Beta60,R2_60,Ulcer14,Sharpe60,MaxDD_6M_pct,Vol_vs_Avg,OBV,VolROC20,AD_Line,CMF20,MFI14,RS_3M,RS_6M,RS_Bench,Alpha60,InfoRatio,Corr60,Beta,ZScore
12-13-23,235.610001,242.809998,233.75,239.289688,602300,225.39228,216.849926,225.723172,0.890624,-0.356894,0.056271,TRUE,TRUE,-8.873246,0.189956,63.786676,38.42289,74.94446,8.866847,4.971118,1.067554,3.266983,1.432163,10.258085,82.112242,8.391749,2.394249,557.994555,1.405912,0.001798,0.000277,5.32489,0.964211,-19.506696,1.059958,-10239900,-45.160703,-636148258.452297,-2.087512,68.148487,1.57574,-3.688471,0,0.086124,0.969155,0.016632,0.001798,2.490599
12-14-23,247.059998,250.130005,245.929993,245.106812,1391900,226.599573,217.454707,225.801515,0.91427,-0.336498,0.055816,TRUE,TRUE,-8.346809,0.246967,68.59712,40.88345,78.943101,12.01174,5.871738,1.57454,7.146874,3.064033,11.578015,81.39558,10.927659,2.50442,700.171043,1.42964,0.002546,0.000536,7.015711,1.58703,-19.506696,2.315684,-8848000,89.37415,-638085769.174108,-1.994773,72.840854,4.876313,-2.685885,0,0.14584,1.613014,0.023148,0.002546,2.643245
12-15-23,249.350006,249.970001,245.539993,243.558884,774700,227.895602,218.030697,225.868737,0.935676,-0.314899,0.055373,TRUE,TRUE,-7.83804,0.293858,63.473387,43.018961,75.490639,7.698095,6.386957,1.671807,6.971734,3.134294,11.520402,75.662514,11.909942,2.571157,762.673559,1.412878,0.002423,0.000497,6.54721,1.804026,-19.506696,1.283689,-9622700,6.663913,-639553364.376382,-1.981207,69.366746,5.406385,-1.557115,0,0.163539,1.830098,0.022291,0.002423,2.053733
12-18-23,247.360001,249.149994,246.080002,243.608185,732000,229.053106,218.556208,225.918313,0.95589,-0.292055,0.054947,TRUE,TRUE,-7.362104,0.338658,70.216584,45.001935,75.527349,0.58289,6.721766,1.605292,7.555797,3.487167,14.778795,74.692204,10.500893,2.628638,817.553331,1.411994,0.002452,0.000509,5.979116,1.853285,-19.506696,1.189277,-8890700,48.810734,-641464110.130501,-1.990714,67.13008,4.140126,-2.964373,0,0.167911,1.880151,0.022569,0.002452,1.780322
12-19-23,248.880005,251.910004,248.880005,248.044952,532100,230.348643,219.154285,226.006102,0.978762,-0.268017,0.054534,TRUE,TRUE,-6.851817,0.39048,72.832051,47.031685,78.629505,-0.313596,7.261409,1.715948,10.644256,5.460107,17.575283,85.970777,11.664451,2.592792,902.977076,1.427757,0.002868,0.000682,6.364427,2.117246,-19.506696,0.872317,-8358600,-17.169988,-642289498.321301,-1.98533,67.157646,6.176671,-2.289441,0,0.194559,2.154012,0.026111,0.002868,1.959774
12-20-23,250.360001,252.910004,245.240005,242.543411,587400,231.503684,219.591259,226.077413,0.997544,-0.243307,0.054138,TRUE,TRUE,-6.486154,0.427734,48.908514,47.508702,67.246551,-8.244088,7.162585,1.2937,10.049803,3.715463,16.9292,63.689698,10.52705,2.728699,903.876512,1.452546,0.00281,0.000632,5.777555,1.872995,-19.506696,0.949494,-8946000,41.815548,-643289930.872464,-1.905088,65.479929,4.494122,-3.456973,0,0.175097,1.905449,0.02514,0.00281,1.221376
12-21-23,248.940002,250.300003,247.460007,247.257309,662500,232.815546,220.147553,226.172441,1.018352,-0.217737,0.053761,TRUE,TRUE,-6.024888,0.475068,47.443567,47.951647,71.106253,-4.421096,7.379572,1.20855,12.454743,7.490527,18.32926,75.497647,11.870978,2.628527,933.622543,1.466502,0.003155,0.000782,5.381312,2.024774,-19.506696,1.062065,-8283500,18.366982,-644046999.488748,-1.827426,66.035625,5.883541,-1.372462,0,0.19151,2.063973,0.027963,0.003155,1.546852
12-22-23,251.5,253.990005,251.039993,249.757553,671500,234.180939,220.85718,226.308451,1.042678,-0.191099,0.053404,TRUE,TRUE,-5.451271,0.528714,47.699254,48.752669,72.928456,-5.701049,7.664928,1.195125,13.267462,8.768229,17.426606,82.474324,12.275964,2.631842,972.904507,1.466666,0.003126,0.000767,5.566027,2.027746,-19.506696,1.033435,-7612000,342.649967,-645302333.401395,-1.827244,66.363637,6.370025,0.379167,0,0.191787,2.066697,0.027701,0.003126,1.601042
12-26-23,253.690002,256.579987,253.240005,252.959488,571500,235.732063,221.670284,226.495766,1.073803,-0.163331,0.053069,TRUE,TRUE,-4.825482,0.583539,62.108097,49.735075,75.094663,7.848112,8.056573,1.269416,15.96664,8.622009,20.740877,86.460359,13.978054,2.729335,1013.859873,1.468533,-0.003728,0.002135,6.022148,2.37828,-19.506696,0.86692,-7040500,49.450837,-645969831.427792,-1.78879,72.228419,115.96664,108.622009,,0.207815,2.237518,-0.046205,-0.003728,1.699192
12-27-23,256.440002,258.109985,255.600006,254.540634,578200,237.429286,222.44343,226.701085,1.111389,-0.134442,0.052761,TRUE,TRUE,-4.257655,0.634633,65.739089,50.779791,76.111205,5.004953,8.397736,1.288463,15.532206,8.585256,21.211957,87.374062,15.387608,2.65936,1031.117939,1.456913,-0.003617,0.002042,5.86394,2.731126,-19.506696,0.870482,-6462300,20.911752,-647036106.268212,-1.744212,71.509958,5.964428,0.713942,0,0.232804,2.505575,-0.045191,-0.003617,1.659495
12-28-23,256.880005,257.940002,255.589996,253.265808,339800,238.998683,223.146909,226.877285,1.15179,-0.104569,0.052475,TRUE,TRUE,-3.730375,0.675259,59.517151,51.745793,73.506131,0.577675,8.467633,1.086687,13.822794,6.866176,21.73017,81.931442,14.146494,2.634595,1020.778003,1.43709,-0.003487,0.001951,5.2051,2.99337,-19.506696,0.521062,-6802100,-41.59505,-648048039.979010,-1.747442,73.589078,5.551036,-0.102129,0,0.254298,2.77423,-0.044173,-0.003487,1.397672
12-29-23,256.130005,256.549988,252.220001,249.253555,551800,240.32803,223.864597,227.053325,1.190696,-0.073943,0.052204,TRUE,TRUE,-3.188728,0.707674,43.165087,51.32655,65.865147,-9.229517,8.105832,0.579909,12.784219,4.393037,21.583562,65.296106,11.940248,2.62311,968.683105,1.457178,-0.003797,0.002251,4.58666,2.6386,-19.506696,0.835447,-7353900,43.436444,-649355909.233688,-1.728053,67.204749,4.090031,-1.520642,0,0.223509,2.405563,-0.047448,-0.003797,0.921408
01-02-24,249.940002,253.070007,248.369995,246.911453,695800,241.247937,224.601502,227.202018,1.22298,-0.04267,0.051942,TRUE,TRUE,-2.600515,0.734155,34.796887,49.673815,61.825044,-14.286161,7.543161,0.013791,13.096853,3.314202,17.16321,56.118586,8.05123,2.654495,937.43456,1.464871,-0.003924,0.002379,3.961814,2.464146,-19.506696,1.042178,-8049700,25.89108,-650483560.636844,-1.797073,59.023282,2.738851,,0,0.207701,2.224084,-0.048778,-0.003924,0.604151
01-03-24,246.830002,247.580002,242.190002,239.904831,552400,241.702158,225.253488,227.339893,1.239315,-0.011177,0.051684,TRUE,TRUE,-2.086405,0.751724,15.475562,46.552473,51.623386,-21.882745,6.457428,-0.857554,11.811356,1.735338,14.066675,25.266152,3.935705,2.750909,905.722519,1.512176,-0.004619,0.003095,3.526801,1.680922,-19.506696,0.832128,-8602100,-12.094208,-651504357.254432,-1.840937,54.284914,0.600357,-4.023626,0,0.135773,1.409547,-0.055631,-0.004619,-0.198441
01-04-24,242.380005,244.139999,242.210007,239.954239,516200,242.297867,225.93959,227.464682,1.241995,0.020401,0.051433,TRUE,TRUE,-1.525092,0.76949,1.509139,43.654084,51.68393,-14.181217,5.537134,-1.422278,11.675299,3.277497,15.093454,-14.043756,5.224602,2.553558,848.508908,1.512084,-0.006885,0.003507,3.495673,1.619537,-19.506696,0.782797,-8085900,-14.592985,-653227222.299813,-1.824638,48.424898,0.374168,-4.364235,0,0.134088,1.392518,-0.05922,-0.006885,-0.276205
01-05-24,240.869995,244.130005,240.759995,238.718933,597000,242.859418,226.552674,227.56447,1.230034,0.051867,0.051183,TRUE,TRUE,-1.011797,0.788347,-16.190996,40.621858,49.999086,-11.825958,4.654463,-1.84396,11.156478,1.857198,13.212535,-11.764049,4.936981,2.367358,779.711429,1.508835,-0.007006,0.00362,3.74143,1.327484,-19.506696,0.926896,-8682900,-33.952871,-654547373.578695,-1.802934,36.540047,0.193509,-6.016174,0,0.122935,1.285857,-0.06017,-0.007006,-0.531028
01-08-24,241.630005,247.600006,240.889999,244.589081,559200,243.649405,227.372094,227.723022,1.20991,0.083484,0.050938,TRUE,TRUE,-0.350929,0.813704,2.353365,38.540024,57.147921,5.524535,4.378142,-1.696224,12.541346,2.393054,17.39382,22.069673,6.905797,2.427877,706.231003,1.535075,-0.006319,0.002844,3.709522,1.826399,-19.506696,0.875426,-8123700,-15.960325,-654490023.873523,-1.715747,44.266916,1.38219,-6.369567,0,0.175273,1.800901,-0.053332,-0.006319,0.133055
01-09-24,244.660004,246.539993,243.259995,242.65213,646400,244.256272,228.159478,227.872582,1.18314,0.115182,0.050698,TRUE,TRUE,0.286897,0.825731,-2.093712,36.606894,54.384865,2.700936,3.957244,-1.693698,11.236312,0.673994,13.724187,10.905687,5.265321,2.379226,636.089541,1.504079,-0.006198,0.00285,3.741802,2.138872,-19.506696,1.014884,-8770100,-5.427944,-655376011.484126,-1.713866,44.763399,,-7.331902,0,0.201965,2.117813,-0.053386,-0.006198,-0.252188
01-10-24,245.440002,245.899994,243.020004,242.741089,431500,244.831108,228.99025,228.016298,1.148646,0.14701,0.05046,TRUE,TRUE,0.973952,0.832985,-12.837517,34.74598,54.493687,4.494601,3.58948,-1.64917,9.989533,-0.124917,13.214452,11.418417,4.971675,2.229638,559.669198,1.496855,-0.006079,0.002769,3.882119,2.318332,-19.506696,0.701444,-8338600,-50.213453,-655891089.561194,-1.628114,38.66278,0.811665,-7.239002,0,0.218407,2.301076,-0.052618,-0.006079,-0.373438
01-11-24,244.850006,245.639999,240.820007,240.922699,776300,245.279037,229.769666,228.13869,1.105723,0.17868,0.050223,TRUE,TRUE,1.630976,0.841633,-4.306718,32.421832,51.774699,-5.373222,3.115383,-1.698613,9.788491,-1.862364,10.561501,0.937778,3.862051,2.161969,481.685586,1.489832,-0.006562,0.003256,3.940625,1.896854,-19.506696,1.215771,-9114900,151.229773,-656634310.864335,-1.593658,37.835194,1.963279,-7.331091,0,0.176247,1.866356,-0.057062,-0.006562,-0.904394
01-12-24,245.990005,247.740005,242.589996,240.329758,397300,245.33104,230.494632,228.259985,1.04687,0.210025,0.049991,TRUE,TRUE,2.234647,0.85166,-20.672327,30.766747,50.883152,-3.501714,2.661137,-1.722288,12.158867,-1.420357,9.014157,-2.479752,0.434649,2.139387,475.399492,1.486867,-0.006806,0.003517,4.143681,1.674807,-19.506696,0.632366,-9512200,-34.036195,-657380345.318027,-1.689713,35.675223,3.370888,-7.085485,0,0.154335,1.637922,-0.059302,-0.006806,-1.052017
01-16-24,241.029999,242.639999,239.929993,238.412582,604100,244.996329,231.169028,228.359117,0.972316,0.240822,0.049767,TRUE,TRUE,2.809911,0.849304,-34.453702,28.606406,48.004785,-6.488902,2.121982,-1.809154,12.297565,-3.365112,6.245091,-8.346595,-2.731148,2.03607,499.991069,1.460665,-0.006861,0.003704,4.448089,1.952591,-19.506696,1.025837,-10116300,-56.598894,-658660951.058357,-1.746961,27.345348,3.42008,-9.106713,0,0.177552,1.918191,-0.060857,-0.006861,-1.316773
01-17-24,238.199997,239.809998,237.029999,236.683151,396100,244.652542,231.726608,228.449259,0.885649,0.270765,0.049558,TRUE,TRUE,3.277349,0.837123,-51.743749,27.275701,45.504155,-6.270544,1.537425,-1.914968,9.63475,-4.934333,4.633234,-1.645388,-2.823027,1.928951,532.947079,1.447827,-0.006728,0.003624,4.824264,2.120229,-19.506696,0.694967,-10512400,-48.870531,-659155890.172469,-1.719656,20.341968,2.917194,-8.845659,0,0.191639,2.088591,-0.0602,-0.006728,-1.495344
01-18-24,241.229996,241.610001,237.660004,237.849274,339600,244.364597,232.191167,228.524255,0.787947,0.299993,0.049365,TRUE,TRUE,3.666913,0.820696,-53.772614,25.570803,47.490384,-3.392768,1.154943,-1.837961,9.059225,-4.272999,5.249103,3.9181,-2.364006,1.912778,554.027096,1.434331,-0.006617,0.003573,4.690239,2.473472,-19.506696,0.617079,-10172800,-53.606557,-659462945.287258,-1.635262,17.395606,2.430457,-7.944131,0,0.222603,2.448601,-0.059771,-0.006617,-1.175994
01-19-24,241.479996,243.429993,239.139999,240.07283,361800,243.96599,232.749101,228.606979,0.681982,0.328465,0.049188,TRUE,TRUE,4.142123,0.803409,-41.241763,23.952039,51.146737,3.141952,1.019493,-1.578729,12.515246,-2.450951,7.795013,15.588284,-3.213983,1.959963,554.832335,1.430518,-0.006326,0.003283,3.452917,2.800746,-19.506696,0.667749,-9811000,-32.005262,-659667403.228776,-1.60366,22.211076,3.739782,-7.073769,0,0.252555,2.784826,-0.057297,-0.006326,-0.701682
01-22-24,245.050003,248.449997,245.050003,245.112854,798900,244.094463,233.398765,228.734356,0.575612,0.356263,0.049037,TRUE,TRUE,4.664408,0.796566,-12.541068,23.513811,58.244089,12.739934,1.303806,-1.035532,16.683628,-0.099492,11.421618,50.391839,1.059374,2.037601,554.339536,1.445353,-0.006157,0.003047,2.637409,2.941277,-19.506696,1.446248,-9012100,36.006129,-660436766.925359,-1.552045,32.070315,7.315099,-4.054112,0,0.268519,2.929954,-0.055196,-0.006157,0.183713
01-23-24,250.179993,250.479996,246.169998,244.77684,788300,243.970439,234.090217,228.873367,0.469251,0.383088,0.04891,TRUE,TRUE,5.21685,0.779576,-6.883395,23.474825,57.642836,10.152452,1.484896,-0.683554,18.075396,-0.108244,9.339198,57.597347,-1.003193,2.059866,549.645731,1.411236,-0.005903,0.002937,2.014173,3.38735,-19.506696,1.410992,-9800400,18.988679,-661734685.041907,-1.582975,42.032204,6.908256,-4.284742,0,0.302863,3.384172,-0.054195,-0.005903,0.146713
01-24-24,250.839996,251.009995,245.25,242.592834,638300,243.612203,234.802864,229.00072,0.362557,0.408634,0.048803,TRUE,TRUE,5.802144,0.75615,10.264088,23.177904,53.758357,2.61162,1.435631,-0.586255,17.964421,-1.304684,6.658679,39.791398,-2.868669,2.103236,533.040071,1.418552,-0.006044,0.003048,1.951903,3.234171,-19.506696,1.145909,-10438700,-4.944155,-662961898.366074,-1.585168,41.529476,6.34859,-5.811915,0,0.29037,3.228107,-0.055208,-0.006044,-0.191237
01-25-24,248.240005,249.660004,245.419998,244.183899,665700,243.173424,235.495274,229.123109,0.259903,0.432875,0.048717,TRUE,TRUE,6.372165,0.729623,15.252963,22.90219,56.080371,-2.163718,1.507595,-0.411433,17.359575,-0.974498,7.823005,51.172406,-3.469168,2.172373,486.098766,1.408432,-0.005885,0.002932,1.871846,3.572858,-19.506696,1.185078,-9773000,16.48294,-664015744.686875,-1.606266,49.113082,4.974887,-5.805747,0,0.319184,3.573489,-0.054147,-0.005885,0.207874
01-26-24,248.139999,249.419998,246.509995,243.887421,482700,242.640763,236.176037,229.234535,0.165248,0.455579,0.048646,TRUE,TRUE,6.941502,0.701491,19.291693,22.646171,55.520899,-2.121937,1.523146,-0.316706,19.776894,0.176406,7.464126,49.051674,-4.18527,2.206069,406.898792,1.409639,-0.005966,0.003008,1.742302,3.477108,-19.506696,0.866669,-10255700,-16.516776,-665368489.226753,-1.645754,55.936472,7.166854,-5.530905,0,0.310636,3.475009,-0.054844,-0.005966,0.30638
01-29-24,246.949997,252.229996,246.199997,249.263443,514300,242.440645,236.746031,229.380405,0.084678,0.477115,0.048591,TRUE,TRUE,7.365625,0.683451,17.775177,22.99464,62.773196,9.01484,1.946828,0.085581,22.619002,1.012891,9.102408,80.483202,-1.580302,2.143058,358.904732,1.427432,-0.0057,0.002678,3.149693,3.646877,-19.506696,0.909163,-9741400,51.353737,-665360225.173734,-1.530197,55.741739,8.943918,-4.604618,0,0.330561,3.651006,-0.051747,-0.0057,1.901005
01-30-24,251.190002,251.210007,248.570007,246.496368,611200,242.302785,237.256739,229.496917,0.017951,0.497278,0.048548,TRUE,TRUE,7.759822,0.6594,14.171127,23.318219,57.570109,1.489738,2.035852,0.139684,22.511565,-1.386393,7.37517,62.27876,-1.106178,2.14857,335.917434,1.439721,-0.00593,0.002848,3.083196,3.356706,-19.051036,1.074817,-10352600,10.76477,-666931583.051375,-1.545372,55.910358,7.779451,-6.595072,0,0.306228,3.353839,-0.053368,-0.00593,1.248397
01-31-24,249.009995,251.330002,243.970001,241.49588,410400,242.032007,237.733891,229.596336,-0.041088,0.515874,0.048517,TRUE,TRUE,8.137555,0.631797,-3.886566,22.144326,49.573392,-5.947508,1.6835,-0.170135,19.580915,-2.839983,6.92305,29.380804,-2.193326,2.314685,318.170634,1.453753,-0.006896,0.00377,3.116193,2.589557,-17.63928,0.74028,-10763000,-41.017534,-667617901.315688,-1.545347,56.040739,6.655459,-7.545188,0,0.235872,2.560002,-0.061404,-0.006896,-0.168503
02-01-24,246.210007,249.009995,243.789993,245.952866,647300,242.334409,238.243786,229.70453,-0.089814,0.533098,0.048503,TRUE,TRUE,8.539256,0.619543,14.505612,21.002559,55.505807,-7.26739,1.743798,-0.087869,20.516984,0.678929,6.316585,58.703083,2.521014,2.350982,325.545024,1.430873,-0.007203,0.004246,3.006142,2.45709,-17.359692,1.157691,-10115700,17.17958,-667728792.533409,-1.450864,65.395038,7.35878,-6.0253,0,0.219391,2.419945,-0.065165,-0.007203,1.111507
02-02-24,246.570007,249.169998,244.949997,245.122742,454200,242.592834,238.703556,229.809752,-0.126393,0.548819,0.048506,TRUE,TRUE,8.893804,0.600043,13.727749,19.985536,54.226226,-3.343883,1.704947,-0.101376,19.751542,0.679742,4.148098,53.24174,2.153954,2.283258,326.170033,1.421512,-0.007122,0.004206,2.88383,2.622499,-17.017614,0.816862,-10569900,-12.010849,-668145807.394453,-1.341527,65.672295,7.907894,-6.656479,0,0.233146,2.588456,-0.064852,-0.007122,0.775641
02-05-24,246.110001,246.600006,242.630005,242.256836,726600,242.769729,239.159841,229.90261,-0.152022,0.562858,0.048523,TRUE,TRUE,9.257231,0.574783,10.719186,18.771981,49.945394,0.372002,1.42646,-0.30389,16.021072,-0.0855,0.850908,34.387093,1.482037,2.34742,313.398219,1.433284,-0.007208,0.004238,2.743588,2.345679,-16.726999,1.29171,-11296500,21.708543,-669009004.105935,-1.285455,64.580477,8.613271,-5.767643,0,0.209543,2.307483,-0.0651,-0.007208,-0.163655
02-06-24,244.929993,247.789993,244.100006,244.806488,425300,242.780599,239.63557,230.012245,-0.164888,0.575352,0.048554,TRUE,TRUE,9.623325,0.547945,22.144378,17.570782,53.465062,-2.040745,1.395407,-0.267955,14.064399,1.319654,2.899247,49.049336,0.088887,2.403302,314.099403,1.425742,-0.006849,0.003867,2.436433,2.765071,-16.146479,0.765183,-10871200,-23.944921,-669271448.924338,-1.329707,69.638853,7.109124,,0,0.247344,2.737347,-0.062188,-0.006849,0.644983
02-07-24,248.490005,248.929993,246.160004,244.747208,418400,242.885353,240.08152,230.117211,-0.165368,0.586115,0.0486,TRUE,TRUE,9.964309,0.51359,19.388922,16.78628,53.371094,-0.855132,1.350447,-0.250332,15.350961,2.001278,4.43664,42.835828,0.863408,2.380439,317.127405,1.406461,-0.006536,0.003618,2.161695,3.088709,-15.756113,0.768531,-11289600,-35.272277,-670116647.624306,-1.353805,69.9804,7.938138,-4.316911,0,0.273542,3.068212,-0.060151,-0.006536,0.5871
02-08-24,247.880005,252.279999,247.309998,249.085571,343400,243.202577,240.624491,230.244949,-0.150179,0.595435,0.04866,TRUE,TRUE,10.379542,0.488658,23.911877,16.92573,59.04423,9.098836,1.645912,0.036107,17.145248,4.971576,5.257439,66.897104,2.613683,2.394957,346.023937,1.414019,-0.006484,0.003522,1.924119,3.168543,-15.756113,0.635914,-10946200,-20.417149,-670214682.686969,-1.326234,69.958095,8.942102,-0.829318,0,0.282319,3.149482,-0.059347,-0.006484,1.70017
02-09-24,253.690002,257.339996,252.970001,253.997101,584900,243.856297,241.29251,230.424411,-0.11613,0.603527,0.048735,TRUE,TRUE,10.868098,0.470066,23.651598,18.068882,64.334647,10.869585,2.250448,0.512514,20.833482,7.321789,9.003865,77.27466,5.426804,2.345194,416.924056,1.430222,-0.00612,0.003066,3.527647,3.472174,-15.756113,1.102669,-10361300,-24.655417,-670524639.331009,-1.309321,69.206973,12.043781,1.571156,0,0.313997,3.462087,-0.055372,-0.00612,2.43229
02-12-24,258.01001,262.029999,258.01001,258.048889,503300,244.742254,242.01593,230.634056,-0.066463,0.610566,0.048835,TRUE,TRUE,11.381874,0.474162,32.152245,19.841527,68.006242,14.635148,3.021661,1.026981,24.685104,8.893461,12.287639,79.47881,7.372841,2.382159,514.814004,1.290997,-0.007406,0.005511,4.777894,3.107639,-15.756113,0.939448,-9858000,26.680091,-671018203.981384,-1.272806,68.132693,16.129163,3.252942,0,0.250686,3.066756,-0.074235,-0.007406,2.584746
02-13-24,252.089996,254.899994,248.910004,247.860153,1435200,245.214632,242.519801,230.781949,-0.014448,0.616108,0.04895,TRUE,TRUE,11.737852,0.459818,10.687795,19.071301,53.180434,-5.863795,2.778676,0.627197,18.274551,4.433493,7.734593,26.959536,3.962698,2.56382,496.7035,1.401045,-0.007086,0.004283,4.623776,2.101058,-15.756113,2.486077,-11293200,137.57656,-672956491.741727,-1.238149,61.389697,12.559062,0.680137,0,0.182457,2.055757,-0.065447,-0.007086,0.532616
02-14-24,255.080002,258.019989,253.559998,254.58017,617900,246.109483,243.041138,230.95347,0.044595,0.620615,0.049087,TRUE,TRUE,12.087668,0.449363,19.106421,18.878269,59.458228,-4.876419,3.092707,0.752982,21.315717,8.302093,9.244905,61.598807,7.561594,2.582916,496.126708,1.419651,-0.005965,0.002957,4.409794,2.859046,-15.756113,1.050163,-10675300,55.995961,-673291716.602653,-1.20124,61.271541,14.352327,0.7098,0,0.2559,2.842838,-0.054378,-0.005965,1.707364
02-15-24,259.480011,264.029999,259.390015,260.430542,598600,247.238547,243.63334,231.150018,0.113029,0.624357,0.049251,TRUE,TRUE,12.483322,0.451226,27.587346,19.552809,63.985669,-4.020573,3.770194,1.144376,17.967983,12.361826,11.572342,83.180104,9.49394,2.640463,552.046539,1.43769,-0.005556,0.002502,4.931977,3.007641,-15.756113,0.995452,-10076700,76.266196,-673621841.689635,-1.177289,61.968588,10.89537,3.126089,0,0.273629,3.000781,-0.050023,-0.005556,2.389653
02-16-24,261.279999,262.420013,259.220001,256.388641,777600,248.054337,244.200312,231.346597,0.182503,0.627073,0.049436,TRUE,TRUE,12.853716,0.447082,12.15236,20.139431,59.077088,5.896654,3.935593,1.04782,16.033461,12.383197,8.627062,64.292712,6.796192,2.53882,561.061811,1.455701,-0.005974,0.002822,4.814887,2.550168,-15.756113,1.24991,-10854300,114.925373,-675775477.334030,-1.294601,53.887444,9.040769,2.507652,0,0.233756,2.532449,-0.053124,-0.005974,1.485452
02-20-24,256.109985,256.76001,253.820007,252.435684,690500,248.420479,244.699268,231.516189,0.253087,0.628652,0.049639,TRUE,TRUE,13.183079,0.429993,9.928961,19.505615,54.660677,-4.797551,3.704994,0.653776,15.988636,9.948666,8.165405,45.820944,2.987534,2.587065,564.737648,1.461928,-0.00612,0.002938,4.670277,2.479571,-15.756113,1.11966,-11544800,-13.568657,-677116231.973943,-1.352305,53.302772,9.098416,0.143283,0,0.227993,2.459666,-0.054199,-0.00612,0.710986
02-21-24,253.25,254.119995,251.179993,250.083679,747100,248.685821,245.125154,231.686842,0.318998,0.628848,0.049853,TRUE,TRUE,13.438312,0.409887,15.021614,18.411105,52.162026,-11.823644,3.294478,0.194609,13.438183,8.765768,6.883696,34.830264,2.168031,2.485153,559.156492,1.468361,-0.006354,0.003139,4.37758,2.171299,-15.756113,1.215498,-12291900,-5.226437,-678420512.326452,-1.357355,51.243771,7.668043,-0.847908,0,0.199607,2.144385,-0.056024,-0.006354,0.249994
02-22-24,255.339996,258.149994,254.979996,254.37262,889200,249.27481,245.602311,231.854525,0.380577,0.627735,0.050077,TRUE,TRUE,13.747786,0.397621,14.771091,18.0432,56.102653,-2.974435,3.277443,0.142059,14.513029,10.498691,12.200545,54.872047,4.855784,2.458757,553.611777,1.480093,-0.006057,0.002808,4.164405,2.345029,-15.756113,1.417752,-11402700,39.307536,-679650456.262645,-1.330423,52.669396,8.203334,-0.623228,0,0.21828,2.325862,-0.052988,-0.006057,0.920828
02-23-24,257.450012,259.049988,255.830002,254.61969,1049100,249.7966,246.069818,232.025359,0.434166,0.625369,0.050312,TRUE,TRUE,14.044458,0.383117,16.833034,17.839601,56.325842,1.665165,3.246456,0.088857,16.030211,9.441258,11.888556,56.026582,4.273742,2.469202,552.281621,1.478952,-0.006029,0.002787,3.90257,2.405445,-15.756113,1.623089,-10353600,57.593511,-681488216.970144,-1.351605,55.661992,8.390553,-1.201449,0,0.223975,2.38833,-0.052789,-0.006029,0.873303
02-26-24,257.480011,260.950012,257.190002,257.347229,514900,250.46959,246.57748,232.212435,0.478999,0.621985,0.05056,TRUE,TRUE,14.365044,0.368996,26.812993,17.942576,58.815302,6.653276,3.402763,0.196131,16.436138,12.314125,12.197709,66.46878,5.518861,2.508544,558.458294,1.47856,-0.005803,0.002582,3.442645,2.705876,-15.756113,0.794636,-9838700,6.67081,-681960055.402713,-1.280273,62.117489,9.391971,1.698646,0,0.252672,2.694551,-0.050817,-0.005803,1.23154
02-27-24,263.029999,265.100006,262.220001,261.59668,825100,251.086252,247.023619,232.412014,0.51771,0.61796,0.050825,TRUE,TRUE,14.611606,0.361971,28.958617,18.625405,62.410279,6.307626,3.825435,0.495043,17.598123,13.486422,15.07347,81.503031,4.947872,2.528401,610.140477,1.488822,-0.005673,0.002433,3.407757,2.877415,-15.756113,1.243538,-9013600,60.431655,-683142309.378469,-1.340001,63.786546,10.611745,3.388962,0,0.270956,2.869242,-0.049326,-0.005673,1.722624
02-28-24,262.839996,264.420013,261.890015,259.679474,730600,251.745407,247.315073,232.612667,0.550659,0.613204,0.051107,TRUE,TRUE,14.702406,0.350932,24.954539,19.180721,59.871073,3.545231,3.960055,0.50373,17.005934,11.985473,13.695637,69.530469,5.348195,2.511305,628.867983,1.494577,-0.005831,0.002551,2.947515,2.673668,-15.756113,1.091295,-9744200,19.53534,-685149606.506437,-1.36061,57.752079,9.862556,3.177926,0,0.252167,2.660278,-0.050504,-0.005831,1.261643
02-29-24,266.640015,267.359985,262.26001,260.885101,615000,252.714868,247.661597,232.821362,0.578983,0.607807,0.051402,TRUE,TRUE,14.840235,0.349723,20.808573,20.099071,60.947102,2.131801,4.116572,0.528198,18.263663,10.747871,14.174481,64.905743,8.0288,2.503744,611.764703,1.462478,-0.006406,0.003215,2.65694,2.341317,-15.756113,0.904798,-9129200,49.853801,-686096203.660510,-1.359278,58.938537,10.493104,2.769143,0,0.214569,2.314387,-0.056703,-0.006406,1.335519
03-01-24,265,268.140015,264.059998,264.44278,675200,253.639364,248.078289,233.034238,0.609224,0.601831,0.051709,TRUE,TRUE,15.044051,0.356458,18.871609,21.055797,64.013604,1.603325,4.476091,0.710173,19.183937,11.475881,15.256709,80.773619,7.517666,2.443062,643.1059,1.46638,-0.006242,0.003038,3.406611,2.398973,-15.756113,0.99133,-8454000,4.310212,-686644710.860534,-1.38862,59.390847,10.983834,2.922507,0,0.220933,2.376424,-0.055114,-0.006242,1.679881
03-04-24,270.070007,270.98999,268.290009,265.579254,510300,254.662189,248.428975,233.267533,0.641157,0.595309,0.052029,TRUE,TRUE,15.161442,0.358475,14.361066,22.313414,64.960125,5.089052,4.797414,0.825198,19.27215,12.150336,15.411762,75.49484,8.345416,2.392649,662.894991,1.454269,-0.005973,0.002827,3.692367,2.716284,-15.756113,0.746151,-7943700,12.351387,-688179682.970669,-1.464657,59.484711,12.037358,3.755726,0,0.249032,2.700492,-0.053171,-0.005973,1.646877
03-05-24,266.200012,267.600006,263.119995,261.10257,503800,255.604476,248.800158,233.459876,0.671196,0.58792,0.052357,TRUE,TRUE,15.340282,0.350131,28.341833,22.175543,58.439627,-2.507475,4.637378,0.532129,14.261422,9.324149,11.728846,50.088734,7.779237,2.306221,609.030366,1.474594,-0.006264,0.003025,3.264501,2.419848,-14.172016,0.748844,-8447500,-30.663364,-689137222.476531,-1.495921,64.815361,7.899864,2.126236,0,0.224178,2.397841,-0.054998,-0.006264,0.902762
03-06-24,268.200012,268.440002,265.200012,263.760895,600700,256.552197,249.13023,233.657995,0.695644,0.579864,0.052695,TRUE,TRUE,15.472235,0.346482,21.519561,22.175736,60.946488,-3.067115,4.671206,0.452765,14.27104,12.513824,14.436298,63.507843,7.742608,2.206545,578.887916,1.477414,-0.006174,0.002927,3.07657,2.495101,-14.128759,0.881386,-7846800,41.241477,-690271552.381964,-1.540636,64.841258,7.613762,4.321218,0,0.231906,2.475591,-0.054104,-0.006174,1.245267
03-07-24,268.730011,270.109985,268.170013,266.053619,666700,257.617517,249.456151,233.871703,0.716256,0.57153,0.053042,TRUE,TRUE,15.584448,0.347574,14.379586,22.431882,63.018372,-1.941753,4.827371,0.487145,16.669688,13.549041,16.546465,75.081416,8.705477,2.104283,545.282366,1.478157,-0.006109,0.002864,3.17135,2.514446,-13.206624,0.960725,-7180100,59.345124,-692392912.515048,-1.605022,65.148974,9.075519,3.263647,0,0.234027,2.496883,-0.053515,-0.006109,1.547107
03-08-24,271.549988,273.76001,267.209991,265.361847,710200,258.431331,249.704198,234.069131,0.731349,0.563024,0.053395,TRUE,TRUE,15.635067,0.346793,25.096748,23.188278,61.950435,3.510808,4.839526,0.39944,16.648774,14.469985,16.258404,62.807101,6.534411,2.231069,532.554479,1.479591,-0.006193,0.002938,3.019879,2.40892,-13.169771,0.997059,-7890300,106.814211,-693503890.706455,-1.634801,72.933457,8.623393,4.022649,0,0.224086,2.388659,-0.054205,-0.006193,1.301372
03-11-24,267.73999,268.600006,265.220001,262.604675,451300,258.86171,249.865479,234.262402,0.740012,0.554098,0.053752,TRUE,TRUE,15.603077,0.340816,29.425296,23.374734,57.749807,-3.196682,4.573952,0.107093,14.780112,13.821703,17.995135,50.59643,3.388848,2.266462,529.606115,1.488735,-0.006424,0.003123,2.714471,2.154154,-13.169771,0.639584,-8341600,-22.841511,-694653590.047349,-1.709782,74.5705,6.556578,2.843261,0,0.200891,2.128582,-0.055885,-0.006424,0.706745
03-12-24,266.200012,267.23999,263.899994,263.365631,579800,259.127547,250.067476,234.469794,0.743897,0.544737,0.054111,TRUE,TRUE,15.597681,0.3468,40.287869,23.212355,58.584474,-4.433898,4.37446,-0.073919,14.251079,13.879537,22.213429,44.651912,2.060362,2.305892,538.579152,1.437907,-0.00743,0.004477,2.206279,1.702536,-13.169771,0.817264,-7761800,15.199682,-695418913.333017,-1.719716,75.621686,5.918975,3.122664,0,0.150515,1.652672,-0.066911,-0.00743,0.786901
03-13-24,266.320007,268.459991,266.320007,264.44278,681800,259.956678,250.37126,234.68827,0.745454,0.535263,0.054474,TRUE,TRUE,15.68299,0.363071,33.842646,23.263518,59.795247,-2.155187,4.254238,-0.155313,14.356419,14.564648,23.874244,48.035549,6.690316,2.216225,480.502272,1.407392,-0.00791,0.005298,1.875361,1.359335,-13.169771,1.014931,-7080000,-52.494426,-697296884.728993,-1.811661,75.157132,5.516668,3.327628,0,0.115465,1.296066,-0.072787,-0.00791,0.933628
03-14-24,267.420013,267.420013,260.25,259.69928,778400,260.212634,250.627017,234.870453,0.742627,0.52565,0.054834,TRUE,TRUE,15.756564,0.367868,14.829941,21.885196,52.514338,-5.235468,3.733167,-0.541108,11.956656,13.321169,19.11392,15.14349,2.010805,2.325263,463.695551,1.426015,-0.008073,0.005377,1.614059,1.125947,-13.169771,1.145051,-7858400,25.975077,-698194860.687826,-1.831666,65.743899,3.414269,3.249087,0,0.095595,1.059125,-0.073329,-0.008073,-0.110709
03-15-24,261.23999,263.48999,261.149994,259.491699,454100,260.165691,251.018754,235.057149,0.73575,0.516056,0.055188,TRUE,TRUE,15.961605,0.371511,6.758004,20.605326,52.214709,-6.369765,3.265817,-0.806766,8.442491,11.98529,21.232061,-5.612881,-0.360496,2.257217,463.938496,1.426189,-0.008086,0.005392,1.508238,1.107226,-12.045602,0.675171,-8312500,-24.139659,-699292578.458474,-1.908406,60.430972,1.831594,3.571342,0,0.093802,1.039149,-0.073431,-0.008086,-0.145276
03-18-24,263.799988,264.079987,260.390015,257.554779,422200,260.223998,251.370765,235.241676,0.723147,0.506496,0.055532,TRUE,TRUE,16.129089,0.378617,-13.738723,19.247156,49.38334,-10.411908,2.707931,-1.091722,5.078589,12.588423,18.594305,-19.949808,0.454832,2.18643,459.654747,1.412592,-0.008679,0.006332,1.674278,0.63696,-11.631294,0.644777,-8734700,-45.704733,-700363583.648983,-1.877528,53.567662,-0.663391,4.445507,0,0.049173,0.550366,-0.079571,-0.008679,-0.580701
03-19-24,258.519989,262.029999,257.589996,258.216949,583200,260.513062,251.760725,235.417086,0.702154,0.496912,0.055865,TRUE,TRUE,16.343639,0.376954,-5.192751,18.362028,50.374069,-2.140269,2.292804,-1.205479,6.018284,13.409597,21.611312,3.877258,2.290193,2.226518,424.968099,1.38034,-0.008537,0.006416,1.735781,1.126247,-11.166784,0.898011,-8151500,-15.539464,-700782081.459142,-1.822034,54.555643,-1.205891,4.50699,0,0.09153,1.048275,-0.080098,-0.008537,-0.540302
03-20-24,260.589996,266.519989,259.839996,262.486084,381700,261.133182,252.118665,235.57965,0.676026,0.487757,0.05619,TRUE,TRUE,16.539015,0.389409,5.126714,17.519048,56.311318,4.096609,2.281991,-0.973034,7.749288,15.890605,22.08857,30.27881,4.959302,2.207246,348.353875,1.374315,-0.008606,0.006578,1.694639,1.075314,-10.250525,0.604755,-7769800,-48.909115,-700861382.428579,-1.777734,53.232154,0.207528,4.675572,0,0.086503,0.99516,-0.081102,-0.008606,0.38837
03-21-24,267.100006,269.890015,267.059998,265.367523,626500,261.682927,252.572973,235.76959,0.648333,0.479222,0.056512,TRUE,TRUE,16.803383,0.409979,3.026786,17.351195,59.806626,10.423286,2.477371,-0.622122,6.983642,18.371254,21.304623,48.098456,4.322361,2.18729,321.792557,1.375323,-0.008619,0.006586,1.688303,1.091177,-9.5755,1.013705,-7143300,-29.54341,-702237231.394438,-1.82732,52.971331,0.334463,6.957433,0,0.087907,1.010566,-0.081156,-0.008619,1.145022
03-22-24,267.890015,268.480011,265.029999,262.300049,365500,262.066945,252.964152,235.916978,0.615706,0.471297,0.056826,TRUE,TRUE,17.047174,0.43008,-10.095143,16.731397,54.781928,4.407859,2.357517,-0.593582,8.145609,19.014029,23.215701,29.128315,3.016404,2.128528,275.574024,1.376136,1.570041,0.476379,1.72924,0.621813,-9.5755,0.626017,-7508800,-65.160614,-703181162.221506,-1.85775,47.370083,0.819774,5.725514,0,-0.077041,-1.219411,0.690202,1.570041,0.084589
03-25-24,265.790009,267.589996,265.619995,262.953094,359800,262.347238,253.40476,236.050663,0.579258,0.464016,0.057138,TRUE,TRUE,17.354097,0.453413,6.456965,16.155871,55.636471,-0.674847,2.288842,-0.529805,6.347956,19.593321,23.602907,33.166937,2.178328,2.145243,252.593117,1.374419,1.565192,0.47422,1.685206,0.550193,-9.5755,0.62455,-7149000,-30.122354,-704515124.915726,-1.957582,52.951591,0.030215,6.289225,0,-0.068071,-1.084284,0.688636,1.565192,0.239855
03-26-24,268.220001,268.779999,265.5,262.844269,257500,262.409618,253.85505,236.185821,0.535576,0.457299,0.05745,TRUE,TRUE,17.669229,0.473938,-3.51065,15.862331,55.448417,-4.358209,2.200272,-0.4947,5.239768,19.202414,22.825686,32.493928,0.476913,2.105082,252.182176,1.3725,1.56135,0.471662,1.700238,0.639529,-9.5755,0.470135,-7406500,-68.791662,-705189607.256462,-2.012662,50.736043,-0.355313,6.323979,0,-0.062757,-0.998609,0.686776,1.56135,0.172356
03-27-24,268.299988,270.769989,266.390015,267.930389,321300,262.822163,254.445406,236.354823,0.491168,0.45138,0.057765,TRUE,TRUE,18.090584,0.495469,6.493282,15.981485,61.925739,7.143811,2.511536,-0.146749,5.9183,22.829893,23.787273,63.947956,3.177346,2.107153,271.887623,1.375752,1.587954,0.502348,2.290956,1.314813,-9.5755,0.609388,-7085200,-56.022447,-705284913.966188,-1.909465,48.265707,,7.524025,0,-0.026811,-0.438534,0.708765,1.587954,1.8788
03-28-24,271.470001,273.109985,270.670013,267.960052,448100,263.175911,255.070945,236.515953,0.450464,0.446063,0.058082,TRUE,TRUE,18.554992,0.512041,9.20007,16.523215,61.960475,6.324004,2.729148,0.056691,5.272014,21.62308,24.014878,66.817419,2.711903,2.039565,290.730857,1.368683,1.577763,0.498143,2.285909,1.505384,-9.5755,0.863549,-6637100,-27.138211,-706728380.744170,-1.98805,46.236589,-0.822947,5.377189,0,-0.0236,-0.386377,0.705793,1.577763,1.645557
04-01-24,271.309998,271.309998,267.959991,265.882111,565600,263.247878,255.631601,236.65282,0.409655,0.44096,0.058395,TRUE,TRUE,18.978781,0.512162,11.891172,16.288042,57.970595,2.522178,2.702779,0.024257,4.981447,19.492817,21.637259,53.428609,0.544288,2.054699,295.769644,1.317428,1.550647,0.518056,2.232269,1.978105,-8.958288,1.101621,-7202700,-16.232227,-707995620.907052,-2.079263,45.418291,-1.540089,4.160077,0,0.008145,0.141372,0.719761,1.550647,0.890637
04-02-24,265,265.019989,261.980011,260.617889,448900,262.999809,256.042502,236.776354,0.367003,0.43594,0.058708,TRUE,TRUE,19.266148,0.502292,-8.569237,15.520547,49.308002,-12.617737,2.231381,-0.357713,4.559347,17.926443,19.191454,19.509634,-1.86813,2.076106,295.992674,1.346525,1.584763,0.531033,2.304193,1.542287,-8.832195,0.879584,-7651600,-12.032138,-708846797.747657,-2.024778,46.333363,-1.070122,3.11335,0,-0.005979,-0.102929,0.72872,1.584763,-0.804723
04-03-24,262.149994,265.950012,261.51001,262.300049,462500,263.059683,256.386246,236.898755,0.327546,0.431082,0.059022,TRUE,TRUE,19.487491,0.491938,-6.558671,14.60418,51.787249,-10.173226,1.970812,-0.494625,6.232435,20.145541,17.702453,30.348298,0.458624,2.069266,293.150409,1.345194,1.59265,0.536564,2.346257,1.772014,-8.832195,0.909914,-7189100,-8.197697,-709144706.366806,-1.968117,44.456128,0.210527,3.141881,0,0.017701,0.306846,0.732505,1.59265,-0.259128
04-04-24,268.130005,268.51001,261.23999,258.925812,240800,262.817929,256.669226,237.012599,0.288389,0.426376,0.059337,TRUE,TRUE,19.656627,0.484692,-2.47107,13.912716,46.838696,-11.1319,1.475033,-0.792323,7.928553,20.676378,15.835947,8.607064,-1.833131,2.098991,306.687654,1.323716,1.571615,0.537306,2.374447,1.052157,-8.832195,0.491133,-7429900,-59.913434,-709538808.341418,-1.964864,48.446103,2.152887,3.042204,0,-0.017061,-0.300782,0.733012,1.571615,-1.269082
04-05-24,261.290009,264.51001,260.570007,259.984589,478400,262.514478,257.017061,237.135525,0.252296,0.422065,0.059655,TRUE,TRUE,19.881536,0.475102,1.532991,13.117212,48.501583,-0.806419,1.154254,-0.890482,8.347571,20.997474,18.369938,15.429085,-2.281131,2.139718,302.989814,1.319017,1.52728,0.522353,2.357408,1.296775,-8.832195,0.994843,-6951500,-28.243588,-710159372.875986,-1.847286,48.246466,1.762984,2.367623,0,-0.030579,-0.532497,0.72274,1.52728,-0.834975
04-08-24,264.869995,265.299988,262.609985,261.310516,654600,262.311911,257.359593,237.266064,0.218795,0.418123,0.05998,TRUE,TRUE,20.093529,0.466872,11.907425,12.554485,50.586151,-1.201098,0.99555,-0.839349,9.463675,21.675965,20.433591,23.97244,-1.526719,2.148736,296.423167,1.319903,1.524924,0.52027,2.218146,1.390785,-8.832195,1.36917,-6296900,-7.828781,-711446412.750740,-1.87644,56.920805,3.178398,3.738667,0,-0.020076,-0.348611,0.721297,1.524924,-0.337826
04-09-24,264.839996,265.410004,262.140015,261.993286,493200,262.281342,257.721711,237.406757,0.185817,0.4146,0.060312,TRUE,TRUE,20.314953,0.455649,11.96492,11.911878,51.670999,4.832303,0.914329,-0.736456,7.115692,20.549442,20.666312,16.226764,-0.232817,2.132892,296.420611,1.314913,1.515816,0.515366,2.080867,1.599365,-8.832195,1.027083,-5803700,9.28429,-711983873.758103,-1.804505,65.69544,1.020763,2.615213,0,-0.022979,-0.398502,0.71789,1.515816,-0.097178
04-10-24,258.160004,260.790009,256.769989,256.145264,906100,261.920323,257.859347,237.537348,0.146737,0.410727,0.060649,FALSE,TRUE,20.321999,0.432662,-19.133074,12.021999,42.9694,-5.532183,0.373766,-1.021615,5.56069,17.421819,16.585413,-3.823289,-2.741575,2.095706,325.10154,1.349552,1.557315,0.532095,2.328206,1.168963,-8.832195,1.824938,-6709800,56.278027,-713171596.087448,-1.787747,54.964474,-0.245098,,0,-0.035981,-0.618729,0.729448,1.557315,-1.776386
04-11-24,259.98999,261.619995,258.269989,258.11441,467000,261.603905,258.091708,237.679802,0.112029,0.406624,0.060989,TRUE,TRUE,20.411906,0.408775,-22.505393,11.908572,46.251646,-4.334505,0.103072,-1.033848,6.333218,16.955409,16.476408,8.227795,-2.393096,2.026331,330.018097,1.34674,1.515037,0.510956,2.513563,1.47915,-8.311993,0.96136,-6242800,-31.50484,-713681972.254630,-1.686507,53.737812,1.128114,2.09472,0,0.001499,0.025263,0.714812,1.515037,-1.057365
04-12-24,259.320007,259.890015,253.990005,252.681976,564600,261.25304,258.31543,237.77881,0.073872,0.402215,0.061324,FALSE,TRUE,20.53662,0.371957,-27.803288,12.627059,39.497986,-12.173013,-0.543542,-1.344369,4.880934,15.147195,14.808853,-6.841164,-2.702088,2.139152,384.190042,1.373295,1.598067,0.535077,2.884675,1.184822,-7.744129,1.188431,-6807400,-27.466598,-714496915.348228,-1.715717,52.286974,0.225957,2.302744,0,-0.035276,-0.598031,0.73149,1.598067,-2.230944
04-15-24,256.23999,257.119995,250.100006,248.407303,543400,260.69882,258.364518,237.848769,0.025492,0.397194,0.061649,FALSE,TRUE,20.51575,0.329218,-38.063122,13.918105,35.148731,-7.820669,-1.384954,-1.748624,3.361026,15.928556,11.296594,-7.356388,-4.27158,2.22571,479.150134,1.392031,1.615232,0.545022,3.446033,0.753697,-7.744129,1.133157,-7350800,19.665272,-715302371.298078,-1.669269,45.757336,-0.342997,3.111045,0,-0.047053,-0.795501,0.738256,1.615232,-2.565275
04-16-24,249.649994,252.490005,248.5,248.605209,415500,260.251341,258.434168,237.906828,-0.029161,0.39153,0.061962,FALSE,TRUE,20.52734,0.289985,-37.173818,15.350756,35.502828,-10.748818,-2.012609,-1.901024,4.275205,17.098516,12.180299,0.427507,-3.474822,2.173825,547.038389,1.387521,1.596685,0.533926,3.916808,0.593077,-7.744129,0.867052,-6935300,-1.586926,-715695959.305604,-1.599755,41.131236,0.943394,4.593439,0,-0.025198,-0.422281,0.730703,1.596685,-2.128942
04-17-24,252.529999,253.029999,248,245.418976,444500,259.611443,258.497411,237.9401,-0.088433,0.385237,0.062267,FALSE,TRUE,20.557311,0.253598,-61.837554,16.519547,32.432489,-7.065497,-2.735598,-2.099211,3.690936,13.681299,9.408655,-10.278876,-4.956287,2.117768,639.180316,1.372183,1.603213,0.550237,4.516183,-0.052198,-8.412103,0.941189,-7379800,-23.782579,-716596628.499224,-1.674294,35.938356,-0.91136,2.052284,0,-0.085205,-1.46982,0.74178,1.603213,-2.220417
04-18-24,248.940002,251.25,246.550003,244.350281,363800,258.704652,258.488286,237.966897,-0.149511,0.378231,0.062562,FALSE,TRUE,20.521389,0.214872,-63.05499,17.831851,31.45005,-3.698681,-3.35612,-2.175786,2.733247,12.040083,9.046855,-8.884179,-6.909244,2.146073,719.810623,1.37327,1.609505,0.551134,4.467537,-0.109642,-8.81093,0.771776,-7743600,-4.689547,-717300964.451877,-1.743772,29.900977,-1.82646,0.549356,0,-0.085344,-1.47252,0.742384,1.609505,-1.994187
04-19-24,245.600006,248.039993,242.919998,242.717606,1526600,257.572157,258.447694,238.001422,-0.214436,0.370411,0.062849,FALSE,TRUE,20.446273,0.169792,-62.610359,19.56888,29.957065,-5.545763,-3.93428,-2.203156,1.101655,13.754776,8.508554,-0.790905,-8.535301,2.212597,784.716782,1.371088,1.575366,0.536329,3.998186,-0.066577,-9.420228,2.956321,-9270200,143.671189,-718948256.953605,-1.618078,26.659744,-3.3037,0.187367,0,-0.093153,-1.583903,0.732345,1.575366,-1.892982
04-22-24,246.360001,249.039993,244.740005,245.319992,330400,256.723154,258.372383,238.066325,-0.279245,0.36198,0.063132,FALSE,TRUE,20.306058,0.131667,-44.553465,20.856767,35.234629,2.80214,-4.13482,-1.922958,0.084507,16.782234,10.068396,9.378635,-6.473524,2.259596,821.849412,1.375457,1.580385,0.537004,4.353095,0.013717,-9.420228,0.642015,-8939800,-9.603283,-719189527.601289,-1.555328,31.198973,-4.763186,2.111855,0,-0.087865,-1.490316,0.732806,1.580385,-1.3875
04-23-24,248.130005,253.479996,248.089996,249.723358,389200,256.061667,258.286908,238.143111,-0.341042,0.353279,0.063413,FALSE,TRUE,20.143797,0.100196,-33.938542,20.747843,43.053339,11.60329,-3.893553,-1.345352,2.020828,20.461496,11.606195,26.585998,-5.031215,2.300638,822.308351,1.394308,1.60053,0.542993,4.446264,0.377169,-9.420228,0.754117,-8550600,8.171206,-719342844.673300,-1.436516,30.356356,-3.028774,3.680859,0,-0.072446,-1.220092,0.736881,1.60053,-0.770795
04-24-24,253.139999,253.649994,249.740005,248.634857,284500,255.351196,258.098627,238.191921,-0.402551,0.344274,0.063694,FALSE,TRUE,19.906706,0.075728,-29.595934,20.600294,41.712768,11.755703,-3.746987,-0.959029,2.490602,20.902446,11.227166,25.410661,-5.406019,2.214661,822.006976,1.36652,1.550992,0.538583,4.639861,-0.126335,-9.420228,0.549812,-8835100,10.485437,-719788171.081620,-1.410626,33.816028,-1.739976,4.564619,0,-0.081318,-1.390674,0.733882,1.550992,-0.817066
04-25-24,247.779999,250.330002,246.410004,247.23967,237900,254.31666,258.086218,238.222981,-0.461712,0.33493,0.063976,FALSE,TRUE,19.863236,0.044317,-36.302113,21.061647,39.993814,4.759184,-3.700753,-0.730236,1.251422,18.828239,13.358278,19.207072,-7.722424,2.179079,784.714785,1.360753,1.554927,0.545827,4.873544,-0.020134,-9.420228,0.46349,-9073000,-25.957049,-719925368.190623,-1.426166,34.978915,-2.655,2.053331,0,-0.069973,-1.211262,0.738801,1.554927,-0.901855
04-26-24,251.070007,253.759995,250.160004,250.435776,259400,253.440446,258.00333,238.259937,-0.515014,0.325172,0.064267,FALSE,TRUE,19.743393,0.009629,-29.408595,20.559309,45.531335,2.477995,-3.367395,-0.317503,2.684991,22.992892,15.878115,33.4183,-6.539884,2.185635,719.481158,1.343693,1.544295,0.531252,5.013641,0.633587,-9.420228,0.514841,-8813600,-42.111136,-720145026.266570,-1.331426,31.152501,-1.562925,5.599273,0,-0.04866,-0.839654,0.72887,1.544295,-0.417616
04-29-24,254.169998,256.079987,253.979996,253.057999,337400,252.799241,257.855879,238.297753,-0.5617,0.315081,0.064571,FALSE,TRUE,19.558126,-0.013702,-22.959528,19.526709,49.637704,7.924936,-2.858663,0.152984,1.522307,24.485641,15.931953,54.213915,-4.823232,2.206589,657.214748,1.329686,1.529524,0.530928,3.77968,0.481378,-9.420228,0.685167,-8476200,-40.346535,-720778695.950130,-1.297945,29.445771,-2.241595,6.531938,0,-0.054444,-0.949026,0.728648,1.529524,0.039372
04-30-24,253.119995,254.020004,250.119995,247.694839,260700,252.153088,257.682003,238.317265,-0.605822,0.304603,0.064888,FALSE,TRUE,19.364738,-0.047628,-21.987593,19.310667,42.56899,2.575177,-2.855336,0.125049,0.486202,23.107219,12.447524,25.533915,-4.95862,2.216207,639.5898,1.358219,1.542216,0.550077,3.925353,0.124173,-9.420228,0.539724,-8736900,-41.924705,-721363619.842990,-1.29567,32.533268,-1.940199,5.591244,0,-0.056647,-0.987055,0.741672,1.542216,-0.697048
05-01-24,249.619995,255.229996,247.869995,246.962601,283800,251.386216,257.572541,238.318504,-0.643643,0.293795,0.065214,FALSE,TRUE,19.254037,-0.087754,-29.98138,19.497747,41.69594,-3.835394,-2.878602,0.081426,2.263691,22.287857,11.686671,23.822031,-5.847291,2.282371,602.390503,1.349841,1.558483,0.545111,2.313634,0.296164,-9.420228,0.598621,-9020700,-38.637838,-721717397.699504,-1.325981,25.796003,-1.180702,5.472805,0,-0.068711,-1.198092,0.738316,1.558483,-0.734343
05-02-24,253.029999,254.449997,249.410004,251.672684,329200,251.02356,257.604321,238.332027,-0.672907,0.282869,0.06555,FALSE,TRUE,19.272294,-0.116099,-2.767199,19.671464,48.948844,-0.68886,-2.488293,0.377388,2.325575,23.319697,15.939186,61.638644,-2.801238,2.284709,575.85971,1.36512,1.571805,0.543342,2.317915,0.458508,-9.420228,0.687969,-8691500,36.710963,-721751012.276511,-1.276066,32.404538,-1.266696,6.096543,0,-0.057462,-0.98881,0.737117,1.571805,0.112723
05-03-24,258.600006,259.529999,255.919998,254.176147,266000,250.733138,257.600392,238.360577,-0.693376,0.271903,0.065899,FALSE,TRUE,19.239815,-0.140822,16.623847,18.565979,52.342311,9.773321,-1.954433,0.728999,3.693417,24.174466,16.318553,67.767302,-2.234148,2.285737,541.935731,1.370442,1.573992,0.546826,2.63542,0.653444,-9.420228,0.56851,-8425500,-44.397993,-722274000.758452,-1.294602,38.752028,-0.587898,7.542439,0,-0.054813,-0.94317,0.739477,1.573992,0.635317
05-06-24,259.049988,261.179993,259.049988,258.272736,245400,250.581248,257.673453,238.421417,-0.701497,0.261102,0.066267,TRUE,TRUE,19.252036,-0.151999,25.044817,17.300542,57.339539,15.643599,-1.1871,1.197066,6.611124,23.691369,19.596733,84.078544,-1.162518,2.330269,514.281527,1.367212,1.550974,0.572745,3.933969,0.623855,-9.420228,0.548466,-8180100,-62.511457,-722698496.769685,-1.257413,44.471794,-0.196087,8.972092,0,-0.092807,-1.648551,0.756799,1.550974,1.495579
05-07-24,261.690002,263.480011,260.899994,259.549194,147800,250.459044,257.717492,238.492378,-0.694206,0.250533,0.066651,TRUE,TRUE,19.225114,-0.153271,38.511264,16.605341,58.789555,9.84071,-0.470559,1.530885,6.022188,20.933572,17.530308,80.881254,-0.932883,2.323688,487.967428,1.345503,1.53574,0.578196,4.11969,0.343371,-9.420228,0.343593,-8032300,-70.032441,-723001061.771695,-1.280592,49.849869,-0.51109,6.990611,0,-0.109291,-1.98538,0.760392,1.53574,1.86286
05-08-24,259.339996,260.809998,259.079987,257.372284,289200,250.520395,257.633004,238.554029,-0.673961,0.239788,0.067042,FALSE,TRUE,19.078975,-0.151552,34.450339,15.540386,55.335199,2.992888,-0.07746,1.539187,5.158415,21.301242,16.747096,70.293175,0.479033,2.229526,496.194844,1.334619,1.535467,0.589347,3.817421,-0.136333,-9.420228,0.72424,-8321500,-68.082993,-723861203.351191,-1.338493,50.428525,-1.088619,7.178304,0,-0.139778,-2.594434,0.767689,1.535467,1.380887
05-09-24,260.190002,262.170013,259.420013,259.173187,282500,250.573334,257.622878,238.620896,-0.640814,0.228714,0.067443,TRUE,TRUE,19.001982,-0.164112,43.341145,14.84697,57.557011,0.217472,0.375067,1.593371,4.04986,21.889466,17.842366,77.018023,0.410197,2.205153,505.206267,1.232265,1.507005,0.51913,3.401517,0.85032,-9.420228,0.724192,-8039000,-39.507495,-724194414.910139,-1.347438,72.93576,-2.762483,6.315151,0,-0.131375,-2.440586,0.720506,1.507005,1.702246
05-10-24,263.149994,263.329987,259.410004,257.194183,274200,250.798944,257.54906,238.673933,-0.593396,0.217325,0.067854,FALSE,TRUE,18.875127,-0.169155,31.796621,14.453386,54.357091,-4.432464,0.567468,1.428618,1.258708,22.354423,16.019981,63.176187,1.785726,2.161977,524.813091,1.187437,1.478638,0.483705,3.079337,0.108195,-9.420228,0.73009,-8313200,-51.434644,-724778605.001225,-1.368811,65.445897,-4.874092,6.892868,0,-0.138878,-2.583897,0.695489,1.478638,1.218575
05-13-24,262.339996,262.799988,260.450012,257.79776,255100,251.268467,257.41616,238.745632,-0.5323,0.205695,0.068281,TRUE,TRUE,18.670528,-0.163439,24.070787,14.087914,55.175605,-0.159594,0.759891,1.296833,-0.097318,24.563762,17.421565,66.712077,3.780266,2.086146,543.947136,1.149741,1.448558,0.441396,2.913957,-0.363074,-9.420228,0.706345,-8058100,-53.05484,-725609531.864765,-1.426972,64.32499,-5.720487,9.903537,0,-0.12515,-2.311961,0.664376,1.448558,1.200354
05-14-24,262.76001,264.160004,262.309998,260.726715,472000,251.874542,257.319109,238.815445,-0.455431,0.193798,0.068726,TRUE,TRUE,18.503664,-0.159625,34.172408,14.060453,59.016452,1.45944,1.135639,1.338064,5.191057,24.414251,18.973931,80.657529,4.875805,2.129436,579.104616,1.140993,1.447956,0.447974,3.028555,0.257475,-9.420228,1.296775,-7586100,13.598075,-726889431.173585,-1.537649,66.181009,-2.913382,10.131114,0,-0.075877,-1.420852,0.669308,1.447956,1.528596
05-15-24,267.079987,268.059998,265.100006,265.149841,224300,252.861086,257.400054,238.891385,-0.361976,0.182146,0.069195,TRUE,TRUE,18.508669,-0.155501,46.625535,14.833072,64.029079,9.671988,1.769929,1.577883,4.151805,26.352509,19.508124,85.586152,8.039666,2.185864,629.235949,1.141762,1.439585,0.441903,4.046952,1.007685,-9.420228,0.635465,-7361800,-49.538808,-727106178.424418,-1.488731,72.042634,-2.325735,12.460523,0,-0.024134,-0.449165,0.664758,1.439585,1.952965
05-16-24,267.75,267.75,265.429993,262.646362,235300,253.77589,257.377764,238.961843,-0.259619,0.170425,0.069686,TRUE,TRUE,18.41592,-0.160174,32.371505,15.550504,59.586806,4.411201,2.047001,1.483965,0.85083,18.97169,19.973598,73.186555,7.487645,2.100087,631.982048,1.141951,1.429929,0.431859,3.773837,1.004633,-9.420228,0.678988,-7597100,-35.321605,-727906121.664533,-1.530127,65.770362,-4.052073,6.649411,0,-0.032313,-0.595934,0.657159,1.429929,1.403596
05-17-24,266.450012,266.450012,263.940002,262.369263,510900,254.758472,257.304077,239.052218,-0.153694,0.158537,0.070195,TRUE,TRUE,18.251858,-0.15873,26.32156,15.732721,59.098066,0.081614,2.218649,1.32449,2.332639,18.740103,17.847811,71.814095,8.096511,2.052197,603.111896,1.122004,1.356967,0.401813,3.582582,0.593207,-9.420228,1.727414,-8108000,-66.533473,-729056454.185688,-1.708851,54.588887,-3.18258,5.84653,0,-0.055794,-1.020637,0.633887,1.356967,1.26192
05-20-24,265.559998,267.609985,264.950012,264.546265,242700,255.719786,257.287765,239.15761,-0.043211,0.146463,0.070731,TRUE,TRUE,18.130154,-0.153743,52.351684,16.156453,61.752309,-2.276771,2.50151,1.285881,4.797491,21.553181,18.028715,82.596669,7.837222,2.071509,597.955731,1.126417,-0.00548,0.003957,3.121395,0.762962,-9.420228,0.832947,-7865300,-26.543584,-729372831.269739,-1.747457,60.73932,104.797491,121.553181,,0.061284,0.865391,-0.062906,-0.00548,1.476109
05-21-24,266.350006,267.25,265.959991,263.972321,247100,256.432234,257.315118,239.265151,0.068514,0.134121,0.071286,TRUE,TRUE,18.049966,-0.145625,53.104603,16.549919,60.635145,1.048339,2.648834,1.146564,5.553598,19.738083,18.207911,78.082154,5.705899,1.945279,607.558764,1.119264,-0.005591,0.004176,2.52914,0.463335,-9.420228,0.869244,-8112400,-36.510791,-730381404.487784,-1.941563,67.294595,-0.319069,7.756415,0,0.044036,0.620845,-0.064622,-0.005591,1.241046
05-22-24,265.980011,267.089996,263.700012,261.983368,225000,257.09966,257.287473,239.366978,0.177999,0.121493,0.071857,TRUE,TRUE,17.920494,-0.133934,35.178686,16.137369,56.800252,-2.297814,2.575409,0.858511,2.991968,17.939223,15.985385,49.945388,5.368721,1.848333,590.472335,1.103849,-0.005924,0.004817,2.15709,-0.106568,-9.420228,0.799872,-8337400,-20.913884,-730834278.689957,-1.963438,60.760046,-1.665222,6.678482,0,0.002723,0.038928,-0.069407,-0.005924,0.827085
05-23-24,266.920013,266.920013,259.670013,258.361786,364400,257.655766,257.165853,239.459061,0.276464,0.108629,0.072446,TRUE,TRUE,17.706792,-0.13145,13.756067,15.375752,50.533188,-11.21912,2.199632,0.386187,1.469681,17.735484,15.365561,-7.638193,4.498516,1.857452,543.205829,1.114377,-0.005961,0.004786,1.974261,-0.259762,-9.420228,1.266949,-8701800,53.173602,-731330187.135539,-1.982619,52.725925,-1.949569,6.415357,0,-0.008385,-0.118747,-0.069184,-0.005961,0.129973
05-24-24,263.130005,264.670013,261.929993,261.617279,216400,258.214841,257.204213,239.580705,0.364059,0.09583,0.073056,TRUE,TRUE,17.623508,-0.121514,11.304294,14.668536,55.306913,-5.328233,2.13985,0.261124,1.659256,18.368112,17.90551,28.254893,4.464819,1.815346,522.117109,1.124712,-0.005799,0.004446,1.882547,-0.070178,-9.420228,0.758048,-8485400,-16.576715,-731595981.818393,-2.005632,52.417934,-2.79769,6.553045,0,0.005353,0.075098,-0.06668,-0.005799,0.651662
05-28-24,266.790009,266.790009,262.850006,261.785522,224900,258.651217,257.250089,239.706289,0.440585,0.083466,0.073684,TRUE,TRUE,17.543801,-0.105312,7.852752,13.848577,55.545674,-1.254578,2.082048,0.162658,0.072189,17.683015,18.59045,30.128425,3.448824,1.813237,513.143146,1.110645,-0.006139,0.005106,1.827646,-0.380603,-9.420228,0.803659,-8260500,-33.343213,-731942405.789393,-1.994624,53.34035,-4.111859,6.220277,0,-0.017358,-0.246692,-0.071459,-0.006139,0.610805
05-29-24,261.119995,261.98999,260.660004,258.361786,191000,259.184564,257.266229,239.813229,0.505728,0.071404,0.074327,TRUE,TRUE,17.453,-0.092649,3.328843,13.248742,49.724141,-0.809047,1.739916,-0.14358,-0.507429,16.412213,15.720944,-12.118133,4.306487,1.826206,444.055808,1.121564,-0.006203,0.005111,1.787137,-0.786796,-9.420228,0.691128,-8451500,-26.735712,-732793502.069882,-2.067934,54.629235,-3.204342,6.379271,0,-0.047065,-0.662316,-0.071491,-0.006203,-0.185287
05-30-24,262.5,264.200012,261.600006,259.984589,239900,259.835664,257.301582,239.926463,0.55749,0.059813,0.074982,TRUE,TRUE,17.375119,-0.084512,2.746138,12.54128,52.277213,-3.0297,1.58149,-0.241605,-0.345176,17.855446,17.029769,6.642605,5.272858,1.843394,338.291064,1.103647,-0.005719,0.00449,1.761252,-0.2449,-9.420228,0.875021,-8211600,-15.46864,-733331508.026665,-2.118088,54.159634,-3.432786,6.757351,0,-0.006959,-0.099499,-0.067005,-0.005719,0.044023
05-31-24,263.809998,265.399994,260,260.855377,551100,260.294798,257.268968,240.055415,0.597379,0.048491,0.075649,TRUE,TRUE,17.213552,-0.070379,12.873948,11.857311,53.637717,-1.907957,1.508809,-0.251428,-1.356589,17.567101,18.221699,14.12832,3.648665,1.871704,278.744447,1.096454,-0.005818,0.004709,1.626756,-0.411357,-9.420228,1.931922,-7660500,67.405832,-733708015.839174,-2.095808,63.640993,-4.608605,5.848313,0,-0.018623,-0.268035,-0.068624,-0.005818,0.201109
06-03-24,266,266.230011,260.25,260.014282,619800,260.586705,257.161903,240.196594,0.62291,0.037534,0.076327,TRUE,TRUE,16.965309,-0.053579,7.729457,11.041123,52.092925,2.368784,1.367574,-0.31413,-2.095409,16.772911,16.527784,4.103331,2.296885,1.888038,239.03721,1.09099,-0.006086,0.0052,1.537894,-0.702411,-9.420228,2.045882,-8280300,133.007519,-734376677.915284,-1.997471,66.548125,-4.891829,6.539383,0,-0.039427,-0.570433,-0.072114,-0.006086,-0.23947
06-04-24,261.100006,261.600006,259.079987,256.610352,190000,260.503586,257.048109,240.338957,0.630039,0.026827,0.07701,FALSE,TRUE,16.709152,-0.043195,-14.120698,10.563792,46.283346,-5.993867,0.969797,-0.569526,-1.72048,12.295577,11.582695,-27.50147,-0.643654,1.806133,250.139385,1.10304,-0.006199,0.005277,1.705063,-0.946379,-9.420228,0.632954,-8470300,-22.575387,-734939080.308231,-2.038874,59.964827,-3.807021,3.714742,0,-0.057435,-0.821885,-0.072645,-0.006199,-1.556426
06-05-24,261.149994,264.640015,260.149994,261.716217,186200,260.611937,257.023372,240.499567,0.621865,0.016749,0.077701,TRUE,TRUE,16.523804,-0.028628,-11.509092,10.375454,54.483278,0.845561,1.054402,-0.387937,-0.775201,13.38521,15.101107,30.406302,0.834918,1.789903,250.480869,1.126069,-0.00554,0.004046,1.545079,-0.215404,-9.420228,0.616352,-8284100,25.981055,-734995378.570300,-1.985157,59.574871,-3.288212,4.047622,0,-0.004951,-0.069371,-0.063607,-0.00554,0.440864
06-06-24,263.570007,264.309998,261.730011,259.667938,214100,260.72672,256.959845,240.648264,0.601032,0.007276,0.078399,TRUE,TRUE,16.311581,-0.016079,-10.137999,10.200568,51.112481,-0.980445,0.945277,-0.39765,-2.400148,13.869442,11.530448,6.892752,0.891959,1.803846,239.889827,1.129906,-0.005757,0.004339,1.610378,-0.465784,-9.420228,0.717626,-8498200,-25.968188,-735551720.488423,-1.959228,59.915542,-4.258899,4.275365,0,-0.023498,-0.32813,-0.065868,-0.005757,-0.441362
06-07-24,259.970001,262.059998,258.640015,256.679596,137800,260.60204,256.734829,240.780641,0.563906,-0.001579,0.079107,FALSE,TRUE,15.954189,-0.006398,-17.73031,9.845207,46.584193,0.300848,0.610621,-0.585844,-3.271854,12.832197,8.663036,-21.855352,-0.962133,1.81417,254.428558,1.137848,-0.005955,0.004575,1.78229,-0.825227,-9.420228,0.473361,-8636000,-51.221239,-735847501.217636,-2.001492,65.803588,-4.4326,3.552915,0,-0.050418,-0.699148,-0.067639,-0.005955,-1.541668
06-10-24,257.559998,261.309998,256.839996,258.391449,176600,260.661903,256.543457,240.909327,0.516117,-0.009571,0.079827,TRUE,TRUE,15.63413,-0.00152,-19.461924,9.996017,49.352329,-5.13095,0.478026,-0.574752,-1.604399,12.938581,9.574873,14.903478,0.46551,1.78528,247.296909,1.117856,-0.005632,0.004243,1.696195,-0.257587,-9.420228,0.616986,-8459400,-35.594457,-735901512.197134,-1.943002,60.546599,-2.794945,3.426597,0,-0.008088,-0.114159,-0.065138,-0.005632,-0.918109
06-11-24,258.619995,260.420013,256.899994,257.65918,117200,260.654974,256.378998,241.051964,0.46081,-0.016719,0.080557,TRUE,TRUE,15.327034,0.001879,-19.863117,10.136054,48.201613,-2.910868,0.310278,-0.593999,-2.166741,11.775554,10.049569,7.992033,-0.053755,1.812983,248.159561,1.118404,-0.005645,0.004257,1.161274,-0.305593,-9.420228,0.419568,-8576600,-54.057232,-735968157.605651,-1.854158,55.920743,-2.144842,3.467173,0,-0.011636,-0.164149,-0.065245,-0.005645,-1.207205
06-12-24,266.619995,268.5,263.25,261.741821,345100,260.70573,256.401477,241.208127,0.401684,-0.02288,0.081301,TRUE,TRUE,15.19335,0.00879,-0.713012,10.716636,54.562658,7.978465,0.500997,-0.322624,-1.021377,13.188408,11.032716,42.039652,0.389337,1.988035,249.349244,1.13263,-0.005203,0.003528,1.10244,0.242738,-9.420228,1.264149,-8231500,-26.885593,-736511532.833515,-1.762354,63.357569,-0.673577,4.727203,0,0.028655,0.399068,-0.059395,-0.005203,0.415518
06-13-24,263.570007,263.839996,260.339996,259.690582,254000,260.432767,256.349288,241.347146,0.340954,-0.028356,0.082055,TRUE,TRUE,15.002141,0.013228,4.113083,10.455165,51.163054,1.810725,0.48108,-0.274033,-0.003349,11.952907,8.880977,24.447556,-2.058934,1.900594,227.020526,1.137103,-0.005284,0.003608,1.067213,-0.000382,-9.420228,0.925403,-8485500,13.241195,-736859790.646015,-1.776776,65.271759,0.956863,4.452757,0,0.010759,0.149241,-0.06007,-0.005284,-0.326924
06-14-24,259.309998,259.600006,256.859985,255.825989,431000,260.091748,256.287291,241.448443,0.278412,-0.033282,0.082823,FALSE,TRUE,14.838848,0.018484,-17.594321,10.036171,45.421064,-2.780549,0.151706,-0.482726,-1.41265,6.910578,8.441712,-8.69646,-2.59679,1.832206,242.703338,1.132744,-0.005945,0.004598,1.228341,-0.734135,-9.420228,1.516218,-8916500,83.170421,-737616081.997577,-1.707936,56.175527,-0.240557,1.54926,0,-0.043721,-0.609038,-0.06781,-0.005945,-1.757602
06-17-24,257.559998,261.350006,256.470001,257.847443,349400,259.865657,256.244548,241.551581,0.218656,-0.037419,0.083596,TRUE,TRUE,14.692967,0.032308,-11.326447,9.407103,48.666349,-5.89631,0.053176,-0.465004,0.113632,5.197991,8.421292,11.450054,-1.723456,1.827574,241.428665,1.128211,-0.006033,0.004773,1.278629,-0.809216,-9.420228,1.265094,-8567100,-31.610883,-737768237.101762,-1.577164,57.476906,1.348044,0.761303,0,-0.049121,-0.687056,-0.069087,-0.006033,-0.835946
06-18-24,260.200012,262.209991,260.019989,258.798767,541500,259.578282,256.194313,241.661543,0.162294,-0.040762,0.084372,TRUE,TRUE,14.53277,0.04291,1.35303,9.024741,50.168055,-0.994998,0.051264,-0.373534,0.225321,6.257166,9.587578,19.357989,-2.172587,1.904555,215.608442,1.119828,-0.005821,0.004512,1.267314,-0.454998,-9.420228,1.860026,-8025600,123.114957,-738913655.763450,-1.638613,65.273319,1.518491,0.419581,0,-0.022855,-0.322052,-0.06717,-0.005821,-0.361542
06-20-24,261.040009,262.700012,258.26001,257.015076,232600,259.23042,256.094749,241.752451,0.106409,-0.04334,0.085152,TRUE,TRUE,14.342298,0.05189,-9.148964,8.531244,47.369965,1.948901,-0.093108,-0.414324,-2.084304,5.503465,9.182547,4.53096,-2.635596,1.878913,196.237761,1.122609,-0.005974,0.004728,1.344185,-0.674982,-9.420228,0.800964,-8258200,-5.86807,-739276693.379781,-1.531558,59.87218,0.152219,0.366901,0,-0.03902,-0.548505,-0.068758,-0.005974,-1.128908
06-21-24,259.109985,260.390015,257.359985,257.85733,239200,259.024118,256.12899,241.869611,0.053908,-0.045345,0.085934,TRUE,TRUE,14.259379,0.062396,-9.245004,8.29409,48.821509,0.155161,-0.13797,-0.367349,-2.83011,3.955887,9.63199,11.532246,-1.574923,1.816254,187.255855,1.123567,-0.005911,0.004622,1.398558,-0.587494,-9.420228,0.821683,-8019000,6.311111,-739437369.441339,-1.477636,50.829263,-0.359231,-0.05812,0,-0.032642,-0.45844,-0.067986,-0.005911,-0.623098
06-24-24,260.220001,262.309998,259.890015,257.817719,274000,258.996915,256.123057,241.987164,0.006905,-0.046628,0.08672,TRUE,TRUE,14.135893,0.081735,-6.94514,7.838407,48.753406,-1.414649,-0.174706,-0.323268,-1.708856,6.297556,10.247002,11.202971,-0.210584,1.774218,188.658632,1.093695,-0.006439,0.005788,1.44409,-1.075359,-9.420228,0.95607,-8293000,-24.807903,-740180636.509865,-1.544096,46.151333,-1.088679,-0.362668,0,-0.066562,-0.960852,-0.076081,-0.006439,-0.625042
06-25-24,260.309998,260.579987,258.929993,257.976288,347100,258.814865,256.228943,242.117956,-0.035889,-0.046925,0.087512,TRUE,TRUE,14.110987,0.101946,4.812687,7.397911,49.059741,1.689776,-0.188847,-0.269927,-1.892659,4.335151,12.150404,12.521087,-1.391724,1.779834,179.381216,1.093769,-0.006436,0.005781,1.399532,-1.063087,-9.420228,1.184136,-7945900,60.397412,-740928987.627922,-1.591984,44.271466,-1.150222,-1.193247,0,-0.065754,-0.949122,-0.076031,-0.006436,-0.467483
06-26-24,259,260.410004,258.299988,257.104218,226300,258.5808,256.402881,242.249898,-0.076038,-0.046492,0.088309,TRUE,TRUE,14.152983,0.11776,-19.098735,7.159293,47.382234,-1.439275,-0.267341,-0.278737,-2.183822,2.941518,11.967667,5.271957,-1.788221,1.630405,168.808921,1.090354,-0.006353,0.005668,1.477472,-0.960275,-9.420228,0.771841,-8172200,0.622499,-741411781.253991,-1.61486,39.010469,-1.649725,-2.089582,0,-0.058207,-0.842783,-0.075288,-0.006353,-0.874706
06-27-24,260.339996,263.109985,259.700012,260.62207,220600,258.693814,256.643218,242.396674,-0.106045,-0.045134,0.089115,TRUE,TRUE,14.246544,0.130906,3.724494,7.106625,54.187347,5.433941,-0.045166,-0.04525,-2.727693,3.029174,11.912359,34.514294,0.874852,1.70191,174.727807,1.07549,-0.005803,0.004866,1.466681,-0.149883,-9.420228,0.748621,-7951600,15.497382,-741513080.597097,-1.479525,44.648858,-1.906671,,0,-0.000381,-0.005595,-0.069755,-0.005803,1.103577
06-28-24,264.410004,265.709991,260.880005,260.146393,603200,258.701904,256.937767,242.543286,-0.124919,-0.042757,0.089927,TRUE,TRUE,14.394481,0.146124,15.004464,7.689781,53.185694,4.125952,0.091471,0.07311,-2.915979,2.202304,10.976633,30.560199,0.062236,1.750819,175.393106,1.07245,-0.005948,0.005138,1.382211,-0.354569,-9.420228,1.928142,-8554800,151.438099,-742299517.046433,-1.433322,53.779354,-1.561322,-2.455433,0,-0.014699,-0.216356,-0.071683,-0.005948,0.823572
07-01-24,263.410004,263.609985,259.820007,258.283447,249900,258.573308,257.21643,242.688848,-0.136675,-0.039597,0.090742,TRUE,TRUE,14.527582,0.152688,-0.4644,7.903072,49.339046,1.956811,0.04887,0.024407,-2.857907,1.981175,8.983382,15.074366,-0.98596,1.740205,168.047814,1.063418,0.000726,0.000153,1.384982,-0.215694,-9.420228,0.83921,-8804700,-54.654328,-742752049.545024,-1.518576,52.874263,97.142093,101.981175,,0.007592,0.112421,0.01237,0.000726,-0.172487
07-02-24,260.940002,261.799988,259.940002,258.858215,218000,258.515504,257.539242,242.824542,-0.142059,-0.035654,0.091562,TRUE,TRUE,14.714701,0.162025,5.190924,8.101128,50.52789,-3.659456,0.060786,0.029059,-0.675193,3.853369,8.415686,19.852156,-0.444617,1.736245,164.787055,1.062479,0.000634,0.000117,1.353177,-0.262296,-9.420228,0.785048,-8586700,-64.827364,-743223631.746245,-1.592955,51.688604,-0.17924,-1.252227,0,0.000364,0.005355,0.010804,0.000634,0.207972
07-03-24,261.779999,262.850006,260.820007,258.788849,139700,258.624429,257.808619,242.974697,-0.144085,-0.031174,0.092388,TRUE,TRUE,14.833922,0.173558,-15.4724,8.564431,50.374251,-2.811442,0.063896,0.025735,-1.33862,4.810387,8.284015,25.09578,0.848951,1.54767,158.615534,1.060355,0.000536,0.000084,0.999269,-0.396761,-9.420228,0.507677,-8726400,-26.473684,-743642891.357784,-1.581505,49.332653,-2.133733,-2.054516,0,-0.009244,-0.136125,0.009156,0.000536,0.103659
07-05-24,260.820007,261.630005,259.089996,258.996918,303300,258.488464,257.994091,243.131255,-0.143517,-0.026414,0.093222,TRUE,TRUE,14.862835,0.186729,-4.023052,8.404542,50.856949,1.517903,0.082203,0.035233,0.027462,7.958192,9.831632,27.34761,-1.039026,1.528256,141.443225,1.059826,0.000494,0.000071,1.008557,-0.442115,-9.420228,1.079244,-8423100,62.889366,-743968420.214821,-1.596456,48.791983,-0.376368,1.755372,0,-0.012497,-0.184129,0.008441,0.000494,0.359475
07-08-24,263.100006,264.579987,262.540009,260.780579,299400,258.544096,258.237005,243.302685,-0.137148,-0.021515,0.094059,TRUE,TRUE,14.93432,0.193079,32.679154,9.038358,54.906201,4.378311,0.237895,0.15274,0.306168,8.679296,12.241257,46.65132,0.428486,1.593194,148.346117,1.022626,0.000937,0.000275,0.933236,0.297477,-9.420228,1.04944,-8123700,39.841196,-744784270.210333,-1.618071,57.337224,0.733516,2.550197,0,0.039383,0.601463,0.016591,0.000937,1.507611
07-09-24,263.059998,263.130005,260.910004,259.363586,289000,258.678296,258.479483,243.478591,-0.127549,-0.016089,0.094897,TRUE,TRUE,15.000893,0.200186,10.415326,9.082014,51.290524,0.916272,0.244129,0.127179,-0.745064,8.648101,10.665911,23.995205,1.045658,1.514471,142.621132,1.020697,0.000728,0.000167,0.895352,-0.042078,-9.420228,0.986836,-8412700,109.724238,-745475895.737861,-1.643884,49.830505,-0.049421,3.102189,0,0.016038,0.245389,0.012928,0.000728,0.480497
07-10-24,262.720001,263.970001,261.459991,261.573303,342100,258.837389,258.702234,243.684486,-0.111839,-0.010379,0.095738,TRUE,TRUE,15.017748,0.201639,17.543426,9.347402,56.140965,5.284016,0.422504,0.244444,-0.160303,6.943982,9.50321,50.45886,1.231408,1.508336,156.339833,0.987552,0.001216,0.000498,1.131508,0.748623,-9.420228,1.136054,-8070600,93.714609,-745787108.243940,-1.641417,47.355852,-0.509887,0.478162,0,0.068646,1.085845,0.022314,0.001216,1.749979
07-11-24,268.970001,272.850006,268.359985,269.996155,796600,259.454237,259.040997,243.935103,-0.084683,-0.004301,0.096592,TRUE,TRUE,15.105894,0.20916,57.810831,11.362814,68.867059,13.960858,1.229351,0.841032,5.407436,11.268817,12.018762,81.576194,4.788098,1.642149,291.962426,1.041769,0.002127,0.00137,3.919671,1.957097,-9.420228,2.377201,-7274000,579.692833,-746003144.080519,-1.497312,59.248305,3.595817,3.546231,0,0.156386,2.346417,0.03702,0.002127,3.61071
07-12-24,274.980011,277.910004,274.619995,273.375183,845600,260.035905,259.554604,244.199467,-0.04661,0.002446,0.097464,TRUE,TRUE,15.355137,0.221356,62.093317,13.896158,72.335088,21.044564,2.117038,1.382975,5.912406,12.62007,12.479388,76.874978,4.444594,1.740446,425.349915,1.051476,0.002361,0.001659,4.834303,2.233891,-9.420228,2.348074,-6428400,145.030426,-747488628.763331,-1.524067,68.884986,3.014216,4.365922,0,0.177337,2.636776,0.040729,0.002361,3.136072
07-15-24,278.019989,282.459991,277.230011,278.656799,825900,260.984216,260.188488,244.502094,0.001708,0.010237,0.098358,TRUE,TRUE,15.686394,0.235434,68.927839,16.725791,76.70341,20.562445,3.209719,1.980525,10.27965,15.662327,13.508273,84.258313,7.30339,1.826194,594.884074,1.058424,0.002957,0.00257,6.241502,3.022546,-9.420228,2.124666,-5602500,225.15748,-747863902.039636,-1.415429,72.142109,6.08901,6.621637,0,0.234738,3.469962,0.050695,0.002957,2.970761
07-16-24,283.450012,290.26001,283.450012,287.148987,740600,262.550366,260.898014,244.836239,0.066185,0.019523,0.099278,TRUE,TRUE,16.061775,0.259775,75.641994,19.978599,81.705426,12.838367,4.70667,2.781981,15.596033,19.481245,17.784185,90.265892,12.243869,1.992105,821.204767,1.11596,0.003719,0.003659,8.4505,3.692469,-9.420228,1.832261,-4861900,71.832947,-747799961.194465,-1.259757,79.677932,9.580503,9.538876,0,0.297297,4.171484,0.060489,0.003719,2.995431
07-17-24,286.700012,291.609985,284.179993,282.006104,494300,263.758299,261.454613,245.133725,0.140652,0.029794,0.100223,TRUE,TRUE,16.320888,0.27054,58.130887,23.090456,71.669471,-0.665617,5.415598,2.792728,13.435315,18.284908,14.304488,70.467758,9.369362,2.154984,920.109544,1.141182,0.003607,0.00329,7.98876,3.350536,-9.420228,1.201376,-5356200,41.471093,-748583508.696785,-1.314303,75.862907,7.360312,8.675685,0,0.277633,3.807978,0.057358,0.003607,1.983221
07-18-24,283.850006,287.609985,277.23999,275.99118,493600,264.61792,261.808982,245.408679,0.217008,0.040707,0.101185,TRUE,TRUE,16.400303,0.273671,33.901437,24.13372,62.067122,-14.636288,5.429488,2.245294,12.457148,16.60787,10.85405,51.971678,6.643159,2.314899,951.124115,1.176822,0.003097,0.002278,7.66831,2.528491,-9.420228,1.206698,-5849800,-8.845799,-749195992.556893,-1.256856,69.297338,7.030962,6.329658,0,0.220704,2.932808,0.047724,0.003097,1.19577
07-19-24,279.059998,279.320007,276.019989,274.722809,654400,265.503307,262.112454,245.6907,0.292941,0.052045,0.102162,TRUE,TRUE,16.421754,0.280482,31.600355,24.816723,60.234431,-21.470994,5.277315,1.674496,12.429913,15.5029,10.567463,48.071395,6.889764,2.27985,959.012048,1.161028,0.002654,0.001717,7.336499,2.049128,-9.420228,1.521365,-6504200,181.341359,-750364859.221710,-1.288902,59.803593,7.351524,5.633245,0,0.180367,2.428365,0.04144,0.002654,0.961354
07-22-24,278.5,282.299988,276.070007,279.172058,487200,266.569043,262.54845,246.01375,0.371408,0.063779,0.103156,TRUE,TRUE,16.5347,0.291353,42.880376,25.787179,64.224978,-7.444493,5.452876,1.480046,15.019286,16.286403,13.43628,61.752978,8.266093,2.340414,987.579641,1.173235,0.003047,0.002219,6.867127,2.491325,-9.420228,1.100917,-6017000,103.67893,-750366883.016678,-1.234862,64.720118,9.754097,6.383907,0,0.217063,2.893137,0.047106,0.003047,1.276152
07-23-24,280.820007,286.119995,280.570007,282.105225,349300,267.783418,263.00709,246.349937,0.455449,0.076096,0.104174,TRUE,TRUE,16.657153,0.302971,45.518037,27.081047,66.604286,4.537164,5.762268,1.431551,14.994796,15.091975,14.977468,70.772559,9.420418,2.402962,1022.995821,1.173964,0.003313,0.002621,6.359592,2.853028,-9.420228,0.782649,-5667700,27.481752,-750522938.844724,-1.158659,68.39792,10.534642,5.567913,0,0.245773,3.274886,0.051193,0.003313,1.399987
07-24-24,282.540009,285.690002,277.670013,275.515594,530700,268.660384,263.373519,246.653718,0.53593,0.088577,0.105212,TRUE,TRUE,16.7198,0.307265,29.043348,27.583414,57.372541,-2.86189,5.413334,0.866093,10.328324,12.557869,12.436032,50.509236,6.798806,2.564868,1009.589346,1.211005,0.002745,0.001689,5.886369,1.973003,-9.420228,1.165132,-6198400,52.895419,-751338763.957072,-1.142713,62.90688,7.215635,4.2384,0,0.181344,2.340553,0.041101,0.002745,0.67901
07-25-24,278.51001,285.029999,277.75,277.556885,618700,269.683017,263.768701,246.954839,0.61252,0.101104,0.106273,TRUE,TRUE,16.813862,0.317957,31.232292,28.049898,59.256487,-4.968491,5.2411,0.555087,11.63233,14.412648,12.919924,54.224401,7.95501,2.717739,989.76377,1.207872,0.002688,0.001628,5.346101,1.911058,-9.420228,1.302238,-5579700,173.398144,-751990288.247056,-1.113281,68.196799,7.836677,6.225837,0,0.175876,2.275754,0.040348,0.002688,0.79553
07-26-24,284.790009,287.119995,282.26001,282.382629,403200,270.771045,264.201819,247.276047,0.689742,0.113801,0.107359,TRUE,TRUE,16.925772,0.326108,34.58118,28.736201,63.377221,-3.227065,5.431391,0.596303,14.214127,15.643427,14.516484,69.943448,8.349469,2.77197,1004.412558,1.186914,0.003289,0.002527,4.77016,2.804787,-9.420228,0.832654,-5176500,82.774252,-752373142.410269,-1.121363,68.71769,9.540798,6.881117,0,0.244316,3.219701,0.050269,0.003289,1.156057
07-29-24,285.600006,287.200012,280.880005,279.608063,364200,271.744128,264.490984,247.570614,0.762832,0.126716,0.108466,TRUE,TRUE,16.92037,0.326542,31.718613,29.011249,59.642263,2.269722,5.29725,0.369729,11.64861,14.646365,14.848608,60.19262,7.481045,2.900908,990.235628,1.19531,0.003178,0.002326,4.06929,2.633037,-9.420228,0.771145,-5540700,-39.622016,-752883937.596996,-1.120554,67.866712,7.503531,6.077291,0,0.232108,3.036782,0.048227,0.003178,0.794148
07-30-24,283.769989,285.959991,280.309998,279.865692,424900,272.823241,264.83537,247.872729,0.829694,0.139706,0.109595,TRUE,TRUE,16.962641,0.333567,29.564346,29.113959,59.878699,0.622211,5.152338,0.179854,10.593498,12.277071,13.414315,49.486911,8.356031,2.942788,952.712673,1.174523,0.002821,0.001898,3.369301,2.270773,-9.420228,0.883304,-5115800,70.028011,-753375664.349868,-1.104246,62.961618,6.179009,3.932523,0,0.19962,2.657091,0.043564,0.002821,0.7392
07-31-24,284.390015,290.329987,282.100006,281.381775,343100,273.949419,265.215621,248.208257,0.890304,0.152694,0.110747,TRUE,TRUE,17.007364,0.345754,20.713793,29.792948,61.314984,-2.062238,5.101028,0.102835,13.600177,14.152503,12.569901,39.798609,8.701118,2.906309,911.164025,1.170672,0.002738,0.0018,3.015222,2.175861,-9.420228,0.704098,-4772700,57.385321,-753778649.091043,-1.083032,60.912337,6.701266,4.659797,0,0.191504,2.557247,0.04243,0.002738,0.815699
08-01-24,284.029999,285.600006,273.190002,272.651825,763700,274.642567,265.377732,248.509995,0.939327,0.165264,0.111916,TRUE,TRUE,16.867737,0.349061,-1.199255,28.393101,50.176217,-9.466046,4.30629,-0.553522,10.402071,12.901232,9.694857,-2.921705,5.356868,3.117154,839.689648,1.229428,0.002081,0.000941,3.044456,1.05736,-9.420228,1.472931,-5536400,446.671439,-754608586.968240,-1.057465,50.475463,5.274418,4.15257,0,0.108129,1.37384,0.030679,0.002081,-0.237081
08-02-24,265.369995,267.119995,262.549988,262.732727,647900,274.829358,265.35294,248.744242,0.964784,0.177065,0.113097,FALSE,TRUE,16.608698,0.337472,-24.515631,27.279312,41.051067,-18.827632,2.843291,-1.613217,4.394614,6.822389,7.547637,0.628834,1.442415,3.262488,806.555271,1.319298,0.001742,0.000572,3.715956,0.156645,-9.420228,1.2094,-6184300,113.616881,-755204672.274417,-1.048706,40.674079,1.898455,0.644291,0,0.035794,0.423651,0.023922,0.001742,-1.499789
08-05-24,250.029999,260.279999,248.190002,254.775604,654100,274.529109,265.208785,248.927661,0.962258,0.187688,0.114279,FALSE,TRUE,16.281124,0.308972,-50.253848,27.694567,35.477162,-25.837822,1.029908,-2.74128,0.235843,3.937971,4.644481,15.167214,-2.302692,3.446793,870.266602,1.372909,0.011517,0.034003,3.589637,-0.271486,-11.274072,1.181849,-6838400,118.470274,-755146176.170773,-0.936111,30.992479,100.235843,103.937971,,0.05153,0.596117,0.184399,0.011517,-2.269822
08-06-24,259.170013,264.309998,256.320007,258.37265,898800,274.479562,265.209002,249.152678,0.937105,0.197252,0.115465,FALSE,TRUE,16.056324,0.289566,-37.588672,27.455463,39.477758,-10.698459,-0.115627,-3.109452,0.038686,6.652367,6.56118,24.163862,-0.382065,3.456984,879.587376,1.382174,0.011386,0.033349,4.248311,-0.133352,-11.274072,1.539186,-5939600,211.00346,-755583169.506551,-0.86543,40.778341,0.761531,0.617208,0,0.039577,0.454693,0.182617,0.011386,-1.83119
08-07-24,265.079987,265.079987,255.830002,254.072037,568500,274.104499,265.058097,249.372707,0.885345,0.205783,0.116653,FALSE,TRUE,15.68539,0.259799,-35.839276,27.114949,36.559146,-4.491921,-1.354877,-3.478961,-2.110258,3.784846,5.154447,13.958321,-2.867749,3.484012,950.640404,1.395487,0.011221,0.031775,4.986152,-0.302887,-11.51909,0.955037,-6508100,66.17948,-756367757.031109,-0.888734,40.613191,-1.121656,-1.695242,0,0.022878,0.260124,0.178255,0.011221,-2.10726
08-08-24,259.869995,263.589996,257.859985,260.800415,491300,273.644712,265.038395,249.640182,0.813798,0.213626,0.117845,FALSE,TRUE,15.398214,0.242259,-20.898355,26.798756,43.586209,8.109048,-1.773622,-3.118165,1.331974,6.559097,8.691641,29.925053,-3.405878,3.563638,992.857311,1.436854,0.011811,0.033164,5.339341,0.15025,-11.51909,0.847069,-6016800,-38.325383,-756354823.057068,-0.892386,47.915088,0.507275,-0.564155,0,0.067929,0.749899,0.182111,0.011811,-1.29367
08-09-24,263.869995,264.799988,261.970001,261.345398,369000,273.043223,265.098067,249.918663,0.721503,0.2209,0.119044,FALSE,TRUE,15.179405,0.23041,-28.424738,26.297139,44.126057,4.648299,-2.038013,-2.706045,0.838131,4.921934,10.138207,31.218321,-4.400467,3.458427,1030.30895,1.429718,0.011643,0.032573,5.690394,-0.020578,-11.51909,0.663466,-5647800,-56.362346,-756886706.237812,-0.844893,46.902398,0.161895,-2.612713,0,0.0507,0.56247,0.180479,0.011643,-1.135371
08-12-24,264.26001,264.51001,260.950012,259.9086,268500,272.105813,265.096548,250.177882,0.61123,0.227506,0.120244,FALSE,TRUE,14.918665,0.223668,-36.257778,25.952224,42.958881,6.399735,-2.336547,-2.403663,1.055396,2.327388,9.819584,27.808737,-6.728061,3.384437,1061.367226,1.414242,0.011219,0.030957,6.074888,-0.441027,-11.51909,0.508234,-5916300,-67.490011,-757312295.793250,-0.894226,42.590052,-0.185052,-5.121934,0,0.00904,0.101375,0.175945,0.011219,-1.149198
08-13-24,264.320007,267.049988,262.850006,264.070404,978400,270.951884,265.160848,250.480144,0.492477,0.233434,0.121447,FALSE,TRUE,14.680704,0.219796,-19.467554,25.167424,47.306662,3.720453,-2.211818,-1.823148,2.433165,2.333478,11.434466,37.684878,-8.037146,3.307332,1013.589349,1.424296,0.011737,0.033367,6.283765,0.034922,-11.51909,1.811215,-4937900,32.109101,-757722104.098427,-0.918394,52.717646,-0.060042,-5.923094,0,0.056215,0.626295,0.182666,0.011737,-0.678922
08-14-24,267.670013,267.730011,263.609985,262.197571,384600,269.961457,265.204514,250.774717,0.366014,0.238445,0.122649,FALSE,TRUE,14.429797,0.212306,-26.200306,24.313848,45.621464,1.495407,-2.238291,-1.479696,0.564137,5.784479,10.474426,33.240564,-7.02415,3.184001,996.523885,1.42732,0.011614,0.032541,6.551854,-0.077059,-11.51909,0.719275,-5322500,-22.193,-758370398.883065,-0.915167,46.007199,-2.585232,-5.724568,0,0.045014,0.500269,0.180392,0.011614,-0.779097
08-15-24,270.540009,272.899994,269.049988,269.124146,585300,269.618105,265.45479,251.114325,0.238891,0.242993,0.123852,TRUE,TRUE,14.340465,0.21987,-21.834196,22.626114,52.378223,9.419343,-1.680976,-0.737905,1.49889,5.712926,14.489311,49.677624,-2.488136,3.132292,986.434152,1.463687,0.021953,0.075036,6.383369,0.25239,-11.51909,1.085316,-4737200,18.577796,-758933151.121149,-0.902776,47.151973,-2.928781,-5.479089,0,0.091602,1.014494,0.273927,0.021953,-0.050075
08-16-24,271.179993,273.570007,270.450012,269.431274,283800,269.353529,265.609091,251.451722,0.114449,0.247037,0.125053,TRUE,TRUE,14.157369,0.22671,-17.469069,21.070404,52.659112,5.352449,-1.200677,-0.206085,2.583288,3.456097,16.24516,50.406455,-1.926136,3.079036,979.090967,1.463329,0.021957,0.075102,6.481314,0.312311,-11.51909,0.544973,-4453400,-56.632029,-759402283.325069,-0.867715,51.528103,-1.871971,-6.120501,0,0.09197,1.027625,0.274048,0.021957,0.007941
08-19-24,272.029999,275.48999,272.029999,272.919373,537000,269.040894,265.87412,251.795912,-0.003422,0.250724,0.126252,TRUE,TRUE,14.078208,0.235595,-11.297306,19.943413,55.844525,10.223062,-0.532438,0.369723,4.021092,6.447529,19.629136,58.683862,-2.239725,3.03201,955.79486,1.468275,0.022308,0.076947,6.529375,0.680313,-11.51909,1.026278,-3916400,10.221675,-759663216.909482,-0.888326,57.965238,0.065514,-3.241427,0,0.128218,1.428553,0.277393,0.022308,0.405786
08-20-24,275,275.380005,271.549988,270.164581,304500,268.443862,266.143819,252.123271,-0.114364,0.253639,0.127447,TRUE,TRUE,14.020549,0.233217,-17.883068,18.807201,52.821612,0.443388,-0.222577,0.543667,2.123756,7.023134,17.670508,58.739847,-4.232691,2.887523,905.884345,1.462763,0.022345,0.077788,4.010688,0.750341,-11.51909,0.584442,-4220900,-12.825651,-760188006.410845,-0.927532,53.61889,,-2.294159,0,0.134675,1.506808,0.278905,0.022345,0.189949
08-21-24,274.579987,276.940002,272.820007,274.167877,413100,268.376476,266.459348,252.450089,-0.213416,0.255923,0.128643,TRUE,TRUE,14.009259,0.242263,2.613948,18.026869,56.506178,3.847066,0.342079,0.886659,3.862358,9.630456,19.240407,90.357825,-0.489162,2.698564,900.834227,1.466059,0.022378,0.077652,4.378285,0.788672,-11.51909,0.801933,-3807800,-22.159412,-760330812.379557,-0.872794,62.127565,-0.034123,-0.36752,0,0.138673,1.547816,0.278661,0.022378,0.642893
08-22-24,277.269989,277.880005,273.170013,271.145569,246800,268.05591,266.729076,252.732711,-0.300473,0.257488,0.129839,TRUE,TRUE,13.996365,0.245943,16.462915,17.469063,53.132459,-2.712067,0.53948,0.867247,3.497245,6.59385,17.784809,77.317496,-2.309911,2.586604,877.552549,1.474102,0.022191,0.075552,4.244243,0.574973,-11.51909,0.497045,-4054600,-60.109908,-760789771.117902,-0.886089,65.605476,-0.535983,-2.284404,0,0.117856,1.307004,0.274868,0.022191,0.352077
08-23-24,275.920013,282.040009,275.269989,278.666687,548600,267.870113,267.067573,253.065163,-0.370559,0.258909,0.131037,TRUE,TRUE,14.00241,0.25563,47.154286,17.642348,59.597222,6.77561,1.287965,1.292587,7.859096,9.44428,19.777198,87.129643,-1.315925,2.423279,849.095617,1.503365,0.022888,0.07718,5.102586,1.282109,-11.51909,1.088913,-3506000,36.061508,-760787876.835536,-0.835118,74.419501,2.159304,0.130348,0,0.189527,2.060561,0.277813,0.022888,1.271538
08-26-24,283.220001,283.730011,280.859985,278.656799,260300,267.82255,267.446897,253.395299,-0.421597,0.260072,0.132233,TRUE,TRUE,14.051598,0.266922,43.085698,18.060928,59.585585,3.079407,1.858919,1.490832,6.513148,8.280474,21.614267,81.816452,-0.340213,2.308757,842.414541,1.502081,0.022759,0.076435,4.716792,1.171945,-11.51909,0.522051,-3766300,-28.528281,-761447817.394843,-0.858775,71.972555,1.018639,-1.915869,0,0.17849,1.94168,0.27647,0.022759,1.286095
08-27-24,279.5,280.299988,278.299988,276.952362,225700,267.676884,267.869425,253.72904,-0.45178,0.26101,0.133428,TRUE,TRUE,14.140385,0.275858,51.436762,17.845892,57.501373,4.368915,2.149097,1.424808,5.793613,5.869984,20.148057,73.801151,-1.040974,2.135982,822.784142,1.504826,0.022611,0.07515,4.087935,1.003378,-11.51909,0.461885,-3992000,-46.881619,-761977676.522651,-0.880181,75.772416,0.259868,-4.079343,0,0.162234,1.760668,0.274135,0.022611,1.127328
08-28-24,278.290009,279.579987,275.76001,274.286835,393000,267.322137,268.198213,254.065671,-0.46151,0.261506,0.134617,TRUE,TRUE,14.132541,0.278105,33.366051,17.086237,54.302429,-5.294792,2.139319,1.132024,6.163856,5.62515,18.284825,58.546195,-2.521464,2.008355,774.460972,1.510209,0.022506,0.073941,3.73518,0.887677,-11.51909,0.800171,-4385000,14.543865,-762673797.627042,-0.905552,68.557464,-0.734983,-4.156657,0,0.150738,1.629124,0.271921,0.022506,0.899296
08-29-24,278.920013,282.149994,277.290009,276.516388,244600,267.515365,268.552565,254.400436,-0.44757,0.261564,0.1358,TRUE,TRUE,14.152129,0.277444,36.032048,16.838948,56.483175,-3.10241,2.285134,1.022271,6.358761,5.991636,17.383481,68.333523,1.417399,2.091964,793.05623,1.501464,0.02284,0.077025,3.351775,1.266765,-11.51909,0.525807,-4140400,-67.971717,-762996269.302123,-0.901533,67.970918,0.035346,-3.614632,0,0.188049,2.046981,0.277533,0.02284,1.134979
08-30-24,280.200012,281.339996,277.420013,278.260406,327500,268.291749,268.977472,254.742492,-0.408872,0.261191,0.136978,TRUE,TRUE,14.23498,0.28719,43.270952,16.609322,58.164958,0.663585,2.512459,0.999677,6.672291,5.225186,17.300703,73.804582,5.910067,2.111289,819.34165,1.48316,0.022561,0.077078,2.828319,1.039968,-11.51909,0.729123,-3812900,-49.452076,-763183345.868881,-0.888157,72.8974,0.884538,-4.002802,0,0.163737,1.805121,0.27763,0.022561,1.216667
09-03-24,279.200012,280.410004,270.609985,268.638611,352100,268.984899,269.193097,254.981866,-0.355181,0.260172,0.138146,FALSE,TRUE,14.211231,0.276772,9.54267,15.871693,47.303343,-6.999086,1.89438,0.305279,3.316867,1.151956,13.442258,24.993137,5.441261,2.2576,755.099996,1.549279,0.022287,0.068898,2.639071,0.538732,-11.51909,0.811159,-4165000,-46.17031,-763677102.944119,-0.982667,62.883511,-2.234058,-7.350616,0,0.117166,1.231022,0.262484,0.022287,-0.04586
09-04-24,269.670013,273.73999,268.399994,268.698029,194000,269.501168,269.410703,255.220552,-0.28656,0.258396,0.139298,FALSE,TRUE,14.190152,0.260887,14.113649,15.572975,47.368704,-9.11447,1.393282,-0.156656,4.710518,2.908994,12.504382,1.944125,3.996312,2.289531,712.839467,1.541011,0.02243,0.07053,2.320327,0.743005,-11.51909,0.486423,-3971000,-78.415665,-763849447.975865,-1.036316,65.176691,-1.41232,-5.428139,0,0.137531,1.453808,0.265574,0.02243,-0.112668
09-05-24,271.23999,271.920013,268,266.835114,314900,270.139322,269.58788,255.466536,-0.207258,0.25602,0.14043,FALSE,TRUE,14.121344,0.244182,-5.583782,15.365744,45.464672,-12.700286,0.836197,-0.570992,1.955896,1.165532,13.825209,-7.405503,5.023409,2.123959,618.304621,1.542355,0.022201,0.069001,2.415357,0.509024,-11.51909,0.815486,-4285900,-44.608619,-764351501.799502,-1.033762,56.548022,-3.289314,-6.724501,0,0.113462,1.197638,0.26268,0.022201,-0.534398
09-06-24,269.820007,271.100006,262.779999,261.345398,283600,270.166571,269.672704,255.670972,-0.128865,0.252987,0.141535,FALSE,TRUE,14.001731,0.216767,-17.51066,16.01645,40.321186,-6.982158,-0.047721,-1.163928,0.646002,-1.769651,11.539619,-6.847733,0.208966,2.274458,614.07792,1.565975,0.021965,0.065541,2.794479,0.201633,-11.51909,0.754727,-4569500,-42.275595,-764732902.866149,-1.114803,50.598325,-3.474016,-7.825001,0,0.082077,0.85182,0.25601,0.021965,-1.436491
09-09-24,265.070007,267.920013,264.149994,263.337158,369500,270.266159,269.727005,255.876987,-0.053315,0.249395,0.142614,FALSE,TRUE,13.850018,0.199333,-21.446057,16.620678,42.847518,-4.521186,-0.580818,-1.357621,2.593725,-0.762992,13.596588,2.659471,0.762118,2.271249,600.483859,1.555755,0.02184,0.065711,3.109148,0.0631,-11.51909,0.983262,-4200000,0.135501,-765261735.085098,-1.114323,48.630834,-3.768378,-8.359688,0,0.067117,0.701373,0.256342,0.02184,-1.153903
09-10-24,265.809998,266.720001,262.23999,262.802063,254400,270.410832,269.780119,256.093784,0.013676,0.245394,0.143669,FALSE,TRUE,13.686334,0.177455,-17.339547,17.474391,42.329091,-3.135581,-1.034554,-1.449085,1.70695,0.075165,13.907257,2.615506,1.113262,2.29354,577.252447,1.552461,0.021888,0.06628,3.364069,0.162162,-11.51909,0.678246,-4454400,-5.251397,-765452299.836019,-1.085088,49.264646,-4.130698,-7.022529,0,0.076933,0.805835,0.257449,0.021888,-1.318101
09-11-24,264.029999,267.470001,260.899994,264.704651,194800,270.442545,269.908543,256.312207,0.065449,0.241143,0.1447,FALSE,TRUE,13.596336,0.151974,-23.446962,18.467999,44.882667,4.561482,-1.226481,-1.31281,2.734415,0.508426,14.458531,16.665152,0.240181,2.271512,573.749486,1.541986,0.022269,0.06953,3.594979,0.54282,-11.51909,0.579926,-4259600,-80.089943,-765421484.507572,-1.146065,46.530854,-4.914028,-7.116443,0,0.115911,1.224092,0.263686,0.022269,-1.00007
09-12-24,268.549988,272.170013,266.48999,268.063843,300000,270.735858,270.092655,256.540278,0.10654,0.236898,0.145712,FALSE,TRUE,13.552377,0.134932,-7.572363,18.175643,49.16272,6.315202,-1.094905,-0.944987,2.415365,1.369318,16.133403,31.379078,2.237348,2.316467,543.582691,1.547015,0.022412,0.069979,3.665736,0.622953,-11.51909,0.9045,-3959600,-21.99688,-765555233.157658,-1.083114,52.946622,-6.033345,-6.702208,0,0.12417,1.307195,0.264535,0.022412,-0.491556
09-13-24,273.869995,277.929993,273.359985,274.712921,263800,271.015297,270.411137,256.804157,0.145037,0.232856,0.146711,TRUE,TRUE,13.606979,0.129835,-9.927854,17.04282,56.382629,14.053538,-0.44893,-0.23921,5.784707,5.781164,19.872452,60.503359,2.076653,2.233663,549.197387,1.577494,0.022805,0.069606,3.682527,0.965048,-11.51909,0.835868,-3695800,-54.929096,-765662838.895221,-1.066174,49.459312,-4.392447,-3.338055,0,0.161738,1.668428,0.263829,0.022805,0.673278
09-16-24,277.790009,278.959991,275.940002,275.109283,517600,271.299197,270.733384,257.076723,0.181311,0.228816,0.147697,TRUE,TRUE,13.656661,0.121481,-8.822152,16.181639,56.776708,11.894041,0.09391,0.242904,7.537661,6.018529,18.725157,66.867245,2.107405,2.209252,555.220853,1.573987,0.022935,0.070719,3.584916,1.107304,-11.51909,1.581472,-3178200,82.381959,-766465194.998254,-1.078999,52.530229,-3.554609,-3.771635,0,0.176241,1.822971,0.265931,0.022935,0.686229
09-17-24,279.700012,282.600006,278.290009,277.140656,703800,271.510262,271.060586,257.353037,0.212738,0.224917,0.148669,TRUE,TRUE,13.707549,0.116878,0.464482,16.02148,58.829709,9.666989,0.680189,0.663347,7.482414,7.604548,21.150263,74.841717,1.546714,2.334573,569.542788,1.575772,0.022998,0.070929,3.584328,1.175003,-11.51909,2.096952,-2474400,31.061453,-767544361.642734,-1.174082,62.351851,-3.50208,-2.009941,0,0.1836,1.896995,0.266325,0.022998,0.988581
09-18-24,279.059998,286.519989,278.359985,277.140656,598500,271.859065,271.416127,257.625407,0.236008,0.221217,0.149626,TRUE,TRUE,13.79072,0.111137,7.535265,16.478362,58.829709,2.447079,1.131773,0.891944,7.087317,7.328607,21.720941,63.390573,2.582157,2.477857,582.091183,1.575749,0.023027,0.071062,3.565574,1.1776,-11.51909,1.708389,-2474400,96.551724,-768321726.490315,-1.160865,72.086906,-3.461486,-1.790612,0,0.184652,1.908023,0.266575,0.023027,0.907348
09-19-24,286.429993,287.48999,283.019989,283.175385,715500,272.309441,271.848169,257.898718,0.259513,0.217837,0.150571,TRUE,TRUE,13.949451,0.114483,15.977231,17.044372,64.619614,7.842907,1.954083,1.371404,10.178511,7.882056,25.025167,83.773575,3.285398,2.487763,633.473709,1.597654,0.023491,0.071908,4.972933,1.511868,-11.51909,1.95786,-1758900,73.202614,-768987479.082943,-1.184385,74.639416,-1.774405,-1.567008,0,0.222092,2.263374,0.268157,0.023491,1.715295
09-20-24,285.910004,285.910004,283.23999,281.431396,369600,272.823732,272.076873,258.151772,0.279388,0.214562,0.151503,TRUE,TRUE,13.925101,0.112093,7.608305,17.569953,61.909933,3.080224,2.436953,1.483419,9.14229,6.053444,25.536791,77.214763,3.793471,2.45016,664.519832,1.599547,0.023443,0.071451,4.953986,1.464124,-11.51909,0.994645,-2128500,49.756888,-769857792.856931,-1.220165,67.855677,-2.910372,-3.230533,0,0.217135,2.209758,0.267303,0.023443,1.295321
09-23-24,285.309998,285.899994,281.73999,280.212524,269400,272.901024,272.21362,258.412635,0.290264,0.211615,0.15242,TRUE,TRUE,13.800985,0.112314,34.782521,17.668198,60.015764,1.186056,2.690266,1.389386,8.686294,6.829002,27.1415,72.630813,0.554726,2.324915,672.52439,1.593442,0.023096,0.06992,4.768421,1.170636,-11.51909,0.753293,-2397900,-50.893183,-770325028.880846,-1.333383,68.778969,-2.052079,-3.222597,0,0.18514,1.890409,0.264423,0.023096,1.087173
09-24-24,283.579987,283.940002,280.709991,280.995331,242300,273.01795,272.260391,258.680172,0.294495,0.209114,0.153329,TRUE,TRUE,13.580219,0.111925,36.170159,17.49248,60.844343,-3.775272,2.920519,1.295711,8.92293,6.86139,27.799084,75.574801,0.839216,2.277448,684.975843,1.593006,0.023167,0.070385,4.573095,1.247668,-11.51909,0.679225,-2155600,-6.915098,-770524519.289100,-1.272209,68.046792,-2.115161,-3.352313,0,0.193202,1.973629,0.265301,0.023167,1.164622
09-25-24,283.529999,283.529999,280.01001,278.365417,176000,273.088603,272.08472,258.928052,0.289622,0.206778,0.154227,TRUE,TRUE,13.156667,0.102907,33.165964,17.144336,56.600703,-5.309229,2.85784,0.986426,8.269487,5.905074,26.241404,65.68419,0.510216,2.2887,689.958273,1.595262,0.037017,0.091328,4.329077,1.209447,-11.51909,0.496831,-2331600,-22.020381,-770864979.030913,-1.254401,69.697133,-2.554364,-4.326869,0,0.170814,1.76246,0.302206,0.037017,0.764802
09-26-24,283.660004,284.529999,280.619995,279.69577,419800,273.35905,272.038513,259.173957,0.274873,0.204622,0.155112,TRUE,TRUE,12.864556,0.095929,59.956566,17.029695,58.189307,-1.826457,2.88229,0.8087,7.318528,4.391208,28.22361,70.687397,1.972,2.222769,705.331823,1.595834,0.037076,0.091577,3.821499,1.251354,-11.51909,1.18059,-1911800,6.819338,-771483238.995167,-1.238725,75.58572,-3.347285,-5.366015,0,0.175778,1.82897,0.302617,0.037076,0.898403
09-27-24,284.559998,286.279999,282.549988,281.383575,340800,273.602409,272.146361,259.424653,0.257574,0.202572,0.155987,TRUE,TRUE,12.721708,0.090442,59.554898,17.280772,60.180743,-0.663599,3.003239,0.74372,8.163551,5.009524,27.715817,77.034917,1.76018,2.20968,724.923376,1.59678,0.037213,0.092066,3.335689,1.355039,-11.51909,0.945629,-1571000,39.329518,-772037182.244093,-1.254306,75.563155,-2.715197,-4.367196,0,0.18761,1.951258,0.303424,0.037213,1.073378
09-30-24,282.649994,285.070007,281.149994,281.959381,448500,273.787358,272.291092,259.67463,0.246023,0.200612,0.156851,TRUE,TRUE,12.616463,0.084996,63.136154,17.095649,60.865563,4.26486,3.109708,0.680151,9.166648,6.046767,26.718268,79.200414,1.329321,2.190981,741.951315,1.596766,0.037221,0.092124,2.728129,1.375635,-11.51909,1.223922,-1122500,36.946565,-772300473.612007,-1.243997,72.666644,,-3.322983,0,0.189207,1.967914,0.30352,0.037221,1.101423
10-01-24,283.079987,283.079987,278.119995,278.266113,306400,274.268733,272.272973,259.869512,0.244028,0.1987,0.157702,TRUE,TRUE,12.403462,0.075243,42.203443,16.090557,54.402723,-3.786584,2.863066,0.346807,7.497501,6.771686,25.912051,56.076776,3.583812,2.178733,738.00925,1.606245,0.036896,0.089494,2.149042,1.038325,-11.51909,0.841388,-1428900,-12.979267,-772588820.917411,-1.223599,67.864983,-3.229119,-3.405783,0,0.154884,1.599461,0.299156,0.036896,0.541644
10-02-24,279.209991,281.519989,277.950012,278.752594,248300,274.771461,272.205921,260.037741,0.249422,0.19682,0.158538,TRUE,TRUE,12.16818,0.062914,36.529209,15.112315,55.079332,-5.101412,2.676008,0.127799,7.714299,6.272414,27.681567,38.164238,3.741957,2.075114,732.288081,1.603885,0.036985,0.090183,1.660872,1.158324,-11.51909,0.676797,-1180600,27.989691,-772725478.142944,-1.20968,63.242464,-1.466419,-3.776415,0,0.167041,1.728037,0.300305,0.036985,0.543657
10-03-24,278.630005,280.470001,277,276.191132,225700,275.239262,272.219431,260.200902,0.263649,0.194985,0.159357,TRUE,TRUE,12.01853,0.049053,5.872155,14.121091,50.804602,-10.060961,2.294623,-0.202868,6.638772,6.668057,28.723147,2.174281,3.506292,1.928942,708.415643,1.60672,0.036654,0.088238,1.598469,0.864674,-11.51909,0.622767,-1406300,-28.326453,-773056400.929980,-1.200957,59.01404,-3.058296,-3.472,0,0.137629,1.420086,0.297049,0.036654,0.134366
10-04-24,282.429993,283.579987,280.220001,280.837524,217500,276.213869,272.285044,260.387048,0.28456,0.193423,0.16016,TRUE,TRUE,11.897996,0.056273,19.468418,13.827625,57.281261,2.878538,2.340321,-0.125737,7.691119,8.020835,30.702482,36.582726,7.458378,1.976937,637.769177,1.567959,0.036318,0.091061,1.422759,0.62657,-11.51909,0.605664,-1188800,-23.307475,-773193953.382296,-1.178058,56.755509,-2.716523,-1.914982,0,0.110993,1.175999,0.301763,0.036318,0.724973
10-07-24,282.51001,282.51001,278.5,278.156921,215000,276.954857,272.20053,260.537608,0.308535,0.191904,0.160947,TRUE,TRUE,11.662922,0.064224,3.379388,13.067395,52.95019,-2.129142,2.135616,-0.264353,7.245942,6.446891,29.520282,11.028813,5.627676,1.906606,561.861851,1.565832,0.03593,0.089412,1.387149,0.254676,-11.51909,0.611864,-1403800,-41.813261,-773445742.271185,-1.164536,47.936108,-3.24826,-3.278666,0,0.073481,0.77919,0.299018,0.03593,0.213943
10-08-24,280.329987,282.359985,280,279.457489,235200,277.787628,272.197519,260.722179,0.336634,0.190319,0.161721,TRUE,TRUE,11.47534,0.082993,7.38479,12.361467,54.738318,3.933716,2.054646,-0.276258,6.83716,6.665897,28.585143,23.42699,6.337631,1.765429,454.16206,1.547159,0.035634,0.090141,1.312598,0.00732,-11.51909,0.671185,-1168600,-7.54717,-773789077.335583,-1.189524,43.685077,-1.963399,-2.515012,0,0.048445,0.520336,0.300235,0.035634,0.36768
10-09-24,281.290009,283.670013,280.470001,280.152466,186500,278.560019,272.203254,260.886655,0.365174,0.18885,0.162481,TRUE,TRUE,11.3166,0.11725,-11.611741,12.065397,55.707036,-1.574225,2.023233,-0.246137,3.76165,9.372495,28.427173,33.970541,5.835868,1.604584,335.917008,1.495558,0.034891,0.092659,0.971602,-0.487565,-11.51909,0.532842,-982100,-4.26078,-774012589.914499,-1.227266,35.933957,-4.982249,-1.341429,0,0.000080,0.000896,0.304399,0.034891,0.47406
10-10-24,278.640015,280.220001,276.950012,278.067505,202500,279.060202,272.136969,261.028204,0.393284,0.18745,0.163232,TRUE,TRUE,11.108764,0.139761,-12.754446,11.627255,52.104143,-0.846047,1.809244,-0.368101,1.71644,7.73033,25.996448,11.977431,3.731821,1.630367,228.801963,1.480699,0.034945,0.094833,1.038072,-0.305414,-11.51909,0.586727,-1184600,-32.5,-774076684.393319,-1.23451,37.59156,-6.657183,-3.784168,0,0.017472,0.196784,0.307949,0.034945,-0.433867
10-11-24,280.070007,286.480011,280.070007,284.222992,194300,279.535706,272.368392,261.184522,0.420082,0.186325,0.163981,TRUE,TRUE,11.18387,0.162387,12.808542,11.888258,60.273234,5.534916,2.112006,-0.052271,1.997508,12.482495,29.520438,76.316691,3.461821,1.694173,232.491221,1.481533,0.035654,0.098489,1.717882,0.470977,-11.51909,0.568694,-990300,-26.345716,-774019213.893945,-1.222908,43.718028,-6.759932,-0.832577,0,0.091502,1.03124,0.313829,0.035654,2.016113
10-14-24,286.579987,288.700012,285.549988,286.427032,181200,280.101593,272.842278,261.343954,0.446634,0.185584,0.164733,TRUE,TRUE,11.498324,0.186019,16.59441,12.56053,62.724768,7.017732,2.500965,0.26935,-0.251422,15.305399,33.671884,80.655492,4.11391,1.699828,255.663966,1.482774,0.01456,0.032177,2.37578,0.690953,-11.51909,0.557813,-809100,-64.992272,-774099512.774007,-1.175089,49.558748,99.748578,115.305399,,0.104796,1.138669,0.179379,0.01456,2.474122
10-15-24,288.059998,290.630005,286.529999,285.920715,328500,280.540596,273.46518,261.507228,0.469553,0.185236,0.165485,TRUE,TRUE,11.957952,0.215712,24.683643,13.53537,61.781573,9.67743,2.736814,0.404159,1.38813,15.009945,34.674939,65.57535,3.168088,1.719901,276.66461,1.469244,0.014244,0.031377,2.254047,0.373844,-11.51909,1.073266,-1137600,-53.324808,-774525646.585944,-1.140453,56.382753,-6.625606,0.43437,0,0.077835,0.846307,0.177136,0.014244,1.944636
10-16-24,290.709991,292.929993,289.609985,290.606781,294500,281.213902,274.109863,261.713994,0.494018,0.185613,0.166241,TRUE,TRUE,12.395869,0.257683,32.125002,14.831189,66.763009,6.489775,3.264225,0.745256,5.295677,18.412515,34.612885,85.461736,4.85895,1.712929,344.989657,1.477968,0.014404,0.031704,3.418787,0.476945,-11.51909,1.012462,-843100,-50.793651,-774643305.819330,-1.086649,54.999107,-3.869707,3.323614,0,0.088275,0.954145,0.178056,0.014404,2.722655
10-17-24,293.049988,293.170013,290.410004,289.32605,547200,281.521436,274.814943,261.926067,0.515921,0.186424,0.167,TRUE,TRUE,12.888876,0.285914,23.668494,16.074759,64.296387,1.571619,3.538072,0.815283,5.315627,18.406269,32.662481,76.301089,2.172034,1.626099,388.114152,1.445792,0.014618,0.034144,3.313984,0.834369,-11.51909,1.937265,-1390300,-23.522013,-775620315.567229,-1.17412,42.949081,-4.619714,2.887982,0,0.121331,1.342372,0.18478,0.014618,2.010907
10-18-24,292.119995,292.730011,290.420013,288.482208,172400,281.873976,275.368579,262.168954,0.537128,0.187553,0.167764,TRUE,TRUE,13.199625,0.315453,19.28393,17.229503,62.653898,0.872325,3.64499,0.737761,3.334915,18.855082,35.203332,71.098614,2.505339,1.618078,418.11638,1.44408,0.014435,0.033392,3.223074,0.64618,-11.51909,0.632428,-1562700,-53.354978,-776081960.558906,-1.14163,46.208988,-6.237814,3.51314,0,0.102813,1.1386,0.182734,0.014435,1.580477
10-21-24,290.549988,290.549988,286.200012,285.493805,216700,282.13804,275.851547,262.396652,0.549718,0.188972,0.168528,TRUE,TRUE,13.454895,0.347666,21.822523,16.94019,57.091638,-9.671371,3.448828,0.433279,1.201176,16.376086,35.906593,52.674427,1.884741,1.619754,423.710816,1.434282,0.013924,0.031515,3.053073,0.138785,-11.51909,0.802697,-1779400,-19.56199,-776369021.926943,-1.119403,47.306821,-8.287911,2.003617,0,0.053634,0.597782,0.177523,0.013924,0.791994
10-22-24,286.429993,286.829987,284.940002,283.716644,464000,282.274106,276.327708,262.621641,0.552208,0.190475,0.169289,TRUE,TRUE,13.706067,0.37209,14.425761,16.313437,54.020268,-10.276119,3.11407,0.078816,2.976619,13.612377,36.85917,41.717827,0.968455,1.587604,424.21727,1.43073,0.013983,0.03194,2.921347,0.205714,-11.51909,1.650952,-2243400,91.498143,-777433702.297032,-1.229173,44.471656,-7.100511,0.108889,0,0.06004,0.670975,0.178716,0.013983,0.340047
10-23-24,284.630005,285.350006,280.329987,280.628998,470900,282.387285,276.65888,262.80184,0.543512,0.191836,0.170047,TRUE,TRUE,13.85704,0.39166,12.702411,15.713032,49.080008,-13.57389,2.569999,-0.372204,1.106841,12.867922,36.460078,22.681784,0.813169,1.644524,416.183728,1.43802,0.013812,0.030844,2.760193,-0.01251,-11.51909,1.591981,-2714300,167.556818,-777848505.149381,-1.180467,41.688022,-8.502297,-0.901599,0,0.03931,0.436889,0.175625,0.013812,-0.422479
10-24-24,284.339996,285.359985,281.799988,281.125427,512100,282.458768,277.037437,262.994207,0.526123,0.193091,0.170805,TRUE,TRUE,14.04323,0.414571,0.935137,15.152845,49.873739,-7.217899,2.154045,-0.630526,-0.445212,13.705631,35.114399,25.742384,0.511147,1.574089,412.529258,1.436524,0.013722,0.030499,2.751688,-0.079714,-11.51909,1.70467,-2202200,21.98666,-778554674.078008,-1.176964,45.735747,-9.015148,0.061865,0,0.033026,0.36739,0.17464,0.013722,-0.323211
10-25-24,285.01001,286.519989,282.320007,280.837524,574900,282.431465,277.271705,263.184689,0.498504,0.194373,0.171559,TRUE,TRUE,14.087016,0.422228,9.440561,14.312531,49.392875,-4.627393,1.780642,-0.803143,0.439709,12.139539,37.923663,23.967398,-0.194059,1.610918,413.45796,1.377392,0.013969,0.0344,2.658577,0.493139,-11.51909,1.841949,-2777100,68.691315,-779535423.192631,-1.201198,54.603554,-7.847312,-0.636065,0,0.085265,0.991427,0.185471,0.013969,-0.385515
10-28-24,285.420013,288.070007,285.420013,285.275391,293500,282.597266,277.588587,263.406452,0.462896,0.195644,0.172313,TRUE,TRUE,14.182135,0.419893,18.450885,13.464805,56.375151,7.295143,1.821815,-0.609576,1.932962,12.731228,40.334192,51.327853,1.176059,1.661709,418.088051,1.302743,0.014483,0.041371,2.501413,1.581171,-11.51909,0.964303,-2483600,-34.559643,-779860958.581587,-1.24201,55.221058,-6.592067,-0.584626,0,0.176274,2.175118,0.203398,0.014483,0.640565
10-29-24,285.119995,286.829987,283.970001,284.769043,339900,282.922412,277.82558,263.628649,0.426286,0.196971,0.173065,TRUE,TRUE,14.196932,0.401989,14.729118,12.721967,55.43536,5.561621,1.792919,-0.510777,1.203798,14.967693,41.53353,48.206105,2.336946,1.630738,407.791746,1.235248,-0.003067,0.001052,2.370849,2.27824,-11.51909,1.110639,-2823500,10.93342,-780010931.531777,-1.212605,49.594231,-5.907205,0.467198,0,0.173863,2.217538,-0.03243,-0.003067,0.452837
10-30-24,286,289.079987,285.190002,283.319519,348600,283.150758,278.088679,263.853184,0.387863,0.19843,0.173813,TRUE,TRUE,14.235496,0.386139,17.103213,12.20137,52.725625,3.33275,1.634217,-0.535584,3.91257,14.721629,40.290622,24.805421,1.638344,1.665325,395.82444,1.227998,-0.003159,0.00111,2.177203,1.877835,-11.51909,1.120702,-3172100,40.394684,-780694777.378937,-1.281011,55.130692,-4.794728,0.440198,0,0.162142,2.080712,-0.033321,-0.003159,0.042635
10-31-24,285.459991,285.880005,280.380005,278.424957,347900,283.26245,278.173821,264.061893,0.345822,0.199715,0.174552,TRUE,TRUE,14.111928,0.353589,-19.689838,12.143299,44.768042,-11.607109,1.100804,-0.855197,5.972697,10.629788,36.42832,-14.836646,0.808797,1.619882,377.898321,1.229614,-0.002934,0.000955,2.37711,1.861796,-11.51909,1.096905,-3520000,54.142667,-781290008.674436,-1.298001,49.720417,-3.498959,-1.574454,0,0.161349,2.067633,-0.030905,-0.002934,-1.280104
11-01-24,282.98999,285.540009,282.529999,281.552338,447300,283.29819,278.381956,264.280408,0.307615,0.201024,0.175281,TRUE,TRUE,14.101548,0.336217,-16.050926,12.089376,49.964303,-5.471057,0.919821,-0.828944,10.509928,10.770558,37.54875,9.519848,0.254529,1.668815,375.816473,1.192513,-0.003554,0.001489,2.489235,1.581383,-11.51909,1.361002,-3072700,105.655172,-782027877.714910,-1.343951,52.175303,,-1.065553,0,0.13448,1.777309,-0.038589,-0.003554,-0.464549
11-04-24,282.589996,287.149994,281.850006,282.82312,291400,283.5315,278.465085,264.494159,0.273787,0.20224,0.176001,TRUE,TRUE,13.970926,0.320698,-9.949031,11.575262,51.942795,-0.78283,0.868916,-0.70388,9.463258,9.505604,35.448982,19.416887,1.677542,1.69654,356.190824,1.193179,-0.003519,0.001458,2.554013,1.634246,-11.51909,0.876457,-2781300,35.534884,-782212271.648232,-1.318374,51.804602,-1.620403,-0.775093,0,0.138622,1.831021,-0.038179,-0.003519,-0.198877
11-05-24,283.980011,290.420013,283.529999,288.243896,473400,283.970821,278.656827,264.709815,0.249495,0.203741,0.176719,TRUE,TRUE,13.947012,0.310437,-7.414284,11.246717,59.330334,14.562292,1.251557,-0.256991,13.449674,11.055593,34.303495,61.634683,3.144094,1.679196,357.480717,1.211405,-0.003011,0.001036,2.181631,2.148336,-11.51909,1.374624,-2307900,101.27551,-782037905.485909,-1.197617,53.351501,1.564074,0.276096,0,0.181224,2.357572,-0.032183,-0.003011,1.19533
11-06-24,304.410004,310,300.589996,303.662323,843000,285.146313,279.191026,265.004242,0.244893,0.206457,0.177448,TRUE,TRUE,14.186784,0.330932,31.161036,13.744454,72.349997,22.385694,2.767045,1.006798,16.434755,17.985635,43.118041,78.639454,8.391808,2.040768,556.466977,1.371931,-0.001983,0.000350,6.482189,2.61973,-11.51909,2.234829,-1464900,352.010724,-782330433.569529,-1.102548,65.642958,5.113659,5.746476,0,0.246335,2.828837,-0.018717,-0.001983,3.327423
11-07-24,305.959991,308.619995,305.339996,304.684906,1052700,286.477184,279.798987,265.314702,0.257296,0.210321,0.178188,TRUE,TRUE,14.484285,0.347729,35.081564,16.063781,72.968084,21.025289,4.004433,1.795348,16.58323,17.56035,43.293683,82.085974,9.57228,2.070343,682.321196,1.366269,-0.001754,0.000277,6.630776,2.833136,-11.51909,2.508101,-412200,419.851852,-783803629.819029,-1.158742,73.052897,4.857785,5.079378,0,0.264418,3.049201,-0.016632,-0.001754,2.668497
11-08-24,306.549988,309.769989,305.670013,307.48465,315900,287.640266,280.418353,265.631206,0.28267,0.215397,0.178939,TRUE,TRUE,14.787147,0.378494,47.809166,18.324743,74.639614,15.309279,5.151603,2.354015,18.304916,19.553501,46.278996,91.522247,8.184298,2.068568,825.177883,1.33306,-0.00236,0.000525,7.168554,2.56178,-11.51909,0.741898,-96300,62.583634,-783839897.136741,-1.153204,76.68585,7.11427,6.983592,0,0.234229,2.768491,-0.022917,-0.00236,2.404861
11-11-24,312.980011,314.339996,311.329987,311.366547,376400,288.887242,281.080475,265.968602,0.322606,0.221931,0.179703,TRUE,TRUE,15.111874,0.414011,57.481972,20.822936,76.783242,4.433244,6.301343,2.803004,17.910429,20.779384,50.447345,91.257134,8.707109,2.156686,979.825627,1.339581,-0.002153,0.000433,7.870947,2.776114,-11.51909,0.864175,280100,107.726269,-784207153.507898,-1.160304,83.266193,7.490503,7.60646,0,0.254021,2.98788,-0.020806,-0.002153,2.294215
11-12-24,311.160004,313.76001,306.940002,305.935822,370100,289.887997,281.82642,266.251964,0.370558,0.229586,0.180476,TRUE,TRUE,15.574456,0.444208,50.167213,22.053534,68.10962,-4.858464,6.697105,2.559013,16.68141,17.339653,45.987249,75.252718,7.000229,2.236995,1047.788209,1.356756,-0.002801,0.000714,7.430221,2.148393,-11.51909,0.845672,-90000,12.663623,-784686240.884732,-1.160839,84.061362,6.145461,3.322519,0,0.201528,2.340267,-0.026728,-0.002801,1.53159
11-13-24,310.459991,311.670013,304.709991,302.709229,398900,290.49312,282.506644,266.533028,0.42373,0.238161,0.181253,TRUE,TRUE,15.973616,0.462611,40.590045,22.687363,63.518631,-11.120983,6.673463,2.028297,12.479402,14.165344,44.250776,65.751558,4.164544,2.313437,1086.393866,1.357453,-0.002907,0.000769,7.001606,2.138464,-11.51909,0.900736,-488900,35.449915,-785314480.487303,-1.204802,77.499873,2.93364,-0.230744,0,0.200636,2.328767,-0.027724,-0.002907,1.124464
11-14-24,306.01001,306.380005,298.940002,297.447327,521600,290.899184,283.118888,266.812785,0.473605,0.247354,0.182031,TRUE,TRUE,16.306103,0.477365,28.564156,22.100209,56.795177,-19.988065,6.159137,1.211176,10.398218,13.250122,34.735585,50.257144,2.806964,2.403481,1096.928555,1.369467,-0.003485,0.001085,6.601753,1.497601,-11.51909,1.181213,-1010500,-4.678363,-786045376.033543,-1.180427,69.219532,0.745126,-1.288299,0,0.145163,1.670068,-0.032941,-0.003485,0.596953
11-15-24,299.950012,300.220001,293,291.837921,427000,291.066969,283.728738,267.04221,0.517341,0.256889,0.182804,TRUE,TRUE,16.686528,0.476507,11.06281,20.554812,50.641222,-17.468398,5.238511,0.23244,6.931919,11.23175,32.076694,33.739456,1.16323,2.449372,1095.602623,1.385208,-0.003516,0.001079,6.432527,1.330935,-11.51909,0.939887,-1437500,147.679814,-786609829.659090,-1.158666,63.431995,-1.782185,-1.782625,0,0.131815,1.499194,-0.032855,-0.003516,0.070368
11-18-24,294.920013,296.709991,293.100006,292.274719,286500,291.406015,284.30749,267.27797,0.556266,0.266569,0.183572,TRUE,TRUE,17.029519,0.487962,12.667573,19.119801,51.085677,-12.432954,4.492369,-0.410961,8.183951,10.481514,34.293795,35.025669,2.375153,2.494885,1087.9133,1.341107,-0.00419,0.001634,6.233043,0.857004,-11.51909,0.625819,-1151000,32.210429,-787027324.476998,-1.164078,63.846975,-1.134434,,0,0.086241,1.013309,-0.040427,-0.00419,0.079851
11-19-24,291.440002,298.890015,291.440002,296.643127,229800,292.052339,284.984311,267.549902,0.592636,0.276572,0.184339,TRUE,TRUE,17.434409,0.505806,21.430935,18.139155,55.410087,-1.38509,4.205067,-0.558611,8.197623,12.376603,34.557591,47.889066,4.556124,2.53373,1078.181068,1.353261,-0.003939,0.001419,5.886623,1.142214,-11.51909,0.515143,-921200,-50.474138,-786936137.586836,-1.065081,63.246474,-0.864803,-0.93542,0,0.112011,1.304208,-0.037669,-0.003939,0.42579
11-20-24,298.5,299.390015,295.420013,297.2388,371100,292.882829,285.634994,267.812063,0.627953,0.286959,0.185104,TRUE,TRUE,17.822931,0.520739,32.509914,17.310166,55.981558,5.340336,3.979569,-0.627287,9.623329,13.457126,33.810453,47.364723,5.918776,2.491886,1049.138434,1.349945,-0.003841,0.001356,5.303573,1.304255,-11.51909,0.841306,-550100,-21.193459,-786967211.638447,-1.033633,68.581431,0.281137,-0.295087,0,0.125961,1.470255,-0.036825,-0.003841,0.415195
11-21-24,300.920013,306.209991,299.5,302.659576,431000,293.959537,286.326909,268.101625,0.663998,0.297916,0.185872,TRUE,TRUE,18.225283,0.538912,35.082553,17.546275,60.893422,9.807745,4.189973,-0.333506,8.609888,17.145643,37.921991,64.049174,7.659979,2.49106,1032.492147,1.359726,-0.003206,0.000932,4.705044,1.837003,-11.51909,0.986168,-119100,-15.836751,-786992316.207903,-0.965306,68.64383,-1.245964,1.028235,0,0.174271,2.01936,-0.030529,-0.003206,0.842625
11-22-24,306.089996,310.779999,305.950012,308.010834,254300,295.318202,286.992867,268.396251,0.701726,0.30966,0.186646,TRUE,TRUE,18.596615,0.56806,39.20574,18.321575,65.040617,9.63053,4.733951,0.168378,10.534117,17.733368,39.358765,79.457439,9.675811,2.506285,1029.514031,1.372871,-0.003042,0.000823,4.027132,2.003502,-11.51909,0.604016,135200,-55.76622,-787029610.670495,-0.890014,68.572771,0.672918,1.835835,0,0.190703,2.18857,-0.028689,-0.003042,1.232876
11-25-24,313.980011,317.619995,313.149994,312.299774,352100,296.669421,287.736677,268.687765,0.741997,0.322351,0.187434,TRUE,TRUE,19.048912,0.605445,38.115489,19.739546,67.972251,11.990693,5.448334,0.706209,12.762994,19.296045,40.391183,79.678295,9.473086,2.51789,1067.414047,1.380525,-0.002959,0.000770,3.742727,2.138383,-11.51909,0.830532,487300,19.965928,-787515653.526858,-0.902793,68.152166,2.566087,3.001122,0,0.203709,2.324895,-0.027753,-0.002959,1.46432
11-26-24,313.720001,314.299988,311.23999,310.492889,522300,297.955614,288.403721,268.949985,0.784615,0.33578,0.188235,TRUE,TRUE,19.453736,0.621669,13.798682,20.667105,65.48095,4.587529,5.801808,0.847746,13.20007,20.17756,39.901356,72.776518,9.033231,2.10244,1071.445573,1.298778,-0.002858,0.000813,3.672265,2.859512,-11.51909,1.206055,-35000,53.662842,-788292993.445079,-0.956215,57.446197,2.475508,1.814289,0,0.252713,3.066629,-0.028505,-0.002858,1.170127
11-27-24,314.540009,316.23999,311.649994,310.800659,275200,299.329671,289.076921,269.264687,0.827862,0.349998,0.189048,TRUE,TRUE,19.812234,0.636171,12.535679,21.727081,65.711478,0.670862,6.03718,0.866494,12.39864,19.545801,40.891237,73.952109,9.699699,2.118501,1049.864889,1.298587,-0.002852,0.000809,3.616258,2.875621,-11.51909,0.640902,240200,-21.055651,-788670039.676254,-0.928663,51.0241,1.776525,1.92859,0,0.254045,3.083263,-0.028448,-0.002852,1.092616
11-29-24,314.880005,316.23999,314.480011,313.094025,220000,301.063124,289.675294,269.557257,0.873306,0.364986,0.189872,TRUE,TRUE,20.118038,0.648936,11.618329,22.711345,67.455585,-0.516666,6.335735,0.93204,12.518352,20.025904,41.110975,82.712102,12.451853,2.111065,969.689078,1.294082,-0.002623,0.000690,3.780597,3.178241,-11.51909,0.520095,460200,-36.763438,-789236540.343834,-0.939306,50.133056,1.774797,2.872785,0,0.278686,3.394278,-0.026263,-0.002623,1.240697
12-02-24,315.589996,315.869995,312.959991,312.230316,315000,302.597023,290.291273,269.816255,0.91446,0.380271,0.190707,TRUE,TRUE,20.475017,0.64841,1.908368,23.274839,66.092094,0.611143,6.428544,0.819879,16.226895,20.081987,40.223231,79.412985,10.896013,2.026648,883.635612,1.259642,-0.00253,0.000678,3.77844,3.639321,-11.51909,0.756511,145200,-29.577465,-789709511.084750,-0.92242,43.010705,4.614623,2.274201,0,0.309047,3.867768,-0.026033,-0.00253,1.090188
12-03-24,314.440002,314.869995,311.869995,310.463104,236700,303.979022,290.896284,270.086628,0.950019,0.395565,0.191554,TRUE,TRUE,20.809656,0.645535,10.883233,23.544331,63.273934,-2.437544,6.287024,0.542686,15.543499,20.986197,35.862147,72.662747,9.772887,1.950297,766.472495,1.263131,-0.002794,0.000822,3.735462,3.351081,-11.51909,0.572223,-91500,-18.771448,-790168218.463900,-0.961676,44.185288,3.902417,2.509512,0,0.286084,3.570326,-0.028662,-0.002794,0.845964
12-04-24,313.609985,316,312.76001,312.57782,350800,305.195718,291.527934,270.387338,0.979148,0.410666,0.192413,TRUE,TRUE,21.140595,0.642601,24.374827,23.94816,65.186898,-2.268687,6.273194,0.423085,17.142686,19.433875,35.42035,80.740349,8.44213,1.904582,693.18119,1.262527,-0.002675,0.000754,3.629023,3.538009,-11.51909,0.860817,259300,-25.897761,-790558470.577531,-1.045417,52.058644,5.277786,1.701426,0,0.301267,3.761767,-0.027456,-0.002675,1.06496
12-05-24,314.600006,314.640015,310.109985,308.15976,345400,305.42059,292.123821,270.677719,0.998134,0.424889,0.193283,TRUE,TRUE,21.446102,0.632883,27.022273,23.683788,58.348894,-7.743199,5.838432,-0.009342,17.912832,18.674551,35.134049,63.864636,1.481065,1.864437,695.236878,1.280312,-0.003069,0.000964,3.400489,3.047173,-11.51909,0.902676,-86100,-59.027284,-791201267.330428,-1.159162,53.879635,5.001675,1.111434,0,0.264411,3.255369,-0.031045,-0.003069,0.393991
12-06-24,312.350006,314.160004,312.220001,310.760925,228400,305.724391,292.745124,270.95966,1.011985,0.438535,0.194162,TRUE,TRUE,21.785463,0.630707,51.653176,23.4383,60.94637,-2.327564,5.638771,-0.167201,18.008764,21.069586,36.605475,73.800337,1.994198,1.820795,705.058881,1.275812,-0.003236,0.001079,2.882839,2.969797,-11.51909,0.668961,142300,-78.30341,-791773226.631986,-1.167108,61.279164,6.398472,2.358534,0,0.256903,3.17419,-0.032846,-0.003236,0.714342
12-09-24,314.820007,315.230011,309.359985,307.663361,475900,305.733327,293.27072,271.224879,1.015385,0.451694,0.195047,TRUE,TRUE,22.045841,0.632351,39.161331,22.524965,56.433056,-8.753843,5.170984,-0.507991,17.070375,19.068708,34.47451,61.968536,0.05812,1.862296,705.304989,1.251738,-0.003823,0.001563,2.316754,2.291958,-11.51909,1.361952,-333600,50.64894,-792524227.209581,-1.24266,58.543336,5.39737,0.876625,0,0.19703,2.481305,-0.039535,-0.003823,0.273645
12-10-24,309.890015,310.730011,307.380005,305.578461,257500,305.443922,293.743101,271.466035,1.007132,0.46429,0.195938,TRUE,TRUE,22.277066,0.629418,24.141724,21.23306,53.558155,-4.790739,4.579238,-0.87979,15.441289,18.597933,32.563497,45.758809,-1.85893,1.779165,692.73693,1.256807,-0.003916,0.001626,1.951139,2.109683,-11.51909,0.74968,-591100,-31.588735,-793058680.513217,-1.288507,53.353112,5.177848,-0.098945,0,0.182889,2.293861,-0.040324,-0.003916,0.019421
12-11-24,310.790009,311.579987,308.359985,307.286102,279300,305.511436,294.323501,271.694482,0.990748,0.476147,0.196834,TRUE,TRUE,22.629019,0.631033,26.354297,20.206146,55.555282,-5.391088,4.199657,-1.007497,14.631686,17.40046,32.883712,42.969671,0.441361,1.8165,693.898583,1.255675,-0.003905,0.001621,1.490295,2.07375,-11.51909,0.82404,-311800,-24.53391,-793524275.807636,-1.303776,52.56006,4.833677,-1.674064,0,0.179919,2.258619,-0.04026,-0.003905,0.255753
12-12-24,308.579987,309.410004,304.630005,302.719116,353700,305.511931,294.802831,271.90968,0.960432,0.48685,0.197734,TRUE,TRUE,22.893151,0.623487,0.159752,19.088325,49.432781,-7.000275,3.490086,-1.373653,10.194713,16.569155,30.502557,-14.71047,0.003266,1.745011,693.877602,1.273813,-0.003977,0.001633,1.487263,1.735527,-11.51909,1.050552,-665500,-11.331161,-794160771.412593,-1.313754,44.022258,1.864038,-2.7865,0,0.154575,1.912634,-0.040405,-0.003977,-0.402494
12-13-24,304.690002,305.75,301.589996,300.941986,304300,305.686664,295.297849,272.109965,0.916439,0.49658,0.198636,TRUE,TRUE,23.187884,0.621834,-20.978271,18.634667,47.250627,-6.307528,2.752617,-1.688898,9.389979,17.635424,25.764712,-4.042485,1.174883,1.661315,676.687584,1.249182,-0.004623,0.002293,1.760596,1.184219,-11.51909,0.933966,-969800,-41.660276,-794559873.983110,-1.306646,38.009366,2.197474,-1.447163,0,0.106588,1.345133,-0.047881,-0.004623,-0.701162
12-16-24,302.600006,307.609985,302.26001,304.059448,485300,306.29774,295.762287,272.308048,0.861588,0.505348,0.199541,TRUE,TRUE,23.454239,0.621349,-25.335698,17.782954,51.311016,-4.244266,2.392145,-1.639496,9.713044,17.922228,24.051815,16.856334,4.187779,1.575189,595.338662,1.251134,-0.004397,0.002067,1.9209,1.531667,-11.51909,1.476288,-484500,13.653396,-794718717.355916,-1.233366,39.607415,2.729245,-0.8132,0,0.134907,1.699821,-0.045467,-0.004397,-0.37597
12-17-24,303.420013,304.790009,300.649994,300.591583,284700,306.713583,296.21098,272.48311,0.795127,0.51271,0.200448,TRUE,TRUE,23.727871,0.611855,-28.963428,17.308367,46.978911,-2.453869,1.805824,-1.780653,8.461742,16.148769,23.416391,-0.374667,2.845564,1.619026,515.991653,1.259897,-0.004497,0.002132,2.186212,1.372458,-11.51909,0.866297,-769200,-0.628272,-795011450.907442,-1.214722,41.842034,1.117408,-2.519107,0,0.122741,1.535752,-0.046174,-0.004497,-1.186453
12-18-24,303.559998,304.549988,285.829987,287.919556,586300,306.277405,296.380222,272.617195,0.709621,0.518156,0.201345,FALSE,TRUE,23.763027,0.581782,-49.154027,18.898606,35.262997,-11.98763,0.315003,-2.61718,1.675347,12.024384,18.189607,6.871321,-2.940763,2.012122,629.898234,1.378603,-0.004248,0.001588,3.059262,0.39161,-11.51909,1.692234,-1355500,155.1349,-795466862.629810,-1.231109,33.434996,-2.05667,-4.106635,0,0.046786,0.534703,-0.039846,-0.004248,-2.914415
12-19-24,291.920013,293.130005,286.709991,286.813751,727000,305.756152,296.513447,272.732459,0.608391,0.521608,0.202231,FALSE,TRUE,23.780988,0.545054,-57.934245,20.375256,34.455486,-16.85553,-0.944821,-3.101603,1.912493,11.229629,15.629747,3.260737,-3.507297,2.044302,741.821991,1.373747,-0.004148,0.001525,3.676793,0.499279,-11.51909,1.995827,-2082500,95.904069,-796170363.193101,-1.263267,26.124702,-1.150211,-4.254874,0,0.056272,0.645382,-0.03905,-0.004148,-2.553497
12-20-24,286.01001,294.059998,285.179993,289.752625,730100,305.110805,296.74715,272.850954,0.495584,0.523113,0.203108,FALSE,TRUE,23.896196,0.514928,-47.383895,21.905692,38.487133,-8.491778,-1.686656,-3.07475,3.404594,12.386622,19.464232,14.83657,-4.264511,2.170737,821.988729,1.378378,-0.004011,0.001416,4.162534,0.602548,-11.51909,1.925293,-1352400,69.396752,-796148554.033709,-1.207262,36.811661,-0.182032,-2.323523,0,0.065777,0.751829,-0.03763,-0.004011,-1.868417
12-23-24,291.079987,291.279999,287.059998,288.716553,272200,304.146091,296.837021,272.967727,0.373679,0.523032,0.203973,FALSE,TRUE,23.869293,0.485407,-46.560242,23.326811,37.608859,2.345862,-2.331294,-2.975511,2.747811,11.915927,16.767651,11.474884,-6.264157,2.20871,896.047538,1.377636,-0.00419,0.001547,4.632104,0.418309,-11.51909,0.716108,-1624600,7.03893,-796207050.626878,-1.207208,36.709824,-1.477305,-3.813653,0,0.049249,0.563231,-0.039337,-0.00419,-1.721955
12-24-24,290.839996,292.779999,288.480011,291.585693,179100,303.110387,296.940194,273.112633,0.245039,0.522004,0.204831,FALSE,TRUE,23.827562,0.461157,-44.230552,24.238601,41.584346,7.12886,-2.580907,-2.580099,4.749252,13.411478,16.747498,21.316795,-6.632756,2.156677,916.325509,1.382873,-0.004031,0.001421,4.514001,0.567702,-11.51909,0.482152,-1445500,-49.133769,-796127439.328245,-1.159181,34.486728,-0.011522,-2.688446,0,0.062898,0.716586,-0.037703,-0.004031,-1.257707
12-26-24,291,296.640015,290.269989,295.052582,286700,302.338371,297.122831,273.271067,0.115992,0.520618,0.205686,FALSE,TRUE,23.851764,0.435796,-28.181708,24.109464,46.057094,7.569961,-2.470501,-1.975754,5.490541,13.210896,16.640251,32.853854,-4.972838,2.17588,915.896555,1.378376,-0.007399,0.009466,4.706509,1.049198,-11.51909,0.797097,-1158800,-45.108175,-795983632.631172,-1.069095,40.156964,105.490541,113.210896,,0.087244,1.001334,-0.097296,-0.007399,-0.795482
12-27-24,294.519989,295.040009,288.170013,289.842255,610500,301.290451,297.107541,273.398065,-0.01292,0.518502,0.206534,FALSE,TRUE,23.709476,0.401785,-42.588012,24.297309,40.978837,3.369978,-2.771484,-1.82139,3.006103,11.415058,13.868756,15.515005,-6.743359,2.236738,933.704063,1.399368,-0.007414,0.0095,4.234785,0.666531,-11.51909,1.621751,-1769300,121.838663,-796296926.230916,-1.013015,33.577951,-1.183828,-4.109432,0,0.085686,0.974977,-0.097468,-0.007414,-1.226105
12-30-24,288.519989,289.790009,284.200012,287.242096,366600,299.997855,297.065862,273.535779,-0.135876,0.515806,0.207373,FALSE,TRUE,23.530083,0.358553,-42.000675,25.003383,38.686408,-2.897938,-3.183134,-1.786432,1.873573,11.211965,13.415268,11.110616,-8.256922,2.251321,940.616273,1.399109,-0.007388,0.009437,4.492387,0.670779,-11.51909,0.955247,-2135900,66.636364,-796264517.776613,-0.915638,34.424837,-1.482297,,0,0.086092,0.979759,-0.097144,-0.007388,-1.356107
12-31-24,290.190002,291.209991,287.029999,286.73407,234000,298.723042,297.030899,273.671991,-0.251222,0.512247,0.208202,FALSE,TRUE,23.358908,0.32175,-40.056605,25.298068,38.236334,-7.82076,-3.509903,-1.690561,3.043115,10.768773,15.037103,9.25515,-8.165846,2.275986,938.877827,1.383407,-0.007786,0.010714,4.832667,0.322827,-11.51909,0.616235,-2369900,-25.714286,-796531650.550214,-0.8983,38.68553,-0.698308,-4.100598,0,0.052646,0.606168,-0.103507,-0.007786,-1.276947
01-02-25,290.040009,292.690002,286.700012,287.710327,300500,297.585403,297.075229,273.822768,-0.355174,0.507895,0.209023,FALSE,TRUE,23.252461,0.281677,-42.268407,25.197623,39.688408,-1.290429,-3.648041,-1.462959,3.213507,11.175705,16.523686,13.9243,-7.328657,2.267977,926.907816,1.377655,-0.00756,0.010199,4.225195,0.572872,-11.51909,0.784769,-2069400,26.95395,-796730781.556939,-0.856922,38.704872,-1.193373,-2.816476,0,0.075843,0.877172,-0.100993,-0.00756,-1.065378
01-03-25,290.040009,294.950012,290.040009,293.667786,238400,296.639902,297.274252,274.000023,-0.443807,0.503138,0.209839,FALSE,TRUE,23.27423,0.253043,-18.974147,24.551034,47.759697,9.07329,-3.239457,-0.8435,6.327739,13.386595,22.410118,40.443333,-6.049704,2.281794,859.955965,1.400931,-0.007206,0.008963,4.321192,0.866106,-11.51909,0.631866,-1831000,-32.041049,-796616895.847980,-0.802876,43.86157,0.883513,-2.282628,0,0.104773,1.190872,-0.094674,-0.007206,-0.345613
01-06-25,296.790009,297.950012,294.670013,294.056335,451600,295.934731,297.542799,274.157874,-0.526098,0.497813,0.210646,FALSE,TRUE,23.384925,0.225434,-14.867028,23.269941,48.246166,10.009832,-2.85143,-0.364378,4.706925,12.760059,22.546839,42.103095,-4.57666,2.281748,817.286415,1.400792,-0.007233,0.009028,4.401215,0.844211,-11.51909,1.18033,-1379400,30.74696,-797237481.871297,-0.788831,50.716552,0.318598,-2.49263,0,0.102569,1.165929,-0.095016,-0.007233,-0.229833
01-07-25,296.950012,298.170013,290.51001,291.914429,236200,294.992406,297.758579,274.290608,-0.602789,0.491917,0.211443,FALSE,TRUE,23.467971,0.190008,-26.786926,22.808438,45.71872,6.030312,-2.685789,-0.15899,4.945952,12.550275,22.283735,37.466818,-6.064629,2.322764,742.579329,1.400633,-0.007207,0.008966,3.48728,0.847296,-11.51909,0.616718,-1615600,3.415061,-797387069.966259,-0.732887,43.982077,0.661223,-2.678305,0,0.10286,1.169349,-0.094687,-0.007207,-0.414498
01-08-25,290.679993,291.540009,287.109985,290.151123,290900,294.116794,297.944851,274.429864,-0.67571,0.485043,0.212225,FALSE,TRUE,23.514987,0.161355,-23.926914,22.900754,43.689595,-4.070103,-2.666068,-0.111415,3.826569,10.925358,18.627995,29.243823,-5.692013,2.353236,686.431164,1.375251,-0.007801,0.010888,1.915208,0.320853,-11.51909,0.778338,-1906500,-38.873713,-797278573.883236,-0.636042,44.029774,-1.205745,-3.350387,0,0.052263,0.605494,-0.104345,-0.007801,-0.577723
01-10-25,285.970001,286.329987,282.98999,283.765259,452100,293.026134,297.914648,274.533924,-0.751312,0.476889,0.212985,FALSE,TRUE,23.380724,0.125639,-11.123023,23.542946,37.242926,-11.00324,-3.129649,-0.459997,1.289581,5.099741,16.943238,5.107163,-7.138331,2.115237,667.773359,1.40183,-0.008442,0.006231,2.072652,-0.246971,-11.51909,1.178956,-2358600,75.572816,-797520794.064148,-0.5818,45.246525,-1.630013,-6.819038,0,0.013135,0.148714,-0.078935,-0.008442,-1.386829
01-13-25,281.160004,284.679993,279.540009,283.297058,587900,291.826682,297.885209,274.636188,-0.82431,0.467294,0.213723,FALSE,TRUE,23.24902,0.088445,-9.579391,24.551426,36.814015,-8.904705,-3.494537,-0.659908,1.880678,3.629399,16.707501,20.166659,-7.806746,2.086459,611.204544,1.401806,-0.00846,0.006255,2.207444,-0.244753,-11.51909,1.473784,-2946500,110.490512,-797249248.050148,-0.4669,46.558384,-0.048495,-6.834939,0,0.009983,0.114,-0.079091,-0.00846,-1.395543
01-14-25,288.209991,288.820007,283.75,285.618256,259200,290.971638,297.931183,274.724628,-0.888937,0.456524,0.214442,FALSE,TRUE,23.206556,0.063145,-11.454654,24.517533,40.474126,-3.215469,-3.555427,-0.576639,0.490905,2.498219,18.551825,32.626116,-5.649085,1.985548,568.961351,1.389447,-0.008682,0.006706,2.317892,-0.402994,-11.51909,0.657568,-2687300,-26.717557,-797317421.953142,-0.400407,41.232067,-0.805458,-7.669112,0,-0.004348,-0.050102,-0.081892,-0.008682,-0.940904
01-15-25,294.339996,294.75,291.440002,291.505981,432500,290.499838,298.192804,274.842357,-0.935679,0.444673,0.215146,FALSE,TRUE,23.350447,0.045603,6.812622,23.315207,48.60625,11.363324,-3.09294,-0.091321,1.773209,1.517329,21.294169,64.229575,-3.13549,2.065799,518.848989,1.41392,-0.008045,0.005562,2.268577,0.07218,-10.025614,1.079658,-2254800,42.129477,-797732679.693180,-0.396017,48.722404,,-8.473395,0,0.039166,0.44336,-0.07458,-0.008045,0.193918
01-16-25,292.859985,294.440002,291.209991,292.302948,453400,289.912013,298.407816,274.974462,-0.958333,0.431915,0.215832,FALSE,TRUE,23.433355,0.027816,1.845131,22.23495,49.60976,12.795745,-2.631769,0.29588,2.232169,3.651284,22.603826,68.50744,-3.866514,2.03402,412.926357,1.413675,-0.007927,0.005404,2.260499,0.177944,-10.025614,1.136355,-1801400,-6.573254,-797879240.800879,-0.396061,51.465288,-0.398409,-7.203838,0,0.048919,0.553895,-0.07351,-0.007927,0.579022
01-17-25,296.709991,296.76001,294.019989,293.548248,332400,289.559846,298.622319,275.139113,-0.954812,0.417942,0.216504,FALSE,TRUE,23.483205,0.006794,-4.104454,20.797072,51.212771,10.738645,-2.141121,0.629222,1.012181,6.36146,24.025832,75.19182,-2.343158,1.978843,340.784001,1.407548,-0.007692,0.005141,1.992859,0.453517,-10.025614,0.828143,-1469000,16.754478,-798326097.318115,-0.412906,51.902624,-2.06893,-6.167431,0,0.074277,0.845013,-0.0717,-0.007692,1.170361
01-21-25,297.410004,301.929993,296.410004,300.641357,424600,290.195937,298.870268,275.33082,-0.923296,0.403087,0.217165,TRUE,TRUE,23.539448,-0.00606,28.024849,20.028806,59.178509,10.572259,-1.166478,1.283092,3.910919,9.434436,26.399948,94.244591,4.418526,1.967774,418.437706,1.437079,-0.006997,0.004084,3.805976,1.003663,-10.025614,1.079597,-1044400,-27.579737,-798099742.107173,-0.334721,62.341021,0.601461,-4.139169,0,0.127044,1.415147,-0.063908,-0.006997,2.496291
01-22-25,301.230011,302.850006,300.220001,299.844391,210700,290.847469,298.793909,275.535413,-0.86652,0.387418,0.217817,TRUE,TRUE,23.258496,-0.026395,34.309851,19.458636,58.032005,8.422245,-0.453151,1.597135,3.938608,7.404872,24.897262,87.105896,4.543241,1.901247,462.165856,1.429386,-0.006918,0.004039,3.61547,1.161437,-10.025614,0.573365,-1255100,-71.017882,-798370625.342262,-0.299372,68.608543,1.068841,-5.312339,0,0.141182,1.581669,-0.063556,-0.006918,1.946687
01-23-25,298.940002,302.920013,297.940002,301.7771,284800,291.448692,298.735753,275.744375,-0.788926,0.371219,0.21846,TRUE,TRUE,22.991378,-0.043787,39.425569,18.479839,60.053184,8.840413,0.265064,1.85228,5.703554,6.97324,23.117615,95.111576,4.149911,1.908007,521.568273,1.430973,-0.00681,0.003907,3.705598,1.246617,-10.025614,0.824993,-970300,-60.991645,-798216548.690609,-0.299523,63.078373,1.748416,-6.846292,0,0.149363,1.67151,-0.062505,-0.00681,1.98026
01-24-25,302.209991,303.279999,300.040009,299.595367,285100,291.992633,298.577968,275.9358,-0.698249,0.354347,0.219094,TRUE,TRUE,22.642168,-0.066392,30.194971,17.634614,56.731701,-2.446808,0.650705,1.790337,5.596684,8.739895,22.395308,84.479221,3.767991,1.856337,547.650426,1.434906,-0.006934,0.004027,3.495254,1.12878,-10.025614,0.824322,-1255400,4.739162,-798579900.273007,-0.343036,63.051609,1.341046,-6.021719,0,0.138708,1.547718,-0.063455,-0.006934,1.388246
01-27-25,295.679993,299.5,292.519989,293.667786,952400,292.096738,298.223992,276.094172,-0.604162,0.33652,0.219715,FALSE,TRUE,22.12982,-0.092235,0,17.236516,48.829641,-9.202364,0.472575,1.289766,4.646272,5.80454,21.053776,59.510459,0.714058,1.88981,548.813869,1.446937,-0.007557,0.004692,3.495254,0.46867,-10.025614,2.476822,-2207800,431.769961,-799219073.971968,-0.402007,50.790787,0.104397,-8.782909,0,0.077297,0.854589,-0.0685,-0.007557,0.286262
01-28-25,295.640015,297.670013,293.920013,295.45105,126800,292.116661,298.014297,276.290701,-0.505418,0.318379,0.220326,FALSE,TRUE,21.723596,-0.116479,3.424643,16.866854,51.039103,-9.01408,0.469884,1.02966,5.095812,4.627912,20.995304,67.022105,0.13505,1.871634,550.014409,1.448312,-0.007402,0.004495,3.473203,0.611578,-9.705582,0.336759,-2081000,-55.772585,-799242335.085249,-0.432728,47.763854,-0.126152,-9.611506,0,0.090938,1.00452,-0.067044,-0.007402,0.606237
01-29-25,297.119995,298.600006,294.309998,295.0625,349500,292.377673,297.861362,276.475442,-0.404121,0.29999,0.220929,FALSE,TRUE,21.385921,-0.14441,8.077679,16.327149,50.527175,-6.204525,0.431425,0.792961,5.065198,5.527179,20.983075,65.385416,1.801064,1.792518,551.038546,1.446566,-0.007355,0.004451,3.41377,0.681362,-9.705582,0.961538,-2430500,-42.751843,-799469224.791811,-0.436379,53.229699,-0.798613,-9.109588,0,0.09746,1.077984,-0.066716,-0.007355,0.48723
01-30-25,298.700012,301.529999,297.75,298.539337,387900,292.942535,297.883203,276.704728,-0.301761,0.281677,0.221522,TRUE,TRUE,21.178474,-0.17559,20.616952,15.225807,54.887558,6.057917,0.673732,0.828214,4.649524,6.672359,19.7686,80.030903,3.933003,1.811433,553.521346,1.433679,-0.007011,0.004129,3.267403,1.223752,-9.705582,1.064066,-2042600,5.810147,-799695122.684644,-0.470532,59.325425,-1.971481,-9.038117,0,0.147575,1.648419,-0.064261,-0.007011,1.011127
01-31-25,300.149994,302.140015,295.769989,295.789764,311900,293.39532,297.962239,276.941641,-0.202451,0.263625,0.222103,FALSE,TRUE,21.020599,-0.207095,32.455057,14.578111,51.055222,0.016118,0.636556,0.63283,3.870056,5.120442,19.997616,68.448873,3.158221,1.809167,536.849759,1.433879,-0.007258,0.004418,2.900433,0.846383,-9.516939,0.846542,-2354500,33.290598,-800005086.132207,-0.471371,60.654804,-1.838108,-8.104633,0,0.112388,1.254692,-0.066464,-0.007258,0.446018
02-03-25,288.920013,295.519989,288.869995,292.900696,316700,293.654839,297.974759,277.163118,-0.109386,0.245654,0.222667,FALSE,TRUE,20.811641,-0.241973,24.331128,15.088353,47.316847,-3.210328,0.369708,0.292786,3.381757,7.42664,21.286001,46.854564,1.804026,1.870415,520.209003,1.439659,-0.007354,0.004494,2.520299,0.580538,-9.516939,0.857684,-2671200,5.391015,-799937869.116232,-0.43427,63.592027,-1.19522,-6.256165,0,0.087875,0.976641,-0.067036,-0.007354,-0.144969
02-04-25,293.799988,298.119995,293.640015,296.427307,180300,293.792815,297.970443,277.41816,-0.023367,0.228017,0.223216,FALSE,TRUE,20.552283,-0.262442,26.573539,15.013908,51.942648,-2.94491,0.437752,0.288664,6.465782,12.82466,20.521998,52.4449,0.939675,1.840846,523.891682,1.427037,-0.007592,0.004873,2.128012,0.453549,-9.516939,0.492159,-2490900,-24.370805,-799893815.979992,-0.447245,63.086771,0.571864,-3.099165,0,0.075327,0.844806,-0.069809,-0.007592,0.50287
02-05-25,298.980011,301.869995,298.230011,300.073517,187100,294.093674,298.027137,277.696776,0.060096,0.21086,0.223751,TRUE,TRUE,20.330361,-0.251255,22.291275,14.218095,56.222554,5.167333,0.776939,0.502281,6.578237,17.779533,22.417657,77.748223,2.046268,1.730664,542.434179,1.257074,-0.008727,0.008346,1.929704,-0.352059,-9.516939,0.529848,-2303800,-58.569531,-799891398.699757,-0.375781,61.264664,-0.179465,,0,0.003684,0.047119,-0.091357,-0.008727,1.102409
02-06-25,302.540009,302.700012,297.679993,298.399872,263800,294.417946,297.941943,277.975187,0.136082,0.194006,0.224273,TRUE,TRUE,19.966756,-0.24088,15.509398,13.324647,53.851829,6.534982,0.90032,0.50053,5.507595,15.492051,23.175006,66.133756,2.221693,1.783219,548.076722,1.258171,-0.008895,0.008647,1.763294,-0.539851,-9.516939,0.744147,-2567600,11.685013,-800079539.982220,-0.379756,53.991644,-1.111409,-2.944242,0,-0.011876,-0.151728,-0.092991,-0.008895,0.726527
02-07-25,300.040009,301.320007,295.459991,295.082458,229200,294.664513,297.683375,278.224,0.202628,0.17706,0.224781,FALSE,TRUE,19.459376,-0.230848,3.70732,12.892241,49.404886,-2.537762,0.722089,0.257839,2.372492,16.141258,20.537025,43.112157,1.699575,1.837227,538.886412,1.259609,-0.00917,0.009155,1.711615,-0.96576,-9.516939,0.65222,-2796800,-21.210038,-800338272.514599,-0.43534,47.893679,-3.232308,-2.015306,0,-0.046769,-0.596596,-0.095679,-0.00917,0.077557
02-10-25,297.769989,298.369995,296.25,296.447266,195200,295.298613,297.366325,278.457619,0.260189,0.160163,0.225277,FALSE,TRUE,18.908706,-0.211311,-11.762994,12.49072,51.190636,-5.031919,0.683094,0.175075,-2.376013,13.668249,21.12386,52.583404,4.469189,1.706024,474.67445,1.249559,-0.009287,0.009544,1.772658,-1.142905,-9.516939,0.576543,-2601600,-56.823712,-800497145.779988,-0.439547,40.50619,-7.712832,-3.593851,0,-0.060422,-0.777107,-0.097695,-0.009287,0.241987
02-11-25,295,295.649994,293.100006,292.631744,296700,295.765347,297.009102,278.677604,0.302061,0.143134,0.225751,FALSE,TRUE,18.331499,-0.206403,-18.650089,12.682043,46.273505,-7.578323,0.340386,-0.134107,-3.955943,11.971264,17.482415,26.105124,3.295017,1.745776,388.531739,1.240566,-0.009104,0.00931,1.941395,-1.05371,-9.516939,0.915712,-2898300,-49.532233,-800902813.558058,-0.563804,34.875304,-8.617052,-4.961826,0,-0.052473,-0.679952,-0.096486,-0.009104,-0.806524
02-12-25,289.440002,293.049988,288.649994,291.027802,318700,296.035825,296.613645,278.896544,0.328373,0.125996,0.226203,FALSE,TRUE,17.717101,-0.208855,-28.033293,13.554819,44.34515,-5.059736,-0.059947,-0.427551,-5.352088,11.973133,14.579182,16.252952,1.893978,1.741162,328.341803,1.23544,-0.008957,0.009091,1.669241,-0.949601,-9.516939,0.974662,-3217000,22.955247,-800877055.222239,-0.544311,34.687504,-9.779033,-4.139863,0,-0.043776,-0.569716,-0.095345,-0.008957,-1.525247
02-13-25,294.209991,295.880005,292.109985,294.554443,190200,296.188248,296.242853,279.117138,0.341798,0.108728,0.226632,FALSE,TRUE,17.125716,-0.213795,-12.700848,13.715369,49.343713,-1.846923,-0.091587,-0.367353,-5.399457,11.543906,14.146759,42.024497,1.045763,1.759411,312.920202,1.226104,-0.008355,0.008052,1.739593,-0.320253,-9.516939,0.604059,-3026800,-56.023121,-800820606.148285,-0.490349,33.157317,-10.245759,-4.227303,0,0.007278,0.095508,-0.089735,-0.008355,-0.522115
02-14-25,296.690002,297.429993,294.540009,294.454834,132400,296.295842,295.887344,279.324122,0.338925,0.091501,0.227036,FALSE,TRUE,16.563222,-0.228244,2.324303,13.523695,49.209278,2.935772,-0.123279,-0.319236,-3.752744,12.302655,18.798778,41.315534,0.736183,1.658477,302.379893,1.201108,-0.00816,0.008027,1.717879,0.08104,-9.516939,0.443076,-3159200,-70.798412,-800960810.420770,-0.515623,44.723094,-6.977141,-1.797411,0,0.038953,0.522586,-0.089591,-0.00816,-0.608839
02-18-25,295.899994,298.059998,295.029999,296.188232,427000,296.427841,295.601846,279.566589,0.322777,0.074546,0.227418,TRUE,TRUE,16.035258,-0.239257,2.180251,13.205234,51.676575,7.331424,-0.008427,-0.163507,-2.154211,10.056358,16.343796,53.652873,0.899336,1.639196,295.43694,1.203234,-0.008051,0.00779,1.703337,0.177429,-9.516939,1.406688,-2732200,28.459687,-801061364.239497,-0.450546,49.114705,-5.63303,-3.300303,0,0.046638,0.624559,-0.08826,-0.008051,-0.081103
02-19-25,295.450012,297.880005,295.029999,295.500824,289600,296.170815,295.260306,279.80928,0.302673,0.057883,0.227774,TRUE,TRUE,15.451027,-0.244211,1.285005,12.909519,50.626273,1.28256,0.026817,-0.102611,-0.654402,9.67577,13.466271,48.760293,-1.709856,1.608201,278.739701,1.188148,-0.008343,0.008575,1.693527,-0.204819,-9.516939,0.975741,-3021800,-31.79463,-801255279.548581,-0.531593,40.527937,-3.732424,-3.352468,0,0.016857,0.22866,-0.092603,-0.008343,-0.240364
02-20-25,296.51001,296.850006,291.899994,292.651672,271700,295.811179,294.950145,280.014175,0.278734,0.041591,0.228101,FALSE,TRUE,14.93597,-0.252762,-17.584041,13.236459,46.415438,-2.79384,-0.173158,-0.242069,0.278837,7.230084,14.143774,28.48166,-2.398817,1.58682,275.226699,1.194323,-0.008497,0.00879,1.812822,-0.461835,-9.516939,0.90612,-3293500,28.951115,-801444462.160386,-0.512562,31.028243,-2.998669,-5.04713,0,-0.003198,-0.043138,-0.093753,-0.008497,-1.147965
02-21-25,295.679993,295.679993,282.730011,282.121521,688800,294.8284,294.377357,280.153902,0.242784,0.025202,0.22839,FALSE,TRUE,14.223455,-0.269133,-33.12423,14.872751,34.871247,-16.805327,-1.167873,-0.989427,-3.473854,4.425798,11.759762,-3.04702,-6.513277,1.812642,381.42525,1.256066,-0.009227,0.009296,2.386888,-1.58119,-9.892397,2.152164,-3982300,141.853933,-802197992.430331,-0.622003,28.257277,-5.23593,-6.81886,0,-0.09672,-1.236315,-0.096416,-0.009227,-3.33142
02-24-25,283.98999,283.98999,278.059998,279.441681,287300,293.820715,293.812923,280.259746,0.195945,0.008614,0.228642,FALSE,FALSE,13.553177,-0.279685,-32.783406,16.8954,32.645944,-17.980329,-2.147676,-1.575384,-5.798701,1.923567,11.739271,5.607478,-6.726969,1.804725,497.435793,1.236066,-0.009748,0.010706,2.943774,-2.188544,-10.748319,0.897364,-4269600,0.771659,-802351411.109377,-0.589004,28.550235,-7.480589,-8.973168,0,-0.143713,-1.867395,-0.103468,-0.009748,-2.890631
02-25-25,279.839996,281.279999,275.100006,277.160309,275600,292.995341,293.24456,280.347802,0.13621,-0.008206,0.228855,FALSE,FALSE,12.896758,-0.285121,-48.398462,19.057773,30.841556,-15.573882,-3.072842,-2.00044,-6.755003,2.21827,8.958389,7.464863,-5.62114,1.844339,621.569074,1.222024,-0.010129,0.011819,3.567224,-2.691924,-11.476973,0.962559,-4545200,-71.062579,-802443250.557097,-0.563037,23.47883,-8.743691,-9.298398,0,-0.181726,-2.38898,-0.108717,-0.010129,-2.54759
02-26-25,280.100006,283.399994,278.549988,278.246185,375900,292.135098,292.663762,280.452171,0.063149,-0.024923,0.22903,FALSE,FALSE,12.21159,-0.289887,-58.598784,20.526936,32.746936,-2.124311,-3.676046,-2.082916,-8.066287,-0.150898,9.279131,11.399197,-5.823254,1.857601,699.912834,1.223233,-0.009934,0.011354,3.65004,-2.479383,-11.476973,1.258137,-4169300,196.451104,-802866243.015804,-0.606461,26.530019,-9.050778,-11.088271,0,-0.164889,-2.165584,-0.106556,-0.009934,-1.984378
02-27-25,280.040009,280.149994,273.230011,272.527863,232500,291.008366,292.059937,280.518945,-0.021915,-0.041728,0.229162,FALSE,FALSE,11.540992,-0.301713,-62.654016,22.415785,28.321768,-4.324176,-4.562913,-2.375826,-11.52004,-2.199457,5.898891,-2.499639,-7.637242,1.946375,821.183892,1.246441,-0.010181,0.011455,3.865667,-2.89049,-12.956543,0.793719,-4401800,-33.476395,-803145925.072129,-0.627584,26.857484,-11.507315,-12.046677,0,-0.202001,-2.600611,-0.107027,-0.010181,-2.250471
02-28-25,271.839996,276.850006,270.720001,275.755646,400500,289.869182,291.55621,280.611752,-0.112275,-0.058242,0.229253,FALSE,FALSE,10.944458,-0.302233,-46.905383,24.390221,33.762802,2.921247,-4.948265,-2.208942,-11.701619,-0.432102,5.412517,18.2121,-7.631722,1.930586,867.915472,1.253516,-0.009993,0.010913,4.29047,-2.779937,-12.956543,1.36431,-4001300,3.24826,-802888423.757833,-0.543902,25.966332,-13.000629,-12.060478,0,-0.194014,-2.48295,-0.104464,-0.009993,-1.626142
03-03-25,277.899994,278.829987,265.920013,266.590363,1656400,288.409212,290.806828,280.655715,-0.211721,-0.075023,0.229298,FALSE,FALSE,10.151113,-0.317168,-60.927105,26.605522,27.40211,-5.344827,-5.924923,-2.54848,-14.139624,-2.805994,2.661315,2.085717,-9.871674,2.254776,998.80104,1.316657,-0.010061,0.009984,5.002529,-3.25907,-14.852938,4.591164,-5657700,431.06765,-804372806.934599,-0.605316,19.825366,-13.890635,-13.254864,0,-0.246014,-2.989812,-0.099919,-0.010061,-2.184504
03-04-25,263.73999,270.089996,260.23999,264.667664,632800,286.99756,290.08835,280.67542,-0.319738,-0.091919,0.229294,FALSE,FALSE,9.41293,-0.335714,-59.357253,29.04499,26.283449,-2.038319,-6.775967,-2.71962,-14.843275,-4.284999,1.449896,11.707225,-9.639114,2.446653,1123.687341,1.317431,-0.009998,0.009842,5.745595,-3.288326,-15.467035,1.680364,-6290500,99.810546,-804436707.451693,-0.59732,18.902351,-12.376391,-12.178195,0,-0.248857,-3.022206,-0.099208,-0.009998,-1.987198
03-05-25,265.450012,269.420013,263.929993,267.965118,394100,285.574451,289.689261,280.689496,-0.435896,-0.108752,0.229241,FALSE,FALSE,8.999765,-0.342725,-47.254762,31.310211,31.451918,-2.310884,-7.102476,-2.436903,-14.413851,-3.699875,1.331985,20.426036,-9.601743,2.445601,1176.947,1.326236,-0.009725,0.009194,6.267422,-3.153835,-15.467035,1.017623,-5896400,118.580144,-804251486.125601,-0.562607,24.808632,-12.434211,-12.251107,0,-0.238625,-2.877741,-0.095888,-0.009725,-1.496187
03-06-25,264.950012,268.429993,261.959991,262.236847,519100,283.682617,289.197723,280.687449,-0.56197,-0.125773,0.229135,FALSE,FALSE,8.510274,-0.364135,-63.359609,33.542748,27.804828,0.402718,-7.734305,-2.454985,-16.011728,-2.383039,-1.258535,5.279895,-12.609133,2.543088,1234.318096,1.340248,-0.009627,0.008811,6.97454,-3.263836,-16.24342,1.285299,-6415500,177.445216,-804726160.887050,-0.598547,20.635019,-13.092384,-10.736965,0,-0.250934,-2.9927,-0.093868,-0.009627,-1.737459
03-07-25,262.470001,265.869995,257.859985,263.302795,538100,281.927763,288.668726,280.692116,-0.692339,-0.142763,0.228982,FALSE,FALSE,7.97661,-0.376838,-59.938933,35.866046,29.444391,3.160942,-8.056154,-2.221467,-15.19031,-2.007917,0.842667,13.539324,-11.76176,2.671689,1263.220096,1.335322,-0.009663,0.008946,7.577931,-3.362585,-16.24342,1.288584,-5877400,103.980288,-804532981.855382,-0.533231,17.509435,-12.973887,-11.17456,0,-0.258309,-3.092154,-0.094584,-0.009663,-1.474404
03-10-25,260.839996,262.269989,254.580002,256.578247,650700,280.002553,288.02596,280.652276,-0.827535,-0.16027,0.228775,FALSE,FALSE,7.373684,-0.403177,-69.534983,38.20422,25.508708,-5.94321,-8.752938,-2.334601,-17.915402,-3.843897,-2.723166,4.614885,-13.048628,2.884179,1343.072044,1.364558,-0.009643,0.008516,8.189822,-3.592458,-18.050737,1.483364,-6528100,183.900524,-804845512.715094,-0.513745,10.706329,-14.373017,-11.746112,0,-0.284846,-3.333265,-0.092281,-0.009643,-1.744084
03-11-25,257.609985,261.76001,254.729996,257.644226,561400,278.062401,287.347131,280.620636,-0.958387,-0.178276,0.228518,FALSE,FALSE,6.726495,-0.428463,-66.018185,40.375382,27.170569,-0.634259,-9.114067,-2.156584,-16.392644,-1.416199,-3.160789,7.249169,-13.089357,2.988131,1372.949797,1.36663,-0.009525,0.008286,8.069801,-3.375388,-18.050737,1.228514,-5966700,187.602459,-804941465.873093,-0.486276,17.5456,-11.870403,-9.221241,0,-0.266189,-3.110549,-0.091028,-0.009525,-1.487176
03-12-25,262.089996,262.779999,257.149994,258.102448,420900,276.335936,286.608128,280.601231,-1.080614,-0.196652,0.228212,FALSE,FALSE,6.006897,-0.447441,-62.871926,42.075899,27.915036,-1.529356,-9.256586,-1.839283,-16.945013,-1.987836,-2.735661,8.570429,-11.799573,3.001645,1396.989908,1.363573,-0.009616,0.008482,5.607415,-3.456875,-18.050737,0.908708,-5545800,41.860465,-805219954.726327,-0.466028,22.607074,-12.946817,-9.13573,0,-0.2728,-3.195132,-0.092096,-0.009616,-1.305198
03-13-25,259.26001,259.26001,253,253.619461,591400,274.465519,285.883672,280.57752,-1.196074,-0.215759,0.227853,FALSE,FALSE,5.306153,-0.478774,-58.280954,43.918435,25.200902,-0.307806,-9.620375,-1.762457,-17.56592,-3.494113,-3.421574,1.998907,-12.853872,2.866288,1439.704218,1.367706,-0.009636,0.008463,5.46047,-3.49492,-18.995752,1.2403,-6137200,85.566363,-805694310.413507,-0.505144,23.131599,-12.853567,-9.904693,0,-0.277083,-3.235065,-0.091997,-0.009636,-1.44794
03-14-25,257.950012,261.450012,256.660004,260.254333,418300,272.750513,285.343917,280.570705,-1.301191,-0.235161,0.227451,FALSE,FALSE,4.773212,-0.499515,-36.298686,44.966357,35.237098,8.066529,-9.266484,-1.126853,-14.832239,-1.681239,-1.181361,23.862944,-11.644744,2.845377,1391.286735,1.417339,-0.008612,0.006302,5.412696,-2.774604,-18.995752,0.856777,-5718900,119.926393,-805484841.942760,-0.477673,28.143918,-12.030181,-8.855035,0,-0.220694,-2.483752,-0.079385,-0.008612,-0.898174
03-17-25,261.029999,265.910004,261.029999,263.741119,326200,271.214828,284.884058,280.580483,-1.391302,-0.254605,0.227007,FALSE,FALSE,4.303575,-0.506995,-24.820459,44.714309,39.807873,11.892838,-8.605469,-0.37267,-14.170827,-1.612572,-0.265335,35.332637,-10.430705,2.79356,1306.001273,1.422479,-0.00837,0.005911,5.58816,-2.708062,-18.995752,0.655132,-5392700,146.374622,-805448596.591683,-0.450658,32.217238,-11.572121,-8.557253,0,-0.214945,-2.409813,-0.076886,-0.00837,-0.572259
03-18-25,262.690002,263.170013,260.290009,260.670319,356300,269.438932,284.343258,280.592025,-1.466983,-0.274047,0.22652,FALSE,FALSE,3.751232,-0.523145,-31.357502,44.559567,37.31038,12.109478,-8.234476,-0.001342,-13.890367,-5.111737,0.373909,28.25164,-11.991669,2.750057,1184.361773,1.422741,-0.008343,0.005871,5.05985,-2.711988,-18.995752,0.720701,-5749000,-16.557377,-805710796.422141,-0.470229,27.232734,-11.939245,-11.328749,0,-0.215349,-2.413824,-0.076625,-0.008343,-0.740366
03-19-25,261.619995,267.890015,261.559998,265.698547,972100,267.948818,283.783873,280.620595,-1.527426,-0.293094,0.225993,FALSE,FALSE,3.163278,-0.550313,-12.336221,43.242697,43.555037,8.317939,-7.44886,0.627419,-11.711041,-3.420726,2.391926,49.162036,-10.085345,2.706071,1014.503721,1.350071,-0.007908,0.005895,5.143375,-1.65379,-18.995752,1.839339,-4776900,235.66989,-805411783.182466,-0.393232,36.433471,-11.669297,-10.568485,0,-0.109955,-1.302369,-0.076782,-0.007908,-0.22181
03-20-25,263.320007,267.309998,263.23999,263.643372,488300,266.498403,283.175614,280.634535,-1.571827,-0.311619,0.225427,FALSE,FALSE,2.541078,-0.581489,-22.352625,42.01989,41.725533,1.917659,-6.912407,0.931098,-13.292163,-4.870193,2.363999,41.205486,-9.912228,2.671354,834.059701,1.352273,-0.007984,0.005989,2.751183,-1.72729,-18.995752,0.905374,-5265200,79.72028,-805803291.655390,-0.404093,36.119595,-13.617119,-12.201641,0,-0.116608,-1.378777,-0.077386,-0.007984,-0.342305
03-21-25,260.959991,263.660004,259.730011,262.346375,386800,265.509646,282.584253,280.646196,-1.601792,-0.329628,0.224823,FALSE,FALSE,1.938057,-0.608522,-9.162527,41.361403,40.567429,3.257049,-6.516799,1.061364,-12.723313,-5.338185,1.599208,54.689155,-7.009443,2.440064,752.312337,1.344452,-0.00831,0.006558,2.804327,-2.035793,-18.995752,0.737837,-5652000,-43.844367,-805675073.183291,-0.331634,42.710067,-12.810172,-12.775757,0,-0.142982,-1.700528,-0.080981,-0.00831,-0.420473
03-24-25,267.26001,270.859985,267.26001,269.93866,384800,265.034495,282.180003,280.712837,-1.610368,-0.346674,0.224189,FALSE,FALSE,1.467166,-0.623343,10.138762,39.171107,49.417797,5.86276,-5.526932,1.640985,-6.245111,-4.674391,2.839227,94.841397,-3.400717,2.336073,686.849985,1.400573,-0.007308,0.004674,3.396229,-1.339983,-18.995752,0.727259,-5267200,33.936652,-805487233.476261,-0.29633,49.845731,-10.131924,-12.438278,0,-0.086117,-0.982056,-0.068368,-0.007308,0.714008
03-25-25,270.359985,270.730011,268.230011,268.80127,250100,264.616543,281.880724,280.748262,-1.594659,-0.362984,0.223524,FALSE,FALSE,1.132461,-0.634121,1.678058,37.13726,48.258402,6.532869,-4.779143,1.91102,-6.280202,-4.487817,1.293959,88.473026,-3.015958,2.266504,632.459302,1.3937,-0.007581,0.005077,3.392473,-1.61523,-18.995752,0.473822,-5517300,-9.25254,-805623036.066593,-0.30121,45.042331,-10.89445,-12.30609,0,-0.11058,-1.267204,-0.071252,-0.007581,0.661659
03-26-25,269.720001,270.079987,263.769989,264.202057,421400,263.914336,281.498824,280.770933,-1.559889,-0.378725,0.222825,FALSE,FALSE,0.72789,-0.645297,4.035386,35.929966,43.785055,3.217626,-4.505693,1.747576,-8.818063,-5.713687,0.725127,62.721535,-5.047375,2.301633,545.098653,1.397606,1.350895,0.660094,3.354101,-2.1597,-18.995752,0.794929,-5938700,12.104283,-805986726.566966,-0.294324,45.678789,-11.972461,-12.567849,0,-0.204109,-3.987457,0.812462,1.350895,0.052783
03-27-25,264.25,265.920013,262.209991,262.526001,583500,263.414243,281.036978,280.800165,-1.507617,-0.393867,0.22209,FALSE,FALSE,0.236813,-0.666337,-1.575343,35.029257,42.248116,-7.169681,-4.373808,1.503569,-9.071372,-6.572824,-0.162422,53.337115,-3.670033,2.199333,506.424312,1.383327,1.351332,0.659184,3.37001,-1.96558,-18.995752,1.065442,-6522200,150.967742,-806470824.699729,-0.303555,45.356052,-11.565586,-13.397538,0,-0.211298,-4.15348,0.811902,1.351332,-0.175395
03-28-25,262.25,262.880005,256.100006,256.998901,360400,262.476406,280.346837,280.793202,-1.445234,-0.408369,0.221313,FALSE,FALSE,-0.446366,-0.699327,0.874321,34.961053,37.565261,-10.693141,-4.661543,0.972667,-11.861622,-7.675708,-2.22389,22.390284,-6.801944,2.192635,434.402332,1.402962,1.346203,0.668759,3.353881,-2.165928,-18.995752,0.660491,-6882600,-10.012484,-806735660.714078,-0.352534,47.331929,-12.395711,-12.995998,0,-0.211483,-4.157734,0.817777,1.346203,-1.260929
03-31-25,252.740005,256.779999,249.350006,254.933731,809800,261.893575,279.599453,280.779575,-1.373038,-0.422389,0.220496,FALSE,FALSE,-1.180123,-0.734883,-5.519088,35.571098,35.961342,-7.823713,-4.998596,0.508491,-13.597187,-8.853205,-4.850759,25.958765,-4.372488,2.227738,454.054072,1.405303,1.318988,0.647242,3.460327,-2.28031,-18.995752,1.608901,-7692400,-51.110843,-806328312.681088,-0.194259,37.536128,,-14.516594,0,-0.229916,-4.372814,0.804514,1.318988,-1.532823
04-01-25,254.850006,257.910004,251.990005,255.063431,275400,261.413363,278.829756,280.746183,-1.290118,-0.435888,0.219638,FALSE,FALSE,-1.916427,-0.766804,-6.229694,35.879955,36.145739,-6.102377,-5.195359,0.249383,-11.999225,-9.353831,-4.81289,26.56174,-3.62879,2.234726,473.540372,1.403961,1.31971,0.646403,3.573458,-2.337065,-18.995752,0.567303,-7417000,-56.47914,-806317759.442074,-0.193741,36.132459,-13.953939,-15.580378,0,-0.230558,-4.384012,0.803992,1.31971,-1.340948
04-02-25,251.550003,261.630005,251.369995,259.9021,243300,261.010212,278.014971,280.747241,-1.196955,-0.448797,0.218742,FALSE,FALSE,-2.73227,-0.778882,12.785587,35.349242,42.766849,5.201588,-4.904321,0.432337,-9.518102,-7.822858,-2.249121,49.056735,-3.008981,2.303053,448.485593,1.399393,1.314561,0.656596,3.33863,-2.377515,-18.995752,0.509086,-7173700,-38.2644,-806156408.555697,-0.199295,41.884868,-13.371967,-15.161923,0,-0.242378,-4.69193,0.810306,1.314561,-0.247079
04-03-25,248.059998,249.910004,242.369995,243.181213,633100,260.05743,276.881707,280.684017,-1.110335,-0.462556,0.217792,FALSE,FALSE,-3.802309,-0.815836,-28.827821,35.754417,30.858851,-5.102491,-5.954269,-0.49409,-15.189285,-12.608398,-6.690514,2.84738,-7.266574,2.746368,598.40904,1.613766,1.396312,0.737523,4.152757,-3.138147,-22.329654,1.309099,-7806800,21.961086,-806653279.988200,-0.199241,34.310499,-14.674261,-15.815528,0,-0.272,-5.222556,0.858792,1.396312,-2.820181
04-04-25,234.330002,236.759995,226.220001,231.777893,887100,258.481185,275.481723,280.553669,-1.038415,-0.477648,0.21678,FALSE,FALSE,-5.071946,-0.872287,-47.606128,37.198489,25.619687,-10.526052,-7.61869,-1.726809,-19.440538,-16.851754,-11.636352,12.450479,-11.97287,3.229898,864.470107,1.709622,1.291801,0.751661,5.580669,-3.57516,-25.971793,1.770429,-8693900,64.857833,-806604818.508705,-0.206743,27.297671,-13.883635,-15.456845,0,-0.250027,-4.658707,0.866984,1.291801,-3.088978
04-07-25,222.619995,242.729996,219.190002,230.261444,1883300,257.165345,274.095045,280.410983,-0.980433,-0.494155,0.215704,FALSE,FALSE,-6.315938,-0.93087,-46.364435,38.873419,25.011546,-17.755302,-8.956872,-2.451992,-21.59118,-16.629675,-11.070494,21.427221,-10.256833,3.874339,1070.658966,1.709751,1.280644,0.749158,6.762682,-3.582661,-26.456136,3.346929,-10577200,189.426771,-806716593.274459,-0.166261,22.96676,-14.036362,-14.107781,0,-0.20758,-3.848151,0.865539,1.280644,-2.512836
04-08-25,239.740005,239.869995,221.009995,223.636932,929300,255.46498,272.694428,280.244092,-0.943034,-0.512473,0.214559,FALSE,FALSE,-7.549664,-1.007809,-62.6076,40.428711,22.499052,-8.359799,-10.431683,-3.141442,-23.947589,-20.367859,-13.980696,8.606409,-13.199323,4.36089,1306.681314,1.724189,1.289131,0.751051,8.159226,-3.656404,-28.571958,1.599236,-11506500,65.532597,-807387015.938291,-0.210428,11.231138,-15.152524,-15.575164,0,-0.213858,-3.946261,0.866632,1.289131,-2.435793
04-09-25,221.369995,248.690002,220.690002,244.91716,1789400,254.805716,271.68375,280.179391,-0.908332,-0.531232,0.213365,FALSE,FALSE,-8.495641,-1.047315,-21.671856,40.336992,42.485957,16.86627,-9.770714,-1.984379,-16.099673,-11.950003,-6.273516,49.791303,-5.108548,4.679887,1325.796324,2.146083,1.445779,0.817807,8.504214,-1.744158,-28.571958,2.754979,-9717100,325.136612,-806079839.095683,-0.066194,27.574051,-12.288979,-12.26076,0,-0.173827,-3.012354,0.904327,1.445779,-0.745858
04-10-25,238.080002,239.610001,228.839996,234.980392,778700,253.873763,270.482108,280.065204,-0.8841,-0.550663,0.212113,FALSE,FALSE,-9.583096,-1.097043,-28.791827,40.251824,37.608653,12.597106,-9.93419,-1.718284,-19.014481,-15.915514,-10.310529,30.560084,-7.349226,5.247034,1398.112205,2.197776,1.436524,0.828657,9.150748,-2.290188,-28.571958,1.181854,-10495800,31.670612,-805970605.101183,-0.020967,26.671901,-11.790571,-13.360388,0,-0.183794,-3.207113,0.910306,1.436524,-1.351349
04-11-25,234.779999,240.199997,231.220001,239.420013,655900,252.832047,269.299721,279.972423,-0.870864,-0.570194,0.210811,FALSE,FALSE,-10.672702,-1.126701,-33.210316,40.070593,40.874492,18.37544,-9.594902,-1.103197,-15.62744,-14.539387,-6.529596,39.251082,-8.005369,5.163651,1425.419501,2.194751,1.400716,0.825761,9.321718,-2.314083,-28.571958,0.977846,-9839900,56.801339,-805428645.287041,0.004189,28.168684,-11.945233,-13.669269,0,-0.224897,-3.896958,0.908714,1.400716,-0.940918
04-14-25,244.850006,244.850006,238.059998,241.944107,511200,251.742196,268.222808,279.896622,-0.867492,-0.589319,0.20946,FALSE,FALSE,-11.673814,-1.147974,-28.791433,39.113076,42.710562,0.224605,-9.018382,-0.421342,-14.597028,-12.990874,-6.264781,44.712344,-8.264548,5.236434,1420.941738,2.200541,1.398188,0.826505,8.383711,-2.214111,-28.571958,0.751754,-9328700,56.713673,-805354998.666668,0.006882,32.323076,-12.667953,-12.953756,0,-0.230545,-3.992848,0.909123,1.398188,-0.689549
04-15-25,242.25,245.600006,241.100006,241.984024,390000,250.807881,267.204475,279.803432,-0.876226,-0.607954,0.208061,FALSE,FALSE,-12.598957,-1.164274,-25.042166,38.099597,42.740845,5.132192,-8.460735,0.109045,-15.277116,-14.861207,-4.233762,48.778122,-7.168555,5.182143,1420.58086,2.198913,1.396684,0.824633,8.190045,-2.265025,-28.571958,0.572103,-8938700,9.458322,-805591768.889650,0.00873,36.220129,-14.133909,-14.999543,0,-0.235139,-4.053614,0.908093,1.396684,-0.621144
04-16-25,240.759995,241.320007,235.550003,238.601929,410400,249.45305,266.047967,279.69571,-0.899826,-0.626366,0.206611,FALSE,FALSE,-13.647743,-1.17123,-26.456333,37.687906,40.774226,-0.100266,-8.19721,0.298056,-18.148531,-16.697133,-3.947297,44.431049,-10.198256,5.337144,1400.157315,2.174109,1.385533,0.824655,7.75217,-2.755005,-28.571958,0.627897,-9349100,-57.782121,-805568023.529825,-0.011952,37.024004,-16.084122,,0,-0.278539,-4.85689,0.908105,1.385533,-0.774993
04-17-25,238.839996,241.699997,237.440002,240.297958,313900,248.28578,264.852456,279.605782,-0.935189,-0.644386,0.205115,FALSE,FALSE,-14.753326,-1.173309,-19.28572,37.237313,42.210245,-0.500317,-7.762033,0.586586,-17.791469,-15.956436,-3.341543,49.735991,-8.854921,5.224567,1372.672582,2.178488,1.387114,0.824848,8.004433,-2.630944,-28.571958,0.48675,-9035200,-35.715749,-805460743.471584,0.026559,40.299507,-15.868736,-16.613702,0,-0.271694,-4.730626,0.908212,1.387114,-0.581917
04-21-25,238.520004,238.619995,232.300003,234.212189,1119600,246.87907,263.568702,279.482552,-0.978873,-0.662449,0.203565,FALSE,FALSE,-15.91385,-1.17878,-22.866902,37.285733,38.594166,-4.146679,-7.818101,0.424414,-20.213392,-19.405807,-4.56639,35.39629,-10.724061,5.370968,1365.134665,2.19259,1.393179,0.820791,8.413601,-2.997403,-28.571958,1.642774,-10154800,189.451913,-805902847.977037,-0.016711,39.390446,-16.702895,-18.868259,0,-0.295246,-5.049481,0.905975,1.393179,-0.927885
04-22-25,237.990005,241.979996,237.630005,240.487518,405100,245.406513,262.476804,279.391046,-1.02308,-0.680414,0.201969,FALSE,FALSE,-16.914242,-1.173906,-15.063412,36.711693,43.928362,3.154136,-7.272338,0.776142,-20.008504,-16.880102,-1.58083,50.182645,-10.910309,5.2857,1257.935826,2.22776,1.4057,0.825182,8.632893,-2.546016,-28.571958,0.593514,-9749700,5.275468,-805775726.769731,-0.021134,40.02364,-17.11033,-17.195471,0,-0.268658,-4.578667,0.908396,1.4057,-0.391037
04-23-25,248.970001,252.570007,245.320007,245.316208,341200,244.23226,261.454182,279.322642,-1.061145,-0.69818,0.200332,FALSE,FALSE,-17.86846,-1.167879,-15.075279,34.555767,47.693594,5.483349,-6.376675,1.337444,-18.185494,-14.963141,1.070628,78.269028,-8.736961,5.234723,1131.296638,2.237531,1.411452,0.827335,3.875753,-2.063529,-28.571958,0.49658,-9408500,36.42543,-806117284.388602,-0.035966,40.526089,-15.83894,-15.419014,0,-0.220155,-3.758876,0.909579,1.411452,0.095815
04-24-25,246.600006,252.139999,245.759995,251.072769,506900,243.575796,260.623003,279.274103,-1.089023,-0.715327,0.19866,FALSE,FALSE,-18.6511,-1.146705,9.198756,32.553836,51.845115,13.250949,-5.143063,2.056844,-16.801915,-12.056666,2.345009,95.514566,-4.969412,4.810058,1044.046235,2.260307,1.420937,0.826693,5.690517,-1.839141,-28.571958,0.733177,-8901600,20.289511,-805779970.152498,0.014953,45.883512,-14.864621,-13.997888,0,-0.201476,-3.39897,0.909226,1.420937,0.718069
04-25-25,250.100006,252.529999,248.759995,251.821014,339800,243.040546,259.838867,279.23639,-1.101859,-0.731794,0.196954,FALSE,FALSE,-19.397523,-1.122497,26.67639,30.638196,52.374242,8.44588,-4.058259,2.513319,-15.946292,-11.242072,0.839992,97.756163,-4.077686,4.421599,966.329284,2.261355,1.421641,0.826281,5.542711,-1.788034,-28.571958,0.500302,-8561800,-41.76521,-805567975.254675,0.066465,51.594671,-13.856954,-13.319457,0,-0.188806,-3.179979,0.909,1.421641,0.908641
04-28-25,253.470001,255.300003,250.050003,252.68898,471100,242.82505,259.001558,279.191969,-1.101945,-0.747607,0.195219,FALSE,FALSE,-20.190411,-1.08857,30.109804,28.452107,53.019129,5.325536,-3.092854,2.782979,-13.954137,-9.956212,1.630553,92.455871,-1.677019,3.889401,937.952185,2.255052,1.425888,0.825899,5.313777,-1.890841,-28.571958,0.688013,-8090700,30.715871,-805565466.839961,0.08545,64.743246,-12.459413,-12.935475,0,-0.182754,-3.083259,0.90879,1.425888,1.051645
04-29-25,252.380005,256.140015,251.029999,254.444855,485200,242.800607,258.201358,279.114212,-1.082031,-0.762597,0.193457,FALSE,FALSE,-20.912854,-1.053878,44.253328,26.541119,54.365338,2.520223,-2.161166,2.971734,-13.879184,-9.490629,2.914251,95.218168,-0.191766,3.476567,934.688501,2.256585,1.432318,0.82734,4.889471,-1.700101,-28.571958,0.725809,-7605500,-40.083971,-805402180.356638,0.06927,73.539339,-12.215528,-12.962062,0,-0.188597,-3.192911,0.909582,1.432318,1.245789
04-30-25,250.929993,254.570007,248.240005,252.958344,345800,242.695352,257.336761,279.012128,-1.042492,-0.776701,0.191667,FALSE,FALSE,-21.675367,-1.024221,16.139348,24.947481,52.981221,0.606979,-1.525165,2.886188,-14.269572,-9.927157,1.007271,88.345535,-0.825319,2.885095,921.241188,2.254939,1.442338,0.830331,4.788505,-1.655288,-28.571958,0.514572,-7951300,25.562818,-805232466.671702,0.080749,63.233291,-12.145844,-13.542708,0,-0.205646,-3.514679,0.911225,1.442338,1.11404
05-01-25,256.019989,257.890015,252.899994,254.724228,379300,242.436459,256.521229,278.892465,-0.98487,-0.789885,0.189852,FALSE,FALSE,-22.371236,-0.983472,47.401222,23.38088,54.464357,1.445228,-0.868624,2.834183,-14.676494,-10.709358,0.658438,88.129789,-1.992239,2.554194,876.53123,2.250468,1.444025,0.835483,4.412892,-1.718057,-28.571958,0.558768,-7572000,55.898068,-805334440.386330,0.060544,72.501306,-11.336444,-13.769167,0,-0.217184,-3.777026,0.914048,1.444025,1.401863
05-02-25,258.929993,262.869995,258.920013,260.959656,340900,243.325381,255.887388,278.761518,-0.901662,-0.8016,0.188017,TRUE,FALSE,-22.87413,-0.924004,49.575232,22.625524,59.341339,4.976001,0.153071,3.084703,-11.775292,-8.360946,5.355306,93.750933,7.31078,2.470329,969.680853,2.269253,1.455613,0.832601,5.991663,-1.561843,-28.571958,0.513245,-7231100,-46.153846,-805323280.996530,0.10012,71.332095,-10.303827,-12.513652,0,-0.192782,-3.296162,0.91247,1.455613,1.818565
05-05-25,259.519989,261.75,258.290009,259.383301,494200,244.705651,255.432624,278.648404,-0.798463,-0.812036,0.186158,TRUE,FALSE,-23.21578,-0.867783,41.032764,21.814806,57.660032,4.678811,0.826052,3.006146,-11.443262,-8.448489,5.029385,88.594389,11.910285,2.393641,992.854263,2.269382,1.455514,0.832772,5.668637,-1.567154,-28.571958,0.766725,-7725300,-44.290384,-805505165.182917,0.085303,63.233371,-10.93708,-12.496115,0,-0.189696,-3.244858,0.912563,1.455514,1.478329
05-06-25,256.070007,258.730011,255.089996,255.671982,317200,245.976178,254.95723,278.546808,-0.677176,-0.821233,0.184276,TRUE,FALSE,-23.589578,-0.821101,29.645544,20.512888,53.795519,-0.668837,1.047842,2.582349,-13.748843,-8.172032,1.589087,76.45399,11.035516,2.422612,960.340877,2.271907,1.4558,0.830478,5.352565,-1.602571,-28.571958,0.560172,-8042500,-83.157224,-805720933.837131,0.087916,57.684186,-13.188778,-13.472875,0,-0.19991,-3.392588,0.911306,1.4558,1.009621
05-07-25,257.809998,258.390015,255.220001,256.589844,243800,247.623824,254.545821,278.456143,-0.542372,-0.829058,0.182373,TRUE,FALSE,-23.910323,-0.768411,41.154908,19.303964,54.605834,-4.735505,1.282888,2.253916,-14.491007,-8.866023,0.949616,79.456483,14.735004,2.323084,830.851506,2.271425,1.45711,0.830763,4.858728,-1.61497,-28.571958,0.458288,-7798700,-73.7652,-805754029.613786,0.153482,63.143046,-13.556671,-14.626249,0,-0.198182,-3.366805,0.911462,1.45711,1.079136
05-08-25,260.109985,264.859985,258.459991,261.847565,560600,248.470344,254.217848,278.369521,-0.394094,-0.835361,0.180457,TRUE,FALSE,-24.151673,-0.711353,45.588803,19.141466,59.037444,1.377411,1.87184,2.274295,-12.249438,-7.416492,1.384129,90.748089,6.912707,2.385829,886.226145,2.285531,1.46427,0.829965,4.622386,-1.218805,-28.571958,1.191397,-7238100,-68.671063,-805721168.560451,0.038113,64.798217,-11.857288,-13.61739,0,-0.150832,-2.540609,0.911024,1.46427,1.509459
05-09-25,262.850006,264.089996,260.519989,261.059418,451300,249.774295,253.988479,278.264292,-0.232376,-0.83999,0.178527,TRUE,FALSE,-24.275813,-0.656596,63.964779,18.990575,58.12145,4.325931,2.249066,2.121217,-11.530011,-9.431068,0.581864,86.042709,11.098384,2.271879,868.984314,2.285041,1.464023,0.829262,3.662885,-1.190454,-28.571958,0.993681,-7689400,-42.044433,-806036085.547680,-0.007209,79.46858,-11.757533,-15.276142,0,-0.162407,-2.730523,0.910638,1.464023,1.298657
05-12-25,272.48999,273.570007,268.089996,270.966217,852100,251.351605,253.892691,278.241545,-0.058408,-0.842421,0.176591,TRUE,FALSE,-24.348854,-0.577955,66.834323,19.985575,65.390407,10.784573,3.30927,2.545136,-8.595474,-10.767258,5.281817,90.783043,13.176093,2.31384,953.354842,2.335024,1.481473,0.815973,5.811376,-0.872293,-28.571958,1.836502,-6837300,29.913097,-805993724.690851,-0.060895,81.204867,-8.87873,-16.402449,0,-0.126009,-1.996953,0.903312,1.481473,2.05743
05-13-25,273.070007,274.269989,271.929993,272.31311,523800,252.870055,254.007146,278.215326,0.12227,-0.842802,0.17465,TRUE,FALSE,-24.208181,-0.495964,64.092826,20.981382,66.24816,7.210716,4.209645,2.756409,-6.943414,-10.62468,5.069939,93.136166,12.552074,2.072127,1034.065106,2.336332,1.491732,0.821668,5.65305,-0.811684,-28.571958,1.127397,-6313500,2.464789,-806346005.586034,-0.106649,81.874842,-7.381625,-15.744425,0,-0.144576,-2.326193,0.906459,1.491732,1.880254
05-14-25,272.549988,273.429993,270.640015,270.477356,284400,254.294722,254.12334,278.1558,0.306852,-0.841134,0.172701,TRUE,FALSE,-24.03246,-0.412814,50.796337,21.629482,63.922813,5.801362,4.720653,2.613933,-7.061334,-12.035493,5.164647,85.429752,11.774881,1.979664,1071.78407,2.335678,1.490152,0.818295,5.257733,-0.954958,-28.571958,0.619163,-6597900,-27.076923,-806663567.232028,-0.11667,76.451064,-8.274148,-17.728943,0,-0.157882,-2.517307,0.904597,1.490152,1.509878
05-15-25,270.149994,272.140015,268.179993,271.345367,414700,255.931894,254.190945,278.114486,0.488186,-0.83683,0.170744,TRUE,FALSE,-23.923542,-0.327978,50.950117,21.710614,64.556315,-0.834091,5.136461,2.423793,-7.879384,-12.853397,5.25513,88.764412,13.72304,1.978333,1069.536099,2.336338,1.484059,0.816172,4.858794,-0.892064,-28.571958,0.902414,-6183200,1.047758,-806415300.753398,-0.092187,69.897842,-9.371718,-19.264355,0,-0.176336,-2.794473,0.903422,1.484059,1.441136
05-16-25,271.839996,275.519989,271.839996,274.517914,280600,257.642892,254.436566,278.087747,0.66579,-0.829744,0.168783,TRUE,FALSE,-23.651182,-0.241427,53.732619,22.208435,66.847693,0.599533,5.656782,2.355292,-6.770791,-10.269444,5.289523,96.326702,14.240635,1.927489,1079.935211,2.339434,1.484999,0.813914,5.091047,-0.649613,-28.571958,0.612824,-5902600,-10.608474,-806287517.524831,-0.090283,69.091108,-9.383906,-16.191213,0,-0.157225,-2.473178,0.902172,1.484999,1.562596
05-19-25,270.5,274.200012,270.179993,273.330719,407500,259.598818,254.637124,278.047492,0.835054,-0.820142,0.166821,TRUE,FALSE,-23.410368,-0.173663,47.14815,22.312893,65.150336,1.227524,5.905272,2.083025,-7.717225,-9.705191,3.085379,91.974812,16.702175,1.915684,983.145122,2.293996,0.02135,0.01463,4.702452,-0.297366,-28.571958,0.965011,-6310100,-63.603073,-806056253.974181,-0.018164,61.736872,92.282775,90.294809,,0.006915,0.048204,0.120956,0.02135,1.396732
05-20-25,273.649994,275.179993,272.690002,274.06897,260000,261.277891,254.986939,278.054578,0.985927,-0.808023,0.164861,TRUE,FALSE,-23.067639,-0.108741,53.705446,22.541564,65.733015,1.1767,6.091552,1.815444,-7.252722,-7.859663,4.349045,93.585236,13.963906,1.810445,924.590674,2.291083,0.021506,0.014882,4.208242,-0.15686,-28.571958,0.626476,-6050100,-35.818316,-806028275.741021,-0.030426,66.98101,-9.624966,-13.382946,0,0.023384,0.161873,0.121992,0.021506,1.383432
05-21-25,271.279999,272.850006,266.390015,266.446808,345000,262.334421,255.16299,278.073148,1.109485,-0.793979,0.162895,TRUE,FALSE,-22.910158,-0.059884,25.955329,21.469611,55.428596,-11.419097,5.560043,1.027148,-8.954285,-8.700416,1.554125,55.588916,8.613618,1.93432,850.345535,2.316748,0.021493,0.014534,3.822727,-0.379494,-28.571958,0.830905,-6395100,1.113716,-806367209.584870,-0.030096,60.880611,-10.711766,-13.793004,0,-0.009459,-0.064743,0.120555,0.021493,0.483614
05-22-25,265.76001,268.859985,264.730011,266.606415,353300,263.111103,255.33307,278.132302,1.206552,-0.778254,0.160921,TRUE,FALSE,-22.799233,-0.008329,14.446042,20.174194,55.585604,-9.564732,5.092989,0.448075,-5.499441,-8.782253,0.778749,56.370155,6.18691,1.825572,812.153322,2.316097,0.021423,0.014446,3.669352,-0.417513,-28.571958,0.86693,-6041800,-30.301835,-806399474.436974,-0.076007,54.920801,-8.772448,-13.875008,0,-0.015105,-0.103413,0.12019,0.021423,0.430376
05-23-25,262.48999,267.559998,262.23999,266.107605,459000,263.825433,255.582833,278.170977,1.275996,-0.760712,0.158943,TRUE,FALSE,-22.588145,0.033363,17.69038,18.933147,54.93431,-10.798705,4.629232,-0.012545,-4.771685,-10.293689,0.808905,53.928598,5.673312,1.87892,769.324489,2.301125,0.021586,0.014859,3.458831,-0.205449,-28.571958,1.110063,-6500800,35.079459,-806191093.713502,-0.075349,55.157023,-7.965441,-15.223049,0,0.016596,0.114383,0.121898,0.021586,0.296646
05-27-25,270.709991,273.429993,268.890015,272.422821,444600,264.812125,255.826202,278.262731,1.324877,-0.741009,0.156969,TRUE,FALSE,-22.436529,0.091236,41.243013,18.342377,61.14204,5.713444,4.716913,0.060109,-1.709295,-8.348836,3.984777,84.743006,7.809538,1.914786,745.144851,2.316683,0.022,0.01523,2.939169,-0.068304,-28.571958,1.078694,-6056200,-5.625133,-805943758.327728,-0.045891,61.427259,-6.173004,-14.890002,0,0.037299,0.255385,0.123409,0.022,1.021371
05-28-25,273.75,273.75,270.25,269.958588,267900,265.587811,255.950552,278.308522,1.351391,-0.719305,0.154998,TRUE,FALSE,-22.35797,0.129719,31.708532,17.842491,57.796497,2.210893,4.535278,-0.097221,-2.978513,-10.804545,4.48859,67.400925,6.09709,1.940995,711.532673,2.27849,0.021894,0.015598,2.406089,0.211458,-28.571958,0.66758,-6324100,-44.785655,-806256269.396018,-0.106415,57.098861,-7.032198,-15.88263,0,0.077572,0.540127,0.124891,0.021894,0.614276
05-29-25,273.200012,273.200012,269.26001,270.168091,355600,266.448299,256.140507,278.352635,1.354269,-0.695699,0.153033,TRUE,FALSE,-22.212128,0.1651,22.419361,17.181164,58.006874,3.072564,4.358,-0.219599,-0.865883,-12.286173,3.268443,64.320679,6.803392,1.825007,652.362649,2.276262,0.021873,0.0156,2.108786,0.304514,-28.571958,0.885039,-5968500,2.834008,-806447953.952893,-0.151259,49.434796,-5.392285,-16.799274,0,0.090479,0.630606,0.124901,0.021873,0.570203
05-30-25,269.630005,271.309998,267.399994,268.990845,431600,267.161629,256.206353,278.398047,1.327531,-0.6706,0.151071,TRUE,FALSE,-22.191693,0.203835,21.149216,16.196647,56.308303,-4.833737,4.075532,-0.401654,-2.453187,-13.867743,2.752376,50.834752,5.600809,1.842023,592.688006,2.271755,0.021487,0.015106,1.737732,0.109271,-28.571958,1.067247,-6400100,13.788558,-806528346.497558,-0.147613,41.8088,-5.603142,-18.357626,0,0.061822,0.431636,0.122907,0.021487,0.30863
06-02-25,270.230011,271.720001,266.769989,271.085968,398900,267.667945,256.355205,278.433124,1.28488,-0.643992,0.149117,TRUE,FALSE,-22.077919,0.236238,0.40333,15.15599,58.630057,0.83356,3.974912,-0.401819,1.686335,-12.691731,4.924947,66.611285,3.880413,1.628573,580.03588,2.2557,0.021763,0.015727,1.73545,0.452139,-28.571958,0.979364,-6001200,17.013787,-806231634.465647,-0.111508,36.739265,-3.909279,-18.024424,0,0.11097,0.780516,0.125406,0.021763,0.589278
06-03-25,272.869995,276.970001,272.049988,275.685181,454400,268.483039,256.621981,278.500563,1.239063,-0.615628,0.147176,TRUE,FALSE,-21.878581,0.277496,10.236115,15.125596,63.247133,5.240259,4.21767,-0.127249,4.162774,-11.298393,6.039047,91.277532,6.284861,1.668257,571.973616,2.264994,0.021933,0.015838,2.067478,0.600981,-28.571958,1.121103,-5546800,-8.05342,-806014560.021568,-0.062839,35.923588,-3.333834,-16.143184,0,0.133419,0.934604,0.125848,0.021933,1.259174
06-04-25,276.290009,277.730011,275.140015,275.156433,194000,269.457262,256.726337,278.530724,1.191468,-0.585516,0.14525,TRUE,FALSE,-21.804387,0.305801,14.79042,15.221277,62.385122,6.076819,4.31762,-0.021839,2.683676,-12.116996,5.48237,83.385575,7.620879,1.666271,504.203937,2.238427,0.021953,0.016246,2.005542,0.88731,-28.453998,0.486027,-5740800,-38.839849,-806206100.419122,-0.060774,40.445832,-3.163023,-15.868311,0,0.17314,1.227476,0.12746,0.021953,1.130331
06-05-25,276.200012,278.200012,274.149994,275.56546,569500,270.406042,256.86162,278.561395,1.148133,-0.553374,0.143337,TRUE,FALSE,-21.699774,0.335551,13.535969,15.079304,62.807417,4.177361,4.379355,0.031916,5.082662,-11.742888,5.980894,83.492805,7.395311,1.666131,420.99944,2.238137,0.021931,0.016221,1.960951,0.855885,-28.453998,1.370836,-5171300,133.593109,-806377524.163197,-0.07504,39.162401,-1.926558,-15.628141,0,0.168264,1.193043,0.127362,0.021931,1.225517
06-06-25,280.279999,281.200012,279.049988,279.925262,305700,271.309927,257.176085,278.596424,1.096817,-0.519024,0.141441,TRUE,TRUE,-21.42034,0.372229,16.707842,15.462044,67.053302,3.80617,4.725605,0.302534,6.313061,-9.836223,9.085725,93.276644,6.903901,1.677434,421.641437,2.245906,0.022205,0.016511,3.218004,1.018354,-28.453998,0.759135,-4865600,-45.46914,-806434323.303037,-0.088548,39.535362,-0.301118,-14.08738,0,0.192592,1.361004,0.128497,0.022205,2.043285
06-09-25,283.559998,283.73999,281.230011,281.232239,304600,272.318568,257.550209,278.651763,1.046155,-0.482589,0.139562,TRUE,TRUE,-21.101553,0.402239,24.324406,16.217395,68.224395,5.839273,5.047292,0.499376,9.608761,-10.028089,7.45694,88.33604,7.727291,1.65635,404.460025,2.232338,0.022343,0.016923,3.548167,1.285736,-28.035697,0.770437,-4561000,-32.506094,-806738382.595169,-0.088817,46.37947,1.881849,-13.938899,0,0.229905,1.634883,0.130089,0.022343,2.203845
06-10-25,283.529999,284.619995,281.829987,282.050293,359600,272.872772,258.051237,278.691175,0.994413,-0.44441,0.137699,TRUE,TRUE,-20.639938,0.443301,24.509863,17.053966,68.96791,6.160492,5.307064,0.607318,9.472779,-8.472705,8.619607,88.517866,4.090575,1.674282,457.425176,2.209693,0.021604,0.016138,3.721268,1.020508,-28.035697,0.969965,-4201400,-57.79838,-807041192.675783,-0.141269,47.521178,0.507443,-12.510364,0,0.189843,1.363302,0.127034,0.021604,2.006344
06-11-25,284.700012,285.109985,281.410004,281.302063,333300,273.32222,258.578604,278.741957,0.940705,-0.404679,0.135846,TRUE,TRUE,-20.163353,0.487835,57.825524,17.90857,67.414148,0.360846,5.390422,0.552541,8.98853,-9.47959,9.592686,83.349702,3.300962,1.5777,494.310505,2.204854,0.021238,0.015662,3.41567,0.830148,-27.311159,0.922732,-4534700,-36.368843,-807393939.597204,-0.145059,47.470128,0.294401,-13.827915,0,0.162221,1.167238,0.12515,0.021238,1.614338
06-12-25,279.809998,281.23999,279.26001,279.875397,253600,273.792122,259.074843,278.748001,0.885449,-0.363646,0.134006,TRUE,TRUE,-19.673158,0.523849,49.223047,18.087963,64.433432,-3.790963,5.280493,0.35409,10.352492,-9.031938,8.314496,77.111545,3.474613,1.532456,510.255963,2.199936,0.02128,0.015797,3.093171,0.911037,-27.221918,0.705091,-4788300,-10.829817,-807489899.523222,-0.114874,48.251378,0.341235,-13.859077,0,0.173229,1.249304,0.125687,0.02128,1.192201
06-13-25,276.25,278.809998,274.25,274.328369,457500,273.941272,259.363369,278.726359,0.828855,-0.322033,0.132174,TRUE,FALSE,-19.36299,0.558225,25.685822,17.02212,54.367939,-14.59997,4.691693,-0.187768,5.407801,-10.226536,6.469472,41.21255,1.099338,1.571394,507.077394,2.204031,0.020487,0.014576,2.796598,0.439871,-27.221918,1.264476,-5245800,10.320714,-807931674.128032,-0.209554,48.101122,-2.427888,-15.040607,0,0.106359,0.76518,0.120731,0.020487,0.076339
06-16-25,277.519989,279.859985,276.709991,278.005066,464500,274.11563,260.059846,278.731622,0.774685,-0.279765,0.130354,TRUE,FALSE,-18.671777,0.594666,19.008857,16.249078,58.945809,-8.468339,4.470213,-0.327399,5.408313,-9.528917,6.213468,61.259974,1.270282,1.504601,515.09637,2.207098,0.020853,0.015061,2.671265,0.692645,-26.449603,1.252005,-4781300,65.538133,-808014229.205101,-0.232707,48.410363,-1.858918,-14.008588,0,0.142636,1.024968,0.122724,0.020853,0.755089
06-17-25,276.279999,278.220001,275.299988,274.998596,266000,274.199023,260.92426,278.735181,0.727819,-0.237276,0.128549,TRUE,FALSE,-17.810921,0.623181,16.851266,15.202499,54.161009,-10.272423,4.005913,-0.633358,5.496705,-9.157175,5.894713,44.867006,0.610205,1.505986,515.108863,2.211141,0.02077,0.014887,2.503868,0.620843,-26.449603,0.73091,-5047300,-34.723926,-808335140.025205,-0.313094,48.383984,-1.900997,-14.459416,0,0.132499,0.950303,0.122012,0.02077,0.155224
06-18-25,275.399994,279.130005,274.679993,276.516815,463300,274.321416,261.849367,278.735183,0.687258,-0.194608,0.126756,TRUE,FALSE,-16.885816,0.666351,20.337069,14.436206,56.098982,1.731043,3.717606,-0.737332,4.071632,-8.116239,8.087852,53.145191,0.893149,1.510892,517.68524,2.181498,0.019998,0.01417,2.297083,0.345249,-26.449603,1.238455,-4584000,78.192308,-808415969.223247,-0.319129,56.135855,-1.79556,-13.939238,0,0.092055,0.66898,0.119038,0.019998,0.42408
06-20-25,278.730011,279.119995,275.049988,275.827606,262800,274.790456,262.893181,278.723019,0.650465,-0.151739,0.124978,TRUE,FALSE,-15.829838,0.706097,22.248231,13.724649,54.962967,-3.982842,3.394379,-0.848448,4.621483,-9.284974,6.973179,49.387236,3.520702,1.51881,483.983149,2.180963,0.02004,0.014235,2.023101,0.366212,-25.893339,0.710299,-4846800,-23.826087,-808578347.724514,-0.298815,57.865554,-1.064065,-15.313954,0,0.095151,0.691667,0.119309,0.02004,0.214295
06-23-25,274.869995,278.910004,272.160004,278.584412,460300,275.389355,263.566526,278.772748,0.61576,-0.108818,0.123206,TRUE,FALSE,-15.206222,0.742177,23.887131,13.150281,58.576375,4.415366,3.322372,-0.736364,6.189541,-7.321287,7.645185,50.033882,4.492764,1.549932,450.319983,2.171579,0.020388,0.014865,1.766747,0.698026,-25.893339,1.226371,-4386500,30.285876,-808162453.655323,-0.234854,49.549601,-0.280704,-13.88401,0,0.141246,1.03148,0.121922,0.020388,0.709508
06-24-25,281.160004,283.98999,279.980011,283.268921,228300,276.247421,264.532296,278.845602,0.586129,-0.065789,0.121446,TRUE,TRUE,-14.313306,0.782297,24.093386,12.97843,63.879626,7.780644,3.601788,-0.365558,4.938256,-1.615255,10.214905,85.783266,6.449014,1.512236,427.051387,2.17867,0.02084,0.015434,2.015409,0.976997,-25.893339,0.627543,-4158200,-50.261438,-808016258.882912,-0.250847,47.325094,-0.583927,-11.238888,0,0.181028,1.318046,0.124232,0.02084,1.644181
06-25-25,284.26001,284.350006,279.950012,279.77301,260500,276.614931,265.339356,278.910292,0.558647,-0.023185,0.119697,TRUE,TRUE,-13.570936,0.806165,13.403293,12.893603,57.920193,2.957226,3.500781,-0.373252,4.08173,-2.454813,8.499149,58.787779,2.698081,1.577343,424.021743,2.166252,0.020711,0.015419,1.893363,1.089005,-25.893339,0.734641,-4418700,-41.408007,-808297717.552344,-0.331922,42.802153,-0.624405,-11.992348,0,0.195272,1.429889,0.124174,0.020711,0.744792
06-26-25,281.470001,284.869995,281.100006,284.267761,253500,277.330389,266.185829,279.024904,0.535886,0.019154,0.117961,TRUE,TRUE,-12.839075,0.832635,22.586174,12.927683,62.733967,4.157592,3.740306,-0.106982,7.594833,-1.892947,10.259203,93.49633,5.300507,1.57871,426.510148,2.170339,0.021275,0.016208,2.037863,1.380762,-25.893339,0.716355,-4165200,-5.37514,-808125207.862782,-0.264068,51.104794,1.435374,-11.401099,0,0.237073,1.733384,0.12731,0.021275,1.626543
06-27-25,286,287.540009,282.799988,284.677277,708400,278.055849,267.039694,279.131604,0.519416,0.061204,0.116237,TRUE,TRUE,-12.09191,0.858367,13.74247,13.516939,63.147612,-0.732015,3.91801,0.056578,8.437745,-1.399046,10.350172,81.386664,5.370429,1.553994,421.640361,2.17026,0.021301,0.016246,2.113393,1.392172,-25.893339,1.906787,-3456800,99.212598,-808272483.146871,-0.245553,55.104717,2.410225,-10.071119,0,0.238891,1.746772,0.127458,0.021301,1.570397
06-30-25,286.630005,286.850006,285.170013,285.526276,342100,278.88262,267.978181,279.245225,0.508566,0.102645,0.114527,TRUE,TRUE,-11.267044,0.892046,12.58471,14.064106,64.0388,6.118607,4.080315,0.175106,11.100193,-2.078092,11.054684,86.906812,6.14721,1.508296,395.863538,2.158934,0.020864,0.015745,2.32802,1.203543,-25.893339,0.932051,-3114700,-20.736793,-808469490.489287,-0.264432,55.476548,2.733469,-11.023591,0,0.211296,1.552722,0.125479,0.020864,1.678269
07-01-25,283.98999,288.459991,282.450012,284.897034,471100,279.573174,268.870163,279.346187,0.49795,0.143072,0.112831,TRUE,TRUE,-10.476025,0.894928,8.389484,13.739325,62.826139,0.092172,4.110781,0.164458,11.753369,-3.441945,9.314239,78.141347,5.094718,1.577371,372.469139,1.977768,0.012455,0.013087,2.305924,2.144952,-25.893339,1.27101,-3585800,18.099774,-808556964.598511,-0.313683,47.302121,111.753369,,,0.323507,2.591539,0.114396,0.012455,1.429343
07-02-25,285.329987,288.660004,284.119995,288.193176,329600,280.198573,269.949782,279.446834,0.491236,0.18251,0.11115,TRUE,TRUE,-9.497052,0.881569,18.890028,13.486619,66.41394,3.266328,4.350744,0.323537,12.988826,-0.568957,10.781154,97.170743,4.537058,1.58015,407.145813,1.869706,0.012129,0.013927,3.021828,3.096194,-25.893339,0.904476,-3256200,-27.464789,-808295146.985734,-0.312915,53.739817,5.910438,-9.740423,0,0.407925,3.433374,0.118012,0.012129,1.963572
07-03-25,290,292.049988,289.829987,291.709045,353300,281.026204,270.974213,279.531815,0.49411,0.221071,0.109487,TRUE,TRUE,-8.557602,0.868268,30.68147,14.029943,69.765902,5.727102,4.769636,0.593943,12.238049,1.555117,12.94144,98.285859,6.01571,1.605542,463.582728,1.86778,0.012382,0.014551,3.929937,3.364877,-25.893339,0.948775,-2902900,82.113402,-808050364.893494,-0.247635,59.464402,5.623727,-9.167977,0,0.440602,3.713041,0.120627,0.012382,2.304409
07-07-25,289.950012,291.029999,286.029999,287.46402,354600,281.621132,271.817169,279.593588,0.503067,0.258295,0.10784,TRUE,TRUE,-7.776419,0.833365,35.247061,13.429758,61.752338,-1.073801,4.704839,0.423317,18.209797,0.254574,11.050762,76.94333,4.31787,1.630584,466.156717,1.834064,0.012361,0.015043,3.613852,3.631826,-25.893339,0.98056,-3257500,-37.734855,-808201563.355408,-0.252197,60.432037,7.58172,-9.803743,0,0.464748,3.989441,0.12265,0.012361,1.253417
07-08-25,289.549988,290.23999,288,288.79248,443400,282.064493,272.571563,279.651847,0.515764,0.294264,0.106209,TRUE,TRUE,-7.080284,0.833161,30.892565,12.872442,63.177767,-3.236173,4.706429,0.339926,24.598803,0.376126,11.593866,83.622373,3.167709,1.554927,490.700279,1.394001,0.008475,0.012251,3.399255,3.06004,-25.893339,1.203207,-2814100,45.044161,-808331224.630612,-0.257371,60.403227,9.260005,-8.553407,0,0.297254,3.359111,0.110686,0.008475,1.371099
07-09-25,291.019989,292.940002,289.140015,292.598022,243800,282.632782,273.387104,279.729134,0.536334,0.329083,0.104598,TRUE,TRUE,-6.342031,0.819915,49.272992,12.996832,66.974756,-2.791146,4.957617,0.472891,27.072087,-0.364277,12.973554,98.354283,4.041423,1.564669,543.525722,1.278147,0.008715,0.015416,3.280934,4.450016,-25.893339,0.667077,-2570300,-19.960604,-808131306.202754,-0.190563,65.333808,9.818432,-8.759631,0,0.390233,4.816768,0.124163,0.008715,1.833444
07-10-25,292.5,295,291.429993,292.907654,348400,283.17565,274.191477,279.777796,0.557899,0.362443,0.103002,TRUE,TRUE,-5.586319,0.8115,47.496443,13.554901,67.270477,5.518139,5.122619,0.510314,30.974634,-0.390633,12.319581,90.839113,3.849441,1.541555,589.664482,1.262961,0.008232,0.014085,3.017516,4.129895,-25.893339,0.954743,-2221900,-3.114572,-808191293.831620,-0.157585,64.707295,11.288592,-9.550209,0,0.358214,4.473098,0.118678,0.008232,1.650431
07-11-25,291.01001,291.869995,288.269989,288.313019,297300,283.526198,274.86884,279.812204,0.576076,0.393979,0.101417,TRUE,TRUE,-4.943363,0.796859,32.501366,13.149415,58.849381,-4.328386,4.826994,0.171751,17.718586,-1.233721,11.161718,70.722494,2.492323,1.580185,598.710253,1.283206,0.007789,0.012214,2.617704,3.523943,-25.893339,0.818749,-2519200,-10.80108,-808481486.757488,-0.149752,64.114573,4.266875,-10.362135,0,0.311754,3.828864,0.110516,0.007789,0.799522
07-14-25,287.790009,291.700012,287.630005,290.989868,417000,284.081921,275.629471,279.86609,0.594266,0.423587,0.099846,TRUE,TRUE,-4.23662,0.784097,32.360583,12.597098,61.846065,-5.128691,4.753907,0.078932,23.835808,0.289072,11.246012,73.354584,3.971221,1.499864,614.416278,1.285182,0.007977,0.012767,2.274857,3.706266,-25.893339,1.123126,-2102200,64.432177,-808210004.955530,-0.096975,72.726867,6.178577,-8.868706,0,0.328115,4.024152,0.112992,0.007977,1.124311
07-15-25,293.339996,293.339996,286.959991,286.724884,639800,284.701747,276.269484,279.894738,0.608193,0.450946,0.098288,TRUE,TRUE,-3.625254,0.755887,9.114895,12.484382,54.976631,-12.293846,4.302244,-0.298185,19.75811,1.042984,6.195914,45.015796,4.51886,1.546449,571.9007,1.286748,0.00802,0.012872,2.172498,3.687766,-25.893339,1.681914,-2742000,39.846995,-808896959.066311,-0.126878,63.054774,5.586051,-8.925025,0,0.327162,4.007796,0.113454,0.00802,0.353757
07-16-25,288.660004,291.070007,284.899994,290.480499,391000,285.325519,276.859901,279.955314,0.617603,0.476245,0.096744,TRUE,TRUE,-3.095413,0.734035,28.048239,11.791489,59.267081,0.4177,4.198941,-0.32119,20.060994,2.535657,6.257084,67.485592,4.487484,1.569979,562.980974,1.292185,0.00814,0.013143,1.82551,3.794897,-25.893339,1.037892,-2351000,-15.823466,-808580674.511536,-0.07518,61.504279,6.505972,-8.828804,0,0.337863,4.121564,0.114643,0.00814,0.915658
07-17-25,291.369995,295.190002,290.570007,294.515747,835600,286.301376,277.56255,280.029414,0.625414,0.50007,0.095217,TRUE,TRUE,-2.466864,0.705694,27.171628,12.104686,63.312443,1.466377,4.392055,-0.102461,21.708757,3.115169,5.691211,94.707568,7.097182,1.539071,543.366408,1.24347,0.008749,0.016399,2.098198,4.778008,-25.893339,2.062166,-1515400,214.135338,-807988974.244672,0.042715,65.242288,7.963414,-9.32983,0,0.407205,5.169349,0.128058,0.008749,1.511755
07-18-25,296.600006,296.670013,292.380005,292.418243,265900,287.096448,278.297475,280.084587,0.628316,0.522335,0.093705,TRUE,TRUE,-1.787112,0.681199,19.645255,12.698456,59.978016,5.001385,4.325981,-0.134828,22.554853,0.312948,1.835025,70.100073,5.750619,1.539118,507.835996,1.21439,0.008032,0.0145,1.908289,4.153523,-25.893339,0.672594,-1781300,-42.607382,-808250134.103110,0.020974,62.652876,9.187971,-10.713578,0,0.346677,4.504889,0.120414,0.008032,1.047936
07-21-25,294.01001,294.880005,290.339996,290.13089,345100,287.811612,278.968296,280.125444,0.62963,0.542929,0.092206,TRUE,TRUE,-1.157149,0.658254,11.274185,12.648938,56.484395,-2.782686,4.042448,-0.334689,20.737975,-0.743085,2.881068,54.014606,5.185588,1.609534,436.491339,1.202554,0.007516,0.012959,1.770434,3.580552,-25.893339,0.863938,-2126400,31.316591,-808627023.750008,-0.006093,56.667745,7.947334,-11.365062,0,0.296978,3.896113,0.113838,0.007516,0.531346
07-22-25,290.01001,291.670013,287.369995,290.680237,191300,288.416403,279.544949,280.187515,0.62946,0.561731,0.090714,TRUE,TRUE,-0.642566,0.643475,14.187659,11.813181,57.130247,-6.182196,3.818061,-0.447261,24.109782,-0.977015,5.322292,52.272766,4.341889,1.564473,382.353683,1.171791,0.007043,0.011997,1.579144,3.187474,-25.893339,0.495596,-1935100,-58.440148,-808523790.475344,-0.046805,59.489108,10.356269,-10.737214,0,0.258339,3.478759,0.109531,0.007043,0.592078
07-23-25,293.290009,296.25,292.700012,295.81427,360100,289.043671,280.240046,280.272823,0.632209,0.579175,0.08923,TRUE,TRUE,-0.032777,0.63618,17.88985,12.033648,62.701755,2.723739,4.008301,-0.205616,23.00608,-1.605597,7.677361,92.729465,4.428777,1.562186,396.120538,1.188004,0.007303,0.012538,1.845318,3.470949,-25.893339,0.917242,-1575000,57.731056,-808252088.731967,-0.030035,59.783599,10.748654,-10.609606,0,0.284487,3.778033,0.111973,0.007303,1.709227
07-24-25,295.450012,295.450012,292.48999,292.428192,382600,289.67643,280.669286,280.354009,0.630558,0.594873,0.087753,TRUE,TRUE,0.315277,0.62236,1.693293,12.181675,57.402938,0.918544,3.841557,-0.297889,19.204595,-2.473349,4.748374,63.960797,4.523375,1.567267,336.885092,1.202014,0.007058,0.011443,1.833364,3.102677,-25.893339,0.959631,-1957600,46.871401,-808650664.256226,-0.044263,53.029342,7.745547,-11.316951,0,0.258073,3.385987,0.106972,0.007058,0.816825
07-25-25,293.589996,294.5,292.119995,293.656769,218200,290.14588,281.096159,280.418105,0.627269,0.609284,0.086283,TRUE,TRUE,0.678054,0.611322,15.696181,12.213697,58.76457,1.634324,3.765144,-0.299441,16.96082,-2.690837,4.094764,74.398984,3.302875,1.480464,322.666281,1.200816,0.007007,0.011301,1.682278,3.045237,-25.472619,0.549719,-1739400,-13.925049,-808587079.945820,-0.058181,54.319788,6.09228,-11.411527,0,0.253156,3.324748,0.106304,0.007007,1.088087
07-28-25,295.609985,296.059998,293.209991,293.576874,314600,290.59086,281.558149,280.495205,0.62252,0.622464,0.084817,TRUE,TRUE,1.062945,0.595455,12.522855,12.58965,58.633312,-4.068443,3.655996,-0.326872,16.581563,-2.008874,6.555447,73.720183,3.126206,1.482669,304.113601,1.196432,0.007095,0.011671,1.571132,3.17957,-25.472619,0.833952,-2054000,-55.590062,-808820682.800546,-0.072659,53.259731,6.034218,-10.246511,0,0.263057,3.467849,0.108033,0.007095,0.981874
07-29-25,296.220001,296.26001,291.299988,291.609192,303600,290.895006,281.963426,280.555963,0.616321,0.63413,0.083358,TRUE,TRUE,1.407463,0.577097,-2.719,12.366776,55.35402,-2.048919,3.371851,-0.488813,15.402418,-0.700994,5.062857,57.002437,2.130423,1.512575,280.280449,1.200886,0.006847,0.010794,1.590081,2.866311,-25.472619,0.808921,-2357600,-11.254019,-809086430.401604,-0.08219,48.060806,4.950107,-9.502347,0,0.238608,3.133188,0.103892,0.006847,0.254811
07-30-25,293.630005,296.589996,290.660004,292.568054,333400,291.278557,282.324429,280.618041,0.60844,0.644579,0.081903,TRUE,TRUE,1.706388,0.568831,-0.917424,11.972114,56.627056,-2.137515,3.187295,-0.538695,14.982893,-0.975795,3.606959,65.149087,2.692559,1.565235,244.023016,1.165265,0.006379,0.009961,1.595435,2.472787,-25.472619,0.904921,-2024200,-29.229463,-809205279.023937,-0.087983,47.914906,5.524904,-8.61278,0,0.200693,2.71687,0.099807,0.006379,0.528433
07-31-25,292.279999,294.369995,289.850006,289.811279,382300,291.359462,282.65404,280.67676,0.593988,0.653616,0.080449,TRUE,TRUE,1.97728,0.551617,4.258987,11.363847,52.033286,-6.600027,2.786464,-0.751621,14.568777,-1.779698,3.649114,41.727079,0.561465,1.577224,235.798932,1.170016,0.006329,0.009727,1.542809,2.386267,-25.472619,1.030278,-2406500,15.989078,-809594130.039054,-0.175034,47.142987,5.196382,-8.82932,0,0.194703,2.62483,0.098625,0.006329,-0.656569
08-01-25,286.070007,287.100006,280.350006,284.11795,369900,290.979907,282.85502,280.676235,0.570399,0.661292,0.078989,TRUE,TRUE,2.178785,0.517088,-17.991536,12.417305,44.080156,-11.273864,1.986499,-1.241269,11.539429,-4.830649,1.519392,23.087884,-2.602283,1.744368,285.692329,1.184499,0.006334,0.009502,1.818505,2.237887,-25.472619,0.994636,-2776400,4.698556,-809551063.339835,-0.201764,39.850041,3.258101,-9.495326,0,0.185606,2.471256,0.097479,0.006334,-2.401869
08-04-25,287.730011,291.769989,286.690002,291.299561,348200,291.171684,283.352075,280.700597,0.543974,0.667893,0.077527,TRUE,TRUE,2.651477,0.494307,11.127376,12.211685,53.694683,-2.932373,1.909999,-1.054214,11.626282,-1.518039,3.524672,67.092828,1.334268,1.732554,273.460618,1.222446,-0.003602,0.004241,1.67301,2.63779,-25.472619,0.937092,-2428200,-1.804851,-809267352.956022,-0.143415,48.98371,111.626282,98.481961,,0.183725,2.362104,-0.065124,-0.003602,0.046762
08-05-25,293.48999,294.420013,289.959991,292.63797,360200,291.363959,283.872706,280.734184,0.512935,0.673428,0.076066,TRUE,TRUE,3.138522,0.480703,5.575623,11.439091,55.239265,3.205979,1.935066,-0.823319,12.820667,-0.089698,7.330281,75.293862,1.331575,1.682892,269.339682,1.199114,-0.003969,0.005357,1.627603,2.338379,-25.472619,0.980363,-2068000,-18.764096,-809194995.507990,-0.117547,56.431913,3.108655,-9.246367,0,0.14908,1.939836,-0.073189,-0.003969,0.473013
08-06-25,292.670013,292.670013,289.709991,291.47934,392500,291.308025,284.38014,280.738547,0.476086,0.678028,0.074608,TRUE,TRUE,3.641594,0.462152,-8.477303,10.77448,53.573288,9.493132,1.840226,-0.734527,14.005194,-1.669201,10.94139,68.194415,-0.382328,1.646709,267.799187,1.199838,-0.004011,0.005467,1.669946,2.316034,-25.472619,1.047086,-2460500,60.992617,-809118263.081242,-0.131647,43.578803,2.369641,-12.679522,0,0.147291,1.915549,-0.073942,-0.004011,0.063971
08-07-25,294.859985,294.859985,288.160004,290.720215,298900,291.198653,284.746088,280.745517,0.433201,0.681319,0.073154,TRUE,TRUE,4.000571,0.457458,-4.924719,10.334234,52.456996,-1.237686,1.684393,-0.712288,13.301528,-3.117003,14.108341,63.856004,-0.746802,1.710221,265.378212,1.103757,-0.004852,0.009496,1.704816,1.545574,-25.054615,0.802685,-2759400,-14.207807,-809188730.480181,-0.133929,37.467225,3.321025,-12.06992,0,0.071686,1.018099,-0.097449,-0.004852,-0.180285
08-08-25,293.019989,293.140015,290.769989,291.199646,359600,291.342984,285.170909,280.759105,0.385848,0.683136,0.071711,TRUE,TRUE,4.411805,0.454735,3.27119,9.925435,53.121354,-2.117911,1.581352,-0.652263,11.209606,-2.412945,12.705291,66.808168,1.001213,1.655399,256.561389,1.102683,-0.004916,0.009771,1.67826,1.467382,-24.560973,0.957682,-2399800,20.955264,-809417948.218814,-0.124699,45.142307,1.715242,-11.477927,0,0.065505,0.931476,-0.098846,-0.004916,-0.055869
08-11-25,291.619995,293.48999,290.98999,291.389435,368700,291.362962,285.595336,280.788583,0.3358,0.683612,0.070278,TRUE,TRUE,4.806754,0.448162,2.194829,9.628231,53.398967,-0.17432,1.49774,-0.5887,11.618051,-1.251523,14.687723,67.976819,0.137313,1.610197,256.427483,1.097804,-0.004773,0.009287,1.661692,1.652081,-24.560973,0.988273,-2031100,-11.582734,-809668828.045474,-0.195513,51.15543,2.274832,-10.843521,0,0.079193,1.130628,-0.096368,-0.004773,0.010324
08-12-25,293.470001,299.970001,292.570007,299.190308,374600,291.986234,286.199326,280.865951,0.293494,0.68284,0.068864,TRUE,TRUE,5.333375,0.454687,9.651595,10.659997,63.077567,10.620571,2.037456,-0.039187,10.416092,0.925305,14.720027,96.026025,4.347521,1.640093,287.384601,1.145837,-0.004322,0.006968,2.658064,2.126879,-24.494997,1.041091,-1656500,-41.450453,-809373166.819739,-0.066174,51.334523,1.694276,-8.104472,0,0.122816,1.67546,-0.083475,-0.004322,2.506771
08-13-25,301.609985,305,300.519989,304.454163,291700,292.684917,286.866689,280.985077,0.260064,0.681124,0.067467,TRUE,TRUE,5.881613,0.47367,32.628868,12.375809,67.919353,14.797998,2.857,0.624285,11.802976,4.040033,16.494939,97.785649,4.810534,1.670048,397.584604,1.157043,-0.004209,0.006477,4.129437,2.241231,-24.494997,0.822037,-1364800,-25.396419,-809152547.346438,-0.08058,58.632698,3.075911,-5.163487,0,0.133757,1.806015,-0.080477,-0.004209,2.960187
08-14-25,301.320007,302.019989,298.079987,300.099274,277200,292.964093,287.354971,281.079946,0.234964,0.678279,0.066086,TRUE,TRUE,6.275025,0.481839,16.113048,13.314661,60.814132,7.415164,3.119136,0.709137,10.951718,3.117047,15.463387,80.118752,1.895833,1.78935,429.443731,1.173047,-0.009391,0.021309,4.037326,1.985577,-24.494997,0.847888,-1642000,-66.826233,-809145612.300817,-0.176894,57.829926,2.922281,-6.222587,0,0.105825,1.420182,-0.145975,-0.009391,1.661494
08-15-25,301.600006,301.600006,297.73999,299.010498,437700,293.293706,287.832053,281.170811,0.217107,0.673861,0.06472,TRUE,TRUE,6.661242,0.487986,13.255317,14.095857,59.148146,-3.929421,3.202113,0.633692,10.195542,1.512812,13.231356,75.701812,2.254392,1.819993,449.84782,1.174908,-0.009472,0.021622,3.951787,1.83991,-24.494997,1.304542,-2079700,64.610756,-809295178.112573,-0.155735,49.840459,3.201673,-7.077762,0,0.097466,1.317808,-0.147045,-0.009472,1.270828
08-18-25,299.519989,301.359985,299.519989,300.458832,182700,293.810103,288.32992,281.246728,0.2086,0.667958,0.063372,TRUE,TRUE,7.083192,0.482203,21.865709,14.821252,60.690825,-7.228527,3.34617,0.622198,9.449627,2.039022,14.592531,81.577406,3.559753,1.749159,470.437715,1.110607,-0.009055,0.022115,3.803708,2.724359,-24.494997,0.558033,-1897000,-47.058824,-809291435.812472,-0.101468,54.96249,2.75138,-7.447374,0,0.155328,2.221971,-0.14871,-0.009055,1.413307
08-19-25,300.679993,300.679993,295.899994,296.253754,233500,294.088779,288.65649,281.304152,0.204603,0.660571,0.062039,TRUE,TRUE,7.352338,0.467907,8.430448,14.510293,54.281587,-6.532545,3.085453,0.289186,8.386556,0.022121,10.080704,64.518262,1.917405,1.74626,467.41973,1.12969,-0.009302,0.022563,3.727962,2.336532,-24.319354,0.708628,-2130500,22.059592,-809490373.918594,-0.14667,48.982107,,-8.659035,0,0.129294,1.819066,-0.15021,-0.009302,0.463176
08-20-25,295.700012,296.380005,292.309998,295.274872,140900,294.061809,288.937343,281.363928,0.201595,0.651738,0.060722,TRUE,TRUE,7.573414,0.449513,13.02685,13.561961,52.881585,-6.266561,2.767939,-0.022663,7.737433,-0.076464,9.591907,60.547138,-0.182344,1.741164,466.526491,1.130635,-0.009333,0.022681,3.590923,2.30104,-23.582554,0.442317,-2271400,-60.87198,-809425991.347324,-0.184257,51.60409,1.103523,-9.23999,0,0.126769,1.782206,-0.150601,-0.009333,0.26002
08-21-25,294.950012,297.420013,293.950012,296.773132,136100,294.279056,289.231799,281.455669,0.204136,0.641811,0.059424,TRUE,TRUE,7.77613,0.442658,33.527265,12.73645,54.803027,-5.887798,2.60715,-0.146761,11.381756,1.408316,8.740222,55.068985,1.485814,1.588173,468.630638,1.094362,-0.00983,0.026898,3.187863,1.926237,-20.730283,0.444444,-2135300,-64.427601,-809340635.143991,-0.112658,57.544159,3.124028,-8.752021,0,0.092759,1.351662,-0.164007,-0.00983,0.532205
08-22-25,298.51001,308.670013,298.100006,306.921265,504000,294.942281,289.744183,281.582514,0.216642,0.631386,0.058153,TRUE,TRUE,8.161669,0.446909,38.370815,13.870222,65.164879,10.883292,3.261003,0.405673,15.121485,8.790447,13.605293,91.473681,4.517007,1.63445,546.716873,1.163989,-0.008916,0.019487,3.655728,2.793872,-19.970088,1.572469,-1631300,130.980752,-809003403.123942,-0.064946,59.269656,6.065457,-3.834992,0,0.170527,2.322444,-0.139594,-0.008916,2.191076
08-25-25,306.420013,307.119995,303.920013,303.66507,292000,295.44669,290.219977,281.686724,0.236168,0.620303,0.056902,TRUE,TRUE,8.533253,0.444124,25.866843,14.923009,60.381438,7.499853,3.476364,0.496828,14.113638,8.668495,10.758807,75.597555,3.436305,1.622337,579.038619,1.175585,-0.009076,0.019797,3.449319,2.51008,-19.626236,0.914257,-1923300,-7.183725,-809341930.642372,-0.081602,58.750628,5.665107,-3.243617,0,0.150303,2.027482,-0.140703,-0.009076,1.419315
08-26-25,304.040009,307.269989,304,306.312012,240300,296.181831,290.85965,281.777064,0.263696,0.608441,0.055673,TRUE,TRUE,9.082585,0.441821,33.620027,15.921916,62.773631,7.970604,3.81663,0.669675,12.439924,10.517993,12.969581,88.503166,5.04196,1.623357,619.661639,1.175685,-0.008824,0.018707,3.176873,2.804085,-19.626236,0.759914,-1683000,-20.849802,-809242427.411418,-0.024666,66.638628,4.850326,-1.87409,0,0.17382,2.342434,-0.136772,-0.008824,1.634792
08-27-25,306.600006,309,306.070007,308.229736,235900,296.964915,291.464143,281.799901,0.300517,0.596682,0.054465,TRUE,TRUE,9.664242,0.444139,38.671863,17.100134,64.448504,-0.716375,4.192707,0.836601,14.176674,10.775907,10.608749,95.774749,5.353176,1.525892,668.616503,1.174626,-0.00887,0.018931,3.185641,2.772191,-18.900325,0.75768,-1447100,-29.244151,-809130558.574838,0.012,73.371042,6.184684,-1.593739,0,0.170963,2.306389,-0.137591,-0.00887,1.684796
08-28-25,309.920013,310.690002,309,309.957733,240200,297.972238,292.163326,281.826265,0.344454,0.585668,0.053283,TRUE,TRUE,10.33706,0.455021,40.317666,18.432504,65.935713,5.554275,4.57742,0.977051,14.727736,13.734328,11.23279,96.282899,6.951577,1.518317,705.891029,1.159497,-0.009061,0.020295,3.272673,2.549157,-18.900325,0.789508,-1206900,-37.169762,-809098513.401665,0.081452,72.689929,6.590064,0.70191,0,0.150732,2.062356,-0.142461,-0.009061,1.697924
08-29-25,310.73999,310.890015,306.480011,307.34079,214800,299.13338,292.779805,281.825546,0.389043,0.575371,0.052123,TRUE,TRUE,10.954259,0.458812,32.58512,18.957477,61.724495,-1.049136,4.61791,0.814033,14.25697,11.454034,10.972439,80.897623,8.173661,1.575636,655.181587,1.166293,-0.009209,0.020729,2.863204,2.386282,-17.152685,0.724489,-1421700,-41.930251,-809229460.732936,0.054236,65.945923,5.371371,-0.861413,0,0.139144,1.893318,-0.143976,-0.009209,1.252692
09-02-25,303.149994,306.579987,302.320007,305.542877,449200,299.845546,293.374111,281.796428,0.434572,0.566058,0.050986,TRUE,TRUE,11.577683,0.45856,14.790643,18.407266,58.939329,-5.509175,4.453583,0.519765,12.710694,14.611374,11.395386,71.221031,4.889577,1.501688,642.842722,1.170585,-0.009338,0.021165,2.73512,2.211717,-17.152685,1.489711,-1870900,29.006318,-808998979.888182,0.044501,55.035257,4.70499,0.562087,0,0.126075,1.709837,-0.145483,-0.009338,0.886271
09-03-25,305.820007,307.540009,304.01001,305.183319,206100,300.472813,293.906089,281.792665,0.479055,0.556718,0.049868,TRUE,TRUE,12.113424,0.463442,1.916532,18.073235,58.372067,-7.563645,4.245402,0.249267,10.699936,15.308125,10.367173,69.285843,4.286986,1.450101,629.888141,1.156535,-0.009665,0.023261,2.724915,1.849728,-17.152685,0.701426,-2077000,-42.781788,-809068071.879260,0.021598,54.037871,2.055203,-1.481278,0,0.095693,1.315821,-0.152515,-0.009665,0.747832
09-04-25,305.890015,309.350006,305.350006,308.759125,304800,301.336803,294.415893,281.822915,0.5213,0.548029,0.048772,TRUE,TRUE,12.592978,0.474999,23.237604,18.093457,62.26204,0.537544,4.319166,0.258425,12.212214,15.223626,10.960495,88.531281,5.928305,1.382238,618.44162,1.163361,-0.009501,0.022211,2.590997,1.99916,-17.152685,1.05305,-1772200,-22.343949,-808853322.196643,0.045767,61.628488,2.416777,-0.99122,0,0.108547,1.482596,-0.149034,-0.009501,1.200165
09-05-25,311.01001,313.149994,306.619995,310.467133,290700,302.324149,295.029775,281.888014,0.560842,0.539892,0.047706,TRUE,TRUE,13.141762,0.489212,30.239939,18.742749,63.992856,5.053527,4.463988,0.322597,12.665474,18.39188,15.570555,87.126383,6.792413,1.436062,597.295228,1.164344,-0.009451,0.021938,2.534349,2.057075,-17.152685,1.005761,-1481500,-2.743392,-808801491.395381,0.066988,71.934992,2.514796,0.520498,0,0.113243,1.545078,-0.148116,-0.009451,1.36331
09-08-25,311.640015,312.290009,309.790009,311.695679,190100,303.34895,295.578334,281.987303,0.600573,0.532266,0.046667,TRUE,TRUE,13.591031,0.502591,29.832877,19.345663,65.228195,6.856128,4.624585,0.386555,11.349607,18.379176,16.00222,93.021519,7.038481,1.433851,571.661324,1.163314,-0.009333,0.021416,2.672481,2.209228,-17.152685,0.677573,-1291400,-47.135706,-808701777.076534,0.127632,72.041863,1.740258,1.520068,0,0.124951,1.705584,-0.146343,-0.009333,1.460083
09-09-25,311.660004,311.700012,307.980011,310.457153,189700,304.302336,296.093931,282.078215,0.636185,0.525122,0.045654,TRUE,TRUE,14.015716,0.509833,40.932657,19.393506,62.885862,0.623823,4.598907,0.288702,10.391737,20.999016,16.347938,87.078498,6.543723,1.415183,518.211154,1.162304,-0.009311,0.021353,2.323856,2.236145,-17.152685,0.698428,-1481100,-48.548956,-808638835.277310,0.189609,72.732971,0.271212,2.369575,0,0.126906,1.733691,-0.146127,-0.009311,1.187705
09-10-25,312.299988,312.839996,308.350006,309.328461,260700,304.809244,296.569975,282.141641,0.669422,0.518606,0.04467,TRUE,TRUE,14.428334,0.504124,40.326812,19.648292,60.745045,-3.247811,4.436341,0.100909,9.671384,20.060312,18.360018,80.096162,3.38853,1.430045,515.150109,1.12961,-0.009083,0.021513,1.859857,2.679925,-17.152685,0.980388,-1741800,-30.405766,-808785912.263336,0.110421,77.267036,-0.423003,0.095593,0,0.155673,2.188264,-0.146675,-0.009083,0.877262
09-11-25,310.579987,316.019989,309.859985,315.341431,276300,305.353607,297.178863,282.232155,0.702185,0.512961,0.043717,TRUE,TRUE,14.946708,0.512559,47.170818,20.432929,67.159186,1.930991,4.738086,0.322123,12.100646,22.176846,19.748171,96.213398,3.575996,1.475748,566.194849,1.142492,-0.008923,0.020288,2.354738,2.789493,-17.152685,1.042071,-1465500,-5.279397,-808570484.198575,0.109763,78.146909,1.565412,2.031536,0,0.166689,2.314518,-0.142436,-0.008923,1.764026
09-12-25,315.559998,315.559998,312.670013,312.504761,277700,305.973882,297.665095,282.281381,0.729166,0.508385,0.042793,TRUE,TRUE,15.383714,0.509173,17.419851,21.16152,62.011405,-0.874457,4.694213,0.2226,11.658532,23.217974,18.912598,74.341365,4.133794,1.283275,573.508007,1.139226,-0.00888,0.020208,2.256838,2.839732,-17.152685,1.047253,-1743200,0.180375,-808879942.622634,0.050094,69.174077,1.872107,2.440547,0,0.169927,2.366123,-0.142154,-0.00888,1.13876
09-15-25,314.429993,315.48999,313.529999,314.002991,603400,306.723506,298.110974,282.311341,0.752497,0.504706,0.041896,TRUE,TRUE,15.799632,0.508732,34.124718,21.838069,63.598449,2.853404,4.725861,0.203399,14.462457,20.652358,18.623904,85.277365,5.014036,1.272267,575.678486,1.138905,-0.008884,0.020241,2.031469,2.823653,-17.152685,2.206579,-1139800,37.85698,-809192113.456422,0.018845,71.690413,3.629777,1.135174,0,0.168739,2.35033,-0.14227,-0.008884,1.264505
09-16-25,313.98999,314.309998,311.5,314.119995,241300,307.406564,298.644093,282.320442,0.773545,0.501739,0.041025,TRUE,TRUE,16.323651,0.505231,28.122094,21.779859,63.725899,-3.433287,4.706135,0.146938,12.990745,19.101639,17.181039,86.131413,4.546767,1.253717,578.474128,1.137511,-0.008838,0.020081,1.88466,2.893754,-17.152685,0.873058,-898500,32.074439,-808983445.220796,0.055718,65.617038,2.817704,0.922067,0,0.173822,2.423753,-0.141706,-0.008838,1.160541
09-17-25,314.899994,321.019989,312.23999,315.01001,430100,308.344377,299.168444,282.343028,0.791944,0.499278,0.040175,TRUE,TRUE,16.825416,0.505734,25.359257,22.896497,64.737283,2.725878,4.708046,0.11908,14.549679,20.846137,14.6688,67.861042,6.331145,1.382824,538.828525,1.132976,-0.008981,0.020909,1.785901,2.738104,-17.152685,1.502716,-468400,84.197002,-809142158.987075,0.060831,67.294628,4.027301,2.147643,0,0.160942,2.254649,-0.1446,-0.008981,1.23706
09-18-25,318.23999,324.179993,317.519989,323.850006,377000,309.773134,299.793483,282.408275,0.808891,0.497729,0.039363,TRUE,TRUE,17.385209,0.526645,41.04205,24.359089,72.837963,9.239514,5.361076,0.617688,17.117654,21.886254,17.716859,98.490454,9.677469,1.493067,552.70835,1.166522,-0.008767,0.018767,4.019164,2.914459,-17.152685,1.265016,-91400,167.565649,-808802517.806696,0.104603,68.434935,6.121247,4.377474,0,0.181035,2.458882,-0.136994,-0.008767,2.54689
09-19-25,324.899994,324.910004,321.619995,322.410004,357500,311.054977,300.38353,282.454855,0.823954,0.497003,0.038582,TRUE,TRUE,17.928676,0.537014,46.122807,25.810818,70.016328,6.290429,5.696742,0.762683,16.888229,22.290199,16.334431,88.933154,8.638542,1.474923,532.250618,1.154113,-0.008713,0.018948,3.783061,3.126779,-17.152685,1.156621,-448900,162.674504,-808988329.465494,0.056991,74.297716,4.501152,3.5133,0,0.195078,2.678171,-0.137653,-0.008713,2.133398
09-22-25,321.25,325.579987,319.549988,324.950012,352800,311.956415,301.11627,282.518453,0.83714,0.497145,0.03783,TRUE,TRUE,18.597817,0.556797,58.080794,26.476704,72.071496,7.334213,6.09743,0.930697,16.643286,23.86297,17.250936,97.079392,5.874063,1.485578,606.102732,1.142501,-0.008886,0.020121,3.753897,2.968954,-17.152685,1.170033,-96100,-30,-808709245.883752,0.048777,83.851916,4.211267,4.156324,0,0.18037,2.503742,-0.141849,-0.008886,2.143795
09-23-25,326.040009,327.850006,323.130005,324.070007,496200,312.976662,301.777873,282.586488,0.84728,0.498185,0.03711,TRUE,TRUE,19.191385,0.57357,55.656338,27.430089,70.274308,-2.563656,6.271673,0.883952,14.403658,20.053203,14.441447,83.200005,6.719554,1.515841,630.438292,1.144282,-0.008946,0.020335,3.384364,2.868411,-16.802129,1.591711,-592300,69.931507,-809007806.438499,0.05359,84.931709,3.086628,2.589043,0,0.172968,2.397729,-0.142602,-0.008946,1.759624
09-24-25,324.089996,324.440002,319.140015,319.380005,510800,313.630061,302.430975,282.620499,0.852001,0.499818,0.036422,TRUE,TRUE,19.810477,0.581904,30.303228,27.112847,61.475835,-8.540493,5.962585,0.459891,14.156832,18.816405,13.484142,60.103642,4.266236,1.563447,625.428804,1.164339,-0.009238,0.020946,3.144916,2.422377,-15.353826,1.570412,-1103100,112.567624,-809472347.082249,-0.035343,74.971849,2.210944,1.602194,0,0.141801,1.932897,-0.144728,-0.009238,0.91936
09-25-25,314.660004,316.970001,312.670013,316.119995,632300,314.024574,302.943765,282.6603,0.848485,0.501591,0.035765,TRUE,TRUE,20.283465,0.581946,15.444694,25.292046,56.20792,-15.863576,5.392415,-0.088224,11.205011,19.650846,12.81437,40.966211,2.559863,1.583637,614.358763,1.173708,-0.022224,0.060768,2.999839,2.222626,-14.813416,1.832302,-1735400,168.037304,-809090028.656677,0.005872,64.542816,0.235637,1.846358,0,0.123296,1.702399,-0.246511,-0.022224,0.341074
09-26-25,317.029999,319.26001,315.98999,319.190002,497400,314.486188,303.43725,282.702445,0.841814,0.503741,0.035139,TRUE,TRUE,20.734805,0.590873,19.495075,24.03774,59.709338,-10.56497,5.129149,-0.281192,12.123457,21.584148,13.592636,56.416679,2.978557,1.585637,616.872597,1.17133,-0.022093,0.059581,2.834623,2.185169,-13.953395,1.389599,-1238000,107.077435,-808613926.170489,0.06769,66.552091,1.041042,3.806219,0,0.137863,1.911239,-0.244091,-0.022093,0.762526
09-29-25,321.910004,321.910004,318.950012,319.869995,536200,315.112648,303.986285,282.763478,0.837594,0.506497,0.034544,TRUE,TRUE,21.222807,0.605151,24.846742,23.346493,60.463383,-1.012452,4.918679,-0.393329,12.028217,24.463565,14.910106,59.076867,4.076649,1.565295,603.973702,1.163321,-0.022321,0.061671,2.605535,1.971205,-13.953395,1.433632,-701800,149.627561,-808816817.886386,0.055164,71.740919,0.731107,3.854533,0,0.120468,1.683573,-0.248336,-0.022321,0.787675
09-30-25,318.940002,320.5,316.730011,320.040009,629500,315.837505,304.584468,282.835786,0.830944,0.509837,0.03398,TRUE,TRUE,21.748682,0.610948,29.008989,22.207419,60.661615,4.453694,4.71129,-0.480575,12.335325,25.53851,14.424329,56.587056,4.744713,1.548394,569.062049,1.143954,-0.022107,0.062559,2.302416,2.353437,-13.953395,1.643474,-72300,40.138023,-808340933.517583,0.0859,63.314273,,5.707731,0,0.146498,2.082829,-0.250119,-0.022107,0.738497
10-01-25,317.98999,320.869995,317.98999,320.049988,491300,316.580838,305.171863,282.899605,0.82077,0.513511,0.033442,TRUE,TRUE,22.272257,0.617203,15.227239,21.221187,60.674078,0.964741,4.495912,-0.556762,11.053978,25.478587,13.741531,52.293484,4.87139,1.46328,517.312144,1.143607,-0.022167,0.062949,2.199773,2.247958,-13.953395,1.236628,419000,138.379427,-808129403.597692,0.118134,64.572241,-0.60862,5.912076,0,0.138858,1.97528,-0.250896,-0.022167,0.670611
10-02-25,321.279999,323.619995,319.779999,323.5,289500,317.317882,305.725577,283.00351,0.810544,0.517729,0.032935,TRUE,TRUE,22.722067,0.633826,34.866473,20.826298,64.823567,4.360184,4.551148,-0.401221,10.898172,24.469945,14.732838,73.394468,4.774231,1.468651,504.8676,1.139969,-0.022216,0.063635,1.95077,2.19948,-8.036921,0.730093,708500,-5.019685,-807857996.628710,0.125506,68.91105,-0.169634,6.055757,0,0.134693,1.922882,-0.25226,-0.022216,1.224503
10-03-25,325.130005,328.690002,324.320007,325.459991,797000,318.067525,306.386213,283.1261,0.802586,0.522105,0.03246,TRUE,TRUE,23.260113,0.65247,35.80644,21.281571,66.956697,6.295083,4.698911,-0.202766,13.217644,33.834348,16.95998,81.209945,4.829129,1.508194,509.083466,1.141291,-0.022072,0.062687,1.852908,2.312855,-4.370854,1.889342,1505500,174.165807,-808239175.865560,0.06665,69.93765,0.599558,9.247123,0,0.143672,2.047594,-0.250374,-0.022072,1.452113
10-06-25,327.98999,329.269989,325.880005,327.73999,434000,318.86974,307.067878,283.244503,0.798594,0.52666,0.032016,TRUE,TRUE,23.823375,0.665255,39.87114,21.790318,69.289697,8.615619,4.943011,0.033067,13.486331,41.40261,17.57379,91.015861,5.147428,1.519497,529.399125,1.119684,-0.021773,0.063366,2.170431,2.893681,-4.370854,0.999919,1939500,128.300894,-808196929.599255,0.058157,74.294492,0.320831,10.878883,0,0.182733,2.655201,-0.251726,-0.021773,1.675532
10-07-25,328.420013,328.769989,321.799988,324.230011,495800,319.558383,307.680941,283.362695,0.796154,0.531295,0.0316,TRUE,TRUE,24.318246,0.674632,25.067976,21.241595,62.028964,-2.794603,4.797929,-0.089612,10.810732,40.80951,17.393346,69.638642,4.436315,1.496071,503.135864,1.127963,-0.022073,0.064158,1.927451,2.403458,-4.370854,1.103396,1443700,161.360042,-808347017.895306,0.032472,67.328452,-1.483639,9.140256,0,0.147925,2.134781,-0.253295,-0.022073,0.928502
10-08-25,325.600006,328.359985,324.01001,327.970001,476500,320.49046,308.408157,283.562947,0.792092,0.536125,0.031218,TRUE,TRUE,24.84521,0.681065,13.005038,20.732067,66.104666,-0.852032,4.927931,0.032312,11.970444,46.65288,16.782827,92.168737,6.026455,1.374036,475.563642,1.113523,-0.021753,0.063934,1.959287,3.056949,-4.370854,1.035577,1920200,82.777138,-807955956.277515,0.090187,67.826636,0.054002,12.70452,0,0.193104,2.822181,-0.252852,-0.021753,1.572774
10-09-25,327.730011,329.040009,325.01001,326.73999,248400,321.060388,309.091595,283.762578,0.781186,0.540908,0.030866,TRUE,TRUE,25.329017,0.689554,13.759092,20.388187,63.683631,-5.606066,4.875504,-0.016092,13.328212,33.40837,17.466065,84.759021,3.614672,1.395386,478.898539,1.107063,-0.022049,0.066448,1.908814,2.672121,-3.95394,0.541489,1671800,-10.09772,-807991092.119399,0.063151,67.330178,1.697696,6.761639,0,0.163676,2.409536,-0.257775,-0.022049,1.185972
10-10-25,327.670013,328.730011,316.839996,317.329987,560500,321.301649,309.64197,283.900465,0.759902,0.545222,0.030536,TRUE,TRUE,25.741505,0.687442,-19.874873,19.568418,48.921892,-13.107072,4.028212,-0.690707,9.051902,35.045305,13.55215,28.072169,1.544049,1.568668,444.443019,1.165151,-0.022444,0.062141,2.082014,1.569497,-3.95394,1.185303,1111300,101.836514,-808505395.451945,0.039603,60.400511,-0.265577,6.425385,0,0.089773,1.253091,-0.249281,-0.022444,-0.893627
10-13-25,323.649994,327.75,323.049988,327.48999,233500,321.975999,310.50941,284.094332,0.737038,0.549477,0.030236,TRUE,TRUE,26.415078,0.697162,7.181821,18.807204,59.765958,-6.338708,4.128959,-0.471968,14.217499,36.784718,16.897058,89.2771,4.295182,1.644325,429.954966,1.225157,-0.026652,0.155587,2.057986,2.337842,-3.95394,0.513887,1344800,-61.302618,-808297730.397728,0.098418,58.868664,114.217499,136.784718,,0.104413,1.460313,-0.394445,-0.026652,1.282458
10-14-25,322.579987,333.279999,320.51001,330.339996,513000,322.787,311.290219,284.288104,0.713608,0.554131,0.029971,TRUE,TRUE,27.002115,0.705729,23.940567,17.947081,62.190842,-1.49279,4.388188,-0.170191,13.721918,36.535665,18.79849,85.735058,5.163632,1.79166,426.936231,1.221355,-0.026503,0.155457,2.50515,2.703086,-3.95394,1.096236,1857800,112.598425,-808020943.796318,0.102839,66.385199,2.623515,10.377849,0,0.120232,1.676041,-0.39428,-0.026503,1.769116
10-15-25,334.220001,337.26001,329.649994,335,565000,323.786499,312.13746,284.487841,0.696136,0.55937,0.029742,TRUE,TRUE,27.649619,0.720631,40.016973,17.816808,65.818403,16.896511,4.913019,0.283712,13.74604,38.438891,17.865201,89.37467,6.345827,1.785928,467.365214,1.23091,-0.026237,0.149962,3.409239,2.944617,-3.95394,1.1902,2422800,31.364799,-807791529.303506,0.142258,75.306154,2.926784,12.387149,0,0.142448,1.963456,-0.387249,-0.026237,2.399302
10-16-25,335.880005,336.529999,326.5,327.869995,718500,323.987498,312.865273,284.67798,0.680874,0.56485,0.029544,TRUE,TRUE,28.187293,0.730084,16.93988,17.042186,56.833553,-2.932405,4.699447,0.056112,12.123646,37.412969,14.468943,54.261981,1.241312,1.972036,476.213328,1.251798,-0.026842,0.151892,3.218006,2.07234,-3.95394,1.461004,1704300,90.583554,-808313749.819658,0.049693,65.72618,1.656212,12.179483,0,0.072898,0.989725,-0.389733,-0.026842,0.815285
10-17-25,324.76001,327.190002,320.980011,324.029999,382700,324.068498,313.531469,284.861919,0.665634,0.570058,0.029377,TRUE,TRUE,28.669549,0.725722,7.647066,16.316113,52.66388,-9.526962,4.172239,-0.376877,11.684074,34.84509,13.328619,35.557663,0.502464,2.082038,474.764458,1.252279,-0.026805,0.151331,3.108778,2.06594,-3.95394,0.776197,1321600,7.048951,-808320529.711937,0.067722,59.419642,2.017111,11.151019,0,0.072251,0.98024,-0.389012,-0.026805,-0.008109
10-20-25,329.399994,331.190002,327.980011,330.329987,264400,324.337497,314.314075,285.079899,0.6489,0.575383,0.029246,TRUE,TRUE,29.234177,0.732013,16.999807,15.359968,58.095744,-7.722659,4.2142,-0.267932,13.640332,41.038768,13.669057,66.062592,1.655631,2.115633,494.838844,1.27255,-0.02645,0.142622,2.894627,2.349911,-3.95394,0.54111,1586000,-25.056689,-808197804.977422,0.052335,66.74626,3.08709,15.280571,0,0.099955,1.32723,-0.377653,-0.02645,1.210998
10-21-25,329.049988,330.399994,326.369995,329.029999,484600,324.585497,315.066887,285.286497,0.6332,0.58072,0.029152,TRUE,TRUE,29.78039,0.734,14.526067,14.334785,56.651139,-0.182414,4.095348,-0.309428,11.228576,36.817911,13.722908,59.696349,1.530531,2.148957,505.736754,1.274557,-0.026483,0.142504,2.680144,2.270167,-3.95394,0.992941,1101400,-2.337767,-808042683.803668,0.098876,59.249271,2.348279,14.591693,0,0.093035,1.233381,-0.377497,-0.026483,0.878817
10-22-25,327.649994,328.170013,318.220001,322.26001,741100,324.729497,315.528281,285.429458,0.612418,0.585792,0.029089,TRUE,TRUE,30.098823,0.719584,-1.903579,14.602951,49.717693,-2.946187,3.415504,-0.791418,10.201416,31.365152,11.708799,26.542654,0.901749,2.348591,494.101197,1.302847,-0.026741,0.139077,2.715599,1.939144,-3.95394,1.483505,360300,45.086139,-808181965.379662,0.129152,51.294454,0.896008,9.534385,0,0.068217,0.88306,-0.37293,-0.026741,-0.499794
10-23-25,323.410004,328.179993,323.410004,327.179993,343100,325.282497,315.982797,285.595076,0.589073,0.590751,0.029057,TRUE,TRUE,30.387721,0.713155,2.525701,14.850043,54.113011,-3.982733,3.236417,-0.776404,11.415784,30.312815,14.601433,50.63658,3.498671,2.329211,452.841101,1.314371,-0.026477,0.133948,2.680379,2.163271,-3.95394,0.707277,703400,-45.737783,-807982723.153345,0.114132,47.881598,1.981993,8.985169,0,0.090265,1.154512,-0.365989,-0.026477,0.41902
10-24-25,332.670013,334.170013,331.480011,331.660004,389900,325.905997,316.614012,285.793804,0.564996,0.595594,0.029057,TRUE,TRUE,30.820208,0.707474,5.576125,13.998375,57.735839,1.0847,3.416603,-0.476974,12.972115,31.704657,16.898325,72.575894,3.906764,2.366236,450.381525,1.314349,-0.026056,0.129674,2.630582,2.628616,-3.95394,0.812757,1093300,-21.612384,-808320445.398257,0.030588,47.569476,2.611039,9.703418,0,0.131918,1.682549,-0.360103,-0.026056,1.277585
10-27-25,335.869995,336.290009,332.640015,333.649994,340300,326.594997,317.306802,286.011299,0.543479,0.600426,0.029094,TRUE,TRUE,31.295503,0.69308,13.695823,13.131941,59.273947,9.556255,3.677585,-0.172793,14.41683,32.039788,18.893627,82.321188,4.308,2.302027,458.512723,1.282983,-0.025722,0.132597,2.488633,3.221727,-3.95394,0.72415,1433600,-36.534875,-808472418.541907,0.036644,54.208965,4.404297,10.528403,0,0.177697,2.325146,-0.364139,-0.025722,1.53867
10-28-25,333.320007,334.970001,331.170013,331.065887,346300,327.146291,317.918943,286.247802,0.524017,0.605087,0.029164,TRUE,TRUE,31.671141,0.68387,4.578082,12.305113,56.403404,2.290392,3.634009,-0.173096,13.158591,30.113021,17.764476,69.666414,3.445156,2.308129,441.520661,1.255295,-0.00925,0.017936,2.444842,2.596798,-3.95394,0.759813,11554600,-44.988086,-432116284.152749,-0.054497,47.562763,113.158591,130.113021,,0.175295,2.20453,-0.133926,-0.00925,0.887749
10-29-25,332.059998,335.880005,327.970001,330.137939,417800,327.650688,318.596627,286.482006,0.506492,0.6093,0.029267,TRUE,TRUE,32.11462,0.673197,5.047307,12.051042,55.366484,-2.369355,3.484431,-0.258139,13.9148,30.510793,17.554782,65.122108,3.151993,2.398565,412.878884,1.256547,-0.00925,0.017936,2.386097,2.438449,-3.95394,0.924142,11136800,-14.960309,-432305066.662443,-0.099213,42.322125,113.9148,130.510793,,0.175295,2.20453,-0.133926,-0.00925,0.602417
10-30-25,328.609985,332.420013,327.309998,326.645691,339700,327.807973,319.224043,286.687143,0.486205,0.612802,0.029396,TRUE,TRUE,32.5369,0.652751,15.171103,11.919196,51.527263,-7.746684,3.048947,-0.554898,14.96834,28.23503,14.501882,44.252552,0.972393,2.275948,402.085411,1.264825,-0.009108,0.017435,2.037258,2.284037,-3.95394,0.747242,10797100,17.340242,-432733089.271061,-0.175593,43.765032,114.96834,128.23503,,0.185547,2.316931,-0.132041,-0.009108,-0.289063
10-31-25,328.450012,331.350006,326.730011,329.958344,358900,328.03289,319.887747,286.879405,0.465193,0.615678,0.029554,TRUE,TRUE,33.008342,0.634495,4.524364,11.892245,54.733727,-1.669677,2.937268,-0.533262,13.271144,26.440366,15.868755,61.65093,1.382152,2.129367,400.839519,1.267698,-0.009045,0.017234,1.988272,2.544873,-3.95394,0.829443,11156000,-54.968632,-432590409.285857,-0.123948,44.922858,,126.440366,,0.193852,2.401711,-0.13128,-0.009045,0.480355
11-03-25,330.369995,330.51001,324.649994,327.783173,359500,328.035049,320.304985,287.056806,0.441892,0.617847,0.02974,TRUE,TRUE,33.248179,0.611306,-4.745221,12.210734,52.287865,-3.078619,2.642778,-0.662201,12.009789,26.370191,15.693819,50.226718,0.013176,1.992919,400.824074,1.27275,-0.00904,0.017204,2.036297,2.363453,-3.95394,0.838044,10796500,-17.165899,-432565481.061861,-0.127043,37.614548,112.009789,126.370191,,0.194397,2.386474,-0.131165,-0.00904,-0.06284
11-04-25,323.070007,326.51001,321.070007,320.46936,271900,327.847017,320.641071,287.191412,0.412997,0.619036,0.029953,FALSE,TRUE,33.449659,0.574415,-25.701621,13.053453,45.005426,-6.521837,1.798498,-1.205185,9.945824,25.34395,15.100803,12.284869,-1.159871,2.018412,427.543837,1.310993,-0.009016,0.017105,2.000508,1.831052,-4.337504,0.650821,10524600,-45.159338,-432897423.649571,-0.152212,29.645554,109.945824,125.34395,,0.196861,2.394464,-0.130786,-0.009016,-1.725591
11-05-25,323.26001,328.420013,322.51001,326.176727,301900,327.757353,321.038365,287.319089,0.385073,0.619806,0.030196,TRUE,TRUE,33.719277,0.558486,-3.072342,13.393351,50.767805,-3.965922,1.571818,-1.145493,12.196095,27.11989,15.849412,44.032777,-0.54678,1.937559,429.149736,1.286792,-0.009528,0.020446,2.036179,1.681224,-4.337504,0.738052,10826500,-36.642183,-432824710.676252,-0.194373,37.608343,112.196095,127.11989,,0.14814,1.850392,-0.14299,-0.009528,-0.368316
11-06-25,327.01001,327.01001,319.179993,319.1922,492200,327.379964,321.257615,287.415828,0.34983,0.619673,0.030466,FALSE,TRUE,33.841787,0.538529,-8.304125,14.212521,44.60783,-7.680035,0.819136,-1.518539,9.612839,21.900007,12.859302,5.380178,-2.31003,2.000993,469.826627,1.302654,-0.009861,0.022549,2.212109,0.868502,-4.718746,1.168455,10334300,98.148148,-433315375.992301,-0.242818,36.884954,109.612839,121.900007,,0.115868,1.456516,-0.150164,-0.009861,-1.74272
11-07-25,316.410004,321.070007,312.040009,320.329712,520800,327.52995,321.465054,287.508591,0.311035,0.618879,0.030763,FALSE,TRUE,33.956464,0.512237,-18.834574,15.860443,45.762073,0.756647,0.310835,-1.621472,9.931821,22.703756,11.131481,34.184344,0.945302,2.035585,439.889044,1.287712,-0.009579,0.021941,2.441548,1.245691,-4.718746,1.242203,10855100,-7.082962,-432879968.218597,-0.130706,30.660181,109.931821,122.703756,,0.147308,1.861723,-0.148124,-0.009579,-1.63683
11-10-25,325.910004,326.700012,322.230011,324.240997,314800,327.3675,321.803058,287.631819,0.271201,0.617576,0.031091,TRUE,TRUE,34.17124,0.489388,-8.596829,16.183523,49.647329,-1.120476,0.221063,-1.368995,8.372828,19.661041,6.776828,50.313356,-0.992089,2.062586,446.001133,1.29393,-0.009478,0.021546,2.528288,1.563556,-4.718746,0.743645,11169900,34.817987,-432911520.646690,-0.157706,37.277405,108.372828,119.661041,,0.15791,1.978996,-0.146784,-0.009478,-0.701008
11-11-25,323.179993,325.070007,321.799988,323.422852,195800,327.021643,322.160658,287.780594,0.231124,0.615783,0.031446,TRUE,TRUE,34.380064,0.46625,2.337147,16.540534,48.858912,4.251082,0.082944,-1.205691,6.230392,18.768741,6.149942,46.939559,-2.093947,1.901281,448.550001,1.294134,-0.009545,0.021855,2.496187,1.412696,-4.718746,0.480538,10974100,-61.832359,-432912975.186036,-0.197988,41.296822,106.230392,118.768741,,0.15099,1.874164,-0.147833,-0.009545,-0.802317
11-12-25,325.440002,326.910004,322.359985,322.105774,297600,326.376932,322.499107,287.913868,0.191251,0.613325,0.031834,FALSE,TRUE,34.585239,0.432549,-10.994615,16.489867,47.549807,1.787734,-0.13128,-1.135932,7.333073,19.087889,4.755075,41.508311,-3.849023,1.878676,419.569349,1.280511,-0.009226,0.02108,2.611027,1.632756,-4.718746,0.755157,10676500,-47.327434,-433243829.258942,-0.275789,40.731045,107.333073,119.087889,,0.184589,2.303564,-0.145191,-0.009226,-1.017986
11-13-25,320.309998,320.380005,309.880005,310.062469,430200,325.486555,322.525174,287.988868,0.137936,0.60943,0.032243,FALSE,TRUE,34.536306,0.376009,-40.207529,17.908917,37.623118,-12.024211,-1.258342,-1.810396,3.696182,14.268569,-0.418824,0.690892,-5.431276,2.072262,553.719517,1.374252,-0.00911,0.020616,3.218996,0.865165,-7.444039,1.133074,10246300,-40.125261,-433659077.588323,-0.272172,32.606483,103.696182,114.268569,,0.195977,2.423813,-0.143583,-0.00911,-2.785541
11-14-25,304.720001,314.640015,304.579987,311.429413,444700,324.856526,322.54442,288.053318,0.074646,0.604384,0.03268,FALSE,TRUE,34.491101,0.323428,-41.852894,19.68274,39.175239,-9.683673,-2.017985,-2.056031,3.651276,13.445935,1.795668,21.883138,-3.88871,2.187708,636.641285,1.373937,-0.009187,0.020966,3.060047,0.852548,-7.444039,1.161779,10691000,16.200679,-433498224.633799,-0.248071,25.2164,103.651276,113.445935,,0.188781,2.310853,-0.144795,-0.009187,-2.109055
11-17-25,310.470001,313.130005,304.649994,305.901672,539800,323.63511,322.428539,288.103878,-0.003031,0.597766,0.033142,FALSE,TRUE,34.324662,0.278171,-44.907441,21.329861,35.345112,-12.204694,-3.031108,-2.455324,3.25664,11.916316,1.054624,4.222636,-7.395125,2.336519,750.292444,1.323285,-0.010075,0.029094,3.460996,-0.153387,-8.686068,1.361258,10151200,104.160363,-433878672.001481,-0.302901,24.457177,103.25664,,,0.11296,1.476033,-0.17057,-0.010075,-2.363537
11-18-25,303.929993,309.440002,303.279999,306.280823,480400,322.497652,322.345013,288.170778,-0.091985,0.589636,0.033631,FALSE,TRUE,34.174235,0.228073,-42.995915,22.97876,35.808694,-1.814424,-3.760078,-2.547435,3.727358,11.753192,2.969768,10.297949,-6.914013,2.292815,832.173394,1.315958,-0.009842,0.028389,3.921737,0.083978,-8.686068,1.212106,10631600,-0.866694,-433891021.683177,-0.324189,24.331949,103.727358,111.753192,,0.140811,1.839228,-0.16849,-0.009842,-1.948732
11-19-25,308.470001,312.200012,306.470001,307.288605,479900,321.749081,322.304216,288.225085,-0.186219,0.580055,0.03415,FALSE,TRUE,34.079131,0.183968,-36.521101,23.895288,37.099668,-2.075571,-4.207966,-2.396258,3.54327,15.328312,5.294269,14.280744,-4.645753,2.304104,899.071259,1.311884,-0.010045,0.02975,4.322003,-0.025196,-8.686068,1.252104,11111500,-35.244906,-434233802.285645,-0.361783,32.325855,103.54327,115.328312,,0.122727,1.591279,-0.172483,-0.010045,-1.608379
11-20-25,314.339996,316.26001,300.369995,300.024719,710900,320.391318,321.997881,288.224841,-0.286637,0.568773,0.034695,FALSE,TRUE,33.773041,0.131152,-52.557818,25.315797,32.090108,-3.255005,-5.090376,-2.622934,-2.247008,12.534696,2.651615,-1.145573,-8.299796,2.626193,1010.838114,1.34461,-0.01018,0.030615,4.437837,-0.612903,-10.440382,1.769883,10400600,107.199067,-434975596.734485,-0.462361,24.167017,97.752992,112.534696,,0.110015,1.412331,-0.174972,-0.01018,-2.014823
11-21-25,301.459991,310.829987,299.980011,307.837372,456500,319.200186,321.904534,288.272028,-0.386872,0.556078,0.035274,FALSE,TRUE,33.632505,0.094527,-31.866788,26.668886,41.274868,5.466174,-5.100481,-2.106432,1.373982,15.681539,3.77364,27.627849,-7.182847,2.675326,1011.421721,1.385242,-0.010289,0.031322,4.339247,-0.204648,-10.440382,1.127174,10857100,17.081303,-434770918.247036,-0.391596,31.384764,101.373982,115.681539,,0.098533,1.251484,-0.176981,-0.010289,-1.12345
11-24-25,309.779999,316.959991,309.059998,315.380646,595500,318.286719,321.932087,288.373519,-0.479192,0.542212,0.035889,FALSE,TRUE,33.558568,0.065951,-8.100385,26.632061,48.515219,11.415551,-4.448531,-1.163585,2.960587,15.768805,6.103458,54.151313,-5.475603,2.665908,954.974206,1.416242,-0.010021,0.030136,4.403736,0.41533,-10.440382,1.425477,11452600,74.992654,-434413519.789527,-0.318669,39.322622,102.960587,115.768805,,0.123271,1.557264,-0.173597,-0.010021,-0.304309
11-25-25,317.23999,323.160004,315.179993,321.756531,382300,317.821251,322.084818,288.500066,-0.556965,0.527723,0.036543,FALSE,TRUE,33.584752,0.044334,-6.962127,25.514159,53.710225,21.620117,-3.37843,-0.074788,4.388543,19.187366,6.309714,80.564265,-2.811935,2.613733,911.087589,1.436181,,,3.951029,0.889762,-10.440382,0.911204,11834900,10.395611,-434165692.709611,-0.244236,40.056378,104.388543,119.187366,,0,0,,,0.431932
11-26-25,323.519989,327.790009,322.470001,324.999329,363800,317.56432,322.284604,288.661903,-0.61642,0.512737,0.03724,TRUE,TRUE,33.6227,0.026521,9.719461,23.777005,56.134566,14.859698,-2.242847,0.848636,4.852789,20.295231,5.515551,89.965192,-1.556504,2.548169,881.284006,1.440682,,,4.103951,1.09368,-10.440382,0.872726,12198700,-12.924844,-434183564.875553,-0.225318,46.959305,104.852789,120.295231,,0,0,,,0.843656
11-28-25,327.140015,328.390015,325.799988,327.394012,207600,317.601736,322.355484,288.843735,-0.657691,0.497229,0.037981,TRUE,TRUE,33.511749,0.017595,11.579946,22.081242,57.888535,9.373315,-1.136557,1.563941,6.524751,21.711954,4.833253,96.494185,0.229093,2.406496,885.491361,1.436364,,,4.64248,1.016867,-10.440382,0.506033,12406300,-38.887253,-434135631.217017,-0.170937,53.113152,106.524751,121.711954,,0,0,,,1.105858
12-01-25,323.829987,325.619995,322,321.566956,449200,317.182167,322.338623,288.978797,-0.686056,0.480959,0.038761,FALSE,TRUE,33.359826,0.000974,-4.249882,21.048569,52.398168,-1.312057,-0.721689,1.583047,5.244461,18.621763,3.566609,75.983604,-2.543166,2.428418,842.707685,1.455555,,,4.659682,0.579389,-10.440382,1.083023,11957100,25.160212,-434692302.941852,-0.253384,46.506893,105.244461,118.621763,,0,0,,,0.520321
12-02-25,324.660004,326.779999,322.269989,321.916168,408800,316.888817,322.277946,289.116104,-0.702261,0.464233,0.039578,FALSE,TRUE,33.161842,-0.013608,-2.412568,19.900891,52.687774,-3.446792,-0.360569,1.555334,5.482885,16.769486,3.576411,77.212793,-1.789904,2.468896,813.570823,1.454934,,,4.669851,0.527426,-10.440382,0.979795,12365900,13.713491,-435165245.571636,-0.311551,51.619337,105.482885,116.769486,,0,0,,,0.617937
12-03-25,323.5,328.649994,322.529999,327.733276,202500,317.252013,322.351212,289.273829,-0.699485,0.447266,0.040441,TRUE,TRUE,33.077383,-0.021321,8.405345,18.528598,57.343341,-0.545194,0.390512,1.845132,6.145293,19.107983,4.675673,96.802518,2.266649,2.47267,845.96535,1.470827,,,4.729988,0.918255,-10.440382,0.489414,12568400,-25.52409,-435023410.750653,-0.256911,50.86027,106.145293,119.107983,,0,0,,,1.238971
12-04-25,327.73999,334.190002,327.350006,332.412903,306500,317.563821,322.61187,289.458389,-0.677738,0.430537,0.041353,TRUE,TRUE,33.15348,-0.024236,37.508406,17.985849,60.694118,8.29595,1.347819,2.241951,7.068629,20.629379,6.464006,94.80532,1.911901,2.322131,890.891503,1.479395,,,5.595624,1.233316,-10.440382,0.740356,12874900,1.523683,-434876174.295066,-0.247767,57.106329,107.068629,120.629379,,0,0,,,1.666767
12-05-25,332.720001,333.630005,330.149994,330.417328,812500,318.125078,322.897816,289.647218,-0.638603,0.413798,0.042309,TRUE,TRUE,33.250599,-0.021513,31.532781,17.481867,58.580844,5.89307,1.923295,2.253942,6.006387,18.037695,6.427245,88.97201,3.51673,2.193911,935.911436,1.462917,,,5.337651,0.787077,-10.440382,1.889513,12062400,65.075173,-435563842.009675,-0.261446,66.685008,106.006387,118.037695,,0,0,,,1.313399
12-08-25,334.019989,334.290009,330.279999,330.726624,453300,318.644923,323.128549,289.890243,-0.575757,0.396894,0.043309,TRUE,TRUE,33.238305,-0.023929,45.137928,17.113728,58.820167,1.476826,2.376922,2.166055,6.528911,17.599115,5.806171,89.61415,3.245691,2.095319,976.783434,1.457157,,,4.895462,0.970516,-10.440382,1.062513,12515700,-12.960829,-435916167.192324,-0.355835,74.682081,106.528911,117.599115,,0,0,,,1.236886
12-09-25,330.470001,333.950012,330.470001,330.926208,230300,318.979184,323.349673,290.147666,-0.497339,0.379964,0.044348,TRUE,TRUE,33.202007,-0.024491,44.958219,16.771885,58.984856,-1.709262,2.721161,2.008235,6.982141,17.328794,7.387872,90.19586,2.061803,2.036209,1007.884831,1.456335,,,4.423292,0.894929,-10.440382,0.545211,12746000,-26.84244,-436086085.465981,-0.375773,81.338757,106.982141,117.328794,,0,0,,,1.185356
12-10-25,331.130005,336.850006,329.720001,333.700043,607400,319.493044,323.622874,290.430364,-0.404428,0.363282,0.045428,TRUE,TRUE,33.192509,-0.021248,46.676123,16.918183,61.301267,2.720423,3.181128,1.974562,5.821821,18.626945,7.381596,91.456567,3.177633,2.045201,1056.746982,1.459437,,,4.197879,1.038226,-10.440382,1.371153,13353400,210.214505,-436015371.706115,-0.350169,81.847336,105.821821,118.626945,,0,0,,,1.344409
12-11-25,334.589996,339.820007,333.480011,338.579224,412500,320.316716,323.993458,290.73203,-0.298608,0.347082,0.046554,TRUE,TRUE,33.261429,-0.009586,71.134076,17.491852,65.041317,6.22115,3.894472,2.150325,8.343701,20.974987,10.048601,96.885583,5.114298,1.814255,1139.169627,1.46969,,,4.330096,1.243193,-10.440382,0.919261,13765900,38.608871,-435764330.245025,-0.280848,92.433675,108.343701,120.974987,,0,0,,,1.603142
12-12-25,338.970001,339.230011,331.660004,332.183411,330300,321.422763,324.167126,291.030307,-0.181933,0.33084,0.047718,TRUE,TRUE,33.136819,0.005264,46.124835,17.600936,57.232948,-1.751908,3.898771,1.723699,5.789888,21.089704,8.706422,75.173621,7.13435,1.778658,1141.754468,1.449694,,,3.621605,0.403434,-10.440382,0.744363,13435600,-23.221757,-436048954.905785,-0.269291,86.468515,105.789888,121.089704,,0,0,,,0.942466
12-15-25,334.76001,334.970001,328.690002,328.312012,413400,322.266893,324.224167,291.293089,-0.057036,0.314578,0.048921,TRUE,TRUE,32.931078,0.010864,26.330867,17.047711,53.079093,-8.222173,3.548879,1.099045,4.518024,18.095694,6.842454,53.2955,5.421003,1.737787,1126.286351,1.456854,,,3.227932,0.270551,-10.440382,0.934935,13022200,-7.038453,-436512119.681301,-0.340807,78.663919,104.518024,118.095694,,0,0,,,0.53673
12-16-25,326.73999,329.859985,324.959991,327.470001,343800,323.345309,324.218767,291.597487,0.067876,0.29826,0.050159,TRUE,TRUE,32.62128,0.019061,13.111153,15.866058,52.191851,-12.849465,3.167135,0.573841,3.955427,19.080608,8.176188,30.695842,7.050739,1.675073,1062.81207,1.454012,,,3.070043,0.081059,-10.440382,0.795152,12678400,-36.309744,-436503698.280355,-0.303562,72.393956,103.955427,119.080608,,0,0,,,0.388092
12-17-25,327.880005,329.899994,321.070007,321.75,348000,324.118768,324.169167,291.882899,0.186313,0.281679,0.051426,FALSE,TRUE,32.286268,0.016249,-7.055417,15.449462,46.504886,-10.728062,2.375658,-0.174108,-0.64845,16.358204,6.914294,3.626628,5.050652,1.766935,985.571054,1.471452,,,3.168728,-0.185278,-10.440382,0.817381,12330400,-27.560366,-436798099.682161,-0.341407,66.122969,99.35155,116.358204,,0,0,,,-0.240345
12-18-25,326.140015,328.179993,323.579987,324.279999,363100,324.968338,324.095367,292.164473,0.302629,0.265122,0.052721,TRUE,TRUE,31.930893,0.009765,-6.741793,15.062622,49.144409,-3.934684,1.930306,-0.495568,0.580005,17.566187,6.650196,17.119954,5.529458,1.820096,902.59911,1.462478,,,3.245815,0.217652,-10.440382,0.864709,12693500,-24.338404,-437050689.206021,-0.335416,67.030864,100.580005,117.566187,,0,0,,,-0.076262
12-19-25,324.929993,330.049988,324.929993,329.609985,454600,326.447601,324.152767,292.501339,0.413799,0.248867,0.054048,TRUE,TRUE,31.651428,0.00622,17.602467,14.305015,54.264262,2.072411,1.98457,-0.353044,1.434058,18.316019,9.653764,45.546549,9.860943,1.798811,689.583462,1.470279,,,3.038625,0.695947,-10.440382,1.116693,13148100,-36.052891,-436674224.089077,-0.208628,74.831805,101.434058,118.316019,,0,0,,,0.458593
12-22-25,331.929993,336.609985,331.329987,334.549988,436800,327.783232,324.497167,292.857575,0.516134,0.233324,0.055412,TRUE,TRUE,31.639592,0.015228,25.125221,14.164103,58.440409,11.935523,2.398542,0.048743,3.233863,18.103316,16.195646,71.893229,8.677509,1.810403,555.890939,1.477258,,,2.757597,0.78715,-10.440382,1.075571,13584900,-4.315444,-436578260.127571,-0.222519,75.013492,103.233863,118.103316,,0,0,,,1.217281
12-23-25,332.679993,334,331.149994,332.390015,637700,328.633701,324.595167,293.236634,0.603289,0.218709,0.056808,TRUE,TRUE,31.358533,0.020993,9.987368,13.995331,56.031299,6.88689,2.52324,0.138753,4.07352,18.807034,15.890543,60.373372,5.393282,1.750525,481.259512,1.480194,,,2.666468,0.632107,-10.440382,1.562148,12947200,7.086482,-436661041.152103,-0.275283,66.394955,104.07352,118.807034,,0,0,,,0.780517
12-24-25,332.130005,333.299988,331.149994,333.040009,113380,329.197874,324.649167,293.613613,0.675595,0.204781,0.058236,TRUE,TRUE,31.035555,0.027417,1.472195,13.838614,56.610953,2.346691,2.644034,0.207638,5.352402,17.15715,14.939428,63.840007,3.506837,1.64652,462.154341,1.480273,,,2.657878,0.657525,-10.440382,0.287202,13060580,-70.342663,-436575081.180775,-0.30516,63.397147,105.352402,117.15715,,0,0,,,0.831353
12-26-25,333.209991,333.230011,329.309998,331.059998,412800,329.500908,324.570367,293.978401,0.731065,0.191459,0.059697,TRUE,TRUE,30.591967,0.029889,1.509284,13.269327,54.264125,-4.176284,2.550593,0.091357,3.718787,16.293089,14.666095,53.279948,1.864825,1.665861,452.953893,1.482788,-0.01039,0.016212,2.646039,0.549771,-10.440382,1.039212,12647780,13.468939,-436619311.014719,-0.306596,53.334187,103.718787,116.293089,,0.019111,0.205043,-0.127324,-0.01039,0.344205
12-29-25,328.880005,330.76001,327.640015,328.440002,617700,329.553207,324.581768,294.352503,0.769923,0.178753,0.06119,TRUE,TRUE,30.229264,0.033302,-5.093629,12.367829,51.237318,-4.793981,2.239314,-0.175937,2.679216,15.029694,12.639272,39.306641,0.31949,1.666318,450.99279,1.480829,-0.010584,0.016951,2.694042,0.216507,-10.440382,1.47871,12030080,197.543353,-436920246.121727,-0.333304,43.904783,-3.117562,-2.719061,0,0.000172,0.001843,-0.130196,-0.010584,-0.246834
12-30-25,328.470001,328.720001,325.5,325.75,202400,329.76236,324.616168,294.679982,0.787173,0.166634,0.06271,TRUE,TRUE,29.936186,0.035352,-10.924373,11.89614,48.260833,-8.35012,1.755329,-0.527938,1.784149,14.339555,10.40405,24.959961,1.300832,1.674377,420.687919,1.48296,-0.010872,0.017826,2.813977,-0.03802,-10.440382,0.499274,11827680,-54.942119,-437091217.562213,-0.295878,40.087464,-3.688267,,0,-0.025623,-0.273494,-0.133513,-0.010872,-0.953762
12-31-25,325.950012,326,322.910004,323.01001,298000,329.817052,324.469768,294.976326,0.781654,0.155022,0.064254,FALSE,TRUE,29.493442,0.036759,-22.57741,11.974241,45.369724,-8.894401,1.13756,-0.916566,0.924862,12.081075,11.443382,10.34668,0.339791,1.599242,410.539121,1.484189,-0.011127,0.018637,3.046392,-0.312812,-10.440382,0.745281,11529680,-27.103718,-437369928.336214,-0.275689,31.082805,-3.823245,-4.883383,0,-0.053177,-0.567365,-0.136518,-0.011127,-1.658074
01-02-26,325.809998,327.290009,322.869995,327.119995,517600,329.786388,324.431568,295.308575,0.761991,0.144188,0.065828,TRUE,TRUE,29.122993,0.039217,-24.60162,11.727955,50.189901,-1.047417,0.968451,-0.86854,1.119009,12.139133,13.883027,33.314904,-0.187128,1.537225,412.402264,1.486717,-0.010705,0.017197,2.129591,0.104744,-10.440382,1.245416,12047280,155.604938,-436892146.744748,-0.224822,32.207293,-4.044578,-4.663756,0,-0.01113,-0.118461,-0.131137,-0.010705,-0.646551
01-05-26,329.470001,333.890015,328.869995,333.359985,838900,329.833742,324.653568,295.646882,0.729079,0.134108,0.067435,TRUE,TRUE,29.006686,0.058084,2.534446,11.666836,56.469748,8.208915,1.322699,-0.411434,2.427332,15.965812,16.261031,79.0862,0.284911,1.491309,416.104024,1.499544,-0.010484,0.016216,2.123312,0.236891,-10.440382,1.897002,12886180,173.7031,-436230394.094228,-0.153115,43.570322,-2.452856,-2.148248,0,0.002768,0.02919,-0.127343,-0.010484,0.847443
01-06-26,333,337.440002,331.559998,337.350006,2058600,330.180376,324.856968,296.015415,0.69153,0.124743,0.069077,TRUE,TRUE,28.841553,0.081106,19.419023,12.207391,59.947048,14.577324,1.903462,0.135464,2.932207,16.813985,17.253353,99.450236,2.098158,1.465201,448.812126,1.50592,-0.010195,0.015208,2.747187,0.512064,-10.440382,4.080241,14944780,153.366154,-434234809.845022,0.13171,61.335648,-2.318231,-2.293199,0,0.031023,0.325592,-0.123322,-0.010195,1.597468
01-07-26,337.76001,337.980011,334.630005,336.649994,920100,330.476544,324.956768,296.386933,0.648291,0.116306,0.070753,TRUE,TRUE,28.569835,0.086443,19.784483,12.796662,59.055739,8.865838,2.280943,0.410356,3.830609,15.055458,14.636338,92.134732,1.791017,1.435361,471.573332,1.456052,-0.009931,0.015451,2.633903,1.015207,-10.440382,1.743046,14024680,102.97816,-434045304.767271,0.177209,68.259647,-1.073304,-2.745731,0,0.078076,0.847933,-0.124303,-0.009931,1.309118
01-08-26,336.480011,340.220001,335.890015,339.179993,529200,330.889233,325.067368,296.73314,0.598434,0.109025,0.072466,TRUE,TRUE,28.334228,0.112074,40.337904,13.703702,61.295596,4.825847,2.75252,0.705546,3.417993,15.797586,15.345242,94.005717,2.494146,1.329888,510.245681,1.401168,0.011457,0.011333,2.764633,0.592316,-10.440382,0.97492,14553880,129.787234,-433770319.191628,0.213311,73.054383,-2.272342,-2.487277,0,0.087644,0.987477,0.106456,0.011457,1.624856
01-09-26,340.619995,344.309998,339.679993,342.380005,783200,331.323232,325.29365,297.101033,0.544981,0.10303,0.074216,TRUE,TRUE,28.192617,0.147131,41.248899,15.135343,63.979649,4.032601,3.345892,1.039135,4.786685,18.752877,17.287798,90.99817,2.601127,1.290337,568.949326,1.40191,0.011646,0.011639,3.282451,0.605816,-10.440382,1.419859,15337080,28.943036,-433640064.621247,0.215309,74.426657,-2.178708,-0.653143,0,0.102326,1.159345,0.107886,0.011646,1.943367
