Date,Open,High,Low,Close,Volume,SMA20,SMA50,SMA200,SMA20_Slp,SMA50_Slp,SMA200_Slp,>MA50,>MA200,GoldenX,LinReg_Slp,Chande,ADX14,RSI14,RSI_D3,MACD_Line,MACD_Hist,RET_3M_pct,RET_6M_pct,RET_12M_pct,StochK14,ROC20_pct,ATR_pct,StdDev20,Vol60,Beta60,R2_60,Ulcer14,Sharpe60,MaxDD_6M_pct,Vol_vs_Avg,OBV,VolROC20,AD_Line,CMF20,MFI14,RS_3M,RS_6M,RS_Bench,Alpha60,InfoRatio,Corr60,Beta,ZScore
07-10-24,106.019997,106.720001,105.68,104.12542,1721200,103.358652,104.585586,99.938771,-0.1305,0.017606,0.036451,FALSE,TRUE,4.646815,0.020343,11.616857,7.103776,51.760368,6.466251,-0.243745,0.108425,-1.691275,1.227073,8.534872,-11.348855,0.571354,3.002534,60.000325,0.872849,0.006407,0.017771,0.867919,0.509799,-7.591395,0.634512,-103975200,-52.525169,-14052012906.872927,-4.634123,51.090468,-2.040859,-5.238747,0,0.059075,1.068482,0.133308,0.006407,1.27794
07-11-24,108.599998,110.389999,108.239998,107.600502,3973200,103.58219,104.667697,100.023026,-0.116836,0.017482,0.036837,TRUE,TRUE,4.644671,0.020587,42.956642,8.748986,64.96653,15.801935,0.098187,0.360285,4.704862,5.792207,11.131412,53.038784,4.33508,3.127492,111.877722,0.96154,0.007236,0.018654,3.780031,1.636474,-7.591395,1.419821,-100002000,75.937652,-14058349681.855627,-4.45143,60.011821,2.893243,-1.930379,0,0.13527,2.219917,0.136579,0.007236,3.5917
07-12-24,111.339996,112.150002,111.019997,108.635201,4825000,103.776443,104.809795,100.110336,-0.099164,0.017463,0.037225,TRUE,TRUE,4.699459,0.021222,47.139405,10.904546,67.79367,22.062919,0.447503,0.567681,5.263417,6.423959,10.986509,54.353261,3.708886,3.2192,157.606636,0.963732,0.007502,0.019961,4.44756,2.045225,-7.591395,1.679175,-95177000,45.160805,-14083540330.823975,-4.587693,71.767221,2.365227,-1.830189,0,0.161927,2.652811,0.141282,0.007502,3.082838
07-15-24,111.889999,113.68,111.720001,110.118942,4078900,104.09613,104.97476,100.211694,-0.077358,0.017651,0.037618,TRUE,TRUE,4.763065,0.022416,50.340649,13.365834,71.362518,19.60215,0.834445,0.763699,8.334651,8.589247,11.875325,61.41867,6.16412,3.243255,211.978641,0.968035,0.007908,0.021981,5.445176,2.635018,-7.591395,1.38317,-91098100,58.798567,-14094283070.050758,-4.516819,72.263068,4.144011,-0.451443,0,0.201038,3.281901,0.148259,0.007908,2.841235
07-16-24,113.800003,116.93,113.75,114.043045,4912000,104.689138,105.187277,100.328225,-0.04916,0.018231,0.038016,TRUE,TRUE,4.859053,0.02979,70.955967,16.409359,78.232579,13.266049,1.441129,1.096306,13.246264,12.695925,16.844589,76.867352,11.606798,3.416553,302.292846,1.062226,0.008668,0.021927,8.118356,3.237736,-7.591395,1.603994,-86186100,85.786149,-14098289763.687412,-4.223801,79.123863,7.230734,2.753556,0,0.261368,3.887024,0.148076,0.008668,3.09432
07-17-24,115.93,118.260002,115.800003,113.515923,6984200,105.207471,105.373691,100.43651,-0.016142,0.019147,0.038421,TRUE,TRUE,4.937181,0.036944,65.377788,19.483452,75.608644,7.814974,1.857979,1.210525,13.3358,13.293186,15.382902,64.168598,10.050147,3.526568,358.205606,1.062704,0.00844,0.02076,7.678931,2.907121,-7.591395,2.133795,-93170300,152.264683,-14118243460.437475,-4.177218,85.313679,7.260796,3.683963,0,0.237967,3.535353,0.144082,0.00844,2.319464
07-18-24,115.830002,117.669998,113.940002,111.768631,5189800,105.636975,105.503178,100.539202,0.019484,0.020289,0.03883,TRUE,TRUE,4.963976,0.041972,48.066375,21.129006,67.52398,-3.838538,2.024012,1.101246,12.520032,12.617412,12.061138,50.066376,8.325452,3.654692,383.223324,1.082775,0.008057,0.018218,7.272096,2.266433,-7.591395,1.524112,-98360100,103.52955,-14129475617.815907,-3.908484,75.171283,7.093846,2.339199,0,0.1954,2.845483,0.134975,0.008057,1.600022
07-19-24,114.410004,114.650002,113.190002,110.997475,4813000,106.047932,105.610239,100.644663,0.056234,0.021611,0.039243,TRUE,TRUE,4.965575,0.048202,39.101545,22.208443,64.258244,-13.974335,2.069512,0.917397,11.514405,10.801135,10.679189,44.134404,7.996965,3.613643,394.848139,1.067468,0.007578,0.016583,6.926775,1.687497,-7.591395,1.375648,-103173100,63.635127,-14148744292.855751,-3.872012,65.748937,6.436015,0.931479,0,0.151342,2.23396,0.128774,0.007578,1.253531
07-22-24,114.110001,115.550003,112.849998,112.617882,4397100,106.532588,105.75671,100.76519,0.094924,0.023139,0.039659,TRUE,TRUE,4.99152,0.056234,50.58335,23.456142,67.784065,-7.824579,2.21084,0.84698,12.177745,11.30892,13.141881,56.599074,9.417678,3.647791,413.541697,1.080008,0.00791,0.017657,6.462171,2.083333,-7.591395,1.25813,-98776000,-1.68366,-14153897421.454063,-3.619929,72.644482,6.912555,1.406425,0,0.181507,2.649263,0.132879,0.00791,1.471507
07-23-24,114.540001,116.919998,114.540001,113.496399,5362800,107.026029,105.895465,100.889239,0.136456,0.02494,0.040083,TRUE,TRUE,5.006226,0.063761,51.45841,24.964396,69.538534,2.014554,2.366453,0.802074,12.086383,9.974362,14.445002,63.356898,9.523345,3.690519,435.356931,1.075453,0.008177,0.019023,6.006019,2.481884,-7.591395,1.497044,-93413200,48.282918,-14163963276.251772,-3.471994,74.094966,7.626229,0.4503,0,0.209775,3.076847,0.137924,0.008177,1.486222
07-24-24,115.660004,117,114.010002,111.407455,5649600,107.459437,106.003723,101.003423,0.177662,0.02688,0.040512,TRUE,TRUE,5.0003,0.068525,36.590076,26.027194,61.027852,-3.230392,2.294764,0.584309,8.102443,8.500761,11.699017,47.288102,8.437052,3.784446,433.578529,1.103936,0.007783,0.016352,5.540324,1.79617,-7.591395,1.503053,-99062800,166.515709,-14179447898.522985,-3.352085,66.130793,4.989754,0.181292,0,0.163865,2.338338,0.127877,0.007783,0.910566
07-25-24,114.32,117.309998,114.260002,112.822876,4479900,107.961176,106.13387,101.121928,0.218979,0.028993,0.040949,TRUE,TRUE,5.011942,0.076383,45.827716,27.100809,64.222968,-3.561096,2.325358,0.491922,9.734785,10.736786,13.150902,57.916999,9.762592,3.953858,434.736356,1.111102,0.007877,0.01653,4.908641,1.915824,-7.591395,1.151965,-94582900,138.73701,-14188149563.208591,-3.248238,70.933858,5.939132,2.549976,0,0.173696,2.462769,0.128569,0.007877,1.11831
07-26-24,117.360001,118.059998,116.449997,114.931343,3420700,108.543935,106.284984,101.247204,0.262008,0.031398,0.041393,TRUE,TRUE,5.03778,0.083848,49.23084,28.308088,68.381496,-1.157038,2.491025,0.526071,12.691687,11.974999,14.426067,74.236397,11.285444,3.959614,446.585646,1.099775,0.008479,0.019564,4.809016,2.84183,-7.591395,0.877398,-91162200,6.055063,-14198023502.118488,-3.140412,71.665361,8.018358,3.212688,0,0.240395,3.448628,0.13987,0.008479,1.430276
07-29-24,118.099998,118.43,116.480003,114.199234,4422500,109.048114,106.412118,101.363935,0.30434,0.034075,0.041845,TRUE,TRUE,5.048183,0.089945,48.785713,29.532559,65.533167,4.505315,2.534031,0.455261,11.136535,11.104264,14.919471,66.817519,9.68498,4.041591,450.860236,1.105089,0.008316,0.018635,3.935294,2.595387,-7.591395,1.134079,-95584700,0.433756,-14212791354.147127,-3.120452,68.547391,6.991456,2.53519,0,0.223103,3.18368,0.13651,0.008316,1.142509
07-30-24,117.220001,118.199997,116.940002,114.843491,4295600,109.625016,106.56128,101.483307,0.344566,0.037032,0.042303,TRUE,TRUE,5.077973,0.099035,47.739164,30.669569,66.842068,2.6191,2.590241,0.409177,10.965285,10.428847,14.470217,64.803642,11.168859,4.037773,447.316146,1.092545,0.008125,0.018204,3.028654,2.394183,-7.591395,1.086637,-91289100,33.151483,-14231381899.425964,-3.17753,69.865779,6.550796,2.0843,0,0.206036,2.973384,0.134922,0.008125,1.166619
07-31-24,118.389999,120.739998,117.309998,115.517021,4838200,110.208263,106.724302,101.614606,0.382387,0.040252,0.042769,TRUE,TRUE,5.109696,0.109913,40.288111,32.390566,68.201613,-0.179883,2.658491,0.381942,13.775913,11.638587,14.134239,46.265679,11.232256,3.991471,444.119354,1.091283,0.008102,0.018145,2.892664,2.356731,-7.591395,1.193293,-86450900,72.14118,-14241278278.753643,-2.990769,70.402176,6.877002,2.145881,0,0.203015,2.933104,0.134702,0.008102,1.195345
08-01-24,118.510002,119.089996,114.190002,112.276222,10935800,110.63191,106.825815,101.734875,0.415687,0.043576,0.04324,TRUE,TRUE,5.09094,0.116711,16.659243,31.952037,56.250418,-9.28275,2.423141,0.117274,10.214436,11.334005,11.483508,6.166532,8.162504,4.128981,419.537881,1.150874,0.007616,0.014402,2.528764,1.347262,-7.591395,2.417,-97386700,612.429967,-14260756423.127502,-2.777988,58.092103,5.086783,2.585342,0,0.13523,1.849144,0.120008,0.007616,0.391934
08-02-24,111.400002,112.32,110.089996,108.449745,14823000,110.903767,106.851965,101.828129,0.440055,0.046843,0.043714,TRUE,TRUE,5.023835,0.117442,-6.897907,29.679881,46.000682,-20.841386,1.90589,-0.319982,4.866296,6.36352,8.586862,-15.401417,5.278124,4.089274,383.647917,1.23691,0.007327,0.011535,2.740148,0.453432,-7.591395,2.875221,-112209700,572.214412,-14297385168.723501,-2.677648,46.288971,2.370137,0.185422,0,0.070028,0.889713,0.107403,0.007327,-0.639655
08-05-24,105.379997,108.970001,104.889999,105.101555,6932300,110.974537,106.826129,101.89942,0.453115,0.049909,0.044188,FALSE,TRUE,4.926709,0.111935,-37.851281,29.125212,39.259615,-28.941998,1.211825,-0.811237,0.86982,3.532664,5.631429,1.334735,1.365086,4.033938,370.720758,1.300875,0.015469,0.068461,3.633032,-0.129365,-9.016391,1.284567,-119142000,228.73198,-14303598564.11445,-2.497746,39.739771,100.86982,103.532664,,0.077181,0.96051,0.261651,0.015469,-1.584206
08-06-24,107.75,110.209999,107,106.311981,3937000,111.139017,106.855236,101.985419,0.456329,0.052832,0.044661,FALSE,TRUE,4.869817,0.110566,-29.638541,28.143982,42.537986,-13.712432,0.75079,-1.017818,0.966515,6.402,6.858298,8.971495,3.193097,4.047906,339.570841,1.300125,0.015242,0.067385,4.185706,-0.139437,-9.016391,0.715872,-115205000,109.716082,-14309223246.845633,-2.400881,37.288162,1.689361,0.36684,0,0.056416,0.70071,0.259586,0.015242,-1.421511
08-07-24,110.790001,110.940002,107.660004,105.287025,3019000,111.197097,106.844198,102.073209,0.449095,0.055643,0.045133,FALSE,TRUE,4.770989,0.106574,-27.483463,26.962288,40.542527,-5.458155,0.299262,-1.175477,-0.338304,4.78635,5.22748,2.504897,1.115583,4.119465,327.730366,1.304354,0.015161,0.066253,4.729682,-0.227163,-9.016391,0.542548,-118224000,75.400883,-14316610554.0917,-2.37756,41.924782,0.650298,-0.693738,0,0.048334,0.598053,0.257396,0.015161,-1.803334
08-08-24,109.230003,110.379997,108.800003,107.65905,2434500,111.200025,106.888381,102.177984,0.433645,0.05844,0.045606,TRUE,TRUE,4.710397,0.107054,-13.255857,25.865,46.766269,7.506654,0.131311,-1.074742,2.245852,7.458214,8.338039,17.470352,0.054412,4.175435,327.394641,1.336011,0.015641,0.067139,4.957998,0.164408,-9.016391,0.443641,-115789500,-38.726971,-14322561079.949648,-2.407373,46.212753,1.421153,0.334961,0,0.084545,1.020877,0.259113,0.015641,-1.081562
08-09-24,110.440002,110.510002,109.43,107.454071,2042000,111.140968,106.954141,102.285651,0.408964,0.061229,0.046079,TRUE,TRUE,4.66849,0.10892,-21.724893,24.792409,46.315096,3.77711,-0.018122,-0.979341,0.840289,5.809635,8.912379,16.17711,-1.087244,4.07029,333.277085,1.330219,0.015419,0.065879,5.254688,-0.071076,-9.016391,0.381797,-117831500,-57.678756,-14332075007.187954,-2.323451,44.486477,0.164053,-1.725011,0,0.062439,0.757006,0.256668,0.015419,-1.106256
08-12-24,110.190002,110.360001,108.389999,106.146027,2173100,110.942323,106.968258,102.384215,0.375418,0.063913,0.046549,FALSE,TRUE,4.584043,0.109429,-30.375167,24.145615,43.43537,2.892843,-0.239339,-0.960446,0.142893,3.269311,7.997454,7.924463,-3.60784,4.026496,351.05523,1.338349,0.015101,0.062476,5.665137,-0.397243,-9.016391,0.413679,-120004600,-46.723381,-14339198740.916828,-2.331151,39.067397,-1.097555,-4.180012,0,0.031741,0.381927,0.249952,0.015101,-1.366251
08-13-24,109.510002,110.849998,108.889999,107.961662,1991700,110.638253,106.994567,102.49708,0.336596,0.066499,0.047019,TRUE,TRUE,4.497487,0.112234,-14.402289,23.321238,48.24561,1.479341,-0.265092,-0.788959,1.548362,3.195756,9.941647,19.379579,-5.332533,4.038198,349.116378,1.355623,0.015545,0.064443,5.85195,0.024383,-9.016391,0.389987,-118012900,-59.452362,-14343077144.8557,-2.396545,43.983076,-0.944845,-5.060817,0,0.071259,0.846749,0.253856,0.015545,-0.766676
08-14-24,111,111.110001,109.690002,107.444305,2733000,110.334673,107.018115,102.606246,0.292676,0.068902,0.047485,TRUE,TRUE,4.41187,0.114125,-23.357414,22.433224,47.018629,0.703532,-0.323518,-0.677908,0.063941,6.532401,9.899495,16.115497,-5.348692,3.874544,349.174488,1.357137,0.015451,0.06354,6.111067,-0.065532,-9.016391,0.558378,-120745900,-60.868818,-14354454508.058331,-2.413011,42.397873,-3.085428,-4.976646,0,0.062719,0.744159,0.252071,0.015451,-0.827772
08-15-24,112.370003,113.349998,111.870003,109.972527,3918200,110.244867,107.124129,102.732453,0.246544,0.071303,0.04795,TRUE,TRUE,4.391676,0.119877,-21.149039,21.033878,53.272668,9.837298,-0.163926,-0.414653,1.975121,7.032505,13.784874,32.066421,-1.606984,3.828895,347.598511,1.390185,0.022633,0.088153,6.24278,0.413156,-9.016391,0.811062,-116827700,-24.501908,-14368419617.105375,-2.473054,42.694248,-2.45255,-4.15951,0,0.103857,1.217923,0.296906,0.022633,-0.078349
08-16-24,112.440002,113.779999,112.360001,110.29464,2136900,110.209726,107.213438,102.857563,0.19947,0.073719,0.048411,TRUE,TRUE,4.355875,0.125904,-16.949224,19.907707,54.017415,5.771805,-0.011325,-0.209642,2.709166,4.736491,15.463442,34.09868,-0.633199,3.837712,347.152581,1.390457,0.022666,0.088414,6.351317,0.479167,-9.016391,0.454936,-114690800,-55.601496,-14376772680.008202,-2.427308,47.538432,-1.746093,-4.840107,0,0.107195,1.268033,0.297344,0.022666,0.02446
08-19-24,113.099998,113.989998,113.040001,111.221992,1935500,110.139931,107.336077,102.983828,0.152793,0.076194,0.04887,TRUE,TRUE,4.352249,0.132006,-15.529509,18.949656,56.182651,9.164023,0.182339,-0.012782,3.591515,6.817091,17.667225,39.949487,-1.239492,3.7861,343.439553,1.390462,0.022924,0.09039,6.426693,0.772153,-9.016391,0.423147,-112755300,-55.982352,-14386116109.705112,-2.538428,45.444509,-0.364063,-2.871864,0,0.134358,1.590481,0.30065,0.022924,0.315066
08-20-24,113.690002,113.790001,112.470001,109.943245,2495400,109.962273,107.454928,103.101814,0.105945,0.078532,0.049324,TRUE,TRUE,4.353114,0.13314,-23.296555,17.782436,52.510801,-0.761867,0.229985,0.027891,2.558423,6.641691,15.725205,35.586244,-3.130631,3.613888,334.229628,1.385485,0.022948,0.091234,4.056735,0.831192,-9.016391,0.563207,-115250700,-53.468337,-14398164947.728405,-2.642945,38.998301,,-2.675603,0,0.139418,1.657039,0.302049,0.022948,-0.005693
08-21-24,113.43,114.059998,112.720001,111.212234,2537800,109.952512,107.608495,103.214635,0.061385,0.080748,0.049777,TRUE,TRUE,4.39386,0.137735,-4.846549,16.825725,55.611176,1.593761,0.365923,0.131063,3.798681,8.198217,17.620967,68.94478,-0.175231,3.522346,333.813602,1.388024,0.022984,0.091161,3.277997,0.871111,-9.016391,0.593623,-112712900,-55.080006,-14406413823.621729,-2.654507,50.428666,-0.0978,-1.799759,0,0.143349,1.700456,0.301928,0.022984,0.377373
08-22-24,113.75,114.309998,112.860001,110.372742,2383100,109.830006,107.753355,103.31088,0.019248,0.082833,0.050227,TRUE,TRUE,4.442475,0.139997,10.138895,16.059583,53.13956,-3.043091,0.401289,0.133143,3.74028,7.118734,16.959305,58.203221,-2.171664,3.605295,327.154669,1.391094,0.022916,0.090243,3.216076,0.795531,-9.016391,0.57145,-115096000,-46.804616,-14416972646.637293,-2.743508,65.891816,-0.292949,-1.759521,0,0.136371,1.613391,0.300405,0.022916,0.165896
08-23-24,113.790001,116.919998,113.639999,113.672104,4583700,109.767044,107.931794,103.428215,-0.017397,0.085017,0.050676,TRUE,TRUE,4.503579,0.145218,45.304388,16.471734,60.558906,8.048105,0.687621,0.335581,8.407178,9.989602,19.191323,67.259124,-1.095645,3.655686,317.901117,1.42978,0.023651,0.090848,4.638859,1.552454,-9.016391,1.084023,-110512300,33.998889,-14421466616.505825,-2.642162,81.555311,2.707386,0.67567,0,0.210288,2.418487,0.301409,0.023651,1.228388
08-26-24,117.269997,117.550003,116.239998,113.633072,2829800,109.738736,108.129951,103.548643,-0.048325,0.087247,0.051123,TRUE,TRUE,4.581308,0.152006,41.254164,17.087444,60.436996,4.82582,0.901006,0.439172,7.36414,9.920894,20.35282,60.395031,-0.495767,3.579591,313.974492,1.423068,0.023384,0.089675,4.304013,1.325983,-9.016391,0.68208,-113342100,-36.013567,-14435559088.076252,-2.684738,81.124727,1.869631,-0.275449,0,0.188014,2.171768,0.299459,0.023384,1.240335
08-27-24,115.610001,115.959999,115.120003,112.930244,2554200,109.643073,108.344899,103.669765,-0.072549,0.089507,0.051568,TRUE,TRUE,4.675134,0.159231,43.86559,16.998154,58.166378,5.026817,1.001853,0.432016,7.093737,8.326524,19.316526,49.565974,-1.66596,3.456324,300.215838,1.420072,0.023053,0.087548,3.829918,1.000445,-9.016391,0.628848,-115896300,-40.539156,-14451430204.828295,-2.708814,73.85715,1.559992,-1.622803,0,0.157101,1.817111,0.295886,0.023053,1.094936
08-28-24,115.209999,116.120003,114.839996,112.578842,2103300,109.496164,108.53349,103.795125,-0.08969,0.09174,0.052009,TRUE,TRUE,4.738365,0.164887,31.939326,16.753655,57.013041,-3.545865,1.041416,0.377263,8.076316,8.697192,17.98544,45.729706,-2.543503,3.346358,276.186412,1.419839,0.023052,0.087571,3.568699,1.008902,-9.016391,0.535877,-117999600,-56.527221,-14460964538.834959,-2.798576,67.814765,1.177478,-1.084616,0,0.157749,1.824924,0.295924,0.023052,1.116158
08-29-24,115.940002,116.980003,115.18,113.164505,2781100,109.540578,108.733209,103.91882,-0.098436,0.093918,0.052446,TRUE,TRUE,4.814389,0.16845,36.178072,16.901185,58.490316,-1.946681,1.107264,0.354489,7.325783,8.713045,17.029251,52.123403,0.791158,3.426888,281.554448,1.404962,0.023357,0.091789,3.257688,1.400212,-9.016391,0.790707,-115218500,-74.568847,-14469973732.697546,-2.974177,68.562232,1.002368,-0.893223,0,0.193215,2.263395,0.302968,0.023357,1.287114
08-30-24,116.230003,116.709999,115.169998,113.720924,2058600,109.804137,108.952061,104.045297,-0.097484,0.096017,0.05288,TRUE,TRUE,4.906764,0.174414,50.389752,17.031732,59.900271,1.733893,1.190623,0.350278,6.633825,8.690704,17.091863,55.78433,4.860481,3.450292,295.149054,1.400035,0.02323,0.091465,2.767032,1.2891,-9.016391,0.715037,-113159900,-86.112123,-14475906438.585552,-3.100393,74.19173,0.846072,-0.537284,0,0.182256,2.142506,0.302431,0.02323,1.327054
09-03-24,115.300003,116.029999,112.830002,110.47036,7932800,110.072578,109.102973,104.131488,-0.089926,0.098012,0.053308,TRUE,TRUE,4.971485,0.173358,15.234193,15.839384,49.35359,-7.659451,0.983059,0.114172,3.955577,6.124877,13.891672,9.92821,5.108207,3.454571,273.768052,1.448612,0.023017,0.083857,2.531414,0.851384,-9.016391,2.708332,-121092700,14.432439,-14495538354.921532,-3.276502,59.370315,-1.595349,-2.377696,0,0.144786,1.638259,0.289581,0.023017,0.145299
09-04-24,112.790001,113.980003,112.400002,110.197037,2749200,110.26683,109.234362,104.215635,-0.075639,0.099856,0.053728,TRUE,TRUE,5.018727,0.169709,16.967544,14.95148,48.57906,-9.911256,0.787432,-0.065165,5.278608,6.327824,12.460516,-29.453625,3.654391,3.486559,259.068899,1.441743,0.023097,0.085252,2.217656,1.000257,-9.016391,0.958028,-123841900,-30.17018,-14505953863.48093,-3.427787,53.127878,-0.84423,-2.009309,0,0.158316,1.801053,0.29198,0.023097,-0.02694
09-05-24,113.279999,113.620003,112.019997,109.728493,3308600,110.488904,109.374146,104.304306,-0.055951,0.10159,0.054138,TRUE,TRUE,5.06984,0.164156,-1.722936,14.323497,47.211256,-12.689015,0.587812,-0.211827,3.684499,5.500636,15.31224,-41.437636,4.218437,3.339832,231.7289,1.441592,0.023115,0.085386,2.241056,1.004711,-9.016391,1.147176,-127150500,9.59258,-14518739514.609123,-3.504164,44.779721,-1.560711,-2.389398,0,0.158934,1.808395,0.292209,0.023115,-0.328147
09-06-24,112.389999,113.07,110.169998,107.844536,3164500,110.498178,109.475275,104.378432,-0.03502,0.103159,0.054536,FALSE,TRUE,5.096843,0.154486,-15.580275,14.611206,42.080715,-7.272875,0.27443,-0.420168,2.62108,2.883548,13.711965,-31.510309,0.17229,3.367314,230.570947,1.459413,0.022938,0.08207,2.506234,0.751946,-9.016391,1.083501,-130315000,29.985623,-14526979133.027788,-3.49956,38.913166,-1.498938,-3.171803,0,0.135458,1.519925,0.286479,0.022938,-1.150901
09-09-24,110.459999,111.050003,109.800003,107.580971,5370800,110.504523,109.561371,104.449451,-0.013875,0.104575,0.054921,FALSE,TRUE,5.111921,0.146867,-24.173738,15.037116,41.402841,-7.176219,0.004749,-0.551879,3.442528,2.717612,14.245615,-28.632675,0.118097,3.343037,229.704997,1.446844,0.022575,0.080989,2.831696,0.42647,-9.016391,1.739775,-135685800,163.01665,-14551418698.804155,-3.552625,32.06953,-2.919575,-4.879084,0,0.102566,1.160736,0.284586,0.022575,-1.272742
09-10-24,110.5,110.559998,108.730003,107.219788,9054000,110.558211,109.623454,104.524224,0.005857,0.105858,0.055293,FALSE,TRUE,5.09923,0.136763,-19.25477,15.875974,40.441412,-6.769843,-0.235406,-0.633627,3.560103,2.839309,14.306025,-17.122628,1.011588,3.38168,220.033108,1.441434,0.02262,0.081933,3.092679,0.546044,-9.016391,2.638796,-144739800,316.639823,-14575416454.879549,-3.442293,28.295419,-2.277545,-4.258385,0,0.113438,1.289137,0.286239,0.02262,-1.517237
09-11-24,109.330002,110.169998,107.529999,107.415016,3883800,110.530879,109.705645,104.597508,0.020976,0.107011,0.055653,FALSE,TRUE,5.108137,0.12417,-29.051679,17.105979,41.235742,-0.844973,-0.405304,-0.642821,4.155223,3.305192,14.537652,-1.14753,-0.506334,3.297961,223.736626,1.427,0.022883,0.085545,3.378362,0.861011,-9.016391,1.101564,-140856000,94.999247,-14579638565.140509,-3.354801,23.009794,-3.49322,-4.319677,0,0.142648,1.640304,0.292481,0.022883,-1.392648
09-12-24,110.599998,112.050003,109.900002,108.791382,3796300,110.598233,109.804431,104.675449,0.032425,0.108056,0.056002,FALSE,TRUE,5.128982,0.11518,-11.621291,17.040475,46.638994,5.236154,-0.424002,-0.529214,3.857985,4.541144,16.005283,12.588648,1.253744,3.357166,215.844158,1.43105,0.023002,0.085965,3.483723,0.920623,-9.016391,1.060751,-137059700,38.905964,-14587349888.342367,-3.253747,29.120984,-4.590725,-3.530382,0,0.148347,1.701216,0.293198,0.023002,-0.837109
09-13-24,112.68,114.410004,112.68,111.622208,2583400,110.680717,109.96081,104.768753,0.043237,0.109082,0.056343,TRUE,TRUE,5.192057,0.110567,-15.601733,15.883279,55.667713,15.226301,-0.207998,-0.250568,7.613397,8.925919,19.724178,40.84039,1.500085,3.212601,216.478363,1.467022,0.023475,0.085078,3.518447,1.362208,-9.016391,0.735563,-134476300,-34.066663,-14593092474.775301,-3.198518,26.37543,-2.563757,-0.1933,0,0.194141,2.169041,0.291681,0.023475,0.434912
09-16-24,114.580002,115.040001,113.989998,112.081001,2216100,110.770035,110.142177,104.866769,0.054116,0.11001,0.056677,TRUE,TRUE,5.275409,0.105559,-11.447078,15.095099,56.939375,15.703633,0.000206,-0.033892,9.686668,8.971491,18.178921,48.158733,1.619627,3.170128,218.477582,1.465758,0.023608,0.086194,3.539432,1.50759,-9.016391,0.630272,-132260200,3.706304,-14603366698.641432,-3.222235,25.44181,-1.405601,-0.818673,0,0.208049,2.327524,0.293588,0.023608,0.600046
09-17-24,115.68,116.93,115.379997,112.949768,3526400,110.856424,110.32745,104.967678,0.064284,0.110876,0.057002,TRUE,TRUE,5.359772,0.101706,0.142253,15.148419,59.319025,12.680031,0.232629,0.158825,9.501278,10.169295,20.229656,57.352028,1.553448,3.305239,223.711955,1.46794,0.023707,0.086632,3.539194,1.619376,-9.016391,0.980742,-128733800,82.195815,-14617951090.03746,-3.22383,31.63882,-1.483216,0.554806,0,0.219355,2.450627,0.294333,0.023707,0.935732
09-18-24,115.769997,118.540001,115.209999,113.096184,4473300,111.014071,110.528926,105.067771,0.072822,0.111711,0.057318,TRUE,TRUE,5.461154,0.098728,3.8266,15.773985,59.723004,4.055291,0.423755,0.279961,9.612107,9.555692,21.142563,50.555712,2.867788,3.452567,228.006178,1.466373,0.023591,0.085933,3.532055,1.521289,-9.016391,1.210787,-124260500,79.261842,-14628103504.041172,-3.11187,38.394293,-0.936695,0.436473,0,0.210151,2.349672,0.293144,0.023591,0.913183
09-19-24,118.389999,118.709999,116.870003,115.302284,3381600,111.218573,110.752463,105.165307,0.082545,0.112566,0.057628,TRUE,TRUE,5.587156,0.097334,14.120025,16.413455,65.312392,8.373018,0.744655,0.480688,12.185406,9.87624,23.760795,69.519546,3.677698,3.461631,247.394885,1.478233,0.024144,0.088516,4.650093,2.011633,-9.016391,0.904962,-120878900,33.249271,-14637247503.444088,-3.088712,39.115792,0.232489,0.427175,0,0.259797,2.883872,0.297516,0.024144,1.650685
09-20-24,117.629997,117.75,116.75,114.160179,3733700,111.407945,110.883657,105.250895,0.091135,0.113338,0.057929,TRUE,TRUE,5.632762,0.093452,2.793222,16.934838,60.622062,1.303038,0.896477,0.506009,10.916149,7.536068,23.53031,59.303937,3.431497,3.427576,254.959664,1.486139,0.023968,0.08633,4.643176,1.816131,-9.016391,0.981452,-124612600,56.67408,-14660320431.747616,-3.198359,34.380571,-1.136513,-1.747909,0,0.241316,2.661648,0.293819,0.023968,1.079478
09-23-24,117.269997,117.779999,116.449997,114.150421,2678300,111.431861,110.993961,105.343783,0.0967,0.114121,0.058222,TRUE,TRUE,5.650178,0.08975,29.476022,17.229752,60.582032,0.859028,1.004432,0.491171,10.154473,8.903753,25.360587,59.216656,0.420787,3.454139,257.407866,1.485857,0.023879,0.085719,4.513975,1.730404,-9.016391,0.72211,-127290900,-41.569038,-14672260303.779327,-3.380889,37.713496,-0.583901,-1.147846,0,0.232887,2.568529,0.292779,0.023879,1.056129
09-24-24,117.449997,117.629997,116.5,114.17971,2792400,111.459193,111.075177,105.437834,0.099706,0.114905,0.058509,TRUE,TRUE,5.637342,0.086914,32.535796,17.503601,60.66599,-4.646403,1.079902,0.453312,11.135392,9.164675,25.818307,59.478635,0.481056,3.451372,260.143831,1.483628,0.023755,0.085118,4.363869,1.592623,-9.016391,0.753253,-124498500,-1.321648,-14686520301.054344,-3.384854,37.615422,0.097301,-1.049028,0,0.218773,2.416073,0.29175,0.023755,1.045774
09-25-24,116.330002,116.480003,114.809998,112.704109,3450600,111.447886,111.048398,105.519139,0.098452,0.11556,0.058788,TRUE,TRUE,5.529259,0.079727,22.460949,16.696574,54.38159,-6.240473,1.009012,0.305938,9.647047,7.91445,23.615462,46.280056,-0.200243,3.425408,259.519203,1.490635,0.037266,0.105772,4.211517,1.493875,-9.016391,0.919684,-127949100,35.095137,-14698673359.938446,-3.294871,37.456071,-1.176804,-2.317493,0,0.189778,2.110069,0.325226,0.037266,0.484058
09-26-24,116.190002,116.75,115.410004,113.429657,2345600,111.490427,111.046673,105.601026,0.092772,0.116105,0.05906,TRUE,TRUE,5.445647,0.074134,46.197939,16.085736,56.753774,-3.828258,0.999852,0.237422,9.831395,6.060851,26.247273,52.76975,0.75575,3.447854,262.154607,1.491195,0.037355,0.106112,3.864851,1.51365,-9.016391,0.623158,-125603500,11.519992,-14707951965.709473,-3.280869,42.444532,-0.834418,-3.696372,0,0.197275,2.210814,0.325748,0.037355,0.739728
09-27-24,116.870003,117.830002,116.150002,114.282654,4658800,111.546334,111.096953,105.684566,0.085593,0.116541,0.059324,TRUE,TRUE,5.412387,0.069323,52.85665,16.055197,59.425129,-1.240861,1.049326,0.229517,9.765102,6.316983,25.949374,60.399417,0.988074,3.496802,267.059084,1.492899,0.037522,0.106727,3.433624,1.653524,-9.016391,1.207587,-120944700,67.51645,-14722967429.953505,-3.27887,51.850077,-1.113646,-3.059737,0,0.212021,2.373909,0.32669,0.037522,1.024612
09-30-24,116.199997,117.239998,115.82,114.674843,3630500,111.59403,111.1705,105.770744,0.080241,0.116875,0.059582,TRUE,TRUE,5.399757,0.063234,58.655112,15.810308,60.629302,6.247713,1.107415,0.230085,11.005607,7.783861,24.838081,63.907369,0.838824,3.483492,271.954214,1.488001,0.037616,0.107966,2.88116,1.855419,-9.016391,0.922258,-117314200,76.357719,-14732453560.013357,-3.25854,57.272905,,-1.585888,0,0.230364,2.589278,0.328582,0.037616,1.132842
10-01-24,116.519997,116.669998,114.639999,113.194344,5628000,111.730229,111.18203,105.833174,0.078381,0.11706,0.059833,TRUE,TRUE,5.348855,0.055211,41.294907,14.845389,54.101879,-2.651895,1.022204,0.115899,8.995731,8.282995,24.075475,37.393223,2.465805,3.470986,272.850107,1.498865,0.0373,0.104664,2.2798,1.498666,-9.016391,1.472799,-122942200,-29.054054,-14746097477.119747,-3.278458,54.977419,-1.730889,-1.894473,0,0.196965,2.194192,0.323518,0.0373,0.5366
10-02-24,115.019997,115.860001,114.699997,112.674698,2997500,111.854112,111.165596,105.878742,0.078866,0.117026,0.060074,TRUE,TRUE,5.286854,0.044682,29.556691,13.949392,51.986288,-7.438841,0.902341,-0.003171,8.546379,7.098355,25.32608,-0.087934,2.248392,3.362151,271.141879,1.497413,0.037306,0.104902,1.814064,1.532118,-9.016391,0.78188,-125939700,9.031718,-14759561899.194937,-3.307606,48.182705,-0.634339,-2.950473,0,0.19989,2.229195,0.323886,0.037306,0.302641
10-03-24,114.18,114.559998,113.529999,111.831497,3157600,111.959262,111.174076,105.924493,0.081972,0.11677,0.060307,TRUE,TRUE,5.249583,0.034104,1.876883,13.485502,48.661146,-11.968156,0.730884,-0.139702,8.560977,7.198714,26.345356,-32.789604,1.916553,3.149048,266.502856,1.497085,0.036935,0.102844,1.791764,1.210982,-9.016391,0.825266,-129097300,-4.563864,-14773133470.00469,-3.324403,42.42007,-1.13609,-2.941343,0,0.169611,1.890219,0.320693,0.036935,-0.047941
10-04-24,115.790001,116.150002,114.769997,113.517899,2531300,112.242931,111.187977,105.979403,0.087066,0.11637,0.06053,TRUE,TRUE,5.208574,0.031753,11.607992,12.929826,54.877417,0.775538,0.72275,-0.118269,9.48222,8.45125,27.998886,-0.233595,5.260686,3.158941,250.088601,1.448497,0.03653,0.107585,1.680469,0.91745,-9.016391,0.667097,-126566000,-20.00948,-14780258139.083637,-3.337449,42.813723,-0.925422,-1.484567,0,0.137926,1.593739,0.328001,0.03653,0.509807
10-07-24,115.349998,115.349998,113.860001,112.439384,2889600,112.485851,111.138138,106.018523,0.093107,0.115737,0.060745,TRUE,TRUE,5.119615,0.029059,-4.05444,12.128664,50.653254,-1.333034,0.622106,-0.175131,9.14074,6.64793,26.948909,-21.054329,4.516053,2.997589,224.73224,1.450238,0.036208,0.10547,1.722496,0.567588,-9.016391,0.787263,-129455600,-46.197959,-14788657830.777826,-3.231753,36.124886,-1.353462,-3.077628,0,0.105507,1.216561,0.324762,0.036208,-0.020677
10-08-24,114.830002,115.010002,114.099998,112.311928,3522500,112.740458,111.100392,106.066106,0.100654,0.11486,0.060953,TRUE,TRUE,5.034286,0.028459,-6.239454,11.384729,50.161846,1.5007,0.525997,-0.216992,7.862161,6.037915,26.020633,-23.514882,4.749254,2.808948,187.730251,1.440337,0.035934,0.105361,1.784923,0.299783,-9.016391,1.037902,-132978100,-61.094544,-14806023085.984238,-3.397404,27.421799,-0.938398,-3.142994,0,0.080259,0.932011,0.324594,0.035934,-0.228269
10-09-24,114.419998,115.720001,114.190002,112.625671,3033500,113.000991,111.056035,106.106724,0.108209,0.113794,0.061153,TRUE,TRUE,4.949311,0.034902,-25.069081,10.883023,51.411431,-3.465986,0.469731,-0.218606,4.67021,9.594799,25.31198,-21.030855,4.850956,2.661233,140.030684,1.364701,0.035063,0.111983,1.413207,-0.320304,-9.016391,0.905158,-129944600,-21.893506,-14815259725.906448,-3.515317,26.76245,-4.073689,-1.119125,0,0.02347,0.289059,0.334639,0.035063,-0.268027
10-10-24,113.919998,114.129997,113.139999,111.860909,2777500,113.154467,110.982913,106.140755,0.115305,0.112524,0.061347,TRUE,TRUE,4.842158,0.039277,-22.323869,10.441606,48.236624,-2.41663,0.359288,-0.263239,2.969303,8.389007,23.122929,-27.272712,2.82148,2.619187,103.527785,1.366201,0.034984,0.111265,1.553338,-0.36194,-9.016391,0.841562,-132722100,-26.836657,-14825214362.449785,-3.603559,27.369217,-5.40432,-3.12549,0,0.019236,0.236565,0.333564,0.034984,-1.24948
10-11-24,114.349998,116.330002,114.239998,113.929688,2641000,113.269841,111.015982,106.179118,0.121509,0.11117,0.061538,TRUE,TRUE,4.836864,0.044174,-1.786069,10.585329,56.12899,5.967144,0.433696,-0.151065,3.460572,12.083649,25.240005,16.837691,2.067223,2.624872,98.277607,1.372163,0.03555,0.113794,1.55823,0.293022,-9.016391,0.799506,-130081100,2.22962,-14828639599.880472,-3.565341,33.149997,-5.296868,-1.231423,0,0.07681,0.941235,0.337334,0.03555,0.67141
10-14-24,116.089996,117.089996,115.620003,114.704254,2132800,113.401004,111.141072,106.218784,0.127103,0.109773,0.061728,TRUE,TRUE,4.922288,0.048914,4.002958,11.078089,58.669851,7.25842,0.548838,-0.028738,0.579789,13.902853,28.509737,33.352963,2.340497,2.587266,99.077996,1.371187,0.014947,0.039527,1.575482,0.557543,-9.016391,0.646474,-127948300,-3.758856,-14833429702.085741,-3.486728,38.386279,100.579789,113.902853,,0.093792,1.104548,0.198813,0.014947,1.315378
10-15-24,116.650002,118.529999,116.620003,114.851318,2946500,113.496082,111.336068,106.260932,0.131463,0.10836,0.061916,TRUE,TRUE,5.075136,0.056435,18.234753,12.154169,59.153567,10.916943,0.644527,0.05356,1.176395,14.669077,30.183834,31.749892,1.683536,2.678824,103.543169,1.358933,0.014662,0.038721,1.608663,0.303307,-9.016391,0.901035,-125001800,-16.444533,-14841833206.663387,-3.423138,45.442854,-6.837342,0.093502,0,0.069504,0.818713,0.196775,0.014662,1.308862
10-16-24,118.059998,119.120003,117.860001,116.400459,2258600,113.661295,111.537837,106.318097,0.136703,0.107059,0.062105,TRUE,TRUE,5.21974,0.067861,23.579741,13.386851,63.941029,7.812039,0.83573,0.195811,4.144122,17.182999,29.623551,54.52271,2.921651,2.656844,121.611627,1.366134,0.014805,0.039064,2.711403,0.411854,-9.016391,0.714884,-122743200,-49.509311,-14849324369.263674,-3.501,45.398817,-5.021262,2.094098,0,0.079547,0.932087,0.197646,0.014805,2.252387
10-17-24,118.800003,118.800003,117.870003,116.204361,2002300,113.706399,111.756184,106.376803,0.141835,0.105796,0.062293,TRUE,TRUE,5.379381,0.075263,16.09192,14.531484,62.935455,4.265603,0.960365,0.256357,4.690995,16.74554,27.917285,51.243476,0.782358,2.538342,129.439049,1.343759,0.015008,0.0415,2.667825,0.747928,-9.016391,0.647903,-124745500,-40.788384,-14858498956.25515,-3.579622,37.095908,-5.244347,1.227253,0,0.10871,1.2965,0.203716,0.015008,1.929836
10-18-24,118.860001,118.989998,118.089996,115.841599,2238600,113.79047,111.919835,106.44761,0.147417,0.104554,0.062482,TRUE,TRUE,5.472225,0.084203,9.79427,15.676337,61.023555,1.869987,1.018132,0.251299,2.862527,15.388862,29.995254,45.177217,1.47286,2.535703,137.735997,1.335486,0.014734,0.040532,2.641358,0.439017,-9.016391,0.742321,-126984100,-40.043389,-14871922567.015968,-3.508371,43.961104,-6.710203,0.046921,0,0.080408,0.964769,0.201326,0.014734,1.489174
10-21-24,118.050003,118.129997,116.019997,113.802231,2679000,113.773061,112.046798,106.509286,0.149546,0.103288,0.062669,TRUE,TRUE,5.537512,0.093206,4.87421,15.245375,51.54367,-12.397359,0.889103,0.097816,0.269464,12.388415,29.719942,11.074098,-0.305028,2.597362,137.47689,1.334029,0.014088,0.037177,2.605909,-0.280296,-9.016391,0.888348,-129663100,0.026136,-14880233219.036131,-3.448158,47.351336,-9.219623,-1.984054,0,0.016059,0.192703,0.192813,0.014088,0.021218
10-22-24,115.769997,115.949997,115.160004,113.135513,1882700,113.720851,112.186588,106.568842,0.147839,0.101897,0.062853,TRUE,TRUE,5.617746,0.099937,3.651881,14.321379,48.870752,-14.064703,0.724694,-0.053274,1.551115,9.779236,30.48473,-0.075018,-0.914521,2.579972,137.833588,1.333637,0.014097,0.037245,2.573117,-0.270233,-9.016391,0.633858,-131545800,-32.577711,-14891765388.369568,-3.455043,48.773888,-8.526015,-3.724252,0,0.016974,0.20375,0.192989,0.014097,-0.42467
10-23-24,114.959999,115.339996,113.760002,112.419777,2531900,113.706634,112.27575,106.616625,0.142351,0.100279,0.063035,TRUE,TRUE,5.659126,0.106646,4.709587,13.900434,46.106556,-14.916999,0.53053,-0.197951,-0.357285,9.342719,30.841458,-12.043847,-0.252282,2.616677,139.078497,1.333902,0.013903,0.036219,2.521067,-0.507559,-9.016391,0.865817,-134077700,-26.624355,-14898592641.137648,-3.418253,49.590305,-9.966423,-4.426802,0,-0.004111,-0.049327,0.190313,0.013903,-0.925274
10-24-24,115.080002,115.339996,114.269997,112.733528,2965500,113.671828,112.381535,106.671746,0.133639,0.098461,0.063216,TRUE,TRUE,5.709789,0.115146,-7.054667,13.509557,47.50817,-4.0355,0.397389,-0.264873,-1.912285,10.536701,30.428507,-6.797174,-0.61371,2.520799,140.670131,1.332096,0.013817,0.035859,2.57422,-0.569299,-9.016391,1.003457,-131112200,26.428206,-14910074774.135145,-3.419684,50.163431,-10.482221,-3.107065,0,-0.009391,-0.112815,0.189366,0.013817,-0.667021
10-25-24,115.82,116.040001,114.260002,112.23349,2472600,113.56937,112.426754,106.722524,0.121067,0.096493,0.063395,FALSE,TRUE,5.704229,0.117488,-1.953461,12.702286,45.478162,-3.39259,0.248659,-0.330883,-1.721329,9.22351,31.438337,-15.159012,-1.793066,2.625863,143.422666,1.282728,0.01399,0.039657,2.591299,-0.104041,-9.016391,0.868806,-133584800,-46.926247,-14918177438.594143,-3.429581,57.521028,-10.00835,-3.552093,0,0.0316,0.395004,0.19914,0.01399,-0.931428
10-28-24,115.269997,116.550003,115.260002,113.929688,1852800,113.532112,112.499455,106.785129,0.105673,0.094406,0.063572,TRUE,TRUE,5.714325,0.116128,13.36028,11.951742,52.839635,6.733079,0.264608,-0.251947,-0.795694,10.08234,33.078115,13.205479,-0.649798,2.696228,141.352696,1.216205,0.014483,0.047279,2.481011,0.960442,-9.016391,0.672013,-131732000,-48.965707,-14923851642.018497,-3.471016,65.61721,-9.320724,-3.233515,0,0.11739,1.553231,0.217437,0.014483,0.281265
10-29-24,115.07,115.760002,114.800003,113.410049,2635300,113.542897,112.543216,106.846203,0.08967,0.092214,0.063747,TRUE,TRUE,5.697013,0.107936,6.369486,11.234427,50.586247,3.078077,0.232636,-0.227135,-1.823949,11.700698,33.847122,4.515885,0.190562,2.609211,141.163579,1.145074,-0.003094,0.00124,2.423978,1.62806,-9.016391,1.010679,-134367300,-53.175195,-14934118084.206705,-3.605443,57.530349,-8.934952,-2.799797,0,0.111144,1.525857,-0.03522,-0.003094,-0.094109
10-30-24,115.400002,117.389999,115.400002,113.547302,3674500,113.586527,112.615297,106.912956,0.07352,0.089983,0.06392,TRUE,TRUE,5.702341,0.101559,14.429518,11.262876,51.17848,5.700318,0.215884,-0.19511,1.132101,11.462174,33.157959,-3.968281,0.774446,2.76179,139.67966,1.137243,-0.003093,0.00124,2.284387,1.399495,-9.016391,1.391168,-130692800,22.585488,-14944634544.821352,-3.503432,66.472914,-7.575198,-2.819257,0,0.111305,1.541411,-0.035209,-0.003093,-0.028082
10-31-24,115.589996,115.989998,113.900002,111.694237,3061700,113.579664,112.624937,106.975196,0.056327,0.087655,0.064088,FALSE,TRUE,5.649741,0.090005,-19.48717,10.555363,43.583586,-9.256049,0.052476,-0.286814,2.991701,8.003582,29.923873,-38.540395,-0.122739,2.678021,140.617931,1.151178,-0.00297,0.001115,2.462566,1.229056,-9.016391,1.16127,-133754500,-3.037117,-14954158830.305765,-3.433049,58.300855,-6.479956,-4.200661,0,0.100107,1.369481,-0.033394,-0.00297,-1.340816
11-01-24,114.75,115.410004,114.07,112.057007,3325300,113.50662,112.658622,107.034595,0.040133,0.08528,0.064252,FALSE,TRUE,5.624028,0.08271,-23.936192,9.898386,45.295121,-5.291126,-0.047209,-0.309199,6.617839,7.545223,29.776467,-31.772297,-1.286926,2.704758,144.691005,1.116595,-0.003619,0.001759,2.62814,0.810257,-9.016391,1.242541,-130429200,31.367282,-14967474854.687302,-3.497796,50.614633,,-4.290889,0,0.066362,0.936272,-0.041935,-0.003619,-1.001868
11-04-24,114.139999,115.75,113.970001,112.753136,2654400,113.522307,112.640243,107.092481,0.026098,0.082827,0.064411,TRUE,TRUE,5.547762,0.075964,-18.07428,9.309276,48.522434,-2.656046,-0.06924,-0.264984,6.058729,7.083802,27.192019,-18.78482,0.27904,2.679649,143.63926,1.118267,-0.00348,0.001622,2.735309,1.001071,-9.016391,0.996228,-127774800,-8.139535,-14973758524.466307,-3.473525,50.132239,-5.024932,-3.196895,0,0.08031,1.131274,-0.040271,-0.00348,-0.535488
11-05-24,114.779999,117.370003,114.589996,115.076828,2090300,113.660552,112.669118,107.151852,0.0165,0.080475,0.064569,TRUE,TRUE,5.517266,0.070517,-10.688913,9.690778,57.529377,13.945791,0.099654,-0.076872,9.298204,8.928444,26.286192,25.178335,2.461805,2.647152,144.67847,1.13347,-0.002816,0.001034,2.604339,1.752836,-9.016391,0.806182,-125684500,-40.658623,-14975116722.39183,-3.26078,49.84066,-2.587396,-1.851053,0,0.136911,1.902131,-0.03215,-0.002816,0.978913
11-06-24,123.720001,124.660004,122.18,121.969482,7114400,114.127743,112.849903,107.248304,0.016306,0.078639,0.064731,TRUE,TRUE,5.601598,0.078949,30.215881,12.425357,72.756432,27.461312,0.780684,0.483326,13.292364,15.836742,35.213589,75.316322,8.296342,2.918251,233.25222,1.348181,-0.001643,0.000249,6.924743,2.313436,-9.016391,2.543687,-118570100,134.527773,-14983438950.135101,-3.006545,61.460748,1.971268,3.597583,0,0.211248,2.466614,-0.015774,-0.001643,3.361914
11-07-24,124.089996,124.769997,123.099998,121.116478,5039900,114.590521,113.020656,107.344468,0.023452,0.077234,0.064897,TRUE,TRUE,5.676188,0.084328,26.953886,14.988037,69.43843,20.915996,1.237312,0.751963,12.714648,13.661777,35.254074,66.816344,8.274177,2.939681,274.142817,1.350393,-0.001704,0.000267,6.795883,2.266513,-9.016391,1.731921,-123610000,81.454545,-15000451012.97123,-3.010934,64.132917,0.989204,1.180805,0,0.207428,2.418054,-0.016328,-0.001704,2.380495
11-08-24,123.82,124.639999,123.330002,121.822418,5808200,114.985158,113.193814,107.440379,0.035898,0.076295,0.065066,TRUE,TRUE,5.753435,0.09439,43.978553,17.367668,70.632088,13.102711,1.637283,0.921547,14.768703,14.9327,37.332804,73.228157,6.927721,2.995065,317.508402,1.321783,-0.00228,0.000498,6.556091,1.96124,-9.016391,1.89293,-117801800,119.924271,-15019627706.849066,-3.112213,72.354212,3.578057,2.362791,0,0.176482,2.102042,-0.022316,-0.00228,2.153411
11-11-24,125.669998,126.730003,125.510002,123.793144,4364300,115.439602,113.395258,107.545416,0.054328,0.075937,0.065239,TRUE,TRUE,5.849842,0.10757,54.540972,20.027759,73.718139,0.961706,2.0892,1.098772,14.663985,16.439398,41.467,77.356524,7.92376,3.106627,373.400684,1.334717,-0.002037,0.00039,7.452916,2.204845,-9.016391,1.372447,-113437500,104.627719,-15036275409.275461,-3.189458,77.586059,4.244058,3.266475,0,0.19932,2.350966,-0.019746,-0.002037,2.237152
11-12-24,125.5,126.330002,123.910004,121.891045,4386800,115.791589,113.623672,107.634883,0.076221,0.076059,0.065415,TRUE,TRUE,5.988789,0.118453,45.695404,21.488729,66.459144,-2.979286,2.267724,1.021837,13.445793,13.518332,37.846012,62.284037,6.129426,3.174583,399.80948,1.350602,-0.002552,0.000598,7.048789,1.713212,-9.016391,1.348973,-117824300,48.881724,-15047981859.062027,-3.169611,74.34914,2.909844,-0.498802,0,0.158244,1.84468,-0.024452,-0.002552,1.525591
11-13-24,125.040001,125.440002,123.129997,120.861557,5180300,116.014643,113.836962,107.72182,0.100458,0.076571,0.065593,TRUE,TRUE,6.115142,0.124888,37.905817,22.385999,62.851762,-7.780326,2.299626,0.842991,9.901592,12.072281,36.681769,54.259973,3.832543,3.238782,415.520767,1.346148,-0.002596,0.000623,6.662199,1.778852,-9.016391,1.524496,-123004600,129.358895,-15063336336.220133,-3.14905,65.628073,0.35583,-2.323807,0,0.163383,1.910909,-0.024958,-0.002596,1.166467
11-14-24,123.5,124.07,121.279999,119.30262,2868100,116.169556,114.028445,107.814102,0.124081,0.077434,0.065772,TRUE,TRUE,6.214343,0.130312,31.416129,22.216822,57.740695,-15.977443,2.174054,0.573935,8.167197,11.097626,27.962913,42.109257,2.666216,3.275234,421.990334,1.352722,-0.003036,0.000843,6.252719,1.292176,-9.016391,0.833428,-125872700,43.240274,-15070269897.442312,-3.076876,60.615362,-1.485895,-3.440795,0,0.121276,1.411689,-0.029036,-0.003036,0.742449
11-15-24,121.910004,122.080002,120.160004,118.175087,3511500,116.286231,114.235056,107.89517,0.146995,0.078583,0.065952,TRUE,TRUE,6.339886,0.132015,19.356281,21.512015,54.301244,-12.1579,1.96095,0.288665,6.251546,10.067587,26.569717,33.321004,2.014379,3.213454,424.255657,1.355043,-0.003023,0.000833,6.002753,1.252817,-9.016391,1.001862,-129384200,56.861431,-15081041857.435637,-2.983178,55.549887,-2.462557,-2.946788,0,0.118053,1.371812,-0.028866,-0.003023,0.445216
11-18-24,120.589996,121.43,120.360001,118.23391,3288300,116.507815,114.448115,107.978763,0.169046,0.079988,0.066131,TRUE,TRUE,6.469352,0.138973,22.465697,20.857551,54.45367,-8.398092,1.776334,0.083239,7.540859,10.292209,28.523134,33.779481,3.894193,3.297919,422.16712,1.301739,-0.003771,0.001404,5.696365,0.706669,-9.016391,0.930096,-126095900,22.743561,-15097397871.530056,-3.071254,54.794609,-1.777527,,0,0.067027,0.811006,-0.037472,-0.003771,0.408865
11-19-24,119.129997,120.959999,119.080002,118.498642,3856900,116.775971,114.673692,108.071679,0.189991,0.081606,0.06631,TRUE,TRUE,6.602013,0.146045,22.9233,19.623306,55.17826,-2.562436,1.632566,-0.048423,6.551804,10.599367,27.391287,35.842867,4.740447,3.214971,416.615729,1.301802,-0.003726,0.001371,5.37235,0.759119,-9.016391,1.061294,-122239000,104.860041,-15103640144.011438,-2.915052,48.296169,-2.510623,-2.712657,0,0.071461,0.864598,-0.037023,-0.003726,0.413492
11-20-24,120.57,121.019997,119.690002,118.65551,3135900,117.087758,114.898502,108.162568,0.210571,0.08347,0.06649,TRUE,TRUE,6.735934,0.151913,34.975303,18.504258,55.628716,1.327472,1.513837,-0.133722,7.50436,11.525324,27.071101,36.720282,5.546829,3.215456,405.48378,1.298597,-0.003636,0.001312,4.823846,0.913977,-9.016391,0.855786,-119103100,23.855603,-15111654358.523987,-2.907224,53.578115,-1.837832,-2.226889,0,0.084353,1.023063,-0.036221,-0.003636,0.386637
11-21-24,121.550003,123.360001,121.309998,120.577217,3650800,117.479942,115.134218,108.264519,0.23112,0.085631,0.066672,TRUE,TRUE,6.869699,0.160017,39.698434,18.436152,60.823074,6.369404,1.556862,-0.072557,6.074589,14.992469,30.685697,51.78068,6.957725,3.22278,399.033912,1.312321,-0.003128,0.000952,4.163127,1.293672,-9.016391,0.987072,-115452300,23.109088,-15117915139.897871,-2.809705,59.481927,-3.781263,-1.124939,0,0.117964,1.41548,-0.030851,-0.003128,0.776193
11-22-24,123.510002,125.360001,123.269997,122.606789,3141900,117.998607,115.35391,108.369783,0.251735,0.08818,0.066857,TRUE,TRUE,6.984127,0.171997,43.225784,19.051732,65.426443,10.248183,1.734733,0.084251,7.897099,15.842793,32.178789,66.036142,9.242605,3.232921,394.643306,1.326799,-0.002922,0.000812,3.422912,1.511466,-9.016391,0.841863,-112310400,27.068673,-15123051039.213053,-2.744764,59.977267,-1.9641,-0.05474,0,0.137981,1.637494,-0.028501,-0.002922,1.167683
11-25-24,126.5,128.610001,126.32,124.891258,5004800,118.546686,115.610115,108.480311,0.27293,0.091258,0.067049,TRUE,TRUE,7.129805,0.18814,43.127929,20.497933,69.73691,14.108194,2.036558,0.308861,10.591506,18.436577,33.998937,60.978564,9.621347,3.253075,410.940559,1.344618,-0.002746,0.000698,3.59925,1.761312,-9.016391,1.286687,-107305600,170.120898,-15134300871.85552,-2.705225,62.09418,0.3946,2.141654,0,0.161468,1.890737,-0.026423,-0.002746,1.543915
11-26-24,126.629997,126.830002,125.480003,123.685287,4767700,119.060448,115.824826,108.575646,0.294094,0.09477,0.067247,TRUE,TRUE,7.24918,0.196175,10.051659,21.396714,65.121198,4.298124,2.153619,0.340737,9.865482,18.738566,33.050163,48.324095,9.060254,2.843325,407.558998,1.293723,-0.00274,0.000751,3.553909,2.217683,-9.016391,1.193029,-112073300,80.916784,-15151745129.750257,-2.722857,52.241974,-0.85908,0.375295,0,0.193603,2.35631,-0.027412,-0.00274,1.134766
11-27-24,126.830002,127.870003,126.110001,123.753929,2964300,119.570779,116.03798,108.690135,0.314941,0.098749,0.067451,TRUE,TRUE,7.347845,0.203126,16.195082,22.499793,65.262131,-0.164311,2.226267,0.330708,9.357549,17.368846,33.820095,49.044364,8.988877,2.921642,398.697533,1.292551,-0.002699,0.00073,3.469437,2.281697,-9.016391,0.748411,-109109000,-19.3278,-15162645900.418306,-2.75212,50.530973,-1.264566,-0.248365,0,0.198817,2.421943,-0.027024,-0.002699,1.049204
11-29-24,127.010002,127.5,126.309998,124.057854,1940500,120.18896,116.213092,108.79669,0.335512,0.103159,0.06766,TRUE,TRUE,7.416402,0.209028,14.073955,23.52408,65.918777,-3.818133,2.282059,0.3092,9.089734,16.326556,33.729193,52.2335,11.069163,2.927298,364.528855,1.289936,-0.002606,0.000684,3.411381,2.423904,-9.016391,0.496961,-107168500,-36.620178,-15171931402.425026,-2.788574,46.893657,-1.653821,-0.826563,0,0.210362,2.567747,-0.026154,-0.002606,1.061341
12-02-24,126.550003,127.190002,125.559998,124.351997,6416300,120.803709,116.416928,108.891916,0.353772,0.107845,0.067874,TRUE,TRUE,7.525012,0.211422,3.933672,24.036615,66.577266,1.456068,2.323228,0.280296,12.565939,17.018571,33.600558,55.320002,10.972085,2.818391,321.278961,1.264811,-0.002463,0.000636,3.405234,2.8808,-9.016391,1.58065,-100752200,92.954019,-15187857970.347029,-2.714559,36.871435,0.953667,-0.789216,0,0.243723,3.034092,-0.025211,-0.002463,1.104426
12-03-24,126.709999,127.07,125.510002,123.430374,3030500,121.337571,116.602527,108.988449,0.368934,0.112706,0.068094,TRUE,TRUE,7.614078,0.210941,11.638282,24.482563,62.502442,-2.759689,2.255488,0.170045,12.008796,17.921301,28.84829,45.649243,9.469571,2.849918,264.083105,1.269688,-0.00248,0.000639,3.358742,2.766224,-9.016391,0.743118,-103782700,14.168927,-15198968370.974009,-2.761221,37.802393,0.367714,-0.555383,0,0.235226,2.917047,-0.025276,-0.00248,0.792479
12-04-24,125.900002,126.580002,125.410004,123.861778,4264700,121.776819,116.796169,109.092278,0.380801,0.117683,0.06832,TRUE,TRUE,7.70389,0.209675,23.757826,24.832738,63.624731,-2.294046,2.211126,0.100546,12.880233,17.039304,27.636346,50.176044,7.633987,2.816964,224.571791,1.267528,-0.002393,0.000597,3.253622,2.913971,-9.016391,1.018605,-99518000,104.023346,-15214519784.151363,-2.859019,38.41403,1.015332,-0.693145,0,0.246984,3.068049,-0.02444,-0.002393,0.928416
12-05-24,125.940002,126.169998,124.389999,122.077324,2987300,121.782211,116.983633,109.188737,0.387917,0.122486,0.068551,TRUE,TRUE,7.794896,0.204889,21.586532,24.509501,56.139944,-10.437322,2.008822,-0.081407,13.197505,16.164502,27.732462,31.451442,0.088417,2.805467,224.633423,1.286146,-0.002664,0.000718,3.085188,2.537966,-9.016391,0.750493,-102505300,-58.010514,-15225269623.687943,-3.03773,38.279907,0.286348,-1.398615,0,0.21904,2.681614,-0.0268,-0.002664,0.131375
12-06-24,125.360001,125.489998,124.120003,122.087128,3519600,121.830743,117.156782,109.283984,0.391523,0.127123,0.068787,TRUE,TRUE,7.872799,0.201638,33.33329,24.040856,56.17045,-6.331992,1.828211,-0.209614,13.483943,17.390659,28.014754,31.554315,0.801418,2.842411,224.167463,1.278846,-0.002977,0.000907,2.795147,2.289022,-9.016391,0.901436,-98985700,-30.165281,-15239234380.718149,-3.057848,38.195461,1.873651,-1.320393,0,0.196935,2.424945,-0.030117,-0.002977,0.114372
12-09-24,125.139999,125.970001,124.300003,121.940071,2767200,121.836626,117.309931,109.376944,0.390557,0.131656,0.069026,TRUE,TRUE,7.932987,0.202204,31.343413,23.817742,55.546349,-8.078382,1.654141,-0.306947,13.729074,17.777946,26.43734,30.011224,0.096577,2.882622,224.180601,1.239889,-0.003476,0.001315,2.486381,1.779995,-9.016391,0.737451,-101752900,-52.357012,-15249822432.024284,-3.067312,43.875088,2.056068,-0.414137,0,0.14999,1.90527,-0.036269,-0.003476,0.046144
12-10-24,124.519997,124.919998,123.290001,121.508667,3667600,121.722402,117.446607,109.467602,0.384831,0.136094,0.069269,TRUE,TRUE,7.979006,0.202268,25.102278,22.956088,53.662681,-2.477262,1.464497,-0.397273,13.120745,17.821164,25.199055,20.38862,-1.845399,2.907779,219.457275,1.241142,-0.003594,0.001403,2.198787,1.615163,-9.016391,0.986564,-105420500,-15.963614,-15261506266.755405,-3.029292,43.936668,2.857304,-0.875713,0,0.136784,1.735837,-0.037456,-0.003594,-0.097393
12-11-24,125.040001,125.349998,124.18,122.2342,3558500,121.73956,117.627404,109.557523,0.37546,0.140383,0.069516,TRUE,TRUE,8.069881,0.204469,28.493415,22.367621,56.344009,0.173559,1.357103,-0.403733,12.35651,16.691207,25.272501,12.660296,0.281526,2.967653,219.730037,1.239815,-0.003576,0.001392,1.837741,1.578902,-9.016391,0.968,-101862000,-18.881645,-15276900908.492823,-3.113583,44.504845,2.558501,-2.383318,0,0.133848,1.70038,-0.037315,-0.003576,0.225112
12-12-24,124.389999,124.690002,123.550003,121.253738,2990300,121.759169,117.798985,109.645937,0.360947,0.144417,0.069767,TRUE,TRUE,8.153049,0.204796,5.822813,21.408929,51.967675,-3.578673,1.179284,-0.465242,8.628687,16.89902,24.440338,-37.757617,0.324488,2.859183,219.079285,1.245758,-0.003628,0.001419,1.769448,1.373485,-9.016391,0.838409,-104852300,-42.275544,-15291937741.57095,-3.204721,38.059406,0.298011,-2.456635,0,0.117936,1.491111,-0.037673,-0.003628,-0.230707
12-13-24,123.639999,123.709999,122.120003,120.430153,2926400,121.815546,117.970958,109.727614,0.341047,0.148239,0.070022,TRUE,TRUE,8.243344,0.207058,-20.904114,20.092959,48.555993,-5.106688,0.960829,-0.546958,7.449212,17.857461,19.583302,-26.037757,0.945103,2.740748,213.812482,1.226503,-0.004228,0.001988,1.950211,0.827746,-9.016391,0.819823,-107778700,2.032705,-15301084503.83655,-3.233105,32.114803,0.256707,-1.225125,0,0.072314,0.928927,-0.044582,-0.004228,-0.647948
12-16-24,122.540001,123.779999,122.300003,120.861557,4468700,121.949869,118.117831,109.808782,0.316418,0.151787,0.07028,TRUE,TRUE,8.30905,0.207807,-47.079193,18.828763,50.393113,-5.950895,0.813138,-0.555718,7.004697,17.171511,16.705396,-21.886013,2.273296,2.574152,197.559153,1.21889,-0.004021,0.00182,1.770117,1.125679,-9.016391,1.235331,-103310000,27.259006,-15314239693.562613,-3.223271,31.169418,0.020898,-1.563917,0,0.095471,1.233929,-0.042658,-0.004021,-0.550879
12-17-24,121.470001,121.889999,120.25,119.157471,4515200,121.996047,118.252193,109.884096,0.28743,0.154865,0.070541,TRUE,TRUE,8.368098,0.205373,-49.989555,18.723548,43.747329,-8.220346,0.552222,-0.653308,5.359409,15.486668,16.046115,-14.33765,0.78113,2.593057,189.323951,1.234379,-0.004242,0.001974,2.087866,0.81118,-9.016391,1.227372,-107825200,37.311073,-15324770735.16888,-3.090351,31.439825,-1.984925,-3.181208,0,0.071351,0.910702,-0.044433,-0.004242,-1.499322
12-18-24,121.230003,121.440002,114.790001,114.308434,5755000,121.786537,118.292123,109.937443,0.251431,0.15726,0.070799,FALSE,TRUE,8.35468,0.194761,-68.258053,20.428643,31.156129,-17.399864,-0.045311,-1.000673,-0.861952,11.218421,11.481207,-3.788886,-3.536081,2.857106,245.048255,1.34558,-0.003971,0.001456,3.000365,-0.061057,-9.016391,1.525045,-113580200,49.213099,-15331359244.838705,-3.017218,24.247002,-4.59397,-4.912598,0,0.00222,0.025993,-0.038158,-0.003971,-3.051686
12-19-24,116.400002,117.370003,114.830002,113.892799,6162000,121.548401,118.317466,109.98687,0.209418,0.158916,0.071054,FALSE,TRUE,8.330596,0.18096,-72.869702,22.011946,30.349801,-20.043312,-0.546103,-1.201172,-0.234215,10.656367,8.868091,-7.235495,-4.013898,2.824604,295.105708,1.335641,-0.003819,0.001367,3.748514,0.122462,-9.016391,1.56995,-119742200,96.498613,-15342068519.986412,-2.935238,19.112702,-3.296918,-4.828136,0,0.018182,0.214422,-0.036969,-0.003819,-2.59419
12-20-24,114.620003,117.18,114.129997,114.625107,5225400,121.250796,118.37275,110.035886,0.162638,0.159826,0.071306,FALSE,TRUE,8.336864,0.169522,-67.605154,23.66026,33.609956,-10.137374,-0.873821,-1.223111,0.415842,10.612541,11.508084,3.826194,-4.936347,2.81622,332.995532,1.335635,-0.003808,0.001359,4.002424,0.122307,-9.016391,1.305144,-114516800,43.130273,-15345597432.841303,-2.843402,19.689483,-3.170784,-4.097604,0,0.018199,0.21462,-0.036861,-0.003808,-1.989723
12-23-24,115.559998,115.940002,114.639999,114.427185,3856400,120.841816,118.3827,110.084348,0.112534,0.16013,0.071556,FALSE,TRUE,8.298352,0.15914,-65.889401,25.190838,33.158212,2.002083,-1.13641,-1.188561,0.216741,11.376268,9.497636,2.38705,-6.671412,2.733506,364.230333,1.332449,-0.003964,0.00148,4.489428,-0.061007,-9.016391,0.954692,-118373200,22.741017,-15350716440.933138,-2.818046,19.505771,-4.008375,-4.353311,0,0.002322,0.027452,-0.038468,-0.003964,-1.761147
12-24-24,115.75,116.690002,115.129997,115.387093,1342800,120.366607,118.396357,110.139986,0.060021,0.160065,0.071804,FALSE,TRUE,8.256371,0.150988,-59.712018,26.081378,37.542782,7.192981,-1.252618,-1.043815,2.380555,12.257255,9.835279,10.44099,-7.609953,2.655869,370.561917,1.336077,-0.003858,0.001394,3.876608,0.037321,-9.016391,0.348208,-117030400,-73.169757,-15351616642.894278,-2.817657,23.064274,-2.380219,-3.842669,0,0.010911,0.128638,-0.03734,-0.003858,-1.343774
12-26-24,115.989998,117.580002,115.550003,116.168884,2905600,119.990787,118.422708,110.200939,0.007513,0.159843,0.072051,FALSE,TRUE,8.221769,0.141569,-44.795067,26.304345,40.940705,7.330749,-1.267024,-0.846577,2.414913,12.483727,9.328135,17.220324,-6.077039,2.630905,373.238374,1.327504,-0.005031,0.004716,4.097026,0.429905,-9.016391,0.772106,-114124800,-39.056568,-15352750595.23872,-2.670661,28.458762,102.414913,112.483727,,0.033841,0.402199,-0.068675,-0.005031,-1.023984
12-27-24,116.599998,117.290001,114.839996,114.595421,2962200,119.532862,118.386607,110.253588,-0.044877,0.15935,0.072296,FALSE,TRUE,8.133019,0.128524,-50.778862,26.764867,36.622269,3.464057,-1.38939,-0.775154,0.273678,10.065505,7.328215,3.930941,-7.40058,2.607025,380.74574,1.338334,-0.004946,0.004567,4.424267,0.249417,-9.016391,0.787168,-117087000,-0.070843,-15356304207.641912,-2.573115,28.880928,-3.916252,-5.458985,0,0.04263,0.502862,-0.067579,-0.004946,-1.296782
12-30-24,114.93,115.580002,113.690002,113.774055,5050500,119.018672,118.338001,110.310081,-0.094795,0.158619,0.072539,FALSE,TRUE,8.02792,0.112597,-52.930175,27.578709,34.572227,-2.970555,-1.53495,-0.736571,-0.785514,10.133643,6.908485,0.720867,-8.289518,2.500731,385.826779,1.338025,-0.004924,0.004528,4.794966,0.255722,-9.016391,1.28885,-122137500,160.267972,-15360905490.696577,-2.411239,22.608476,-4.141384,,0,0.043212,0.509841,-0.067287,-0.004924,-1.359319
12-31-24,115.610001,116.419998,114.919998,114.021461,4369600,118.502145,118.301598,110.365921,-0.140626,0.157571,0.072779,FALSE,TRUE,7.935677,0.099826,-49.116063,27.747395,35.739098,-5.201606,-1.611764,-0.650708,0.730706,9.792169,8.625586,2.842703,-8.307495,2.474383,379.771488,1.324288,-0.005206,0.005166,5.117718,0.000544,-9.016391,1.144991,-117767900,-31.898446,-15370510085.211552,-2.393068,30.052054,-3.010717,-5.077202,0,0.019975,0.238181,-0.071876,-0.005206,-1.179837
01-02-25,116.07,116.800003,114.400002,113.774055,4150100,118.019329,118.301035,110.422172,-0.181464,0.15622,0.073017,FALSE,TRUE,7.878862,0.084793,-57.295622,28.094913,35.065615,-1.556655,-1.673314,-0.569807,0.975692,9.605457,8.913069,0.764119,-7.823292,2.41304,375.173848,1.318594,-0.005095,0.004994,4.763161,0.147643,-9.016391,1.071753,-121918000,36.944399,-15376824966.069412,-2.296551,23.245931,-3.431188,-4.386723,0,0.033063,0.396002,-0.070668,-0.005095,-1.131548
01-03-25,115.410004,116.410004,114.620003,115.02095,4248300,117.577288,118.338743,110.481119,-0.216691,0.1547,0.073255,FALSE,TRUE,7.857625,0.071515,-41.462882,28.417608,41.090805,6.518578,-1.603001,-0.399595,2.852017,11.657154,13.120313,13.190767,-7.137656,2.398068,354.210272,1.325618,-0.004845,0.004472,4.677891,0.388219,-9.016391,1.097345,-117669700,-0.384552,-15379170087.640554,-2.126476,30.075538,-2.592209,-4.012069,0,0.054819,0.653036,-0.066872,-0.004845,-0.721701
01-06-25,116.82,117.540001,116,115.011055,4338800,117.223974,118.390569,110.531482,-0.250565,0.152928,0.073488,FALSE,TRUE,7.859087,0.058601,-38.11295,27.886514,41.058245,5.319147,-1.530433,-0.261622,1.315349,10.922293,13.34837,13.092696,-5.788355,2.402174,341.992581,1.325288,-0.004903,0.00458,4.852554,0.33083,-9.016391,1.101495,-122008500,45.241522,-15389081396.792355,-2.079352,36.733888,-3.072977,-4.330396,0,0.049586,0.590843,-0.067674,-0.004903,-0.647066
01-07-25,116.580002,117.07,114.720001,114.159996,3894100,116.827618,118.419098,110.571483,-0.282481,0.150896,0.073718,FALSE,TRUE,7.847616,0.042863,-45.781394,27.938837,38.250919,3.185304,-1.524029,-0.204174,1.530257,10.810874,12.779065,5.731631,-6.493012,2.357523,328.32725,1.325875,-0.004893,0.004556,3.764686,0.318521,-9.016391,0.983921,-125902600,10.640414,-15394831426.680447,-1.965734,29.233981,-2.754472,-4.417706,0,0.048524,0.577908,-0.067499,-0.004893,-0.812489
01-08-25,114.690002,115.550003,113.889999,114.189682,3639900,116.440098,118.458222,110.618343,-0.312317,0.148487,0.073943,FALSE,TRUE,7.83988,0.030553,-38.320539,28.309771,38.409111,-2.681693,-1.499275,-0.143536,1.67191,9.665519,11.011195,6.447478,-6.3559,2.358162,310.038865,1.30448,-0.005279,0.005476,1.523262,-0.046081,-9.016391,0.909663,-122262700,31.537294,-15397157094.931206,-1.841053,29.788847,-3.360404,-4.610226,0,0.015777,0.19106,-0.074002,-0.005279,-0.72585
01-10-25,113.75,114.019997,112.360001,111.903717,7189900,115.959851,118.417703,110.654891,-0.342701,0.145581,0.074159,FALSE,TRUE,7.762812,0.015793,-23.12071,29.186825,31.678912,-9.379333,-1.645151,-0.23153,-0.641021,3.999252,10.023104,-8.741063,-7.904745,2.098651,301.672005,1.326962,-0.003985,0.001534,1.760678,-0.580002,-10.399079,1.721107,-129452600,96.038281,-15408299574.540451,-1.756958,29.184949,-3.560615,-7.919527,0,-0.019305,-0.229158,-0.039162,-0.003985,-1.344551
01-13-25,112.029999,113.620003,111.779999,112.358925,5558200,115.466087,118.39668,110.694494,-0.371203,0.142164,0.074368,FALSE,TRUE,7.702186,0.002185,-14.691895,30.186011,34.153216,-4.097703,-1.70438,-0.232607,0.44521,3.427733,10.071888,9.981479,-8.078978,2.012492,273.028394,1.328021,-0.003945,0.0015,1.895809,-0.52404,-10.399079,1.299413,-123894400,56.195026,-15410360187.545223,-1.560026,29.553619,-1.483962,-7.036605,0,-0.012063,-0.144327,-0.038731,-0.003945,-1.138036
01-14-25,114.269997,115.220001,113.800003,113.892799,4259500,115.09804,118.40359,110.729219,-0.395219,0.138379,0.07457,FALSE,TRUE,7.674371,-0.006145,-6.514122,29.942453,41.801669,3.392558,-1.609002,-0.109783,-0.032378,3.427074,12.31068,36.427577,-6.07069,1.958663,238.309519,1.32831,-0.004006,0.001546,1.934464,-0.520673,-10.399079,0.981241,-119634900,42.443902,-15414062974.222778,-1.406671,37.423654,-1.328741,-6.740257,0,-0.011919,-0.142576,-0.039317,-0.004006,-0.505746
01-15-25,118.059998,118.07,116.459999,115.812622,4335200,114.867163,118.485958,110.77082,-0.411627,0.134254,0.074768,FALSE,TRUE,7.715137,-0.011521,10.687012,28.085064,49.680023,18.001111,-1.362791,0.109143,0.966283,1.551675,14.444599,64.111649,-3.834198,2.10273,203.801802,1.346423,-0.003529,0.001168,1.894283,-0.149332,-10.399079,0.982733,-115299700,48.141061,-15421884519.275995,-1.369189,44.646918,,-8.439049,0,0.020321,0.239802,-0.034178,-0.003529,0.463911
01-16-25,117.029999,117.720001,116.279999,116.149086,3487500,114.63154,118.5678,110.819599,-0.418831,0.129842,0.074961,FALSE,TRUE,7.7482,-0.016938,6.174836,26.443398,50.933657,16.780441,-1.127519,0.275531,1.129954,2.319642,15.921183,69.460836,-3.899065,2.07478,151.339691,1.346278,-0.003403,0.001087,1.88573,-0.030903,-10.399079,0.799462,-111812200,-21.957169,-15426006126.982731,-1.281046,40.786092,-1.500623,-8.53548,0,0.030737,0.362786,-0.032969,-0.003403,1.002742
01-17-25,118.510002,118.57,117.550003,116.762642,3816700,114.511798,118.64799,110.880734,-0.416012,0.125006,0.07515,FALSE,TRUE,7.767256,-0.024822,4.878035,24.625484,53.222256,11.420587,-0.881396,0.417324,0.311152,4.468169,17.649347,73.382069,-2.009802,2.077826,119.841605,1.327462,-0.003052,0.000901,2.312684,0.424823,-10.399079,0.881988,-107995500,-15.469968,-15435715241.046295,-1.281889,41.715924,-2.769959,-8.060722,0,0.070191,0.840785,-0.030016,-0.003052,1.878182
01-21-25,119.040001,120.040001,118.949997,118.712143,3173900,114.731984,118.720696,110.948261,-0.4021,0.119835,0.075337,FALSE,TRUE,7.772435,-0.030806,32.807525,23.626714,59.660542,9.980519,-0.523004,0.620572,2.158079,6.95031,18.502157,83.924242,3.85248,2.093485,152.038297,1.340977,-0.00255,0.000617,3.685536,0.865549,-10.399079,0.755991,-104821600,-44.849696,-15440274319.166111,-1.297124,46.847046,-1.151379,-6.623296,0,0.109289,1.29616,-0.024845,-0.00255,2.617866
01-22-25,119.800003,119.800003,118.790001,117.682968,3603700,114.921492,118.634966,111.015068,-0.378633,0.114323,0.07552,FALSE,TRUE,7.619898,-0.039999,30.643927,22.610015,55.330927,4.39727,-0.318352,0.660179,1.589558,4.497586,16.315135,71.464502,3.327839,2.063107,164.165403,1.343453,-0.002626,0.000652,3.521494,0.817808,-10.399079,0.88534,-108425300,-41.517364,-15451777832.188931,-1.347643,47.857638,-1.280208,-8.219624,0,0.105216,1.245463,-0.025529,-0.002626,1.68213
01-23-25,118.529999,119.519997,118.209999,118.078804,4451500,115.094177,118.574212,111.082102,-0.347433,0.108532,0.0757,FALSE,TRUE,7.49211,-0.048305,31.441683,21.335924,56.634447,3.41219,-0.122808,0.684579,3.757899,4.037489,14.414565,76.256702,3.013037,2.007258,178.428671,1.343614,-0.0026,0.000639,3.362447,0.828988,-10.399079,1.104119,-103973800,-14.810349,-15457120959.570936,-1.383076,40.455973,-0.197239,-9.782043,0,0.106258,1.257648,-0.025285,-0.0026,1.672728
01-24-25,119.089996,119.639999,118.650002,117.831398,4033000,115.264388,118.494392,111.144107,-0.311001,0.102443,0.075878,FALSE,TRUE,7.350285,-0.05816,31.441683,20.216254,55.543451,-4.117091,0.01206,0.655558,4.150673,5.766169,14.757098,73.261473,2.975004,1.937678,187.725959,1.34239,-0.002588,0.000635,3.179531,0.87587,-10.399079,0.998131,-108006800,4.5794,-15467823525.434332,-1.449148,47.326759,-0.104965,-8.995445,0,0.110268,1.30639,-0.025192,-0.002588,1.367424
01-27-25,118.459999,119.970001,118.190002,117.534523,4742900,115.371759,118.369219,111.202196,-0.272151,0.096044,0.076053,FALSE,TRUE,7.167023,-0.065939,21.026475,18.896865,54.194349,-1.136578,0.093906,0.589923,4.549685,4.176145,15.361315,69.667346,1.861066,1.912347,194.484274,1.329989,-0.002947,0.000838,3.080443,0.53327,-10.399079,1.126431,-112749700,253.209711,-15476059544.00292,-1.477749,39.870568,0.007809,-10.411304,0,0.07977,0.95376,-0.028945,-0.002947,1.112051
01-28-25,118.720001,119.18,118.160004,117.465256,2767000,115.436578,118.280704,111.275695,-0.230798,0.089518,0.076227,FALSE,TRUE,7.005009,-0.074912,20.428359,17.652852,53.865601,-2.768846,0.151435,0.517961,4.197267,2.204719,14.443732,68.828759,1.115937,1.860354,199.379487,1.328361,-0.002897,0.000812,2.978866,0.61303,-10.399079,0.658241,-115516700,-4.770099,-15482595904.463079,-1.544444,33.544843,-1.024696,-12.0347,0,0.086616,1.036999,-0.028498,-0.002897,1.017496
01-29-25,118.580002,119.449997,117.599998,117.089211,4307900,115.561267,118.205257,111.345125,-0.188046,0.08289,0.076399,FALSE,TRUE,6.860132,-0.084494,25.386043,16.645702,52.020666,-3.522785,0.164783,0.425048,4.326445,2.530644,13.915918,64.276154,2.176169,1.844047,201.627381,1.329279,-0.002978,0.000856,2.820787,0.5248,-10.399079,1.008661,-119824600,45.429073,-15489282642.608435,-1.556793,33.256267,-1.537365,-12.106122,0,0.07903,0.945433,-0.029265,-0.002978,0.757805
01-30-25,119.169998,120.25,118.690002,118.197556,3129100,115.782442,118.183155,111.427878,-0.14428,0.076259,0.076568,TRUE,TRUE,6.755278,-0.095597,31.764805,15.727356,56.725275,2.530926,0.261778,0.417634,3.746054,2.920553,13.65398,75.768074,3.887969,1.91745,205.2205,1.315264,-0.002698,0.00072,2.633175,1.049088,-10.399079,0.749514,-116695500,-38.043758,-15494387278.511639,-1.598646,38.894001,-2.87495,-12.789924,0,0.123302,1.491916,-0.026834,-0.002698,1.176838
01-31-25,119.610001,120.110001,117.949997,117.207962,3536900,115.941768,118.163813,111.510399,-0.101528,0.06969,0.076734,FALSE,TRUE,6.653413,-0.108068,46.853279,14.822378,51.837822,-2.027779,0.255847,0.329362,3.348833,1.463802,13.272755,64.084563,2.79465,1.95377,203.188692,1.320485,-0.002793,0.000765,2.16767,0.812115,-10.399079,0.855728,-120232400,-19.056664,-15500354270.021832,-1.570745,41.247109,-2.359331,-11.761272,0,0.103399,1.245722,-0.027654,-0.002793,0.623162
02-03-25,115.970001,117.849998,115.419998,115.654297,6266800,116.03578,118.112221,111.587876,-0.061206,0.063144,0.076894,FALSE,TRUE,6.524344,-0.122194,26.534012,15.335194,45.246451,-6.774215,0.124345,0.158288,1.85561,3.008718,14.683731,28.748755,1.65261,2.016454,196.883112,1.330923,-0.002931,0.000828,1.768302,0.418742,-10.399079,1.478354,-126499200,51.00359,-15505412590.230305,-1.516707,40.600866,-2.721367,-10.674088,0,0.070122,0.837694,-0.028775,-0.002931,-0.193761
02-04-25,116.669998,118.330002,116.559998,116.950661,3358200,116.132265,118.081261,111.675969,-0.023502,0.056725,0.077049,FALSE,TRUE,6.405292,-0.130416,25.101647,15.476795,50.860937,-5.864337,0.123313,0.125805,4.706083,7.838576,14.700905,31.690724,1.677703,1.982781,196.375799,1.312265,-0.003214,0.001024,1.45153,0.235181,-10.399079,0.800613,-123141000,-20.95191,-15507288392.701015,-1.527205,39.749113,-1.187834,-8.085249,0,0.053702,0.650752,-0.031993,-0.003214,0.41675
02-05-25,118.82,119.269997,118.099998,117.999641,2706200,116.281694,118.068144,111.768284,0.01293,0.050499,0.0772,FALSE,TRUE,6.299859,-0.125341,19.335206,14.980581,54.891634,3.053812,0.204778,0.165816,5.303224,12.272023,16.238216,53.408743,2.598521,1.852693,198.751317,1.061314,-0.004617,0.003251,1.30635,-0.978762,-10.399079,0.657978,-120434800,-37.627916,-15510458843.451567,-1.475568,37.973664,-1.454477,,0,-0.034872,-0.524884,-0.057021,-0.004617,0.86437
02-06-25,119.739998,119.800003,118.050003,117.574112,3332700,116.4524,118.008082,111.854193,0.04696,0.044404,0.077346,FALSE,TRUE,6.153888,-0.122188,12.500075,14.182553,52.992674,7.746223,0.232326,0.154691,4.275692,10.593473,17.673667,44.598612,2.990641,1.852897,194.178286,1.058697,-0.004508,0.003116,1.199678,-0.896528,-10.399079,0.815871,-123767500,-14.416682,-15515604117.523832,-1.478306,44.324968,-2.343312,-7.842819,0,-0.029021,-0.437947,-0.055818,-0.004508,0.577671
02-07-25,118.639999,118.760002,117,115.931381,3971300,116.539485,117.874573,111.92756,0.07668,0.038258,0.077488,FALSE,TRUE,5.947013,-0.120335,-6.687905,14.025102,46.329397,-4.53154,0.120216,0.034065,0.742594,10.109846,15.380088,10.587637,1.525268,1.838431,187.279392,1.069632,-0.004769,0.00341,1.280049,-1.377131,-10.399079,0.968278,-127738800,9.104646,-15524397918.191837,-1.551186,37.089158,-4.862206,-8.046718,0,-0.063022,-0.94057,-0.058394,-0.004769,-0.324704
02-10-25,117.660004,117.830002,116.760002,116.060028,2486700,116.747301,117.697949,111.992574,0.101636,0.032081,0.077624,FALSE,TRUE,5.705375,-0.114604,-25,14.007653,46.892574,-7.99906,0.041274,-0.035901,-4.845027,7.803318,15.84352,13.251132,3.714185,1.75154,153.066155,1.046611,-0.005041,0.00398,1.054572,-1.788312,-10.399079,0.643182,-125252100,-65.413984,-15530138124.71818,-1.57567,31.527062,-10.181846,-9.458782,0,-0.088949,-1.357174,-0.063088,-0.005041,-0.449004
02-11-25,116.190002,117.330002,116.190002,115.852211,4664400,116.921965,117.541287,112.057764,0.120107,0.025861,0.077755,FALSE,TRUE,5.483523,-0.112007,-18.705815,14.29797,46.051909,-6.940764,-0.037624,-0.091839,-4.34645,7.815562,14.079253,8.948502,3.109042,1.76591,115.732817,1.029611,-0.004714,0.003602,1.174656,-1.46902,-10.399079,1.22055,-129916500,-16.080746,-15537566726.910627,-1.66433,30.953454,-9.007559,-9.117527,0,-0.065462,-1.016023,-0.060016,-0.004714,-0.924331
02-12-25,115.279999,116.089996,115.019997,114.397499,4269900,116.9472,117.354159,112.119815,0.130938,0.019557,0.077878,FALSE,TRUE,5.234344,-0.113205,-33.94166,15.147583,40.569197,-5.7602,-0.215055,-0.215416,-6.094871,7.773699,11.297156,-11.902431,0.443136,1.740473,109.142855,1.036136,-0.0047,0.003533,1.455129,-1.564734,-10.399079,1.117168,-134186400,0.24416,-15546804856.973303,-1.736516,31.131384,-10.521817,-8.339297,0,-0.072473,-1.117369,-0.059439,-0.0047,-2.336113
02-13-25,116.419998,117.309998,115.980003,115.961067,2918600,116.954622,117.192223,112.185841,0.135449,0.013176,0.077993,FALSE,TRUE,5.006382,-0.114122,-15.378304,15.033736,47.767252,0.874679,-0.226888,-0.1818,-6.326745,7.409487,10.842031,17.993689,0.128177,1.800242,108.378475,1.040584,-0.004144,0.002728,1.538272,-0.882577,-10.399079,0.778035,-131267800,-32.676693,-15549806565.709284,-1.705061,29.577329,-11.173047,-8.361723,0,-0.026501,-0.407002,-0.052228,-0.004144,-0.916746
02-14-25,117.830002,118.25,116.849998,115.871994,2572300,116.940768,117.022623,112.247726,0.132902,0.0068,0.078099,FALSE,TRUE,4.774897,-0.116911,-13.907328,14.305677,47.414935,1.363026,-0.240679,-0.156472,-4.938058,7.843774,14.888562,16.29057,-0.238566,1.810893,109.632291,1.033827,-0.004052,0.002644,1.618738,-0.666135,-10.399079,0.694187,-133840100,-26.242294,-15555972748.736624,-1.753706,35.991468,-8.162455,-6.256293,0,-0.01165,-0.180171,-0.051424,-0.004052,-0.974871
02-18-25,117.220001,117.82,116.970001,116.594398,3005000,116.932355,116.885903,112.323047,0.124872,0.000499,0.078199,FALSE,TRUE,4.562857,-0.118287,-6.907467,13.629623,50.597453,10.028256,-0.191113,-0.085525,-3.530617,6.021387,13.477347,30.103267,-0.14409,1.818206,109.840511,1.037201,-0.003915,0.002454,1.650545,-0.517631,-10.399079,0.819941,-130835100,-21.267063,-15561633485.692579,-1.717895,41.784771,-7.009436,-7.335273,0,-0.00167,-0.025743,-0.049534,-0.003915,-0.30768
02-19-25,116.82,117.800003,116.599998,116.149086,3004100,116.804203,116.731649,112.394439,0.114848,-0.005718,0.07829,FALSE,TRUE,4.337211,-0.119854,-7.416136,13.231882,48.643118,0.875866,-0.185625,-0.06403,-2.643307,5.308006,10.29591,21.588693,-2.159052,1.777262,102.702398,1.037756,-0.004009,0.002569,1.695888,-0.671813,-10.399079,0.821598,-133839200,-5.349885,-15566895220.693565,-1.731492,42.926484,-5.721328,-7.720231,0,-0.012111,-0.186571,-0.050687,-0.004009,-0.637879
02-20-25,116.959999,117.139999,115.419998,114.832924,3119200,116.6617,116.586761,112.451517,0.102665,-0.011811,0.078371,FALSE,TRUE,4.135244,-0.123182,-26.113672,13.546351,43.317578,-4.097357,-0.284203,-0.130086,-2.828145,3.246598,10.285013,-3.675297,-2.421798,1.708012,109.420387,1.047258,-0.004173,0.002729,1.712169,-0.98544,-10.399079,0.858767,-136958400,-13.444515,-15572143723.942266,-1.656935,36.535958,-6.105651,-9.030616,0,-0.033858,-0.516516,-0.052241,-0.004173,-1.671331
02-21-25,116.860001,116.860001,112.660004,111.784966,4124400,116.347009,116.380718,112.489466,0.086095,-0.017927,0.07844,FALSE,FALSE,3.891252,-0.128038,-36.2914,15.060807,34.026874,-16.570578,-0.60134,-0.357778,-5.454395,1.675156,8.428105,-12.255437,-5.330202,1.884935,149.634821,1.076764,-0.004807,0.003407,2.209221,-2.008572,-10.494163,1.140651,-141082800,-7.348085,-15577986700.111654,-1.671342,36.218806,-7.216471,-9.569503,0,-0.107557,-1.59302,-0.058371,-0.004807,-3.048784
02-24-25,113.43,113.57,112.18,111.369331,4432600,116.023905,116.169303,112.519841,0.065714,-0.02409,0.078495,FALSE,FALSE,3.649462,-0.129646,-31.039468,16.641675,32.987851,-15.655267,-0.876112,-0.50604,-6.016365,0.141259,8.351056,-10.638696,-5.484164,1.850604,182.133617,1.050792,-0.005212,0.004205,2.617946,-2.575643,-10.82696,1.219151,-145515400,9.908257,-15587589620.60784,-1.647035,37.718694,-7.698253,-10.755477,0,-0.143097,-2.172457,-0.064845,-0.005212,-2.555582
02-25-25,112.629997,113.389999,111.860001,111.478188,4352400,115.721088,115.968694,112.54901,0.041559,-0.030281,0.078539,FALSE,FALSE,3.419684,-0.126579,-43.37248,18.227113,33.560066,-9.757513,-1.072721,-0.56212,-6.048874,1.001557,8.191589,-4.808727,-5.152814,1.806826,204.65075,1.017522,-0.005484,0.004968,2.996484,-3.118927,-10.82696,1.203556,-141163000,-8.233359,-15594114313.995693,-1.632266,30.13912,-8.037562,-10.515111,0,-0.173444,-2.720786,-0.070485,-0.005484,-2.07324
02-26-25,112.940002,113.93,112.07,111.25058,3224900,115.410355,115.749021,112.578791,0.013464,-0.036404,0.078569,FALSE,FALSE,3.17023,-0.125184,-57.21477,19.248765,32.926961,-1.099914,-1.232692,-0.577672,-7.734991,-2.130271,7.646525,-7.675322,-5.29065,1.819028,223.12126,1.012344,-0.00535,0.004779,3.076809,-2.935877,-10.922044,0.886161,-144387900,16.548609,-15600180661.567823,-1.615539,30.652629,-8.719482,-13.067644,0,-0.160277,-2.52782,-0.069134,-0.00535,-1.864356
02-27-25,112.25,112.639999,110.779999,109.687004,3803700,115.040244,115.517687,112.594433,-0.01791,-0.042471,0.078585,FALSE,FALSE,2.923254,-0.125545,-60.979371,20.701765,28.894381,-4.09347,-1.468707,-0.65095,-10.537577,-3.47264,6.103736,-13.69667,-6.321852,1.848842,253.176072,1.024294,-0.005521,0.004963,2.928341,-3.278988,-12.173994,1.052499,-148191600,-11.704079,-15608454708.382757,-1.648769,23.623087,-10.524852,-13.31986,0,-0.185427,-2.888419,-0.070451,-0.005521,-2.114434
02-28-25,110.540001,111.790001,110.139999,110.627136,5009400,114.661723,115.321626,112.617596,-0.050416,-0.048359,0.078588,FALSE,FALSE,2.70403,-0.123067,-43.36559,22.279462,34.118906,0.55884,-1.561885,-0.595303,-11.421233,-2.039408,6.117305,6.006619,-6.404887,1.855276,259.987632,1.031774,-0.005315,0.004535,3.228476,-3.098405,-12.173994,1.350976,-143182200,60.090761,-15610506216.220682,-1.565796,23.25922,-12.720244,-13.667784,0,-0.17466,-2.700487,-0.067342,-0.005315,-1.551838
03-03-25,112.139999,112.489998,108.5,108.054176,7784100,114.204034,115.065479,112.626289,-0.08526,-0.054235,0.078575,FALSE,FALSE,2.43919,-0.123563,-54.55148,24.265468,28.045471,-4.88149,-1.822339,-0.684605,-12.63781,-4.019109,4.328534,-4.57255,-7.809867,2.037703,291.470443,1.066451,-0.005437,0.004428,3.773634,-3.633487,-13.481393,1.985565,-150966300,120.082558,-15620029833.956644,-1.52634,21.209405,-12.388821,-14.467979,0,-0.218427,-3.262364,-0.066545,-0.005437,-2.109942
03-04-25,107.690002,109.269997,106.239998,106.411446,6948300,113.741891,114.810558,112.621468,-0.122608,-0.060089,0.078545,FALSE,FALSE,2.18909,-0.127409,-58.599396,26.6769,24.987207,-3.907175,-2.136675,-0.799153,-14.013683,-5.967471,2.225625,1.427541,-7.991792,2.187302,336.986798,1.077489,-0.005327,0.004159,4.433927,-3.787582,-14.796722,1.757097,-157914600,10.874769,-15626191816.525358,-1.527142,20.558207,-11.546799,-13.860667,0,-0.231615,-3.421998,-0.064488,-0.005327,-2.175292
03-05-25,107.489998,108.779999,106.800003,107.519798,5011500,113.270348,114.674786,112.619855,-0.161719,-0.065835,0.078499,FALSE,FALSE,2.054931,-0.12776,-43.628252,28.916086,30.494377,-3.624529,-2.270185,-0.74613,-13.330922,-5.452933,2.763872,10.656121,-8.063967,2.251021,355.213338,1.087576,-0.005059,0.003684,4.871649,-3.584093,-14.796722,1.241366,-152903100,49.231731,-15627559617.975718,-1.48958,28.538184,-11.351282,-14.004165,0,-0.219322,-3.209617,-0.060694,-0.005059,-1.6189
03-06-25,107.279999,108.5,106.650002,106.144249,6042300,112.677579,114.519815,112.613649,-0.202636,-0.071535,0.078436,FALSE,FALSE,1.906166,-0.132482,-63.024033,31.031606,27.769516,-0.275955,-2.458646,-0.747673,-14.642104,-3.916083,1.968939,-0.797243,-10.046973,2.208693,370.719743,1.084727,-0.004895,0.003466,5.426776,-3.554155,-15.010666,1.437312,-158945400,123.276181,-15636905605.797132,-1.503926,22.385017,-11.722759,-12.270008,0,-0.216408,-3.175246,-0.058876,-0.004895,-1.762337
03-07-25,107.040001,108.269997,105.660004,106.688538,5850700,112.1333,114.361083,112.610262,-0.243213,-0.077109,0.078356,FALSE,FALSE,1.750821,-0.135411,-57.283737,33.230558,30.418951,5.431745,-2.534863,-0.659112,-13.56379,-3.183842,2.942515,8.458341,-9.258479,2.21892,374.932087,1.088531,-0.004752,0.003246,5.880335,-3.419051,-15.010666,1.351266,-153094700,75.554355,-15638145072.325924,-1.415091,17.248148,-11.347366,-12.350485,0,-0.207553,-3.034559,-0.056973,-0.004752,-1.4522
03-10-25,106.470001,107.25,104.330002,104.184845,6572200,111.545973,114.156236,112.595183,-0.28431,-0.082755,0.078258,FALSE,FALSE,1.561053,-0.141837,-69.666446,35.552785,25.741556,-4.752821,-2.765414,-0.711731,-15.886203,-5.05215,0.170585,-1.077631,-10.132318,2.338882,403.23964,1.122542,-0.004851,0.003173,6.213785,-3.840178,-16.579554,1.473642,-159666900,65.492408,-15645370697.336767,-1.356247,11.854005,-12.343818,-12.954365,0,-0.245548,-3.477181,-0.056326,-0.004851,-1.825497
03-11-25,105.519997,106.190002,103.779999,103.610886,8552400,110.923516,113.920712,112.577526,-0.323509,-0.088516,0.078143,FALSE,FALSE,1.343186,-0.148949,-69.883948,37.816252,24.800104,-2.969411,-2.960317,-0.725307,-15.126837,-3.925697,-1.155349,-1.265817,-10.726469,2.434869,425.369226,1.123122,-0.004864,0.003185,5.892658,-3.88463,-17.039121,1.795546,-168219300,243.925685,-15655123363.880182,-1.31201,11.064759,-10.604596,-11.730739,0,-0.24895,-3.52336,-0.056439,-0.004864,-1.719125
03-12-25,105.620003,105.900002,103.669998,103.15567,6692100,110.288689,113.660448,112.561338,-0.360262,-0.094395,0.078009,FALSE,FALSE,1.09911,-0.154583,-68.365943,39.939896,24.048865,-6.370086,-3.115596,-0.704469,-15.506514,-4.11346,-1.507636,-3.899378,-10.959256,2.485022,442.345036,1.11769,-0.005115,0.003555,4.304283,-4.148857,-17.40361,1.3757,-174911400,43.471829,-15664902395.940355,-1.308825,10.626382,-11.508318,-11.261354,0,-0.266956,-3.796566,-0.059628,-0.005115,-1.612546
03-13-25,104.260002,104.580002,101.989998,101.423874,5304000,109.640008,113.397017,112.544174,-0.395908,-0.100525,0.077855,FALSE,FALSE,0.852843,-0.163657,-65.724822,42.220529,21.393788,-4.347768,-3.339897,-0.743016,-16.82482,-5.405638,-2.719811,-4.741406,-11.340829,2.414068,472.98505,1.13034,-0.005182,0.003566,4.75812,-4.307631,-18.790254,1.07888,-180215400,24.218366,-15672525096.247004,-1.27863,10.532963,-12.112467,-11.816217,0,-0.281934,-3.963157,-0.059717,-0.005182,-1.737081
03-14-25,103.470001,105.099998,103.059998,103.907768,5555100,109.037343,113.199691,112.534519,-0.429059,-0.106759,0.077684,FALSE,FALSE,0.665173,-0.168953,-41.842235,43.816507,32.845686,8.045581,-3.279425,-0.546035,-14.485303,-3.265137,-0.067864,16.061725,-10.394264,2.486358,464.926087,1.18304,-0.004205,0.002146,5.092454,-3.416141,-18.790254,1.100448,-174660300,90.334407,-15673463089.529774,-1.224799,17.119374,-11.683246,-10.438934,0,-0.227048,-3.047393,-0.046322,-0.004205,-1.10331
03-17-25,104.800003,106.470001,104.800003,105.016113,5127200,108.494549,113.019584,112.53235,-0.458277,-0.113012,0.077498,FALSE,FALSE,0.487235,-0.170783,-34.314146,44.033569,37.239423,13.190558,-3.106259,-0.298295,-14.086145,-3.470191,0.913367,25.344345,-9.368856,2.496952,443.824425,1.192596,-0.003946,0.001861,5.154899,-3.231603,-18.790254,0.990614,-169533100,99.323563,-15677263293.621326,-1.171713,23.231702,-11.487438,-10.414872,0,-0.21451,-2.855737,-0.043137,-0.003946,-0.783741
03-18-25,105.379997,105.459999,104.620003,104.36396,3680100,107.883027,112.831382,112.533339,-0.483662,-0.119203,0.077295,FALSE,FALSE,0.298043,-0.17569,-35.762302,44.292059,35.756972,14.363185,-2.987212,-0.143399,-13.929284,-6.502512,1.842998,22.290724,-10.489731,2.40224,409.259437,1.183646,-0.003799,0.001751,4.937228,-3.079686,-18.790254,0.706416,-173213200,22.46589,-15683186884.193533,-1.166643,19.012968,-11.978162,-12.719523,0,-0.200908,-2.695551,-0.041851,-0.003799,-0.859862
03-19-25,105.139999,107.230003,105.139999,105.773476,4123800,107.364246,112.646433,112.535006,-0.504874,-0.125211,0.077077,FALSE,FALSE,0.111427,-0.185683,-20.486905,43.086612,41.204808,8.359122,-2.747459,0.077083,-12.170272,-5.627649,2.838958,36.033122,-8.933011,2.438166,361.995241,1.087303,-0.003545,0.001821,5.069476,-2.033711,-18.790254,0.783171,-169089400,37.272394,-15684810852.201973,-1.119696,23.986266,-12.128528,-12.775407,0,-0.108384,-1.588004,-0.042669,-0.003545,-0.439445
03-20-25,105.529999,107.110001,105.519997,105.267242,4296400,106.885962,112.451557,112.528111,-0.520973,-0.131004,0.076846,FALSE,FALSE,-0.076554,-0.196735,-28.710611,41.967269,39.896242,2.65682,-2.568692,0.20468,-12.902626,-6.801719,2.675889,31.211853,-8.330086,2.415082,318.729568,1.087834,-0.003577,0.001852,3.169203,-2.060685,-18.790254,0.80693,-173385800,37.740446,-15690473202.496832,-1.111204,24.264101,-13.227582,-14.133168,0,-0.110353,-1.616008,-0.043033,-0.003577,-0.507866
03-21-25,104.760002,105.720001,104.290001,104.592262,4656600,106.526327,112.260202,112.519738,-0.532479,-0.136607,0.0766,FALSE,FALSE,-0.259536,-0.207174,-20.642625,41.443592,38.156284,2.399312,-2.453204,0.256135,-12.223496,-7.519194,1.317987,35.745396,-6.43441,2.255839,300.606667,1.085091,-0.003832,0.002133,2.860034,-2.379014,-18.790254,0.870231,-178042400,12.903695,-15693161257.162766,-1.076199,25.336232,-12.310354,-14.956766,0,-0.132598,-1.946298,-0.04619,-0.003832,-0.643387
03-24-25,106.910004,108.129997,106.660004,107.212776,3663000,106.318499,112.120664,112.532442,-0.537287,-0.14185,0.076344,FALSE,FALSE,-0.411778,-0.213095,4.514923,39.289006,47.693889,6.489081,-2.125722,0.466894,-6.207466,-7.015913,2.167418,76.918669,-3.732226,2.234529,278.950075,1.137809,-0.002997,0.001187,2.847757,-1.646043,-18.790254,0.689505,-174379400,-17.36227,-15694069407.400211,-1.002161,31.429277,-10.094279,-14.7798,0,-0.085786,-1.199987,-0.034447,-0.002997,0.320587
03-25-25,107.919998,108.199997,107.050003,106.567574,3604800,106.072969,112.013941,112.536134,-0.535789,-0.146836,0.076075,FALSE,FALSE,-0.522193,-0.218045,-5.508858,37.24542,45.82021,5.923968,-1.896391,0.556979,-6.431685,-6.650835,0.384021,70.31604,-4.405,2.166382,251.394975,1.132805,-0.00327,0.001425,2.620824,-1.989795,-18.790254,0.683358,-177984200,-17.17673,-15700698678.891335,-1.010253,25.097943,-11.045933,-14.469108,0,-0.110665,-1.554535,-0.037743,-0.00327,0.196744
03-26-25,107.519997,108.050003,106.290001,106.001785,3509300,105.810529,111.886798,112.540693,-0.528439,-0.151557,0.075795,FALSE,FALSE,-0.653895,-0.222108,-0.864696,35.72652,44.181088,6.024803,-1.74024,0.570505,-7.523065,-7.138507,1.129651,63.881978,-4.717993,2.17188,219.926832,1.12901,1.136599,0.714153,2.624672,-2.279676,-18.790254,0.663465,-181493500,8.818878,-15705357335.604977,-0.994231,26.010359,-10.677464,-13.992668,0,-0.173586,-4.571582,0.845076,1.136599,0.086964
03-27-25,106.629997,107.080002,105.809998,105.525322,4285200,105.602445,111.719449,112.548316,-0.515469,-0.15603,0.075503,FALSE,FALSE,-0.828867,-0.229054,-7.089427,34.549009,42.792782,-4.901106,-1.636075,0.539736,-7.7795,-7.57962,0.890407,56.929543,-3.794143,2.090985,200.114632,1.118593,1.136879,0.713538,2.654952,-2.086857,-18.790254,0.806485,-185778700,12.658727,-15711563618.706224,-0.970268,26.615856,-10.273714,-14.404334,0,-0.178196,-4.72489,0.844712,1.136879,-0.038539
03-28-25,106.029999,106.199997,103.440002,103.24231,4265200,105.233204,111.468042,112.546858,-0.499558,-0.160251,0.075196,FALSE,FALSE,-1.078816,-0.240631,-5.822766,34.442312,36.82214,-8.99807,-1.71794,0.366296,-10.525253,-8.395257,-1.145245,20.166053,-6.675421,2.126153,168.090008,1.146669,1.148092,0.728143,2.731056,-2.369567,-18.790254,0.808383,-190043900,-14.856071,-15716439834.149698,-1.003879,27.544713,-11.059342,-13.715548,0,-0.185935,-4.936886,0.853313,1.148092,-1.184421
03-31-25,102.980003,105.18,102.309998,103.798172,8488700,105.020403,111.221024,112.5502,-0.479736,-0.164179,0.074877,FALSE,FALSE,-1.329176,-0.250292,1.158307,34.729312,39.051882,-5.129206,-1.71816,0.292861,-10.648903,-8.491152,-2.944938,29.11714,-3.938769,2.146422,157.076625,1.149184,1.144461,0.728698,2.716065,-2.29049,-18.790254,1.59819,-181555200,9.051785,-15716125290.758423,-0.904607,27.595985,,-14.154541,0,-0.18805,-4.987226,0.853638,1.144461,-0.778112
04-01-25,104.43,105.43,103.239998,104.026474,4474500,104.901155,110.966301,112.546582,-0.455104,-0.167804,0.074544,FALSE,FALSE,-1.580281,-0.25943,5.462304,34.809152,39.988688,-2.804094,-1.68054,0.264385,-9.222835,-8.974398,-3.224326,32.793501,-2.241274,2.134906,154.999691,1.150135,1.153665,0.736067,2.642924,-2.188084,-18.790254,0.862512,-177080700,-35.602953,-15717386015.832277,-0.878937,35.3575,-11.17755,-15.200944,0,-0.177396,-4.765944,0.857944,1.153665,-0.564311
04-02-25,103.5,106.580002,103.400002,105.565025,4012000,104.803416,110.703358,112.555781,-0.42602,-0.171131,0.074199,FALSE,FALSE,-1.852423,-0.26339,26.294999,34.053628,46.011232,9.189092,-1.509181,0.348596,-7.215204,-7.944042,-0.778534,55.263635,-1.818059,2.143712,143.342966,1.158163,1.155517,0.740678,2.251962,-2.085411,-18.790254,0.780882,-173068700,-19.944129,-15715935075.790195,-0.860055,42.29375,-11.069069,-15.283107,0,-0.17905,-4.81932,0.860626,1.155517,0.53132
04-03-25,101.709999,102.339996,98.739998,98.170021,8644100,104.404705,110.3131,112.535717,-0.399259,-0.174818,0.073835,FALSE,FALSE,-2.222617,-0.278965,-27.772349,34.822691,30.281166,-8.770716,-1.947641,-0.071892,-13.902155,-13.273033,-6.089442,-6.025125,-7.512633,2.534309,202.69808,1.458398,1.316106,0.802271,3.077974,-2.925375,-21.395603,1.64091,-181712800,43.059762,-15727316363.902746,-0.858134,32.310219,-13.387131,-16.480162,0,-0.223528,-5.471669,0.895696,1.316106,-3.075847
04-04-25,95.190002,96.029999,92.160004,93.931526,12602500,103.766854,109.830154,112.489628,-0.377763,-0.17899,0.073448,FALSE,FALSE,-2.659474,-0.301995,-46.593321,36.689239,25.004669,-14.984019,-2.607082,-0.585066,-17.440294,-16.634765,-10.717205,11.044409,-11.957246,2.910846,302.966804,1.54897,1.213446,0.807953,4.487231,-3.365388,-24.789351,2.248254,-194315300,115.401576,-15728381065.064703,-0.804894,22.505628,-11.883391,-15.239856,0,-0.200604,-4.691286,0.898862,1.213446,-3.246338
04-07-25,91.059998,98,89.68,92.641129,20827100,103.189668,109.326349,112.436941,-0.361206,-0.183703,0.073039,FALSE,FALSE,-3.110592,-0.325965,-47.98869,38.718339,23.653337,-22.357895,-3.196966,-0.93996,-19.45717,-17.160075,-11.196666,15.988816,-11.080034,3.528117,391.584543,1.554317,1.210337,0.809684,5.729356,-3.592078,-25.822568,3.296363,-215142400,216.896929,-15734383233.304504,-0.704413,18.687668,-11.902352,-14.638181,0,-0.182339,-4.268773,0.899825,1.210337,-2.693809
04-08-25,96.220001,96.540001,89.43,89.891571,12353300,102.503703,108.77349,112.372507,-0.35171,-0.189143,0.072604,FALSE,FALSE,-3.599018,-0.35712,-61.633345,40.63089,21.043663,-9.237503,-3.84203,-1.26802,-21.84093,-20.812865,-14.120563,2.459088,-13.24119,3.973262,491.289415,1.576711,1.224068,0.809753,7.165237,-3.703169,-28.024129,1.898099,-227495700,44.442496,-15745132617.318617,-0.691501,12.949503,-13.045864,-16.02017,0,-0.192983,-4.45459,0.899863,1.224068,-2.567149
04-09-25,89.449997,99.599998,89.220001,97.832527,15187000,102.237545,108.380835,112.347046,-0.343379,-0.194802,0.072151,FALSE,FALSE,-3.966211,-0.373263,-22.391639,40.864217,41.215704,16.211035,-3.670173,-0.87693,-14.302268,-12.990873,-7.206567,45.376859,-5.160301,4.292523,501.876518,1.971388,1.366068,0.865247,7.521512,-1.830798,-28.024129,2.19054,-212308700,126.939227,-15735117600.736807,-0.506384,25.088085,-10.491574,-13.30163,0,-0.167934,-3.683823,0.930187,1.366068,-0.87771
04-10-25,95.809998,96.290001,91.870003,93.524567,8607800,101.84258,107.909542,112.296531,-0.338826,-0.200804,0.071678,FALSE,FALSE,-4.386989,-0.393061,-30.045812,41.080879,35.862787,12.20945,-3.837356,-0.83529,-18.097183,-16.727841,-11.699939,22.679486,-7.78841,4.836415,538.372821,2.032897,1.370475,0.881509,8.233445,-2.526163,-28.024129,1.212676,-220916500,62.288839,-15737280983.962488,-0.456144,24.372281,-10.873272,-14.172715,0,-0.195624,-4.437772,0.938887,1.370475,-1.545028
04-11-25,93.919998,95.669998,92.300003,94.705788,10360900,101.382481,107.439707,112.256363,-0.338635,-0.206977,0.071185,FALSE,FALSE,-4.816657,-0.406536,-35.333696,41.282064,38.231639,17.187976,-3.830381,-0.662652,-15.368506,-15.911012,-7.842842,28.902991,-8.855912,4.763441,558.730252,2.026596,1.327712,0.870158,8.381587,-2.589193,-28.024129,1.41186,-210555600,86.511494,-15732848928.562138,-0.40462,28.110888,-11.686299,-15.040893,0,-0.239632,-5.209186,0.932822,1.327712,-1.194976
04-14-25,97.199997,97.25,94.75,95.748024,5610300,100.919077,107.010508,112.221163,-0.342124,-0.213175,0.070676,FALSE,FALSE,-5.210655,-0.41656,-30.227434,40.671021,40.325913,-0.889791,-3.698124,-0.424316,-14.783784,-14.404393,-7.223771,34.6682,-8.825397,4.8156,565.401575,2.033382,1.326349,0.871066,8.426621,-2.475162,-28.024129,0.761997,-204945300,9.422297,-15733979857.383549,-0.385165,32.2589,-12.85471,-14.367275,0,-0.243777,-5.300189,0.933309,1.326349,-0.91458
04-15-25,96.309998,97.529999,95.919998,95.51973,7265100,100.476865,106.607817,112.182381,-0.350195,-0.219376,0.070148,FALSE,FALSE,-5.574564,-0.424784,-29.563298,39.965225,40.005946,4.143159,-3.570571,-0.237411,-16.131898,-16.159052,-6.028006,35.272834,-8.474411,4.828752,571.592738,2.030488,1.321893,0.866307,8.523908,-2.578589,-28.024129,0.963301,-212210400,97.415831,-15744857367.289436,-0.408854,37.106869,-14.988691,-16.297389,0,-0.254575,-5.443272,0.930756,1.321893,-0.86725
04-16-25,95.910004,96.43,94.18,94.576736,5101900,99.917028,106.160338,112.134686,-0.363317,-0.225601,0.069602,FALSE,FALSE,-5.974348,-0.430069,-30.478059,39.749825,38.642055,0.410416,-3.505171,-0.137608,-18.336417,-17.547316,-6.08404,30.856769,-10.585583,4.950912,571.817865,2.015412,1.315753,0.86541,8.966383,-2.946659,-28.024129,0.672118,-217312300,23.718415,-15748160060.055414,-0.417277,37.015855,-16.272008,,0,-0.279505,-6.000932,0.930274,1.315753,-0.933915
04-17-25,95.25,96.730003,95.25,95.589211,4353000,99.433126,105.71213,112.096105,-0.379705,-0.231768,0.069039,FALSE,FALSE,-6.383975,-0.434098,-22.085396,39.390784,40.969047,0.643134,-3.333219,0.027474,-17.70128,-16.771342,-4.562466,36.688992,-9.193774,4.853135,565.069055,2.022631,1.319326,0.865628,9.296713,-2.682704,-28.024129,0.573245,-212959300,1.317382,-15750517681.674389,-0.395362,40.498462,-15.778547,-17.428608,0,-0.25605,-5.482179,0.930391,1.319326,-0.680256
04-21-25,95.370003,95.580002,93.370003,93.68338,4820300,98.887682,105.234315,112.045261,-0.398357,-0.23802,0.068457,FALSE,FALSE,-6.810947,-0.439352,-28.09487,39.518359,38.044235,-1.961711,-3.312546,0.038518,-19.765964,-19.516314,-5.686803,25.710707,-10.429913,4.902244,565.29847,2.032047,1.324666,0.86393,9.761017,-2.973659,-28.024129,0.6341,-217779600,3.51544,-15753970946.731056,-0.399969,41.956977,-16.255467,-18.978766,0,-0.266952,-5.653528,0.929479,1.324666,-0.920629
04-22-25,95.529999,96.980003,95.129997,95.946556,5663400,98.324371,104.834618,112.005978,-0.41685,-0.244312,0.067858,FALSE,FALSE,-7.171359,-0.43996,-21.242176,38.896029,43.22745,4.585395,-3.078061,0.218403,-19.177134,-17.432913,-3.606608,38.747435,-10.508281,4.868994,533.195499,2.063468,1.333961,0.866148,10.052641,-2.591766,-28.024129,0.735333,-212116200,54.610975,-15754634904.498167,-0.39319,42.333736,-16.27896,-17.748282,0,-0.251969,-5.298305,0.930671,1.333961,-0.445956
04-23-25,99.440002,100.900002,97.610001,97.167473,5554500,97.854366,104.456767,111.976752,-0.433913,-0.250673,0.067243,FALSE,FALSE,-7.519985,-0.437854,-22.263152,36.6238,45.858911,4.889864,-2.761875,0.427671,-17.43285,-16.120397,-3.21228,60.575264,-8.820789,4.938182,496.903608,2.073693,1.338017,0.865608,3.938622,-2.384488,-28.024129,0.712179,-206561700,54.086218,-15761683641.470806,-0.390964,42.934097,-15.086296,-16.57627,0,-0.243638,-5.087607,0.930381,1.338017,-0.138235
04-24-25,97.970001,100.059998,97.650002,99.142784,4156500,97.511416,104.122579,111.954035,-0.447661,-0.256933,0.066614,FALSE,FALSE,-7.831457,-0.431495,3.011667,34.513872,49.904583,11.860348,-2.325102,0.691555,-16.036765,-12.881511,-2.088911,84.955331,-6.470647,4.556472,460.012793,2.095212,1.348593,0.866631,4.746552,-2.09585,-28.024129,0.53073,-202405200,18.442424,-15760690962.167076,-0.353269,48.148965,-14.099471,-14.822733,0,-0.218497,-4.533061,0.93093,1.348593,0.354635
04-25-25,99.120003,99.900002,98.480003,99.103073,3014200,97.190304,103.81669,111.934439,-0.456802,-0.263082,0.065972,FALSE,FALSE,-8.117749,-0.42482,18.403403,32.554654,49.823978,6.596528,-1.959572,0.845668,-15.894172,-12.403214,-3.836918,84.615339,-6.085979,4.227472,421.969558,2.09539,1.349539,0.867216,4.533915,-2.060309,-28.024129,0.388022,-205419400,-29.660226,-15761060008.220739,-0.318587,54.921939,-13.804834,-14.480599,0,-0.20859,-4.336651,0.931244,1.349539,0.453296
04-28-25,100.010002,100.889999,99.050003,99.450493,6376400,97.000713,103.486479,111.911064,-0.461831,-0.269105,0.065319,FALSE,FALSE,-8.424585,-0.414697,25.07309,30.321525,50.576098,4.717187,-1.623142,0.945679,-15.386143,-11.536479,-3.271581,87.589823,-3.672735,3.747289,401.361874,2.091,1.355307,0.867833,4.419139,-2.140049,-28.024129,0.809838,-199043000,49.498265,-15764660660.080822,-0.306215,69.338551,-13.891419,-14.515742,0,-0.199503,-4.166153,0.931576,1.355307,0.610367
04-29-25,99.870003,101.18,99.190002,100.095695,4778700,96.815589,103.170953,111.87354,-0.460485,-0.274969,0.064654,FALSE,FALSE,-8.702587,-0.404152,40.729007,28.184919,52.014651,2.110067,-1.289591,1.023384,-14.786977,-11.210358,-1.85486,90.933906,-3.566996,3.35777,376.103025,2.092919,1.361976,0.869645,4.112053,-1.950234,-28.024129,0.621565,-194264300,-43.705161,-15765089571.0917,-0.318439,80.021806,-13.123321,-14.681791,0,-0.205874,-4.324996,0.932548,1.361976,0.87213
04-30-25,99.419998,100.459999,98.209999,99.390938,4352300,96.583812,102.826884,111.827319,-0.451996,-0.280647,0.063978,FALSE,FALSE,-9.000435,-0.396445,8.746514,26.555313,50.292695,0.468717,-1.069785,0.994551,-15.115204,-11.442709,-3.274619,80.783427,-4.456112,2.797306,342.070148,2.088996,1.367963,0.870283,4.071761,-1.875185,-28.024129,0.566553,-198616600,-2.731031,-15764873160.341373,-0.309078,71.792358,-12.991476,-15.058261,0,-0.217982,-4.599234,0.93289,1.367963,0.820629
05-01-25,100.699997,101.68,99.650002,100.006363,4016500,96.305879,102.504029,111.776756,-0.436512,-0.286112,0.063293,FALSE,FALSE,-9.272727,-0.384628,45.888922,24.814091,51.793492,1.217394,-0.836288,0.982439,-15.390498,-12.22098,-3.370801,82.157379,-5.265629,2.517719,282.684037,2.084493,1.369564,0.875988,3.67443,-1.942914,-28.024129,0.522826,-194600100,0.112164,-15767479486.567715,-0.335476,81.270252,-12.050447,-15.280789,0,-0.229289,-4.9585,0.935942,1.369564,1.309053
05-02-25,101.949997,103.370003,101.839996,102.269539,4072800,96.510855,102.252761,111.717888,-0.411618,-0.291157,0.062598,TRUE,FALSE,-9.465127,-0.366382,49.738862,23.871882,56.942023,4.927372,-0.46328,1.084358,-12.745229,-9.823213,0.7281,88.995361,4.175937,2.461559,310.415182,2.104478,1.382549,0.87334,5.07757,-1.752719,-28.024129,0.546411,-190527300,-52.88347,-15769265445.345222,-0.281397,79.722842,-11.273764,-13.975918,0,-0.202608,-4.294303,0.934526,1.382549,1.855155
05-05-25,102.190002,103.129997,101.82,101.534996,4713900,96.891029,102.047762,111.657984,-0.379493,-0.295812,0.061894,FALSE,FALSE,-9.610222,-0.349186,38.840743,22.987177,54.892858,4.600163,-0.224354,1.058627,-12.208194,-10.579121,-0.329544,81.649933,8.094694,2.392541,323.450012,2.105399,1.382858,0.873362,4.78686,-1.796892,-28.024129,0.667758,-195241200,-62.595517,-15776030461.782812,-0.337494,72.372128,-11.702012,-14.626747,0,-0.204899,-4.34134,0.934539,1.382858,1.43576
05-06-25,101.279999,102.32,100.68,100.899727,3113400,97.303959,101.83837,111.603639,-0.340244,-0.300102,0.061181,FALSE,FALSE,-9.765269,-0.334925,35.149124,21.607037,53.112663,1.319171,-0.085281,0.95816,-13.724535,-9.664339,-2.434251,75.297241,8.914613,2.397554,319.024515,2.100453,1.381023,0.874344,4.464384,-1.703942,-28.024129,0.504308,-198354600,-85.051207,-15778309597.228806,-0.355759,65.704561,-13.16447,-14.965182,0,-0.196711,-4.193958,0.935063,1.381023,1.127113
05-07-25,102.230003,102.379997,101.089996,101.038689,3422000,97.861314,101.62958,111.553845,-0.295012,-0.303997,0.060459,FALSE,FALSE,-9.924265,-0.319383,44.558506,20.35273,53.46815,-3.473872,0.035737,0.863342,-14.373732,-9.832779,-3.029462,76.686859,12.400626,2.339841,277.362984,2.100525,1.383405,0.875652,3.999079,-1.700513,-28.024129,0.597516,-194932600,-72.2989,-15782003806.143953,-0.321904,72.782374,-13.439397,-15.593006,0,-0.192976,-4.135781,0.935763,1.383405,1.145565
05-08-25,102.769997,104.419998,102.220001,102.884956,3245100,98.113936,101.462267,111.505181,-0.243393,-0.307447,0.059732,TRUE,FALSE,-10.042913,-0.300332,47.572777,20.056023,58.021959,3.129102,0.277424,0.884024,-12.493529,-8.752022,-2.288196,86.108213,5.164365,2.383111,299.233429,2.116918,1.388824,0.870317,4.052928,-1.436589,-28.024129,0.632579,-191687500,-78.632383,-15783287225.311792,-0.469494,72.414667,-12.101379,-14.952919,0,-0.167381,-3.48546,0.932908,1.388824,1.594414
05-09-25,103.93,104.32,103.220001,102.855186,4763500,98.580467,101.325631,111.451975,-0.185145,-0.310413,0.059,TRUE,FALSE,-10.126344,-0.283075,68.141674,19.78051,57.923525,4.810862,0.461244,0.854275,-11.279254,-10.620419,-2.640213,83.155957,9.976651,2.329343,296.640266,2.11223,1.386659,0.870645,3.273058,-1.28612,-28.024129,0.964714,-196451000,-44.660657,-15791210357.151381,-0.546094,79.982828,-11.506775,-16.465492,0,-0.161811,-3.381241,0.933084,1.386659,1.441045
05-12-25,107.809998,108.57,106.57,106.726395,5502000,99.181497,101.247616,111.428569,-0.12067,-0.31268,0.058265,TRUE,FALSE,-10.180953,-0.256179,71.541556,20.927164,66.000982,12.532832,0.908821,1.041481,-8.042074,-12.49746,1.360091,83.178785,12.692579,2.406695,333.489999,2.163548,1.40332,0.852807,5.849957,-0.962495,-28.024129,1.171937,-190949000,-46.896505,-15795851872.089735,-0.670988,80.133276,-8.32533,-18.132651,0,-0.128164,-2.451069,0.923475,1.40332,2.262406
05-13-25,108.150002,108.5,107.709999,107.222694,4724200,99.755231,101.230987,111.400568,-0.052005,-0.314261,0.057529,TRUE,FALSE,-10.169582,-0.228108,70.103851,21.991915,66.878838,8.856878,1.28872,1.137104,-7.448728,-11.471423,0.623154,87.662037,11.984237,2.183723,368.20926,2.164842,1.412781,0.858382,5.733311,-0.8957,-28.024129,1.015851,-186224800,-15.794164,-15806404229.39801,-0.778675,80.010114,-7.886939,-16.591168,0,-0.145095,-2.82727,0.926489,1.412781,2.028049
05-14-25,107.709999,107.879997,106.910004,106.130821,4395000,100.285785,101.225374,111.356566,0.019006,-0.315151,0.056789,TRUE,FALSE,-10.131192,-0.200122,51.917511,22.508483,63.023419,5.099895,1.484575,1.066367,-7.226275,-12.880714,0.128547,76.455808,11.108796,2.076799,380.219628,2.165838,1.409824,0.851831,5.37483,-1.095844,-28.024129,0.975154,-190619800,-39.505306,-15817860114.806894,-0.809885,72.627423,-8.439089,-18.574164,0,-0.165094,-3.143604,0.922947,1.409824,1.537279
05-15-25,106.699997,107.660004,106.43,106.865364,2557900,100.900217,101.212285,111.319896,0.090243,-0.3151,0.056046,TRUE,FALSE,-10.107611,-0.171105,54.838901,22.706776,64.505833,-1.495149,1.6797,1.009194,-7.843756,-13.674247,0.517187,83.545989,12.993288,2.069821,382.391597,2.168188,1.406735,0.851494,4.980024,-0.963595,-28.024129,0.584025,-188061900,-49.863776,-15818607260.421865,-0.804232,72.515722,-9.336089,-20.085205,0,-0.173483,-3.295999,0.922764,1.406735,1.559958
05-16-25,107.480003,108.629997,107.400002,107.689232,3408200,101.505218,101.243185,111.284125,0.161004,-0.314063,0.055301,TRUE,FALSE,-10.04094,-0.142452,56.309523,23.22293,66.145243,-0.733595,1.879155,0.96692,-7.061898,-11.651236,0.292043,90.97154,12.658355,2.048988,389.593411,2.166979,1.406242,0.850666,4.925109,-0.731653,-28.024129,0.786652,-184653700,-21.704572,-15820412601.411085,-0.806628,71.267781,-9.675014,-17.573005,0,-0.157264,-2.981233,0.922315,1.406242,1.587299
05-19-25,106.870003,107.93,106.519997,106.9944,3920900,102.170769,101.249302,111.241512,0.229544,-0.312125,0.054555,TRUE,FALSE,-9.99221,-0.119708,46.991359,23.170408,63.482134,0.458715,1.958581,0.837076,-8.23367,-11.473588,-0.786431,84.303287,14.208518,2.023574,361.632676,2.141968,0.022439,0.018536,4.55356,-0.492041,-28.024129,0.914481,-188574600,-18.65859,-15821695085.259537,-0.789773,63.80739,91.76633,88.526412,,-0.01477,-0.110495,0.136147,0.022439,1.333848
05-20-25,107.57,108.110001,107.370003,106.815735,3251900,102.714228,101.30192,111.21421,0.292017,-0.309306,0.053809,TRUE,FALSE,-9.912289,-0.097694,52.454636,23.190651,62.782177,-1.723656,1.984237,0.690185,-8.035665,-10.466564,-0.530478,79.796623,11.328368,1.951101,344.434319,2.14161,0.022497,0.018635,4.067006,-0.466818,-28.024129,0.780395,-191826500,-42.580429,-15829818414.808062,-0.902131,70.776369,-10.407908,-15.989847,0,-0.008625,-0.063986,0.136509,0.022497,1.190795
05-21-25,106.43,106.779999,104.480003,103.867645,4150300,103.049236,101.307055,111.191299,0.345253,-0.305817,0.053059,TRUE,FALSE,-9.884244,-0.080076,23.419644,21.645903,52.496443,-13.6488,1.746549,0.361999,-9.548898,-12.106986,-3.258281,40.096178,6.895489,2.009688,319.313216,2.169924,0.022304,0.017834,3.715439,-0.809164,-28.024129,1.013063,-195976800,-25.280403,-15836178692.940847,-0.909189,63.431351,-11.306379,-17.199575,0,-0.056879,-0.416299,0.133545,0.022304,0.256303
05-22-25,104.339996,105.120003,103.900002,103.768387,4538400,103.280516,101.31931,111.184633,0.388566,-0.301725,0.052304,TRUE,FALSE,-9.865324,-0.062583,10.464296,20.255791,52.186439,-11.295696,1.532506,0.118364,-7.171428,-12.234665,-3.201673,38.847644,4.665597,1.866281,306.003755,2.169877,0.022329,0.017873,3.597525,-0.795939,-28.024129,1.102656,-200515200,9.188019,-15841696305.217907,-0.984059,55.706779,-10.444435,-17.327421,0,-0.054898,-0.40182,0.133692,0.022329,0.159433
05-23-25,102.629997,104.330002,102.57,103.222443,3543300,103.486485,101.355281,111.169186,0.421076,-0.297008,0.051546,TRUE,FALSE,-9.813905,-0.04822,11.9382,19.548585,50.422717,-12.35946,1.303792,-0.08828,-7.315199,-12.891455,-3.658501,31.980419,4.156652,1.907292,289.842649,2.163823,0.02238,0.01806,3.440683,-0.690647,-28.024129,0.855387,-204058500,17.55358,-15842612561.768559,-0.984379,56.824446,-10.508955,-17.820815,0,-0.040147,-0.294701,0.134386,0.02238,-0.091098
05-27-25,105.43,106.660004,104.720001,105.842964,4091500,103.806108,101.393985,111.171965,0.445691,-0.291527,0.050789,TRUE,FALSE,-9.77798,-0.027608,30.66505,18.485723,57.795843,5.2994,1.318787,-0.058628,-5.055001,-10.798104,-0.517297,63.036701,6.427792,1.981379,277.997751,2.186911,0.022941,0.018582,3.034634,-0.479913,-28.024129,1.015742,-199967000,-35.833699,-15841967363.691635,-0.959595,63.066377,-9.51871,-17.33927,0,-0.010855,-0.078865,0.136316,0.022941,0.732688
05-28-25,106.57,106.779999,105.209999,104.572411,3332600,104.029944,101.385111,111.156532,0.460346,-0.285375,0.050031,TRUE,FALSE,-9.771421,-0.013174,20.483333,17.549808,53.631213,1.444774,1.214151,-0.130611,-6.002817,-13.273491,-0.271047,36.699077,4.472435,2.011582,264.231985,2.171837,0.022779,0.01858,2.661415,-0.346149,-28.024129,0.842462,-203299600,-30.261368,-15848006750.763454,-1.04805,57.100791,-10.056503,-18.351576,0,0.007374,0.053945,0.136309,0.022779,0.205299
05-29-25,106.050003,106.190002,104.809998,105.058784,3626900,104.313337,101.399007,111.144556,0.464542,-0.278533,0.049274,TRUE,FALSE,-9.745548,-0.000534,13.67893,16.483548,54.968899,4.546182,1.157134,-0.150102,-4.219479,-14.312425,-0.737119,41.069072,5.702579,1.882356,241.254547,2.16388,0.022797,0.018751,2.467323,-0.10467,-28.024129,0.925344,-199672700,-16.66705,-15850325937.560226,-1.090094,50.984224,-8.745881,-18.825526,0,0.040431,0.296891,0.136936,0.022797,0.308988
05-30-25,105.290001,105.940002,104.589996,104.592262,4465600,104.542632,101.375383,111.136787,0.456002,-0.271101,0.048517,TRUE,FALSE,-9.761404,0.013295,10.638272,15.381446,53.378231,-4.417612,1.062061,-0.196141,-5.455148,-16.253336,-0.813318,33.370683,4.585608,1.884944,218.924874,2.160275,0.022459,0.01825,2.288917,-0.286794,-27.712001,1.132835,-204138300,11.181377,-15854776546.905344,-1.107277,42.824624,-8.605103,-20.74322,0,0.015194,0.111726,0.135094,0.022459,0.02267
06-02-25,105.32,105.43,103.75,104.234924,4200700,104.640901,101.354737,111.118153,0.439716,-0.263113,0.047761,TRUE,FALSE,-9.763416,0.02437,-19.442311,14.634172,52.133793,-1.49742,0.946964,-0.24899,-3.534571,-15.725689,0.066109,27.474015,1.92177,1.614915,212.501377,2.154417,0.022428,0.018309,2.432484,-0.172419,-27.712001,1.063909,-208339000,3.140346,-15856552221.660227,-1.105353,33.670719,-9.130185,-21.058382,0,0.030287,0.223328,0.135311,0.022428,-0.191047
06-03-25,105.190002,106.949997,104.660004,105.912445,4671800,104.859773,101.38114,111.110494,0.420334,-0.254466,0.047008,TRUE,FALSE,-9.729353,0.039224,-9.361663,14.011611,57.180667,2.211768,0.979816,-0.17291,-0.468935,-14.416903,0.447893,55.155886,4.311271,1.65283,201.063049,2.163537,0.022554,0.018354,2.469416,-0.037593,-27.712001,1.183855,-203667200,-0.893103,-15856113826.973499,-1.014674,33.498641,-7.965543,-19.261695,0,0.049395,0.362706,0.135477,0.022554,0.523553
06-04-25,106.739998,107.019997,106.290001,105.634514,3539500,105.096513,101.349575,111.088804,0.39887,-0.24519,0.046258,TRUE,FALSE,-9.739229,0.049421,-3.76505,13.467771,56.124817,2.746586,0.972218,-0.144407,-1.75343,-14.850603,-0.94864,50.569561,4.692567,1.66648,178.601895,2.141666,0.022569,0.018759,2.491679,0.219513,-27.712001,0.892109,-207206700,13.686002,-15866009792.808243,-1.105214,40.739066,-7.600128,-18.601918,0,0.084391,0.626151,0.136964,0.022569,0.301229
06-05-25,106.470001,107.040001,105.650002,105.604729,3927400,105.324815,101.330318,111.065354,0.377751,-0.235186,0.045511,TRUE,FALSE,-9.735036,0.058516,-10.103509,12.599602,56.005464,3.871671,0.95281,-0.131052,-0.50829,-15.075969,-0.623113,50.078057,4.519101,1.658584,151.06172,2.140262,0.022594,0.018829,2.53659,0.284273,-27.4259,0.983612,-211134100,14.769141,-15870193026.735462,-1.104343,34.990862,-7.51751,-18.961222,0,0.092959,0.690207,0.137219,0.022594,0.185298
06-06-25,107.760002,108.110001,107.150002,106.875282,5014800,105.524331,101.347788,111.043621,0.352247,-0.224427,0.044767,TRUE,FALSE,-9.695832,0.068812,-6.298024,12.351895,59.920832,2.740164,1.0281,-0.044609,0.175037,-13.412494,2.105114,77.712669,3.878435,1.688366,143.29254,2.144342,0.022928,0.019316,1.994132,0.486385,-27.4259,1.22872,-206119300,54.534529,-15878077958.714577,-1.161275,36.85759,-6.439142,-17.663652,0,0.121423,0.900076,0.138983,0.022928,0.942793
06-09-25,108.690002,109.379997,108.099998,108.0168,5930700,105.782412,101.397618,111.033988,0.326653,-0.212948,0.044028,TRUE,FALSE,-9.636371,0.077837,7.646641,12.71871,63.098389,6.973572,1.166433,0.074979,3.678035,-12.792468,2.067089,79.982411,5.018331,1.742913,139.110305,2.135425,0.023142,0.019846,2.802437,0.828752,-26.459558,1.432647,-200188600,24.502991,-15884779636.988663,-1.130151,45.95458,-4.048877,-16.703278,0,0.168048,1.251298,0.140877,0.023142,1.606199
06-10-25,109.230003,109.900002,108.940002,108.671936,5853800,105.879689,101.50621,111.021287,0.301108,-0.200837,0.043291,TRUE,FALSE,-9.515077,0.09178,13.405034,13.288984,64.822152,8.816688,1.313783,0.177863,4.884671,-10.981063,3.408405,83.246041,1.822924,1.782859,152.241458,2.114619,0.022506,0.019129,3.308004,0.606377,-26.459558,1.408088,-194334800,6.394039,-15893902621.624954,-1.179268,48.378964,-4.080665,-15.018723,0,0.136347,1.024835,0.138307,0.022506,1.834091
06-11-25,109.980003,110.110001,108.639999,108.0168,4894600,105.919394,101.590583,111.009507,0.275117,-0.188177,0.042556,TRUE,FALSE,-9.418924,0.106263,35.910693,13.614729,61.717416,1.796585,1.361994,0.18086,4.712421,-11.524825,3.861591,72.238721,0.740613,1.736424,156.892902,2.112622,0.022138,0.018538,3.093997,0.397867,-26.459558,1.174951,-199229400,3.60696,-15902947302.656322,-1.158761,47.661828,-3.981708,-15.87315,0,0.107635,0.809522,0.136154,0.022138,1.336839
06-12-25,108,108.580002,107.620003,107.599899,6290400,105.992848,101.662051,110.979146,0.249283,-0.175047,0.041822,TRUE,FALSE,-9.317095,0.11879,32.274243,13.24668,59.756006,-3.342383,1.350988,0.135883,6.089321,-11.760016,3.927241,66.709536,1.384214,1.723744,161.311589,2.111539,0.022138,0.01856,2.861471,0.427522,-26.459558,1.476426,-205519800,43.12628,-15909501158.679974,-1.075458,46.211372,-3.921936,-16.587155,0,0.111413,0.838383,0.136235,0.022138,0.996241
06-13-25,107.07,107.639999,105.93,105.515404,4255300,105.92535,101.661059,110.938558,0.223605,-0.16167,0.04109,TRUE,FALSE,-9.277499,0.130109,17.098525,12.660158,51.024441,-13.797712,1.160685,-0.043536,1.547175,-13.162241,2.313259,27.757918,-1.263235,1.754413,160.289644,2.120459,0.021518,0.017372,2.644708,0.015491,-26.459558,0.979259,-209775100,66.359123,-15915819889.880198,-1.118562,45.628855,-6.288513,-17.976311,0,0.05541,0.414933,0.131804,0.021518,-0.255753
06-16-25,106.959999,107.699997,106.470001,106.579407,3309300,105.869859,101.829247,110.906804,0.199129,-0.147984,0.040359,TRUE,FALSE,-9.077557,0.142328,6.21273,12.080004,54.665796,-7.05162,1.083238,-0.096787,1.488622,-12.807212,1.746317,44.487523,-1.030581,1.652925,155.717673,2.123245,0.021778,0.017752,2.602933,0.200763,-25.864908,0.762426,-206465800,-2.901825,-15918540479.413624,-1.130379,44.995707,-5.778609,-17.286883,0,0.080888,0.605061,0.133236,0.021778,0.455663
06-17-25,106.059998,106.839996,105.800003,105.453629,3898000,105.79282,102.059689,110.871178,0.177499,-0.134125,0.039631,TRUE,FALSE,-8.811489,0.151485,7.525993,11.908671,50.396297,-9.359709,0.920409,-0.207692,1.044104,-13.030617,1.666357,26.78661,-1.440049,1.634671,153.659129,2.126185,0.021719,0.017606,2.526901,0.148834,-25.624348,0.898293,-210363800,-0.58405,-15925034972.803885,-1.190733,44.589572,-6.353598,-18.332858,0,0.073744,0.550814,0.132687,0.021719,-0.220743
06-18-25,105.839996,107.309998,105.550003,105.891991,5284200,105.746633,102.324706,110.834815,0.158343,-0.120129,0.038906,TRUE,FALSE,-8.510109,0.165755,7.14525,11.443166,51.969354,0.944913,0.817317,-0.248628,0.112046,-12.071862,3.629871,33.679095,-0.864802,1.644011,151.799656,2.102023,0.021036,0.016886,2.462325,-0.112487,-25.624348,1.189879,-205079600,62.495772,-15928265608.5217,-1.108401,51.458389,-5.755146,-17.894861,0,0.03774,0.28502,0.129947,0.021036,0.095756
06-20-25,107.07,107.089996,105.830002,105.742546,4310000,105.840378,102.641725,110.794923,0.141255,-0.106069,0.038184,TRUE,FALSE,-8.153198,0.178759,10.140107,11.010911,51.371242,-3.294554,0.715311,-0.280507,0.451521,-12.509363,2.514101,31.329338,1.805086,1.640254,145.232333,2.100624,0.021121,0.017045,2.361229,-0.054541,-24.560692,0.96877,-209389600,3.847915,-15933173919.511709,-1.090094,51.541169,-5.234027,-18.538343,0,0.045803,0.346175,0.130556,0.021121,-0.067362
06-23-25,105.940002,107.559998,105.150002,107.157227,4218800,106.00982,102.828219,110.778358,0.126043,-0.091942,0.037462,TRUE,FALSE,-7.950138,0.193169,23.564587,11.025705,56.477595,6.081299,0.740093,-0.20458,2.452346,-10.070912,3.856108,45.820629,3.265773,1.667259,139.439385,2.106335,0.021439,0.017474,2.126835,0.180342,-24.277695,0.951689,-205170800,-7.042129,-15930365254.844095,-1.00011,57.877942,-4.017899,-16.633636,0,0.077563,0.584763,0.132188,0.021439,0.822871
06-24-25,108.279999,108.910004,107.75,108.233185,2974000,106.260357,103.122392,110.768538,0.113558,-0.077745,0.036741,TRUE,FALSE,-7.646146,0.208472,19.667815,10.361164,59.92442,7.955066,0.836905,-0.086214,0.95176,-5.314786,5.3074,62.160965,4.854315,1.587178,131.511164,2.10897,0.02172,0.017894,2.01854,0.362472,-24.277695,0.675219,-202196800,-16.066943,-15930861690.875771,-1.001808,56.815862,-4.570423,-14.938419,0,0.102446,0.771577,0.133768,0.02172,1.500122
06-25-25,108.669998,108.669998,107.5,107.157227,3264300,106.32607,103.371421,110.755682,0.102888,-0.063652,0.036022,TRUE,FALSE,-7.384261,0.21799,12.087219,9.662842,55.215193,3.843951,0.817387,-0.084586,0.553314,-5.913958,4.112196,40.468254,1.24171,1.607278,132.594848,2.093381,0.021619,0.017995,1.911872,0.512963,-24.277695,0.748155,-205461100,-20.217524,-15936038669.65037,-1.078024,51.496397,-4.152821,-15.451494,0,0.121775,0.924046,0.134145,0.021619,0.626839
06-26-25,107.889999,109.230003,107.889999,108.751244,3505800,106.535012,103.631485,110.760215,0.094946,-0.049608,0.035305,TRUE,FALSE,-7.12873,0.230846,22.218104,9.303527,60.204722,3.727127,0.919938,0.014372,2.593785,-5.124412,4.944299,72.6057,3.996114,1.627547,136.377304,2.100451,0.021827,0.01822,1.815418,0.630791,-24.277695,0.801913,-201955300,5.197143,-15935037990.57136,-0.995372,57.388557,-3.565674,-14.632564,0,0.138255,1.045707,0.13498,0.021827,1.625074
06-27-25,109.629997,110.139999,108.620003,109.080002,5696400,106.736073,103.90269,110.767711,0.090585,-0.035588,0.03459,TRUE,FALSE,-6.86502,0.244353,16.676968,9.536729,61.165698,1.241278,1.016026,0.088368,3.368556,-4.673001,6.171654,78.757555,3.827588,1.558123,142.95174,2.100559,0.021837,0.018231,1.994258,0.641132,-24.277695,1.272862,-196258900,57.059748,-15937286568.7663,-0.971569,57.910414,-2.658964,-13.345075,0,0.139869,1.057867,0.135021,0.021837,1.639665
06-30-25,109.910004,109.910004,109.07,108.880753,5688000,106.950497,104.188771,110.776015,0.089264,-0.02173,0.033879,TRUE,FALSE,-6.587245,0.25986,7.036661,9.753274,60.21662,5.001426,1.063836,0.108942,5.461369,-5.638707,5.927398,74.764582,4.100198,1.451765,141.255745,2.093019,0.021404,0.017635,1.977774,0.433394,-24.277695,1.25386,-201946900,27.373701,-15945537503.526203,-1.000365,57.775934,-2.905356,-14.584207,0,0.111221,0.843946,0.132798,0.021404,1.366497
07-01-25,108.839996,112.379997,108.589996,110.544495,8660000,107.265976,104.487876,110.791663,0.090381,-0.008077,0.033171,TRUE,FALSE,-6.303786,0.265377,14.093711,11.250695,65.087911,4.883189,1.22189,0.213597,6.499462,-4.841563,7.037757,74.612673,6.053221,1.553124,147.724854,1.883316,0.003525,0.001157,3.087756,1.680427,-24.277695,1.819574,-193286900,106.156117,-15945265603.203514,-0.93199,59.651578,106.499462,,,0.233086,1.949787,0.034016,0.003525,2.219342
07-02-25,111.209999,112.489998,110.68,112.048843,7312000,107.572795,104.855186,110.80795,0.09539,0.005388,0.032468,TRUE,TRUE,-5.952764,0.265488,28.52384,12.689939,68.807079,7.64138,1.451803,0.354808,7.711854,-2.222233,7.619593,93.989718,5.793841,1.562584,178.626355,1.792145,0.003227,0.001077,4.185841,2.604213,-24.277695,1.494879,-185974900,56.513549,-15941517941.224085,-0.873009,68.356309,0.633465,-11.393699,0,0.310316,2.712781,0.032824,0.003227,2.505816
07-03-25,112.809998,113.389999,112.75,112.656563,2798000,107.923898,105.189386,110.813122,0.105072,0.018697,0.031771,TRUE,TRUE,-5.623736,0.263401,35.295837,14.417958,70.188703,9.972084,1.663868,0.453498,6.717696,-0.982203,9.051906,91.099068,6.647495,1.578321,205.511311,1.778656,0.003424,0.001232,4.504695,2.908988,-24.277695,0.576397,-183176900,-20.949287,-15945132933.475473,-0.814982,76.326342,0.103374,-11.705297,0,0.343859,3.028915,0.035098,0.003424,2.302873
07-07-25,112.269997,113.160004,110.660004,110.743752,4469200,108.180849,105.460911,110.806436,0.117778,0.031685,0.031079,TRUE,FALSE,-5.345524,0.252406,36.936844,14.393999,61.026386,-4.061525,1.658465,0.358476,12.808116,-2.874643,6.636037,67.885333,4.866281,1.656537,207.108996,1.745854,0.00338,0.001247,4.198583,3.156113,-24.277695,0.915561,-187646100,13.795386,-15949302704.713266,-0.810321,75.835503,2.180038,-12.93296,0,0.365537,3.280632,0.035313,0.00338,1.237466
07-08-25,111.43,112.699997,111.360001,111.600525,5427300,108.417111,105.710066,110.799689,0.132715,0.044345,0.030392,TRUE,TRUE,-5.089623,0.255116,35.999869,14.371751,63.335085,-5.471994,1.703679,0.322952,18.81051,-1.910392,7.511563,78.283071,4.421268,1.629205,218.092377,1.347699,-0.000214,0.000008,3.951243,2.506172,-24.277695,1.107159,-182218800,8.225652,-15952781644.92598,-0.761971,76.66565,3.471712,-10.839925,0,0.215245,2.509043,-0.002906,-0.000214,1.459663
07-09-25,112.519997,112.980003,111.589996,112.527046,6594400,108.642624,105.978546,110.796844,0.150598,0.056734,0.02971,TRUE,TRUE,-4.818298,0.251279,51.449232,14.505914,65.701271,-4.487433,1.793598,0.330297,21.465539,-2.168217,9.236184,89.527264,4.175504,1.638008,236.294131,1.204587,-0.000041,0,3.562765,3.953428,-24.277695,1.3362,-175624400,11.190922,-15950485037.111105,-0.665683,83.022552,4.211884,-10.563572,0,0.306044,3.995386,-0.000622,-0.000041,1.643893
07-10-25,113,114.800003,112.910004,113.642853,7859600,108.891169,106.262393,110.788547,0.169267,0.068776,0.029034,TRUE,TRUE,-4.526154,0.250216,53.729208,15.528328,68.350295,7.323909,1.932618,0.375454,26.422146,-1.189627,9.602732,88.008807,4.574241,1.648109,261.425519,1.201476,-0.000187,0.000008,3.865528,3.903898,-24.277695,1.560844,-167764800,34.264922,-15952249501.860062,-0.579358,83.725632,6.736104,-10.349202,0,0.300894,3.938624,-0.002843,-0.000187,1.817605
07-11-25,113.32,113.470001,112.580002,112.397537,3712900,109.110206,106.50843,110.779733,0.187163,0.080356,0.028361,TRUE,TRUE,-4.271304,0.247826,42.875512,16.215726,62.544371,-0.790714,1.920171,0.290406,14.887697,-1.54385,9.10012,75.103985,4.055607,1.653841,271.857959,1.210449,-0.000576,0.000076,3.402358,3.394896,-24.277695,0.746102,-171477700,-24.142933,-15957484813.717348,-0.547962,84.133223,1.435986,-10.672263,0,0.261761,3.401614,-0.008696,-0.000576,1.209209
07-14-25,112.589996,113.190002,112.330002,112.696411,3990200,109.365032,106.774539,110.772463,0.205062,0.0914,0.027692,TRUE,TRUE,-3.997924,0.244614,38.45093,16.651083,63.349026,-2.352244,1.912379,0.226091,20.49926,-1.307711,8.231411,71.183684,4.73654,1.551214,280.698323,1.208575,-0.000468,0.00005,3.049449,3.510569,-24.277695,0.820795,-167487500,-36.566832,-15958074908.233059,-0.499588,78.509093,2.84203,-10.465488,0,0.270802,3.524384,-0.007086,-0.000468,1.186818
07-15-25,113.559998,113.669998,110.800003,110.405022,8046900,109.609513,106.982512,110.75359,0.220316,0.101764,0.027027,TRUE,FALSE,-3.771078,0.235093,13.903062,15.918299,53.805387,-14.544908,1.701692,0.012323,16.576848,-1.339272,2.606419,39.794801,4.634032,1.655689,266.330292,1.234477,-0.000572,0.000072,2.874092,3.212724,-24.277695,1.593141,-175534400,89.103001,-15968336707.960314,-0.519869,69.477656,2.404788,-11.307281,0,0.252425,3.215659,-0.008471,-0.000572,0.298693
07-16-25,111.32,111.720001,109.75,111.14225,7664000,109.837655,107.159967,110.745781,0.232413,0.111499,0.026365,TRUE,TRUE,-3.585814,0.227617,26.075637,14.991537,56.097074,-6.447297,1.576041,-0.090663,16.077853,-1.082847,2.307769,47.065831,4.281168,1.696121,258.433776,1.231117,-0.000647,0.000092,2.505954,3.134932,-24.277695,1.454628,-167870400,131.589762,-15965168019.781609,-0.442496,65.664724,2.52283,-12.447308,0,0.245239,3.132979,-0.0096,-0.000647,0.504808
07-17-25,111.43,113.160004,111.370003,112.44735,7646500,110.187341,107.378214,110.740869,0.242322,0.120775,0.025706,TRUE,TRUE,-3.362655,0.218186,24.651163,14.554069,59.890547,-3.458479,1.563746,-0.082366,17.721595,-1.269132,2.114448,62.115121,6.632034,1.67294,242.836791,1.200415,-0.000145,0.000005,2.243982,3.913356,-24.277695,1.401452,-160223900,96.1647,-15963610130.836126,-0.353503,67.383481,3.976252,-13.71413,0,0.301497,3.950041,-0.002211,-0.000145,0.93067
07-18-25,113.379997,113.529999,111.660004,111.451096,6600200,110.465296,107.589241,110.726711,0.248865,0.129523,0.025051,TRUE,TRUE,-3.13747,0.209914,15.139989,14.348142,55.918536,2.113149,1.45682,-0.151433,17.841977,-3.76602,-2.272782,46.072402,5.249788,1.710325,222.005575,1.177796,-0.000837,0.000169,2.03707,3.246819,-24.277695,1.195272,-166824100,24.904432,-15971685024.650997,-0.393155,60.121922,4.475094,-14.792546,0,0.242311,3.238292,-0.013002,-0.000837,0.444043
07-21-25,112.449997,112.849998,111.580002,111.192062,4394100,110.737772,107.792309,110.709297,0.253685,0.137684,0.024398,TRUE,TRUE,-2.916989,0.202426,14.702131,14.10018,54.899037,-1.198037,1.335781,-0.217978,16.322817,-4.267811,-2.047167,41.901179,5.15357,1.750213,192.467718,1.171808,-0.001121,0.000306,1.796553,2.923626,-24.277695,0.79515,-171218200,1.951276,-15978763611.669579,-0.412492,54.424699,3.532176,-14.889789,0,0.215428,2.894856,-0.017497,-0.001121,0.236035
07-22-25,111.760002,113.230003,111.760002,112.407501,5827200,111.000286,107.982759,110.705363,0.257566,0.145292,0.023746,TRUE,TRUE,-2.722604,0.199499,12.198348,14.093451,58.703607,-1.18694,1.322685,-0.184859,19.986599,-3.729909,0.571601,52.623755,4.899599,1.619955,176.176771,1.153461,-0.001367,0.00047,1.667651,2.754564,-24.277695,1.039356,-165391000,38.124585,-15979457337.476633,-0.43781,52.936571,6.233085,-13.490108,0,0.1984,2.709887,-0.021687,-0.001367,0.798752
07-23-25,113.620003,114.190002,113.169998,113.722557,3264200,111.274754,108.200107,110.710602,0.261819,0.152451,0.023095,TRUE,TRUE,-2.510496,0.197924,11.096454,14.622803,62.399421,6.480885,1.402256,-0.084231,18.526982,-4.203096,2.455085,78.664449,5.071801,1.590984,173.538919,1.159469,-0.001155,0.000332,1.683894,3.016386,-23.948029,0.580709,-162126800,9.757902,-15979184958.647366,-0.429841,50.549352,6.269556,-13.207106,0,0.219961,2.987709,-0.018223,-0.001155,1.410521
07-24-25,113.620003,113.620003,112.269997,111.899406,3662100,111.511863,108.303567,110.710942,0.262957,0.159002,0.022444,TRUE,TRUE,-2.407375,0.193136,-4.645487,14.412116,55.044546,0.145509,1.303181,-0.146644,15.161384,-4.914527,-0.637976,42.562478,4.425441,1.624017,144.24336,1.18339,-0.001478,0.000522,1.719394,2.518613,-23.948029,0.649199,-165788900,12.18638,-15984857624.976456,-0.432719,46.445957,3.702336,-13.758129,0,0.185202,2.46483,-0.022847,-0.001478,0.268673
07-25-25,112.779999,112.970001,111.879997,112.487198,3046700,111.698661,108.408857,110.705788,0.262264,0.165083,0.021793,TRUE,TRUE,-2.296931,0.189713,11.643366,13.926247,56.811981,-1.891627,1.257597,-0.153783,13.459793,-4.735487,-0.889192,54.201905,3.435321,1.525997,130.109402,1.18271,-0.0015,0.000538,1.597038,2.492438,-23.948029,0.542311,-162742200,-13.095442,-15984509918.731573,-0.440299,47.274811,2.591254,-13.456177,0,0.183003,2.437063,-0.0232,-0.0015,0.606057
07-28-25,113.18,113.32,112.489998,112.377609,2951900,111.863541,108.533793,110.70548,0.259336,0.170754,0.021141,TRUE,TRUE,-2.171687,0.184228,5.462213,13.699263,56.367029,-6.032393,1.198809,-0.170057,13.394677,-4.628468,0.870816,52.031835,3.023109,1.456078,115.220501,1.177417,-0.001404,0.000476,1.549752,2.639962,-23.948029,0.538592,-165694100,-48.179552,-15988261238.510965,-0.465032,45.563626,2.847332,-12.866105,0,0.193778,2.592023,-0.021808,-0.001404,0.44616
07-29-25,113.449997,113.5,112.029999,111.929291,3104400,112.015968,108.635071,110.703566,0.254261,0.175929,0.020488,TRUE,TRUE,-2.068495,0.178329,-4.347836,13.125589,54.486969,-0.557577,1.103325,-0.212432,12.547749,-4.769009,-0.792025,43.154247,2.799887,1.467015,91.382843,1.17878,-0.001586,0.000606,1.581266,2.408391,-23.948029,0.580089,-168798500,-45.421941,-15991790995.898497,-0.432147,38.589766,2.095438,-13.570362,0,0.175632,2.347091,-0.024623,-0.001586,-0.094851
07-30-25,112.800003,113.260002,110.93,111.14225,5070600,112.045856,108.704132,110.696149,0.246977,0.18063,0.019834,TRUE,TRUE,-1.992018,0.174313,-18.633988,12.58068,51.254924,-5.557056,0.953158,-0.290079,11.035994,-5.382873,-3.296832,31.356966,0.540737,1.481069,87.19865,1.152473,-0.00217,0.001188,1.693451,1.782414,-23.948029,0.980372,-173869100,-41.448037,-15995937790.948891,-0.489859,28.66582,1.578005,-13.019858,0,0.122522,1.676879,-0.034473,-0.00217,-1.036261
07-31-25,110.889999,111.470001,109.970001,109.867043,5909300,111.936766,108.761585,110.68618,0.235791,0.184765,0.019176,TRUE,FALSE,-1.924595,0.166469,-18.814828,12.684466,46.44747,-9.919558,0.722918,-0.416256,10.540302,-6.16809,-3.793538,2.636092,-1.947187,1.52668,99.88429,1.159234,-0.002234,0.001245,1.895207,1.674077,-23.948029,1.158235,-179778400,-19.183534,-16002658309.246214,-0.599182,27.825359,1.167907,-13.217712,0,0.114909,1.563511,-0.035281,-0.002234,-2.072121
08-01-25,109.099998,109.120003,107.089996,108.053856,5402900,111.706631,108.786347,110.656801,0.220299,0.188365,0.018513,FALSE,FALSE,-1.870454,0.154112,-31.025277,14.16806,40.614298,-13.872671,0.38965,-0.599619,8.046981,-8.581988,-5.912076,13.575475,-4.085609,1.679024,130.697912,1.178072,-0.002326,0.001306,2.304005,1.417182,-23.820471,1.032619,-185181300,93.098642,-16002930548.787024,-0.552323,27.364894,-0.234347,-13.246664,0,0.096905,1.297335,-0.03614,-0.002326,-2.794823
08-04-25,109.07,110.290001,108.790001,109.877007,4455700,111.663293,108.906534,110.632665,0.202556,0.191542,0.017846,TRUE,FALSE,-1.72613,0.144582,-3.642603,14.68826,47.723401,-3.531523,0.269539,-0.575784,7.438645,-6.254657,-4.88241,39.253631,-0.782658,1.60996,135.41072,1.195303,-0.006853,0.016199,2.3489,1.739737,-23.820471,0.851697,-180725600,-0.302067,-16000928420.893957,-0.493407,35.169837,107.438645,93.745343,,0.096679,1.284505,-0.127273,-0.006853,-1.319162
08-05-25,110.709999,110.93,109.459999,110.405022,3896100,111.603518,109.039267,110.610433,0.182454,0.194331,0.017175,TRUE,FALSE,-1.571166,0.138556,-5.160376,14.734771,49.605007,3.157537,0.214485,-0.504671,8.735929,-4.538764,-1.666604,46.690457,-1.071234,1.569911,138.310038,1.175696,-0.007193,0.018484,2.399475,1.465684,-23.820471,0.755791,-176829500,-28.212924,-15999815133.916855,-0.456193,43.10486,-0.976083,-13.695433,0,0.064507,0.865961,-0.135955,-0.007193,-0.866529
08-06-25,111.010002,111.089996,110.5,110.395058,3694800,111.496919,109.182719,110.580406,0.159597,0.196804,0.016501,TRUE,FALSE,-1.397687,0.132045,-15.79756,14.667839,49.56875,8.954452,0.168111,-0.440835,9.410661,-5.605443,1.793746,46.55012,-1.894645,1.483819,139.031558,1.175655,-0.007191,0.018482,2.505831,1.470216,-23.820471,0.737483,-180524300,-43.970642,-16004824317.975201,-0.542307,39.35387,-2.224892,-16.615765,0,0.065038,0.873114,-0.135948,-0.007191,-0.792526
08-07-25,111.910004,111.959999,110.050003,110.17588,4727700,111.32357,109.269378,110.550264,0.133897,0.198825,0.015826,TRUE,FALSE,-1.280886,0.131318,-10.4405,14.01564,48.725075,1.001674,0.112379,-0.397254,9.04326,-6.630326,4.828021,43.463119,-3.050761,1.489364,132.318767,1.074736,-0.008021,0.027705,2.586304,0.632849,-23.544759,0.974097,-185252000,-39.848084,-16008928864.334055,-0.583912,48.567924,-0.937243,-15.583242,0,-0.008977,-0.132936,-0.166447,-0.008021,-0.867367
08-08-25,111.209999,111.519997,110.690002,110.474762,3370600,111.227431,109.387425,110.52343,0.106624,0.200345,0.015151,TRUE,FALSE,-1.136005,0.131729,-5.853618,13.410026,49.975445,0.370438,0.091276,-0.334686,7.376983,-6.038191,3.915627,47.672714,-1.710692,1.481792,131.084351,1.073785,-0.008061,0.028033,2.630187,0.585672,-22.902324,0.696937,-181881400,-9.219209,-16014047644.153706,-0.584773,55.207768,-2.117382,-15.103173,0,-0.012618,-0.187068,-0.167431,-0.008061,-0.574187
08-11-25,111.220001,111.699997,110.599998,110.405022,3357400,111.112862,109.494349,110.506443,0.078554,0.201382,0.014477,TRUE,FALSE,-1.012094,0.129995,-18.026928,12.718614,49.671072,0.102322,0.068138,-0.286259,7.340257,-4.766923,4.860994,46.690457,-2.033241,1.430149,127.535005,1.064637,-0.007876,0.02721,2.725846,0.828082,-22.902324,0.698779,-185238800,-15.858854,-16018595255.133114,-0.629808,53.165729,-2.002962,-14.358922,0,0.005062,0.075651,-0.164956,-0.007876,-0.555017
08-12-25,111.690002,114.410004,111.440002,113.951691,4638100,111.290195,109.681538,110.510524,0.054249,0.202024,0.013806,TRUE,TRUE,-0.828986,0.135083,1.717658,13.153511,62.25966,13.534585,0.332159,-0.01779,6.769924,-1.816592,5.844971,93.7389,3.212416,1.524949,141.109894,1.136814,-0.007403,0.020968,2.90149,1.362067,-22.902324,1.000836,-180600700,-42.361655,-16015388603.346758,-0.507657,54.301011,-1.951892,-10.846369,0,0.051647,0.718653,-0.144805,-0.007403,1.886115
08-13-25,115,116.900002,114.790001,116.362633,3962600,111.551215,109.924092,110.530239,0.034748,0.202389,0.01314,TRUE,TRUE,-0.606147,0.145126,32.045742,14.583539,68.100713,18.125268,0.727554,0.302084,8.524257,0.44058,8.290576,94.522238,4.697028,1.585169,180.901131,1.162954,-0.007146,0.018634,4.687107,1.6374,-22.902324,0.890641,-176638100,-48.295929,-16013444370.066698,-0.542534,61.071988,-0.202808,-8.762939,0,0.076575,1.039349,-0.136505,-0.007146,2.659695
08-14-25,115.400002,115.470001,114.279999,114.718811,4793200,111.664788,110.100219,110.540165,0.019813,0.20241,0.012477,TRUE,TRUE,-0.439946,0.150814,14.893602,15.5541,61.151364,11.480293,0.897914,0.377955,8.09189,0.280873,8.076406,77.765654,2.020022,1.669688,193.513972,1.175839,-0.014559,0.05138,4.617275,1.446773,-22.902324,1.113018,-181431300,-37.315111,-16014702594.285809,-0.593203,59.154392,0.062453,-9.058761,0,0.050168,0.684976,-0.226672,-0.014559,1.578193
08-15-25,115.529999,115.529999,114.019997,114.011467,4003700,111.792806,110.267758,110.549055,0.008875,0.20191,0.011818,TRUE,TRUE,-0.281296,0.154611,10.48591,16.27034,58.390195,-3.869465,0.964728,0.355815,6.687015,-1.681254,5.60366,70.555219,2.297305,1.722474,200.373353,1.179147,-0.014673,0.051895,4.557752,1.341834,-22.902324,0.958588,-185435000,-39.339717,-16018751526.290821,-0.563446,53.116502,-0.306854,-10.271828,0,0.038273,0.525698,-0.227804,-0.014673,1.107263
08-18-25,114.360001,114.980003,114.269997,114.180832,5534000,111.942245,110.439281,110.550311,0.002378,0.20091,0.011162,TRUE,TRUE,-0.11103,0.153288,14.713546,16.935421,58.869082,-9.231631,1.019591,0.328543,6.028086,-1.459509,6.269785,72.28167,2.687934,1.688548,206.702366,1.117081,-0.014313,0.055049,4.470726,2.105257,-22.902324,1.307143,-179901000,25.941604,-16025675478.3228,-0.554034,50.96756,-0.670161,-10.945904,0,0.089878,1.305465,-0.234625,-0.014313,1.083
08-19-25,114.82,115.760002,114.349998,114.320305,3390100,112.037885,110.588181,110.554862,-0.00042,0.199429,0.010511,TRUE,TRUE,0.033319,0.151453,21.685898,17.902158,59.284654,-1.866711,1.062082,0.296827,6.846998,-1.950431,3.953513,73.703412,1.701669,1.639576,213.288679,1.116577,-0.014274,0.054788,4.332412,2.157795,-22.606734,0.82448,-176510900,-41.822831,-16029208364.172203,-0.604978,57.970777,,-10.631587,0,0.093699,1.361295,-0.234068,-0.014274,1.070108
08-20-25,114.580002,114.809998,113.669998,113.782326,3981600,112.040873,110.703492,110.556037,-0.000401,0.197453,0.009864,TRUE,TRUE,0.147454,0.147224,28.131664,18.258508,56.896704,-1.493491,1.040354,0.220079,6.522064,-2.037692,3.162154,68.219428,0.052557,1.624728,213.541183,1.116015,-0.014273,0.05484,4.110382,2.172046,-21.719688,0.959959,-180492500,21.97782,-16032405326.076073,-0.641569,59.699436,-0.111845,-11.201217,0,0.094738,1.3771,-0.23418,-0.014273,0.815511
08-21-25,113.610001,114.290001,113.269997,113.692665,2780100,112.130536,110.803906,110.566029,0.003491,0.195086,0.009223,TRUE,TRUE,0.237877,0.146703,46.241794,18.27786,56.488326,-2.380756,1.004322,0.147238,9.459173,-0.992972,2.221389,60.452082,1.602563,1.515622,216.657994,1.072091,-0.014932,0.065265,3.691812,1.615075,-19.585276,0.677482,-183272600,-24.084542,-16032881395.379108,-0.585146,62.203335,1.201445,-11.153309,0,0.04713,0.718522,-0.25547,-0.014932,0.721011
08-22-25,114.82,118.779999,114.550003,118.056267,4982300,112.40899,111.004695,110.596026,0.013379,0.192506,0.00859,TRUE,TRUE,0.40867,0.150746,55.510439,20.042959,68.382436,9.097782,1.31274,0.364525,13.76901,5.610147,7.379282,92.234635,4.950847,1.632109,254.044808,1.160223,-0.013871,0.047763,4.577539,2.641358,-19.363982,1.186162,-178290300,63.531034,-16029603990.67882,-0.536789,62.757509,4.712982,-7.015292,0,0.137789,1.916348,-0.218548,-0.013871,2.222945
08-25-25,118.07,118.18,117.379997,116.940453,6943900,112.637132,111.191507,110.616962,0.028062,0.189635,0.007963,TRUE,TRUE,0.574544,0.153035,42.652696,21.681979,63.595229,6.698525,1.450407,0.401753,13.289755,5.002384,5.150709,78.928441,4.060278,1.606758,273.49189,1.169195,-0.014077,0.048465,4.244693,2.301963,-19.363982,1.578175,-185234200,135.234933,-16044178247.290619,-0.635427,64.853168,4.841224,-6.909729,0,0.112689,1.556283,-0.220149,-0.014077,1.573473
08-26-25,117.339996,118.239998,117.220001,117.338959,3829200,112.907615,111.427978,110.628273,0.047852,0.186404,0.007342,TRUE,TRUE,0.799705,0.154525,44.197771,23.078755,64.549749,8.061423,1.573527,0.419899,10.861369,5.257325,6.311538,83.493233,4.833112,1.638712,292.231666,1.16642,-0.013934,0.047706,3.877591,2.48546,-19.199009,0.863172,-181405000,23.347507,-16047114283.304472,-0.623544,65.06405,3.271771,-7.134758,0,0.126909,1.755775,-0.218417,-0.013934,1.51638
08-27-25,117.540001,118.839996,117.5,118.315292,4079700,113.266267,111.662695,110.610002,0.071897,0.183198,0.006727,TRUE,TRUE,1.052694,0.156303,49.425229,24.57371,66.843484,-1.538952,1.729941,0.46105,13.141977,6.35027,4.084721,93.632232,6.453929,1.6005,312.723678,1.16705,-0.013695,0.045991,3.615907,2.750205,-18.743652,0.930026,-177325300,-19.542066,-16046229569.387053,-0.573237,64.854416,5.149987,-6.019376,0,0.147838,2.041606,-0.214455,-0.013695,1.614532
08-28-25,119.18,119.269997,117.900002,118.086151,4132300,113.677223,111.915346,110.59485,0.098255,0.180207,0.00612,TRUE,TRUE,1.320496,0.159765,46.415461,26.102341,65.767941,2.172711,1.814493,0.436482,12.400074,7.657377,3.918823,86.345493,7.480959,1.605171,319.630914,1.153756,-0.013998,0.049241,3.152888,2.368429,-18.743652,0.961492,-181457600,-30.071244,-16049238907.749121,-0.541912,65.436199,4.262402,-5.375042,0,0.115728,1.620632,-0.221902,-0.013998,1.379381
08-29-25,118.669998,118.870003,117.690002,117.597984,3949800,114.154429,112.149466,110.573728,0.125179,0.177469,0.005518,TRUE,TRUE,1.575738,0.16128,42.772435,27.332686,63.426468,-1.12328,1.821118,0.354486,12.434689,6.30121,4.133295,78.646059,8.832751,1.609087,302.016945,1.154919,-0.014045,0.049495,2.60272,2.331456,-16.808795,0.934832,-185407400,-26.894816,-16053804729.962292,-0.602041,59.304454,3.549089,-6.014237,0,0.113206,1.583977,-0.222474,-0.014045,1.140186
09-02-25,116.709999,117.269997,116.220001,116.711319,5492900,114.496145,112.368841,110.538319,0.15262,0.175081,0.004923,TRUE,TRUE,1.830522,0.160626,19.493286,27.243834,59.297093,-7.54639,1.734824,0.214553,11.969496,8.011854,3.67074,57.355372,6.219966,1.460536,289.475928,1.16098,-0.014174,0.049892,2.435948,2.153886,-16.395331,1.284287,-190900300,23.278048,-16054157113.715971,-0.622266,51.043059,3.963791,-6.037433,0,0.100282,1.396293,-0.223365,-0.014174,0.765236
09-03-25,116.809998,117.809998,116.370003,116.571846,3793000,114.804486,112.557133,110.511723,0.179262,0.172658,0.004333,TRUE,TRUE,2.045411,0.161279,1.760262,27.401115,58.650251,-7.11769,1.636319,0.092838,10.064352,9.548221,3.010963,55.030823,5.585638,1.369863,276.141416,1.15363,-0.014428,0.052425,2.427835,1.864276,-16.395331,0.887906,-194693300,-2.646236,-16056886788.368805,-0.667997,50.932079,1.419619,-7.241182,0,0.076655,1.076175,-0.228965,-0.014428,0.64002
09-04-25,117.330002,118.800003,117.120003,118.315292,3203200,115.200498,112.758776,110.498992,0.205065,0.170495,0.00375,TRUE,TRUE,2.259784,0.166187,30.008263,27.961895,63.944879,0.51841,1.679573,0.108874,12.00439,10.040471,4.040037,84.088262,7.174447,1.358462,266.190425,1.160687,-0.01429,0.050789,2.287877,1.950392,-16.155915,0.754179,-191490100,-13.305186,-16055531951.477057,-0.596944,57.585614,2.208952,-6.174374,0,0.084724,1.180881,-0.225364,-0.01429,1.170138
09-05-25,119.099998,120.330002,118.029999,118.683907,6395900,115.625899,112.989309,110.495898,0.228638,0.16856,0.003176,TRUE,TRUE,2.493411,0.172237,40.119725,29.039758,64.966281,5.669188,1.723726,0.122422,12.38503,11.813789,7.435068,76.68422,7.722222,1.401789,249.100468,1.159381,-0.014344,0.051303,2.292706,1.885278,-16.155915,1.476881,-185094200,35.285657,-16058291048.699297,-0.569913,65.619706,2.234352,-6.057593,0,0.07947,1.109338,-0.226502,-0.014344,1.22762
09-08-25,119.220001,119.25,117.860001,118.504578,6611600,116.02739,113.184376,110.497545,0.24996,0.166796,0.00261,TRUE,TRUE,2.68683,0.176326,37.093943,29.895435,64.016152,5.365902,1.72437,0.098453,10.881183,11.075267,7.538806,74.144152,7.268462,1.429313,225.278379,1.155847,-0.014252,0.05094,2.056663,1.99445,-16.155915,1.471622,-191705800,96.154987,-16058770724.470745,-0.497727,64.297572,1.271835,-5.783841,0,0.087437,1.223935,-0.225699,-0.014252,1.099612
09-09-25,118.68,118.730003,117.470001,117.468475,4063700,116.380563,113.352145,110.493718,0.267299,0.165174,0.002053,TRUE,TRUE,2.858427,0.177427,25.079361,30.348361,58.676695,-5.268184,1.622572,-0.002677,8.75019,12.75006,7.053758,59.468493,6.397765,1.422513,184.10058,1.16147,-0.014338,0.051065,1.827352,1.87355,-16.155915,0.897451,-195769500,21.037112,-16062844266.857409,-0.488611,58.373349,-1.370335,-5.879381,0,0.078715,1.096654,-0.225976,-0.014338,0.590934
09-10-25,118.120003,118.410004,117.150002,117.179565,3788900,116.541956,113.518122,110.487123,0.281823,0.163736,0.001505,TRUE,TRUE,3.030999,0.173973,27.611385,30.485785,57.242943,-7.723338,1.501278,-0.099177,7.828727,13.095805,8.656006,55.376288,2.832669,1.433335,175.64134,1.129978,-0.014093,0.052129,1.495211,2.321774,-16.155915,0.844684,-199558400,-18.309221,-16066455366.087204,-0.569232,58.44114,-2.26566,-6.868913,0,0.108852,1.559646,-0.228319,-0.014093,0.363018
09-11-25,118.150002,120.199997,117.769997,119.650269,5320700,116.706338,113.700237,110.492097,0.29492,0.162562,0.000967,TRUE,TRUE,3.20814,0.175725,40.569846,31.334891,65.097294,1.081141,1.586231,-0.011379,10.770055,15.990007,11.218804,88.239906,2.825336,1.523159,188.768576,1.152332,-0.013834,0.048241,1.681566,2.529314,-16.155915,1.168488,-194237700,34.272952,-16063542023.697289,-0.550102,64.150136,0.234821,-4.155304,0,0.128797,1.804565,-0.219637,-0.013834,1.559545
09-12-25,119.830002,119.830002,118.419998,118.016411,3530000,116.871218,113.819588,110.479293,0.304413,0.161684,0.00044,TRUE,TRUE,3.340296,0.172164,-0.333381,32.123346,57.566348,-1.110347,1.504377,-0.074586,9.680782,16.359597,10.069618,43.708256,2.874507,1.321678,184.855721,1.158718,-0.013864,0.047915,1.683474,2.444763,-16.155915,0.786134,-197767700,-26.354002,-16069092817.476913,-0.605637,57.93258,-0.105644,-4.41783,0,0.123305,1.717785,-0.218895,-0.013864,0.619506
09-15-25,118.900002,119.290001,118.389999,118.125999,3621400,117.076945,113.928977,110.456889,0.311037,0.161022,-0.000078,TRUE,TRUE,3.472089,0.168827,10.828062,32.826089,57.918005,0.675062,1.431844,-0.117695,11.951426,13.683511,9.971588,46.374646,3.608876,1.349089,173.926697,1.158422,-0.01392,0.048342,1.607368,2.371655,-16.155915,0.809936,-194146300,-9.548667,-16074838768.050388,-0.627204,49.826242,1.118746,-5.833673,0,0.117675,1.640324,-0.219869,-0.01392,0.603159
09-16-25,118.269997,118.300003,117.150002,117.980003,6143000,117.266903,114.073702,110.422332,0.314788,0.160525,-0.000588,TRUE,TRUE,3.65137,0.164318,5.993128,32.322681,57.237471,-7.859822,1.347053,-0.161989,10.69681,12.344668,8.446093,42.82243,3.327329,1.341704,160.889473,1.158339,-0.013916,0.048325,1.567254,2.375829,-16.155915,1.364606,-200289300,11.004698,-16072114473.297415,-0.515798,42.08526,0.523769,-5.834904,0,0.117977,1.644631,-0.21983,-0.013916,0.443224
09-17-25,118.300003,120.82,117.190002,117.949997,5292000,117.448388,114.200692,110.393656,0.314635,0.16011,-0.001091,TRUE,TRUE,3.807036,0.161477,-3.74662,32.913824,57.088999,-0.477349,1.262877,-0.196932,11.850108,13.017939,5.668934,37.608615,3.17502,1.470972,145.652333,1.148758,-0.014181,0.05108,1.584805,2.081661,-16.155915,1.151246,-205581300,56.10159,-16075190553.752909,-0.500159,43.177299,1.327729,-5.680555,0,0.093502,1.317026,-0.226008,-0.014181,0.344388
09-18-25,118.779999,120.809998,118.480003,120.629997,3536900,117.790771,114.362751,110.378036,0.311284,0.159919,-0.001581,TRUE,TRUE,3.984714,0.164254,20.84973,33.462743,65.657464,7.73946,1.396324,-0.050788,13.917962,14.045602,7.627516,95.869511,6.018221,1.52652,135.035745,1.175775,-0.013937,0.047007,2.268599,2.319168,-16.155915,0.773173,-202044400,-11.168877,-16072200129.859093,-0.434961,42.694913,2.921555,-3.463177,0,0.116159,1.593765,-0.216811,-0.013937,2.102573
09-19-25,120.949997,120.959999,119.040001,119.260002,5282400,118.069138,114.475094,110.354047,0.304679,0.159881,-0.002062,TRUE,TRUE,4.121047,0.162272,12.703948,34.030145,59.154774,1.917303,1.375677,-0.057148,12.783365,13.292606,5.586761,64.135069,4.89683,1.588376,98.569347,1.178327,-0.014061,0.047669,2.188016,2.282355,-16.155915,1.124001,-207326800,90.007554,-16076271971.987696,-0.461637,41.787415,0.396288,-5.484293,0,0.113718,1.557437,-0.218333,-0.014061,1.208148
09-22-25,119.199997,119.769997,118.68,119.57,3241300,118.144825,114.618543,110.330137,0.294622,0.159996,-0.002534,TRUE,TRUE,4.288406,0.162828,22.858438,34.21411,60.117311,3.028312,1.368552,-0.051418,11.583701,14.32012,5.724168,69.716765,1.282213,1.567054,104.120604,1.165924,-0.014313,0.050513,2.022077,2.02806,-16.155915,0.702707,-204085500,-34.943701,-16074220125.724012,-0.483634,43.191771,-0.848317,-5.386526,0,0.091682,1.271666,-0.22475,-0.014313,1.368773
09-23-25,119.889999,121,119.230003,119.330002,3554900,118.264302,114.751215,110.309635,0.281248,0.160295,-0.002997,TRUE,TRUE,4.44158,0.162946,21.878762,34.887771,58.958909,-6.698555,1.328229,-0.073393,10.252694,11.302035,3.493181,56.95878,2.04339,1.589959,103.279703,1.166727,-0.014391,0.051005,1.833948,1.912595,-15.64829,0.800087,-207640400,-48.805426,-16077373347.475586,-0.373555,43.060881,-1.064336,-6.162125,0,0.082672,1.146383,-0.225844,-0.014391,1.031858
09-24-25,119.379997,119.839996,118.260002,118.339996,3417400,118.314354,114.909914,110.282026,0.264399,0.16071,-0.00345,TRUE,TRUE,4.627888,0.160534,0.208418,34.629055,54.309967,-4.844807,1.202525,-0.159277,10.435852,11.046909,3.661362,30.908968,0.853116,1.564138,100.958796,1.172887,-0.01449,0.05116,1.832425,1.756608,-15.198059,0.772722,-211057800,-10.754205,-16080444705.465475,-0.376824,37.913056,-1.510035,-6.167302,0,0.071018,0.979785,-0.226186,-0.01449,0.025398
09-25-25,117.440002,117.599998,116.75,117.309998,4406000,118.26409,115.033269,110.25819,0.244363,0.16109,-0.003894,TRUE,TRUE,4.77508,0.158727,-10.978547,33.205176,49.901365,-10.215946,1.00817,-0.282906,7.870029,10.667945,2.767906,13.176413,-0.849674,1.53464,103.426276,1.165825,-0.014542,0.026609,1.926896,1.222948,-14.847204,0.992596,-215463800,7.998137,-16079045167.41268,-0.36964,28.800559,-3.099346,-7.136542,0,0.054515,0.747776,-0.163123,-0.014542,-0.922485
09-26-25,117.5,118.589996,117.379997,118.470001,2879300,118.283282,115.153722,110.240104,0.223576,0.161531,-0.004328,TRUE,TRUE,4.913618,0.160996,-0.256213,32.381664,54.391642,-4.567267,0.936945,-0.283305,8.60836,12.266894,3.75749,40.470617,0.325059,1.512982,103.434852,1.160011,-0.014396,0.025817,1.928783,1.144227,-14.847204,0.657943,-212584500,-30.322097,-16076736945.433071,-0.314176,35.590283,-2.474054,-5.511036,0,0.070572,0.971051,-0.160677,-0.014396,0.180519
09-29-25,119.150002,119.150002,118.050003,118.580002,3403300,118.332383,115.2963,110.223304,0.204098,0.162077,-0.004752,TRUE,TRUE,5.072997,0.164119,8.843353,31.882641,54.805313,0.495346,0.879239,-0.272809,8.908139,14.856014,5.213557,43.058867,0.835063,1.50194,102.335496,1.158553,-0.014498,0.026253,1.853607,1.043012,-14.847204,0.782568,-209181200,-13.836144,-16076860704.80094,-0.265079,41.905612,-2.388971,-5.753018,0,0.062812,0.865594,-0.162029,-0.014498,0.241968
09-30-25,118.349998,118.900002,117.610001,118.830002,4515800,118.438317,115.449059,110.20991,0.185246,0.16274,-0.005165,TRUE,TRUE,5.239149,0.16408,13.17172,31.073273,55.786817,5.885452,0.843951,-0.246477,7.495179,14.481787,4.760964,48.94122,1.815319,1.500583,95.402712,1.134528,-0.01422,0.026335,1.735079,1.510223,-14.847204,1.050177,-204665400,-17.788418,-16072834989.138218,-0.217183,41.363201,,-5.348993,0,0.095681,1.346364,-0.16228,-0.01422,0.410559
10-01-25,118.199997,119.489998,118.160004,119.18,4728400,118.568725,115.584509,110.194639,0.167198,0.163453,-0.005568,TRUE,TRUE,5.38987,0.165618,-4.517706,30.621545,57.188581,2.796939,0.834606,-0.204658,6.364329,14.56699,4.285293,57.176478,2.237379,1.394863,85.899094,1.131559,-0.014261,0.026633,1.751167,1.402161,-14.847204,1.087787,-199937000,24.661218,-16070310797.929842,-0.154412,40.746677,-5.298269,-4.99952,0,0.087646,1.236786,-0.163196,-0.014261,0.71162
10-02-25,119.269997,119.68,118.449997,119.540001,5585200,118.62996,115.700858,110.186071,0.150617,0.164242,-0.005961,TRUE,TRUE,5.514787,0.168895,16.677523,30.298802,58.641075,3.835762,0.846491,-0.154218,6.110108,13.238263,4.242568,65.64708,1.035123,1.379907,88.328326,1.127956,-0.014357,0.027168,1.670211,1.282757,-8.432768,1.250631,-194351800,74.363137,-16065997016.55916,-0.117166,48.731714,-4.957698,-5.175925,0,0.07853,1.112051,-0.164826,-0.014357,1.030293
10-03-25,119.910004,121.389999,119.879997,120.080002,6272700,118.699765,115.86447,110.18432,0.136593,0.164949,-0.006341,TRUE,TRUE,5.68015,0.174558,20.426531,30.782952,60.790029,5.003212,0.889234,-0.089181,8.430498,22.318403,6.083041,71.76729,1.176314,1.407988,94.104794,1.122922,-0.014436,0.027726,1.580089,1.16131,-4.984676,1.406515,-188079100,-1.926234,-16070608038.493891,-0.138091,56.787691,-4.187588,-2.268822,0,0.069443,0.988119,-0.16651,-0.014436,1.466702
10-06-25,120.860001,121.029999,119.760002,119.769997,4023700,118.763036,116.010126,110.178862,0.12519,0.16553,-0.006712,TRUE,TRUE,5.831264,0.177246,18.396621,31.123859,58.898043,1.709462,0.887858,-0.072445,7.320281,27.507772,6.297154,65.086143,1.067823,1.418789,96.934831,1.112991,-0.014346,0.027871,1.479283,1.370794,-4.984676,0.929186,-192102800,-39.141811,-16074568407.779789,-0.182407,58.690393,-5.845219,-3.015955,0,0.083872,1.204103,-0.166947,-0.014346,1.038802
10-07-25,120,120.150002,118.099998,118.239998,4051300,118.801612,116.127374,110.174275,0.1158,0.165963,-0.007072,TRUE,TRUE,5.953099,0.177521,2.582376,30.066677,50.537969,-8.103106,0.75461,-0.164554,5.076959,27.632294,5.730497,32.112027,0.656791,1.341701,92.965772,1.127118,-0.014527,0.027864,1.454684,0.991332,-4.984676,0.935693,-196154100,-0.305141,-16078066362.723257,-0.175786,50.970358,-7.217412,-4.03696,0,0.057132,0.810019,-0.166924,-0.014527,-0.604109
10-08-25,118.809998,119.330002,118.089996,119.32,3011100,118.908634,116.275188,110.199333,0.106847,0.166263,-0.007421,TRUE,TRUE,6.075855,0.175376,-13.603291,29.077366,55.355208,-5.434821,0.727769,-0.153116,4.995604,32.737695,5.111177,55.387932,1.826628,1.232579,85.315585,1.096995,-0.01419,0.02806,1.084921,1.729229,-4.984676,0.701751,-193143000,-20.528386,-16075103839.011942,-0.100778,50.503061,-6.920838,-1.210664,0,0.107786,1.569992,-0.167512,-0.01419,0.48217
10-09-25,119,119.339996,117.68,117.949997,3089100,118.82362,116.411343,110.219619,0.095716,0.166318,-0.007759,TRUE,TRUE,6.191724,0.171739,-13.603359,27.834821,48.855137,-10.042906,0.589158,-0.233382,4.940019,20.563171,4.900963,25.862007,-1.421035,1.23115,86.005017,1.107062,-0.014435,0.028511,1.169826,1.279519,-4.984676,0.73915,-196232100,-41.94185,-16077188061.152407,-0.163259,52.52026,-6.690497,-6.083559,0,0.076359,1.10253,-0.168852,-0.014435,-1.015782
10-10-25,118.25,118.43,114.129997,114.269997,6793400,118.6363,116.499402,110.217843,0.081329,0.165982,-0.008091,FALSE,TRUE,6.281559,0.163902,-40.769206,27.14033,36.46775,-14.070218,0.180284,-0.513805,1.396305,22.181798,1.74342,1.928366,-3.174486,1.471451,132.657373,1.173581,-0.014797,0.026653,1.740054,0.238894,-5.272321,1.564424,-203025500,92.447592,-16083539102.464663,-0.166339,49.565744,-7.921175,-6.438122,0,0.002401,0.032679,-0.163258,-0.014797,-3.291414
10-13-25,116.010002,116.769997,115.459999,116.580002,4831200,118.559,116.669925,110.228607,0.066431,0.165364,-0.008414,FALSE,TRUE,6.441318,0.158063,-18.248148,26.495445,45.763984,-9.591224,0.04216,-0.521543,5.593025,23.097019,3.511038,33.74661,-1.30877,1.487022,140.083825,1.194805,-0.017355,0.069446,1.899146,0.878483,-5.272321,1.097272,-198194300,33.40697,-16080109283.604298,-0.059853,50.513262,105.593025,123.097019,,0.018306,0.250219,-0.263527,-0.017355,-1.412724
10-14-25,115.07,118.900002,114.900002,118.349998,4608600,118.577499,116.839385,110.243422,0.052568,0.164681,-0.008727,TRUE,TRUE,6.595963,0.154401,0.063105,24.630126,51.607029,2.751892,0.07466,-0.391235,6.485156,23.605682,5.801035,58.126721,0.313608,1.610839,139.522132,1.208297,-0.017313,0.069149,1.898693,1.252013,-5.272321,1.065277,-193585700,-24.978024,-16076768055.636463,-0.053784,56.941112,-4.613247,-2.552134,0,0.022792,0.308972,-0.262962,-0.017313,-0.163057
10-15-25,119.230003,120.419998,118.279999,119.349998,4099800,118.647499,117.018284,110.259327,0.0406,0.163983,-0.009029,TRUE,TRUE,6.758957,0.154041,12.895063,23.662282,54.583987,18.116236,0.179044,-0.229481,6.138561,24.948007,4.757593,71.900822,1.186945,1.630259,139.720027,1.2053,-0.01733,0.069669,1.803147,1.200655,-5.272321,0.960908,-189485900,-22.528345,-16076768055.636463,-0.018487,63.828976,-4.680695,-1.103736,0,0.018636,0.253379,-0.263949,-0.01733,0.50279
10-16-25,119.540001,119.660004,117.239998,117.790001,6155600,118.5055,117.166183,110.2753,0.030207,0.163218,-0.00932,TRUE,TRUE,6.890883,0.152967,-4.192355,22.181705,49.471266,3.707283,0.134341,-0.219346,5.687612,24.54437,2.690176,50.413259,-2.354304,1.720981,132.769945,1.210687,-0.01772,0.072289,1.839215,0.654012,-5.272321,1.399787,-195641500,74.039413,-16080125646.815392,-0.090113,56.213992,-4.779822,-0.689116,0,-0.025625,-0.347621,-0.268866,-0.01772,-0.538901
10-17-25,117.139999,118.169998,116.93,117.589996,5326300,118.421999,117.314465,110.29438,0.021941,0.162248,-0.0096,TRUE,TRUE,7.020086,0.148249,-6.069925,20.637782,48.83964,-2.767388,0.081832,-0.217484,5.753948,23.015972,2.384542,47.658376,-1.400307,1.732412,133.026228,1.191182,-0.017477,0.072616,1.891663,0.983086,-5.272321,1.2106,-200967800,0.831062,-16079782038.871578,-0.03989,49.553878,-3.913015,-0.678099,0,-0.000306,-0.004214,-0.269473,-0.017477,-0.625443
10-20-25,118.550003,119.669998,118.529999,119.449997,3561300,118.415999,117.49397,110.321522,0.014253,0.161216,-0.009867,TRUE,TRUE,7.172448,0.14726,3.459792,19.964252,54.639797,0.055811,0.188136,-0.088944,6.265147,27.503936,2.619867,73.278211,-0.100362,1.752676,132.507222,1.205454,-0.017224,0.068781,1.876339,1.203326,-5.272321,0.806505,-197406500,9.872582,-16077595284.076435,-0.038218,55.675631,-4.288095,1.745739,0,0.018913,0.256982,-0.262262,-0.017224,0.780333
10-21-25,119.230003,120.160004,118.879997,119.790001,2914100,118.438999,117.68167,110.351602,0.008373,0.160109,-0.010122,TRUE,TRUE,7.330067,0.146255,3.405918,19.568956,55.63006,6.158794,0.296402,0.015457,5.335304,24.850756,3.085633,77.96146,0.385485,1.744721,134.560515,1.205363,-0.01718,0.068401,1.866733,1.287278,-5.272321,0.664761,-194492400,-18.025824,-16076365902.209866,0.011491,54.430762,-3.544992,2.624538,0,0.025328,0.344054,-0.261536,-0.01718,1.004011
10-22-25,119.620003,120.190002,118.040001,118.910004,5042500,118.4675,117.780836,110.371047,0.003428,0.158908,-0.010364,TRUE,TRUE,7.409788,0.142636,-3.418322,18.688758,52.439159,3.599519,0.307648,0.021363,6.265089,22.376347,2.648794,65.840289,0.481669,1.812897,134.942891,1.208557,-0.017241,0.068535,1.880972,1.21039,-5.272321,1.129356,-199534900,47.553696,-16077327485.246008,0.034908,46.082739,-3.040319,0.54558,0,0.019312,0.261677,-0.261792,-0.017241,0.32792
10-23-25,118.949997,120.330002,118.690002,120.089996,3340900,118.606499,117.855383,110.396442,-0.000555,0.157698,-0.010595,TRUE,TRUE,7.458941,0.13923,0.05241,17.945255,56.077269,1.437472,0.407084,0.096639,6.758812,21.128328,5.525169,86.376779,2.369788,1.782593,136.698814,1.209091,-0.016934,0.065998,1.887055,1.580868,-5.272321,0.757285,-196194000,-24.173854,-16074964432.380796,0.046249,43.417107,-2.674979,-0.199318,0,0.049903,0.674534,-0.256901,-0.016934,1.08523
10-24-25,121.43,121.940002,121.07,121.139999,2778000,118.739999,117.983807,110.431342,-0.002844,0.15646,-0.010814,TRUE,TRUE,7.552465,0.134887,6.915711,18.049312,59.077048,3.446987,0.564111,0.202933,7.797274,22.23637,7.075131,89.75669,2.253734,1.801341,147.876229,1.200854,-0.01658,0.064089,2.567722,2.03714,-5.272321,0.630416,-193416000,-3.518216,-16077295401.258226,-0.006337,49.104202,-2.563802,0.235131,0,0.086193,1.171222,-0.253157,-0.01658,1.622979
10-27-25,121.870003,122.07,120.769997,121.150002,2791200,118.868499,118.126578,110.466144,-0.003208,0.155211,-0.011021,TRUE,TRUE,7.660434,0.12686,15.910346,17.943329,59.105699,6.66654,0.681507,0.256263,8.237978,21.819408,7.765737,88.413125,2.167313,1.756973,157.279982,1.177096,-0.016384,0.065141,2.493235,2.45106,-5.272321,0.637841,-190624800,-17.985485,-16078454805.65979,-0.018214,50.119554,-1.774555,0.308022,0,0.115729,1.605056,-0.255228,-0.016384,1.450599
10-28-25,120.790001,121.019997,119.900002,119.893112,4642300,118.921655,118.240823,110.506091,-0.001946,0.153896,-0.011217,TRUE,TRUE,7.734732,0.119135,3.103459,17.269859,53.990217,-2.087052,0.665453,0.192168,7.873569,19.77849,6.350891,72.583289,0.894648,1.775988,158.930845,1.171197,-0.002793,0.001916,2.475909,1.847886,-5.272321,1.059321,-98545700,2.801276,-9789532760.671663,-0.117737,43.666686,107.873569,119.77849,,0.113746,1.536153,-0.043777,-0.002793,0.611245
10-29-25,120.18,120.870003,117.959999,118.340332,7255500,118.879671,118.321224,110.535998,0.000048,0.152386,-0.011401,TRUE,TRUE,7.785226,0.109203,2.092986,16.53079,48.415311,-10.661737,0.521423,0.03851,7.712312,19.065515,5.441194,53.02687,-0.704538,1.87474,159.321039,1.185111,-0.002793,0.001916,2.452746,1.429769,-5.272321,1.609226,-105801200,53.44514,-9794891695.5702,-0.201859,40.804635,107.712312,119.065515,,0.113746,1.536153,-0.043777,-0.002793,-0.338524
10-30-25,118.400002,119.419998,117.43,117.05629,5836400,118.755486,118.386703,110.551815,0.000768,0.150569,-0.011578,FALSE,TRUE,7.834888,0.096708,17.142499,16.111602,44.338182,-14.767517,0.300207,-0.146165,8.331432,17.048842,2.744326,30.073761,-2.077724,1.754347,163.52742,1.195235,-0.002763,0.001873,2.127899,1.179473,-5.272321,1.290882,-111637600,4.497601,-9802920183.083666,-0.33779,41.331271,108.331432,117.048842,,0.115927,1.551944,-0.043279,-0.002763,-1.039089
10-31-25,117.449997,118.029999,116.660004,117.255371,4238900,118.614254,118.457957,110.559029,0.000383,0.148429,-0.011747,FALSE,TRUE,7.898928,0.083797,4.77536,16.099732,45.109976,-8.880241,0.139349,-0.245619,6.715112,14.653271,3.390636,32.850351,-2.352291,1.682531,163.683564,1.194597,-0.002719,0.001816,2.061491,1.261742,-5.272321,0.959123,-107398700,-32.42304,-9803474831.987701,-0.299671,34.140518,,114.653271,,0.121731,1.616074,-0.042618,-0.002719,-0.830189
11-03-25,117.739998,118.040001,116.290001,117.494263,9132200,118.500468,118.446717,110.565755,-0.000499,0.146018,-0.011908,FALSE,TRUE,7.880962,0.071392,-6.78526,16.266992,46.076202,-2.339108,0.030789,-0.283343,6.421122,15.717996,3.47605,20.834983,-1.900087,1.542326,163.135527,1.194475,-0.002746,0.001852,2.125699,1.24691,-5.272321,1.953418,-98266500,126.96026,-9800038392.64444,-0.204187,25.084137,106.421122,115.717996,,0.118917,1.564524,-0.043035,-0.002746,-0.616791
11-04-25,116.57,117.519997,116.239998,116.060913,8215900,118.391513,118.429126,110.562246,-0.001935,0.143309,-0.012059,FALSE,TRUE,7.86688,0.056128,-25.21331,16.447373,41.370617,-2.967565,-0.168957,-0.386471,5.132345,15.025993,3.909491,-3.071779,-1.842934,1.508445,172.002512,1.206587,-0.002712,0.001805,2.37093,0.980735,-5.272321,1.682478,-106482400,102.796633,-9810553267.690336,-0.267328,17.893639,105.132345,115.025993,,0.122406,1.595796,-0.04249,-0.002712,-1.35498
11-05-25,117.040001,119.099998,116.860001,118.001907,3490400,118.325609,118.442385,110.558695,-0.002005,0.140515,-0.012201,FALSE,TRUE,7.88369,0.049744,1.578325,15.531096,48.970625,3.860649,-0.16869,-0.308963,7.103213,16.788835,5.305247,30.221422,-1.10467,1.521107,170.778527,1.154296,-0.003349,0.003136,2.356733,0.672177,-5.272321,0.711284,-102992000,15.917771,-9810484993.511433,-0.295512,23.658654,107.103213,116.788835,,0.061764,0.852149,-0.056002,-0.003349,-0.189545
11-06-25,118.57,118.940002,116.870003,116.399345,5207000,118.248076,118.404066,110.552277,-0.003648,0.137532,-0.012332,FALSE,TRUE,7.851789,0.044593,-8.029428,14.680267,43.909652,-2.16655,-0.294399,-0.347738,5.362839,13.135437,3.233799,2.733233,-1.314669,1.592983,176.013248,1.136663,-0.003773,0.004239,2.456776,-0.125984,-5.272321,1.038684,-108199000,68.560422,-9818059832.32847,-0.344033,23.702007,105.362839,113.135437,,0.020669,0.291687,-0.065104,-0.003773,-1.050336
11-07-25,116.410004,117.970001,116.050003,117.404671,7873600,118.40481,118.390437,110.548906,-0.005145,0.134489,-0.012454,FALSE,TRUE,7.84153,0.038303,-14.636744,14.381684,47.570255,6.199637,-0.309336,-0.29014,6.339973,14.145601,2.02286,22.502798,2.743217,1.569607,150.888887,1.126423,-0.003512,0.003796,2.564715,0.407544,-5.272321,1.553872,-100325400,15.900727,-9814822889.111883,-0.245755,17.398508,106.339973,114.145601,,0.049782,0.707209,-0.061612,-0.003512,-0.662832
11-10-25,119.169998,119.769997,118.330002,118.559311,3720600,118.503775,118.409663,110.552546,-0.0061,0.131442,-0.012564,TRUE,TRUE,7.857117,0.032557,-8.32191,13.744106,51.486348,2.515724,-0.225407,-0.164968,4.043486,11.087151,-2.795922,41.682878,1.697812,1.619709,144.65245,1.129436,-0.00338,0.00354,2.610437,0.781277,-5.272321,0.742404,-96604800,-22.988077,-9817358530.161352,-0.307995,18.288748,104.043486,111.087151,,0.063623,0.898012,-0.059499,-0.00338,0.038392
11-11-25,119.099998,119.910004,118.800003,119.037086,4345800,118.53813,118.456179,110.560059,-0.006189,0.12844,-0.012664,TRUE,TRUE,7.89612,0.027628,0.883358,13.232774,53.04907,9.139417,-0.118968,-0.046823,2.298379,11.018555,-1.716853,49.619354,0.580556,1.565245,145.083276,1.130208,-0.003398,0.003574,2.605275,0.840305,-5.272321,0.869436,-92259000,-5.702383,-9819847903.809025,-0.367129,24.475718,102.298379,111.018555,,0.061823,0.863713,-0.059783,-0.003398,0.343911
11-12-25,119.68,120.849998,119.410004,118.94751,6681000,118.518005,118.503692,110.56747,-0.005401,0.125427,-0.012751,TRUE,TRUE,7.936222,0.02252,-8.592765,13.288665,52.706274,5.136019,-0.041365,0.024623,3.686142,12.076311,-2.359917,48.131368,-0.337234,1.576807,144.174163,1.130358,-0.00341,0.003597,2.639859,0.793989,-5.272321,1.302981,-98940000,62.959169,-9830820477.21837,-0.464887,27.825676,103.686142,112.076311,,0.060522,0.836702,-0.059977,-0.00341,0.297907
11-13-25,118.790001,119.5,116.449997,116.409294,6408900,118.44897,118.465572,110.56407,-0.007647,0.122247,-0.012827,FALSE,TRUE,7.901502,0.012081,-31.998545,13.068364,44.025135,-7.461214,-0.182573,-0.093268,2.103146,8.930798,-5.964668,5.968294,-1.172177,1.68482,150.988175,1.163802,-0.00329,0.003362,2.839469,0.393041,-5.272321,1.246834,-105348900,4.114952,-9837400432.982935,-0.495086,23.025868,102.103146,108.930798,,0.072299,0.991124,-0.057979,-0.00329,-1.350885
11-14-25,115.360001,117.300003,115.32,116.309761,6414600,118.384958,118.418089,110.554631,-0.012041,0.118971,-0.01289,FALSE,TRUE,7.863458,0.001181,-32.542369,13.378955,43.721026,-9.328043,-0.299065,-0.167808,1.864524,8.005006,-4.578912,17.364244,-1.088728,1.728022,157.399164,1.163814,-0.003253,0.003285,2.093697,0.391514,-5.272321,1.23487,-111763500,20.43257,-9837401990.146654,-0.493222,22.072653,101.864524,108.005006,,0.075702,1.02663,-0.057313,-0.003253,-1.31843
11-17-25,116.470001,116.989998,113.949997,113.771553,4103000,118.101036,118.323428,110.537449,-0.02053,0.11543,-0.012942,FALSE,TRUE,7.785979,-0.006629,-37.892716,14.227242,36.749558,-15.956715,-0.589404,-0.366517,-0.480013,6.334119,-5.866219,-2.578667,-4.753825,1.878954,185.824632,1.088286,-0.004284,0.00741,1.902743,-1.044933,-6.090341,0.785768,-115866500,15.210738,-9841986671.157749,-0.555504,22.269247,99.519987,,,-0.012435,-0.190696,-0.086079,-0.004284,-2.329876
11-18-25,113.669998,114.959999,113.190002,113.681969,6898600,117.795634,118.247698,110.527588,-0.032544,0.111627,-0.012983,FALSE,TRUE,7.720111,-0.016239,-31.707277,15.301425,36.528172,-7.496963,-0.817307,-0.475536,-0.088201,6.428111,-4.711256,6.422539,-5.09895,1.808806,205.731889,1.082015,-0.0041,0.006915,2.24534,-0.839133,-6.164286,1.272601,-122765100,136.731753,-9845050373.087515,-0.574686,22.448196,99.911799,106.428111,,0.009639,0.147535,-0.083157,-0.0041,-1.999528
11-19-25,114.589996,115.330002,113.639999,113.552567,6050100,117.527763,118.175158,110.510597,-0.046969,0.10759,-0.013011,FALSE,TRUE,7.664561,-0.025205,-25.8823,16.04622,36.189038,-7.531988,-0.996872,-0.524081,-0.123226,9.324291,-3.911586,4.733215,-4.505455,1.791997,224.482281,1.080885,-0.004192,0.007234,2.521917,-0.951287,-6.271098,1.1058,-128815200,19.982152,-9851726481.123198,-0.621618,29.579438,99.876774,109.324291,,0.001452,0.021986,-0.085053,-0.004192,-1.770828
11-20-25,115.68,115.970001,112,111.53196,8077100,117.099861,118.012792,110.478259,-0.063898,0.10317,-0.013029,FALSE,TRUE,7.534533,-0.035618,-37.265032,17.350706,31.30206,-5.447498,-1.287384,-0.651675,-5.526439,7.481636,-5.668382,-5.288594,-7.126353,1.990975,252.844838,1.097265,-0.004413,0.008124,3.006563,-1.566779,-7.938953,1.415035,-136892300,141.764195,-9861708069.02648,-0.703962,28.358377,94.473561,107.481636,,-0.019395,-0.292499,-0.090135,-0.004413,-2.202102
11-21-25,112.669998,116.349998,112.489998,115.045631,7648900,116.795142,117.953377,110.465616,-0.080807,0.098488,-0.013033,FALSE,TRUE,7.48776,-0.040282,-13.141055,18.293204,45.16831,8.640139,-1.22003,-0.467456,-1.62033,11.454087,-2.913966,34.41392,-5.030847,2.120653,237.872196,1.174262,-0.00437,0.007967,3.118098,-0.710592,-7.938953,1.285184,-129243400,175.338373,-9859228584.399115,-0.634742,37.769169,98.37967,111.454087,,-0.014929,-0.222466,-0.089256,-0.00437,-0.735484
11-24-25,115.800003,117.330002,115.379997,116.548645,5926500,116.565075,117.92183,110.468703,-0.096048,0.093603,-0.013024,FALSE,TRUE,7.453127,-0.043141,2.607758,18.495115,49.832971,13.643933,-1.033457,-0.224707,-0.673531,10.114684,-1.775615,51.397128,-3.798066,2.154859,214.654414,1.185844,-0.004257,0.007577,3.096479,-0.319934,-7.938953,0.970227,-123316900,112.328031,-9858051520.576445,-0.599327,45.981935,99.326469,110.114684,,-0.004474,-0.065952,-0.087045,-0.004257,-0.007654
11-25-25,117.739998,120.57,117.620003,119.554688,9042800,116.548153,117.953323,110.486176,-0.107229,0.088762,-0.013,TRUE,TRUE,7.467147,-0.042517,7.854956,17.434688,57.601758,26.299698,-0.635707,0.138435,1.047536,14.327179,-0.848029,85.363715,-0.282272,2.159364,212.00994,1.227645,,,3.421954,0.409311,-7.938953,1.428926,-114274100,94.791375,-9855233313.534636,-0.519094,49.477319,101.047536,114.327179,,0,0,,,1.41811
11-26-25,120.150002,121.93,119.830002,120.221588,12467500,116.642216,117.998755,110.508023,-0.114159,0.083967,-0.012961,TRUE,TRUE,7.490732,-0.041193,20.295996,17.03238,59.114467,13.946156,-0.263634,0.408406,1.808372,14.432685,-1.945407,82.795447,1.5897,2.165526,224.202529,1.229196,,,3.776877,0.554583,-7.938953,1.892172,-101806600,71.83516,-9863051188.97378,-0.517223,58.969452,101.808372,114.432685,,0,0,,,1.59649
11-28-25,120.970001,121.080002,120.559998,120.31118,2617800,116.804961,117.992379,110.537591,-0.117361,0.079189,-0.012906,TRUE,TRUE,7.454787,-0.036971,16.222291,16.658808,59.324425,9.491454,0.038027,0.568054,2.307179,15.028758,-3.667253,83.697682,2.78062,2.100887,238.710345,1.214647,,,3.781095,0.251686,-7.938953,0.407246,-99188800,-55.147008,-9868174177.253952,-0.507571,62.3476,102.307179,115.028758,,0,0,,,1.468818
12-01-25,119.540001,120.989998,119.540001,119.664185,5674400,116.925401,118.000462,110.556107,-0.118139,0.074357,-0.012836,TRUE,TRUE,7.444355,-0.033295,6.346523,15.764422,57.046145,-0.555614,0.222326,0.601882,2.530059,14.80239,-3.251076,77.182118,2.054331,2.057609,247.034163,1.216319,,,3.763759,0.066595,-7.938953,0.873007,-104863200,33.864918,-9872876619.717672,-0.533873,56.885525,102.530059,114.80239,,0,0,,,1.108666
12-02-25,120.910004,120.910004,119.949997,119.713943,4488300,117.036385,118.003341,110.575317,-0.116589,0.069544,-0.012751,TRUE,TRUE,7.428025,-0.029896,3.985943,14.933921,57.182336,-1.93213,0.368155,0.598169,2.695417,13.031045,-3.264531,77.683215,1.889182,2.050497,254.59481,1.216111,,,3.755447,0.108526,-7.938953,0.716107,-100374900,-50.851931,-9879572151.729116,-0.634479,56.969877,102.695417,113.031045,,0,0,,,1.051694
12-03-25,120.610001,122.160004,120.519997,121.376228,4461300,117.302151,118.044266,110.599226,-0.110761,0.064828,-0.012648,TRUE,TRUE,7.44504,-0.025595,13.090134,14.770709,61.56642,2.241995,0.610817,0.672665,2.587101,14.902056,-2.161593,92.285679,4.579763,2.059675,271.084804,1.222844,,,4.405793,0.597522,-7.938953,0.733777,-95913600,-45.699193,-9879375049.183516,-0.565977,55.919104,102.587101,114.902056,,0,0,,,1.502879
12-04-25,121.709999,122.470001,121.279999,121.276688,4716000,117.46589,118.103,110.624864,-0.101996,0.060322,-0.012529,TRUE,TRUE,7.478136,-0.022165,30.203864,14.763683,61.162569,4.116424,0.786035,0.678307,2.18461,14.840206,-2.473068,88.602546,2.775193,1.951816,285.063536,1.222328,,,4.267945,0.633259,-7.938953,0.767929,-100629600,35.113454,-9884117293.528799,-0.599495,62.392669,102.18461,114.840206,,0,0,,,1.336824
12-05-25,121.739998,122.480003,121.489998,121.067657,4981500,117.699306,118.178153,110.656037,-0.089827,0.055988,-0.012393,TRUE,TRUE,7.522115,-0.015117,29.325142,14.762061,60.26852,3.086184,0.897682,0.631963,2.162853,13.27938,-1.91421,86.523421,4.0106,1.909362,294.816509,1.192797,,,4.120123,0.143023,-7.938953,0.812654,-105611100,-4.330709,-9893349050.083107,-0.614113,69.145113,102.162853,113.27938,,0,0,,,1.142525
12-08-25,122.300003,122.300003,121.059998,120.569969,4856100,117.857571,118.220152,110.699963,-0.072098,0.051746,-0.012243,TRUE,TRUE,7.52019,-0.011733,47.929795,14.466344,58.091217,-3.475203,0.935224,0.535603,2.640278,11.621497,-2.657647,81.774489,2.696058,1.810608,301.570289,1.180215,,,3.768688,0.358511,-7.938953,0.812187,-110467200,-38.324274,-9902043240.858963,-0.729384,68.362002,102.640278,111.621497,,0,0,,,0.899425
12-09-25,120.980003,122.5,120.980003,121.127388,3280100,117.985975,118.2711,110.748753,-0.05015,0.047679,-0.012078,TRUE,TRUE,7.522347,-0.007391,50.815221,14.304514,59.841139,-1.32143,0.998445,0.47906,3.369037,11.461517,-0.778143,86.927505,2.16607,1.811713,310.063091,1.181445,,,3.366844,0.440876,-7.938953,0.550628,-107187100,-11.839488,-9904687238.968174,-0.732991,74.996917,103.369037,111.461517,,0,0,,,1.013153
12-10-25,121.559998,124.910004,121.559998,123.516281,7043300,118.209934,118.364825,110.808943,-0.02368,0.04392,-0.011897,TRUE,TRUE,7.555882,0.000452,58.917016,15.32369,66.329851,6.061331,1.227166,0.566224,3.231094,14.349139,1.170601,89.204321,3.762856,1.897687,333.356633,1.206971,,,4.105591,0.890965,-7.938953,1.156176,-100143800,62.071425,-9903504469.14135,-0.686622,75.433893,103.231094,114.349139,,0,0,,,1.591793
12-11-25,123.889999,125.559998,123.889999,124.879951,6080900,118.506556,118.478824,110.87709,0.007202,0.040481,-0.011699,TRUE,TRUE,7.601734,0.010173,82.118742,16.5322,69.37208,11.280864,1.501161,0.672176,5.815751,16.059543,2.410922,94.796893,4.987445,1.766786,365.143118,1.214029,,,4.090194,1.131934,-7.938953,1.003137,-94062900,-8.982188,-9902376020.340582,-0.590209,84.173334,105.815751,116.059543,,0,0,,,1.745451
12-12-25,125.629997,125.839996,123.790001,123.54615,5233000,118.863399,118.558947,110.946386,0.04211,0.037238,-0.011485,TRUE,TRUE,7.612562,0.021864,60.396034,17.767059,63.343496,3.502357,1.592322,0.61067,4.588449,17.08826,1.676821,78.070303,6.13083,1.625824,378.207898,1.189179,,,3.51873,0.412438,-7.938953,0.871718,-99295900,-18.347922,-9908853970.198601,-0.59514,77.163941,104.588449,117.08826,,0,0,,,1.238142
12-15-25,124.900002,125,123.449997,123.148003,7348200,119.205311,118.620307,111.00899,0.080268,0.034266,-0.011256,TRUE,TRUE,7.611317,0.030419,50.882632,18.631312,61.622007,-4.707844,1.613838,0.505748,4.380403,15.545776,0.747584,67.250659,5.879336,1.588486,384.760341,1.180071,,,3.05609,0.597995,-7.938953,1.214625,-106644100,14.554298,-9919065538.354063,-0.674931,68.579442,104.380403,115.545776,,0,0,,,1.024714
12-16-25,122.970001,123.440002,121.720001,122.239998,5853600,119.628733,118.669707,111.079919,0.118759,0.031502,-0.011013,TRUE,TRUE,7.589788,0.037794,24.699943,18.141345,57.766289,-11.605792,1.53987,0.345424,3.637135,15.918247,0.813385,42.857126,7.443376,1.46581,368.049522,1.184228,,,2.89137,0.373092,-7.938953,0.953774,-112497700,42.666342,-9921379777.668482,-0.646808,59.97862,103.637135,115.918247,,0,0,,,0.709487
12-17-25,122.389999,123.639999,121.660004,121.879997,5758500,120.038635,118.742507,111.157262,0.155985,0.02894,-0.010757,TRUE,TRUE,7.585245,0.044024,15.697457,17.793832,56.263169,-7.080326,1.435652,0.192965,1.036227,15.09841,1.203888,37.142826,7.211371,1.446972,343.142329,1.184618,,,2.788961,0.352023,-7.938953,0.947076,-118256200,-16.526542,-9925858645.517836,-0.664509,48.406818,101.036227,115.09841,,0,0,,,0.536618
12-18-25,122.82,123.389999,121.959999,122.129997,6072000,120.467506,118.798707,111.230313,0.191736,0.026622,-0.010488,TRUE,TRUE,7.568394,0.048844,16.958296,17.471141,57.098037,-4.52397,1.357581,0.091916,2.406503,15.4975,1.049499,41.111083,7.553709,1.482119,309.791737,1.179231,,,2.677426,0.585791,-7.938953,0.998456,-112184200,0.361977,-9930486969.068117,-0.647553,54.187049,102.406503,115.4975,,0,0,,,0.536648
12-19-25,121.980003,122.709999,121.889999,122.379997,5572600,121.009908,118.887307,111.311492,0.224059,0.024604,-0.010205,TRUE,TRUE,7.575816,0.052118,26.295021,17.115882,57.962199,0.19591,1.300887,0.028177,2.350086,14.206014,2.704427,41.256376,9.726394,1.44232,229.730248,1.173016,,,2.491757,0.831379,-7.938953,0.935602,-106611600,-31.007416,-9929399659.039181,-0.568248,54.184818,102.350086,114.206014,,0,0,,,0.59639
12-22-25,122.790001,123.889999,122.75,123.300003,3820900,121.422627,119.067908,111.394549,0.251586,0.022988,-0.009909,TRUE,TRUE,7.673358,0.058584,32.022717,17.479409,61.069895,4.806726,1.315035,0.03386,3.32691,13.920701,7.86606,52.255763,7.174868,1.446863,187.138533,1.170289,,,2.258502,0.779719,-7.938953,0.662802,-102790700,-50.046412,-9929533703.274969,-0.609783,53.845344,103.32691,113.920701,,0,0,,,1.003201
12-23-25,123.010002,123.360001,122.470001,122.739998,3645300,121.732195,119.191107,111.487325,0.272945,0.021833,-0.009599,TRUE,TRUE,7.703783,0.06405,13.507742,17.576325,58.247226,1.149189,1.26646,-0.011772,3.718102,14.54197,7.768005,36.213931,5.312248,1.362909,149.741361,1.172264,,,2.179061,0.654943,-7.938953,0.645105,-106436000,-38.491521,-9930967274.200954,-0.645192,48.462742,103.718102,114.54197,,0,0,,,0.673029
12-24-25,122.650002,123.239998,122.470001,123.190002,2912525,121.91396,119.287908,111.58522,0.288863,0.021079,-0.009276,TRUE,TRUE,7.702687,0.070447,18.315068,17.666318,59.853039,1.890841,1.249868,-0.022691,5.012365,13.276868,7.472094,45.473298,3.040713,1.333578,143.866887,1.172767,,,2.069889,0.689811,-7.938953,0.544989,-103523475,-67.791779,-9928432966.220028,-0.684852,47.214753,105.012365,113.276868,,0,0,,,0.88696
12-26-25,123.160004,123.18,122.580002,123.129997,2104500,122.059381,119.363508,111.685092,0.300274,0.020705,-0.008939,TRUE,TRUE,7.678415,0.077096,20.027294,17.749883,59.524293,-1.545602,1.217838,-0.043777,3.933482,12.88045,7.605546,44.238621,2.419207,1.299809,140.520226,1.172474,-0.007911,0.015365,1.938822,0.612528,-7.938953,0.436072,-105627975,-83.120112,-9926679238.520168,-0.659216,42.049219,103.933482,112.88045,,0.010145,0.139103,-0.123956,-0.007911,0.761895
12-29-25,122.790001,123.209999,122.199997,122.529999,3318200,122.170322,119.458307,111.790623,0.307695,0.020692,-0.008587,TRUE,TRUE,7.667685,0.083152,18.846519,17.448523,56.200308,-2.046918,1.131002,-0.10449,3.331082,12.535959,6.190386,31.892956,1.844233,1.292766,134.626955,1.174152,-0.007965,0.015578,1.777961,0.433785,-7.938953,0.682608,-108946175,26.755291,-9927829102.362202,-0.6136,42.963402,-2.465696,-5.212797,0,0.004909,0.06677,-0.124812,-0.007965,0.267166
12-30-25,122.510002,122.599998,121.660004,121.690002,2948800,122.271613,119.540308,111.879534,0.310395,0.021014,-0.008223,TRUE,TRUE,7.660774,0.08858,5.266676,16.650086,51.836066,-8.016973,0.983071,-0.201937,2.4068,10.082373,4.752665,3.037498,1.692919,1.243577,121.787518,1.1767,-0.008192,0.016406,1.726917,0.177135,-7.938953,0.624114,-111894975,-48.033272,-9930589687.705566,-0.610749,38.383106,-3.065616,,0,-0.015659,-0.212646,-0.128085,-0.008192,-0.477561
12-31-25,121.480003,121.57,120.139999,120.18,3373600,122.294915,119.554908,111.955353,0.307142,0.021597,-0.007846,TRUE,TRUE,7.599554,0.090918,-34.031034,16.245506,45.061783,-14.46251,0.735511,-0.359597,0.839067,7.256797,4.873301,0.701771,0.389309,1.126507,116.98738,1.187554,-0.008334,0.016666,1.977074,-0.043418,-7.938953,0.722546,-115268575,-24.835684,-9933774550.55896,-0.580444,29.604774,-3.909041,-9.707661,0,-0.033166,-0.446294,-0.129098,-0.008334,-1.807815
01-02-26,120.650002,121.639999,119.870003,121.370003,6534600,122.294604,119.586508,112.040384,0.300172,0.022516,-0.007456,TRUE,TRUE,7.546124,0.092591,-36.448163,16.061374,50.546831,-5.653477,0.628102,-0.373606,1.53087,7.734516,6.676344,25.125655,-0.005129,1.099353,117.013191,1.181872,-0.007941,0.015273,1.176159,0.464007,-7.938953,1.369159,-108733975,46.473001,-9929233536.332914,-0.522329,29.886692,-3.632717,-9.068373,0,0.007424,0.100273,-0.123585,-0.007941,-0.790168
01-05-26,121.419998,123.589996,121.419998,122.889999,6186000,122.37527,119.666108,112.125966,0.289433,0.023682,-0.007052,TRUE,TRUE,7.540141,0.098412,-6.684387,15.479187,56.518428,4.682362,0.658044,-0.274931,2.340105,10.967885,7.777955,58.869362,1.330274,1.095637,115.173022,1.186866,-0.007825,0.014705,1.029207,0.537617,-7.938953,1.276461,-102547975,31.170483,-9927038490.043194,-0.442832,38.949055,-2.540083,-7.146175,0,0.013772,0.185151,-0.121263,-0.007825,0.446919
01-06-26,122.779999,124.800003,122.370003,124.720001,5384600,122.557887,119.758708,112.22323,0.277606,0.025067,-0.006634,TRUE,TRUE,7.535478,0.104712,13.975776,15.679097,62.404504,17.34272,0.819987,-0.09039,4.132925,11.755748,9.620775,98.377245,3.016779,1.129959,122.095957,1.190342,-0.007369,0.012952,1.991454,1.122238,-7.938953,1.106493,-97163375,8.09194,-9922008439.677265,-0.294464,48.752221,-1.117513,-7.351437,0,0.060913,0.815306,-0.113807,-0.007369,1.770832
01-07-26,124.830002,125.010002,123.199997,123.720001,4166500,122.715388,119.810308,112.318869,0.263222,0.026705,-0.006202,TRUE,TRUE,7.491439,0.10276,13.051154,15.985019,57.800012,7.253181,0.857749,-0.042103,4.634644,9.946902,7.563014,74.902703,2.612617,1.144288,115.226689,1.119574,-0.007158,0.013856,1.931161,1.740998,-7.938953,0.862293,-101329875,-14.200696,-9923780915.81967,-0.22494,56.862855,-0.269268,-7.854287,0,0.101656,1.449427,-0.117713,-0.007158,0.871858
01-08-26,123.220001,125.75,123.010002,125.470001,4697700,122.932519,119.896708,112.410155,0.246662,0.028722,-0.005754,TRUE,TRUE,7.486553,0.107067,28.20109,16.683746,62.951775,6.433347,1.017161,0.093847,5.154208,10.407296,9.093862,95.238114,3.585162,1.171594,124.287215,1.104918,0.005169,0.003787,2.34838,1.618734,-7.938953,0.958173,-96632175,43.218195,-9920043326.251064,-0.156606,65.630602,-0.536127,-7.877567,0,0.123545,1.776814,0.061535,0.005169,2.041628
01-09-26,125.779999,126.580002,124.910004,126.419998,4527600,123.077705,120.027245,112.509417,0.228273,0.031154,-0.005291,TRUE,TRUE,7.517829,0.115437,31.94338,17.759682,65.419749,3.015245,1.206248,0.226347,7.18101,12.475772,10.739315,97.615444,2.350878,1.17183,146.449282,1.092997,0.005309,0.003974,2.885875,1.452149,-7.938953,0.947795,-92104575,-35.717632,-9916383311.131142,-0.134801,64.811865,0.215617,-6.930248,0,0.13445,1.945087,0.06304,0.005309,2.282219
01-12-26,125.849998,126.790001,125.279999,126.540001,3811700,123.160707,120.191239,112.612108,0.208435,0.033999,-0.004812,TRUE,TRUE,7.579131,0.12525,31.27818,18.863471,65.730303,7.930291,1.350219,0.296255,10.73773,12.283967,10.815617,96.387282,1.329316,1.209668,161.16624,1.088798,0.00513,0.003738,2.836124,1.275495,-7.938953,0.817344,-88292875,-37.316845,-9913833761.663429,-0.122844,73.442893,1.671367,-6.944633,0,0.121478,1.763831,0.06114,0.00513,2.096775
01-13-26,127.18,127.290001,126.260002,126.519997,3849200,123.3094,120.380513,112.717081,0.189355,0.037269,-0.004317,TRUE,TRUE,7.663432,0.131987,25.967655,20.137416,65.624501,2.672726,1.446034,0.313656,8.526329,14.596234,13.061478,89.622581,2.407073,1.18276,177.772367,1.073095,0.005232,0.004006,2.752333,1.612526,-7.938953,0.837815,-92142075,-26.443723,-9915739714.980368,-0.074937,73.504592,,-5.468832,0,0.143457,2.114298,0.06329,0.005232,1.806016
01-14-26,126.379997,127.349998,125.989998,127.239998,5752600,123.514,120.580206,112.83707,0.171912,0.040992,-0.003803,TRUE,TRUE,7.743136,0.13908,35.827989,21.032714,67.643265,2.223516,1.56206,0.343746,7.511618,14.483914,13.244229,98.529403,3.322827,1.202452,198.191904,1.073896,0.005324,0.004144,3.065926,1.793361,-7.938953,1.274235,-86389475,-21.714161,-9910917687.373192,0.09024,80.586656,-0.022168,-4.984405,0,0.15605,2.298586,0.064372,0.005324,1.879995
01-15-26,127.660004,129.479996,127.559998,129.059998,6010000,123.855,120.81152,112.963379,0.159547,0.045028,-0.003271,TRUE,TRUE,7.848141,0.151773,42.139209,22.826751,72.103067,6.372764,1.780348,0.449627,8.135735,14.773712,13.317083,95.629568,5.579188,1.266852,231.063277,1.070617,0.005199,0.003974,4.097444,1.761439,-7.938953,1.328949,-80379475,2.67186,-9907537053.417585,0.153047,81.621223,1.101228,-3.841131,0,0.153349,2.265508,0.06304,0.005199,2.252629
01-16-26,129,129.169998,128.300003,128.619995,3931600,124.191999,121.062702,113.086347,0.152112,0.049385,-0.002722,TRUE,TRUE,7.976355,0.163787,38.364751,24.492643,69.605246,3.980745,1.895982,0.452208,9.194324,15.404873,11.058702,91.050976,5.530028,1.285625,249.182476,1.072176,0.005125,0.00385,3.910161,1.604508,-7.938953,0.887289,-84311075,-31.725276,-9908576497.405237,0.195013,79.111913,1.512231,-3.548772,0,0.142519,2.102104,0.062048,0.005125,1.777009
01-20-26,126.669998,128.020004,126.510002,126.82,13840500,124.4265,121.239064,113.192621,0.148554,0.053937,-0.002156,TRUE,TRUE,8.046442,0.170868,27.659577,24.335332,60.388772,-7.254493,1.821382,0.302087,7.84931,14.054904,9.187256,72.320521,3.840172,1.365827,250.819025,1.084567,0.005261,0.003963,3.6981,1.42399,-7.938953,2.8718,-98151575,127.939723,-9916734195.895529,0.14268,67.72196,0.819634,-3.321291,0,0.13161,1.918817,0.062953,0.005261,0.954274
01-21-26,127.860001,130.550003,127.709999,130.119995,5951700,124.813499,121.513477,113.352371,0.153135,0.058771,-0.00157,TRUE,TRUE,8.161105,0.184919,46.911475,25.294021,68.598067,-3.505001,2.005426,0.388905,8.932606,15.757395,11.439749,95.973709,6.324561,1.484343,276.026019,1.125811,0.005554,0.004099,4.011301,1.750132,-7.938953,1.230095,-92199875,6.802929,-9912584801.98641,0.173764,72.743314,2.59146,-1.806191,0,0.159379,2.238772,0.064025,0.005554,1.922462
01-22-26,130.889999,131.639999,130.279999,130.429993,5027800,125.169999,121.773983,113.534864,0.163606,0.063887,-0.000966,TRUE,TRUE,8.23912,0.2007,61.121016,26.560081,69.242922,-0.362324,2.151496,0.42798,8.882204,14.6914,9.87081,89.719566,5.782635,1.479173,300.415657,1.121766,0.005415,0.003923,3.643223,1.606413,-7.938953,1.026343,-87172075,31.586799,-9916503574.083035,0.132994,77.470028,0.795285,-2.993958,0,0.148405,2.091812,0.062633,0.005415,1.750905
01-23-26,130.009995,130.110001,127.720001,128.089996,7828200,125.437499,121.964597,113.712108,0.177151,0.069173,-0.000344,TRUE,TRUE,8.252489,0.212147,37.499984,25.936169,59.337428,-1.051344,2.054753,0.264989,7.720118,14.468879,8.843275,65.264162,4.358806,1.558613,301.45658,1.148869,0.005074,0.003282,3.171202,1.153457,-7.938953,1.532568,-95000275,114.747757,-9921908011.308105,0.088679,68.140996,-0.367467,-3.676696,0,0.117298,1.613239,0.057291,0.005074,0.879894
01-26-26,128.199997,128.899994,127.580002,128.139999,5053400,125.684999,122.146655,113.90335,0.191529,0.07466,0.000294,TRUE,TRUE,8.243305,0.221159,31.9149,25.270406,59.470852,-9.127215,1.95953,0.135813,6.703309,13.915185,8.520746,62.243784,4.018181,1.507836,302.351902,1.139179,0.005211,0.003523,2.808856,1.413286,-7.938953,0.969024,-89946875,73.505807,-9922673670.894035,0.055219,61.417444,-0.669553,-3.587009,0,0.135739,1.883321,0.059353,0.005211,0.811968
01-27-26,128,128.199997,127.07,127.660004,4132300,125.911499,122.320905,114.052487,0.205769,0.080319,0.000949,TRUE,TRUE,8.268418,0.226294,19.470227,24.32965,57.519741,-11.723181,1.824304,0.00047,5.382206,13.599145,8.341245,53.881842,3.679044,1.440768,299.155164,1.125956,0.005207,0.003602,2.61589,1.646193,-7.938953,0.777284,-94079175,96.355429,-9922490786.256838,0.039392,55.614526,-1.199065,-4.025092,0,0.151254,2.123703,0.060013,0.005207,0.584481
01-28-26,128.270004,128.740005,126.940002,127.059998,8923000,126.137999,122.533919,114.220165,0.219204,0.08602,0.001619,TRUE,TRUE,8.313754,0.227751,22.721068,23.721598,55.086818,-4.25061,1.649704,-0.139304,4.878247,13.518094,8.104406,46.929278,3.697053,1.447009,289.18825,1.11745,0.005312,0.003807,2.330084,1.804344,-7.938953,1.594369,-103002175,168.910855,-9930224103.350891,-0.021397,47.511274,-1.767808,-3.805933,0,0.161845,2.290246,0.061705,0.005312,0.318823
01-29-26,127.550003,128.389999,126.160004,127.860001,7842600,126.446499,122.764924,114.385936,0.232679,0.091756,0.002304,TRUE,TRUE,8.378988,0.230302,17.381814,22.646393,57.658395,-1.812457,1.557927,-0.184865,6.644993,15.04176,8.849208,43.833563,5.070259,1.409464,271.61687,1.119213,0.005381,0.003895,2.161865,1.910137,-7.938953,1.342621,-95159575,165.959034,-9926109374.55278,0.038351,40.433267,-0.228505,-2.782183,0,0.169776,2.398928,0.062407,0.005381,0.520403
01-30-26,126.910004,127.82,125.959999,127.029999,8859300,126.788999,123.030093,114.542346,0.245136,0.097468,0.003004,TRUE,TRUE,8.487747,0.231307,4.475425,21.517915,54.191588,-3.328153,1.402057,-0.272588,7.342946,15.621569,8.489927,27.515721,5.699782,1.431607,228.149558,1.123933,0.005473,0.003993,2.117516,1.701347,-7.938953,1.448653,-104018875,162.606711,-9924775722.740185,0.073573,33.590824,2.326165,0.755802,0,0.155738,2.191119,0.063193,0.005473,0.105632
02-02-26,126.610001,128.889999,126.389999,128.350006,7149400,127.137999,123.323454,114.706497,0.255816,0.103232,0.00372,TRUE,TRUE,8.616957,0.231517,12.205017,21.055885,58.468467,3.381649,1.369259,-0.244309,9.648107,18.783365,8.589391,42.077586,5.751012,1.471978,191.303593,1.115536,0.005704,0.004409,2.00753,2.249942,-7.938953,1.163207,-96869475,9.40838,-9920714825.140087,0.0693,35.979477,3.786218,1.696433,0,0.194165,2.753946,0.0664,0.005704,0.633552
02-03-26,128.399994,129.720001,126.699997,128.240005,7071500,127.405499,123.617202,114.874813,0.264308,0.109023,0.004449,TRUE,TRUE,8.742389,0.234153,11.528205,21.042586,57.982639,0.324244,1.319183,-0.235508,9.368129,16.712322,9.412367,40.140956,4.353492,1.584082,164.272259,1.098469,0.00526,0.003864,1.894636,1.861447,-7.938953,1.142304,-103940975,14.314581,-9920574301.948782,0.05221,38.132149,3.6327,,0,0.163748,2.35754,0.062162,0.00526,0.508002
02-04-26,129.050003,130.339996,128.110001,129.339996,6372900,127.636499,123.973363,115.043567,0.27142,0.114731,0.005194,TRUE,TRUE,8.929796,0.235308,13.725484,21.325481,61.433666,7.242078,1.352665,-0.161621,10.081968,17.150465,11.833282,59.506991,3.704294,1.618656,156.83611,1.084246,0.005529,0.004387,1.792279,2.426569,-7.938953,1.021302,-97568075,18.354195,-9919917018.280508,0.016758,38.595333,3.907812,1.524173,0,0.201607,2.942729,0.066237,0.005529,1.086164
02-05-26,128.800003,130.190002,128.039993,128.429993,8056400,127.871999,124.24105,115.2173,0.276745,0.120351,0.005952,TRUE,TRUE,9.02375,0.235956,-4.378074,21.531813,57.244818,-1.223649,1.290889,-0.178717,10.657403,16.336723,9.815534,43.4858,3.806977,1.62512,127.561854,1.086412,0.005385,0.004141,1.816978,2.040054,-7.938953,1.252069,-105624475,93.361334,-9925050648.323872,-0.009867,31.765279,4.173083,3.878648,0,0.174934,2.547321,0.064351,0.005385,0.43743
02-06-26,129.589996,132.350006,129.580002,131.970001,5503400,128.196999,124.549477,115.397417,0.282387,0.126015,0.006727,TRUE,TRUE,9.15206,0.243751,19.153831,22.661887,66.744304,8.761665,1.510172,0.032453,11.837176,19.781209,11.839324,94.053138,5.180521,1.746609,144.783658,1.132448,0.005878,0.004541,2.809701,2.371328,-7.938953,0.849978,-95976075,17.150946,-9894254484.572853,-0.00783,36.779716,5.21218,5.087797,84.303438,0.205773,2.875212,0.067389,0.005878,2.605959
02-09-26,131.770004,132.419998,131.029999,131.990005,5628200,128.475499,124.798184,115.57153,0.286384,0.131706,0.007519,TRUE,TRUE,9.226654,0.251643,32.908982,23.738151,66.789208,5.355542,1.666361,0.150913,13.394113,19.475257,12.261112,93.343766,4.405954,1.707381,161.418557,1.13229,0.005774,0.004386,2.622052,2.281039,-7.938953,0.861927,-94133375,24.308685,-9872584472.476284,-0.019356,46.06458,4.241705,2.976597,82.129527,0.198926,2.77956,0.066227,0.005774,2.177263
02-10-26,132.160004,133.020004,131.940002,132.070007,6453100,128.751999,125.035152,115.736166,0.287524,0.137408,0.008326,TRUE,TRUE,9.298986,0.258795,15.612562,24.971479,66.98123,9.736412,1.776123,0.20854,12.491272,19.623189,13.920843,86.543962,4.370165,1.563024,173.435253,1.131909,0.005819,0.004457,2.645281,2.313562,-7.938953,0.968664,-82654075,69.297164,-9862450401.529367,-0.074881,46.43673,2.555763,2.322073,81.359678,0.201342,2.814422,0.066761,0.005819,1.913111
02-11-26,133.009995,133.520004,131.070007,131.820007,4544700,129.017,125.265329,115.899751,0.28639,0.14296,0.009149,TRUE,TRUE,9.365578,0.260506,11.18272,25.352307,65.702792,-1.041512,1.821935,0.203482,11.184863,15.680607,13.579162,77.513283,4.18907,1.616382,177.967956,1.091631,0.00572,0.004635,2.624868,2.870233,-7.938953,0.678655,-82276175,18.06869,-9821049897.549387,-0.073419,41.198394,2.899835,-0.917935,81.929104,0.233999,3.393769,0.068081,0.00572,1.575007
02-12-26,132.600006,133.199997,128.5,129.399994,9423500,129.125,125.460045,116.049498,0.281447,0.148291,0.009984,TRUE,TRUE,9.410546,0.257225,10.471569,23.895763,54.799332,-11.989876,1.644016,0.02045,8.705612,11.204079,11.694022,45.502546,1.697576,1.756459,173.104162,1.122696,0.005818,0.004529,2.55601,2.378327,-7.938953,1.36966,-93416975,63.812885,-9775835903.50112,-0.148759,40.454622,2.826359,-3.034127,81.879065,0.204688,2.885005,0.067295,0.005818,0.158861
02-13-26,129.75,131.610001,129.029999,130.949997,6806400,129.2195,125.684766,116.20377,0.2748,0.153442,0.010831,TRUE,TRUE,9.480996,0.251455,20.057027,22.543258,59.441893,-7.539337,1.609532,-0.011227,10.090575,14.14867,14.469283,66.005217,1.464435,1.804397,177.825138,1.086153,0.006296,0.005681,2.439686,3.281705,-7.938953,0.983585,-86610575,13.251248,-9772511864.538008,-0.148312,46.778952,3.857689,-2.189961,81.596376,0.262482,3.829311,0.07537,0.006296,0.973146
02-17-26,130.919998,131.770004,129.389999,130.809998,5024300,129.329,125.873441,116.360865,0.266971,0.1584,0.011688,TRUE,TRUE,9.512576,0.244349,23.043041,21.381371,58.853908,-6.848884,1.553005,-0.054204,12.370751,14.734071,12.8051,64.153375,1.702692,1.874585,180.659398,1.0863,0.0063,0.005686,2.284878,3.274402,-7.938953,0.720368,-95033275,27.792756,-9754383678.713295,-0.132737,51.495727,4.567522,-1.300251,81.168361,0.262035,3.822256,0.075407,0.0063,0.819773
02-18-26,130.740005,132.320007,130.369995,131.179993,5186500,129.546999,126.071507,116.516733,0.258235,0.163215,0.012554,TRUE,TRUE,9.554774,0.236679,30.65465,20.628934,59.980584,5.181252,1.520534,-0.069339,12.785025,14.887929,13.211129,69.047487,3.437938,1.877466,175.007476,1.085317,0.006387,0.005858,2.055536,3.374068,-7.938953,0.792809,-88995575,-62.526643,-9719142312.622097,-0.085876,59.019982,3.735789,-2.853333,79.407631,0.268804,3.925189,0.076535,0.006387,0.933099
02-19-26,130.539993,131.050003,129.960007,130.929993,5427800,129.587499,126.268754,116.660036,0.248487,0.167913,0.013425,TRUE,TRUE,9.608718,0.224194,23.816796,19.631966,58.808816,-0.633077,1.457823,-0.10564,15.081485,14.529079,12.295268,65.740611,0.6225,1.82595,177.325174,1.053977,0.006442,0.006328,1.884842,3.873243,-7.938953,0.83303,-94423375,-8.802527,-9714909731.901432,-0.085583,60.462317,4.617015,-3.82456,78.902622,0.295682,4.449565,0.079552,0.006442,0.75708
02-20-26,130.220001,132.309998,130.190002,131.630005,6178700,129.6475,126.489955,116.810511,0.238047,0.172458,0.014302,TRUE,TRUE,9.679444,0.217734,36.050091,19.445239,61.100353,2.246445,1.447918,-0.092436,15.787936,15.68581,13.32849,73.492313,0.920043,1.828177,182.286711,0.98477,0.005848,0.005973,1.587556,3.442685,-7.938953,0.939972,-93021975,22.890728,-9702508255.067326,-0.038176,69.107527,4.619513,-3.032883,78.447847,0.250464,4.033586,0.077286,0.005848,1.087575
02-23-26,131.080002,131.25,128.139999,128.990005,7504500,129.6925,126.647207,116.950962,0.22574,0.176703,0.015184,TRUE,TRUE,9.696245,0.208573,4.54544,18.200229,49.839334,-10.14125,1.21306,-0.261836,13.594971,13.454993,12.328417,33.577802,0.702638,1.920416,179.326263,1.015717,0.005278,0.004563,1.530398,2.475059,-7.938953,1.144485,-104486075,-4.13505,-9664669526.853577,-0.023004,60.909277,3.47685,-4.292178,76.699414,0.193599,3.017906,0.067552,0.005278,-0.391741
02-24-26,129.139999,130.720001,128.960007,130.179993,6458800,129.7945,126.780481,117.096669,0.2124,0.180687,0.016073,TRUE,TRUE,9.683813,0.205766,12.796733,17.044148,53.958477,-4.85034,1.110157,-0.291791,16.719901,10.269447,16.455726,39.051005,1.592004,1.833726,175.797936,0.970754,0.004744,0.004034,1.373934,2.138177,-7.938953,0.974565,-101173675,27.810979,-9646170381.091013,0.001843,60.681621,5.913337,-6.188004,77.749559,0.164796,2.687238,0.06351,0.004744,0.219282
02-25-26,131.009995,131.100006,129.339996,130.660004,4264400,129.9445,126.896082,117.235544,0.198599,0.184413,0.016966,TRUE,TRUE,9.660539,0.204285,9.07843,15.928961,55.544334,-5.556019,1.055176,-0.277418,13.57233,11.732083,17.321351,47.810312,2.349992,1.801296,169.30564,0.969703,0.004696,0.00396,1.289924,2.088903,-7.938953,0.642813,-93008675,3.196767,-9629478640.964163,0.016533,59.749598,2.865216,-6.204327,78.225736,0.161529,2.636638,0.062932,0.004696,0.422611
02-26-26,131.050003,131.929993,129.889999,131.389999,6856800,130.161,127.052959,117.378218,0.185403,0.187897,0.017864,TRUE,TRUE,9.674742,0.203573,20.612815,15.411749,57.918233,8.078899,1.058308,-0.219429,12.734043,11.974745,17.861621,60.408867,3.40784,1.785307,157.7707,0.971133,0.004808,0.004141,1.067826,2.217736,-7.938953,1.04994,-79455275,-23.155889,-9572335081.530281,0.100707,68.550477,2.462939,-6.048373,79.555178,0.169883,2.769398,0.064353,0.004808,0.778978
02-27-26,129.949997,130.130005,128.699997,129.699997,6141600,130.253,127.183999,117.493086,0.172343,0.191024,0.018767,TRUE,TRUE,9.690913,0.198379,-18.145481,14.48274,51.113343,-2.845134,0.913886,-0.29108,8.485915,9.622344,16.583659,28.996211,1.439071,1.740831,148.753902,0.984848,0.004718,0.003876,1.170411,1.985775,-7.938953,0.952835,-85596875,-21.689236,-9569887078.841335,0.089106,61.673121,0.090803,-7.150029,79.037436,0.157033,2.523323,0.062256,0.004718,-0.371757
03-02-26,128.160004,130.929993,127.809998,130.580002,8442500,130.4305,127.350799,117.609872,0.161502,0.193841,0.019674,TRUE,TRUE,9.740927,0.194153,-10.546006,14.149635,54.13516,-1.409174,0.86052,-0.275557,8.616101,10.580284,19.047833,48.511401,2.794618,1.823731,128.004405,0.987209,0.004854,0.004085,1.208518,2.15172,-7.938953,1.314055,-80002275,-4.704661,-9538301331.011007,0.129979,62.843273,0.308009,-7.152549,78.450098,0.167982,2.693356,0.06391,0.004854,0.116794
03-03-26,127.459999,129.929993,126.120003,129.199997,10454400,130.473,127.497199,117.725218,0.151302,0.196348,0.020582,TRUE,TRUE,9.771981,0.189879,-19.563768,14.706412,49.018164,-8.90007,0.698817,-0.349808,7.388189,9.865826,16.788702,41.621535,0.662244,2.030075,122.003669,0.985674,0.00464,0.003739,1.182155,1.498684,-7.938953,1.586399,-93341075,46.227655,-9521608916.171322,0.144833,53.228109,1.50837,-5.101437,78.632143,0.126375,2.028162,0.061151,0.00464,-1.043413
03-04-26,129.949997,130.389999,128.649994,129.910004,5607500,130.556499,127.6528,117.840442,0.141505,0.198518,0.021493,TRUE,TRUE,9.812358,0.186165,-12.623921,14.893136,51.555326,0.441983,0.620801,-0.342259,8.562143,11.30883,20.226731,53.53113,1.302244,1.979942,111.14845,0.986971,0.004788,0.00397,1.122458,1.666012,-7.938953,0.860466,-85318175,-20.702821,-9504879551.118176,0.164668,58.634786,1.127365,-4.185438,78.92129,0.137355,2.201975,0.063009,0.004788,-0.581651
03-05-26,128.649994,129.440002,126.559998,127.660004,6905700,130.4725,127.7584,117.940295,0.129416,0.200302,0.022403,FALSE,TRUE,9.818104,0.177929,-11.630934,15.990741,44.070445,-10.064715,0.373116,-0.471955,6.637539,9.511866,19.968301,24.838706,-1.298896,1.939304,126.160398,1.014928,0.004662,0.003556,1.305621,1.213555,-7.938953,1.055359,-101402975,8.360401,-9470631316.656359,0.146516,60.34282,0.007106,-4.5579,77.738913,0.110739,1.725269,0.059632,0.004662,-2.229302
03-06-26,125.370003,125.379997,123.980003,124.790001,9184400,130.2905,127.7882,118.029273,0.114181,0.201747,0.02331,FALSE,TRUE,9.758926,0.163778,-37.837763,17.867843,36.742748,-12.275416,-0.054137,-0.719367,2.812555,5.472419,16.062347,9.712196,-2.834223,2.046868,174.261946,1.057236,0.004706,0.003336,1.901139,0.70526,-7.938953,1.391605,-110587375,14.001291,-9469188039.498865,0.19509,51.727843,-1.757514,-6.106038,77.203174,0.079751,1.192056,0.057756,0.004706,-3.156455
03-09-26,122.760002,125.760002,120.980003,125.370003,9648900,129.9605,127.8408,118.122045,0.095726,0.202781,0.024216,FALSE,TRUE,9.718755,0.151288,-32.535807,20.342388,38.951892,-12.603434,-0.341995,-0.80578,3.375187,5.633532,18.112855,38.712503,-5.001135,2.174136,201.194201,1.057251,0.004715,0.00335,2.280817,0.705866,-7.938953,1.417469,-103865875,75.326162,-9434040298.75872,0.219126,44.330755,-0.482505,-5.99973,77.012608,0.079789,1.192612,0.057876,0.004715,-2.281625
03-10-26,124.959999,126.860001,124.269997,124.790001,9643000,129.6005,127.8728,118.226657,0.073874,0.203295,0.025125,FALSE,TRUE,9.646143,0.14166,-37.743533,21.92703,37.540027,-6.530417,-0.609895,-0.858944,3.074598,5.30395,16.966643,33.627533,-5.454962,2.220874,225.870797,1.029076,0.004158,0.002748,2.668805,0.099194,-7.938953,1.376023,-110789475,71.333641,-9419047414.741516,0.156363,46.55824,-1.513944,-6.665604,76.880756,0.037667,0.578124,0.052419,0.004158,-2.129757
03-11-26,124.25,125.010002,123.43,124.519997,7253600,129.223,127.9006,118.330415,0.049304,0.203236,0.026037,FALSE,TRUE,9.570185,0.133831,-37.817007,23.608201,36.870044,0.127296,-0.834377,-0.866741,3.276129,6.002905,19.518339,31.24444,-5.716673,2.246341,244.730129,1.019626,0.003897,0.002457,3.030898,-0.24251,-7.938953,1.029186,-129860175,12.404891,-9375576617.978537,0.209775,45.887566,-1.534266,-5.397373,72.838981,0.014922,0.231082,0.049568,0.003897,-1.92171
03-12-26,122.779999,123.459999,122.029999,122.199997,8272900,128.741999,127.894,118.425302,0.021338,0.202574,0.02695,FALSE,TRUE,9.468697,0.119957,-50.78081,25.496477,31.644106,-7.307785,-1.185816,-0.974543,0.885521,4.284392,17.941272,11.141505,-7.297838,2.310616,282.607479,1.038734,0.003875,0.00234,3.447087,-0.440565,-7.938953,1.143564,-138133075,82.034018,-9381882556.367722,0.172965,39.224629,-3.053019,-6.053307,71.987892,0.001443,0.021925,0.048374,0.003875,-2.314872
03-12-26,122.779999,123.459999,122.029999,122.199997,8040996,128.381999,127.9042,118.507088,-0.009653,0.201326,0.027865,FALSE,TRUE,9.397112,0.105483,-42.623971,27.249876,31.644106,-5.895921,-1.447646,-0.989099,-1.065677,2.130984,18.461735,11.141505,-5.56414,2.190204,317.49025,1.03794,0.003925,0.002405,3.890827,-0.358755,-7.938953,1.122231,-138133075,-14.670812,-9388011728.165239,0.172438,42.248113,-4.20074,-7.326622,71.987892,0.006979,0.106161,0.049037,0.003925,-1.947147
03-12-26,122.779999,123.459999,122.029999,122.199997,8040996,128.381999,127.9042,118.507088,-0.009653,0.201326,0.027865,FALSE,TRUE,9.397112,0.105483,-42.623971,27.249876,31.644106,-5.895921,-1.447646,-0.989099,-1.065677,2.130984,18.461735,11.141505,-5.56414,2.190204,317.49025,1.03794,0.003925,0.002405,3.890827,-0.358755,-7.938953,1.122231,-129581075,-14.670812,-9342393520.12438,0.172438,42.248113,-4.20074,-7.326622,73.12102,0.006979,0.106161,0.049037,0.003925,-1.947147
03-13-26,123.190002,123.620003,121.580002,122.050003,6925300,127.937,127.9416,118.594475,-0.044391,0.199399,0.02878,FALSE,TRUE,9.347124,0.089277,-54.600224,28.986365,31.311334,-5.55871,-1.648251,-0.951763,-2.266135,3.417823,20.336562,9.771696,-6.796483,2.209283,341.096668,1.03364,0.003981,0.002495,4.322893,-0.202936,-7.938953,0.96572,-136506375,1.746885,-9346127743.660677,0.123082,35.564995,-4.189215,-5.810486,73.536513,0.017485,0.267099,0.049948,0.003981,-1.725903
03-13-26,123.190002,123.614998,121.584999,122.050003,6854882,127.499,127.9552,118.679432,-0.081728,0.196776,0.029695,FALSE,TRUE,9.275768,0.072472,-59.750099,30.598818,31.311334,-0.332772,-1.786637,-0.87212,-1.211003,3.32188,17.459941,9.771696,-6.696732,2.225084,358.083285,1.032904,0.00403,0.00256,4.719619,-0.127644,-7.938953,0.943853,-136506375,36.434568,-9349842183.057676,0.089274,30.47288,-3.35233,-5.309414,73.536513,0.022557,0.344842,0.050599,0.00403,-1.521712
03-13-26,123.190002,123.614998,121.584999,122.050003,6854882,127.499,127.9552,118.679432,-0.081728,0.196776,0.029695,FALSE,TRUE,9.275768,0.072472,-59.750099,30.598818,31.311334,-0.332772,-1.786637,-0.87212,-1.211003,3.32188,17.459941,9.771696,-6.696732,2.225084,358.083285,1.032904,0.00403,0.00256,4.719619,-0.127644,-7.938953,0.943853,-139903575,36.434568,-9331216440.157858,0.089274,30.47288,-3.35233,-5.309414,73.279212,0.022557,0.344842,0.050599,0.00403,-1.521712
03-16-26,123.339996,124.165001,122.93,122.949997,5236107,127.0875,127.9564,118.77122,-0.11875,0.193546,0.03061,FALSE,TRUE,9.185179,0.057556,-57.887466,31.64943,35.995178,4.351071,-1.802904,-0.710709,-0.160787,4.212573,17.077269,19.798952,-6.273819,2.213153,360.833823,1.036908,0.004189,0.002746,4.515603,0.008663,-7.938953,0.720717,-134667468,0.956464,-9336282985.196739,0.060415,29.082339,-3.633453,-6.043256,72.947868,0.03181,0.484493,0.052404,0.004189,-1.146651
03-17-26,123.559998,124.580002,123.300003,123.830002,5014800,126.7325,127.9386,118.869196,-0.156506,0.189706,0.031526,FALSE,TRUE,9.069404,0.044461,-42.628807,32.288307,40.28308,8.971746,-1.724904,-0.506167,1.300723,4.985167,18.652073,28.643231,-5.422738,2.136282,355.9332,1.040573,0.004275,0.002839,4.71878,0.13857,-7.938953,0.692223,-130379168,-7.608976,-9277575407.239445,0.025426,34.471555,-3.147555,-5.398217,74.352287,0.040656,0.617115,0.053279,0.004275,-0.815462
03-17-26,123.559998,124.57,123.300003,123.830002,4854331,126.3425,127.9408,118.958783,-0.194592,0.185211,0.032443,FALSE,TRUE,8.982016,0.032845,-52.366116,32.881551,40.28308,8.971746,-1.644135,-0.340319,1.599938,2.652744,17.07094,30.286925,-5.925703,2.029569,341.902563,1.03619,0.004114,0.002651,4.471835,-0.052795,-7.938953,0.676254,-130379168,-21.434428,-9278378090.515257,0.004641,26.744635,-2.84834,-7.204173,74.352287,0.027685,0.421935,0.051489,0.004114,-0.734858
03-18-26,123.190002,123.660004,122.199997,122.230003,9352300,126.0045,127.876,119.041761,-0.231827,0.179995,0.033357,FALSE,TRUE,8.834239,0.017627,-53.16544,33.817196,35.296853,-0.698324,-1.689753,-0.308749,0.081885,2.490358,16.113998,13.283746,-5.240718,1.890757,347.716956,1.048162,0.00421,0.002711,4.7405,-0.263696,-7.938953,1.286307,-139731468,24.62256,-9287345969.083027,-0.033692,27.187421,-1.782274,-4.413171,74.672926,0.013778,0.207555,0.052071,0.00421,-1.085508
03-18-26,123.190002,123.650002,122.199997,122.230003,9351583,125.607001,127.7922,119.124887,-0.267584,0.174135,0.034268,FALSE,TRUE,8.667312,0.0032,-61.935479,34.68601,35.296853,-4.986227,-1.706237,-0.260187,-0.122564,2.224641,16.863333,14.775415,-6.106921,1.87381,342.879008,1.047048,0.00415,0.002639,3.4057,-0.35662,-7.938953,1.26112,-139731468,44.788242,-9296310508.585733,-0.110307,20.291491,-1.142538,-4.128826,74.672926,0.007458,0.112464,0.05137,0.00415,-0.984895
03-18-26,123.190002,123.650002,122.199997,122.230003,9351583,125.607001,127.7922,119.124887,-0.267584,0.174135,0.034268,FALSE,TRUE,8.667312,0.0032,-61.935479,34.68601,35.296853,-4.986227,-1.706237,-0.260187,-0.122564,2.224641,16.863333,14.775415,-6.106921,1.87381,342.879008,1.047048,0.00415,0.002639,3.4057,-0.35662,-7.938953,1.26112,-135635668,44.788242,-9262338629.660133,-0.110307,20.291491,-1.142538,-4.128826,74.284578,0.007458,0.112464,0.05137,0.00415,-0.984895
03-19-26,120.989998,123.800003,120.860001,122.769997,8390787,125.2125,127.7168,119.204361,-0.300311,0.167753,0.035176,FALSE,TRUE,8.512439,-0.01039,-45.743774,35.930946,38.286814,-1.996266,-1.656632,-0.168465,-0.429851,2.882758,14.510603,31.833267,-6.038579,1.841714,326.688786,1.048635,0.786706,0.433134,1.914059,-0.232326,-7.938953,1.100919,-127244881,96.763601,-9259827133.277206,-0.104833,20.053918,0.141095,-2.780165,75.437908,0.012835,0.25634,0.65813,0.786706,-0.747655
03-20-26,122.68,123.050003,119.779999,120.410004,13403000,124.663501,127.5946,119.266327,-0.330347,0.160825,0.036079,FALSE,TRUE,8.328273,-0.028845,-43.025576,37.393846,31.447232,-3.849621,-1.78715,-0.239186,-1.898317,1.749203,12.989345,8.898372,-8.356797,1.85349,309.203591,1.075958,0.807755,0.458463,2.183197,-0.579289,-8.828654,1.686139,-140647881,95.47019,-9268065641.282227,-0.172634,19.307264,0.528871,-2.278702,75.252114,0.003308,0.066319,0.677099,0.807755,-1.37563
03-20-26,122.68,123.050003,119.779999,120.410004,9488899,124.199001,127.458,119.325017,-0.357298,0.153371,0.036976,FALSE,TRUE,8.132983,-0.048607,-51.666747,38.752253,31.447232,-3.849621,-1.869041,-0.256862,-2.256676,2.642576,13.59243,8.898372,-7.162678,1.763915,299.177625,1.072442,0.806816,0.46036,2.023748,-0.412062,-8.828654,1.169117,-140647881,54.502068,-9273898243.712305,-0.220087,21.294981,0.129306,-1.596434,75.252114,0.01328,0.267596,0.678498,0.806816,-1.266471
03-20-26,122.68,123.050003,119.779999,120.410004,9488899,124.199001,127.458,119.325017,-0.357298,0.153371,0.036976,FALSE,TRUE,8.132983,-0.048607,-51.666747,38.752253,31.447232,-3.849621,-1.869041,-0.256862,-2.256676,2.642576,13.59243,8.898372,-7.162678,1.763915,299.177625,1.072442,0.806816,0.46036,2.023748,-0.412062,-8.828654,1.169117,-139347181,54.502068,-9233657798.319561,-0.220087,21.294981,0.129306,-1.596434,76.209161,0.01328,0.267596,0.678498,0.806816,-1.266471
03-23-26,122.800003,124.68,122.190002,122.889999,11182900,123.814501,127.3346,119.399383,-0.377837,0.145533,0.037871,FALSE,TRUE,7.935217,-0.066791,-16.521785,38.497176,43.703803,5.416989,-1.714066,-0.08151,-0.194914,3.730901,16.45546,59.464601,-5.889112,1.825966,259.65897,1.092792,0.819817,0.486062,1.875742,0.39469,-8.828654,1.354959,-128164281,32.45958,-9238553146.03978,-0.285761,22.429329,,-2.38096,76.423236,0.037804,0.766031,0.697182,0.819817,-0.356044
03-23-26,122.800003,124.675003,122.190002,122.889999,10865331,123.499001,127.22,119.475834,-0.392262,0.137415,0.038759,FALSE,TRUE,7.744166,-0.083109,-14.514703,38.260319,43.703803,12.256571,-1.573114,0.047554,0.293806,3.634675,19.030657,63.46938,-4.883899,1.878568,227.067824,1.0857,0.814338,0.482973,1.428858,0.155969,-8.828654,1.313212,-128164281,3.930699,-9243297191.990625,-0.352688,21.627309,0.75922,-1.669709,76.423236,0.028846,0.586563,0.694963,0.814338,-0.268202
03-23-26,122.800003,124.675003,122.190002,122.889999,10865331,123.499001,127.22,119.475834,-0.392262,0.137415,0.038759,FALSE,TRUE,7.744166,-0.083109,-14.514703,38.260319,43.703803,12.256571,-1.573114,0.047554,0.293806,3.634675,19.030657,63.46938,-4.883899,1.878568,227.067824,1.0857,0.814338,0.482973,1.428858,0.155969,-8.828654,1.313212,-134845381,3.930699,-9194718862.264294,-0.352688,21.627309,0.75922,-1.669709,75.319658,0.028846,0.586563,0.694963,0.814338,-0.268202
03-24-26,121.910004,124.589996,121.580002,123.769997,8134200,123.192001,127.159,119.567107,-0.399268,0.128993,0.039643,FALSE,TRUE,7.591893,-0.095493,16.036818,38.297962,47.562045,16.114813,-1.374555,0.19689,1.709256,4.157195,19.241018,81.428502,-4.726354,1.895221,170.218299,1.077615,0.806539,0.471733,1.384932,0.025472,-8.828654,0.968335,-126711181,45.059296,-9191016591.626617,-0.340309,29.853877,2.026922,-0.980172,75.826778,0.032401,0.656699,0.686828,0.806539,0.339562
03-24-26,121.910004,124.584999,121.605003,123.769997,8134119,122.9975,127.032,119.65306,-0.399304,0.120375,0.040521,FALSE,TRUE,7.37894,-0.104823,16.036818,38.332916,47.562045,3.858242,-1.203325,0.294497,2.987183,3.851314,18.979325,81.428502,-3.047162,1.984672,135.074116,1.060156,0.796474,0.473454,1.339567,-0.345741,-8.828654,0.961296,-126711181,17.788479,-9187331691.652287,-0.30643,35.174521,2.816938,-1.075121,75.826778,0.012962,0.267474,0.68808,0.796474,0.571906
03-24-26,121.910004,124.584999,121.605003,123.769997,8134119,122.9975,127.032,119.65306,-0.399304,0.120375,0.040521,FALSE,TRUE,7.37894,-0.104823,16.036818,38.332916,47.562045,3.858242,-1.203325,0.294497,2.987183,3.851314,18.979325,81.428502,-3.047162,1.984672,135.074116,1.060156,0.796474,0.473454,1.339567,-0.345741,-8.828654,0.961296,-126351881,17.788479,-9149300181.523985,-0.30643,35.174521,2.816938,-1.075121,76.564857,0.012962,0.267474,0.68808,0.796474,0.571906
03-25-26,124.900002,125.419998,123.599998,125.080002,7321800,123.012,126.925,119.751191,-0.390766,0.111614,0.041396,FALSE,TRUE,7.173809,-0.113648,27.671268,37.560863,53.110214,9.406412,-0.950955,0.437493,3.056768,4.634433,18.486214,93.971695,0.232391,1.951323,137.237944,1.063719,0.79518,0.477172,2.083344,0.118102,-8.828654,0.874925,-119030081,-20.28004,-9144713970.100012,-0.291062,41.871906,2.167883,-1.463938,76.40135,0.015421,0.31828,0.690777,0.79518,1.506873
03-25-26,124.900002,125.410004,123.610001,125.080002,7321167,122.9975,126.8648,119.847132,-0.376701,0.102684,0.042266,FALSE,TRUE,7.017669,-0.119583,27.671268,36.843957,53.110214,5.54817,-0.742392,0.516845,1.782084,4.163891,27.411607,93.971695,-0.231316,1.938189,134.746021,1.047933,0.782711,0.468658,1.980192,-0.237239,-8.828654,0.887188,-119030081,-24.124335,-9140077241.343712,-0.315996,48.472249,1.865925,-0.628363,76.40135,0.003789,0.078747,0.684586,0.782711,1.545501
03-25-26,124.900002,125.410004,123.610001,125.080002,7321167,122.9975,126.8648,119.847132,-0.376701,0.102684,0.042266,FALSE,TRUE,7.017669,-0.119583,27.671268,36.843957,53.110214,5.54817,-0.742392,0.516845,1.782084,4.163891,27.411607,93.971695,-0.231316,1.938189,134.746021,1.047933,0.782711,0.468658,1.980192,-0.237239,-8.828654,0.887188,-120457881,-24.124335,-9095681180.330544,-0.315996,48.472249,1.865925,-0.628363,76.145887,0.003789,0.078747,0.684586,0.782711,1.545501
03-26-26,123.870003,125.540001,123.519997,123.669998,6166400,122.9415,126.7754,119.936769,-0.358649,0.093518,0.04313,FALSE,TRUE,6.838631,-0.126198,6.282738,36.046714,46.914043,-0.648002,-0.683006,0.460984,-0.841888,3.256242,31.659735,67.534687,-0.89751,1.9548,129.113996,1.053088,0.782088,0.474749,1.950588,-0.709517,-8.828654,0.763332,-126624281,-36.053096,-9100931770.971336,-0.319576,43.250026,0.953145,-0.104915,76.279606,-0.002507,-0.052149,0.68902,0.782088,0.564229
03-27-26,122.940002,123.349998,121.389999,121.75,5046600,122.803,126.6572,120.009733,-0.338523,0.084057,0.043989,FALSE,TRUE,6.647468,-0.135603,-16.640035,36.384418,40.06034,-13.049874,-0.781858,0.289706,-1.592306,2.96854,31.421111,34.201397,-2.22454,2.023761,126.112278,1.071068,0.785097,0.459416,2.05906,-1.104558,-8.828654,0.633365,-131670881,-30.426271,-9104124513.901104,-0.361321,38.65583,-0.644737,-0.941335,75.111313,-0.022521,-0.45398,0.677802,0.785097,-0.83497
03-30-26,123,123,120.470001,120.870003,6740400,122.736501,126.5334,120.072917,-0.317287,0.074409,0.044842,FALSE,TRUE,6.460484,-0.146219,-22.122594,37.063115,37.365932,-15.744283,-0.920595,0.120775,-3.666214,1.29903,34.461998,18.923673,-1.088375,2.112956,132.789118,1.074472,0.783554,0.454721,2.231054,-1.275143,-8.828654,0.854156,-141803181,-18.524339,-9079655321.697401,-0.354078,38.042961,-1.892427,-2.516584,74.634979,-0.0344,-0.688255,0.67433,0.783554,-1.405611
03-31-26,122.769997,125.18,121.970001,124.309998,8839000,122.842001,126.4624,120.158681,-0.291197,0.064776,0.045691,FALSE,TRUE,6.30372,-0.149662,13.66621,35.812532,51.187095,4.273052,-0.744386,0.237588,-1.66904,5.392116,27.064077,78.645783,1.726678,2.208477,136.628687,1.135896,0.827698,0.502475,2.152634,-0.675839,-8.828654,1.11446,-137109181,9.924193,-9059587867.856409,-0.288139,46.212793,-1.523873,-1.417998,75.037731,-0.025504,-0.505306,0.708855,0.827698,1.074443
04-01-26,125,126.129997,124.839996,124.919998,9807800,122.9855,126.4202,120.239524,-0.261753,0.055338,0.04654,FALSE,TRUE,6.180676,-0.148856,16.993041,33.984416,53.16088,13.10054,-0.549186,0.34623,-1.28023,9.320033,33.569181,80.944892,2.351491,2.218849,142.804663,1.121775,0.821646,0.508804,2.064985,-0.905968,-8.828654,1.21454,-118504281,41.622746,-9029950177.739079,-0.31307,54.892154,-1.073962,0.478638,76.390037,-0.043242,-0.873118,0.713305,0.821646,1.354646
04-02-26,123.120003,126.199997,122.860001,125.43,4573700,123.1545,126.3618,120.321274,-0.229365,0.046155,0.047387,FALSE,TRUE,6.040526,-0.147731,16.835479,33.243279,54.806273,17.440342,-0.349309,0.436886,-0.861521,7.591352,32.441748,88.006279,2.769355,2.232605,150.920391,1.12263,0.821485,0.510167,2.214436,-0.728713,-8.828654,0.574494,-113930581,-33.27821,-9027485302.594028,-0.278747,56.781777,-1.108898,,76.307596,-0.039237,-0.792755,0.71426,0.821485,1.507749
04-06-26,125.129997,126.239998,124.669998,126.110001,4932600,123.3125,126.3192,120.407421,-0.194684,0.0373,0.048235,FALSE,TRUE,5.911779,-0.148364,40.368264,32.526525,56.976421,5.789327,-0.134484,0.521368,-0.888083,6.556825,31.710291,97.987658,2.570154,2.124279,164.588982,1.11057,0.817325,0.498035,2.358389,-0.274071,-8.828654,0.620758,-112358281,-5.796425,-9000603379.403091,-0.2215,66.479122,-1.320811,-1.44229,76.692502,-0.028985,-0.584768,0.705716,0.817325,1.699689
04-07-26,125.699997,126.959999,125.389999,126.519997,5152000,123.447,126.2628,120.487298,-0.15801,0.028925,0.049082,TRUE,TRUE,5.775502,-0.142692,42.050906,31.341786,58.277306,5.116426,0.068064,0.579133,-1.968078,6.007539,32.454308,93.220299,2.172329,2.021419,179.368092,1.057675,0.803888,0.530534,2.2871,-0.857364,-8.828654,0.64781,-102508181,2.735902,-8974422489.906384,-0.201655,68.167785,-2.296687,-1.378692,77.591572,-0.064787,-1.419163,0.728378,0.803888,1.713235
04-08-26,129.839996,130.630005,129.229996,129.830002,4683000,123.747,126.2908,120.576204,-0.118267,0.021051,0.04993,TRUE,TRUE,5.714596,-0.130869,45.182306,29.990303,66.962399,12.156126,0.490026,0.800876,0.940761,10.221581,37.274775,92.125957,4.845352,1.961081,229.329175,1.111508,0.838529,0.534123,4.3619,-0.24981,-8.828654,0.589473,-80807581,-3.529446,-8933925929.773582,-0.201031,66.149651,-0.642299,0.834816,80.683111,-0.038705,-0.80988,0.730837,0.838529,2.65252
04-09-26,129.240005,131.270004,129.130005,130.75,4684600,124.173,126.2664,120.666671,-0.073873,0.013678,0.050778,TRUE,TRUE,5.599729,-0.12147,48.280106,29.010115,68.900173,11.923751,0.888429,0.959424,3.098881,11.191431,36.78322,95.185147,6.970463,1.928435,274.375621,1.089851,0.835694,0.554222,4.72578,0.352783,-8.828654,0.607522,-76122981,-49.909648,-8931517977.165684,-0.133352,75.719461,0.596794,1.48378,81.668062,0.013932,0.303931,0.744461,0.835694,2.397079
04-10-26,131.050003,131.050003,129.779999,130.190002,2739500,124.571,126.2304,120.763902,-0.027315,0.006665,0.051624,TRUE,TRUE,5.466498,-0.113053,40.225603,28.09994,66.349153,8.071847,1.145772,0.973413,0.053802,8.991215,38.968088,89.999986,6.512312,1.841265,301.135368,1.091527,0.825132,0.542195,4.506714,0.238965,-8.828654,0.371186,-84010881,-70.705494,-8893183482.591887,-0.085169,70.948298,-2.751098,-0.332695,79.58024,-0.003331,-0.071604,0.736339,0.825132,1.865939
04-13-26,129.740005,131.869995,129.5,131.809998,3424500,125.023,126.2252,120.86495,0.021029,0.000083,0.05247,TRUE,TRUE,5.36025,-0.102907,45.733809,27.621205,69.829254,2.866855,1.463566,1.032966,1.058043,10.034224,37.37856,99.473705,7.363363,1.785579,338.238597,1.101265,0.831156,0.5423,4.926341,0.625791,-8.828654,0.480155,-74715681,-59.18738,-8872125221.063356,-0.08295,69.372209,-2.050766,-1.41291,80.208059,0.013253,0.282377,0.73641,0.831156,2.006571
04-14-26,132.270004,132.850006,131.550003,132.429993,4821000,125.623999,126.2374,120.964464,0.069575,-0.006022,0.053315,TRUE,TRUE,5.272935,-0.092992,43.516861,27.587034,71.06268,2.162508,1.74533,1.051784,3.38824,11.369934,36.290457,96.607324,9.98255,1.749173,358.160477,1.100296,0.83092,0.545794,5.104097,0.852463,-8.828654,0.719233,-77675681,-64.030441,-8848690554.49123,-0.014081,68.524011,-0.063596,-0.448656,79.570413,0.021736,0.465309,0.738779,0.83092,1.900264
04-15-26,132.229996,132.520004,131.660004,132.259995,2777700,126.216499,126.2946,121.05755,0.117807,-0.011608,0.054158,TRUE,TRUE,5.237049,-0.082299,42.086753,27.555303,70.215066,3.865913,1.932635,0.991271,3.21523,10.134065,33.403551,95.234157,9.841367,1.700655,365.31135,1.098169,0.830708,0.54813,4.883925,0.671495,-8.828654,0.436237,-70229181,-70.726846,-8753147234.667049,0.0396,62.788611,-0.652408,-1.39159,80.178456,0.003267,0.070251,0.740358,0.830708,1.654341
04-16-26,132.100006,133.029999,132.029999,132.690002,3677100,126.706499,126.3294,121.159012,0.163934,-0.016643,0.054999,TRUE,TRUE,5.170387,-0.072552,56.094601,27.74571,71.152377,1.323123,2.091661,0.920238,3.940152,9.534426,33.890906,97.293022,7.974614,1.640236,383.610392,1.094668,0.928523,0.587787,4.694748,0.909119,-8.828654,0.613655,-66552081,-67.118547,-8751970535.735165,0.092747,70.054653,0.189631,-1.044199,80.680117,-0.026438,-0.597147,0.766673,0.928523,1.559787
04-17-26,134.139999,136.529999,133.770004,135.389999,4586500,127.331499,126.421,121.27248,0.209659,-0.021061,0.05584,TRUE,TRUE,5.148519,-0.056455,80.901609,29.108525,76.213905,5.151224,2.407803,0.989103,6.555959,11.754022,36.138088,92.901622,10.171698,1.689827,418.407494,1.1168,0.944327,0.582661,5.671159,1.126985,-8.828654,0.807741,-66066181,-57.787756,-8709745828.233789,0.146673,76.826172,2.021793,0.272457,80.91561,-0.010402,-0.22888,0.763322,0.944327,1.925993
04-20-26,134.820007,136.309998,134.779999,136.149994,3453900,127.950499,126.5204,121.401205,0.253617,-0.024814,0.056682,TRUE,TRUE,5.119195,-0.039691,91.278417,30.373996,77.415121,7.200055,2.688679,1.015984,6.483649,13.559479,36.019829,97.390076,10.002422,1.627931,453.083885,1.118147,0.943839,0.580677,5.338953,1.27873,-8.828654,0.634422,-58230381,-57.538541,-8682257808.112534,0.144062,85.234974,1.821402,1.703276,82.960841,0.002472,0.0542,0.762022,0.943839,1.809708
04-21-26,136.360001,137.289993,134.789993,135.080002,9650600,128.515999,126.6034,121.520894,0.295426,-0.027931,0.057524,TRUE,TRUE,5.082506,-0.023256,74.947943,31.821517,71.909114,0.756737,2.792743,0.896038,6.337088,14.145363,35.907765,84.684736,9.137922,1.545116,468.479576,1.119549,0.930266,0.581349,4.811104,0.888696,-8.828654,1.748299,-67690881,18.643457,-8659989362.969805,0.041571,71.01381,-0.016855,2.455875,83.077485,0.004407,0.096574,0.762462,0.930266,1.401129
04-22-26,136.389999,136.539993,135.119995,135.619995,3268600,129.042999,126.6832,121.636757,0.336695,-0.03035,0.058367,TRUE,TRUE,5.046443,-0.007797,74.825297,33.165643,72.95455,-3.259354,2.885524,0.791056,5.664191,15.858785,35.611366,88.426895,8.426601,1.520003,486.721049,1.115539,0.942393,0.580396,4.277615,1.153571,-8.828654,0.614707,-64422281,-55.357972,-8660956129.015732,-0.00906,68.238881,0.044077,4.047337,83.226055,-0.000745,-0.016358,0.761837,0.942393,1.351287
04-23-26,135.759995,136.220001,133.960007,135.570007,4059300,129.567499,126.8148,121.757352,0.376158,-0.032094,0.059209,TRUE,TRUE,5.057448,0.013181,73.266168,33.449234,72.684878,-4.730243,2.921346,0.661502,5.715846,15.619443,32.561473,86.370946,8.386637,1.463661,498.154227,1.059552,0.903819,0.577035,3.725959,0.517042,-8.828654,0.787565,-75126381,-44.553922,-8624943161.894337,-0.0376,68.421708,0.252864,4.107706,82.901476,-0.025688,-0.591764,0.759628,0.903819,1.20495
04-24-26,136.220001,136.669998,135.089996,136.300003,5484400,130.198999,126.9372,121.882892,0.413878,-0.033239,0.060051,TRUE,TRUE,5.054309,0.035189,73.362394,33.874657,74.185557,2.276444,2.974352,0.571607,5.381171,16.005667,34.239433,91.68075,10.212667,1.456346,499.510151,1.06141,0.949254,0.603871,3.242608,0.646581,-8.828654,1.071143,-69641981,-11.059938,-8622027368.057722,0.041898,68.901119,0.556327,4.708774,83.397907,0.005061,0.120267,0.777091,0.949254,1.221397
04-27-26,136.559998,137.339996,136.229996,136.559998,2847300,130.939499,127.0552,122.003654,0.449077,-0.033839,0.060894,TRUE,TRUE,5.051546,0.057519,73.071586,34.506501,74.718303,1.763753,3.002726,0.479984,6.330301,17.66235,35.342287,90.499396,12.164269,1.429513,476.930784,1.061546,0.956942,0.60791,2.756457,0.678933,-8.828654,0.568304,-70005481,-43.579836,-8602043501.208569,0.06316,67.890572,0.554125,5.027307,84.041177,0.024421,0.58322,0.779686,0.956942,1.178473
04-28-26,136.639999,137.279999,135.350006,135.789993,5096800,131.685499,127.1432,122.113991,0.481648,-0.033862,0.061737,TRUE,TRUE,5.029209,0.077914,53.214441,34.360955,70.103928,-2.58095,2.929313,0.325257,2.894591,15.074405,34.394057,81.120528,12.343832,1.322945,424.996516,1.064142,0.958866,0.609537,2.426097,0.584149,-8.828654,1.034254,-71930981,-24.38431,-8582379701.160528,0.082843,59.693469,-1.155777,4.130705,84.455169,0.021225,0.506699,0.780728,0.958866,0.965771
04-29-26,135.759995,135.990005,134.270004,134.729996,5046400,132.206499,127.2438,122.228144,0.50987,-0.033337,0.06258,TRUE,TRUE,5.015656,0.092249,35.097117,33.40539,64.223905,-9.961652,2.753854,0.119839,2.075907,15.74807,30.952085,66.70916,8.382269,1.311087,392.44443,1.040827,0.952384,0.592278,2.172851,0.865472,-8.828654,1.065009,-81933581,-42.907569,-8565387353.07031,0.018678,51.732054,0.46434,4.836597,83.505764,0.023787,0.568174,0.769596,0.952384,0.64302
04-30-26,135.160004,137.389999,134.889999,137.100006,4430000,132.815499,127.3742,122.351208,0.534976,-0.032102,0.063423,TRUE,TRUE,5.022992,0.1128,52.547703,33.127483,70.235219,-4.483084,2.774064,0.112039,3.808585,16.775598,33.294208,96.324546,9.750247,1.360841,367.107967,1.053555,0.952562,0.602708,2.07562,0.995959,-8.828654,0.991168,-80993481,-54.831869,-8504363169.109257,0.153973,57.372765,0.918057,3.662371,85.955357,0.025111,0.600275,0.776343,0.952562,1.167097
05-01-26,137.610001,137.860001,136.660004,137.440002,3445100,133.415999,127.539,122.47652,0.556547,-0.030123,0.064267,TRUE,TRUE,5.06248,0.133329,47.43068,33.058578,70.988328,0.8844,2.785408,0.098706,4.263386,15.925102,28.777893,93.343925,9.575063,1.296669,336.927389,1.053472,0.95013,0.599434,1.992559,1.085169,-8.828654,0.780663,-77548381,-24.675864,-8503329634.728575,0.139725,57.494863,1.385692,4.523963,86.409548,0.030694,0.730785,0.774232,0.95013,1.194324
05-04-26,137.009995,137.699997,135.490005,136.169998,3224600,133.918999,127.6642,122.597724,0.572368,-0.027472,0.065112,TRUE,TRUE,5.066476,0.152035,29.872311,32.130791,64.430469,0.206563,2.661241,-0.020368,5.231843,14.392919,26.997366,72.741883,7.977161,1.356496,294.542322,1.061181,0.993795,0.623528,1.755608,0.776382,-8.828654,0.745117,-77334081,-34.626769,-8492114424.40395,0.080601,51.161443,1.15149,4.193418,86.391366,0.042174,1.028235,0.789638,0.993795,0.764236
05-05-26,136.820007,138.460007,136.710007,138.110001,2420100,134.498499,127.8732,122.732562,0.582641,-0.024072,0.065958,TRUE,TRUE,5.140637,0.17322,40.937824,31.612745,69.122858,-1.112361,2.68839,0.005425,5.467739,16.11004,30.13185,94.556677,9.16061,1.4114,252.29232,1.074916,0.989119,0.600656,1.837532,1.164037,-8.828654,0.577445,-77911781,-53.026009,-8466076037.493917,0.073538,55.416263,3.262918,7.534909,88.041421,0.081245,1.898678,0.77502,0.989119,1.431475
05-06-26,138.850006,139.119995,138.029999,138.929993,2726300,134.953499,128.156,122.877877,0.587533,-0.019945,0.066806,TRUE,TRUE,5.278122,0.196537,42.506855,31.417512,70.871975,-0.116353,2.744437,0.049177,6.207473,19.346134,30.004697,96.448546,7.009159,1.407696,245.636082,1.075352,0.985393,0.60008,2.028765,1.1781,-8.828654,0.666053,-81966781,-41.783045,-8422947429.790763,0.10516,54.816398,2.87965,7.955406,87.065581,0.078362,1.829222,0.774648,0.985393,1.618856
05-07-26,139.279999,139.490005,137.460007,137.639999,3937200,135.297999,128.4014,123.025808,0.58722,-0.015147,0.067653,TRUE,TRUE,5.375592,0.212859,16.955592,30.801703,64.665865,0.235397,2.654166,-0.032875,4.924537,18.339164,27.812221,66.545994,5.269598,1.326959,231.488023,1.04833,0.977574,0.623978,1.927101,1.480303,-8.828654,0.970747,-85903981,-15.954404,-8426186435.121571,0.036514,47.634473,3.600173,7.84572,86.708135,0.099666,2.461171,0.789922,0.977574,1.011716
05-08-26,138.279999,138.669998,137.600006,138.350006,2349500,135.705999,128.6726,123.168173,0.582291,-0.009686,0.068499,TRUE,TRUE,5.504427,0.231882,16.641582,30.22988,66.409369,-2.713489,2.609834,-0.061766,5.667161,21.603338,29.305839,79.385178,6.267765,1.2964,207.375299,1.044318,0.977791,0.635765,1.854768,1.382954,-8.828654,0.582086,-80415781,-14.236174,-8402518988.313036,0.060411,46.680354,4.064725,9.368745,87.386815,0.078119,1.967581,0.797349,0.977791,1.274987
05-11-26,138.690002,139.050003,137.210007,137.350006,2453900,135.982999,128.9292,123.302898,0.571711,-0.00363,0.069343,TRUE,TRUE,5.626302,0.249624,17.262418,29.382231,61.785187,-9.086789,2.465586,-0.164811,4.345515,20.819518,28.58593,61.301992,4.203026,1.271515,188.760396,1.049175,0.983815,0.632329,1.727431,1.101295,-8.828654,0.61535,-89232281,-28.342824,-8387195487.038058,-0.005702,53.215231,3.35701,8.55219,86.544139,0.071038,1.772608,0.795191,0.983815,0.724202
05-12-26,137.070007,137.089996,134.490005,135.789993,3815800,136.150999,129.201,123.429872,0.556539,0.002951,0.070183,TRUE,TRUE,5.771127,0.265675,1.199705,27.775405,55.314406,-9.351459,2.200029,-0.344295,5.271717,19.583377,30.733678,33.091989,2.53719,1.359766,169.436899,1.059068,0.974787,0.602368,1.715646,0.667692,-8.828654,0.969079,-89849381,-20.850446,-8347570095.965292,-0.027436,46.32398,3.55142,7.570897,86.018926,0.049561,1.178093,0.776124,0.974787,-0.213062
05-13-26,135.940002,135.940002,134.699997,135.279999,3176900,136.302,129.4626,123.555393,0.53705,0.010046,0.071018,TRUE,TRUE,5.907207,0.27778,-1.982286,26.283352,53.347392,-13.061977,1.926216,-0.494486,3.917657,21.292587,30.367256,19.348549,2.283385,1.311037,144.567487,1.045885,0.956632,0.598539,1.737433,0.906479,-8.828654,0.802751,-94356081,14.371602,-8297997553.391568,-0.043761,47.124628,2.843045,9.295282,86.832028,0.06775,1.622944,0.773653,0.956632,-0.706937
05-14-26,136.119995,136.979996,135.660004,136.139999,2341400,136.4745,129.7444,123.683719,0.512596,0.017746,0.071848,TRUE,TRUE,6.06068,0.292477,-1.084035,24.573861,56.177386,-5.607801,1.758343,-0.529887,4.194088,18.335653,31.889922,35.823653,2.600043,1.309051,117.19111,1.045481,0.950916,0.596792,1.746644,0.896004,-8.828654,0.601789,-92014681,-36.324821,-8298636121.949026,-0.06784,43.634186,2.823949,6.111698,86.585051,0.063618,1.521246,0.772523,0.950916,-0.285431
05-15-26,134.940002,135.100006,133.839996,133.929993,3818500,136.401499,129.982,123.801344,0.482279,0.025866,0.072673,TRUE,TRUE,6.180655,0.300903,-15.739087,23.674629,48.102176,-7.21223,1.430484,-0.686197,1.933171,14.913385,26.53651,1.592853,-1.078371,1.394118,128.321001,1.058354,0.996502,0.60476,1.941152,0.743487,-8.828654,0.991218,-98776881,-16.744795,-8283465586.544555,-0.12135,36.910745,2.352917,5.105139,85.783605,0.039953,0.953206,0.777663,0.996502,-1.926034
05-18-26,134.619995,135.460007,133.929993,134.399994,3467600,136.313999,130.210999,123.903586,0.446846,0.034333,0.073494,TRUE,TRUE,6.307414,0.31104,-8.470431,22.607894,49.756285,-3.591107,1.194805,-0.737501,3.623745,12.417168,28.523377,9.911445,-1.285347,1.367985,135.870631,1.057124,0.001111,0.000185,2.040247,0.694644,-8.828654,0.899971,-90045581,0.396653,-8267953839.634003,-0.174127,45.561983,103.623745,112.417168,,0.063964,0.960622,0.013599,0.001111,-1.408697
05-19-26,133.979996,134.070007,132.699997,133.160004,4168700,136.217999,130.397599,123.987572,0.406394,0.042979,0.074311,TRUE,TRUE,6.410027,0.315081,-9.463478,22.245274,45.624681,-10.552705,0.897624,-0.827745,1.975802,10.76214,26.748091,6.774759,-1.421379,1.379651,150.990053,1.038848,0.001278,0.000257,2.177583,0.912992,-8.828654,1.164793,-90867981,-56.803722,-8227438512.704853,-0.103048,46.478677,2.215519,2.713682,85.749041,0.094667,1.446023,0.016041,0.001278,-2.025296
05-20-26,133.710007,135.910004,132.889999,135.860001,4146800,136.23,130.638199,124.093278,0.362853,0.05196,0.075125,TRUE,TRUE,6.544921,0.318378,-7.328638,20.780775,54.486804,6.384628,0.869945,-0.68434,5.154802,12.923837,29.894887,46.539023,0.176969,1.371159,150.584592,1.023278,0.001855,0.000561,2.228614,2.032418,-8.828654,1.14463,-88879381,26.867772,-8203449572.992338,-0.03312,46.088333,2.26627,3.985647,86.335294,0.16801,2.609634,0.02369,0.001855,-0.245708
05-21-26,134.990005,136.740005,134,136.270004,3595500,136.264999,130.918999,124.204571,0.317286,0.061184,0.075936,TRUE,TRUE,6.714428,0.322716,-6.886391,19.617194,55.668373,5.912088,0.871052,-0.546586,4.895697,13.877017,30.733538,52.577361,0.516336,1.447757,149.781204,1.022636,0.001821,0.000541,2.268569,1.991523,-8.828654,0.99885,-81928081,-11.425615,-8183721159.168956,-0.024475,46.216166,2.265177,3.616145,87.623852,0.165195,2.567403,0.023268,0.001821,0.003341
05-22-26,136.800003,137.699997,136.419998,137.399994,2500300,136.319999,131.222399,124.320667,0.272404,0.070624,0.076745,TRUE,TRUE,6.901732,0.327317,7.299682,19.020393,58.839906,13.215225,0.952134,-0.372403,7.629633,14.773593,29.729791,69.219308,0.807037,1.395301,151.9208,1.023244,0.002053,0.000687,2.225114,2.324372,-8.828654,0.724633,-75567681,-54.410692,-8164042754.543152,-0.048538,52.562349,4.102621,4.382291,88.845621,0.187468,2.913145,0.026219,0.002053,0.710893
05-26-26,138.339996,139.619995,138.270004,139.589996,5274700,136.471499,131.558799,124.447015,0.232174,0.080342,0.077552,TRUE,TRUE,7.111784,0.33435,8.65495,19.305893,64.187356,9.700552,1.179511,-0.116021,11.859921,15.006042,32.144307,99.566492,2.218804,1.369828,168.629311,1.038364,0.002363,0.000885,2.609501,2.751778,-8.828654,1.47676,-74272581,85.252696,-8135272362.564046,0.039826,55.480964,6.453954,4.782951,89.451761,0.21863,3.349089,0.029753,0.002363,1.849321
05-27-26,139.929993,140.529999,139.399994,139.619995,2691000,136.662999,131.942999,124.576204,0.198139,0.090296,0.078358,TRUE,TRUE,7.366795,0.336662,4.230549,19.919261,64.255861,8.587488,1.346606,0.040859,11.366349,15.125172,32.209984,88.377989,2.820533,1.371581,181.721646,1.002923,0.002531,0.001092,2.62425,3.346197,-8.828654,0.779658,-75947281,-47.202166,-8121227507.620752,0.05758,55.468769,6.867793,6.595383,89.543313,0.250834,3.984015,0.03304,0.002531,1.627212
05-28-26,139.080002,139.910004,138.449997,139.720001,3453000,136.912499,132.329199,124.70634,0.168411,0.100406,0.079164,TRUE,TRUE,7.622859,0.33817,13.756616,19.881591,64.499655,5.659749,1.470153,0.131525,11.9641,15.406546,30.73182,89.655206,3.703708,1.341459,187.934747,1.00269,0.002542,0.001102,2.654229,3.365873,-8.828654,1.024068,-62396781,-31.574984,-8069550126.951767,0.131623,56.009928,7.638657,6.294086,90.221189,0.252065,4.004639,0.033196,0.002542,1.493871
05-29-26,139.410004,139.570007,138.5,138.660004,4724800,136.990499,132.644599,124.809359,0.142336,0.110488,0.079969,TRUE,TRUE,7.83524,0.336713,2.003863,19.846612,59.840808,-4.346548,1.465637,0.101607,11.355611,15.003765,28.368924,76.117565,1.137854,1.359442,191.948355,1.009801,0.002371,0.000945,2.649032,3.175557,-8.828654,1.395152,-67121581,6.654628,-8072861879.98354,0.031923,48.479661,6.207789,4.797917,89.167025,0.240968,3.799665,0.03074,0.002371,0.869768
06-01-26,137.740005,138.679993,137.089996,138.460007,5984200,137.041499,132.955999,124.916957,0.120192,0.120512,0.080771,TRUE,TRUE,8.039042,0.334004,7.566467,18.938548,58.975255,-5.280606,1.429442,0.05233,13.306064,14.309413,27.411006,73.563326,0.742145,1.348509,194.543059,1.0105,0.00234,0.000919,2.621057,3.135596,-8.828654,1.703183,-77775581,73.701779,-8051064301.946773,0.077657,45.224198,7.205709,4.030253,88.635678,0.238467,3.757337,0.030319,0.00234,0.729148
06-02-26,138.389999,139.800003,138.270004,139.690002,4102000,137.2175,133.274399,125.028712,0.103054,0.130586,0.081571,TRUE,TRUE,8.245687,0.333926,27.196752,18.630904,62.561801,-1.937854,1.482914,0.084641,14.312607,13.094404,29.322478,89.27208,2.585007,1.268627,202.022454,1.012008,0.002392,0.000957,2.510946,3.170385,-8.828654,1.153086,-72816681,27.209576,-8000476278.446805,0.143495,52.700192,6.79647,2.207568,88.08271,0.241101,3.793312,0.03094,0.002392,1.223875
06-03-26,139.119995,139.279999,138.149994,138.449997,2605200,137.234499,133.567999,125.129386,0.090348,0.140452,0.082361,TRUE,TRUE,8.438614,0.332376,21.035168,18.269654,57.138496,-2.702312,1.408991,0.008574,13.437111,10.866472,28.671121,73.435487,0.246178,1.295467,202.953908,1.019782,0.002222,0.000812,2.375407,2.730219,-8.828654,0.73043,-75421881,7.648444,-8001698178.317173,0.105637,53.199547,6.120553,1.486132,88.068258,0.213697,3.334012,0.028503,0.002222,0.598903
06-04-26,138.880005,140.449997,138.610001,140.259995,3076500,137.300999,133.871599,125.240255,0.081662,0.150142,0.083143,TRUE,TRUE,8.631344,0.332981,25.71784,18.479626,62.278701,3.303447,1.479404,0.06319,14.920107,13.528422,32.928454,96.55167,0.957318,1.294027,210.827975,1.029546,0.002572,0.001069,2.548127,3.040288,-8.828654,0.858357,-69213181,12.845248,-7970588175.040915,0.114402,53.905016,6.219903,2.50059,88.669324,0.236359,3.653838,0.032698,0.002572,1.403512
06-05-26,139.610001,139.899994,137.169998,137.679993,3275200,137.302999,134.123599,125.340665,0.074914,0.159611,0.083916,TRUE,TRUE,8.782934,0.325732,22.879827,17.767016,52.596076,-9.965725,1.311899,-0.083451,11.980477,11.800427,29.180671,63.601463,0.029056,1.359261,210.863714,1.045411,0.002624,0.001078,2.297783,2.855623,-8.828654,0.922312,-69413781,-16.813979,-7955442163.526611,0.132189,54.34788,6.635546,2.797218,89.136811,0.227173,3.456868,0.032837,0.002624,0.178785
06-08-26,139.039993,139.850006,138.490005,138.580002,4041000,137.314499,134.421799,125.450008,0.071757,0.168865,0.084677,TRUE,TRUE,8.971791,0.319099,24.851426,17.105307,55.21201,-1.926486,1.237509,-0.126274,11.911491,13.36715,31.413213,75.09583,0.166242,1.383421,211.526443,1.046655,0.002739,0.001173,2.033586,3.017471,-8.828654,1.111493,-70333281,71.994041,-7937726182.058339,0.067909,54.933368,6.515583,3.282939,88.917329,0.238423,3.624541,0.034244,0.002739,0.598272
06-09-26,139.720001,141.830002,137.089996,139.889999,5868107,137.441499,134.784599,125.566599,0.072369,0.177949,0.085429,TRUE,TRUE,9.218,0.31462,39.846039,17.426903,58.77777,-3.500931,1.269624,-0.075326,12.969391,14.776832,32.106308,78.299755,1.849285,1.52569,219.235385,1.050517,0.00284,0.001251,1.519919,3.133189,-8.828654,1.541658,-59703974,139.133909,-7917470777.971234,0.106178,63.738146,7.594154,4.714211,90.101819,0.247063,3.742523,0.035373,0.00284,1.116837
06-10-26,139.809998,141.520004,138.839996,138.899994,4984353,137.596999,135.145199,125.669523,0.075662,0.186798,0.086172,TRUE,TRUE,9.475676,0.303568,20.026296,17.725529,55.201013,2.604937,1.201343,-0.114887,13.638215,13.731268,31.356771,62.579729,2.290302,1.519081,217.930489,1.019725,0.002708,0.00121,1.29398,3.542936,-8.828654,1.289683,-61228127,30.624063,-7882752716.470553,0.042976,64.376335,6.94911,5.053309,90.255964,0.267389,4.176983,0.034786,0.002708,0.597895
06-11-26,140.130005,142.410004,139.490005,142.289993,5760300,137.947498,135.504799,125.787553,0.084173,0.195492,0.08691,TRUE,TRUE,9.717246,0.297045,33.149713,18.391854,63.411481,8.199471,1.404582,0.070682,16.411674,16.268995,32.786185,97.99649,5.181841,1.521543,234.449788,1.057815,0.003387,0.001761,2.305599,4.025792,-8.828654,1.442254,-55648727,81.318266,-7842678050.643223,0.110337,65.808815,8.229093,6.98298,90.487126,0.309721,4.665065,0.041959,0.003387,1.852207
06-12-26,142.889999,144.679993,142.479996,143.669998,3566000,138.323998,135.879799,125.91338,0.09831,0.204097,0.087643,TRUE,TRUE,9.966419,0.295772,34.057566,19.84557,66.132598,7.354828,1.657895,0.259196,17.023705,16.520677,32.741172,86.693083,5.53107,1.554657,262.660121,1.035942,0.002948,0.00139,2.978403,3.832468,-8.828654,0.879367,-52082727,52.302042,-7842386273.7409,0.120142,66.506129,6.964157,7.08951,90.799759,0.290642,4.469884,0.037278,0.002948,2.03533
06-15-26,144.350006,145.059998,143.130005,143.389999,3876800,138.796999,136.238999,126.042988,0.115272,0.212495,0.088373,TRUE,TRUE,10.196011,0.292885,23.0303,21.318307,65.075105,9.874092,1.81513,0.333145,19.084789,16.824183,33.81272,79.04645,7.063397,1.543246,264.539461,1.037095,0.002883,0.001327,2.880546,3.778488,-8.828654,0.955323,-61257027,1.526778,-7816838504.789784,0.125486,65.778605,6.365773,6.841069,88.05592,0.287205,4.411594,0.036423,0.002883,1.736225
06-16-26,143.860001,144.570007,142.320007,142.619995,6070400,139.207999,136.569199,126.17019,0.133121,0.220618,0.089096,TRUE,TRUE,10.399009,0.289088,17.401371,22.07831,62.132691,-1.27879,1.856209,0.299379,18.445304,15.772378,31.143323,69.385169,6.116073,1.607671,256.358478,1.040423,0.002663,0.001124,2.787129,3.44775,-8.828654,1.449391,-65713627,75.060561,-7793086968.628901,0.084405,57.642871,5.380193,5.40498,87.409253,0.26562,4.064652,0.033525,0.002663,1.330947
06-17-26,142.75,143.559998,140.330002,140.669998,5839800,139.583498,136.852199,126.275289,0.150466,0.228283,0.089813,TRUE,TRUE,10.57691,0.281047,4.976408,21.482465,55.311925,-10.820673,1.711686,0.123884,14.468223,14.245108,28.960392,44.91846,5.639828,1.719832,214.729413,1.060587,0.002553,0.000992,2.745835,3.041119,-8.828654,1.367059,-71553427,40.086838,-7797697348.665844,0.044818,55.420595,4.053767,,86.745194,0.242306,3.634141,0.031502,0.002553,0.505986
06-18-26,142.669998,143.419998,141.949997,143.210007,5811100,139.950999,137.119799,126.401256,0.16819,0.23563,0.090523,TRUE,TRUE,10.718542,0.278451,22.119582,20.929181,61.275239,-3.799866,1.78157,0.155015,16.535119,16.877506,31.529222,76.788073,5.409985,1.76564,210.503865,1.074901,0.0025,0.000925,2.584249,3.184545,-8.828654,1.334347,-68950827,40.134562,-7770366778.734168,0.045585,63.459092,6.588253,7.442348,0,0.254961,3.772703,0.03042,0.0025,1.548194
06-22-26,143.270004,143.990005,143.029999,143.259995,3101800,140.300498,137.369999,126.526926,0.185864,0.242466,0.091225,TRUE,TRUE,10.843072,0.274929,23.506291,20.68567,61.384451,-0.74824,1.820008,0.154762,15.746949,17.725361,29.59487,77.415273,5.129515,1.733613,204.101758,1.074783,0.002501,0.000926,2.39684,3.193487,-8.828654,0.716297,-61348327,-13.731053,-7755844215.259669,-0.000082,71.311784,5.613104,7.941374,86.923392,0.255545,3.781803,0.030433,0.002501,1.45001
06-23-26,141.630005,143.460007,141.410004,142.770004,2778900,140.568999,137.621599,126.650876,0.202174,0.24874,0.091915,TRUE,TRUE,10.970722,0.267204,15.650409,19.466051,59.609817,4.297892,1.790294,0.100039,15.351061,18.796808,27.417651,71.267341,3.908305,1.765579,199.199697,1.062662,0.002431,0.000896,2.285763,3.42542,-8.828654,0.639672,-57089327,11.142663,-7709836060.041941,-0.004916,66.104894,5.047261,8.305222,86.305518,0.268685,4.023458,0.029939,0.002431,1.104924
06-24-26,143.139999,145.330002,143.059998,144.419998,7781900,140.810499,137.873799,126.783226,0.217936,0.2545,0.092597,TRUE,TRUE,11.090572,0.257869,29.716288,19.216595,63.442529,2.16729,1.878236,0.150384,15.462101,18.991509,28.194927,88.956274,3.460135,1.795855,215.331192,1.042332,0.002816,0.001253,2.460825,4.179658,-8.828654,1.741066,-49307427,47.532561,-7708293406.006435,-0.043905,72.73958,6.924229,9.48886,87.606666,0.315192,4.819008,0.035402,0.002816,1.676255
06-25-26,145.419998,147.190002,145.320007,146.270004,4236800,141.142999,138.150599,126.911427,0.234948,0.259822,0.093271,TRUE,TRUE,11.239173,0.248814,29.855978,19.709929,67.200653,5.816202,2.07331,0.276367,16.941159,19.025149,32.079691,90.891113,4.762935,1.810743,245.245378,1.041422,0.003164,0.001588,3.357335,4.692373,-8.828654,0.931798,-47758727,57.44333,-7688477135.237493,-0.024342,73.28247,8.046673,10.221961,88.17018,0.349675,5.355479,0.039847,0.003164,2.090561
06-26-26,145.520004,147.600006,145.449997,147.410004,6011200,141.527499,138.453599,127.052177,0.254654,0.264854,0.093938,TRUE,TRUE,11.401423,0.246048,52.059977,20.315118,69.295323,9.685507,2.293459,0.397213,19.196253,18.192754,32.087196,98.192176,5.503867,1.751192,279.632913,0.989465,0.002264,0.0009,3.618407,4.386166,-8.828654,1.285868,-38150027,74.086302,-7669480802.741117,0.001934,78.985269,8.760546,9.739405,88.362839,0.313354,5.052503,0.030008,0.002264,2.103652
06-29-26,147.119995,147.539993,145.679993,147.360001,6673300,141.962499,138.746999,127.191127,0.274867,0.269493,0.094596,TRUE,TRUE,11.555873,0.24295,49.21525,20.87708,69.086911,5.644382,2.435815,0.431655,21.034908,19.107662,30.955184,97.71641,6.274338,1.736759,299.631982,0.989973,0.002186,0.000838,3.244997,4.243707,-8.828654,1.398357,-40608927,41.239841,-7641405745.720325,0.092979,79.833106,11.022155,10.137356,89.051871,0.304372,4.904012,0.028948,0.002186,1.801377
06-30-26,147.270004,148.570007,146.699997,148.309998,3856000,142.454999,139.005399,127.336026,0.295444,0.273772,0.095248,TRUE,TRUE,11.669373,0.241027,48.169338,21.784229,70.878907,3.678254,2.595372,0.47297,22.702072,18.203552,30.505345,97.327755,7.113961,1.58741,319.335562,0.99096,0.002223,0.000865,3.44035,4.3026,-8.828654,0.826433,-47011627,-35.563651,-7599349082.327182,0.078547,79.336922,12.63196,10.085848,87.204938,0.308452,4.965165,0.029406,0.002223,1.833494
07-01-26,147.990005,149.350006,147.470001,147.539993,4656000,142.847498,139.233199,127.482026,0.316267,0.277622,0.095892,TRUE,TRUE,11.751173,0.237722,50.05795,22.900443,67.465172,-1.830151,2.62938,0.405582,18.68715,16.706214,31.266215,81.642873,5.61958,1.556964,331.570211,0.995743,0.0052,0.009188,2.996628,3.999932,-8.828654,0.992003,-51667627,13.505607,-7603658399.124792,-0.005238,79.32276,118.68715,116.706214,,0.304027,4.88838,0.095855,0.0052,1.415234
07-02-26,148.139999,148.639999,145.25,146.479996,4003200,143.248998,139.461199,127.627876,0.334627,0.28099,0.096529,TRUE,TRUE,11.833323,0.232184,28.06433,22.461452,62.969067,-6.117844,2.541501,0.254163,17.259044,15.757859,29.977516,68.181718,5.799927,1.562379,324.0506,1.003788,0.005196,0.009169,2.81277,3.692816,-8.828654,0.840402,-48182627,53.661907,-7594980497.753247,-0.003863,72.906129,9.879963,8.600266,87.299595,0.303672,4.840405,0.095757,0.005196,0.997066
07-06-26,146.570007,147.520004,146.559998,146.809998,2668000,143.576498,139.684999,127.769576,0.349672,0.283846,0.097157,TRUE,TRUE,11.915423,0.231688,22.622491,22.053818,63.778388,-7.100519,2.470012,0.146139,17.045362,16.036991,32.974022,71.840273,4.669901,1.493185,325.348517,0.954484,0.004643,0.008104,2.699184,3.22083,-8.828654,0.562512,-50707227,-13.278076,-7572156047.548715,-0.043091,72.573271,9.539712,8.265397,85.009603,0.260639,4.36909,0.090025,0.004643,0.993857
07-07-26,146.690002,147.080002,145.020004,145.389999,3141500,143.961999,139.881399,127.903626,0.360819,0.286238,0.097777,TRUE,TRUE,11.977772,0.229479,13.315589,20.775521,57.913104,-9.552068,2.272578,-0.041036,15.288239,14.264384,30.814339,56.097507,5.599947,1.514156,296.173798,0.964104,0.004331,0.006894,2.603153,2.728797,-8.828654,0.663278,-58060527,-4.082193,-7565870793.352029,-0.042745,67.552874,7.450735,5.960236,81.410122,0.23062,3.81909,0.083028,0.004331,0.48215
07-08-26,144.479996,144.889999,142.919998,143.690002,2946400,144.217499,140.029199,128.027926,0.365783,0.288022,0.098387,TRUE,TRUE,12.001272,0.222721,6.708518,20.01215,51.774414,-11.194654,1.956382,-0.285785,13.570982,11.335817,27.78425,37.250543,3.687401,1.543006,268.00278,0.976712,0.004294,0.006587,2.53341,2.492855,-8.828654,0.629358,-54437927,-27.087355,-7540687678.277275,-0.012667,70.814122,6.99984,4.414472,82.210603,0.21784,3.556856,0.081159,0.004294,-0.196825
07-09-26,144.669998,145.880005,144.419998,145.470001,2086600,144.496499,140.207399,128.159376,0.366359,0.289257,0.098988,TRUE,TRUE,12.048023,0.220877,30.418302,18.79273,56.923133,-6.855255,1.82835,-0.331054,12.046522,13.100612,30.523617,51.133455,3.98885,1.47306,248.948442,0.976608,0.004301,0.006608,2.187375,2.491614,-8.828654,0.464461,-52351327,-64.441685,-7539773009.383114,-0.01487,78.557221,5.954641,5.329233,82.65743,0.217755,3.555885,0.081291,0.004301,0.391046
07-10-26,145.580002,146,144.75,145.559998,2329600,144.829499,140.402799,128.289476,0.363537,0.289905,0.099579,TRUE,TRUE,12.113323,0.219472,17.629377,17.598616,57.172098,-0.741006,1.714383,-0.356017,11.326958,14.776847,30.908623,52.26691,4.794819,1.398542,211.940285,0.975896,0.004218,0.006362,2.045863,2.382682,-8.828654,0.534339,-53640327,-53.261737,-7513089472.054387,0.047189,77.273775,4.146326,4.914463,82.184868,0.21044,3.437714,0.079763,0.004218,0.344672
07-13-26,145.279999,146.070007,144.610001,144.990005,2552800,144.9645,140.607999,128.414026,0.357303,0.290008,0.100162,TRUE,TRUE,12.193973,0.216114,12.491076,16.562884,55.003817,3.229403,1.560086,-0.408251,11.368003,11.427921,28.986059,45.08817,1.897542,1.428672,203.337507,0.977815,0.004175,0.006206,1.92752,2.306786,-8.828654,0.607896,-61128227,-55.682864,-7494628667.339828,-0.028529,72.509535,4.779478,1.849694,81.457507,0.205776,3.353871,0.07878,0.004175,0.012544
07-14-26,145.960007,146.25,144.839996,145.380005,2445815,145.05,140.773599,128.542076,0.347682,0.289536,0.100736,TRUE,TRUE,12.231523,0.213418,18.981844,15.496111,56.227072,-0.696062,1.452531,-0.412645,10.295128,11.462097,27.837439,38.258222,1.190232,1.393395,201.191679,0.977679,0.004167,0.006185,1.731314,2.291914,-8.828654,0.590292,-58172812,-31.412928,-7449678353.760776,-0.039343,77.266237,4.184573,2.052769,82.169884,0.204753,3.337531,0.078645,0.004167,0.164025
07-15-26,145.660004,146.970001,145.639999,146.160004,2931800,145.1885,140.947999,128.681677,0.337395,0.288592,0.101302,TRUE,TRUE,12.266323,0.215871,13.50937,14.693109,58.648372,1.476273,1.413933,-0.360995,10.36775,14.107274,30.617318,50.388826,1.931797,1.338555,198.681488,0.947576,0.003834,0.005573,1.629774,1.946384,-8.828654,0.715746,-55241012,-24.375774,-7450317602.742568,-0.013027,75.134771,4.53358,4.619883,82.330021,0.177831,2.990485,0.074653,0.003834,0.488975
