Date,Open,High,Low,Close,Volume,SMA20,SMA50,SMA200,SMA20_Slp,SMA50_Slp,SMA200_Slp,>MA50,>MA200,GoldenX,LinReg_Slp,Chande,ADX14,RSI14,RSI_D3,MACD_Line,MACD_Hist,RET_3M_pct,RET_6M_pct,RET_12M_pct,StochK14,ROC20_pct,ATR_pct,StdDev20,Vol60,Beta60,R2_60,Ulcer14,Sharpe60,MaxDD_6M_pct,Vol_vs_Avg,OBV,VolROC20,AD_Line,CMF20,MFI14,RS_3M,RS_6M,RS_Bench,Alpha60,InfoRatio,Corr60,Beta,ZScore
04-22-24,171.169998,172.940002,170.470001,167.285324,1340400,169.798301,167.831884,155.961456,0.073331,0.207522,0.045149,FALSE,TRUE,11.870428,0.173941,-36.350535,31.006663,45.538087,12.480177,-0.799154,-0.749673,5.068814,16.6529,13.981519,-15.917438,-2.278543,3.347892,321.01024,0.648614,0.849858,0.69834,2.80368,1.355964,-5.421262,0.627284,-28329800,19.125489,-13750791251.465919,-6.776473,31.879946,0.221121,1.982521,0,0.014852,0.661807,0.835667,0.849858,-0.782834
04-23-24,172.520004,173.889999,172.330002,168.919464,1765800,169.695195,167.975807,156.059163,0.035557,0.206576,0.045462,TRUE,TRUE,11.916644,0.167141,-23.116113,29.41866,52.043287,18.09315,-0.632676,-0.466555,5.889068,19.03121,15.027723,0.706593,-1.206047,3.364965,320.320541,0.65905,0.859568,0.700983,2.856865,1.707276,-5.421262,0.831673,-26564000,-13.381733,-13760277996.248579,-6.430166,32.549301,0.839466,2.250572,0,0.02153,0.948351,0.837247,0.859568,-0.242173
04-24-24,173.259995,173.839996,172.690002,168.880554,1588100,169.596466,168.098032,156.151699,-0.000963,0.205587,0.045781,TRUE,TRUE,11.946333,0.161143,-13.753495,27.944087,51.884374,12.886508,-0.498138,-0.265614,6.310005,19.947823,14.770411,0.342468,-1.155704,3.309961,319.599427,0.65707,0.842858,0.687941,2.898104,1.506418,-5.421262,0.740865,-28152100,34.539139,-13772387516.878571,-6.191095,37.313341,2.079426,3.609997,0,0.031319,1.354503,0.829422,0.842858,-0.224003
04-25-24,172.839996,173.539993,171.710007,168.472031,1129000,169.336755,168.261285,156.234157,-0.035808,0.204479,0.046107,TRUE,TRUE,12.027129,0.154877,-26.955003,27.140339,50.152835,4.614748,-0.419643,-0.149695,4.977656,18.909544,16.132039,-4.237394,-2.990917,3.241144,305.584405,0.657693,0.842686,0.686245,2.96211,1.286946,-5.421262,0.540014,-29281100,-48.37205,-13777511819.405045,-6.24849,40.420726,1.071234,2.134635,0,0.023604,1.017102,0.828399,0.842686,-0.282974
04-26-24,172.639999,173.580002,172.410004,168.326141,1773200,169.042027,168.395666,156.31268,-0.068417,0.203167,0.046441,FALSE,TRUE,12.082986,0.14513,-30.421361,26.362321,49.517294,-2.525993,-0.365,-0.076041,4.836154,19.840887,17.380615,-5.872924,-3.383388,3.227534,283.638554,0.641548,0.825273,0.665546,3.030303,1.715516,-5.421262,0.856699,-31054300,-19.06153,-13791663679.185682,-6.117618,41.257431,0.588238,2.447268,0,0.022057,0.943739,0.81581,0.825273,-0.252394
04-29-24,173.429993,174.139999,173.179993,169.104294,1402800,168.828519,168.503192,156.391842,-0.097906,0.201693,0.046785,TRUE,TRUE,12.11135,0.138797,-25.423705,25.189904,52.94262,1.058245,-0.255953,0.026404,4.808735,20.535336,15.882871,3.658818,-2.462976,3.222466,264.752824,0.633314,0.81825,0.669816,1.821812,1.531759,-5.421262,0.684535,-29651500,-22.64255,-13804977625.780294,-6.129034,46.205517,1.044833,2.581633,0,0.017795,0.776232,0.818423,0.81825,0.104163
04-30-24,173.199997,173.380005,171.490005,166.818451,1559900,168.555191,168.574104,156.464979,-0.125605,0.200016,0.047139,FALSE,TRUE,12.109124,0.128041,-24.421138,25.064439,43.586822,-6.566013,-0.349948,-0.054073,3.082621,20.577624,13.2297,-31.111111,-3.172971,3.306692,255.237386,0.659342,0.838064,0.689295,1.770289,0.96734,-5.421262,0.770214,-31211400,-23.526816,-13814248806.542105,-5.879421,46.651878,0.65622,3.061649,0,0.010869,0.469468,0.830238,0.838064,-0.680441
05-01-24,171.130005,173.270004,170.789993,166.555786,1371300,168.260948,168.644023,156.536325,-0.150458,0.198154,0.047503,FALSE,TRUE,12.107698,0.113998,-24.534041,25.290381,42.65405,-6.863244,-0.440556,-0.115744,4.009572,19.226128,13.117279,-43.369053,-3.412686,3.357825,241.646694,0.647049,0.83236,0.676697,1.520174,1.303821,-5.421262,0.677962,-32582700,-3.653481,-13820302640.85454,-5.684842,47.679688,0.565179,2.411075,0,0.010392,0.4484,0.822616,0.83236,-0.705643
05-02-24,172.320007,172.559998,170.699997,167.402084,1227600,168.093645,168.715761,156.606736,-0.171879,0.196141,0.047877,FALSE,TRUE,12.109025,0.102604,2.329894,25.544246,46.617945,-6.324675,-0.439013,-0.091361,3.548616,18.743438,15.455169,-27.370956,-1.959643,3.417663,235.012503,0.645889,0.830782,0.678072,1.51224,1.268837,-5.421262,0.608509,-31355100,-7.934603,-13825883484.054947,-5.720897,52.987235,-0.043655,1.520285,0,0.007897,0.342066,0.823451,0.830782,-0.294266
05-03-24,173.429993,173.679993,172.270004,168.394196,970200,167.9171,168.780999,156.677899,-0.189299,0.194012,0.048261,FALSE,TRUE,12.103101,0.0932,21.929887,24.829371,50.902451,7.315629,-0.353659,-0.004806,4.262232,18.870737,17.085772,-8.616467,-2.053751,3.377901,217.310726,0.648967,0.832729,0.682539,1.432794,1.396507,-5.421262,0.513168,-30384900,-72.32586,-13832187500.42852,-5.873041,64.573366,-0.019083,2.238711,0,0.005722,0.24842,0.826159,0.832729,0.219545
05-06-24,174.070007,174.509995,173.860001,169.707382,1025800,167.793081,168.863591,156.75137,-0.201237,0.191787,0.04866,TRUE,TRUE,12.112222,0.085953,40.32143,23.537068,55.942931,13.288882,-0.178,0.136683,6.067468,17.450806,19.119392,15.148019,-1.440507,3.404721,197.862887,0.655307,0.811785,0.682995,1.55792,1.639696,-5.421262,0.546888,-29359100,-22.516806,-13846320364.929201,-5.825844,74.970181,-0.739743,2.731529,0,-0.001446,-0.062205,0.826435,0.811785,0.967489
05-07-24,174.75,175.289993,174.710007,170.09642,786900,167.674896,168.969072,156.824681,-0.207341,0.189499,0.049069,TRUE,TRUE,12.144391,0.079076,45.850767,21.920196,57.340204,10.722259,-0.007313,0.245896,5.677363,16.355455,17.506442,15.825372,-1.370574,3.397361,174.158577,0.655571,0.814343,0.684832,1.534241,1.704944,-5.421262,0.427841,-28572200,-48.103937,-13859626282.892895,-6.113911,81.430084,-0.855915,2.412494,0,0.00448,0.193244,0.827546,0.814343,1.390413
05-08-24,174.389999,175.229996,174.300003,170.27153,1000500,167.688514,169.068951,156.895615,-0.207559,0.187035,0.049487,TRUE,TRUE,12.173336,0.073792,45.896227,20.570705,57.986099,7.083648,0.140469,0.314942,5.506839,17.037945,17.57324,9.577042,0.160209,3.3586,176.16652,0.651438,0.809569,0.687649,1.386804,1.494906,-5.421262,0.556314,-27571700,-44.915488,-13869294565.428827,-6.246404,76.569237,-0.740195,2.915007,0,0.001196,0.052155,0.829246,0.809569,1.466236
05-09-24,175.240005,176.630005,175.029999,171.808395,919800,167.791134,169.197824,156.974616,-0.201017,0.184367,0.049914,TRUE,TRUE,12.223208,0.066442,48.484776,19.806729,63.245787,7.302856,0.377251,0.441379,6.306031,18.636102,19.112494,21.727165,1.209029,3.340596,193.926386,0.625702,0.86298,0.66027,1.975123,2.577089,-5.421262,0.526949,-26651900,-53.505535,-13873918389.800835,-6.30136,71.742719,-0.506312,3.061787,0,-0.004669,-0.203226,0.81257,0.86298,2.071539
05-10-24,177.009995,177.240005,176.580002,172.061279,999500,168.037227,169.321877,157.052538,-0.186831,0.181558,0.050353,TRUE,TRUE,12.269339,0.061067,43.183734,19.454611,64.043442,6.703238,0.578637,0.514212,6.392359,19.175183,19.398196,20.814688,2.944763,3.268683,215.274998,0.619093,0.90293,0.663551,1.972054,2.321549,-5.421262,0.58611,-25652400,-44.586129,-13888604065.900154,-6.658067,71.245795,0.259559,3.713627,0,0.006971,0.308145,0.814587,0.90293,1.869261
05-13-24,177.339996,177.919998,176.639999,171.876465,908900,168.332928,169.424995,157.136137,-0.165636,0.178594,0.050805,TRUE,TRUE,12.288858,0.058403,30.769109,19.507455,62.967902,4.981803,0.715081,0.520525,5.595155,20.007552,19.880265,16.294566,3.563476,3.241197,225.643532,0.599025,0.90887,0.640133,1.910932,1.772228,-5.421262,0.596845,-26561300,-80.060549,-13896277935.709181,-7.216947,69.805158,-0.028014,5.347327,0,0.010765,0.475544,0.800083,0.90887,1.570413
05-14-24,177.259995,177.660004,176.710007,172.576843,1565200,168.708393,169.531079,157.219889,-0.137906,0.175448,0.051271,TRUE,TRUE,12.31119,0.055662,35.984967,19.556524,65.34322,2.097433,0.869704,0.540118,7.652373,19.261863,20.464818,25.995097,4.549224,3.263763,230.864683,0.598565,0.908167,0.64035,2.087573,2.076594,-5.421262,1.083243,-24996100,-49.891151,-13911462605.639633,-7.447604,69.827085,-0.452066,4.978726,0,0.02502,1.106444,0.800218,0.908167,1.675635
05-15-24,178.330002,178.910004,177.929993,173.880234,1121200,169.163618,169.674467,157.307719,-0.104215,0.172314,0.051754,TRUE,TRUE,12.366747,0.054181,48.431846,20.272021,69.29086,5.247418,1.08491,0.604259,7.594426,20.210569,20.812199,38.736105,5.525384,3.308053,238.862163,0.603829,0.90774,0.6282,2.605296,2.446584,-5.421262,0.790187,-23874900,-31.696619,-13921850211.332031,-7.629031,76.602799,1.116887,6.318583,0,0.038008,1.638711,0.79259,0.90774,1.974618
05-16-24,178.990005,179.220001,178.529999,173.685684,1911400,169.600847,169.794593,157.397207,-0.066909,0.169113,0.052253,TRUE,TRUE,12.397386,0.053059,47.787838,21.0895,68.044953,5.077051,1.225635,0.595988,6.081828,17.487502,22.206024,35.04326,5.30164,3.321291,237.532053,0.602673,0.925003,0.648829,2.461641,2.198787,-5.421262,1.315639,-25786300,55.032849,-13950600423.264805,-8.180347,76.880972,1.178926,5.165223,0,0.021429,0.952478,0.805499,0.925003,1.719699
05-17-24,178.779999,179.119995,178.410004,174.162338,1322000,170.014245,169.90624,157.495584,-0.027575,0.165843,0.052766,TRUE,TRUE,12.410656,0.054402,46.345453,21.730728,69.492314,4.149094,1.359946,0.584239,6.669508,17.184094,21.040274,40.637788,4.98387,3.296635,241.54344,0.596019,0.904658,0.63288,2.475737,1.988249,-5.421262,1.029214,-24464300,-71.806957,-13967740680.303274,-8.631787,76.823785,1.15429,4.290521,0,0.014793,0.650253,0.795538,0.904658,1.717328
05-20-24,179.059998,179.419998,178.380005,173.55925,834200,170.327941,170.006017,157.593528,0.013129,0.16244,0.053295,TRUE,TRUE,12.412489,0.055011,73.023233,22.48914,65.452811,-3.838049,1.401568,0.500689,6.439019,17.165419,20.001319,32.789593,3.750434,3.348502,244.953367,0.598181,0.005805,0.015744,2.20631,1.70858,-5.421262,0.662503,-25298500,-37.764846,-13976308533.738724,-8.955033,80.087584,106.439019,117.165419,,0.089499,2.394047,0.125477,0.005805,1.319153
05-21-24,178.289993,178.800003,178.139999,173.812164,1000200,170.572576,170.100588,157.695511,0.054904,0.158911,0.053837,TRUE,TRUE,12.405077,0.054309,78.691633,22.934901,66.336556,-1.708397,1.438381,0.430002,6.102596,16.736728,20.302982,35.689988,2.896469,3.293872,254.396258,0.594065,0.005865,0.016295,1.873014,1.988508,-5.421262,0.819242,-24298300,-43.357119,-13990425935.652998,-9.425455,81.744635,0.229929,4.75506,0,0.098794,2.639285,0.127654,0.005865,1.273442
05-22-24,178.25,178.820007,177.589996,173.267441,721700,170.79192,170.176129,157.787835,0.096935,0.155229,0.054391,TRUE,TRUE,12.388295,0.052987,65.757268,22.767585,62.621019,-6.871295,1.407378,0.319199,4.926442,15.958456,19.80747,13.950173,2.597627,3.263152,257.927249,0.595811,0.005788,0.015778,1.565519,1.720873,-5.421262,0.612875,-25020000,-54.555758,-13996220091.703115,-9.504043,76.367927,0.269251,4.697715,0,0.088698,2.362051,0.125612,0.005788,0.959775
05-23-24,178.330002,178.330002,175.410004,170.767593,1067400,170.906699,170.196057,157.871103,0.134706,0.151307,0.054956,TRUE,TRUE,12.324953,0.047271,22.761069,21.500755,49.04468,-16.408131,1.167631,0.063561,3.13436,14.440291,18.932972,-55.618859,1.362578,3.260086,252.102222,0.627433,0.005638,0.013502,1.392385,1.003518,-5.421262,0.908824,-26087400,-5.456156,-14000681540.907515,-9.500748,69.550353,-0.28489,3.120163,0,0.063144,1.595081,0.116198,0.005638,-0.055178
05-24-24,176.220001,176.899994,176.149994,171.720856,1051900,171.076434,170.261779,157.961482,0.167888,0.147178,0.055534,TRUE,TRUE,12.300297,0.043654,19.999697,20.324413,53.210448,-13.126108,1.042532,-0.04923,4.185405,14.591124,20.702164,-50.37402,2.016748,3.242679,245.14537,0.630027,0.00569,0.013639,1.269546,1.108383,-5.421262,0.924,-25035500,-40.677871,-14014157468.788374,-9.772043,69.628407,-0.271541,2.776056,0,0.067641,1.701737,0.116784,0.00569,0.262873
05-28-24,176.619995,176.619995,174.809998,170.641144,1009300,171.153277,170.307262,158.047419,0.195737,0.14287,0.056121,TRUE,TRUE,12.259843,0.039402,5.063336,20.124466,48.385416,-14.235603,0.846509,-0.196202,3.24519,13.484186,20.564974,-71.462163,0.908818,3.234587,241.012037,0.633258,0.005492,0.012572,1.230619,0.622909,-5.421262,0.902172,-26044800,-28.051041,-14019816083.457064,-9.601762,63.593628,-0.938857,2.021448,0,0.047976,1.200286,0.112125,0.005492,-0.212493
05-29-24,174.080002,174.139999,173.330002,168.715195,982700,171.248114,170.30706,158.121573,0.21713,0.138318,0.056716,FALSE,TRUE,12.185487,0.032711,-12.441693,20.73587,41.207462,-7.837218,0.529646,-0.410453,2.026096,12.469795,18.280575,-75.776846,1.137011,3.202303,226.342278,0.649739,0.005451,0.011765,1.362591,0.012688,-5.421262,0.901655,-27027500,-37.002372,-14031996276.381485,-9.98947,63.693842,-0.670817,2.436853,0,0.023299,0.567942,0.108466,0.005451,-1.119066
05-30-24,173.460007,174.490005,173.330002,169.619812,1411900,171.401315,170.30868,158.200777,0.232015,0.133563,0.057317,FALSE,TRUE,12.107903,0.02647,-18.427405,20.997416,45.311286,-7.899162,0.347519,-0.474064,2.267696,13.160016,19.137612,-60.922694,1.839639,3.160645,201.967408,0.651478,0.005654,0.012592,1.487307,0.366788,-5.421262,1.293049,-25615600,2.960694,-14042439901.326895,-10.171912,64.773572,-0.819914,2.061922,0,0.038336,0.932308,0.112212,0.005654,-0.882075
05-31-24,174.669998,177.160004,174.360001,172.323929,1555200,171.647408,170.334554,158.303738,0.243052,0.128696,0.057926,TRUE,TRUE,12.030816,0.026142,1.833118,19.664069,55.345379,6.959963,0.416579,-0.324003,3.360921,14.625312,21.696583,-16.520092,2.940133,3.198449,179.397712,0.678548,0.005971,0.012946,1.479093,0.747251,-5.421262,1.403237,-24060400,26.686217,-14046256883.738979,-9.942001,65.948768,0.108906,2.906524,0,0.055952,1.306572,0.113781,0.005971,0.377107
06-03-24,177.330002,177.330002,174.679993,171.205307,1233600,171.787963,170.315683,158.40632,0.247966,0.123731,0.058542,TRUE,TRUE,11.909363,0.025249,-4.397625,18.527248,51.163396,9.955934,0.376704,-0.291102,2.351068,12.90505,19.954206,-34.888278,1.669364,3.183774,162.813539,0.681326,0.005775,0.012006,1.506845,0.283546,-5.421262,1.09999,-25294000,27.149041,-14050725470.480577,-9.743415,59.284242,-0.445352,2.671523,0,0.035684,0.829537,0.109572,0.005775,-0.357867
06-04-24,175.339996,175.839996,174.539993,170.524414,1172300,171.828815,170.302454,158.50899,0.245684,0.118661,0.059162,TRUE,TRUE,11.793464,0.023077,-13.465316,17.377421,48.748796,3.437511,0.286854,-0.304762,2.287516,11.23416,17.277218,-46.068792,0.481436,3.148364,158.280288,0.683531,0.005731,0.011749,1.588407,0.130908,-5.421262,1.038546,-26466300,14.281536,-14059140005.054565,-9.426893,51.186344,0.200975,2.653325,0,0.029002,0.67197,0.108394,0.005731,-0.824108
06-05-24,175.820007,176.130005,174.75,171.302597,1265400,171.889124,170.308874,158.61421,0.236329,0.113575,0.059788,TRUE,TRUE,11.694664,0.022943,-17.514531,16.501922,51.562357,-3.783022,0.275266,-0.253079,2.160818,11.706661,18.222965,-33.290739,0.709114,3.103724,153.55953,0.684876,0.005779,0.011903,1.647345,0.18932,-5.421262,1.097756,-25200900,60.808235,-14066727619.928514,-8.983198,51.555831,-0.352193,2.369073,0,0.03161,0.730996,0.1091,0.005779,-0.381954
06-06-24,175.809998,176.470001,175.360001,171.020508,1217600,171.926572,170.312182,158.719121,0.221387,0.108484,0.060419,TRUE,TRUE,11.593061,0.022912,-18.002265,15.916985,50.480511,-0.682885,0.240548,-0.230238,1.447675,12.412043,17.310905,-37.922749,0.439873,3.101645,150.285417,0.684703,0.005697,0.011571,1.714889,0.032777,-5.421262,1.046435,-26418500,21.69915,-14077465514.568695,-8.945356,49.343874,-0.411076,2.817966,0,0.024612,0.569241,0.107567,0.005697,-0.602896
06-07-24,175.369995,176.550003,174.940002,170.680069,796300,171.870156,170.252458,158.825869,0.200886,0.103457,0.061056,TRUE,TRUE,11.426589,0.022714,-23.739847,15.042367,49.140497,0.3917,0.183449,-0.22987,1.251531,12.415923,16.111964,-43.512881,-0.656735,3.111815,152.848379,0.684982,0.005646,0.011351,1.622452,-0.108125,-5.421262,0.688011,-27214800,-13.426832,-14082475707.410336,-9.009773,42.343304,0.090785,3.136641,0,0.018488,0.427393,0.106542,0.005646,-0.778606
06-10-24,175.050003,175.990005,174.649994,171.117767,1313200,171.82298,170.190399,158.929592,0.177463,0.098603,0.0617,TRUE,TRUE,11.260808,0.020918,-16.83425,14.001585,50.943525,-0.618832,0.171538,-0.193425,1.203043,12.376393,16.281079,-40.29567,-0.548358,3.106037,153.681217,0.677575,0.005776,0.012144,1.674062,0.298216,-5.421262,1.119446,-25901600,31.385693,-14090712011.558641,-8.614414,41.10302,0.012497,2.864408,0,0.036319,0.84905,0.1102,0.005776,-0.458881
06-11-24,174.399994,174.399994,173.119995,169.983978,1428700,171.728356,170.12259,159.034342,0.151664,0.093881,0.062349,FALSE,TRUE,11.088247,0.016999,-24.884299,14.038817,46.358883,-4.121628,0.069807,-0.236125,0.291221,11.181883,15.653499,-55.017722,-1.101074,3.044456,159.066412,0.683385,0.005727,0.011735,1.489427,0.054741,-5.421262,1.191507,-27330300,57.19001,-14099141385.840405,-8.4592,40.090907,0.31312,2.873502,0,0.025768,0.597158,0.108329,0.005727,-1.096635
06-12-24,175.910004,176,174.029999,170.267181,1178400,171.612873,170.082233,159.136013,0.125038,0.089274,0.063002,TRUE,TRUE,10.946221,0.014062,-19.839808,13.175741,47.626758,-1.513739,0.011899,-0.235226,0.292132,10.497294,15.455383,-54.756431,-1.338338,3.081686,160.955059,0.683188,0.005725,0.011734,1.063793,0.036858,-5.421262,0.998873,-26151900,-24.712497,-14104821411.48135,-8.195045,46.07566,0.639932,2.036088,0,0.024942,0.578199,0.108324,0.005725,-0.836067
06-13-24,174.179993,174.179993,172.759995,169.690979,1392300,171.40341,170.02724,159.230305,0.098239,0.084755,0.063658,FALSE,TRUE,10.796935,0.011473,-8.156926,12.892549,45.281651,-5.661874,-0.079571,-0.261357,0.745823,10.137101,14.124434,-67.155593,-2.409276,3.043753,157.10819,0.68194,0.005624,0.011365,1.113617,-0.28143,-5.421262,1.166779,-27544200,24.179451,-14112232015.417479,-7.977214,45.246259,1.706035,2.636951,0,0.010991,0.255235,0.106609,0.005624,-1.089969
06-14-24,172.830002,173.100006,171.710007,168.743698,1490900,171.156311,169.987151,159.312734,0.071447,0.080291,0.064318,FALSE,TRUE,10.674417,0.009851,-22.566542,13.205786,41.650686,-4.708196,-0.225895,-0.326145,0.223752,7.638825,13.824223,-52.781338,-2.845362,2.945561,158.183442,0.675875,0.005312,0.010318,1.240852,-0.84685,-5.421262,1.271817,-29035100,-21.999581,-14120086183.653934,-7.229017,38.095436,1.395845,2.277506,0,-0.01382,-0.323676,0.101579,0.005312,-1.525199
06-17-24,172.520004,173.869995,171.979996,169.632401,1777300,170.929814,169.941297,159.397597,0.045607,0.075986,0.064979,FALSE,TRUE,10.5437,0.011709,-7.758498,12.947375,46.023554,-1.603203,-0.267068,-0.293854,0.537622,6.717892,13.008911,-36.968114,-2.600986,2.939694,144.735492,0.673919,0.005269,0.010211,1.282908,-0.899314,-5.421262,1.487249,-27257800,34.440242,-14126278703.043098,-6.633251,46.212106,1.772034,2.281203,0,-0.016023,-0.376344,0.101052,0.005269,-0.896403
06-18-24,173.639999,174.589996,173.639999,170.286697,5457100,170.766187,169.903276,159.488554,0.021005,0.07182,0.065639,TRUE,TRUE,10.414721,0.013147,13.397143,12.222579,49.050954,3.769303,-0.244089,-0.2167,0.441135,7.808656,13.640343,-25.325811,-1.885553,2.989587,131.321374,0.672196,0.005408,0.01081,1.196843,-0.529628,-5.421262,3.826402,-21800700,554.171661,-14170260778.073215,-6.799759,61.118376,1.734304,1.971072,0,0.000187,0.004393,0.103971,0.005408,-0.365126
06-20-24,174.149994,175.199997,173.919998,170.78479,1236700,170.614818,169.869769,159.57784,-0.002555,0.067839,0.0663,TRUE,TRUE,10.291929,0.015106,10.288046,11.542291,51.290694,9.640007,-0.183569,-0.124944,-0.143523,8.012091,14.933986,-16.462944,-1.741751,2.944837,110.096111,0.673126,0.005475,0.011048,1.146093,-0.367021,-5.421262,0.860017,-20564000,23.645271,-14177555783.685595,-6.506624,60.827122,2.093,2.875527,0,0.007283,0.171303,0.10511,0.005475,0.154385
06-21-24,174.880005,175.050003,174,170.765228,1671000,170.489707,169.88509,159.67583,-0.024503,0.064025,0.066961,TRUE,TRUE,10.20926,0.016828,-18.042493,10.910596,51.195507,5.171953,-0.135622,-0.061598,-0.803735,7.035069,15.143239,-16.811019,-1.444133,2.808186,90.91162,0.673058,0.005484,0.011088,0.65175,-0.34249,-5.421262,1.124904,-22235000,131.53665,-14189522570.063169,-6.506485,53.614014,1.667143,3.021062,0,0.008344,0.196293,0.105299,0.005484,0.303065
06-24-24,175.229996,177,175.119995,172.181274,1501000,170.560391,169.933596,159.783387,-0.043174,0.060437,0.067624,TRUE,TRUE,10.150209,0.025642,10.921164,11.474207,57.36386,8.312905,0.01645,0.072379,0.581477,9.759561,16.511424,8.908663,0.827839,2.836063,98.375241,0.647015,0.005296,0.011199,1.08434,-0.689985,-5.421262,0.995926,-20734000,40.622072,-14195716132.104595,-6.470354,59.594211,1.201655,3.099336,0,-0.005848,-0.14314,0.105823,0.005296,1.647654
06-25-24,176.070007,176.130005,174.429993,170.921494,1046200,170.520423,170.009237,159.885172,-0.059215,0.057103,0.068288,TRUE,TRUE,10.124065,0.033413,4.173034,11.494162,51.167891,-0.122802,0.034912,0.072673,-0.035144,7.851202,16.404999,-14.90575,-0.465501,2.8283,94.977491,0.652093,0.005123,0.010316,1.071396,-1.111006,-5.421262,0.694294,-21780200,-0.541877,-14201080644.397705,-6.202427,59.922185,0.707294,2.322803,0,-0.023916,-0.580614,0.101566,0.005123,0.422279
06-26-24,174.5,174.520004,173.779999,170.208572,897800,170.498795,170.09416,159.982579,-0.073516,0.053918,0.068952,TRUE,TRUE,10.111581,0.038765,-11.576853,11.05957,48.007703,-3.187804,-0.007893,0.023895,-0.378426,6.982959,15.408142,-28.382537,-0.253498,2.755919,95.180429,0.65134,0.005139,0.010405,1.105915,-1.084417,-5.421262,0.598023,-22678000,-11.04726,-14210644397.945347,-6.35552,55.246784,0.155671,1.951859,0,-0.022717,-0.552168,0.102004,0.005139,-0.304918
06-27-24,174.289993,174.380005,173.570007,170.237885,781700,170.574929,170.197567,160.078314,-0.084247,0.050891,0.069615,TRUE,TRUE,10.119252,0.042493,-8.509248,10.510199,48.149497,-9.214362,-0.039001,-0.005771,-1.974108,6.3926,14.477507,-27.828432,0.902521,2.713655,85.789256,0.646579,0.005212,0.010864,1.132069,-0.828224,-5.421262,0.524198,-21896300,-20.453852,-14217857525.71266,-6.23181,50.784105,-1.153087,,0,-0.011765,-0.288125,0.104231,0.005212,-0.392875
06-28-24,174.800003,175.470001,173.809998,170.384354,2389400,170.613156,170.309739,160.173778,-0.091002,0.048098,0.070277,TRUE,TRUE,10.135961,0.04684,-3.284501,10.674322,48.899442,-2.26845,-0.051245,-0.014412,-2.202006,6.329678,14.679293,-25.059636,0.450738,2.698856,82.96625,0.646567,0.005208,0.010845,1.142401,-0.829999,-5.421262,1.551453,-19506900,69.232949,-14230108631.167206,-6.092725,57.510358,-0.847348,1.671941,0,-0.011811,-0.289248,0.104139,0.005208,-0.275778
07-01-24,175.020004,175.490005,173.110001,169.300354,1628100,170.461977,170.396924,160.265831,-0.094845,0.04544,0.070936,FALSE,TRUE,10.131094,0.046655,-18.833966,10.316796,43.845098,-4.162605,-0.146727,-0.087915,-2.349892,5.500168,13.061503,-45.551149,-1.754588,2.707517,77.521011,0.639342,0.005878,0.027735,1.215647,-0.696489,-5.421262,1.05464,-21135000,4.6875,-14236948893.280607,-6.176259,56.776448,97.650108,105.500168,,0.005111,0.127677,0.166539,0.005878,-1.498463
07-02-24,173.270004,174.059998,173.149994,169.964432,1223000,170.399934,170.478325,160.352593,-0.095572,0.042928,0.071592,FALSE,TRUE,10.125732,0.049634,-0.212926,9.984808,47.429969,-0.719528,-0.166887,-0.08646,-1.346938,6.202419,12.562889,-32.997678,-0.724788,2.759028,76.2133,0.634953,0.005721,0.026813,1.216502,-0.825081,-5.421262,0.792499,-19912000,-0.859274,-14246734369.788874,-6.350647,57.270648,-0.850985,1.096822,0,-0.007129,-0.17833,0.163745,0.005721,-0.571425
07-03-24,174.330002,174.699997,173.839996,169.974213,761600,170.372424,170.532103,160.445049,-0.09396,0.040556,0.072247,FALSE,TRUE,10.087054,0.053183,-3.289372,10.100243,47.483147,-1.416295,-0.180001,-0.079659,-1.430307,5.837061,12.143045,-32.812784,-0.322653,2.70506,76.731571,0.634569,0.005694,0.026609,1.2284,-0.886875,-5.421262,0.500169,-19150400,-35.033694,-14254342897.160637,-6.409825,56.497342,-2.22542,-1.027842,0,-0.009895,-0.247656,0.163122,0.005694,-0.518966
07-05-24,174.110001,174.179993,172.860001,169.720276,1358800,170.293307,170.548119,160.536905,-0.090336,0.038314,0.0729,FALSE,TRUE,10.011214,0.0569,0.341286,9.45847,46.177128,2.332031,-0.20848,-0.086511,-0.601976,6.643582,12.54381,-37.613107,-0.923699,2.721437,74.768349,0.634351,0.005641,0.026134,1.226976,-1.015461,-5.421262,0.889643,-20509200,7.381065,-14262165763.236214,-6.397928,56.577727,-1.005806,0.440762,0,-0.015263,-0.382121,0.16166,0.005641,-0.766409
07-08-24,174.089996,174.850006,173.580002,169.915604,1249000,170.238062,170.56882,160.631651,-0.084511,0.036174,0.073549,FALSE,TRUE,9.937169,0.056919,14.962458,9.319536,47.376119,-0.05385,-0.212836,-0.072693,-1.168826,6.928977,13.887122,-41.123313,-0.646065,2.790643,73.177436,0.607234,0.005863,0.0308,1.159499,-0.38893,-5.421262,0.816914,-19260200,2.578844,-14270622350.55344,-6.316753,62.569107,-0.741478,0.799877,0,0.012004,0.314611,0.1755,0.005863,-0.440653
07-09-24,173.949997,174.820007,173.419998,169.886322,1011000,170.198375,170.597106,160.729121,-0.077604,0.034262,0.074193,FALSE,TRUE,9.867985,0.056482,3.641556,9.064833,47.206347,-0.2768,-0.216159,-0.060813,-1.336586,6.592227,13.728954,-71.827996,-0.46505,2.781795,72.805546,0.606946,0.005882,0.031027,1.146649,-0.334271,-5.421262,0.656638,-20271200,26.9622,-14276736955.157206,-6.308576,56.752263,-0.640944,1.046315,0,0.014218,0.372829,0.176146,0.005882,-0.428611
07-10-24,174.210007,175.660004,174.020004,171.497681,1029400,170.217371,170.660537,160.845745,-0.068656,0.032605,0.074834,TRUE,TRUE,9.814791,0.054245,15.271014,9.398502,56.454074,10.276945,-0.087758,0.054071,-0.558061,6.824321,14.048001,-32.906284,0.222019,2.789648,75.766006,0.584252,0.006318,0.038615,1.113365,0.780267,-5.421262,0.674808,-19241800,-21.611331,-14280932795.265507,-6.234825,46.015852,-0.907645,0.3585,0,0.058391,1.595741,0.196508,0.006318,1.689821
07-11-24,176.110001,177.679993,175.940002,173.382446,1413700,170.387294,170.7461,160.974999,-0.056361,0.031194,0.075476,TRUE,TRUE,9.771101,0.05286,27.88196,10.816757,64.325612,16.949493,0.164194,0.244818,1.990169,8.627399,14.082046,10.83914,1.999287,2.811602,103.345815,0.591416,0.006643,0.041618,1.719723,1.577492,-5.421262,0.927187,-17828100,-1.049906,-14286502400.351799,-6.144112,46.605796,0.17855,0.904813,0,0.090426,2.443368,0.204004,0.006643,2.898184
07-12-24,178.050003,179.570007,177.929993,174.486023,937900,170.598236,170.899451,161.107617,-0.040859,0.030103,0.076119,TRUE,TRUE,9.791834,0.051356,35.774688,12.90912,67.975838,20.76949,0.447755,0.422703,2.786368,9.338713,14.326008,24.232797,2.477777,2.872514,138.0082,0.590209,0.006845,0.044352,2.239558,2.107757,-5.421262,0.620019,-16890200,-20.409029,-14291379410.541601,-6.166412,54.089468,-0.111823,1.084565,0,0.111246,3.015323,0.210598,0.006845,2.817069
07-15-24,179.110001,180.110001,178.850006,175.111023,1614400,170.869238,171.070556,161.252719,-0.023267,0.029362,0.076766,TRUE,TRUE,9.817837,0.049858,30.487762,15.044896,69.856941,13.402867,0.714673,0.551697,4.769433,10.138078,14.248538,31.048584,3.194067,2.837347,168.99266,0.590086,0.006943,0.045644,2.526827,2.348062,-5.421262,1.059457,-15275800,15.952022,-14302575145.018137,-6.245673,54.47133,0.578794,1.097388,0,0.12077,3.275855,0.213645,0.006943,2.510041
07-16-24,179.820007,182.470001,179.539993,178.118896,1259100,171.337998,171.284892,161.412716,-0.002077,0.029069,0.077416,TRUE,TRUE,9.872176,0.052997,63.370355,17.743203,76.891923,12.56631,1.155597,0.794097,7.324829,12.077694,17.03647,54.723159,5.555881,2.926189,227.00115,0.625815,0.007308,0.044916,3.939201,2.897768,-5.421262,0.832622,-14016700,-15.547656,-14305055608.934584,-6.115864,61.082166,1.309299,2.135325,0,0.149779,3.826994,0.211933,0.007308,2.987165
07-17-24,181.820007,183.660004,181.820007,178.509537,1456300,171.781855,171.487199,161.570959,0.021605,0.029164,0.07807,TRUE,TRUE,9.91624,0.05766,75.221234,20.541302,77.622375,9.646537,1.519043,0.926034,8.143324,13.137062,17.219448,52.310505,5.233161,2.997517,273.849571,0.623172,0.007231,0.04435,3.943957,2.757793,-5.421262,0.973358,-12560400,-18.061104,-14311752178.393724,-6.198317,67.316927,2.068321,3.527839,0,0.143478,3.680781,0.210595,0.007231,2.456707
07-18-24,182.220001,183.990005,180.800003,176.800491,1215400,172.107545,171.629061,161.724076,0.046074,0.029535,0.078727,TRUE,TRUE,9.904986,0.061177,51.612566,22.308054,67.560436,-2.296505,1.650149,0.845712,7.297646,12.80166,15.314816,35.404214,3.825192,3.079378,293.183574,0.631356,0.006935,0.03975,3.753211,1.969482,-5.421262,0.946518,-13775800,-77.728097,-14316015229.066259,-5.675465,65.570482,1.871459,2.523448,0,0.111625,2.820794,0.199373,0.006935,1.600685
07-19-24,181.100006,181.270004,179.570007,175.628616,4756000,172.349736,171.739705,161.879517,0.069597,0.03016,0.079384,TRUE,TRUE,9.860189,0.065015,38.166352,23.036765,61.658431,-15.233492,1.640579,0.668914,6.479595,11.688197,13.924926,24.875243,2.836216,3.06891,301.568433,0.62798,0.006623,0.036679,3.576702,1.289251,-5.421262,3.257445,-18531800,284.571844,-14342824510.483713,-5.659733,46.593487,1.401205,1.818542,0,0.082384,2.090731,0.191516,0.006623,1.087276
07-22-24,180.360001,180.850006,179.149994,176.556366,1755600,172.639293,171.865402,162.047395,0.092671,0.031059,0.080041,TRUE,TRUE,9.818007,0.069934,53.414733,23.417142,64.316173,-13.306202,1.688394,0.573383,6.426973,11.311584,13.897634,33.210815,3.391286,3.057466,313.13432,0.630669,0.006732,0.037573,3.313196,1.515024,-5.421262,1.198959,-16776200,5.062837,-14349936981.657375,-5.477624,54.616363,1.161783,1.409089,0,0.092086,2.327642,0.193839,0.006732,1.250924
07-23-24,180.610001,180.839996,179.929993,175.84346,1325800,172.822402,171.946103,162.210361,0.116245,0.032194,0.080701,TRUE,TRUE,9.735742,0.072566,43.123139,23.770349,60.826978,-6.733458,1.649745,0.427787,5.115892,10.444021,13.130535,26.805554,2.126936,3.050526,320.925652,0.632397,0.006714,0.03717,3.082181,1.443159,-5.421262,0.910883,-18102000,-11.672219,-14363170261.016174,-5.752421,60.558971,0.655738,0.919959,0,0.089282,2.250216,0.192796,0.006714,0.941358
07-24-24,179.830002,180.449997,178.740005,174.632507,1592200,173.007953,171.997528,162.368813,0.138437,0.033491,0.081363,TRUE,TRUE,9.628715,0.072556,31.402209,23.243212,55.335508,-6.322923,1.504064,0.225685,3.382111,9.470353,11.883167,15.92548,2.17118,3.066401,320.083596,0.639712,0.00664,0.035524,2.864222,1.177654,-5.421262,1.073772,-19694200,52.188874,-14372411573.60697,-5.777238,54.829123,0.269422,1.150885,0,0.078773,1.961207,0.188478,0.00664,0.507541
07-25-24,178.899994,181.649994,178.720001,175.325882,1832000,173.263818,172.066516,162.525388,0.160202,0.034945,0.082029,TRUE,TRUE,9.541128,0.074651,36.70097,23.302974,57.690841,-6.625332,1.428097,0.119775,3.816501,10.367327,12.382516,18.031055,3.006493,3.168825,316.966367,0.639077,0.006627,0.035456,2.588308,1.151814,-5.421262,1.197761,-17862200,104.054355,-14378487970.898918,-5.486805,61.742765,0.020847,2.180517,0,0.077614,1.934254,0.188297,0.006627,0.650562
07-26-24,180.619995,182.619995,180.419998,177.757584,1103100,173.639803,172.170131,162.688537,0.184382,0.03665,0.082699,TRUE,TRUE,9.481594,0.076512,44.785463,23.76044,64.717868,3.89089,1.546287,0.190372,5.511629,10.763635,13.599879,41.036731,4.417171,3.212447,323.711165,0.634159,0.007073,0.040988,2.248665,2.303348,-5.421262,0.713708,-16759100,41.115517,-14382260992.321594,-5.31847,61.579664,0.8383,2.001324,0,0.126098,3.173818,0.202456,0.007073,1.272054
07-29-24,182.279999,182.369995,181.100006,177.679443,963300,174.004558,172.246115,162.845759,0.209768,0.038631,0.083373,TRUE,TRUE,9.400356,0.077192,44.382591,24.185231,64.348021,9.012513,1.615031,0.207292,5.556654,10.661536,14.516132,36.7045,4.281549,3.202122,326.189134,0.633523,0.007094,0.041315,1.845299,2.353059,-5.421262,0.653401,-17722400,-59.68444,-14388413357.82682,-5.368864,65.963326,1.411575,2.092462,0,0.128145,3.229037,0.20326,0.007094,1.126612
07-30-24,182.330002,183.410004,182.119995,178.714615,1342900,174.475271,172.346694,163.008783,0.234392,0.040895,0.08405,TRUE,TRUE,9.337911,0.080386,42.495618,25.003412,67.03562,9.34478,1.733063,0.260259,5.683073,10.765092,14.688277,34.467222,5.560686,3.181851,322.639163,0.634389,0.007106,0.041334,1.610103,2.380912,-5.421262,0.919779,-16379500,-17.517352,-14396846265.337879,-5.475844,66.509091,1.268584,2.420544,0,0.129485,3.258316,0.203308,0.007106,1.313958
07-31-24,183.839996,184.929993,182.960007,179.09549,2642700,174.931824,172.445357,163.181221,0.258523,0.043421,0.084732,TRUE,TRUE,9.264136,0.085256,36.90863,26.302195,67.991708,3.273841,1.836171,0.290694,7.359521,10.669008,14.573975,16.649955,5.372334,3.176403,320.043086,0.631391,0.00703,0.040858,1.570785,2.233182,-5.421262,1.726115,-13736800,116.083401,-14409857323.116432,-5.327299,68.338758,0.460611,1.176302,0,0.122615,3.099649,0.202133,0.00703,1.30097
08-01-24,183.570007,184.419998,180.729996,177.210678,2107700,175.293647,172.518385,163.344332,0.280573,0.046118,0.085415,TRUE,TRUE,9.174054,0.088668,16.756677,25.909589,58.889236,-5.458785,1.745674,0.160157,6.397191,10.663263,13.7511,-24.304754,4.25739,3.1754,301.408399,0.642397,0.006761,0.036498,1.439903,1.440305,-5.421262,1.318701,-15844500,176.746324,-14415985435.503748,-5.056655,61.364489,1.269539,1.914601,0,0.090479,2.243905,0.191044,0.006761,0.636024
08-02-24,180.169998,180.399994,176.720001,174.183273,2321300,175.516797,172.525807,163.48441,0.297162,0.048823,0.086099,TRUE,TRUE,9.041398,0.087359,-4.971191,24.577772,47.81622,-19.2194,1.413375,-0.137713,4.050839,7.743204,12.749481,-30.898058,2.629619,3.150871,273.172291,0.681953,0.006608,0.030935,1.502374,0.605034,-5.421262,1.40989,-18165800,70.83456,-14421507017.137602,-4.838963,53.487778,1.55468,1.565105,0,0.056798,1.32344,0.175882,0.006608,-0.488162
08-05-24,175.009995,175.770004,173.300003,169.993729,3738700,175.520703,172.460333,163.600459,0.30508,0.051327,0.086779,FALSE,TRUE,8.859874,0.079252,-40.944815,24.506099,37.349779,-30.641929,0.802712,-0.598701,0.949874,5.252592,10.406761,-28.428868,0.045979,3.023099,272.333486,0.751476,0.012597,0.136388,2.020076,-0.334012,-5.421262,2.111157,-21904500,199.335468,-14435254755.228956,-4.648204,44.5176,100.949874,105.252592,,0.05586,1.251463,0.369308,0.012597,-2.029488
08-06-24,174.720001,177.669998,174.059998,171.419556,2461900,175.597365,172.473372,163.733459,0.305523,0.05369,0.087456,FALSE,TRUE,8.739914,0.076103,-33.956858,23.599172,42.002607,-16.88663,0.428865,-0.778038,1.008897,7.13758,11.735478,-16.168952,0.902506,3.086923,257.385767,0.750221,0.012425,0.136025,2.320594,-0.357086,-5.421262,1.335471,-19442600,143.511375,-14441318041.822359,-4.463894,46.281407,1.731743,1.10242,0,0.040222,0.904594,0.368816,0.012425,-1.62317
08-07-24,177.130005,178.229996,174.669998,170.706635,1229500,175.557813,172.453088,163.86997,0.297581,0.055948,0.088129,FALSE,TRUE,8.583118,0.072235,-30.648185,22.522761,40.387502,-7.428718,0.074207,-0.906157,0.358746,6.056477,10.273667,-22.298975,-0.461258,3.155465,264.526058,0.751856,0.012324,0.133343,2.614384,-0.554456,-5.421262,0.663349,-20672100,19.438508,-14445285159.20796,-4.433628,50.456668,1.347348,0.576389,0,0.029786,0.66765,0.365162,0.012324,-1.833913
08-08-24,175.580002,177.910004,175.309998,173.607117,2286800,175.569046,172.512408,164.028446,0.284452,0.058247,0.088799,TRUE,TRUE,8.483961,0.072884,-9.353658,21.523236,48.98269,11.632911,0.026872,-0.762793,1.958981,7.573698,12.648584,2.640704,0.129581,3.215227,263.599716,0.783414,0.012744,0.130813,2.69038,0.077976,-5.421262,1.2054,-18385300,61.759921,-14450567450.598501,-4.324033,63.69568,1.134282,0.450446,0,0.063262,1.355679,0.361681,0.012744,-0.744284
08-09-24,177.729996,178.410004,176.570007,173.782883,1087400,175.533889,172.613761,164.193385,0.26636,0.060571,0.089467,TRUE,TRUE,8.420376,0.074912,-13.295779,20.366578,49.458264,7.455657,0.003502,-0.628931,1.149238,7.52774,13.10669,4.152021,-0.402978,3.194774,265.581645,0.781841,0.012688,0.130268,2.779045,-0.0255,-5.421262,0.570932,-17297900,15.939866,-14454949117.29281,-4.294059,62.734754,0.473002,-0.006906,0,0.057502,1.234659,0.360926,0.012688,-0.65931
08-12-24,178.199997,178.320007,176.779999,173.030884,2118200,175.429882,172.681983,164.350136,0.243639,0.062839,0.090129,TRUE,TRUE,8.331847,0.077849,-13.457965,19.292539,47.421492,7.03399,-0.074837,-0.565816,0.563523,6.991904,12.757654,-2.314011,-1.187897,3.219123,271.335615,0.777799,0.012463,0.127239,2.882121,-0.429733,-5.421262,1.09763,-19416100,31.20664,-14467380734.576761,-4.270028,55.960135,-0.676925,-0.457418,0,0.035438,0.764259,0.356706,0.012463,-0.884144
08-13-24,177.889999,178.979996,177.169998,174.700867,1115800,175.258981,172.729521,164.52135,0.219019,0.065054,0.090788,TRUE,TRUE,8.208172,0.083242,0.320064,17.970348,52.135561,3.152871,-0.002142,-0.394497,1.643274,7.330373,13.527408,12.04527,-1.91896,3.243244,264.177222,0.78766,0.012688,0.128374,2.879781,-0.062581,-5.421262,0.580351,-18300300,-11.381145,-14471540800.444237,-4.329621,61.215113,-0.849932,-0.926199,0,0.055313,1.177472,0.358293,0.012688,-0.211265
08-14-24,178.979996,180,178.850006,175.364929,1076500,175.10175,172.812714,164.696703,0.193266,0.067188,0.091441,TRUE,TRUE,8.116011,0.090474,0.183074,17.113571,53.905343,4.447079,0.10781,-0.227635,1.615562,9.391564,14.036931,17.755185,-1.761591,3.160972,252.931164,0.788373,0.012709,0.128535,2.878648,-0.027059,-5.421262,0.565496,-17223800,-26.079791,-14479142005.13866,-4.396573,60.057131,-1.533807,-2.117483,0,0.057305,1.218767,0.358518,0.012709,0.104052
08-15-24,181.259995,182.029999,180.800003,177.55249,1633800,175.13935,172.953275,164.892718,0.168199,0.069381,0.092091,TRUE,TRUE,8.060557,0.100204,-0.972719,17.161853,59.25055,11.829057,0.367233,0.02543,2.111946,9.866762,17.017373,36.564841,0.425338,3.09672,256.128114,0.802727,0.017322,0.156124,2.880933,0.498705,-5.421262,0.848921,-15590000,34.424881,-14489403130.132147,-4.504611,60.880193,-2.315725,-1.325253,0,0.078488,1.663681,0.395126,0.017322,0.942161
08-16-24,181.550003,182.520004,181.470001,178.070068,1404500,175.261423,173.088625,165.084581,0.144142,0.071654,0.092735,TRUE,TRUE,8.004044,0.110989,1.814836,17.392418,60.420022,8.284461,0.607588,0.212628,2.524321,8.759674,18.170646,41.015216,1.390122,3.101964,264.271346,0.80327,0.01736,0.156596,2.877245,0.546386,-5.421262,0.799381,-14185500,-70.468881,-14499903233.608234,-4.470121,61.544498,-1.930938,-0.816924,0,0.082262,1.757951,0.395722,0.01736,1.062789
08-19-24,182.669998,183.740005,182.550003,179.427521,1442400,175.40498,173.256765,165.276829,0.122329,0.074063,0.093375,TRUE,TRUE,7.979936,0.12284,3.263285,18.051066,63.387774,9.482431,0.897263,0.401842,3.023146,9.894284,19.625904,52.687216,1.626197,3.076082,279.060522,0.807164,0.017545,0.158249,3.025471,0.896351,-5.421262,0.828335,-12743100,-17.840055,-14508915144.917667,-4.564862,61.696995,-0.932432,0.205328,0,0.101239,2.153758,0.397805,0.017545,1.441458
08-20-24,183.610001,183.679993,182.710007,178.665787,963200,175.546097,173.416479,165.46185,0.101264,0.076419,0.09401,TRUE,TRUE,7.954629,0.128862,-1.933236,18.662667,60.640038,1.389489,1.053226,0.446244,2.942244,9.570714,18.905672,48.253472,1.605022,3.010722,288.375111,0.785413,0.017681,0.169752,3.027194,1.264177,-5.421262,0.558962,-13706300,-27.349525,-14517910198.632528,-4.489914,55.084167,,0.253421,0,0.119174,2.623533,0.41201,0.017681,1.081817
08-21-24,183.619995,184.029999,183.059998,179.613068,1098100,175.795125,173.586385,165.637454,0.082591,0.078719,0.094643,TRUE,TRUE,7.948932,0.137614,11.284336,19.363475,62.799655,2.379633,1.238983,0.505601,3.337455,9.643723,19.711394,58.835667,2.852024,2.996423,301.286449,0.785131,0.017673,0.169709,3.091266,1.255187,-5.421262,0.646515,-12608200,-31.032534,-14526812564.600752,-4.545243,62.149853,-0.559026,-0.354253,0,0.118712,2.614302,0.411958,0.017673,1.267214
08-22-24,184.080002,184.539993,183.169998,179.202896,1033400,175.988976,173.770764,165.802534,0.066536,0.080961,0.095273,TRUE,TRUE,7.96823,0.143425,26.882633,20.209695,61.23298,-2.154794,1.337679,0.483438,3.425603,8.520806,20.004273,52.516888,2.211319,3.052983,310.441833,0.780711,0.017729,0.172705,2.984439,1.397983,-5.421262,0.623071,-13641600,-43.591703,-14533830808.20763,-4.683064,70.2794,-0.607625,-0.357449,0,0.125746,2.789644,0.415578,0.017729,1.035273
08-23-24,184.449997,185.990005,184.139999,181.507629,1451700,176.176478,173.995573,165.982652,0.054998,0.083282,0.095901,TRUE,TRUE,8.012921,0.149274,68.585943,21.510723,66.31766,5.677621,1.583615,0.583499,6.289271,9.620759,20.704736,62.427719,2.10964,3.184108,332.245371,0.779346,0.018084,0.180048,3.438118,2.220203,-5.421262,0.866175,-12189900,31.601849,-14539413750.27721,-4.688356,84.948221,0.589478,0.306827,0,0.167748,3.740212,0.424321,0.018084,1.604583
08-26-24,186.360001,187.169998,185.960007,181.742035,1359500,176.379607,174.236594,166.167264,0.048306,0.08566,0.096525,TRUE,TRUE,8.06933,0.15633,66.186156,23.089004,66.794684,3.99503,1.776952,0.621468,5.835738,10.265392,21.946821,56.576294,2.286472,3.10085,353.647581,0.777474,0.017998,0.17923,3.202718,2.087033,-5.421262,0.801687,-10830400,41.129451,-14550251553.02129,-4.771736,84.174963,0.341229,0.069049,0,0.160668,3.590049,0.423355,0.017998,1.51632
08-27-24,185.990005,186.259995,185.619995,181.771347,1004200,176.532444,174.497147,166.354237,0.047659,0.088149,0.097146,TRUE,TRUE,8.14291,0.167344,74.197463,24.293464,66.857894,5.624913,1.910514,0.604025,6.522579,9.979439,21.234927,54.480178,1.710399,3.010265,370.474787,0.752999,0.017659,0.184357,2.773646,1.600387,-5.421262,0.598142,-9826200,-25.221535,-14563333303.268053,-4.958321,78.641599,0.988834,0.030112,0,0.132768,3.077059,0.429368,0.017659,1.414105
08-28-24,185.929993,186.770004,185,181.439285,910800,176.649634,174.733285,166.545326,0.052801,0.090648,0.097762,TRUE,TRUE,8.187958,0.175392,63.448676,24.936028,65.340447,-0.977212,1.966896,0.528325,7.541757,9.720657,20.291949,45.936624,1.308685,2.92898,382.520174,0.747608,0.017717,0.188243,2.500908,1.777004,-5.421262,0.572014,-10737000,-65.535248,-14567908613.031069,-4.963081,71.832202,0.642919,-0.061151,0,0.14092,3.297023,0.43387,0.017717,1.25213
08-29-24,186.559998,187.630005,185.350006,182.376801,1535900,176.90794,174.975087,166.733689,0.064763,0.093162,0.098373,TRUE,TRUE,8.241397,0.183254,65.573143,25.84904,67.577862,0.783178,2.063442,0.499897,7.520931,9.959178,19.781487,51.583397,2.915243,2.968278,403.382035,0.746619,0.017865,0.191784,2.45144,2.103395,-5.421262,0.982234,-9201100,-27.129098,-14573450257.657698,-5.035072,72.625092,1.197515,0.35291,0,0.156871,3.681404,0.437931,0.017865,1.355752
08-30-24,187.199997,188.470001,186.270004,183.910034,3104900,177.394278,175.237592,166.930008,0.084768,0.095725,0.09898,TRUE,TRUE,8.307584,0.19429,78.340058,26.987223,70.887755,4.029861,2.237878,0.539467,6.723445,10.310337,20.47055,59.64632,5.584211,3.003968,426.761025,0.751234,0.017939,0.190891,2.695585,2.225837,-5.421262,1.9371,-6096200,33.756947,-14583216504.299025,-5.044405,84.894495,0.935692,1.082349,0,0.163783,3.81667,0.43691,0.017939,1.526793
09-03-24,187.360001,187.869995,185.330002,181.605316,2136900,177.974857,175.454393,167.098868,0.110306,0.09832,0.099581,TRUE,TRUE,8.355526,0.20037,47.545345,27.305539,60.834308,-4.506139,2.16519,0.373422,6.074583,8.568469,19.402327,28.641491,6.830598,2.963854,398.85409,0.771134,0.017826,0.178842,2.363753,1.794931,-5.421262,1.403298,-8233100,-42.843769,-14591620571.105663,-5.134256,75.00772,0.523658,0.065897,0,0.145009,3.267985,0.422897,0.017826,0.910222
09-04-24,185.929993,187.070007,185.339996,181.536942,1291800,178.480727,175.641507,167.263438,0.140591,0.10094,0.100176,TRUE,TRUE,8.378068,0.205171,44.319645,27.601118,60.559904,-7.017958,2.078111,0.229075,6.458036,8.89328,18.707759,9.608066,5.902119,2.971485,374.769474,0.770343,0.017836,0.179442,2.040641,1.852211,-5.421262,0.882217,-9524900,-47.528332,-14598591856.660179,-5.370401,68.945889,0.335198,0.556146,0,0.147561,3.329913,0.423606,0.017836,0.815492
09-05-24,186.179993,186.380005,183.740005,180.111145,1623700,178.950952,175.8253,167.423335,0.172633,0.103628,0.100762,TRUE,TRUE,8.401965,0.207775,19.436215,26.694041,54.989703,-15.898051,1.872466,0.018744,5.142098,7.414027,19.14691,-19.412231,5.509165,2.922751,328.199728,0.778587,0.017667,0.172433,1.901424,1.478565,-5.421262,1.094156,-11148600,32.061814,-14604679330.988417,-5.370514,61.023728,-0.103112,-0.476006,0,0.12915,2.872305,0.41525,0.017667,0.353502
09-06-24,184.619995,185.449997,182.320007,178.324005,2404900,179.186797,175.987608,167.570493,0.203119,0.106349,0.101336,TRUE,TRUE,8.417116,0.205026,1.759304,24.970571,48.916389,-11.917919,1.547446,-0.245021,4.270539,5.780037,18.354167,-64.97571,2.71699,2.966916,303.820108,0.785112,0.017622,0.168717,1.885243,1.355183,-5.421262,1.614157,-13553500,5.164422,-14613224817.276911,-5.458741,51.70784,0.150521,-0.275313,0,0.123304,2.71344,0.410752,0.017622,-0.283981
09-09-24,183.389999,185.220001,183.289993,180.111145,1851200,179.50321,176.185074,167.723938,0.23213,0.109221,0.101901,TRUE,TRUE,8.461135,0.205224,4.599313,23.370207,54.346438,-6.213466,1.417729,-0.29979,5.525587,6.846273,19.623852,-35.916496,3.641476,2.9861,276.284026,0.793983,0.017817,0.168507,1.853262,1.618479,-5.421262,1.211463,-11702300,70.240942,-14621174110.249201,-5.43905,52.625997,-0.836515,-0.750424,0,0.138065,3.002077,0.410496,0.017817,0.22004
09-10-24,184.869995,184.869995,182.770004,179.759567,1154900,179.839644,176.372578,167.876637,0.258336,0.112233,0.102457,TRUE,TRUE,8.495941,0.203323,7.567603,21.837144,53.149507,-1.840196,1.271897,-0.356498,5.050206,6.314006,19.261517,-41.633213,3.888718,3.012062,230.495344,0.792867,0.017815,0.168968,1.79376,1.668546,-5.421262,0.780388,-12857200,-45.477292,-14625640218.689528,-5.346947,52.160695,-0.787443,-0.783689,0,0.140244,3.054442,0.411057,0.017815,-0.034741
09-11-24,183.669998,184.059998,180.369995,179.534943,1096900,180.081348,176.57727,168.025035,0.278665,0.115359,0.103002,TRUE,TRUE,8.552234,0.198887,-0.568976,21.661787,52.356119,3.43973,1.125228,-0.402534,5.618744,5.926328,18.825892,-10.309282,2.767059,2.973507,196.630558,0.78874,0.017865,0.171721,1.797743,1.822616,-5.421262,0.74167,-13954100,-1.693852,-14627233578.565142,-5.26359,47.223206,-2.029699,-1.698542,0,0.147539,3.235117,0.414392,0.017865,-0.277884
09-12-24,184.059998,184.800003,182.860001,180.345505,1318700,180.330376,176.784891,168.174935,0.292817,0.118579,0.103538,TRUE,TRUE,8.609956,0.196688,8.085718,21.022705,54.968387,0.621949,1.062153,-0.372487,5.919123,6.228547,19.203891,-0.30235,2.840121,2.973535,162.295481,0.78812,0.017867,0.172129,1.741346,1.79881,-5.421262,0.884398,-12635400,22.498839,-14631970692.486803,-5.124799,47.900136,-2.529588,-1.842979,0,0.145879,3.2022,0.414884,0.017867,0.009321
09-13-24,185.179993,186.479996,185.110001,181.820145,1145500,180.543759,177.02181,168.333989,0.302749,0.121883,0.104067,TRUE,TRUE,8.687821,0.197419,2.349544,19.58016,59.336554,6.187047,1.118266,-0.253099,7.147796,7.94693,20.498595,17.903067,2.403602,2.92378,151.549502,0.792686,0.01795,0.171643,1.732812,1.932625,-5.421262,0.781029,-11489900,-29.887379,-14638617715.742617,-5.086901,47.182216,-3.029357,-1.17229,0,0.153502,3.348104,0.414299,0.01795,0.842223
09-16-24,186.789993,187.850006,186.669998,183.22644,3474300,180.801578,177.291933,168.500653,0.310164,0.125238,0.104589,TRUE,TRUE,8.79128,0.200659,10.256383,18.916733,63.020537,10.664419,1.261669,-0.087757,8.582686,8.825642,20.060382,35.26473,2.895698,2.915666,151.111674,0.796959,0.018048,0.17161,1.706823,2.081931,-5.421262,2.212726,-8015600,147.369171,-14662369765.244123,-5.173616,51.884023,-2.509583,-0.964522,0,0.161885,3.51084,0.414259,0.018048,1.604683
09-17-24,187.940002,188.729996,187.050003,183.245972,1060500,180.9925,177.55854,168.665199,0.314243,0.128623,0.105102,TRUE,TRUE,8.893342,0.203206,10.195693,18.697526,63.070578,8.102191,1.361201,0.009421,8.025337,8.606105,20.968009,34.401631,2.12813,2.953773,156.850587,0.796902,0.018054,0.171728,1.68106,2.089421,-5.421262,0.68373,-6955100,-26.476705,-14668232875.789083,-5.135803,56.187675,-2.959158,-1.008384,0,0.162343,3.521247,0.414401,0.018054,1.436699
09-18-24,187.770004,189.559998,187.070007,182.91391,1401700,181.204906,177.819092,168.821586,0.315182,0.13202,0.105607,TRUE,TRUE,8.997506,0.206916,10.195693,18.849718,61.545702,2.209148,1.397181,0.03632,7.415267,7.889112,20.855651,27.681329,2.377693,3.010501,152.384372,0.79234,0.017849,0.169873,1.648635,1.764047,-5.421262,0.891114,-8356800,45.525332,-14674313792.327469,-4.971585,60.792162,-3.133536,-1.230107,0,0.144794,3.15696,0.412157,0.017849,1.121508
09-19-24,189.509995,189.770004,188.25,184.76944,1250800,181.462725,178.084527,168.978922,0.315226,0.135502,0.106104,TRUE,TRUE,9.105605,0.210936,15.555582,19.080788,66.42991,3.409372,1.557468,0.157286,8.188463,8.033188,22.391114,46.802556,2.870822,3.005991,166.957971,0.793195,0.018176,0.175587,2.020156,2.344563,-5.421262,0.79134,-7106000,13.905837,-14681292845.735088,-4.88673,60.35811,-3.764454,-1.415876,0,0.175538,3.833161,0.419031,0.018176,1.980567
09-20-24,188.539993,188.789993,187.779999,184.222549,1111600,181.713708,178.301329,169.133283,0.313394,0.138992,0.106595,TRUE,TRUE,9.168047,0.212081,2.171016,18.974083,63.855575,0.784997,1.621673,0.177193,7.880598,7.013523,22.494641,40.984581,2.801101,2.934552,168.916655,0.791924,0.018196,0.176521,2.017879,2.38879,-5.421262,0.701537,-8217600,7.567254,-14690235103.546574,-4.935384,51.744615,-4.172064,-2.270454,0,0.177681,3.888274,0.420144,0.018196,1.485254
09-23-24,189.190002,189.639999,188.880005,185.062393,1352500,181.891446,178.512857,169.297909,0.308453,0.142629,0.107078,TRUE,TRUE,9.214948,0.213874,26.736852,19.26911,66.032521,4.486819,1.720492,0.220809,7.481138,8.106117,24.896302,49.91908,1.958465,2.977489,184.607404,0.792843,0.01828,0.17763,2.094669,2.532408,-5.421262,0.856251,-6865100,-6.833368,-14705175385.484856,-5.247083,59.971487,-3.257236,-1.945483,0,0.185666,4.060181,0.421462,0.01828,1.717671
09-24-24,189.770004,190.009995,189.190002,185.150284,948600,182.061858,178.713642,169.464515,0.30056,0.146426,0.107557,TRUE,TRUE,9.249127,0.215235,27.903283,19.710196,66.261534,-0.168376,1.785318,0.228508,8.324752,8.286683,25.498534,49.58806,1.875322,2.956127,198.37324,0.792905,0.018271,0.177449,2.069241,2.519348,-5.421262,0.608461,-5916500,-30.224347,-14715470605.414516,-5.298828,65.448676,-2.713339,-1.92702,0,0.184868,4.042032,0.421247,0.018271,1.556876
09-25-24,188.710007,188.960007,187.059998,183.90625,1931000,182.168604,178.829389,169.622686,0.28806,0.150287,0.108031,TRUE,TRUE,9.206703,0.2119,29.724122,18.697691,60.086384,-3.76919,1.716523,0.127771,8.047584,7.638703,24.292593,36.683144,1.174499,2.935989,202.430214,0.793511,0.028164,0.214568,1.945484,2.505519,-5.421262,1.202849,-7847500,92.292372,-14723811981.405329,-4.99823,64.418822,-2.776267,-2.59324,0,0.168005,3.756253,0.463215,0.028164,0.858393
09-26-24,188.110001,188.809998,188.080002,185.182693,1203300,182.355774,178.962852,169.784159,0.27161,0.154233,0.108499,TRUE,TRUE,9.178694,0.210971,55.957021,17.757508,63.812829,-2.219691,1.744887,0.124908,8.77878,6.631369,26.758809,49.92426,2.063174,2.898969,212.392836,0.796083,0.028269,0.214389,1.690464,2.597736,-5.421262,0.742787,-6644200,32.114625,-14734566929.464525,-5.143839,74.036626,-1.887033,-3.125854,0,0.176827,3.970338,0.463022,0.028269,1.330986
09-27-24,189.160004,190.369995,189.070007,185.860199,1669900,182.529944,179.144046,169.943001,0.253145,0.158234,0.108964,TRUE,TRUE,9.201045,0.210323,51.572907,17.686039,65.646176,-0.615358,1.801271,0.145033,9.082903,6.680891,27.197403,54.902039,1.910001,2.822734,226.395336,0.796364,0.028358,0.215404,1.794301,2.716456,-5.082072,1.026569,-4974300,8.724526,-14744483151.456167,-5.257116,73.871014,-1.795845,-2.695829,0,0.183785,4.127281,0.464116,0.028358,1.470991
09-30-24,189.179993,189.960007,188.139999,186.360962,1050600,182.65249,179.358693,170.104443,0.235655,0.16229,0.109424,TRUE,TRUE,9.25425,0.209183,58.436924,17.028693,66.977855,6.89147,1.864866,0.166903,10.077125,7.490432,26.89628,59.909668,1.332678,2.789889,240.455608,0.795511,0.028396,0.216432,1.772338,2.858664,-5.082072,0.689386,-3923700,-66.163161,-14747587651.731159,-5.392878,74.129643,,-1.879318,0,0.190543,4.285946,0.465222,0.028396,1.542269
10-01-24,189.490005,189.710007,188.259995,185.634354,1734200,182.853942,179.540253,170.248773,0.222304,0.166348,0.10988,TRUE,TRUE,9.29148,0.206258,51.696061,16.4183,63.152534,-0.660296,1.835476,0.11001,9.21953,7.748411,26.992633,36.942145,2.218568,2.764202,247.980462,0.79865,0.028315,0.213558,1.481131,2.680139,-5.082072,1.153189,-5657900,-18.845056,-14755602331.817028,-5.452138,71.689964,-1.50709,-2.429058,0,0.181895,4.068319,0.462123,0.028315,1.121222
10-02-24,189.029999,189.449997,188.179993,185.614716,1855900,183.057831,179.735678,170.382076,0.212515,0.170328,0.110333,TRUE,TRUE,9.353602,0.202378,47.868517,15.797109,63.047727,-2.598449,1.789966,0.0516,9.201692,7.639772,28.417169,9.595352,2.24625,2.708718,253.289054,0.798627,0.028311,0.213513,1.208712,2.682422,-5.082072,1.211395,-7513800,43.66775,-14764955683.396368,-5.429505,63.66733,0.020973,-2.409057,0,0.181885,4.06808,0.462074,0.028311,1.009473
10-03-24,188.529999,188.699997,187.470001,184.829224,1969500,183.293735,179.939612,170.516459,0.206639,0.174165,0.110779,TRUE,TRUE,9.423154,0.199067,29.161904,14.736503,58.841345,-8.136509,1.671251,-0.053692,8.902264,8.246699,29.268709,-49.750704,2.619537,2.60239,246.274363,0.79503,0.028012,0.210971,1.041718,2.238081,-5.082072,1.271199,-9483300,21.297038,-14775382141.974194,-5.508941,56.113744,-0.794803,-1.893358,0,0.159028,3.568973,0.459316,0.028012,0.623487
10-04-24,189.190002,189.779999,188.259995,186.184204,949600,183.686745,180.156779,170.656798,0.20357,0.177919,0.11122,TRUE,TRUE,9.499981,0.200431,28.807856,14.412335,63.38006,0.227526,1.667285,-0.046126,9.574518,8.293782,29.9713,-26.078344,4.407819,2.542053,224.551579,0.788835,0.027933,0.213203,0.940079,2.132935,-5.082072,0.643116,-8533700,-60.513951,-14778925380.169245,-5.611034,50.499884,-0.833124,-1.642035,0,0.152663,3.458731,0.461739,0.027933,1.112199
10-07-24,189.300003,189.320007,187.669998,184.927399,933900,183.927557,180.300175,170.783728,0.202171,0.181487,0.111653,TRUE,TRUE,9.516447,0.200894,14.615403,13.701412,57.091348,-5.956379,1.544919,-0.134794,8.853613,7.39869,29.372193,-64.429017,2.674045,2.467874,209.509422,0.792495,0.027719,0.20811,0.852322,1.685227,-5.082072,0.65276,-9467600,-49.551642,-14782963885.562504,-5.654237,45.372524,-1.64059,-2.326867,0,0.13047,2.933903,0.456191,0.027719,0.47723
10-08-24,188.639999,188.770004,187.830002,185.123764,792400,184.195767,180.449062,170.92499,0.203262,0.184811,0.112082,TRUE,TRUE,9.524071,0.202158,19.437901,13.04127,57.795952,-1.045394,1.447107,-0.186085,7.945346,7.342945,28.54843,-58.496524,2.984095,2.369898,186.405069,0.791771,0.027673,0.207819,0.71663,1.602558,-5.082072,0.560963,-8675200,-31.387999,-14788318875.47225,-5.758251,39.398661,-0.855214,-1.837964,0,0.126318,2.842899,0.455872,0.027673,0.497839
10-09-24,188.330002,190.080002,188.110001,186.439514,1353800,184.540996,180.60356,171.064793,0.20655,0.187957,0.112506,TRUE,TRUE,9.538767,0.210121,15.422227,13.235219,62.267046,-1.113014,1.458943,-0.139399,7.53079,9.670834,28.465782,-18.745736,3.845809,2.280386,157.189918,0.767098,0.027387,0.217197,0.71412,1.3068,-5.082072,0.949758,-7321400,23.420549,-14791968617.761532,-5.778494,39.743878,-1.213109,-1.04309,0,0.108987,2.549108,0.466044,0.027387,1.207786
10-10-24,189.710007,189.809998,188.779999,185.830719,1043500,184.815257,180.738264,171.198453,0.210983,0.190869,0.112927,TRUE,TRUE,9.539811,0.217285,14.766157,13.415315,59.144857,2.053509,1.403025,-0.156254,6.501779,9.46931,27.076746,-37.138353,3.041503,2.26287,124.611683,0.768641,0.027294,0.214969,0.645434,1.116288,-5.082072,0.739203,-8364900,-20.869038,-14798987995.631817,-5.915656,39.873131,-1.871844,-2.045187,0,0.099249,2.313791,0.463647,0.027294,0.814902
10-11-24,189.720001,191.589996,189.720001,187.931961,1464900,185.120847,180.95269,171.338067,0.216406,0.193668,0.11335,TRUE,TRUE,9.614623,0.22459,23.613347,14.527693,65.56308,7.767128,1.510846,-0.038746,7.321605,12.440238,28.623733,19.248648,3.361463,2.250561,122.213733,0.768611,0.027629,0.22005,1.312276,1.835118,-5.082072,1.02611,-6900000,27.883021,-14803254293.355232,-5.7661,40.277558,-1.435834,-0.874834,0,0.134587,3.145519,0.469095,0.027629,2.300162
10-14-24,191.529999,192.809998,191.100006,189.178955,1009400,185.418473,181.252603,171.482754,0.223269,0.19638,0.113775,TRUE,TRUE,9.76985,0.231335,30.264782,16.087576,68.705137,6.438091,1.677579,0.102389,6.209368,13.989023,30.822052,36.851435,3.24872,2.2331,144.161118,0.765228,0.011348,0.073466,1.845639,2.301816,-5.082072,0.773854,-5890600,-70.946666,-14806531668.319984,-5.52607,40.518452,106.209368,113.989023,,0.151358,3.258648,0.271046,0.011348,2.608527
10-15-24,192.320007,193.449997,191.690002,188.413071,1122100,185.676828,181.62099,171.622449,0.229895,0.198961,0.114201,TRUE,TRUE,9.998541,0.237644,35.118264,17.788022,64.794806,5.649949,1.727996,0.122245,5.547902,14.14301,30.309776,15.770404,2.819761,2.259666,149.383857,0.766412,0.011271,0.072778,1.692105,1.976143,-5.082072,0.858229,-7012700,5.808581,-14811832241.73753,-5.49154,48.522641,-2.465835,-0.432565,0,0.144759,3.096365,0.269775,0.011271,1.831686
10-16-24,192.229996,193.600006,192.089996,189.895706,1441700,186.025918,181.990513,171.771737,0.237817,0.201563,0.11463,TRUE,TRUE,10.218777,0.244516,36.144234,19.426258,68.528952,2.965873,1.866077,0.208261,7.406775,15.244941,29.916372,39.571012,3.816985,2.252675,162.428061,0.768263,0.011478,0.075105,1.925651,2.381435,-5.082072,1.100988,-5571000,2.853678,-14817463991.626373,-5.466001,49.281638,-1.758609,0.15604,0,0.165788,3.541452,0.274054,0.011478,2.382463
10-17-24,193.580002,193.679993,192.990005,189.679703,3347800,186.271431,182.369975,171.917136,0.246068,0.204095,0.11506,TRUE,TRUE,10.452839,0.248201,30.366646,20.980767,67.407188,-1.297949,1.935764,0.222358,8.000454,14.998446,29.223828,35.583004,2.657508,2.202407,178.728456,0.76142,0.011533,0.077264,1.840238,2.602603,-5.082072,2.367091,-8918800,167.652702,-14852934798.46863,-6.068046,53.66809,-1.934888,-0.519841,0,0.175627,3.790389,0.277964,0.011533,1.906955
10-18-24,193.25,193.770004,192.600006,190.14119,1203200,186.567363,182.700656,172.072105,0.255278,0.206597,0.115495,TRUE,TRUE,10.628551,0.252981,30.148527,22.024395,68.590166,3.79536,2.005115,0.233368,7.694327,14.615812,31.295153,42.399795,3.212766,2.196704,191.557243,0.760801,0.011509,0.077075,1.877308,2.551252,-5.082072,0.847987,-7715600,8.240374,-14859195182.531647,-5.953953,59.232393,-1.878402,-0.726129,0,0.1728,3.732132,0.277623,0.011509,1.86567
10-21-24,193.380005,193.699997,191.610001,188.432724,1055500,186.73588,182.993653,172.219744,0.262403,0.209059,0.11593,TRUE,TRUE,10.773909,0.258258,20.697182,22.046393,59.919462,-8.60949,1.900312,0.102852,7.159359,12.641515,31.399594,15.281307,1.821186,2.224573,192.443591,0.754403,0.011096,0.072903,1.78344,1.771349,-5.082072,0.751759,-8771100,-21.959335,-14863459889.555082,-5.636752,61.212264,-2.329728,-1.730954,0,0.13231,2.87664,0.270005,0.011096,0.881736
10-22-24,191.210007,191.649994,190.419998,187.853409,1116400,186.871036,183.290103,172.362112,0.266865,0.211388,0.116365,TRUE,TRUE,10.927991,0.261861,15.899567,21.085006,57.275503,-10.131684,1.750333,-0.037702,7.570699,11.208859,32.37325,6.085832,1.459963,2.208681,190.200769,0.756021,0.011054,0.072034,1.69684,1.675353,-5.082072,0.790411,-9887500,17.689226,-14869235395.74918,-5.443271,63.549212,-2.506431,-2.294629,0,0.127632,2.767644,0.268392,0.011054,0.516493
10-23-24,190.839996,191.440002,189.949997,187.499939,1911500,187.05072,183.546085,172.496903,0.268347,0.213417,0.1168,TRUE,TRUE,11.049182,0.266073,19.56827,19.838516,55.661646,-12.928519,1.584683,-0.162681,6.943674,11.02518,33.172287,-2.787853,1.954087,2.231942,177.252223,0.754153,0.010925,0.070715,1.568315,1.409099,-5.082072,1.354276,-11799000,-1.009839,-14877433162.285448,-5.441944,63.652906,-2.665464,-2.744342,0,0.114066,2.478246,0.265923,0.010925,0.253435
10-24-24,191.199997,191.300003,190.020004,187.087555,1047700,187.145963,183.780537,172.63428,0.266804,0.215163,0.117237,TRUE,TRUE,11.146257,0.269766,7.109865,18.681061,53.758478,-6.160984,1.403945,-0.274735,5.248705,11.049623,32.0486,-9.54824,1.028639,2.192928,171.717752,0.754956,0.010849,0.069565,1.527904,1.255833,-5.082072,0.746398,-12846700,-12.931106,-14883281378.073542,-5.297325,58.318609,-3.321231,-2.594143,0,0.106589,2.311979,0.263751,0.010849,-0.034014
10-25-24,191.350006,191.539993,189.119995,185.840561,1386600,187.144981,183.946299,172.765568,0.260793,0.21659,0.117673,TRUE,TRUE,11.180731,0.267776,7.192641,17.767988,48.372474,-8.90303,1.146867,-0.425451,4.593169,10.40505,32.310392,-33.492258,-0.010566,2.258248,171.795687,0.746784,0.010832,0.070914,1.47066,1.406287,-5.082072,0.997906,-14233300,-16.965088,-14888426049.898355,-5.179628,56.938495,-3.693852,-2.370553,0,0.112949,2.479089,0.266297,0.010832,-0.759286
10-28-24,189.759995,190.639999,189.759995,186.950073,950700,187.174437,184.123899,172.905357,0.250199,0.217711,0.118108,TRUE,TRUE,11.218542,0.261994,13.41993,16.920135,52.894602,-2.767045,1.02089,-0.441142,4.608162,10.55312,33.255575,-20.493403,0.316113,2.281404,170.883294,0.711582,0.011034,0.081261,1.366256,2.333028,-5.082072,0.686666,-13282600,-9.508852,-14895448061.997814,-5.339791,61.309486,-3.916868,-2.762735,0,0.152868,3.544414,0.285063,0.011034,-0.131296
10-29-24,189.669998,190.199997,189.119995,185.919098,1948000,187.188674,184.25373,173.04033,0.236188,0.218488,0.118541,TRUE,TRUE,11.2134,0.246712,-3.90581,16.606766,48.631912,-5.126566,0.828314,-0.506975,3.810039,11.449961,34.383714,-57.33262,0.15339,2.2285,169.646779,0.636324,-0.003557,0.005412,1.395753,3.37973,-5.082072,1.396211,-15230600,12.328451,-14908942982.751144,-5.495273,52.829741,-3.300964,-3.050534,0,0.143689,3.592222,-0.073564,-0.003557,-0.748364
10-30-24,188.910004,190.220001,188.759995,185.703094,976500,187.193093,184.394477,173.179937,0.218942,0.218932,0.118971,TRUE,TRUE,11.214539,0.232608,-0.986938,16.571697,47.763422,-0.609052,0.650764,-0.54762,4.792271,11.496033,32.932403,-61.01585,0.047614,2.26688,169.226206,0.630758,-0.003592,0.005504,1.403633,3.009005,-5.082072,0.722672,-16207100,-47.384019,-14914008591.171658,-5.515432,53.003632,-3.915027,-2.785398,0,0.139222,3.50587,-0.074186,-0.003592,-0.880477
10-31-24,188.789993,189.270004,187.600006,184.279358,1918400,187.1656,184.487802,173.317656,0.198809,0.218958,0.119395,FALSE,TRUE,11.170147,0.214167,-29.807775,17.284808,42.389894,-10.504707,0.390668,-0.646173,5.796242,10.081878,30.715007,-53.819274,-0.297499,2.199415,173.657441,0.637544,-0.003528,0.005194,1.597695,2.831406,-5.082072,1.422428,-18125500,-2.594567,-14923556139.050501,-5.493297,44.744625,-3.675414,-2.122365,0,0.133299,3.319561,-0.072072,-0.003528,-1.662032
11-01-24,188.720001,189.470001,187.660004,184.348083,1732400,187.073794,184.590706,173.453151,0.177748,0.21863,0.119813,FALSE,TRUE,11.137555,0.200001,-43.617276,17.742816,42.724863,-5.90705,0.187919,-0.679137,8.44405,9.474132,30.132708,-52.705406,-0.986185,2.210708,183.682817,0.603385,-0.004048,0.00763,1.788122,2.263018,-5.082072,1.248289,-16393100,82.434709,-14931628404.503206,-5.501543,46.552668,,-2.36198,0,0.104252,2.746606,-0.087348,-0.004048,-1.483922
11-04-24,187.949997,188.449997,186.949997,184.151718,1926500,187.03501,184.643588,173.580837,0.154842,0.217938,0.120224,FALSE,TRUE,11.062751,0.185214,-40.56085,18.60132,41.973905,-5.789517,0.011264,-0.684634,7.427485,8.511319,27.447418,-41.030437,-0.419451,2.206505,189.18975,0.603985,-0.004081,0.007738,1.961411,2.169761,-5.082072,1.340221,-18319600,106.28547,-14940742750.00288,-5.488151,39.776666,-3.656175,-1.769378,0,0.100655,2.649092,-0.087964,-0.004081,-1.524021
11-05-24,187.619995,189.619995,187.240005,186.125305,995400,187.085087,184.731253,173.715388,0.132213,0.21702,0.120629,TRUE,TRUE,11.015865,0.171811,-34.285647,18.252714,51.248571,8.858677,0.030168,-0.532584,9.032262,9.423411,27.320108,-12.092242,0.541012,2.193905,185.146876,0.612726,-0.003775,0.006437,2.040728,2.788427,-5.082072,0.687621,-17324200,25.618375,-14942670568.098087,-5.331296,38.448095,-2.853338,-1.356086,0,0.126645,3.284835,-0.080231,-0.003775,-0.518389
11-06-24,194.710007,195.160004,193.089996,191.280167,3381000,187.327119,184.92143,173.874164,0.114148,0.216179,0.121033,TRUE,TRUE,11.047265,0.168962,10.043145,19.109551,66.368904,23.644041,0.455849,-0.085522,10.179911,12.338314,31.478455,52.742584,2.596366,2.330844,206.653957,0.693671,-0.003277,0.003779,2.559828,3.151276,-5.082072,2.182755,-13943200,149.741468,-14951963657.571772,-5.164596,38.59836,-1.141184,0.099155,0,0.158004,3.612142,-0.061476,-0.003277,1.912882
11-07-24,194.979996,195.139999,193.919998,190.818695,1481300,187.576518,185.109018,174.033974,0.099786,0.215358,0.121435,TRUE,TRUE,11.075044,0.165561,4.25145,19.905186,64.442019,22.468114,0.747352,0.164785,9.802929,11.064826,31.76298,47.121741,2.68415,2.327853,217.460245,0.694869,-0.003417,0.004094,2.55569,2.909254,-5.082072,0.942993,-15424500,41.954959,-14960976032.467337,-5.156063,39.416426,-1.922516,-1.416146,0,0.147265,3.360598,-0.063986,-0.003417,1.490929
11-08-24,194.559998,195.850006,194.279999,191.810394,1729500,187.77044,185.29769,174.190608,0.088868,0.214575,0.121835,TRUE,TRUE,11.107082,0.166634,22.193626,20.914753,66.68077,15.432199,1.046331,0.371011,10.853271,11.477954,32.854056,54.61115,2.063743,2.370653,237.19443,0.68149,-0.003689,0.004956,2.760312,2.68384,-5.082072,1.091801,-13695000,18.062666,-14968146501.949902,-5.204668,46.040297,-0.337375,-1.091954,0,0.134419,3.128932,-0.0704,-0.003689,1.703225
11-11-24,196.039993,197.210007,196.039993,192.88063,1210800,187.955524,185.477102,174.352205,0.081309,0.213867,0.122232,TRUE,TRUE,11.124897,0.169547,32.000093,22.327146,68.952612,2.583708,1.354025,0.542964,10.406224,12.220501,34.673076,57.803391,1.956706,2.438316,261.917311,0.683419,-0.003638,0.004794,3.171243,2.779421,-5.082072,0.759527,-12484200,19.952447,-14975896297.792255,-5.312067,51.286833,-0.013702,-0.952422,0,0.139025,3.226926,-0.069236,-0.003638,1.880405
11-12-24,196.270004,196.369995,194.479996,191.456909,2138400,188.107716,185.674134,174.502762,0.076188,0.213169,0.122628,TRUE,TRUE,11.171372,0.171604,23.581083,22.525872,62.816582,-1.625437,1.466092,0.524025,9.176282,10.940092,32.30922,43.926978,1.615513,2.452821,273.311458,0.687535,-0.003953,0.005586,3.088662,2.185384,-5.082072,1.299967,-14622600,90.57125,-14984875512.989691,-5.259786,50.66632,-1.359667,-3.077042,0,0.113134,2.609852,-0.074742,-0.003953,1.225413
11-13-24,195.220001,195.860001,194.789993,191.604202,2062100,188.19314,185.875479,174.651633,0.074144,0.212422,0.123019,TRUE,TRUE,11.223845,0.171942,27.348456,22.710404,63.181624,-3.499146,1.548936,0.485495,7.914117,10.193205,32.463879,45.362582,0.899702,2.473416,281.734246,0.683959,-0.003896,0.005488,2.987772,2.390792,-5.082072,1.230381,-12560500,43.032531,-14999216818.009371,-5.422269,48.419366,-1.631644,-4.202883,0,0.121774,2.824307,-0.074078,-0.003896,1.210737
11-14-24,195.460007,195.660004,193.699997,190.308136,1805900,188.224562,186.079419,174.802499,0.073166,0.211622,0.123406,TRUE,TRUE,11.27692,0.171042,26.971181,22.145899,57.804101,-11.148511,1.4928,0.343488,6.872614,9.570421,28.731551,32.730369,0.331313,2.475374,283.822169,0.689378,-0.004112,0.006011,2.846445,1.90891,-5.082072,1.129471,-14366400,-46.057112,-15007273065.692144,-4.826419,47.509543,-2.780478,-4.968,0,0.100982,2.323216,-0.07753,-0.004112,0.734112
11-15-24,193.320007,193.970001,192.690002,189.552063,4368700,188.195106,186.30398,174.941933,0.073503,0.210764,0.123787,TRUE,TRUE,11.362047,0.167613,16.050949,20.99905,54.870175,-7.946407,1.371494,0.177745,5.642692,8.836425,27.538979,25.361243,-0.309836,2.44238,282.028357,0.691079,-0.004116,0.005994,2.763998,1.839539,-5.082072,2.486221,-18735100,263.090093,-15033061655.008598,-4.947358,38.198135,-3.071411,-4.17795,0,0.098087,2.250882,-0.077418,-0.004116,0.481142
11-18-24,193.25,194.300003,192.949997,190.416107,2345100,188.294275,186.510079,175.086462,0.07547,0.209883,0.124163,TRUE,TRUE,11.423617,0.168932,28.02943,20.108673,57.523532,-5.658092,1.329751,0.108801,6.576704,9.712451,28.545053,33.782719,1.052568,2.487491,286.361644,0.674969,-0.004358,0.00704,2.612629,1.557996,-5.082072,1.287353,-16390000,122.179062,-15044210011.357357,-4.961179,45.992158,-2.741681,,0,0.083584,1.964791,-0.083904,-0.004358,0.740962
11-19-24,192.720001,193.740005,192.039993,189.758255,1911500,188.389517,186.710053,175.235256,0.078588,0.20894,0.124533,TRUE,TRUE,11.474796,0.169075,24.597999,18.725777,54.878033,-2.926068,1.229414,0.006771,5.648357,9.174324,27.446534,27.37091,1.014007,2.459338,287.9813,0.677186,-0.004438,0.00725,2.454363,1.36746,-5.082072,1.026915,-18301500,71.219993,-15051252701.247135,-4.889258,44.479765,-3.41407,-4.1377,0,0.075399,1.766479,-0.085146,-0.004438,0.475287
11-20-24,193.570007,194.089996,192.639999,190.406296,1280900,188.534835,186.92748,175.382497,0.084336,0.208017,0.124898,TRUE,TRUE,11.544983,0.169884,39.000149,17.64622,56.977073,2.106898,1.188487,-0.027324,6.251796,9.891561,27.428558,33.687091,1.550057,2.47966,290.577317,0.678016,-0.004389,0.007075,2.17279,1.492757,-5.082072,0.699995,-17020600,-32.989799,-15056480024.667847,-4.892338,49.9188,-3.090397,-3.860652,0,0.081021,1.895866,-0.084115,-0.004389,0.644049
11-21-24,194.559998,196.619995,194.059998,192.556595,1873700,188.808287,187.171702,175.538358,0.093262,0.207183,0.12526,TRUE,TRUE,11.633344,0.173176,46.136977,17.906623,63.109453,5.585921,1.314412,0.078881,6.087328,12.759448,29.042239,54.645152,2.923252,2.489919,301.759096,0.690455,-0.004042,0.005794,1.823516,1.968609,-5.082072,1.001352,-15146900,78.839362,-15060554449.936665,-4.736958,50.284017,-3.768524,-3.35796,0,0.103923,2.38699,-0.076121,-0.004042,1.242152
11-22-24,196.369995,197.869995,196.369995,194.127625,1773300,189.22264,187.417851,175.700912,0.105592,0.206511,0.125619,TRUE,TRUE,11.716939,0.180015,52.049271,18.648322,66.829523,11.95149,1.523417,0.230308,6.814928,13.048368,29.543395,64.794221,4.459233,2.514345,315.449079,0.694572,-0.003995,0.005592,1.888813,2.070898,-5.082072,0.938003,-13373600,27.88836,-15067629610.996235,-4.739569,56.738249,-3.046271,-2.849165,0,0.109055,2.489845,-0.074779,-0.003995,1.554921
11-25-24,198.839996,199.979996,198.729996,195.561172,2168100,189.653195,187.664546,175.870101,0.121414,0.206083,0.125978,TRUE,TRUE,11.794445,0.191149,50.659013,20.04977,69.82017,12.843097,1.784163,0.392843,7.586358,14.603763,30.057148,44.347331,4.606096,2.509943,340.564786,0.692864,-0.004056,0.005791,2.186957,2.036964,-5.082072,1.111063,-11205500,128.053014,-15080790232.070454,-4.749015,58.573365,-2.610548,-1.691159,0,0.107187,2.453451,-0.076098,-0.004056,1.734759
11-26-24,199.149994,199.369995,198.160004,195.512085,1935800,190.132845,187.909868,176.033815,0.140585,0.205889,0.126339,TRUE,TRUE,11.876053,0.197649,31.300101,20.966871,69.588806,6.479353,1.964203,0.458307,7.756203,15.882915,30.333276,43.729101,5.159764,2.31965,352.548725,0.669825,-0.003992,0.006014,2.107257,2.592106,-5.082072,0.992329,-13141300,-0.626283,-15091198556.401459,-4.671387,49.49707,-2.968359,-2.480356,0,0.128166,3.037142,-0.077553,-0.003992,1.525815
11-27-24,199.690002,200.399994,199.229996,195.70845,1672000,190.633112,188.165759,176.210811,0.162546,0.205941,0.126698,TRUE,TRUE,11.954948,0.203582,36.888902,22.155855,70.016833,3.187311,2.09854,0.474115,7.309948,15.380655,30.564768,43.881062,5.387824,2.354845,357.337731,0.669493,-0.003972,0.00596,2.067427,2.647962,-5.082072,0.842088,-11469300,71.223758,-15102935570.316975,-4.757572,49.914956,-3.312167,-2.236556,0,0.130562,3.095534,-0.077204,-0.003972,1.42032
11-29-24,199.630005,200.419998,199.559998,196.169937,1001300,191.227641,188.393769,176.383625,0.187393,0.206185,0.127056,TRUE,TRUE,12.010144,0.207067,34.259283,23.266462,71.048153,1.227983,2.216689,0.473811,6.66625,13.837897,30.487045,49.283311,6.452475,2.337662,344.75653,0.658785,-0.003828,0.005727,2.187122,3.101128,-5.082072,0.516218,-10468000,-47.805463,-15111830975.187365,-4.853232,48.639238,-4.077305,-3.315222,0,0.148141,3.570962,-0.075675,-0.003828,1.433561
12-02-24,199.770004,199.970001,198.179993,195.011337,3281600,191.760804,188.609545,176.540041,0.212298,0.206478,0.127411,TRUE,TRUE,12.069503,0.204732,16.6286,23.32935,65.002989,-4.585817,2.191571,0.358954,7.381954,13.90496,28.604453,35.457545,5.784304,2.292963,313.831344,0.649006,-0.003847,0.005964,2.14653,3.311585,-5.082072,1.626854,-13749600,89.425075,-15126730686.816381,-4.8361,41.06643,-4.230318,-3.902826,0,0.154962,3.793398,-0.077226,-0.003847,1.035758
12-03-24,199,199.179993,197.550003,194.019638,1808900,192.2542,188.78869,176.693775,0.236592,0.206721,0.127765,TRUE,TRUE,12.094914,0.202873,20.698074,22.978346,60.275532,-9.741301,2.067806,0.188152,6.876119,13.778217,26.560244,23.623432,5.358582,2.329691,261.036966,0.644725,-0.00419,0.007157,2.069087,2.713622,-5.082072,0.899384,-15558500,-6.104334,-15136375314.279568,-4.863421,41.489574,-4.764963,-4.698468,0,0.128758,3.173221,-0.0846,-0.00419,0.676317
12-04-24,197.720001,197.770004,196.610001,193.793793,2112000,192.637624,188.96156,176.847445,0.259305,0.206875,0.128117,TRUE,TRUE,12.114114,0.199275,17.572905,22.068268,59.219267,-11.828887,1.929258,0.039683,7.59678,13.129512,26.3732,20.928382,4.120067,2.308348,219.249047,0.64414,-0.004188,0.007165,1.999748,2.748454,-5.082072,1.021724,-17670500,112.17601,-15148742163.033876,-4.98457,41.389218,-4.26812,-4.602937,0,0.130118,3.20981,-0.084646,-0.004188,0.527331
12-05-24,197.330002,197.669998,196.5,193.027924,1737500,192.725012,189.143993,176.993509,0.278738,0.206758,0.128469,TRUE,TRUE,12.150484,0.19326,22.79819,21.155256,55.657358,-9.345631,1.737629,-0.121557,8.245619,12.868291,26.877551,11.789137,0.913716,2.310861,217.025567,0.646873,-0.004216,0.007194,1.882673,2.62631,-5.082072,0.87535,-19408000,-48.609879,-15160792042.887026,-5.260373,41.453318,-4.665537,-4.694826,0,0.125444,3.081014,-0.084819,-0.004216,0.139574
12-06-24,196.960007,197.179993,195.729996,192.370056,2104900,192.80258,189.28774,177.129698,0.295101,0.206316,0.128818,TRUE,TRUE,12.158043,0.186791,23.817446,19.830721,52.723799,-7.551734,1.51521,-0.275181,6.806303,12.707979,26.701715,3.938695,0.813003,2.336965,212.580383,0.648137,-0.004379,0.007725,1.731921,2.297766,-5.082072,1.044045,-21512900,42.098157,-15172651910.744581,-5.249637,44.811001,-4.803988,-6.003074,0,0.111697,2.737917,-0.087893,-0.004379,-0.203464
12-09-24,196.199997,196.440002,194.619995,191.17215,2101700,192.770668,189.393979,177.25767,0.30621,0.205575,0.129162,TRUE,TRUE,12.13631,0.18019,6.214645,18.862415,47.784878,-11.434389,1.228124,-0.449814,6.348804,11.719638,25.546499,-10.356123,-0.332748,2.326276,214.61753,0.648145,-0.00461,0.008549,1.687801,1.709769,-5.082072,1.032924,-23614600,21.520671,-15182716586.172998,-5.272744,36.576067,-5.324201,-6.472445,0,0.086885,2.129503,-0.09246,-0.00461,-0.744822
12-10-24,194.699997,194.779999,193.259995,190.288452,2287100,192.641059,189.472529,177.385,0.310872,0.204561,0.129502,TRUE,TRUE,12.087529,0.174003,4.278771,18.649805,44.475038,-11.182321,0.918708,-0.607383,5.989647,11.944934,24.462485,-30.225548,-1.343929,2.347738,221.631076,0.645547,-0.004827,0.009439,1.651573,1.210199,-5.082072,1.095079,-25901700,88.891642,-15193946048.574244,-5.220185,36.066038,-4.273794,-6.751944,0,0.065523,1.612529,-0.097157,-0.004827,-1.061497
12-11-24,194.399994,194.399994,193.369995,189.895706,2738900,192.562999,189.557756,177.508091,0.309775,0.20322,0.129838,TRUE,TRUE,12.049666,0.166814,-4.207215,18.452381,43.047914,-9.675884,0.634489,-0.713282,5.295503,11.528073,23.235503,-46.987243,-0.815433,2.344311,228.659156,0.646465,-0.004879,0.009617,1.685758,1.119648,-5.082072,1.292818,-28640600,28.081743,-15215162116.062614,-5.435005,29.857283,-4.502506,-7.546452,0,0.061836,1.519631,-0.098064,-0.004879,-1.166493
12-12-24,193.470001,193.649994,192.529999,189.080765,1924400,192.436827,189.627077,177.626671,0.301525,0.201559,0.130169,FALSE,TRUE,12.000407,0.157356,-32.181557,18.680203,40.167721,-7.617157,0.33957,-0.806561,3.993298,11.426527,22.721947,-43.716531,-1.317005,2.261507,240.864447,0.648831,-0.004877,0.009536,1.879431,1.014462,-5.082072,0.911319,-30565000,-6.677659,-15228939614.035366,-5.439376,23.333889,-4.337377,-7.929128,0,0.057583,1.409749,-0.097652,-0.004877,-1.393341
12-13-24,192.679993,192.679993,191.649994,188.550537,2263100,192.348947,189.701504,177.74013,0.286134,0.199623,0.130495,FALSE,TRUE,11.961373,0.149831,-57.142946,19.292898,38.368972,-6.106065,0.062341,-0.867032,2.905747,11.737824,20.273281,-35.341565,-0.923554,2.202928,251.989203,0.637899,-0.005182,0.011127,2.128948,0.494794,-5.082072,1.060236,-32828100,25.317016,-15244822886.788767,-5.564466,16.875821,-4.286758,-7.344762,0,0.035022,0.872567,-0.105487,-0.005182,-1.50737
12-16-24,192.070007,192.520004,190.880005,187.617752,8236400,192.252232,189.730175,177.844616,0.262694,0.197348,0.130816,FALSE,TRUE,11.885558,0.13964,-85.790187,20.190535,35.368347,-7.679568,-0.229982,-0.927484,2.385744,10.602545,18.032704,-34.195546,-1.020464,2.142196,266.578545,0.640163,-0.00519,0.011078,2.425512,0.410911,-5.082072,3.538109,-41064500,88.532058,-15285826639.257622,-5.429011,7.77312,-4.598054,-8.132883,0,0.0316,0.78444,-0.10525,-0.00519,-1.738504
12-17-24,189.279999,189.610001,188.399994,186.30513,3756300,192.046683,189.757729,177.939779,0.231783,0.19457,0.13113,FALSE,TRUE,11.817951,0.128532,-87.496465,21.899885,31.620798,-8.546923,-0.5611,-1.006881,1.853998,9.406743,17.94994,-17.428146,-2.158944,2.087642,295.735913,0.644574,-0.005383,0.011746,2.771525,-0.066198,-5.082072,1.566123,-44820800,60.176538,-15302589374.917593,-5.386337,7.421095,-5.490336,-9.261133,0,0.011688,0.28813,-0.108377,-0.005383,-1.941446
12-18-24,188.899994,189.279999,183.639999,181.380295,4518900,191.627785,189.68286,178.013126,0.190749,0.191072,0.131434,FALSE,TRUE,11.669734,0.10943,-93.948162,24.569224,22.141498,-16.227474,-1.206992,-1.322219,-1.834256,6.20401,14.713171,-13.466655,-4.41507,2.173944,377.804535,0.730089,-0.00522,0.008584,3.425984,-1.033598,-7.539199,1.786946,-49339700,136.405964,-15310729331.71763,-5.130349,2.599141,-5.566274,-9.92701,0,-0.033864,-0.734847,-0.092649,-0.00522,-2.712379
12-19-24,184.75,185.699997,183.199997,180.837463,5317000,191.149343,189.570819,178.078916,0.140305,0.186802,0.131726,FALSE,TRUE,11.491902,0.08754,-100,27.124348,21.380676,-13.98767,-1.742582,-1.486247,-1.837498,5.898294,13.348312,-14.087853,-5.025481,2.164992,448.13049,0.726125,-0.005154,0.008461,3.549205,-0.903469,-7.815914,1.947159,-54656700,315.098759,-15326095604.508158,-4.936848,0,-4.900202,-9.586209,0,-0.027477,-0.599542,-0.091982,-0.005154,-2.301089
12-20-24,182.990005,186.669998,182.710007,183.117294,5795300,190.677378,189.51655,178.151603,0.083504,0.181874,0.132008,FALSE,TRUE,11.364948,0.071721,-72.287932,28.82438,31.955881,0.335083,-1.960477,-1.363314,-1.05105,6.351457,16.730892,2.472908,-4.902092,2.217318,481.028618,0.739208,-0.005006,0.007704,3.511878,-0.68467,-7.815914,1.980131,-48861400,209.297113,-15330698804.049622,-4.61513,12.060913,-4.637677,-8.358688,0,-0.017616,-0.377435,-0.08777,-0.005006,-1.571649
12-23-24,185,186,184.080002,183.403519,3389600,190.141173,189.425981,178.225769,0.022775,0.176414,0.132281,FALSE,TRUE,11.200213,0.057634,-67.411508,30.40298,33.171259,11.029761,-2.086019,-1.191085,-0.943431,7.302783,15.72734,4.604994,-5.524255,2.163775,499.943532,0.737868,-0.005025,0.007789,3.712841,-0.761053,-7.815914,1.127034,-45471800,91.14645,-15336476955.598152,-4.469556,18.563163,-5.168547,-8.426797,0,-0.021133,-0.453618,-0.088257,-0.005025,-1.347683
12-24-24,185.949997,187.410004,185.619995,184.913544,1822000,189.608791,189.340673,178.304918,-0.040142,0.170674,0.132547,FALSE,TRUE,11.035755,0.047008,-52.137362,30.897685,39.328263,17.947587,-2.040148,-0.916171,0.547721,8.639383,16.225627,14.729534,-5.444654,2.155999,495.864915,0.744975,-0.004908,0.007294,3.589898,-0.557075,-7.815914,0.609317,-43649800,-15.963286,-15339737110.162981,-4.329875,22.464681,-4.213053,-7.46054,0,-0.011536,-0.245217,-0.085403,-0.004908,-0.94688
12-26-24,186.699997,187.830002,186.479996,185.22934,2308000,189.094654,189.276999,178.383613,-0.102764,0.164909,0.132806,FALSE,TRUE,10.893386,0.035748,-47.029464,31.081553,40.561596,8.605715,-1.955768,-0.665432,0.025189,8.80618,15.761724,17.410749,-5.259391,2.115313,484.615858,0.743647,-0.003302,0.006507,3.46783,-0.358592,-7.815914,0.767072,-41341800,19.227193,-15346321408.374886,-4.239548,26.955459,100.025189,108.80618,,-0.005032,-0.107123,-0.080666,-0.003302,-0.797604
12-27-24,186.770004,187.899994,185.649994,184.074631,5183300,188.512963,189.160577,178.45513,-0.164236,0.159041,0.133059,FALSE,TRUE,10.705447,0.022585,-48.570402,31.52031,37.555402,4.384143,-1.959483,-0.535318,-0.960705,8.034938,14.873202,9.938998,-5.944465,2.071097,470.671889,0.747978,-0.003301,0.0065,3.134666,-0.573282,-7.815914,1.627711,-46525100,210.005981,-15358763001.58642,-4.016873,25.417127,-5.150636,-7.489552,0,-0.004931,-0.104075,-0.080619,-0.003301,-0.942978
12-30-24,185.089996,185.419998,183.410004,182.238907,3012300,187.816412,189.011761,178.524151,-0.223083,0.153063,0.133303,FALSE,TRUE,10.48761,0.005166,-50.421884,32.559241,33.326642,-6.001621,-2.086504,-0.529871,-2.211866,7.642366,13.562877,-3.903067,-7.101511,2.01122,454.186202,0.756956,-0.003371,0.006609,2.989414,-0.76714,-7.815914,0.916997,-49537400,200.838909,-15365285455.354441,-3.857802,25.041146,-5.567736,,0,-0.01509,-0.314546,-0.081296,-0.003371,-1.228022
12-31-24,185.410004,185.880005,184.360001,182.712646,4513700,187.201477,188.86319,178.595879,-0.277167,0.146907,0.13354,FALSE,TRUE,10.267311,-0.009035,-43.772978,33.208811,35.34979,-5.211806,-2.124452,-0.454256,-1.573904,7.500519,14.168152,0.022581,-6.306654,2.007305,434.475046,0.751414,-0.003478,0.007139,2.998541,-0.939393,-7.815914,1.348756,-45023700,37.545709,-15379582894.062466,-3.777787,32.221442,-5.315327,-7.368852,0,-0.023632,-0.496296,-0.08449,-0.003478,-1.033162
01-02-25,186.139999,186.630005,183.960007,182.347473,3043100,186.617869,188.741485,178.66399,-0.324941,0.140591,0.133769,FALSE,TRUE,10.077495,-0.025772,-43.683257,33.302374,34.481225,-3.074177,-2.159104,-0.391126,-1.760228,7.279493,13.541462,-3.313839,-6.015971,2.003719,416.073335,0.746977,-0.003407,0.006937,2.809694,-0.776671,-7.815914,0.892856,-48066800,68.229311,-15386301727.598106,-3.666465,32.116223,-6.167108,-6.712688,0,-0.01515,-0.32014,-0.08329,-0.003407,-1.026356
01-03-25,185.580002,186.729996,184.75,184.074631,2526400,186.131911,188.66591,178.736669,-0.365128,0.134271,0.133991,FALSE,TRUE,9.929241,-0.039202,-27.51881,33.32027,41.768882,8.44224,-2.023869,-0.204713,-0.408265,8.457655,15.663128,13.687321,-5.015208,2.009296,383.318891,0.757218,-0.003225,0.006052,2.6501,-0.472319,-7.815914,0.736776,-45540400,19.621212,-15390551619.100176,-3.525952,36.32772,-5.852491,-7.211569,0,0.000008,0.000164,-0.077794,-0.003225,-0.536702
01-06-25,187.229996,188.130005,186.009995,183.867371,3521400,185.673883,188.593258,178.800855,-0.400695,0.12789,0.134204,FALSE,TRUE,9.792404,-0.050682,-26.20875,32.405063,41.176986,5.827197,-1.911385,-0.073783,-1.244377,8.210998,15.708913,11.7978,-4.745714,2.029281,349.85017,0.751435,-0.003392,0.006792,2.286189,-0.765846,-7.815914,1.000912,-49061800,102.670504,-15401190942.570526,-3.416514,41.754471,-5.632703,-7.041692,0,-0.014799,-0.310824,-0.082414,-0.003392,-0.516367
01-07-25,187.149994,187.5,185.419998,183.591034,1730800,185.234932,188.523328,178.858066,-0.430705,0.121435,0.134408,FALSE,TRUE,9.665262,-0.063505,-23.39447,31.796259,40.355867,5.874641,-1.823519,0.011267,-0.722643,8.06699,15.191011,12.768522,-4.563612,2.01923,314.72355,0.750562,-0.003355,0.006662,1.722561,-0.704609,-7.815914,0.494587,-50792600,-17.772816,-15405965558.444054,-3.333543,47.332746,-5.007372,-7.16159,0,-0.011669,-0.245364,-0.081623,-0.003355,-0.522331
01-08-25,185.759995,186.330002,184.570007,183.798294,2235000,184.866239,188.482483,178.921128,-0.455106,0.114833,0.134603,FALSE,TRUE,9.561355,-0.072303,-15.563736,31.566897,41.301324,-0.467558,-1.717363,0.093938,-0.715991,7.172466,14.486259,16.564515,-3.857181,2.045973,283.113722,0.735523,-0.00357,0.007854,1.248167,-1.085142,-7.815914,0.637451,-48557600,6.342485,-15410160540.844372,-3.2435,48.868929,-5.748305,-7.103279,0,-0.029949,-0.642896,-0.088621,-0.00357,-0.377214
01-10-25,185.270004,185.600006,183.350006,181.173035,4502400,184.410468,188.366942,178.972085,-0.476178,0.10796,0.134786,FALSE,TRUE,9.394857,-0.08306,-1.501088,31.798649,33.958488,-7.218499,-1.824044,-0.010194,-2.824766,4.493297,13.508351,-28.357427,-4.790316,1.941967,263.953988,0.751289,-0.00026,0.00002,1.261757,-1.799048,-7.815914,1.244818,-53060000,96.860653,-15423375470.792288,-3.171618,48.919363,-5.744359,-7.425482,0,-0.054369,-1.136583,-0.004506,-0.00026,-1.226514
01-13-25,183.050003,185.270004,182.970001,182.801468,4167900,184.055756,188.304589,179.031817,-0.491174,0.10085,0.134958,FALSE,TRUE,9.272773,-0.092002,13.187497,32.146152,40.969183,0.613317,-1.756935,0.045531,-1.630113,4.76568,14.549445,1.687476,-3.73586,1.915964,232.108053,0.760217,-0.000169,0.000008,1.145944,-1.324206,-7.815914,1.130013,-48892100,52.174231,-15428154178.71756,-2.887351,58.757114,-3.559286,-5.698658,0,-0.038063,-0.791979,-0.00288,-0.000169,-0.54039
01-14-25,185.809998,186.910004,185.259995,184.380585,1613900,183.820747,188.278139,179.085388,-0.498725,0.093633,0.135121,FALSE,TRUE,9.192751,-0.095529,8.901291,31.330089,46.860233,5.558909,-1.558366,0.195281,-1.889714,5.293534,15.968274,27.33687,-2.485806,1.832768,200.146133,0.761712,-0.000193,0.000011,1.111448,-1.294884,-7.815914,0.439415,-47278200,-16.134899,-15431488407.911623,-2.757387,54.823955,-3.186077,-4.873797,0,-0.036802,-0.764237,-0.003296,-0.000193,0.279714
01-15-25,189.509995,189.630005,188.360001,186.492645,1751300,183.717853,188.322405,179.146748,-0.496178,0.086376,0.135277,FALSE,TRUE,9.175657,-0.095654,19.285284,29.099,53.538771,19.580284,-1.216549,0.429678,-1.419983,4.701213,17.346705,52.892524,-1.091427,1.902659,178.690386,0.777015,0.000131,0.000005,1.660799,-0.840609,-7.815914,0.48017,-45526900,-22.614997,-15438389768.410715,-2.6536,53.100857,,-5.289511,0,-0.014916,-0.303689,0.002195,0.000131,1.552849
01-16-25,188.839996,190.350006,188.429993,187.647369,6845400,183.719334,188.388391,179.218113,-0.482158,0.079158,0.135424,FALSE,TRUE,9.170278,-0.092927,17.454314,27.361612,56.739919,15.770736,-0.842765,0.642769,-0.406395,5.11896,18.928503,63.37893,0.015786,1.885274,179.031496,0.780724,0.000202,0.000011,2.188152,-0.709236,-7.815914,1.913352,-38681500,-16.888446,-15450815722.586985,-2.305798,58.235718,-3.036973,-5.736162,0,-0.008426,-0.170751,0.003362,0.000202,2.194047
01-17-25,191,191.949997,190.610001,188.979736,2497400,183.853064,188.484951,179.301586,-0.456641,0.071932,0.135564,TRUE,TRUE,9.183365,-0.090773,22.485308,26.434067,60.151511,13.291278,-0.434025,0.841208,-0.482354,6.888694,20.572221,66.923585,1.435605,1.924375,207.144931,0.777622,0.000502,0.00007,2.782383,-0.164774,-7.815914,0.710547,-36184100,-33.514363,-15459389888.475527,-2.230604,58.451884,-3.563466,-5.640197,0,0.019327,0.393448,0.00839,0.000502,2.47492
01-21-25,192.309998,193.820007,192.309998,191.24971,5115200,184.346535,188.587439,179.395632,-0.418368,0.064793,0.135699,TRUE,TRUE,9.191807,-0.08591,40.321698,26.261484,65.188532,11.649761,0.07224,1.077978,0.827715,8.89439,21.622181,76.310638,5.441283,1.982566,256.753682,0.791522,0.000848,0.000194,3.73498,0.342391,-7.815914,1.443109,-31068900,13.195689,-15471688594.991291,-2.270505,69.529387,-2.481743,-4.679216,0,0.045454,0.909336,0.01393,0.000848,2.688637
01-22-25,193.740005,193.759995,192.589996,190.134445,1866000,184.811384,188.564525,179.492563,-0.370059,0.057696,0.135827,TRUE,TRUE,9.071961,-0.083662,46.242705,26.101228,61.101962,4.362043,0.379096,1.107867,-0.003547,7.690507,19.872009,66.031705,5.141071,2.01299,273.493283,0.795027,0.00077,0.000159,3.519766,0.209436,-7.815914,0.553378,-32934900,-64.905022,-15481387185.781227,-2.302649,71.107353,-2.873314,-5.026704,0,0.038626,0.769194,0.012599,0.00077,1.946323
01-23-25,192.899994,193.970001,192.5,191.417465,2372100,185.226392,188.5765,179.590025,-0.313742,0.050736,0.13595,TRUE,TRUE,8.986475,-0.080157,48.675392,26.030868,63.905275,3.753764,0.71754,1.157049,1.583982,8.856744,20.225765,76.795127,4.532707,2.006754,307.316932,0.798711,0.000953,0.000241,3.383574,0.504852,-7.815914,0.741082,-30562800,-59.068556,-15487252998.220762,-2.445502,69.787009,-2.371156,-4.962788,0,0.054077,1.072185,0.01552,0.000953,2.014556
01-24-25,193.610001,194.410004,193.410004,191.259567,2096600,185.619195,188.565483,179.685384,-0.252084,0.043879,0.136068,TRUE,TRUE,8.880099,-0.079265,50.418802,26.134473,63.300659,-1.887874,0.961929,1.12115,1.8132,9.521171,19.893213,72.461226,4.283478,1.973872,332.006246,0.793481,0.001018,0.000279,3.137732,0.702921,-7.815914,0.668514,-32659400,-38.146094,-15498366808.138975,-2.580979,76.168128,-2.442438,-5.240443,0,0.064072,1.27909,0.016699,0.001018,1.698875
01-27-25,192.759995,194.5,192.759995,191.91095,4961500,185.969065,188.54609,179.782638,-0.187033,0.037102,0.136182,TRUE,TRUE,8.763452,-0.075726,47.205725,25.795019,64.781008,3.679046,1.194402,1.082898,2.35254,9.459566,20.807597,77.545095,3.78415,1.924664,359.878292,0.791177,0.000942,0.00024,3.160741,0.619209,-7.815914,1.506596,-27697900,172.310648,-15508170287.995684,-2.557299,77.535499,-2.189336,-5.127883,0,0.059615,1.193502,0.015493,0.000942,1.651082
01-28-25,194.429993,194.429993,192.919998,190.716766,1463300,186.243436,188.531287,179.886226,-0.120708,0.030478,0.136292,TRUE,TRUE,8.645061,-0.076167,38.945167,25.479811,60.002473,-3.902802,1.267665,0.924929,1.939847,7.290368,18.838712,67.187909,2.962504,1.879175,374.560383,0.792136,0.000883,0.00021,2.960262,0.594816,-7.815914,0.450115,-29161200,-36.598787,-15513903787.781454,-2.577437,73.057088,-3.282117,-6.94905,0,0.058309,1.165878,0.014502,0.000883,1.194288
01-29-25,193.320007,194.399994,192.589996,190.410797,1487800,186.560245,188.507419,179.9895,-0.054754,0.024017,0.136398,TRUE,TRUE,8.517919,-0.077743,38.711454,24.949567,58.805575,-4.495084,1.28621,0.75478,2.459224,7.16535,18.590823,64.53423,3.442173,1.884093,381.973573,0.79231,0.000867,0.000203,2.732089,0.579909,-7.815914,0.48523,-30649000,-71.296278,-15518974147.970293,-2.612557,73.368968,-3.404586,-7.471417,0,0.057529,1.150004,0.01425,0.000867,1.008068
01-30-25,194.009995,195.410004,193.720001,192.32547,2312200,187.064573,188.547766,180.11543,0.010343,0.017897,0.136499,TRUE,TRUE,8.432335,-0.078855,44.126642,24.941996,63.687049,-1.09396,1.43882,0.725912,2.875311,7.615972,19.20093,75.204718,5.534802,1.94928,388.447763,0.794576,0.001152,0.000357,2.635353,1.168364,-7.815914,0.762808,-28336800,-23.241377,-15525102242.050976,-2.636223,78.542525,-3.745693,-8.094504,0,0.08797,1.754562,0.018889,0.001152,1.354338
01-31-25,194.839996,195.309998,193.270004,191.012833,2417400,187.479582,188.576981,180.240682,0.07279,0.012159,0.136595,TRUE,TRUE,8.336299,-0.082449,54.630024,24.594122,58.563462,-1.439011,1.437278,0.579495,2.739759,6.654184,18.033128,64.652973,4.542754,1.990143,383.816704,0.800556,0.001116,0.000329,2.139288,0.921749,-7.815914,0.826079,-30754200,-46.443051,-15532869156.421961,-2.619065,82.149292,-2.968405,-6.570891,0,0.075737,1.498795,0.018152,0.001116,0.920557
02-03-25,191.020004,193.449997,190.199997,190.292358,2073000,187.876826,188.574506,180.366806,0.131279,0.006702,0.136685,TRUE,TRUE,8.2077,-0.087928,43.796787,23.284129,55.904991,-2.900584,1.362216,0.403547,2.471291,7.381993,18.832418,49.579895,4.357003,1.965886,368.721907,0.802285,0.001129,0.000336,1.704337,0.830503,-7.815914,0.720329,-32827200,-31.878676,-15534824331.630419,-2.580444,75.933312,-2.105685,-6.300812,0,0.071195,1.40571,0.018322,0.001129,0.655109
02-04-25,192.309998,193.440002,192.210007,190.598328,1904700,188.203011,188.591307,180.495919,0.184861,0.001575,0.136767,TRUE,TRUE,8.095388,-0.089901,39.276743,22.067706,56.80183,-6.885219,1.312291,0.282898,3.429017,9.424013,17.896937,31.749306,3.54405,1.92672,362.112261,0.791318,0.000922,0.00023,1.320398,0.537446,-7.815914,0.669075,-30922500,-24.608138,-15541720536.998306,-2.6551,76.146378,-2.464901,-6.499812,0,0.055435,1.109538,0.015163,0.000922,0.661484
02-05-25,193.639999,194.509995,192.690002,191.881332,1530400,188.603709,188.620808,180.63062,0.233821,-0.00313,0.136842,TRUE,TRUE,7.990188,-0.081282,35.92089,20.662578,60.435657,1.872195,1.36057,0.264941,4.086426,12.875536,18.804427,49.44605,4.358556,1.864038,355.897041,0.711088,0.000344,0.00004,1.044162,-0.181932,-7.815914,0.557073,-29392100,-56.540012,-15544610930.438675,-2.61028,76.037464,-2.671275,,0,0.018974,0.422854,0.006299,0.000344,0.920947
02-06-25,195.210007,195.339996,193.389999,191.871475,1155500,189.017731,188.607106,180.760506,0.277359,-0.007432,0.136911,TRUE,TRUE,7.8466,-0.073495,30.484269,19.801756,60.393623,4.488632,1.382103,0.229179,4.192064,11.930914,19.920072,32.082075,4.510265,1.849292,342.423429,0.710339,0.000403,0.000055,0.819541,-0.094179,-7.815914,0.425058,-30547600,-33.238965,-15547566079.079075,-2.604435,72.037617,-2.42694,-6.505378,0,0.023076,0.514882,0.007385,0.000403,0.833396
02-07-25,194.770004,195,193.139999,190.726624,1373700,189.364148,188.539086,180.877712,0.314337,-0.011429,0.136974,TRUE,TRUE,7.661373,-0.065962,12.779771,18.845422,55.56024,-1.241589,1.291896,0.111178,2.472162,11.727716,18.494479,10.107983,3.769529,1.816421,321.231124,0.711426,0.000252,0.000021,0.710527,-0.509211,-7.815914,0.513459,-31921300,-38.536913,-15552504567.59889,-2.660253,66.805766,-3.132638,-6.428848,0,0.003911,0.087095,0.004619,0.000252,0.424142
02-10-25,194.070007,194.080002,192.899994,191.160889,1316900,189.863541,188.45108,180.98892,0.344488,-0.015137,0.13703,TRUE,TRUE,7.46216,-0.055844,-0.750596,17.801625,56.967101,-3.468556,1.241141,0.048338,-0.062358,10.111205,18.450695,18.443195,5.512881,1.756736,258.748004,0.708252,0.000204,0.000014,0.713226,-0.634871,-7.815914,0.523387,-30604400,-70.751155,-15557703183.311459,-2.669353,57.718624,-5.399176,-7.150895,0,-0.001767,-0.03953,0.003753,0.000204,0.501394
02-11-25,193.25,194.179993,192.919998,191.575394,736400,190.302237,188.372346,181.102394,0.367105,-0.018504,0.13708,TRUE,TRUE,7.269952,-0.047363,12.943399,16.894711,58.323327,-2.070296,1.220298,0.021996,0.396554,10.238356,18.536813,26.399135,4.799702,1.771906,200.544635,0.702374,0.000417,0.00006,0.65334,-0.280459,-7.815914,0.314092,-29868000,-82.33163,-15560011283.414394,-2.81201,62.809255,-4.264555,-6.694733,0,0.014767,0.333223,0.007737,0.000417,0.63485
02-12-25,192.509995,193.559998,192.130005,190.62793,1156800,190.614604,188.270736,181.213173,0.381081,-0.021529,0.137122,TRUE,TRUE,7.057563,-0.040193,-7.312454,15.863435,54.124366,-1.435874,1.11448,-0.067058,-0.616476,10.169887,17.87286,8.21367,3.388288,1.711358,144.191268,0.70523,0.000341,0.00004,0.683066,-0.493727,-7.815914,0.49826,-31024800,-28.322697,-15563598306.471291,-2.845136,56.632074,-5.043421,-5.943108,0,0.004961,0.111467,0.006291,0.000341,0.009242
02-13-25,193.75,194.860001,193.220001,192.11821,1563400,190.895882,188.189701,181.332134,0.387234,-0.024196,0.137155,TRUE,TRUE,6.857568,-0.032722,7.078951,15.3824,59.110881,2.14378,1.137756,-0.035025,-0.395281,9.969809,18.031007,36.817858,3.016507,1.744168,110.479974,0.70686,0.000645,0.000141,0.667434,0.053211,-7.815914,0.676128,-29461400,-10.729173,-15567262366.577915,-2.786694,55.72785,-5.241583,-5.8014,0,0.030171,0.676673,0.011889,0.000645,1.106379
02-14-25,194.990005,195.619995,194.369995,191.940567,1205100,191.110542,188.128286,181.446315,0.385683,-0.026459,0.137181,TRUE,TRUE,6.681971,-0.026924,0.2541,15.367111,58.297435,-0.025892,1.128855,-0.035141,0.25262,9.452083,19.731345,32.11385,2.287907,1.755508,82.103974,0.704916,0.00068,0.000158,0.667091,0.167767,-7.815914,0.593566,-30666500,-82.395477,-15573151792.664341,-3.012803,48.066455,-2.971777,-4.647984,0,0.035397,0.796209,0.012569,0.00068,1.010943
02-18-25,194.490005,195.679993,194.220001,193.065674,1738300,191.314839,188.109207,181.577551,0.378048,-0.028282,0.137199,TRUE,TRUE,6.531656,-0.01795,20.272445,15.238329,61.875863,7.751497,1.19877,0.027819,0.762755,8.737238,19.466083,52.293414,2.162104,1.790428,76.967114,0.706471,0.000731,0.000182,0.95752,0.216211,-7.815914,0.872503,-28928200,-30.395611,-15577638831.08954,-2.967627,55.4002,-2.716064,-4.619423,0,0.037684,0.845798,0.013482,0.000731,2.274783
02-19-25,195.210007,196.440002,195.039993,193.647964,1332300,191.434752,188.10629,181.713012,0.368696,-0.029624,0.13721,TRUE,TRUE,6.393278,-0.009284,27.287882,15.554865,63.615952,4.50507,1.286335,0.092308,1.754958,8.748183,18.274169,55.255841,1.253991,1.77365,92.926486,0.70565,0.000836,0.000238,1.148593,0.459079,-7.815914,0.738865,-27595900,-73.954098,-15581620542.309036,-3.048297,61.915701,-1.323063,-4.280054,0,0.048826,1.097474,0.015434,0.000836,2.381681
02-20-25,195.630005,195.729996,194.229996,192.749863,924500,191.565523,188.100729,181.839751,0.357894,-0.03045,0.137213,TRUE,TRUE,6.260978,-0.001207,3.912733,15.207744,59.132927,0.835492,1.268638,0.059689,1.68703,7.424916,18.053842,40.863197,1.375562,1.673811,92.063562,0.707402,0.000723,0.000177,1.140752,0.156756,-7.815914,0.526452,-28520400,-50.45552,-15584369552.990189,-2.932141,54.771019,-1.590476,-4.852299,0,0.034998,0.784421,0.013318,0.000723,1.286437
02-21-25,194.949997,195.050003,192.350006,190.124573,1458100,191.500878,188.055819,181.948403,0.342564,-0.030929,0.137206,TRUE,TRUE,6.107416,0.006079,-7.305307,14.605706,48.396588,-13.479275,1.030891,-0.142447,-0.153104,6.413531,16.598066,-1.20872,-0.675431,1.686234,97.534518,0.714437,0.000319,0.000034,1.185543,-0.767397,-7.815914,0.852493,-29978500,-38.531259,-15588231288.571465,-2.9519,57.486361,-1.91518,-4.831127,0,-0.007876,-0.174591,0.005814,0.000319,-1.411096
02-24-25,193.210007,193.759995,192.389999,190.351578,1154600,191.455479,188.039408,182.051624,0.323352,-0.031068,0.137187,TRUE,TRUE,5.987784,0.016536,0.507639,14.046669,49.254548,-14.361404,0.850982,-0.257885,0.312673,5.978691,16.198982,-41.262834,-0.474742,1.698686,100.776209,0.70626,0.000176,0.00001,1.182375,-1.037195,-7.815914,0.694164,-28823900,-44.929886,-15592821757.189482,-2.839393,60.288843,-1.369216,-4.918044,0,-0.019922,-0.44669,0.003239,0.000176,-1.095398
02-25-25,193.119995,193.869995,191.889999,190.58844,1114000,191.389353,188.045407,182.154084,0.299944,-0.030871,0.137156,TRUE,TRUE,5.891324,0.030021,-0.085264,13.836732,50.185209,-8.947718,0.719225,-0.311713,0.095661,6.353437,15.415607,-28.605683,-0.689127,1.71047,101.962209,0.699347,0.000083,0.000002,1.182861,-1.279743,-7.815914,0.757349,-27709900,-77.547113,-15595400343.40568,-2.965153,52.296159,-1.893027,-5.16323,0,-0.030486,-0.690254,0.001551,0.000083,-0.7855
02-26-25,193.339996,193.929993,191.960007,189.897583,1371600,191.348394,188.045445,182.252214,0.272132,-0.030328,0.137112,TRUE,TRUE,5.793231,0.042566,-18.026909,13.594456,47.451683,-0.944905,0.552689,-0.382599,-1.380899,4.62237,14.687836,-43.789342,-0.429529,1.695249,106.356914,0.700576,0.000011,0,1.267922,-1.404913,-7.815914,0.935393,-29081500,-6.266658,-15599643862.708572,-2.923618,44.102135,-2.36539,-6.315004,0,-0.036326,-0.820937,0.000203,0.000011,-1.364097
02-27-25,192.460007,193.970001,191.699997,189.285675,1017900,191.292138,188.049543,182.3396,0.240842,-0.02946,0.137056,TRUE,TRUE,5.709943,0.054753,-22.279031,13.542722,45.108077,-4.14647,0.367101,-0.45455,-2.494209,4.15074,14.842222,-50.935002,-0.590892,1.723889,114.259248,0.701202,-0.000046,0.000001,1.382022,-1.563138,-7.815914,0.705484,-30099400,-31.583546,-15602826990.58169,-2.905826,37.842418,-2.481484,-5.696479,0,-0.043587,-0.983998,-0.000861,-0.000046,-1.756062
02-28-25,192.080002,194.5,191.350006,191.832001,2487700,191.267464,188.115172,182.438454,0.210046,-0.028104,0.136988,TRUE,TRUE,5.676718,0.072254,8.497735,13.042288,55.055714,4.870505,0.420639,-0.32081,-1.906908,5.534785,16.066565,9.469449,-0.25658,1.778672,112.428538,0.723233,0.000296,0.000028,1.345452,-1.109669,-7.815914,1.713746,-27611700,7.590174,-15604553382.415558,-2.736646,48.94486,-3.205918,-6.09359,0,-0.024206,-0.529831,0.005314,0.000296,0.502129
03-03-25,195.029999,195.679993,191.279999,189.946945,1960500,191.21417,188.161756,182.528806,0.178723,-0.026416,0.136908,TRUE,TRUE,5.63295,0.084941,-8.395941,12.546207,48.105459,0.653776,0.307417,-0.347226,-2.846443,4.688984,14.865441,-25.834354,-0.558019,1.835681,116.163367,0.730079,0.000361,0.000041,1.397616,-1.241338,-7.815914,1.372159,-29572200,-18.900472,-15607701816.591131,-2.618779,47.318579,-2.597454,-5.759886,0,-0.030732,-0.666214,0.006432,0.000361,-1.090899
03-04-25,191.100006,191.279999,188.229996,186.245911,2539200,191.011848,188.160572,182.597152,0.145165,-0.024513,0.136813,FALSE,TRUE,5.56342,0.090162,-30.033338,13.095298,37.970384,-7.137693,-0.080033,-0.58774,-4.835018,2.121492,12.291954,-24.166668,-2.126437,1.873344,160.022434,0.768363,0.000471,0.000063,1.70738,-1.675305,-7.815914,1.748664,-32111400,22.489146,-15613544612.526794,-2.710604,39.86764,-2.368134,-5.771703,0,-0.054934,-1.13048,0.007967,0.000471,-2.978293
03-05-25,188.5,190.800003,187.759995,187.844757,1723800,190.874169,188.289861,182.666974,0.110076,-0.022335,0.136703,FALSE,TRUE,5.622887,0.098053,-15.128728,13.830543,43.507594,-11.54812,-0.255135,-0.610274,-4.243861,2.139482,12.670407,0.976526,-1.444698,1.955105,174.919526,0.777515,0.000746,0.000155,1.839266,-1.323857,-7.815914,1.194566,-30387600,-9.497559,-15615172285.347153,-2.545044,46.720568,-2.264222,-6.411749,0,-0.037948,-0.771884,0.012459,0.000746,-1.731889
03-06-25,188.449997,189.75,187.479996,185.989304,2055000,190.579568,188.392898,182.728493,0.073089,-0.020055,0.136578,FALSE,TRUE,5.664405,0.101935,-32.666977,14.648708,39.140919,-8.964541,-0.537429,-0.714054,-4.626415,2.414019,11.189333,-16.637177,-3.070663,1.899257,204.22605,0.785708,0.000751,0.000154,2.110824,-1.509589,-7.815914,1.398659,-32442600,34.27862,-15619926286.73859,-2.563028,38.65484,-1.707071,-5.939906,0,-0.047966,-0.965235,0.012417,0.000751,-2.247639
03-07-25,187.919998,190.190002,187.130005,187.193375,1686400,190.345663,188.47442,182.793648,0.036326,-0.017604,0.13644,FALSE,TRUE,5.680772,0.107067,-23.990006,15.048678,43.129853,5.159469,-0.656424,-0.666439,-3.518336,3.115858,12.28624,0.680663,-2.438143,1.913709,215.148392,0.790042,0.000981,0.00026,2.278951,-1.17037,-7.815914,1.127416,-30756200,45.945478,-15621542839.13512,-2.472799,39.842762,-1.301913,-6.050785,0,-0.030828,-0.617116,0.016124,0.000981,-1.465169
03-10-25,187.839996,189.399994,185.460007,184.449677,2210800,190.031815,188.495343,182.8481,-0.001448,-0.015225,0.136286,FALSE,TRUE,5.647243,0.105958,-40.248882,16.224015,37.153928,-6.353666,-0.961043,-0.776847,-4.82168,2.408808,10.001425,-9.201554,-3.29107,1.949942,251.935975,0.807833,0.001013,0.000265,2.607445,-1.420685,-7.815914,1.437764,-32967000,60.937614,-15624887469.222918,-2.353663,31.473166,-1.279295,-5.493407,0,-0.045041,-0.881418,0.016279,0.001013,-2.215697
03-11-25,186.679993,186.789993,183.679993,182.258652,3050600,189.586703,188.442245,182.890332,-0.038699,-0.01309,0.136116,FALSE,FALSE,5.551913,0.100134,-49.48533,17.997484,33.198111,-5.942808,-1.363536,-0.943472,-5.579126,2.206459,8.114031,-11.795358,-4.656934,1.963024,304.16501,0.819361,0.000967,0.000235,2.660085,-1.635003,-7.815914,1.878044,-36017600,131.650087,-15630726456.250496,-2.247769,23.90816,-1.056885,-5.598582,0,-0.057412,-1.107361,0.015319,0.000967,-2.409236
03-12-25,185.630005,185.839996,182.839996,181.56781,2149000,189.086324,188.369014,182.931834,-0.075755,-0.011197,0.135929,FALSE,FALSE,5.43718,0.092957,-49.0263,19.922853,32.039769,-11.090084,-1.71845,-1.038709,-5.615347,0.808759,7.710402,-9.907996,-5.223836,2.029476,348.773225,0.820156,0.000925,0.000214,2.696815,-1.689113,-7.815914,1.267862,-38166600,191.825095,-15634698075.126635,-2.203176,22.862584,-1.617151,-6.339135,0,-0.060414,-1.164061,0.014628,0.000925,-2.155703
03-13-25,184.089996,184.880005,182.199997,180.432831,2099700,188.576569,188.296178,182.98016,-0.113333,-0.009674,0.135723,FALSE,FALSE,5.316018,0.083001,-45.462796,21.913158,30.176861,-6.977067,-2.067473,-1.110185,-5.617617,0.374536,6.712189,-13.109545,-5.348166,2.066478,396.319016,0.821993,0.000909,0.000206,3.120642,-1.748409,-8.02218,1.205252,-40266300,81.509336,-15639566810.763773,-2.18034,22.394736,-0.905264,-6.036044,0,-0.063762,-1.225743,0.014353,0.000909,-2.054844
03-14-25,184.039993,186.330002,183.410004,183.6996,2103300,188.155639,188.325392,183.040054,-0.149419,-0.008363,0.135503,FALSE,TRUE,5.285338,0.077982,-27.309517,22.583098,40.839178,7.641066,-2.056766,-0.879582,-3.46256,2.319692,8.383492,11.124657,-4.381995,2.117673,401.397959,0.856712,0.00157,0.000566,3.313545,-1.031815,-8.02218,1.188896,-38163000,34.533709,-15641252912.940765,-2.091168,29.173083,-0.660503,-4.854104,0,-0.027215,-0.502147,0.023794,0.00157,-1.11013
03-17-25,185.889999,189.149994,185.889999,186.137344,1856700,187.865478,188.393886,183.117535,-0.182139,-0.007189,0.135269,FALSE,TRUE,5.276351,0.075649,-16.759521,21.428316,47.305692,15.265923,-1.830474,-0.522633,-1.979172,3.211524,9.640102,29.208818,-3.023448,2.164077,393.494849,0.872454,0.001977,0.000866,3.402795,-0.460747,-8.02218,1.030527,-36306300,54.070202,-15642827866.817488,-1.93362,34.982864,0.619535,-3.733157,0,0.00432,0.078302,0.029433,0.001977,-0.439176
03-18-25,187.479996,187.720001,186.330002,185.47525,2309700,187.485957,188.456442,183.201335,-0.212176,-0.006121,0.135022,FALSE,TRUE,5.255106,0.070087,-16.669274,20.356017,45.84015,15.663289,-1.685137,-0.301836,-1.906865,2.010286,10.116972,24.297139,-3.931524,2.104065,376.956646,0.868965,0.002047,0.000937,3.505812,-0.357882,-8.02218,1.261945,-38616000,32.871196,-15647978172.007673,-1.921556,33.912679,0.044257,-4.206725,0,0.01028,0.187107,0.030604,0.002047,-0.533405
03-19-25,187.350006,189.320007,186.910004,186.803406,9120700,187.143729,188.511017,183.287253,-0.23945,-0.005082,0.134762,FALSE,TRUE,5.223764,0.058402,-9.110551,19.286354,49.237511,8.398333,-1.446115,-0.050251,-0.926612,1.95221,10.950147,34.149928,-3.534537,2.0804,348.029135,0.801618,0.002106,0.00117,3.557483,0.720861,-8.02218,4.108997,-29495300,584.583052,-15657905715.155157,-1.718374,51.035792,-0.884868,-5.195548,0,0.067187,1.328109,0.034202,0.002106,-0.097786
03-20-25,187.440002,188.910004,187.130005,186.327637,1508100,186.822617,188.560222,183.357272,-0.262795,-0.004091,0.13449,FALSE,TRUE,5.202951,0.044715,-21.863939,18.293096,48.074167,0.768476,-1.28032,0.092435,-0.68763,1.68171,10.432544,30.620483,-3.331897,1.966578,322.254515,0.801307,0.002093,0.001156,2.771314,0.735863,-8.02218,0.670603,-31003400,63.126014,-15660773424.433878,-1.698717,45.461924,-1.012586,-5.649739,0,0.067902,1.342782,0.034005,0.002093,-0.153599
03-21-25,186.820007,187.460007,185.589996,185.495071,3990800,186.591142,188.598303,183.428721,-0.283334,-0.003178,0.134206,FALSE,TRUE,5.169583,0.033223,-18.454857,17.430995,46.024842,0.184692,-1.202249,0.136405,-0.434802,1.411135,9.411573,36.289359,-2.434983,1.877983,313.804332,0.787898,0.001737,0.000823,1.89881,0.174998,-8.02218,1.67998,-34994200,173.698649,-15665169384.108467,-1.619405,43.138848,-0.52166,-6.026437,0,0.038407,0.772068,0.028686,0.001737,-0.349285
03-24-25,188.610001,190.039993,188.410004,188.072083,1625200,186.477168,188.683779,183.516459,-0.298836,-0.002171,0.133914,FALSE,TRUE,5.16732,0.026308,7.940215,16.998949,52.740262,3.502751,-0.921808,0.333477,3.689369,1.78744,9.964216,68.280016,-1.197518,1.909026,303.394398,0.807234,0.002131,0.001181,1.977478,0.574914,-8.02218,0.677439,-33369000,40.758704,-15667468440.472733,-1.555765,48.590147,-0.197444,-5.976447,0,0.059927,1.176114,0.034372,0.002131,0.52569
03-25-25,190.100006,190.220001,188.639999,187.665695,958600,186.33103,188.813632,183.598274,-0.309983,-0.001161,0.133612,FALSE,TRUE,5.215358,0.021026,-0.821138,16.675623,51.648949,3.574782,-0.724002,0.425026,3.775894,1.869014,9.013621,68.150815,-1.533537,1.821577,289.258964,0.801381,0.001932,0.000984,1.978058,0.235951,-8.02218,0.400876,-34327600,-13.949731,-15669609277.084126,-1.551667,47.505573,-0.838354,-5.949258,0,0.041991,0.829863,0.031375,0.001932,0.461408
03-26-25,189.809998,190.690002,188.800003,187.61615,1566600,186.216959,188.909926,183.681253,-0.3158,-0.000119,0.133301,FALSE,TRUE,5.228673,0.016046,8.133965,16.584402,51.509011,5.484169,-0.564728,0.46744,2.456816,1.379944,9.59792,63.794458,-1.201402,1.850776,278.761744,0.801189,0.793519,0.685301,1.956862,0.170892,-8.02218,0.652474,-35894200,14.216973,-15673138443.161161,-1.53049,52.519026,-0.697582,-5.474218,0,0.002105,0.074126,0.827829,0.793519,0.501931
03-27-25,188.910004,189.869995,188.160004,187.160217,1783300,186.110686,188.965518,183.763653,-0.316307,0.00093,0.132981,FALSE,TRUE,5.201865,0.008229,-0.172223,16.114484,50.162113,-2.578149,-0.469875,0.449834,2.048324,1.085569,9.462209,58.42423,-1.122884,1.780984,270.372303,0.797472,0.793768,0.684366,1.957168,0.297887,-8.02218,0.731075,-37677500,75.194027,-15677007039.01539,-1.520529,47.690844,-0.44589,-5.739145,0,-0.001991,-0.070539,0.827264,0.793768,0.38818
03-28-25,188.600006,188.919998,185.970001,184.622849,2699300,185.750228,188.928123,183.831179,-0.314562,0.001933,0.132649,FALSE,TRUE,5.096944,-0.007031,0.909221,15.403167,43.365897,-8.283052,-0.592617,0.261674,-0.157206,0.389654,8.058122,28.537691,-3.758055,1.767159,235.945875,0.806595,0.789597,0.696049,1.95084,0.176941,-8.02218,1.101816,-40376800,8.505849,-15682171676.691191,-1.584134,47.05702,-0.691296,-4.930636,0,0.003787,0.135173,0.834296,0.789597,-0.477813
03-31-25,185.229996,188.910004,185,186.49614,3059200,185.577688,188.905098,183.91374,-0.307826,0.002986,0.132308,FALSE,TRUE,4.991358,-0.018549,22.625934,15.181639,48.873284,-2.635726,-0.532593,0.257359,0.683909,0.70927,7.387673,50.602353,-1.816721,1.794494,215.360668,0.816151,0.796993,0.700636,1.781419,0.419525,-8.02218,1.221335,-37317600,56.041826,-15682889707.508451,-1.500876,55.303753,,-4.954119,0,0.010902,0.38755,0.83704,0.796993,0.426471
04-01-25,187.710007,188.649994,186.039993,186.238434,1564000,185.577314,188.850272,183.993596,-0.295814,0.004096,0.131956,FALSE,TRUE,4.856676,-0.031319,25.529065,14.975935,48.179171,-1.982942,-0.500053,0.231918,1.175503,0.203505,6.897992,47.566953,-0.004014,1.759723,215.348523,0.815886,0.802042,0.706955,1.545002,0.439662,-8.02218,0.636797,-38881600,-38.405797,-15684215883.025408,-1.438724,60.451136,-0.779211,-6.023042,0,0.014319,0.514659,0.840806,0.802042,0.307
04-02-25,186.570007,189.520004,186.509995,187.457565,2102100,185.557954,188.774429,184.082429,-0.27808,0.005244,0.131595,FALSE,TRUE,4.692,-0.03938,38.220548,14.273329,51.675689,8.309792,-0.371608,0.288291,2.863636,0.58843,8.122937,55.598384,-0.206123,1.747112,213.367764,0.811224,0.789856,0.705391,1.102801,0.346769,-8.02218,0.849349,-36779500,21.945701,-15684994473.312536,-1.410575,66.166095,-0.990229,-6.750635,0,0.004353,0.156947,0.839876,0.789856,0.890299
04-03-25,184.479996,185.330002,181.160004,179.795898,3659200,185.248284,188.567658,184.13769,-0.261428,0.005832,0.131218,FALSE,FALSE,4.429968,-0.060539,-17.140769,15.632915,35.475571,-13.397713,-0.877927,-0.174422,-1.596358,-3.145137,4.359575,-14.313803,-3.329979,1.837468,248.782656,0.970085,0.861825,0.777517,1.487711,-0.794013,-8.346864,1.43208,-40438700,78.06326,-15691047695.389122,-1.391719,58.066515,-1.081334,-6.352267,0,-0.013426,-0.465805,0.881769,0.861825,-2.191626
04-04-25,177.039993,177.490005,170.169998,168.88327,5665000,184.332779,188.116974,184.133944,-0.25353,0.005388,0.130815,FALSE,FALSE,3.98303,-0.099831,-55.214358,18.784044,23.955988,-24.223183,-2.135133,-1.145303,-7.383817,-9.014073,-2.062955,-6.270603,-9.781385,2.1328,438.216268,1.244432,0.986001,0.826502,3.094083,-1.877422,-13.909709,2.056937,-46103700,235.922676,-15698704309.129522,-1.40085,48.810039,-1.826914,-7.619164,0,-0.040372,-1.236416,0.909122,0.986001,-3.525544
04-07-25,166.050003,174.889999,163.190002,167.674057,6236400,183.493998,187.645264,184.120881,-0.253529,0.003851,0.130387,FALSE,FALSE,3.524383,-0.139936,-55.984983,22.323421,23.062335,-28.613353,-3.192254,-1.761939,-8.909741,-9.281631,-1.80036,16.305653,-9.094957,2.579177,575.04779,1.246275,0.979247,0.824402,4.223683,-2.050615,-14.52612,2.110189,-52340100,182.087932,-15700160475.76441,-1.273493,45.166162,-1.354923,-6.759738,0,-0.020926,-0.636073,0.907966,0.979247,-2.751065
04-08-25,174.220001,174.729996,164.550003,165.344864,4758600,182.648309,187.113942,184.093681,-0.262805,0.001105,0.129932,FALSE,FALSE,3.020261,-0.187413,-65.427552,25.609986,21.405896,-14.069675,-4.169907,-2.191674,-10.073841,-11.192862,-3.827391,7.83586,-9.280101,2.88919,704.068291,1.2456,0.975507,0.824041,5.313921,-2.043395,-15.713454,1.56493,-57098700,55.988986,-15704175966.233206,-1.207743,27.600047,-1.278776,-6.400166,0,-0.017785,-0.54034,0.907767,0.975507,-2.457637
04-09-25,165.050003,179.669998,164.199997,177.149521,4955900,182.427394,186.842597,184.125603,-0.272705,-0.002178,0.129459,FALSE,FALSE,2.716995,-0.211898,-20.799651,26.870135,43.539402,19.583414,-3.946673,-1.574752,-3.508621,-4.205909,2.881599,50.761885,-2.43341,3.23549,714.491437,1.556055,1.089719,0.883729,5.530416,-0.574626,-15.713454,1.55791,-52142800,130.614239,-15700834963.769114,-1.039522,36.387338,0.302073,-4.516666,0,-0.005712,-0.170881,0.940069,1.089719,-0.73869
04-10-25,176.029999,176.199997,169.029999,171.916214,4498700,182.001563,186.472706,184.124277,-0.286723,-0.006228,0.128965,FALSE,FALSE,2.348428,-0.241972,-27.982044,28.040273,38.379232,15.316897,-4.14427,-1.417879,-6.464739,-7.134443,-0.315377,31.731678,-4.720104,3.59364,751.428889,1.596002,1.083103,0.893281,5.976812,-1.19317,-15.713454,1.362801,-56641500,114.254417,-15701711845.169134,-0.941286,36.239819,0.759172,-4.579317,0,-0.015568,-0.473999,0.945135,1.083103,-1.342156
04-11-25,173,177,171.710007,174.562592,3724000,181.544713,186.117448,184.142483,-0.304026,-0.010819,0.128454,FALSE,FALSE,1.974965,-0.263436,-27.799363,28.848264,42.115226,20.70933,-4.040747,-1.051485,-3.64869,-6.370389,2.684375,41.354869,-4.973886,3.569647,768.151211,1.602027,1.060123,0.887765,6.13518,-1.123638,-15.713454,1.101089,-52917500,77.055104,-15701419573.175827,-0.889485,38.854856,0.033516,-5.500271,0,-0.037606,-1.112296,0.942213,1.060123,-0.908951
04-14-25,178.289993,179.240005,176.669998,176.693604,3151600,181.072526,185.831064,184.174908,-0.322716,-0.01578,0.127925,FALSE,FALSE,1.656155,-0.278785,-21.804188,28.843417,45.006627,1.467224,-3.743596,-0.603467,-3.341256,-4.916903,4.086811,49.104004,-5.073534,3.628851,767.459487,1.608458,1.060149,0.889381,6.312778,-1.020189,-15.713454,0.914342,-49765900,69.742015,-15704513278.702225,-0.894808,41.504905,-1.412181,-4.879785,0,-0.04162,-1.235018,0.94307,1.060149,-0.570574
04-15-25,178.720001,179.759995,177.699997,176.198013,1500300,180.608664,185.549177,184.204709,-0.343809,-0.021146,0.127379,FALSE,FALSE,1.344468,-0.292081,-22.491224,28.667707,44.45054,6.071308,-3.507657,-0.294022,-4.43787,-6.243721,5.419783,48.755676,-5.001873,3.640764,767.484701,1.605214,1.053572,0.880528,6.457264,-1.18551,-15.713454,0.440438,-51266200,-35.043512,-15708201373.585339,-0.883977,41.308256,-3.294664,-6.382057,0,-0.05668,-1.621688,0.938364,1.053572,-0.574689
04-16-25,177.520004,178.520004,174.610001,174.245438,4595100,179.980766,185.222119,184.224014,-0.368935,-0.026949,0.126814,FALSE,FALSE,0.998105,-0.304019,-24.710794,29.06421,42.236315,0.121088,-3.438592,-0.179966,-6.567126,-7.893858,4.990891,41.987977,-6.722558,3.749453,765.503945,1.601069,1.05073,0.874507,6.726269,-1.570196,-15.713454,1.444955,-55861300,-49.618999,-15713653354.310892,-0.876508,39.184175,-4.502717,,0,-0.079624,-2.228553,0.935151,1.05073,-0.749223
04-17-25,175.440002,177.830002,175.440002,174.760834,2043400,179.402425,184.879709,184.251317,-0.396621,-0.033163,0.126231,FALSE,FALSE,0.628392,-0.316058,-19.629125,29.432391,43.042827,-1.963799,-3.304182,-0.036444,-6.867421,-7.245908,5.872313,43.945425,-6.207776,3.764331,758.692892,1.60099,1.050735,0.876333,6.953859,-1.425024,-15.713454,0.637196,-53817900,35.494994,-15716858104.669378,-0.874447,43.79004,-4.944688,-7.903173,0,-0.072182,-2.035243,0.936127,1.050735,-0.611788
04-21-25,175.360001,175.550003,171.130005,171.371078,7574400,178.696226,184.469701,184.25835,-0.426892,-0.040016,0.125626,FALSE,FALSE,0.211351,-0.330625,-29.222535,30.464434,39.16924,-5.2813,-3.431627,-0.131112,-9.317749,-9.755159,4.002614,31.071308,-7.614215,3.844327,764.707084,1.614298,1.055781,0.869589,7.321025,-1.841771,-15.713454,2.236946,-61392300,89.796532,-15723606265.440466,-0.862908,34.638223,-5.807252,-9.21761,0,-0.093452,-2.544764,0.932518,1.055781,-0.957902
04-22-25,174.75,177.350006,174.550003,175.454651,1835200,178.065354,184.164261,184.285752,-0.456104,-0.047356,0.125003,FALSE,FALSE,-0.121491,-0.337651,-19.40085,30.785891,45.528918,3.292604,-3.166616,0.107119,-8.258867,-7.499512,6.374124,46.580507,-6.708828,3.892004,734.745675,1.647632,1.067485,0.869972,7.516359,-1.408622,-15.713454,0.540314,-59557100,12.921487,-15724255602.666965,-0.835955,34.839472,-5.360692,-7.814881,0,-0.075071,-2.005828,0.932723,1.067485,-0.355321
04-23-25,180,182,177.960007,176.911652,2559400,177.527652,183.879277,184.321709,-0.482654,-0.055163,0.124363,FALSE,FALSE,-0.442432,-0.340306,-18.892057,29.666787,47.632586,4.589759,-2.806671,0.373651,-6.954444,-6.957744,6.641137,61.976737,-5.730426,3.991727,699.285087,1.651214,1.069589,0.872397,4.066001,-1.327079,-15.713454,0.736182,-56997700,166.993532,-15728143301.928576,-0.841832,35.256977,-4.60789,-7.413617,0,-0.080617,-2.16966,0.934022,1.069589,-0.08809
04-24-25,178.529999,181.139999,177.869995,179.211136,1558200,177.107401,183.631992,184.368187,-0.503772,-0.063305,0.123709,FALSE,FALSE,-0.736195,-0.340383,-1.158869,28.646147,50.858237,11.688996,-2.309244,0.696863,-6.376811,-4.893836,7.129025,85.173501,-4.479899,3.858035,659.59454,1.659969,1.077655,0.881634,3.807581,-1.013733,-15.713454,0.448253,-55439500,-0.536193,-15728423359.554461,-0.7952,39.646612,-4.439517,-6.835058,0,-0.056368,-1.566805,0.938953,1.077655,0.318944
04-25-25,180.229996,180.570007,179.029999,178.834488,1236400,176.691115,183.396123,184.412927,-0.518816,-0.071796,0.123041,FALSE,FALSE,-1.016805,-0.340955,24.925538,27.69841,50.311581,4.782663,-1.923251,0.866284,-6.496449,-4.801042,5.869675,83.171119,-4.44845,3.543201,617.75538,1.660017,1.078376,0.882269,3.482609,-1.021631,-15.713454,0.358499,-56675900,-30.667863,-15729973692.400309,-0.767895,45.616302,-4.40711,-6.878427,0,-0.05301,-1.47742,0.939292,1.078376,0.346961
04-28-25,180.830002,181.889999,179.509995,179.44902,1509900,176.432423,183.142739,184.452684,-0.529082,-0.080613,0.122361,FALSE,FALSE,-1.309945,-0.336632,29.939569,26.411181,51.232616,3.600029,-1.549896,0.991712,-6.4936,-4.293825,6.257953,85.668656,-2.802377,3.186979,593.134611,1.654798,1.081336,0.882065,3.124548,-1.130683,-15.713454,0.445484,-55166000,-44.063276,-15731560957.641115,-0.728595,53.518668,-4.998876,-7.273088,0,-0.048925,-1.366673,0.939183,1.081336,0.508586
04-29-25,180.539993,182.5,180.309998,180.460007,1741800,176.130617,182.913128,184.488072,-0.532372,-0.089636,0.12167,FALSE,FALSE,-1.574944,-0.332161,39.765291,25.027888,52.783225,1.924988,-1.159069,1.106031,-5.378006,-3.542485,7.115707,88.852498,-3.236599,2.886948,553.247716,1.655207,1.08544,0.883111,2.761436,-0.931255,-15.713454,0.524089,-53424200,-43.063546,-15733064140.604244,-0.754848,61.229182,-3.714351,-7.013917,0,-0.053035,-1.487724,0.93974,1.08544,0.782541
04-30-25,180.889999,182.75,178.619995,180.658218,1664000,175.851606,182.664979,184.518933,-0.525448,-0.098789,0.120969,FALSE,FALSE,-1.853954,-0.328,13.288281,24.187056,53.098095,2.786514,-0.823846,1.153003,-5.121862,-2.788596,7.326299,84.75378,-2.996275,2.43542,512.132814,1.654925,1.094935,0.888398,2.804499,-0.853552,-15.713454,0.499928,-51760200,6.393862,-15733085719.536057,-0.734116,53.722026,-2.998134,-6.404147,0,-0.062778,-1.802572,0.942549,1.094935,0.938548
05-01-25,182.139999,183.5,181.289993,180.499634,1483000,175.503709,182.402012,184.545876,-0.509174,-0.108045,0.120258,FALSE,FALSE,-2.143864,-0.323044,40.241583,23.155937,52.794746,1.56213,-0.564468,1.129905,-6.148866,-3.450354,6.738646,75.744807,-3.711737,2.228706,448.868324,1.654641,1.095308,0.889199,2.488618,-0.893445,-15.713454,0.449731,-53243200,-29.451501,-15735629443.131872,-0.767772,62.19225,-2.808816,-6.510163,0,-0.069285,-1.996923,0.942973,1.095308,1.113004
05-02-25,184.110001,185.399994,183.649994,183.264954,1707200,175.677162,182.212314,184.571606,-0.480193,-0.117213,0.119541,TRUE,FALSE,-2.359292,-0.31082,40.572969,21.588139,57.368412,4.585187,-0.134225,1.248119,-4.056209,-1.42758,9.858923,85.038249,1.929441,2.17989,472.412384,1.664926,1.104083,0.889864,3.458921,-0.751439,-15.713454,0.533513,-51536000,-53.344993,-15738087889.727854,-0.73502,60.099278,-2.584744,-5.580285,0,-0.051857,-1.489876,0.943326,1.104083,1.60618
05-05-25,183.759995,185.059998,183.25,182.491867,2321100,176.357592,182.05966,184.591518,-0.441554,-0.126285,0.118815,TRUE,FALSE,-2.531858,-0.2994,28.860372,20.254724,55.742387,2.644292,0.14272,1.220051,-4.099214,-1.729227,9.568014,79.620679,8.05799,2.076892,467.385289,1.66555,1.104372,0.89007,3.325427,-0.817351,-15.713454,0.76535,-53857100,-59.027361,-15742353414.841663,-0.719634,52.005498,-3.593032,-5.776853,0,-0.055871,-1.60609,0.943435,1.104372,1.312466
05-06-25,182.860001,184.199997,182.360001,181.302475,1211700,177.039013,181.878678,184.614028,-0.394432,-0.135246,0.118082,FALSE,FALSE,-2.73535,-0.29135,24.558928,19.29325,53.242094,0.447348,0.263193,1.072419,-4.877195,-1.615419,8.303595,71.28576,8.127923,2.0422,432.139423,1.66586,1.104584,0.889256,3.174626,-0.825946,-15.713454,0.435629,-55068800,-80.570521,-15744957947.843836,-0.805277,47.867936,-4.31713,-6.916262,0,-0.060504,-1.73254,0.943004,1.104584,0.986594
05-07-25,183.619995,184.759995,183.020004,182.263901,1436200,177.884965,181.712187,184.647204,-0.33887,-0.143994,0.117342,TRUE,FALSE,-2.935017,-0.280464,40.5108,18.199628,54.999212,-2.3692,0.431276,0.992401,-5.012177,-1.130569,8.236451,78.023157,10.232575,2.013695,348.71807,1.667237,1.108143,0.891839,2.892996,-0.777244,-15.713454,0.549137,-53632600,-69.818854,-15747642334.009123,-0.830978,57.69322,-4.077841,-6.890796,0,-0.05281,-1.528922,0.944372,1.108143,1.255724
05-08-25,185,186.880005,184.470001,183.453278,3225700,178.200153,181.583301,184.681689,-0.275132,-0.152436,0.116599,TRUE,FALSE,-3.098388,-0.266431,42.469751,17.335117,57.14476,1.402373,0.652929,0.971244,-4.387415,-0.379275,8.099763,78.243001,3.558438,2.040803,369.584773,1.669436,1.108806,0.891996,2.68868,-0.707167,-15.713454,1.275552,-50406900,-34.911923,-15753589727.319324,-1.043052,59.492624,-3.995265,-6.580172,0,-0.051853,-1.500329,0.944455,1.108806,1.421359
05-09-25,185.509995,185.759995,184.610001,183.413651,2030100,178.775024,181.46586,184.71954,-0.203548,-0.160524,0.115852,TRUE,FALSE,-3.253679,-0.253618,70.353433,16.532358,57.047169,3.805075,0.815987,0.907441,-3.83427,-1.456897,7.829224,71.88683,6.687814,1.958945,355.860441,1.668458,1.108403,0.891556,2.032439,-0.632581,-15.713454,0.843964,-52437000,-54.87363,-15759843693.794924,-1.208344,71.467839,-4.061791,-7.301971,0,-0.055853,-1.61373,0.944222,1.108403,1.303496
05-12-25,189.070007,189.229996,187.889999,187.27916,3788700,179.410853,181.374803,184.782773,-0.125242,-0.168033,0.115104,TRUE,TRUE,-3.40797,-0.231541,69.97088,16.829306,63.580904,8.581692,1.2428,1.067403,-2.030608,-2.0917,9.988534,82.827147,7.284819,1.91231,388.722476,1.688329,1.11643,0.886379,3.41004,-0.417378,-15.713454,1.572943,-48648300,1.737379,-15767086565.796108,-1.363138,73.682655,-2.313864,-7.726891,0,-0.038746,-1.080795,0.941477,1.11643,2.024145
05-13-25,188.949997,189.490005,188.490005,186.952057,2227500,179.923775,181.314906,184.840904,-0.043855,-0.174922,0.114356,TRUE,TRUE,-3.525998,-0.210032,63.670635,17.175205,62.711584,5.566825,1.53694,1.089235,-2.413325,-2.026341,8.814273,78.158809,5.805786,1.750048,417.589784,1.688415,1.122092,0.890188,3.072714,-0.430236,-15.713454,0.942871,-50875800,-29.321614,-15776165626.846523,-1.516474,73.479197,-2.851536,-7.146086,0,-0.060719,-1.722751,0.943498,1.122092,1.683059
05-14-25,188.570007,188.740005,187.070007,185.703217,1740400,180.399036,181.304052,184.880632,0.038725,-0.181181,0.113604,TRUE,TRUE,-3.57658,-0.188386,44.107875,16.90632,59.373822,2.326653,1.650255,0.96204,-2.583416,-3.183966,7.928534,65.162968,5.394614,1.66795,426.93986,1.688422,1.11979,0.884272,2.85771,-0.626763,-15.713454,0.732964,-52616200,16.003466,-15780754847.525404,-1.527782,67.251656,-3.796231,-8.877416,0,-0.075775,-2.094231,0.940358,1.11979,1.242372
05-15-25,187.169998,189.360001,187,187.586395,3638200,181.066084,181.298885,184.930167,0.121234,-0.186478,0.11285,TRUE,TRUE,-3.631282,-0.162258,53.940299,16.847987,62.605888,-0.975017,1.870453,0.94579,-2.358868,-2.744825,9.140245,82.487503,7.656417,1.731808,429.944816,1.693441,1.121478,0.88714,2.726454,-0.513592,-15.713454,1.563724,-48978000,-20.824356,-15782585062.189356,-1.481367,70.004529,-3.851201,-9.155783,0,-0.084951,-2.370437,0.941881,1.121478,1.516546
05-16-25,189.160004,191.089996,188.820007,189.400223,1908300,181.798053,181.367103,184.983595,0.203437,-0.19069,0.112095,TRUE,TRUE,-3.616492,-0.134341,57.110506,17.303627,65.456449,2.744864,2.16635,0.99335,-1.323506,-1.074229,9.748341,86.449291,8.376813,1.732121,441.412775,1.697425,1.123086,0.884287,3.267201,-0.289384,-15.713454,0.822589,-47069700,-6.61153,-15783517828.700521,-1.436712,70.487424,-3.936621,-6.995999,0,-0.07358,-2.022916,0.940365,1.123086,1.722236
05-19-25,189.729996,191.470001,189.529999,189.608383,2570600,182.709918,181.415403,185.036159,0.283913,-0.193914,0.111342,TRUE,TRUE,-3.620756,-0.110346,55.038942,17.834884,65.778858,6.405036,2.390096,0.973676,-1.790733,-1.041636,9.045392,85.512707,10.641997,1.693256,401.218833,1.68824,0.012239,0.008877,3.104235,-0.060283,-15.713454,1.242028,-44499100,-66.061998,-15785880702.222624,-1.504446,71.376524,98.209267,98.958364,,0.02896,0.273527,0.094216,0.012239,1.719377
05-20-25,190.960007,191.479996,190.25,189.291199,1552100,183.401746,181.512234,185.096562,0.358276,-0.196182,0.110589,TRUE,TRUE,-3.584328,-0.086458,51.569073,18.331196,64.786599,2.180712,2.512855,0.877149,-2.249838,-0.534364,8.984917,78.520152,7.886111,1.610874,388.625984,1.688329,0.012224,0.008854,2.836675,-0.105206,-15.713454,0.755087,-46051200,-15.426112,-15789852575.587881,-1.595626,76.575253,-4.622081,-6.057646,0,0.027403,0.256628,0.094094,0.012224,1.515455
05-21-25,189.660004,189.949997,187.119995,185.534714,2162700,183.832899,181.577755,185.153319,0.422284,-0.197754,0.109833,TRUE,TRUE,-3.575564,-0.068267,24.756378,17.379598,54.333182,-11.123267,2.280735,0.516023,-3.743271,-2.119391,6.529756,34.81047,4.874219,1.643035,359.581385,1.707636,0.012078,0.008446,2.593837,-0.430767,-15.713454,1.062392,-48213900,-15.499726,-15794438233.754025,-1.628316,70.230673,-5.500752,-7.211979,0,-0.008309,-0.076916,0.091903,0.012078,0.473277
05-22-25,186.820007,187.570007,185.669998,185.009415,2925500,184.122813,181.646587,185.228398,0.474316,-0.198685,0.109074,TRUE,FALSE,-3.581811,-0.051828,9.638708,16.329974,53.044275,-12.734583,2.030979,0.213013,-2.690424,-2.839409,6.597266,29.050608,3.235446,1.537086,343.36582,1.707405,0.012103,0.008482,2.51967,-0.418528,-15.713454,1.39041,-51139400,87.748684,-15799397973.444353,-1.686615,62.455201,-5.963431,-7.932165,0,-0.00687,-0.063607,0.092098,0.012103,0.258209
05-23-25,184.910004,186.729996,184.690002,184.622849,2223400,184.412231,181.730387,185.294414,0.51336,-0.198951,0.108311,TRUE,FALSE,-3.564027,-0.036788,12.031303,15.70724,52.065445,-12.721155,1.781319,-0.029317,-3.009552,-2.706289,6.219751,24.811942,3.236714,1.549202,320.048159,1.707138,0.0121,0.008482,2.415854,-0.401036,-15.713454,1.032504,-53362800,79.828534,-15801767756.327526,-1.666989,62.598939,-6.203308,-7.635649,0,-0.005083,-0.047069,0.092099,0.0121,0.065808
05-27-25,188.029999,189.320007,187.259995,187.645889,3682600,184.822074,181.809313,185.37911,0.542564,-0.198329,0.10755,TRUE,TRUE,-3.569797,-0.012218,32.454397,15.009698,58.512883,4.179702,1.80657,-0.003253,-1.543929,-1.449745,8.298413,54.679547,4.567798,1.633004,305.288668,1.711531,0.012236,0.008631,2.131245,-0.35484,-15.713454,1.628,-49680200,143.896947,-15804070659.960726,-1.60275,68.643026,-6.007638,-7.990911,0,0.000023,0.000211,0.092903,0.012236,0.924966
05-28-25,189.220001,189.429993,187.539993,186.139328,2495700,185.10604,181.809353,185.441771,0.558443,-0.196914,0.10679,TRUE,TRUE,-3.632419,0.006921,19.289601,14.400456,54.573334,1.529059,1.685585,-0.09939,-1.979096,-3.332665,9.001553,23.813525,3.147136,1.586069,288.532599,1.709978,0.012117,0.008482,1.92603,-0.327345,-15.713454,1.085212,-52175900,43.282811,-15810265451.469893,-1.678483,62.684902,-6.032782,-8.41075,0,0.002568,0.023742,0.092099,0.012117,0.358118
05-29-25,188.509995,188.630005,186.940002,186.83313,3228000,185.414786,181.83651,185.507023,0.56083,-0.194649,0.106032,TRUE,TRUE,-3.670512,0.021135,17.248382,13.587174,56.04116,3.975716,1.626933,-0.126434,-1.295685,-3.757577,8.800489,32.359983,3.418008,1.498922,270.934308,1.691755,0.012111,0.008659,1.763492,0.032142,-15.713454,1.35748,-48947900,93.990385,-15813901716.701572,-1.699289,53.821737,-5.822087,-8.270678,0,0.041569,0.388466,0.093055,0.012111,0.523501
05-30-25,187.929993,189.169998,187.110001,186.952057,3602100,185.737407,181.839483,185.576628,0.547952,-0.191608,0.105276,TRUE,TRUE,-3.737145,0.038222,17.984748,13.043846,56.30181,-2.211073,1.571928,-0.145151,-2.543863,-4.402262,9.558605,33.314531,3.574757,1.49912,246.654514,1.688181,0.011895,0.008384,1.577233,-0.092353,-15.713454,1.450185,-45345800,142.892785,-15818056175.699823,-1.659227,61.068157,-5.693818,-8.892146,0,0.028009,0.26226,0.091562,0.011895,0.49245
06-02-25,188.289993,188.960007,186.639999,187.239502,3702200,185.936134,181.857721,185.639322,0.525263,-0.187763,0.104524,TRUE,TRUE,-3.781601,0.052685,-0.246375,12.32837,56.965983,2.392649,1.533848,-0.146585,-1.425368,-4.231239,10.979632,37.547894,2.168744,1.36344,241.646181,1.683216,0.011971,0.008547,1.578406,0.086802,-15.713454,1.43294,-41643600,116.858013,-15819845038.300123,-1.582209,51.150273,-7.020982,-9.563932,0,0.047079,0.442167,0.092452,0.011971,0.53937
06-03-25,188.75,190.199997,188.190002,188.329788,1737100,186.22803,181.914415,185.704146,0.502061,-0.183047,0.103776,TRUE,TRUE,-3.789731,0.070907,8.171789,12.172191,59.48158,3.44042,1.573509,-0.085539,1.118885,-3.770232,11.030537,53.605145,3.199003,1.383979,232.954708,1.682829,0.011913,0.008465,1.543909,0.076588,-15.713454,0.680032,-39906500,-25.160484,-15821340523.853579,-1.546075,50.511536,-6.377723,-8.615023,0,0.046055,0.432637,0.092005,0.011913,0.902217
06-04-25,190.309998,190.440002,189.259995,187.596329,1348100,186.542723,181.9049,185.754365,0.479271,-0.177503,0.103033,TRUE,TRUE,-3.849465,0.083212,11.58276,12.123847,57.064904,0.763094,1.52814,-0.104726,-0.132252,-4.370501,8.862611,42.803081,3.471466,1.40166,203.572716,1.672385,0.011895,0.008547,1.470065,0.247331,-15.212692,0.526343,-41254600,11.256912,-15826489933.591982,-1.591638,54.716898,-5.97895,-8.121816,0,0.064081,0.605768,0.092449,0.011895,0.517557
06-05-25,189.630005,189.809998,188.389999,187.239502,1877000,186.791503,181.896376,185.800212,0.4591,-0.171009,0.102295,TRUE,TRUE,-3.903836,0.091044,-2.341047,11.636677,55.875516,-1.090468,1.446716,-0.148921,0.672188,-3.985325,9.365478,37.547894,2.729888,1.349279,177.228467,1.664893,0.011941,0.008693,1.480322,0.406987,-14.779315,0.72659,-43131600,30.692104,-15831408463.835585,-1.621301,47.071232,-6.337032,-7.870578,0,0.080888,0.768161,0.093236,0.011941,0.25278
06-06-25,190.330002,191.139999,190.070007,189.073151,1447400,187.072497,181.925516,185.84844,0.434527,-0.163547,0.101562,TRUE,TRUE,-3.922924,0.100435,-2.204333,11.750932,60.438703,0.957123,1.512709,-0.066342,1.004189,-2.549478,10.877467,64.553056,3.063381,1.351188,165.691348,1.668074,0.012218,0.009066,1.481953,0.62166,-14.68,0.580263,-41684200,-55.129119,-15835552800.418446,-1.642952,46.362344,-5.60999,-6.800635,0,0.104397,0.989742,0.095213,0.012218,1.207458
06-09-25,191.119995,191.619995,190.199997,189.142532,2505100,187.358941,181.965162,185.900824,0.409782,-0.155185,0.100834,TRUE,TRUE,-3.935662,0.107598,-3.169287,12.052442,60.604718,3.539814,1.552709,-0.021074,2.544247,-2.400108,10.414282,64.250139,3.123476,1.368708,147.646038,1.665511,0.012249,0.009142,1.344493,0.727747,-14.615749,0.994824,-39179100,23.397862,-15841788968.002073,-1.627102,46.261721,-5.182665,-6.310918,0,0.115523,1.096968,0.095612,0.012249,1.208019
06-10-25,191.080002,191.860001,190.940002,189.856171,2102800,187.487791,182.069829,185.95204,0.384008,-0.145995,0.100109,TRUE,TRUE,-3.882211,0.120984,3.742684,12.432623,62.354588,6.479072,1.623281,0.039599,4.168537,-1.643158,11.013687,72.052574,1.376027,1.395387,157.808198,1.650661,0.011763,0.008576,1.59313,0.504572,-14.615749,0.863984,-37076300,-44.498113,-15848846302.823694,-1.679645,47.12592,-4.796799,-5.680817,0,0.090747,0.869176,0.092608,0.011763,1.500796
06-11-25,191.800003,192.009995,190.679993,189.608383,1648100,187.620608,182.132074,186.004067,0.356084,-0.136057,0.099387,TRUE,TRUE,-3.871993,0.137754,35.158242,12.625461,61.335852,0.897148,1.640308,0.0453,4.428413,-1.435604,11.089938,67.191067,1.42086,1.371737,164.114219,1.642528,0.011422,0.008164,1.472825,0.272292,-14.615749,0.685318,-38724400,-26.011223,-15853150218.132942,-1.600598,47.787181,-4.265716,-5.78393,0,0.065592,0.631203,0.090357,0.011422,1.211215
06-12-25,190.699997,191.75,190.229996,190.044495,2029100,187.837672,182.208195,186.046751,0.327192,-0.125424,0.098668,TRUE,TRUE,-3.838557,0.153923,43.792892,12.52174,62.497193,1.892475,1.669744,0.05979,5.327004,-0.589864,11.060644,73.14888,2.337751,1.372586,166.11681,1.641852,0.011502,0.008287,1.384527,0.366788,-14.615749,0.838712,-36695300,16.588141,-15855674580.266155,-1.548373,48.974117,-4.684253,-5.417002,0,0.075538,0.72727,0.091034,0.011502,1.328477
06-13-25,190.539993,191.410004,189.380005,188.151382,2226100,187.865921,182.222071,186.078798,0.298049,-0.114306,0.097951,TRUE,TRUE,-3.856727,0.168986,27.134161,11.906285,54.802124,-7.552464,1.522761,-0.069755,2.423403,-1.123069,10.687716,28.144961,0.301188,1.386017,166.147405,1.645023,0.01118,0.007793,1.185944,0.090698,-14.615749,0.947801,-38921400,-38.813149,-15860595299.035229,-1.660711,48.896448,-5.412285,-5.937139,0,0.046373,0.445488,0.088277,0.01118,0.171812
06-16-25,190.149994,191.240005,189.839996,189.492371,5833600,187.870528,182.416001,186.117403,0.270305,-0.102608,0.097238,TRUE,TRUE,-3.701403,0.185367,16.308826,11.334792,58.682872,-2.65298,1.497223,-0.076234,1.802447,-0.212398,11.291189,53.116831,0.048652,1.315575,166.607411,1.646973,0.011351,0.008016,1.139609,0.245998,-14.615749,2.292212,-33087800,205.696169,-15869325893.622753,-1.68584,52.044487,-5.464785,-4.69207,0,0.062971,0.604293,0.089532,0.011351,0.973451
06-17-25,189.710007,190.089996,188.600006,187.929367,1850000,187.786578,182.796923,186.149854,0.246627,-0.090527,0.09653,TRUE,TRUE,-3.352931,0.197598,15.73188,10.985365,52.973649,-9.523544,1.335469,-0.190391,1.323151,-0.608945,10.748001,24.010593,-0.885518,1.311313,161.542929,1.649593,0.011297,0.007915,1.041912,0.184979,-14.615749,0.737365,-34937800,-28.032366,-15872841249.800043,-1.733017,52.97629,-6.074551,-5.911186,0,0.056471,0.541025,0.088966,0.011297,0.088391
06-18-25,189.149994,190.320007,188.679993,188.287766,1900300,187.736406,183.209197,186.179408,0.225522,-0.078121,0.095825,TRUE,TRUE,-2.970212,0.214649,13.17245,10.512585,54.076933,-0.725191,1.222109,-0.243001,0.794611,-0.139364,11.582102,30.684686,-0.5301,1.305022,158.146475,1.640146,0.010914,0.007467,0.970905,-0.007296,-14.615749,0.752193,-33037500,22.434122,-15875650504.238077,-1.698064,60.622367,-5.072582,-5.962363,0,0.035807,0.344943,0.086411,0.010914,0.348639
06-20-25,189.929993,190.330002,189.070007,188.576462,1514600,187.888493,183.673829,186.202741,0.206879,-0.065496,0.095123,TRUE,TRUE,-2.528912,0.231472,14.48708,10.066777,54.992915,-3.689957,1.142397,-0.25817,1.20692,0.510991,11.167714,36.060785,1.63945,1.291864,150.289577,1.639957,0.010974,0.00755,0.892271,0.052299,-14.615749,0.607312,-31522900,-29.967171,-15878351655.542952,-1.682346,58.071588,-4.478628,-5.517989,0,0.042225,0.406841,0.08689,0.010974,0.457762
06-23-25,189.75,191.130005,188.550003,190.139481,2061700,188.144997,183.933628,186.245411,0.19038,-0.052594,0.094425,TRUE,TRUE,-2.311784,0.250723,23.221457,9.585472,59.681752,6.708103,1.191611,-0.167165,2.503791,2.058103,11.658446,51.033565,2.772867,1.291012,142.121499,1.643249,0.011142,0.007755,0.840813,0.189897,-14.615749,0.841253,-29461200,-29.526577,-15877873027.235552,-1.601042,68.010683,-3.966454,-4.504621,0,0.056771,0.545957,0.088064,0.011142,1.403365
06-24-25,191.639999,192.990005,191.460007,191.712448,1554200,188.499477,184.329553,186.296289,0.177466,-0.039388,0.09373,TRUE,TRUE,-1.966736,0.27164,26.078558,10.204194,63.772163,9.69523,1.342069,-0.013366,1.935623,5.696403,12.253818,72.22705,3.840045,1.276322,138.003147,1.645981,0.011354,0.008029,1.508782,0.361619,-14.615749,0.642951,-27907000,-30.098048,-15878914358.285717,-1.595725,67.843662,-3.586561,-3.92723,0,0.075144,0.721569,0.089602,0.011354,2.328187
06-25-25,192.440002,192.539993,191.25,190.627289,1972600,188.648547,184.650847,186.34887,0.167006,-0.026089,0.093039,TRUE,TRUE,-1.698023,0.286225,22.750278,10.623148,59.30229,4.309376,1.358089,0.002123,1.578122,5.413605,11.631209,48.636662,1.588844,1.252853,144.258151,1.637659,0.011295,0.008027,1.403582,0.491036,-14.615749,0.84596,-29879600,-46.434584,-15882791402.425247,-1.68799,62.015672,-3.128012,-4.123931,0,0.088262,0.851851,0.089592,0.011295,1.371668
06-26-25,191.919998,193.009995,191.919998,191.981232,1255800,188.940642,184.956599,186.417156,0.159449,-0.012631,0.092352,TRUE,TRUE,-1.460557,0.30587,33.112974,11.267008,62.805265,3.123513,1.46317,0.085764,2.326602,4.840579,11.499484,76.933525,3.138457,1.250307,149.813931,1.635142,0.01121,0.00793,1.379703,0.442538,-14.615749,0.553266,-28623800,-49.681452,-15883906106.437342,-1.622187,67.48261,-3.832857,-4.667573,0,0.083003,0.802282,0.089053,0.01121,2.029578
06-27-25,193.110001,194.429993,192.630005,192.508865,5873100,189.224429,185.282816,186.479144,0.155054,0.000988,0.091668,TRUE,TRUE,-1.196328,0.325639,26.400469,12.562311,64.102008,0.329845,1.570915,0.154807,2.857791,4.964652,12.629993,67.327709,3.037864,1.193015,161.120944,1.635156,0.011284,0.008034,1.5538,0.509362,-14.615749,2.445037,-22750700,81.942379,-15890569727.96764,-1.595887,71.749126,-3.169729,-3.707422,0,0.090224,0.87213,0.089632,0.011284,2.038492
06-30-25,194.029999,194.5,193.350006,193.365036,3622200,189.545078,185.665208,186.547172,0.154606,0.014731,0.09099,TRUE,TRUE,-0.881964,0.348529,30.596459,13.797415,66.163451,6.86116,1.705727,0.231695,4.73516,4.57051,13.604758,80.924965,3.43028,1.167205,176.588375,1.634105,0.011209,0.007935,1.860349,0.475711,-14.615749,1.507331,-19128500,0.558008,-15894097246.891293,-1.582175,72.687216,-3.631564,-4.374989,0,0.086654,0.83811,0.089078,0.011209,2.163199
07-01-25,194.020004,196.539993,194,195.157028,3812600,189.940954,186.073132,186.625282,0.157224,0.028553,0.090318,TRUE,TRUE,-0.55215,0.361043,35.626479,15.783326,70.041249,7.235984,1.934861,0.368663,4.644004,5.359674,14.637837,82.691279,4.228555,1.173231,208.114991,1.543892,0.001346,0.000251,2.593657,1.362732,-14.615749,1.582928,-15315900,2.982011,-15894436384.396173,-1.548454,74.003071,104.644004,,,0.158099,1.612547,0.015841,0.001346,2.506342
07-02-25,195.960007,196.440002,195.330002,195.515427,2172000,190.300236,186.556019,186.701132,0.163562,0.042392,0.089652,TRUE,TRUE,-0.145113,0.354794,39.407629,17.627387,70.762934,6.660925,2.120923,0.44378,4.981245,6.215303,14.749637,87.176872,3.815455,1.139266,238.625159,1.310455,0.000936,0.000169,2.636187,2.867954,-14.615749,0.893709,-13143900,25.03598,-15895882722.316305,-1.533588,78.750495,-2.097143,-2.956162,0,0.264055,3.147152,0.012992,0.000936,2.185516
07-03-25,196.809998,197.710007,196.460007,196.530884,1112200,190.746964,186.977544,186.774686,0.175127,0.056275,0.088993,TRUE,TRUE,0.202858,0.346681,41.662371,19.789676,72.764798,6.601347,2.323533,0.517112,4.840199,7.84244,16.084154,87.127484,4.762649,1.135304,267.255333,1.304671,0.001075,0.000225,2.959768,3.131194,-14.615749,0.459867,-12031700,-17.498702,-15896868795.143454,-1.454996,83.724305,-1.774123,-2.880653,0,0.28576,3.421435,0.014987,0.001075,2.164193
07-07-25,196.929993,197.259995,194.899994,195.007706,2110900,191.135374,187.339465,186.833592,0.189847,0.070041,0.08834,TRUE,TRUE,0.505873,0.330519,45.110342,20.478359,65.518164,-4.523085,2.334287,0.422293,8.460597,6.729178,14.73442,70.498909,4.148806,1.156259,270.031843,1.293772,0.001049,0.000218,2.739455,3.28315,-14.615749,0.868604,-14142600,12.461375,-15898787009.751154,-1.386264,83.831421,-2.16748,-3.329139,0,0.296239,3.577041,0.014749,0.001049,1.434028
07-08-25,195.820007,196.369995,195.509995,194.848419,1655900,191.424137,187.65221,186.891604,0.206597,0.083606,0.087694,TRUE,TRUE,0.760606,0.332456,38.210263,21.11785,64.791479,-5.971454,2.303404,0.313128,15.374613,6.855563,14.634106,68.759974,3.054515,1.09392,277.592023,0.929889,-0.001963,0.00147,2.576975,2.513338,-14.615749,0.678468,-15798500,14.40514,-15902990588.333862,-1.381557,76.636544,0.035815,-2.07397,0,0.162081,2.724623,-0.038338,-0.001963,1.233566
07-09-25,196.490005,196.520004,195.259995,195.386002,1334300,191.736311,187.983241,186.953965,0.225785,0.096985,0.087052,TRUE,TRUE,1.029276,0.325421,57.394566,21.50197,66.155808,-6.60899,2.295842,0.244453,16.52727,6.144992,15.122369,74.628775,3.300934,1.097548,285.574705,0.835021,-0.001898,0.001709,2.301479,3.822325,-14.615749,0.560135,-14464200,-46.736657,-15904058015.407104,-1.307017,81.958175,-0.726385,-2.250363,0,0.218083,4.086107,-0.041338,-0.001898,1.278016
07-10-25,196.279999,197.779999,195.899994,196.461197,1184500,192.066562,188.323484,187.012423,0.245142,0.110104,0.086417,TRUE,TRUE,1.311061,0.323329,59.622311,22.434161,68.76297,3.244806,2.349525,0.238509,18.81905,6.849408,15.622811,85.711782,3.478963,1.091664,300.48981,0.818064,-0.002218,0.002428,2.010052,3.581684,-14.615749,0.507022,-13279700,-43.670344,-15904535341.757666,-1.191877,81.581571,-0.866991,-2.310168,0,0.199939,3.824811,-0.049277,-0.002218,1.462491
07-11-25,196.309998,196.690002,195.679993,195.425827,1233100,192.357434,188.622801,187.06844,0.263867,0.122867,0.085785,TRUE,TRUE,1.554361,0.321935,47.382899,23.105674,63.676072,-1.115407,2.282216,0.136959,10.316882,6.446281,15.033291,74.494335,3.068136,1.059719,303.582753,0.812213,-0.002556,0.003268,1.700817,3.038152,-14.615749,0.532555,-14512800,-25.180511,-15906389052.91007,-1.149648,77.421076,-3.13483,-2.682133,0,0.168655,3.250148,-0.057164,-0.002556,1.010727
07-14-25,196.130005,196.710007,195.690002,195.754364,1454000,192.642928,188.924724,187.1219,0.282975,0.135185,0.08516,TRUE,TRUE,1.802824,0.319198,42.469845,23.738831,64.571689,-1.584119,2.22968,0.067539,13.866144,6.504995,14.14403,68.979554,3.004491,1.010658,307.509555,0.810045,-0.002461,0.003045,1.465771,3.192801,-14.615749,0.635855,-13058800,-28.342615,-15907659560.098127,-1.136689,77.013383,-3.791087,-2.652783,0,0.17669,3.413981,-0.055181,-0.002461,1.011818
07-15-25,196.699997,196.880005,194.080002,193.265503,2119700,192.898634,189.180041,187.162476,0.298956,0.146858,0.084539,TRUE,TRUE,2.017565,0.307985,10.985928,22.949789,53.758006,-15.004964,1.964569,-0.158058,10.714158,6.674541,11.467745,30.865288,2.718088,1.021806,288.8944,0.814702,-0.002445,0.00297,1.384309,3.121536,-14.615749,0.929137,-15178500,-4.779659,-15911012468.269199,-1.104978,70.587159,-3.457902,-3.293468,0,0.173904,3.340667,-0.054498,-0.002445,0.126991
07-16-25,194.649994,195.059998,192.869995,193.952423,3168700,193.121636,189.39379,187.212707,0.310627,0.157919,0.083922,TRUE,TRUE,2.181084,0.297715,24.202993,21.366046,55.950617,-7.725456,1.789269,-0.266686,9.767654,6.100036,11.156424,34.683016,2.353684,1.051332,278.234276,0.814887,-0.002432,0.002939,1.180987,3.140191,-14.615749,1.475104,-12009800,-45.681912,-15911048852.550573,-0.971151,67.912264,-3.787368,-5.264425,0,0.174976,3.36049,-0.054211,-0.002432,0.298593
07-17-25,194.660004,196.199997,194.610001,195.137115,4140200,193.482024,189.646695,187.262479,0.318225,0.168511,0.083312,TRUE,TRUE,2.384217,0.282575,23.257571,20.582058,59.515897,-5.055793,1.726041,-0.263931,10.74876,5.833874,11.436226,48.681817,3.83535,1.040003,252.974004,0.767757,-0.002055,0.002369,1.02365,4.211868,-14.615749,1.829818,-7869600,123.794595,-15912443938.080601,-0.875147,70.581156,-2.996583,-6.611125,0,0.220237,4.491147,-0.048671,-0.002055,0.654254
07-18-25,196.669998,196.729996,195.460007,195.007706,1282400,193.818021,189.9208,187.308216,0.321266,0.178577,0.082705,TRUE,TRUE,2.612584,0.272824,18.972217,20.150179,58.954568,5.196562,1.64651,-0.27477,11.91553,4.565896,9.481762,43.537861,3.568973,1.009344,223.231786,0.714018,-0.002627,0.004468,0.889724,3.62133,-14.615749,0.57462,-9152000,-32.515919,-15914639780.368237,-0.873519,66.201344,-1.451352,-6.46063,0,0.176082,3.864305,-0.066845,-0.002627,0.532937
07-21-25,196.490005,197.100006,195.740005,194.957916,1844800,194.137093,190.17468,187.351201,0.322121,0.188059,0.082104,TRUE,TRUE,2.823479,0.264374,12.882513,19.954339,58.725078,2.774461,1.561464,-0.287853,11.556985,3.895896,9.214286,42.52382,3.384014,1.013308,187.041921,0.709312,-0.002791,0.005108,0.807475,3.326082,-14.615749,0.820551,-10996800,21.801136,-15918606341.500977,-0.895247,64.145572,-1.233656,-6.726081,0,0.160759,3.552073,-0.071469,-0.002791,0.438844
07-22-25,195.889999,197.679993,195.889999,196.620483,1699500,194.461143,190.438024,187.406132,0.322259,0.197033,0.081506,TRUE,TRUE,3.031893,0.261544,11.96098,20.089246,63.793355,4.277458,1.609664,-0.191722,14.733761,4.043157,11.210372,76.384633,3.408552,0.988287,169.452743,0.699465,-0.00292,0.005748,0.82275,3.203826,-14.615749,0.762061,-9297300,-17.568026,-15918918732.864811,-0.920252,61.310337,0.980248,-5.717042,0,0.152587,3.419999,-0.075816,-0.00292,1.274302
07-23-25,198.210007,199.029999,197.929993,198.143677,3042400,194.782705,190.732625,187.468776,0.32309,0.205562,0.080912,TRUE,TRUE,3.263848,0.259605,19.613749,20.876767,67.705888,8.75132,1.750593,-0.040635,12.931561,3.604694,12.819699,85.611664,3.354622,1.021301,175.461393,0.702252,-0.002748,0.005055,1.474676,3.562158,-14.615749,1.320174,-6254900,95.753442,-15920779116.78491,-0.908309,62.596724,0.674135,-5.399316,0,0.170137,3.797535,-0.071097,-0.002748,1.915505
07-24-25,198.720001,199.289993,198.300003,197.436844,2992200,195.123183,190.935779,187.531814,0.32169,0.213456,0.080323,TRUE,TRUE,3.403964,0.256476,6.920261,21.726188,64.236916,5.511838,1.784672,-0.005245,11.601945,3.84065,11.826522,71.134736,3.572183,0.987033,155.518148,0.70519,-0.002868,0.005456,1.461655,3.284555,-14.615749,1.27029,-9247100,51.688127,-15928989034.713394,-0.980623,54.694403,0.142897,-5.002951,0,0.157643,3.504175,-0.073865,-0.002868,1.487711
07-25-25,198.539993,199.220001,197.850006,198.193451,2740000,195.433794,191.160606,187.591861,0.319603,0.220814,0.079737,TRUE,TRUE,3.568746,0.255301,25.848158,22.10866,66.231379,2.438024,1.851389,0.049178,10.592152,3.539899,12.710163,82.919896,3.235847,0.962475,151.446199,0.703833,-0.002901,0.005604,1.42046,3.22316,-14.615749,1.127695,-6507100,118.187609,-15930355250.52022,-0.955848,62.74262,-0.276388,-5.180791,0,0.154431,3.439585,-0.074863,-0.002901,1.822203
07-28-25,199.210007,199.210007,197.919998,197.317368,2342800,195.674219,191.392889,187.653811,0.315668,0.227747,0.079155,TRUE,TRUE,3.739079,0.252041,18.93127,22.463812,61.924958,-5.780929,1.812676,0.008372,10.335187,3.167319,12.990056,69.273734,2.497808,0.964132,140.328314,0.708077,-0.002987,0.005866,1.352108,2.997635,-14.615749,1.039756,-8849900,-60.109652,-15934886939.905378,-0.98342,61.276856,-0.212158,-5.070318,0,0.144633,3.202096,-0.076592,-0.002987,1.170932
07-29-25,198.509995,198.619995,197.699997,197.168045,2117600,195.864369,191.584522,187.714032,0.309813,0.234149,0.078578,TRUE,TRUE,3.87049,0.247341,14.083536,22.578334,61.194609,-3.042307,1.749776,-0.043623,9.874127,2.739341,12.458037,66.947837,1.966751,0.951496,132.964015,0.708009,-0.002988,0.005874,1.305371,3.002442,-14.615749,0.972273,-10967500,-41.538292,-15939453373.806494,-1.041238,55.473908,-0.578184,-6.062012,0,0.144854,3.207311,-0.076645,-0.002988,0.980473
07-30-25,198.300003,198.559998,196.190002,196.192413,2657400,195.916138,191.720366,187.762796,0.301445,0.24005,0.078004,TRUE,TRUE,3.95757,0.244803,-2.14105,21.362967,56.505397,-9.725982,1.602726,-0.152538,8.717946,2.871088,10.37077,51.751077,0.53054,0.955354,132.077721,0.68904,-0.003384,0.007949,1.312342,2.306835,-14.615749,1.253355,-13624900,-30.299533,-15942105367.301214,-1.124147,49.369771,-0.740042,-4.765896,0,0.108524,2.471092,-0.089158,-0.003384,0.209176
07-31-25,196.440002,197.490005,194.979996,194.549744,3601300,195.867854,191.819193,187.806392,0.289076,0.245307,0.077432,TRUE,TRUE,4.012802,0.237543,-6.656603,20.299488,49.612151,-12.312807,1.338213,-0.333641,7.689396,2.173693,9.494796,26.164315,-0.493917,1.018493,135.344461,0.696582,-0.003447,0.008067,1.350696,2.124068,-14.615749,1.643157,-17226200,65.805709,-15946941297.396778,-1.164819,46.065965,-1.682999,-4.875929,0,0.10115,2.278203,-0.089819,-0.003447,-0.973893
08-01-25,193.759995,193.820007,191.639999,191.901581,3357700,195.636389,191.871401,187.82624,0.272081,0.249925,0.076858,TRUE,TRUE,4.045161,0.223255,-24.887585,21.003179,40.941088,-20.253521,0.904473,-0.613905,6.316881,-0.220402,7.378784,3.419368,-2.355509,1.093053,160.631368,0.71548,-0.003501,0.007883,1.56079,1.80563,-14.615749,1.457354,-20583900,201.897141,-15949493209.561768,-1.142038,39.865953,-1.964447,-4.885079,0,0.088691,1.944356,-0.088789,-0.003501,-2.32508
08-04-25,193.570007,194.869995,193.410004,193.942459,1909400,195.583127,192.039556,187.850057,0.253105,0.254105,0.076286,TRUE,TRUE,4.189499,0.213354,4.503206,20.922729,48.422772,-8.082625,0.717146,-0.640985,5.826267,1.533733,8.289974,30.097537,-0.546259,1.087753,164.544103,0.724208,-0.00567,0.029716,1.524164,1.978668,-14.615749,0.832383,-18674500,-9.545691,-15950009902.19779,-1.116505,45.217691,105.826267,101.533733,,0.080833,1.770355,-0.172384,-0.00567,-0.997099
08-05-25,194.899994,195.300003,193.800003,193.733398,1312900,195.527376,192.214036,187.876659,0.231204,0.257858,0.075713,TRUE,TRUE,4.337377,0.204477,-1.504817,20.559937,47.755388,-1.856763,0.54553,-0.650081,6.160018,1.808291,9.323772,27.364715,-0.57225,1.063487,168.993279,0.72113,-0.005783,0.031181,1.53549,1.708147,-14.615749,0.576657,-19987400,-20.713811,-15951439395.795202,-1.063993,51.288731,-3.551994,-7.348378,0,0.070177,1.532044,-0.17658,-0.005783,-1.061567
08-06-25,194.869995,195.149994,194.070007,193.783173,1332700,195.447234,192.397242,187.896096,0.206917,0.261233,0.075142,TRUE,TRUE,4.501146,0.195044,-10.089006,20.223058,47.93936,6.998272,0.408827,-0.629427,6.883909,1.670972,11.252458,28.015359,-0.82034,1.032584,173.441009,0.721028,-0.005774,0.031114,1.594227,1.725742,-14.615749,0.585374,-18654700,-0.119913,-15953480002.054209,-1.085403,47.058677,-4.751644,-9.339349,0,0.071186,1.554265,-0.176391,-0.005774,-0.95944
08-07-25,195.679993,196.139999,194.020004,193.803085,1662300,195.314329,192.520386,187.916713,0.180365,0.264067,0.074572,TRUE,TRUE,4.603673,0.191618,-9.050161,19.228169,48.018223,-0.404549,0.298653,-0.591681,6.331031,1.001532,14.006021,28.275656,-1.352996,1.060634,175.435124,0.670864,-0.006219,0.041656,1.645453,1.027668,-14.615749,0.722565,-16992400,40.337695,-15955482476.764868,-1.107279,47.658752,-3.649472,-7.951384,0,0.031924,0.753144,-0.204098,-0.006219,-0.861426
08-08-25,195.229996,196.089996,195.020004,194.788681,853900,195.282471,192.693373,187.939951,0.153067,0.266279,0.074004,TRUE,TRUE,4.753423,0.188891,-1.187925,18.304343,51.901913,4.146525,0.287554,-0.482224,6.178905,1.520396,13.632707,41.15927,-0.32603,1.062404,175.800115,0.672622,-0.006093,0.039789,1.65165,1.293725,-14.615749,0.374256,-16138500,-30.751764,-15956705588.69248,-1.102661,46.017124,-3.31546,-7.544586,0,0.04453,1.04691,-0.199473,-0.006093,-0.280882
08-11-25,196.059998,196.449997,194.800003,194.280945,1122700,195.208801,192.842329,187.969192,0.124826,0.267863,0.073439,TRUE,TRUE,4.873138,0.18278,-17.870722,17.191432,49.836235,1.896875,0.235078,-0.42776,5.925019,1.863569,13.809838,34.52219,-0.752688,1.026181,176.80292,0.667072,-0.006012,0.039384,1.720847,1.466048,-14.615749,0.495667,-17261200,-22.78542,-15958534650.907879,-1.123056,41.399397,-3.4182,-7.72843,0,0.05207,1.234245,-0.198453,-0.006012,-0.524797
08-12-25,195.759995,197.380005,195.669998,196.411407,1342600,195.366096,193.031516,188.011982,0.099011,0.268843,0.072879,TRUE,TRUE,5.019535,0.182876,-12.645473,16.396102,57.48277,9.464547,0.361236,-0.241281,4.876276,2.746649,13.135574,62.371397,1.627763,1.040127,172.546927,0.669118,-0.006016,0.039194,1.737532,1.494191,-14.615749,0.603097,-15918600,-36.660848,-15958713026.088797,-1.071357,37.938787,-3.845541,-6.283128,0,0.053432,1.26254,-0.197975,-0.006016,0.605813
08-13-25,197.809998,199.309998,197.690002,198.352737,1924800,195.586111,193.253781,188.066246,0.07615,0.269315,0.072323,TRUE,TRUE,5.187535,0.188739,6.133259,16.733832,63.015112,11.113199,0.610826,0.006647,6.098184,3.53769,14.138248,87.519422,2.26876,1.093048,181.399617,0.669606,-0.006012,0.03908,1.80103,1.501584,-14.615749,0.889472,-13993800,-39.255846,-15959062966.650925,-1.109394,46.28055,-2.628882,-5.665829,0,0.053833,1.270999,-0.197686,-0.006012,1.525155
08-14-25,198.210007,198.820007,197.649994,197.77533,1968400,195.718022,193.442692,188.119685,0.057158,0.269276,0.071773,TRUE,TRUE,5.323007,0.19351,-2.833947,17.016569,60.493821,10.657586,0.753351,0.119338,6.500756,3.749398,14.300595,79.991286,1.35198,1.074094,187.454037,0.671294,-0.00879,0.056432,1.802582,1.339762,-14.615749,0.957677,-15962200,-52.456403,-15960609643.663889,-1.171693,37.509698,-1.528682,-5.590236,0,0.047781,1.135476,-0.237555,-0.00879,1.0975
08-15-25,199.160004,199.25,198.210007,197.406967,1596800,195.837985,193.638905,188.177517,0.041822,0.268568,0.071228,TRUE,TRUE,5.461388,0.196686,0.628932,17.503765,58.875407,1.392636,0.827046,0.154426,5.235226,2.752866,12.997131,75.188646,1.230342,1.08278,190.324229,0.671413,-0.00883,0.056837,1.801688,1.332049,-14.615749,0.770988,-17559000,24.516532,-15964672408.726906,-1.20787,44.609214,-1.758643,-5.837708,0,0.043603,1.044267,-0.238404,-0.00883,0.824373
08-18-25,198.289993,198.690002,197.979996,197.42688,1896500,195.961433,193.842652,188.229901,0.03025,0.267192,0.070689,TRUE,TRUE,5.612752,0.193077,1.833511,17.758596,58.939357,-4.075755,0.876948,0.163462,4.237934,2.858339,12.580595,75.448264,1.266409,1.081962,192.312203,0.614851,-0.008589,0.06418,1.798934,2.312877,-14.615749,0.914551,-15662500,2.802472,-15969523765.854412,-1.227698,44.981409,-2.460313,-6.628056,0,0.078952,2.073564,-0.253338,-0.008589,0.762014
08-19-25,198.309998,199.720001,198.309998,198.064026,1815900,196.033611,194.02247,188.290625,0.022082,0.265163,0.070156,TRUE,TRUE,5.731845,0.188961,13.583659,18.543425,61.027654,0.533834,0.956878,0.194713,4.45953,2.588939,11.552378,79.50526,0.734177,1.075709,197.553359,0.613334,-0.008481,0.0629,1.775654,2.579944,-14.615749,0.873232,-13846600,6.849073,-15971973224.454502,-1.275646,53.602839,,-6.092217,0,0.089721,2.360773,-0.250798,-0.008481,1.027781
08-20-25,199.059998,199.520004,198.330002,198.263138,2717400,196.039584,194.204882,188.353425,0.016712,0.262498,0.069631,TRUE,TRUE,5.851456,0.183791,30.104889,19.272195,61.68349,2.808084,1.024479,0.209852,4.739755,2.38328,11.339957,81.969516,0.06029,1.036655,198.241778,0.611858,-0.008428,0.062427,1.700153,2.719986,-14.217908,1.317039,-11129200,-10.682356,-15974995995.711618,-1.313861,66.506106,-1.894155,-6.780245,0,0.095281,2.512595,-0.249855,-0.008428,1.121638
08-21-25,198.490005,198.919998,197.770004,197.526443,2194600,196.044064,194.358287,188.419661,0.014893,0.259276,0.069113,TRUE,TRUE,5.938626,0.181779,53.963874,19.41764,57.807373,-1.131984,1.007001,0.153899,6.463335,2.478124,10.087038,65.236789,0.045381,0.976886,198.583987,0.581677,-0.008915,0.077238,1.465385,1.94733,-13.807465,1.084618,-13323800,-26.655972,-15978120198.057505,-1.214083,69.526421,-1.794393,-7.682213,0,0.058849,1.645292,-0.277918,-0.008915,0.746475
08-22-25,199.399994,202.190002,199.399994,200.871475,2653700,196.177965,194.583549,188.502278,0.018505,0.255555,0.068606,TRUE,TRUE,6.081271,0.182148,59.083292,21.050541,67.724721,6.697067,1.248672,0.316456,8.57365,5.652558,12.428618,84.284537,1.351217,1.020897,221.541354,0.605713,-0.0084,0.063283,2.369496,2.960456,-13.807465,1.314318,-10670100,-3.149635,-15977974716.675358,-1.179243,70.552909,-0.482378,-6.972881,0,0.103754,2.7653,-0.251562,-0.0084,2.118571
08-25-25,201.389999,201.630005,200.350006,199.517532,3039200,196.287973,194.77301,188.579107,0.026367,0.251272,0.068107,TRUE,TRUE,6.193903,0.180655,44.934312,22.566807,61.430687,-0.252804,1.315778,0.30685,8.067628,4.815276,11.081858,67.28922,1.115039,1.019949,232.679498,0.613592,-0.008554,0.063913,2.178298,2.471082,-13.807465,1.479729,-13709300,29.725115,-15984967130.188936,-1.219155,60.79215,-0.380903,-7.096836,0,0.085134,2.240283,-0.25281,-0.008554,1.387986
08-26-25,200.160004,200.949997,200,199.88588,1773700,196.423865,195.0077,188.64791,0.038249,0.246367,0.067616,TRUE,TRUE,6.35979,0.179263,46.264192,23.64935,62.453034,4.64566,1.382743,0.299052,6.522919,4.878281,11.541657,71.797755,1.378436,1.018636,245.66408,0.613632,-0.008528,0.063539,1.967925,2.52308,-13.807465,0.870872,-11935600,-16.240083,-15987166969.455549,-1.171349,54.767873,-1.066678,-7.513803,0,0.087434,2.300217,-0.252069,-0.008528,1.409247
08-27-25,200.559998,201.740005,200.5,200.612625,2075800,196.644875,195.230105,188.694572,0.053265,0.241233,0.067133,TRUE,TRUE,6.535533,0.17883,48.997154,24.975804,64.454948,-3.269773,1.477425,0.314987,7.775518,5.642537,10.525726,78.655244,2.252998,0.997047,262.760473,0.614463,-0.008489,0.062787,1.729006,2.610014,-13.807465,1.033963,-9859800,-21.886054,-15988865694.951151,-1.164574,55.556837,-0.216472,-6.727109,0,0.091113,2.392859,-0.250573,-0.008489,1.510025
08-28-25,201.660004,201.809998,200.839996,200.70224,2299800,196.9525,195.485562,188.74399,0.070817,0.236402,0.06666,TRUE,TRUE,6.741573,0.179649,45.482455,26.235753,64.704849,3.274162,1.541918,0.303584,7.423261,6.031394,10.432482,79.867895,3.162428,0.957826,272.765367,0.611474,-0.00858,0.064754,1.52806,2.390151,-13.807465,1.183914,-7560000,-36.139727,-15991818714.847328,-1.155122,57.879363,-0.714411,-7.001024,0,0.081537,2.153995,-0.254468,-0.00858,1.374713
08-29-25,201.410004,202.179993,200.990005,200.732101,2161000,197.394026,195.734449,188.788598,0.08939,0.231948,0.066194,TRUE,TRUE,6.945851,0.178586,51.51047,27.559394,64.793672,2.340638,1.577258,0.271139,7.370898,4.639529,10.431102,77.63957,4.601588,0.951152,257.76008,0.608118,-0.008521,0.064604,1.251559,2.579254,-12.952081,1.147817,-5399000,-35.640468,-15994916415.117886,-1.206328,63.156463,-1.514702,-7.675918,0,0.088852,2.360142,-0.254173,-0.008521,1.295032
09-02-25,200.149994,200.619995,199.130005,199.70668,3446200,197.682237,195.957054,188.822729,0.108597,0.227952,0.065737,TRUE,TRUE,7.134325,0.174507,28.857982,27.043659,59.277056,-5.177891,1.505171,0.159241,6.658412,5.138137,10.068048,45.301377,2.97213,0.902494,249.220082,0.612238,-0.008578,0.064593,1.112778,2.423341,-12.084313,1.758674,-8845200,80.486017,-15995695028.754622,-1.165708,54.710889,-1.347292,-8.91115,0,0.083143,2.193494,-0.254152,-0.008578,0.812311
09-03-25,200.580002,201.050003,199.460007,199.557343,1816600,197.973434,196.145411,188.863231,0.127927,0.223857,0.065286,TRUE,TRUE,7.28218,0.172599,12.512858,26.794168,58.495936,-6.208913,1.419626,0.058958,5.961645,7.147234,9.420355,42.012005,3.006164,0.85633,234.225497,0.601887,-0.008781,0.070029,1.075426,2.001665,-12.084313,0.915288,-10661800,38.365451,-15997289212.843218,-1.155064,54.576663,-2.683088,-9.642168,0,0.064308,1.730686,-0.264629,-0.008781,0.676232
09-04-25,200.699997,202.110001,200.210007,201.190048,2165800,198.343778,196.334963,188.91116,0.147604,0.220004,0.064844,TRUE,TRUE,7.423803,0.172902,31.966329,27.090441,64.070439,-0.723233,1.46667,0.084801,7.246261,7.104426,9.395906,77.376592,3.822249,0.898469,222.760467,0.609087,-0.008622,0.06595,1.115231,2.317457,-12.084313,1.0688,-8496000,62.512193,-15997220717.361441,-1.079279,61.067418,-2.549176,-9.11042,0,0.078456,2.082024,-0.256806,-0.008622,1.277727
09-05-25,202.229996,203.119995,200.630005,200.692261,2822800,198.688237,196.536262,188.963081,0.165748,0.216259,0.06441,TRUE,TRUE,7.573182,0.172929,30.386577,27.810745,61.364288,2.087232,1.447105,0.052189,7.184787,7.90527,10.510124,54.62171,3.554729,0.936834,201.058606,0.609689,-0.008738,0.067606,0.997778,2.044069,-12.084313,1.354244,-11318800,69.81291,-15999902363.522829,-1.065527,62.559201,-2.965892,-9.966112,0,0.067304,1.785789,-0.260012,-0.008738,0.996736
09-08-25,201.649994,201.649994,200.399994,200.612625,2428900,198.979434,196.70889,189.018383,0.182475,0.212527,0.063985,TRUE,TRUE,7.690507,0.171803,29.303954,28.267414,60.920977,2.42504,1.408932,0.011212,6.10318,7.168657,10.50788,53.133191,2.989878,0.93603,182.968916,0.609234,-0.008719,0.067394,0.866917,2.085043,-12.084313,1.122848,-13747700,184.447828,-16001504927.548708,-1.035507,61.508749,-3.506169,-9.690451,0,0.068857,1.828175,-0.259604,-0.008719,0.892606
09-09-25,201.190002,202.020004,201.130005,200.841614,2516300,199.307468,196.875545,189.070511,0.197166,0.208857,0.063568,TRUE,TRUE,7.805034,0.171181,26.54619,28.861403,61.776082,-2.294356,1.381235,-0.013188,6.185326,8.886943,11.50982,57.41336,3.376898,0.903461,150.170566,0.608985,-0.00874,0.067778,0.762395,2.035558,-12.084313,1.12695,-11231400,124.129331,-16005651967.00042,-1.055098,62.329442,-3.935199,-9.742498,0,0.066779,1.774072,-0.260341,-0.00874,1.021602
09-10-25,201.630005,202.160004,200.669998,200.333862,2872300,199.50359,197.014922,189.123389,0.210979,0.205339,0.06316,TRUE,TRUE,7.891533,0.165917,19.223452,28.962464,58.708481,-2.655808,1.30329,-0.072906,5.518752,9.91734,12.342622,47.922662,1.997061,0.906964,135.227521,0.593804,-0.008638,0.069664,0.665588,2.418795,-12.084313,1.243783,-14103700,113.935647,-16009820212.615839,-1.106539,54.135616,-4.575635,-10.047378,0,0.080033,2.183036,-0.263939,-0.008638,0.613981
09-11-25,201.460007,204.020004,201.309998,202.952164,2882100,199.733562,197.170824,189.186118,0.225329,0.202096,0.062764,TRUE,TRUE,7.984706,0.166542,42.879297,29.890067,67.633795,6.712819,1.436237,0.048033,7.037548,11.777613,12.681624,78.162767,2.318812,0.984523,152.617126,0.608855,-0.008494,0.064091,1.235654,2.617234,-12.084313,1.222685,-11221600,49.735037,-16009209415.715448,-1.063691,61.300629,-3.497687,-8.367697,0,0.090829,2.409093,-0.253162,-0.008494,2.108939
09-12-25,203.490005,203.839996,202.520004,201.727646,1809400,199.931178,197.295069,189.231974,0.238348,0.199263,0.062376,TRUE,TRUE,8.063095,0.161762,8.128491,30.751413,60.993652,-0.782431,1.426348,0.030515,6.147587,11.802073,12.220812,53.121499,1.998387,0.872108,151.510698,0.603702,-0.00845,0.064516,1.215635,2.73664,-12.084313,0.770207,-13031000,-8.077626,-16013191091.327827,-1.119116,55.015888,-3.638838,-8.975353,0,0.094757,2.535428,-0.254,-0.00845,1.185704
09-15-25,203.130005,203.509995,202.360001,201.647995,5265600,200.143229,197.397411,189.269575,0.249955,0.196671,0.061999,TRUE,TRUE,8.127835,0.156692,23.010468,31.384669,60.57704,1.868559,1.395992,0.000127,7.173273,9.770514,12.316852,51.492647,2.148368,0.890247,143.805319,0.603976,-0.008493,0.065115,1.141355,2.63456,-12.084313,2.079062,-18296600,229.759519,-16024976963.790211,-1.190529,51.579494,-3.659407,-9.74667,0,0.09072,2.427022,-0.255177,-0.008493,1.046391
09-16-25,201.960007,202.130005,200.929993,201.490005,1907400,200.346385,197.527057,189.29922,0.259939,0.19427,0.061631,TRUE,TRUE,8.227837,0.15111,17.728461,30.611144,59.705902,-7.927893,1.343696,-0.041735,6.331461,8.248028,11.72444,48.261777,2.058041,0.882705,131.592969,0.604474,-0.008529,0.065558,1.084767,2.530985,-12.084313,0.752953,-20204000,0.574743,-16025104101.153519,-1.097027,51.374869,-3.84158,-9.931543,0,0.086599,2.315345,-0.256044,-0.008529,0.869059
09-17-25,201.75,203.710007,200.860001,202.089996,1953800,200.547684,197.671888,189.332109,0.267345,0.191997,0.061272,TRUE,TRUE,8.339779,0.148443,16.559572,30.685898,61.944116,0.950465,1.335274,-0.040126,7.535081,8.957932,11.148298,60.53153,2.032661,0.915284,125.493431,0.597653,-0.008638,0.068771,1.046276,2.32477,-12.084313,0.769176,-18250200,7.594031,-16025371472.728329,-1.051097,51.228544,-2.987298,-9.740562,0,0.077026,2.086406,-0.262242,-0.008638,1.228999
09-18-25,202.580002,203.570007,202.130005,203.110001,1814700,200.790027,197.826368,189.369117,0.271519,0.189936,0.060926,TRUE,TRUE,8.457252,0.149451,24.439447,30.755312,65.45699,4.87995,1.394826,0.015541,7.872118,8.729281,10.851906,81.390516,2.444662,0.920627,125.852997,0.59246,-0.008704,0.071052,1.070758,2.20111,-12.084313,0.727339,-16435500,-33.219254,-16024716179.351055,-0.996402,50.592571,-3.124289,-8.779498,0,0.071235,1.948836,-0.266556,-0.008704,1.8434
09-19-25,203.470001,203.470001,202.089996,202.770004,2658600,201.052205,197.952545,189.402117,0.272366,0.18806,0.060591,TRUE,TRUE,8.550427,0.147428,20.053995,30.781331,63.357585,3.651683,1.398466,0.015345,7.526678,8.824438,10.654549,74.437625,2.654612,0.918727,107.577741,0.587097,-0.008669,0.071826,1.024998,2.400861,-12.084313,1.05576,-19094100,21.142805,-16024754688.484182,-0.925954,43.941938,-4.860399,-9.95246,0,0.078478,2.16764,-0.268003,-0.008669,1.596798
09-22-25,202.070007,202.809998,201.789993,202.479996,2211400,201.132631,198.093628,189.439461,0.268945,0.186324,0.060265,TRUE,TRUE,8.654167,0.14655,29.419896,30.506243,61.544368,-0.399749,1.362247,-0.016699,6.490243,9.156537,10.696882,66.227865,0.800771,0.899509,112.074224,0.582496,-0.008842,0.075891,0.925714,2.032258,-12.084313,0.885953,-21305500,-16.667295,-16023974196.312508,-0.921438,45.435976,-5.941775,-10.550109,0,0.063174,1.762445,-0.275484,-0.008842,1.202208
09-23-25,202.740005,203.929993,202.369995,202.630005,6067600,201.288255,198.231141,189.482512,0.262034,0.184742,0.05995,TRUE,TRUE,8.748628,0.146228,32.593108,30.844948,62.147807,-3.309182,1.330312,-0.038907,5.694756,7.740608,9.666407,63.517053,1.56,0.897785,110.058385,0.581995,-0.008875,0.076588,0.8015,1.942746,-11.893933,2.291831,-15237900,99.644643,-16028019183.847231,-0.813073,51.387554,-5.622273,-9.723552,0,0.059553,1.663467,-0.276745,-0.008875,1.219126
09-24-25,202.910004,203.220001,202.119995,202.229996,1494900,201.40546,198.410431,189.524693,0.251423,0.183313,0.059645,TRUE,TRUE,8.885737,0.14614,12.69058,30.902143,59.468056,-3.889528,1.258222,-0.088798,6.086593,7.760769,9.774833,50.552392,1.172727,0.848253,106.770507,0.581211,-0.008995,0.078864,0.769406,1.653052,-11.870666,0.567637,-16732800,-15.718554,-16029215103.847231,-0.798317,46.69376,-5.859295,-9.453443,0,0.047975,1.343472,-0.280828,-0.008995,0.77225
09-25-25,201.789993,201.860001,200.539993,201.289993,2108900,201.439329,198.557182,189.566004,0.237294,0.181866,0.059349,TRUE,TRUE,8.991178,0.147055,6.920719,29.512173,53.617235,-7.927133,1.112417,-0.187683,4.848787,7.288202,8.768718,24.585548,0.33765,0.823826,105.185779,0.574428,-0.009275,0.043703,0.740357,1.031634,-11.79611,0.800279,-18841700,1.594566,-16028927539.871645,-0.760128,40.168176,-6.120587,-10.516286,0,0.039017,1.084971,-0.209052,-0.009275,-0.141973
09-26-25,201.940002,203.210007,201.899994,202.979996,2301800,201.553217,198.71404,189.619053,0.222441,0.180528,0.059063,TRUE,TRUE,9.094986,0.151008,23.102558,29.004204,61.038986,-1.108822,1.12032,-0.143824,5.439298,8.452533,9.629859,70.114791,1.134893,0.840545,109.045229,0.583129,-0.00915,0.041257,0.663651,1.313852,-11.79611,0.873447,-16539900,0.086964,-16027434036.220055,-0.675734,46.370245,-5.643117,-9.325397,0,0.052777,1.455946,-0.203118,-0.00915,1.308429
09-29-25,203.610001,203.850006,202.600006,203.220001,1874500,201.677612,198.878286,189.679293,0.209417,0.179376,0.058786,TRUE,TRUE,9.198993,0.15666,23.185142,28.861872,61.969662,2.501605,1.13289,-0.105003,5.09656,10.07305,10.501955,77.011479,1.239413,0.83402,113.293045,0.580113,-0.009241,0.042515,0.634033,1.137736,-11.79611,0.715191,-14665400,-13.257751,-16027449046.864586,-0.62062,45.475887,-6.20055,-10.535982,0,0.045849,1.272152,-0.206192,-0.009241,1.361416
09-30-25,202.929993,203.779999,202.190002,203.589996,3362600,201.871777,199.050927,189.7458,0.197276,0.178393,0.05852,TRUE,TRUE,9.305127,0.159965,32.173701,28.37244,63.420328,9.803093,1.159343,-0.06284,4.321119,9.165797,9.940077,87.643489,1.94451,0.836013,110.990126,0.569903,-0.009099,0.042732,0.656523,1.602448,-11.79611,1.285005,-11302800,-2.42586,-16024890099.293522,-0.557839,44.846551,,-10.664983,0,0.062345,1.761371,-0.206718,-0.009099,1.548083
10-01-25,203.059998,204.139999,203.059998,203.869995,2283100,202.08741,199.195917,189.815672,0.186514,0.177542,0.058264,TRUE,TRUE,9.380246,0.162983,11.794013,28.117959,64.523204,3.484218,1.189193,-0.026392,4.273099,9.467198,9.689969,92.499894,2.161109,0.743555,105.411605,0.569594,-0.009069,0.042504,0.767274,1.70514,-11.79611,0.86477,-9019700,25.679841,-16023748565.421894,-0.5011,43.971564,-7.389499,-10.099312,0,0.066203,1.871222,-0.206165,-0.009069,1.691071
10-02-25,203.800003,204.380005,203.139999,204.059998,1780200,202.230907,199.314244,189.890568,0.177462,0.176851,0.058019,TRUE,TRUE,9.423676,0.166721,34.565313,28.016608,65.288014,3.318352,1.214185,-0.00112,3.831008,8.856635,9.49718,91.666501,1.426487,0.740063,111.888256,0.569001,-0.009102,0.042899,0.791944,1.621965,-8.037466,0.679247,-7239500,-17.804045,-16022887195.284689,-0.48966,48.821255,-7.236798,-9.557553,0,0.063045,1.784146,-0.207121,-0.009102,1.634747
10-03-25,204.360001,206.009995,204.289993,204.960007,1997000,202.444295,199.464707,189.972615,0.171053,0.176187,0.057785,TRUE,TRUE,9.492092,0.173276,43.763231,28.735342,68.727151,5.306823,1.291723,0.061135,5.103542,13.99593,10.410602,80.804615,2.126512,0.742656,121.299828,0.567624,-0.009093,0.04304,1.105077,1.57498,-3.261901,0.774165,-5242500,-29.254641,-16023328362.882851,-0.454071,59.463475,-7.514544,-10.591295,0,0.061323,1.73973,-0.20746,-0.009093,2.073962
10-06-25,205.809998,205.889999,204.699997,205.220001,2333200,202.674664,199.605238,190.060627,0.166884,0.175585,0.057561,TRUE,TRUE,9.544611,0.178029,48.630792,29.402738,69.662245,5.139041,1.358493,0.102324,5.322898,21.515885,10.562355,85.557713,2.296653,0.741366,128.235123,0.562176,-0.00901,0.043098,1.118496,1.897969,-3.261901,0.906178,-2909300,-3.940055,-16023622451.152842,-0.429505,65.540435,-7.842602,-9.007842,0,0.072591,2.079683,-0.207602,-0.00901,1.984899
10-07-25,205.589996,205.880005,204.110001,204.539993,1989300,202.859583,199.749691,190.151801,0.164979,0.175081,0.057347,TRUE,TRUE,9.59789,0.181681,31.612677,29.419015,64.250942,-1.037072,1.341078,0.067927,4.685081,21.986667,10.664314,73.126126,1.841441,0.706116,127.071368,0.564589,-0.009074,0.043317,1.045331,1.6558,-3.261901,0.780601,-4898600,-20.943449,-16024645217.40686,-0.372648,59.753878,-7.60929,-9.682587,0,0.063837,1.821115,-0.208127,-0.009074,1.322415
10-08-25,205.029999,205.419998,203.929993,204.949997,1770700,203.090389,199.90533,190.269649,0.164127,0.17461,0.057144,TRUE,TRUE,9.63568,0.181298,25.770094,29.251655,65.967493,-2.759658,1.344858,0.057366,4.320853,23.953047,10.079154,80.621621,2.304221,0.705051,120.5354,0.536377,-0.008929,0.046515,1.00918,2.468908,-3.261901,0.710172,-3127900,-38.35254,-16023991602.0959,-0.284185,54.513437,-7.595589,-9.995313,0,0.089128,2.681848,-0.215672,-0.008929,1.54279
10-09-25,205.199997,205.449997,203.309998,203.699997,1890100,203.127781,200.055481,190.383962,0.162047,0.174026,0.056948,TRUE,TRUE,9.671519,0.17938,11.552634,28.477946,56.983878,-12.678366,1.232779,-0.043771,4.233918,14.987608,10.151334,57.769707,0.368478,0.736028,121.241906,0.543001,-0.009056,0.046651,0.977664,1.968436,-3.174611,0.773446,-5018000,-34.419347,-16025192788.024298,-0.327027,55.740161,-7.396598,-11.659122,0,0.072401,2.151635,-0.21599,-0.009056,0.471962
10-10-25,204.009995,204.589996,199.399994,199.440002,4633400,203.013399,200.153286,190.465576,0.156349,0.173113,0.056758,FALSE,TRUE,9.687711,0.171946,-25.291052,27.803575,37.994067,-26.256874,0.79109,-0.388368,1.882787,16.010002,7.733334,0.605273,-1.134026,0.901096,143.832699,0.606806,-0.009246,0.038867,1.181148,0.583297,-3.174611,1.792459,-9651400,156.073837,-16029754752.376961,-0.320388,52.037726,-7.434692,-12.609918,0,0.025924,0.686227,-0.197146,-0.009246,-2.484412
10-13-25,200.860001,202.070007,200.529999,201.570007,2099700,203.009499,200.346655,190.556408,0.149308,0.171983,0.056574,TRUE,TRUE,9.790247,0.167544,-7.571395,27.177373,47.427753,-18.53974,0.605937,-0.458817,4.296941,15.47148,8.115497,32.829247,-0.038675,0.929491,144.232366,0.620999,-0.009818,0.082209,1.227718,1.053235,-3.174611,0.865269,-7551700,-60.124202,-16029018486.370184,-0.083274,46.056606,104.296941,115.47148,,0.027663,0.732305,-0.286721,-0.009818,-0.998037
10-14-25,200.270004,204.119995,200,203.119995,3274000,203.090999,200.530206,190.64744,0.142329,0.170883,0.056397,TRUE,TRUE,9.882765,0.165235,5.87458,25.247887,53.028143,-3.955735,0.577614,-0.389711,4.726712,14.956054,9.303777,56.278379,0.808968,1.028598,139.729358,0.627643,-0.009809,0.08204,1.196018,1.376994,-3.174611,1.312238,-4277700,71.647269,-16027333808.642117,-0.044684,53.31617,-6.371691,-11.201762,0,0.028623,0.751206,-0.286425,-0.009809,0.020752
10-15-25,204.029999,205.25,202.179993,203.869995,2625300,203.179999,200.732938,190.740644,0.135673,0.169871,0.056227,TRUE,TRUE,9.992294,0.166519,17.245994,24.079392,55.49847,17.504402,0.608671,-0.286924,4.475253,15.705048,8.480747,67.624823,0.880795,1.073164,138.682839,0.620489,-0.009885,0.085346,1.09518,1.186688,-3.174611,1.038263,-1652400,34.368922,-16027068715.922579,-0.033562,60.159471,-6.344003,-10.346695,0,0.020136,0.535764,-0.292141,-0.009885,0.497535
10-16-25,204.279999,204.529999,201.169998,201.839996,11648600,203.116499,200.894074,190.82947,0.127977,0.168869,0.056063,TRUE,TRUE,10.064604,0.166655,-7.450975,22.390893,48.121545,0.693791,0.464129,-0.345172,3.5036,15.836603,6.692627,36.913801,-0.625279,1.134917,141.89067,0.628085,-0.01016,0.088057,1.143713,0.426564,-3.174611,3.856839,-13301000,541.902243,-16034071756.843374,-0.154881,42.019409,-6.963833,-9.396883,0,-0.011453,-0.301637,-0.296745,-0.01016,-0.899638
10-17-25,201.899994,203.229996,201.669998,202.839996,9309200,203.119998,201.074812,190.932476,0.120973,0.167778,0.055905,TRUE,TRUE,10.142336,0.167026,-2.366158,20.823001,51.5388,-1.489343,0.425367,-0.307147,4.042965,16.067194,7.657073,52.042392,0.034518,1.140238,141.809321,0.628763,-0.010036,0.085657,1.155988,0.784686,-3.174611,2.776566,-3991800,250.154217,-16029417156.843374,-0.069531,50.44751,-5.623998,-7.626877,0,0.003536,0.092859,-0.292671,-0.010036,-0.19745
10-20-25,203.710007,205.119995,203.679993,204.910004,2816100,203.241499,201.277239,191.043463,0.113865,0.166765,0.055757,TRUE,TRUE,10.233776,0.171773,7.43247,20.391994,57.743745,2.245276,0.55528,-0.141788,4.216,19.570937,7.906602,83.358688,1.200122,1.152772,146.373797,0.639826,-0.009882,0.080103,1.137048,1.034649,-3.174611,0.832424,-1175700,27.344669,-16027422384.529552,-0.050963,56.597742,-6.337242,-6.187261,0,0.01513,0.389052,-0.283025,-0.009882,1.139893
10-21-25,204.889999,205.740005,204.529999,205.080002,2930100,203.363998,201.49322,191.157125,0.107793,0.165801,0.055617,TRUE,TRUE,10.336095,0.17494,6.855559,20.286654,58.216898,10.095354,0.664296,-0.026217,3.500654,16.884905,8.119108,85.930521,1.209099,1.156344,151.160586,0.636458,-0.009803,0.079635,1.123521,1.258363,-3.174611,0.908238,1754400,-51.709078,-16027688757.256824,0.005121,57.16617,-5.379642,-5.341313,0,0.024261,0.626953,-0.282196,-0.009803,1.135219
10-22-25,205.050003,205.169998,203.350006,204.229996,4321100,203.463998,201.649592,191.257902,0.101879,0.164838,0.055485,TRUE,TRUE,10.39169,0.17603,0.928444,19.421575,54.906381,3.367581,0.67433,-0.012946,3.440671,15.4418,7.409655,73.071125,0.988973,1.181442,149.873776,0.639236,-0.009867,0.07997,1.120759,1.112668,-3.174611,1.283198,-2566700,189.056124,-16027831242.155588,0.020548,51.112042,-5.864737,-6.388966,0,0.018195,0.468253,-0.28279,-0.009867,0.511095
10-23-25,204.520004,205.339996,204.029999,205.089996,2381200,203.653999,201.784337,191.364015,0.096118,0.163908,0.055359,TRUE,TRUE,10.420322,0.176483,0.711492,18.708937,57.537347,-0.206398,0.743112,0.044668,3.479704,14.440431,8.839904,87.673307,1.887825,1.154198,144.865914,0.636677,-0.009708,0.078025,1.120375,1.497756,-3.174611,0.704276,-185500,12.911945,-16026358898.811228,0.037986,51.460055,-5.954087,-6.887215,0,0.034708,0.89561,-0.279329,-0.009708,0.99126
10-24-25,206.380005,206.869995,206.210007,206.300003,1984600,203.819999,201.95483,191.47756,0.091197,0.163022,0.05524,TRUE,TRUE,10.47727,0.175641,5.619151,18.811308,60.986328,2.76943,0.885056,0.14929,4.55238,15.358064,9.819675,92.369585,1.635633,1.167856,155.376605,0.62859,-0.009459,0.075988,1.522763,2.117762,-3.174611,0.589742,1799100,-13.78052,-16027802256.779461,-0.005471,51.152208,-5.808696,-6.643175,0,0.060288,1.5736,-0.27566,-0.009459,1.596125
10-27-25,207.289993,207.580002,206.820007,207.5,1870800,204.033999,202.156691,191.596069,0.087888,0.162275,0.055129,TRUE,TRUE,10.560622,0.171625,14.994964,19.224348,64.100542,9.194161,1.081907,0.276912,5.240177,15.631726,10.666703,99.021983,2.106091,1.144234,174.922661,0.601517,-0.009199,0.078548,1.98574,3.067636,-3.174611,0.555956,3669900,-0.197386,-16026325321.272404,0.016697,54.805606,-4.772356,-5.879659,0,0.094814,2.590548,-0.280264,-0.009199,1.981448
10-28-25,207.440002,207.440002,205.990005,205.109833,2568500,204.109991,202.31035,191.715753,0.085187,0.16157,0.055025,TRUE,TRUE,10.594597,0.166284,0.735887,19.024272,54.729535,-2.807813,1.033136,0.182513,4.545242,13.65944,9.633071,69.802363,0.746518,1.158264,176.188993,0.611291,0.001852,0.003085,1.982439,2.059737,-3.174611,0.772409,59936800,-23.615655,-8641472971.541059,-0.107087,53.977938,104.545242,113.65944,,0.093202,2.410083,0.055539,0.001852,0.567483
10-29-25,205.690002,206.160004,203.889999,203.746414,4421500,204.103812,202.423998,191.820477,0.082437,0.16076,0.054926,TRUE,TRUE,10.60352,0.157732,0.212596,17.752964,50.219474,-10.766853,0.874389,0.019013,4.727156,12.780042,9.635062,53.134671,-0.060618,1.170573,176.299226,0.61861,0.001852,0.003085,1.980972,1.797171,-3.174611,1.28823,55515300,93.662126,-8646453820.254148,-0.192941,51.559093,104.727156,112.780042,,0.093202,2.410083,0.055539,0.001852,-0.202722
10-30-25,203.960007,205.850006,203.690002,202.820877,3998100,204.041856,202.515153,191.912679,0.078035,0.159804,0.05483,TRUE,TRUE,10.602474,0.14719,18.275857,16.680479,47.365984,-16.734559,0.666218,-0.151326,5.69005,12.366365,8.489327,37.214728,-0.607233,1.069205,178.623278,0.622492,0.00187,0.003142,1.791576,1.58197,-3.174611,1.128411,51517200,124.587125,-8653669368.62019,-0.300882,52.080433,105.69005,112.366365,,0.094499,2.422366,0.05605,0.00187,-0.68355
10-31-25,203.970001,205.119995,203.490005,203.587189,3684300,203.973215,202.636367,191.998152,0.073299,0.158711,0.054736,TRUE,TRUE,10.638216,0.137437,11.771987,15.797287,49.904051,-4.825484,0.556659,-0.208708,4.972985,11.088991,9.503107,47.324378,-0.669798,1.053572,177.543786,0.623623,0.001881,0.00318,1.697164,1.735037,-3.174611,1.015661,55201500,84.491738,-8656914338.013485,-0.332531,47.040457,,111.088991,,0.096016,2.439574,0.056389,0.001881,-0.217426
11-03-25,204.720001,204.720001,202.389999,203.079636,2785500,203.866196,202.680531,192.075313,0.068372,0.157478,0.054646,TRUE,TRUE,10.605218,0.127978,-0.250789,15.576259,48.244668,-1.974807,0.42399,-0.273102,4.824278,11.281472,9.357163,29.791519,-1.042961,0.993246,176.077676,0.622553,0.001806,0.002955,1.698899,1.415941,-3.174611,0.763129,52416000,19.385393,-8658050927.961683,-0.342012,41.759931,104.824278,111.281472,,0.088253,2.230884,0.054357,0.001806,-0.446712
11-04-25,202.5,203.589996,202.119995,201.89534,4260100,203.733964,202.728087,192.139891,0.062684,0.156044,0.054559,FALSE,TRUE,10.588196,0.115256,-11.94784,15.512226,44.524415,-2.841569,0.220742,-0.38108,4.186208,11.358292,9.55939,11.315778,-1.292976,0.942465,180.62308,0.626846,0.001873,0.003191,1.785713,1.270122,-3.174611,1.131908,48155900,114.150706,-8663613140.363852,-0.392001,36.170974,104.186208,111.358292,,0.094954,2.384915,0.056489,0.001873,-1.017934
11-05-25,202.979996,204.770004,202.759995,203.209015,2756000,203.646915,202.79455,192.199687,0.058082,0.154576,0.054475,TRUE,TRUE,10.594862,0.107876,8.65866,14.6638,49.203583,-0.700468,0.163781,-0.350433,4.853344,11.491642,10.231151,26.040876,-0.849467,0.919313,178.63843,0.616986,0.001666,0.002654,1.72127,1.099201,-3.174611,0.722808,50911900,55.64466,-8665137802.880552,-0.4155,48.020204,104.853344,111.491642,,0.075315,1.920635,0.051518,0.001666,-0.245132
11-06-25,204.020004,204.720001,202.770004,202.124252,4628000,203.568127,202.824782,192.259636,0.052108,0.152977,0.054396,FALSE,TRUE,10.565146,0.10163,-4.502742,13.875976,45.770503,-2.474165,0.030753,-0.386769,3.765913,10.177509,9.759634,0.077971,-0.773561,0.938029,181.838191,0.609354,0.001478,0.002179,1.755544,0.452038,-3.174611,1.171703,46283900,144.85477,-8672830976.948395,-0.483281,32.587294,103.765913,110.177509,,0.057063,1.472505,0.046681,0.001478,-0.794044
11-07-25,202.690002,204.490005,202.050003,203.437897,5022300,203.768022,202.879495,192.319739,0.046521,0.151403,0.054321,TRUE,TRUE,10.559757,0.09635,-9.723698,13.583639,50.293519,5.769104,0.03097,-0.309241,4.713253,10.917533,9.301579,25.09754,2.00456,0.93759,153.896973,0.612965,0.001541,0.002383,1.801219,0.85555,-3.174611,1.265302,51306200,8.393404,-8672139824.949745,-0.41474,35.673122,104.713253,110.917533,,0.064121,1.643591,0.048812,0.001541,-0.214511
11-10-25,205.309998,206.289993,204.25,204.861038,3404900,203.932574,202.962074,192.387746,0.042089,0.149922,0.054252,TRUE,TRUE,10.574328,0.092463,-1.335754,13.06421,54.701421,5.497838,0.144315,-0.156717,4.302006,9.388059,7.099989,50.832473,1.632699,0.988331,146.578521,0.617853,0.001591,0.002545,1.806313,1.228096,-3.174611,0.843944,54711100,62.161261,-8673504988.830427,-0.434075,36.311427,104.302006,109.388059,,0.069318,1.761899,0.050443,0.001591,0.633425
11-11-25,206,207.550003,205.979996,206.254303,2487200,204.089289,203.093026,192.459463,0.039795,0.148601,0.054189,TRUE,TRUE,10.633564,0.09048,11.952846,13.247881,58.574506,12.804002,0.342616,0.033267,3.983593,10.324704,8.089149,76.02714,1.543082,1.011748,154.000937,0.622902,0.001603,0.002582,1.763836,1.502728,-3.174611,0.622552,57198300,-24.031765,-8675123075.694323,-0.479684,43.164523,103.983593,110.324704,,0.070574,1.775578,0.050809,0.001603,1.405845
11-12-25,207.619995,208.660004,207.550003,207.010651,2363800,204.246322,203.242093,192.540932,0.039647,0.147406,0.054135,TRUE,TRUE,10.70116,0.090327,11.410648,13.938306,60.546607,10.253088,0.554412,0.19605,4.669602,11.473918,7.924626,75.047612,1.540519,1.045859,167.102278,0.623224,0.001551,0.002424,1.737451,1.520621,-3.174611,0.593607,59562100,-9.960766,-8679784029.824503,-0.543111,43.184594,104.669602,111.473918,,0.06511,1.623722,0.049235,0.001551,1.654274
11-13-25,207.419998,207.929993,205.199997,204.482864,4589200,204.378465,203.307949,192.611292,0.038782,0.146149,0.054087,TRUE,TRUE,10.696656,0.085869,-10.011837,13.136351,51.689926,-3.011495,0.512383,0.123218,3.584421,9.0073,6.015241,36.805766,1.309388,1.091972,157.229865,0.645292,0.001543,0.002397,1.773658,0.926744,-3.174611,1.264547,54972900,-60.602991,-8686784270.068644,-0.595896,36.770305,103.584421,109.0073,,0.064332,1.587205,0.048962,0.001543,0.066399
11-14-25,204.210007,205.789993,203.720001,203.806122,5406400,204.426772,203.370226,192.668696,0.036764,0.144861,0.054049,TRUE,TRUE,10.70153,0.078708,-20.956215,12.74023,49.598153,-8.976352,0.419631,0.024372,3.231192,7.606062,6.450126,26.567604,0.476299,1.123285,153.698882,0.64486,0.00165,0.002766,1.623377,0.944032,-3.174611,1.574381,49566500,-41.924118,-8691740810.912966,-0.7697,30.684635,103.231192,107.606062,,0.074276,1.821885,0.052594,0.00165,-0.403809
11-17-25,204.779999,205.300003,201.910004,201.60675,5512200,204.261609,203.390109,192.721665,0.03234,0.143387,0.054018,FALSE,TRUE,10.668443,0.073262,-20.091259,13.142587,43.44487,-17.101736,0.166731,-0.182822,1.788676,6.327973,5.220422,-4.49264,-1.612051,1.202147,165.52594,0.62442,0.001207,0.001725,1.749821,-0.199858,-3.174611,1.544557,44054300,95.738788,-8698239201.146439,-0.859618,29.084579,101.788676,,,0.036411,0.953484,0.041532,0.001207,-1.603893
11-18-25,201.919998,203.580002,201.169998,201.357941,8633800,204.075506,203.400435,192.776993,0.025657,0.141704,0.053996,FALSE,TRUE,10.623442,0.065073,-14.63414,13.801107,42.797998,-8.891928,-0.053158,-0.322169,1.560957,6.374698,5.80627,2.509244,-1.814931,1.208599,176.406565,0.618242,0.001347,0.002216,1.848478,0.033782,-3.174611,2.240232,35420500,194.658885,-8705526399.044401,-0.887094,27.072243,101.560957,106.374698,,0.053158,1.398579,0.047075,0.001347,-1.540512
11-19-25,202.380005,203.169998,201.199997,201.109146,4369600,203.919463,203.415941,192.829547,0.017255,0.139772,0.053983,FALSE,TRUE,10.586394,0.056997,-10.941423,14.412589,42.12261,-7.475543,-0.244676,-0.41095,1.813784,8.39435,6.09705,-0.812443,-1.528105,1.203346,188.365633,0.618107,0.001311,0.002099,1.924782,-0.098123,-3.174611,1.133077,31050900,1.122399,-8710299025.989702,-0.946568,26.926241,101.813784,108.39435,,0.049961,1.299818,0.045816,0.001311,-1.491948
11-20-25,204.119995,204.850006,199.789993,198.979431,9120700,203.613935,203.336486,192.865038,0.006803,0.13742,0.053977,FALSE,TRUE,10.471448,0.046594,-27.09186,13.984089,36.772978,-6.671892,-0.56183,-0.582483,-0.941918,7.550976,4.497164,-9.138232,-2.979456,1.315335,215.921383,0.631532,0.001228,0.001851,2.141153,-0.692009,-4.106298,2.175026,21930200,283.029565,-8722341811.099152,-1.031651,24.730662,99.058082,107.550976,,0.04212,1.086208,0.043027,0.001228,-2.146385
11-21-25,201.020004,204.119995,200.610001,202.064529,7159600,203.402161,203.343224,192.916003,-0.003994,0.134796,0.053979,FALSE,TRUE,10.427221,0.041492,-5.182961,13.586196,47.228391,4.430393,-0.557805,-0.462766,1.276578,9.447195,6.485238,25.642993,-2.053065,1.394604,208.844714,0.662947,0.001227,0.001847,2.175945,-0.058272,-4.106298,1.608131,29089800,260.757835,-8723567587.306705,-0.96925,33.413596,101.276578,109.447195,,0.042052,1.071127,0.042981,0.001227,-0.640491
11-24-25,203.639999,204.910004,202.990005,203.497604,3964300,203.202042,203.380216,192.979858,-0.013641,0.131929,0.053991,TRUE,TRUE,10.400358,0.038713,8.078279,12.763486,51.260258,9.137648,-0.433976,-0.271149,1.806893,8.447675,6.87546,41.7994,-1.928865,1.433062,185.368037,0.669005,0.001235,0.001869,2.122334,0.216849,-4.106298,0.869975,33054100,111.903998,-8725435766.320288,-0.98369,39.268581,101.806893,108.447675,,0.042787,1.076184,0.043228,0.001235,0.159446
11-25-25,205,207.520004,204.800003,206.264252,3997500,203.259763,203.475701,193.055375,-0.020014,0.129029,0.054012,TRUE,TRUE,10.420326,0.038578,14.352459,12.960609,57.94113,21.168151,-0.111311,0.041212,2.817184,10.811753,7.118768,72.990427,0.56283,1.453586,193.251019,0.686949,,,2.06705,0.931556,-4.106298,0.863717,37051600,55.635585,-8725129346.187672,-0.903758,40.38051,102.817184,110.811753,,0,0,,,1.554708
11-26-25,207.360001,209.210007,207.360001,207.478394,2659700,203.446362,203.583469,193.13489,-0.022539,0.126166,0.054045,TRUE,TRUE,10.448579,0.039817,24.999982,13.791038,60.499995,13.271604,0.239612,0.313708,3.376222,11.050109,6.877315,81.617721,1.831679,1.479361,214.991984,0.690137,,,2.150533,1.181583,-4.106298,0.585816,39711300,-39.846206,-8727448625.998299,-0.891982,45.453378,103.376222,111.050109,,0,0,,,1.875434
11-28-25,208.940002,210.179993,208.710007,208.971191,4427200,203.753877,203.700693,193.226606,-0.020662,0.12339,0.05409,TRUE,TRUE,10.474087,0.045829,25.622166,14.897156,63.444791,12.184533,0.630904,0.564,4.10452,11.777958,6.857199,88.365723,3.032387,1.477735,247.154487,0.688432,,,2.670511,1.146589,-4.106298,0.970533,44138500,10.732598,-8730302590.742893,-0.839979,45.081943,104.10452,111.777958,,0,0,,,2.110953
12-01-25,208.850006,209.970001,208.410004,207.548065,3469000,203.951921,203.796254,193.303755,-0.016605,0.120583,0.054146,TRUE,TRUE,10.492499,0.048233,12.442406,15.736868,58.934015,0.992885,0.816757,0.599882,3.926451,10.846303,6.156131,74.668646,1.945543,1.443399,261.217591,0.694027,,,2.624583,0.972053,-4.106298,0.762275,40669500,-5.843715,-8737605012.86426,-0.886545,39.981861,103.926451,110.846303,,0,0,,,1.376685
12-02-25,208.979996,209.149994,207.860001,207.428635,3466800,204.169371,203.895227,193.381196,-0.0111,0.117794,0.054213,TRUE,TRUE,10.514031,0.049924,5.778655,16.168085,58.557748,-1.942247,0.943533,0.581327,3.944376,10.141171,5.988594,73.51917,2.141524,1.406798,271.474301,0.694074,,,2.60895,0.965178,-4.106298,0.756132,37202700,24.458805,-8743390366.843985,-0.930655,35.756458,103.944376,110.141171,,0,0,,,1.200579
12-03-25,208.660004,210.490005,208.660004,209.319504,3289500,204.540579,204.029017,193.462465,-0.002836,0.115099,0.054294,TRUE,TRUE,10.566552,0.054725,10.760671,17.081441,62.626192,-0.818599,1.182945,0.656591,4.040685,11.579744,6.703151,89.060744,3.677234,1.416464,288.939533,0.702746,,,2.729743,1.25349,-4.106298,0.725137,40492200,-22.783503,-8744308912.220076,-0.889428,36.64472,104.040685,111.579744,,0,0,,,1.653953
12-04-25,210.380005,210.679993,209.690002,209.22995,3881000,204.841626,204.169016,193.540375,0.007141,0.112616,0.054389,TRUE,TRUE,10.628641,0.058047,24.960786,17.999704,62.314175,3.380159,1.349894,0.658832,4.25412,11.744556,7.291172,86.684639,2.962927,1.370317,305.241969,0.701626,,,2.658997,1.33469,-4.106298,0.845049,36611200,40.820029,-8751796945.204046,-0.943458,42.719195,104.25412,111.744556,,0,0,,,1.437654
12-05-25,210.509995,211.410004,210.279999,209.458832,7183400,205.208355,204.332393,193.62392,0.019317,0.110323,0.054498,TRUE,TRUE,10.708473,0.065688,30.439498,19.123141,62.823973,4.266225,1.483569,0.634006,4.409596,10.781902,7.957542,83.208519,3.628748,1.372573,314.78708,0.682762,,,2.612563,0.907497,-4.106298,1.521776,43794600,55.216076,-8769420602.695675,-1.023107,51.882155,104.409596,110.781902,,0,0,,,1.35027
12-08-25,210.570007,210.570007,208.830002,208.125275,4095300,205.442724,204.435298,193.713923,0.035531,0.108102,0.054619,TRUE,TRUE,10.721375,0.068706,36.818463,19.175528,57.908687,-4.717505,1.465013,0.49236,3.62657,10.03621,7.395222,71.732134,2.304083,1.32474,318.34113,0.68332,,,2.418811,0.893857,-4.106298,0.876177,39699300,-18.457679,-8776833213.132128,-1.119942,52.830196,103.62657,110.03621,,0,0,,,0.842665
12-09-25,209.220001,210.169998,208.600006,207.637634,3068400,205.581554,204.523651,193.800353,0.053808,0.105942,0.054751,TRUE,TRUE,10.723297,0.070434,34.997372,19.075122,56.177831,-6.136344,1.394879,0.337781,3.6458,9.365755,7.568703,67.535576,1.355356,1.315285,321.707486,0.684235,,,2.199143,0.81733,-4.106298,0.658847,36630900,-9.882816,-8783663341.329929,-1.18266,57.235712,103.6458,109.365755,,0,0,,,0.639115
12-10-25,208.800003,211.919998,208.639999,210.473938,5636800,205.792535,204.66133,193.899781,0.075093,0.103986,0.054895,TRUE,TRUE,10.761549,0.07621,45.613296,19.715205,63.088455,0.264483,1.550293,0.394556,3.706181,11.004553,9.410967,88.078651,2.045841,1.376035,339.68593,0.704705,,,2.256437,1.335853,-4.106298,1.170745,42267700,126.632358,-8782996757.829897,-1.120251,64.709238,103.706181,111.004553,,0,0,,,1.378156
12-11-25,211.419998,213,211.399994,211.827408,5045400,206.033373,204.820478,194.00943,0.099737,0.102221,0.055054,TRUE,TRUE,10.811048,0.084724,65.037922,20.703414,65.85555,7.946863,1.762358,0.485297,5.006633,11.462007,10.804533,90.535979,2.326816,1.281798,364.915443,0.707956,,,2.229025,1.458756,-4.106298,1.019522,47313100,113.444454,-8785346575.243923,-1.066549,76.962216,105.006633,111.462007,,0,0,,,1.587775
12-12-25,213.360001,213.529999,211.220001,210.772491,5654700,206.347855,204.954728,194.116864,0.128274,0.100521,0.055223,TRUE,TRUE,10.837864,0.092695,49.129768,21.805752,61.956973,5.779142,1.824269,0.437766,4.524963,12.022824,10.764731,73.837675,3.07587,1.192288,377.726875,0.709615,,,1.862524,1.081482,-4.106298,1.130473,41658400,23.217554,-8793192215.630215,-1.06364,66.936422,104.524963,112.022824,,0,0,,,1.171385
12-15-25,212.710007,212.860001,211.270004,211.081009,5334200,206.711599,205.077148,194.213109,0.159807,0.098937,0.055405,TRUE,TRUE,10.864039,0.100171,45.683563,22.829351,62.653298,-0.435157,1.876596,0.392075,4.760039,11.39288,11.156283,71.94741,3.569514,1.164897,386.879262,0.709035,,,1.540563,1.199449,-4.106298,1.06717,46992600,-1.335454,-8799794517.992933,-1.080871,58.970952,104.760039,111.39288,,0,0,,,1.129399
12-16-25,210.949997,211.199997,208.660004,209.320007,5355700,207.097262,205.159148,194.309975,0.190807,0.09735,0.055596,TRUE,TRUE,10.849173,0.103806,19.595453,22.011553,56.316922,-9.538628,1.755729,0.216966,3.577619,11.382277,10.70402,31.766731,3.825892,1.124111,371.450337,0.718104,,,1.407392,0.929618,-4.106298,1.073151,41636900,-2.839157,-8802366918.027176,-1.043232,51.35839,103.577619,111.382277,,0,0,,,0.598396
12-17-25,209.669998,210.389999,208.509995,208.649994,5250400,207.461864,205.241348,194.421995,0.219812,0.095777,0.055797,TRUE,TRUE,10.819353,0.106217,7.784679,21.163619,54.076083,-7.88089,1.587576,0.03905,2.727583,10.814419,10.659984,13.932867,3.621438,1.091236,347.142954,0.719755,,,1.356607,0.782591,-4.106298,1.088965,36386500,-39.187843,-8806835348.999191,-1.050604,45.271743,102.727583,110.814419,,0,0,,,0.342259
12-18-25,209.830002,210.660004,208.630005,209.059998,4996200,207.859407,205.323548,194.528071,0.246941,0.094252,0.056007,TRUE,TRUE,10.795477,0.108287,0.635815,20.511805,55.249516,-7.403782,1.470447,-0.062463,3.102033,10.862191,11.428687,21.163974,3.953501,1.06615,314.560541,0.719244,,,1.353674,0.928048,-4.106298,1.029552,41382700,14.339985,-8809714967.03013,-1.024317,45.746943,103.102033,110.862191,,0,0,,,0.381672
12-19-25,209.190002,210.589996,209.119995,209.880005,5295800,208.404436,205.447148,194.647525,0.271107,0.092864,0.056226,TRUE,TRUE,10.799623,0.109729,17.449197,19.90655,57.583863,1.266941,1.427336,-0.08446,3.654687,10.382128,12.653905,35.626189,5.478241,1.060963,237.630355,0.717194,,,1.265419,1.246871,-4.106298,1.136061,46678500,-41.936474,-8809534771.962763,-0.935237,52.326684,103.654687,110.382128,,0,0,,,0.620951
12-22-25,210.550003,211.639999,210.509995,211.479996,5018900,208.875209,205.687948,194.768958,0.29145,0.091765,0.056455,TRUE,TRUE,10.91899,0.116181,27.291584,19.890935,61.773849,7.697766,1.504927,-0.005494,4.367562,10.31104,16.594802,59.163321,4.659633,1.058275,194.830102,0.715861,,,1.138066,1.220641,-4.106298,1.101963,51697400,-29.899715,-8805937179.767668,-0.904264,58.401462,104.367562,110.31104,,0,0,,,1.336953
12-23-25,211.199997,211.839996,211.119995,211.610001,2134600,209.280829,205.888748,194.904759,0.306199,0.09108,0.056695,TRUE,TRUE,10.983988,0.12278,17.506274,19.976976,62.101439,6.851923,1.558939,0.038814,4.638286,11.007192,17.016683,61.753057,3.986482,0.978593,157.933304,0.715835,,,1.093537,1.199705,-4.106298,0.478285,53832000,-46.154428,-8805166324.344448,-0.893234,57.710146,104.638286,111.007192,,0,0,,,1.474782
12-24-25,211.770004,212.777496,211.559998,212.565002,1377416,209.595866,206.077648,195.056291,0.317218,0.090757,0.056945,TRUE,TRUE,11.021357,0.131106,23.908368,20.514989,64.507654,6.923791,1.659673,0.111639,5.601376,10.721762,16.081336,80.776982,3.054698,0.969391,157.434447,0.717392,,,1.327115,1.296396,-4.106298,0.317962,55209416,-65.543064,-8804269717.8498,-0.913435,56.107378,105.601376,110.721762,,0,0,,,1.885951
12-26-25,212.460007,212.619995,211.820007,212.449997,3532700,209.844447,206.249248,195.210702,0.325206,0.090802,0.057207,TRUE,TRUE,11.038546,0.139219,21.619598,21.014572,63.980836,2.206987,1.710508,0.129979,4.665485,10.358552,15.837471,78.486038,2.396203,0.923516,161.43954,0.717533,-0.003448,0.007712,1.268432,1.22548,-4.106298,0.80735,51676716,32.823251,-8802238422.087994,-0.854609,47.776704,104.665485,110.358552,,0.047989,1.065463,-0.087818,-0.003448,1.613948
12-29-25,212.119995,212.669998,211.679993,212.039993,5821400,209.997887,206.453248,195.368738,0.330621,0.091191,0.057481,TRUE,TRUE,11.08451,0.146506,30.318733,21.352021,62.035722,-0.065717,1.698136,0.094085,4.34012,9.657877,14.669801,70.318641,1.468529,0.900037,167.184347,0.718335,-0.003456,0.007745,1.140909,1.118704,-4.106298,1.309539,45855316,31.491688,-8803826092.946951,-0.826965,46.42724,-1.456657,-8.090879,0,0.047172,1.038294,-0.088004,-0.003456,1.22147
12-30-25,212.149994,212.350006,211.759995,211.940002,2236800,210.217484,206.635248,195.50994,0.332911,0.091918,0.057766,TRUE,TRUE,11.125308,0.15471,34.352354,21.665367,61.544316,-2.963338,1.661114,0.045651,4.101383,8.599728,14.42032,68.326793,2.116106,0.851435,162.078415,0.716784,-0.003568,0.008288,0.961269,0.94092,-4.106298,0.510246,43618516,-35.520323,-8804698032.4923,-0.765243,47.011554,-1.371033,,0,0.038294,0.84507,-0.091037,-0.003568,1.062769
12-31-25,211.869995,211.949997,210.279999,210.339996,2406500,210.363052,206.743848,195.630953,0.331292,0.092861,0.058063,TRUE,TRUE,11.112895,0.160344,-1.186591,20.650038,54.152322,-9.828514,1.485543,-0.103937,3.173592,7.582302,14.268868,36.454189,1.403549,0.769199,148.19158,0.724356,-0.003704,0.008746,0.966011,0.609008,-4.106298,0.555677,41212016,-30.584401,-8806931617.183241,-0.733605,40.10313,-1.574516,-9.382156,0,0.022592,0.493477,-0.093518,-0.003704,-0.015558
01-02-26,211.020004,212.410004,210.160004,212.199997,6475900,210.507076,206.886248,195.764577,0.328277,0.094144,0.058373,TRUE,TRUE,11.121671,0.167591,3.159017,20.014125,60.14514,-1.890582,1.479434,-0.088037,3.989023,7.97285,16.440556,73.505962,1.376123,0.753164,151.476815,0.730662,-0.003476,0.007564,0.962643,1.043938,-4.106298,1.44227,47687916,96.865785,-8801664590.497314,-0.638694,41.50284,-1.174565,-8.830039,0,0.044397,0.960365,-0.086969,-0.003476,1.11761
01-05-26,212.809998,215.149994,212.809998,214.619995,9013300,210.776579,207.094048,195.90366,0.324894,0.09578,0.058699,TRUE,TRUE,11.190388,0.179073,29.237359,20.870099,66.314539,4.770223,1.650836,0.066693,4.713109,10.057187,17.463131,92.01809,2.576135,0.765972,173.854671,0.743602,-0.003257,0.006409,1.741168,1.36022,-4.106298,1.89886,56701216,132.24169,-8796734235.346487,-0.473354,53.479862,-0.167079,-8.056874,0,0.061391,1.303416,-0.080053,-0.003257,2.210707
01-06-26,214.460007,216.779999,214.460007,216.570007,2796700,211.132137,207.323648,196.054872,0.323456,0.097764,0.059038,TRUE,TRUE,11.268776,0.191097,37.085219,22.287465,70.303614,16.151292,1.921869,0.270181,5.530653,11.147942,18.767759,97.460806,3.395023,0.766743,213.649084,0.745575,-0.002995,0.005386,2.479334,1.895472,-4.106298,0.617734,59497916,-61.067183,-8794443815.614569,-0.276356,60.258807,0.280215,-7.959243,0,0.088511,1.872587,-0.073391,-0.002995,2.545234
01-07-26,216.399994,216.789993,214.179993,214.350006,2829400,211.443374,207.484648,196.199146,0.321256,0.100013,0.059391,TRUE,TRUE,11.285502,0.191546,32.961897,23.370796,61.390465,1.245325,1.935221,0.226826,4.796134,9.705918,16.447337,70.531551,2.990858,0.777017,212.879211,0.703883,-0.002917,0.005743,2.328448,2.40852,-4.106298,0.633818,56668516,-30.911044,-8796904605.744883,-0.224811,62.731673,-0.107778,-8.095271,0,0.107182,2.404236,-0.075782,-0.002917,1.36539
01-08-26,214.339996,216.610001,214.190002,216.139999,3782000,211.868492,207.657448,196.339486,0.318299,0.102631,0.059759,TRUE,TRUE,11.317962,0.19771,45.726473,24.376747,65.219364,-1.095175,2.06642,0.28642,5.45987,10.016636,17.552124,92.034377,4.094809,0.788427,217.719627,0.699208,0.003932,0.005393,2.114052,2.336491,-4.106298,0.840493,60450516,23.25642,-8794591651.994181,-0.121433,70.8324,-0.230466,-8.268227,0,0.1193,2.693926,0.073438,0.003932,1.96193
01-09-26,216.529999,217.889999,216.529999,217.589996,3172400,212.224295,207.907051,196.489107,0.314301,0.105684,0.060142,TRUE,TRUE,11.417944,0.208069,48.96666,25.799424,67.988743,-2.314871,2.261331,0.385065,6.818851,11.341474,18.518858,96.579214,3.380969,0.773981,249.549492,0.697775,0.004054,0.005676,2.301205,2.304094,-4.106298,0.724868,63622916,-43.719841,-8792818853.838697,-0.112214,69.957457,-0.146542,-8.064546,0,0.1288,2.918534,0.075336,0.004054,2.150155
01-12-26,216.809998,217.850006,216.350006,217.720001,4761100,212.518925,208.186523,196.639627,0.308644,0.109136,0.06054,TRUE,TRUE,11.546896,0.219109,46.861872,26.952569,68.232973,6.842508,2.39864,0.417899,9.165663,11.22102,18.455942,97.800799,2.78179,0.772535,277.802976,0.697023,0.003982,0.005485,2.147416,2.189102,-4.106298,1.091418,68384016,-5.634836,-8788883042.168776,-0.040534,61.011891,0.099299,-8.007579,0,0.123458,2.800082,0.074063,0.003982,1.872218
01-13-26,218.179993,218.509995,216.919998,217.509995,4156500,212.8558,208.480305,196.791376,0.303011,0.112949,0.060955,TRUE,TRUE,11.68893,0.225593,39.308919,28.274001,67.33921,2.119846,2.462131,0.385112,7.907916,12.544656,20.056495,88.023939,3.196576,0.767698,295.779602,0.682314,0.004043,0.005906,2.006321,2.584999,-4.106298,0.96947,64227516,-26.494774,-8789954856.09749,0.037754,60.492657,,-7.52041,0,0.138744,3.216099,0.076852,0.004043,1.573535
01-14-26,217.199997,218.399994,217.059998,218.320007,5266100,213.21775,208.774962,196.959861,0.298507,0.117179,0.061385,TRUE,TRUE,11.8151,0.23423,41.885095,29.501044,69.024555,1.035812,2.548432,0.377131,7.483267,12.563692,19.430117,97.724702,3.429488,0.785135,316.485731,0.681372,0.004053,0.005953,2.076299,2.540797,-4.106298,1.229251,69493616,-1.276668,-8785317440.335346,0.168967,62.716913,-0.050519,-6.904628,0,0.136617,3.171184,0.077157,0.004053,1.61216
01-15-26,218.910004,219.860001,218.679993,219.199997,3834500,213.711749,209.097369,197.123381,0.297365,0.121687,0.061832,TRUE,TRUE,11.973988,0.246958,41.611697,31.16353,70.788123,2.55515,2.657204,0.388722,7.519499,12.331268,18.884533,93.195836,4.720041,0.792491,329.292934,0.672218,0.003875,0.005589,2.268696,2.332382,-4.106298,0.911255,73328116,-28.403383,-8785772375.970844,0.197182,64.299976,0.484993,-6.283575,0,0.12592,2.961927,0.074759,0.003875,1.666676
01-16-26,219.350006,219.710007,218.600006,218.990005,3769500,214.22875,209.439262,197.287139,0.299419,0.126499,0.062296,TRUE,TRUE,12.152124,0.258835,40.773099,32.621509,69.767335,2.428125,2.695391,0.341527,8.496834,12.298129,17.425545,91.030975,4.955673,0.803363,326.800372,0.672757,0.003844,0.00549,2.11431,2.260212,-4.106298,0.911854,69558616,-28.20547,-8786893043.734951,0.241205,63.924146,0.814741,-6.655515,0,0.122758,2.884988,0.074095,0.003844,1.456931
01-20-26,216.660004,217.860001,215.559998,215.940002,6650800,214.57275,209.693882,197.429551,0.302489,0.131428,0.062775,TRUE,TRUE,12.264331,0.263499,20.877984,31.340388,56.926994,-12.097561,2.451288,0.077939,6.458295,10.762367,15.077554,59.587635,3.290924,0.89542,305.013183,0.697137,0.003917,0.005306,1.966262,1.809893,-4.106298,1.577284,62907816,33.117169,-8791346162.759981,0.217815,62.93235,-0.57138,-6.613828,0,0.106401,2.412199,0.07284,0.003917,0.44826
01-21-26,216.860001,219.789993,216.860001,219.130005,4476500,215.03525,210.033997,197.626221,0.310676,0.136569,0.063272,TRUE,TRUE,12.407776,0.274199,33.027083,31.02011,64.322872,-6.46525,2.486577,0.090583,6.939633,11.448208,15.954234,92.474268,4.40728,0.988649,300.202886,0.718508,0.004116,0.005515,1.755766,2.144972,-4.106298,1.072048,67384316,-15.47075,-8788886349.089531,0.247248,67.7593,0.598486,-6.115378,0,0.124632,2.741996,0.07426,0.004116,1.363996
01-22-26,219.970001,220.720001,219.300003,219.710007,2718100,215.446751,210.359439,197.880355,0.322204,0.141918,0.063785,TRUE,TRUE,12.479084,0.28712,45.156643,31.082824,65.483348,-4.283987,2.532156,0.108929,7.133804,10.884188,14.881223,90.435656,3.891626,0.983438,305.267984,0.716071,0.004042,0.005352,1.558723,2.032079,-4.106298,0.669382,70102416,-45.842715,-8790034826.003597,0.195812,71.650747,-0.953115,-6.80117,0,0.119022,2.627155,0.073159,0.004042,1.396562
01-23-26,219.240005,219.350006,217.800003,218.479996,2951800,215.79025,210.631819,198.134385,0.335162,0.147391,0.064314,TRUE,TRUE,12.497434,0.299314,31.212678,30.133706,60.955192,4.028198,2.440889,0.01413,6.977428,10.658169,14.908162,71.68136,3.246536,0.977859,298.397751,0.71842,0.00384,0.004798,1.271791,1.605045,-4.106298,0.719693,67150616,38.283519,-8790396692.547537,0.180053,65.138517,-1.110157,-7.487407,0,0.099339,2.184488,0.069266,0.00384,0.901396
01-26-26,218.910004,219.460007,218.75,219.110001,3359800,216.1175,210.888932,198.40321,0.34798,0.153053,0.064858,TRUE,TRUE,12.485722,0.307879,24.49535,29.301549,62.389745,-1.933127,2.391824,-0.027948,6.836025,10.553603,14.467089,75.382286,3.079057,0.910827,297.051281,0.700101,0.00403,0.00557,1.113291,2.191329,-4.106298,0.79984,70510416,143.9205,-8790349397.862274,0.165695,61.629999,-0.536837,-6.948591,0,0.124035,2.800901,0.074633,0.00403,1.007402
01-27-26,218.889999,219.330002,218.460007,219.119995,1610700,216.451,211.131119,198.613063,0.359681,0.158902,0.065416,TRUE,TRUE,12.518057,0.313372,15.558179,28.332309,62.413338,-3.07001,2.326923,-0.074279,6.214247,11.049523,14.566815,75.535107,3.139561,0.863519,291.09135,0.692801,0.00405,0.005747,1.048178,2.470014,-4.106298,0.392424,72121116,-54.405978,-8789516306.396721,0.154978,57.764222,-0.367024,-6.574715,0,0.135347,3.089326,0.075809,0.00405,0.916893
01-28-26,219.360001,220.059998,218.75,219.309998,2178300,216.8145,211.427662,198.850032,0.369062,0.164852,0.065988,TRUE,TRUE,12.57763,0.316753,34.540292,27.788768,62.889941,1.934749,2.264714,-0.109191,5.691565,11.22999,14.276959,78.407291,3.428601,0.82043,278.217226,0.68866,0.004142,0.006084,0.822152,2.692701,-4.106298,0.555358,74299416,-62.581166,-8789832247.686382,0.178387,62.582126,-0.95449,-6.094036,0,0.144661,3.322751,0.077998,0.004142,0.89696
01-29-26,220.720001,221.429993,218.419998,220.25,5443000,217.23,211.75654,199.078469,0.377596,0.170948,0.066575,TRUE,TRUE,12.678071,0.322058,30.421858,27.889379,65.238371,2.848627,2.265152,-0.087002,7.381493,12.262241,15.485389,79.897893,3.92092,0.836062,263.237226,0.688997,0.004141,0.006075,0.892639,2.710886,-4.106298,1.333204,79742416,143.338698,-8788656830.31465,0.196456,63.786689,0.507996,-5.561702,0,0.145546,3.341466,0.077939,0.004141,1.147254
01-30-26,219.440002,220.369995,218.050003,219.860001,5007000,217.706001,212.121605,199.294301,0.384683,0.177147,0.067176,TRUE,TRUE,12.827304,0.324937,18.232926,27.704538,63.444467,1.031129,2.20857,-0.114867,7.908648,13.009658,15.466142,73.253946,4.526008,0.856063,213.457149,0.68838,0.004249,0.006406,0.833582,2.74108,-4.106298,1.188557,74735416,108.0615,-8785851167.581081,0.250203,56.044961,2.891867,-1.856109,0,0.147152,3.381979,0.080035,0.004249,1.009102
02-02-26,219.320007,221.889999,219.039993,221.669998,3085100,218.179501,212.527846,199.521661,0.389767,0.183488,0.067794,TRUE,TRUE,13.006185,0.327844,27.954645,28.16091,67.86141,4.971469,2.283458,-0.031984,9.293482,15.512336,15.257744,96.524468,4.462772,0.892575,188.462853,0.687464,0.004423,0.006969,1.315407,3.285999,-4.106298,0.763047,77820516,-52.36029,-8783242365.344202,0.227821,63.419514,3.431592,-1.574596,0,0.171089,3.939657,0.083482,0.004423,1.852088
02-03-26,221.669998,223.179993,220.149994,221.910004,3883500,218.544001,212.943863,199.759983,0.392776,0.18997,0.068426,TRUE,TRUE,13.18388,0.332272,31.073469,29.041915,68.406533,3.168161,2.335254,0.01585,8.999984,14.420537,16.175443,83.333467,3.396705,0.93796,186.482724,0.684438,0.004285,0.006594,1.309014,3.09086,-4.106298,1.025579,81704016,-56.913672,-8782614313.741274,0.186444,63.285593,3.264555,,0,0.161743,3.739839,0.081205,0.004285,1.804994
02-04-26,222.460007,223.440002,221.580002,222.630005,3525400,218.847001,213.416874,199.999329,0.394047,0.196455,0.069075,TRUE,TRUE,13.417545,0.335002,30.632518,29.94775,70.047847,6.603381,2.406659,0.069804,9.626947,14.915656,16.993665,89.72085,2.79817,0.951611,201.359367,0.678869,0.004374,0.006992,1.510308,3.45071,-4.106298,0.922137,85229416,26.055709,-8782159413.156353,0.160661,62.12833,3.452792,-0.710636,0,0.176334,4.112399,0.083615,0.004374,1.878733
02-05-26,221.130005,222.070007,219.979996,220.830002,3434000,219.171001,213.792184,200.246624,0.393259,0.202871,0.069739,TRUE,TRUE,13.54556,0.335868,10.873933,29.570457,61.45258,-6.40883,2.291586,-0.036215,9.378454,13.957264,15.861458,66.878185,3.023091,0.995271,175.688785,0.687214,0.004258,0.006459,1.469072,2.847314,-4.106298,0.891183,85529616,21.368488,-8750951471.998466,0.183017,55.221909,2.894133,1.499189,89.339504,0.151525,3.488708,0.080369,0.004258,0.944284
02-06-26,221.820007,224.990005,221.820007,224.570007,3410500,219.592501,214.213632,200.492201,0.393585,0.209366,0.070419,TRUE,TRUE,13.721431,0.344311,30.129543,30.249509,69.756458,1.349925,2.473663,0.116689,10.511833,15.875352,17.035881,95.546153,3.900254,1.075707,198.753346,0.712472,0.004534,0.006814,2.14893,3.115517,-4.106298,0.889372,88940116,-9.822845,-8748444697.287157,0.186431,62.237076,3.886837,1.18194,89.784835,0.168817,3.749898,0.082546,0.004534,2.504363
02-09-26,223.820007,225.089996,223.25,224.619995,2021200,219.944001,214.580747,200.730742,0.392935,0.215919,0.071116,TRUE,TRUE,13.850004,0.354103,55.927717,30.910542,69.849944,-0.197903,2.592113,0.188112,11.12966,15.314706,17.067946,94.289168,3.230846,1.024905,222.249413,0.70932,0.00438,0.006419,1.907013,2.883987,-4.106298,0.53511,88797616,-36.287984,-8719259330.559349,0.178891,72.511261,1.977253,-1.183954,88.139015,0.157341,3.509419,0.080119,0.00438,2.10394
02-10-26,224.410004,225.220001,224.139999,224.339996,2713900,220.275001,214.917979,200.956387,0.390057,0.222462,0.07183,TRUE,TRUE,13.961592,0.363696,41.316296,31.566331,68.571338,7.118758,2.63304,0.183231,10.274438,15.47195,17.623849,88.140093,3.0406,0.93799,236.239738,0.70955,0.004255,0.006049,1.791958,2.699833,-4.106298,0.738514,88692916,-42.998467,-8703862396.364813,0.107073,71.49851,0.338928,-1.829165,86.957232,0.148846,3.317934,0.077778,0.004255,1.720708
02-11-26,225.399994,225.889999,223.949997,224.830002,2049900,220.641001,215.235155,201.186364,0.386064,0.22895,0.072559,TRUE,TRUE,14.048791,0.368846,40.894466,32.394169,69.619422,-0.137035,2.674188,0.179503,9.747565,14.468912,17.612972,86.897428,3.365366,0.947065,247.578968,0.68684,0.004235,0.006403,1.769153,3.343611,-4.106298,0.574285,94537316,-50.682064,-8677619685.068911,0.122582,71.104105,1.462537,-2.12963,87.822412,0.173106,3.988717,0.08002,0.004235,1.691986
02-12-26,225.479996,226.389999,221.970001,222.210007,4429600,220.835501,215.528394,201.400169,0.378857,0.235254,0.073301,TRUE,TRUE,14.128225,0.367423,26.815313,31.731279,58.404396,-11.445548,2.466949,-0.022189,7.735937,12.027699,15.990891,49.880162,1.781788,1.038914,243.63402,0.705162,0.004355,0.006418,1.630066,2.943682,-4.106298,1.255678,90668816,-15.88462,-8643767853.162197,0.002341,68.705103,1.856684,-2.210507,88.268072,0.159302,3.574287,0.080115,0.004355,0.564168
02-13-26,222.110001,224.720001,221.380005,223.710007,4537400,221.061002,215.854021,201.616419,0.371216,0.24144,0.074055,TRUE,TRUE,14.237602,0.363708,31.123183,30.737643,62.162492,-6.408845,2.396127,-0.074409,8.066907,13.113201,17.354265,67.865781,2.057486,1.107301,248.522176,0.689674,0.004603,0.007508,1.48745,3.682737,-4.106298,1.273549,95206216,18.330943,-8641974617.293953,0.033868,59.884748,1.834021,-3.22543,87.508894,0.189241,4.345793,0.08665,0.004603,1.065903
02-17-26,223.490005,224.330002,221.720001,223.199997,4747200,221.271501,216.131631,201.829128,0.363694,0.247459,0.07482,TRUE,TRUE,14.302503,0.357507,26.701558,29.814982,60.171883,-9.447539,2.272649,-0.158309,9.153399,13.065917,16.17847,61.750553,1.922458,1.165515,247.886107,0.690574,0.004597,0.007468,1.337659,3.637873,-4.106298,1.3144,87547916,25.937127,-8610315572.898552,0.057737,56.111285,1.35017,-2.968405,87.180148,0.187476,4.299443,0.086418,0.004597,0.777977
02-18-26,223.600006,224.919998,223.139999,224.309998,3794700,221.690001,216.433232,202.04818,0.356992,0.253367,0.075596,TRUE,TRUE,14.385052,0.351491,30.864174,29.237026,62.952528,4.548132,2.238554,-0.153923,10.060481,13.616746,16.864299,75.059919,3.876074,1.174714,222.491907,0.69069,0.004757,0.008,1.167297,3.875095,-4.106298,1.093927,93916416,-42.943706,-8555689179.660124,0.141508,57.523287,1.011245,-4.124515,86.291535,0.198182,4.546039,0.089442,0.004757,1.177569
02-19-26,223.740005,224.259995,222.940002,223.970001,2069300,221.932001,216.723456,202.251705,0.350346,0.259181,0.07638,TRUE,TRUE,14.47175,0.340018,23.846152,28.55217,61.535377,-0.627116,2.15921,-0.186614,11.092511,13.079596,16.007158,70.983223,2.208733,1.124194,219.483336,0.672702,0.004777,0.008515,1.037605,4.335604,-4.106298,0.617975,91847116,-53.774154,-8554529101.954273,0.127187,50.378442,0.628041,-5.274043,85.776253,0.213491,5.03132,0.092278,0.004777,0.928545
02-20-26,223.5,225.429993,223.300003,225.270004,4567100,222.210001,217.06635,202.465596,0.343799,0.264864,0.077172,TRUE,TRUE,14.600754,0.334516,32.768022,28.472734,64.798401,4.626518,2.176142,-0.135745,11.875401,13.621729,16.329653,84.761984,2.530607,1.111682,225.000477,0.650992,0.004552,0.008254,1.00388,4.085953,-4.106298,1.327271,94809816,68.025459,-8531859810.251307,0.196852,60.240859,0.706979,-5.096964,85.532811,0.196722,4.789841,0.090851,0.004552,1.359999
02-23-26,224.699997,225.669998,222.339996,223.059998,2678300,222.439001,217.374797,202.674383,0.335776,0.270276,0.077972,TRUE,TRUE,14.700414,0.326531,8.219975,27.680593,56.087574,-6.864954,1.988313,-0.25886,10.914895,12.926651,15.725114,48.049923,2.096303,1.138066,207.67972,0.66429,0.004266,0.006951,0.94557,3.330956,-4.106298,0.781462,89633716,-9.265533,-8515208466.40565,0.18074,54.331765,0.796773,-4.82052,85.289817,0.16775,3.997967,0.083371,0.004266,0.299017
02-24-26,223,224.699997,222.770004,224.389999,2456000,222.703001,217.653119,202.885014,0.326694,0.275445,0.078781,TRUE,TRUE,14.768105,0.324328,13.777742,26.945033,59.606796,-1.92858,1.924591,-0.258065,12.77045,11.708245,18.022619,68.79877,2.409748,1.096305,196.386944,0.647944,0.004009,0.006447,0.863768,3.103312,-4.106298,0.726175,89749416,-26.900411,-8494447972.639288,0.207101,52.963105,1.963886,-4.749206,86.461982,0.154501,3.773924,0.080291,0.004009,0.859018
02-25-26,225.100006,225.289993,223.669998,225.039993,2172900,222.999001,217.91737,203.092947,0.317203,0.280379,0.079599,TRUE,TRUE,14.824423,0.324242,13.441089,26.576278,61.241605,-3.556796,1.904585,-0.222457,11.37036,12.792089,18.22334,78.939074,2.701715,1.085521,183.747778,0.645601,0.003935,0.006258,0.805444,2.992057,-4.106298,0.637174,98077616,34.904079,-8477444169.771458,0.215205,51.58067,0.663246,-5.144321,87.037308,0.14933,3.660314,0.079106,0.003935,1.110758
02-26-26,225.229996,226.169998,223.940002,225.380005,2898900,223.302501,218.209521,203.302779,0.30794,0.28507,0.080427,TRUE,TRUE,14.906741,0.326267,27.625978,26.674118,62.105583,6.018009,1.89433,-0.18617,10.753149,12.75434,18.254814,79.840407,2.767775,1.070572,169.159464,0.641071,0.003819,0.005977,0.647675,2.778612,-4.106298,0.841176,108774416,33.080843,-8358385995.717069,0.229798,58.669939,0.482045,-5.268777,88.17022,0.139491,3.442481,0.077312,0.003819,1.228133
02-27-26,223.979996,225.600006,223.419998,225.520004,3209500,223.566001,218.4983,203.493983,0.299246,0.289468,0.081264,TRUE,TRUE,15.004317,0.325198,7.381478,26.328571,62.476484,2.869687,1.875875,-0.1637,9.335477,12.415659,18.758754,82.634809,2.392737,1.007195,159.900081,0.632293,0.003864,0.006294,0.688993,3.128143,-4.106298,0.962493,111983916,-41.034356,-8355412059.884243,0.264462,51.234889,0.940365,-4.356715,88.792922,0.152138,3.808232,0.079332,0.003864,1.222015
03-02-26,223.789993,225.770004,223.460007,225.149994,3796300,223.830501,218.8149,203.684973,0.292319,0.293523,0.082111,TRUE,TRUE,15.129927,0.322321,4.018176,26.100014,60.783167,-0.458438,1.810522,-0.183242,8.517321,12.181107,18.947191,75.249364,2.406074,1.023761,137.562733,0.633007,0.003825,0.006152,0.682098,3.080087,-4.106298,1.159517,105774316,-24.180148,-8318700759.23445,0.253359,44.866372,0.209229,-5.551727,87.47926,0.150225,3.755717,0.078436,0.003825,0.959194
03-03-26,221.320007,223.110001,218.779999,222.270004,6586500,223.860501,219.0873,203.867807,0.284086,0.297109,0.082963,TRUE,TRUE,15.219493,0.316943,-13.109493,25.476663,49.530486,-12.575097,1.508945,-0.387856,6.363946,10.729675,15.86701,45.860778,0.270675,1.207025,133.187714,0.650608,0.003706,0.005459,0.770743,2.10589,-4.106298,1.909626,95049116,113.49389,-8301758711.175121,0.261116,36.013858,0.484128,-4.237588,87.587914,0.113047,2.747189,0.073885,0.003706,-1.194177
03-04-26,222.899994,223.639999,221.529999,223.25,4043200,223.927501,219.3711,204.046125,0.274024,0.300234,0.083821,TRUE,TRUE,15.324975,0.312299,-9.705163,24.574476,52.736853,-9.73963,1.333646,-0.450523,7.565445,11.78895,17.532819,58.738513,0.603847,1.207166,126.037859,0.651777,0.003818,0.005775,0.812237,2.298456,-4.106298,1.169539,101300416,4.11227,-8270702343.008179,0.288289,38.434707,0.130666,-3.705318,87.605771,0.121458,2.947028,0.075992,0.003818,-0.537538
03-05-26,221.830002,222.570007,219.100006,220.589996,5216300,223.8255,219.5853,204.202074,0.259192,0.302816,0.084681,TRUE,TRUE,15.383226,0.302905,-9.92652,24.732623,44.477161,-16.306006,0.968912,-0.652206,6.345007,10.539654,18.440182,24.492526,-0.916322,1.21298,144.057534,0.673094,0.003707,0.005101,0.920437,1.71432,-4.106298,1.472851,92199716,47.963352,-8237187793.167865,0.264585,37.908438,-0.285426,-3.530111,86.753755,0.099247,2.330219,0.071419,0.003707,-2.245981
03-06-26,218.110001,218.330002,216.179993,217.720001,5068800,223.67,219.7101,204.342632,0.239769,0.304924,0.085541,FALSE,TRUE,15.367468,0.285926,-33.860936,25.776394,37.62924,-11.901247,0.443164,-0.942363,4.013242,8.216089,15.90422,15.415492,-1.408323,1.264073,188.135439,0.690467,0.003778,0.005031,1.286722,1.416603,-4.106298,1.398917,87130916,47.60629,-8234995233.100301,0.297715,37.624535,-0.556827,-3.362368,86.990645,0.088162,2.017423,0.07093,0.003778,-3.162615
03-09-26,215.820007,219.210007,213.800003,218.720001,5549100,223.3775,219.8523,204.489776,0.216057,0.306512,0.086403,FALSE,TRUE,15.362524,0.269227,-24.64243,27.312511,41.035782,-11.701072,0.105975,-1.023642,4.535704,8.982778,17.598161,39.773647,-2.604981,1.349735,216.711965,0.690965,0.003909,0.005379,1.493142,1.68117,-4.106298,1.487573,94694716,62.706348,-8217215500.361049,0.316486,37.166117,0.678012,-2.650484,87.191952,0.100113,2.289906,0.073344,0.003909,-2.149166
03-10-26,218.479996,220.529999,217.610001,218.070007,4924900,223.050001,219.962401,204.652453,0.187525,0.307481,0.08727,FALSE,TRUE,15.309948,0.255654,-35.214389,27.97631,39.524675,-4.952485,-0.211263,-1.072704,4.111154,8.702036,16.494511,34.519046,-2.916031,1.391099,244.639707,0.671969,0.00353,0.004636,1.728701,1.073853,-4.106298,1.270781,93644216,143.662181,-8196645696.384039,0.248355,38.329373,-0.477388,-3.267518,87.06783,0.07135,1.67718,0.068088,0.00353,-2.035644
03-11-26,217.809998,218.289993,216.559998,217.580002,4034200,222.712001,220.065001,204.815305,0.15472,0.307777,0.088142,FALSE,TRUE,15.249695,0.243149,-35.75823,28.857444,38.377358,0.748118,-0.496493,-1.086347,4.542806,8.334123,17.961715,30.557803,-3.013281,1.40605,271.142065,0.668566,0.00337,0.004265,1.95961,0.735916,-4.106298,1.023518,83071416,48.649545,-8132147950.626947,0.275043,37.075131,-0.267589,-3.066155,85.527645,0.056433,1.332859,0.06531,0.00337,-1.892734
03-12-26,215.800003,216.529999,214.580002,214.669998,13125100,222.204001,220.117601,204.965541,0.116771,0.30737,0.089018,FALSE,TRUE,15.152059,0.223766,-54.414785,30.128121,32.368228,-8.667554,-0.946443,-1.229037,3.386845,7.156122,17.783159,7.033108,-4.518971,1.454058,320.124019,0.688643,0.003318,0.003895,2.343615,0.391953,-4.811106,2.919761,69946316,540.280014,-8144061550.336638,0.110763,25.368427,-0.551696,-3.181576,84.981108,0.042147,0.966084,0.062411,0.003318,-2.353464
03-12-26,215.800003,216.529999,214.580002,214.669998,13109440,221.827,220.172201,205.100662,0.074158,0.306225,0.089896,FALSE,TRUE,15.071539,0.20469,-48.581339,31.308037,32.368228,-7.156448,-1.288182,-1.256621,1.993625,5.773693,18.231309,7.033108,-3.39319,1.408141,361.742428,0.688494,0.003295,0.003843,2.657232,0.335789,-4.811106,2.659516,69946316,195.950876,-8155960935.528234,0.020362,26.464687,-1.141439,-3.683913,84.981108,0.039622,0.908364,0.061988,0.003295,-1.97848
03-12-26,215.800003,216.529999,214.580002,214.669998,13109440,221.827,220.172201,205.100662,0.074158,0.306225,0.089896,FALSE,TRUE,15.071539,0.20469,-48.581339,31.308037,32.368228,-7.156448,-1.288182,-1.256621,1.993625,5.773693,18.231309,7.033108,-3.39319,1.408141,361.742428,0.688494,0.003295,0.003843,2.657232,0.335789,-4.811106,2.659516,73523216,195.950876,-8111992373.135427,0.020362,26.464687,-1.141439,-3.683913,85.892829,0.039622,0.908364,0.061988,0.003295,-1.97848
03-13-26,215.929993,216.919998,214.449997,214.740005,3468700,221.3785,220.260201,205.243665,0.027208,0.304253,0.090777,FALSE,TRUE,15.016536,0.182544,-60.274753,32.155728,32.662408,-5.71495,-1.535661,-1.20328,1.374986,6.450459,19.013821,7.599053,-4.009656,1.425644,391.546292,0.679071,0.003374,0.004145,2.945338,0.6782,-4.811106,0.711408,76991916,-23.553136,-8114646536.987559,-0.025022,27.495077,-0.548094,-2.77785,86.515258,0.054444,1.26585,0.064379,0.003374,-1.695456
03-13-26,215.929993,216.919998,214.449997,214.740005,3468718,220.955501,220.311001,205.3832,-0.02294,0.301451,0.091658,FALSE,TRUE,14.927801,0.158961,-67.057143,32.942869,32.662408,0.29418,-1.712055,-1.103739,1.882368,6.492507,16.897372,7.599053,-3.790319,1.453917,415.780395,0.677411,0.003427,0.004297,3.209962,0.804879,-4.811106,0.720863,76991916,-26.931286,-8117300714.612848,-0.059548,24.887257,-0.25896,-2.138786,86.515258,0.059956,1.39761,0.065555,0.003427,-1.494899
03-13-26,215.929993,216.919998,214.449997,214.740005,3468718,220.955501,220.311001,205.3832,-0.02294,0.301451,0.091658,FALSE,TRUE,14.927801,0.158961,-67.057143,32.942869,32.662408,0.29418,-1.712055,-1.103739,1.882368,6.492507,16.897372,7.599053,-3.790319,1.453917,415.780395,0.677411,0.003427,0.004297,3.209962,0.804879,-4.811106,0.720863,75297116,-26.931286,-8102446000.440053,-0.059548,24.887257,-0.25896,-2.138786,86.017159,0.059956,1.39761,0.065555,0.003427,-1.494899
03-16-26,216.570007,217.705002,216.134995,216.610001,4072910,220.570501,220.350801,205.531489,-0.071504,0.297963,0.092542,FALSE,TRUE,14.819312,0.138801,-51.924243,33.138275,40.658658,8.29043,-1.681571,-0.858604,2.61937,7.504092,16.37106,23.475332,-3.432748,1.465603,418.723351,0.685425,0.003625,0.004698,3.379132,1.055755,-4.811106,0.843985,79370026,7.331541,-8104054390.588169,-0.08841,26.140752,-0.853297,-2.751737,85.741627,0.071684,1.651914,0.068544,0.003625,-0.945851
03-17-26,217.009995,217.800003,216.699997,216.839996,2426500,220.214001,220.356201,205.679492,-0.119657,0.293776,0.093427,FALSE,TRUE,14.676709,0.119987,-51.119023,33.254032,41.577567,8.915159,-1.620177,-0.637769,3.59258,7.298728,16.910475,25.396767,-3.183464,1.431437,418.609088,0.684079,0.003552,0.004526,3.388906,0.947197,-4.811106,0.500963,80605926,17.261876,-8050586907.049836,-0.118732,30.386347,-0.855698,-3.084656,86.095209,0.066754,1.541136,0.067279,0.003552,-0.806004
03-17-26,217.009995,217.789993,216.699997,216.839996,2389802,219.7925,220.406001,205.822043,-0.166858,0.288849,0.094314,FALSE,TRUE,14.583958,0.103499,-50.030132,33.361521,41.577567,8.915159,-1.553613,-0.456964,3.925235,6.759882,16.079252,30.894252,-3.74218,1.391249,407.309052,0.677801,0.003391,0.0042,2.77276,0.658397,-4.811106,0.504731,80605926,-47.673535,-8052362815.57194,-0.181199,31.152162,-0.523043,-3.097035,86.095209,0.053596,1.248502,0.064806,0.003391,-0.724881
03-18-26,216.220001,216.449997,214.119995,214.220001,3362000,219.3505,220.367601,205.955161,-0.213122,0.283014,0.095197,FALSE,TRUE,14.41244,0.082638,-49.23552,34.281182,34.516209,-6.142449,-1.692759,-0.476888,2.468193,5.64679,14.969526,4.268276,-3.963058,1.286561,417.81398,0.696801,0.003394,0.003978,2.973723,0.158326,-5.010643,0.704971,77243926,25.527387,-8055436214.494002,-0.196186,32.979742,0.604034,-1.256739,86.539923,0.032189,0.72915,0.063068,0.003394,-1.227939
03-18-26,216.220001,216.440002,214.130005,214.220001,2881019,218.842001,220.300201,206.090064,-0.257838,0.276411,0.096078,FALSE,TRUE,14.210137,0.063251,-58.750824,35.135153,34.516209,-7.061358,-1.782486,-0.453292,2.067847,5.798106,15.485549,4.78903,-4.532287,1.29323,415.131065,0.69453,0.003319,0.003828,2.066084,-0.013076,-5.010643,0.601435,77243926,17.305334,-8058092747.404458,-0.240444,31.439732,1.047873,-0.555361,86.539923,0.024412,0.554705,0.061872,0.003319,-1.113383
03-18-26,216.220001,216.440002,214.130005,214.220001,2881019,218.842001,220.300201,206.090064,-0.257838,0.276411,0.096078,FALSE,TRUE,14.210137,0.063251,-58.750824,35.135153,34.516209,-7.061358,-1.782486,-0.453292,2.067847,5.798106,15.485549,4.78903,-4.532287,1.29323,415.131065,0.69453,0.003319,0.003828,2.066084,-0.013076,-5.010643,0.601435,78265826,17.305334,-8019609223.926964,-0.240444,31.439732,1.047873,-0.555361,86.967149,0.024412,0.554705,0.061872,0.003319,-1.113383
03-19-26,212.580002,215,212.369995,213.949997,3455625,218.287501,220.224801,206.214448,-0.299996,0.269125,0.096954,FALSE,TRUE,14.010353,0.043134,-51.155636,36.397334,33.829513,-7.748054,-1.854011,-0.419853,1.16796,5.586533,13.759572,19.362759,-4.928011,1.244116,401.838805,0.694714,0.566886,0.511292,1.456008,-0.040469,-5.130369,0.711858,74810201,59.032859,-8018912846.120338,-0.245568,32.535514,1.738906,-0.076389,87.818104,0.020523,0.665644,0.715047,0.566886,-1.079414
03-20-26,213.800003,214.169998,210.300003,211.309998,5265700,217.584,220.100801,206.325285,-0.340326,0.26111,0.097824,FALSE,TRUE,13.775516,0.017912,-50.274539,38.021132,27.97011,-6.546099,-2.099518,-0.532288,-0.141772,4.489938,12.599161,9.872873,-6.242793,1.241405,394.224815,0.712737,0.577251,0.533587,1.710226,-0.425854,-6.300996,1.058918,69544501,81.644762,-8021430052.691483,-0.27353,32.49728,2.285416,0.462033,88.216649,0.015833,0.516341,0.73047,0.577251,-1.591478
03-20-26,213.800003,214.139999,210.294998,211.309998,5265684,216.8735,219.960601,206.432554,-0.378047,0.252371,0.098686,FALSE,TRUE,13.528046,-0.00744,-63.063861,39.529962,27.97011,-6.546099,-2.267941,-0.560569,-0.59041,4.977895,12.628896,9.916945,-6.300996,1.188504,371.03825,0.712714,0.577237,0.533548,1.683597,-0.408363,-6.300996,1.037466,69544501,64.065555,-8023915677.21202,-0.321773,32.744785,1.795572,0.738884,88.216649,0.0156,0.508767,0.730444,0.577237,-1.499442
03-20-26,213.800003,214.139999,210.294998,211.309998,5265684,216.8735,219.960601,206.432554,-0.378047,0.252371,0.098686,FALSE,TRUE,13.528046,-0.00744,-63.063861,39.529962,27.97011,-6.546099,-2.267941,-0.560569,-0.59041,4.977895,12.628896,9.916945,-6.300996,1.188504,371.03825,0.712714,0.577237,0.533548,1.683597,-0.408363,-6.300996,1.037466,71705901,64.065555,-8002687085.010457,-0.321773,32.744785,1.795572,0.738884,88.506004,0.0156,0.508767,0.730444,0.577237,-1.499442
03-23-26,214,215.460007,212.729996,213.130005,6005200,216.272501,219.839201,206.550162,-0.410113,0.243062,0.099544,FALSE,TRUE,13.289038,-0.032485,-38.235273,39.906269,36.731692,2.902179,-2.228866,-0.417195,0.320079,5.000497,13.875699,35.459768,-5.338658,1.219578,324.330263,0.714333,0.566318,0.542816,1.598196,0.191184,-6.300996,1.15797,77711101,58.185602,-8006932486.246805,-0.372805,33.904568,,-1.111364,87.712512,0.020857,0.685495,0.736761,0.566318,-0.968918
03-23-26,214,215.445007,212.725006,213.130005,5888848,215.815501,219.722001,206.66559,-0.436868,0.233282,0.100394,FALSE,TRUE,13.056411,-0.054533,-35.800435,40.257142,36.731692,8.761582,-2.17285,-0.288944,0.514059,4.87649,15.440752,37.774882,-4.112116,1.252757,298.760137,0.705359,0.560277,0.54165,1.400215,-0.138072,-6.300996,1.143224,77711101,-10.592151,-8011067676.025395,-0.454597,32.857759,0.979473,-0.427894,87.712512,0.011324,0.376444,0.735969,0.560277,-0.89888
03-23-26,214,215.445007,212.725006,213.130005,5888848,215.815501,219.722001,206.66559,-0.436868,0.233282,0.100394,FALSE,TRUE,13.056411,-0.054533,-35.800435,40.257142,36.731692,8.761582,-2.17285,-0.288944,0.514059,4.87649,15.440752,37.774882,-4.112116,1.252757,298.760137,0.705359,0.560277,0.54165,1.400215,-0.138072,-6.300996,1.143224,78001301,-10.592151,-7983459720.757402,-0.454597,32.857759,0.979473,-0.427894,87.327598,0.011324,0.376444,0.735969,0.560277,-0.89888
03-24-26,211.770004,215.059998,211.570007,213.820007,3165700,215.344001,219.679601,206.793933,-0.457204,0.223039,0.101238,FALSE,TRUE,12.885668,-0.071399,-8.325076,40.913195,39.94369,11.97358,-2.049159,-0.132202,0.887046,5.02481,14.651171,46.968779,-4.223961,1.265083,244.791481,0.690901,0.548979,0.531682,1.423944,-0.453705,-6.300996,0.619849,81167001,-21.703106,-7982543561.198116,-0.474483,39.777542,1.204711,-0.112557,87.573092,0.006199,0.208145,0.729165,0.548979,-0.622568
03-24-26,211.770004,215.035004,211.570007,213.820007,3160840,215.005502,219.573401,206.915571,-0.471079,0.21242,0.102074,FALSE,TRUE,12.65783,-0.084916,-8.325076,41.522387,39.94369,3.211998,-1.928898,-0.009552,1.654469,4.880567,14.809818,46.968779,-3.069037,1.315693,213.201047,0.680441,0.542937,0.534062,1.447284,-0.813965,-6.300996,0.631607,81167001,-39.404559,-7981599409.846622,-0.467435,37.310903,1.484225,-0.045868,87.573092,-0.005261,-0.179817,0.730796,0.542937,-0.556045
03-24-26,211.770004,215.035004,211.570007,213.820007,3160840,215.005502,219.573401,206.915571,-0.471079,0.21242,0.102074,FALSE,TRUE,12.65783,-0.084916,-8.325076,41.522387,39.94369,3.211998,-1.928898,-0.009552,1.654469,4.880567,14.809818,46.968779,-3.069037,1.315693,213.201047,0.680441,0.542937,0.534062,1.447284,-0.813965,-6.300996,0.631607,84169601,-39.404559,-7960198442.664161,-0.467435,37.310903,1.484225,-0.045868,88.514576,-0.005261,-0.179817,0.730796,0.542937,-0.556045
03-25-26,215.199997,215.869995,213.639999,214.869995,5170600,214.863001,219.476601,207.050274,-0.476181,0.201454,0.102904,FALSE,TRUE,12.426326,-0.100321,1.16166,41.387424,44.882075,8.150383,-1.728935,0.152329,1.258246,5.29746,14.623272,60.95928,-1.309024,1.301285,203.402157,0.670526,0.528448,0.530361,1.444505,-0.227767,-6.300996,1.032153,89340201,2.008365,-7959665160.965847,-0.483521,39.337693,0.369361,-0.80091,87.829678,0.000693,0.023934,0.728259,0.528448,0.003438
03-25-26,215.199997,215.869995,213.639999,214.869995,5023915,214.670501,219.404401,207.183186,-0.475408,0.190109,0.103727,FALSE,TRUE,12.221215,-0.112722,1.16166,41.262101,44.882075,4.938385,-1.552565,0.262958,0.116485,4.835084,19.507729,60.95928,-1.760244,1.293306,182.078791,0.661639,0.521914,0.522728,1.44172,-0.564756,-6.300996,1.008156,89340201,-9.464328,-7959147007.961673,-0.526461,39.337693,0.200327,0.04283,87.829678,-0.00528,-0.183383,0.722999,0.521914,0.109565
03-25-26,215.199997,215.869995,213.639999,214.869995,5023915,214.670501,219.404401,207.183186,-0.475408,0.190109,0.103727,FALSE,TRUE,12.221215,-0.112722,1.16166,41.262101,44.882075,4.938385,-1.552565,0.262958,0.116485,4.835084,19.507729,60.95928,-1.760244,1.293306,182.078791,0.661639,0.521914,0.522728,1.44172,-0.564756,-6.300996,1.008156,92341801,-9.464328,-7913762315.755204,-0.526461,39.337693,0.200327,0.04283,88.161105,-0.00528,-0.183383,0.722999,0.521914,0.109565
03-26-26,213.729996,214.949997,212.360001,212.509995,2854800,214.3925,219.272401,207.302853,-0.470684,0.178242,0.10454,FALSE,TRUE,11.969547,-0.126463,-35.102814,41.596325,36.959752,-2.983938,-1.584953,0.184456,-1.874688,3.552282,25.832472,29.51359,-2.549646,1.295065,169.450445,0.670254,0.527664,0.53348,1.537066,-1.255868,-6.300996,0.585028,89487001,-42.033341,-7916286456.928071,-0.528928,32.271558,-0.079655,0.191125,88.341776,-0.017797,-0.617122,0.730397,0.527664,-1.110948
03-27-26,211.899994,212.399994,209.630005,210.050003,3784900,214.016,219.091001,207.402406,-0.463657,0.165735,0.105343,FALSE,TRUE,11.688595,-0.143734,-48.813795,42.654088,30.847447,-14.034628,-1.788505,-0.015276,-2.006066,2.693854,25.27281,5.147044,-3.460795,1.367701,178.322052,0.685522,0.529511,0.510153,1.750129,-1.697725,-6.859702,0.777618,85702101,-6.179664,-7918923589.87066,-0.5648,26.808119,-1.058497,-1.216021,87.337701,-0.033072,-1.094236,0.71425,0.529511,-2.224064
03-30-26,211.949997,212.190002,208.660004,209.419998,4105700,213.7535,218.893201,207.490944,-0.455324,0.152724,0.106135,FALSE,TRUE,11.402257,-0.161968,-51.031648,43.851027,29.501835,-15.38024,-1.977858,-0.163703,-3.109097,2.18102,26.656488,9.756035,-2.445614,1.455038,204.855574,0.686221,0.529062,0.508256,1.204671,-1.774445,-7.139059,0.929663,79664001,-68.718715,-7903412287.088123,-0.51406,26.012747,-1.33531,-1.634594,86.811714,-0.036501,-1.204115,0.712921,0.529062,-2.115394
03-31-26,211.350006,214.139999,210.610001,213.669998,6365000,213.7035,218.761601,207.606157,-0.440951,0.139493,0.10692,FALSE,TRUE,11.155443,-0.171412,-3.40138,43.483384,46.46682,9.507068,-1.76464,0.039612,-1.801553,4.894453,20.615623,64.395826,-0.465831,1.492956,203.718118,0.735524,0.563859,0.556154,1.211187,-1.059459,-7.139059,1.56039,84121901,-51.447201,-7886202307.534922,-0.353457,35.75443,-1.656385,-1.915661,86.400564,-0.028459,-0.921935,0.745757,0.563859,-0.016445
04-01-26,214.440002,215.960007,214.440002,214.940002,4947600,213.7135,218.663201,207.720951,-0.421301,0.126251,0.1077,FALSE,TRUE,10.94225,-0.177024,4.128447,41.997828,50.31456,19.467114,-1.476168,0.262467,-1.276869,7.771761,25.026021,86.027345,0.093134,1.48347,204.301931,0.737858,0.565441,0.556956,1.23284,-0.987511,-7.139059,1.191316,91260401,42.63557,-7861527757.302459,-0.335587,38.012701,-1.070601,-1.069635,86.867288,-0.026651,-0.861438,0.746295,0.565441,0.600338
04-02-26,212.970001,216.440002,212.660004,215.520004,2315100,213.7525,218.540201,207.836007,-0.396246,0.113086,0.108476,FALSE,TRUE,10.704194,-0.181804,8.845112,41.217266,52.010981,22.509146,-1.187067,0.441254,-0.914896,6.920671,23.462881,88.174829,0.363229,1.517591,207.090057,0.738815,0.565459,0.558106,1.43253,-0.855293,-7.139059,0.565297,93575501,-33.257763,-7860339582.407616,-0.293402,38.751081,-1.162273,,86.653916,-0.026395,-0.853153,0.747065,0.565459,0.853495
04-06-26,215.460007,216.660004,215.229996,216.610001,2078400,213.7525,218.434201,207.952232,-0.366438,0.100114,0.109246,FALSE,TRUE,10.481969,-0.189774,32.716074,40.359245,55.112738,8.645918,-0.860085,0.614589,-0.783257,6.641397,22.590743,99.374962,0,1.429494,207.090057,0.719603,0.551738,0.540558,1.736576,-0.180106,-7.139059,0.520166,96881901,-48.970147,-7850240050.331991,-0.256409,44.771283,-1.215985,-1.357718,87.240411,-0.009629,-0.313388,0.735226,0.551738,1.379835
04-07-26,216.210007,216.929993,215.339996,216.679993,2064000,213.7445,218.315201,208.059846,-0.332121,0.087492,0.110013,FALSE,TRUE,10.255354,-0.19226,33.005524,39.392161,55.312476,4.997915,-0.588517,0.708926,-1.149637,6.283415,22.975276,96.977021,-0.073789,1.354696,205.861801,0.693286,0.543689,0.56481,1.634513,-0.738372,-7.139059,0.518916,100464501,-14.939213,-7834247026.951157,-0.217052,51.502885,-1.478246,-1.102817,87.858394,-0.032292,-1.120832,0.751538,0.543689,1.425953
04-08-26,220.649994,222.029999,220.169998,221.949997,2362100,214,218.3376,208.192019,-0.291081,0.075372,0.110778,TRUE,TRUE,10.145581,-0.184988,44.726158,37.135591,67.161202,15.150221,0.051356,1.079039,1.351656,9.963338,27.377795,99.401632,2.356577,1.361149,268.487706,0.761311,0.579739,0.544215,3.639036,0.080857,-7.139059,0.594069,109381501,-1.159176,-7808728744.755788,-0.167648,47.928864,-0.231404,0.576573,89.05458,-0.00589,-0.181923,0.737709,0.579739,2.961028
04-09-26,221.429993,223.649994,221.259995,223.169998,1681700,214.4475,218.3096,208.325215,-0.241917,0.063782,0.111543,TRUE,TRUE,9.984385,-0.177924,47.946511,35.602675,69.197341,14.084603,0.649418,1.341681,3.34815,10.022679,27.700237,96.797892,4.177946,1.343146,337.94898,0.760469,0.574579,0.538096,3.954885,0.466956,-7.139059,0.432078,111063201,-49.979179,-7807722533.476412,-0.118858,56.38645,0.846064,0.315028,89.99946,0.020255,0.622132,0.73355,0.574579,2.58101
04-10-26,223.380005,223.440002,221.630005,221.850006,1324400,214.829,218.2542,208.459426,-0.187958,0.052567,0.112303,TRUE,TRUE,9.794774,-0.172218,37.227665,34.179252,64.534927,9.222451,1.005285,1.358038,1.241273,8.267045,29.45592,87.992068,3.561761,1.297047,376.152663,0.764039,0.564448,0.517839,3.796356,0.160102,-7.139059,0.347221,107357301,-54.030154,-7793334786.12696,-0.0996,58.760659,-1.563627,-1.056864,88.045229,-0.000798,-0.02389,0.719611,0.564448,1.866531
04-13-26,221.199997,223.740005,221.190002,223.710007,8833200,215.317001,218.241601,208.603734,-0.129749,0.041795,0.113062,TRUE,TRUE,9.637866,-0.163597,42.210879,32.641038,67.824731,0.66353,1.421019,1.419018,1.820582,9.084262,27.503036,99.801069,4.561818,1.257048,424.369075,0.771237,0.569559,0.51923,3.822972,0.44466,-7.139059,2.16332,119223001,155.618014,-7771514795.452477,0.004052,70.433557,-1.288227,-2.362872,88.217646,0.005931,0.176074,0.720576,0.569559,1.977761
04-14-26,223.630005,224.970001,222.839996,224.75,1314700,215.989001,218.240001,208.750554,-0.06858,0.031477,0.11382,TRUE,TRUE,9.489446,-0.153205,42.186217,31.668843,69.526846,0.329505,1.813504,1.449203,2.86983,10.047498,27.040813,98.651127,6.360325,1.248054,462.295778,0.773189,0.57065,0.521313,4.039501,0.572943,-7.139059,0.33835,113723501,-75.032759,-7750545938.940136,0.050072,67.904001,-0.582006,-1.771093,87.855923,0.007227,0.214458,0.72202,0.57065,1.895107
04-15-26,224.649994,224.860001,223.25,224.020004,1350400,216.624501,218.276201,208.888348,-0.007153,0.021674,0.114574,TRUE,TRUE,9.387852,-0.142719,37.88827,30.766092,66.85344,2.318513,2.042107,1.342244,2.240885,9.230098,25.003395,94.17537,6.014863,1.232352,481.548909,0.772951,0.569428,0.519875,3.865845,0.315229,-7.139059,0.365976,114089401,-74.354709,-7727732578.331865,0.085615,65.815914,-1.626752,-2.295557,88.107854,-0.009261,-0.274502,0.721023,0.569428,1.535774
04-16-26,224,224.979996,224,224.940002,2270900,217.215001,218.3008,209.035919,0.053595,0.012462,0.115325,TRUE,TRUE,9.264881,-0.131594,54.73369,29.975267,68.497468,0.672737,2.271331,1.257174,2.656082,9.035385,25.781109,99.754943,5.541218,1.176187,508.119353,0.77399,0.651766,0.579311,3.642715,0.515718,-7.139059,0.648247,109904501,-62.18444,-7685660755.76035,0.180539,71.720465,-1.094439,-1.543239,87.694667,-0.032687,-1.033608,0.761125,0.651766,1.520312
04-17-26,225.740005,228.020004,225.580002,227.149994,1571100,217.916,218.3798,209.192897,0.115724,0.003882,0.116076,TRUE,TRUE,9.186903,-0.114062,76.135392,30.289969,72.079885,2.553039,2.601333,1.269741,3.574847,9.469877,26.581908,95.506145,6.578139,1.171033,544.223694,0.776985,0.654523,0.578292,3.910017,0.56795,-7.139059,0.477937,111475601,-73.320758,-7685210042.591528,0.262149,78.955089,-0.95932,-2.011688,87.819593,-0.029494,-0.92792,0.760455,0.654523,1.696728
04-20-26,227.029999,227.779999,226.889999,227.289993,1792800,218.5895,218.4394,209.36302,0.176871,-0.004036,0.116824,TRUE,TRUE,9.076381,-0.096197,81.338275,30.582192,72.294822,5.441382,2.841405,1.207851,3.196365,10.813797,25.950341,95.806945,6.299685,1.087347,573.430798,0.776942,0.654395,0.578148,3.354355,0.552099,-7.139059,0.557011,116283101,-43.367975,-7643451633.653478,0.250691,87.625359,-1.465882,-1.042406,88.964956,-0.028845,-0.90741,0.76036,0.654395,1.51727
04-21-26,228,228.460007,225.520004,225.869995,2428200,219.191999,218.4774,209.522608,0.2364,-0.011347,0.117571,TRUE,TRUE,8.954793,-0.079739,63.740945,30.016104,66.687144,-1.810324,2.883839,1.000227,2.733555,10.85839,25.026139,83.607525,5.635575,1.037892,583.889373,0.780766,0.648563,0.580992,2.952069,0.227741,-7.139059,0.763111,114039801,-23.178649,-7622733356.052001,0.20967,79.543203,-3.620388,-0.831098,89.072892,-0.024616,-0.773181,0.762228,0.648563,1.143709
04-22-26,227.449997,227.800003,226.070007,226.550003,1033600,219.775999,218.503,209.679672,0.295726,-0.017926,0.118315,TRUE,TRUE,8.823328,-0.065398,62.587697,29.490452,67.968484,-4.111401,2.938466,0.843884,2.201473,11.699548,25.512722,87.911372,5.435849,1.023427,596.657486,0.773748,0.649151,0.572428,2.57166,0.609215,-7.139059,0.347414,115073401,-80.010057,-7623193401.35925,0.207554,77.188629,-3.418641,-0.1119,89.144466,-0.021719,-0.68146,0.75659,0.649151,1.135325
04-23-26,226.630005,227.990005,225.610001,227.490005,2190800,220.407,218.5916,209.842084,0.353639,-0.023679,0.119057,TRUE,TRUE,8.749517,-0.043494,63.299938,28.714466,69.703277,-2.591545,3.022764,0.742546,2.514534,11.740826,24.131756,92.668175,5.873324,0.97524,608.654285,0.744649,0.62629,0.560958,2.230307,0.178701,-7.139059,0.773186,114391701,-56.392574,-7599856697.961569,0.231203,84.087973,-2.948449,0.229088,89.403168,-0.028457,-0.915546,0.748972,0.62629,1.163716
04-24-26,228.339996,228.539993,227.300003,227.649994,996300,221.164,218.6568,210.005544,0.409351,-0.028714,0.119796,TRUE,TRUE,8.651256,-0.021405,61.401639,28.229836,70.001074,3.31393,3.067125,0.629525,2.254857,12.098878,24.745282,93.257579,7.124371,0.968592,599.346732,0.744673,0.657776,0.589076,1.87759,0.195773,-7.139059,0.363541,115388001,-65.100883,-7600290580.824829,0.277178,83.58177,-2.569987,0.801986,89.519753,-0.012392,-0.412109,0.767513,0.657776,1.082177
04-27-26,227.630005,228.830002,227.570007,227.669998,2409600,222.045,218.7094,210.160791,0.461521,-0.033074,0.120532,TRUE,TRUE,8.548609,0.000073,61.294029,27.905462,70.040727,2.072243,3.068523,0.504739,3.097404,12.766346,25.574677,86.605044,8.388476,0.958154,555.259652,0.744417,0.666527,0.59972,1.372838,0.243267,-7.139059,0.901871,116530901,-36.336495,-7585327780.961115,0.295727,83.820191,-2.678772,0.131304,89.440433,0.001612,0.054333,0.774416,0.666527,1.013039
