Date,Open,High,Low,Close,Volume,SMA20,SMA50,SMA200,SMA20_Slp,SMA50_Slp,SMA200_Slp,>MA50,>MA200,GoldenX,LinReg_Slp,Chande,ADX14,RSI14,RSI_D3,MACD_Line,MACD_Hist,RET_3M_pct,RET_6M_pct,RET_12M_pct,StochK14,ROC20_pct,ATR_pct,StdDev20,Vol60,Beta60,R2_60,Ulcer14,Sharpe60,MaxDD_6M_pct,Vol_vs_Avg,OBV,VolROC20,AD_Line,CMF20,MFI14,RS_3M,RS_6M,RS_Bench,Alpha60,InfoRatio,Corr60,Beta,ZScore
01-04-24,145.050003,145.820007,144.550003,142.148758,1251500,142.868027,137.5946,130.508022,0.316561,0.124137,0.096413,TRUE,TRUE,7.086578,0.295623,-14.894968,37.8078,53.0426,-16.174452,1.5881,-0.4699,10.41,9.14,29.00,-69.200123,2.859608,2.21,212.44,0.7719,-0.00092,0.000238,0.9717,2.3691,-8.44,0.886677,-78557900,-4.720213,-3705956492.982941,-5.7769,61.7395,-0.89,1.50,0,0.12,2.5106,-0.015443,-0.00092,-0.3386
01-05-24,144.710007,145.440002,144.259995,142.27655,1067600,143.092086,137.847764,130.631111,0.312645,0.133034,0.096799,TRUE,TRUE,7.216654,0.297428,-12.35651,35.2568,53.6997,-7.989511,1.3876,-0.5363,10.46,9.75,28.08,-52.751039,3.252059,2.20,176.76,0.7711,-0.000926,0.000242,1.0538,2.2670,-8.44,0.771666,-77490300,-34.366163,-3710613094.345878,-5.7504,54.5376,-0.50,1.88,0,0.12,2.5206,-0.015551,-0.000926,-0.4614
01-08-24,144.789993,146.910004,144.789993,144.37999,1165900,143.368925,138.183932,130.774462,0.307706,0.141889,0.097177,TRUE,TRUE,7.40947,0.303713,10.055229,33.8023,62.9015,6.967608,1.3824,-0.4332,10.53,10.66,31.50,3.191351,3.987788,2.23,147.68,0.7872,-0.000772,0.000161,1.0101,2.4786,-8.44,0.829577,-76324400,60.239142,-3712229957.487445,-5.5669,62.0813,-0.63,1.89,0,0.14,2.7337,-0.01269,-0.000772,0.6847
01-09-24,146.220001,147.130005,145.970001,144.271866,877500,143.604614,138.560046,130.913357,0.302376,0.15069,0.097547,TRUE,TRUE,7.646689,0.308512,0.033667,32.6104,62.2170,9.174435,1.3541,-0.3693,9.60,9.83,28.11,0.315726,3.377655,2.16,118.36,0.7856,-0.000755,0.000155,1.0100,2.5600,-8.44,0.625974,-77201900,-7.582938,-3715676611.087719,-5.5817,61.7322,,1.83,0,0.14,2.8169,-0.01245,-0.000755,0.5638
01-10-24,147.020004,147.940002,146.880005,145.136826,1512100,143.823325,138.962469,131.054097,0.295814,0.159469,0.097909,TRUE,TRUE,7.908372,0.312858,2.048528,32.0592,65.4556,11.755927,1.3854,-0.2703,9.82,9.48,28.98,23.444646,3.107517,2.14,102.42,0.7825,-0.00059,0.000095,1.0688,2.9576,-8.44,1.093415,-75689800,-19.998942,-3722162046.036184,-5.5846,56.2726,0.65,2.37,0,0.16,3.2238,-0.009758,-0.00059,1.2825
01-11-24,148,148.309998,146.509995,145.490677,1142800,144.004889,139.340632,131.196801,0.288645,0.168189,0.098264,TRUE,TRUE,8.143831,0.319525,27.787179,31.1538,66.7126,3.811091,1.4224,-0.1867,9.31,8.72,28.36,30.387196,2.559768,2.14,97.86,0.7727,-0.000814,0.000186,1.1793,2.6999,-8.44,0.904465,-74547000,-67.634314,-3724599150.712995,-5.6590,64.7115,1.49,3.25,0,0.15,2.9597,-0.01364,-0.000814,1.5183
01-12-24,148.360001,148.75,147.860001,145.844528,720000,144.122375,139.714512,131.342879,0.279619,0.176759,0.098613,TRUE,TRUE,8.371633,0.325737,19.454325,30.6210,67.9679,5.75087,1.4633,-0.1166,9.91,8.93,26.85,35.290239,1.637492,2.10,105.24,0.7717,-0.000736,0.000152,1.3486,2.8420,-8.44,0.578067,-73827000,-33.308633,-3728580142.020623,-5.7960,63.9102,1.12,3.26,0,0.15,3.1058,-0.012346,-0.000736,1.6364
01-16-24,147.990005,148.410004,147.229996,145.215454,1311800,144.213303,140.049565,131.477933,0.268685,0.185134,0.098959,TRUE,TRUE,8.571632,0.327327,13.397047,29.4531,63.3912,-2.064408,1.4286,-0.1210,10.04,7.85,25.71,21.279698,1.268199,2.09,106.49,0.7525,-0.00077,0.000175,1.3151,3.2125,-8.44,1.068145,-75138800,-20.985423,-3734371023.266663,-5.7975,55.8859,1.16,2.11,0,0.17,3.4846,-0.01324,-0.00077,0.9411
01-17-24,146.970001,147.240005,146.410004,144.635513,1230300,144.281599,140.320923,131.606586,0.255826,0.193184,0.099305,TRUE,TRUE,8.714337,0.324948,-1.345763,27.5810,59.4189,-7.293727,1.3388,-0.1686,8.40,6.83,24.94,8.363437,0.953392,2.02,104.48,0.7403,-0.000676,0.00014,1.3184,3.4848,-8.44,1.011307,-76369100,-15.825123,-3740861927.289091,-5.6427,49.1930,1.68,2.92,0,0.18,3.7662,-0.011826,-0.000676,0.3387
01-18-24,147.800003,148.820007,147.360001,146.109924,1928800,144.373672,140.599244,131.73376,0.242484,0.201037,0.099652,TRUE,TRUE,8.865484,0.321759,11.492006,26.9956,65.3617,-2.606238,1.3709,-0.1093,9.68,7.90,26.47,40.568522,1.276424,2.06,112.19,0.7288,-0.000474,0.000071,1.4520,4.3086,-8.44,1.52927,-74440300,86.429538,-3746093653.409719,-5.3415,51.9519,3.05,4.23,0,0.21,4.6078,-0.008427,-0.000474,1.5476
01-19-24,149.440002,150.889999,149,148.233002,1213400,144.539094,140.910821,131.868826,0.229754,0.208729,0.099999,TRUE,TRUE,9.041995,0.320969,28.170052,27.5491,71.7720,8.380757,1.5497,0.0556,12.72,10.27,30.12,59.92465,2.282861,2.13,141.34,0.7452,-0.000155,0.000007,2.6638,4.7486,-8.44,1.065671,-73226900,-66.901255,-3748291895.766193,-4.6410,52.3794,3.94,5.65,0,0.24,5.0561,-0.002702,-0.000155,2.6135
01-22-24,151.389999,151.630005,151.039993,148.753937,1338700,144.824909,141.221066,132.011992,0.218331,0.216214,0.100352,TRUE,TRUE,9.209074,0.32154,35.234493,28.3816,73.0880,13.669085,1.7137,0.1757,14.27,10.56,31.71,60.976064,3.996367,2.15,165.17,0.7426,-0.000197,0.000012,2.8850,4.6304,-8.44,1.176724,-71888200,-1.435724,-3760004438.852028,-4.9757,59.3916,4.90,6.61,0,0.23,4.9365,-0.003436,-0.000197,2.3788
01-23-24,151.179993,151.179993,150.449997,148.419739,1184600,145.030657,141.516401,132.15412,0.207714,0.223348,0.100708,TRUE,TRUE,9.362281,0.317031,44.056724,28.6035,70.8073,5.445609,1.7960,0.2064,15.28,9.83,28.83,56.441498,2.851575,2.19,183.01,0.7063,-0.000036,0,2.7314,5.3757,-8.44,1.035693,-73072800,11.533754,-3767778238.617919,-5.1250,58.8546,4.11,5.65,0,0.26,5.7075,-0.000654,-0.000036,1.8518
01-24-24,152.020004,152.460007,151.130005,148.685135,1262700,145.25999,141.834279,132.296164,0.198225,0.230089,0.101066,TRUE,TRUE,9.538115,0.30823,58.364617,29.3707,71.5661,-0.205859,1.8612,0.2173,15.55,9.34,27.37,53.965046,3.183,2.28,198.78,0.6606,0.000161,0.00001,2.5016,6.4797,-8.44,1.091112,-71810100,27.160121,-3773683244.020441,-5.1130,65.1115,3.93,4.84,0,0.29,6.8484,0.003164,0.000161,1.7231
01-25-24,151.729996,152.160004,150.910004,149.117599,18640200,145.47853,142.117718,132.43823,0.190641,0.236425,0.101428,TRUE,TRUE,9.679487,0.298084,67.846288,29.8762,72.8065,-0.281481,1.9256,0.2253,15.04,9.70,27.82,59.238997,3.01962,2.28,216.11,0.6552,0.000207,0.000017,2.3938,6.7960,-8.44,9.091295,-53169900,2293.758829,-3845780679.699152,-4.5335,31.9611,2.66,4.87,0,0.30,7.1718,0.004087,0.000207,1.6839
01-26-24,151.360001,151.860001,151.070007,148.763763,3662400,145.665628,142.398585,132.577409,0.184998,0.242294,0.10179,TRUE,TRUE,9.821176,0.288674,61.797351,30.3456,70.1115,-0.695755,1.9258,0.1805,16.61,9.93,27.67,51.809168,2.580273,2.26,227.83,0.6465,-0.000082,0.000003,2.0570,6.2774,-8.44,1.679549,-56832300,246.358994,-3870826521.29226,-4.6293,29.6757,4.00,4.22,0,0.27,6.6419,-0.00165,-0.000082,1.3599
01-29-24,151.410004,152.809998,151.410004,150.120193,2663000,145.92266,142.658791,132.726434,0.182583,0.247772,0.102152,TRUE,TRUE,9.932357,0.281218,58.870569,31.2094,74.0735,2.507394,2.0123,0.2135,19.65,9.97,27.46,60.675358,3.545769,2.21,247.80,0.6514,0.000019,0,2.4031,6.4183,-8.44,1.178702,-54169300,144.446484,-3878396349.128772,-4.3073,32.5130,5.97,4.36,0,0.28,6.7855,0.000384,0.000019,1.6939
01-30-24,152.639999,152.929993,152.429993,150.120193,1571500,146.197384,142.921543,132.868407,0.183153,0.25288,0.102514,TRUE,TRUE,10.053136,0.274709,60.652038,32.0635,74.0735,1.266977,2.0571,0.2067,20.08,9.94,27.16,56.904848,3.7991,2.22,262.68,0.6448,-0.000225,0.00002,2.1658,6.0607,-8.44,0.686856,-54169300,57.528067,-3894487246.864368,-4.5058,33.7775,5.35,4.73,0,0.26,6.4189,-0.004527,-0.000225,1.4934
01-31-24,151.910004,152.389999,150.470001,147.928299,1592000,146.415099,143.142025,133.00015,0.184488,0.257522,0.102876,TRUE,TRUE,10.141875,0.267819,25.447914,30.9941,59.3335,-10.778063,1.8939,0.0348,16.86,8.34,27.01,23.286777,3.032798,2.18,257.79,0.6401,-0.001174,0.000563,2.0139,4.6633,-8.25,0.687968,-55761300,48.785047,-3900294240.482691,-4.4665,29.9344,3.94,3.63,0,0.20,4.9758,-0.023723,-0.001174,0.5870
02-01-24,150.889999,152.300003,150.809998,149.697525,1645100,146.767474,143.396324,133.139913,0.188358,0.261763,0.103239,TRUE,TRUE,10.256411,0.264801,33.968011,30.0011,65.3304,-8.743055,1.8856,0.0212,17.73,11.37,26.43,50.422192,4.940402,2.21,251.71,0.6474,-0.001142,0.000521,1.8391,4.7485,-8.25,0.700312,-54116200,74.195256,-3904395879.836909,-4.3511,30.8747,4.57,4.66,0,0.21,5.0595,-0.022819,-0.001142,1.1641
02-02-24,152.940002,154.860001,152.679993,151.663361,1876800,147.243204,143.667612,133.288532,0.195982,0.265659,0.103605,TRUE,TRUE,10.37908,0.264813,41.57283,30.3596,70.5306,-3.542913,2.0144,0.1200,18.06,13.04,26.56,62.169927,6.693412,2.27,249.73,0.6627,-0.00099,0.000373,2.4852,5.0241,-8.25,0.788452,-52239400,49.964043,-3908023146.023416,-4.2445,32.8985,6.22,5.71,0,0.22,5.3368,-0.019322,-0.00099,1.7700
02-05-24,154.429993,154.649994,153.380005,151.574921,1646200,147.708122,143.942224,133.438216,0.207208,0.269226,0.103974,TRUE,TRUE,10.504007,0.26462,47.260897,30.6925,70.0217,10.688271,2.0853,0.1527,15.65,13.61,23.86,61.1233,6.53542,2.30,238.71,0.6630,-0.001026,0.000401,2.2103,4.8213,-8.25,0.683272,-53885600,54.196328,-3914348960.768099,-4.2281,36.6239,8.24,7.93,0,0.22,5.1306,-0.020022,-0.001026,1.6199
02-06-24,154.740005,155,153.720001,151.840271,1181000,148.081136,144.214112,133.589276,0.221191,0.272447,0.104345,TRUE,TRUE,10.624836,0.26454,54.824492,31.1554,70.7046,5.374205,2.1383,0.1646,14.86,12.55,25.52,58.642287,5.167116,2.36,242.23,0.6630,-0.001047,0.000418,1.9267,4.7686,-8.25,0.490032,-52704600,1.295137,-3918998653.756202,-4.2897,39.5173,7.91,,0,0.21,5.0770,-0.020439,-0.001047,1.5519
02-07-24,155.179993,156.490005,155.179993,153.619339,1295100,148.54851,144.521582,133.750155,0.238487,0.275347,0.104719,TRUE,TRUE,10.771427,0.264905,55.848058,32.1773,74.8426,4.311969,2.2974,0.2589,15.80,14.33,28.12,61.673373,6.479069,2.35,254.72,0.6645,-0.000717,0.000195,2.6461,5.4807,-8.25,0.53276,-51409500,47.589744,-3923379529.044194,-4.2721,38.6979,8.39,8.01,0,0.25,5.8064,-0.013951,-0.000717,1.9908
02-08-24,156.539993,156.860001,156.380005,153.983017,1232700,148.99082,144.844552,133.911929,0.25812,0.278018,0.105095,TRUE,TRUE,10.932623,0.268361,49.201139,33.2590,75.6012,5.579495,2.4248,0.3091,15.57,15.32,26.88,55.117286,6.09507,2.27,268.77,0.6394,-0.00098,0.000393,2.6779,5.1222,-8.25,0.510022,-50176800,-18.477614,-3936923867.808221,-4.4428,38.8045,7.36,9.52,0,0.22,5.4458,-0.019833,-0.00098,1.8574
02-09-24,157,157.850006,156.759995,154.946289,1018700,149.4636,145.188745,134.088926,0.279603,0.280466,0.105473,TRUE,TRUE,11.099819,0.271956,51.053728,34.5998,77.5338,6.829169,2.5739,0.3665,15.93,16.17,29.47,60.760629,6.499119,2.28,286.54,0.6394,-0.000821,0.000276,3.0460,5.4500,-8.25,0.422566,-49158100,-10.859293,-3941332663.366421,-4.4951,38.3853,7.14,10.42,0,0.23,5.7824,-0.016611,-0.000821,1.9134
02-12-24,157.839996,158.470001,157.289993,154.936462,916800,149.918197,145.534113,134.270396,0.301228,0.282675,0.105854,TRUE,TRUE,11.263717,0.27846,55.204399,36.0398,77.4664,2.623854,2.6605,0.3625,16.68,16.63,30.78,55.830765,6.233991,2.33,297.99,0.6073,-0.001342,0.000817,2.8304,4.9626,-8.25,0.378751,-50074900,27.333333,-3945906586.426435,-4.4891,40.9575,8.12,10.99,0,0.20,5.2850,-0.028585,-0.001342,1.6840
02-13-24,155.259995,156.419998,154.710007,153.009949,1166800,150.307922,145.831354,134.428229,0.321139,0.284594,0.106237,TRUE,TRUE,11.403125,0.280601,32.116936,35.1317,65.4519,-10.149365,2.5444,0.1971,13.39,13.95,28.95,31.749344,5.367538,2.25,283.89,0.6345,-0.001187,0.000585,2.6375,4.2705,-8.25,0.483479,-51241700,-11.053514,-3949393430.364828,-4.4549,37.8968,7.67,10.19,0,0.18,4.5793,-0.024179,-0.001187,0.9518
02-14-24,156.600006,157.389999,155.899994,154.562943,1076800,150.804293,146.143202,134.587358,0.340056,0.286403,0.106623,TRUE,TRUE,11.555844,0.284263,37.331735,34.7046,69.5515,-7.982341,2.5484,0.1609,14.73,16.13,28.39,51.161766,6.863756,2.27,265.69,0.6426,-0.000872,0.000308,2.4392,4.6584,-8.25,0.44761,-50164900,-12.476632,-3952402756.043534,-4.3967,71.8194,7.77,8.54,0,0.20,4.9797,-0.017558,-0.000872,1.4147
02-15-24,157.710007,158.389999,157.399994,155.457413,1883200,151.271667,146.487042,134.749744,0.357294,0.288124,0.107014,TRUE,TRUE,11.737298,0.288544,44.249685,34.7017,71.6389,-5.827457,2.5937,0.1650,13.38,17.51,29.31,62.342644,6.397573,2.31,260.94,0.6441,-0.000717,0.000207,2.4450,4.8617,-8.25,0.783562,-48281700,-2.364164,-3961676357.202579,-4.4850,86.8446,6.31,8.28,0,0.21,5.1903,-0.014397,-0.000717,1.6041
02-16-24,158.610001,158.610001,156.949997,154.277893,912300,151.573912,146.808662,134.914694,0.371089,0.289664,0.107407,TRUE,TRUE,11.893968,0.291756,27.810535,34.3496,65.2830,-0.168845,2.5057,0.0615,12.63,17.39,28.27,46.780002,4.077966,2.29,258.89,0.6511,-0.001004,0.000398,2.2754,4.1694,-8.25,0.381982,-49194000,-24.814571,-3965525711.411606,-4.5478,80.7993,5.63,7.51,0,0.19,4.4782,-0.019946,-0.001004,1.0444
02-20-24,156.240005,156.449997,155.020004,153.127884,948800,151.792609,147.115312,135.077833,0.381943,0.291036,0.107801,TRUE,TRUE,12.03748,0.291752,18.681194,32.6905,59.7198,-9.831702,2.3163,-0.1022,11.85,16.39,29.09,32.652124,2.940391,2.27,252.21,0.6605,-0.001117,0.000479,2.1203,3.8855,-8.25,0.400534,-50142800,-29.125271,-3968985354.759593,-4.4110,75.0028,4.96,6.59,0,0.18,4.1841,-0.02188,-0.001117,0.5294
02-21-24,155.130005,156.059998,154.779999,153.373611,1505100,152.040303,147.40592,135.249058,0.389106,0.29223,0.108193,TRUE,TRUE,12.156863,0.291983,38.472087,31.0001,60.4945,-11.144493,2.1612,-0.2059,11.97,15.47,29.82,32.866832,3.337745,2.30,241.43,0.6604,-0.001138,0.000497,1.7172,3.8341,-8.25,0.631106,-48637700,27.055546,-3973797885.365416,-4.3193,75.1702,6.20,5.85,0,0.17,4.1314,-0.022299,-0.001138,0.5522
02-22-24,158.520004,160.320007,158.399994,157.324921,1276000,152.472292,147.761257,135.430021,0.39552,0.29338,0.108587,TRUE,TRUE,12.331236,0.29785,46.690678,31.1538,70.3644,5.081421,2.3303,-0.0295,13.92,18.97,36.09,60.79737,5.810793,2.36,255.15,0.7290,-0.000539,0.000092,2.4246,4.4083,-8.25,0.534893,-47361700,1.053298,-3976502826.889694,-4.2510,74.7618,7.61,7.84,0,0.22,4.7057,-0.009567,-0.000539,1.9019
02-23-24,160.820007,161.179993,159.889999,157.521515,814100,152.892488,148.096436,135.611919,0.400542,0.294493,0.10898,TRUE,TRUE,12.484517,0.302282,40.21587,31.5568,70.7559,11.036152,2.4519,0.0737,14.27,17.86,36.57,53.096365,5.635764,2.30,265.96,0.7259,-0.000497,0.000079,2.3334,4.5807,-8.25,0.544833,-46547600,-95.632558,-3980306373.811306,-4.5015,73.2508,6.64,7.22,0,0.23,4.8822,-0.008869,-0.000497,1.7405
02-26-24,160.559998,160.699997,160.029999,157.374084,992600,153.323004,148.406729,135.795511,0.40352,0.29554,0.109375,TRUE,TRUE,12.611218,0.305213,39.650334,31.9310,70.0090,9.514586,2.5074,0.1034,13.84,19.36,35.12,48.982405,5.787916,2.31,265.30,0.7261,-0.000483,0.000074,2.1041,4.5715,-8.25,0.729461,-47540200,-72.897554,-3989168429.767943,-4.3485,66.0185,6.79,8.75,0,0.22,4.8732,-0.008614,-0.000483,1.5270
02-27-24,160.130005,160.339996,159.550003,157.364258,1142200,153.685207,148.684118,135.976136,0.404216,0.296598,0.10977,TRUE,TRUE,12.707982,0.30692,38.440465,31.9455,69.9560,-0.408408,2.5216,0.0940,13.83,18.65,36.71,41.024063,4.82551,2.29,268.70,0.7258,-0.000459,0.000067,1.8705,4.5890,-8.25,0.889086,-48682400,-57.108524,-3996631084.02016,-4.6017,58.8569,6.84,8.55,0,0.23,4.8916,-0.008188,-0.000459,1.3692
02-28-24,159.460007,159.949997,159.220001,157.020233,812200,154.030209,148.956585,136.155673,0.402505,0.297605,0.110166,TRUE,TRUE,12.800912,0.307782,26.291787,31.7266,68.0145,-2.741378,2.4765,0.0392,13.92,17.61,36.19,35.706823,4.596343,2.20,264.79,0.7279,-0.000549,0.000095,1.7515,4.3698,-8.25,0.651467,-49494600,-48.316895,-4002338248.623743,-4.3254,52.4219,6.78,8.80,0,0.22,4.6667,-0.009753,-0.000549,1.1292
02-29-24,160.589996,160.630005,159.399994,157.541183,1299200,154.510854,149.242017,136.33728,0.39932,0.298583,0.110561,TRUE,TRUE,12.904736,0.309843,27.177202,31.7864,69.3995,-0.609557,2.4545,0.0137,14.38,16.25,36.82,43.758623,6.49834,2.21,233.61,0.7264,-0.000622,0.000123,1.6547,4.2830,-8.25,1.054473,-48195400,-18.39196,-4007564188.353305,-4.3532,52.7068,6.61,8.27,0,0.21,4.5771,-0.011079,-0.000622,1.2972
03-01-24,160.820007,162.380005,160.559998,159.605301,878100,155.006242,149.548754,136.526582,0.396601,0.299544,0.110956,TRUE,TRUE,13.022172,0.313061,32.825399,32.4466,74.1715,4.21544,2.5739,0.1066,15.93,17.43,39.02,63.823929,6.61853,2.22,231.20,0.7337,-0.000237,0.000017,2.6348,4.8954,-8.25,0.73559,-47317300,-46.623306,-4009363514.462497,-4.3966,52.3568,7.73,8.87,0,0.24,5.2054,-0.004178,-0.000237,1.9892
03-04-24,162.460007,163,162.210007,159.487335,1473200,155.397441,149.840009,136.720302,0.394593,0.30043,0.11135,TRUE,TRUE,13.119707,0.314784,31.821053,33.2522,73.4664,5.451805,2.6288,0.1291,15.45,17.31,37.58,57.627652,5.158777,2.22,237.76,0.7339,-0.000231,0.000017,2.5162,4.8855,-8.25,1.255331,-48790500,-21.504689,-4020991331.564075,-4.8131,54.1134,8.21,8.92,0,0.24,5.1955,-0.004075,-0.000231,1.7202
03-05-24,161.779999,161.880005,159.690002,157.757416,1681100,155.706566,150.134405,136.897787,0.39208,0.301129,0.111739,TRUE,TRUE,13.236618,0.311807,33.658381,32.2888,63.8763,-5.523225,2.5038,0.0033,13.52,15.77,34.00,36.221613,4.078838,2.27,225.31,0.7506,-0.000411,0.00005,2.2820,4.4967,-7.73,1.430358,-50471600,2.120034,-4025639434.147615,-4.7346,52.3096,7.16,8.58,0,0.23,4.7915,-0.007081,-0.000411,0.9102
03-06-24,161.919998,162.380005,161.139999,158.90744,894500,156.059924,150.426458,137.074553,0.388477,0.301643,0.112127,TRUE,TRUE,13.351904,0.311382,31.70729,31.5914,66.9637,-7.207822,2.4691,-0.0251,14.93,17.28,34.85,50.212175,4.654344,2.27,216.74,0.7503,-0.000403,0.000048,2.1233,4.4878,-7.25,0.770473,-49577100,-24.259102,-4029754926.665919,-4.7700,51.8709,8.27,9.09,0,0.23,4.7829,-0.006954,-0.000403,1.3138
03-07-24,162.639999,163.850006,162.5,160.765121,934400,156.417213,150.759791,137.262116,0.385359,0.302073,0.112514,TRUE,TRUE,13.497675,0.314099,36.192789,31.4872,71.2397,-2.226657,2.5620,0.0542,16.33,19.44,38.36,65.988069,4.651616,2.29,232.70,0.7592,-0.000217,0.000014,2.5774,4.6629,-7.25,0.817541,-48642700,-27.851131,-4033090901.745604,-4.7995,49.0677,8.74,9.16,0,0.24,4.9626,-0.003708,-0.000217,1.8685
03-08-24,164.039993,164.289993,161.429993,158.848434,1007400,156.660484,151.041823,137.439317,0.380868,0.302355,0.112896,TRUE,TRUE,13.602506,0.314537,29.674471,30.7261,62.2823,-1.593912,2.4526,-0.0441,15.28,18.48,36.24,42.780631,3.15971,2.34,231.34,0.7767,-0.00053,0.000078,2.3625,3.8576,-7.25,0.890185,-49650100,-18.276953,-4035916945.943797,-4.3737,48.6774,7.25,8.03,0,0.20,4.1346,-0.008836,-0.00053,0.9458
03-11-24,161.289993,161.429993,160.119995,158.406128,840400,156.833476,151.30951,137.621747,0.37478,0.302395,0.113275,TRUE,TRUE,13.687763,0.315104,35.919703,29.2760,60.3952,-6.5685,2.3037,-0.1544,14.09,18.15,38.14,38.129666,2.232928,2.36,230.78,0.7755,-0.000685,0.000131,2.0305,3.5030,-7.25,0.748513,-50490500,-17.5027,-4038956333.224233,-4.3475,48.9223,5.87,7.18,0,0.19,3.7727,-0.011437,-0.000685,0.6814
03-12-24,162.080002,163.639999,161.339996,160.715973,834800,157.122452,151.624238,137.820055,0.368915,0.302309,0.113651,TRUE,TRUE,13.804184,0.321309,43.812284,28.7951,66.1616,-5.078128,2.3451,-0.0905,15.16,19.48,42.50,39.32053,3.730246,2.43,241.71,0.7829,-0.000763,0.000159,1.6165,3.5730,-7.25,0.74625,-49655700,-8.944154,-4040244119.375906,-4.2165,56.5981,6.83,8.72,0,0.19,3.8383,-0.012612,-0.000763,1.4867
03-13-24,163.460007,163.729996,162.809998,160.480118,857300,157.49596,151.941326,138.007116,0.363707,0.30216,0.114024,TRUE,TRUE,13.93421,0.326006,24.190309,28.3813,65.1190,2.836634,2.3319,-0.0829,14.01,20.04,42.34,24.854409,4.882146,2.26,232.35,0.7834,-0.000778,0.000165,1.5127,3.5442,-7.25,0.777114,-50513000,-26.52554,-4045443614.79826,-4.3533,55.4141,5.17,8.80,0,0.19,3.8086,-0.012853,-0.000778,1.2843
03-14-24,163.929993,164.139999,162.080002,160.224518,17780600,157.779039,152.274337,138.184389,0.35957,0.301995,0.114393,TRUE,TRUE,14.089947,0.329118,20.630092,27.5665,63.9430,3.547848,2.2747,-0.1121,12.95,19.64,39.63,19.812982,3.662958,2.25,229.20,0.7839,-0.000804,0.000176,1.4162,3.5183,-7.25,9.172941,-68293600,1551.244428,-4095254950.785342,-3.6848,22.7838,4.40,9.57,0,0.19,3.7816,-0.013269,-0.000804,1.0670
03-15-24,162.279999,162.309998,161.139999,158.720688,3647200,157.942203,152.59575,138.354046,0.354656,0.301805,0.114757,TRUE,TRUE,14.241704,0.330515,9.31349,26.2782,57.3777,-8.783909,2.0839,-0.2423,10.61,17.75,38.99,-9.848405,2.099144,2.23,223.34,0.7943,-0.001096,0.000319,1.3429,2.9272,-6.30,1.799687,-71940800,93.670348,-4113985444.456195,-3.7578,21.0114,4.00,9.34,0,0.16,3.1734,-0.017858,-0.001096,0.3486
03-18-24,162.789993,163.380005,162.270004,159.615128,1331100,158.209064,152.945077,138.534011,0.348296,0.30163,0.115113,TRUE,TRUE,14.411067,0.333688,14.670101,25.5496,60.0078,-5.111194,1.9821,-0.2753,11.31,20.25,37.36,7.793431,3.459494,2.29,208.66,0.7951,-0.001113,0.000328,1.2330,2.9604,-6.30,0.650105,-70609700,45.905952,-4121683939.851068,-3.8134,24.7736,5.57,12.10,0,0.16,3.2058,-0.018106,-0.001113,0.6739
03-19-24,161.929993,163.449997,161.490005,160.548859,1508900,158.580113,153.310523,138.713148,0.340712,0.301461,0.115462,TRUE,TRUE,14.597375,0.334377,22.146714,24.4273,62.6022,-1.340791,1.9542,-0.2426,12.06,20.61,39.16,23.49417,4.84626,2.33,177.15,0.7731,-0.000972,0.000265,1.0649,3.6903,-6.30,0.726999,-69100800,59.032462,-4124641924.212297,-3.7498,28.5897,4.84,11.71,0,0.19,3.9529,-0.016269,-0.000972,1.1113
03-20-24,163.619995,164.949997,163.240005,162.121552,1451100,159.01751,153.665355,138.891153,0.33308,0.301464,0.115806,TRUE,TRUE,14.774202,0.338819,26.96762,24.0303,66.5396,9.161902,2.0355,-0.1290,12.37,21.95,39.32,46.227217,5.70368,2.34,147.32,0.7746,-0.000948,0.000251,1.6286,3.7151,-6.30,0.700061,-67649700,-3.587801,-4127991265.943063,-3.7194,28.9711,4.83,10.73,0,0.20,3.9783,-0.015835,-0.000948,2.1070
03-21-24,165.649994,166.240005,165.210007,162.983566,1790900,159.300443,154.039589,139.076531,0.325819,0.301783,0.116145,TRUE,TRUE,14.963057,0.343334,21.405009,24.1536,68.4973,8.48954,2.1448,-0.0158,12.46,23.78,38.52,50.283394,3.596789,2.30,166.22,0.7745,-0.000817,0.000186,2.0372,3.9462,-6.30,0.853393,-65858800,40.352665,-4137524567.673382,-3.8365,30.8449,5.81,12.37,0,0.21,4.2154,-0.01364,-0.000817,2.2157
03-22-24,165,165.119995,164.360001,162.136337,920200,159.531184,154.379579,139.256215,0.318221,0.3024,0.116478,TRUE,TRUE,15.123364,0.34651,16.04303,23.7577,64.5027,1.900474,2.1384,-0.0177,13.35,25.52,40.12,37.348606,2.929646,2.26,172.16,0.7795,0.766798,0.353168,1.9598,3.5918,-6.30,0.437384,-66779000,13.032797,-4143829582.900157,-3.8862,27.1717,6.03,12.23,0,0.13,3.1426,0.594279,0.766798,1.5133
03-25-24,164.029999,164.380005,163.789993,161.505829,1108100,159.737771,154.699882,139.436477,0.310389,0.303217,0.116805,TRUE,TRUE,15.263405,0.348151,24.320691,23.0562,61.6225,-4.917047,2.0587,-0.0779,11.92,24.86,38.64,22.644304,2.625429,2.26,169.68,0.7831,0.770784,0.354266,1.7790,3.3797,-6.30,0.525254,-67887100,11.636107,-4153517455.290051,-3.8952,27.5929,5.60,11.56,0,0.12,2.9716,0.595203,0.770784,1.0420
03-26-24,164.580002,164.580002,163.240005,160.885162,1365400,159.913816,155.000695,139.610953,0.301145,0.304182,0.117128,TRUE,TRUE,15.389742,0.347788,13.288387,22.0846,58.8374,-9.659947,1.9233,-0.1707,11.65,23.97,37.52,12.502711,2.237423,2.20,161.84,0.7861,0.777191,0.356294,1.6842,3.2474,-6.30,0.643812,-69252500,19.541236,-4159681827.842375,-3.8441,24.7084,6.05,11.09,0,0.11,2.7691,0.596904,0.777191,0.6002
03-27-24,164.169998,164.229996,162.979996,161.72258,1132800,160.148933,155.330837,139.788738,0.291341,0.305276,0.117448,TRUE,TRUE,15.542099,0.347314,6.906663,21.0288,61.3740,-3.128688,1.8621,-0.1855,11.73,26.29,38.28,26.185982,2.994739,2.12,151.41,0.7853,0.766221,0.35895,1.6574,3.5081,-6.30,0.53013,-68119700,39.473036,-4163093668.779875,-3.7615,25.1376,,10.98,0,0.11,2.8741,0.599124,0.766221,1.0393
03-28-24,164.070007,164.580002,163.899994,161.909744,1573300,160.367361,155.676322,139.960191,0.283045,0.30638,0.117764,TRUE,TRUE,15.716131,0.344414,25.230643,20.2317,61.9385,0.316034,1.8079,-0.1918,11.65,26.13,38.82,29.244218,2.772964,2.08,143.10,0.7761,0.754173,0.353964,1.5226,3.8370,-6.30,0.731584,-66546400,21.097599,-4173876448.815777,-3.8668,29.1172,5.55,9.89,0,0.12,3.1187,0.594949,0.754173,1.0779
04-01-24,164.5,164.690002,163.419998,161.43689,1193600,160.458941,155.982861,140.12528,0.275072,0.307412,0.118073,TRUE,TRUE,15.857581,0.338153,24.916141,19.1834,59.5697,0.732316,1.7070,-0.2341,11.35,24.87,36.57,5.821371,1.147574,2.10,143.82,0.7709,0.747464,0.351525,1.3487,3.9834,-6.30,0.550982,-67740000,35.929849,-4178797655.693023,-3.9107,28.8208,4.83,9.54,0,0.13,3.2338,0.592896,0.747464,0.6800
04-02-24,162.309998,162.850006,161.820007,160.432007,1215000,160.506174,156.226841,140.282321,0.265752,0.308304,0.11838,TRUE,TRUE,15.94452,0.328352,-2.615057,18.3480,54.7753,-6.598696,1.5284,-0.3301,10.93,24.31,34.92,-13.88219,0.592318,1.94,142.00,0.7751,0.759623,0.36826,1.3623,3.8697,-6.30,0.564223,-68955000,-17.526473,-4183287262.667631,-3.7684,26.2683,5.30,9.49,0,0.13,3.3919,0.606844,0.759623,-0.0522
04-03-24,162.589996,163.509995,162.419998,160.481232,1172300,160.642365,156.461387,140.431999,0.255576,0.309037,0.118683,TRUE,TRUE,16.029388,0.317832,0.010437,17.1728,54.9665,-6.972043,1.3750,-0.3869,11.78,24.04,32.99,-12.916998,1.726585,1.94,126.46,0.7752,0.761785,0.369609,1.3623,3.8486,-6.30,0.550902,-67782700,-30.265897,-4188629881.163025,-3.8297,26.8899,5.75,7.04,0,0.13,3.4268,0.607955,0.761785,-0.1274
04-04-24,164.179993,164.399994,160.550003,158.215424,1262600,160.607764,156.657301,140.571908,0.243062,0.30949,0.118983,TRUE,TRUE,16.085393,0.306152,-15.841513,17.0418,45.4427,-14.126982,1.0584,-0.5628,10.91,23.85,30.52,-41.029499,-0.435484,1.98,132.27,0.7844,0.765171,0.362673,1.5041,2.8286,-6.30,0.588249,-69045300,41.151481,-4191423726.381464,-3.7661,48.3448,5.14,6.22,0,0.10,2.4563,0.602224,0.765171,-1.8086
04-05-24,161.210007,163.070007,160.910004,160.126602,880900,160.575838,156.88613,140.724251,0.228895,0.309806,0.119282,TRUE,TRUE,16.161879,0.296652,10.740522,16.9201,52.8618,-1.913542,0.9507,-0.5364,12.65,24.37,33.30,-7.441137,-0.397175,2.08,132.64,0.7955,0.783436,0.377922,1.4118,3.2161,-6.30,0.410926,-68164400,-5.725599,-4192943605.272095,-3.7284,60.5877,6.06,5.74,0,0.10,2.4778,0.614753,0.783436,-0.3387
04-08-24,162.710007,162.940002,162.110001,160.028122,834200,160.634823,157.104341,140.877956,0.213158,0.309884,0.119578,TRUE,TRUE,16.226385,0.287575,3.359357,16.8071,52.4658,-2.500664,0.8477,-0.5115,12.48,24.24,33.36,-9.171896,0.74265,2.00,127.06,0.7941,0.784235,0.380171,1.3867,3.0014,-6.30,0.39072,-68998600,-17.192773,-4197962622.979605,-3.7949,59.4692,6.19,6.30,0,0.09,2.2359,0.61658,0.784235,-0.4775
04-09-24,162.830002,163.039993,160.610001,160.047821,1379300,160.716908,157.330022,141.030003,0.195349,0.309742,0.119873,TRUE,TRUE,16.300019,0.278304,-4.40286,17.4321,52.5424,7.099695,0.7589,-0.4803,10.85,22.52,33.07,-8.825691,1.036382,1.97,116.80,0.7943,0.787649,0.381379,1.4126,2.9236,-6.30,0.63798,-67619300,64.124227,-4199980125.952252,-3.7240,51.2474,4.76,4.59,0,0.07,1.8582,0.617559,0.787649,-0.5729
04-10-24,160.839996,161.539993,160.380005,158.491272,1455100,160.605672,157.497443,141.178364,0.174674,0.309197,0.120166,TRUE,TRUE,16.319079,0.266271,-31.946343,18.1163,46.2086,-6.653203,0.5565,-0.5461,9.86,20.40,31.31,-32.230934,-1.384244,1.85,126.96,0.8076,0.804123,0.396202,1.5868,2.4772,-6.30,0.663522,-69074400,74.305223,-4206173713.42282,-3.7832,42.8775,4.05,,0,0.06,1.6140,0.629446,0.804123,-1.6654
04-11-24,161.559998,162.669998,160.479996,159.900055,1156100,160.576669,157.69304,141.337233,0.154244,0.30833,0.120456,TRUE,TRUE,16.355808,0.254779,-25.889134,17.9016,51.8643,-0.601523,0.5039,-0.4790,10.17,20.99,32.23,-10.125547,-0.361455,1.84,127.92,0.8097,0.771349,0.366444,1.2205,2.9022,-6.30,0.523611,-67918300,34.85361,-4207942113.702912,-3.6799,40.5706,4.97,6.13,0,0.09,2.2831,0.605346,0.771349,-0.5289
04-12-24,161.330002,161.550003,159.679993,157.772095,1303600,160.454048,157.889916,141.476779,0.131899,0.307048,0.120741,FALSE,TRUE,16.413137,0.237999,-33.084557,18.1065,44.2893,-8.253068,0.2873,-0.5565,8.44,18.54,31.13,-38.081721,-1.530617,1.85,142.41,0.8293,0.822159,0.388342,1.3037,2.5362,-6.30,0.94185,-69221900,-92.668414,-4211905737.196421,-4.2140,39.7265,3.79,5.70,0,0.07,1.6967,0.623171,0.822159,-1.8833
04-15-24,161.589996,161.699997,157.880005,155.821503,1304100,160.309089,158.012396,141.608084,0.106037,0.305261,0.121017,FALSE,TRUE,16.404311,0.21979,-39.171828,19.0840,38.7084,-7.500132,-0.0414,-0.7081,6.84,17.43,28.01,-30.22765,-1.826596,1.95,172.55,0.8402,0.839838,0.404424,1.6447,1.7930,-6.30,1.029339,-70526000,-64.243803,-4214615333.684096,-3.9714,39.3583,3.14,4.61,0,0.04,1.0696,0.635943,0.839838,-2.6008
04-16-24,158.240005,159.169998,157.880005,155.969299,1218700,160.126797,158.098515,141.737251,0.078226,0.302937,0.121285,FALSE,TRUE,16.361264,0.204883,-35.017282,19.9916,39.3322,-12.532092,-0.2866,-0.7626,7.41,18.19,28.29,-28.057361,-2.284137,1.96,197.69,0.8215,0.804206,0.386365,1.9074,1.3963,-6.30,0.966218,-69307300,-8.444144,-4219444249.177171,-3.8753,39.7912,4.07,5.68,0,0.04,1.0198,0.621582,0.804206,-2.1030
04-17-24,159.179993,159.300003,156.850006,154.875748,1170600,159.843142,158.164531,141.85378,0.049337,0.300054,0.121547,FALSE,TRUE,16.310751,0.188636,-47.898284,21.2462,36.3818,-7.907576,-0.5627,-0.8310,7.08,16.07,27.21,-25.181879,-3.533573,1.98,229.46,0.8270,0.804427,0.381336,2.2328,1.0503,-6.15,0.940698,-70477900,-22.420306,-4222501436.759615,-3.9320,33.0926,2.48,4.45,0,0.02,0.5403,0.617524,0.804427,-2.1648
04-18-24,157.75,158.419998,156.630005,154.540802,1849400,159.464104,158.218542,141.969512,0.02004,0.296599,0.121803,FALSE,TRUE,16.24903,0.170933,-51.023306,22.4962,35.5033,-3.205133,-0.7993,-0.8541,5.77,16.01,26.74,-25.920639,-4.675967,2.01,251.41,0.8270,0.810641,0.385512,2.3084,1.0531,-5.18,1.462774,-72327300,27.448143,-4228667916.424432,-3.9815,23.4691,1.21,4.52,0,0.02,0.6007,0.620896,0.810641,-1.9583
04-19-24,156.570007,156.910004,154.169998,152.265106,2146600,158.928181,158.191457,142.074451,-0.013117,0.292489,0.122053,FALSE,TRUE,16.117007,0.149609,-56.458603,24.4740,30.1726,-9.159621,-1.1571,-0.9695,2.72,15.78,25.18,-18.620653,-6.576405,2.04,284.50,0.8505,0.7656,0.32921,2.3171,0.5103,-6.58,1.674291,-74473900,19.861522,-4233799211.972104,-3.7546,22.3699,-1.69,2.22,0,-0.01,-0.1590,0.573769,0.7656,-2.3420
04-22-24,155.440002,156.850006,154.580002,153.565491,1467900,158.499639,158.183107,142.191062,-0.048193,0.287836,0.122297,FALSE,TRUE,15.992045,0.130952,-41.512978,26.3105,36.0787,-0.303042,-1.3205,-0.9063,3.23,17.97,26.26,-5.909166,-5.286197,2.17,297.87,0.8563,0.772801,0.331269,2.5875,0.6808,-6.58,1.120979,-73006000,59.51967,-4236579180.741387,-3.5415,29.8437,-1.61,3.30,0,0.00,0.0292,0.57556,0.772801,-1.6565
04-23-24,156.690002,157.960007,156.389999,155.328934,1015100,158.190794,158.19076,142.319514,-0.082868,0.282764,0.122538,FALSE,TRUE,15.871245,0.114338,-28.224242,27.0608,43.1064,7.603144,-1.2928,-0.7029,4.66,20.65,27.90,11.328798,-3.824565,2.21,297.08,0.8670,0.787695,0.340132,2.5553,1.0952,-6.58,0.777956,-71990900,-8.392744,-4238966360.665968,-3.2743,29.0954,-0.39,3.87,0,0.02,0.3589,0.583208,0.787695,-0.9633
04-24-24,158.339996,158.580002,156.970001,155.220551,1212000,157.907564,158.196441,142.44323,-0.116484,0.277302,0.122775,FALSE,TRUE,15.753211,0.09948,-18.604651,27.2608,42.7950,12.62241,-1.2650,-0.5401,4.40,20.63,27.62,11.803947,-3.520904,2.18,297.04,0.8602,0.764799,0.330488,2.6643,0.8020,-6.58,0.934349,-73202900,-11.234803,-4242812315.230809,-3.2043,35.7696,0.16,4.29,0,0.02,0.3782,0.574881,0.764799,-0.9046
04-25-24,155.539993,157.479996,155.130005,154.747681,1011900,157.558819,158.231196,142.560192,-0.148352,0.271433,0.12301,FALSE,TRUE,15.671004,0.083564,-36.69331,28.1467,41.3900,5.311327,-1.2666,-0.4333,3.78,19.39,29.45,6.512771,-4.312879,2.07,290.77,0.8615,0.765446,0.33003,2.7715,0.7073,-6.58,0.783741,-74214800,-10.672669,-4244153470.876907,-3.1391,30.7160,-0.13,2.61,0,0.01,0.2892,0.574483,0.765446,-0.9668
04-26-24,158.199997,159.490005,157.899994,156.688431,716600,157.297753,158.273706,142.680809,-0.176605,0.265238,0.123245,FALSE,TRUE,15.592897,0.066857,-20.238831,27.5607,48.8170,5.710563,-1.0985,-0.2122,5.33,22.82,32.07,28.392717,-3.22483,2.13,272.52,0.8518,0.745673,0.308221,2.8277,1.5584,-6.58,0.57407,-73498200,-54.452425,-4245962146.087794,-2.8874,30.1991,1.08,5.43,0,0.04,0.9509,0.555176,0.745673,-0.2236
04-29-24,159.190002,159.350006,158.080002,156.609634,895000,157.05639,158.29675,142.794739,-0.202245,0.258774,0.123481,FALSE,TRUE,15.502011,0.052533,-20.761368,27.0166,48.5480,5.752996,-0.9606,-0.0595,4.32,24.82,28.96,28.701603,-2.990181,2.12,254.73,0.8397,0.736461,0.308641,2.8041,1.1881,-6.58,0.725666,-74393200,-25.016756,-4248929546.755814,-2.8431,31.0662,0.56,6.87,0,0.03,0.5786,0.555555,0.736461,-0.1754
04-30-24,158.729996,159.229996,156.919998,154.629456,1171400,156.766263,158.303781,142.898428,-0.226167,0.25198,0.123717,FALSE,TRUE,15.405353,0.037911,-22.737792,27.0051,42.2479,0.857844,-0.9996,-0.0788,3.00,23.69,25.98,5.405381,-3.616829,2.20,247.19,0.8414,0.763469,0.351257,2.9298,0.3752,-6.58,0.951453,-75564600,-3.588477,-4252424015.535374,-2.8078,31.6177,0.58,6.17,0,-0.01,-0.1265,0.592669,0.763469,-0.8644
05-01-24,156.649994,158.690002,156.089996,153.870911,1627000,156.435747,158.318642,142.994568,-0.247037,0.244867,0.123954,FALSE,TRUE,15.324074,0.02173,-36.911864,27.3204,40.1011,-8.715918,-1.0793,-0.1267,4.02,21.56,25.12,-3.971947,-4.119062,2.20,238.96,0.8441,0.793415,0.361301,1.8799,0.2385,-6.58,1.297546,-77191600,38.787,-4256828280.110417,-2.7194,24.3026,0.57,4.74,0,-0.03,-0.6430,0.601083,0.793415,-1.0733
05-02-24,157.369995,157.639999,155.800003,155.033386,1854500,156.276645,158.351837,143.092813,-0.2644,0.237469,0.12419,FALSE,TRUE,15.259024,0.007778,-17.820378,27.7254,44.7358,-3.812238,-1.0366,-0.0673,3.56,21.93,27.82,11.465979,-2.011206,2.27,237.07,0.8491,0.801297,0.364987,1.3341,0.4180,-6.58,1.444877,-75337100,46.879455,-4260228099.376336,-2.6803,23.6247,-0.03,4.71,0,-0.02,-0.4518,0.604142,0.801297,-0.5244
05-03-24,159.110001,159.440002,158.190002,156.826385,1411100,156.111634,158.341867,143.199877,-0.278111,0.229866,0.124429,FALSE,TRUE,15.14199,-0.000398,6.60637,26.8389,51.0296,8.781728,-0.8484,0.0968,3.40,22.08,30.15,49.932024,-2.061005,2.27,219.71,0.8488,0.816942,0.384033,1.3969,0.4134,-6.58,1.077167,-73926000,60.188444,-4264717919.166375,-2.7395,31.0913,-0.88,5.45,0,-0.03,-0.6670,0.619704,0.816942,0.3253
05-06-24,160,161.339996,159.75,158.944412,1093300,156.057449,158.370325,143.322457,-0.284952,0.222135,0.124673,TRUE,TRUE,15.047867,-0.004663,17.316251,24.9345,57.2266,17.125548,-0.5223,0.3383,4.86,21.27,33.42,66.588777,-0.6772,2.29,210.70,0.8652,0.828344,0.407946,2.5430,0.7462,-6.58,0.826401,-72832700,31.059698,-4266919082.230423,-2.6061,37.2668,-1.95,6.55,0,-0.03,-0.7201,0.638707,0.828344,1.3702
05-07-24,161.720001,162.339996,161.509995,159.456696,1449600,156.027892,158.411977,143.447014,-0.284036,0.214275,0.124921,TRUE,TRUE,14.964963,-0.006732,27.596442,23.6363,58.5915,13.855755,-0.2200,0.5125,5.02,20.62,31.64,64.708673,-0.369343,2.29,205.15,0.8627,0.824902,0.405772,2.7273,0.6553,-6.58,1.092817,-71383100,5.096788,-4275540864.379518,-2.8482,44.5078,-1.52,6.68,0,-0.03,-0.7490,0.637003,0.824902,1.6714
05-08-24,161.449997,162.190002,161.369995,159.456696,852600,156.076163,158.453826,143.568595,-0.277136,0.206232,0.12517,TRUE,TRUE,14.88523,-0.009067,30.224067,22.3521,58.5915,7.561905,0.0194,0.6015,3.80,20.20,31.63,64.708673,0.609134,2.25,212.26,0.8627,0.823048,0.405257,2.5998,0.6573,-6.58,0.65769,-71383100,-41.406089,-4280372158.611003,-2.8618,46.9127,-2.45,6.08,0,-0.03,-0.6131,0.636598,0.823048,1.5926
05-09-24,161.949997,162.440002,161.610001,159.978851,738300,156.080103,158.512998,143.688593,-0.263825,0.198057,0.125421,TRUE,TRUE,14.824405,-0.014063,53.156848,21.2909,60.0967,2.870104,0.2484,0.6644,3.89,20.07,32.59,68.687647,0.049279,2.25,213.01,0.8464,0.905126,0.396918,2.5712,1.1609,-6.58,0.578848,-70644800,-36.138742,-4284012325.75688,-2.9821,55.3123,-2.92,4.49,0,-0.05,-1.2150,0.630014,0.905126,1.8303
05-10-24,162.940002,163.410004,162.529999,160.520691,946600,156.217533,158.572588,143.811543,-0.243726,0.189804,0.125675,TRUE,TRUE,14.761045,-0.015926,50.573172,20.8029,61.6544,3.062879,0.4681,0.7073,3.60,20.10,32.40,65.104913,1.742131,2.19,232.48,0.8382,0.925036,0.379934,2.6118,0.9589,-6.58,0.752695,-69698200,-27.385701,-4289281653.638695,-3.0763,54.0050,-2.54,4.64,0,-0.04,-0.8508,0.616388,0.925036,1.8510
05-13-24,163.429993,163.429993,162.520004,160.42215,869400,156.447565,158.588925,143.937025,-0.216259,0.181444,0.125935,TRUE,TRUE,14.651901,-0.016766,42.135021,20.3599,61.1866,2.595082,0.6271,0.6931,3.54,20.81,32.46,63.760874,2.952511,2.13,250.43,0.8356,0.994372,0.393753,2.4647,0.7591,-6.58,0.703466,-70567600,-33.333333,-4294159620.769838,-3.2181,48.0661,-2.08,6.15,0,-0.02,-0.5592,0.627498,0.994372,1.5871
05-14-24,162.869995,163.720001,162.669998,161.13147,940500,156.705674,158.621808,144.060151,-0.182176,0.173006,0.126201,TRUE,TRUE,14.561657,-0.018718,46.58382,20.1036,63.3427,3.245946,0.8011,0.6936,5.31,19.40,32.93,69.865744,3.309735,2.12,270.99,0.8302,0.995388,0.399921,2.5922,1.1469,-6.58,0.769659,-69627100,-22.827603,-4297856276.568888,-3.2084,47.2824,-2.80,5.12,0,0.000054,0.0013,0.632393,0.995388,1.6332
05-15-24,164.360001,166.309998,164.300003,163.742142,1216600,157.148994,158.741502,144.196136,-0.141095,0.164728,0.126476,TRUE,TRUE,14.545367,-0.01872,60.66442,21.0326,69.9574,8.30301,1.1366,0.8233,5.94,21.54,34.50,75.567486,5.724843,2.21,309.30,0.8465,0.991632,0.381458,3.6748,1.8641,-6.58,0.993735,-68410500,3.929609,-4299748195.918756,-3.1548,54.4396,-0.54,7.65,0,0.04,0.9012,0.617623,0.991632,2.1316
05-16-24,166.25,166.619995,165.529999,163.111633,1034900,157.577535,158.825586,144.328968,-0.095824,0.156537,0.126759,TRUE,TRUE,14.496619,-0.019929,47.521751,22.0132,66.8213,5.634704,1.3362,0.8183,4.92,18.96,35.09,67.57519,5.545999,2.14,329.95,0.8489,1.002661,0.384207,3.4914,1.6887,-6.58,0.874407,-69445400,-44.041311,-4305375343.335952,-3.2406,55.4586,0.02,6.64,0,0.02,0.5176,0.619845,1.002661,1.6773
05-17-24,165.660004,165.720001,164.889999,163.082077,914200,158.118384,158.871925,144.472285,-0.048453,0.148464,0.127049,TRUE,TRUE,14.39964,-0.01503,48.061139,22.4231,66.6704,3.327756,1.4750,0.7657,5.71,19.05,33.39,67.302027,7.104038,2.14,326.92,0.7846,0.895683,0.357976,3.2933,0.9523,-6.58,0.814849,-70359600,-57.411721,-4310272191.476406,-3.4081,55.2650,0.19,6.16,0,-0.01,-0.3039,0.598311,0.895683,1.5183
05-20-24,165.520004,166.449997,165.520004,163.633759,490600,158.621797,158.967632,144.619629,0.000562,0.140527,0.127349,TRUE,TRUE,14.348002,-0.009214,74.795237,23.1136,68.1175,-1.839899,1.6109,0.7213,6.86,19.52,32.44,72.400751,6.556335,2.16,330.62,0.7854,-0.001289,0.00045,2.9383,1.0233,-6.58,0.457197,-69869000,-66.578105,-4312752897.803111,-3.5494,60.8191,106.86,119.52,,0.06,1.3029,-0.021217,-0.001289,1.5159
05-21-24,165.880005,166.309998,165.759995,163.78154,777100,159.044427,159.07514,144.771468,0.050554,0.132738,0.127657,TRUE,TRUE,14.303672,-0.003745,86.723547,23.7548,68.5119,1.690594,1.7108,0.6570,6.79,19.56,32.88,73.766569,5.441746,2.10,340.20,0.7851,-0.001271,0.000438,2.4752,1.0856,-6.58,0.732312,-69091900,-23.445966,-4319120719.734031,-3.7767,69.5157,0.91,7.58,0,0.07,1.3468,-0.020934,-0.001271,1.3924
05-22-24,166.179993,166.220001,165.080002,163.279114,754300,159.447356,159.126403,144.913332,0.100547,0.125095,0.127971,TRUE,TRUE,14.21307,0.000527,76.577703,23.7753,65.5434,-1.127048,1.7295,0.5405,3.78,18.23,32.31,60.369107,5.191686,2.05,340.25,0.7866,-0.001307,0.000462,2.0237,0.9825,-6.58,0.726493,-69846200,-37.764026,-4322258196.21139,-3.8259,74.7586,-0.87,6.97,0,0.06,1.2411,-0.021486,-0.001307,1.1262
05-23-24,167.139999,167.259995,164.880005,162.88504,762500,159.854224,159.174501,145.055909,0.148529,0.117621,0.128291,TRUE,TRUE,14.118593,0.003242,64.667963,24.2892,63.2293,-4.888233,1.6931,0.4032,3.40,18.17,33.60,41.744908,5.25847,2.03,329.58,0.7867,-0.001299,0.000456,1.6818,0.9747,-6.58,0.743319,-70608700,-24.646704,-4324298987.924806,-3.9065,73.5849,-0.01,6.85,0,0.06,1.2333,-0.021343,-0.001299,0.9196
05-24-24,165.990005,166.800003,165.679993,164.047516,630500,160.222178,159.250961,145.208492,0.194195,0.110448,0.12862,TRUE,TRUE,14.042469,0.008419,60.65509,24.7663,66.9376,-1.574289,1.7379,0.3585,4.24,18.66,35.52,45.458761,4.696636,1.99,333.43,0.7905,-0.001221,0.000399,1.6035,1.0979,-6.58,0.61723,-69978200,-12.015071,-4326767464.873348,-3.9552,72.6632,-0.22,6.85,0,0.07,1.3588,-0.019975,-0.001221,1.1473
05-28-24,167.360001,167.360001,166.009995,164.451401,753700,160.614266,159.365576,145.363876,0.237253,0.103661,0.128956,TRUE,TRUE,14.0017,0.017396,60.141547,25.4751,68.1398,2.596451,1.7855,0.3248,4.50,18.96,33.63,51.442451,5.007206,1.99,334.82,0.7739,-0.001516,0.000641,1.6001,0.7576,-6.58,0.742975,-69224500,-15.787709,-4329261471.241321,-3.9594,71.1145,0.32,7.49,0,0.05,1.0107,-0.025313,-0.001516,1.1460
05-29-24,165.199997,166.059998,165.199997,163.14119,976400,161.039853,159.436097,145.515342,0.27646,0.097246,0.129296,TRUE,TRUE,13.920755,0.023755,38.319762,25.3883,60.4595,-2.769812,1.6979,0.1898,3.90,18.36,30.75,26.629373,5.504601,1.95,307.75,0.7815,-0.001498,0.000613,1.3953,0.5055,-6.58,0.971847,-70200900,-16.646747,-4334912797.037527,-4.1052,70.2472,1.20,8.33,0,0.04,0.7539,-0.024766,-0.001498,0.6828
05-30-24,165.369995,165.539993,164.270004,162.24469,618600,161.458542,159.470013,145.655155,0.310003,0.091182,0.129639,TRUE,TRUE,13.814858,0.02551,22.682267,24.5320,55.8230,-11.114615,1.5384,0.0242,2.99,17.79,30.01,-5.688317,5.442081,1.94,258.02,0.7715,-0.00145,0.00059,1.2438,0.6957,-6.58,0.648248,-70819500,-61.979103,-4337504421.105772,-4.2271,64.6906,-0.10,6.70,0,0.05,0.9509,-0.024291,-0.00145,0.3047
05-31-24,165.160004,165.830002,163.089996,163.279114,896000,161.870828,159.493165,145.806092,0.33937,0.08545,0.129984,TRUE,TRUE,13.687073,0.03066,26.315667,22.8730,59.6665,-8.473372,1.4784,-0.0286,2.30,18.60,32.08,15.684092,5.318679,1.93,211.67,0.7702,-0.001418,0.000567,1.0841,0.6654,-6.58,0.988591,-69923500,-51.68509,-4338276735.792605,-4.3057,64.5708,-0.95,6.88,0,0.05,0.9223,-0.023806,-0.001418,0.6653
06-03-24,166.610001,166.610001,164.399994,163.426865,1064900,162.200852,159.502031,145.961767,0.362435,0.080096,0.130334,TRUE,TRUE,13.540264,0.038958,28.531377,21.8299,60.1991,-0.260367,1.4263,-0.0645,2.47,18.30,31.03,16.137869,4.208781,1.95,177.59,0.7560,-0.001712,0.000857,0.8799,0.3004,-6.58,1.197822,-68858600,-24.534051,-4340279447.75104,-4.2497,72.4327,-0.33,8.06,0,0.03,0.5479,-0.029267,-0.001712,0.6904
06-04-24,165.669998,166.520004,165.169998,163.820908,973100,162.444677,159.535722,146.123753,0.37897,0.075129,0.130686,TRUE,TRUE,13.411969,0.044506,26.325773,20.8613,61.6535,5.830531,1.4007,-0.0721,3.84,17.88,29.48,17.117342,3.068051,1.93,163.44,0.7392,-0.001502,0.00069,0.7026,0.8203,-6.58,1.102014,-67885500,-10.994238,-4343197427.905663,-4.3192,72.5438,1.76,9.30,0,0.05,1.0850,-0.02627,-0.001502,0.8420
06-05-24,167.25,168.399994,166.570007,165.899597,776600,162.766822,159.623597,146.29545,0.390036,0.070658,0.131043,TRUE,TRUE,13.328148,0.052435,22.278544,21.0416,68.2458,8.579298,1.5305,0.0462,4.40,19.99,31.76,52.911528,4.040534,1.88,164.94,0.7542,-0.001158,0.000393,1.4860,1.3467,-6.58,0.914325,-67108900,-46.4266,-4344543038.121622,-4.0620,71.5127,1.89,10.65,0,0.08,1.6229,-0.019837,-0.001158,1.8994
06-06-24,168.580002,168.630005,167.830002,165.830658,1597900,163.08552,159.722507,146.460461,0.396283,0.066684,0.131404,TRUE,TRUE,13.262046,0.06375,29.805904,21.3252,67.8293,7.630184,1.6093,0.0999,3.15,20.00,31.40,49.47035,3.9973,1.88,159.09,0.7323,-0.00147,0.000673,1.4165,0.8452,-6.58,1.802207,-68706800,87.414966,-4354127786.587166,-4.1593,72.9021,1.29,10.40,0,0.05,1.1139,-0.025944,-0.00147,1.7256
06-07-24,168.179993,169.149994,167.720001,165.653305,828600,163.369243,159.801122,146.627512,0.396106,0.063249,0.131772,TRUE,TRUE,13.17361,0.07409,27.73639,21.8520,66.7016,5.048032,1.6385,0.1033,4.28,20.22,32.04,42.298841,3.547002,1.91,151.17,0.7322,-0.001437,0.000643,1.3424,0.8598,-6.58,0.92981,-69535400,12.2308,-4357351454.020688,-4.1149,80.3761,3.12,10.94,0,0.05,1.1291,-0.025358,-0.001437,1.5109
06-10-24,167.949997,168.919998,167.660004,166.323227,1002400,163.65937,159.889391,146.790889,0.391281,0.060439,0.132148,TRUE,TRUE,13.098503,0.084807,28.646493,22.2854,68.8110,0.565199,1.6961,0.1288,5.00,19.79,32.01,53.353662,3.614821,1.90,149.29,0.7330,-0.001348,0.000565,1.5055,1.0623,-6.58,1.121328,-68533000,5.894781,-4360480823.607124,-3.9823,81.2057,3.81,10.28,0,0.06,1.3366,-0.02376,-0.001348,1.7843
06-11-24,168.270004,169.320007,167.470001,167.088272,982500,163.992676,160.002419,146.967114,0.38366,0.058241,0.132531,TRUE,TRUE,13.035305,0.093891,33.048361,22.9030,71.0652,3.23592,1.7830,0.1725,3.96,19.73,32.44,64.177668,4.155363,1.90,147.62,0.7227,-0.00114,0.000416,1.8352,1.5894,-6.58,1.092158,-67550500,13.008972,-4361868780.503249,-3.7633,81.5339,3.99,11.42,0,0.09,1.8792,-0.020384,-0.00114,2.0970
06-12-24,170.960007,171.320007,170.009995,168.213638,1129900,164.346784,160.158052,147.145016,0.373826,0.056621,0.132921,TRUE,TRUE,13.013036,0.105871,46.426515,24.3827,74.0378,7.33622,1.9205,0.2480,4.82,19.50,31.81,62.255591,4.395273,1.97,159.81,0.7241,-0.001099,0.000385,2.3038,1.6266,-6.58,1.242925,-66420600,20.138224,-4366097433.194477,-3.7534,87.8633,5.17,11.04,0,0.09,1.9178,-0.019609,-0.001099,2.4196
06-13-24,170.610001,171.110001,169.740005,168.667755,986900,164.593065,160.321782,147.320798,0.363021,0.055583,0.133317,TRUE,TRUE,13.000984,0.1197,54.101094,25.4899,75.1473,6.336369,2.0426,0.2961,5.27,18.90,31.34,67.773406,3.008153,1.92,185.84,0.7215,-0.001181,0.000447,2.3711,1.5168,-6.58,1.099512,-65433700,-18.880487,-4368629161.892241,-3.8370,80.4871,6.23,11.40,0,0.08,1.8044,-0.021145,-0.001181,2.1926
06-14-24,170.619995,171.130005,170.240005,168.934296,976500,164.884198,160.53616,147.487865,0.351946,0.055158,0.133722,TRUE,TRUE,13.048294,0.13618,49.901836,26.5269,75.8010,4.735822,2.1362,0.3118,6.43,17.73,30.93,71.012048,3.569741,1.85,205.93,0.7120,-0.001403,0.000648,2.3851,1.2318,-6.58,1.091476,-64457200,-5.643057,-4372470890.054155,-3.7498,81.0190,7.61,12.37,0,0.07,1.5119,-0.025464,-0.001403,1.9667
06-17-24,171.110001,172.949997,170.679993,170.276855,813700,165.243937,160.739165,147.659645,0.343564,0.055399,0.134131,TRUE,TRUE,13.07952,0.155944,54.283894,28.2128,78.8226,4.784825,2.2924,0.3743,6.68,18.75,30.43,72.889033,4.411753,1.87,233.76,0.7157,-0.001377,0.000618,2.9270,1.3227,-6.58,0.914645,-63643500,-10.993218,-4373573605.144868,-3.5577,81.1383,7.91,14.31,0,0.07,1.6030,-0.024853,-0.001377,2.1531
06-18-24,172.75,173.309998,172.600006,170.967865,1471700,165.610642,160.95796,147.834734,0.337653,0.056319,0.134544,TRUE,TRUE,13.123226,0.175,77.397894,29.9017,80.1934,5.046105,2.4437,0.4205,6.49,19.33,31.28,77.082854,4.482025,1.92,262.88,0.7126,-0.001244,0.000509,3.0376,1.6721,-6.58,1.567823,-62171800,199.979617,-4381811645.94865,-3.6785,88.6577,7.78,13.50,0,0.09,1.9618,-0.022556,-0.001244,2.0379
06-20-24,173.729996,173.820007,171.899994,170.207733,1036100,165.931952,161.161158,148.004461,0.332496,0.0579,0.134961,TRUE,TRUE,13.156697,0.191249,79.822876,30.7355,74.4819,-1.319089,2.4737,0.3604,4.99,17.98,31.27,66.334851,3.923637,1.95,278.17,0.7133,-0.001253,0.000515,2.7169,1.6498,-6.58,1.088752,-63207900,33.329044,-4384674140.836991,-3.4442,85.8803,7.22,12.84,0,0.09,1.9388,-0.022696,-0.001253,1.5371
06-21-24,172.110001,172.529999,171.679993,169.842484,924300,166.26012,161.388182,148.176215,0.328032,0.060057,0.13538,TRUE,TRUE,13.211967,0.205365,70.522933,31.2831,71.8345,-6.988129,2.4400,0.2613,4.21,17.19,31.37,57.775816,4.019724,1.90,283.89,0.7117,-0.001232,0.0005,2.4430,1.7166,-6.58,0.962672,-64132200,22.537452,-4389594670.288038,-3.5066,79.5085,6.68,13.18,0,0.09,2.0076,-0.022356,-0.001232,1.2619
06-24-24,171.990005,172.710007,171.399994,169.230438,800100,166.57739,161.57479,148.349397,0.32428,0.062758,0.135801,TRUE,TRUE,13.225393,0.219398,59.395833,31.4971,67.5045,-12.688967,2.3369,0.1266,4.38,18.31,30.54,46.941454,3.89563,1.89,279.61,0.7118,-0.00149,0.000731,2.1569,1.3889,-6.58,0.831687,-64932300,4.931148,-4393044914.567213,-3.5730,73.5288,5.00,11.65,0,0.08,1.6676,-0.027043,-0.00149,0.9488
06-25-24,171.990005,172.309998,171.440002,170.000427,692800,166.875036,161.819356,148.529013,0.320479,0.066144,0.136227,TRUE,TRUE,13.290343,0.234594,60.900223,31.6957,69.9579,-4.524051,2.2909,0.0645,5.26,17.81,31.97,47.316137,3.628773,1.88,282.92,0.7135,-0.001441,0.000681,1.8512,1.5115,-6.58,0.717827,-64239500,9.881047,-4396030457.769121,-3.5883,73.0607,6.00,12.28,0,0.08,1.7922,-0.026093,-0.001441,1.1047
06-26-24,171.839996,172.029999,171.190002,169.635178,760200,167.134225,162.09563,148.706852,0.316568,0.070103,0.136655,TRUE,TRUE,13.388778,0.24794,44.294453,31.5931,67.3599,-4.474597,2.1996,-0.0214,5.44,17.72,32.40,34.097233,3.152163,1.77,283.30,0.7128,-0.001424,0.000666,1.6860,1.5415,-6.58,0.787397,-64999700,0.862412,-4399604902.97893,-3.6430,67.6038,5.97,12.69,0,0.08,1.8233,-0.02581,-0.001424,0.8828
06-27-24,171.889999,172.270004,171.300003,169.536469,1606900,167.453989,162.366973,148.881954,0.314141,0.074519,0.137086,TRUE,TRUE,13.485019,0.258966,43.786893,31.6473,66.6396,-0.86484,2.0952,-0.1007,4.83,17.13,30.55,32.542761,3.920088,1.77,271.71,0.7070,-0.001382,0.000638,1.4992,1.7652,-6.58,1.611759,-66606600,64.573945,-4407054731.011021,-3.6180,67.7029,5.65,,0,0.09,2.0534,-0.025267,-0.001382,0.7664
06-28-24,171.710007,172.630005,170.279999,168.569016,1007500,167.770205,162.640839,149.056365,0.313196,0.079331,0.137518,TRUE,TRUE,13.584474,0.267983,31.509655,30.5558,59.8814,-10.076535,1.9123,-0.2269,4.11,16.24,30.11,17.307295,3.898017,1.77,243.20,0.7122,-0.001466,0.000707,1.3031,1.5291,-6.58,0.991214,-67614100,62.867766,-4409529304.350414,-3.5430,61.0458,5.47,11.58,0,0.08,1.8099,-0.026597,-0.001466,0.3285
07-01-24,171.029999,171.070007,169.559998,168.243271,1055800,168.018413,162.914888,149.227976,0.312815,0.084491,0.137951,TRUE,TRUE,13.686912,0.272176,21.551225,28.8433,57.7574,-9.602473,1.7212,-0.3343,4.22,16.05,29.28,12.177463,3.040289,1.74,219.09,0.6857,0.000875,0.000534,1.1629,2.0584,-6.58,1.030632,-68669900,17.834821,-4412426416.989864,-3.6191,53.8571,104.22,116.05,,0.11,2.4797,0.023107,0.000875,0.1026
07-02-24,169.960007,171.5,169.850006,169.260071,1169800,168.310073,163.254787,149.40033,0.312568,0.089932,0.138384,TRUE,TRUE,13.854457,0.280718,23.707095,27.5954,62.2575,-4.382091,1.6330,-0.3380,5.50,17.03,28.65,-7.040518,3.569307,1.74,191.88,0.6736,0.000621,0.000282,1.0275,1.8584,-6.58,1.136098,-67500100,9.85069,-4414432712.589768,-3.6008,54.4950,6.00,11.93,0,0.09,2.0530,0.01678,0.000621,0.4951
07-03-24,171.479996,172.320007,171.339996,170.000427,674100,168.619049,163.583486,149.586629,0.311398,0.095641,0.138819,TRUE,TRUE,13.996857,0.2898,20.360051,27.0403,65.1673,5.285903,1.6044,-0.2933,5.93,18.41,29.38,10.338701,3.772119,1.69,163.44,0.6747,0.000735,0.000393,0.9452,2.0510,-6.58,0.664324,-66826000,-30.726544,-4416949656.266784,-3.6341,53.0380,5.14,11.54,0,0.10,2.2580,0.019824,0.000735,0.8452
07-05-24,172.360001,173.539993,172.070007,171.185028,976700,168.883321,163.900608,149.776997,0.309805,0.101596,0.139258,TRUE,TRUE,14.12361,0.300302,26.479662,27.2836,69.2519,11.494501,1.6582,-0.1917,8.20,20.00,30.40,38.146169,3.185921,1.70,159.84,0.6789,0.000837,0.000503,0.9830,2.3050,-6.58,0.953138,-65849300,25.76616,-4419102366.451863,-3.6380,60.0648,7.79,13.80,0,0.11,2.5246,0.02242,0.000837,1.4400
07-08-24,173.850006,173.850006,172.809998,171.007339,779700,169.142155,164.216344,149.967307,0.307743,0.107759,0.139697,TRUE,TRUE,14.249037,0.307256,22.012473,27.6834,67.9645,5.706952,1.6672,-0.1461,6.80,20.30,31.30,33.737507,3.121667,1.71,149.38,0.6644,0.000949,0.000675,0.9185,2.7011,-6.58,0.792531,-66629000,-51.204706,-4422584991.370435,-3.4792,59.5303,7.22,14.17,0,0.12,2.9419,0.025981,0.000949,1.2486
07-09-24,173.729996,173.770004,173.139999,171.066559,958700,169.412817,164.542721,150.164302,0.304921,0.114197,0.140136,TRUE,TRUE,14.378419,0.316,9.708377,28.0546,68.1768,3.009565,1.6600,-0.1226,6.90,20.24,31.96,35.117909,3.267821,1.66,130.71,0.6570,0.000817,0.000512,0.9077,2.3877,-6.58,0.968076,-65670300,15.701183,-4429854142.324707,-3.6606,59.9740,7.59,14.69,0,0.11,2.6135,0.022619,0.000817,1.2652
07-10-24,173.610001,174.740005,173.169998,172.419006,896800,169.717606,164.857333,150.380546,0.301945,0.120873,0.140576,TRUE,TRUE,14.476787,0.322733,16.498333,28.9395,72.6374,3.385475,1.7434,-0.0314,7.73,19.42,32.14,55.193135,3.66502,1.67,125.86,0.6346,0.001177,0.001138,1.5269,3.3565,-6.58,0.910425,-64773500,-10.534717,-4431608886.685784,-3.6104,58.2579,7.38,12.95,0,0.15,3.6392,0.033729,0.001177,2.1464
07-11-24,174.770004,174.889999,173.039993,170.829651,861400,169.904675,165.141733,150.587966,0.297794,0.127643,0.141017,TRUE,TRUE,14.553768,0.322741,6.461544,29.8395,61.6935,-6.270974,1.6620,-0.0902,7.78,18.41,30.05,23.82088,2.239163,1.67,111.73,0.6241,0.001143,0.00111,1.5082,3.5460,-6.58,0.879895,-65634900,-12.3257,-4434528646.326833,-3.7110,59.0124,5.97,10.69,0,0.15,3.8329,0.033314,0.001143,0.8279
07-12-24,173.449997,175.619995,173.419998,172.083359,784800,170.098161,165.490811,150.799507,0.293109,0.134594,0.141461,TRUE,TRUE,14.691304,0.324221,21.314535,31.0429,66.0400,-2.136821,1.6793,-0.0583,7.62,18.57,29.81,41.639641,2.30048,1.76,114.38,0.6285,0.001269,0.001351,1.4553,3.7902,-6.58,0.816034,-64850100,-30.542526,-4436267079.108306,-3.6481,65.6947,4.72,10.31,0,0.16,4.0906,0.036751,0.001269,1.7356
07-15-24,175.089996,175.880005,174.320007,172.734879,977800,170.301517,165.868091,151.022875,0.286568,0.141778,0.141909,TRUE,TRUE,14.845215,0.324019,33.2085,32.2846,68.0677,-4.569648,1.7258,-0.0095,9.48,18.73,29.08,50.2354,2.411322,1.79,123.41,0.6187,0.001465,0.001855,1.5216,4.3125,-6.58,1.017196,-63872300,-0.922079,-4439231983.404248,-3.6724,72.2373,5.29,9.69,0,0.18,4.6447,0.043075,0.001465,1.9718
07-16-24,175.460007,176.149994,175.210007,173.820786,957400,170.545842,166.243839,151.250155,0.279531,0.149203,0.14236,TRUE,TRUE,14.993684,0.324038,35.149903,33.5676,71.1588,9.465284,1.8291,0.0750,11.55,19.18,29.82,64.655392,2.892539,1.80,141.90,0.6190,0.001639,0.002322,1.9901,4.6711,-6.58,0.996965,-62914900,-1.955965,-4443019295.116341,-3.6732,72.8238,5.54,9.24,0,0.20,5.0256,0.048185,0.001639,2.3079
07-17-24,174.009995,174.460007,173.220001,170.997467,1965400,170.581873,166.52726,151.458716,0.270175,0.156513,0.142813,TRUE,TRUE,15.068545,0.3145,10.222158,32.4130,55.9848,-10.05519,1.6640,-0.0721,9.64,17.75,27.00,21.812903,0.4232,1.79,142.10,0.6262,0.001712,0.002472,1.9325,4.5533,-6.58,1.930838,-64880300,141.538651,-4452030097.255023,-3.8538,66.7769,3.56,8.15,0,0.20,4.9092,0.049722,0.001712,0.2925
07-18-24,173.929993,174.210007,171.419998,169.862244,1188100,170.526591,166.745617,151.662726,0.257792,0.16362,0.143266,TRUE,TRUE,15.082891,0.304263,2.268101,30.3268,51.2523,-16.815429,1.4251,-0.2488,9.68,17.44,25.47,4.586438,-0.646684,1.83,142.67,0.6298,0.001457,0.001771,1.9160,3.8896,-6.58,1.183697,-66068400,-19.270232,-4454544908.705095,-3.6232,57.5104,4.25,7.16,0,0.17,4.2085,0.04208,0.001457,-0.4657
07-19-24,172.240005,172.820007,170.600006,168.588776,547200,170.445644,166.928258,151.858802,0.241933,0.170454,0.143716,TRUE,TRUE,15.069456,0.294023,0.134703,28.9377,46.5034,-24.655423,1.1201,-0.4430,9.09,15.38,24.50,-14.737822,-0.951166,1.84,149.02,0.6275,0.001096,0.001011,1.9147,3.1036,-6.58,0.558781,-66615600,-47.186565,-4456083590.423427,-3.6460,59.4059,4.01,5.52,0,0.14,3.3766,0.031801,0.001096,-1.2460
07-22-24,172.320007,173.229996,171.729996,170.869125,803000,170.496976,167.156507,152.074409,0.225202,0.17711,0.144165,TRUE,TRUE,15.082098,0.2866,15.795599,27.3236,54.6132,-1.371627,1.0503,-0.4102,12.22,15.27,27.11,16.176528,0.604467,1.90,148.60,0.6461,0.001386,0.001522,1.7711,3.5968,-6.58,0.825105,-65812600,-13.123445,-4457808295.623622,-3.5046,66.3562,6.95,5.37,0,0.16,3.8963,0.039018,0.001386,0.2504
07-23-24,173.020004,173.309998,172.369995,170.276855,812400,170.549297,167.362467,152.282059,0.207857,0.18356,0.144615,TRUE,TRUE,15.080408,0.276535,6.276668,25.7600,52.3917,1.139358,0.9364,-0.4193,10.88,14.47,26.56,-5.822547,0.618339,1.87,145.72,0.6466,0.001389,0.001527,1.7152,3.5766,-6.58,0.834236,-66625000,1.537308,-4462238700.37656,-3.5527,65.4791,6.42,4.94,0,0.16,3.8760,0.039077,0.001389,-0.1870
07-24-24,170.990005,171.130005,168.190002,166.308426,1101700,170.364697,167.478222,152.469574,0.186601,0.189578,0.145064,FALSE,TRUE,15.008648,0.262391,-19.003991,26.4989,40.5032,-6.000154,0.5199,-0.6686,7.07,12.05,23.06,-23.637922,-2.17176,1.91,173.73,0.7068,0.000824,0.00045,1.9827,1.9304,-6.58,1.108049,-67726700,59.021363,-4464750557.621884,-3.4558,58.6040,3.96,3.73,0,0.10,2.1324,0.021223,0.000824,-2.3347
07-25-24,168.419998,170.009995,166.860001,165.054718,1081100,170.135674,167.570873,152.641712,0.160919,0.194999,0.145512,FALSE,TRUE,14.929161,0.245524,-31.44295,27.6415,37.6004,-17.01277,0.0876,-0.8807,6.34,11.01,21.38,-19.43255,-2.700183,1.93,210.22,0.7151,0.000703,0.00032,2.3629,1.6475,-6.58,1.070062,-68807800,42.212576,-4467070828.918836,-3.3389,51.1632,2.54,2.82,0,0.08,1.8327,0.017881,0.000703,-2.4170
07-26-24,168.610001,170.300003,168.470001,167.186981,914000,170.018199,167.691983,152.819469,0.134093,0.199923,0.14596,FALSE,TRUE,14.872514,0.228326,-17.809542,28.4689,44.8410,-7.550665,-0.0819,-0.8402,8.04,12.12,22.99,3.519708,-1.38583,2.02,220.08,0.7092,0.001119,0.000824,2.5371,2.6150,-6.58,0.936792,-67893800,-43.120294,-4469266445.44834,-3.1882,51.5654,3.37,3.36,0,0.13,2.8515,0.02871,0.001119,-1.2865
07-29-24,170,170.220001,168.820007,167.167252,697900,169.948111,167.760486,152.994532,0.107404,0.20443,0.146406,FALSE,TRUE,14.765954,0.209113,-18.211108,29.2372,44.7892,4.285995,-0.2154,-0.7790,6.69,12.37,23.53,3.307333,-0.831567,2.03,227.06,0.7047,0.001204,0.000966,2.7026,2.8112,-6.58,0.726835,-68591700,-30.729529,-4471612150.102291,-3.2328,50.5735,2.54,3.80,0,0.14,3.0595,0.031081,0.001204,-1.2247
07-30-24,169.899994,170.330002,167.539993,166.486084,821200,169.860252,167.827975,153.161488,0.080103,0.208435,0.146851,FALSE,TRUE,14.666487,0.190014,-28.605607,30.4070,42.9451,5.344692,-0.3719,-0.7483,6.31,10.90,21.96,-4.02494,-1.044432,2.02,237.17,0.7035,0.000979,0.000641,2.9205,2.3787,-6.58,0.865825,-69412900,-22.220117,-4473053757.032714,-3.1961,44.2365,1.89,2.56,0,0.12,2.6017,0.025313,0.000979,-1.4227
07-31-24,171.339996,172.529999,170.800003,169.575943,1807200,169.876045,167.957852,153.345901,0.054863,0.211995,0.147297,TRUE,TRUE,14.611951,0.178383,-5.636942,29.7991,52.4991,7.658085,-0.2437,-0.4962,9.67,12.96,24.19,29.235138,0.186619,2.13,236.86,0.7264,0.001174,0.000864,2.9570,2.5586,-6.58,1.843461,-67605700,54.487947,-4477418329.057022,-3.2125,53.8602,2.77,3.47,0,0.13,2.7930,0.029389,0.001174,-0.1267
08-01-24,172.649994,173.589996,168.669998,167.680573,1332000,169.760052,168.038788,153.524461,0.030491,0.215108,0.147742,FALSE,TRUE,14.514327,0.166527,-19.240774,30.0445,47.2701,2.480879,-0.2917,-0.4353,8.97,13.35,22.80,8.832858,-1.364617,2.16,241.84,0.7262,0.000754,0.000357,3.0925,1.6601,-6.58,1.314614,-68937700,97.596796,-4479286067.052351,-3.0761,46.6539,3.85,4.60,0,0.09,1.8469,0.018885,0.000754,-0.8598
08-02-24,167.779999,168.669998,166.080002,165.370605,1076000,169.469331,168.070569,153.684175,0.004421,0.217687,0.148187,FALSE,TRUE,14.386394,0.151266,-30.008002,31.0342,41.8051,-1.140032,-0.5103,-0.5231,6.67,10.47,23.03,-7.044657,-3.396572,2.14,258.21,0.7498,0.000606,0.000216,3.3502,1.0079,-6.58,1.056777,-70013700,10.166889,-4480951496.832365,-3.0372,39.8704,4.17,4.29,0,0.06,1.1661,0.014693,0.000606,-1.5874
08-05-24,160.740005,164.830002,160.740005,160.553223,1538200,168.946626,168.016052,153.82088,-0.025909,0.219399,0.148625,FALSE,TRUE,14.195172,0.12778,-46.927437,33.0023,33.1877,-19.311348,-1.0600,-0.8583,2.38,5.86,19.67,-1.361391,-6.113256,2.26,323.10,0.8426,0.010298,0.07275,2.5598,-0.0178,-7.63,1.45647,-71551900,97.281006,-4482630190.532606,-2.8427,32.3335,102.38,105.86,,0.06,1.0945,0.269722,0.010298,-2.5978
08-06-24,163.639999,166.75,163.089996,162.280746,1777800,168.507335,168.003966,153.974742,-0.057948,0.220347,0.149058,FALSE,TRUE,14.029224,0.107949,-32.074228,33.7872,38.1142,-9.15592,-1.3409,-0.9113,2.10,7.06,21.64,11.438313,-5.135903,2.45,351.26,0.8527,0.010244,0.07209,2.8409,0.2147,-7.63,1.620498,-69774100,85.438615,-4485194156.102809,-2.5222,44.1151,2.82,1.03,0,0.05,0.9912,0.268495,0.010244,-1.7727
08-07-24,166.070007,167.119995,162.910004,160.948074,819800,167.933788,167.941977,154.1286,-0.092006,0.220489,0.149486,FALSE,TRUE,13.813377,0.086725,-32.564174,34.3232,35.9142,-5.890918,-1.6519,-0.9779,0.94,6.00,19.30,1.619214,-6.652939,2.54,376.75,0.8587,0.010037,0.068326,3.2333,-0.1442,-7.63,0.749895,-70593900,-8.586084,-4486778038.251077,-2.5232,45.3318,1.92,0.52,0,0.03,0.5751,0.261392,0.010037,-1.8542
08-08-24,164.660004,167.429993,164.5,165.094208,641600,167.647016,167.954833,154.310337,-0.124525,0.220107,0.149911,FALSE,TRUE,13.644496,0.072106,-11.553503,34.6531,46.2995,13.111796,-1.5460,-0.6976,3.54,7.47,22.87,33.884867,-3.357405,2.63,375.37,0.9204,0.010661,0.066619,3.3381,0.6236,-7.63,0.59285,-69952300,-25.516601,-4487159402.992249,-2.4316,49.2702,2.71,0.35,0,0.08,1.4019,0.258106,0.010661,-0.6801
08-09-24,167.220001,168.75,166.949997,166.10112,700300,167.347904,168.014032,154.497451,-0.154867,0.219212,0.150334,FALSE,TRUE,13.51658,0.060081,-16.456499,34.2561,48.4830,10.368814,-1.3651,-0.4133,3.83,7.87,24.39,41.720765,-3.476361,2.58,361.75,0.9218,0.010698,0.066867,3.1302,0.6708,-7.63,0.649626,-69252000,-10.767074,-4488520222.461583,-2.4236,48.8504,3.15,0.34,0,0.08,1.4536,0.258586,0.010698,-0.3447
08-12-24,168.679993,169.309998,167.720001,166.377518,744400,167.030036,168.096688,154.681247,-0.182403,0.21777,0.150753,FALSE,TRUE,13.415441,0.052657,-13.606684,33.5984,49.0949,13.180696,-1.1858,-0.1872,3.65,7.38,24.74,43.871722,-3.680415,2.60,339.15,0.8988,0.010427,0.067047,2.8409,0.2600,-7.63,0.698092,-68507600,-23.869912,-4490521662.756395,-2.4050,48.5491,2.41,-0.07,0,0.06,1.0056,0.258934,0.010427,-0.1924
08-13-24,169.410004,171.089996,169.229996,168.855331,587400,166.781763,168.208213,154.887666,-0.204708,0.21582,0.151171,TRUE,TRUE,13.320547,0.048081,9.375032,32.1217,54.3314,8.031821,-0.8341,0.1316,5.26,8.98,27.10,63.154332,-2.856652,2.64,303.07,0.9165,0.010816,0.069161,2.7961,0.7961,-7.63,0.560584,-67920200,-38.646334,-4491345705.489194,-2.3060,54.3729,2.76,0.73,0,0.09,1.6018,0.262985,0.010816,0.6842
08-14-24,171.410004,171.880005,170.419998,169.269913,925400,166.695386,168.325074,155.106685,-0.222019,0.213329,0.151587,TRUE,TRUE,13.218389,0.043815,16.010448,30.3934,55.1624,6.679457,-0.5160,0.3597,5.05,10.63,26.06,66.380648,-1.010281,2.61,292.71,0.9168,0.010871,0.069799,2.7042,0.8720,-7.63,0.92927,-66994800,-52.915437,-4493729029.0242,-2.0937,61.4542,1.90,-0.88,0,0.10,1.6892,0.264194,0.010871,0.8795
08-15-24,173.220001,174.660004,173.179993,172.290649,619400,166.816806,168.494468,155.34306,-0.232623,0.210471,0.152,TRUE,TRUE,13.151409,0.045092,18.752285,28.7641,60.7651,11.6702,-0.0199,0.6847,5.22,11.47,29.45,82.978775,1.429632,2.57,311.00,0.9427,0.017915,0.1215,3.9520,1.2539,-7.63,0.640273,-66375400,-47.866341,-4495092827.844746,-2.0957,60.6901,0.79,0.28,0,0.13,2.2229,0.348569,0.017915,1.7601
08-16-24,174.100006,174.979996,173.820007,172.389404,904500,167.006837,168.624265,155.572094,-0.236212,0.207274,0.152412,TRUE,TRUE,13.052171,0.0463,19.132077,27.3668,60.9369,6.605544,0.3769,0.8651,5.69,10.89,30.31,81.807632,2.254378,2.55,333.22,0.9427,0.017902,0.121408,3.9175,1.2446,-7.63,0.918027,-65470900,65.296053,-4498228350.904163,-2.1388,61.3356,1.23,1.32,0,0.12,2.2204,0.348436,0.017902,1.6153
08-19-24,174.779999,175.929993,174.240005,173.652954,557700,167.146029,168.78071,155.804606,-0.231831,0.203823,0.152822,TRUE,TRUE,12.976104,0.04825,25.708296,26.4129,63.1603,7.997804,0.7842,1.0180,6.48,12.56,32.13,85.009608,1.629217,2.55,355.29,0.9448,0.01808,0.123153,4.3860,1.5330,-7.63,0.573176,-64913200,-30.547945,-4499173507.76119,-2.1257,66.5244,2.53,2.87,0,0.14,2.5432,0.350932,0.01808,1.8315
08-20-24,175.960007,176.570007,175.410004,173.61348,829600,167.31286,168.939914,156.03036,-0.219201,0.200069,0.15323,TRUE,TRUE,12.909554,0.04889,16.262507,25.7546,63.0395,2.274481,1.0913,1.0601,6.10,13.38,31.97,81.323264,1.959529,2.42,377.88,0.9439,0.018108,0.123772,4.3409,1.5958,-7.63,0.851868,-65742800,2.117184,-4502572748.528337,-2.0708,64.0277,,4.06,0,0.15,2.6141,0.351813,0.018108,1.6674
08-21-24,176.389999,177.449997,176.240005,174.867188,1155700,167.740798,169.110793,156.249357,-0.198506,0.196056,0.153638,TRUE,TRUE,12.861436,0.05296,29.714428,25.4507,65.3074,4.370512,1.4195,1.1106,6.77,14.01,31.65,84.543323,5.146319,2.36,412.76,0.9440,0.018105,0.123704,4.7722,1.5980,-7.63,1.18344,-64587100,4.901516,-4506350889.782845,-2.1299,74.0783,2.87,4.02,0,0.15,2.6171,0.351715,0.018105,1.7265
08-22-24,177.360001,177.759995,175.389999,173.514771,695000,168.163801,169.239323,156.455962,-0.171439,0.191736,0.154046,TRUE,TRUE,12.783361,0.054897,35.061756,24.7234,60.9619,-2.198339,1.5525,0.9949,6.27,10.29,31.21,75.057422,5.125605,2.39,426.89,0.9507,0.017943,0.119882,4.5509,1.3030,-7.63,0.726034,-65282100,-35.713625,-4508145709.831776,-2.1455,76.0887,2.24,1.41,0,0.13,2.2720,0.346239,0.017943,1.2535
08-23-24,176.820007,177.710007,175.929993,175.104095,674700,168.559657,169.377132,156.668212,-0.137606,0.187234,0.154453,TRUE,TRUE,12.708921,0.056714,72.754364,24.0480,63.9940,0.954448,1.7658,0.9666,7.50,11.16,31.02,82.115147,4.735485,2.35,453.25,0.9492,0.018188,0.12347,4.0884,1.7824,-7.63,0.713749,-64607400,-26.181619,-4509446509.222286,-2.1253,87.0841,1.80,1.85,0,0.16,2.8026,0.351383,0.018188,1.4439
08-26-24,177.570007,177.929993,176.669998,174.847427,829300,168.943665,169.500726,156.87624,-0.097201,0.182539,0.154858,TRUE,TRUE,12.624485,0.055926,67.821162,23.5126,63.1411,-2.166348,1.8924,0.8745,6.58,11.10,32.62,79.476914,4.594306,2.21,472.94,0.9458,0.018292,0.125727,3.5897,1.9016,-7.63,0.871242,-65436700,18.827912,-4512674959.308874,-2.1570,86.0633,1.09,0.91,0,0.17,2.9501,0.35458,0.018292,1.2483
08-27-24,176.470001,177.869995,176.410004,175.479233,561900,169.393323,169.631624,157.085371,-0.050249,0.177796,0.15526,TRUE,TRUE,12.546253,0.057227,81.506238,22.8579,64.3989,3.436999,2.0203,0.8020,6.71,11.51,32.30,81.751592,5.401742,2.13,490.76,0.9439,0.018221,0.125214,3.0169,1.8279,-7.63,0.598469,-64874800,-31.575743,-4513953302.069268,-2.1781,93.2337,1.17,1.56,0,0.16,2.8742,0.353856,0.018221,1.2401
08-28-24,177.729996,177.779999,175.380005,174.136658,668300,169.621358,169.70882,157.292099,0.000913,0.172857,0.155659,TRUE,TRUE,12.416722,0.0559,60.18382,21.6395,59.7340,-4.260006,1.9905,0.6177,6.74,10.90,30.43,65.452309,2.689482,1.98,502.12,0.9509,0.01809,0.121684,2.5772,1.5765,-7.63,0.757753,-65543100,-63.020142,-4515314044.590535,-2.1484,86.8013,-0.16,1.12,0,0.15,2.5775,0.348832,0.01809,0.8993
08-29-24,177.009995,178.139999,176.110001,174.156403,1046400,169.94515,169.772591,157.488152,0.055251,0.167743,0.156053,TRUE,TRUE,12.284439,0.054677,57.383814,20.6923,59.7801,-3.360946,1.9460,0.4586,7.34,10.55,28.51,61.769698,3.862004,2.00,509.76,0.9508,0.018047,0.121195,2.1546,1.5126,-7.63,1.205988,-64496700,-21.441441,-4518374480.255533,-2.2525,87.2725,1.02,0.94,0,0.14,2.4991,0.34813,0.018047,0.8261
08-30-24,177.089996,177.889999,175.699997,175.498978,655300,170.451569,169.878416,157.692045,0.111956,0.16253,0.156444,TRUE,TRUE,12.186371,0.058605,60.392105,19.5614,62.8939,-1.505039,1.9960,0.4069,7.48,9.96,29.12,70.358915,6.124651,2.00,512.23,0.9426,0.017942,0.121981,1.6573,1.3860,-7.63,0.774005,-63841400,-39.098513,-4519150079.608952,-2.2559,87.2090,1.70,0.73,0,0.13,2.3640,0.349258,0.017942,0.9854
09-03-24,177.020004,177.020004,173.179993,171.718109,1037900,171.009813,169.915929,157.865086,0.166905,0.157123,0.156829,TRUE,TRUE,12.050842,0.055684,17.448744,19.1419,50.9348,-8.799133,1.7109,0.0974,5.07,7.67,26.31,16.814906,6.95401,2.01,456.48,0.9864,0.01769,0.108237,1.4334,0.7578,-7.63,1.263236,-64879300,-32.525029,-4520978231.87412,-2.3337,78.4935,-0.48,-0.83,0,0.10,1.6159,0.328993,0.01769,0.1552
09-04-24,173.220001,174.550003,173.179993,171.491043,722800,171.470328,169.961141,158.037629,0.218394,0.15146,0.157207,TRUE,TRUE,11.923512,0.051762,13.694393,18.7524,50.3161,-9.464061,1.4499,-0.1309,4.68,8.71,25.85,-34.051357,5.675533,2.00,407.63,0.9864,0.017675,0.108062,1.2359,0.7509,-7.63,0.940081,-65602100,-59.343008,-4523483168.391356,-2.4900,71.6130,-1.44,0.37,0,0.09,1.6029,0.328728,0.017675,0.0051
09-05-24,173.550003,173.850006,171.910004,170.494019,2281300,171.947625,169.971013,158.205578,0.26319,0.145615,0.157576,TRUE,TRUE,11.765435,0.047018,-12.65629,18.9684,47.5826,-15.311263,1.1493,-0.3451,2.77,7.29,25.83,-22.728508,5.931071,1.89,325.57,0.9889,0.01751,0.105618,1.3673,0.4854,-7.63,2.709559,-67883400,178.275189,-4529094656.804129,-2.5130,57.4842,-2.48,-0.60,0,0.08,1.3031,0.324989,0.01751,-0.4465
09-06-24,173.050003,173.580002,170.289993,168.470322,1176700,172.116431,169.947715,158.363016,0.299833,0.139608,0.157932,FALSE,TRUE,11.584699,0.040021,-24.311175,19.8061,42.5320,-8.402852,0.7393,-0.6041,1.59,4.79,25.17,-23.180512,2.044962,1.94,295.53,1.0000,0.017293,0.100845,1.6706,0.0442,-7.63,1.354553,-69060100,83.400873,-4531572999.385779,-2.5563,49.3786,-2.53,-1.26,0,0.05,0.8002,0.317562,0.017293,-1.2338
09-09-24,171.880005,172.990005,171.509995,170.345932,865200,172.328671,169.963905,158.524251,0.328065,0.13355,0.158277,TRUE,TRUE,11.439654,0.037929,-19.763995,20.5840,48.0372,-2.278895,0.5593,-0.6273,2.83,7.24,27.05,0.712595,2.555559,1.96,263.57,1.0064,0.017424,0.101031,1.8242,0.1595,-7.63,0.986607,-68194900,23.547051,-4533799198.573358,-2.5816,50.5031,-3.53,-0.36,0,0.06,0.9229,0.317854,0.017424,-0.7523
09-10-24,172.910004,173.179993,171.529999,170.770432,1145800,172.548317,170.007933,158.688882,0.346926,0.127536,0.158613,TRUE,TRUE,11.319051,0.037184,-16.608933,21.1638,49.2228,1.640141,0.4457,-0.5927,2.67,7.81,27.38,6.120228,2.640329,1.95,227.15,1.0064,0.01743,0.101139,1.9401,0.1541,-7.63,1.277348,-67049100,53.922622,-4535999926.314863,-2.5350,51.5876,-3.16,0.71,0,0.06,0.9128,0.318023,0.01743,-0.7827
09-11-24,173.050003,175.050003,170.240005,172.547302,1938900,172.732915,170.094014,158.860389,0.356206,0.121689,0.15894,TRUE,TRUE,11.233625,0.039688,-13.15072,20.4212,53.9581,11.426157,0.4934,-0.4360,3.27,7.36,28.27,29.206311,2.18647,1.97,209.91,1.0147,0.017621,0.101588,1.9891,0.3829,-7.63,2.010077,-65110200,230.081716,-4536078693.281631,-2.3188,54.1428,-4.38,-0.26,0,0.07,1.1596,0.318729,0.017621,-0.0884
09-12-24,175.210007,176.130005,174.149994,173.801025,793400,172.959471,170.184833,159.038165,0.358409,0.116198,0.159259,TRUE,TRUE,11.146668,0.046321,1.631821,19.1006,57.0049,8.967734,0.6252,-0.2434,3.32,8.30,30.01,45.076236,2.676857,1.98,194.45,1.0139,0.017646,0.102101,1.9830,0.3654,-7.63,0.828192,-64316800,-14.264102,-4537151760.025361,-2.2663,59.3283,-5.13,0.23,0,0.07,1.1370,0.319533,0.017646,0.4328
09-13-24,176.289993,177.259995,175.929993,174.5513,589800,173.072504,170.27585,159.221749,0.354725,0.111061,0.159573,TRUE,TRUE,11.054102,0.055159,-3.309557,18.1985,58.7635,9.540756,0.7811,-0.0700,3.49,8.94,30.34,54.573391,1.312115,1.94,196.91,1.0141,0.017655,0.102181,1.9873,0.3721,-7.63,0.616617,-63727000,-4.778818,-4538964344.674811,-2.2933,59.0801,-6.69,-0.18,0,0.07,1.1431,0.319658,0.017655,0.7510
09-16-24,176.759995,177.240005,176.110001,174.886932,620800,173.19738,170.349888,159.4075,0.346418,0.106232,0.159881,TRUE,TRUE,10.942388,0.06306,0.235402,17.3609,59.5604,5.602224,0.9212,0.0561,3.52,10.19,29.75,58.821905,1.448771,1.93,200.24,1.0123,0.01776,0.103742,1.9870,0.5393,-7.63,0.658796,-63106200,-31.365395,-4540928998.623175,-2.2657,58.4607,-7.57,0.40,0,0.08,1.3287,0.322091,0.01776,0.8438
09-17-24,177.820007,178.059998,176.490005,174.867188,731000,173.258092,170.427085,159.593496,0.331866,0.101738,0.160181,TRUE,TRUE,10.833589,0.07005,-3.785089,17.0166,59.4875,2.482645,1.0188,0.1230,2.70,9.56,31.74,58.571969,0.69923,1.94,203.51,1.0117,0.017795,0.104242,1.9894,0.5927,-7.63,0.768673,-63837200,31.074054,-4543171190.914045,-2.3133,58.9600,-8.29,-0.06,0,0.08,1.3903,0.322865,0.017795,0.7907
09-18-24,177.300003,178.610001,176.190002,174.107056,1093500,173.282771,170.487895,159.773292,0.311111,0.097591,0.160473,TRUE,TRUE,10.714604,0.074477,-0.189909,16.9766,56.6173,-2.146189,1.0231,0.1018,1.84,8.44,30.80,46.201343,0.284296,2.00,204.26,1.0123,0.01783,0.104478,1.9898,0.5730,-7.63,1.134118,-64930700,31.810511,-4546147090.934222,-2.2596,57.2202,-8.71,-0.67,0,0.08,1.3793,0.32323,0.01783,0.4035
09-19-24,179.070007,179.660004,178.550003,176.683548,777300,173.373589,170.573186,159.961857,0.289433,0.093843,0.160759,TRUE,TRUE,10.611329,0.084162,13.928109,17.4425,63.1138,3.553432,1.2203,0.2392,3.80,8.98,32.90,68.4028,1.038709,2.04,215.41,1.0277,0.018084,0.104153,2.5178,0.8282,-7.63,0.822309,-64153400,-32.742061,-4549538435.500859,-2.2844,56.4400,-8.15,-0.47,0,0.10,1.6503,0.322727,0.018084,1.5366
09-20-24,178.820007,178.850006,177.869995,176.111008,670700,173.5034,170.678813,160.151085,0.267817,0.090492,0.16104,TRUE,TRUE,10.527729,0.091918,3.522642,17.3853,60.9303,1.44274,1.3153,0.2673,3.69,8.05,33.75,62.324876,1.496263,1.98,223.96,1.0283,0.018065,0.103819,2.5129,0.7996,-7.63,0.71045,-64824100,-3.496403,-4552616767.422511,-2.3553,51.7565,-8.36,-1.23,0,0.10,1.6174,0.32221,0.018065,1.1643
09-23-24,178.75,179.229996,178.429993,176.73291,634300,173.584841,170.771804,160.343765,0.245586,0.087682,0.161316,TRUE,TRUE,10.428039,0.100166,35.277713,17.5247,62.4499,5.832619,1.4243,0.3011,4.43,9.00,36.82,68.926814,0.930198,1.95,232.87,1.0288,0.018144,0.104564,2.4199,0.9050,-7.63,0.673333,-64189800,-5.987846,-4555942205.76198,-2.4678,57.8136,-6.31,-1.05,0,0.11,1.7384,0.323364,0.018144,1.3519
09-24-24,179.419998,179.419998,178.190002,176.792145,673000,173.682077,170.85295,160.538749,0.223251,0.085481,0.161588,TRUE,TRUE,10.314201,0.106472,37.737302,17.4707,62.5992,-0.514648,1.4982,0.3000,4.00,9.46,36.68,69.555632,1.112237,1.94,242.29,1.0254,0.018234,0.106289,2.3112,1.0640,-7.63,0.720391,-63516800,-18.847221,-4558144899.220527,-2.4336,62.8553,-7.04,-0.75,0,0.12,1.9181,0.326019,0.018234,1.2836
09-25-24,178.5,178.839996,177.889999,176.527786,1260700,173.734505,170.90709,160.727171,0.201639,0.083848,0.161858,TRUE,TRUE,10.179918,0.111335,45.316545,17.1857,61.4260,0.495685,1.5179,0.2557,4.06,9.72,36.03,66.749278,0.597537,1.93,247.46,1.0252,0.033244,0.180124,2.1064,1.0754,-7.63,1.300824,-64777500,124.363766,-4563021067.885298,-2.5315,67.5224,-6.76,-0.51,0,0.11,1.8743,0.424411,0.033244,1.1288
09-26-24,179.669998,180,178.330002,177.329819,789900,173.894163,171.033737,160.91603,0.17938,0.082759,0.162124,TRUE,TRUE,10.117706,0.118776,73.261075,17.5696,63.6517,1.201732,1.5800,0.2543,4.60,9.65,38.47,72.64157,1.83371,1.93,260.17,1.0241,0.03331,0.180469,1.9091,1.0378,-7.63,0.809959,-63987600,18.195421,-4564757130.162241,-2.5349,75.7378,-6.07,-0.11,0,0.12,1.9852,0.424817,0.03331,1.3206
09-27-24,179.389999,179.639999,178.410004,176.933746,916800,174.03303,171.175167,161.096886,0.157793,0.082105,0.162387,TRUE,TRUE,10.078281,0.126374,62.070081,17.9261,61.7566,-0.842544,1.5791,0.2027,4.96,9.28,37.84,68.583449,1.594741,1.84,268.91,1.0237,0.033181,0.179138,1.5939,0.8674,-7.63,0.946369,-64904400,-12.385321,-4567874641.407884,-2.5548,68.5511,-5.92,-0.10,0,0.11,1.8040,0.423247,0.033181,1.0787
09-30-24,178.300003,179.389999,177.539993,177.537766,1017200,174.134969,171.354146,161.275278,0.13951,0.081894,0.162648,TRUE,TRUE,10.078869,0.136585,62.700966,17.5249,63.5394,2.113421,1.6086,0.1858,5.52,9.97,37.32,74.772173,1.161709,1.82,278.45,1.0211,0.033171,0.180047,1.3390,0.7775,-7.63,1.030754,-63887200,55.226614,-4568894291.2388,-2.5204,60.1227,,0.60,0,0.10,1.6983,0.424319,0.033171,1.2220
10-01-24,179.190002,179.470001,177.229996,176.389145,1619600,174.368521,171.464547,161.439749,0.12784,0.082077,0.162905,TRUE,TRUE,10.024797,0.144258,37.795631,16.9029,58.0021,-5.649546,1.5217,0.0791,4.21,9.95,36.67,38.276046,2.720177,1.73,276.70,1.0250,0.033085,0.177773,1.1218,0.6344,-7.63,1.594196,-65506800,56.045862,-4571729818.618041,-2.4978,45.9443,-6.51,-0.23,0,0.09,1.5308,0.421631,0.033085,0.7303
10-02-24,177.729996,178.669998,176.979996,176.686203,725200,174.628279,171.592734,161.606196,0.122101,0.082652,0.163159,TRUE,TRUE,9.986538,0.15222,31.33299,16.1209,58.9973,-2.75928,1.4600,0.0139,3.93,10.10,36.57,18.580073,3.029406,1.67,272.62,1.0251,0.033103,0.177927,0.9790,0.6688,-7.63,0.713741,-64781600,0.332042,-4572707158.471413,-2.4223,39.7148,-5.25,0.05,0,0.09,1.5676,0.421814,0.033103,0.7549
10-03-24,177.949997,178.850006,177.630005,176.606995,802700,174.933928,171.798705,161.772883,0.123515,0.083589,0.163409,TRUE,TRUE,10.025822,0.162032,24.079688,15.5290,58.5986,-4.940797,1.3887,-0.0459,3.17,11.62,38.25,12.776198,3.585449,1.62,257.68,1.0207,0.032887,0.177121,0.8808,0.4552,-7.63,0.85201,-65584300,-64.813922,-4574856037.994638,-2.4286,40.7848,-6.53,1.48,0,0.08,1.3427,0.420858,0.032887,0.6493
10-04-24,179.410004,179.570007,177.889999,177.448639,744900,175.382844,172.046584,161.938784,0.129518,0.084921,0.163654,TRUE,TRUE,10.1078,0.170297,28.327872,15.5012,61.5707,3.568552,1.3842,-0.0404,3.77,10.82,37.83,33.035099,5.329317,1.63,213.59,1.0142,0.033208,0.182817,0.7854,0.8229,-7.63,0.809203,-64839400,-36.695844,-4575992328.308986,-2.4127,41.4135,-6.64,0.88,0,0.10,1.7737,0.427571,0.033208,0.9672
10-07-24,178.690002,178.910004,177.320007,175.844559,1077200,175.657775,172.219735,162.093384,0.137887,0.086527,0.163894,TRUE,TRUE,10.126351,0.17769,9.196714,14.9548,53.6637,-5.333602,1.2369,-0.1501,2.79,9.88,36.52,-9.06677,3.227918,1.58,177.72,1.0180,0.032938,0.178607,0.7212,0.3941,-7.63,1.156868,-65916600,24.503005,-4579068719.380175,-2.4309,34.6172,-7.70,0.16,0,0.07,1.2857,0.422619,0.032938,0.1051
10-08-24,178.25,179.570007,178.25,177.616959,891900,176.000101,172.428729,162.26628,0.149609,0.088358,0.16413,TRUE,TRUE,10.162449,0.188883,30.154677,14.9289,59.8058,1.207253,1.2487,-0.1106,3.01,10.98,35.97,21.091457,4.009199,1.56,140.71,1.0247,0.033024,0.177047,0.5406,0.5540,-7.63,0.971103,-65024700,-22.15919,-4580816083.737228,-2.4398,42.2341,-5.79,1.80,0,0.09,1.4639,0.42077,0.033024,1.1491
10-09-24,179.470001,180.75,179.389999,178.775467,1034600,176.31151,172.674517,162.438634,0.163503,0.090484,0.164362,TRUE,TRUE,10.235883,0.203545,20.465511,15.6581,63.2362,1.665529,1.3362,-0.0185,4.65,12.80,35.81,47.625177,3.60954,1.45,128.67,1.0250,0.033012,0.176803,1.0958,0.5600,-7.63,1.184803,-63990100,-46.639847,-4582785676.397305,-2.6744,43.4264,-4.09,2.08,0,0.09,1.4736,0.42048,0.033012,1.9149
10-10-24,180.199997,180.619995,179.679993,178.488297,757200,176.545873,172.852764,162.610583,0.178942,0.092883,0.164594,TRUE,TRUE,10.242181,0.212676,23.925269,16.3351,61.8276,8.163885,1.3667,0.0096,3.72,11.62,35.06,40.007933,2.696918,1.44,123.11,1.0016,0.033147,0.186729,1.0217,0.9597,-7.63,0.868932,-64747300,-4.562642,-4585462770.001616,-2.7720,43.1089,-4.65,0.11,0,0.11,1.9497,0.432121,0.033147,1.5778
10-11-24,180.350006,181.639999,180.350006,179.64682,840600,176.800649,173.092089,162.785083,0.194411,0.095572,0.164825,TRUE,TRUE,10.307006,0.221365,27.823252,17.5528,65.1958,5.389983,1.4673,0.0882,4.00,13.86,34.98,57.227945,2.919211,1.43,132.06,0.9994,0.033341,0.189663,1.4049,1.3093,-7.63,0.950953,-63906700,42.522889,-4587219806.05986,-2.7295,44.0495,-4.76,0.55,0,0.13,2.3424,0.435504,0.033341,2.1552
10-14-24,181.990005,183.429993,181.869995,181.389511,511300,177.125778,173.412467,162.966922,0.210891,0.098608,0.165058,TRUE,TRUE,10.445545,0.230209,37.818525,19.5032,69.5485,6.312326,1.6685,0.2315,4.35,16.41,36.70,68.364612,3.718162,1.46,159.63,0.9994,0.01269,0.053892,2.2032,1.7647,-7.63,0.582028,-63395400,-17.638531,-4588046069.980593,-2.6817,43.4050,104.35,116.41,,0.15,2.4773,0.232147,0.01269,2.6710
10-15-24,182.869995,182.990005,180.580002,179.161652,673300,177.340501,173.784636,163.137832,0.22549,0.101873,0.16529,TRUE,TRUE,10.646804,0.238555,18.653585,20.0940,59.3327,-2.494916,1.6294,0.1539,4.77,14.87,35.76,33.824138,2.455843,1.50,156.50,1.0013,0.012439,0.05318,2.1092,1.0794,-7.63,0.768963,-64068700,-7.893297,-4589511879.318197,-2.6462,45.4080,-3.24,0.29,0,0.13,2.1386,0.230608,0.012439,1.1637
10-16-24,181.110001,182.020004,180.570007,180.122101,836100,177.641254,174.141463,163.315314,0.238635,0.105394,0.165522,TRUE,TRUE,10.826149,0.24701,19.556117,20.6337,61.9290,-3.26685,1.6568,0.1450,6.04,16.30,35.00,48.714831,3.454797,1.46,148.70,1.0013,0.012589,0.054484,2.0312,1.3126,-7.63,0.969138,-63232600,-23.539095,-4590864524.708455,-2.5916,38.8658,-3.13,1.21,0,0.15,2.3947,0.233419,0.012589,1.6684
10-17-24,183.050003,183.089996,181.610001,179.825043,763500,177.798328,174.519002,163.496569,0.248905,0.109062,0.165751,TRUE,TRUE,11.022433,0.247705,20.39098,21.6609,60.6395,-8.909027,1.6357,0.0991,6.66,16.36,34.99,44.109277,1.778035,1.49,154.53,0.9500,0.012854,0.063515,1.9360,1.9867,-7.63,0.885695,-63996100,-1.775376,-4593469672.384061,-2.5481,45.5994,-3.27,0.84,0,0.18,3.2047,0.252023,0.012854,1.3116
10-18-24,182.350006,182.589996,181.979996,180.627075,558200,178.024132,174.829659,163.686454,0.257796,0.112861,0.165979,TRUE,TRUE,11.143205,0.246839,21.487406,22.6147,62.8864,3.553724,1.6645,0.1023,5.71,18.63,37.35,56.543894,2.56433,1.50,161.41,0.9436,0.013058,0.066529,1.8543,2.3366,-7.63,0.651791,-63437900,-16.77352,-4596503936.270796,-2.5623,52.0941,-3.86,3.28,0,0.21,3.6070,0.257933,0.013058,1.6126
10-21-24,182.050003,182.449997,181.210007,180.181488,717300,178.196561,175.111267,163.876618,0.263638,0.116807,0.166206,TRUE,TRUE,11.234649,0.247991,27.733422,22.7452,60.8095,-1.119496,1.6325,0.0563,5.82,17.33,38.41,49.635563,1.951294,1.48,165.27,0.9330,0.012764,0.065033,1.7110,1.9268,-7.63,0.833527,-64155200,13.085291,-4598411175.395131,-2.4675,56.2782,-3.67,2.96,0,0.18,3.1631,0.255015,0.012764,1.2010
10-22-24,181.169998,181.860001,180.869995,179.597321,655000,178.336819,175.375663,164.063222,0.266085,0.120896,0.166428,TRUE,TRUE,11.312441,0.24743,20.851216,22.5472,58.1003,-2.53918,1.5423,-0.0271,7.99,15.62,39.50,37.271992,1.586708,1.47,164.62,0.9347,0.012714,0.064272,1.5865,1.8349,-7.63,0.761929,-64810200,-2.674591,-4600750210.166482,-2.4780,56.5741,-2.09,2.12,0,0.17,3.0573,0.253519,0.012714,0.7657
10-23-24,180.809998,180.990005,178.789993,178.082352,711500,178.414548,175.560203,164.231734,0.26347,0.124993,0.166647,TRUE,TRUE,11.328469,0.24254,9.58202,21.1493,51.6710,-11.215372,1.3332,-0.1890,7.89,14.73,38.39,12.477024,0.880635,1.48,159.21,0.9405,0.012675,0.063015,1.5026,1.7008,-7.63,0.854963,-65521700,-43.5631,-4601919423.080894,-2.3371,49.6575,-1.72,0.96,0,0.16,2.9033,0.251028,0.012675,-0.2086
10-24-24,180.229996,180.279999,179.160004,177.953629,708800,178.445738,175.733878,164.400143,0.256783,0.129079,0.166862,TRUE,TRUE,11.333735,0.242031,3.438995,19.8512,51.1531,-9.656389,1.1439,-0.3027,6.44,15.00,37.29,10.370258,0.351779,1.45,157.58,0.9126,0.012247,0.062643,1.4755,1.1938,-7.63,0.855889,-66230500,-10.267122,-4604155155.963728,-2.3787,42.9370,-2.13,1.35,0,0.13,2.3713,0.250285,0.012247,-0.3123
10-25-24,180.669998,181.429993,179.610001,177.99321,578500,178.498711,175.847929,164.564425,0.246202,0.133137,0.167073,TRUE,TRUE,11.283504,0.23791,16.377263,19.0243,51.3147,-6.785621,0.9857,-0.3687,6.48,13.60,39.52,-4.957346,0.598791,1.53,153.97,0.8989,0.012337,0.065667,1.3266,1.5475,-7.63,0.713115,-65652000,-36.900087,-4605761477.435118,-2.3351,50.5939,-1.81,0.82,0,0.15,2.7778,0.256257,0.012337,-0.3283
10-28-24,180.600006,180.710007,179.990005,178.319992,566100,178.537823,175.966541,164.728571,0.231074,0.137086,0.167279,TRUE,TRUE,11.237969,0.229836,6.022163,18.2565,52.7059,1.034835,0.8766,-0.3822,7.11,13.86,42.13,-10.129338,0.440597,1.48,152.39,0.8777,0.012433,0.070257,1.2867,2.0556,-7.63,0.717786,-65085900,-44.347228,-4608953669.097899,-2.5397,43.3192,-1.42,0.55,0,0.18,3.3644,0.265061,0.012433,-0.1429
10-29-24,179.850006,180.949997,179.279999,178.775467,697000,178.657139,176.068991,164.893226,0.214717,0.140953,0.167482,TRUE,TRUE,11.175765,0.213623,0,16.9823,54.6510,3.497905,0.8174,-0.3531,5.43,15.62,43.00,-0.313068,1.352874,1.46,143.77,0.7816,-0.005953,0.010536,1.2867,3.3810,-7.63,0.938664,-64388900,-56.964683,-4610071817.711358,-2.5818,34.0829,-1.69,1.11,0,0.18,3.8074,-0.102645,-0.005953,0.0823
10-30-24,179.729996,180.690002,179.059998,177.854599,795900,178.715559,176.153813,165.056422,0.196847,0.14471,0.167679,TRUE,TRUE,11.097392,0.197817,-5.460666,15.9090,50.1593,-1.155367,0.6883,-0.3858,6.07,15.59,40.50,-20.159362,0.661283,1.47,137.59,0.7777,-0.006047,0.010716,1.3206,2.8564,-7.63,1.066776,-65184800,9.749035,-4612044863.526905,-2.6363,33.9525,-2.64,1.31,0,0.17,3.5624,-0.103517,-0.006047,-0.6258
10-31-24,178.869995,178.869995,176.419998,174.68605,1933200,178.619511,176.15019,165.206674,0.176284,0.148184,0.167867,FALSE,TRUE,10.943516,0.173692,-36.436618,16.5510,38.4496,-14.256321,0.3265,-0.5980,5.63,12.68,37.39,-24.735365,-1.087694,1.47,158.24,0.8075,-0.005938,0.009533,1.6290,2.4365,-7.63,2.408657,-67118000,140.837175,-4616714448.811186,-2.6077,22.7174,-3.84,0.47,0,0.15,3.0936,-0.097639,-0.005938,-2.4858
11-01-24,177.039993,178.119995,176.639999,175.349457,765600,178.514552,176.186884,165.352872,0.155769,0.151384,0.168046,FALSE,TRUE,10.834012,0.156919,-48.183565,17.1472,41.5275,-13.123549,0.0923,-0.6658,9.22,11.81,36.50,-16.0501,-1.18298,1.45,172.71,0.7423,-0.006674,0.01433,1.5122,1.8676,-7.63,0.952665,-66352400,2.778896,-4618815241.066297,-2.6643,24.3724,,-0.02,0,0.12,2.5382,-0.119709,-0.006674,-1.8326
11-04-24,177.029999,177.75,176.440002,175.151443,820500,178.479897,176.187831,165.487464,0.134389,0.154255,0.168215,FALSE,TRUE,10.700367,0.140957,-38.171878,17.8089,40.8705,-9.288832,-0.1080,-0.6929,7.93,10.20,33.63,-19.018816,-0.394164,1.45,178.93,0.7398,-0.006808,0.014998,1.7018,1.6154,-7.63,1.03755,-67172900,-23.830301,-4621249885.489257,-2.6670,24.0910,-3.15,-0.08,0,0.10,2.2712,-0.122465,-0.006808,-1.8602
11-05-24,177.130005,178.690002,177.009995,176.933746,828500,178.445736,176.229557,165.628363,0.113683,0.156874,0.168377,TRUE,TRUE,10.601194,0.127883,-28.146991,17.5878,48.7321,10.28257,-0.1216,-0.5652,9.93,10.96,33.84,7.702373,-0.384655,1.46,181.30,0.7494,-0.006624,0.013835,1.7858,1.8953,-7.63,1.051883,-66344400,-7.10842,-4622153589.429276,-2.6242,31.5512,-1.95,0.18,0,0.12,2.5613,-0.117624,-0.006624,-0.8340
11-06-24,182.309998,182.490005,180.539993,180.468658,1038600,178.530396,176.329346,165.788608,0.095426,0.159402,0.168533,TRUE,TRUE,10.540738,0.124217,4.418808,17.6335,60.0712,18.543734,0.1511,-0.2340,9.31,13.18,36.04,65.6185,0.947105,1.53,186.79,0.7680,-0.006463,0.012521,1.7820,2.0247,-7.63,1.318296,-65305800,0.386623,-4623268177.018871,-2.5692,33.2190,-2.01,0.94,0,0.13,2.6834,-0.111896,-0.006463,1.0376
11-07-24,182.729996,184.25,182.729996,182.171738,1169300,178.714568,176.490048,165.956041,0.080164,0.161853,0.168685,TRUE,TRUE,10.534007,0.1234,9.987204,18.4077,64.1815,23.311036,0.4990,0.0911,9.68,13.87,36.72,73.457703,2.063688,1.56,203.75,0.7752,-0.0063,0.011673,2.4974,2.2439,-7.63,1.446366,-64136500,54.424194,-4625296384.006775,-2.4636,36.7207,-2.05,1.39,0,0.14,2.9108,-0.108044,-0.0063,1.6968
11-08-24,184.050003,185.009995,183.929993,182.607422,1784400,178.862598,176.659068,166.12349,0.067778,0.164208,0.168833,TRUE,TRUE,10.535578,0.127701,15.695221,19.4079,65.1694,16.437221,0.8005,0.3141,9.75,13.76,36.63,72.030574,1.648012,1.60,220.91,0.7442,-0.00677,0.014654,2.6832,1.7880,-7.63,2.085481,-62352100,112.276945,-4631451138.332211,-2.5847,47.6077,-1.44,1.19,0,0.11,2.4467,-0.121053,-0.00677,1.6952
11-11-24,184.699997,184.860001,183.910004,182.439087,1005600,178.915076,176.79787,166.291866,0.058175,0.166486,0.168977,TRUE,TRUE,10.506004,0.131319,18.893869,20.3219,64.4300,4.35883,1.0143,0.4223,8.04,13.72,37.39,70.070912,0.578631,1.62,228.35,0.7446,-0.006798,0.014756,2.6469,1.7340,-7.63,1.142279,-63357700,96.675142,-4635570756.507896,-2.6992,46.2978,-2.38,0.55,0,0.11,2.3891,-0.121473,-0.006798,1.5433
11-12-24,184.350006,184.669998,183.350006,182.26088,903800,179.070038,177.008726,166.45257,0.051485,0.168688,0.169116,TRUE,TRUE,10.556156,0.136229,30.491482,20.7469,63.6073,-0.57423,1.1559,0.4512,7.67,13.11,35.06,67.996319,1.72985,1.62,240.31,0.7403,-0.006959,0.015637,2.5633,1.4472,-7.63,1.013376,-64261500,34.234368,-4637966008.820426,-2.7164,45.5756,-2.86,-0.90,0,0.09,2.0890,-0.125047,-0.006959,1.3278
11-13-24,184.070007,184.309998,183.149994,181.815292,1084600,179.154697,177.215211,166.611045,0.048152,0.170806,0.16925,TRUE,TRUE,10.604165,0.139863,27.542427,20.9886,61.4930,-3.676377,1.2182,0.4108,5.53,11.04,34.96,62.809039,0.940024,1.62,247.10,0.7414,-0.007011,0.015823,2.4738,1.3659,-7.63,1.199387,-65346100,29.721325,-4641546492.817163,-2.8023,44.2813,-4.02,-3.36,0,0.09,2.0032,-0.125789,-0.007011,1.0767
11-14-24,183.729996,183.729996,182.339996,180.755814,1272500,179.201236,177.420446,166.775183,0.045688,0.172734,0.169378,TRUE,TRUE,10.645264,0.143429,18.367546,20.6022,56.6695,-7.760509,1.1686,0.2889,4.85,10.82,31.83,50.475172,0.517598,1.57,249.30,0.7414,-0.007247,0.016875,2.3952,0.9003,-7.63,1.368655,-66618600,66.666667,-4645719530.113393,-2.8099,38.2190,-4.80,-3.72,0,0.07,1.5078,-0.129903,-0.007247,0.6236
11-15-24,181.300003,181.300003,179.179993,177.795181,1164900,179.059641,177.606944,166.915671,0.042658,0.174328,0.169497,TRUE,TRUE,10.691272,0.139522,-2.969305,19.8710,45.8471,-17.760194,0.8803,4.5915756462955315E-4,2.39,9.02,29.79,16.009123,-1.567813,1.57,248.81,0.7658,-0.007301,0.015974,2.4165,0.5729,-7.63,1.213336,-67783500,108.688642,-4648406278.138037,-2.7030,36.7315,-6.33,-3.99,0,0.05,1.1420,-0.126387,-0.007301,-0.5082
11-18-24,179.380005,180.399994,178.970001,178.21106,959300,178.96112,177.764246,167.04841,0.039385,0.175596,0.169608,TRUE,TRUE,10.715836,0.138753,-3.200507,19.2932,47.3676,-14.125339,0.6775,-0.1619,2.65,8.91,30.17,20.850549,-1.09358,1.57,248.04,0.7577,-0.007491,0.017179,2.4370,0.3409,-7.63,0.986751,-66824200,33.737627,-4650383838.913144,-2.6730,36.1200,-6.67,,0,0.04,0.8984,-0.131068,-0.007491,-0.3024
11-19-24,178.899994,180.619995,178.649994,178.626923,818000,178.9126,177.921376,167.18367,0.036484,0.176593,0.16971,TRUE,TRUE,10.737706,0.138057,4.508621,18.9160,48.9124,-7.757125,0.5441,-0.2362,2.15,9.06,30.40,25.691797,-0.540319,1.58,247.68,0.7577,-0.007424,0.016878,2.4072,0.4736,-7.63,0.834413,-66006200,24.885496,-4651220998.611377,-2.5742,41.2920,-6.91,-4.25,0,0.05,1.0384,-0.129917,-0.007424,-0.1153
11-20-24,180.699997,181.029999,179.130005,179.112122,1847200,178.964088,178.052672,167.320029,0.03468,0.17735,0.169806,TRUE,TRUE,10.732643,0.139018,30.637504,18.2912,50.7293,4.882226,0.4720,-0.2466,3.23,9.70,29.70,31.179949,0.578255,1.58,246.93,0.7572,-0.007425,0.016908,2.1707,0.4426,-7.63,1.781095,-64159000,159.62052,-4653102971.389609,-2.4676,53.2985,-6.12,-4.06,0,0.05,1.0075,-0.130032,-0.007425,0.0599
11-21-24,181.520004,182.479996,180.139999,180.290436,934200,179.080929,178.182461,167.453384,0.034212,0.17787,0.169894,TRUE,TRUE,10.729076,0.139434,33.024652,17.1539,54.9223,7.554636,0.5042,-0.1715,2.96,10.69,30.79,44.929252,1.313155,1.56,247.42,0.7539,-0.007146,0.015846,1.9232,0.9439,-7.63,0.891085,-63224800,31.800226,-4653917053.521148,-2.3733,53.8556,-6.89,-5.43,0,0.07,1.5476,-0.125881,-0.007146,0.4888
11-22-24,182.039993,183.089996,182.039993,180.953842,742200,179.22896,178.310511,167.588239,0.035739,0.178146,0.169977,TRUE,TRUE,10.722273,0.140628,37.612263,16.4397,57.1341,8.22169,0.5766,-0.0793,3.49,10.31,30.89,49.298096,1.66334,1.57,249.42,0.7549,-0.00708,0.015517,1.6020,1.0676,-7.63,0.702462,-62482600,28.297321,-4656194756.417403,-2.3867,58.8272,-6.37,-5.59,0,0.08,1.6776,-0.124565,-0.00708,0.6916
11-25-24,183.679993,184.320007,182.729996,181.944016,2910600,179.410162,178.451653,167.723227,0.039374,0.178164,0.170056,TRUE,TRUE,10.728426,0.145343,34.235426,16.4148,60.2677,9.538327,0.7058,0.0399,3.68,10.64,31.61,51.792788,2.032315,1.56,255.56,0.7519,-0.007156,0.015979,1.3734,0.9931,-7.63,2.479649,-59572000,414.149444,-4661982912.840922,-2.2589,63.7758,-6.51,-5.66,0,0.07,1.5985,-0.126407,-0.007156,0.9915
11-26-24,184.179993,184.75,183.820007,182.736145,864900,179.608195,178.609032,167.862226,0.046411,0.177963,0.170133,TRUE,TRUE,10.746807,0.144591,19.067379,16.6011,62.6217,7.699466,0.8621,0.1569,4.94,12.01,32.58,64.247653,2.215448,1.44,265.53,0.6946,-0.006959,0.017951,1.3884,2.0614,-7.63,0.731608,-58707100,24.088953,-4664863812.604655,-2.3174,63.4428,-5.79,-6.35,0,0.12,2.7909,-0.13398,-0.006959,1.1780
11-27-24,184.559998,184.740005,183.839996,182.439087,630100,179.83742,178.775673,168.009371,0.056214,0.177517,0.170205,TRUE,TRUE,10.766302,0.142354,2.549596,16.7742,61.1583,4.024276,0.9510,0.1967,4.76,12.45,32.46,59.576929,2.577661,1.38,269.36,0.6948,-0.006973,0.018017,1.3866,2.0493,-7.63,0.536758,-59337200,-20.831763,-4667455477.157153,-2.3601,58.5188,-5.87,-5.17,0,0.12,2.7785,-0.134226,-0.006973,0.9659
11-29-24,184.809998,185.660004,184.509995,183.468872,553400,180.276561,178.911379,168.153901,0.069088,0.176804,0.170272,TRUE,TRUE,10.757478,0.139508,7.774788,17.3965,64.2751,4.007397,1.0920,0.2702,4.54,12.37,33.27,68.742817,5.027775,1.38,251.99,0.6914,-0.006785,0.017276,1.6940,2.4981,-7.63,0.500855,-58783800,-71.373888,-4669010881.625953,-2.3665,55.2353,-6.20,-4.79,0,0.14,3.2656,-0.131438,-0.006785,1.2668
12-02-24,185.320007,186.009995,185.100006,184.152084,961000,180.716692,179.072201,168.297374,0.0841,0.175927,0.170335,TRUE,TRUE,10.774827,0.13363,14.773683,18.1430,66.2122,3.590432,1.2446,0.3382,7.24,12.68,33.30,74.756658,5.020048,1.39,237.88,0.6702,-0.006656,0.01783,1.9880,3.1925,-7.63,0.862131,-57822800,25.522466,-4671974001.21614,-2.3845,61.6158,-4.37,-5.13,0,0.16,4.0393,-0.133529,-0.006656,1.4442
12-03-24,185.809998,186.179993,185.339996,184.191696,675900,181.168705,179.221377,168.446943,0.10171,0.174823,0.170395,TRUE,TRUE,10.774433,0.130125,16.853711,18.9202,66.3262,5.167833,1.3531,0.3573,7.41,12.43,32.54,73.594996,5.161392,1.38,210.93,0.6583,-0.006948,0.020136,1.9862,2.8113,-7.63,0.610321,-57146900,-17.6234,-4674497852.333306,-2.4041,66.9672,-4.24,-6.04,0,0.15,3.6395,-0.141901,-0.006948,1.4332
12-04-24,186.559998,187.020004,186.240005,185.013535,860900,181.572694,179.385804,168.606372,0.120509,0.173492,0.170453,TRUE,TRUE,10.779433,0.127917,27.029118,20.0463,68.6869,4.411816,1.4882,0.3940,8.52,11.52,33.81,76.02787,4.566561,1.41,202.77,0.6594,-0.006914,0.019881,2.3111,2.8857,-7.63,0.776236,-56286000,3.910682,-4678066112.566492,-2.5207,73.6824,-3.35,-6.21,0,0.15,3.7191,-0.140999,-0.006914,1.6969
12-05-24,187.020004,187.020004,185.910004,184.231323,1031400,181.760828,179.539875,168.76066,0.138631,0.171838,0.170509,TRUE,TRUE,10.779215,0.126647,30.077157,20.7779,64.0821,-2.130061,1.5147,0.3364,9.36,11.10,33.31,66.682466,2.084941,1.42,209.33,0.6524,-0.007229,0.02217,2.2306,2.3233,-7.63,0.93027,-57317400,-0.693241,-4682217134.247707,-2.6584,74.7733,-3.56,-6.47,0,0.12,3.1186,-0.148895,-0.007229,1.1802
12-06-24,186.600006,187.259995,186.460007,184.627396,752700,181.883611,179.685827,168.897173,0.156556,0.170008,0.170563,TRUE,TRUE,10.788654,0.127502,75.991568,21.5814,65.3488,-0.977329,1.5498,0.2972,8.38,11.45,33.99,69.423941,1.347991,1.45,218.86,0.6476,-0.007373,0.023406,1.9726,2.1316,-7.63,0.691896,-56564700,-35.628154,-4686418402.775974,-2.8092,81.9797,-3.23,-7.26,0,0.11,2.9141,-0.152989,-0.007373,1.2537
12-09-24,186.520004,186.520004,185.410004,183.746124,1079500,181.940546,179.822074,169.028296,0.172867,0.168013,0.170613,TRUE,TRUE,10.793779,0.127582,58.534043,21.3359,60.2567,-8.43018,1.4893,0.1894,7.60,10.48,32.34,59.188502,0.623579,1.43,222.29,0.6504,-0.007512,0.024019,1.7202,1.7527,-7.63,1.025522,-57644200,-39.503475,-4690734221.368318,-2.8159,81.1239,-4.07,-7.72,0,0.10,2.5002,-0.15498,-0.007512,0.8123
12-10-24,185.809998,185.949997,184.919998,183.330231,1005800,181.985103,179.937924,169.158076,0.186014,0.1659,0.170661,TRUE,TRUE,10.779847,0.127039,49.737946,20.6844,57.9613,-6.120812,1.3918,0.0735,6.25,9.72,31.36,51.66336,0.488461,1.42,224.23,0.6515,-0.007572,0.024291,1.4721,1.5797,-7.63,0.955498,-58650000,0.019889,-4694844856.324319,-2.8155,74.5797,-4.01,-8.98,0,0.09,2.3094,-0.155857,-0.007572,0.5999
12-11-24,185.820007,186.660004,185.699997,184.29071,704100,182.086594,180.095955,169.292709,0.198442,0.163604,0.170705,TRUE,TRUE,10.803246,0.127567,52.143292,20.5348,61.5995,-3.749395,1.3762,0.0463,6.04,9.56,30.92,58.296544,1.113695,1.45,230.06,0.6538,-0.007462,0.02344,1.2047,1.7905,-7.63,0.675292,-57945900,-22.095596,-4697616189.000152,-2.8605,72.5520,-3.76,-9.52,0,0.10,2.5368,-0.1531,-0.007462,0.9581
12-12-24,185.529999,185.559998,184.729996,182.924271,629800,182.142043,180.220716,169.422229,0.208462,0.161087,0.170747,TRUE,TRUE,10.798487,0.124043,26.027108,19.5782,54.3880,-5.868688,1.2392,-0.0725,4.80,8.45,28.95,16.940175,0.609948,1.38,230.71,0.6592,-0.007445,0.022909,1.0378,1.6528,-7.63,0.617499,-58575700,-41.93251,-4700986333.958328,-2.9139,67.2662,-3.53,-10.90,0,0.10,2.3818,-0.151356,-0.007445,0.3391
12-13-24,184.729996,185.059998,183.589996,182.151947,955000,182.21185,180.331615,169.545283,0.215721,0.158506,0.170784,TRUE,TRUE,10.786333,0.12313,11.713397,18.5029,50.7702,-7.191112,1.0562,-0.2044,4.15,7.82,26.94,-12.760461,0.772386,1.36,228.39,0.6363,-0.00789,0.027646,0.9507,0.9214,-7.63,0.951153,-59530700,-24.950884,-4703809818.253206,-2.8928,60.8111,-3.04,-11.26,0,0.06,1.6135,-0.16627,-0.00789,-0.0262
12-16-24,184.330002,184.830002,183.839996,182.102432,1977000,182.427213,180.424691,169.657768,0.219295,0.155932,0.170816,TRUE,TRUE,10.766923,0.120862,1.705636,17.5045,50.5381,-11.061372,0.8968,-0.2911,4.14,6.94,26.99,-40.533102,2.422592,1.33,203.51,0.6345,-0.007838,0.027461,0.9403,1.0479,-7.63,1.8925,-61507700,69.714139,-4712726505.403527,-3.0786,42.4784,-2.85,-11.79,0,0.07,1.7506,-0.165713,-0.007838,-0.1596
12-17-24,182.710007,183.179993,182.309998,181.435043,798200,182.588412,180.536501,169.767507,0.218552,0.153241,0.170844,TRUE,TRUE,10.768994,0.11822,-14.19936,17.5657,47.3931,-6.994914,0.7085,-0.3835,4.21,6.12,26.64,-17.675854,1.809082,1.27,179.73,0.6356,-0.007959,0.028166,1.0213,0.7465,-7.63,0.770021,-62305900,-16.793495,-4715130205.12992,-3.1230,35.8992,-3.14,-12.55,0,0.05,1.4233,-0.167829,-0.007959,-0.6417
12-18-24,182.919998,183.589996,177.800003,176.6978,1295100,182.491956,180.518118,169.862209,0.21021,0.150219,0.170864,FALSE,TRUE,10.655909,0.107652,-42.205147,19.4599,32.1157,-18.654467,0.1750,-0.7336,0.01,3.81,22.48,-11.651209,-1.079973,1.46,205.45,0.7222,-0.007785,0.020444,1.5323,-0.3118,-7.63,1.221274,-63601000,58.325183,-4716918384.659664,-3.0976,34.1882,-3.72,-12.32,0,0.01,0.2218,-0.142984,-0.007785,-2.8203
12-19-24,179.399994,179.720001,177.699997,176.489258,1380400,182.360812,180.472393,169.950118,0.195425,0.146915,0.170874,FALSE,TRUE,10.522276,0.096299,-54.604839,21.2487,31.6323,-18.905774,-0.2617,-0.9362,0.21,3.91,21.78,-12.664639,-1.46437,1.45,234.48,0.7221,-0.007776,0.020397,1.9530,-0.3003,-7.63,1.331006,-64981400,-25.27068,-4719953537.895351,-3.2229,28.3486,-2.85,-11.57,0,0.01,0.2330,-0.14282,-0.007776,-2.5041
12-20-24,177.289993,181.130005,177.020004,178.197433,1271400,182.256162,180.466576,170.037279,0.175882,0.143285,0.170876,FALSE,TRUE,10.429297,0.089108,-43.127746,21.8585,39.6459,-7.747154,-0.4645,-0.9112,0.83,5.30,24.58,11.498343,-1.160906,1.52,248.46,0.7306,-0.007645,0.019259,2.1836,-0.1109,-7.63,1.206296,-63710000,36.095055,-4720496478.887284,-3.1585,29.6910,-2.76,-9.41,0,0.02,0.4296,-0.138775,-0.007645,-1.6336
12-23-24,179.679993,180.880005,178.619995,179.54808,1036900,182.185874,180.464601,170.140778,0.152898,0.139505,0.170871,FALSE,TRUE,10.323824,0.083411,-30.715722,22.4247,45.1232,13.007461,-0.5104,-0.7657,1.56,5.62,24.42,24.688267,-0.776862,1.54,254.26,0.7362,-0.007437,0.017961,2.3190,0.2426,-7.63,0.97024,-62673100,39.706279,-4720681761.61522,-3.0171,31.2825,-2.67,-10.11,0,0.04,0.8040,-0.134017,-0.007437,-1.0375
12-24-24,181,182.190002,180.699997,180.888824,442300,182.133115,180.454588,170.253191,0.127574,0.135778,0.170861,TRUE,TRUE,10.201397,0.080791,-26.377975,22.0337,49.9763,18.343978,-0.4336,-0.5511,2.47,6.63,25.53,37.781483,-0.579954,1.52,255.88,0.7410,-0.007349,0.017315,2.2358,0.3858,-7.63,0.467899,-62230800,-84.803821,-4721011956.780557,-3.1223,29.1831,-2.29,-9.47,0,0.04,0.9533,-0.131586,-0.007349,-0.4863
12-26-24,181.580002,182.5,181.389999,180.998077,557600,182.046211,180.491316,170.354602,0.100042,0.132372,0.170848,TRUE,TRUE,10.136715,0.076217,-21.606844,21.4653,50.3615,10.715574,-0.3597,-0.3818,2.07,6.76,25.04,38.848407,-0.951135,1.50,256.67,0.7356,-0.003645,0.008502,2.2960,0.6431,-7.63,0.599618,-61673200,-35.530119,-4721963314.59209,-3.0701,34.2285,102.07,106.76,,0.06,1.2175,-0.092209,-0.003645,-0.4084
12-27-24,181.330002,181.339996,179.330002,179.279968,700800,181.888255,180.474474,170.448601,0.070205,0.129157,0.170827,FALSE,TRUE,10.025873,0.069074,-32.834452,21.8557,44.5511,-0.572066,-0.4348,-0.3655,1.33,6.35,23.62,23.443611,-1.731602,1.47,263.75,0.7465,-0.003665,0.008592,2.2758,0.2375,-7.63,0.750755,-62374000,11.220441,-4722699003.767429,-2.9591,28.8494,-2.86,-9.17,0,0.05,1.1630,-0.092693,-0.003665,-0.9889
12-30-24,178.619995,179.619995,177.470001,177.353287,681200,181.582476,180.425038,170.534245,0.039851,0.126141,0.170798,FALSE,TRUE,9.890794,0.058494,-36.885792,22.8810,39.1028,-10.873453,-0.6424,-0.4585,-0.10,5.41,22.33,3.457287,-3.333309,1.50,279.44,0.7599,-0.003804,0.008885,2.4870,-0.1252,-7.63,0.724797,-63055200,23.093603,-4723454162.956085,-2.8964,29.7799,-3.46,,0,0.03,0.7482,-0.094261,-0.003804,-1.5134
12-31-24,179.119995,179.25,177.690002,176.856735,2818700,181.217709,180.349632,170.624925,0.009271,0.123142,0.170759,FALSE,TRUE,9.724707,0.048485,-37.178156,23.8330,37.8192,-12.54235,-0.8373,-0.5227,0.27,4.49,22.29,-1.693662,-3.961589,1.49,291.49,0.7583,-0.003963,0.009665,2.7070,-0.3895,-7.63,2.729355,-65873900,193.309053,-4729284060.348393,-2.7747,26.3641,-3.48,-10.38,0,0.02,0.4574,-0.098312,-0.003963,-1.4961
01-02-25,179,179.770004,176.470001,176.389954,1252200,180.827621,180.273801,170.708799,-0.020498,0.120124,0.170711,FALSE,TRUE,9.565002,0.035024,-46.699207,25.1185,36.6027,-7.948389,-1.0178,-0.5625,-0.17,3.76,22.86,-0.880612,-4.235665,1.49,301.62,0.7498,-0.003869,0.009455,2.3059,-0.1680,-7.63,1.179596,-67126100,85.264092,-4730597009.149193,-2.6423,20.9211,-4.57,-10.23,0,0.03,0.7114,-0.097239,-0.003869,-1.4713
01-03-25,178.300003,179.600006,178.009995,178.068344,760700,180.480362,180.243221,170.796396,-0.048336,0.117186,0.170656,FALSE,TRUE,9.446825,0.027289,-28.182407,26.3121,43.6243,4.521477,-1.0136,-0.4467,0.83,4.02,24.83,18.607027,-3.753882,1.56,290.67,0.7486,-0.003841,0.009356,2.0587,-0.1882,-7.63,0.719992,-66365400,-11.638982,-4731301877.42074,-2.5193,25.5199,-4.62,-11.65,0,0.03,0.6945,-0.096727,-0.003841,-0.8298
01-06-25,180.229996,181.339996,179.559998,178.763535,1500900,180.206973,180.256845,170.879606,-0.075467,0.114264,0.170591,FALSE,TRUE,9.377239,0.022633,-19.753806,26.1320,46.2784,8.459194,-0.9434,-0.3012,0.74,4.54,25.76,27.434607,-2.967893,1.60,279.02,0.7455,-0.003912,0.009784,2.0948,-0.2819,-7.63,1.389703,-64864500,45.520652,-4734145937.146082,-2.4041,33.8290,-3.65,-10.72,0,0.03,0.5922,-0.098912,-0.003912,-0.5173
01-07-25,180.710007,181.100006,178.100006,177.412872,893800,179.846246,180.24603,170.951753,-0.103475,0.111291,0.170517,FALSE,TRUE,9.294277,0.015275,-25.411663,26.5259,42.1286,5.525883,-0.9853,-0.2745,0.89,3.71,24.70,13.242581,-3.907613,1.62,265.15,0.7517,-0.004003,0.010044,1.8853,-0.4890,-7.63,0.82221,-65758300,18.745848,-4735449177.266524,-2.2552,36.3221,-3.39,-11.52,0,0.02,0.3569,-0.100219,-0.004003,-0.9177
01-08-25,178.539993,179.25,177.929993,177.760483,2389400,179.546964,180.241375,171.029874,-0.131797,0.108153,0.170434,FALSE,TRUE,9.211502,0.010512,-20.262725,26.9540,43.5320,-0.092315,-0.9792,-0.2147,0.08,3.10,23.12,18.124754,-3.257561,1.65,252.29,0.7472,-0.004099,0.010656,1.7491,-0.6524,-7.63,2.073115,-63368900,121.343214,-4738452251.021553,-2.0701,32.9659,-4.95,-11.18,0,0.01,0.1815,-0.103229,-0.004099,-0.7081
01-10-25,177.850006,178.110001,176.020004,175.138611,1262000,179.137383,180.177748,171.098038,-0.161666,0.104734,0.170341,FALSE,TRUE,9.07971,0.004508,-9.733244,27.9961,36.3683,-9.910098,-1.1725,-0.3264,-2.03,2.52,21.39,-13.601759,-4.468232,1.52,254.12,0.7592,0.001357,0.000572,1.8452,-1.4942,-7.63,1.082913,-64630900,25.472261,-4740778672.515311,-1.9708,33.0710,-4.95,-9.40,0,-0.02,-0.3760,0.023908,0.001357,-1.5736
01-13-25,175.190002,176.740005,174.850006,175.436539,1901100,178.694675,180.110969,171.170794,-0.191975,0.101004,0.170237,FALSE,TRUE,8.940175,-0.004436,-6.535139,29.3024,37.6244,-4.504229,-1.2867,-0.3525,-1.71,1.95,20.88,7.667099,-4.804459,1.48,236.11,0.7439,0.001375,0.000586,1.9068,-1.0276,-7.63,1.551633,-62729800,170.004261,-4741499817.518258,-1.7908,32.1334,-3.64,-8.52,0,-0.01,-0.3098,0.024215,0.001375,-1.3799
01-14-25,177.330002,177.339996,175.25,175.426605,1012000,178.319791,180.062409,171.239315,-0.221664,0.09698,0.170123,FALSE,TRUE,8.823095,-0.011561,-19.228037,30.0675,37.5977,-5.934266,-1.3624,-0.3425,-2.35,1.56,20.58,7.537249,-4.098781,1.37,224.66,0.7401,0.001253,0.000492,2.0351,-1.2264,-7.63,0.813286,-63741800,60.685932,-4742340789.001064,-1.6617,31.0445,-3.65,-8.61,0,-0.02,-0.5134,0.022173,0.001253,-1.2878
01-15-25,178.860001,179.910004,178.710007,178.2173,1138200,178.123059,180.133034,171.320852,-0.247313,0.092737,0.17,FALSE,TRUE,8.812182,-0.014354,-8.395875,29.1272,48.6104,12.242173,-1.1835,-0.1309,-1.75,2.53,22.20,44.016954,-2.16009,1.42,205.77,0.7693,0.001704,0.000842,2.0650,-0.5761,-6.11,0.908021,-62603600,19.183246,-4744413655.22692,-1.6196,31.4329,,-7.46,0,0.01,0.1386,0.029013,0.001704,0.0458
01-16-25,179.899994,180.410004,179.259995,178.237167,869900,177.929796,180.190789,171.404854,-0.266174,0.088338,0.169867,FALSE,TRUE,8.785935,-0.015665,-18.250128,27.9750,48.6799,11.055492,-1.0283,0.0194,-0.52,4.23,22.74,44.276653,-2.122577,1.40,183.36,0.7670,0.001611,0.000756,2.1048,-0.7279,-6.04,0.726042,-61733700,-55.998988,-4746830946.971317,-1.4232,33.0783,-3.15,-6.62,0,-0.000837,-0.0174,0.027495,0.001611,0.1676
01-17-25,181.139999,181.350006,180.429993,179.448792,1840500,177.830483,180.276736,171.499938,-0.277145,0.083759,0.169726,FALSE,TRUE,8.776798,-0.015613,-9.911055,26.3934,52.8629,15.2652,-0.7983,0.1995,-0.37,5.64,24.07,70.750545,-1.094745,1.45,168.12,0.7716,0.001822,0.000956,1.3626,-0.4058,-6.04,1.4721,-59893200,130.581308,-4752597260.883149,-1.4984,37.6345,-3.45,-6.89,0,0.02,0.3138,0.030925,0.001822,0.9626
01-21-25,181.520004,182.300003,181.210007,180.888824,1063100,178.040034,180.355837,171.601976,-0.279491,0.079075,0.169575,TRUE,TRUE,8.753861,-0.014149,10.47854,24.5794,57.3160,8.705573,-0.4941,0.4030,0.59,7.30,23.80,81.057998,2.37186,1.48,179.02,0.7774,0.00207,0.001218,2.0484,-0.0194,-6.04,0.85827,-58830100,-17.913675,-4754286874.641303,-1.5084,42.4889,-2.72,-6.28,0,0.03,0.7114,0.034902,0.00207,1.5913
01-22-25,183.419998,184.210007,183.149994,182.457977,902100,178.33847,180.395623,171.723188,-0.27295,0.074333,0.169416,TRUE,TRUE,8.672435,-0.012753,34.039685,23.7620,61.5757,12.895856,-0.1250,0.6177,1.01,6.78,23.09,81.281738,3.381917,1.51,200.30,0.7767,0.002313,0.001527,2.7335,0.5634,-5.71,0.742628,-57928000,-34.649377,-4756366824.882418,-1.4988,46.6784,-1.86,-5.93,0,0.06,1.3170,0.039074,0.002313,2.0567
01-23-25,183.240005,184.660004,183.169998,183.341873,1208900,178.595692,180.419026,171.839265,-0.258337,0.069649,0.169252,TRUE,TRUE,8.579761,-0.010369,42.156079,23.1901,63.7691,10.906186,0.2361,0.7830,1.75,7.67,23.25,86.563396,2.886933,1.51,229.32,0.7787,0.002429,0.001675,3.0232,0.7512,-5.34,0.997759,-56719100,-4.915841,-4757296827.001231,-1.5186,57.6239,-2.20,-6.15,0,0.07,1.5111,0.04093,0.002429,2.0697
01-24-25,184.710007,184.839996,183.809998,182.835373,775200,178.760057,180.423585,171.953301,-0.236982,0.065013,0.16908,TRUE,TRUE,8.470284,-0.009047,41.789995,22.7363,61.5992,4.283166,0.4759,0.8183,1.80,9.94,23.19,79.93368,1.83087,1.45,247.56,0.7798,0.002372,0.001594,2.8493,0.6488,-5.34,0.646792,-57494300,-25.238692,-4759539075.373132,-1.6210,63.6249,-2.45,-4.82,0,0.07,1.4026,0.03992,0.002372,1.6462
01-27-25,180.520004,182.589996,180.479996,181.296021,677700,178.780417,180.400724,172.059542,-0.211018,0.060301,0.168901,TRUE,TRUE,8.341182,-0.009964,21.11757,21.6085,55.4262,-6.149544,0.5356,0.7024,1.80,9.84,21.93,64.524732,0.225108,1.43,249.56,0.7880,0.002215,0.001358,2.7598,0.2977,-5.34,0.559944,-58172000,53.221795,-4759692585.957376,-1.5980,59.5443,-2.74,-4.75,0,0.05,1.0301,0.036854,0.002215,1.0080
01-28-25,182.649994,184.179993,181.940002,182.448059,905700,178.852916,180.404467,172.179326,-0.180349,0.055768,0.168716,TRUE,TRUE,8.225142,-0.008386,23.406937,20.2927,58.7572,-5.011875,0.6682,0.6679,2.53,9.13,22.35,76.056661,0.801103,1.40,258.30,0.7913,0.002313,0.001469,2.6810,0.4235,-5.34,0.737718,-57266300,62.428264,-4760187438.720319,-1.5567,58.1478,-2.70,-5.11,0,0.06,1.1584,0.038328,0.002313,1.3919
01-29-25,183.660004,183.770004,182.440002,181.891891,3288400,178.983512,180.405999,172.289285,-0.145505,0.051418,0.168524,TRUE,TRUE,8.116714,-0.009485,29.966668,19.0708,56.5597,-5.039454,0.7200,0.5759,2.19,8.81,22.27,70.489412,1.456896,1.34,267.03,0.7893,0.002329,0.001498,2.5467,0.4951,-5.34,2.423135,-60554700,369.23516,-4766186223.089833,-1.6022,50.7480,-3.67,-5.83,0,0.06,1.2339,0.038701,0.002329,1.0892
01-30-25,183.789993,185.270004,183.710007,183.590149,1429500,179.295355,180.462686,172.418375,-0.106668,0.047398,0.168326,TRUE,TRUE,8.044311,-0.013394,35.77071,18.5858,61.3172,5.890967,0.8879,0.5950,2.96,10.27,22.30,83.878545,3.516632,1.39,282.93,0.7604,0.00261,0.002039,2.5125,1.4587,-5.34,1.025099,-59125200,109.850264,-4767835385.879848,-1.5913,61.2235,-3.67,-5.44,0,0.11,2.2606,0.045157,0.00261,1.5180
01-31-25,185.470001,185.850006,183.229996,182.100464,2191700,179.557542,180.548792,172.54977,-0.066404,0.043746,0.168122,TRUE,TRUE,7.999022,-0.019116,45.906977,18.3713,55.5683,-3.188959,0.8905,0.4781,1.86,7.39,21.30,65.913252,2.964958,1.42,283.44,0.7681,0.002505,0.001837,2.2014,1.0338,-5.34,1.60782,-61316900,-22.244297,-4771916845.554873,-1.5638,58.0581,-3.85,-5.84,0,0.09,1.8128,0.042856,0.002505,0.8972
02-03-25,180.630005,183.270004,180.229996,181.206635,1249800,179.798376,180.608703,172.675957,-0.026363,0.040336,0.167909,TRUE,TRUE,7.932746,-0.027014,36.609886,17.3771,52.3941,-4.165592,0.8111,0.3189,1.88,8.07,22.50,56.194633,2.7307,1.47,275.46,0.7711,0.002517,0.001837,1.8862,0.9000,-5.34,0.916928,-62566700,-0.191663,-4772363619.414231,-1.5321,59.8997,-2.69,-5.62,0,0.08,1.6737,0.042865,0.002517,0.5112
02-04-25,182.190002,183.520004,182.020004,182.06073,807100,179.997995,180.677379,172.811882,0.012594,0.0372,0.167687,TRUE,TRUE,7.865498,-0.030828,39.952106,16.3396,55.0371,-6.280055,0.8078,0.2525,4.22,10.09,21.62,46.928901,2.242053,1.47,276.73,0.7628,0.002369,0.001663,1.4815,0.7204,-5.34,0.59113,-61759600,6.099645,-4773126893.12232,-1.5317,59.5304,-1.67,-5.83,0,0.07,1.4935,0.040783,0.002369,0.7454
02-05-25,182.820007,184.160004,182.259995,182.855225,1862400,180.202579,180.752242,172.953454,0.050883,0.034297,0.167458,TRUE,TRUE,7.798788,-0.027632,31.747048,15.2664,57.4060,1.837725,0.8594,0.2432,4.28,13.89,20.57,54.555748,2.288884,1.37,282.19,0.7207,0.001939,0.00125,1.2628,0.1892,-5.34,1.346224,-59897200,24.085549,-4773822397.120907,-1.4340,61.1266,-2.48,,0,0.04,0.9789,0.035358,0.001939,0.9400
02-06-25,184.210007,184.740005,183.419998,183.093582,1305300,180.486615,180.808304,173.107596,0.08754,0.031585,0.167221,TRUE,TRUE,7.700708,-0.021292,32.75279,14.5381,58.1189,5.724789,0.9090,0.2343,4.53,12.83,20.79,50.953401,3.201972,1.36,281.22,0.7107,0.001736,0.001031,0.9963,-0.1109,-5.34,0.929701,-58591900,46.039382,-4775773255.395286,-1.4360,62.0411,-2.08,-5.61,0,0.03,0.6754,0.032105,0.001736,0.9270
02-07-25,184.690002,184.970001,182.779999,181.653549,1001000,180.681268,180.822299,173.248037,0.12129,0.028967,0.166976,TRUE,TRUE,7.574262,-0.016625,14.643819,13.5371,52.4115,-2.625617,0.8226,0.1183,2.67,12.86,19.63,25.330086,2.190063,1.34,274.76,0.7174,0.001603,0.000861,0.8418,-0.4881,-5.34,0.750049,-59592900,-58.106638,-4777804004.050563,-1.4743,55.0232,-2.94,-5.29,0,0.01,0.2764,0.02934,0.001603,0.3539
02-10-25,183.960007,184.330002,183.639999,182.984344,1096900,181.073555,180.843105,173.386314,0.15247,0.026502,0.166725,TRUE,TRUE,7.456792,-0.010009,14.019993,12.6077,56.6484,-0.75759,0.8518,0.1180,1.39,10.84,19.12,49.009674,4.479728,1.32,245.95,0.7236,0.001802,0.00107,0.7495,-0.1824,-5.34,0.827022,-58496000,-13.082409,-4780985499.189881,-1.5157,55.1353,-3.94,-6.43,0,0.03,0.5898,0.032717,0.001802,0.7769
02-11-25,183.570007,184.699997,183.570007,183.153168,681900,181.459386,180.851446,173.525977,0.179262,0.024212,0.166466,TRUE,TRUE,7.325469,-0.003449,5.131948,11.9449,57.1694,-0.949533,0.8783,0.1156,0.54,10.27,18.94,52.013641,4.39853,1.26,210.90,0.7236,0.001844,0.00112,0.7339,-0.1129,-5.34,0.538896,-57814100,-64.131292,-4782170488.628812,-1.6071,54.6052,-4.12,-6.67,0,0.03,0.6630,0.033468,0.001844,0.8031
02-12-25,182.509995,184.009995,182.369995,182.587082,963800,181.81741,180.854406,173.665174,0.201091,0.022123,0.1662,TRUE,TRUE,7.189232,0.001379,-5.70579,11.5153,54.7917,2.380219,0.8440,0.0650,-0.01,9.74,17.84,41.940958,4.081751,1.24,156.98,0.7240,0.001859,0.001137,0.7474,-0.1365,-5.34,0.763131,-58777900,-4.762846,-4782879132.131264,-1.6049,48.7022,-4.44,-6.37,0,0.03,0.6395,0.033719,0.001859,0.4903
02-13-25,184.309998,185.830002,184.050003,184.523697,1739600,182.13273,180.875502,173.80435,0.219058,0.020215,0.165925,TRUE,TRUE,7.071152,0.007542,11.517611,11.2352,60.7985,4.150035,0.9620,0.1464,1.14,9.28,19.10,76.400236,3.538599,1.29,143.63,0.7323,0.002209,0.001572,1.1814,0.4588,-5.34,1.345372,-57038300,52.837814,-4783692846.308231,-1.5189,51.3116,-3.70,-6.49,0,0.06,1.2537,0.039643,0.002209,1.6646
02-14-25,185.690002,185.889999,185.070007,183.838425,751700,182.412793,180.869229,173.940494,0.231946,0.018499,0.165641,TRUE,TRUE,6.928735,0.007355,18.417146,11.0049,57.8685,0.699065,0.9888,0.1386,0.87,8.61,20.15,63.753121,3.142587,1.26,115.54,0.7007,0.002352,0.001955,1.0895,0.9577,-5.34,0.584019,-57790000,-13.587769,-4786702569.795829,-1.5489,55.0119,-2.36,-5.49,0,0.08,1.8103,0.044211,0.002352,1.2339
02-18-25,185.529999,185.589996,184.679993,184.305206,1277000,182.655614,180.871499,174.088873,0.239993,0.01698,0.165349,TRUE,TRUE,6.782626,0.008302,14.155848,10.5548,59.3070,4.515319,1.0357,0.1484,1.37,6.97,19.24,72.00014,2.706296,1.21,99.95,0.7008,0.002364,0.001974,1.0477,0.9651,-5.34,1.014345,-56513000,-30.61668,-4789031438.537235,-1.4470,49.3426,-2.11,-6.38,0,0.08,1.8179,0.044435,0.002364,1.6505
02-19-25,185.25,186.210007,185.009995,184.930878,890500,182.857716,180.869846,174.244173,0.24698,0.015701,0.165047,TRUE,TRUE,6.625673,0.010642,23.042179,10.4759,61.2185,0.420024,1.1106,0.1787,2.31,7.28,18.96,78.609922,2.234551,1.23,103.16,0.7014,0.002375,0.00199,1.1610,1.0044,-5.34,0.712223,-55622500,-16.235538,-4790039359.891693,-1.4297,61.3355,-0.77,-5.75,0,0.08,1.8583,0.044605,0.002375,2.0097
02-20-25,185.910004,186.139999,184.899994,184.424377,913600,182.956036,180.873707,174.391128,0.252839,0.014667,0.164735,TRUE,TRUE,6.482579,0.012622,6.95362,10.3290,58.8101,0.941698,1.1162,0.1474,3.73,6.20,19.54,70.140034,1.077728,1.15,108.38,0.7021,0.0023,0.001859,1.1470,0.7977,-5.34,0.730363,-56536100,1.274803,-4791653800.647246,-1.4105,54.6508,0.45,-6.07,0,0.07,1.6419,0.043117,0.0023,1.3548
02-21-25,185.610001,185.610001,182.559998,181.345688,1060800,182.856227,180.808073,174.513724,0.25439,0.013707,0.164411,TRUE,TRUE,6.294349,0.011258,-5.555524,10.3653,46.7669,-12.5401,0.8623,-0.0852,1.76,4.45,18.43,18.657025,-1.088778,1.19,113.70,0.7317,0.002044,0.001344,1.1903,-0.0760,-5.34,0.85309,-57596900,-12.250807,-4793559281.586786,-1.4581,58.6231,-0.00,-6.79,0,0.03,0.7018,0.036658,0.002044,-1.3285
02-24-25,183.25,183.630005,181.889999,180.769653,899000,182.752941,180.748543,174.62285,0.250654,0.012833,0.164074,TRUE,TRUE,6.125693,0.010015,-3.293435,10.7298,44.9137,-16.30482,0.6076,-0.2719,1.20,3.38,17.86,-25.933893,-1.129825,1.16,122.91,0.7314,0.001917,0.001182,1.2202,-0.3240,-5.34,0.71939,-58495900,15.970072,-4795615968.870292,-1.4435,59.9451,-0.48,-7.52,0,0.02,0.4434,0.034375,0.001917,-1.6136
02-25-25,181.649994,182.5,180.509995,180.580963,1313400,182.717188,180.693558,174.728472,0.240724,0.012024,0.163725,FALSE,TRUE,5.965086,0.010152,-11.741531,11.6918,44.2945,-14.515693,0.3861,-0.3948,0.82,4.07,14.78,1.245061,-0.394414,1.15,128.30,0.7280,0.001807,0.00106,1.3084,-0.5623,-5.34,1.024929,-59809300,93.802568,-4796835690.540012,-1.4493,52.9768,-1.17,-7.44,0,0.01,0.1986,0.032555,0.001807,-1.6651
02-26-25,181.940002,183.059998,180.869995,180.292938,897900,182.609432,180.613603,174.832653,0.224479,0.011342,0.163363,FALSE,TRUE,5.78095,0.011234,-21.182267,12.2020,43.3129,-3.454067,0.1851,-0.4766,0.00,2.96,14.46,-3.807997,-1.181224,1.17,139.26,0.7259,0.001695,0.000937,1.4392,-0.7808,-5.34,0.700901,-60707200,-0.861212,-4798206776.658013,-1.4839,49.8932,-0.98,-7.97,0,-0.00,-0.0272,0.030615,0.001695,-1.6635
02-27-25,182.440002,182.5,178.850006,177.710815,8412200,182.400378,180.509333,174.921313,0.201662,0.010671,0.162985,FALSE,TRUE,5.588021,0.007716,-37.276417,13.5086,35.6792,-9.234476,-0.1804,-0.6737,-1.79,1.64,12.92,-15.478133,-2.29866,1.25,176.89,0.7483,0.001584,0.000769,1.7577,-1.2063,-5.34,5.472222,-69119400,155.814378,-4811869999.020329,-1.4859,27.9672,-1.78,-8.21,0,-0.02,-0.4883,0.027722,0.001584,-2.6511
02-28-25,178.839996,181.699997,178.110001,180.322754,2606400,182.237009,180.47275,175.020323,0.176296,0.010157,0.162594,FALSE,TRUE,5.452427,0.010488,-8.524157,14.9881,46.0393,1.744848,-0.2564,-0.5997,-0.89,2.76,14.59,27.317921,-1.779722,1.31,180.38,0.7695,0.001884,0.001028,1.8190,-0.8618,-5.34,1.63298,-66513000,82.329486,-4811263403.993254,-1.3604,37.0763,-2.19,-8.87,0,-0.01,-0.1466,0.032057,0.001884,-1.0612
03-03-25,181.830002,182.490005,178.050003,177.869705,2434900,182.025471,180.388095,175.107561,0.147624,0.009658,0.162188,FALSE,TRUE,5.280534,0.010571,-30.56381,15.8051,39.5898,-3.723029,-0.5086,-0.6816,-2.66,2.14,13.28,-2.209532,-2.32331,1.40,205.17,0.7866,0.001788,0.000883,2.0666,-1.4258,-5.34,1.513996,-68947900,11.096409,-4813896054.892972,-1.3051,30.6721,-2.41,-8.31,0,-0.04,-0.7402,0.029717,0.001788,-2.0255
03-04-25,177.850006,179.710007,176.210007,176.042358,2011700,181.767257,180.280241,175.182115,0.115355,0.009183,0.161765,FALSE,TRUE,5.098126,0.008075,-38.660784,17.2320,35.5901,-0.089039,-0.8463,-0.8154,-3.51,1.08,11.74,-1.676483,-2.849938,1.48,244.71,0.7965,0.00179,0.000862,2.4197,-1.7565,-5.34,1.221911,-70959600,60.961754,-4816100473.816486,-1.3283,26.5311,-1.04,-6.81,0,-0.05,-1.0845,0.02936,0.00179,-2.3395
03-05-25,177.270004,179.699997,176.229996,177.919357,1704600,181.560188,180.304673,175.253001,0.080319,0.008745,0.161326,FALSE,TRUE,5.051671,0.010501,-23.689542,18.5570,42.0647,-3.974569,-0.9514,-0.7364,-3.02,1.38,11.47,17.093506,-2.27472,1.55,259.19,0.8073,0.002026,0.001075,2.6014,-1.5299,-5.34,1.007905,-69255000,111.200595,-4816145313.169197,-1.2718,32.0708,-1.05,-7.17,0,-0.04,-0.8556,0.032787,0.002026,-1.4047
03-06-25,177.160004,178.570007,175.449997,175.009506,2249500,181.167902,180.275078,175.312491,0.04056,0.008145,0.16087,FALSE,FALSE,4.962587,0.007226,-46.013463,20.0573,36.0198,-3.570037,-1.2551,-0.8321,-4.96,1.92,9.73,-4.093776,-4.290672,1.57,295.40,0.8313,0.001993,0.000979,2.9698,-1.8716,-5.41,1.315047,-71504500,20.785009,-4819029993.031575,-1.3214,25.0788,-2.05,-6.44,0,-0.06,-1.2233,0.031287,0.001993,-2.0848
03-07-25,175.589996,177.350006,173.839996,175.615311,2098300,180.793989,180.223435,175.375157,-0.001507,0.007429,0.160398,FALSE,TRUE,4.848278,0.006128,-39.922867,21.9497,38.0169,2.426718,-1.4304,-0.8059,-4.66,2.40,11.32,14.351761,-4.084398,1.65,316.33,0.8323,0.002044,0.001028,3.2568,-1.8278,-5.41,1.198868,-69406200,60.752317,-4819005710.868224,-1.2350,21.2785,-2.44,-6.76,0,-0.06,-1.1782,0.032055,0.002044,-1.6371
03-10-25,174.550003,175.449997,171.509995,171.692444,1185400,180.295934,180.066322,175.41545,-0.048078,0.006362,0.159908,FALSE,FALSE,4.650872,-0.002394,-52.436094,24.2900,31.2209,-10.843823,-1.8643,-0.9919,-7.20,0.70,8.05,1.241151,-5.483573,1.79,375.05,0.8762,0.00202,0.000903,3.7761,-2.2665,-7.20,0.673731,-70591600,18.421578,-4820081326.444572,-1.2014,21.4074,-3.66,-7.20,0,-0.09,-1.6567,0.030042,0.00202,-2.2940
03-11-25,172.210007,172.830002,169.729996,169.577072,2518200,179.62557,179.840087,175.444428,-0.097452,0.004776,0.159399,FALSE,FALSE,4.395659,-0.014419,-60.10896,26.8243,28.2847,-7.735121,-2.3518,-1.1835,-7.95,0.66,5.48,-0.931892,-7.327005,1.86,438.86,0.8880,0.001935,0.000805,4.1520,-2.5359,-8.34,1.375675,-73109800,129.574255,-4822847972.51618,-1.1435,17.3050,-3.43,-7.15,0,-0.11,-1.9406,0.028381,0.001935,-2.2897
03-12-25,172.559998,172.619995,169.800003,169.934601,2190500,178.964642,179.618818,175.477705,-0.147999,0.002819,0.15887,FALSE,FALSE,4.141112,-0.023465,-57.05913,29.1775,29.4916,-8.525226,-2.6785,-1.2081,-7.96,-0.24,6.98,1.288445,-7.21722,1.93,480.50,0.8851,0.001861,0.00075,3.3057,-2.6380,-8.34,1.149296,-70919300,221.234785,-4824829368.074345,-1.1191,23.3404,-3.96,-7.39,0,-0.11,-2.0444,0.027377,0.001861,-1.8793
03-13-25,170.789993,170.789993,167.75,167.004868,2020000,178.185531,179.373316,175.498304,-0.200271,0.000326,0.15832,FALSE,FALSE,3.875011,-0.038833,-56.805764,31.7355,25.6779,-5.542978,-3.1376,-1.3338,-9.11,-2.21,5.43,-4.692268,-8.534127,1.96,541.17,0.9054,0.001785,0.000658,3.6902,-2.8659,-9.73,1.031265,-72939300,109.587051,-4827839612.064928,-1.1477,22.7481,-4.40,-8.62,0,-0.13,-2.2911,0.025655,0.001785,-2.0660
03-14-25,169.570007,171.710007,169.339996,170.202744,1198400,177.469483,179.230305,175.529081,-0.252333,-0.002518,0.157752,FALSE,FALSE,3.701224,-0.049382,-37.918803,33.4154,35.4848,7.200092,-3.2064,-1.1221,-7.16,-1.36,5.90,16.020535,-7.761038,2.03,547.60,0.9429,0.002513,0.001204,3.9285,-2.0962,-9.73,0.620386,-71740900,-31.1106,-4828165512.732577,-1.1511,26.1118,-4.36,-8.53,0,-0.09,-1.5146,0.0347,0.002513,-1.3270
03-17-25,171.389999,173.789993,171.389999,171.910934,970600,176.873109,179.131389,175.566378,-0.301479,-0.005665,0.157168,FALSE,FALSE,3.565011,-0.056552,-29.503237,33.5821,40.0363,10.544662,-3.0875,-0.8025,-6.72,-1.09,7.12,27.177891,-6.488029,2.07,539.48,0.9537,0.002785,0.001447,4.0202,-1.7864,-9.73,0.499628,-70770300,29.12066,-4828714762.021134,-1.0813,29.3554,-4.12,-8.03,0,-0.07,-1.2004,0.038034,0.002785,-0.9198
03-18-25,171.910004,172.169998,170.240005,170.170013,2089700,176.166349,179.00699,175.601522,-0.348558,-0.009174,0.156566,FALSE,FALSE,3.405468,-0.067139,-32.824437,34.0564,37.1590,11.481048,-3.0981,-0.6505,-6.97,-2.51,6.21,16.406871,-7.669448,2.07,529.48,0.9605,0.002705,0.001345,4.2926,-1.9518,-9.73,1.053659,-72860000,63.641347,-4830956029.870032,-1.0570,25.6418,-5.02,-8.73,0,-0.08,-1.3743,0.036677,0.002705,-1.1325
03-19-25,171.130005,173.619995,171.100006,171.782532,2371700,175.508932,178.881274,175.649212,-0.392079,-0.012931,0.155947,FALSE,FALSE,3.232062,-0.082487,-19.846952,33.6319,41.3626,5.8778,-2.9424,-0.3958,-5.69,-1.78,8.23,27.357736,-7.109871,2.04,495.47,0.9116,0.002875,0.001694,4.4585,-1.0237,-9.73,1.152799,-70488300,166.33352,-4832043005.183384,-1.0208,39.9893,-5.65,-8.92,0,-0.02,-0.3979,0.041161,0.002875,-0.7521
03-20-25,171.470001,173.630005,171.119995,171.135529,1347500,174.844489,178.728714,175.688494,-0.432489,-0.016883,0.155312,FALSE,FALSE,3.04022,-0.098976,-32.923152,33.2320,40.2006,0.164291,-2.8385,-0.2336,-6.02,-2.13,7.22,22.968299,-7.205582,1.99,457.24,0.9126,0.002829,0.001637,3.5162,-1.0976,-9.73,0.648137,-71835800,47.493433,-4833373826.905493,-1.0034,31.8176,-6.35,-9.47,0,-0.03,-0.4755,0.040458,0.002829,-0.8112
03-21-25,170.419998,171.720001,169.949997,170.807068,1350900,174.317558,178.596598,175.725395,-0.469804,-0.021026,0.154661,FALSE,FALSE,2.871203,-0.11281,-27.395299,33.2446,39.5925,2.433524,-2.7510,-0.1168,-5.86,-1.90,6.39,25.560754,-5.811343,1.88,438.73,0.9029,0.002569,0.001378,3.6749,-1.4491,-9.73,0.645271,-73186700,27.347285,-4833416462.142865,-0.9519,33.3178,-5.94,-9.33,0,-0.05,-0.8329,0.037123,0.002569,-0.8001
03-24-25,173.320007,174.910004,173.220001,173.763336,854000,173.967242,178.516655,175.775107,-0.500915,-0.02521,0.153998,FALSE,FALSE,2.741548,-0.119098,-8.469244,31.5420,47.3166,5.954053,-2.4152,0.1751,-1.66,-1.65,7.18,50.320818,-3.875826,1.88,411.64,0.9264,0.002938,0.001713,3.7169,-1.1346,-9.73,0.40836,-72332700,-5.005562,-4833721340.975615,-0.9110,38.5489,-5.55,-9.42,0,-0.03,-0.5194,0.041387,0.002938,-0.0495
03-25-25,175.070007,175.300003,174.360001,174.032089,1084500,173.639799,178.494524,175.815769,-0.524057,-0.029436,0.153321,FALSE,FALSE,2.678755,-0.122352,-15.363999,29.7802,47.9680,7.767383,-2.1032,0.3897,-1.39,-1.18,6.78,58.059935,-3.626558,1.79,381.18,0.9209,0.002817,0.001592,2.6144,-1.3115,-9.73,0.521433,-71248200,-17.428049,-4835562477.070673,-0.9310,36.8197,-6.01,-9.00,0,-0.04,-0.6987,0.039902,0.002817,0.1029
03-26-25,174.690002,175.210007,172.899994,172.558929,1040000,173.253098,178.436972,175.849411,-0.540774,-0.0338,0.152631,FALSE,FALSE,2.587561,-0.127454,-10.268731,28.7117,44.7052,5.112686,-1.9523,0.4325,-3.16,-2.36,6.43,50.092983,-4.28969,1.77,347.91,0.9263,0.956646,0.748154,2.6538,-1.5628,-9.73,0.498335,-72288200,15.825816,-4836909581.021422,-0.9273,38.8949,-6.32,-9.22,0,-0.10,-3.4375,0.864959,0.956646,-0.1995
03-27-25,172.979996,174.199997,172.389999,172.270264,928900,172.981071,178.373845,175.882495,-0.550608,-0.03827,0.151926,FALSE,FALSE,2.49135,-0.135473,-14.205639,27.9088,44.0726,-3.244025,-1.8348,0.4400,-4.05,-2.56,6.67,58.704746,-3.061464,1.70,332.13,0.9193,0.956714,0.748124,1.9105,-1.3497,-9.73,0.542333,-73217100,-88.957704,-4837961378.986352,-0.7617,41.1230,-6.55,-9.38,0,-0.10,-3.5046,0.864941,0.956714,-0.2140
03-28-25,172.699997,172.880005,169.410004,168.826263,1179300,172.406246,178.186024,175.895011,-0.557069,-0.042847,0.151204,FALSE,FALSE,2.291014,-0.152014,-12.424677,28.1281,37.2923,-10.675681,-1.9966,0.2225,-6.67,-4.36,4.94,14.255139,-6.375507,1.71,295.89,0.9440,0.965708,0.760158,2.0396,-1.5736,-9.73,0.718459,-74396400,-54.753683,-4839537453.981295,-0.8613,41.1685,-7.20,-9.68,0,-0.10,-3.5532,0.871871,0.965708,-1.2099
03-31-25,167.820007,171.440002,167.179993,170.100342,3072200,172.017778,178.023288,175.910071,-0.557637,-0.047479,0.150467,FALSE,FALSE,2.113217,-0.166833,2.354191,28.9062,40.9138,-3.791439,-1.9990,0.1761,-6.02,-4.08,5.18,35.964845,-4.368008,1.74,270.28,0.9497,0.972382,0.770309,2.0141,-1.2759,-9.73,1.836018,-71324200,26.173559,-4838397505.623222,-0.7321,40.1592,,-9.74,0,-0.09,-3.2380,0.877673,0.972382,-0.7094
04-01-25,170.279999,171.729996,169.259995,170.498474,1278300,171.740584,177.844282,175.921495,-0.551192,-0.052113,0.149716,FALSE,FALSE,1.922786,-0.181416,2.532241,29.4693,42.0402,-2.032396,-1.9463,0.1830,-4.90,-3.64,5.30,40.867946,-3.149176,1.72,254.81,0.9500,0.982005,0.781651,1.9887,-1.1367,-9.73,0.781059,-70045900,-36.456728,-4838393904.644684,-0.6811,37.5333,-6.85,-9.86,0,-0.08,-2.9224,0.884111,0.982005,-0.4875
04-02-25,169.789993,173.059998,169.610001,171.464005,1616400,171.417816,177.655785,175.935476,-0.537551,-0.056763,0.148949,FALSE,FALSE,1.720309,-0.191244,21.962342,29.2742,44.7891,7.496851,-1.8058,0.2588,-3.32,-3.42,6.21,52.758699,-3.628246,1.72,209.24,0.9444,0.965383,0.777485,1.7164,-1.2514,-9.73,0.990311,-68429500,-5.174234,-4838273020.838918,-0.6778,46.1394,-7.17,-10.76,0,-0.09,-3.3607,0.881751,0.965383,0.0221
04-03-25,166.070007,167.339996,164.460007,163.849365,2361800,170.859809,177.283613,175.910052,-0.522823,-0.061932,0.148162,FALSE,FALSE,1.373561,-0.21201,-25.701034,30.3205,31.9280,-8.985767,-2.2826,-0.1744,-7.35,-7.11,2.13,-5.633226,-6.376877,1.90,252.71,1.0988,1.013202,0.837581,2.2462,-2.2388,-11.44,1.44203,-70791300,4.99222,-4841636361.284921,-0.6901,38.2606,-6.84,-10.32,0,-0.12,-4.1762,0.915194,1.013202,-2.7741
04-04-25,160.610001,161.529999,155.449997,154.771515,3771500,169.817619,176.712206,175.832525,-0.513386,-0.06809,0.147345,FALSE,FALSE,0.879681,-0.249117,-53.410501,32.5196,23.3279,-18.712266,-3.3543,-0.9969,-12.26,-12.40,-3.56,-3.418045,-11.869008,2.24,420.42,1.2996,1.062057,0.879231,3.6998,-2.8670,-16.35,2.190835,-74562800,79.740743,-4846249602.83173,-0.7913,30.2207,-6.70,-11.01,0,-0.12,-4.2496,0.937673,1.062057,-3.5788
04-07-25,150.770004,160.360001,148.339996,153.875656,4311300,168.92678,176.133011,175.747064,-0.508034,-0.075243,0.146501,FALSE,FALSE,0.385947,-0.285846,-52.150423,35.1356,22.6787,-22.110436,-4.2272,-1.4958,-13.59,-12.87,-2.74,20.532858,-10.377153,2.72,548.01,1.2993,1.048852,0.870194,4.7873,-3.0256,-16.83,2.29595,-78874100,263.700017,-4846589874.284348,-0.7058,28.1142,-6.03,-10.35,0,-0.10,-3.3485,0.932842,1.048852,-2.7465
04-08-25,159.660004,160.660004,150.240005,151.715698,3128700,168.033711,175.541405,175.654604,-0.508929,-0.083432,0.145626,FALSE,FALSE,-0.113199,-0.329233,-63.118417,37.4525,21.1504,-10.777627,-5.0353,-1.8431,-15.13,-14.50,-5.25,12.521146,-10.532894,3.09,669.03,1.2981,1.044022,0.869002,5.8774,-3.0137,-18.00,1.639513,-82002800,24.243507,-4848832393.724811,-0.6808,29.3014,-6.34,-9.71,0,-0.09,-3.2096,0.932203,1.044022,-2.4391
04-09-25,151.410004,166.800003,151.369995,164.884552,3466000,167.781209,175.190135,175.629814,-0.506435,-0.091972,0.144732,FALSE,FALSE,-0.439679,-0.349224,-14.106032,37.5673,45.3373,22.009416,-4.5604,-1.0946,-7.06,-6.23,3.03,61.367031,-2.97176,3.40,671.00,1.7343,1.216065,0.885967,6.0266,-0.9576,-18.00,1.757531,-78536800,58.228715,-4846226918.666441,-0.5425,38.9054,-3.25,-6.54,0,-0.05,-1.3545,0.941258,1.216065,-0.4317
04-10-25,162.910004,163.210007,156.169998,159.957428,4111300,167.428837,174.751446,175.583449,-0.504459,-0.101039,0.143816,FALSE,FALSE,-0.832003,-0.376724,-22.181564,37.6739,40.3501,17.671429,-4.5295,-0.8509,-10.02,-9.94,-0.06,43.091353,-4.219901,3.81,693.43,1.7741,1.201293,0.889279,6.3833,-1.3808,-18.00,1.979775,-82648100,103.529703,-4845914570.576605,-0.4352,35.7424,-2.79,-7.39,0,-0.04,-1.0829,0.943016,1.201293,-1.0775
04-11-25,160.300003,164.410004,159.399994,162.694702,2062700,167.053435,174.333537,175.54692,-0.502977,-0.110408,0.14288,FALSE,FALSE,-1.213384,-0.394146,-22.731059,37.4041,44.0335,22.883092,-4.2353,-0.4454,-7.11,-8.99,2.65,53.244444,-4.411234,3.79,697.93,1.7762,1.173656,0.885164,6.6163,-1.3613,-18.00,0.973034,-80585400,72.121162,-4845264303.924151,-0.4033,37.9438,-3.42,-8.12,0,-0.07,-1.8490,0.940832,1.173656,-0.6245
04-14-25,166.449997,166.580002,163.429993,164.088257,2014700,166.662301,173.973293,175.519186,-0.500835,-0.119825,0.141927,FALSE,FALSE,-1.545893,-0.408387,-19.960048,36.5086,45.8661,0.528803,-3.8453,-0.0443,-6.47,-8.07,2.62,58.60906,-4.550425,3.86,691.16,1.7807,1.171114,0.885468,6.1720,-1.2322,-18.00,0.927548,-78570700,107.572635,-4846436971.575613,-0.4080,39.5315,-4.54,-8.03,0,-0.07,-1.8880,0.940993,1.171114,-0.3724
04-15-25,165.009995,166.169998,164.130005,163.680145,1508200,166.337807,173.622763,175.489904,-0.499134,-0.129288,0.140956,FALSE,FALSE,-1.867141,-0.420458,-18.211534,35.6770,45.3973,5.047161,-3.5286,0.2179,-6.70,-8.89,3.74,59.319987,-3.813755,3.86,689.05,1.7777,1.165187,0.878144,6.1996,-1.3725,-18.00,0.703781,-80078900,-27.826961,-4848610348.546734,-0.4119,39.0558,-5.55,-9.03,0,-0.09,-2.1869,0.937093,1.165187,-0.3857
04-16-25,162.690002,163.660004,159.460007,160.265976,1734600,165.76198,173.186868,175.448389,-0.50126,-0.138939,0.139964,FALSE,FALSE,-2.261521,-0.434809,-23.138951,35.6780,41.5691,-2.464393,-3.5125,0.1872,-10.07,-11.65,2.85,48.244252,-6.704148,4.05,689.28,1.7908,1.165789,0.860451,6.1142,-1.7892,-18.00,0.821641,-81813500,-26.862588,-4849679217.472187,-0.4177,38.2496,-8.01,,0,-0.12,-2.7576,0.927605,1.165789,-0.7974
04-17-25,161.479996,162.820007,160.470001,160.684036,1457900,165.239405,172.743444,175.410593,-0.506685,-0.148729,0.138954,FALSE,FALSE,-2.667149,-0.444668,-16.666724,35.6790,42.2117,-3.654473,-3.4266,0.2185,-9.85,-10.31,3.02,49.935434,-6.107144,4.00,686.01,1.7865,1.164617,0.864609,6.3275,-1.8833,-18.00,0.688774,-80355600,8.19295,-4850871550.777817,-0.4133,42.0847,-7.93,-10.97,0,-0.13,-3.2452,0.929844,1.164617,-0.6640
04-21-25,159.830002,160.110001,156.130005,157.130554,1667400,164.555579,172.224183,175.349945,-0.515755,-0.158835,0.137921,FALSE,FALSE,-3.125762,-0.457645,-25.365008,36.2972,38.3508,-7.046447,-3.6037,0.0331,-12.44,-12.76,1.46,35.560507,-8.006995,4.10,695.68,1.8029,1.171418,0.858229,6.7070,-2.2618,-18.00,0.781905,-82023000,23.428825,-4851700600.164206,-0.4287,44.0461,-8.93,-12.23,0,-0.15,-3.6129,0.926407,1.171418,-1.0673
04-22-25,159.529999,162.320007,159.369995,161.022491,2565300,163.918537,171.811562,175.305056,-0.524778,-0.169054,0.136871,FALSE,FALSE,-3.493493,-0.463644,-17.346891,36.1636,44.3540,2.784918,-3.3909,0.1967,-10.98,-10.46,4.19,51.304589,-7.332297,4.12,664.57,1.8367,1.183175,0.860023,6.9000,-1.8236,-18.00,1.156556,-79457700,200.386417,-4851391912.832569,-0.3983,45.9493,-8.08,-10.77,0,-0.13,-3.0926,0.927374,1.183175,-0.4358
04-23-25,165.539993,166.699997,163.059998,162.913696,1241300,163.362617,171.410149,175.263699,-0.531801,-0.1793,0.135804,FALSE,FALSE,-3.85355,-0.467939,-15.391518,34.8125,47.0521,4.8404,-3.0346,0.4424,-10.71,-9.81,6.99,76.703684,-6.388703,4.17,620.56,1.8431,1.185727,0.860488,3.7910,-1.5278,-18.00,0.557665,-78216400,14.458276,-4852732995.13824,-0.3857,45.2500,-8.37,-10.26,0,-0.12,-2.6623,0.927625,1.185727,-0.0723
04-24-25,164.089996,166.929993,163.619995,166.049164,877300,163.037129,171.068069,175.238908,-0.534126,-0.189425,0.134724,FALSE,FALSE,-4.170839,-0.46412,4.307173,33.4977,51.2706,12.91976,-2.4708,0.8049,-9.43,-7.84,8.13,95.261813,-3.772488,3.96,585.89,1.8600,1.192433,0.859735,4.3094,-1.3306,-18.00,0.39558,-77339100,-15.644231,-4852322614.610497,-0.3475,49.9837,-7.49,-9.78,0,-0.10,-2.3396,0.927219,1.192433,0.5141
04-25-25,166.580002,167.910004,165.770004,166.954941,1556700,162.771363,170.755426,175.21835,-0.52918,-0.199339,0.133633,FALSE,FALSE,-4.462924,-0.458847,28.399043,32.0119,52.4492,8.095254,-1.9287,1.0777,-8.69,-7.04,7.48,95.119762,-3.085456,3.68,552.93,1.8620,1.193653,0.8592,4.3150,-1.2083,-18.00,0.69213,-75782400,67.585316,-4852155397.589812,-0.3155,58.3830,-6.60,-9.12,0,-0.08,-1.9051,0.92693,1.193653,0.7566
04-28-25,167.869995,168.389999,166.160004,167.104248,777600,162.685262,170.407037,175.191776,-0.519188,-0.209051,0.132533,FALSE,FALSE,-4.784739,-0.449622,31.381372,30.4991,52.6525,5.600455,-1.4701,1.2290,-7.83,-6.16,7.66,92.915968,-1.019993,3.25,544.28,1.8570,1.197549,0.859062,3.8392,-1.3318,-18.00,0.348847,-75004800,-34.062579,-4852274481.14108,-0.2857,68.1203,-6.33,-9.14,0,-0.08,-1.8480,0.926856,1.197549,0.8119
04-29-25,167.460007,169.240005,167.320007,168.109573,968800,162.585724,170.09246,175.178176,-0.502133,-0.218513,0.131425,FALSE,FALSE,-5.085715,-0.440356,39.985404,28.8523,54.0762,2.805604,-1.0138,1.3483,-7.86,-5.53,8.63,93.674138,-1.170349,2.88,531.68,1.8573,1.201884,0.859926,3.4208,-1.1303,-18.00,0.456144,-74036000,-68.465595,-4852446476.652449,-0.3307,65.7079,-6.20,-9.00,0,-0.09,-1.9448,0.927322,1.201884,1.0389
04-30-25,166.690002,169.75,165.279999,168.587357,2175700,162.490168,169.778103,175.160696,-0.476636,-0.227674,0.13031,FALSE,FALSE,-5.382592,-0.431046,13.08015,27.8073,54.7722,2.323019,-0.6066,1.4043,-7.31,-5.28,7.59,91.463702,-1.1209,2.41,518.26,1.8574,1.211561,0.863544,3.6061,-1.0199,-18.00,1.0032,-71860300,70.202613,-4851402572.010637,-0.2999,55.0018,-5.19,-8.90,0,-0.09,-2.1292,0.929271,1.211561,1.1765
05-01-25,170.610001,171.089996,169.330002,168.627182,1304800,162.348327,169.452029,175.140157,-0.444352,-0.236541,0.129188,FALSE,FALSE,-5.688128,-0.41952,37.016568,26.4351,54.8337,2.181176,-0.2775,1.3867,-8.15,-5.44,7.67,83.537328,-1.654471,2.15,495.80,1.8559,1.212305,0.86585,3.3545,-1.0845,-18.00,0.605987,-70555500,-19.277407,-4853749465.384314,-0.3594,67.8279,-4.81,-8.50,0,-0.10,-2.3844,0.93051,1.212305,1.2664
05-02-25,171.399994,172.770004,171.399994,171.483917,1541700,162.730054,169.19322,175.128473,-0.401787,-0.244911,0.128063,TRUE,FALSE,-5.935253,-0.401219,37.336187,24.6773,59.1239,5.047726,0.2114,1.5005,-5.83,-4.08,10.90,92.271111,4.659494,2.07,535.75,1.8693,1.224815,0.86879,4.5282,-0.8988,-18.00,0.729911,-69013800,-34.723516,-4855102284.168075,-0.3188,67.1934,-4.36,-8.23,0,-0.08,-1.8209,0.932089,1.224815,1.6340
05-05-25,171.160004,172.619995,171.080002,170.906601,1108400,163.536809,168.984438,175.128019,-0.351927,-0.252812,0.126934,TRUE,FALSE,-6.14358,-0.382828,30.004371,23.1337,57.9264,3.154198,0.5459,1.4680,-5.68,-3.91,11.07,88.801662,10.425101,1.98,531.06,1.8693,1.224938,0.869324,4.3799,-0.9648,-18.00,0.560075,-70122200,-70.611163,-4856460292.443526,-0.2580,60.1982,-5.18,-7.95,0,-0.08,-1.9311,0.932375,1.224938,1.3877
05-06-25,170.220001,171.399994,169.789993,169.244308,2539100,164.305241,168.753932,175.124929,-0.29571,-0.260265,0.125799,TRUE,FALSE,-6.370997,-0.368926,23.204623,22.0601,54.5034,-0.330285,0.6692,1.2731,-7.04,-3.12,9.17,78.811923,9.987709,1.98,493.79,1.8706,1.22518,0.867639,4.2221,-0.9905,-18.00,1.343148,-72661300,-41.105931,-4860720569.818826,-0.3737,57.0977,-6.48,-8.42,0,-0.09,-2.0859,0.931471,1.22518,1.0002
05-07-25,170.529999,171.559998,169.229996,170.179977,1491000,165.228455,168.545912,175.132885,-0.233456,-0.26719,0.12466,TRUE,FALSE,-6.586973,-0.350545,46.111242,21.2189,56.0768,-3.047165,0.8328,1.1494,-6.93,-2.95,8.51,84.434934,12.170316,1.89,411.83,1.8694,1.225406,0.867454,3.8485,-1.0166,-18.00,0.824429,-71170300,-52.344424,-4860995757.29877,-0.3363,64.6821,-6.00,-8.71,0,-0.09,-2.0881,0.931372,1.225406,1.2023
05-08-25,172.009995,173.199997,170.880005,170.677658,1041200,165.518111,168.353606,175.131928,-0.166833,-0.273596,0.123518,TRUE,FALSE,-6.778321,-0.33035,46.310069,19.8895,56.9299,-0.9965,0.9912,1.0462,-6.78,-2.55,7.38,85.22355,3.513432,1.91,429.29,1.8699,1.224743,0.867422,3.4632,-0.9880,-18.00,0.617086,-70129100,-69.959608,-4862218581.618206,-0.4739,64.1090,-6.39,-8.76,0,-0.09,-2.1722,0.931355,1.224743,1.2019
05-09-25,171.990005,172.229996,170.639999,170.130203,810700,166.026749,168.201994,175.131194,-0.095104,-0.279438,0.122373,TRUE,FALSE,-6.9292,-0.311318,69.989263,18.7306,55.6494,1.146013,1.0604,0.8923,-6.34,-3.85,6.69,77.803375,6.359677,1.79,420.10,1.8700,1.224744,0.866589,2.6522,-0.9896,-18.00,0.532565,-70939800,-80.281176,-4863549146.630394,-0.5792,66.4841,-6.57,-9.69,0,-0.11,-2.4750,0.930908,1.224744,0.9768
05-12-25,176.009995,176.410004,174.520004,175.525146,1268200,166.668272,168.106042,175.177278,-0.01803,-0.284413,0.121228,TRUE,TRUE,-7.071236,-0.279468,72.235953,18.3830,64.1961,8.11936,1.5328,1.0918,-4.08,-2.74,10.08,93.371859,7.886209,1.78,462.38,1.9116,1.239002,0.851612,4.0348,-0.6760,-18.00,0.85543,-69671600,-38.517477,-4863468434.709966,-0.6140,64.4726,-4.36,-8.37,0,-0.08,-1.6573,0.922828,1.239002,1.9155
05-13-25,176.259995,177.449997,176.070007,175.833725,1770500,167.255545,168.065322,175.231173,0.061838,-0.288503,0.120084,TRUE,TRUE,-7.165851,-0.247774,69.860062,18.3270,64.6162,7.686204,1.9101,1.1753,-4.00,-3.48,9.91,88.313292,7.158019,1.62,500.87,1.9114,1.244348,0.85423,3.7003,-0.6003,-18.00,1.20416,-67901100,-12.120911,-4865845226.077628,-0.6600,65.6491,-4.43,-8.60,0,-0.09,-1.9708,0.924246,1.244348,1.7127
05-14-25,177,177.199997,176.309998,175.903412,1142900,167.866708,168.062543,175.274755,0.144421,-0.29168,0.118939,TRUE,TRUE,-7.212212,-0.214729,63.870938,18.2750,64.7168,9.067389,2.1895,1.1637,-3.66,-3.67,9.58,87.291822,7.467776,1.51,528.75,1.9110,1.246109,0.854815,3.4214,-0.6301,-18.00,0.787091,-66758200,-24.220926,-4868032366.768903,-0.6688,66.2308,-4.87,-9.36,0,-0.09,-1.9137,0.924562,1.246109,1.5200
05-15-25,176.009995,178.119995,176.009995,177.107803,942900,168.7088,168.046312,175.324458,0.227642,-0.293663,0.117794,TRUE,TRUE,-7.278146,-0.178182,64.556935,18.4773,66.4911,2.295002,2.4795,1.1630,-4.02,-2.92,10.40,92.116884,10.508673,1.51,535.40,1.9127,1.24476,0.856674,3.6997,-0.5818,-18.00,0.667554,-65815300,-45.641646,-4867994106.907461,-0.6483,65.2640,-5.51,-9.33,0,-0.11,-2.3088,0.925567,1.24476,1.5687
05-16-25,178.020004,179.210007,177.75,178.31221,749100,169.590208,168.112366,175.383589,0.310773,-0.294385,0.11665,TRUE,TRUE,-7.271222,-0.140085,66.785261,18.9555,68.2126,3.596491,2.7746,1.1664,-3.01,-2.17,10.66,93.554945,10.970706,1.49,541.40,1.9148,1.246877,0.85651,3.9334,-0.4493,-18.00,0.543997,-65066200,-48.617875,-4868166289.597177,-0.6280,65.3028,-5.62,-8.09,0,-0.10,-2.2604,0.925478,1.246877,1.6110
05-19-25,177.339996,179.850006,177.339996,178.839767,1043800,170.675669,168.176855,175.429908,0.39207,-0.293914,0.115507,TRUE,TRUE,-7.253052,-0.106002,65.811964,19.5681,68.9648,4.247944,3.0162,1.1265,-2.97,-1.64,9.22,93.066313,13.816036,1.50,494.00,1.9032,0.011662,0.006342,3.8622,-0.1789,-18.00,0.775569,-64022400,-37.399544,-4867962715.093237,-0.6042,65.5526,97.03,98.36,,0.01,0.1088,0.079635,0.011662,1.6526
05-20-25,179.139999,179.309998,178.110001,178.133057,2310200,171.531197,168.305668,175.48217,0.466328,-0.292368,0.114365,TRUE,TRUE,-7.176502,-0.073914,57.736384,20.1371,66.6884,0.197279,3.1148,0.9800,-3.68,-1.45,9.21,83.832883,10.626196,1.38,465.36,1.9035,0.011716,0.006402,3.5469,-0.1896,-18.00,1.73296,-66332600,-9.944256,-4870184141.465578,-0.7048,64.6201,-6.05,-6.97,0,0.02,0.1552,0.08001,0.011716,1.4187
05-21-25,177.669998,178.899994,175.770004,175.306168,2373400,172.150821,168.42025,175.531848,0.529212,-0.289976,0.113223,TRUE,FALSE,-7.111598,-0.046633,34.56976,19.5904,58.3866,-9.826088,2.9310,0.6370,-4.94,-1.40,7.50,57.214369,7.606771,1.42,425.36,1.9144,0.011639,0.006244,3.2450,-0.3934,-18.00,1.707851,-68706000,91.202771,-4873260975.07695,-0.7386,54.6802,-6.70,-6.49,0,-0.01,-0.0519,0.079017,0.011639,0.7418
05-22-25,175.880005,176.820007,175.369995,175.007568,1312600,172.598741,168.521709,175.60412,0.58014,-0.286791,0.112078,TRUE,FALSE,-7.082411,-0.020037,21.021441,18.9119,57.5713,-11.393464,2.7298,0.3486,-3.50,-1.80,6.95,54.402702,5.395031,1.32,404.38,1.9144,0.011642,0.006246,3.1063,-0.3949,-18.00,0.929956,-70018600,49.618147,-4875229736.949241,-0.8115,47.6038,-6.77,-6.89,0,-0.01,-0.0530,0.079031,0.011642,0.5957
05-23-25,173.229996,174.789993,173,173.205917,1292400,172.91129,168.64573,175.658745,0.616959,-0.28285,0.110933,TRUE,FALSE,-7.013016,-0.000478,12.78356,17.7796,52.7824,-13.906047,2.3973,0.0129,-4.18,-3.03,5.75,37.43802,3.74411,1.35,382.00,1.9101,0.011614,0.006246,2.9921,-0.3400,-18.00,0.924298,-71311000,-16.978223,-4876224786.566917,-0.8607,47.1389,-7.38,-7.96,0,0.000235,0.0019,0.07903,0.011614,0.0771
05-27-25,176.179993,177.580002,175.529999,176.75943,813200,173.394049,168.776864,175.737802,0.644066,-0.27792,0.10979,TRUE,TRUE,-6.960939,0.029585,37.806736,17.2593,59.8724,1.485833,2.3930,0.0069,-2.12,-1.31,8.26,70.898558,5.777939,1.44,365.40,1.9192,0.011846,0.006437,2.6444,-0.2582,-18.00,0.580845,-70497800,4.578189,-4876062599.323246,-0.8496,55.8066,-6.58,-7.85,0,0.01,0.0857,0.080232,0.011846,0.9210
05-28-25,177.529999,178.050003,176.160004,175.574921,1519200,173.767316,168.850143,175.790206,0.658831,-0.272056,0.10865,TRUE,FALSE,-6.940062,0.053746,26.805078,16.9252,56.8102,-0.761116,2.2678,-0.0946,-2.62,-2.62,7.79,53.582168,4.440763,1.43,346.20,1.9131,0.011754,0.00638,2.3572,-0.1636,-18.00,1.064201,-72017000,56.812552,-4878522390.214795,-0.9133,47.7212,-6.67,-7.69,0,0.02,0.1788,0.079875,0.011754,0.5221
05-29-25,178,178,175.869995,176.072601,2050100,174.141579,168.968195,175.840063,0.66062,-0.265231,0.107513,TRUE,TRUE,-6.871868,0.075753,26.805078,16.4923,57.7871,5.004713,2.1836,-0.1431,-0.92,-2.70,7.33,58.985863,4.43998,1.40,327.19,1.9087,0.011759,0.006417,2.0590,0.0178,-18.00,1.442442,-69966900,-5.772855,-4880182478.927615,-1.0125,50.5234,-5.45,-7.21,0,0.04,0.3605,0.080107,0.011759,0.5902
05-30-25,176.639999,177.559998,175.289993,176.241821,1167200,174.522311,169.057381,175.889385,0.648087,-0.257541,0.106379,TRUE,TRUE,-6.832004,0.101217,30.947508,15.8385,58.1338,-1.738556,2.1063,-0.1763,-2.26,-3.13,7.17,47.325816,4.515665,1.43,303.06,1.9038,0.011491,0.006156,1.6420,-0.1170,-18.00,0.825232,-68799700,-10.545677,-4880370849.364607,-0.9411,49.5503,-5.41,-7.62,0,0.03,0.2235,0.078461,0.011491,0.5674
06-02-25,176.649994,177.899994,175.639999,177.028168,1042700,174.799523,169.175234,175.930249,0.627234,-0.249003,0.105251,TRUE,TRUE,-6.755015,0.123131,9.927656,15.3616,59.7869,2.976707,2.0844,-0.1586,-0.47,-3.12,8.51,58.805316,3.233102,1.26,299.14,1.8924,0.011671,0.006432,1.5888,0.1733,-18.00,0.750446,-67757000,-32.366868,-4880132623.133604,-0.9007,48.9930,-6.07,-8.46,0,0.06,0.5186,0.080199,0.011671,0.7450
06-03-25,177.820007,179.070007,177.339996,178.133057,1254900,175.160846,169.321754,175.974565,0.606132,-0.239527,0.10413,TRUE,TRUE,-6.652811,0.147772,14.428491,15.3599,62.0540,4.266949,2.1316,-0.0891,1.19,-2.36,9.79,74.935067,4.228307,1.26,293.22,1.8935,0.011691,0.006444,1.5276,0.2121,-18.00,0.898433,-66502100,13.21725,-4880236997.059763,-0.8511,47.6462,-6.31,-7.21,0,0.07,0.5593,0.080272,0.011691,1.0136
06-04-25,179.229996,180.130005,179.229996,178.799957,855300,175.638628,169.422486,176.007111,0.586509,-0.229118,0.103019,TRUE,TRUE,-6.584625,0.166717,17.519501,15.7344,63.3955,5.261644,2.1975,-0.0185,0.49,-2.54,9.51,81.345769,5.646068,1.28,268.56,1.8702,0.011774,0.006702,1.4632,0.5837,-18.00,0.65162,-65646800,-66.314836,-4881909648.496617,-0.8072,46.8841,-5.35,-6.30,0,0.11,0.9394,0.081867,0.011774,1.1772
06-05-25,179.929993,180.509995,178.630005,178.332138,1310800,176.046236,169.508487,176.036825,0.570243,-0.217688,0.101916,TRUE,TRUE,-6.528338,0.180914,7.750577,15.7675,61.7465,1.959587,2.1868,-0.0234,1.90,-3.16,9.12,71.000559,4.790317,1.27,241.89,1.8628,0.011808,0.006796,1.4421,0.7238,-18.00,1.00555,-66957600,-12.085848,-4883635816.56499,-0.8684,41.0083,-5.11,-7.05,0,0.13,1.0818,0.08244,0.011808,0.9450
06-06-25,180.389999,180.869995,179.710007,179.566391,652300,176.490673,169.648636,176.066392,0.548632,-0.205206,0.100822,TRUE,TRUE,-6.417756,0.197255,7.924544,15.9363,64.3790,2.325011,2.2520,0.0334,2.25,-2.51,9.61,83.43577,5.207907,1.27,218.59,1.8643,0.0119,0.006891,1.7589,0.7915,-18.00,0.507974,-66305300,-37.351133,-4884449636.345051,-0.8656,40.7242,-4.36,-6.76,0,0.14,1.1518,0.083011,0.0119,1.4070
06-09-25,180.639999,180.820007,179.740005,178.909454,910000,176.929636,169.78142,176.092872,0.524824,-0.191723,0.099735,TRUE,TRUE,-6.311452,0.207017,0.436746,16.0930,61.9359,-1.459609,2.2249,0.0051,4.20,-3.30,7.84,75.088412,5.160313,1.23,165.96,1.8498,0.01194,0.007048,1.7582,0.9920,-17.96,0.705927,-67215300,12.248674,-4886759266.461329,-0.9003,35.4256,-3.52,-7.21,0,0.16,1.3570,0.083951,0.01194,1.1930
06-10-25,179.880005,181.240005,179.880005,180.312927,1182000,177.169025,170.011153,176.120101,0.498169,-0.177333,0.098655,TRUE,TRUE,-6.108947,0.223839,13.090209,16.4155,64.9925,3.24598,2.2904,0.0564,6.33,-2.13,8.73,88.749058,2.727689,1.26,178.68,1.8371,0.011501,0.006626,2.0837,0.8361,-17.96,0.920005,-66033300,-6.797035,-4887188745.867582,-0.9231,44.4511,-2.63,-6.16,0,0.14,1.1977,0.081398,0.011501,1.7596
06-11-25,181.419998,181.729996,179.949997,179.735611,1270800,177.364119,170.203859,176.151205,0.467783,-0.162104,0.097581,TRUE,TRUE,-5.947346,0.242048,30.753389,16.9226,62.7599,-1.619118,2.2695,0.0284,5.77,-2.65,8.50,77.154803,2.219077,1.21,184.53,1.8341,0.011203,0.006305,1.9490,0.6465,-17.96,1.00874,-67304100,-28.223666,-4888765660.360013,-0.9097,47.3082,-2.93,-7.00,0,0.12,1.0028,0.079401,0.011203,1.2851
06-12-25,180.210007,181.190002,180.119995,180.352737,932300,177.586585,170.400944,176.177448,0.435025,-0.146098,0.096514,TRUE,TRUE,-5.776504,0.257883,36.30826,17.3935,64.1765,2.240655,2.2765,0.0283,7.99,-1.85,8.44,84.223838,2.529414,1.21,192.64,1.8287,0.01138,0.006547,1.8003,0.8446,-17.96,0.746282,-66371800,-18.426809,-4889292382.472271,-0.8509,54.1468,-2.02,-6.67,0,0.14,1.2061,0.080911,0.01138,1.4359
06-13-25,179.320007,179.979996,177.830002,177.456192,1251900,177.604005,170.520788,176.190492,0.401195,-0.129557,0.095451,TRUE,TRUE,-5.669704,0.271137,26.872361,16.3695,53.8268,-11.165605,2.0249,-0.1786,4.26,-3.20,6.21,33.636613,0.19671,1.25,192.34,1.8386,0.010925,0.005962,1.5178,0.4725,-17.96,0.989871,-67623700,32.771238,-4890979606.970149,-0.9087,54.1670,-3.57,-8.02,0,0.10,0.8241,0.077216,0.010925,-0.0768
06-16-25,179,180.240005,178.919998,179.070221,923000,177.641905,170.825205,176.208447,0.368447,-0.112526,0.094392,TRUE,TRUE,-5.383242,0.285625,16.651896,15.5561,57.9010,-4.858915,1.9336,-0.2160,4.16,-2.83,6.45,58.699165,0.425103,1.17,194.54,1.8408,0.01115,0.006198,1.4340,0.6568,-17.96,0.724828,-66700700,23.214524,-4891692523.856448,-0.9238,54.5125,-3.10,-7.31,0,0.12,1.0128,0.078725,0.01115,0.7342
06-17-25,178.800003,179.220001,177.610001,177.354431,901300,177.567638,171.276863,176.224536,0.33967,-0.095211,0.093339,TRUE,TRUE,-4.947673,0.296302,12.350571,14.8182,52.5888,-11.587768,1.7031,-0.3572,4.22,-3.04,5.15,32.056476,-0.83054,1.17,192.56,1.8455,0.011044,0.006049,1.3238,0.5453,-17.96,0.71177,-67602000,-13.652041,-4892879966.297664,-0.9839,56.6068,-3.18,-8.35,0,0.10,0.8975,0.077776,0.011044,-0.1107
06-18-25,178.149994,178.410004,176.330002,176.1474,1341400,177.468356,171.722298,176.234491,0.312618,-0.077745,0.092289,TRUE,FALSE,-4.512193,0.309648,0.494776,14.7613,49.1710,-4.655848,1.4068,-0.5228,2.54,-3.30,4.27,13.313762,-1.114704,1.17,194.60,1.8351,0.010417,0.005438,1.3185,0.2008,-17.96,1.101458,-68943400,-41.935763,-4894456887.462612,-0.9965,45.7335,-3.33,-9.12,0,0.06,0.5441,0.07374,0.010417,-0.6788
06-20-25,177.169998,177.199997,175.199997,175.209702,1103700,177.463532,172.192178,176.233044,0.286354,-0.060198,0.09124,TRUE,FALSE,-4.040866,0.321779,-6.496977,15.2064,46.6353,-11.265673,1.0838,-0.6766,2.38,-3.79,2.90,0.148615,-0.055027,1.16,195.17,1.8365,0.01032,0.005328,1.3958,0.1016,-17.96,0.956118,-70047100,-53.497093,-4895549876.506802,-0.9654,45.9347,-3.30,-9.81,0,0.05,0.4427,0.072992,0.01032,-1.1548
06-23-25,175.660004,177.690002,175.210007,177.164902,978400,177.571399,172.437785,176.260278,0.260713,-0.042612,0.090194,TRUE,TRUE,-3.822493,0.334553,0.801724,15.3045,52.1735,-0.415271,0.9744,-0.6288,3.72,-2.35,3.62,30.090431,1.232709,1.16,186.66,1.8382,0.010621,0.005636,1.3888,0.3840,-17.96,0.860022,-69068700,-25.460917,-4894985798.617932,-0.8683,45.7001,-2.75,-8.92,0,0.09,0.7305,0.075073,0.010621,-0.2178
06-24-25,178.839996,179.839996,178.460007,179.169983,974500,177.869602,172.822036,176.298673,0.23679,-0.024932,0.089153,TRUE,TRUE,-3.476637,0.349869,5.775075,14.2516,57.0914,7.920394,1.0375,-0.4526,3.11,1.40,5.27,60.796121,3.443338,1.17,158.81,1.8431,0.010885,0.00589,1.3606,0.5695,-17.96,0.868732,-68094200,-24.597648,-4894957578.320273,-0.8350,44.6799,-2.41,-8.22,0,0.11,0.9201,0.076745,0.010885,0.8188
06-25-25,179.860001,179.919998,179.009995,178.930557,1032700,177.978159,173.146753,176.340856,0.214584,-0.007326,0.088115,TRUE,TRUE,-3.194102,0.358572,0.745105,13.3155,56.3463,9.710985,1.0560,-0.3472,2.81,1.38,5.35,57.129571,1.228295,1.13,158.24,1.8230,0.010859,0.005993,1.3574,0.8465,-17.96,0.911695,-69126900,26.99213,-4896170573.977405,-0.8876,45.3445,-1.89,-8.15,0,0.14,1.2026,0.077416,0.010859,0.6019
06-26-25,179.800003,180.5,179.279999,179.928116,975300,178.195818,173.46355,176.398145,0.194488,0.010257,0.087083,TRUE,TRUE,-2.934594,0.370508,8.838327,12.7551,58.7612,6.587679,1.1381,-0.2121,4.27,0.97,6.32,72.406122,2.479395,1.11,153.31,1.8220,0.010804,0.005939,1.3255,0.8183,-17.96,0.882201,-68151600,-35.801738,-4896109631.450452,-0.7954,53.1856,-1.89,-8.54,0,0.14,1.1738,0.077063,0.010804,1.1300
06-27-25,180.880005,182.300003,180.660004,181.145126,1126400,178.449445,173.81285,176.452141,0.177265,0.027852,0.086056,TRUE,TRUE,-2.639291,0.384568,8.751197,13.0958,61.5553,4.46389,1.2865,-0.0510,5.15,0.89,6.56,83.734145,2.880928,1.10,158.21,1.8234,0.010865,0.005995,1.6622,0.8819,-17.96,1.063299,-67025200,-45.056339,-4896569638.290858,-0.7735,54.7095,-0.88,-7.78,0,0.14,1.2396,0.07743,0.010865,1.7038
06-30-25,182.240005,183.139999,181.770004,182.372116,1095200,178.755959,174.254973,176.510149,0.163954,0.045402,0.085035,TRUE,TRUE,-2.255176,0.401684,18.606182,13.7670,64.1897,7.843348,1.4860,0.1188,8.02,0.82,7.51,90.328929,3.478343,1.12,171.98,1.8239,0.010867,0.005993,2.1848,0.8977,-17.96,1.037372,-65930000,-6.168609,-4896702159.149809,-0.7734,61.3666,-0.34,-8.13,0,0.15,1.2565,0.077415,0.010867,2.1027
07-01-25,182.460007,183.869995,182.429993,182.980606,1450100,179.053581,174.700904,176.562316,0.152906,0.062813,0.084021,TRUE,TRUE,-1.861411,0.406286,14.974095,14.6858,65.4539,6.692768,1.6739,0.2454,7.57,1.10,7.93,89.741762,3.362424,1.08,190.96,1.7230,0.004401,0.002157,2.4431,1.6835,-17.96,1.347533,-64479900,39.071641,-4897043310.34084,-0.7857,62.0980,107.57,,,0.22,2.0401,0.046447,0.004401,2.0565
07-02-25,183.130005,183.960007,183.059998,183.48938,1420600,179.321397,175.228081,176.610757,0.144992,0.080005,0.083015,TRUE,TRUE,-1.382677,0.395272,21.151867,15.5757,66.5183,4.963017,1.8426,0.3313,7.62,2.35,8.85,94.627554,3.006923,1.05,213.59,1.5495,0.004023,0.002232,2.6258,2.8655,-17.96,1.310033,-63059300,13.204239,-4897108411.841272,-0.7779,70.7513,0.54,-6.82,0,0.32,3.2383,0.047242,0.004023,1.9514
07-03-25,184.229996,185.259995,184.229996,184.516846,615400,179.607242,175.697968,176.660585,0.142448,0.097003,0.082018,TRUE,TRUE,-0.962617,0.382828,22.933788,16.9155,68.6209,4.43126,2.0358,0.4196,7.61,4.04,9.67,92.612833,3.197366,1.05,242.54,1.5456,0.00415,0.002389,3.0444,3.0677,-17.96,0.57385,-62443900,-28.048638,-4897381039.638968,-0.7213,70.1661,1.00,-6.68,0,0.34,3.4485,0.048881,0.00415,2.0243
07-07-25,184.470001,184.720001,182.740005,183.150208,1379200,179.848145,176.102698,176.701901,0.143815,0.113597,0.081028,TRUE,TRUE,-0.599203,0.36278,34.245223,17.1180,62.9576,-2.496352,2.0549,0.3509,11.78,3.56,8.21,79.027957,2.701739,1.04,252.91,1.5354,0.004126,0.002394,2.8743,3.2022,-17.96,1.281993,-63823100,5.218187,-4898188773.11821,-0.6764,69.4101,1.15,-6.50,0,0.35,3.5864,0.048932,0.004126,1.3056
07-08-25,183.779999,184.279999,183.369995,183.35968,1198600,180.03781,176.448908,176.744364,0.149191,0.129717,0.080047,TRUE,TRUE,-0.295455,0.363649,28.178182,17.3061,63.4554,-3.062873,2.0631,0.2874,18.47,3.95,7.86,81.110191,2.112472,0.98,264.64,1.0745,0.0005,0.000072,2.7690,2.4667,-17.96,1.086535,-62624500,83.749808,-4899414545.51165,-0.6783,70.0024,3.13,-4.98,0,0.19,2.8067,0.008467,0.0005,1.2552
07-09-25,184.199997,185.050003,183.889999,184.486923,943000,180.316683,176.799548,176.796263,0.160148,0.14538,0.079076,TRUE,TRUE,0.003285,0.356988,48.73892,17.8309,66.0962,-2.524777,2.1360,0.2882,19.89,3.60,7.77,92.315393,3.117481,0.97,281.00,0.9918,0.000619,0.000129,2.5673,3.6337,-17.96,0.853556,-61681500,3.626374,-4899387032.76534,-0.5715,75.8146,2.64,-4.79,0,0.26,4.0305,0.011373,0.000619,1.4841
07-10-25,184.880005,185.470001,184.429993,184.476944,686100,180.524884,177.147002,176.83523,0.172765,0.160427,0.078112,TRUE,TRUE,0.311772,0.353587,61.989487,18.5046,66.0506,3.093067,2.1680,0.2561,21.59,3.20,7.88,90.330508,2.309328,0.93,296.00,0.9733,0.000149,0.000008,2.2631,3.2360,-17.96,0.635281,-62367600,-41.954315,-4900011184.6536,-0.5936,83.5581,1.91,-5.96,0,0.22,3.6060,0.00278,0.000149,1.3352
07-11-25,184.119995,184.220001,183.619995,183.409561,1169300,180.708582,177.453002,176.871723,0.186041,0.174776,0.077158,TRUE,TRUE,0.581279,0.349587,60.441026,18.5202,61.1977,-2.257751,2.0832,0.1371,11.24,3.38,7.22,79.917727,2.044086,0.89,302.18,0.9749,-0.000113,0.000004,1.8248,2.8413,-17.96,1.087802,-63536900,-7.987095,-4902000677.741439,-0.6156,82.9254,-2.22,-5.75,0,0.20,3.1884,-0.002116,-0.000113,0.8938
07-14-25,183.610001,184.080002,183.380005,183.449463,790200,180.863418,177.750244,176.905306,0.200012,0.188348,0.076212,TRUE,TRUE,0.844938,0.343888,53.938189,18.3568,61.3121,-4.784036,1.9962,0.0401,14.69,3.20,6.40,71.176321,1.717038,0.82,308.14,0.9734,-0.000054,0.000001,1.4899,2.9190,-17.96,0.740016,-62746700,-15.241875,-4902634060.721275,-0.6247,77.4023,-2.97,-5.96,0,0.20,3.2713,-0.001011,-0.000054,0.8393
07-15-25,184.720001,184.720001,182.600006,182.172607,1407800,181.099239,178.021152,176.932208,0.2127,0.200993,0.075276,TRUE,TRUE,1.088944,0.32921,27.488538,17.6376,55.6556,-10.395031,1.8034,-0.1222,11.97,4.02,6.64,48.956805,2.657791,0.81,298.59,0.9340,0.000202,0.000016,1.3173,3.4361,-17.96,1.308839,-64154500,12.453071,-4904609495.862636,-0.6336,68.8540,-2.20,-5.95,0,0.23,3.8272,0.00394,0.000202,0.3595
07-16-25,182.970001,183.559998,181.550003,182.93074,2614300,181.292265,178.250089,176.964223,0.223488,0.21272,0.074347,TRUE,TRUE,1.285866,0.315266,34.960846,16.4832,58.1258,-3.071841,1.6923,-0.1866,11.48,4.27,6.30,58.978031,2.155869,0.85,297.26,0.9343,0.000233,0.000021,1.0646,3.4788,-17.96,2.253367,-61540200,183.239437,-4903632083.026239,-0.5146,56.3411,-2.07,-7.09,0,0.23,3.8725,0.004534,0.000233,0.5512
07-17-25,183.429993,184.679993,183.300003,184.028046,1649200,181.625945,178.512518,176.997714,0.23238,0.223684,0.073428,TRUE,TRUE,1.514804,0.295862,35.522936,15.8807,61.4712,0.15913,1.6735,-0.1643,12.43,4.90,6.54,70.021699,3.762869,0.85,288.04,0.8791,0.000637,0.000175,0.8347,4.5432,-17.96,1.377122,-59891000,82.98014,-4903541142.608941,-0.4451,58.0783,-1.31,-7.54,0,0.28,5.0083,0.013217,0.000637,0.8339
07-18-25,184.860001,184.860001,183.699997,183.579147,2240000,181.997533,178.799214,177.030941,0.238911,0.233842,0.072517,TRUE,TRUE,1.768274,0.280823,22.592606,15.4262,59.3812,3.725576,1.6039,-0.1872,14.55,3.01,5.61,51.763909,4.21905,0.80,260.24,0.8321,0.000024,0,0.6904,3.9346,-17.96,1.802817,-62131000,66.989712,-4906247870.661347,-0.4745,60.6240,1.18,-8.02,0,0.23,4.3688,0.00052,0.000024,0.6078
07-21-25,184.309998,185.220001,184.240005,183.968201,884900,182.435458,179.074979,177.063093,0.24481,0.243175,0.071614,TRUE,TRUE,2.011886,0.268375,16.064312,15.2192,60.6306,2.504723,1.5621,-0.1832,14.49,3.22,7.59,61.688744,4.998867,0.79,208.56,0.8227,-0.000167,0.000014,0.6217,3.6703,-17.96,0.71852,-61246100,-19.824228,-4907623630.099261,-0.4902,60.1993,1.70,-7.41,0,0.21,4.0904,-0.003704,-0.000167,0.7349
07-22-25,184.639999,185.020004,184.190002,184.377197,1582300,182.796072,179.34897,177.103033,0.250088,0.251671,0.070717,TRUE,TRUE,2.245936,0.260741,14.344463,14.9873,61.9554,0.484119,1.5442,-0.1608,17.34,2.75,8.55,72.122335,4.070951,0.77,171.74,0.7912,-0.000545,0.000158,0.5808,3.2472,-17.96,1.254047,-59663800,61.723222,-4908492200.660893,-0.5352,60.5079,3.59,-7.01,0,0.18,3.6473,-0.012556,-0.000545,0.9207
07-23-25,185.600006,186.25,185.039993,185.793716,998400,183.127259,179.66224,177.148571,0.256949,0.259476,0.069829,TRUE,TRUE,2.513669,0.255946,21.649476,15.5013,66.1979,6.816688,1.6256,-0.0636,15.38,2.71,10.21,90.291833,3.696899,0.80,161.71,0.7935,-0.000503,0.000134,1.1493,3.3122,-17.96,0.79053,-58665400,2.45254,-4908246777.50045,-0.5261,59.6175,3.13,-6.29,0,0.19,3.7156,-0.011554,-0.000503,1.6489
07-24-25,186.259995,186.639999,185.949997,185.693954,1446000,183.465429,179.865616,177.194006,0.262449,0.266424,0.06895,TRUE,TRUE,2.67161,0.250194,12.114983,16.1903,65.6427,5.012128,1.6629,-0.0211,13.98,1.77,8.68,81.413642,3.779901,0.76,138.36,0.7940,-0.000524,0.000144,1.1346,3.2624,-17.96,1.126506,-60111400,40.021303,-4910765925.664979,-0.5685,61.4137,2.52,-7.07,0,0.19,3.6629,-0.01202,-0.000524,1.6107
07-25-25,186.399994,187.039993,186.309998,186.432144,890000,183.79063,180.077585,177.238923,0.26778,0.272642,0.06808,TRUE,TRUE,2.838661,0.246323,36.114082,17.0461,67.7950,5.839662,1.7320,0.0385,12.28,1.69,9.49,88.928047,3.614793,0.74,126.79,0.7925,-0.000562,0.000167,1.3649,3.2001,-17.96,0.695666,-59221400,-8.746027,-4911358086.991038,-0.5959,67.8559,1.41,-7.04,0,0.18,3.5973,-0.01291,-0.000562,2.0833
07-28-25,187.110001,187.380005,186.429993,186.322418,908900,184.049495,180.285965,177.291313,0.2724,0.27819,0.067217,TRUE,TRUE,2.994652,0.242063,32.963462,18.0237,67.1219,0.924041,1.7577,0.0513,11.60,1.91,12.03,81.859583,2.858091,0.73,122.72,0.7930,-0.000615,0.0002,1.2920,3.0838,-17.96,0.71653,-60130300,-19.309304,-4912472825.249952,-0.6269,67.3729,1.05,-6.33,0,0.18,3.4747,-0.014127,-0.000615,1.8521
07-29-25,186.740005,186.850006,185.869995,185.574249,991200,184.209602,180.455294,177.331099,0.275726,0.282923,0.066364,TRUE,TRUE,3.124195,0.235659,12.630297,18.3761,62.5609,-3.081784,1.6981,-0.0066,11.05,2.36,12.43,69.0265,1.755824,0.71,120.56,0.7962,-0.000697,0.000254,1.2675,2.9301,-17.96,0.784627,-61121500,-9.495982,-4914062270.147657,-0.6871,61.9976,0.60,-6.44,0,0.17,3.3108,-0.015945,-0.000697,1.1319
07-30-25,186.160004,186.330002,184.479996,184.82608,1598800,184.301875,180.585571,177.361352,0.276868,0.286932,0.065518,TRUE,TRUE,3.224219,0.231929,3.735253,17.4985,58.2950,-9.500046,1.5723,-0.1059,9.94,1.30,10.55,56.193418,1.008563,0.74,117.68,0.7736,-0.001113,0.000686,1.2574,2.2986,-17.96,1.258194,-62720300,10.254465,-4915062888.283287,-0.7090,55.4453,0.49,-6.33,0,0.13,2.6469,-0.026196,-0.001113,0.4454
07-31-25,186.199997,186.570007,183.820007,183.66893,1796900,184.310853,180.682154,177.387255,0.274476,0.290128,0.06468,TRUE,TRUE,3.294899,0.224581,2.748475,16.3103,52.3494,-14.772553,1.3636,-0.2517,8.95,0.98,9.87,36.34522,0.097853,0.82,117.10,0.7774,-0.001157,0.000733,1.2450,2.1887,-17.96,1.393459,-64517200,26.488808,-4917057221.554106,-0.7735,53.6700,-0.43,-6.07,0,0.13,2.5302,-0.02708,-0.001157,-0.5482
08-01-25,183.080002,183.339996,181.649994,181.883316,1466600,184.179176,180.757159,177.398438,0.267212,0.292616,0.063848,TRUE,TRUE,3.358722,0.21078,-14.005286,16.5408,44.7625,-17.798397,1.0421,-0.4586,7.86,-0.93,9.25,5.717202,-1.427257,0.88,128.88,0.7774,-0.001111,0.000676,1.3389,2.1889,-17.96,1.100981,-65983800,138.316542,-4918118863.256587,-0.7784,51.9327,-0.42,-5.59,0,0.13,2.5330,-0.025999,-0.001111,-1.7815
08-04-25,183.289993,185.5,183.289993,184.995667,1087300,184.271449,180.950949,177.416469,0.258195,0.294644,0.063024,TRUE,TRUE,3.534481,0.202965,21.685753,15.3982,56.5757,-1.719239,1.0266,-0.3793,7.88,1.59,9.09,59.10227,1.00762,0.92,127.72,0.8022,-0.006104,0.028225,1.2092,2.5031,-17.96,0.825281,-64896500,-21.164443,-4917527816.780942,-0.7339,58.1272,107.88,101.59,,0.12,2.3460,-0.168003,-0.006104,0.5670
08-05-25,185.050003,185.160004,183.800003,183.42952,1089900,184.274941,181.119388,177.437808,0.245572,0.296114,0.062207,TRUE,TRUE,3.681581,0.192602,3.607533,14.3372,50.6999,-1.649477,0.8778,-0.4224,7.33,1.23,9.39,31.056236,0.038089,0.90,127.47,0.8120,-0.006139,0.028532,1.1813,2.1018,-17.96,0.830682,-65986400,-9.068914,-4919211525.126149,-0.7544,62.8028,-2.38,-7.93,0,0.12,2.2619,-0.168914,-0.006139,-0.6632
08-06-25,184.360001,185.630005,184.229996,184.935822,1195400,184.297386,181.353987,177.461876,0.231301,0.297229,0.0614,TRUE,TRUE,3.89211,0.183072,6.377049,13.6410,55.4882,10.725669,0.8714,-0.3431,9.27,1.58,11.83,57.344177,0.243323,0.91,128.25,0.8148,-0.005889,0.026123,1.1501,2.4654,-17.96,0.90241,-64791000,26.765642,-4919201584.196895,-0.7479,61.8907,-2.36,-9.43,0,0.14,2.6726,-0.161627,-0.005889,0.4978
08-07-25,185.800003,185.820007,183.279999,183.66893,1306800,184.256985,181.492177,177.481096,0.213753,0.29777,0.060601,TRUE,TRUE,4.011081,0.179787,0.596442,12.9464,51.0015,-5.574262,0.7554,-0.3673,7.93,0.44,14.40,35.23442,-0.438003,0.97,128.93,0.7182,-0.006663,0.043194,1.1455,1.3764,-17.96,0.963923,-66097800,90.467862,-4920108184.449204,-0.7412,52.2895,-2.05,-8.51,0,0.06,1.4534,-0.207833,-0.006663,-0.4561
08-08-25,184.600006,185.770004,184.600006,185.195175,966100,184.346266,181.684582,177.503936,0.19477,0.297722,0.059813,TRUE,TRUE,4.180645,0.179074,7.578486,12.3014,55.6536,4.953739,0.7777,-0.2760,8.51,1.15,14.12,61.87041,0.973566,0.98,128.94,0.7247,-0.006546,0.040951,1.1041,1.6034,-17.96,0.717996,-65131700,-17.377918,-4920091389.17422,-0.6722,52.5228,-0.99,-7.92,0,0.08,1.7071,-0.202363,-0.006546,0.6584
08-11-25,185.600006,186.110001,184.960007,184.846039,864200,184.416095,181.86005,177.527259,0.173759,0.297144,0.059037,TRUE,TRUE,4.332791,0.177386,2.906576,11.4601,54.3817,-1.106521,0.7584,-0.2362,8.65,1.76,14.85,55.777291,0.761286,0.99,127.60,0.7256,-0.006588,0.04136,1.0881,1.5183,-17.96,0.640504,-65995900,9.364718,-4921126878.875146,-0.6853,50.4855,-0.69,-7.83,0,0.07,1.6108,-0.203372,-0.006588,0.3370
08-12-25,185.919998,187.300003,185.580002,186.771301,854100,184.64603,182.07064,177.563129,0.154413,0.296041,0.058273,TRUE,TRUE,4.507511,0.180399,5.875222,11.3911,59.8333,8.831862,0.8882,-0.0851,6.41,2.07,13.13,89.376921,2.524361,1.00,126.47,0.7320,-0.006532,0.039936,1.2286,1.6339,-17.96,0.646279,-65141800,-39.330871,-4920797853.144588,-0.6125,50.0618,-2.31,-6.96,0,0.08,1.7377,-0.199841,-0.006532,1.6804
08-13-25,187.779999,188.740005,187.779999,188.237701,704000,184.911378,182.294831,177.613906,0.136573,0.294505,0.057523,TRUE,TRUE,4.680925,0.18732,14.127413,12.1260,63.4192,7.765555,1.0968,0.0988,7.05,2.78,13.33,92.915328,2.901077,1.04,143.16,0.7336,-0.006512,0.03952,1.8795,1.6683,-17.96,0.574202,-64437800,-73.071185,-4920830560.638825,-0.7014,47.7181,-1.67,-6.43,0,0.08,1.7764,-0.198797,-0.006512,2.3235
08-14-25,187.850006,188.809998,187.720001,188.147934,932700,185.117372,182.495128,177.664877,0.121502,0.292539,0.056785,TRUE,TRUE,4.830251,0.194437,9.885102,12.8448,63.0481,8.666467,1.2405,0.1940,6.96,3.05,13.08,90.753306,2.238728,1.03,158.59,0.7333,-0.008712,0.048044,1.8619,1.5450,-17.96,0.783633,-65370500,-43.445307,-4921030904.295907,-0.7347,41.8741,-1.07,-6.29,0,0.08,1.7365,-0.219189,-0.008712,1.9109
08-15-25,188.639999,188.880005,187.910004,187.649155,716200,185.320872,182.672112,177.713157,0.109954,0.289971,0.056059,TRUE,TRUE,4.958955,0.199021,7.476095,13.5509,60.9154,1.082081,1.2992,0.2022,5.95,1.69,11.13,82.975818,2.217031,1.03,163.84,0.7320,-0.008771,0.048509,1.8439,1.5947,-17.96,0.642888,-66086700,-68.026786,-4922132299.796929,-0.7129,36.4978,-1.04,-6.90,0,0.07,1.6123,-0.220248,-0.008771,1.4211
08-18-25,187.979996,188.509995,187.910004,187.639191,624000,185.504422,182.858253,177.759753,0.102946,0.286779,0.055346,TRUE,TRUE,5.0985,0.198269,12.140873,14.2065,60.8711,-2.548063,1.3296,0.1861,5.23,2.07,10.85,82.838004,1.995448,1.03,168.39,0.6983,-0.008582,0.051274,1.8067,2.2708,-17.96,0.566763,-66710700,-29.483557,-4923319599.407825,-0.7128,37.3676,-1.47,-7.42,0,0.10,2.3509,-0.226438,-0.008582,1.2678
08-19-25,188.220001,188.660004,187.270004,187.09053,1211800,185.640089,183.008736,177.801328,0.098955,0.283002,0.054643,TRUE,TRUE,5.207408,0.195425,13.471917,14.2135,58.3547,-4.693414,1.2945,0.1208,4.61,1.51,8.59,75.249353,1.471621,1.01,169.75,0.6994,-0.008599,0.051317,1.7481,2.2213,-17.96,1.119482,-67922500,-23.415282,-4924844329.680616,-0.7553,38.3016,,-7.17,0,0.10,2.2960,-0.226533,-0.008599,0.8544
08-20-25,187.580002,187.960007,186.139999,186.691498,3373700,185.684978,183.164377,177.845513,0.096558,0.278634,0.053953,TRUE,TRUE,5.318864,0.188203,18.83155,13.2774,56.5245,-4.390908,1.2204,0.0373,4.80,0.95,8.30,69.730239,0.483214,0.98,171.36,0.6845,-0.008466,0.052042,1.6381,2.5849,-17.74,2.808538,-71296200,237.910657,-4926173433.297438,-0.7462,34.5461,-1.83,-8.21,0,0.11,2.6967,-0.228127,-0.008466,0.5874
08-21-25,186.440002,187.160004,185.960007,186.102951,823300,185.705428,183.280177,177.902597,0.095947,0.273815,0.053275,TRUE,TRUE,5.37758,0.185289,28.408383,12.3902,53.8422,-7.028877,1.1015,-0.0653,6.16,0.91,7.17,50.409807,0.220253,0.95,171.61,0.6384,-0.009046,0.06847,1.4005,1.7908,-16.34,0.703618,-72119500,-43.063624,-4926800589.345655,-0.6852,35.8872,-2.10,-9.25,0,0.07,1.8128,-0.261668,-0.009046,0.2316
08-22-25,187.100006,189.75,187.100006,188.906067,712200,185.829124,183.463586,177.97038,0.098868,0.268625,0.052609,TRUE,TRUE,5.493206,0.184443,26.886228,13.1105,62.8776,4.522905,1.2194,0.0421,7.94,4.17,8.81,86.956214,1.326983,0.94,185.48,0.6562,-0.008596,0.058562,1.6023,2.6197,-16.07,0.613328,-71407300,-19.977528,-4926542012.396269,-0.6538,34.4023,-1.11,-8.46,0,0.11,2.7335,-0.241995,-0.008596,1.6589
08-25-25,188.949997,189.229996,188.410004,187.948425,758900,185.910424,183.6155,178.034365,0.103974,0.263002,0.051955,TRUE,TRUE,5.581135,0.18213,32.426724,13.7794,58.6534,2.128931,1.2215,0.0354,8.51,3.97,7.48,72.154956,0.872685,0.92,191.23,0.6609,-0.008711,0.059206,1.4090,2.2848,-15.98,0.657794,-72166200,-16.503466,-4928155290.966767,-0.6797,35.1078,0.06,-7.94,0,0.10,2.3641,-0.243323,-0.008711,1.0657
08-26-25,188.470001,189.139999,188.330002,188.596832,665100,186.061553,183.838313,178.092681,0.110967,0.256928,0.051312,TRUE,TRUE,5.745632,0.180507,27.993979,14.3286,60.5843,6.742028,1.2609,0.0598,6.70,4.44,8.69,82.1767,1.628773,0.88,200.17,0.6615,-0.008657,0.058383,1.2929,2.3820,-15.86,0.584755,-71501100,-32.899516,-4928382194.760755,-0.6295,32.8225,-0.89,-7.95,0,0.10,2.4749,-0.241625,-0.008657,1.2666
08-27-25,188.869995,189.559998,188.869995,188.886124,633500,186.264555,184.034631,178.134768,0.119533,0.250782,0.05068,TRUE,TRUE,5.899863,0.180005,43.116411,15.0877,61.4493,-1.428351,1.3005,0.0795,7.58,4.77,7.87,83.225682,2.196683,0.82,207.44,0.6601,-0.008724,0.059514,1.0596,2.2697,-15.86,0.581654,-70867600,-60.376532,-4928986079.12608,-0.6392,38.9746,-0.41,-7.60,0,0.09,2.3488,-0.243955,-0.008724,1.2638
08-28-25,189.619995,189.839996,188.839996,189.225281,659600,186.542373,184.272048,178.170036,0.129258,0.245033,0.050061,TRUE,TRUE,6.102012,0.181272,36.928853,15.9582,62.4886,3.835149,1.3438,0.0982,7.47,6.48,8.22,87.403343,3.025199,0.77,208.05,0.6568,-0.008799,0.061159,1.0504,2.1023,-15.86,0.63898,-70208000,-63.292337,-4929137411.914165,-0.5851,37.6754,-0.67,-6.55,0,0.09,2.1650,-0.247304,-0.008799,1.2895
08-29-25,189.220001,189.470001,188.5,188.487091,675400,186.872562,184.518842,178.199434,0.138265,0.239707,0.049453,TRUE,TRUE,6.319408,0.181843,32.215385,16.4134,58.7744,-1.809848,1.3035,0.0464,6.95,4.53,7.41,68.241619,3.630776,0.77,180.84,0.6588,-0.008937,0.062654,0.8553,1.7887,-14.73,0.68036,-70883400,-53.947907,-4929830788.582405,-0.5899,31.7756,-1.94,-7.79,0,0.07,1.8226,-0.250308,-0.008937,0.8928
09-02-25,186.740005,187.699997,186.190002,187.150375,992900,186.980297,184.757655,178.222991,0.146218,0.234864,0.048855,TRUE,TRUE,6.534665,0.178891,3.538229,15.5793,52.6696,-8.7797,1.1504,-0.0854,5.72,5.22,7.47,30.679686,1.164735,0.77,175.41,0.6654,-0.009016,0.062458,0.8350,1.5931,-14.73,1.00497,-71876300,-8.682056,-4929560698.190425,-0.6090,25.1534,-2.29,-8.83,0,0.07,1.6069,-0.249915,-0.009016,0.0970
09-03-25,188.190002,188.710007,187.820007,188.207779,887400,187.21921,184.978513,178.252725,0.153566,0.229936,0.048269,TRUE,TRUE,6.725788,0.179275,-0.290378,14.8341,56.5172,-5.971415,1.1017,-0.1072,5.66,6.91,8.07,57.932429,2.604957,0.75,155.96,0.6636,-0.009038,0.063095,0.8358,1.5467,-14.73,0.907487,-70988900,-18.579686,-4929674820.079087,-0.5350,26.1599,-2.99,-9.88,0,0.06,1.5563,-0.251188,-0.009038,0.6338
09-04-25,188.720001,190.350006,188.600006,189.863724,858900,187.465605,185.192388,178.292967,0.160361,0.225248,0.047694,TRUE,TRUE,6.89942,0.18078,14.453808,15.1017,61.7599,2.985508,1.1832,-0.0207,6.19,6.71,8.19,88.922952,2.664655,0.78,156.92,0.6688,-0.008803,0.058987,1.1021,2.0273,-13.61,0.893719,-70130000,-28.149573,-4929293254.832505,-0.5250,32.6656,-3.61,-9.50,0,0.09,2.0899,-0.242872,-0.008803,1.5283
09-05-25,190.119995,190.639999,188.330002,188.756439,1321900,187.719981,185.388905,178.33297,0.165387,0.220629,0.047133,TRUE,TRUE,7.055935,0.18224,8.872931,15.5029,56.8261,4.156504,1.1451,-0.0470,5.85,7.85,9.92,59.752925,2.769935,0.84,131.27,0.6685,-0.009059,0.062447,1.0686,1.4871,-13.61,1.374409,-71451900,1.155494,-4930127095.814617,-0.5208,31.2535,-4.31,-10.02,0,0.06,1.4944,-0.249895,-0.009059,0.7896
09-08-25,189.759995,189.949997,189.289993,189.245239,1093200,187.922484,185.575248,178.390221,0.169509,0.216049,0.046584,TRUE,TRUE,7.185027,0.183053,12.39408,15.8754,58.4058,1.888573,1.1413,-0.0407,5.39,7.76,10.35,70.197386,2.186917,0.85,121.12,0.6668,-0.008953,0.061345,1.0254,1.7207,-12.82,1.129164,-70358700,13.155988,-4931368552.882172,-0.5824,37.7431,-4.22,-9.10,0,0.07,1.7500,-0.247678,-0.008953,1.0921
09-09-25,189.740005,190.119995,189.149994,189.534531,957300,188.156908,185.743036,178.446838,0.172704,0.211556,0.046047,TRUE,TRUE,7.296198,0.184858,19.245882,16.3207,59.3536,-2.406289,1.1483,-0.0269,5.94,10.39,11.17,76.378836,2.536431,0.83,102.36,0.6660,-0.008988,0.061964,0.9493,1.6470,-12.82,0.984062,-69401400,10.772969,-4931566849.663672,-0.5366,45.0705,-4.18,-8.24,0,0.07,1.6685,-0.248925,-0.008988,1.3459
09-10-25,190.460007,190.460007,189.100006,189.105591,1370200,188.273623,185.877705,178.499231,0.175572,0.207317,0.04552,TRUE,TRUE,7.378474,0.18054,18.965703,16.9367,57.2697,0.443586,1.1065,-0.0549,4.88,11.52,12.25,67.213441,1.249812,0.82,98.98,0.6295,-0.008789,0.066743,0.8445,2.3226,-12.82,1.372107,-70771600,60.42618,-4932925796.464377,-0.6072,52.2066,-5.22,-8.45,0,0.09,2.4184,-0.258347,-0.008789,0.8405
09-11-25,190.050003,191.759995,190.039993,191.100693,1082500,188.416772,186.040107,178.559174,0.179219,0.203436,0.045006,TRUE,TRUE,7.480933,0.181581,35.356499,18.2076,63.6608,5.255035,1.2203,0.0471,6.32,12.46,12.18,88.163327,1.520945,0.86,117.42,0.6329,-0.008736,0.065225,1.2284,2.3709,-12.82,1.063845,-69689100,53.764205,-4932673172.797302,-0.5819,59.6742,-4.21,-7.69,0,0.10,2.4749,-0.255391,-0.008736,2.2858
09-12-25,191.449997,191.449997,190.729996,190.342545,1141000,188.526503,186.17717,178.609435,0.182415,0.200079,0.044503,TRUE,TRUE,7.567736,0.177803,11.881224,19.3878,59.9889,0.635279,1.2351,0.0495,5.54,13.97,11.46,74.552029,1.166428,0.76,124.80,0.6208,-0.008641,0.066452,1.1942,2.6561,-12.82,1.109976,-70830100,22.333012,-4935042175.679513,-0.6815,52.2489,-4.25,-6.80,0,0.11,2.7923,-0.257783,-0.008641,1.4552
09-15-25,191.160004,191.5,190.970001,190.970993,948900,188.692595,186.306253,178.65952,0.186071,0.197125,0.044011,TRUE,TRUE,7.646733,0.172287,25.699651,20.5106,61.9482,4.678524,1.2827,0.0777,7.62,12.20,10.68,85.834783,1.770239,0.77,134.25,0.6124,-0.008459,0.065633,1.1100,3.1293,-12.82,0.912768,-69881200,32.490924,-4935987524.202574,-0.6664,58.6582,-3.22,-7.32,0,0.12,3.3214,-0.25619,-0.008459,1.6971
09-16-25,190.880005,191.130005,190.330002,190.789993,13653700,188.850135,186.459049,178.70375,0.189805,0.194504,0.043529,TRUE,TRUE,7.755299,0.164061,19.419303,20.8408,61.0214,-2.639408,1.2910,0.0688,6.54,10.98,9.77,82.585232,1.679182,0.75,139.62,0.6069,-0.008389,0.065836,1.0542,3.3485,-12.82,8.074,-83534900,2088.092949,-4933939820.773174,-0.3140,27.0448,-3.63,-7.20,0,0.13,3.5661,-0.256585,-0.008389,1.3894
09-17-25,190.929993,192.160004,190.070007,191.289993,3811600,189.060108,186.617655,178.74652,0.19365,0.192108,0.043058,TRUE,TRUE,7.871136,0.159103,20.895174,21.7540,62.6823,2.693371,1.3227,0.0803,7.86,12.41,9.59,85.426965,2.244615,0.79,143.29,0.5936,-0.00856,0.071704,1.0870,3.0431,-12.82,2.093067,-79723300,214.540353,-4933301557.959419,-0.2322,34.9693,-2.66,-6.29,0,0.12,3.2305,-0.267776,-0.00856,1.5562
09-18-25,192.339996,193.160004,191.850006,192.020004,4099300,189.326534,186.768317,178.794424,0.196867,0.18995,0.0426,TRUE,TRUE,7.973893,0.157956,23.494392,23.1046,65.0255,3.077359,1.3906,0.1186,9.01,11.78,9.80,83.644201,2.854177,0.82,146.44,0.5799,-0.00871,0.077905,1.3581,2.7728,-12.82,2.207081,-75624000,21.507544,-4936336926.978196,-0.2736,41.8531,-1.99,-5.73,0,0.10,2.9339,-0.279115,-0.00871,1.8393
09-19-25,192.729996,192.910004,191.710007,192.710007,1500900,189.656886,186.932978,178.84063,0.19965,0.188072,0.042155,TRUE,TRUE,8.092348,0.15682,35.645167,24.2006,67.1267,6.105279,1.4831,0.1689,9.99,12.61,10.20,93.543804,3.550215,0.83,144.40,0.5797,-0.008619,0.07642,1.5653,2.9984,-12.82,0.793615,-74123100,82.302927,-4935336320.616536,-0.2257,45.2949,-2.40,-6.17,0,0.11,3.1933,-0.276441,-0.008619,2.1143
09-22-25,192.360001,193.850006,192.320007,193.779999,1552500,189.900583,187.140387,178.888769,0.201925,0.186491,0.041722,TRUE,TRUE,8.251618,0.158362,57.248814,25.6674,70.1240,7.441712,1.6239,0.2478,9.38,13.45,11.30,98.839016,2.580082,0.79,169.93,0.5797,-0.008624,0.076501,1.8418,2.9975,-12.82,0.803058,-72570600,117.986521,-4933925894.417274,-0.1910,49.0886,-3.05,-6.26,0,0.11,3.1914,-0.276588,-0.008624,2.2829
09-23-25,193.529999,194,192.529999,192.869995,1556700,190.146661,187.328798,178.932161,0.202877,0.185152,0.041303,TRUE,TRUE,8.396637,0.159706,40.778704,27.0976,64.7193,-0.306262,1.6432,0.2137,7.65,11.00,9.16,80.070454,2.618575,0.80,175.71,0.5801,-0.008802,0.079433,1.6785,2.4727,-12.82,0.788952,-74127300,105.12584,-4934762496.649,-0.1674,45.6052,-3.67,-6.47,0,0.09,2.6055,-0.281838,-0.008802,1.5499
09-24-25,192.929993,192.949997,191.899994,192.199997,1162500,190.32682,187.529345,178.968093,0.202418,0.184028,0.040897,TRUE,TRUE,8.561252,0.16138,22.363055,27.6724,60.9920,-6.134695,1.5861,0.1253,7.42,10.44,9.14,68.253904,1.910512,0.76,177.45,0.5781,-0.008992,0.083373,1.6041,2.0123,-12.08,0.581833,-75289800,74.785747,-4935260706.107968,-0.1721,42.7776,-4.53,-6.77,0,0.07,2.0874,-0.288744,-0.008992,1.0556
09-25-25,191.300003,191.660004,190.369995,191.300003,1539400,190.447514,187.696731,179.003437,0.200476,0.182946,0.040504,TRUE,TRUE,8.693294,0.162063,24.840144,26.6697,56.3013,-13.822674,1.4516,-0.0075,6.32,10.86,8.24,44.897953,1.277955,0.74,175.33,0.5816,-0.015429,0.123281,1.4866,1.6354,-11.93,0.753393,-76829200,142.999211,-4934580501.873386,-0.1369,42.4999,-4.65,-6.94,0,0.06,1.8686,-0.351114,-0.015429,0.4862
09-26-25,191.570007,192.679993,191.320007,192.600006,1036900,190.61625,187.86817,179.0433,0.19904,0.182002,0.040122,TRUE,TRUE,8.82487,0.165278,30.357315,26.3713,60.9705,-3.748757,1.4333,-0.0206,6.32,11.80,8.94,71.42866,1.783443,0.74,179.15,0.5863,-0.015333,0.119626,1.3584,1.8036,-11.52,0.502824,-75792300,57.201334,-4933665570.947078,-0.1098,42.4332,-4.76,-5.98,0,0.07,2.1738,-0.34587,-0.015333,1.1073
09-29-25,193.300003,193.75,192.929993,193.360001,1336900,190.859895,188.063787,179.091369,0.200172,0.181322,0.039752,TRUE,TRUE,8.972418,0.170974,33.202487,26.6690,63.4306,2.438591,1.4632,0.0075,6.02,14.53,9.54,86.938772,2.585275,0.75,181.78,0.5844,-0.015368,0.12096,1.2271,1.7346,-11.52,0.638068,-74455400,97.94196,-4933600342.964197,-0.0900,43.0799,-5.27,-6.08,0,0.07,2.0992,-0.347793,-0.015368,1.3753
09-30-25,193.050003,194.619995,192.970001,194.5,1080300,191.227377,188.274423,179.147218,0.202259,0.180924,0.039395,TRUE,TRUE,9.127205,0.175731,44.098283,27.3589,66.8099,10.508592,1.5610,0.0842,6.30,14.34,9.68,97.38002,3.927123,0.75,177.07,0.5779,-0.01516,0.120751,1.3626,2.3629,-11.52,0.514527,-73375100,8.802498,-4932677171.697065,-0.0742,46.4788,,-5.49,0,0.09,2.8088,-0.347492,-0.01516,1.8482
10-01-25,193.830002,196.020004,193.720001,195.839996,2328500,191.608987,188.503679,179.204964,0.207183,0.180852,0.039052,TRUE,TRUE,9.298715,0.182408,40.935145,28.5735,70.2858,9.315294,1.7267,0.1999,6.73,14.86,10.69,96.974655,4.055208,0.74,190.32,0.5829,-0.015056,0.117125,1.8806,2.6037,-11.52,1.072224,-71046600,162.395763,-4930713148.148805,-0.0239,48.3599,-4.93,-4.70,0,0.10,3.0755,-0.342235,-0.015056,2.2231
10-02-25,196.160004,196.460007,195.389999,196.360001,2024000,191.933801,188.715005,179.272143,0.214037,0.181165,0.038724,TRUE,TRUE,9.442862,0.191156,53.066574,29.8641,71.5318,8.10122,1.8783,0.2812,6.42,14.52,10.60,98.434959,3.421547,0.75,213.04,0.5795,-0.015119,0.119493,1.9561,2.4594,-7.41,0.90766,-69022600,135.65025,-4929067486.406748,0.0051,52.6513,-4.65,-3.89,0,0.10,2.9186,-0.345678,-0.015119,2.0776
10-03-25,196.350006,197.5,196.350006,196.470001,1474900,192.319479,188.930526,179.343733,0.223698,0.181615,0.038409,TRUE,TRUE,9.586792,0.199407,50.817934,31.4224,71.8011,4.991215,1.9845,0.3099,7.27,19.91,11.38,86.137284,4.086516,0.75,222.12,0.5793,-0.015106,0.119405,1.8609,2.4881,-4.70,0.659156,-67547700,11.574249,-4930234592.080394,-0.0024,53.3536,-5.35,-4.68,0,0.10,2.9566,-0.34555,-0.015106,1.8686
10-06-25,196.910004,197.369995,196.380005,196.809998,1483500,192.697717,189.138083,179.417271,0.235043,0.182201,0.038109,TRUE,TRUE,9.720811,0.20574,54.827018,32.8693,72.6622,2.376352,2.0721,0.3181,7.34,27.16,11.39,90.713282,3.997331,0.75,231.24,0.5724,-0.015011,0.121118,1.8358,2.8659,-4.70,0.657267,-66064200,35.702525,-4930429404.349197,0.0208,83.7142,-5.83,-3.36,0,0.11,3.3899,-0.34802,-0.015011,1.7784
10-07-25,197.020004,197.279999,195.5,195.809998,1223400,193.011491,189.327834,179.489146,0.247391,0.182874,0.03782,TRUE,TRUE,9.838688,0.209756,39.372874,33.2942,66.2544,-5.277384,2.0374,0.2267,6.14,27.25,10.87,76.297317,3.310989,0.74,228.62,0.5779,-0.015056,0.119226,1.6813,2.5956,-4.70,0.538853,-67287600,27.796929,-4931226679.323051,0.0075,76.6696,-6.16,-4.42,0,0.10,3.0719,-0.345292,-0.015056,1.2241
10-08-25,196.110001,196.800003,195.929993,196.690002,1005100,193.390711,189.550149,179.589107,0.259699,0.183616,0.037547,TRUE,TRUE,9.961042,0.212364,40.154792,33.6887,68.8571,-2.944032,2.0572,0.1972,6.62,29.64,10.84,88.639593,4.010676,0.71,223.26,0.5697,-0.014923,0.120988,1.5505,3.1650,-4.70,0.44629,-66282500,-26.645745,-4930475740.92047,0.0544,73.1753,-5.30,-4.30,0,0.12,3.7242,-0.347833,-0.014923,1.4778
10-09-25,196.889999,197.009995,195.380005,195.770004,1041100,193.624177,189.769028,179.685511,0.269908,0.184319,0.037286,TRUE,TRUE,10.083517,0.213942,25.801023,33.4808,63.3556,-9.30656,1.9759,0.0927,6.74,18.73,11.33,75.736402,2.443378,0.73,222.46,0.5736,-0.015046,0.121016,1.4539,2.7360,-4.24,0.4627,-67323600,-3.82448,-4931018643.436782,0.0368,67.3004,-4.89,-7.92,0,0.11,3.2312,-0.347874,-0.015046,0.9646
10-10-25,196.119995,196.479996,190.899994,191.009995,1424000,193.657549,189.915849,179.749573,0.274496,0.184722,0.037034,TRUE,TRUE,10.166276,0.208863,-17.813529,32.0376,43.8392,-22.415232,1.5100,-0.2986,4.12,19.41,7.54,8.976142,0.350657,0.90,217.73,0.6575,-0.015233,0.092837,1.6016,1.1670,-4.24,0.628918,-68747600,24.802805,-4932386499.774509,0.0586,59.9246,-5.20,-9.21,0,0.06,1.4159,-0.304691,-0.015233,-1.2160
10-13-25,192.789993,193.330002,192.070007,192.880005,874000,193.753,190.135783,179.816233,0.275354,0.184939,0.036792,TRUE,TRUE,10.31955,0.205701,0.060628,30.6975,50.3145,-18.542564,1.2769,-0.4253,5.88,18.55,7.89,35.203479,0.999634,0.92,209.36,0.6667,-0.012195,0.113739,1.6011,1.6363,-4.24,0.386647,-67873600,-7.89335,-4932136783.976749,0.0852,62.0634,105.88,118.55,,0.06,1.5401,-0.337252,-0.012195,-0.4170
10-14-25,191.100006,193.850006,190.740005,193.029999,1099100,193.865,190.296469,179.876939,0.272689,0.185108,0.036563,TRUE,TRUE,10.41953,0.202927,5.190754,30.0969,50.8045,-12.551084,1.0917,-0.4884,5.52,17.64,8.15,37.307179,1.174069,1.00,198.38,0.6665,-0.01222,0.114208,1.5605,1.5836,-4.00,0.673167,-66774500,-91.950167,-4931617278.750492,0.0711,62.2649,-5.58,-8.52,0,0.06,1.4597,-0.337947,-0.01222,-0.4209
10-15-25,194.330002,195.25,192.169998,193.710007,968500,193.986001,190.502079,179.940499,0.267528,0.185276,0.036343,TRUE,TRUE,10.561581,0.201457,15.282186,28.6186,53.0643,9.225164,0.9884,-0.4734,5.26,18.35,7.83,43.934965,1.265102,1.04,189.00,0.6671,-0.012186,0.113375,1.4326,1.6335,-3.15,0.649749,-65806000,-74.590723,-4931617273.952398,0.0565,69.3495,-5.56,-7.71,0,0.06,1.5203,-0.336711,-0.012186,-0.1460
10-16-25,194.139999,194.160004,191.229996,192.289993,1565400,193.9995,190.649163,180.005549,0.259359,0.185463,0.036133,TRUE,TRUE,10.643614,0.199542,-1.95099,27.7041,48.0959,-2.218627,0.7829,-0.5431,4.75,19.98,6.01,22.928832,0.140605,1.10,187.62,0.6692,-0.012423,0.116824,1.4500,1.0349,-3.15,1.147755,-67371400,-61.812992,-4932050035.259755,0.1572,62.0231,-5.72,-5.25,0,0.03,0.8400,-0.341795,-0.012423,-0.9112
10-17-25,191.660004,193.820007,191.660004,193.460007,1309700,194.037,190.844984,180.086082,0.249914,0.185557,0.035933,TRUE,TRUE,10.758902,0.199015,0.613533,26.8550,52.0773,1.272822,0.7063,-0.4957,5.16,20.40,7.98,40.236737,0.389186,1.13,185.64,0.6728,-0.012333,0.113965,1.4456,1.2898,-3.15,0.967054,-66061700,-12.739023,-4931176901.926422,0.1536,61.9639,-4.51,-3.30,0,0.04,1.1242,-0.337588,-0.012333,-0.3108
10-20-25,194.270004,195.970001,194.270004,195.610001,765400,194.1285,191.053281,180.179849,0.239038,0.185714,0.035747,TRUE,TRUE,10.873432,0.202832,6.412466,25.1152,58.3932,5.328873,0.8098,-0.3138,6.09,24.49,8.60,72.041406,0.944371,1.15,188.79,0.6849,-0.012162,0.106937,1.4206,1.5428,-3.15,0.582069,-65296300,-50.698873,-4930735672.469726,0.1213,61.3321,-4.46,-1.27,0,0.06,1.4181,-0.327012,-0.012162,0.7847
10-21-25,195.360001,196.550003,195.259995,196.130005,1041400,194.291501,191.27896,180.278549,0.228018,0.185932,0.035574,TRUE,TRUE,11.000411,0.206806,1.758688,23.8057,59.7741,11.678141,0.9231,-0.1604,5.56,21.80,9.07,79.733784,1.690263,1.11,191.41,0.6850,-0.012123,0.106221,1.4174,1.6679,-3.15,0.807788,-64254900,-33.102075,-4930372385.951782,0.1703,58.4594,-3.32,-0.42,0,0.06,1.5522,-0.325916,-0.012123,0.9605
10-22-25,195.809998,196.119995,193.979996,194.850006,1752400,194.424001,191.440534,180.362457,0.215503,0.186142,0.035412,TRUE,TRUE,11.078077,0.206868,-8.753568,22.3419,54.9405,2.863159,0.8993,-0.1474,4.93,19.60,7.87,60.798875,1.378777,1.16,185.24,0.6888,-0.012169,0.105772,1.4409,1.5623,-3.15,1.32889,-66007300,50.744086,-4930699919.953936,0.1729,47.4627,-4.37,-2.23,0,0.06,1.4333,-0.325226,-0.012169,0.2300
10-23-25,194.940002,196.5,194.940002,196.089996,1504500,194.663501,191.59758,180.44909,0.202154,0.18637,0.035262,TRUE,TRUE,11.14849,0.20718,-2.067487,20.7661,58.4461,0.052885,0.9693,-0.0619,5.18,18.09,8.83,80.693804,2.503917,1.17,173.31,0.6894,-0.011981,0.102512,1.4435,1.9598,-3.15,1.142412,-64502800,-2.267117,-4929986255.178318,0.1744,47.5327,-4.25,-3.24,0,0.08,1.8865,-0.320175,-0.011981,0.8231
10-24-25,197.119995,197.479996,196.800003,196.860001,822800,194.876501,191.771821,180.546325,0.188172,0.186605,0.035122,TRUE,TRUE,11.225496,0.206166,0.265832,19.8023,60.5011,0.727048,1.0745,0.0346,5.66,17.91,9.61,90.801246,2.211835,1.18,172.79,0.6837,-0.011807,0.101432,1.4631,2.3703,-3.15,0.629897,-63680000,-20.648086,-4930663859.522632,0.1149,45.3962,-4.71,-4.09,0,0.10,2.3518,-0.318484,-0.011807,1.1479
10-27-25,198.509995,199.270004,198.190002,199.179993,1147200,195.1675,192.002438,180.653423,0.175787,0.186925,0.034996,TRUE,TRUE,11.349015,0.205196,16.741129,19.7622,65.9629,11.022417,1.3297,0.2319,7.33,19.20,11.85,98.944764,3.009926,1.19,193.65,0.6820,-0.011492,0.096913,2.4298,3.2108,-3.15,0.884666,-62532800,-14.189543,-4929707883.834928,0.1501,52.7446,-2.68,-2.32,0,0.13,3.2962,-0.311309,-0.011492,2.0720
10-28-25,199.589996,199.669998,198.850006,198.520721,1534900,195.368536,192.220069,180.770333,0.1656,0.187317,0.034883,TRUE,TRUE,11.449735,0.20746,9.195295,19.8987,63.2849,4.838816,1.4620,0.2913,7.41,18.09,11.56,87.130149,2.067209,1.19,206.78,0.6533,-0.001305,0.001363,2.4084,2.5247,-3.15,1.163252,-2707800,42.080903,-3242630272.90097,0.0076,54.2975,107.41,118.09,,0.13,3.2367,-0.036923,-0.001305,1.5244
10-29-25,199.529999,199.970001,197.630005,197.713196,4191900,195.462196,192.432522,180.881717,0.156548,0.187679,0.034783,TRUE,TRUE,11.550805,0.204993,9.815671,19.2429,60.0680,-0.433088,1.4845,0.2511,7.65,17.28,11.08,75.549226,0.956495,1.22,213.18,0.6447,-0.001305,0.001363,2.3727,2.7389,-3.15,2.967381,-6899700,80.025768,-3246524114.307129,-0.2002,45.5891,107.65,117.28,,0.13,3.2367,-0.036923,-0.001305,1.0559
10-30-25,197.199997,198.220001,196.699997,196.098145,1446300,195.449104,192.620655,180.985074,0.146644,0.187959,0.034694,TRUE,TRUE,11.635581,0.201638,30.556026,18.0897,54.1405,-11.822391,1.3564,0.0984,7.82,16.29,9.97,58.051371,-0.133355,1.08,212.67,0.6495,-0.001482,0.001791,2.1445,2.0515,-3.15,1.045184,-8346000,-28.54249,-3249115752.075537,-0.3575,45.4685,107.82,116.29,,0.12,2.9307,-0.04232,-0.001482,0.3052
10-31-25,197.320007,197.320007,195.610001,195.699371,2342300,195.410572,192.812583,181.072485,0.136993,0.188066,0.034616,TRUE,TRUE,11.740099,0.194862,18.572126,17.1649,52.7562,-10.528658,1.2088,-0.0394,5.79,14.12,9.47,53.730966,-0.392238,1.06,211.42,0.6425,-0.001371,0.001577,2.0255,2.2720,-3.15,1.641249,-10688300,58.810767,-3251213219.05422,-0.3792,42.3285,,114.12,,0.13,3.3083,-0.039711,-0.001371,0.1366
11-03-25,197.009995,197.080002,195.070007,195.420227,1333000,195.341084,192.942867,181.1584,0.127673,0.188014,0.034549,TRUE,TRUE,11.784467,0.189547,15.612423,16.5833,51.7586,-8.309422,1.0571,-0.1529,6.54,14.34,9.88,47.94312,-0.706148,1.02,208.85,0.6362,-0.001498,0.00192,1.9173,1.8896,-3.15,0.938984,-12021300,-10.144928,-3252081697.490683,-0.4050,41.8376,106.54,114.34,,0.12,2.9920,-0.043815,-0.001498,0.0379
11-04-25,194.289993,195.449997,194.220001,193.92482,1205500,195.246825,193.062394,181.23078,0.117986,0.187704,0.034493,TRUE,TRUE,11.831614,0.18062,1.33216,16.4645,46.6673,-7.473217,0.8069,-0.3225,4.86,14.58,11.01,30.83321,-0.962759,0.96,210.87,0.6448,-0.001439,0.001779,1.9064,1.6278,-3.15,0.849707,-13226800,-1.463136,-3253865802.795301,-0.4400,37.0315,104.86,114.58,,0.13,3.1159,-0.042173,-0.001439,-0.6269
11-05-25,194.270004,196.339996,194.25,194.692459,1211500,195.146947,193.184307,181.299798,0.109498,0.18732,0.034447,TRUE,TRUE,11.884509,0.17571,15.527018,15.7950,49.4179,-3.338348,0.6629,-0.3732,6.00,14.40,11.03,36.491653,-1.015579,0.94,208.39,0.6338,-0.001627,0.002361,1.7727,1.3865,-3.15,0.847769,-12015300,20.53527,-3254564345.717109,-0.4875,43.1646,106.00,114.40,,0.11,2.7048,-0.048595,-0.001627,-0.2181
11-06-25,195.039993,195.039993,192.830002,192.67865,1324400,194.99238,193.260157,181.350902,0.099848,0.186697,0.034413,FALSE,TRUE,11.909256,0.169544,-4.788722,15.8687,43.1331,-8.62546,0.3819,-0.5233,4.04,12.89,10.01,-2.119775,-1.579075,0.95,214.88,0.6426,-0.001767,0.002841,1.8205,0.6184,-3.26,0.917677,-13339700,27.211603,-3256070149.580843,-0.5161,37.1820,104.04,112.89,,0.10,2.3748,-0.053304,-0.001767,-1.0767
11-07-25,192.600006,193.25,190.899994,192.618835,1772400,195.072822,193.328029,181.397286,0.089816,0.185929,0.034389,FALSE,TRUE,11.930742,0.162881,-21.025417,16.7272,42.9584,-3.708922,0.1526,-0.6021,4.21,13.22,8.86,18.950829,0.842281,0.95,201.81,0.6425,-0.00174,0.002759,1.9647,0.6253,-3.29,1.213449,-15112100,24.466292,-3255249811.831346,-0.4350,32.2153,104.21,113.22,,0.10,2.4243,-0.052524,-0.00174,-1.2160
11-10-25,194.789993,196.119995,194.300003,195.310562,1166000,195.19435,193.464498,181.459662,0.080899,0.185218,0.034377,TRUE,TRUE,12.004836,0.159537,-4.997167,15.9206,52.3201,2.90226,0.1859,-0.4550,4.57,11.27,8.22,48.628056,1.26014,1.01,195.11,0.6646,-0.001668,0.00255,1.9905,1.2665,-3.29,0.790385,-13946100,33.409611,-3255120957.955848,-0.4348,32.5730,104.57,111.27,,0.11,2.5912,-0.050496,-0.001668,0.0596
11-11-25,195.320007,196.720001,195.320007,195.918701,1078500,195.338785,193.639865,181.532776,0.073647,0.184644,0.034377,TRUE,TRUE,12.107089,0.156747,6.795597,14.8851,54.1510,11.01786,0.2584,-0.3060,4.08,11.42,7.55,55.333001,1.496504,0.98,188.84,0.6652,-0.001645,0.00248,1.9534,1.3912,-3.29,0.731583,-12867600,-1.874261,-3255277037.770562,-0.4580,38.4284,104.08,111.42,,0.11,2.6226,-0.049802,-0.001645,0.3071
11-12-25,197.199997,197.289993,196.289993,196.407196,1099600,195.473644,193.803853,181.602571,0.068015,0.184144,0.034392,TRUE,TRUE,12.201281,0.153368,2.118224,13.9914,55.6250,12.666614,0.3513,-0.1705,4.39,11.66,7.56,60.718828,1.392385,0.97,186.21,0.6638,-0.001563,0.002254,1.9449,1.6100,-3.29,0.742594,-11768000,13.536396,-3256118885.463433,-0.4844,37.2944,104.39,111.66,,0.12,2.8130,-0.047479,-0.001563,0.5014
11-13-25,196.350006,196.759995,194.479996,194.313629,1971400,195.574826,193.892851,181.66468,0.061805,0.18353,0.034419,TRUE,TRUE,12.228171,0.145363,-15.623487,13.6526,48.4377,-3.882408,0.2530,-0.2150,3.55,9.71,6.51,37.636521,1.052388,1.01,173.03,0.6792,-0.001488,0.002053,2.0278,1.2414,-3.29,1.313343,-13739400,25.935863,-3258377983.047457,-0.5387,31.8207,103.55,109.71,,0.13,2.9643,-0.045309,-0.001488,-0.7289
11-14-25,192.949997,195.509995,192.809998,193.785248,2055200,195.591088,193.993427,181.715656,0.054051,0.182798,0.034459,FALSE,TRUE,12.277772,0.135071,-37.18784,13.9951,46.7944,-7.356615,0.1310,-0.2696,3.28,8.68,6.32,31.810932,0.168118,1.03,171.08,0.6788,-0.00138,0.001781,1.8581,1.2590,-3.29,1.335994,-15794600,56.921432,-3258948489.293961,-0.5726,25.7460,103.28,108.68,,0.14,3.1816,-0.042207,-0.00138,-1.0556
11-17-25,193.600006,194.619995,191.529999,191.731552,1302700,195.397166,194.043153,181.763811,0.042634,0.181814,0.034511,FALSE,TRUE,12.279342,0.125736,-42.696039,14.7628,40.9754,-14.649573,-0.1299,-0.4245,2.48,7.21,5.45,9.16822,-1.982746,1.12,191.60,0.6675,-0.001756,0.003174,1.7107,0.2633,-3.74,0.832292,-17097300,70.198589,-3260081245.052309,-0.6130,19.4039,102.48,,,0.10,2.5204,-0.056339,-0.001756,-1.9131
11-18-25,191.279999,192.199997,189.690002,190.485382,28135600,195.114935,194.06217,181.810205,0.027851,0.180471,0.034576,FALSE,TRUE,12.251966,0.112578,-44.234372,16.0497,37.8960,-10.541747,-0.4323,-0.5815,2.03,6.93,5.38,9.324499,-2.878001,1.14,219.75,0.6697,-0.001635,0.00281,1.4178,0.2059,-4.37,9.635793,-45232900,2601.709238,-3270385345.181796,-0.5113,9.7645,102.03,106.93,,0.12,2.8697,-0.053012,-0.001635,-2.1068
11-19-25,191.300003,192.960007,190.850006,191.1633,4873700,194.930599,194.103325,181.855718,0.011288,0.178756,0.034654,FALSE,TRUE,12.247607,0.101489,-32.038873,16.8146,40.5150,-6.279369,-0.6102,-0.6075,2.72,9.05,7.52,19.309255,-1.892074,1.17,236.88,0.6698,-0.001698,0.003035,1.5867,0.2102,-4.37,1.584443,-40359200,178.115727,-3273811748.613214,-0.5357,18.6669,102.72,109.05,,0.11,2.7049,-0.055086,-0.001698,-1.5904
11-20-25,194.25,194.990005,189.220001,188.780609,4122300,194.56513,194.056923,181.885345,-0.007475,0.17654,0.034745,FALSE,TRUE,12.171578,0.086842,-39.793654,16.4803,34.9381,-6.037326,-0.9327,-0.7440,-0.07,7.87,5.93,-5.444765,-3.727568,1.34,271.86,0.6894,-0.00171,0.003071,1.8935,-0.3330,-5.22,1.285463,-44481500,173.998006,-3278561883.854379,-0.5990,18.0616,99.93,107.87,,0.11,2.6475,-0.055415,-0.00171,-2.1278
11-21-25,189.820007,193.509995,189.820007,191.392593,4583500,194.291759,194.077924,181.92684,-0.026633,0.173939,0.034852,FALSE,TRUE,12.151084,0.077058,-20.424689,16.1699,44.0330,6.136999,-0.9663,-0.6221,1.83,10.50,7.15,26.921862,-2.777307,1.42,275.04,0.7118,-0.001726,0.003128,2.0082,0.1250,-5.22,1.350115,-39898000,457.061254,-3279238623.290009,-0.5658,25.2096,101.83,110.50,,0.11,2.5741,-0.05593,-0.001726,-1.0541
11-24-25,192.660004,194.100006,192.020004,193.087387,1851400,193.987129,194.120252,181.984009,-0.044669,0.170995,0.034975,FALSE,TRUE,12.136243,0.06868,-4.204229,15.5818,49.0133,8.498314,-0.8465,-0.4018,2.38,9.24,7.80,47.923044,-3.058844,1.46,250.71,0.7183,-0.001583,0.002667,2.0305,0.5938,-5.22,0.53975,-38046600,61.38424,-3279189878.290559,-0.5733,28.2189,102.38,109.24,,0.12,2.8683,-0.051644,-0.001583,-0.3589
11-25-25,193.580002,196.240005,193.020004,195.39032,2470000,193.830609,194.212258,182.046039,-0.059992,0.167891,0.035115,TRUE,TRUE,12.16622,0.061556,3.252806,14.8854,54.8878,19.949707,-0.5593,-0.0917,3.44,11.29,8.38,76.460033,-1.576864,1.47,229.82,0.7265,,,2.0217,1.2797,-5.22,0.710411,-35576600,60.922536,-3278023432.828862,-0.5090,29.8043,103.44,111.29,,0,0,,,0.6787
11-26-25,196.779999,197.910004,196.619995,196.736191,1368200,193.781759,194.321182,182.113954,-0.07222,0.164688,0.035273,TRUE,TRUE,12.207228,0.057973,19.520379,14.8899,57.9379,13.904891,-0.2205,0.1977,3.97,11.74,8.72,86.492376,-0.494153,1.48,222.04,0.7281,,,2.0891,1.3219,-5.22,0.410172,-34208400,-67.360863,-3279145155.503982,-0.4890,32.1964,103.97,111.74,,0,0,,,1.3306
11-28-25,197.600006,198.210007,197.320007,197.473923,696100,193.850548,194.430261,182.188388,-0.081146,0.16137,0.035451,TRUE,TRUE,12.241873,0.057932,22.619575,15.0059,59.5522,10.538883,0.1063,0.4196,4.77,12.05,8.54,91.812197,0.701576,1.44,231.52,0.7215,,,2.3054,1.1488,-5.22,0.211057,-33512300,-51.87029,-3279600490.139742,-0.4621,34.0582,104.77,112.05,,0,0,,,1.5650
12-01-25,196.820007,198.649994,196.759995,197.065186,1540600,193.918839,194.517364,182.251095,-0.087301,0.157924,0.035646,TRUE,TRUE,12.266269,0.054922,9.147665,14.8169,58.2190,3.331203,0.3285,0.5134,5.30,11.32,7.84,83.19396,0.697914,1.38,239.15,0.7174,,,2.2874,1.2941,-5.22,0.472855,-35052900,-34.227042,-3280643547.845433,-0.4517,31.7473,105.30,111.32,,0,0,,,1.3157
12-02-25,197.940002,198.869995,197.630005,197.822845,1586300,194.038969,194.598221,182.321018,-0.090594,0.154448,0.035859,TRUE,TRUE,12.277204,0.05352,9.850401,14.7344,60.0063,2.068452,0.5593,0.5954,5.11,11.05,8.43,89.148701,1.229462,1.39,252.74,0.7181,,,2.4139,1.3391,-5.22,0.484997,-33466600,19.002251,-3281736452.014561,-0.4533,32.3809,105.11,111.05,,0,0,,,1.4972
12-03-25,197.970001,199.380005,197.899994,198.510742,1577800,194.268266,194.711036,182.392045,-0.090141,0.150983,0.036093,TRUE,TRUE,12.318991,0.05326,10.770829,14.8783,61.6120,2.059786,0.7886,0.6598,4.55,11.02,8.20,91.444268,2.364794,1.39,271.73,0.7189,,,2.6777,1.4093,-5.22,0.479668,-31888800,30.883451,-3282012047.284372,-0.4278,32.9681,104.55,111.02,,0,0,,,1.5613
12-04-25,199.679993,199.690002,198.600006,198.670258,1427800,194.467155,194.840441,182.460742,-0.086953,0.147605,0.036348,TRUE,TRUE,12.379699,0.052035,24.759229,15.1480,61.9931,3.774043,0.9720,0.6745,5.25,11.40,7.88,90.260318,2.043119,1.35,289.01,0.7178,,,2.6788,1.5246,-5.22,0.432644,-30461000,17.8539,-3283255800.718311,-0.4347,35.8321,105.25,111.40,,0,0,,,1.4543
12-05-25,199.419998,200.479996,199.419998,199.148773,1407500,194.790662,194.997417,182.534364,-0.080561,0.144303,0.036624,TRUE,TRUE,12.463053,0.054445,30.56817,15.7417,63.1740,3.167656,1.1428,0.6763,5.23,10.91,8.12,88.177414,3.357987,1.32,303.77,0.7068,,,2.7755,1.2436,-5.22,0.425956,-29053500,6.274539,-3285383583.79829,-0.4436,38.7809,105.23,110.91,,0,0,,,1.4347
12-08-25,200.059998,200.059998,198.179993,197.94249,1428500,195.056844,195.104266,182.617348,-0.068793,0.140972,0.036918,TRUE,TRUE,12.486918,0.053145,37.194138,15.4923,58.2596,-3.352395,1.1674,0.5607,4.44,10.64,6.99,77.464411,2.763828,1.28,307.05,0.7096,,,2.5959,1.1607,-5.22,0.434573,-30482000,-19.403069,-3287173011.700699,-0.4856,38.6647,104.44,110.64,,0,0,,,0.9398
12-09-25,198.389999,198.860001,198.279999,197.802917,1655700,195.181462,195.193125,182.702514,-0.053302,0.137634,0.03723,TRUE,TRUE,12.49061,0.052259,46.931038,15.2608,57.7003,-4.29275,1.1622,0.4444,4.60,9.70,7.37,76.224871,1.276099,1.23,313.13,0.7090,,,2.3280,1.0122,-5.22,0.499967,-32137700,41.998285,-3291552508.296422,-0.5501,71.3874,104.60,109.70,,0,0,,,0.8372
12-10-25,198.300003,199.800003,197.880005,198.730072,1518500,195.322031,195.277726,182.79326,-0.033503,0.134326,0.037558,TRUE,TRUE,12.484466,0.052206,47.76599,15.5091,60.4186,-2.755343,1.2188,0.4008,3.99,10.57,7.64,84.458929,1.434968,1.20,322.77,0.7106,,,2.0674,1.2196,-5.22,0.455511,-30619200,40.797404,-3291726395.607773,-0.5467,67.9889,103.99,110.57,,0,0,,,1.0559
12-11-25,199.190002,201.009995,198.759995,200.394958,1642600,195.521419,195.368825,182.89377,-0.008701,0.131122,0.037906,TRUE,TRUE,12.475055,0.05529,76.796524,16.2791,64.7939,6.534293,1.3821,0.4513,5.28,11.11,9.06,94.503693,2.030355,1.07,341.60,0.7171,,,1.9902,1.4210,-5.22,0.488757,-28976600,49.381593,-3290981802.853324,-0.5187,81.1573,105.28,111.11,,0,0,,,1.4267
12-12-25,201.080002,201.649994,199.089996,198.899551,3550600,195.750715,195.419616,182.999714,0.020902,0.127895,0.03827,TRUE,TRUE,12.419903,0.056652,53.594492,17.2589,58.5351,0.834835,1.3750,0.3554,4.15,12.08,8.49,71.43878,2.360062,1.00,348.39,0.7238,,,1.5998,0.9956,-5.22,1.032232,-32527200,80.105509,-3295060679.78392,-0.5332,65.3673,104.15,112.08,,0,0,,,0.9038
12-15-25,200.520004,200.740005,199.059998,199.078995,1896800,196.015402,195.471796,183.093495,0.054279,0.124674,0.038652,TRUE,TRUE,12.378301,0.059097,47.965064,18.1452,59.0463,-1.3723,1.3681,0.2787,4.34,11.17,8.02,70.208549,2.73176,0.97,352.75,0.7228,,,1.2807,0.8985,-5.22,0.552711,-30630400,-7.707279,-3296914582.516866,-0.5531,57.4951,104.34,111.17,,0,0,,,0.8685
12-16-25,198.630005,198.949997,197.169998,198.190002,1893600,196.338325,195.499396,183.195096,0.088569,0.121399,0.039049,TRUE,TRUE,12.3043,0.061543,25.273215,17.6104,55.4022,-9.391736,1.2762,0.1495,3.61,11.75,8.35,31.212877,3.368486,0.92,340.83,0.7226,,,1.1319,0.5319,-5.22,0.547069,-32524000,45.359638,-3296637978.679878,-0.5281,48.3793,103.61,111.75,,0,0,,,0.5433
12-17-25,198.320007,198.699997,196.360001,196.360001,1757900,196.632056,195.510396,183.296685,0.121184,0.118004,0.039461,TRUE,TRUE,12.213712,0.059202,-3.253734,16.6130,48.7344,-9.800764,1.0437,-0.0665,2.26,11.47,7.80,0,3.084026,0.93,311.81,0.7304,,,1.1544,0.3619,-5.22,0.820502,-34281900,-93.752044,-3298395878.679878,-0.6537,41.8328,102.26,111.47,,0,0,,,-0.0872
12-18-25,198.089996,199.119995,197.320007,197.770004,1557900,196.962391,195.531996,183.395938,0.153326,0.11461,0.039886,TRUE,TRUE,12.136059,0.057843,2.420139,15.9221,53.3891,-5.657232,0.9620,-0.1185,2.63,12.88,8.60,26.654167,3.456053,0.97,284.64,0.7339,,,1.1417,0.7442,-5.22,0.78814,-32724000,-68.034553,-3299174828.679878,-0.6416,43.8799,102.63,112.88,,0,0,,,0.2837
12-19-25,197.869995,199.169998,197.869995,198.839996,1262600,197.46536,195.593396,183.51509,0.183827,0.111322,0.040326,TRUE,TRUE,12.078306,0.056403,13.763211,15.3095,56.6088,1.20666,0.9725,-0.0864,2.61,12.23,9.59,46.880886,5.328613,0.94,212.09,0.7334,,,1.0721,1.1088,-5.22,0.688555,-31461400,-69.371467,-3298553243.039538,-0.5451,49.5876,102.61,112.23,,0,0,,,0.6482
12-22-25,199.710007,200,199.479996,199.869995,987300,197.88923,195.770596,183.636364,0.211706,0.108251,0.040781,TRUE,TRUE,12.134233,0.058437,15.546795,15.2194,59.5084,10.774019,1.0518,-0.0057,3.63,11.55,13.11,66.351587,4.429326,0.91,163.47,0.7314,,,1.0181,1.0534,-5.22,0.596958,-30474100,-78.459692,-3298059607.524999,-0.5690,48.3293,103.63,111.55,,0,0,,,1.2117
12-23-25,199.360001,200.259995,199.360001,200.160004,922700,198.242861,195.916196,183.778702,0.234417,0.105499,0.04125,TRUE,TRUE,12.137495,0.061829,12.915352,15.2821,60.3126,6.923442,1.1250,0.0540,4.14,11.86,13.41,71.833797,3.66291,0.89,126.43,0.7302,,,0.9871,0.9647,-5.22,0.574015,-29551400,-50.16204,-3297341934.587492,-0.5646,46.8686,104.14,111.86,,0,0,,,1.5164
12-24-25,200.110001,201.169998,200.110001,201.024994,552367,198.524595,196.076096,183.935941,0.252282,0.102961,0.041735,TRUE,TRUE,12.140155,0.068194,17.474528,15.8341,62.6925,6.083653,1.2386,0.1341,5.08,11.73,12.81,88.18524,2.883804,0.88,122.23,0.7286,,,1.2230,0.9098,-5.22,0.365426,-28999033,-77.636964,-3296940691.661915,-0.6257,44.7702,105.08,111.73,,0,0,,,2.0456
12-26-25,201.050003,201.350006,200.649994,201.029999,629700,198.739285,196.222496,184.091418,0.265384,0.100717,0.042236,TRUE,TRUE,12.131078,0.076476,14.46903,16.4415,62.7064,3.198013,1.3139,0.1675,4.38,10.98,11.96,88.279851,2.182521,0.84,126.79,0.7239,-0.003479,0.007587,1.1994,0.6648,-5.22,0.427019,-28369333,-53.976027,-3296886720.513602,-0.6016,42.7539,104.38,110.98,,0.03,0.7443,-0.087104,-0.003479,1.8067
12-29-25,200.300003,201.059998,199.910004,200.5,1054800,198.890589,196.386696,184.258894,0.274279,0.09867,0.042752,TRUE,TRUE,12.127802,0.084482,20.749826,16.3754,60.1444,-0.168123,1.3156,0.1354,3.69,9.94,10.84,78.260957,1.532393,0.82,128.93,0.7244,-0.003521,0.007781,1.1291,0.4710,-5.22,0.706697,-29424133,51.529953,-3296859204.965477,-0.5782,43.4982,-2.10,-7.81,0,0.03,0.6488,-0.088207,-0.003521,1.2483
12-30-25,200.300003,200.690002,200.009995,200.100006,881300,199.04233,196.519496,184.40838,0.27884,0.096863,0.043281,TRUE,TRUE,12.111116,0.091788,18.25132,16.3141,58.2114,-4.481046,1.2700,0.0718,2.88,9.36,10.55,70.699626,1.540008,0.81,124.09,0.7250,-0.003567,0.007968,1.0517,0.3774,-5.22,0.60379,-30305433,-42.795015,-3297507192.334488,-0.5777,45.1466,-2.59,,0,0.03,0.5477,-0.089264,-0.003567,0.8524
12-31-25,200.220001,200.220001,198.589996,198.619995,937700,199.082188,196.579696,184.541925,0.278164,0.095164,0.043823,TRUE,TRUE,12.037771,0.097043,-0.837805,15.1657,51.6028,-11.103564,1.1018,-0.0771,1.42,8.25,10.79,42.722068,0.402961,0.80,121.21,0.7316,-0.00371,0.00846,1.0561,0.0439,-5.22,0.657028,-31243133,-40.8876,-3298410377.277947,-0.5842,38.7256,-3.33,-8.72,0,0.01,0.1942,-0.091977,-0.00371,-0.3813
01-02-26,199.889999,199.949997,198.179993,199.190002,1995300,199.116151,196.640896,184.687025,0.274009,0.09363,0.044379,TRUE,TRUE,11.953871,0.101437,-10.004738,14.3892,53.7792,-6.365198,1.0029,-0.1408,1.44,7.95,12.31,53.497267,0.342178,0.78,120.47,0.7291,-0.003577,0.007921,1.0808,0.3326,-5.22,1.377914,-29247833,26.460895,-3298128538.723304,-0.5565,29.7572,-3.72,-8.85,0,0.02,0.5010,-0.089,-0.003577,0.0613
01-05-26,200.110001,202.050003,199.979996,201.179993,1279500,199.241637,196.767496,184.834013,0.267497,0.092276,0.044949,TRUE,TRUE,11.933483,0.110396,18.187604,14.4198,60.4637,2.252303,1.0728,-0.0568,2.40,9.84,13.75,84.709842,1.263267,0.79,128.39,0.7378,-0.003434,0.007134,1.1006,0.5257,-5.22,0.888145,-27968333,-10.386609,-3297924569.48403,-0.5091,40.9283,-2.48,-8.27,0,0.03,0.7076,-0.084465,-0.003434,1.5097
01-06-26,201.520004,203.089996,201.339996,202.910004,1137100,199.429699,196.903896,184.992885,0.2616,0.091115,0.045536,TRUE,TRUE,11.911011,0.120383,27.19148,14.9900,65.1785,13.575664,1.2533,0.0990,3.10,10.66,15.03,97.325516,1.888654,0.78,152.29,0.7422,-0.0032,0.006126,1.7720,0.9959,-5.22,0.796778,-26831233,-19.211368,-3297021377.680179,-0.4077,49.5886,-2.15,-8.44,0,0.06,1.2046,-0.078269,-0.0032,2.2854
01-07-26,202.710007,203.199997,201.889999,201.929993,1705200,199.629074,197.005296,185.1485,0.255778,0.090109,0.046137,TRUE,TRUE,11.856796,0.120299,26.375064,15.5751,60.7583,6.979108,1.3022,0.1184,3.13,9.45,13.40,81.432676,2.014476,0.77,157.79,0.6704,-0.003018,0.006689,1.6644,1.8715,-5.22,1.183379,-28536433,19.369968,-3298622460.613599,-0.3973,50.0369,-1.78,-8.35,0,0.09,2.1365,-0.081788,-0.003018,1.4582
01-08-26,201.539993,202.729996,201.220001,202.410004,1481100,199.859428,197.069896,185.291733,0.248339,0.089318,0.046754,TRUE,TRUE,11.778163,0.123565,47.15501,15.5748,62.1136,1.649874,1.3640,0.1441,2.91,9.72,13.23,86.564716,2.32913,0.73,163.26,0.6606,0.002855,0.003142,1.4249,1.6024,-5.22,1.034123,-27055333,-10.545389,-3297769098.325177,-0.2170,50.7563,-2.78,-8.56,0,0.09,2.2105,0.056054,0.002855,1.5622
01-09-26,203.080002,204.410004,202.820007,204.070007,1058800,200.126425,197.180882,185.441923,0.2399,0.088835,0.047384,TRUE,TRUE,11.738959,0.129276,48.165042,16.4368,66.4313,1.25279,1.5293,0.2475,4.24,11.26,15.03,94.801286,2.687029,0.70,185.92,0.6674,0.003016,0.003439,1.7466,1.8803,-5.22,0.751325,-25996533,-30.273296,-3297163114.616611,-0.1929,49.3231,-2.73,-8.14,0,0.11,2.5046,0.058643,0.003016,2.1212
01-12-26,203.229996,204.479996,202.990005,204.229996,974000,200.318177,197.311218,185.600278,0.230123,0.088701,0.048029,TRUE,TRUE,11.71094,0.135789,44.289126,17.2702,66.8237,6.065381,1.6542,0.2979,6.92,11.33,14.89,96.031748,1.913739,0.70,207.37,0.6666,0.002951,0.0033,1.6738,1.7740,-5.22,0.707945,-25022533,-40.703762,-3296515962.396391,-0.2011,48.4802,-2.15,-7.90,0,0.10,2.3953,0.057447,0.002951,1.8864
01-13-26,204.309998,204.350006,202.880005,203.529999,975000,200.549699,197.459855,185.756577,0.220061,0.08891,0.048687,TRUE,TRUE,11.703278,0.138162,30.912123,17.9464,63.3350,1.221435,1.6773,0.2568,5.52,11.72,16.21,84.920691,2.328033,0.72,216.35,0.6603,0.002951,0.003364,1.5762,1.9473,-5.22,0.781856,-25997533,-72.539852,-3296628726.310942,-0.0629,42.1764,,-8.34,0,0.11,2.5760,0.058,0.002951,1.3775
01-14-26,202.860001,203.110001,201.440002,202.610001,1117700,200.72625,197.598067,185.925495,0.209484,0.08945,0.049358,TRUE,TRUE,11.672572,0.140386,19.647103,17.3902,58.9770,-7.454285,1.6029,0.1460,4.96,10.76,15.49,70.317552,1.773671,0.76,218.12,0.6605,0.002822,0.003073,1.4986,1.5218,-5.22,0.925188,-27115233,-41.074441,-3296180308.481895,0.0304,35.8226,-2.57,-8.71,0,0.09,2.1382,0.055437,0.002822,0.8636
01-15-26,204.460007,204.649994,203.220001,203.490005,1518700,200.99125,197.759463,186.092444,0.200707,0.090228,0.050041,TRUE,TRUE,11.667019,0.147188,19.743736,17.7139,61.6923,-5.131433,1.5966,0.1117,5.05,10.58,16.00,82.07128,2.674203,0.79,217.88,0.6483,0.002623,0.002755,1.4420,1.2743,-5.22,1.276934,-25596533,-19.798268,-3297125501.364647,-0.0205,39.5945,-1.99,-8.04,0,0.08,1.8918,0.052492,0.002623,1.1469
01-16-26,203.850006,203.880005,202.800003,203.309998,1009900,201.33875,197.947166,186.256501,0.194536,0.091278,0.050735,TRUE,TRUE,11.690665,0.154139,18.00942,17.6920,60.8057,-2.529335,1.5590,0.0593,5.73,10.75,14.08,79.289087,3.539416,0.81,194.27,0.6481,0.002595,0.0027,1.3851,1.1300,-5.22,0.8767,-26606433,-42.550771,-3297181618.8105,0.0527,35.0319,-1.95,-8.21,0,0.07,1.7435,0.05196,0.002595,1.0147
01-20-26,200.320007,201.460007,199.309998,199.529999,1515300,201.426749,198.043917,186.396831,0.187759,0.092386,0.051436,TRUE,TRUE,11.647086,0.152324,-6.096789,17.2721,45.8913,-13.085744,1.2103,-0.2315,3.14,8.46,11.95,20.865624,0.88992,0.93,180.77,0.6881,0.002697,0.002582,1.4347,0.6003,-5.22,1.317878,-28121733,-2.73445,-3298386810.503366,0.0343,34.1265,-3.89,-8.92,0,0.05,1.1773,0.050809,0.002697,-1.0492
01-21-26,200.130005,202.880005,199.830002,201.970001,1725900,201.58325,198.229744,186.587434,0.184447,0.09365,0.052147,TRUE,TRUE,11.64231,0.156351,10.417775,16.0969,53.7733,-7.918985,1.1180,-0.2591,3.25,9.54,12.55,58.578174,1.574132,1.01,170.45,0.7007,0.002797,0.002677,1.3616,0.8110,-5.22,1.471395,-26395833,36.694123,-3297690794.928911,0.0368,41.9040,-3.09,-8.02,0,0.06,1.3839,0.051743,0.002797,0.2269
01-22-26,203.380005,203.639999,202.320007,202.630005,1119200,201.72125,198.429968,186.826727,0.183607,0.095073,0.052865,TRUE,TRUE,11.603241,0.162439,23.409232,15.2749,55.6550,-5.150669,1.0855,-0.2332,3.31,9.06,12.02,68.779156,1.380903,1.01,166.99,0.7002,0.002774,0.002638,1.1656,0.7866,-5.22,0.948826,-25276633,13.359668,-3298284311.060554,-0.0095,47.4914,-4.77,-8.62,0,0.06,1.3592,0.051364,0.002774,0.5442
01-23-26,202.690002,203.360001,202.199997,202.679993,901100,201.84725,198.577356,187.070749,0.184388,0.096688,0.05359,TRUE,TRUE,11.506608,0.172219,21.01136,14.4441,55.8018,9.910512,1.0517,-0.2136,4.02,9.15,11.08,63.108566,1.258987,0.98,164.07,0.6844,0.002587,0.0024,0.9823,0.3588,-5.22,0.764627,-24375533,-2.340956,-3298439682.121562,-0.0466,50.3649,-4.07,-9.00,0,0.04,0.9322,0.048991,0.002587,0.5075
01-26-26,203.029999,204.070007,202.990005,203.729996,1092700,201.9825,198.733582,187.33082,0.186129,0.098609,0.054323,TRUE,TRUE,11.402762,0.18241,16.273123,14.0474,58.8799,5.106634,1.0970,-0.1347,3.90,9.28,11.12,82.771558,1.345605,0.93,168.04,0.6856,0.002708,0.002622,0.8999,0.6858,-5.22,0.906429,-23282833,97.821376,-3298035000.717473,-0.0454,49.8730,-3.48,-8.22,0,0.05,1.2664,0.051206,0.002708,1.0399
01-27-26,203.970001,204.580002,203.820007,204.139999,1015300,202.138,198.888238,187.527097,0.188282,0.100806,0.055065,TRUE,TRUE,11.361141,0.191614,8.571386,13.9420,60.0499,4.394908,1.1527,-0.0632,3.70,9.56,11.65,90.449535,1.547033,0.89,173.07,0.6832,0.002749,0.002723,0.8832,0.9236,-5.22,0.828965,-22267533,61.235509,-3298195326.264083,-0.0534,49.5440,-2.88,-8.06,0,0.07,1.5096,0.05218,0.002749,1.1567
01-28-26,204.429993,204.869995,203.690002,204.270004,6841100,202.3265,199.087366,187.74866,0.190406,0.103201,0.055814,TRUE,TRUE,11.338706,0.197936,17.3334,13.9951,60.4344,4.632581,1.1936,-0.0179,2.56,10.07,12.67,89.208793,1.880301,0.88,174.82,0.6736,0.002898,0.003114,0.8441,1.2827,-5.22,4.518277,-15426433,548.568449,-3298311214.13715,-0.0479,68.8347,-4.09,-7.25,0,0.08,1.8874,0.055806,0.002898,1.1117
01-29-26,205.029999,205.479996,201.940002,204.740005,3248600,202.5585,199.306461,187.958887,0.193073,0.10586,0.056571,TRUE,TRUE,11.347574,0.2039,17.27206,13.0579,61.8631,2.983178,1.2495,0.0304,3.13,10.77,12.22,88.006638,2.31884,0.95,174.50,0.6729,0.002974,0.003286,0.9719,1.4544,-5.22,1.990003,-12177833,268.614547,-3296420770.540896,0.0333,63.7330,-3.74,-7.05,0,0.09,2.0654,0.057324,0.002974,1.2501
01-30-26,203.220001,203.869995,201.460007,202.419998,2173800,202.7485,199.52023,188.150545,0.193796,0.108632,0.057334,TRUE,TRUE,11.369684,0.205084,-11.660835,12.4605,51.9002,-8.1497,1.0940,-0.1000,2.38,10.21,11.29,50.405211,1.913203,1.01,148.04,0.6903,0.003162,0.003528,1.0142,1.0381,-5.22,1.283034,-14351633,131.822545,-3296862753.556073,0.0457,56.7360,-2.64,-4.66,0,0.07,1.6391,0.059398,0.003162,-0.2219
