Date,Open,High,Low,Close,Volume,SMA20,SMA50,SMA200,SMA20_Slp,SMA50_Slp,SMA200_Slp,>MA50,>MA200,GoldenX,LinReg_Slp,Chande,ADX14,RSI14,RSI_D3,MACD_Line,MACD_Hist,RET_3M_pct,RET_6M_pct,RET_12M_pct,StochK14,ROC20_pct,ATR_pct,StdDev20,Vol60,Beta60,R2_60,Ulcer14,Sharpe60,MaxDD_6M_pct,Vol_vs_Avg,OBV,VolROC20,AD_Line,CMF20,MFI14,RS_3M,RS_6M,RS_Bench,Alpha60,InfoRatio,Corr60,Beta,ZScore
07-02-24,136.559998,137.080002,136.479996,134.433167,3600,134.556142,134.610737,126.934656,-0.077916,0.00174,0.068957,FALSE,TRUE,7.676081,0.0332,3.686121,7.8421,48.5358,-1.038371,-0.0887,-0.0413,-1.73,4.68,13.39,-26.766532,0.198561,2.18,50.03,0.6880,0.004183,0.012249,0.8563,-0.9055,-6.51,0.550038,-124200,80,-79029192.791472,-8.0326,81.1026,-1.24,-0.43,0,-0.02,-0.3631,0.110673,0.004183,-0.2458
07-03-24,137.679993,137.679993,137.110001,134.541061,16600,134.591965,134.675906,127.019204,-0.072684,0.000696,0.069451,FALSE,TRUE,7.656703,0.037856,-6.859809,7.5697,49.2083,-1.52252,-0.0854,-0.0304,-1.87,5.13,13.03,-23.68382,0.535373,2.13,46.99,0.6870,0.004153,0.012117,0.8765,-0.9835,-6.51,2.281787,-107600,730,-79195424.316034,-8.1752,77.6404,-2.67,-1.74,0,-0.02,-0.4472,0.110079,0.004153,-0.1083
07-05-24,137.110001,137.179993,137.059998,134.462585,1300,134.570093,134.709393,127.104662,-0.065997,-0.000195,0.069944,FALSE,TRUE,7.604731,0.04321,1.290938,7.2678,48.7098,4.677114,-0.0881,-0.0264,-0.82,6.67,13.53,-25.925991,-0.324269,2.14,46.50,0.6857,0.004083,0.01176,0.8716,-1.1236,-6.51,0.193741,-108900,-89.68254,-79253003.868424,-8.8305,80.9661,-1.22,0.47,0,-0.03,-0.5939,0.108442,0.004083,-0.2312
07-08-24,137.679993,137.679993,137.389999,134.776413,6300,134.578088,134.752676,127.192705,-0.057533,-0.000957,0.070434,TRUE,TRUE,7.559971,0.045608,18.279462,7.4450,50.8542,2.318422,-0.0641,-0.0020,-1.28,7.10,14.88,-29.135158,0.118791,2.20,46.72,0.6565,0.004347,0.014544,0.7906,-0.4511,-6.51,0.906475,-102600,320,-79372862.321463,-9.0415,85.2359,-0.85,0.97,0,0.01,0.1438,0.120599,0.004347,0.4245
07-09-24,137,137.710007,137,134.452789,1700,134.592879,134.792419,127.28251,-0.048446,-0.001494,0.070919,FALSE,TRUE,7.50991,0.047912,-0.504431,7.1962,48.5977,-0.610611,-0.0704,-0.0066,-1.79,6.52,14.15,-75.98468,0.220504,2.18,45.78,0.6567,0.004279,0.014089,0.7923,-0.6205,-6.51,0.262548,-104300,-84.821429,-79386760.116481,-8.8858,78.8450,-1.10,0.97,0,-0.00,-0.0370,0.118696,0.004279,-0.3060
07-10-24,137.770004,138.220001,137.770004,135.551178,1300,134.640591,134.843963,127.388287,-0.038102,-0.001823,0.071401,TRUE,TRUE,7.455676,0.04738,10.479327,7.4394,55.7710,7.061256,0.0130,0.0615,-1.28,6.08,13.81,-32.22408,0.708949,2.20,50.54,0.6087,0.00475,0.020239,0.7764,0.5737,-6.51,0.20265,-103000,-48,-79400880.088676,-8.9668,77.5828,-1.63,-0.39,0,0.05,1.2826,0.142264,0.00475,1.8015
07-11-24,139.899994,140,139.610001,136.943756,2700,134.781321,134.90791,127.502717,-0.02566,-0.001957,0.071882,TRUE,TRUE,7.405193,0.046933,28.391823,8.9825,62.8496,11.995372,0.1894,0.1902,1.31,7.67,13.58,16.037242,2.09843,2.27,70.71,0.6090,0.005089,0.023194,1.5906,1.4136,-6.51,0.423529,-100300,-22.857143,-79440497.378085,-9.0825,85.1138,-0.50,-0.06,0,0.08,2.1800,0.152297,0.005089,3.0580
07-12-24,140.759995,141.809998,140.759995,138.503021,1900,134.953922,135.043324,127.622819,-0.010872,-0.001791,0.072365,TRUE,TRUE,7.420505,0.04799,38.577278,11.3493,68.8593,20.261596,0.4497,0.3605,2.28,8.72,14.31,39.321501,2.556091,2.34,109.26,0.6220,0.005364,0.024694,2.5718,2.0108,-6.51,0.388548,-98400,-93.987342,-79450565.448072,-9.7519,84.8733,-0.62,0.46,0,0.11,2.8052,0.157144,0.005364,3.2482
07-15-24,141.429993,141.809998,141.130005,138.552063,3200,135.162808,135.188908,127.751153,0.004763,-0.001301,0.072849,TRUE,TRUE,7.437755,0.047237,33.950892,13.5470,69.0290,13.258007,0.6525,0.4506,4.45,9.05,13.52,40.221351,3.109015,2.31,134.60,0.6140,0.005487,0.026524,2.5446,2.3383,-6.51,0.66459,-95200,-31.914894,-79478028.691946,-9.9898,83.8395,0.26,0.01,0,0.12,3.1670,0.162861,0.005487,2.5181
07-16-24,142.690002,143.869995,142.690002,140.925354,3700,135.528606,135.362796,127.889558,0.022832,-0.000389,0.073336,TRUE,TRUE,7.473238,0.049873,58.914477,16.3966,75.8793,13.029675,0.9933,0.6331,7.21,11.13,16.36,60.790369,5.475636,2.44,181.43,0.6478,0.005872,0.027259,3.9330,2.9220,-6.51,0.762101,-91500,27.586207,-79492795.199989,-9.9088,87.1249,1.19,1.19,0,0.15,3.7617,0.165103,0.005872,2.9746
07-17-24,142.800003,143.479996,142.660004,139.905426,6800,135.799767,135.488128,128.01772,0.041623,0.000805,0.073825,TRUE,TRUE,7.470408,0.050121,51.571016,19.0092,68.8331,-0.026207,1.1676,0.6459,6.79,11.00,14.92,47.209428,4.032654,2.47,204.08,0.6568,0.005785,0.025722,3.7404,2.6115,-6.51,1.596244,-98300,-63.636364,-79545281.319939,-11.3155,81.4650,0.72,1.39,0,0.14,3.4225,0.16038,0.005785,2.0118
07-18-24,143.440002,143.460007,141.160004,138.542282,7600,135.983647,135.569185,128.140861,0.059385,0.002228,0.074314,TRUE,TRUE,7.428324,0.049675,32.887086,19.8899,60.7178,-8.311179,1.1821,0.5284,6.46,10.85,13.02,29.058363,2.726891,2.53,211.64,0.6628,0.005464,0.022531,3.5771,1.8209,-6.51,1.731207,-105900,52,-79570181.022062,-10.2408,69.8169,1.03,0.57,0,0.11,2.5697,0.150102,0.005464,1.2090
07-19-24,141.330002,141.330002,140.449997,137.885193,6800,136.141537,135.631431,128.26688,0.075328,0.003832,0.074801,TRUE,TRUE,7.364551,0.050299,24.698142,20.0769,57.2160,-18.663244,1.1276,0.3791,5.97,9.74,12.00,20.308833,2.343849,2.52,213.54,0.6521,0.00515,0.020688,3.4367,1.1932,-6.51,1.517857,-112700,36,-79616618.683318,-9.9294,60.2234,0.89,-0.13,0,0.08,1.9069,0.143833,0.00515,0.8165
07-22-24,141.149994,141.839996,140.990005,138.963959,3100,136.340128,135.717206,128.406347,0.090419,0.005638,0.075287,TRUE,TRUE,7.310859,0.052111,43.203573,20.5243,61.1749,-7.658174,1.1581,0.3276,6.85,9.63,13.30,33.612493,2.942246,2.57,220.64,0.6580,0.005329,0.021751,3.1758,1.5502,-6.51,0.690423,-109600,6.896552,-79634497.065869,-9.7844,63.2488,1.59,-0.27,0,0.09,2.2817,0.147482,0.005329,1.1892
07-23-24,141.649994,141.899994,141.369995,138.640335,2900,136.488211,135.774414,128.540218,0.105499,0.007637,0.075774,TRUE,TRUE,7.234197,0.052791,35.839433,20.9724,59.3992,-1.318609,1.1430,0.2500,5.60,8.49,12.93,23.876801,2.182856,2.55,225.84,0.6588,0.005314,0.02158,2.9593,1.4993,-6.51,0.676779,-112500,-58.571429,-79667268.885988,-10.1791,62.9210,1.14,-1.03,0,0.09,2.2277,0.1469,0.005314,0.9529
07-24-24,141.059998,141.160004,139.25,136.561279,4700,136.568137,135.789064,128.665634,0.118034,0.009677,0.076262,TRUE,TRUE,7.12343,0.050581,14.735255,19.6540,49.4655,-7.750523,0.9522,0.0474,2.84,6.94,11.17,-6.386041,1.18442,2.55,222.97,0.6882,0.005034,0.017732,2.8243,0.7112,-6.51,1.057368,-117200,213.333333,-79685201.308056,-9.7405,46.3583,-0.27,-1.38,0,0.06,1.3618,0.133162,0.005034,-0.0031
07-25-24,139.429993,141.210007,139.429993,136.865265,4300,136.689742,135.810966,128.786456,0.128806,0.011739,0.07675,TRUE,TRUE,7.02451,0.049979,17.241296,18.4635,50.7621,-10.412833,0.8162,-0.0709,3.21,7.82,11.23,-1.961211,1.809151,2.65,217.28,0.6851,0.004969,0.017443,2.6584,0.5761,-6.51,0.954495,-112900,38.709677,-79701892.591756,-9.3476,51.4138,-0.59,-0.37,0,0.05,1.2205,0.132072,0.004969,0.0808
07-26-24,141.139999,141.550003,140.979996,138.797226,2000,136.895196,135.856255,128.912861,0.140161,0.013898,0.077241,TRUE,TRUE,6.943394,0.048957,25.851098,17.5952,58.1171,-1.282154,0.8545,-0.0261,4.78,8.38,12.66,26.160513,3.050803,2.69,216.78,0.6769,0.005441,0.021422,2.4229,1.7233,-6.51,0.461894,-110900,-63.636364,-79719210.077568,-8.8364,47.6039,0.11,-0.38,0,0.10,2.4481,0.146361,0.005441,0.8774
07-29-24,141.669998,142.100006,141.490005,138.934555,5500,137.098199,135.876135,129.035053,0.151816,0.016215,0.077733,TRUE,TRUE,6.841082,0.046989,29.164023,17.1656,58.5906,9.125067,0.8856,0.0041,4.48,8.38,13.78,19.091025,3.010261,2.71,215.87,0.6745,0.00552,0.022204,2.1228,1.9052,-6.51,1.260023,-105400,14.583333,-79770791.92463,-8.9030,54.1086,0.34,-0.19,0,0.11,2.6460,0.149009,0.00552,0.8507
07-30-24,142.330002,142.479996,142,139.728897,1600,137.39829,135.925392,129.159566,0.163064,0.018672,0.078227,TRUE,TRUE,6.765826,0.047522,27.734237,17.0206,61.3150,10.552844,0.9633,0.0654,4.47,8.01,13.52,10.365749,4.488108,2.68,208.12,0.6723,0.005486,0.022075,1.8758,1.8493,-6.51,0.365297,-103800,23.076923,-79787532.745433,-8.9783,54.3840,0.06,-0.33,0,0.11,2.5879,0.148575,0.005486,1.1199
07-31-24,143.389999,143.580002,142.970001,140.425201,3200,137.697892,135.982906,129.29547,0.174508,0.021255,0.078724,TRUE,TRUE,6.687435,0.051165,24.232022,17.5609,63.5771,5.460002,1.0688,0.1367,6.60,8.68,13.67,25.437287,4.457259,2.64,206.31,0.6623,0.005381,0.021897,1.7198,1.6508,-6.51,0.733945,-100600,-11.111111,-79817432.257653,-9.0394,54.8395,-0.30,-0.81,0,0.10,2.3836,0.147976,0.005381,1.3220
08-01-24,143.410004,143.410004,140.539993,138.306915,6400,137.886185,135.993752,129.423112,0.184483,0.023874,0.079222,TRUE,TRUE,6.570639,0.052401,-1.313842,16.4142,53.3554,-5.235194,0.9702,0.0305,5.36,8.67,12.30,-20.413111,2.799037,2.58,192.72,0.6893,0.005101,0.018144,1.7301,0.7628,-6.51,1.662338,-107000,-61.445783,-79833791.593925,-8.2905,47.7763,0.23,-0.08,0,0.06,1.4211,0.134698,0.005101,0.2183
08-02-24,140.029999,140.029999,137.820007,135.688461,5600,137.947478,135.956922,129.52951,0.190034,0.026414,0.079719,FALSE,TRUE,6.427411,0.049612,-16.367591,16.7674,43.9491,-17.365825,0.6731,-0.2133,2.61,5.28,11.66,-35.232237,0.911685,2.57,182.96,0.7331,0.004935,0.014996,1.9434,-0.0421,-6.51,1.377614,-112600,330.769231,-79850194.040864,-7.3455,41.0857,0.12,-0.90,0,0.03,0.5439,0.12246,0.004935,-1.2347
08-05-24,134.669998,135.369995,134.289993,132.422775,3800,137.829797,135.870616,129.617153,0.188952,0.028696,0.080212,FALSE,TRUE,6.253463,0.041253,-46.239937,18.3301,35.5350,-28.042085,0.1721,-0.5714,-0.91,2.71,9.32,-20.099207,-1.746328,2.42,210.00,0.7969,0.011406,0.099768,2.2480,-0.8137,-6.51,0.964467,-116400,-39.68254,-79867133.700932,-6.2725,35.3117,99.09,102.71,,0.03,0.5579,0.31586,0.011406,-2.5748
08-06-24,135.710007,137.75,135.710007,133.815338,12100,137.797924,135.848922,129.721755,0.182758,0.030785,0.080701,FALSE,TRUE,6.127167,0.037175,-32.462135,18.4182,40.7447,-12.610713,-0.1113,-0.6839,-0.50,4.85,10.91,-5.109308,-0.474108,2.55,215.80,0.8016,0.011245,0.098835,2.5742,-0.7325,-6.51,2.713004,-104300,611.764706,-79901709.745303,-5.7730,49.8111,0.22,-1.19,0,0.01,0.2543,0.31438,0.011245,-1.8455
08-07-24,138.440002,138.690002,135.789993,133.168076,2400,137.678769,135.793166,129.830981,0.170796,0.032722,0.081188,FALSE,TRUE,5.962184,0.032227,-29.782729,18.0277,39.1606,-4.788563,-0.3837,-0.7650,-1.19,3.62,9.49,-12.076606,-1.758083,2.63,234.61,0.8038,0.011152,0.096726,2.8992,-0.9016,-6.51,0.531561,-106700,84.615385,-79908449.457491,-5.6209,57.6196,-0.20,-1.86,0,0.00,0.0543,0.311007,0.011152,-1.9226
08-08-24,136.520004,138.470001,136.520004,135.610001,2900,137.612081,135.806583,129.959744,0.155534,0.034645,0.08167,FALSE,TRUE,5.846838,0.031331,-11.47375,17.6651,47.4599,11.924904,-0.3979,-0.6234,0.69,5.06,12.23,14.208892,-0.973944,2.71,238.67,0.8390,0.011595,0.095496,3.0020,-0.2719,-6.51,0.640884,-103800,7.407407,-79914056.139286,-5.2327,66.1671,-0.13,-2.06,0,0.04,0.7398,0.309024,0.011595,-0.8388
08-09-24,138.550003,138.860001,138.339996,135.845383,3700,137.479199,135.854234,130.092887,0.136843,0.036546,0.082151,FALSE,TRUE,5.761347,0.032123,-16.425523,17.1193,48.1935,7.448834,-0.3858,-0.4890,0.05,4.83,12.83,16.742605,-1.918831,2.67,240.84,0.8361,0.011526,0.095091,3.1135,-0.3957,-6.51,0.801733,-100100,94.736842,-79953256.118746,-5.4463,66.4615,-0.63,-2.71,0,0.03,0.5988,0.308369,0.011526,-0.6784
08-12-24,138.240005,138.75,138.020004,135.453079,4000,137.32425,135.889541,130.219943,0.115439,0.038357,0.082627,FALSE,TRUE,5.669598,0.034695,-16.726752,16.7564,47.0152,7.854668,-0.4031,-0.4051,-0.28,4.31,12.65,12.519751,-2.236693,2.68,243.53,0.8257,0.011277,0.093601,3.2364,-0.8236,-6.51,0.859291,-104100,25,-79985386.968854,-5.4496,60.6205,-1.52,-3.14,0,0.01,0.1153,0.305943,0.011277,-0.7684
08-13-24,139.279999,140.169998,139.279999,137.463501,2000,137.151157,135.940419,130.365544,0.094088,0.040103,0.083099,TRUE,TRUE,5.574876,0.039559,4.751985,15.6458,53.3145,5.854628,-0.2518,-0.2030,1.25,5.18,14.47,34.160439,-2.456515,2.75,228.42,0.8460,0.011685,0.095345,3.2017,-0.1867,-6.51,0.437637,-102100,-45.945946,-79995551.009521,-5.5006,66.7693,-1.25,-3.08,0,0.04,0.8274,0.30878,0.011685,0.1367
08-14-24,140,140.339996,139.979996,137.277176,11100,137.019745,136.002628,130.511425,0.0727,0.041711,0.083567,TRUE,TRUE,5.491202,0.044586,2.183057,14.5309,52.6893,4.495795,-0.1452,-0.0771,0.55,6.91,14.09,32.154789,-1.878591,2.67,219.11,0.8458,0.011615,0.094288,3.1861,-0.2938,-6.51,2.319749,-113200,63.235294,-80173324.616099,-6.5626,70.2011,-2.60,-4.60,0,0.04,0.7033,0.307063,0.011615,0.1175
08-15-24,142.119995,142.309998,142.119995,139.375854,2700,137.061423,136.113653,130.673089,0.052978,0.04331,0.08403,TRUE,TRUE,5.440563,0.053434,3.039772,14.4464,58.5811,11.565834,0.1074,0.1404,1.04,7.27,17.62,54.745495,0.601674,2.64,222.92,0.8684,0.01837,0.151598,3.1773,0.1320,-6.51,0.594714,-110500,-64.473684,-80254014.979093,-7.5312,70.5243,-3.39,-3.92,0,0.06,1.2290,0.389355,0.01837,1.0382
08-16-24,142.199997,142.740005,142.199997,139.983902,1300,137.166359,136.21533,130.833863,0.035626,0.044922,0.084489,TRUE,TRUE,5.381467,0.062791,5.379616,14.5557,60.1303,6.815731,0.3525,0.3084,1.98,6.38,18.86,61.290672,1.52207,2.63,231.77,0.8696,0.018436,0.152129,3.1657,0.3164,-6.51,0.304807,-109200,-80.882353,-80265984.897149,-7.6127,68.5185,-2.48,-3.19,0,0.07,1.3689,0.390037,0.018436,1.2157
08-19-24,143.289993,143.949997,143.210007,141.170517,2200,137.276687,136.346411,130.995669,0.021445,0.046596,0.084943,TRUE,TRUE,5.350741,0.072615,7.244956,15.1627,63.0359,10.346601,0.6353,0.4729,2.63,7.94,21.12,71.226926,1.587864,2.63,245.61,0.8721,0.018678,0.154994,3.5869,0.7473,-6.51,0.521327,-107000,-29.032258,-80280311.752972,-7.6518,68.8341,-1.32,-1.75,0,0.09,1.8625,0.393693,0.018678,1.5854
08-20-24,143.539993,143.539993,143.070007,140.474243,1300,137.368382,136.472756,131.151519,0.009504,0.0482,0.085392,TRUE,TRUE,5.321237,0.077935,0.246463,15.6351,60.2607,1.679674,0.7940,0.5053,1.97,7.95,20.29,64.019126,1.322781,2.57,254.24,0.8557,0.018789,0.162952,3.5865,1.0247,-6.51,0.31401,-108300,-55.172414,-80295971.728298,-7.5930,65.6634,,-1.37,0,0.11,2.2098,0.403673,0.018789,1.2216
08-21-24,143.539993,144.419998,143.539993,141.631454,7400,137.621891,136.613446,131.30117,0.001123,0.049734,0.085838,TRUE,TRUE,5.312276,0.086633,17.555648,16.4408,63.1634,3.033154,1.0016,0.5704,2.98,8.78,21.03,72.472435,3.712747,2.60,270.53,0.8563,0.018792,0.162748,3.8043,1.0367,-6.51,1.730994,-100900,57.446809,-80335469.703051,-7.6055,76.7036,-0.91,-1.22,0,0.11,2.2234,0.40342,0.018792,1.4821
08-22-24,143.899994,144.149994,143.360001,141.072464,6800,137.832251,136.752312,131.438612,-0.003918,0.051195,0.086281,TRUE,TRUE,5.3137,0.092376,31.900124,17.0596,60.8512,-2.184689,1.1083,0.5416,3.17,7.01,21.15,66.954269,3.073971,2.63,280.51,0.8518,0.01884,0.165307,3.6367,1.1519,-6.51,1.545455,-107700,58.139535,-80381650.415005,-7.7245,74.9750,-0.86,-1.87,0,0.12,2.3644,0.40658,0.01884,1.1551
08-23-24,144.399994,145.809998,144.399994,142.994598,4700,138.04212,136.911184,131.589013,-0.004434,0.052722,0.086721,TRUE,TRUE,5.322171,0.098426,68.05544,18.2980,65.5246,5.263866,1.3326,0.6127,6.00,8.72,21.57,72.124735,3.024104,2.76,302.91,0.8535,0.01921,0.170796,3.9383,1.9110,-6.51,1.036384,-103000,135,-80395719.694057,-7.4588,81.0897,0.30,-0.59,0,0.16,3.2323,0.413274,0.01921,1.6349
08-26-24,145.949997,145.970001,145.380005,142.74942,3400,138.232863,137.078686,131.737461,-0.000745,0.054267,0.087156,TRUE,TRUE,5.341225,0.103927,62.09938,19.5075,64.4675,1.304043,1.4735,0.6029,5.00,8.30,22.82,68.363669,2.7458,2.64,320.34,0.8543,0.01915,0.169419,3.5453,1.8040,-6.51,0.767494,-106400,-38.181818,-80429438.48576,-7.4339,78.3253,-0.50,-1.89,0,0.15,3.1090,0.411605,0.01915,1.4099
08-27-24,145.070007,145.770004,145,142.955383,1800,138.394187,137.265606,131.888394,0.00828,0.055894,0.087586,TRUE,TRUE,5.377212,0.111349,70.182804,20.3264,64.9786,4.127397,1.5836,0.5704,5.94,7.98,22.25,68.099271,2.309104,2.55,336.01,0.8477,0.018981,0.169175,3.0325,1.5755,-6.51,0.405405,-104600,12.5,-80440797.679625,-7.3566,74.8085,0.41,-1.97,0,0.14,2.8586,0.411309,0.018981,1.3575
08-28-24,145.380005,145.380005,144.759995,142.337555,3100,138.489805,137.422712,132.041915,0.021905,0.057507,0.088011,TRUE,TRUE,5.380798,0.116035,55.501677,20.8906,62.0930,-3.431598,1.6025,0.4715,6.65,7.62,20.89,54.308834,1.361831,2.41,344.70,0.8462,0.018989,0.169928,2.7030,1.6176,-6.51,0.698985,-107700,-3.125,-80468121.669977,-7.3358,69.2800,-0.25,-2.17,0,0.14,2.9081,0.412223,0.018989,1.1162
08-29-24,146.220001,146.220001,145.410004,142.896545,1300,138.719286,137.58335,132.190952,0.04059,0.059095,0.088429,TRUE,TRUE,5.392398,0.120605,56.658775,21.7900,63.6652,-0.802237,1.6437,0.4101,6.89,7.14,19.72,59.470036,3.318439,2.44,358.43,0.8457,0.019092,0.17191,2.3497,1.8212,-6.51,0.311005,-106400,-79.6875,-80477489.58498,-7.6997,67.9708,0.56,-2.47,0,0.15,3.1419,0.414621,0.019092,1.1654
08-30-24,146.240005,146.839996,145.169998,144.004715,3400,139.135099,137.768896,132.34621,0.06493,0.06067,0.088841,TRUE,TRUE,5.422687,0.128309,64.977948,22.8867,66.6209,1.642251,1.7456,0.4096,6.73,7.35,20.17,62.496266,6.128932,2.47,369.48,0.8454,0.019083,0.171904,2.4061,1.8132,-6.51,0.835381,-103000,-39.285714,-80485634.45592,-7.8064,75.0820,0.95,-1.88,0,0.15,3.1336,0.414613,0.019083,1.3180
09-03-24,145.940002,145.940002,143.979996,141.81778,2700,139.604849,137.905409,132.473307,0.092337,0.062213,0.089247,TRUE,TRUE,5.432102,0.131442,32.647276,22.9046,56.8011,-5.291915,1.6311,0.2361,5.70,5.46,18.68,26.789849,7.094704,2.37,338.04,0.8703,0.018944,0.159759,2.1166,1.3634,-6.51,0.672478,-105700,-28.947368,-80494291.561742,-7.8102,70.3256,0.15,-3.04,0,0.13,2.5732,0.399698,0.018944,0.6546
09-04-24,144.559998,144.800003,143.639999,141.48436,7300,139.9883,138.021523,132.59631,0.12205,0.063683,0.089643,TRUE,TRUE,5.425213,0.132849,31.200295,22.6532,55.4589,-8.206281,1.4962,0.0809,5.72,6.02,17.65,-13.466848,5.731048,2.38,311.35,0.8695,0.018939,0.159996,1.7720,1.3970,-6.51,1.933775,-113000,-39.669421,-80528722.802699,-8.3048,53.4839,-0.40,-2.32,0,0.13,2.6062,0.399995,0.018939,0.4805
09-05-24,142.820007,143.509995,142.669998,140.709595,3300,140.365376,138.13646,132.718594,0.151974,0.065167,0.090029,TRUE,TRUE,5.417866,0.133324,10.967787,21.6899,52.3627,-14.258149,1.3116,-0.0829,4.31,4.48,18.41,-32.120742,5.663158,2.24,266.90,0.8729,0.018795,0.156472,1.6661,1.1263,-6.51,0.863874,-116300,37.5,-80547426.039756,-8.3636,47.5140,-0.94,-3.41,0,0.12,2.2871,0.395565,0.018795,0.1290
09-06-24,141.949997,142.520004,141.479996,139.12088,6100,140.54092,138.230214,132.829198,0.179313,0.066642,0.090402,TRUE,TRUE,5.401016,0.130063,-6.567304,20.2781,46.6156,-10.185515,1.0254,-0.2953,3.35,2.55,17.43,-44.013346,2.588953,2.19,244.59,0.8851,0.01869,0.150523,1.7437,0.8771,-6.51,1.532663,-122400,110.344828,-80581200.053078,-8.3812,41.0797,-0.77,-3.51,0,0.10,1.9796,0.387973,0.01869,-0.5806
09-09-24,142.330002,143.369995,142.330002,140.444824,2900,140.770892,138.345347,132.943122,0.203434,0.06819,0.090763,TRUE,TRUE,5.402225,0.130257,-5.465163,19.2199,51.4025,-4.056482,0.8950,-0.3405,4.69,3.72,19.01,-19.312899,3.385792,2.18,218.33,0.8889,0.018778,0.150617,1.7890,0.9521,-6.51,0.736041,-119500,-21.621622,-80594613.61148,-8.1391,41.8045,-1.68,-3.87,0,0.11,2.0582,0.388094,0.018778,-0.1493
09-10-24,142.710007,143.130005,142.429993,140.307526,2200,141.013615,138.454008,133.05801,0.223627,0.069841,0.091113,TRUE,TRUE,5.395998,0.128779,-1.310719,18.2373,50.8928,-1.469916,0.7717,-0.3711,4.24,3.68,18.88,-21.87444,3.583858,2.20,179.66,0.8860,0.018809,0.152099,1.8005,1.0756,-6.51,0.571429,-121700,-45,-80610154.600232,-8.1139,41.1462,-1.59,-3.42,0,0.11,2.1974,0.389999,0.018809,-0.3930
09-11-24,140.550003,143.710007,140.550003,140.935165,5000,141.187198,138.59817,133.173415,0.238018,0.071625,0.091452,TRUE,TRUE,5.424755,0.126704,-5.711982,17.7255,53.1782,6.562655,0.7164,-0.3411,5.07,3.68,19.08,6.123414,2.525517,2.16,159.15,0.8832,0.018985,0.155865,1.8364,1.3836,-6.51,1.25,-116700,150,-80613935.733437,-7.7298,29.3050,-2.57,-3.95,0,0.13,2.5539,0.394797,0.018985,-0.1584
09-12-24,143.619995,144.679993,143.440002,141.886414,15100,141.41766,138.747235,133.291927,0.247558,0.073582,0.091781,TRUE,TRUE,5.455308,0.127261,6.469041,16.6144,56.4838,5.081317,0.7408,-0.2534,5.06,4.23,20.08,21.246613,3.357614,2.21,130.31,0.8834,0.019017,0.156377,1.7975,1.3897,-6.51,3.595238,-101600,36.036036,-80666873.43771,-5.8756,49.6452,-3.39,-3.84,0,0.13,2.5556,0.395445,0.019017,0.3597
09-13-24,144.919998,146.089996,144.919998,143.269211,3000,141.612328,138.921798,133.418032,0.253923,0.075712,0.092101,TRUE,TRUE,5.503766,0.130321,2.280286,16.0861,60.8146,9.921775,0.8618,-0.1059,6.62,6.39,21.82,43.230694,2.793422,2.16,127.25,0.8904,0.019146,0.155868,1.7929,1.5838,-6.51,0.711744,-98600,11.111111,-80678339.02713,-5.0335,48.2270,-3.56,-2.73,0,0.14,2.7692,0.394801,0.019146,1.3021
09-16-24,146.309998,147.059998,146.220001,144.220459,2700,141.824155,139.116955,133.548991,0.258128,0.077976,0.092414,TRUE,TRUE,5.567965,0.134241,11.538498,16.0901,63.5053,10.327055,1.0226,0.0439,7.94,7.36,21.41,56.381859,3.02646,2.19,133.81,0.8929,0.019286,0.15718,1.9012,1.8064,-6.51,0.630105,-95900,107.692308,-80693893.283261,-4.9931,47.6342,-3.15,-2.43,0,0.16,3.0207,0.39646,0.019286,1.7909
09-17-24,147.289993,147.759995,146.899994,144.48526,3600,141.989893,139.311132,133.677828,0.259438,0.080379,0.092718,TRUE,TRUE,5.633304,0.138517,11.944883,16.4291,64.2414,7.75761,1.1581,0.1435,7.44,7.30,22.83,54.580605,2.348042,2.21,145.32,0.8929,0.019284,0.15715,2.0364,1.8026,-6.51,0.826636,-92300,63.636364,-80717709.645639,-5.0218,52.1549,-3.55,-2.32,0,0.16,3.0175,0.396421,0.019284,1.7172
09-18-24,146.75,147.149994,146.75,144.063553,3000,142.169358,139.503347,133.800335,0.257673,0.082894,0.093013,TRUE,TRUE,5.703012,0.142737,13.685711,16.6338,62.0934,1.27885,1.2174,0.1623,6.82,6.30,22.74,48.731678,2.555137,2.23,147.76,0.8929,0.01914,0.154814,1.9988,1.5653,-6.51,0.675676,-95300,130.769231,-80761006.967681,-5.2369,52.2076,-3.73,-2.82,0,0.14,2.7510,0.393464,0.01914,1.2819
09-19-24,148.570007,148.919998,148.440002,146.044556,1600,142.390013,139.713215,133.922218,0.255842,0.085577,0.093298,TRUE,TRUE,5.790997,0.148525,22.431805,17.6276,67.5776,4.072348,1.4080,0.2823,8.40,6.72,24.65,65.645828,3.115905,2.24,170.50,0.9038,0.019517,0.156817,2.8601,2.1034,-6.51,0.385542,-93700,-78.378378,-80778576.75501,-5.3386,52.4668,-3.55,-2.73,0,0.18,3.3558,0.396001,0.019517,2.1434
09-20-24,147.889999,148.130005,147.860001,145.083481,1600,142.590564,139.87601,134.039052,0.253029,0.088332,0.093575,TRUE,TRUE,5.836957,0.151224,7.768396,18.1132,62.8285,-1.412867,1.4646,0.2712,7.48,5.16,24.54,54.163446,2.843232,2.17,177.63,0.9071,0.019472,0.154973,2.8411,2.0183,-6.51,0.411311,-95300,-76.470588,-80813083.135343,-5.5454,48.3133,-4.58,-4.13,0,0.17,3.2506,0.393666,0.019472,1.4034
09-23-24,148.580002,148.960007,148.429993,146.083786,3800,142.745023,140.027625,134.166323,0.24858,0.091298,0.093845,TRUE,TRUE,5.861302,0.155404,33.590691,18.9279,65.5428,3.449344,1.5721,0.3029,7.67,6.56,27.70,65.800007,2.160353,2.25,194.01,0.9099,0.019562,0.155321,2.7555,2.1574,-6.51,0.988296,-91500,-19.148936,-80850525.962463,-5.9143,53.7461,-3.07,-3.49,0,0.18,3.4111,0.394107,0.019562,1.7210
09-24-24,148.960007,149.220001,148.639999,146.338776,2400,142.924491,140.183359,134.294772,0.242634,0.094508,0.094109,TRUE,TRUE,5.888588,0.159684,38.461371,19.7964,66.2199,-1.35773,1.6588,0.3116,8.43,6.92,28.30,66.767864,2.514445,2.25,209.99,0.9099,0.019567,0.155398,2.7587,2.1679,-6.51,0.632411,-89100,-29.411765,-80871970.512725,-5.8305,62.7069,-2.61,-3.29,0,0.18,3.4212,0.394205,0.019567,1.6259
09-25-24,147.850006,147.910004,147.300003,145.373672,4400,143.045406,140.272325,134.415629,0.233909,0.097874,0.094367,TRUE,TRUE,5.856697,0.1598,36.404336,19.5743,61.3091,-1.519456,1.6307,0.2269,8.14,6.29,26.98,55.636337,1.691639,2.24,217.02,0.9067,0.028651,0.17101,2.5661,2.2313,-6.51,1.121019,-93500,144.444444,-80904160.171779,-5.9027,61.3703,-2.69,-3.94,0,0.17,3.1517,0.413533,0.028651,1.0728
09-26-24,148.339996,148.339996,148.289993,146.04332,5800,143.230694,140.395083,134.537165,0.222345,0.101364,0.094619,TRUE,TRUE,5.857918,0.161563,58.206945,19.5858,63.3405,-2.202238,1.6436,0.1918,8.43,5.50,29.37,63.360067,2.603505,2.29,226.28,0.9063,0.028709,0.171359,2.2022,2.2127,-6.51,1.428571,-87700,87.096774,-81431156.631956,-11.8600,71.7385,-2.24,-4.26,0,0.17,3.2693,0.413955,0.028709,1.2430
09-27-24,148.960007,148.960007,148.539993,146.279663,10500,143.39985,140.549831,134.654401,0.209692,0.104945,0.094865,TRUE,TRUE,5.89543,0.163252,54.000254,19.9045,64.0578,-2.162095,1.6538,0.1616,8.46,5.15,29.17,66.086058,2.367529,2.22,236.09,0.9062,0.028746,0.171698,1.9213,2.2366,-6.03,2.323009,-77200,707.692308,-81554669.528853,-11.9157,75.1617,-2.42,-4.23,0,0.17,3.3117,0.414364,0.028746,1.2198
09-30-24,148.649994,149.089996,148.399994,146.525879,6100,143.525908,140.722645,134.771605,0.198368,0.108608,0.095106,TRUE,TRUE,5.951039,0.164559,56.975288,20.0861,64.8298,3.520781,1.6626,0.1363,9.57,6.04,28.22,68.925918,1.750751,2.22,246.01,0.9059,0.028761,0.172037,1.6627,2.3038,-6.03,1.310419,-71100,79.411765,-81593905.937522,-11.9041,79.7456,,-3.33,0,0.18,3.3803,0.414773,0.028761,1.2195
10-01-24,148.889999,148.889999,147.490005,146.191025,4000,143.74457,140.867186,134.873549,0.190981,0.112331,0.095342,TRUE,TRUE,5.993637,0.165178,49.483967,19.5305,62.8525,-0.488009,1.6239,0.0781,8.75,6.86,28.33,47.595552,3.083707,2.18,249.44,0.9071,0.028687,0.170726,1.3146,2.1660,-6.03,0.847458,-75100,48.148148,-81605328.716813,-11.7695,80.7012,-1.98,-3.32,0,0.17,3.2215,0.41319,0.028687,0.9808
10-02-24,147.880005,148.330002,147.880005,146.072891,3000,143.973997,141.015837,134.965392,0.186701,0.11605,0.095572,TRUE,TRUE,6.050445,0.164421,42.770558,19.0145,62.1325,-1.925272,1.5656,0.0158,8.57,6.54,29.63,26.811448,3.243137,2.10,248.66,0.9062,0.0287,0.17122,1.0095,2.2146,-6.03,0.665927,-78100,-58.90411,-81632423.728851,-12.2497,71.2225,-0.61,-3.51,0,0.17,3.2756,0.413787,0.0287,0.8441
10-03-24,147.589996,147.589996,147.100006,145.31459,3500,144.204247,141.190903,135.0565,0.185671,0.119713,0.095795,TRUE,TRUE,6.134404,0.163637,22.320391,17.9253,57.5735,-7.256362,1.4416,-0.0866,8.07,7.18,30.83,-30.180359,3.272695,1.98,237.93,0.9057,0.028427,0.168167,0.8456,1.8254,-6.03,0.775194,-81600,6.060606,-81661430.175039,-12.3367,65.2769,-1.63,-2.96,0,0.15,2.8457,0.410082,0.028427,0.4667
10-04-24,148.649994,148.759995,148.440002,146.181198,4500,144.557262,141.377222,135.152183,0.186683,0.123349,0.096011,TRUE,TRUE,6.225039,0.166091,21.596217,17.6660,61.0876,-1.764974,1.3971,-0.1048,8.46,7.07,30.67,-23.028405,5.074952,1.95,209.18,0.9001,0.028332,0.169239,0.7363,1.7102,-6.03,1.014656,-77100,-26.229508,-81729460.621847,-12.9454,66.3823,-1.95,-2.86,0,0.14,2.7210,0.411387,0.028332,0.7763
10-07-24,148.050003,148.050003,147.460007,145.21611,1800,144.795827,141.5056,135.237316,0.188694,0.126864,0.096219,TRUE,TRUE,6.268284,0.169092,7.473385,16.6918,55.5677,-6.564809,1.2694,-0.1860,8.01,6.07,30.26,-62.10077,3.397267,1.88,185.70,0.8953,0.028011,0.167395,0.6787,1.1878,-6.03,0.410959,-78900,-37.931034,-81744952.278599,-13.1317,62.1125,-2.49,-3.65,0,0.11,2.1387,0.40914,0.028011,0.2263
10-08-24,147.669998,148.089996,147.669998,145.826675,2400,145.071784,141.643442,135.335897,0.192428,0.130209,0.096421,TRUE,TRUE,6.307545,0.172805,17.687416,15.8142,58.1445,0.571015,1.2035,-0.2015,7.58,6.20,29.39,-60.062907,3.933609,1.88,153.75,0.8963,0.028075,0.167693,0.5246,1.3000,-6.03,0.546697,-76500,9.090909,-81768418.916202,-13.1921,67.0770,-1.22,-2.98,0,0.12,2.2688,0.409504,0.028075,0.4910
10-09-24,148.850006,149.130005,148.710007,146.75238,2800,145.362645,141.783912,135.432144,0.196955,0.133451,0.096618,TRUE,TRUE,6.351768,0.181653,7.941546,15.6766,61.7650,0.677398,1.2121,-0.1544,7.16,8.57,29.28,-16.397478,4.127582,1.79,123.40,0.8738,0.027773,0.172989,0.6431,1.0072,-6.03,0.654206,-73700,-44,-81797320.714567,-13.8246,67.7804,-1.58,-2.15,0,0.10,1.9654,0.415919,0.027773,1.1262
10-10-24,148.470001,148.75,148.470001,146.348618,3300,145.585755,141.90238,135.523986,0.202029,0.136551,0.096811,TRUE,TRUE,6.378394,0.187787,15.141145,15.3532,59.3534,3.785677,1.1727,-0.1550,5.66,8.07,27.82,-35.442938,3.144913,1.80,94.10,0.8688,0.027791,0.175238,0.5715,1.1496,-6.03,0.894309,-77000,-78.145695,-81850624.976147,-16.0400,65.7904,-2.71,-3.44,0,0.11,2.1263,0.418614,0.027791,0.8107
10-11-24,150.179993,150.229996,149.869995,147.943939,3200,145.819492,142.095121,135.619422,0.207248,0.139562,0.097003,TRUE,TRUE,6.475698,0.193868,20.782354,15.9273,65.1442,6.99966,1.2558,-0.0575,6.78,11.53,28.84,26.962808,3.262898,1.78,91.56,0.8672,0.028118,0.179834,1.2781,1.7815,-6.03,0.864865,-73800,6.666667,-81888065.912018,-16.3477,65.4539,-1.98,-1.79,0,0.14,2.8413,0.424068,0.028118,2.3203
10-14-24,150.440002,151.130005,150.440002,148.662857,1900,146.041611,142.354608,135.718063,0.212659,0.142507,0.097196,TRUE,TRUE,6.636545,0.199491,24.686018,16.9132,67.3982,5.633277,1.3640,0.0405,5.49,13.10,31.28,38.780432,3.080283,1.77,103.79,0.8651,0.012478,0.069832,1.6822,2.0796,-6.03,0.519126,-71900,-29.62963,-81899753.054875,-16.4735,65.1670,105.49,113.10,,0.15,2.9303,0.264258,0.012478,2.5255
10-15-24,151.229996,151.229996,150.470001,148.288635,2400,146.23178,142.671926,135.812788,0.217061,0.145373,0.097389,TRUE,TRUE,6.859138,0.20573,33.035663,17.8780,65.0404,5.687003,1.4033,0.0639,5.99,13.19,31.49,28.780439,2.632362,1.82,108.51,0.8621,0.012348,0.069052,1.5763,1.7694,-6.03,0.666667,-74300,-33.333333,-81915930.202666,-16.6420,67.4508,-2.02,-1.39,0,0.14,2.7085,0.262777,0.012348,1.8955
10-16-24,150.979996,151.600006,150.979996,149.194626,6000,146.488334,142.979511,135.91662,0.221583,0.148257,0.097582,TRUE,TRUE,7.062891,0.212388,34.782521,18.9607,67.9625,2.818379,1.4904,0.1208,7.69,14.64,30.40,46.547106,3.561673,1.83,115.01,0.8633,0.012494,0.070499,1.8130,2.0256,-6.03,1.6,-68300,100,-81956485.170303,-15.9397,67.6399,-1.48,-0.45,0,0.16,2.9877,0.265516,0.012494,2.3530
10-17-24,151.860001,151.860001,151.139999,149.056763,3400,146.638944,143.297285,136.022003,0.225246,0.151067,0.097775,TRUE,TRUE,7.275282,0.214709,30.989062,20.0985,67.0442,-0.354029,1.5306,0.1288,8.10,14.55,29.73,41.108379,2.062526,1.82,127.90,0.8371,0.012662,0.077115,1.7363,2.5338,-6.03,0.885417,-71700,112.5,-81979560.15017,-15.6378,62.9441,-1.83,-0.96,0,0.18,3.5753,0.277696,0.012662,1.8904
10-18-24,151.449997,151.830002,151.449997,149.519608,5600,146.860751,143.575477,136.139341,0.228855,0.153844,0.09797,TRUE,TRUE,7.436136,0.21761,32.617901,21.1549,68.5792,3.538832,1.5816,0.1439,7.60,14.97,32.44,50.832022,3.057637,1.81,137.60,0.8373,0.012679,0.077289,1.8465,2.5609,-6.03,1.386139,-66100,250,-82042055.106803,-15.2100,62.6441,-1.98,-0.37,0,0.18,3.6034,0.278008,0.012679,1.9323
10-21-24,150.610001,150.619995,150.399994,148.111374,3500,146.96213,143.820797,136.25071,0.229929,0.156568,0.098164,TRUE,TRUE,7.570087,0.220773,18.732269,21.0306,59.4985,-8.464004,1.4913,0.0428,6.83,12.82,33.05,21.247247,1.387962,1.77,139.04,0.8323,0.012256,0.073149,1.7660,1.8281,-6.03,0.869565,-69600,-7.894737,-82118374.429871,-15.7497,63.2316,-2.66,-1.55,0,0.14,2.7976,0.270461,0.012256,0.8266
10-22-24,149.679993,150.130005,149.509995,147.717468,2900,147.031065,144.066085,136.358162,0.228481,0.159191,0.098357,TRUE,TRUE,7.707923,0.223006,15.621979,20.1065,57.2164,-9.827844,1.3720,-0.0612,8.17,11.24,34.46,12.971909,0.942124,1.77,139.20,0.8338,0.012198,0.072207,1.6861,1.7091,-6.03,0.716049,-72500,20.833333,-82138042.943149,-15.6305,63.3200,-1.91,-2.26,0,0.14,2.6640,0.268713,0.012198,0.4931
10-23-24,149.470001,149.520004,149.100006,147.136444,2900,147.119203,144.259544,136.454916,0.224026,0.161609,0.098548,TRUE,TRUE,7.804627,0.225145,17.602362,18.9016,53.9304,-14.64886,1.2166,-0.1733,7.50,10.95,34.72,-7.353706,1.21258,1.79,133.62,0.8339,0.012041,0.070353,1.5683,1.4026,-6.03,0.72956,-75400,-34.090909,-82168058.917717,-15.8981,64.0703,-2.10,-2.82,0,0.12,2.3274,0.265242,0.012041,0.0129
10-24-24,149.25,149.809998,149.210007,147.53035,23300,147.193555,144.464607,136.556611,0.217432,0.163862,0.09874,TRUE,TRUE,7.907996,0.228698,13.659044,18.0114,55.7844,-3.714181,1.1124,-0.2220,6.29,11.37,34.07,1.598707,1.018212,1.74,131.44,0.8325,0.011981,0.069869,1.4933,1.3317,-6.03,4.804124,-52100,301.724138,-82321814.267276,-9.1820,74.3892,-2.28,-2.27,0,0.11,2.2540,0.264328,0.011981,0.2562
10-25-24,150.240005,150.240005,148.770004,146.50618,1500,147.204881,144.607214,136.652163,0.207712,0.165911,0.09893,TRUE,TRUE,7.955051,0.226587,12.983228,16.7950,50.1351,-7.081288,0.9364,-0.3184,5.45,10.18,35.22,-27.776078,0.154852,1.80,130.71,0.8125,0.011998,0.073643,1.3886,1.6296,-6.03,0.340909,-53600,-85.714286,-82327934.313364,-8.7871,74.7082,-2.84,-2.60,0,0.13,2.5950,0.271373,0.011998,-0.5346
10-28-24,149.470001,149.820007,149.470001,147.353088,2900,147.246241,144.754597,136.753653,0.194851,0.167739,0.099119,TRUE,TRUE,8.000944,0.220971,15.004882,15.6654,54.2601,0.329698,0.8554,-0.3195,5.46,10.17,36.31,-32.947287,0.564548,1.81,129.75,0.7714,0.012205,0.084747,1.2816,2.5641,-6.03,0.683962,-50700,-52.459016,-82365913.971573,-9.1039,74.9109,-3.07,-3.14,0,0.17,3.6688,0.291114,0.012205,0.0823
10-29-24,149.149994,149.570007,149.039993,147.087204,2900,147.29105,144.872931,136.855031,0.180488,0.169347,0.099306,TRUE,TRUE,8.0179,0.208735,3.519659,14.8726,52.7838,-3.00056,0.7610,-0.3312,4.74,11.66,37.41,-40.790486,0.613019,1.76,127.44,0.6967,-0.001366,0.000666,1.2597,3.6844,-6.03,0.692951,-53600,-27.5,-82390183.552687,-9.3770,70.5610,-2.37,-2.84,0,0.17,3.8240,-0.025802,-0.001366,-0.1600
10-30-24,148.919998,149.75,148.919998,146.900085,1500,147.33241,145.001448,136.959321,0.165006,0.170747,0.09949,TRUE,TRUE,8.042127,0.197739,5.932116,13.9560,51.7174,1.582285,0.6634,-0.3430,6.21,11.90,36.23,-60.515244,0.566289,1.79,124.59,0.6882,-0.001405,0.000703,1.2185,3.2767,-6.03,0.364964,-55100,-50,-82398984.425929,-9.3256,72.5204,-2.49,-2.38,0,0.16,3.7353,-0.026515,-0.001405,-0.3470
10-31-24,148.720001,148.720001,147.529999,145.422928,3300,147.337827,145.077278,137.061533,0.148187,0.171852,0.099669,TRUE,TRUE,8.015745,0.182496,-27.467544,14.2757,44.1363,-10.12374,0.4615,-0.4359,7.17,9.98,33.65,-48.662125,0.074554,1.71,123.69,0.6997,-0.001333,0.000612,1.3934,3.0257,-6.03,0.804878,-58400,-5.714286,-82413970.67766,-9.1773,67.4590,-2.30,-2.23,0,0.15,3.4754,-0.024731,-0.001333,-1.5482
11-01-24,148.119995,148.619995,147.580002,145.334274,2200,147.29548,145.162514,137.159941,0.131624,0.172684,0.099842,TRUE,TRUE,8.002573,0.170566,-38.940438,14.5726,43.7221,-9.061683,0.2910,-0.4851,9.75,8.75,32.96,-50.709551,-0.579366,1.71,129.18,0.6642,-0.00191,0.001392,1.5741,2.4325,-6.03,0.55207,-60600,-51.111111,-82425671.89397,-8.7354,64.2152,,-3.08,0,0.12,2.8764,-0.037312,-0.00191,-1.5182
11-04-24,148.119995,148.119995,147.839996,145.590317,2500,147.314191,145.214428,137.254127,0.114977,0.17322,0.100009,TRUE,TRUE,7.960301,0.158914,-32.009652,14.8483,45.3183,-6.399026,0.1746,-0.4812,8.80,8.25,30.34,-44.796332,0.257689,1.72,126.25,0.6642,-0.001912,0.001394,1.7096,2.4336,-6.03,0.621891,-58100,38.888889,-82468344.918493,-8.9974,67.9939,-2.28,-2.03,0,0.12,2.8771,-0.037341,-0.001912,-1.3654
11-05-24,147.830002,149.830002,147.830002,147.550049,2600,147.400359,145.310441,137.35295,0.100132,0.173594,0.100172,TRUE,TRUE,7.957491,0.149268,-17.341559,14.2013,55.6799,11.543525,0.2377,-0.3345,10.80,9.48,29.90,0.463049,1.181796,1.74,121.35,0.6806,-0.001574,0.000901,1.7445,3.0105,-6.03,0.645161,-55500,8.333333,-82471672.7963,-8.7252,66.1700,-1.09,-1.30,0,0.15,3.4631,-0.030011,-0.001574,0.1234
11-06-24,153.139999,153.479996,152.429993,151.144485,4800,147.619965,145.474223,137.470184,0.089515,0.174021,0.100335,TRUE,TRUE,8.004039,0.148251,16.133848,15.7525,67.7504,24.028278,0.5712,-8.280002871644543E-4,11.46,12.23,33.86,60.747707,2.992868,1.85,146.20,0.7222,-0.001296,0.000542,2.7011,3.1860,-6.03,1.162228,-50700,71.428571,-82488225.970846,-8.3645,66.9662,0.13,-0.01,0,0.17,3.6250,-0.023289,-0.001296,2.4107
11-07-24,153.850006,154.149994,153.660004,151.567963,9500,147.880932,145.658831,137.593333,0.082755,0.174479,0.100498,TRUE,TRUE,8.065498,0.146851,15.877922,17.4651,68.8275,23.50922,0.8597,0.2302,11.57,11.63,34.06,60.996478,3.566378,1.86,167.37,0.7213,-0.001204,0.00047,2.9328,3.3424,-6.03,2.13964,-41200,187.878788,-82578847.545335,-8.2007,68.9971,-0.15,-0.85,0,0.17,3.7871,-0.021668,-0.001204,2.2030
11-08-24,153.910004,155.210007,153.910004,152.84819,3200,148.126144,145.857864,137.717234,0.079737,0.175008,0.10066,TRUE,TRUE,8.140629,0.150313,37.085637,19.4513,71.8848,16.204975,1.1781,0.4388,12.84,12.53,35.54,69.247214,3.314939,1.96,200.90,0.7046,-0.001508,0.000771,3.5966,3.1646,-6.03,0.720721,-38000,0,-82587274.921886,-7.8740,74.2017,1.65,-0.04,0,0.16,3.6060,-0.027765,-0.001508,2.3504
11-11-24,156.5,156.559998,156.110001,153.852661,14700,148.385635,146.054823,137.845525,0.080464,0.17566,0.100823,TRUE,TRUE,8.209298,0.155703,45.842464,21.7337,74.0365,6.286075,1.4942,0.6040,11.92,13.32,37.82,70.018419,3.490989,2.03,238.25,0.7067,-0.001463,0.000722,4.0389,3.2381,-6.03,2.893701,-23300,673.684211,-82749455.434585,-8.3632,81.9613,1.50,0.15,0,0.16,3.6808,-0.026868,-0.001463,2.2947
11-12-24,156.039993,156.070007,155.130005,152.769394,2600,148.609673,146.273855,137.962556,0.083869,0.176365,0.100985,TRUE,TRUE,8.311299,0.160559,40.567277,22.9821,67.9932,-0.834369,1.6385,0.5986,11.29,11.89,35.09,58.022102,3.021647,2.06,257.57,0.7095,-0.001787,0.001068,3.8713,2.6466,-6.03,0.510806,-25900,8.333333,-82765114.099607,-8.3417,82.1629,0.75,-2.13,0,0.14,3.0694,-0.032679,-0.001787,1.6150
11-13-24,155.649994,155.940002,155.149994,152.808777,6900,148.79038,146.500343,138.080563,0.090332,0.177084,0.101146,TRUE,TRUE,8.41978,0.163654,39.010085,24.1413,68.0951,-3.789704,1.7360,0.5569,9.64,10.78,35.29,58.458237,2.42244,2.09,274.04,0.7048,-0.001735,0.00102,3.7166,2.8588,-6.03,1.34372,-19000,15,-82812910.866323,-8.3391,66.0939,0.09,-3.62,0,0.15,3.2893,-0.031936,-0.001735,1.4663
11-14-24,155.210007,155.210007,153.669998,151.331604,1300,148.904122,146.712784,138.200875,0.097335,0.177771,0.101306,TRUE,TRUE,8.511908,0.165603,34.506919,23.9886,60.3317,-13.704733,1.6747,0.3965,8.11,10.25,30.01,42.099731,1.526158,2.09,279.86,0.7134,-0.002056,0.001397,3.5180,2.1606,-6.03,0.258449,-20300,-61.764706,-82818158.782619,-8.3360,66.2600,-1.55,-4.29,0,0.12,2.5666,-0.037376,-0.002056,0.8674
11-15-24,152.570007,152.639999,152.270004,149.952911,14500,148.925787,146.929424,138.30621,0.104744,0.178373,0.101462,TRUE,TRUE,8.623214,0.163806,17.910401,22.8722,54.1289,-13.864234,1.4977,0.1756,6.22,9.02,28.29,26.831815,0.289797,2.02,280.53,0.7226,-0.002087,0.001403,3.4001,1.9438,-6.03,2.648402,-34800,158.928571,-83014271.163021,-8.8787,51.7570,-2.49,-4.00,0,0.11,2.3407,-0.037452,-0.002087,0.3661
11-18-24,152.779999,153.490005,152.619995,150.740753,7200,149.057256,147.135343,138.415241,0.112526,0.178906,0.101615,TRUE,TRUE,8.720102,0.166065,24.295973,22.2816,56.8585,-11.236638,1.4048,0.0661,7.31,9.42,29.67,35.556532,1.775272,2.07,282.67,0.7058,-0.002335,0.001839,3.2360,1.6763,-6.03,1.272085,-27600,105.714286,-83052575.486293,-8.2527,58.1760,-2.01,,0,0.09,2.0703,-0.042888,-0.002335,0.5956
11-19-24,151.919998,153.470001,151.919998,150.819504,3400,149.212358,147.345582,138.53119,0.120462,0.179355,0.101765,TRUE,TRUE,8.814392,0.167606,26.253185,21.2667,57.1331,-3.198643,1.3222,-0.0131,6.49,9.66,28.91,36.428632,2.099979,2.07,283.44,0.7050,-0.002293,0.001777,3.0481,1.7622,-6.03,0.598065,-24200,17.241379,-83060803.452153,-8.1157,56.7505,-2.58,-3.65,0,0.10,2.1589,-0.042157,-0.002293,0.5670
11-20-24,153.190002,154.009995,152.850006,151.666443,11200,149.438858,147.560208,138.646943,0.129745,0.179809,0.101913,TRUE,TRUE,8.913265,0.170437,43.66373,20.6210,60.0761,5.947182,1.3101,-0.0202,7.51,10.92,28.90,45.506047,3.078774,2.12,284.08,0.7076,-0.002225,0.001662,2.7001,1.9118,-6.03,1.836066,-13000,286.206897,-83094858.694783,-7.5967,64.4279,-1.83,-2.83,0,0.10,2.3116,-0.040768,-0.002225,0.7841
11-21-24,154.809998,156.139999,154.809998,153.685242,2200,149.746603,147.796184,138.769966,0.141111,0.180322,0.102061,TRUE,TRUE,9.026219,0.175046,51.456329,21.0315,66.0580,9.199491,1.4466,0.0931,7.48,13.93,30.99,67.070364,4.17195,2.15,295.43,0.7215,-0.001795,0.001041,2.2587,2.5214,-6.03,0.436075,-10800,-90.55794,-83100779.686488,-7.7202,66.9168,-2.38,-2.19,0,0.13,2.9366,-0.032266,-0.001795,1.3332
11-22-24,156.259995,157.779999,156.259995,155.379059,10700,150.190247,148.038381,138.898925,0.155154,0.180964,0.10221,TRUE,TRUE,9.139456,0.182749,55.406905,22.0324,70.1052,12.972135,1.6723,0.2550,8.85,14.29,31.84,75.869943,6.056317,2.19,310.44,0.7316,-0.001669,0.000876,2.5552,2.7431,-6.03,1.943688,-100,613.333333,-83123882.298545,-7.2293,69.8854,-1.01,-1.61,0,0.15,3.1594,-0.029594,-0.001669,1.6714
11-25-24,159.050003,159.479996,158.800003,156.403259,4100,150.642755,148.282037,139.031642,0.171824,0.181781,0.102362,TRUE,TRUE,9.250395,0.193315,52.913506,23.5011,72.2592,12.183079,1.9117,0.3955,9.41,15.91,32.34,59.302415,6.141826,2.17,332.11,0.7301,-0.001725,0.00094,2.7434,2.7068,-6.03,0.736748,4000,41.37931,-83156884.520069,-7.1067,70.4196,-0.79,-0.39,0,0.14,3.1213,-0.030654,-0.001725,1.7345
11-26-24,158.300003,158.710007,157.919998,156.176743,6600,151.097232,148.515867,139.159039,0.190588,0.182744,0.102517,TRUE,TRUE,9.356828,0.199115,37.656572,24.2451,71.0401,4.98208,2.0594,0.4346,9.72,17.02,32.30,56.306161,6.179694,2.01,342.91,0.6980,-0.001669,0.000963,2.5923,3.3519,-6.03,1.147826,-2600,127.586207,-83192612.020359,-6.9776,64.1484,-1.00,-1.34,0,0.17,3.7961,-0.031032,-0.001669,1.4813
11-27-24,159.330002,159.339996,158.360001,156.06842,5600,151.555649,148.755964,139.297337,0.21083,0.183859,0.102674,TRUE,TRUE,9.458627,0.203373,34.490493,25.1475,70.4281,0.322918,2.1431,0.4146,9.22,16.74,32.23,54.873328,6.241205,2.02,345.13,0.6967,-0.001652,0.000947,2.4578,3.4210,-6.03,0.940386,-8200,273.333333,-83224401.622538,-6.9305,62.7440,-1.40,-0.88,0,0.17,3.8678,-0.030781,-0.001652,1.3076
11-29-24,159,159.100006,158.889999,156.472183,1400,152.108112,148.964517,139.430058,0.232699,0.185089,0.102833,TRUE,TRUE,9.534459,0.20617,29.773348,25.9854,71.4165,-0.842715,2.2164,0.3903,8.66,15.97,31.80,60.214108,7.598015,1.98,329.89,0.6905,-0.001538,0.000837,2.4157,3.7609,-6.03,0.238908,-6800,-57.575758,-83258038.140739,-7.2019,62.0365,-2.09,-1.18,0,0.18,4.2207,-0.028936,-0.001538,1.3229
12-02-24,158.240005,158.710007,158.240005,156.206284,1700,152.651712,149.186973,139.553171,0.254491,0.186354,0.102994,TRUE,TRUE,9.633802,0.204963,20.585562,26.2658,69.7629,-1.277193,2.2274,0.3210,10.15,16.43,30.65,56.696915,7.480692,1.92,300.68,0.6705,-0.001492,0.000836,2.3744,4.2515,-6.03,0.291345,-8500,-22.727273,-83274450.133467,-7.2732,53.6081,-1.47,-1.38,0,0.20,4.7339,-0.028917,-0.001492,1.1822
12-03-24,158.070007,158.070007,157.970001,155.6548,1700,153.154936,149.378393,139.67752,0.275714,0.187545,0.103156,TRUE,TRUE,9.700873,0.204145,26.467781,26.3196,66.3324,-4.09577,2.1666,0.2082,10.02,16.31,27.93,49.402162,6.91288,1.91,257.38,0.6667,-0.00179,0.001216,2.2929,3.7580,-6.03,0.293356,-10200,-32,-83354862.156659,-7.6490,54.2037,-1.63,-2.16,0,0.18,4.2246,-0.034864,-0.00179,0.9713
12-04-24,158.289993,158.5,158.039993,156.08812,5600,153.58184,149.57338,139.807298,0.295612,0.188679,0.103322,TRUE,TRUE,9.766082,0.202961,29.032249,26.5612,67.6773,-3.739182,2.1288,0.1364,10.93,15.71,28.24,55.133898,5.786559,1.89,228.74,0.6659,-0.001741,0.001154,2.2068,3.9121,-6.03,0.941968,-4600,115.384615,-83407985.346363,-7.8748,62.4239,-0.94,-2.03,0,0.18,4.3835,-0.033966,-0.001741,1.0957
12-05-24,158.380005,158.380005,157.580002,155.182114,1600,153.783721,149.769549,139.932205,0.312567,0.189591,0.10349,TRUE,TRUE,9.837344,0.200477,35.904364,26.4091,62.0922,-7.670718,2.0027,0.0082,11.54,15.28,28.64,43.14969,2.67137,1.90,223.86,0.6721,-0.001935,0.001397,2.0366,3.4714,-6.03,0.276577,-6200,-66.666667,-83419176.862508,-8.0462,62.1543,-1.37,-2.29,0,0.17,3.9251,-0.037377,-0.001935,0.6247
12-06-24,158.350006,158.350006,157.679993,155.290451,2500,153.969846,149.954492,140.049473,0.327032,0.190326,0.10366,TRUE,TRUE,9.905019,0.198992,56.458035,26.2678,62.4908,-3.841584,1.8897,-0.0838,10.57,15.75,28.71,44.582724,2.455986,1.98,219.90,0.6688,-0.002084,0.001636,1.7171,3.2491,-6.03,0.459982,-3700,-73.684211,-83439508.905323,-7.9178,77.0131,-1.04,-2.96,0,0.16,3.6958,-0.040447,-0.002084,0.6005
12-09-24,157.320007,157.320007,156.970001,154.58139,1400,154.056506,150.120526,140.164754,0.337451,0.190913,0.10383,TRUE,TRUE,9.955772,0.197944,40.965863,25.5337,58.1787,-9.498595,1.7231,-0.2004,10.17,14.85,27.54,35.203612,1.133936,1.92,218.66,0.6645,-0.00232,0.002051,1.4472,2.7002,-6.03,0.261927,-5100,-56.25,-83460017.458815,-8.1641,72.5003,-1.50,-3.34,0,0.13,3.1334,-0.045293,-0.00232,0.2400
12-10-24,156.169998,156.320007,155.589996,153.222397,3300,154.024992,150.254456,140.271828,0.342599,0.191319,0.104001,TRUE,TRUE,9.982629,0.195651,22.550822,23.8220,50.9256,-11.166572,1.4645,-0.3672,8.72,14.23,25.86,5.616762,-0.409654,1.89,219.43,0.6732,-0.002558,0.002426,1.2125,2.0587,-6.03,0.691099,-8400,-77.55102,-83484722.830664,-7.6991,72.5423,-1.55,-4.46,0,0.11,2.4686,-0.049257,-0.002558,-0.3658
12-11-24,156.449997,156.449997,156.029999,153.655701,6400,154.069308,150.40375,140.378146,0.343437,0.191514,0.104172,TRUE,TRUE,10.025604,0.194017,19.422891,22.3202,52.9401,-9.550674,1.2798,-0.4415,8.29,13.78,25.09,-24.717288,0.58016,1.89,217.64,0.6735,-0.002529,0.00237,1.0138,2.0967,-6.03,1.289023,-2000,146.153846,-83563482.70714,-8.0400,70.2508,-1.50,-5.30,0,0.11,2.5088,-0.048681,-0.002529,-0.1900
12-12-24,155.850006,155.850006,155.339996,153.005753,17100,154.079156,150.542407,140.481848,0.339059,0.191485,0.104344,TRUE,TRUE,10.060559,0.190094,-7.657967,21.0142,49.6479,-8.530816,1.0687,-0.5221,6.80,13.87,24.31,-56.382708,0.128903,1.79,217.09,0.6751,-0.00251,0.002324,1.0732,2.0406,-6.03,3.123288,-19100,147.826087,-83737111.351228,-8.4402,52.2702,-1.53,-5.49,0,0.10,2.4510,-0.048209,-0.00251,-0.4945
12-13-24,155.070007,155.070007,154.839996,152.483795,2200,154.136766,150.685791,140.577389,0.329347,0.191306,0.104515,TRUE,TRUE,10.108402,0.188175,-37.595403,20.1395,47.1140,-3.811622,0.8494,-0.5931,5.73,14.13,21.21,-50.780204,0.761368,1.70,210.85,0.6563,-0.002914,0.00331,1.2574,1.4070,-6.03,0.398551,-21300,69.230769,-83784384.351096,-8.7520,42.0639,-1.46,-4.96,0,0.07,1.8043,-0.05753,-0.002914,-0.7839
12-16-24,155.050003,155.149994,154.490005,152.139145,2100,154.246078,150.80495,140.66736,0.31367,0.190952,0.104686,TRUE,TRUE,10.137591,0.183704,-60.728869,19.5608,45.4640,-7.476159,0.6404,-0.6416,5.30,13.13,19.13,-48.471444,1.457947,1.64,192.92,0.6505,-0.002829,0.003176,1.4590,1.5953,-6.03,0.428571,-23400,-85.517241,-83801444.635931,-8.0324,36.5252,-1.69,-5.61,0,0.08,2.0012,-0.056353,-0.002829,-1.0921
12-17-24,153.339996,153.339996,152.589996,151.059998,4000,154.26204,150.921828,140.750279,0.292297,0.190282,0.104855,TRUE,TRUE,10.171549,0.178768,-64.981213,20.1118,40.6620,-8.985863,0.3834,-0.7190,4.86,12.01,18.86,-22.666649,0.211784,1.59,189.98,0.6534,-0.003065,0.003692,1.7265,1.0219,-6.03,0.843882,-27400,-44.444444,-83821764.622911,-8.1138,38.3115,-2.49,-6.66,0,0.06,1.4096,-0.060763,-0.003065,-1.6855
12-18-24,152.630005,152.770004,147.5,145.896729,9100,154.015901,150.923229,140.812495,0.262029,0.189049,0.10502,FALSE,TRUE,10.110734,0.165523,-78.672621,22.3545,26.3317,-20.782247,-0.2343,-1.0693,-0.10,8.29,14.84,-13.821299,-3.264018,1.75,257.00,0.7924,-0.002864,0.002187,2.4978,-0.3569,-6.76,1.810945,-36500,167.647059,-83836401.533225,-7.7174,26.8441,-3.83,-7.84,0,-0.00,-0.0475,-0.046763,-0.002864,-3.1592
12-19-24,148.600006,148.600006,146.949997,145.352707,11800,153.700214,150.895236,140.865904,0.223605,0.187203,0.105178,FALSE,TRUE,10.029332,0.149775,-85.080255,24.5663,25.3192,-20.144724,-0.7590,-1.2752,0.19,7.67,13.39,-13.582387,-4.162909,1.74,318.74,0.7892,-0.002806,0.002116,3.0196,-0.2623,-7.11,2.334322,-48300,5.357143,-83871047.494293,-7.6774,21.0293,-2.88,-7.81,0,0.00,0.0509,-0.046001,-0.002806,-2.6189
12-20-24,146.949997,150.029999,146.949997,147.96402,9500,153.414153,150.927544,140.927402,0.179545,0.184848,0.105332,FALSE,TRUE,10.000141,0.139444,-53.469772,25.5838,37.7019,-2.960094,-0.9531,-1.1754,1.29,9.05,17.33,8.779416,-3.722688,1.83,343.59,0.8206,-0.00248,0.00153,3.2781,0.1785,-7.11,1.752768,-38800,331.818182,-83874292.162389,-7.1357,30.8266,-2.30,-5.66,0,0.03,0.4944,-0.039116,-0.00248,-1.5863
12-23-24,148.910004,149.399994,148.259995,147.776077,3900,153.034004,150.924186,140.989276,0.131544,0.18209,0.105481,FALSE,TRUE,9.93491,0.129099,-52.345904,26.5286,37.2236,10.891833,-1.1093,-1.0653,0.98,9.49,15.90,7.152209,-4.893183,1.81,362.25,0.8206,-0.002536,0.0016,3.5729,0.0854,-7.11,0.767717,-42700,-63.551402,-83881503.176832,-7.4569,34.7710,-3.24,-6.24,0,0.02,0.3992,-0.039997,-0.002536,-1.4514
12-24-24,150.009995,150.949997,150.009995,149.309235,5500,152.679303,150.937114,141.059156,0.081345,0.17915,0.105628,FALSE,TRUE,9.877958,0.121602,-41.97164,26.3518,43.5194,18.20022,-1.0967,-0.8422,2.71,11.07,16.67,20.640735,-4.535727,1.81,362.26,0.8308,-0.002361,0.001353,3.3607,0.3611,-7.11,1.067961,-37200,34.146341,-83895203.537198,-7.1681,34.4672,-2.05,-5.03,0,0.04,0.6794,-0.036786,-0.002361,-0.9303
12-26-24,150.529999,151.039993,150.529999,149.289459,5100,152.334939,150.95713,141.125919,0.030339,0.17621,0.105774,FALSE,TRUE,9.831212,0.113349,-38.602698,26.1291,43.4589,5.756966,-1.0760,-0.6572,2.22,10.84,15.86,20.521582,-4.409929,1.78,359.99,0.8302,-0.000892,0.000379,3.5158,0.4300,-7.11,1.004926,-42300,-22.727273,-83925114.595451,-7.2168,39.1032,102.22,110.84,,0.04,0.7654,-0.01948,-0.000892,-0.8460
12-27-24,149.970001,150.289993,149.059998,148.310226,3100,151.947029,150.939442,141.18686,-0.020831,0.173186,0.105917,FALSE,TRUE,9.752583,0.103119,-43.259314,26.4930,40.4575,3.233951,-1.1256,-0.5654,1.39,9.96,15.03,13.116954,-4.971021,1.70,359.44,0.8349,-0.000871,0.000362,3.3426,0.2453,-7.11,0.626263,-45400,-44.642857,-83931993.942671,-7.1474,35.8144,-2.80,-5.56,0,0.04,0.7995,-0.019021,-0.000871,-1.0118
12-30-24,147.309998,148.690002,147.110001,146.599014,2900,151.453371,150.890287,141.246549,-0.070919,0.17006,0.106057,FALSE,TRUE,9.643739,0.088674,-46.577263,27.4667,35.8040,-7.715435,-1.2881,-0.5823,0.05,9.63,13.34,-3.694554,-6.309856,1.70,361.81,0.8459,-0.000945,0.000415,3.1282,0.0436,-7.11,0.577114,-48300,107.142857,-83936769.713094,-6.7535,35.2382,-3.31,,0,0.03,0.5808,-0.020369,-0.000945,-1.3417
12-31-24,148.630005,148.910004,147.710007,146.885864,10500,150.98735,150.837613,141.309328,-0.118096,0.166762,0.106192,FALSE,TRUE,9.528285,0.076097,-39.441175,28.2160,37.1099,-6.349027,-1.3779,-0.5377,0.48,9.26,14.37,-0.675081,-5.966738,1.72,357.37,0.8428,-0.001035,0.000501,3.3416,-0.0820,-7.11,1.921317,-37800,517.647059,-83961692.242753,-6.2877,43.6932,-3.27,-5.61,0,0.02,0.4484,-0.022378,-0.001035,-1.1477
01-02-25,149.039993,149.429993,147.330002,146.450653,5500,150.527142,150.804398,141.368275,-0.1614,0.16329,0.106325,FALSE,TRUE,9.436123,0.061131,-44.841844,28.5380,35.9161,-4.541369,-1.4672,-0.5016,0.26,8.85,14.43,-5.6106,-5.913179,1.70,353.34,0.8392,-0.000988,0.000461,3.2098,0.0323,-7.11,0.972591,-43300,223.529412,-83971798.37536,-5.4548,37.0823,-4.15,-5.14,0,0.03,0.5711,-0.021469,-0.000988,-1.1537
01-03-25,148.600006,149.800003,148.600006,147.96402,3100,150.120937,150.809329,141.430456,-0.199814,0.159759,0.106454,FALSE,TRUE,9.378874,0.049613,-29.777928,28.5695,42.8058,7.001831,-1.3998,-0.3474,1.82,10.04,17.38,12.366137,-5.204816,1.73,332.11,0.8479,-0.000843,0.000329,3.0331,0.2233,-7.11,0.560579,-40200,-44.642857,-83978184.313078,-5.1555,47.9902,-3.62,-5.63,0,0.04,0.7703,-0.018142,-0.000843,-0.6495
01-06-25,150.440002,151.059998,149.729996,148.112396,8400,149.767451,150.828848,141.486755,-0.234886,0.1561,0.106579,FALSE,TRUE,9.342093,0.039788,-26.401281,27.7342,43.4478,6.337925,-1.3192,-0.2134,1.32,9.89,17.70,14.175606,-4.555755,1.78,312.44,0.8442,-0.000958,0.000428,2.9276,0.0567,-7.11,1.431005,-31800,425,-84007017.120577,-5.0072,54.4837,-3.07,-5.36,0,0.03,0.5947,-0.02068,-0.000958,-0.5297
01-07-25,149.369995,149.720001,148.410004,147.261749,1600,149.366016,150.823476,141.533215,-0.266714,0.152299,0.106699,FALSE,TRUE,9.290262,0.027809,-28.583756,27.5270,40.6321,4.715921,-1.3088,-0.1624,1.41,9.53,16.66,4.878754,-5.170119,1.74,288.40,0.8468,-0.000997,0.00046,2.4040,-0.0369,-7.11,0.274678,-33400,-36,-84011422.022035,-4.9091,54.8576,-2.88,-5.70,0,0.03,0.4944,-0.021459,-0.000997,-0.7296
01-08-25,148.199997,149.240005,148.169998,147.607941,8900,149.017344,150.845511,141.585804,-0.295232,0.14829,0.106814,FALSE,TRUE,9.259707,0.01905,-21.138623,27.4334,42.2718,-0.534082,-1.2582,-0.0894,1.22,8.89,15.51,11.304861,-4.511183,1.78,263.07,0.8355,-0.001178,0.00066,1.4340,-0.3082,-7.11,1.435484,-24500,535.714286,-84029672.073373,-4.5940,51.9029,-3.81,-5.38,0,0.01,0.2125,-0.025698,-0.001178,-0.5357
01-10-25,148.399994,148.399994,146.979996,145.530762,8800,148.632762,150.809065,141.629132,-0.322164,0.143956,0.106922,FALSE,TRUE,9.179933,0.008124,-2.763165,27.8179,35.8702,-7.577646,-1.3699,-0.1609,-0.83,6.27,14.42,-34.531266,-5.019916,1.61,254.44,0.8524,0.002335,0.001267,1.4631,-0.8897,-7.11,1.359073,-33300,166.666667,-84056434.433545,-4.4148,52.1401,-3.75,-5.65,0,-0.01,-0.2471,0.035595,0.002335,-1.2191
01-13-25,146.279999,148.160004,146.279999,146.549561,3100,148.277455,150.798312,141.678043,-0.345364,0.139305,0.107024,FALSE,TRUE,9.120269,-0.001593,8.723898,28.4323,40.6200,-0.012072,-1.3605,-0.1212,0.14,5.81,15.03,5.639369,-4.624716,1.60,228.95,0.8571,0.002404,0.001327,1.3722,-0.5910,-7.11,0.491284,-30200,-51.5625,-84058645.455557,-3.9236,61.6031,-1.79,-4.65,0,-0.00,-0.0218,0.036428,0.002404,-0.7547
01-14-25,148.820007,149.509995,148.179993,147.884888,4300,148.021412,150.818008,141.72532,-0.363356,0.134446,0.107121,FALSE,TRUE,9.092688,-0.007489,-0.635943,28.0262,46.2403,3.968516,-1.2311,0.0065,-0.04,6.74,16.39,33.57509,-3.346845,1.50,200.10,0.8617,0.002429,0.00134,1.3748,-0.4957,-7.11,0.758377,-25900,-74.853801,-84064853.650548,-2.8901,58.9359,-1.34,-3.43,0,0.00,0.0729,0.036612,0.002429,-0.0682
01-15-25,151.690002,151.75,150.699997,149.269669,2200,147.860706,150.894943,141.7761,-0.373625,0.129396,0.107214,FALSE,TRUE,9.118843,-0.011275,10.949998,26.3175,51.3797,15.509543,-1.0053,0.1859,0.41,5.92,17.71,54.655743,-2.107848,1.60,173.52,0.8702,0.002693,0.001616,1.3471,-0.1780,-7.11,0.388007,-23700,0,-84073047.390103,-2.5455,57.9973,,-4.07,0,0.02,0.3972,0.040202,0.002693,0.8120
01-16-25,150.970001,152.289993,150.970001,150.199463,80400,147.763721,150.992247,141.836172,-0.374116,0.124224,0.107302,FALSE,TRUE,9.156075,-0.012764,6.828609,24.4488,54.5234,13.903377,-0.7427,0.3588,1.29,7.36,19.17,65.215769,-1.274939,1.58,152.50,0.8730,0.002751,0.001676,1.8529,-0.0828,-7.11,8.388106,56700,3728.571429,-84247313.532727,-2.3259,79.4584,-1.34,-3.50,0,0.03,0.4939,0.040933,0.002751,1.5973
01-17-25,152.619995,153.360001,152.619995,151.208359,3900,147.77114,151.104608,141.908181,-0.364501,0.118884,0.107387,TRUE,TRUE,9.196426,-0.015024,13.681151,23.2271,57.7180,11.477699,-0.4480,0.5228,1.35,9.14,20.99,69.609586,0.098213,1.64,154.21,0.8680,0.003039,0.002073,2.4323,0.4086,-7.11,0.407098,60600,-2.5,-84266092.832478,-2.3190,79.2977,-1.73,-3.39,0,0.05,1.0037,0.045526,0.003039,2.2289
01-21-25,153.850006,154.720001,153.850006,153.038269,3100,148.128217,151.214372,141.987825,-0.343911,0.113472,0.107468,TRUE,TRUE,9.226547,-0.015124,31.781868,22.7080,62.8196,11.43994,-0.0661,0.7238,2.67,10.99,21.79,80.074269,4.894928,1.73,187.59,0.8801,0.003377,0.002491,3.4320,0.8467,-7.11,0.334052,63700,-65.934066,-84274977.65779,-2.3630,81.4128,-0.64,-2.58,0,0.08,1.4501,0.049912,0.003377,2.6174
01-22-25,154.690002,154.899994,154.339996,152.711853,4500,148.496174,151.245719,142.073511,-0.314195,0.107967,0.107547,TRUE,TRUE,9.172209,-0.017039,45.307992,22.3045,61.3966,6.873206,0.2079,0.7982,2.14,9.89,20.48,74.615521,5.062958,1.75,201.91,0.8788,0.003384,0.002509,3.2431,0.9022,-7.11,0.504767,59200,-61.864407,-84305644.360787,-2.4374,83.5539,-0.73,-2.82,0,0.08,1.5070,0.050093,0.003384,2.0879
01-23-25,153.820007,155.149994,153.820007,153.463577,2300,148.771152,151.283632,142.158214,-0.277241,0.10245,0.107623,TRUE,TRUE,9.125418,-0.017365,47.129702,21.6029,63.4500,5.732068,0.4801,0.8563,3.61,10.69,20.09,80.987401,3.716821,1.74,229.81,0.8801,0.003446,0.002596,3.2893,0.9683,-7.11,0.268849,61500,-75.789474,-84309177.138833,-2.5417,82.6194,-0.34,-3.13,0,0.09,1.5745,0.050948,0.003446,2.0419
01-24-25,155.229996,155.520004,155.009995,153.325104,2300,149.048603,151.29317,142.240318,-0.235345,0.096902,0.107699,TRUE,TRUE,9.052852,-0.019983,50.325844,21.1333,62.7875,-0.032161,0.6769,0.8425,3.80,12.28,20.07,76.24568,3.755024,1.72,249.79,0.8747,0.003512,0.002731,3.0543,1.1570,-7.11,0.271386,59200,-41.025641,-84326673.901638,-2.6264,86.1745,-0.46,-2.49,0,0.10,1.7717,0.052254,0.003512,1.7120
01-27-25,153.389999,154.839996,153.389999,153.156937,2300,149.240988,151.279255,142.319528,-0.190308,0.091282,0.107772,TRUE,TRUE,8.959727,-0.02182,42.168502,19.7062,61.9415,0.544971,0.8099,0.7804,4.09,11.90,20.65,74.42569,2.577002,1.64,266.18,0.8726,0.003377,0.002536,2.9007,0.9513,-7.11,0.276609,56900,-58.181818,-84329713.274658,-2.6128,84.3777,-0.45,-2.68,0,0.09,1.5606,0.05036,0.003377,1.4712
01-28-25,155,155,154.520004,152.840439,1300,149.418537,151.280676,142.407861,-0.143001,0.0857,0.107846,TRUE,TRUE,8.872815,-0.024949,37.876449,18.4705,60.2950,-3.155004,0.8797,0.6801,3.60,10.12,19.34,71.000391,2.378587,1.58,278.10,0.8727,0.003352,0.002498,2.7491,0.9432,-7.11,0.16,55600,-74.509804,-84340111.001714,-2.5538,83.5294,-1.62,-4.12,0,0.09,1.5508,0.049982,0.003352,1.2305
01-29-25,154.419998,154.470001,153.970001,152.296417,1300,149.617847,151.270429,142.492253,-0.094586,0.080168,0.107917,TRUE,TRUE,8.778177,-0.029607,41.348508,17.3069,57.4674,-5.320122,0.8809,0.5451,3.95,9.62,18.80,65.112715,2.687738,1.59,283.96,0.8741,0.003301,0.002415,2.5362,0.8725,-7.11,0.161792,54300,-58.064516,-84350113.638433,-2.6019,83.6924,-1.91,-5.02,0,0.08,1.4760,0.049143,0.003301,0.9433
01-30-25,155.240005,155.740005,154.740005,153.888916,3200,149.982342,151.321575,142.59844,-0.045256,0.074818,0.107987,TRUE,TRUE,8.723135,-0.034457,46.794429,16.6464,62.9455,1.00401,0.9989,0.5304,4.44,10.13,18.96,80.432472,4.972681,1.64,289.89,0.8716,0.003594,0.002885,2.5089,1.4975,-7.11,0.397516,57500,10.344828,-84358760.611089,-2.6211,90.0688,-2.19,-5.58,0,0.12,2.1198,0.053711,0.003594,1.3476
01-31-25,155.330002,156.050003,154.190002,152.543701,12300,150.265234,151.373391,142.703915,0.002969,0.069678,0.108054,TRUE,TRUE,8.669476,-0.042134,55.26124,15.6884,56.3438,-3.951231,0.9726,0.4033,3.71,8.63,18.06,64.111562,3.851859,1.69,285.66,0.8804,0.003569,0.002785,2.0596,1.2382,-7.11,1.511057,45200,17.142857,-84392834.265896,-2.6483,87.2349,-2.00,-4.60,0,0.10,1.8502,0.052775,0.003569,0.7976
02-03-25,151.970001,153.720001,151.639999,151.71283,2200,150.528342,151.392833,142.807435,0.048772,0.064661,0.108118,TRUE,TRUE,8.585398,-0.051139,41.297582,15.6811,52.6695,-4.797886,0.8747,0.2443,3.28,9.69,19.21,44.889863,3.59314,1.67,272.61,0.8841,0.003533,0.002705,1.6613,1.0174,-7.11,0.275862,43000,-60,-84394880.202147,-2.6526,85.3974,-1.30,-3.99,0,0.09,1.6233,0.052009,0.003533,0.4345
02-04-25,153.399994,153.75,153.350006,152.009552,4400,150.730619,151.416634,142.916789,0.091049,0.059806,0.108177,TRUE,TRUE,8.499845,-0.056677,35.979311,15.6553,53.8275,-9.118055,0.8116,0.1450,4.53,12.03,17.94,24.477637,2.734132,1.63,267.55,0.8683,0.003272,0.002404,1.3339,0.6853,-7.11,0.547264,47400,41.935484,-84428770.642369,-2.8022,85.4239,-1.36,-3.90,0,0.07,1.2895,0.049032,0.003272,0.4780
02-05-25,154.070007,154.509995,153.619995,152.830521,4800,150.966525,151.439915,143.030345,0.130198,0.055141,0.108231,TRUE,TRUE,8.40957,-0.055024,32.667837,15.1441,56.9648,0.621018,0.8185,0.1215,5.16,15.41,18.53,36.624385,3.185503,1.55,264.02,0.8129,0.00275,0.001938,1.0814,0.1149,-7.11,0.610687,52200,-42.857143,-84442086.328072,-2.7676,85.7273,-1.60,,0,0.04,0.7345,0.044023,0.00275,0.7060
02-06-25,154.649994,154.649994,153.570007,152.563477,5900,151.231612,151.41748,143.142909,0.164993,0.050628,0.108281,TRUE,TRUE,8.274571,-0.053185,23.091874,14.5795,55.6405,2.970989,0.7932,0.0770,4.79,14.01,19.54,20.940508,3.600207,1.50,251.17,0.8125,0.002659,0.001813,0.9011,-0.0332,-7.11,0.73065,46300,268.75,-84458983.745349,-2.7713,55.3716,-1.83,-4.43,0,0.03,0.5821,0.04258,0.002659,0.5303
02-07-25,154.320007,154.550003,153.339996,151.880981,3500,151.445264,151.347518,143.245901,0.194529,0.046196,0.108328,TRUE,TRUE,8.101617,-0.050351,6.78661,14.1885,52.2942,-1.533276,0.7099,-0.0050,2.94,14.05,18.18,5.464441,2.894858,1.45,236.47,0.8072,0.00248,0.001597,0.8466,-0.4568,-7.11,0.44843,42800,-60.674157,-84470924.280538,-2.8267,48.5275,-2.67,-4.10,0,0.01,0.1505,0.039962,0.00248,0.1843
02-10-25,153.729996,154.130005,153.720001,152.454681,2900,151.79146,151.268547,143.344233,0.219287,0.041856,0.10837,TRUE,TRUE,7.924314,-0.044819,-6.742924,13.8254,54.7573,-2.207495,0.6824,-0.0261,0.87,12.42,18.11,18.4735,4.757702,1.39,191.78,0.8041,0.00245,0.001571,0.8701,-0.5505,-7.11,0.386152,45700,-67.045455,-84491723.766955,-2.8981,48.3261,-4.47,-4.84,0,0.00,0.0563,0.039636,0.00245,0.3458
02-11-25,153.419998,153.910004,153.419998,152.148056,1500,152.071384,151.187973,143.441912,0.237684,0.037614,0.108408,TRUE,TRUE,7.746061,-0.041549,-6.529188,13.6799,53.1770,-2.463448,0.6285,-0.0639,0.38,12.00,17.41,11.520549,3.820206,1.37,146.84,0.7994,0.002583,0.001766,0.8981,-0.3873,-7.11,0.201884,44200,-51.612903,-84501011.080504,-2.9769,42.2498,-4.28,-4.93,0,0.01,0.2304,0.042029,0.002583,0.0522
02-12-25,152.350006,153.300003,152.350006,151.356735,20000,152.244977,151.093739,143.536368,0.248813,0.03348,0.108438,TRUE,TRUE,7.557372,-0.039475,-24.287423,14.1864,49.2284,-3.06585,0.5161,-0.1411,-0.98,11.74,16.55,-6.423218,2.347669,1.32,110.85,0.8022,0.002514,0.001661,0.9973,-0.5660,-7.11,2.434571,24200,365.116279,-84562833.14639,-3.0309,27.9207,-5.40,-4.37,0,0.00,0.0453,0.040752,0.002514,-0.8013
02-13-25,153.5,154.429993,153.429993,152.751404,2700,152.419064,151.019324,143.635255,0.25354,0.029458,0.108462,TRUE,TRUE,7.384069,-0.037537,-5.776967,13.7614,55.5001,0.74275,0.5333,-0.0991,-0.72,11.12,16.87,25.201893,2.332514,1.35,86.29,0.8012,0.002904,0.002224,1.0119,0.0568,-7.11,0.32767,26900,22.727273,-84569197.526272,-3.0106,28.3264,-5.56,-4.65,0,0.03,0.6909,0.047164,0.002904,0.3852
02-14-25,154.720001,154.779999,154.399994,152.721725,800,152.545177,150.949633,143.730131,0.251683,0.02562,0.108479,TRUE,TRUE,7.219501,-0.038064,-4.44441,13.1080,55.3434,2.166402,0.5384,-0.0752,-0.03,11.25,18.93,24.528916,1.679275,1.38,68.80,0.7918,0.002998,0.00243,1.0242,0.3554,-7.11,0.187793,26100,-99.004975,-84577063.828874,-3.8703,30.1669,-3.26,-2.85,0,0.05,1.0055,0.049297,0.002998,0.2566
02-18-25,154.710007,155.75,154.710007,154.057068,3500,152.687612,150.917678,143.841755,0.244788,0.022006,0.108491,TRUE,TRUE,7.075923,-0.03522,11.253442,12.5207,60.7167,11.488292,0.6428,0.0233,0.82,10.53,18.57,54.808764,1.883963,1.42,69.15,0.7968,0.003103,0.002571,1.1050,0.4690,-7.11,0.825472,29600,-10.25641,-84584958.637918,-3.7602,32.4211,-2.66,-2.82,0,0.06,1.1200,0.0507,0.003103,1.9803
02-19-25,155.169998,155.589996,154.869995,153.849335,5000,152.728165,150.872902,143.954637,0.236717,0.018616,0.108497,TRUE,TRUE,6.918265,-0.032767,14.825152,11.9754,59.5169,4.016831,0.7006,0.0650,1.66,9.91,16.92,50.098265,0.529976,1.42,73.56,0.7971,0.003076,0.002524,1.0625,0.4068,-7.11,1.153403,24600,61.290323,-84604134.452779,-3.7965,30.7524,-1.41,-3.12,0,0.05,1.0558,0.050237,0.003076,1.5242
02-20-25,154.399994,154.809998,154.229996,153.127274,800,152.748936,150.831805,144.059119,0.227835,0.015485,0.108495,TRUE,TRUE,6.772686,-0.030231,-7.930103,11.2578,55.4179,0.074441,0.6804,0.0358,2.12,8.47,17.08,33.72501,0.272029,1.31,74.09,0.7967,0.002926,0.002285,1.0743,0.0646,-7.11,0.192771,23800,-82.222222,-84607976.435363,-3.6426,27.2204,-1.16,-3.81,0,0.04,0.7037,0.047801,0.002926,0.5106
02-21-25,154.899994,154.899994,151.979996,150.595093,2000,152.605512,150.737898,144.1439,0.214851,0.012483,0.108483,FALSE,TRUE,6.593998,-0.028506,-18.057028,11.9744,43.9787,-16.737913,0.4548,-0.1519,-0.10,7.20,15.72,-25.423515,-1.869163,1.37,86.29,0.8065,0.002448,0.001555,1.2025,-0.9153,-7.11,0.483676,21800,-13.043478,-84611873.563887,-3.6602,31.9361,-1.86,-4.04,0,-0.02,-0.3122,0.039439,0.002448,-2.3298
02-24-25,152.759995,152.850006,151.850006,150.199463,6300,152.44923,150.65026,144.222451,0.198249,0.009608,0.108461,FALSE,TRUE,6.427809,-0.024386,-14.613188,12.7080,42.5026,-17.014337,0.2413,-0.2923,-0.41,6.05,15.36,-42.321687,-2.038571,1.38,99.82,0.7931,0.002181,0.001276,1.3147,-1.3860,-7.11,1.453287,15500,173.913043,-84638970.408369,-3.6020,29.9178,-2.09,-4.85,0,-0.04,-0.7878,0.035726,0.002181,-2.2539
02-25-25,152.399994,152.399994,151.240005,150.337936,3500,152.30828,150.59257,144.300276,0.177558,0.006873,0.10843,FALSE,TRUE,6.292295,-0.018016,-16.391728,13.7102,43.2209,-12.196914,0.0823,-0.3610,-0.88,6.57,14.03,-20.001556,-1.840596,1.39,108.80,0.7879,0.002096,0.001194,1.4207,-1.5857,-7.11,0.796359,19000,52.173913,-84647913.983171,-3.6200,23.3979,-2.86,-4.95,0,-0.05,-0.9892,0.034553,0.002096,-1.8110
02-26-25,152.399994,153.070007,151.740005,150.090652,1400,152.170791,150.52127,144.377353,0.153093,0.004304,0.108388,FALSE,TRUE,6.143917,-0.012098,-28.468419,14.0616,42.2068,-1.771935,-0.0629,-0.4050,-2.34,4.96,14.12,-25.484577,-1.799122,1.40,118.65,0.7879,0.002088,0.001185,1.5642,-1.5922,-7.11,0.318182,17600,7.692308,-84652786.300553,-3.5531,18.9972,-3.32,-5.97,0,-0.05,-0.9964,0.034422,0.002088,-1.7532
02-27-25,152.029999,152.179993,150.309998,148.676193,6700,151.98978,150.434678,144.441834,0.125051,0.001859,0.108336,FALSE,TRUE,5.992844,-0.008344,-36.088088,15.1330,36.8768,-5.625802,-0.2888,-0.5047,-4.31,4.15,12.80,-30.033154,-2.377091,1.43,141.95,0.7960,0.002002,0.001067,1.8030,-1.8661,-7.11,1.43469,10900,415.384615,-84671193.805939,-3.4377,18.7888,-4.30,-5.70,0,-0.06,-1.2820,0.032659,0.002002,-2.3343
02-28-25,150.729996,152.089996,150.429993,150.436844,6300,151.817176,150.393739,144.514874,0.096732,-0.00032,0.108273,TRUE,TRUE,5.878865,-0.000609,-12.187013,16.1279,46.0155,2.794536,-0.3221,-0.4304,-3.81,5.23,13.63,2.331733,-2.243223,1.48,138.59,0.8115,0.002292,0.001346,1.8716,-1.5288,-7.11,1.305699,17200,96.875,-84677441.802997,-3.3024,27.8297,-5.11,-6.39,0,-0.05,-0.9428,0.036689,0.002292,-0.9959
03-03-25,152.660004,152.809998,149.699997,148.4487,4400,151.612426,150.31993,144.578267,0.067195,-0.002354,0.108199,FALSE,TRUE,5.741663,0.003752,-30.201338,17.4091,39.1269,-3.079921,-0.5030,-0.4891,-4.95,4.29,12.24,-20.682585,-2.684477,1.54,156.40,0.8275,0.002279,0.001277,2.0910,-1.8674,-7.11,0.993228,12800,-64.227642,-84685382.449754,-3.3019,22.7141,-4.70,-6.16,0,-0.07,-1.2966,0.035741,0.002279,-2.0228
03-04-25,149.399994,149.539993,147.360001,146.292389,4200,151.341404,150.224578,144.627065,0.035914,-0.004278,0.108113,FALSE,TRUE,5.597513,0.004074,-38.743492,19.5211,33.3036,-3.57314,-0.8111,-0.6377,-6.26,2.38,9.68,-12.724813,-3.572829,1.60,196.42,0.8456,0.002347,0.001297,2.4652,-2.1714,-7.11,0.927152,8600,90.909091,-84693696.196709,-3.2982,21.8496,-3.80,-5.52,0,-0.09,-1.6131,0.036011,0.002347,-2.5706
03-05-25,147.789993,149.550003,147.419998,147.548584,4800,151.118356,150.257615,144.675105,0.003419,-0.006055,0.108013,FALSE,TRUE,5.58251,0.00771,-24.444427,21.4728,38.9994,-7.01604,-0.9430,-0.6157,-5.70,2.46,9.99,2.247716,-2.934663,1.68,213.05,0.8533,0.002556,0.001511,2.6707,-1.9720,-7.11,1.054945,13400,9.090909,-84697916.656334,-2.9576,37.2517,-3.72,-6.09,0,-0.08,-1.4108,0.038868,0.002556,-1.6755
03-06-25,148.539993,148.600006,146.960007,145.75824,13400,150.764742,150.265726,144.717566,-0.030987,-0.007817,0.107901,FALSE,TRUE,5.54816,0.00735,-43.77708,23.4471,34.4800,-4.64689,-1.1784,-0.6809,-6.69,2.78,8.39,-13.67199,-4.627532,1.63,240.11,0.8633,0.002577,0.0015,3.0255,-2.1431,-7.11,2.690763,0,179.166667,-84730955.29458,-2.9003,26.7702,-3.77,-5.58,0,-0.09,-1.5888,0.038727,0.002577,-2.0851
03-07-25,146.690002,148.520004,146.110001,146.401199,20700,150.456628,150.23447,144.761825,-0.065305,-0.009514,0.107776,FALSE,TRUE,5.472645,0.008752,-38.103535,25.5652,37.2905,3.986912,-1.2982,-0.6405,-5.94,3.48,9.70,3.020734,-4.039156,1.66,254.90,0.8659,0.002681,0.001613,3.2961,-2.0232,-7.11,3.618881,20700,250.847458,-84746652.967143,-2.5146,19.4775,-3.73,-5.69,0,-0.08,-1.4666,0.040168,0.002681,-1.5910
03-10-25,147.289993,147.419998,144.820007,143.651413,9800,150.045149,150.151976,144.791259,-0.100962,-0.011345,0.107639,FALSE,FALSE,5.360718,0.004937,-57.802089,27.9121,31.1386,-7.860873,-1.5965,-0.7511,-7.97,2.09,6.67,-10.850469,-5.418433,1.67,294.10,0.8949,0.002666,0.001492,3.6448,-2.3779,-8.19,1.623861,10900,180,-84765262.401803,-2.4386,14.1069,-4.43,-5.81,0,-0.10,-1.8432,0.038624,0.002666,-2.1740
03-11-25,145.520004,145.520004,143.240005,142.058914,5000,149.525361,150.00697,144.813904,-0.136473,-0.013413,0.107487,FALSE,FALSE,5.193066,-0.003183,-60.816185,30.4780,28.2336,-6.246444,-1.9391,-0.8750,-8.46,2.11,4.71,-10.129438,-6.818923,1.73,337.88,0.8987,0.002682,0.001497,3.7863,-2.4354,-9.21,0.814332,5900,72.413793,-84775442.629614,-2.3104,14.1664,-3.93,-5.69,0,-0.11,-1.9028,0.038695,0.002682,-2.2098
03-12-25,144.910004,144.910004,143.279999,141.722595,8600,149.004088,149.855633,144.838826,-0.171604,-0.015698,0.10732,FALSE,FALSE,5.016806,-0.010501,-60.020718,32.8606,27.6469,-9.643604,-2.2123,-0.9185,-8.74,0.91,4.67,-13.013823,-6.852181,1.83,373.80,0.8973,0.002557,0.001364,2.9557,-2.5926,-9.43,1.324095,-2700,473.333333,-84800476.532108,-2.3054,13.0708,-4.74,-6.24,0,-0.12,-2.0646,0.036937,0.002557,-1.9479
03-13-25,143.490005,143.490005,141.580002,140.139999,3300,148.443251,149.692228,144.865026,-0.207393,-0.018305,0.107137,FALSE,FALSE,4.827202,-0.020851,-57.917657,35.4341,25.0133,-6.125285,-2.5273,-0.9868,-9.34,-0.12,3.55,-12.532652,-7.410794,1.80,418.16,0.9055,0.002503,0.001284,3.4133,-2.7716,-10.44,0.583039,-6000,-83.5,-84808752.447234,-2.1724,12.9242,-4.63,-6.53,0,-0.13,-2.2520,0.035827,0.002503,-1.9857
03-14-25,142.929993,144.839996,142.929993,142.889786,8300,147.95017,149.618044,144.899695,-0.24176,-0.021087,0.106941,FALSE,FALSE,4.718348,-0.026863,-35.821553,36.5358,36.3575,8.123937,-2.5260,-0.7884,-6.74,1.39,5.11,11.399333,-6.455992,1.89,422.80,0.9449,0.003235,0.001972,3.6669,-2.0111,-10.44,1.397306,2300,207.407407,-84817401.888811,-2.0893,20.7995,-3.94,-5.79,0,-0.09,-1.4867,0.04441,0.003235,-1.1969
03-17-25,145.600006,147.190002,145.600006,145.105423,4700,147.569355,149.582435,144.950527,-0.272857,-0.02396,0.106734,FALSE,TRUE,4.631908,-0.029294,-23.273229,35.7619,43.7426,16.095618,-2.3194,-0.4655,-5.56,2.27,6.60,30.682502,-4.987046,1.96,411.72,0.9686,0.003673,0.002421,3.7872,-1.4767,-10.44,0.766096,7000,487.5,-84825025.846125,-2.0209,25.1860,-2.97,-4.68,0,-0.06,-0.9486,0.049204,0.003673,-0.5984
03-18-25,145.770004,145.770004,144.600006,143.893585,40900,147.061181,149.531293,145.002681,-0.301481,-0.026914,0.106515,FALSE,FALSE,4.528613,-0.03515,-26.429516,35.4201,40.9440,15.930764,-2.2278,-0.2991,-5.96,0.44,6.86,20.601819,-6.597219,1.90,389.55,0.9701,0.003677,0.002418,3.9611,-1.5087,-10.44,5.109307,-33900,1068.571429,-84915315.008455,-2.0634,17.1790,-4.00,-5.78,0,-0.06,-0.9813,0.049174,0.003677,-0.8131
03-19-25,145.830002,147.059998,145.820007,145.451828,6900,146.641306,149.481049,145.061501,-0.327003,-0.029852,0.106284,FALSE,TRUE,4.419548,-0.046804,-13.667598,34.2628,45.7502,9.392702,-2.0064,-0.0621,-4.61,0.85,8.28,34.477539,-5.458267,1.93,356.38,0.8769,0.00383,0.003226,4.0469,-0.3111,-10.44,0.851852,-27000,38,-84926312.520269,-1.9888,22.0709,-4.57,-6.29,0,0.02,0.2905,0.056797,0.00383,-0.3338
03-20-25,145.759995,146.970001,145.710007,144.896027,2400,146.229743,149.416722,145.111383,-0.348922,-0.032766,0.106044,FALSE,FALSE,4.305339,-0.060267,-24.750753,33.2353,44.3634,0.620791,-1.8543,0.0720,-4.76,0.28,7.60,29.528282,-5.375428,1.85,323.55,0.8769,0.003807,0.003187,3.0096,-0.3138,-10.44,0.293399,-29400,200,-84931813.410369,-1.9794,17.9794,-5.09,-7.05,0,0.02,0.2863,0.056458,0.003807,-0.4122
03-21-25,145.270004,145.570007,144.580002,144.479172,4800,145.923947,149.361071,145.162945,-0.367672,-0.035688,0.105794,FALSE,FALSE,4.198125,-0.069962,-19.070361,32.7560,43.3031,2.359072,-1.7473,0.1432,-4.36,0.29,6.60,36.376029,-4.061169,1.75,308.69,0.8452,0.003341,0.002641,2.5753,-0.9781,-10.44,0.576923,-34200,140,-84937591.151156,-1.9574,17.9489,-4.44,-7.15,0,-0.02,-0.3781,0.051388,0.003341,-0.4680
03-24-25,146.970001,148.110001,146.970001,147.000137,3700,145.763981,149.348914,145.228823,-0.381127,-0.038444,0.105537,FALSE,TRUE,4.120091,-0.075649,3.341616,30.7996,50.9393,5.189153,-1.4425,0.3584,0.76,0.65,7.42,68.006709,-2.130051,1.79,293.27,0.8758,0.003917,0.003382,2.5671,-0.3784,-10.44,0.45177,-30500,-41.269841,-84941095.530698,-1.8445,20.7476,-3.13,-7.11,0,0.01,0.2250,0.058156,0.003917,0.4215
03-25-25,148.320007,148.320007,147.309998,146.603134,2500,145.577241,149.370362,145.287339,-0.389423,-0.041096,0.105272,FALSE,TRUE,4.083023,-0.079345,-4.652659,28.8726,49.8018,5.43843,-1.2189,0.4656,0.86,1.05,6.26,71.554548,-2.484271,1.70,273.86,0.8656,0.003664,0.003029,2.2702,-0.7825,-10.44,0.307125,-33000,-28.571429,-84947094.820643,-1.8377,19.3634,-3.75,-6.77,0,-0.01,-0.1851,0.055034,0.003664,0.3746
03-26-25,147.960007,147.960007,146.770004,145.977859,2000,145.371601,149.358928,145.344145,-0.392705,-0.043663,0.104999,FALSE,TRUE,4.014782,-0.083949,1.146506,27.3514,47.9842,4.681131,-1.0797,0.4838,-1.34,-0.07,6.48,63.369685,-2.740206,1.69,252.82,0.8671,0.903059,0.75584,2.2666,-0.9072,-10.44,0.244798,-35000,42.857143,-84951757.486694,-1.8297,21.1735,-4.50,-6.93,0,-0.06,-2.2551,0.869391,0.903059,0.2398
03-27-25,147.229996,147.289993,146.610001,145.511368,3500,145.21336,149.311458,145.400917,-0.390881,-0.046155,0.104719,FALSE,TRUE,3.91054,-0.090794,-4.688482,26.0200,46.6173,-4.322026,-0.9955,0.4544,-1.53,-0.57,6.32,58.328824,-2.12867,1.63,240.66,0.8641,0.903321,0.754828,2.2801,-0.8074,-10.44,0.436954,-38500,-47.761194,-84966567.063931,-1.8438,24.6495,-4.03,-7.39,0,-0.07,-2.4277,0.868808,0.903321,0.1238
03-28-25,146.399994,146.399994,143.940002,143.456879,3300,144.864362,149.195202,145.445217,-0.386578,-0.048587,0.104428,FALSE,FALSE,3.749985,-0.103752,-1.063971,25.9645,41.0685,-8.733257,-1.0821,0.2942,-3.92,-1.32,4.89,27.846815,-4.639798,1.64,209.51,0.8705,0.891984,0.762707,2.2898,-0.8800,-10.44,0.419847,-41800,-47.619048,-84971163.254183,-1.8685,26.2625,-4.45,-6.64,0,-0.06,-2.1036,0.873331,0.891984,-0.6718
03-31-25,143.089996,145.720001,143.089996,144.350143,6000,144.659434,149.078215,145.496322,-0.377981,-0.050893,0.104129,FALSE,FALSE,3.581893,-0.114584,13.029776,26.2251,44.1796,-3.804678,-1.0664,0.2480,-3.31,-1.16,4.28,41.09999,-2.760924,1.65,191.92,0.8741,0.891956,0.765062,2.1606,-0.7471,-10.44,0.755668,-35800,36.363636,-84971413.544273,-1.8012,25.9961,,-6.82,0,-0.05,-2.0595,0.874678,0.891956,-0.1612
04-01-25,144.940002,145.580002,144.130005,144.469223,15200,144.568275,148.943433,145.543413,-0.364509,-0.053057,0.103821,FALSE,FALSE,3.400019,-0.125818,15.814916,26.4671,44.5994,-2.017886,-1.0324,0.2256,-2.59,-1.24,3.85,42.866748,-1.246248,1.58,188.04,0.8735,0.900447,0.777458,1.9898,-0.6329,-10.44,1.790342,-20600,261.904762,-84979501.64555,-1.6832,38.4992,-4.54,-7.46,0,-0.05,-1.7746,0.881736,0.900447,-0.0527
04-02-25,145.669998,147.100006,145.669998,145.819046,6000,144.481799,148.799048,145.600637,-0.345609,-0.055085,0.103505,FALSE,TRUE,3.198411,-0.132164,33.143829,25.6908,49.2586,8.190073,-0.8864,0.2973,-0.53,-0.48,5.52,53.600102,-1.172182,1.60,177.28,0.8715,0.892785,0.780793,1.5652,-0.6643,-10.44,0.701754,-14600,25,-84984250.901288,-1.6745,42.9985,-4.39,-7.82,0,-0.05,-2.0872,0.883625,0.892785,0.7543
04-03-25,141.710007,141.779999,139.720001,138.931046,7000,144.140439,148.523432,145.627245,-0.32719,-0.057452,0.103174,FALSE,FALSE,2.896187,-0.149431,-18.609429,26.8575,33.6889,-10.490699,-1.3113,-0.1021,-5.42,-4.97,1.55,-9.173897,-4.683916,1.75,213.45,1.0619,0.977983,0.835561,2.0109,-1.7471,-11.21,0.850547,-21600,-47.761194,-84996612.742418,-1.6140,36.0222,-4.90,-8.17,0,-0.08,-2.9192,0.914091,0.977983,-2.4405
04-04-25,136.649994,136.649994,131.990005,131.070404,73800,143.373899,148.075569,145.610186,-0.314624,-0.060519,0.102822,FALSE,FALSE,2.465383,-0.180516,-52.140347,29.2022,24.2634,-20.335994,-2.2563,-0.8377,-10.50,-10.27,-4.40,-5.631362,-10.471769,2.00,355.80,1.2806,1.044873,0.876457,3.5090,-2.4990,-16.23,6.779972,-95400,256.521739,-85099540.105163,-1.6210,20.0530,-4.95,-8.88,0,-0.09,-3.1518,0.936193,1.044873,-3.4580
04-07-25,134.789993,134.860001,128.899994,129.472473,47300,142.664952,147.598516,145.583225,-0.308033,-0.064377,0.102448,FALSE,FALSE,2.015291,-0.212734,-52.817112,31.7134,22.8631,-26.395499,-3.0985,-1.3439,-12.50,-10.90,-4.50,2.947883,-9.87038,2.29,472.20,1.2863,1.042856,0.877768,4.7063,-2.7872,-17.26,3.706897,-142700,382.653061,-85137753.448139,-1.4596,19.8306,-4.94,-8.38,0,-0.08,-2.7430,0.936893,1.042856,-2.7938
04-08-25,135.050003,135.050003,127.230003,127.189697,6300,141.921491,147.079171,145.545536,-0.309172,-0.069136,0.102051,FALSE,FALSE,1.533635,-0.251207,-65.155817,34.2060,20.9986,-12.690268,-3.9051,-1.7204,-14.13,-12.99,-6.84,-0.191115,-10.466937,2.59,585.67,1.2927,1.045607,0.879035,5.9196,-2.8462,-18.71,0.491228,-149000,26,-85144118.39146,-1.4373,15.9517,-5.33,-8.20,0,-0.08,-2.8287,0.937569,1.045607,-2.5154
04-09-25,127.32,140.199997,126.830002,139.149399,26100,141.792831,146.80535,145.566323,-0.308945,-0.074132,0.101639,FALSE,FALSE,1.239028,-0.267328,-14.573404,34.4559,45.8938,21.63037,-3.5385,-1.0831,-5.51,-4.18,1.64,57.326169,-1.815657,2.98,588.94,1.7899,1.255169,0.886152,6.0773,-0.7691,-18.71,1.905109,-122900,203.488372,-85122120.204712,-1.1739,26.6812,-1.70,-4.49,0,-0.03,-0.8104,0.941356,1.255169,-0.4488
04-10-25,135.960007,135.960007,130.850006,132.132385,18800,141.392451,146.40207,145.548591,-0.312449,-0.079673,0.10121,FALSE,FALSE,0.853478,-0.292278,-26.821916,34.6879,38.2732,15.410062,-3.7708,-1.0522,-10.48,-9.39,-3.77,24.673718,-5.71401,3.53,626.78,1.8964,1.28757,0.894154,6.6355,-1.5566,-18.71,1.298791,-141700,469.69697,-85131484.304458,-1.1148,25.0766,-3.26,-6.84,0,-0.06,-1.6686,0.945597,1.28757,-1.4774
04-11-25,134.059998,136.410004,133.009995,134.246414,7800,140.960282,146.00922,145.54501,-0.31931,-0.085545,0.100764,FALSE,FALSE,0.46421,-0.31054,-27.953048,34.7334,41.4286,20.430049,-3.7411,-0.8180,-7.75,-8.52,-0.69,34.510984,-6.048978,3.51,645.43,1.9048,1.259469,0.886298,6.8451,-1.4575,-18.71,0.539792,-133900,-6.024096,-85133611.33533,-1.0942,26.3150,-4.07,-7.65,0,-0.09,-2.1708,0.941434,1.259469,-1.0402
04-14-25,138.25,138.449997,136.929993,137.21402,12100,140.565712,145.702626,145.558914,-0.327309,-0.091502,0.100304,FALSE,FALSE,0.143712,-0.321526,-19.481058,34.0237,45.6304,-0.263428,-3.4385,-0.4123,-6.37,-6.24,1.33,49.143472,-5.438393,3.58,642.87,1.9268,1.267213,0.885528,6.7557,-1.2229,-18.71,0.816464,-121800,157.446809,-85141189.337639,-1.0667,29.3165,-4.44,-6.20,0,-0.08,-1.8926,0.941025,1.267213,-0.5214
04-15-25,138.130005,138.710007,137.669998,136.64827,2800,140.203446,145.401335,145.568714,-0.337975,-0.097575,0.099829,FALSE,FALSE,-0.16738,-0.331008,-19.38149,33.2705,44.9681,6.694928,-3.2073,-0.1450,-7.60,-7.64,3.01,47.987644,-5.03519,3.60,643.55,1.9242,1.260242,0.87677,6.8890,-1.3736,-18.71,0.216802,-124600,-93.154034,-85149490.907521,-0.9066,30.4407,-6.46,-7.77,0,-0.09,-2.2095,0.93636,1.260242,-0.5524
04-16-25,137.100006,137.929993,135.160004,134.901474,7900,139.675928,145.059173,145.568849,-0.352495,-0.103819,0.099339,FALSE,FALSE,-0.509676,-0.339442,-21.470172,33.1120,42.8978,1.469138,-3.1290,-0.0533,-9.63,-9.26,2.63,39.819785,-7.253504,3.73,641.50,1.9212,1.258351,0.87109,7.1735,-1.7184,-18.71,0.609333,-132500,14.492754,-85158865.559101,-0.8968,29.9139,-7.56,,0,-0.12,-2.6882,0.933322,1.258351,-0.7443
04-17-25,136.789993,137.600006,136.300003,135.725266,6200,139.21739,144.717068,145.57884,-0.369589,-0.110201,0.098834,FALSE,FALSE,-0.861772,-0.346072,-16.045284,32.9648,44.2025,-1.427916,-2.9663,0.0875,-9.64,-8.47,3.60,43.883877,-6.329201,3.72,634.96,1.9240,1.259159,0.871404,7.3956,-1.6027,-18.71,0.471304,-126300,158.333333,-85170547.658236,-0.9074,32.1560,-7.71,-9.13,0,-0.11,-2.5692,0.93349,1.259159,-0.5500
04-21-25,135.449997,135.449997,132.960007,132.995865,4400,138.643225,144.325716,145.571654,-0.389169,-0.116914,0.098312,FALSE,FALSE,-1.245938,-0.354958,-22.698416,33.4807,40.8705,-4.097555,-3.0227,0.0249,-12.04,-10.86,2.20,30.418657,-7.948071,3.80,636.80,1.9363,1.265203,0.867983,7.7554,-1.9345,-18.71,0.334983,-130700,-8.333333,-85174820.930126,-0.9030,32.4303,-8.53,-10.32,0,-0.13,-2.8578,0.931656,1.265203,-0.8868
04-22-25,135.350006,137.309998,135.350006,136.281052,3800,138.107271,144.013717,145.580354,-0.407983,-0.12385,0.097775,FALSE,FALSE,-1.566636,-0.357556,-15.394643,33.2226,46.1337,3.235884,-2.7704,0.2217,-10.95,-8.57,4.74,46.625791,-7.291888,3.86,607.18,1.9672,1.274544,0.870016,7.9461,-1.5598,-18.71,0.289193,-126900,2.702703,-85175010.737833,-0.8901,28.7489,-8.05,-8.89,0,-0.11,-2.4943,0.932746,1.274544,-0.3008
04-23-25,141.559998,141.559998,138.460007,137.948471,7700,137.674538,143.723593,145.597783,-0.424413,-0.130958,0.097227,FALSE,FALSE,-1.87419,-0.356758,-14.709694,31.5604,48.6328,4.430373,-2.4082,0.4672,-9.67,-7.74,6.07,74.371047,-5.903464,3.95,573.34,1.9755,1.277794,0.869904,4.1309,-1.3747,-18.71,0.574627,-119200,208,-85185251.922411,-0.8886,29.1975,-7.32,-8.19,0,-0.11,-2.3518,0.932687,1.277794,0.0478
04-24-25,139.059998,141.630005,139.059998,140.568695,2600,137.404079,143.492006,145.626745,-0.436071,-0.138084,0.096668,FALSE,FALSE,-2.134739,-0.351356,3.325969,29.9957,52.3724,11.501825,-1.8879,0.7900,-8.40,-5.09,7.07,92.828989,-3.705469,3.75,544.12,1.9932,1.287804,0.873258,4.9224,-1.0829,-18.71,0.193596,-116600,30,-85184799.313581,-0.8676,30.9871,-6.47,-7.03,0,-0.08,-1.7840,0.934483,1.287804,0.5816
04-25-25,140.940002,141.229996,140.5,140.171677,5600,137.137095,143.268305,145.655339,-0.442059,-0.145228,0.0961,FALSE,FALSE,-2.387034,-0.346845,21.786596,28.5427,51.7575,5.62385,-1.4904,0.9500,-8.58,-5.11,5.56,90.146433,-3.669604,3.45,514.55,1.9930,1.288989,0.874485,4.5798,-1.0732,-18.71,0.413742,-122200,60,-85195436.633035,-0.8455,47.7618,-6.49,-7.19,0,-0.07,-1.6526,0.935139,1.288989,0.5898
04-28-25,141.949997,142.070007,140.809998,140.945847,7700,137.011543,143.032194,145.682312,-0.443207,-0.152358,0.095523,FALSE,FALSE,-2.650119,-0.337692,28.017402,26.9085,52.9182,4.285385,-1.1003,1.0721,-7.97,-4.21,6.28,92.62362,-1.750374,3.22,501.20,1.9892,1.294685,0.875095,4.2649,-1.1409,-18.71,0.559796,-114500,133.333333,-85201476.269249,-0.8372,69.4260,-6.48,-7.19,0,-0.06,-1.4351,0.935465,1.294685,0.7850
04-29-25,141.25,142.639999,141.25,141.481796,5700,136.868126,142.807395,145.705003,-0.437831,-0.159421,0.09494,FALSE,FALSE,-2.897607,-0.329221,36.455664,25.1956,53.7479,1.375518,-0.7393,1.1464,-7.43,-4.10,6.81,92.674236,-1.987076,2.90,482.87,1.9878,1.298175,0.875873,3.6707,-0.9748,-18.71,0.414847,-108800,-5,-85205275.205524,-0.8510,74.4311,-5.77,-7.57,0,-0.07,-1.6426,0.935881,1.298175,0.9555
04-30-25,140.880005,142.679993,140.880005,141.610809,3200,136.725205,142.55847,145.720541,-0.42422,-0.166365,0.094351,FALSE,FALSE,-3.162072,-0.321332,8.99199,23.7283,53.9582,2.200681,-0.4378,1.1584,-7.02,-3.34,6.50,90.962092,-1.978562,2.32,463.01,1.9871,1.308729,0.880342,3.7144,-0.8904,-18.71,0.243531,-105600,-78.947368,-85205876.772104,-0.8614,65.0301,-4.89,-6.96,0,-0.08,-1.9223,0.938266,1.308729,1.0552
05-01-25,142.860001,143.940002,142.600006,141.620758,16400,136.515291,142.313898,145.735885,-0.403178,-0.173192,0.093755,FALSE,FALSE,-3.421987,-0.312363,46.588588,22.1587,53.9756,1.057357,-0.1958,1.1203,-7.97,-3.89,5.89,78.877547,-2.879108,2.01,427.79,1.9868,1.309194,0.881142,3.2605,-0.9157,-18.71,1.200586,-89200,173.333333,-85246246.491296,-0.9590,83.7712,-4.63,-6.95,0,-0.09,-2.0674,0.938692,1.309194,1.1935
05-02-25,144.300003,145.300003,144.259995,143.933289,6600,136.765403,142.130019,145.750925,-0.371974,-0.179731,0.093156,TRUE,FALSE,-3.620906,-0.297633,47.104141,21.1673,57.9492,4.201369,0.1805,1.1973,-5.64,-2.14,9.26,88.924515,3.600522,1.95,456.32,1.9977,1.320559,0.884225,4.2028,-0.7659,-18.71,0.483871,-82600,-5.714286,-85256993.109448,-0.9545,83.6511,-4.17,-6.30,0,-0.07,-1.5708,0.940332,1.320559,1.5708
05-05-25,144.160004,145.25,144.160004,143.566055,4800,137.390186,141.989438,145.769228,-0.332858,-0.185994,0.092552,TRUE,FALSE,-3.77979,-0.283464,35.358956,20.2063,57.1061,3.147857,0.4440,1.1686,-5.37,-2.27,9.36,85.948555,9.533541,1.81,459.78,1.9978,1.320251,0.884134,4.0140,-0.7766,-18.71,0.47105,-87400,-93.495935,-85267024.231882,-0.8218,76.5399,-4.86,-6.32,0,-0.07,-1.5198,0.940284,1.320251,1.3432
05-06-25,143.5,144.429993,143.5,142.712494,3700,138.052187,141.839698,145.790079,-0.28648,-0.191984,0.091943,TRUE,FALSE,-3.95038,-0.271351,33.224542,19.0380,55.0993,1.123696,0.5773,1.0415,-6.12,-1.86,7.93,79.031524,10.226128,1.80,434.39,1.9983,1.321071,0.883929,3.7859,-0.7958,-18.71,0.461923,-91100,-92.17759,-85276990.45883,-0.8691,72.4399,-5.56,-7.16,0,-0.07,-1.6787,0.940175,1.321071,1.0728
05-07-25,144.130005,144.660004,143.770004,143.575974,54000,138.8715,141.704459,145.818533,-0.2332,-0.197588,0.091331,TRUE,FALSE,-4.114073,-0.256341,49.942633,18.0444,56.7549,-1.194363,0.7440,0.9666,-6.06,-1.21,7.44,86.02893,12.883336,1.74,368.22,1.9995,1.324386,0.885722,3.3949,-0.7653,-18.71,5.194805,-37100,757.142857,-85354535.780894,-1.0121,87.9605,-5.12,-6.97,0,-0.07,-1.5277,0.941128,1.324386,1.2776
05-08-25,145.080002,146.949997,145.080002,144.548645,3400,139.141463,141.593619,145.846456,-0.173508,-0.202773,0.090718,TRUE,FALSE,-4.252837,-0.239762,50.36806,17.9664,58.6064,1.500373,0.9438,0.9331,-5.25,-0.72,7.48,82.835214,3.880179,1.77,389.54,2.0018,1.325216,0.886211,3.3365,-0.6483,-18.71,0.367171,-33700,-86.97318,-85359867.992526,-1.2837,87.7313,-4.86,-6.92,0,-0.06,-1.3621,0.941388,1.325216,1.3881
05-09-25,145.460007,145.880005,145.350006,144.766983,102200,139.773193,141.515435,145.877089,-0.107127,-0.207497,0.090103,TRUE,FALSE,-4.361655,-0.223744,78.438853,17.8940,59.0305,3.931193,1.1069,0.8770,-4.68,-1.89,7.42,81.1809,9.562075,1.69,371.94,2.0011,1.325299,0.886116,2.6774,-0.5598,-18.71,7.609829,68500,443.617021,-85686917.408084,-2.0679,49.5025,-4.91,-7.73,0,-0.06,-1.4330,0.941338,1.325299,1.3426
05-12-25,149.630005,149.839996,148.520004,148.607986,8400,140.491271,141.478858,145.937323,-0.034875,-0.21155,0.08949,TRUE,TRUE,-4.458465,-0.1987,79.208909,19.0131,65.6894,8.934489,1.5286,1.0389,-2.52,-1.68,10.35,89.173893,10.697919,1.69,397.39,2.0277,1.335956,0.879935,4.3879,-0.3265,-18.71,0.624071,76900,7.692308,-85694197.628182,-2.0824,50.6092,-2.81,-7.31,0,-0.04,-0.8601,0.938049,1.335956,2.0425
05-13-25,150.029999,150.850006,150.029999,149.233261,10000,141.092233,141.494549,145.999163,0.040436,-0.214892,0.088879,TRUE,TRUE,-4.504614,-0.17245,77.716712,20.2993,66.6399,8.0335,1.8913,1.1213,-1.92,-1.54,9.91,86.28716,8.759485,1.53,434.38,2.0285,1.344537,0.88547,4.3094,-0.2689,-18.71,0.748783,86900,-17.355372,-85723630.080732,-2.1806,51.2323,-2.35,-6.66,0,-0.06,-1.2819,0.940994,1.344537,1.8742
05-14-25,150.229996,150.229996,149.460007,148.459122,28500,141.682776,141.537884,146.047472,0.117672,-0.217517,0.088268,TRUE,TRUE,-4.509589,-0.145013,62.255169,21.1934,64.2660,5.235546,2.0923,1.0578,-1.91,-2.87,9.30,76.899681,8.64325,1.41,450.76,2.0261,1.341686,0.881575,4.0227,-0.4512,-18.71,1.946721,58400,917.857143,-85826222.625617,-2.3112,44.9890,-3.13,-8.56,0,-0.07,-1.6312,0.938922,1.341686,1.5033
05-15-25,149.149994,150.929993,149.149994,149.798996,5100,142.427652,141.582892,146.101795,0.194995,-0.219121,0.087658,TRUE,TRUE,-4.518903,-0.11542,70.699763,22.2107,66.4910,0.801603,2.3327,1.0386,-1.93,-2.63,10.33,88.824138,11.043261,1.48,455.86,2.0297,1.340207,0.881918,3.9899,-0.3151,-18.71,0.351724,63500,-35.443038,-85827603.622411,-2.3060,44.9559,-3.43,-9.05,0,-0.08,-1.8080,0.939105,1.340207,1.6170
05-16-25,150.839996,152.279999,150.759995,151.138885,5100,143.198333,141.690505,146.158845,0.271951,-0.219619,0.08705,TRUE,TRUE,-4.46834,-0.084629,71.868474,23.5009,68.5967,1.956786,2.6014,1.0459,-1.04,-1.07,10.70,89.990229,11.356485,1.50,466.75,2.0323,1.341895,0.880685,4.3858,-0.1372,-18.71,0.353063,68600,-17.741935,-85830161.07159,-2.2832,44.4919,-3.65,-6.99,0,-0.07,-1.6191,0.938448,1.341895,1.7012
05-19-25,150.910004,152.350006,150.910004,151.089249,2400,144.103002,141.784266,146.212165,0.346777,-0.219149,0.086445,TRUE,TRUE,-4.427899,-0.058101,70.144827,24.7166,68.4252,4.159155,2.7783,0.9782,-1.93,-1.13,9.53,89.008219,13.604471,1.49,432.70,2.0207,0.016407,0.011135,4.0397,0.0742,-18.71,0.167306,66200,-45.454545,-85831963.589286,-2.2905,43.8248,98.07,98.87,,0.05,0.4065,0.105522,0.016407,1.6146
05-20-25,151.830002,152.259995,151.550003,150.642624,5100,144.821081,141.92409,146.273843,0.41519,-0.217741,0.085842,TRUE,TRUE,-4.349753,-0.033003,64.447566,25.8456,66.8063,0.31531,2.8497,0.8396,-2.08,-0.46,9.75,82.488388,10.538202,1.46,414.86,2.0208,0.016458,0.011205,3.6726,0.0699,-18.71,0.353921,61100,34.210526,-85850099.333967,-2.3424,45.5200,-4.46,-5.98,0,0.06,0.4455,0.105856,0.016458,1.4033
05-21-25,150.770004,150.770004,148.589996,147.506302,2500,145.298972,142.033038,146.332933,0.473501,-0.215642,0.08524,TRUE,TRUE,-4.299895,-0.012836,34.336902,25.1912,56.6673,-11.929438,2.6229,0.4903,-3.67,-1.63,7.24,45.268917,6.928551,1.48,385.54,2.0389,0.016317,0.010814,3.3269,-0.2128,-18.71,0.176678,58600,-67.532468,-85855084.862668,-2.3669,41.4339,-5.43,-6.72,0,0.02,0.1564,0.103989,0.016317,0.5725
05-22-25,148.559998,148.559998,148.300003,147.188705,900,145.629973,142.14236,146.406762,0.520804,-0.21289,0.084636,TRUE,TRUE,-4.264402,0.006548,21.494079,24.4371,55.7447,-12.680509,2.3900,0.2059,-2.26,-2.36,6.84,41.680259,4.709449,1.36,370.93,2.0390,0.016313,0.010807,3.1516,-0.2194,-18.71,0.063989,57700,-65.384615,-85863678.624039,-2.4134,39.6568,-5.53,-7.45,0,0.02,0.1502,0.103957,0.016313,0.4202
05-23-25,146.580002,148.100006,146.580002,146.652756,17200,145.954027,142.272615,146.470949,0.556152,-0.209491,0.084033,TRUE,TRUE,-4.198334,0.022817,20.155593,22.9101,54.1427,-12.663618,2.1375,-0.0373,-2.36,-2.76,6.63,35.624334,4.623672,1.37,348.36,2.0359,0.016342,0.010881,2.9612,-0.1446,-18.71,1.174462,40500,207.142857,-85879232.092894,-2.3346,37.6534,-5.56,-7.69,0,0.03,0.2257,0.104312,0.016342,0.2006
05-27-25,149.399994,150.320007,148.759995,149.163788,7100,146.364924,142.398095,146.550928,0.582129,-0.205266,0.083432,TRUE,TRUE,-4.152833,0.0463,38.011771,22.3443,59.9500,3.282684,2.1156,-0.0473,-0.78,-1.65,9.09,62.864597,5.830566,1.48,334.36,2.0423,0.016546,0.011087,2.5827,-0.0757,-18.71,0.485802,47600,-7.792208,-85882656.568377,-2.3304,39.9876,-5.24,-8.19,0,0.04,0.2963,0.105295,0.016546,0.8371
05-28-25,149.759995,149.869995,148.990005,147.87355,3400,146.684512,142.453458,146.612246,0.596342,-0.200304,0.082836,TRUE,TRUE,-4.158788,0.064368,24.700719,21.8190,56.0240,0.279378,1.9715,-0.1532,-1.48,-3.78,9.62,38.42568,4.517722,1.44,315.23,2.0381,0.016416,0.010962,2.2837,-0.0166,-18.71,0.234483,44200,-40.350877,-85894683.822977,-2.3773,23.5564,-5.53,-8.86,0,0.05,0.3521,0.104701,0.016416,0.3772
05-29-25,149.820007,149.820007,149.149994,148.43927,2400,147.025935,142.544371,146.675215,0.598413,-0.194569,0.082243,TRUE,TRUE,-4.130844,0.079741,22.897292,21.3312,57.3431,3.200416,1.8812,-0.1948,-0.16,-4.47,9.18,44.132342,4.821991,1.37,293.62,2.0295,0.016419,0.011062,2.0211,0.2226,-18.71,0.165975,46600,-25,-85902175.474081,-2.4077,23.2017,-4.69,-8.98,0,0.08,0.5928,0.105178,0.016419,0.4813
05-30-25,149.339996,149.809998,148.649994,148.568298,11800,147.373312,142.606701,146.740791,0.586644,-0.188139,0.081655,TRUE,TRUE,-4.13409,0.097335,22.489891,20.6034,57.6551,-2.29491,1.7993,-0.2213,-1.24,-5.01,10.10,34.459186,4.905736,1.37,266.12,2.0266,0.016212,0.010809,1.7384,0.1221,-18.71,0.829234,58400,-28.04878,-85915637.550849,-2.3520,41.7254,-4.39,-9.50,0,0.06,0.4915,0.103966,0.016212,0.4490
06-02-25,149.270004,149.699997,148.259995,148.578217,1700,147.605558,142.680345,146.796365,0.565813,-0.181034,0.081073,TRUE,TRUE,-4.11602,0.111854,-0.227751,19.7105,57.6807,1.656633,1.7155,-0.2441,0.09,-4.87,11.33,34.631079,3.227139,1.20,254.53,2.0201,0.016255,0.010945,1.7398,0.2823,-18.71,0.121559,60100,-74.242424,-85916586.194514,-2.3582,36.3051,-5.51,-10.20,0,0.08,0.6515,0.104616,0.016255,0.3821
06-03-25,149.720001,151.039993,149.720001,149.898254,2600,147.922168,142.788726,146.85947,0.543069,-0.173163,0.080497,TRUE,TRUE,-4.070744,0.129471,4.830691,19.4845,61.0578,3.714752,1.7355,-0.1793,2.46,-3.95,12.13,57.508667,4.410652,1.20,240.65,2.0223,0.016294,0.010969,1.7209,0.3405,-18.71,0.187387,62700,-45.833333,-85918483.98082,-2.3476,31.3594,-5.03,-8.80,0,0.09,0.7124,0.104733,0.016294,0.8212
06-04-25,151.220001,151.259995,150.740005,149.610413,2600,148.267064,142.840932,146.910643,0.519868,-0.164567,0.079928,TRUE,TRUE,-4.069711,0.14176,8.669549,19.3698,59.9347,2.279617,1.7085,-0.1650,1.40,-4.39,10.89,52.520078,4.833437,1.21,209.46,2.0066,0.016303,0.011157,1.6763,0.5655,-18.58,0.188133,60100,-29.72973,-85932380.148436,-2.3712,46.7399,-4.45,-8.14,0,0.12,0.9417,0.105625,0.016303,0.6413
06-05-25,150.910004,151.380005,150.339996,149.213409,2800,148.548936,142.893137,146.95679,0.498269,-0.155171,0.079366,TRUE,TRUE,-4.063653,0.150369,-4.74665,19.0079,58.3406,0.659962,1.6362,-0.1899,2.37,-4.48,11.21,45.639613,3.926448,1.18,178.68,2.0010,0.016327,0.011254,1.6940,0.6786,-18.51,0.248668,57300,-94.814815,-85941246.335824,-2.6053,40.7494,-4.64,-8.36,0,0.13,1.0559,0.106087,0.016327,0.3719
06-06-25,151.5,151.710007,151.320007,150.573166,1400,148.850162,142.985043,147.003804,0.470683,-0.144965,0.078812,TRUE,TRUE,-4.01876,0.160239,-4.57824,18.8324,62.0623,1.004507,1.6693,-0.1254,2.85,-3.26,12.52,69.205565,4.167816,1.17,157.18,2.0032,0.016561,0.011553,1.6693,0.8295,-18.51,0.125448,58700,-58.823529,-85948008.282692,-2.6350,37.2625,-3.76,-7.52,0,0.15,1.2122,0.107486,0.016561,1.0962
06-09-25,152.039993,152.149994,151.559998,150.523529,2800,149.137989,143.085287,147.05405,0.442584,-0.134027,0.078264,TRUE,TRUE,-3.968764,0.166853,-4.57824,18.8861,61.8451,1.91047,1.6723,-0.0979,4.78,-3.57,11.58,69.428386,3.976422,1.18,128.58,1.9968,0.016607,0.011696,1.4264,0.9757,-18.10,0.452342,55900,-97.260274,-85960646.010929,-2.2111,37.6584,-2.94,-7.48,0,0.17,1.3611,0.108146,0.016607,1.0776
06-10-25,151.869995,152.229996,151.860001,151.089249,5900,149.262052,143.237934,147.101339,0.413514,-0.122417,0.077723,TRUE,TRUE,-3.863405,0.178478,3.579929,18.9765,63.4166,5.075954,1.7007,-0.0556,6.36,-2.64,12.24,79.809765,1.669669,1.20,135.01,1.9827,0.016082,0.011116,1.6704,0.7710,-18.10,0.972795,61800,-29.761905,-85991127.073284,-2.4479,38.4459,-2.61,-6.68,0,0.14,1.1520,0.10543,0.016082,1.3534
06-11-25,152.399994,152.449997,151.669998,150.533447,3900,149.327061,143.3616,147.148644,0.381671,-0.11023,0.077185,TRUE,TRUE,-3.787044,0.192492,30.591815,19.1773,60.7685,-1.293839,1.6593,-0.0776,6.22,-3.06,12.21,67.350063,0.871244,1.17,137.96,1.9745,0.015643,0.0106,1.5486,0.5171,-17.72,0.677083,57900,-61,-86006392.600105,-2.4545,37.5989,-2.48,-7.41,0,0.11,0.8911,0.102958,0.015643,0.8744
06-12-25,151.320007,152.039993,151.050003,150.900681,1900,149.449139,143.490229,147.188174,0.348514,-0.097521,0.076652,TRUE,TRUE,-3.697945,0.204752,37.325355,18.8545,61.9005,0.055386,1.6372,-0.0798,7.68,-2.38,12.11,73.606172,1.6446,1.19,140.65,1.9710,0.015781,0.01083,1.3868,0.6629,-17.44,0.428894,59800,-93.333333,-86008865.762867,-2.0614,37.0232,-2.33,-7.21,0,0.13,1.0403,0.104066,0.015781,1.0320
06-13-25,151.320007,151.490005,149.940002,148.955368,2600,149.406958,143.552956,147.219204,0.314837,-0.084495,0.076123,TRUE,TRUE,-3.666248,0.216075,20.279688,17.7241,53.1514,-10.265235,1.4461,-0.2167,4.24,-2.78,11.05,16.596017,-0.563173,1.20,140.81,1.9747,0.015322,0.010162,1.2041,0.3438,-17.44,0.603949,57200,-49.019608,-86014769.045961,-2.1738,47.0029,-3.59,-7.60,0,0.09,0.7140,0.100805,0.015322,-0.3207
06-16-25,150.949997,151.289993,150.789993,150.441544,8900,149.372091,143.783166,147.256635,0.282335,-0.071098,0.0756,TRUE,TRUE,-3.473469,0.228698,12.37006,16.6744,58.0318,-2.736714,1.3984,-0.2115,3.68,-2.09,11.40,52.06558,-0.461391,1.13,137.11,1.9775,0.015565,0.010459,1.1606,0.5280,-17.44,1.979978,66100,74.509804,-86036073.855531,-2.2905,48.8186,-3.59,-6.57,0,0.11,0.9026,0.102268,0.015565,0.7800
06-17-25,150.559998,150.610001,149.679993,149.186462,2500,149.276952,144.145487,147.290879,0.253474,-0.057491,0.075081,TRUE,TRUE,-3.145393,0.238248,12.753819,16.0416,53.0095,-8.891024,1.2450,-0.2920,3.68,-2.50,11.02,22.111393,-1.259379,1.14,131.04,1.9805,0.015489,0.010325,1.0662,0.4541,-17.44,0.555556,63600,4.166667,-86041227.22146,-2.3252,49.6137,-3.72,-7.80,0,0.10,0.8261,0.101611,0.015489,-0.0691
06-18-25,149.970001,150.529999,149.910004,149.325912,1700,149.211116,144.542556,147.323026,0.227231,-0.04374,0.074567,TRUE,TRUE,-2.780471,0.252039,8.98503,15.4539,53.4911,0.339765,1.1217,-0.3322,2.66,-2.07,11.76,25.439555,-0.874063,1.11,127.06,1.9683,0.014988,0.009781,1.0072,0.2350,-17.44,0.39261,65300,-66.666667,-86046130.327387,-2.2636,48.9634,-3.20,-7.89,0,0.07,0.6024,0.098899,0.014988,0.0903
06-20-25,150.809998,150.809998,149.789993,149.505203,5400,149.311061,144.988866,147.350529,0.203359,-0.029917,0.074057,TRUE,TRUE,-2.361663,0.265321,9.446264,14.6782,54.1419,-3.88989,1.0266,-0.3418,3.18,-1.73,11.17,29.718568,1.355129,1.11,120.65,1.9679,0.015054,0.00987,0.9455,0.2875,-17.44,1.206704,70700,116,-86054545.738699,-2.2286,67.0719,-2.50,-7.76,0,0.08,0.6573,0.099349,0.015054,0.1609
06-23-25,150.259995,151.419998,150.070007,150.830032,9800,149.493127,145.222478,147.39559,0.181282,-0.016014,0.073551,TRUE,TRUE,-2.173112,0.279553,20.04613,13.7909,58.7365,5.727016,1.0462,-0.2578,4.40,-0.15,11.84,41.517614,2.473917,1.13,114.24,1.9697,0.015265,0.010134,0.8360,0.4635,-17.44,1.99187,80500,988.888889,-86053311.226475,-1.9272,75.0147,-2.07,-6.71,0,0.10,0.8358,0.100667,0.015265,1.1703
06-24-25,152.050003,152.960007,151.960007,152.364044,1200,149.778692,145.627112,147.449988,0.162591,-0.001995,0.073049,TRUE,TRUE,-1.822877,0.295241,21.540656,14.0222,63.3193,9.828137,1.1719,-0.1057,3.65,4.43,13.09,81.830489,3.89443,1.10,110.83,1.9728,0.015527,0.010455,1.5331,0.6421,-17.44,0.291262,81700,-93.023256,-86053541.536533,-2.1154,74.3706,-1.87,-5.19,0,0.13,1.0186,0.102251,0.015527,2.3327
06-25-25,152.949997,152.949997,151.789993,151.198578,2400,149.880431,145.966155,147.502433,0.14609,0.011935,0.072551,TRUE,TRUE,-1.536279,0.305154,12.885965,14.0895,58.0448,3.902896,1.1641,-0.0908,3.13,4.02,12.01,46.298131,1.364131,1.10,114.18,1.9662,0.015445,0.010417,1.4693,0.7313,-17.44,0.617761,79300,-66.197183,-86058388.764967,-2.2617,69.7420,-1.57,-5.52,0,0.14,1.1074,0.102063,0.015445,1.1545
06-26-25,152.539993,152.910004,152.539993,152.314224,1000,150.102465,146.268159,147.5684,0.132521,0.025828,0.072058,TRUE,TRUE,-1.300241,0.317981,23.773036,14.1519,61.3627,2.626159,1.2337,-0.0169,4.34,2.94,12.26,80.311594,3.003021,1.09,116.26,1.9667,0.015464,0.010435,1.3615,0.7466,-17.44,0.265604,80300,-70.588235,-86060609.10395,-2.2035,74.1197,-1.82,-6.57,0,0.14,1.1234,0.102151,0.015464,1.9025
06-27-25,153.350006,154.029999,153.350006,153.001541,2400,150.330579,146.595224,147.631184,0.122462,0.039698,0.071569,TRUE,TRUE,-1.035959,0.331693,19.629624,14.9317,63.2888,-0.030437,1.3290,0.0627,5.15,3.54,13.37,76.357329,3.073493,1.05,126.24,1.9672,0.015522,0.010507,1.6788,0.7960,-17.44,0.63745,82700,0,-86065468.883144,-2.1686,74.6317,-0.88,-5.14,0,0.15,1.1754,0.102505,0.015522,2.1158
06-30-25,154.009995,154.539993,153.789993,153.937866,3700,150.599057,146.975952,147.699335,0.116753,0.053512,0.071085,TRUE,TRUE,-0.723383,0.348754,25.753694,15.9506,65.7908,7.745979,1.4632,0.1575,7.31,3.10,14.51,87.610556,3.614208,1.04,142.80,1.9654,0.015411,0.010373,2.1449,0.7533,-17.44,1.10119,86400,-68.644068,-86067709.870286,-2.2630,75.0917,-1.06,-5.85,0,0.14,1.1321,0.101849,0.015411,2.3381
07-01-25,155.949997,156,155.789993,155.182999,1300,150.929296,147.365107,147.770574,0.114579,0.06722,0.070607,TRUE,TRUE,-0.405468,0.355731,29.373098,17.6307,68.8327,7.470054,1.6510,0.2763,7.50,3.95,15.22,87.072779,4.445323,1.05,167.79,1.8619,0.004294,0.001758,2.7825,1.5814,-17.44,0.389222,87700,-23.529412,-86076524.801624,-2.3943,72.7500,107.50,,,0.22,1.8933,0.041924,0.004294,2.5352
07-02-25,155.770004,156.550003,155.449997,155.940048,6600,151.231386,147.82399,147.840843,0.116721,0.080794,0.070136,TRUE,TRUE,-0.016852,0.349722,38.240757,19.4311,70.5476,7.258754,1.8397,0.3720,7.94,5.14,15.62,91.121486,4.030597,1.04,199.62,1.6957,0.003909,0.001757,3.0798,2.6953,-17.44,1.864407,94300,153.846154,-86077244.219019,-2.2424,81.8498,0.86,-4.03,0,0.32,2.9825,0.041919,0.003909,2.3588
07-03-25,156.759995,157.300003,156.759995,156.537704,2700,151.57775,148.229124,147.907185,0.124281,0.094222,0.069672,TRUE,TRUE,0.321938,0.340603,39.231153,21.4113,71.8637,6.072947,2.0143,0.4372,7.35,6.78,17.06,89.996095,4.63022,1.03,228.08,1.6839,0.004058,0.001923,3.2750,2.9660,-17.44,0.761636,97000,3.846154,-86082167.084235,-2.1127,85.7800,0.74,-3.94,0,0.35,3.2636,0.043846,0.004058,2.1746
07-07-25,156.710007,156.710007,155.289993,155.202927,5400,151.877226,148.574213,147.962097,0.135591,0.107347,0.069214,TRUE,TRUE,0.612115,0.323922,45.409679,21.8052,64.8894,-3.94329,2.0217,0.3557,11.71,5.66,15.45,72.47935,4.014061,1.03,234.63,1.6687,0.004046,0.001946,3.0169,3.1373,-17.44,1.469388,91600,92.857143,-86088229.275033,-1.9998,81.1753,1.08,-4.40,0,0.37,3.4393,0.044118,0.004046,1.4174
07-08-25,156.039993,156.490005,155.979996,155.471878,7500,152.122162,148.872276,148.017031,0.150151,0.120139,0.068763,TRUE,TRUE,0.855246,0.326396,40.111159,22.1711,65.6136,-4.933987,2.0258,0.2879,18.62,6.16,15.56,76.008891,3.253377,0.98,245.61,1.1707,0.00012,0.000003,2.8376,2.3859,-17.44,1.884422,99100,435.714286,-86110673.626397,-2.0435,80.7800,3.28,-2.77,0,0.20,2.6111,0.001857,0.00012,1.3638
07-09-25,156.770004,156.770004,156.440002,156.119339,2500,152.401952,149.19123,148.077309,0.168333,0.132618,0.068317,TRUE,TRUE,1.11392,0.317132,58.096578,22.6646,67.3589,-4.504804,2.0576,0.2558,20.58,5.51,16.11,84.278795,3.717565,1.00,258.00,0.9480,0.000233,0.00002,2.5459,4.4703,-17.44,0.630517,101600,-10.714286,-86118032.136592,-1.9847,85.3651,3.33,-2.88,0,0.29,4.7905,0.00447,0.000233,1.4408
07-10-25,156.779999,157.630005,156.779999,156.726959,3500,152.683838,149.506852,148.130722,0.187592,0.144692,0.067876,TRUE,TRUE,1.37613,0.311113,59.678473,23.5728,68.9516,4.062171,2.1076,0.2446,23.22,5.82,16.29,88.481578,3.731378,1.00,273.25,0.9322,-0.000127,0.000006,2.3192,4.2022,-17.44,0.910273,105100,-40.677966,-86121968.929757,-1.7015,85.8706,3.54,-3.34,0,0.27,4.5013,-0.002484,-0.000127,1.4796
07-11-25,156.440002,156.440002,155.850006,155.242783,4900,152.919305,149.782072,148.181518,0.206096,0.156242,0.067439,TRUE,TRUE,1.600554,0.306442,41.860522,23.5097,61.1082,-4.505399,2.0043,0.1130,11.57,5.42,15.46,68.422975,3.128431,0.98,274.04,0.9092,-0.000744,0.000222,1.9814,3.3896,-17.44,1.258023,100200,25.641026,-86136955.077794,-1.6760,76.7952,-1.89,-3.71,0,0.21,3.6430,-0.014886,-0.000744,0.8479
07-14-25,156.270004,156.520004,155.869995,155.910172,3400,153.169779,150.068059,148.23065,0.224704,0.167185,0.067007,TRUE,TRUE,1.837409,0.300905,38.93131,23.4986,63.1387,-4.220197,1.9538,0.0500,18.00,5.62,15.02,70.550857,3.319727,0.95,277.49,0.9059,-0.000567,0.00013,1.7130,3.6478,-17.44,0.856423,103600,78.947368,-86139934.776848,-1.6507,73.8813,0.34,-3.53,0,0.23,3.9172,-0.011385,-0.000567,0.9876
07-15-25,156.809998,156.809998,154.389999,153.788452,5500,153.411433,150.311413,148.267898,0.240503,0.17738,0.066579,TRUE,TRUE,2.043514,0.287858,10.44541,22.1984,53.5641,-15.387465,1.7227,-0.1449,14.56,5.67,12.30,34.220118,3.244653,0.98,259.30,0.9083,-0.000533,0.000114,1.6223,3.6142,-17.44,1.336574,98100,111.538462,-86148169.084558,-1.6209,65.6276,0.38,-4.29,0,0.23,3.8841,-0.010676,-0.000533,0.1454
07-16-25,154.979996,155.190002,153.779999,154.435928,5500,153.611153,150.521465,148.31321,0.252583,0.186851,0.066155,TRUE,TRUE,2.208256,0.276219,24.677376,20.6935,55.7685,-5.339714,1.5737,-0.2351,12.55,5.38,11.50,37.248148,2.655108,0.98,250.46,0.9073,-0.000568,0.00013,1.3768,3.5631,-17.44,1.39417,103600,-38.202247,-86148551.916842,-1.4256,61.9680,-1.00,-5.98,0,0.22,3.8301,-0.011391,-0.000568,0.3293
07-17-25,155.210007,156.419998,155.210007,155.740829,20800,153.938871,150.764961,148.361697,0.261468,0.195745,0.065736,TRUE,TRUE,2.403264,0.261053,25.748552,19.9798,59.9000,-3.238762,1.5431,-0.2126,13.97,5.31,12.41,55.860375,4.393406,0.99,231.69,0.8621,-0.000135,0.000008,1.1652,4.6265,-17.44,4.279835,124400,732,-86151102.013944,-1.1304,71.9353,0.23,-7.13,0,0.27,4.9543,-0.002848,-0.000135,0.7777
07-18-25,156.960007,156.960007,156.149994,155.989853,81400,154.272068,151.030508,148.410248,0.267063,0.204055,0.065321,TRUE,TRUE,2.62026,0.2506,23.21982,19.6515,60.6552,7.091091,1.5214,-0.1874,15.63,4.50,10.69,57.398717,4.462682,0.96,208.63,0.8121,-0.000688,0.000238,0.9848,4.1582,-17.44,9.20294,205800,4688.235294,-86264687.866821,-1.2355,86.3034,2.27,-6.52,0,0.23,4.4570,-0.015432,-0.000688,0.8234
07-21-25,157.020004,157.080002,155.990005,155.442001,34500,154.568908,151.267829,148.454829,0.270867,0.211709,0.06491,TRUE,TRUE,2.813,0.24098,12.05122,19.2110,58.0642,2.295695,1.4433,-0.2124,14.53,3.49,11.11,43.168829,3.970964,0.95,177.09,0.8049,-0.000982,0.000493,0.8898,3.6782,-17.44,3.349515,171300,538.888889,-86333878.15436,-1.3560,69.9773,1.74,-7.13,0,0.20,3.9499,-0.022214,-0.000982,0.4930
07-22-25,156.660004,157.919998,156.660004,157.155289,7000,154.885171,151.519962,148.50965,0.274156,0.218766,0.064502,TRUE,TRUE,3.010312,0.237637,15.230814,19.3279,63.3386,3.438601,1.5024,-0.1226,18.17,3.93,13.43,81.528754,4.193632,0.95,162.70,0.7826,-0.001197,0.000776,1.0755,3.5131,-17.44,0.688976,178300,-28.571429,-86335374.963321,-1.3881,70.8806,4.41,-5.83,0,0.19,3.7735,-0.027857,-0.001197,1.3953
07-23-25,158.179993,159.009995,158.080002,158.31076,6700,155.182507,151.790837,148.570839,0.278094,0.225316,0.064096,TRUE,TRUE,3.219998,0.234594,17.76112,20.0373,66.4072,5.751968,1.6237,-0.0010,16.16,3.45,14.81,86.630314,3.902966,0.97,168.44,0.7833,-0.001021,0.000564,1.6913,3.8540,-17.44,0.64207,185000,458.333333,-86338750.02731,-1.3666,70.9121,3.91,-5.56,0,0.21,4.1332,-0.023739,-0.001021,1.8572
07-24-25,158.940002,159.100006,158.380005,157.942215,4400,155.519688,151.977522,148.633978,0.280329,0.231228,0.063693,TRUE,TRUE,3.343544,0.231251,10.70621,20.7433,64.5513,6.487119,1.6709,0.0369,14.49,3.42,13.66,78.237039,4.460119,0.95,151.09,0.7840,-0.001159,0.000725,1.6658,3.5857,-17.44,0.417655,180600,83.333333,-86348500.78389,-1.3769,71.1761,3.03,-5.42,0,0.19,3.8497,-0.026923,-0.001159,1.6033
07-25-25,158.880005,159.380005,158.710007,158.759018,2300,155.841928,152.168037,148.696867,0.282193,0.236619,0.063293,TRUE,TRUE,3.47117,0.229211,28.221429,21.5511,66.7680,3.429449,1.7540,0.0960,12.94,3.45,14.51,88.91096,4.231249,0.94,147.82,0.7847,-0.001132,0.00069,1.8209,3.6284,-17.44,0.216981,182900,130,-86350464.287956,-1.3672,73.5471,2.07,-5.27,0,0.19,3.8949,-0.026259,-0.001132,1.9734
07-28-25,159.289993,159.289993,158.539993,158.021896,12500,156.092946,152.359292,148.760896,0.282614,0.241541,0.062896,TRUE,TRUE,3.598397,0.22522,19.512189,22.1173,62.9427,-3.464471,1.7403,0.0658,12.73,3.06,15.72,75.748089,3.281245,0.92,139.44,0.7892,-0.001217,0.000789,1.7392,3.4215,-17.44,1.125619,170400,420.833333,-86380234.185417,-1.4172,67.7517,2.19,-5.17,0,0.19,3.6766,-0.028083,-0.001217,1.3834
07-29-25,158.199997,158.470001,158.190002,157.85257,2800,156.288681,152.520364,148.821025,0.281405,0.245913,0.062502,TRUE,TRUE,3.699339,0.220058,13.765944,22.2598,62.0631,-2.488181,1.6962,0.0174,12.00,3.07,15.33,72.724399,2.543041,0.88,135.00,0.7898,-0.001242,0.000819,1.6884,3.3807,-17.44,0.253165,167600,-24.324324,-86389782.872065,-1.4560,66.3569,1.54,-5.74,0,0.18,3.6333,-0.028626,-0.001242,1.1585
07-30-25,158.720001,158.720001,157.389999,156.776764,1900,156.368369,152.633121,148.871147,0.277993,0.249764,0.06211,TRUE,TRUE,3.761974,0.216149,0.381385,21.5716,56.6466,-10.121414,1.5565,-0.0978,10.81,2.58,12.95,53.513605,1.027023,0.88,132.81,0.7742,-0.001684,0.001567,1.6867,2.6579,-17.44,0.171326,165700,46.153846,-86393434.971006,-1.4288,65.0908,1.35,-5.06,0,0.14,2.8693,-0.039589,-0.001684,0.3075
07-31-25,157.639999,157.850006,156.149994,155.541595,2800,156.348447,152.722168,148.917112,0.270887,0.253003,0.061718,TRUE,TRUE,3.805056,0.208879,2.332673,20.2056,51.1292,-11.813516,1.3308,-0.2588,9.84,2.13,11.95,31.457049,-0.255517,0.93,133.79,0.7819,-0.001765,0.001688,1.6697,2.4515,-17.44,0.256881,162900,-57.575758,-86398239.092645,-1.4725,65.7974,0.46,-4.92,0,0.13,2.6513,-0.041085,-0.001765,-0.6031
08-01-25,155.029999,155.029999,153.759995,153.778503,4200,156.210487,152.784886,148.946285,0.259585,0.255681,0.061325,TRUE,TRUE,3.838601,0.196606,-15.329572,20.4519,44.4709,-17.592254,0.9981,-0.4732,8.58,-0.07,10.05,0.329339,-1.762643,0.96,145.45,0.7934,-0.001799,0.001703,1.8058,2.2361,-17.44,0.382688,158700,55.555556,-86402316.671912,-1.4585,63.7783,0.30,-4.74,0,0.12,2.4260,-0.041264,-0.001799,-1.6720
08-04-25,155.169998,156.559998,155.169998,155.949997,5100,156.24784,152.95376,148.98272,0.246578,0.25798,0.060932,TRUE,TRUE,3.971039,0.188742,15.488985,19.5295,52.6497,-3.996936,0.8994,-0.4576,8.35,2.23,11.06,38.967943,0.481351,0.96,143.67,0.8084,-0.005589,0.023302,1.6687,2.4589,-17.44,0.465328,163800,-5.555556,-86401692.937349,-1.4300,66.5471,108.35,102.23,,0.11,2.2426,-0.15265,-0.005589,-0.2073
08-05-25,156.779999,156.779999,155.839996,155.870316,5700,156.267762,153.127392,149.020629,0.231151,0.259907,0.06054,TRUE,TRUE,4.106763,0.181708,10.714318,18.5209,52.3450,1.215771,0.8054,-0.4412,8.57,2.74,12.70,37.550127,0.256276,0.94,142.82,0.8056,-0.0057,0.024398,1.5784,2.2280,-17.44,0.524379,158100,-24,-86407025.2372,-1.3632,69.4168,-1.14,-6.42,0,0.10,2.0277,-0.156197,-0.0057,-0.2783
08-06-25,155.850006,156.509995,155.740005,155.900192,21200,156.256805,153.312341,149.054157,0.213751,0.261533,0.060148,TRUE,TRUE,4.258184,0.174465,1.315683,17.6492,52.4561,7.98523,0.7249,-0.4173,9.24,2.56,14.90,38.08174,-0.140371,0.89,143.02,0.8058,-0.005727,0.024634,1.5699,2.1844,-17.44,1.795849,179300,748,-86419404.43739,-1.2765,58.5114,-2.39,-8.45,0,0.10,1.9824,-0.156954,-0.005727,-0.2493
08-07-25,156.779999,156.779999,155.240005,154.924011,6000,156.166657,153.427545,149.083493,0.193717,0.262677,0.059757,TRUE,TRUE,4.344052,0.171512,-8.301137,17.1684,48.4794,-4.170232,0.5758,-0.4532,7.90,1.37,16.99,20.712003,-1.150375,0.91,145.56,0.7400,-0.006384,0.03631,1.6322,1.2060,-17.44,0.502934,173300,71.428571,-86427866.741081,-1.2821,26.7581,-2.08,-7.58,0,0.04,0.8655,-0.190553,-0.006384,-0.8537
08-08-25,155.869995,155.869995,155.330002,154.764633,2000,156.14275,153.565367,149.109718,0.171822,0.263222,0.059368,TRUE,TRUE,4.455649,0.169007,-5.440169,16.7219,47.8417,-4.503258,0.4397,-0.4715,7.07,1.44,15.66,17.8761,-0.308001,0.90,147.54,0.7389,-0.006483,0.037549,1.6747,1.0203,-17.44,0.169707,171300,-59.183673,-86434054.709094,-1.2605,36.9928,-2.43,-7.62,0,0.03,0.6588,-0.193776,-0.006483,-0.9341
08-11-25,155.889999,156,154.589996,153.987671,6900,156.046625,153.676335,149.139099,0.147662,0.263183,0.05898,TRUE,TRUE,4.537235,0.163609,-27.508842,16.8020,44.7513,-7.704764,0.2660,-0.5161,6.37,1.39,15.63,4.051174,-1.233082,0.86,155.19,0.7387,-0.006475,0.037477,1.8376,1.0265,-17.44,0.576923,164400,102.941176,-86446849.793828,-1.2831,28.7704,-2.97,-8.20,0,0.03,0.6655,-0.19359,-0.006475,-1.3267
08-12-25,155.610001,156.899994,155.610001,156.288681,3300,156.171636,153.830742,149.181955,0.124777,0.262592,0.058596,TRUE,TRUE,4.648787,0.163946,-15.971629,16.0985,54.1893,5.709888,0.3105,-0.3773,5.17,2.51,15.25,44.994339,1.625759,0.89,145.84,0.7539,-0.006379,0.034904,1.8826,1.2135,-17.44,0.278481,167700,-40,-86446677.457329,-1.2595,25.7068,-3.55,-6.51,0,0.04,0.8780,-0.186827,-0.006379,0.0803
08-13-25,157.610001,158.919998,157.559998,158.211166,3400,156.360398,154.023401,149.237329,0.103591,0.261556,0.058215,TRUE,TRUE,4.786072,0.169346,1.892107,15.8469,60.2925,12.450803,0.4952,-0.1541,6.02,3.99,16.46,79.2022,2.444534,0.97,146.62,0.7613,-0.006315,0.033536,1.8798,1.3184,-17.44,0.289485,171100,-38.181818,-86446821.614674,-1.2698,24.7628,-2.71,-5.22,0,0.05,0.9980,-0.183128,-0.006315,1.2623
08-14-25,157.320007,158.029999,157.149994,157.065628,4000,156.426638,154.166749,149.285005,0.084392,0.260033,0.057838,TRUE,TRUE,4.881743,0.17239,-11.643923,15.3046,55.5440,10.792669,0.5428,-0.0852,5.80,3.77,15.96,59.776388,0.850643,0.96,146.66,0.7682,-0.009997,0.056041,1.6067,1.0685,-17.44,0.366804,167100,-80.769231,-86451588.572643,-1.3777,21.3960,-2.23,-5.57,0,0.03,0.7150,-0.236729,-0.009997,0.4357
08-15-25,158.139999,158.139999,157.070007,156.458023,4000,156.450047,154.303701,149.334765,0.067048,0.257868,0.057463,TRUE,TRUE,4.968936,0.173349,-10.84998,14.8729,53.1528,-1.036544,0.5255,-0.0820,4.45,2.43,13.82,52.287338,0.300129,0.97,146.30,0.7690,-0.010069,0.056555,1.6334,1.0359,-17.44,0.568586,163100,-95.085995,-86460164.189773,-1.3893,23.9265,-2.55,-6.16,0,0.03,0.5621,-0.237813,-0.010069,0.0055
08-18-25,157.630005,157.779999,156.889999,156.278717,4900,156.491882,154.445007,149.379393,0.051713,0.255062,0.057092,TRUE,TRUE,5.065614,0.168376,-10.911661,14.3241,52.4354,-7.857171,0.4916,-0.0927,3.40,2.33,13.84,48.812418,0.538282,1.01,144.45,0.7160,-0.009837,0.062294,1.6646,1.8396,-17.44,0.882088,158200,-85.797101,-86471795.168565,-1.2414,23.2633,-3.30,-7.16,0,0.06,1.3926,-0.249587,-0.009837,-0.1476
08-19-25,157.660004,158,157.460007,157.384399,12100,156.503338,154.581232,149.430879,0.038643,0.251692,0.056724,TRUE,TRUE,5.150353,0.164189,4.204083,13.9759,56.3479,0.80396,0.5477,-0.0293,4.17,2.16,12.92,70.240355,0.145786,1.03,145.10,0.7191,-0.009677,0.059752,1.6528,2.1714,-17.33,2.082616,170300,72.857143,-86487283.537832,-1.3073,34.7210,,-6.52,0,0.08,1.7528,-0.244442,-0.009677,0.6072
08-20-25,157.889999,157.889999,157.169998,157.215057,3400,156.448553,154.715063,149.482454,0.027052,0.247769,0.056361,TRUE,TRUE,5.232609,0.15825,12.500057,13.3913,55.5937,2.440914,0.5719,-0.0041,4.36,2.19,12.31,66.958535,-0.692122,0.98,139.89,0.7169,-0.009636,0.059605,1.5990,2.2725,-16.94,0.602303,166900,-49.253731,-86490257.979404,-1.3420,34.4711,-2.27,-6.98,0,0.08,1.8617,-0.244141,-0.009636,0.5479
08-21-25,157.369995,157.509995,156.960007,156.687119,7400,156.385798,154.82702,149.538775,0.017985,0.243366,0.056003,TRUE,TRUE,5.288245,0.155114,23.934332,12.6567,53.2027,0.767301,0.5422,-0.0270,6.22,2.32,10.99,48.432363,-0.794655,0.93,135.58,0.6879,-0.010136,0.071671,1.4361,1.5806,-15.54,1.276963,159500,68.181818,-86505001.315327,-1.3503,33.2034,-2.03,-7.84,0,0.05,1.0759,-0.267715,-0.010136,0.2222
08-22-25,158.929993,160.639999,158.929993,159.715271,3300,156.433611,155.010656,149.61068,0.013387,0.238586,0.055652,TRUE,TRUE,5.399977,0.154337,28.943297,13.9786,63.0255,6.677583,0.7543,0.1481,8.51,6.06,13.70,84.715241,0.60233,0.96,145.70,0.7167,-0.009556,0.058643,2.2067,2.5499,-15.45,0.564585,162800,43.478261,-86505270.428447,-1.3243,31.8998,-0.55,-6.57,0,0.10,2.1573,-0.242164,-0.009556,2.2523
08-25-25,160.009995,160.009995,159.070007,158.450226,2500,156.455027,155.161647,149.674979,0.012168,0.233356,0.055306,TRUE,TRUE,5.486668,0.151787,18.175417,15.2060,57.5873,1.993627,0.8110,0.1638,8.04,5.49,11.88,63.805414,0.271057,0.97,148.45,0.7257,-0.009728,0.059275,2.1214,2.0900,-15.45,0.467727,160300,-80,-86511067.183475,-1.2239,26.3595,-0.40,-6.42,0,0.07,1.6670,-0.243464,-0.009728,1.3440
08-26-25,159.240005,159.300003,158.820007,158.679337,2200,156.496365,155.356127,149.730626,0.014085,0.227618,0.054964,TRUE,TRUE,5.625501,0.149276,19.30801,16.1011,58.2893,5.086605,0.8645,0.1738,6.38,5.55,12.48,67.592366,0.523759,0.97,153.61,0.7257,-0.009713,0.059117,2.0305,2.1110,-15.45,0.413923,162500,-21.428571,-86514556.677069,-1.1738,33.9504,-1.21,-6.84,0,0.08,1.6932,-0.24314,-0.009713,1.4212
08-27-25,159.309998,160,159.309998,159.346725,10300,156.624863,155.53423,149.771637,0.018785,0.221728,0.054628,TRUE,TRUE,5.762594,0.147313,31.400293,17.3091,60.3480,-2.67753,0.9497,0.2073,7.76,6.17,11.44,78.623582,1.639249,0.96,166.30,0.7266,-0.009632,0.057961,1.8665,2.2590,-15.45,1.79599,172800,442.105263,-86523760.166676,-1.1362,46.7197,-0.23,-6.20,0,0.08,1.8525,-0.240752,-0.009632,1.6367
08-28-25,160.210007,160.229996,159.899994,159.605698,1600,156.828069,155.742615,149.811825,0.025687,0.216088,0.054298,TRUE,TRUE,5.93079,0.147414,34.129161,18.5514,61.1493,3.562018,1.0263,0.2271,7.52,7.35,11.81,82.904112,2.612872,0.96,176.86,0.7196,-0.009754,0.060623,1.6727,2.0141,-15.45,0.281938,174400,-42.857143,-86528213.932801,-1.1452,49.2951,-0.62,-5.68,0,0.07,1.5834,-0.246218,-0.009754,1.5705
08-29-25,160.100006,160.100006,159.360001,159.197311,2200,157.099009,155.940043,149.843571,0.03356,0.21077,0.053973,TRUE,TRUE,6.096472,0.145818,37.707398,19.1289,59.1203,0.83105,1.0421,0.1943,7.15,5.82,11.36,71.318323,3.523775,0.93,169.02,0.7201,-0.009779,0.060867,1.3737,1.9893,-14.32,0.394619,172200,-47.619048,-86531381.266863,-1.1575,52.7590,-1.73,-6.49,0,0.07,1.5598,-0.246712,-0.009779,1.2415
09-02-25,158.279999,158.720001,157.850006,158.101593,1800,157.206589,156.111971,149.864816,0.042223,0.205856,0.053652,TRUE,TRUE,6.247155,0.14122,14.376014,18.2834,53.9481,-6.399941,0.9552,0.0859,6.41,6.50,11.08,32.309163,1.37967,0.86,168.16,0.7259,-0.009854,0.06084,1.2771,1.8194,-13.80,0.332717,170400,-64.705882,-86532140.211721,-1.2056,48.8125,-1.60,-7.55,0,0.06,1.3799,-0.246657,-0.009854,0.5322
09-03-25,158.580002,158.860001,157.830002,157.713104,3000,157.298728,156.249632,149.889534,0.051076,0.200769,0.053335,TRUE,TRUE,6.360098,0.137796,-4.496495,17.5978,52.2042,-8.945134,0.8452,-0.0193,5.21,7.81,10.37,21.949463,1.182258,0.79,165.48,0.7193,-0.010078,0.064837,1.2961,1.4105,-13.80,0.56872,167400,-47.368421,-86535821.169322,-1.2208,43.7004,-3.43,-8.98,0,0.04,0.9306,-0.254631,-0.010078,0.2504
09-04-25,158.759995,159.679993,158.759995,159.057846,2200,157.456611,156.383508,149.92078,0.060461,0.19593,0.053022,TRUE,TRUE,6.462729,0.136096,17.667962,17.5258,57.3442,-1.776153,0.8567,-0.0062,6.31,7.80,10.45,57.809245,2.025433,0.83,166.50,0.7260,-0.009899,0.061407,1.2229,1.7203,-13.48,0.508671,169600,-89.622642,-86536596.659014,-1.3548,48.6013,-3.48,-8.41,0,0.06,1.2768,-0.247804,-0.009899,0.9617
09-05-25,160.240005,160.240005,159.240005,159.097687,4200,157.665295,156.54149,149.95961,0.069599,0.191259,0.052715,TRUE,TRUE,6.58188,0.134945,24.651059,17.8154,57.4900,3.541967,0.8591,-0.0031,6.62,9.15,12.18,58.871663,2.694015,0.83,159.08,0.7251,-0.009964,0.062379,1.0996,1.5944,-13.48,0.991736,173800,-30,-86541992.136309,-1.3474,55.3176,-3.53,-8.72,0,0.05,1.1396,-0.249757,-0.009964,0.9004
09-08-25,159.440002,159.970001,159.440002,159.346725,3600,157.894399,156.682141,150.006579,0.079379,0.186643,0.052413,TRUE,TRUE,6.675561,0.132816,28.465874,18.0844,58.4465,6.24234,0.8710,0.0071,5.83,8.84,12.62,64.856617,2.960684,0.81,147.69,0.7226,-0.009867,0.061563,0.9393,1.7917,-13.48,0.834299,177400,80,-86546859.298168,-1.3071,62.5113,-3.78,-8.02,0,0.06,1.3503,-0.248118,-0.009867,0.9834
09-09-25,159.970001,159.970001,159.279999,159.057846,8100,158.147908,156.803267,150.048165,0.088629,0.182113,0.052117,TRUE,TRUE,6.755102,0.130346,16.799912,18.1653,56.8486,-0.495541,0.8474,-0.0132,5.67,10.72,13.04,57.006618,3.292585,0.77,117.54,0.7233,-0.009944,0.062423,0.8615,1.6346,-13.48,1.851429,169300,17.391304,-86560175.03899,-1.2951,45.3453,-4.45,-7.90,0,0.05,1.1800,-0.249846,-0.009944,0.7742
09-10-25,159.779999,160.210007,159.029999,158.828735,11500,158.274911,156.901084,150.088211,0.098507,0.177765,0.051827,TRUE,TRUE,6.812873,0.123749,16.103264,17.9706,55.5514,-1.938585,0.8010,-0.0477,5.12,11.80,14.17,50.780771,1.625232,0.79,109.86,0.7010,-0.009777,0.064253,0.7676,2.1187,-13.48,2.403344,157800,248.484848,-86575597.94383,-1.3471,39.5580,-4.97,-8.16,0,0.07,1.6897,-0.253482,-0.009777,0.5041
09-11-25,159.759995,161.869995,159.759995,161.149658,6500,158.421835,157.020417,150.135627,0.110302,0.173698,0.051544,TRUE,TRUE,6.88479,0.122928,37.773966,18.9055,64.4108,5.964229,0.9407,0.0736,7.05,13.71,14.74,82.169849,1.857323,0.89,127.24,0.7134,-0.009653,0.060474,1.3635,2.2538,-13.48,1.315789,164300,91.176471,-86573536.037278,-1.2825,50.4245,-3.48,-6.44,0,0.08,1.8487,-0.245914,-0.009653,2.1438
09-12-25,161.509995,161.509995,160.580002,159.954346,3800,158.566271,157.100703,150.166972,0.122106,0.170017,0.051266,TRUE,TRUE,6.933731,0.117425,2.395308,19.7736,57.9991,1.15049,0.9440,0.0615,6.00,14.14,14.00,52.582856,1.839179,0.76,127.43,0.7114,-0.009628,0.060492,1.3571,2.2945,-13.48,0.770791,160500,-5,-86582448.966332,-1.3272,44.8063,-3.79,-6.64,0,0.08,1.8911,-0.245951,-0.009628,1.0893
09-15-25,160.960007,161.100006,160.259995,159.785004,3500,158.73262,157.165649,150.189002,0.133439,0.166589,0.050995,TRUE,TRUE,6.976647,0.111282,15.022394,20.2085,57.1314,1.580005,0.9223,0.0319,7.27,11.82,13.37,48.391215,2.126437,0.77,119.96,0.7120,-0.009667,0.060889,1.3010,2.2186,-13.48,0.713558,157000,-12.5,-86589907.168726,-1.3226,44.0953,-3.56,-7.69,0,0.08,1.8110,-0.246757,-0.009667,0.8773
09-16-25,159.520004,159.550003,159.080002,159.429993,3300,158.890184,157.25019,150.204136,0.144251,0.163347,0.050729,TRUE,TRUE,7.046055,0.10428,8.330299,19.3890,55.2649,-9.145884,0.8665,-0.0191,5.97,9.87,12.36,39.6038,2.016446,0.76,105.90,0.7133,-0.00972,0.061336,1.2673,2.0875,-13.48,0.683938,153700,-32.653061,-86588292.416437,-1.2072,43.3533,-4.20,-8.31,0,0.07,1.6703,-0.247662,-0.00972,0.5097
09-17-25,159.580002,160.369995,159.399994,159.399994,5400,158.990964,157.328753,150.220252,0.153077,0.160187,0.050467,TRUE,TRUE,7.108501,0.098923,0.636135,19.2305,55.1011,-2.898061,0.8106,-0.0601,6.85,10.78,11.26,38.861254,1.280683,0.75,100.26,0.7062,-0.009896,0.064888,1.2653,1.7696,-13.48,1.202673,148300,-55.371901,-86593692.416437,-1.1850,38.7888,-3.68,-7.92,0,0.06,1.3184,-0.254732,-0.009896,0.4080
09-18-25,160.960007,161.059998,160.710007,160.830002,3800,159.171711,157.422966,150.24406,0.159879,0.157217,0.050214,TRUE,TRUE,7.178906,0.098034,12.826924,19.5406,61.0312,3.899719,0.8715,7.127815939225179E-4,7.70,10.57,11.52,74.257549,2.299363,0.78,99.14,0.7037,-0.009923,0.065711,1.2402,1.7308,-13.48,0.842572,152100,11.764706,-86594886.740019,-1.1600,40.9544,-3.29,-6.94,0,0.06,1.2737,-0.256341,-0.009923,1.6727
09-19-25,161.199997,161.199997,160.139999,160.289993,8700,159.351855,157.494227,150.263149,0.164169,0.154398,0.049967,TRUE,TRUE,7.231078,0.093814,11.29221,19.2607,57.9201,2.655265,0.8663,-0.0036,7.21,10.62,10.94,60.890979,2.299407,0.79,83.04,0.6970,-0.009897,0.066668,1.2057,1.9104,-13.48,1.901639,143400,17.567568,-86601124.570387,-1.0505,37.0935,-5.17,-8.15,0,0.06,1.4674,-0.258202,-0.009897,1.1297
09-22-25,160.119995,160.800003,160.039993,160.710007,9700,159.401591,157.603571,150.285668,0.165464,0.151742,0.049725,TRUE,TRUE,7.317904,0.091668,28.980065,18.9017,59.6433,4.542205,0.8858,0.0127,6.55,11.23,11.55,71.287368,0.622818,0.76,88.15,0.6923,-0.009996,0.068949,1.0970,1.7415,-13.48,1.981614,153100,193.939394,-86593721.81581,-0.9035,33.2768,-5.88,-8.47,0,0.05,1.2788,-0.262582,-0.009996,1.4843
09-23-25,160.800003,161.429993,160.449997,160.559998,3800,159.50708,157.696568,150.310194,0.164141,0.149255,0.04949,TRUE,TRUE,7.386374,0.089974,32.490483,19.0297,58.7184,-2.312719,0.8791,0.0048,5.38,9.22,9.94,57.8779,1.331504,0.76,88.79,0.6911,-0.010083,0.070411,0.9424,1.5360,-13.24,0.766129,149300,52,-86596668.746133,-0.8629,37.8013,-5.94,-8.24,0,0.04,1.0535,-0.265351,-0.010083,1.1859
09-24-25,160.850006,160.850006,160,160.050003,5700,159.575613,157.821799,150.330003,0.15986,0.146926,0.049261,TRUE,TRUE,7.491796,0.088611,12.515398,18.6764,55.5640,-2.356114,0.8231,-0.0410,5.85,9.17,10.32,35.91569,0.863796,0.72,87.34,0.6894,-0.010257,0.073222,0.8950,1.1830,-12.87,1.110029,143600,159.090909,-86601698.121783,-0.8485,33.4905,-6.09,-8.04,0,0.03,0.6632,-0.270595,-0.010257,0.5431
09-25-25,159.169998,159.190002,158.449997,158.570007,11600,159.536777,157.90448,150.346942,0.152423,0.144584,0.049038,TRUE,TRUE,7.557538,0.086593,-5.633,17.7124,47.5764,-12.066827,0.6518,-0.1698,4.11,8.63,8.55,3.509077,-0.487439,0.74,90.10,0.6941,-0.012834,0.057622,0.9318,0.5141,-12.78,2.230769,132000,12.621359,-86609535.66225,-0.8248,26.0285,-6.86,-9.18,0,0.01,0.2740,-0.240045,-0.012834,-1.0730
09-26-25,159.220001,160.229996,159.220001,159.850006,4200,159.548993,157.986664,150.36974,0.14399,0.142323,0.048821,TRUE,TRUE,7.616924,0.087768,4.839886,16.8942,53.7667,-4.951725,0.6122,-0.1675,4.48,9.85,9.23,40.935962,0.15307,0.77,90.36,0.6988,-0.012711,0.05537,0.9085,0.6316,-12.78,0.787992,136200,162.5,-86608495.989183,-0.7531,26.5266,-6.61,-7.92,0,0.03,0.5900,-0.235308,-0.012711,0.3331
09-29-25,160.619995,160.729996,160.020004,160.020004,6800,159.590128,158.067267,150.396933,0.136331,0.140208,0.048609,TRUE,TRUE,7.670334,0.090018,9.359767,16.4914,54.5346,-1.029443,0.5878,-0.1535,3.95,11.55,10.07,45.906671,0.516776,0.78,90.55,0.6975,-0.012773,0.056133,0.8603,0.5278,-12.78,1.223022,143000,209.090909,-86615295.989183,-0.7546,34.6170,-7.35,-9.06,0,0.02,0.4805,-0.236925,-0.012773,0.4748
09-30-25,160.740005,160.990005,160.119995,160.779999,6400,159.724048,158.174027,150.434721,0.128538,0.13825,0.048404,TRUE,TRUE,7.739305,0.091057,18.049525,16.3010,57.9009,10.324461,0.6226,-0.0950,3.61,11.38,10.09,68.128745,1.694104,0.76,87.12,0.6897,-0.012567,0.055584,0.7718,1.0430,-12.78,1.105354,149400,255.555556,-86611985.706284,-0.6895,44.4213,,-8.45,0,0.04,1.0236,-0.235762,-0.012567,1.2121
10-01-25,160.580002,161.240005,160.580002,161.050003,3500,159.890893,158.251921,150.471693,0.120798,0.13643,0.048205,TRUE,TRUE,7.780228,0.092686,-1.137656,16.3036,59.0606,5.293908,0.6644,-0.0426,3.28,11.48,10.10,84.967588,2.115803,0.66,78.06,0.6897,-0.012559,0.055523,0.7206,1.0410,-12.78,0.601892,152900,16.666667,-86610500.872512,-0.6421,42.3326,-8.39,-8.09,0,0.04,1.0248,-0.235634,-0.012559,1.4849
10-02-25,161.330002,161.610001,160.899994,161.589996,4800,160.0175,158.317506,150.514614,0.113461,0.13478,0.048013,TRUE,TRUE,7.802892,0.095986,20.182329,16.5713,61.3536,6.819008,0.7325,0.0205,3.23,10.82,10.28,99.366954,1.591968,0.65,84.13,0.6891,-0.012575,0.05577,0.9751,1.0108,-8.45,0.807401,157700,118.181818,-86605971.350258,-0.5835,47.7536,-7.84,-7.60,0,0.04,0.9926,-0.236157,-0.012575,1.8690
10-03-25,162.050003,162.910004,162.039993,162.039993,5700,160.164616,158.399461,150.562395,0.10767,0.133154,0.047828,TRUE,TRUE,7.837066,0.100751,26.893058,17.6409,63.2032,5.302277,0.8135,0.0812,4.41,16.63,10.84,80.49307,1.849371,0.65,92.51,0.6883,-0.012577,0.055925,1.1653,0.9693,-5.04,0.946844,163400,35.714286,-86611671.350258,-0.5787,53.3736,-8.21,-7.95,0,0.04,0.9533,-0.236485,-0.012577,2.0272
10-06-25,163.050003,163.050003,162.080002,162.080002,4100,160.301279,158.465881,150.612099,0.10369,0.131534,0.047648,TRUE,TRUE,7.853782,0.10277,32.837692,18.7143,63.3710,4.31039,0.8709,0.1108,4.25,23.66,10.96,78.913045,1.715301,0.67,99.70,0.6756,-0.012458,0.056979,1.1035,1.3681,-5.04,0.678246,167500,13.888889,-86615771.350258,-0.5700,57.7487,-8.92,-6.86,0,0.06,1.3735,-0.238702,-0.012458,1.7840
10-07-25,162.639999,162.639999,160.970001,161.160004,3200,160.406387,158.528643,150.662599,0.101595,0.129925,0.047474,TRUE,TRUE,7.866044,0.104032,19.642918,18.5470,56.9392,-4.414422,0.8325,0.0580,3.23,24.47,10.90,58.913111,1.321631,0.70,96.95,0.6789,-0.012608,0.05775,1.0225,0.9726,-5.04,0.551724,164300,-60.493827,-86618243.196391,-0.5006,52.7128,-9.07,-7.19,0,0.04,0.9515,-0.240312,-0.012608,0.7774
10-08-25,161.649994,162.160004,161.649994,161.759995,12800,160.55295,158.606792,150.741916,0.100203,0.128302,0.047306,TRUE,TRUE,7.864876,0.10239,11.439017,18.3916,59.8044,-3.39873,0.8408,0.0530,3.21,27.18,10.66,71.956373,1.845547,0.67,93.95,0.6540,-0.012423,0.060461,1.0029,1.7109,-5.04,2.182438,177100,11.304348,-86625521.702853,-0.4256,57.4345,-8.71,-6.77,0,0.07,1.7302,-0.245889,-0.012423,1.2848
10-09-25,162.190002,162.190002,160.759995,160.759995,4000,160.533467,158.686456,150.818952,0.097427,0.126558,0.047143,TRUE,TRUE,7.867504,0.099763,5.471495,17.3951,53.4239,-9.947135,0.7580,-0.0239,3.55,15.53,10.70,50.217272,-0.241802,0.69,93.05,0.6587,-0.012568,0.060959,0.9829,1.2812,-3.14,0.696864,173100,-38.461538,-86629521.702853,-0.4877,60.5464,-8.08,-11.12,0,0.05,1.2723,-0.246899,-0.012568,0.2435
10-10-25,161.300003,161.380005,156.740005,156.740005,7900,160.37275,158.710424,150.862832,0.09146,0.124507,0.04698,FALSE,TRUE,7.847592,0.092406,-32.567763,18.3177,36.5445,-20.394676,0.3638,-0.3345,0.53,18.62,7.48,0,-2.009536,0.88,125.63,0.7297,-0.012835,0.051748,1.3001,-0.0565,-3.29,1.328848,165200,107.894737,-86637421.702853,-0.4623,61.9144,-8.79,-10.00,0,-0.01,-0.1344,-0.227483,-0.012835,-2.8916
10-13-25,158.460007,158.919998,158.309998,158.429993,3200,160.305,158.803454,150.916102,0.084436,0.122254,0.04682,FALSE,TRUE,7.887353,0.088186,-15.513566,19.1745,44.4854,-15.319013,0.1856,-0.4101,3.02,18.01,7.96,26.782692,-0.848021,0.93,132.44,0.7423,-0.011865,0.083933,1.4106,0.2718,-3.29,0.539629,168400,-8.571429,-86639362.738949,-0.4170,61.6210,103.02,118.01,,-0.01,-0.1991,-0.289713,-0.011865,-1.4158
10-14-25,157.410004,160.539993,157.410004,160.009995,4000,160.334,158.884654,150.969605,0.077949,0.120027,0.046664,TRUE,TRUE,7.915049,0.085492,-0.270329,18.7173,50.6974,-2.726467,0.1699,-0.3407,3.61,16.61,9.33,51.82235,0.363797,1.02,131.05,0.7510,-0.011807,0.083452,1.4122,0.7437,-3.29,0.670578,172400,21.212121,-86636717.372907,-0.4059,67.7448,-7.49,-9.54,0,-0.00,-0.0634,-0.288881,-0.011807,-0.2472
10-15-25,160.960007,160.960007,159.550003,160.380005,1900,160.383,158.974848,151.025058,0.071582,0.117868,0.046511,TRUE,TRUE,7.94979,0.086054,13.221339,18.0010,52.0506,15.506078,0.1852,-0.2603,2.98,17.37,8.41,57.686225,0.614812,1.01,129.19,0.7387,-0.011956,0.08864,1.3183,0.4442,-3.29,0.328152,174300,-64.814815,-86636380.49435,-0.3686,79.2942,-7.84,-8.68,0,-0.02,-0.4103,-0.297725,-0.011956,-0.0023
10-16-25,160.880005,160.880005,158.630005,158.630005,3200,160.273,159.029444,151.076657,0.064404,0.115729,0.04636,FALSE,TRUE,7.952787,0.085527,-8.615844,17.8492,45.6667,1.181239,0.0554,-0.3120,1.69,17.59,6.70,29.952458,-1.367902,1.05,134.44,0.7470,-0.012239,0.09091,1.3879,-0.2077,-3.29,0.555556,171100,-15.789474,-86639580.49435,-0.3880,74.5654,-8.77,-7.64,0,-0.05,-1.1320,-0.301513,-0.012239,-1.2221
10-17-25,158.710007,159.649994,158.710007,159.520004,3200,160.234501,159.121364,151.141262,0.057865,0.113539,0.046213,TRUE,TRUE,7.980102,0.085817,-3.360221,17.7083,49.0867,-1.61073,0.0242,-0.2746,2.62,17.53,7.57,44.05705,-0.480372,1.05,135.49,0.7497,-0.012129,0.088528,1.4103,0.0732,-3.29,0.583409,174300,-63.218391,-86637265.542156,-0.3295,68.5412,-7.04,-6.16,0,-0.04,-0.8180,-0.297537,-0.012129,-0.5273
10-20-25,160.410004,161.729996,160.410004,161.729996,3500,160.2855,159.260671,151.215483,0.051512,0.111468,0.046071,TRUE,TRUE,8.045189,0.091026,5.817505,16.7254,56.4220,4.371378,0.1757,-0.0985,2.91,21.61,8.40,79.0807,0.634677,1.09,139.24,0.7676,-0.011918,0.081363,1.3951,0.3708,-3.29,0.676329,177800,-63.917526,-86633765.542156,-0.3869,67.1454,-7.64,-4.15,0,-0.02,-0.4555,-0.285242,-0.011918,1.0374
10-21-25,161.119995,162.179993,161.119995,161.960007,3700,160.355501,159.420118,151.293029,0.046495,0.109496,0.045936,TRUE,TRUE,8.127089,0.095198,5.586279,16.0756,57.1145,11.447814,0.3107,0.0292,2.31,18.84,8.66,82.725883,0.871954,1.10,144.13,0.7649,-0.011832,0.080707,1.3849,0.5819,-3.29,0.715667,181500,-2.631579,-86631601.296748,-0.3378,67.2555,-6.58,-3.38,0,-0.01,-0.2299,-0.284089,-0.011832,1.1132
10-22-25,161.5,161.5,160.279999,160.720001,5800,160.389001,159.508745,151.356809,0.041764,0.10756,0.045804,TRUE,TRUE,8.151935,0.096832,-5.120633,14.9324,52.2900,3.203335,0.3141,0.0261,1.76,16.51,7.49,63.074442,0.418618,1.16,144.16,0.7718,-0.011955,0.080936,1.4006,0.3510,-3.29,1.120773,175700,1.754386,-86633217.671163,-0.3045,58.9755,-7.55,-5.32,0,-0.02,-0.4797,-0.284493,-0.011955,0.2296
10-23-25,161.059998,162.080002,160.809998,161.660004,4400,160.543501,159.577721,151.424547,0.037403,0.105712,0.045676,TRUE,TRUE,8.153174,0.098023,-2.173854,14.2218,55.3678,-1.054129,0.3881,0.0801,1.83,15.00,9.15,77.971475,1.948664,1.15,140.14,0.7693,-0.011733,0.078428,1.4023,0.7877,-3.29,0.913811,180100,-62.068966,-86631727.884906,-0.2304,58.1311,-7.61,-6.32,0,0.000367,0.0079,-0.28005,-0.011733,0.7967
10-24-25,163.179993,163.179993,162.460007,162.460007,5500,160.674001,159.685609,151.500539,0.033586,0.103936,0.045551,TRUE,TRUE,8.18507,0.098161,2.083361,14.1966,57.8594,0.744946,0.5055,0.1580,2.81,15.90,9.98,88.820072,1.632781,1.17,145.40,0.7633,-0.011509,0.076632,1.5790,1.2385,-3.29,1.127049,185600,30.952381,-86637227.884906,-0.2944,59.0309,-7.55,-6.10,0,0.02,0.5043,-0.276824,-0.011509,1.2284
10-27-25,163.449997,163.449997,162.929993,163.360001,7600,160.841,159.823648,151.579299,0.031112,0.102291,0.045431,TRUE,TRUE,8.244349,0.096402,12.074636,14.3216,60.5290,8.238976,0.6635,0.2528,3.49,15.90,11.03,98.658771,2.087237,1.13,156.27,0.7489,-0.011279,0.076431,2.0034,1.8583,-3.29,1.544715,193200,11.764706,-86632258.525476,-0.1724,66.1809,-6.52,-5.61,0,0.05,1.1739,-0.276462,-0.011279,1.6120
10-28-25,162.940002,162.940002,161.919998,161.172028,3000,160.860602,159.921515,151.657505,0.029151,0.100691,0.045314,TRUE,TRUE,8.264009,0.094204,-2.968335,13.7042,51.9181,-3.449699,0.6052,0.1556,2.80,13.92,9.25,66.051084,0.243829,1.17,156.43,0.7517,0.002446,0.003575,2.0183,0.8831,-3.29,0.631579,254400,-53.125,-53857227.545591,-0.2913,55.7411,102.80,113.92,,0.05,1.0850,0.05979,0.002446,0.1991
10-29-25,161.679993,161.759995,160.330002,159.768524,3800,160.796528,159.969197,151.7236,0.027201,0.099011,0.0452,FALSE,TRUE,8.245597,0.08928,-4.905483,13.3053,47.2725,-10.586971,0.4407,-0.0071,2.72,12.82,9.05,45.134464,-0.795702,1.18,158.23,0.7611,0.002446,0.003575,2.0586,0.5872,-3.29,0.797482,250600,8.571429,-53864011.637955,-0.3771,55.9387,102.72,112.82,,0.05,1.0850,0.05979,0.002446,-0.6497
10-30-25,159.660004,160.889999,159.580002,158.842834,3100,160.65917,160.001753,151.77839,0.023925,0.097218,0.045086,FALSE,TRUE,8.223363,0.082673,12.284909,13.3431,44.4475,-16.081508,0.2329,-0.1719,3.29,12.16,7.80,23.722391,-1.700082,1.03,162.84,0.7653,0.002455,0.003598,1.9002,0.3771,-3.29,0.662393,247500,-35.416667,-53870600.528139,-0.5028,60.6310,103.29,112.16,,0.05,1.0893,0.059979,0.002455,-1.1154
10-31-25,159.860001,160.960007,159.860001,159.84816,5600,160.549578,160.064973,151.831282,0.020442,0.09534,0.044972,FALSE,TRUE,8.233691,0.075895,8.630252,13.3277,48.0766,-3.841572,0.1477,-0.2057,2.50,11.06,8.68,40.366868,-1.35265,1.02,160.41,0.7642,0.002548,0.003929,1.8139,0.8135,-3.29,1.197861,253100,-1.754386,-53876321.088549,-0.5035,62.2652,,111.06,,0.06,1.3461,0.062683,0.002548,-0.4373
11-03-25,159,160.199997,159,159.450012,2900,160.418079,160.059668,151.877535,0.016659,0.093397,0.044859,FALSE,TRUE,8.182133,0.067921,-3.671857,13.7847,46.7734,-0.499104,0.0474,-0.2448,2.30,11.06,8.54,17.012628,-1.622649,0.94,157.97,0.7649,0.002578,0.004024,1.8437,0.7622,-3.29,0.628386,250200,-29.268293,-53877046.024017,-0.4735,56.5310,102.30,111.06,,0.07,1.3995,0.063435,0.002578,-0.6128
11-04-25,158.820007,159.080002,158.619995,158.086349,4600,160.264396,160.052391,151.911925,0.012165,0.091321,0.044747,FALSE,TRUE,8.140466,0.056134,-14.119748,14.4090,42.5219,-1.925599,-0.1404,-0.3461,1.40,10.77,8.71,-11.04856,-1.907207,0.92,165.16,0.7706,0.002686,0.00441,1.9763,0.6353,-3.29,0.981857,245600,43.75,-53892318.780842,-0.6031,50.8812,101.40,110.77,,0.08,1.6191,0.066407,0.002686,-1.3188
11-05-25,158.740005,160.309998,158.740005,159.031967,2900,160.127995,160.059443,151.941893,0.00825,0.089269,0.044636,FALSE,TRUE,8.11755,0.04957,2.603395,14.0400,46.1754,-1.901124,-0.2106,-0.3330,2.65,10.77,9.42,8.529439,-1.686466,0.92,163.41,0.7505,0.002395,0.003747,1.9515,0.3364,-3.29,0.692124,248500,-77.34375,-53894140.190878,-0.6092,55.9515,102.65,110.77,,0.05,1.0729,0.061212,0.002395,-0.6707
11-06-25,159.610001,159.610001,158.399994,157.946976,9400,159.987344,160.031448,151.968069,0.002657,0.087135,0.044528,FALSE,TRUE,8.063379,0.044333,-10.060996,13.9000,42.8128,-3.96056,-0.3497,-0.3777,2.06,9.27,8.49,-8.970652,-1.749825,0.93,169.67,0.7393,0.002151,0.003176,2.0489,-0.3429,-3.31,2.107623,239100,135,-53910578.781528,-0.7117,50.7588,102.06,109.27,,0.03,0.5843,0.05636,0.002151,-1.2026
11-07-25,157.910004,159.740005,157.559998,159.002106,4400,160.100449,160.019377,151.995762,-0.003037,0.085051,0.044421,FALSE,TRUE,8.023615,0.038898,-18.838946,14.2523,46.8652,4.343301,-0.3705,-0.3188,3.26,9.83,7.76,24.484012,1.443218,0.92,153.67,0.7380,0.002288,0.003663,2.1530,0.1556,-3.31,1.026838,243500,-44.303797,-53909157.448699,-0.6320,51.3752,103.26,109.83,,0.04,0.9110,0.060523,0.002288,-0.7148
11-10-25,160.729996,161.289993,159.880005,160.286133,4100,160.193256,160.041153,152.030567,-0.008065,0.083091,0.044317,TRUE,TRUE,8.010586,0.034432,-10.775499,13.4556,51.3804,5.204974,-0.2802,-0.1828,2.56,7.86,6.05,46.284135,1.171584,0.97,148.57,0.7429,0.002373,0.003963,2.1990,0.5800,-3.31,0.946882,247600,28.125,-53910895.550533,-0.6231,51.6438,102.56,107.86,,0.05,1.0946,0.062955,0.002373,0.0625
11-11-25,160.970001,161.889999,160.940002,160.803741,4000,160.232943,160.095196,152.068801,-0.0119,0.081285,0.044216,TRUE,TRUE,8.026395,0.030297,0.565366,12.6584,53.1102,10.297385,-0.1649,-0.0540,1.64,7.75,6.09,55.072058,0.496061,0.96,149.11,0.7434,0.002407,0.004077,2.1964,0.7352,-3.31,0.923788,251600,0,-53916043.015157,-0.7131,59.2144,101.64,107.75,,0.05,1.1582,0.063855,0.002407,0.3828
11-12-25,162.520004,162.520004,160.539993,159.798386,36700,160.203862,160.136902,152.103591,-0.015225,0.079532,0.044119,FALSE,TRUE,8.033311,0.026136,-12.513372,12.3078,49.4316,2.56636,-0.1529,-0.0336,1.74,7.64,4.55,38.003197,-0.362651,1.00,149.38,0.7434,0.002273,0.003694,2.2553,0.2610,-3.31,6.046129,214900,1831.578947,-53980234.783163,-1.0402,35.0564,101.74,107.64,,0.04,0.8581,0.060774,0.002273,-0.2714
11-13-25,161.479996,161.479996,159.279999,158.564133,3700,160.200568,160.127027,152.134929,-0.020065,0.07771,0.044025,FALSE,TRUE,7.992098,0.019532,-25.444471,11.7014,45.2846,-6.095784,-0.2403,-0.0968,1.35,5.85,3.06,17.048136,-0.041526,1.04,149.75,0.7504,0.002306,0.003803,2.3833,0.0241,-3.31,0.607055,211200,15.625,-53986342.699711,-1.0598,29.9286,101.35,105.85,,0.04,0.9181,0.061669,0.002306,-1.0928
11-14-25,158.330002,159.610001,158.289993,158.146072,3200,160.131872,160.107995,152.156215,-0.026385,0.075871,0.043936,FALSE,TRUE,7.95178,0.011272,-35.15953,11.7105,43.9400,-9.170186,-0.3393,-0.1566,1.19,4.64,3.52,10.893574,-0.861291,1.05,156.05,0.7498,0.0024,0.004135,1.2854,0.0496,-3.31,0.525021,208000,0,-53990240.494135,-1.1108,22.9532,101.19,104.64,,0.05,1.0897,0.064302,0.0024,-1.2725
11-17-25,158.770004,158.770004,156.199997,155.926361,7400,159.84169,160.039588,152.173128,-0.03589,0.073873,0.043851,FALSE,TRUE,7.866459,0.004424,-35.298007,12.7215,37.5625,-11.869036,-0.5901,-0.3260,-0.93,3.20,2.04,-4.329676,-3.588471,1.12,177.29,0.7289,0.001886,0.002952,1.3578,-1.1600,-4.55,1.176471,200600,111.428571,-53999216.291508,-1.1755,21.9410,99.07,,,0.01,0.1944,0.054334,0.001886,-2.2085
11-18-25,156.190002,157.330002,155.860001,155.747208,5800,159.53105,159.973375,152.1933,-0.048061,0.071694,0.04377,FALSE,TRUE,7.780075,-0.004651,-29.488854,13.8040,37.0946,-8.190065,-0.7942,-0.4240,-0.93,3.39,2.92,-1.693587,-3.836008,1.12,192.03,0.7222,0.002043,0.003563,1.5875,-0.9226,-4.66,0.906959,194800,56.756757,-54005906.357733,-1.2255,21.5247,99.07,103.39,,0.03,0.6103,0.059693,0.002043,-1.9704
11-19-25,156.660004,156.830002,155.589996,155.38887,8900,159.264494,159.904578,152.210197,-0.062271,0.069287,0.043694,FALSE,TRUE,7.694381,-0.013775,-26.427908,14.9260,36.1251,-7.814871,-0.9736,-0.4827,-0.83,5.34,3.63,-2.902249,-3.31703,1.12,210.75,0.7223,0.002012,0.003451,1.7956,-1.0597,-4.88,1.358779,185900,53.448276,-54017693.47765,-1.2741,20.3608,99.17,105.34,,0.02,0.5419,0.058746,0.002012,-1.8390
11-20-25,157.850006,157.880005,154.039993,153.328415,2900,158.847914,159.748153,152.212686,-0.078302,0.066517,0.043622,FALSE,TRUE,7.535467,-0.024962,-46.159081,16.5870,31.0932,-6.469275,-1.2674,-0.6213,-4.00,4.17,1.72,-8.391243,-5.153772,1.22,241.07,0.7388,0.001907,0.00312,2.1777,-1.6616,-6.14,0.447876,183000,-34.090909,-54021668.254232,-1.3311,15.3409,96.00,104.17,,0.02,0.3240,0.055857,0.001907,-2.2896
11-21-25,154.779999,157.550003,154.779999,155.866638,4700,158.518246,159.666399,152.229202,-0.094432,0.063488,0.043555,FALSE,TRUE,7.437197,-0.031215,-22.031755,18.1294,41.8404,4.745843,-1.2807,-0.5076,-1.63,6.28,3.35,21.540596,-4.058456,1.34,234.05,0.7709,0.001871,0.003004,2.3163,-1.0800,-6.14,0.730381,187700,-14.545455,-54022680.74714,-1.3045,19.5784,98.37,106.28,,0.01,0.2397,0.054805,0.001871,-1.1329
11-24-25,157.169998,158.089996,157.080002,156.354385,13800,158.167965,159.597786,152.251569,-0.109687,0.060211,0.043493,FALSE,TRUE,7.346217,-0.037153,-11.254799,19.0944,43.6589,7.53375,-1.2376,-0.3716,-1.47,4.82,3.09,27.292324,-4.288452,1.40,208.84,0.7716,0.001948,0.00326,2.3891,-0.8839,-6.14,2.04596,201500,81.578947,-54056309.581876,-1.5306,30.1990,98.53,104.82,,0.02,0.3864,0.057099,0.001948,-0.8684
11-25-25,157.850006,160.289993,157.850006,159.549545,5400,158.086841,159.600177,152.287043,-0.121773,0.056913,0.043439,FALSE,TRUE,7.313134,-0.039552,2.934413,18.3736,53.8407,22.747482,-0.9348,-0.0551,0.13,7.90,3.82,64.971048,-1.006677,1.45,199.50,0.8115,,,2.3801,0.0501,-6.14,0.786599,206900,80,-54054186.99187,-1.4345,31.7270,100.13,107.90,,0,0,,,0.7332
11-26-25,160.169998,161.520004,160.169998,160.206497,2800,158.108739,159.616307,152.327336,-0.130386,0.053619,0.043391,TRUE,TRUE,7.288972,-0.041613,13.128986,17.1486,55.6167,13.776341,-0.6346,0.1961,0.38,7.93,3.11,72.718112,0.27413,1.47,201.68,0.8123,,,2.3343,0.2642,-6.14,0.410858,209700,-26.315789,-54056835.589198,-1.4147,36.2831,100.38,107.93,,0,0,,,1.0402
11-28-25,161.520004,161.970001,161.5,161.102356,1500,158.221716,159.621754,152.376064,-0.135512,0.05035,0.043352,TRUE,TRUE,7.245691,-0.040065,12.317531,16.2626,57.9904,14.33157,-0.3206,0.4080,1.20,8.44,3.00,83.282471,1.422489,1.45,212.07,0.8082,,,2.4570,0.1695,-6.14,0.222717,211200,-51.612903,-54060873.736072,-1.4126,34.5389,101.20,108.44,,0,0,,,1.3584
12-01-25,160.919998,161.839996,160.839996,160.097015,3200,158.234158,159.617895,152.412792,-0.138525,0.047035,0.043319,TRUE,TRUE,7.205103,-0.040211,-1.127564,15.1609,54.4698,0.62908,-0.1512,0.4620,1.26,7.75,2.51,71.427055,0.155682,1.40,213.14,0.8125,,,2.4589,-0.0427,-6.14,0.483749,208000,-42.857143,-54068828.814197,-1.4551,30.8562,101.26,107.75,,0,0,,,0.8740
12-02-25,160.990005,161.149994,160.710007,160.216461,3200,158.272481,159.608024,152.450265,-0.139586,0.04376,0.043294,TRUE,TRUE,7.157759,-0.039794,-3.586652,14.2171,54.8208,-0.795983,-0.0072,0.4848,1.59,6.88,2.66,72.835612,0.480683,1.37,216.11,0.8123,,,2.4628,-0.0694,-6.14,0.482655,211200,10.344828,-54079207.867431,-1.5246,27.1690,101.59,106.88,,0,0,,,0.8995
12-03-25,161.5,163.479996,161.5,162.724808,4300,158.504404,159.65132,152.493604,-0.136533,0.040622,0.043279,TRUE,TRUE,7.157716,-0.035804,16.36972,14.3550,61.5273,3.536881,0.3057,0.6382,2.31,8.77,4.00,92.000129,2.93413,1.41,237.81,0.8362,,,3.2649,0.4853,-6.14,0.650038,215500,-6.521739,-54078187.983953,-1.4049,46.0652,102.31,108.77,,0,0,,,1.7747
12-04-25,162.539993,162.800003,162.309998,161.779205,27500,158.641766,159.685904,152.533253,-0.131025,0.037685,0.043273,TRUE,TRUE,7.152651,-0.033956,18.279512,14.4831,58.0301,3.560317,0.4721,0.6436,1.69,8.42,3.57,81.983157,1.727475,1.34,248.70,0.8398,,,3.1964,0.3455,-6.14,3.505417,188000,848.275862,-54165266.036455,-1.7280,34.2211,101.69,108.42,,0,0,,,1.2615
12-05-25,162.75,163.470001,162.720001,161.968323,5100,158.842833,159.753871,152.577459,-0.122631,0.034931,0.043277,TRUE,TRUE,7.176412,-0.028028,22.018267,14.9368,58.5377,3.716957,0.6121,0.6269,1.65,7.57,4.06,83.986519,2.546011,1.36,258.84,0.8187,,,3.1091,-0.0801,-6.14,0.668414,193100,-45.744681,-54180588.863603,-1.7694,38.8998,101.65,107.57,,0,0,,,1.2075
12-08-25,162.350006,162.350006,161.839996,161.092392,5500,158.947347,159.778718,152.629945,-0.109236,0.032259,0.043289,TRUE,TRUE,7.148773,-0.025607,32.256101,14.7258,55.2073,-6.32,0.6449,0.5278,1.28,7.02,3.21,74.707594,1.314628,1.27,263.69,0.8160,,,2.9141,-0.0152,-6.14,0.71568,187600,25,-54202213.354987,-1.9067,39.5997,101.28,107.02,,0,0,,,0.8135
12-09-25,162.020004,162.419998,161.529999,160.783829,2600,158.972232,159.793995,152.682867,-0.092287,0.029649,0.043308,TRUE,TRUE,7.111128,-0.024042,31.196011,14.3135,54.0409,-3.989184,0.6387,0.4172,1.23,6.42,3.61,71.438916,0.310505,1.27,265.25,0.8163,,,2.6981,-0.0429,-6.14,0.341656,185000,-36.585366,-54209173.003177,-1.9598,40.9172,101.23,106.42,,0,0,,,0.6830
12-10-25,161.75,163.869995,161.729996,162.983627,7000,159.081226,159.838067,152.746096,-0.071318,0.027237,0.043336,TRUE,TRUE,7.091972,-0.019529,42.224665,14.7103,60.4553,1.917626,0.8020,0.4644,1.14,8.27,4.95,90.983035,1.355619,1.33,277.37,0.8341,,,2.5288,0.4624,-6.14,0.902062,192000,75,-54207971.672667,-1.8810,49.5531,101.14,108.27,,0,0,,,1.4069
12-11-25,164.509995,164.970001,164.419998,164.09845,5700,159.29623,159.899036,152.816134,-0.046005,0.025001,0.043373,TRUE,TRUE,7.082902,-0.013436,63.201059,15.5894,63.2543,8.04699,1.0097,0.5378,2.59,8.75,6.16,91.446994,2.690931,1.24,299.04,0.8382,,,2.5057,0.6820,-6.14,0.917874,197700,-84.468665,-54220336.458352,-1.9332,54.2349,102.59,108.75,,0,0,,,1.6059
12-12-25,164.039993,164.039993,163.380005,162.804443,6600,159.508245,159.923325,152.886776,-0.01635,0.022823,0.043417,TRUE,TRUE,7.036549,-0.007302,43.919355,15.6502,58.1127,4.071783,1.0578,0.4686,1.89,9.30,6.25,72.55313,2.674193,1.10,308.46,0.8376,,,2.1273,0.1500,-6.14,1.038552,191100,78.378378,-54238447.891085,-1.9835,48.1815,101.89,109.30,,0,0,,,1.0686
12-15-25,164.509995,164.509995,163.149994,162.684998,3100,159.735191,159.936225,152.948017,0.016504,0.020723,0.043469,TRUE,TRUE,6.988209,-0.002388,41.032227,15.9392,57.6469,-2.80842,1.0738,0.3877,2.04,8.14,5.88,67.90723,2.870084,1.08,314.55,0.8364,,,1.7285,0.2333,-6.14,0.488189,188000,-3.125,-54243667.72638,-1.9955,41.8223,102.04,108.14,,0,0,,,0.9378
12-16-25,162.660004,162.660004,161.289993,161.820007,4400,160.029874,159.931025,153.014873,0.049581,0.018625,0.043528,TRUE,TRUE,6.916152,0.001686,17.334126,14.9904,54.2554,-8.99895,1.0051,0.2553,1.52,8.47,5.76,34.375169,3.779763,0.97,304.43,0.8389,,,1.6052,-0.0178,-6.14,0.709677,183600,-40.540541,-54244663.28243,-1.9794,35.8649,101.52,108.47,,0,0,,,0.5880
12-17-25,161.789993,162.179993,161.089996,162.179993,6000,160.351513,159.951425,153.094311,0.082066,0.016589,0.043594,TRUE,TRUE,6.857114,0.006034,15.416423,13.9905,55.4306,-2.682142,0.9686,0.1750,0.84,8.61,6.36,34.506757,4.130273,0.93,290.47,0.8392,,,1.5075,0.0818,-6.14,0.966184,189600,3.448276,-54238663.28243,-1.8740,31.2909,100.84,108.61,,0,0,,,0.6295
12-18-25,162.610001,162.610001,161.690002,161.940002,9100,160.67907,159.955025,153.166268,0.113788,0.014615,0.043664,TRUE,TRUE,6.788757,0.009035,6.896829,13.3180,54.4267,-3.220222,0.9098,0.0929,1.03,8.32,6.44,28.873176,4.21596,0.89,267.60,0.8383,,,1.4690,0.1354,-6.14,1.463023,180500,2.247191,-54242817.620413,-1.8097,36.8805,101.03,108.32,,0,0,,,0.4712
12-19-25,161.990005,162.830002,161.990005,162.410004,15600,161.133149,159.988026,153.249527,0.143292,0.012785,0.043741,TRUE,TRUE,6.738499,0.010192,19.9223,12.8267,56.1034,1.848033,0.8909,0.0592,1.06,7.68,7.51,39.906083,5.922965,0.89,206.34,0.8297,,,1.3449,0.5243,-6.14,2.275711,196100,437.931034,-54242817.620413,-1.6131,47.3000,101.06,107.68,,0,0,,,0.6188
12-22-25,163.009995,164.080002,163.009995,164.080002,25800,161.543817,160.134825,153.337921,0.170021,0.011234,0.043825,TRUE,TRUE,6.796904,0.016043,29.356876,13.0846,61.5206,6.090012,0.9991,0.1339,2.19,7.69,12.46,77.0619,5.269481,0.90,175.42,0.8336,,,1.1871,0.5920,-6.14,3.261694,221900,448.93617,-54217017.620413,-1.2284,59.1258,102.19,107.69,,0,0,,,1.4458
12-23-25,163.550003,163.550003,162.919998,163.289993,4400,161.890598,160.232025,153.436114,0.191623,0.010003,0.043915,TRUE,TRUE,6.795912,0.020653,4.939457,13.2557,57.8816,3.454876,1.0095,0.1155,2.02,8.00,12.34,56.700881,4.435826,0.82,130.15,0.8364,,,1.1732,0.4041,-6.14,0.591398,217500,-68.115942,-54216249.474705,-1.0749,55.7266,102.02,108.00,,0,0,,,1.0752
12-24-25,164.044998,164.044998,164.044998,164.044998,1103,162.11537,160.312726,153.546044,0.209557,0.009023,0.044012,TRUE,TRUE,6.766681,0.027606,20.137404,13.6947,60.2985,4.195157,1.0663,0.1378,3.45,7.70,10.87,76.159745,2.817591,0.82,126.35,0.8362,,,1.1108,0.4001,-6.14,0.152661,218603,-79.574074,-54216249.474705,-1.1301,71.1756,103.45,107.70,,0,0,,,1.5272
12-26-25,163.639999,163.759995,163.399994,163.759995,1900,162.293045,160.380325,153.656231,0.224318,0.008286,0.044116,TRUE,TRUE,6.724094,0.034368,15.789063,13.5810,58.9239,-2.596646,1.0760,0.1180,2.45,7.03,10.82,68.814299,2.218073,0.78,123.04,0.8365,-0.003376,0.005478,1.0566,0.2920,-6.14,0.264618,216703,-32.142857,-54214349.474705,-1.1054,68.3151,102.45,107.03,,0.00,0.0701,-0.074011,-0.003376,1.1923
12-29-25,163.479996,163.729996,163.300003,163.729996,2600,162.424427,160.482325,153.774181,0.236447,0.007788,0.044228,TRUE,TRUE,6.708144,0.041846,25.116167,13.3944,58.7721,0.890502,1.0689,0.0887,2.32,6.36,9.66,68.041136,1.631037,0.78,123.68,0.8356,-0.003437,0.005687,0.9383,0.1803,-6.14,0.359357,214103,73.333333,-54211749.474705,-1.0507,70.3441,-3.48,-11.39,0,-0.00,-0.0428,-0.075414,-0.003437,1.0556
12-30-25,163.229996,163.800003,163.059998,163.800003,5300,162.609576,160.567925,153.878732,0.245097,0.007577,0.044348,TRUE,TRUE,6.689193,0.050083,29.388641,13.0194,59.0374,-1.26114,1.0567,0.0613,1.88,5.55,9.72,69.845446,2.312965,0.75,114.37,0.8349,-0.003498,0.005898,0.7690,0.1058,-6.14,0.722056,219403,65.625,-54206449.474705,-0.9445,68.3900,-3.59,,0,-0.01,-0.1254,-0.076798,-0.003498,1.0408
12-31-25,163.110001,163.110001,161.570007,161.570007,4100,162.677254,160.564725,153.961055,0.24874,0.007561,0.044475,TRUE,TRUE,6.60367,0.054633,-13.733454,12.6311,48.3605,-10.563425,0.8573,-0.1105,0.32,3.61,8.94,12.371402,0.844823,0.72,102.90,0.8538,-0.003709,0.006339,0.8532,-0.3261,-6.14,0.555168,215303,28.125,-54210549.474705,-0.8959,63.1685,-4.43,-13.35,0,-0.03,-0.5800,-0.07962,-0.003709,-1.0761
01-02-26,161.639999,162.899994,161.610001,162.75,3100,162.678513,160.580525,154.055337,0.24944,0.007846,0.044609,TRUE,TRUE,6.525188,0.059587,-13.017898,12.2705,53.1851,-5.586952,0.7854,-0.1460,0.72,3.97,11.02,48.538145,0.015482,0.69,102.90,0.8556,-0.003474,0.005534,0.8720,0.0759,-6.14,0.4232,218403,-27.906977,-54208170.379355,-0.8940,62.1146,-4.45,-12.83,0,-0.01,-0.1483,-0.074389,-0.003474,0.0695
01-05-26,163.210007,164.860001,163.210007,164.5,3500,162.814553,160.656125,154.150578,0.247974,0.008416,0.044753,TRUE,TRUE,6.505547,0.068339,15.678661,12.2477,59.2637,0.226319,0.8597,-0.0573,1.52,5.99,11.99,90.450923,1.681795,0.74,108.23,0.8653,-0.003299,0.004877,1.0517,0.2900,-6.14,0.571415,221903,-87.272727,-54206197.660321,-0.3372,68.1661,-3.36,-12.12,0,0.00,0.0867,-0.069833,-0.003299,1.5572
01-06-26,164.389999,166.820007,164.389999,166.820007,14600,163.057137,160.759325,154.260198,0.246874,0.009287,0.044908,TRUE,TRUE,6.499127,0.079047,31.771147,13.2553,65.6343,17.27382,1.0932,0.1409,2.92,7.30,13.91,100,2.995453,0.76,138.43,0.8790,-0.002934,0.003732,2.2372,0.8961,-6.14,2.212071,236503,186.27451,-54191597.660321,-0.0841,71.8458,-2.33,-11.81,0,0.04,0.7364,-0.061094,-0.002934,2.7183
01-07-26,166.529999,166.529999,165.130005,165.130005,5200,163.259018,160.812725,154.363452,0.243971,0.010434,0.045072,TRUE,TRUE,6.449273,0.079833,23.916174,14.1909,58.4621,5.27695,1.1289,0.1413,2.46,5.77,11.60,70.506122,2.506396,0.78,137.71,0.8247,-0.002812,0.003902,2.1064,1.4323,-6.14,0.789656,231303,-5.454545,-54196797.660321,0.0415,71.2076,-2.44,-12.03,0,0.07,1.2853,-0.062465,-0.002812,1.3587
01-08-26,164.539993,166.25,164.539993,165.990005,3900,163.519327,160.865325,154.458402,0.238696,0.011935,0.045246,TRUE,TRUE,6.406924,0.084428,26.569106,14.5721,60.8090,1.54531,1.2126,0.1800,2.61,5.91,12.07,84.190441,3.237998,0.81,137.66,0.8165,0.004572,0.005368,1.9753,1.2661,-6.14,0.586453,235203,50,-54194083.59552,0.1144,72.6184,-3.08,-12.37,0,0.07,1.4394,0.073266,0.004572,1.7947
01-09-26,167.089996,167.169998,166.720001,167.169998,5900,163.728645,160.985285,154.561236,0.231294,0.013858,0.045431,TRUE,TRUE,6.424049,0.093215,34.227689,15.4041,63.8289,-1.805421,1.3584,0.2607,3.99,7.68,13.52,100,2.568584,0.81,159.23,0.8119,0.004713,0.005648,1.9939,1.1800,-6.14,0.894597,241103,-15.714286,-54188183.59552,0.1513,71.7764,-2.98,-11.72,0,0.09,1.6577,0.075151,0.004713,2.1613
01-12-26,166.339996,166.929993,166.169998,166.929993,2500,163.870222,161.128514,154.665997,0.222321,0.016132,0.045626,TRUE,TRUE,6.462517,0.101838,30.033113,15.7185,62.7695,4.307402,1.4381,0.2723,6.50,7.07,13.09,95.714181,1.725515,0.82,174.54,0.8121,0.004629,0.005445,1.8434,1.0575,-6.14,0.388491,238603,-56.140351,-54185683.59552,0.2716,64.4285,-2.57,-12.16,0,0.08,1.5314,0.073788,0.004629,1.7531
01-13-26,167.320007,167.320007,166.389999,166.770004,5000,164.068501,161.287057,154.77229,0.21265,0.018748,0.045831,TRUE,TRUE,6.514768,0.106869,19.867066,16.2245,62.0303,1.221309,1.4714,0.2444,5.26,8.44,14.59,90.43473,2.435782,0.79,184.06,0.7980,0.004702,0.00582,1.7771,1.4062,-6.14,0.786763,233603,-24.242424,-54186597.556373,0.4115,52.8471,,-11.62,0,0.10,1.8936,0.076288,0.004702,1.4677
01-14-26,166.419998,166.490005,166.389999,166.389999,3000,164.253751,161.417894,154.886955,0.202351,0.021703,0.046046,TRUE,TRUE,6.530939,0.112332,23.610091,16.6943,60.2166,-3.61229,1.4503,0.1787,3.99,7.74,13.54,83.825949,2.277408,0.76,188.01,0.7966,0.004614,0.005625,1.6700,1.1467,-6.14,0.47243,230603,-3.225806,-54189597.556373,0.4295,53.9827,-3.55,-11.73,0,0.08,1.6278,0.074999,0.004614,1.1363
01-15-26,167.809998,168.410004,167.770004,168.240005,8800,164.574751,161.593694,155.006405,0.194496,0.024929,0.046272,TRUE,TRUE,6.587289,0.124193,29.490373,18.1000,65.5047,2.735201,1.5649,0.2347,4.90,8.03,13.76,97.514645,3.96737,0.80,198.76,0.7897,0.004474,0.005378,2.0951,1.0651,-6.14,1.339391,239403,100,-54185472.510477,0.4543,59.1832,-2.13,-10.59,0,0.08,1.5457,0.073338,0.004474,1.8440
01-16-26,167.919998,168.130005,167.600006,167.639999,3500,164.847751,161.784767,155.122259,0.188786,0.028439,0.046509,TRUE,TRUE,6.662509,0.135098,26.685025,19.2447,62.5985,0.568131,1.5890,0.2070,5.68,7.47,12.31,88.742622,3.366634,0.80,201.62,0.7915,0.004409,0.005201,1.9728,0.8958,-6.14,0.543044,235903,-41.666667,-54188444.296048,0.3929,57.7934,-2.00,-11.49,0,0.07,1.3695,0.07212,0.004409,1.3849
01-20-26,165.5,166.220001,164.740005,164.740005,6100,164.987751,161.898928,155.216863,0.183485,0.032069,0.046754,TRUE,TRUE,6.682065,0.138831,5.801319,18.1040,50.8547,-9.361963,1.3584,-0.0189,3.27,5.98,9.68,46.345027,1.729037,0.92,189.73,0.8179,0.004533,0.005147,1.9204,0.5550,-6.14,0.969,229803,-32.967033,-54194544.296048,0.3868,55.0672,-3.76,-11.39,0,0.05,1.0160,0.071741,0.004533,-0.1306
01-21-26,165.720001,167.410004,165.720001,167.070007,3800,165.220751,162.081389,155.357558,0.182204,0.035883,0.047009,TRUE,TRUE,6.72383,0.147754,16.624324,17.6904,57.7181,-7.786544,1.3481,-0.0233,3.30,6.31,10.49,80.4094,2.869284,0.99,184.97,0.8341,0.004682,0.00528,1.7958,0.8074,-6.14,0.666065,233603,-75.641026,-54192273.271453,0.4473,61.3560,-3.04,-11.25,0,0.07,1.2673,0.072662,0.004682,0.9998
01-22-26,167.889999,168.300003,167.179993,167.369995,4300,165.385251,162.248746,155.539056,0.183611,0.039864,0.047275,TRUE,TRUE,6.70969,0.158224,32.694425,17.7447,58.5213,-4.07716,1.3487,-0.0182,3.34,5.72,9.36,84.705764,2.005115,0.95,188.88,0.8323,0.004611,0.005142,1.4565,0.7089,-6.14,0.928696,237903,-83.333333,-54195114.337651,0.2394,66.9933,-4.75,-11.96,0,0.06,1.1669,0.071705,0.004611,1.0508
01-23-26,166.860001,166.860001,166.300003,166.699997,2800,165.555751,162.377024,155.725194,0.187152,0.043986,0.047549,TRUE,TRUE,6.65183,0.168848,22.925119,17.2083,55.9643,5.109661,1.2803,-0.0693,3.72,5.54,9.16,67.115236,2.088311,0.94,184.30,0.8316,0.004445,0.004785,1.1919,0.4058,-6.14,0.615364,235103,-36.363636,-54193914.381248,0.2484,63.0487,-4.37,-12.60,0,0.05,0.8553,0.069173,0.004445,0.6209
01-26-26,167.080002,167.470001,166.929993,167.009995,4700,165.704001,162.501149,155.924295,0.190848,0.048309,0.047832,TRUE,TRUE,6.576853,0.176087,15.896109,17.0258,56.9026,-0.815518,1.2368,-0.0902,3.31,5.20,8.83,65.173939,1.807429,0.88,183.43,0.8119,0.004645,0.005484,1.0515,0.9127,-6.14,0.993658,239803,326.110607,-54197221.778818,0.2011,63.6798,-4.06,-12.31,0,0.07,1.3848,0.074053,0.004645,0.7120
01-27-26,167.029999,167.029999,166.600006,166.880005,3200,165.860001,162.642781,156.062948,0.194182,0.052835,0.048123,TRUE,TRUE,6.579833,0.180409,0.441159,16.6281,56.3603,-2.161008,1.1783,-0.1190,2.72,5.61,8.84,60.465254,1.905234,0.80,179.25,0.8029,0.004668,0.005665,1.0495,1.1843,-6.14,0.667362,236603,68.421053,-54196254.284141,0.1887,52.0109,-3.86,-12.02,0,0.08,1.6641,0.075265,0.004668,0.5690
01-28-26,167.110001,167.110001,166.369995,166.419998,9800,165.994501,162.799898,156.234386,0.196148,0.057467,0.048422,TRUE,TRUE,6.565512,0.182013,10.428419,16.0956,54.3850,-1.579286,1.0823,-0.1720,1.87,5.43,8.66,48.578807,1.64295,0.76,172.39,0.7996,0.00472,0.00584,0.9701,1.2896,-6.14,1.901067,226803,276.923077,-54204729.888817,0.0681,48.4357,-4.77,-11.90,0,0.09,1.7744,0.076419,0.00472,0.2468
01-29-26,166.960007,166.960007,165.419998,166.029999,3800,166.106001,162.957577,156.393304,0.197261,0.062166,0.048728,TRUE,TRUE,6.564273,0.18426,0.336079,14.9495,52.6987,-4.203888,0.9637,-0.2325,3.01,5.90,8.63,35.149698,1.361414,0.75,164.48,0.7973,0.00457,0.005505,0.9677,1.0056,-6.14,0.748031,223003,-28.301887,-54205519.512898,0.0092,48.4983,-3.86,-11.92,0,0.07,1.4841,0.074196,0.00457,-0.0462
01-30-26,165.330002,165.429993,164.490005,165.429993,3500,166.299001,163.14765,156.534384,0.196943,0.066871,0.04904,TRUE,TRUE,6.613265,0.184506,-15.371084,14.4566,50.1237,-6.236597,0.8119,-0.3074,3.54,6.36,8.62,23.979276,2.389048,0.77,126.77,0.7982,0.004679,0.005757,1.0521,0.9673,-6.14,0.693069,219503,-14.634146,-54202019.512898,0.0845,41.2091,-1.47,-8.51,0,0.07,1.4530,0.075875,0.004679,-0.6855
02-02-26,164.770004,166.029999,164.770004,165.759995,3000,166.4495,163.347905,156.679943,0.193348,0.071587,0.049359,TRUE,TRUE,6.667962,0.182648,-10.254157,13.5879,51.5266,-2.858421,0.7100,-0.3274,4.35,7.79,7.71,32.397694,1.849459,0.78,96.73,0.7892,0.004716,0.005988,1.1040,1.3319,-6.14,0.594648,222503,-3.225806,-54200305.253134,0.0779,45.4677,-1.51,-9.30,0,0.09,1.8249,0.07738,0.004716,-0.7128
02-03-26,165.929993,165.929993,164.5,164.889999,4700,166.469,163.537928,156.829885,0.186509,0.076257,0.049684,TRUE,TRUE,6.708042,0.180541,-15.511598,12.9568,47.7161,-4.982619,0.5528,-0.3878,3.15,5.73,8.09,10.203931,0.237082,0.81,92.91,0.7900,0.004472,0.00537,1.2031,0.9544,-6.14,0.920666,217803,34.285714,-54202441.607652,0.0368,38.0091,-2.58,,0,0.07,1.4356,0.073279,0.004472,-1.6995
02-04-26,164.919998,166.110001,164.919998,166.110001,1500,166.4335,163.79356,156.981809,0.177498,0.080797,0.050017,TRUE,TRUE,6.81175,0.178269,-2.160486,12.2381,52.9686,2.844908,0.5205,-0.3360,4.18,6.57,9.49,41.326425,-0.425612,0.84,92.86,0.7886,0.004674,0.00589,1.2147,1.4332,-6.14,0.337079,219303,-89.726027,-54200941.607652,-0.1050,41.2596,-2.00,-9.06,0,0.10,1.9255,0.076749,0.004674,-0.3484
02-05-26,165.419998,165.550003,164.360001,164.690002,2400,166.4115,163.970027,157.14028,0.166283,0.085164,0.050354,TRUE,TRUE,6.829747,0.175005,-28.332065,11.9598,47.0445,-4.482076,0.3761,-0.3843,4.18,5.64,8.34,8.375676,-0.266458,0.83,96.56,0.7941,0.004543,0.005486,1.0304,0.9159,-6.14,0.556845,216903,-53.846154,-54202010.51056,-0.0605,30.3860,-2.31,-6.82,0,0.07,1.3966,0.074066,0.004543,-1.7829
02-06-26,165.860001,168.220001,165.860001,168.220001,4700,166.523,164.207339,157.299975,0.15603,0.089507,0.0507,TRUE,TRUE,6.907365,0.179387,3.751635,12.2405,59.2467,11.530593,0.5402,-0.1762,5.78,8.58,10.07,97.969498,1.343452,0.94,104.02,0.8331,0.004914,0.005831,1.3254,1.2972,-6.14,1.08046,227303,20.512821,-54122202.552503,-0.0371,37.8778,-0.85,-6.11,88.994831,0.09,1.7717,0.076358,0.004914,1.6314
02-09-26,167.669998,168.520004,167.669998,168,3400,166.5645,164.376348,157.450232,0.145159,0.093811,0.051053,TRUE,TRUE,6.926116,0.183845,25.508597,12.6593,58.3444,5.375756,0.6451,-0.0570,6.36,8.55,10.12,87.499908,0.496502,0.85,108.30,0.8330,0.004794,0.005553,1.2051,1.1534,-6.14,0.804734,215303,-42.372881,-54084659.980825,-0.1170,45.8361,-2.79,-7.95,86.692521,0.09,1.6207,0.07452,0.004794,1.3254
02-10-26,168.580002,169.279999,168.580002,169.240005,8000,166.68,164.557018,157.593589,0.133908,0.098121,0.051414,TRUE,TRUE,6.96343,0.188232,18.562879,13.4406,61.8693,14.824793,0.8189,0.0934,6.44,9.90,11.43,99.187128,1.383821,0.79,123.64,0.8321,0.005151,0.006424,1.7109,1.5880,-6.14,1.777778,226003,220,-53873771.225535,-0.0589,49.7379,-3.50,-7.40,86.471418,0.11,2.0731,0.080149,0.005151,2.0706
02-11-26,169.309998,169.309998,168.419998,169.139999,6100,166.7985,164.717771,157.73843,0.123256,0.102348,0.051783,TRUE,TRUE,6.979341,0.189838,15.40473,14.0339,61.4179,2.171235,0.9377,0.1698,5.52,8.22,10.94,96.565691,1.421116,0.77,135.35,0.8245,0.00511,0.006443,1.6853,1.8316,-6.14,1.339188,220303,22,-53824164.396639,-0.0068,41.2326,-2.76,-8.38,86.400997,0.12,2.3202,0.080268,0.00511,1.7300
02-12-26,169.850006,169.850006,166.070007,166.210007,5400,166.7895,164.840031,157.864751,0.111295,0.106364,0.052157,TRUE,TRUE,6.97528,0.185345,-3.563565,13.1437,49.9250,-8.419362,0.7864,0.0147,3.36,5.06,9.24,33.69771,-0.108175,0.90,135.69,0.8570,0.005217,0.006213,1.7053,1.3088,-6.14,1.15508,214903,80,-53829164.398254,-0.0280,39.5512,-2.52,-9.18,86.43217,0.10,1.7796,0.078822,0.005217,-0.4271
02-13-26,166.529999,168.460007,166.339996,167.889999,4000,166.772,164.993502,157.996792,0.100339,0.110215,0.052535,TRUE,TRUE,6.99671,0.179396,5.82014,12.3172,55.1117,-6.757591,0.7929,0.0170,5.06,6.89,10.92,64.298638,-0.20804,0.96,133.94,0.8424,0.005608,0.007437,1.6822,2.0897,-6.14,0.901917,223303,-54.545455,-53792238.162788,-0.0552,38.8942,-1.17,-9.45,86.770295,0.14,2.5868,0.086238,0.005608,0.8347
02-17-26,167.279999,167.669998,167.279999,167.539993,2300,166.767,165.089806,158.126438,0.090318,0.113882,0.052917,TRUE,TRUE,6.963368,0.171904,4.302398,11.5496,53.8601,-7.557867,0.7610,-0.0119,5.66,7.08,9.68,57.923306,-0.059655,0.97,133.62,0.8429,0.005602,0.007411,1.6622,2.0590,-6.14,0.525714,218903,-34.285714,-53731098.351441,-0.0132,39.4469,-2.14,-8.95,86.241974,0.14,2.5556,0.086088,0.005602,0.5785
02-18-26,168.970001,168.979996,168.210007,168.910004,3300,166.9755,165.232422,158.262884,0.0826,0.117447,0.053303,TRUE,TRUE,6.969537,0.165396,15.323096,11.4660,57.8914,7.966409,0.8366,0.0510,6.81,8.08,10.60,82.877933,2.53126,0.99,132.86,0.8463,0.005885,0.008121,1.6023,2.3784,-6.14,0.779221,208703,-45.901639,-53643228.3266,0.0903,49.9046,-2.24,-9.66,85.02987,0.15,2.8849,0.090114,0.005885,1.4561
02-19-26,168.25,168.270004,167.300003,168.270004,3000,167.0355,165.358455,158.384568,0.076429,0.120942,0.053691,TRUE,TRUE,6.973887,0.153594,13.575778,10.7506,55.4539,0.342169,0.8353,0.0397,7.92,6.92,9.23,71.220396,0.71826,0.99,135.98,0.8270,0.005885,0.008507,1.5277,2.7367,-6.14,0.715137,205703,-21.052632,-53640228.3266,0.0998,50.5919,-2.55,-11.44,84.32969,0.17,3.2574,0.092234,0.005885,0.9079
02-20-26,167.940002,169.089996,167.940002,169.089996,4700,167.1215,165.518407,158.512188,0.071355,0.124336,0.054081,TRUE,TRUE,7.00622,0.146609,21.889972,10.5986,57.8998,4.039709,0.8902,0.0757,8.57,7.55,9.91,86.156484,1.027664,0.97,143.44,0.8047,0.005616,0.008182,1.4044,2.4288,-6.14,1.115065,203403,9.302326,-53607562.608157,0.1888,57.8155,-2.60,-11.17,83.64293,0.15,2.9506,0.090457,0.005616,1.3724
02-23-26,168.220001,168.220001,166.169998,166.479996,2200,167.1105,165.632331,158.631025,0.066206,0.127484,0.054473,TRUE,TRUE,7.001306,0.135437,3.78948,10.3485,48.7287,-9.162776,0.7148,-0.0797,7.14,6.25,8.72,38.615537,-0.131974,1.06,143.86,0.8330,0.005364,0.006958,1.3639,1.7564,-6.14,0.525687,199503,-21.428571,-53547225.285033,0.1575,53.2999,-2.98,-11.50,82.967133,0.12,2.2466,0.083416,0.005364,-0.4383
02-24-26,166.570007,168.080002,166.570007,168.059998,12400,167.163,165.733858,158.753445,0.061809,0.130419,0.054869,TRUE,TRUE,6.980413,0.131708,16.083192,10.1162,53.5276,-1.926349,0.6953,-0.0794,9.61,5.22,11.60,67.395141,0.628707,1.06,145.38,0.8013,0.004967,0.006444,1.1929,1.4646,-6.14,2.713348,191303,163.829787,-53525172.522625,0.3125,66.3030,-1.20,-11.23,84.403263,0.10,1.9592,0.080277,0.004967,0.6170
02-25-26,168.520004,168.520004,167.580002,168.270004,6200,167.2325,165.817289,158.872052,0.058674,0.133132,0.055267,TRUE,TRUE,6.945237,0.128963,11.550814,9.5942,54.1420,-3.757822,0.6889,-0.0687,7.96,6.20,12.03,71.220396,0.832933,1.04,147.27,0.8002,0.004899,0.006285,1.0965,1.3718,-6.14,1.313559,205803,93.75,-53337499.354043,0.3230,68.6417,-2.75,-11.74,84.483489,0.09,1.8640,0.079276,0.004899,0.7045
02-26-26,168.699997,169.5,168.699997,169.5,2900,167.3865,165.9512,158.995717,0.057798,0.135652,0.055668,TRUE,TRUE,6.955483,0.129306,25.985927,9.3520,57.6716,8.94298,0.7741,0.0132,8.41,6.82,12.75,91.227929,1.85074,1.01,154.26,0.8023,0.004956,0.006401,0.9471,1.4249,-6.14,0.662857,215403,-70.408163,-53052480.733141,0.4785,72.3313,-1.86,-11.20,86.184142,0.10,1.9179,0.080005,0.004956,1.3700
02-27-26,168.039993,169.339996,167.619995,169.339996,4700,167.552,166.0843,159.099377,0.058955,0.137938,0.056075,TRUE,TRUE,6.984923,0.127215,7.397583,8.9557,57.0564,3.528841,0.8192,0.0467,6.14,6.27,12.83,86.507674,1.993614,0.95,156.68,0.7972,0.004984,0.006557,0.9257,1.6098,-6.14,1.063348,210703,23.684211,-53047780.733141,0.5357,65.4720,-2.26,-10.50,86.657058,0.11,2.1085,0.080976,0.004984,1.1412
03-02-26,168.529999,169.649994,168.529999,169.149994,5600,167.738,166.2309,159.198961,0.063641,0.139966,0.056486,TRUE,TRUE,7.031939,0.124502,7.610805,8.3778,56.2885,2.146549,0.8302,0.0461,5.58,5.98,13.77,81.481153,2.248686,0.96,152.18,0.7976,0.004939,0.006432,0.8967,1.5469,-6.14,1.237569,195603,60,-53008815.490315,0.4913,66.5605,-2.73,-11.75,84.927648,0.10,2.0419,0.080201,0.004939,0.9278
03-03-26,166.25,167.539993,164.869995,167.070007,4100,167.8035,166.3287,159.292015,0.069476,0.141668,0.056898,TRUE,TRUE,7.036685,0.122134,-13.605007,9.7150,48.5804,-9.091256,0.6633,-0.0966,3.70,4.95,11.06,44.176854,0.790307,1.10,145.91,0.7918,0.004679,0.005856,0.9742,0.6243,-6.14,0.895197,178403,36.666667,-52950285.058967,0.4956,58.4984,-2.18,-10.02,84.731629,0.06,1.1069,0.076527,0.004679,-0.5027
03-04-26,167.770004,168.160004,166.830002,167.949997,8900,167.9565,166.4489,159.38277,0.075768,0.14305,0.057312,TRUE,TRUE,7.06613,0.119364,-7.112994,10.5386,51.6002,-5.456253,0.5952,-0.1317,4.91,6.23,13.14,61.84729,1.855781,1.11,128.79,0.7898,0.004952,0.00659,1.0028,0.9969,-6.14,1.858038,162203,89.361702,-52797813.640434,0.5598,68.9386,-2.53,-9.27,84.886425,0.07,1.4951,0.08118,0.004952,-0.0050
03-05-26,166.809998,166.809998,165.729996,166.139999,2400,167.958,166.5235,159.457776,0.079284,0.144065,0.057726,FALSE,TRUE,7.065724,0.113605,-0.448478,11.7583,45.6604,-10.628132,0.3907,-0.2690,3.70,5.34,13.57,26.569134,0.01806,1.06,128.57,0.8035,0.004849,0.006105,1.0086,0.5867,-6.14,0.496381,159803,60,-52798391.405025,0.5331,72.0460,-2.93,-8.73,84.605027,0.05,1.0686,0.078136,0.004849,-1.4141
03-06-26,163.130005,163.979996,163.130005,163.979996,1600,167.9225,166.5215,159.52223,0.079653,0.144806,0.058138,FALSE,TRUE,6.99927,0.102588,-24.300836,13.7736,39.7760,-8.804397,0.0537,-0.4848,0.77,3.09,11.14,13.036691,-0.431117,1.10,138.65,0.8187,0.004905,0.006016,1.3078,0.3304,-6.14,0.333681,144303,-33.333333,-52675552.140972,0.5654,68.5617,-3.80,-8.48,84.45656,0.04,0.8038,0.077562,0.004905,-2.8435
03-09-26,161.320007,164.610001,160.710007,164.610001,10300,167.742,166.5479,159.592066,0.076932,0.145235,0.058549,FALSE,TRUE,6.955834,0.091921,-17.898556,16.2714,42.1190,-9.481173,-0.1606,-0.5593,1.75,3.46,12.93,43.624155,-2.146,1.24,156.87,0.8194,0.005014,0.006277,1.4864,0.5160,-6.14,2.029557,138703,119.148936,-52556634.5184,0.5893,61.2071,-2.11,-8.17,84.119255,0.05,0.9943,0.079228,0.005014,-1.9965
03-10-26,164.539993,165.050003,163.289993,163.289993,4100,167.506499,166.5328,159.670985,0.069669,0.145219,0.058961,FALSE,TRUE,6.861815,0.082606,-34.436355,18.2952,38.7200,-6.940418,-0.4321,-0.6646,0.82,2.47,11.54,28.858952,-2.803575,1.27,185.53,0.8077,0.00454,0.005295,1.7775,-0.1874,-6.14,0.802348,157703,20.588235,-52443218.800687,0.5526,61.5732,-3.77,-9.49,83.817831,0.01,0.2755,0.072764,0.00454,-2.2727
03-11-26,163.259995,163.429993,162.389999,162.800003,3700,167.184499,166.5136,159.749041,0.058213,0.144725,0.059376,FALSE,TRUE,6.764559,0.074359,-33.82812,20.4030,37.5099,-2.266117,-0.6789,-0.7291,1.06,2.35,13.33,23.378069,-3.805248,1.25,208.34,0.8037,0.004357,0.004923,2.0586,-0.5123,-6.14,0.755873,75803,-53.75,-52073643.034479,0.4965,61.0788,-3.75,-9.05,80.78297,-0.00,-0.0552,0.070161,0.004357,-2.1044
03-12-26,161.619995,161.619995,160.100006,160.100006,8900,166.7325,166.441,159.816278,0.041412,0.143722,0.059791,FALSE,TRUE,6.624723,0.059566,-49.806074,22.8694,31.6417,-10.477296,-1.0799,-0.9041,-0.43,0.80,12.70,0,-5.344681,1.34,256.24,0.8255,0.004313,0.004572,2.5358,-0.7776,-6.14,1.767627,66903,45.901639,-52082543.034479,0.3569,51.9469,-4.36,-9.54,80.005576,-0.02,-0.3362,0.06762,0.004313,-2.5884
03-12-26,161.619995,161.030701,160.100006,160.100006,1688,166.427,166.367,159.870959,0.020205,0.142182,0.060206,FALSE,TRUE,6.496042,0.04472,-41.321211,25.1597,31.6417,-7.078269,-1.3818,-0.9648,-1.77,-0.65,12.97,0,-3.676073,1.25,296.12,0.8255,0.004325,0.004597,2.8984,-0.7541,-6.14,0.348084,66903,-68.740741,-52084231.034479,0.4047,52.3373,-4.90,-10.11,80.005576,-0.02,-0.3122,0.067802,0.004325,-2.1366
03-12-26,161.619995,161.030701,160.100006,160.100006,1688,166.427,166.367,159.870959,0.020205,0.142182,0.060206,FALSE,TRUE,6.496042,0.04472,-41.321211,25.1597,31.6417,-7.078269,-1.3818,-0.9648,-1.77,-0.65,12.97,0,-3.676073,1.25,296.12,0.8255,0.004325,0.004597,2.8984,-0.7541,-6.14,0.348084,85603,-68.740741,-51842021.047275,0.4047,52.3373,-4.90,-10.11,81.519704,-0.02,-0.3122,0.067802,0.004325,-2.1366
03-13-26,161.479996,161.479996,160.039993,160.039993,4900,166.034499,166.3364,159.931791,-0.006342,0.140006,0.060619,FALSE,TRUE,6.404609,0.028454,-57.614981,26.9528,31.5146,-5.995271,-1.6074,-0.9523,-2.47,0.05,14.20,0,-4.675684,1.24,326.20,0.8228,0.00437,0.004725,3.2517,-0.5976,-6.14,1.001144,80703,22.5,-51846921.047275,0.3320,47.0096,-4.40,-9.17,82.052905,-0.01,-0.1513,0.068739,0.00437,-1.8377
03-13-26,161.479996,160.800003,160.039993,160.039993,4611,165.659499,166.2822,159.989795,-0.037215,0.137186,0.06103,FALSE,TRUE,6.292405,0.012896,-60.029293,28.6178,31.5146,-0.127092,-1.7658,-0.8886,-1.70,0.16,12.00,0,-4.476543,1.23,350.21,0.8222,0.004333,0.004652,3.5723,-0.6696,-6.14,0.920368,80703,100.478261,-51851532.047275,0.2707,39.0105,-3.84,-8.47,82.052905,-0.01,-0.2249,0.068207,0.004333,-1.6046
03-13-26,161.479996,160.800003,160.039993,160.039993,4611,165.659499,166.2822,159.989795,-0.037215,0.137186,0.06103,FALSE,TRUE,6.292405,0.012896,-60.029293,28.6178,31.5146,-0.127092,-1.7658,-0.8886,-1.70,0.16,12.00,0,-4.476543,1.23,350.21,0.8222,0.004333,0.004652,3.5723,-0.6696,-6.14,0.920368,67703,100.478261,-51624405.414462,0.2707,39.0105,-3.84,-8.47,81.54764,-0.01,-0.2249,0.068207,0.004333,-1.6046
03-16-26,161.900101,161.900101,161.160004,161.518997,13124,165.289949,166.22258,160.054548,-0.06841,0.133864,0.061441,FALSE,TRUE,6.168032,-0.000524,-57.174604,29.3176,38.5673,6.925593,-1.7518,-0.6997,-0.72,1.31,11.31,15.390258,-4.375707,1.25,353.09,0.8310,0.004633,0.005209,3.7105,-0.3212,-6.14,2.385683,80827,297.69697,-51624797.486622,0.2184,46.7258,-4.19,-8.95,81.329399,0.01,0.1312,0.072171,0.004633,-1.0680
03-17-26,162.410004,162.410004,161.830002,161.830002,3000,164.967949,166.12278,160.120807,-0.100723,0.130024,0.06185,FALSE,TRUE,6.001973,-0.012615,-53.224622,29.5930,39.9673,8.452681,-1.6960,-0.5151,0.01,1.52,12.47,18.626519,-3.827184,1.20,353.85,0.8305,0.004598,0.005134,3.8001,-0.3525,-6.14,0.545341,56327,0,-50962032.564187,0.1639,51.7340,-4.44,-8.86,82.064708,0.01,0.0997,0.07165,0.004598,-0.8868
03-17-26,162.410004,162.410004,161.830002,161.830002,2774,164.604949,166.05678,160.180466,-0.133755,0.125646,0.062258,FALSE,TRUE,5.876314,-0.021843,-52.586157,29.8488,39.9673,8.452681,-1.6330,-0.3617,-0.22,0.62,11.26,22.044412,-4.293568,1.18,346.50,0.8194,0.004376,0.004776,3.3526,-0.6893,-6.14,0.513243,56327,-40.978723,-50964806.564187,0.0977,47.8017,-4.66,-9.24,82.064708,-0.01,-0.2409,0.06911,0.004376,-0.8009
03-18-26,161.199997,161.199997,159.660004,159.660004,2300,164.26395,165.93018,160.230714,-0.168048,0.120594,0.062661,FALSE,FALSE,5.699466,-0.035842,-52.890782,30.8379,33.7444,-4.822872,-1.7382,-0.3735,-1.41,-0.39,10.19,0,-4.096584,1.10,360.36,0.8349,0.004469,0.004797,3.6000,-0.9488,-6.14,0.42515,54027,4.545455,-50967106.564187,0.0905,49.1298,-3.27,-7.30,82.377843,-0.03,-0.5060,0.06926,0.004469,-1.2776
03-18-26,161.199997,161.160004,159.660004,159.660004,2028,163.84395,165.77998,160.282947,-0.203231,0.114997,0.063059,FALSE,FALSE,5.497033,-0.04836,-63.137704,31.7564,33.7444,-6.222868,-1.8007,-0.3488,-1.69,-0.65,10.51,0,-4.998211,1.11,362.73,0.8324,0.004393,0.004662,2.8603,-1.0986,-6.14,0.414618,54027,-83.645161,-50969134.564187,-0.0440,40.0730,-2.71,-7.01,82.377843,-0.03,-0.6585,0.068279,0.004393,-1.1535
03-18-26,161.199997,161.160004,159.660004,159.660004,2028,163.84395,165.77998,160.282947,-0.203231,0.114997,0.063059,FALSE,FALSE,5.497033,-0.04836,-63.137704,31.7564,33.7444,-6.222868,-1.8007,-0.3488,-1.69,-0.65,10.51,0,-4.998211,1.11,362.73,0.8324,0.004393,0.004662,2.8603,-1.0986,-6.14,0.414618,66827,-83.645161,-50797848.020286,-0.0440,40.0730,-2.71,-7.01,82.209004,-0.03,-0.6585,0.068279,0.004393,-1.1535
03-19-26,159.039993,159.740005,158.600006,159.740005,1863,163.41745,165.63618,160.328781,-0.238418,0.108951,0.06345,FALSE,FALSE,5.307399,-0.060987,-56.140177,32.9387,34.1826,-5.784704,-1.8228,-0.2968,-2.65,-0.51,8.67,17.674418,-5.069233,1.06,358.06,0.8323,0.666035,0.49096,2.2119,-1.0276,-6.14,0.398554,68690,-69.951613,-50795985.020286,-0.0572,40.4803,-2.07,-6.17,83.159813,-0.03,-0.9255,0.700686,0.666035,-1.0270
03-20-26,159.539993,159.539993,156.850006,157.25,4200,162.80495,165.44578,160.362413,-0.274187,0.102413,0.063834,FALSE,FALSE,5.083367,-0.077522,-57.374089,34.5058,27.9803,-5.764119,-2.0180,-0.3936,-3.70,-1.75,7.26,4.877976,-7.227139,1.07,353.28,0.8551,0.679928,0.51426,2.5120,-1.4768,-7.23,0.886188,64490,44.827586,-50798935.962762,-0.1181,38.9250,-1.27,-5.78,83.262453,-0.04,-1.0976,0.717119,0.679928,-1.5724
03-20-26,159.539993,158.550003,156.845001,157.25,4176,162.20045,165.26298,160.393217,-0.309089,0.095366,0.06421,FALSE,FALSE,4.869763,-0.093579,-66.306184,35.9623,27.9803,-5.764119,-2.1480,-0.4188,-4.14,-0.83,7.72,4.935999,-7.139481,0.97,338.71,0.8551,0.680197,0.514707,2.0770,-1.4902,-7.23,0.886022,64490,-11.148936,-50801128.064714,-0.1919,43.1582,-1.76,-5.07,83.262453,-0.04,-1.1489,0.717431,0.680197,-1.4616
03-20-26,159.539993,158.550003,156.845001,157.25,4176,162.20045,165.26298,160.393217,-0.309089,0.095366,0.06421,FALSE,FALSE,4.869763,-0.093579,-66.306184,35.9623,27.9803,-5.764119,-2.1480,-0.4188,-4.14,-0.83,7.72,4.935999,-7.139481,0.97,338.71,0.8551,0.680197,0.514707,2.0770,-1.4902,-7.23,0.886022,76790,-11.148936,-50614536.460075,-0.1919,43.1582,-1.76,-5.07,84.354984,-0.04,-1.1489,0.717431,0.680197,-1.4616
03-23-26,159.470001,160.949997,159.039993,159.039993,7700,161.69495,165.07898,160.43575,-0.340229,0.087946,0.06458,FALSE,FALSE,4.64323,-0.110117,-36.732907,35.4546,37.4435,3.260953,-2.0825,-0.2826,-2.88,-0.51,9.30,33.333256,-5.976944,1.05,303.11,0.8517,0.669769,0.53409,1.9296,-0.7195,-7.23,1.598107,84490,37.5,-50622236.460075,-0.2738,46.3357,,-6.62,83.82831,-0.03,-0.7376,0.730814,0.669769,-0.8759
03-23-26,159.470001,160.949997,159.039993,159.039993,7169,161.293449,164.90698,160.476446,-0.366982,0.080256,0.064941,FALSE,FALSE,4.430533,-0.124515,-33.935054,34.9833,37.4435,9.463236,-2.0074,-0.1661,-2.86,-0.61,10.86,39.442787,-4.806377,1.09,280.50,0.8460,0.665524,0.531337,1.5118,-0.9528,-7.23,1.441976,84490,74.853659,-50629405.460075,-0.3642,49.3150,-2.40,-5.92,83.82831,-0.03,-0.9051,0.728929,0.665524,-0.8034
03-23-26,159.470001,160.949997,159.039993,159.039993,7169,161.293449,164.90698,160.476446,-0.366982,0.080256,0.064941,FALSE,FALSE,4.430533,-0.124515,-33.935054,34.9833,37.4435,9.463236,-2.0074,-0.1661,-2.86,-0.61,10.86,39.442787,-4.806377,1.09,280.50,0.8460,0.665524,0.531337,1.5118,-0.9528,-7.23,1.441976,77190,74.853659,-50495669.696217,-0.3642,49.3150,-2.40,-5.92,83.104677,-0.03,-0.9051,0.728929,0.665524,-0.8034
03-24-26,158.009995,159.979996,158.009995,159.289993,14500,160.860449,164.797979,160.528119,-0.387716,0.072289,0.065295,FALSE,FALSE,4.26986,-0.13533,-9.38599,34.9380,38.7472,10.766919,-1.9058,-0.0516,-2.75,-0.93,10.35,43.935148,-5.156299,1.05,235.58,0.8337,0.656532,0.522177,1.5427,-1.2581,-7.23,2.761037,91690,62.921348,-50491327.086268,-0.3614,45.0934,-2.44,-6.06,83.199945,-0.04,-1.0510,0.722618,0.656532,-0.6666
03-24-26,158.009995,159.970001,159.009995,159.289993,14172,160.517949,164.642379,160.572362,-0.402648,0.064124,0.065642,FALSE,FALSE,4.070018,-0.141924,-9.38599,34.8959,38.7472,1.303683,-1.8045,0.0398,-1.41,-1.09,10.26,43.935148,-4.123032,1.05,202.22,0.8115,0.646013,0.531654,1.5730,-1.7525,-7.23,2.426608,91690,490.5,-50497232.180125,-0.3706,56.2274,-1.58,-6.02,83.199945,-0.06,-1.6392,0.729146,0.646013,-0.6072
03-24-26,158.009995,159.970001,159.009995,159.289993,14172,160.517949,164.642379,160.572362,-0.402648,0.064124,0.065642,FALSE,FALSE,4.070018,-0.141924,-9.38599,34.8959,38.7472,1.303683,-1.8045,0.0398,-1.41,-1.09,10.26,43.935148,-4.123032,1.05,202.22,0.8115,0.646013,0.531654,1.5730,-1.7525,-7.23,2.426608,100090,490.5,-50405546.067356,-0.3706,56.2274,-1.58,-6.02,84.2675,-0.06,-1.6392,0.729146,0.646013,-0.6072
03-25-26,160.119995,160.75,159.639999,160.570007,53900,160.347449,164.506379,160.629279,-0.409388,0.055803,0.065982,FALSE,FALSE,3.8771,-0.148865,5.380842,34.2474,45.4925,8.048968,-1.6025,0.1935,-1.34,-0.63,10.12,66.936289,-2.079515,1.05,185.15,0.8097,0.640095,0.533631,1.5589,-1.1627,-7.23,6.374738,153990,3268.75,-50369126.427519,-0.0501,73.3388,-2.23,-6.73,83.875496,-0.05,-1.4402,0.7305,0.640095,0.1202
03-25-26,160.119995,160.570007,159.639999,160.570007,53094,160.14545,164.38378,160.6855,-0.410473,0.047291,0.066315,FALSE,FALSE,3.69828,-0.154096,5.380842,33.6452,45.4925,6.745285,-1.4259,0.2960,-2.39,-0.91,15.58,66.936289,-2.454282,1.05,155.93,0.8063,0.640258,0.529666,1.5447,-1.3385,-7.23,5.011255,153990,415.475728,-50316032.427519,0.1620,52.8878,-2.31,-5.70,83.875496,-0.05,-1.4120,0.727782,0.640258,0.2723
03-26-26,159.119995,160.449997,158.130005,158.179993,2600,159.88995,164.20718,160.728874,-0.407504,0.038474,0.066639,FALSE,FALSE,3.478306,-0.160943,-31.028664,33.7473,36.7329,-2.014321,-1.4620,0.2080,-5.18,-2.41,20.68,23.989054,-3.129402,1.09,143.02,0.8209,0.650665,0.540753,1.6573,-2.0235,-7.23,0.247149,151390,-36.585366,-50318520.385531,0.1708,48.2340,-3.38,-5.77,83.715859,-0.06,-1.8520,0.735359,0.650665,-1.1956
03-27-26,157.75,157.75,156.029999,156.029999,15000,159.55145,163.990179,160.754874,-0.403,0.02933,0.066953,FALSE,FALSE,3.235306,-0.171222,-46.031692,34.5724,30.9580,-14.534444,-1.6451,0.0199,-5.51,-3.18,20.51,0,-4.158479,1.17,150.44,0.8371,0.655019,0.523494,1.9142,-2.3685,-7.95,1.353186,147290,305.405405,-50213512.345857,0.0980,43.2922,-4.56,-7.09,82.918237,-0.08,-2.1670,0.723529,0.655019,-2.3407
03-30-26,157.520004,157.539993,155.080002,155.440002,9900,159.318449,163.77058,160.770253,-0.397484,0.019925,0.067258,FALSE,FALSE,3.000326,-0.182133,-48.445723,35.6170,29.5836,-15.908904,-1.8168,-0.1215,-6.36,-3.91,22.21,5.882368,-2.910683,1.26,175.50,0.8379,0.6544,0.521615,1.5345,-2.4556,-8.29,0.889092,134390,11.235955,-50025689.001512,0.1061,41.0303,-4.58,-7.72,82.119069,-0.08,-2.2911,0.722229,0.6544,-2.2099
03-31-26,157.100006,159.460007,156.389999,159.460007,5900,159.286449,163.63918,160.811561,-0.386099,0.010503,0.067557,FALSE,FALSE,2.827619,-0.186469,-1.329765,35.1561,46.8867,10.153807,-1.6100,0.0682,-4.61,-0.81,14.60,72.039532,-0.39975,1.31,174.58,0.9072,0.702741,0.567794,1.5381,-1.4471,-8.29,0.520028,140790,249.526066,-49991697.658238,0.1375,43.3615,-4.47,-7.62,82.535873,-0.06,-1.6210,0.753521,0.702741,0.0994
04-01-26,159.779999,160.589996,159.779999,159.809998,3400,159.27495,163.52678,160.849039,-0.370339,0.001217,0.067852,FALSE,FALSE,2.67774,-0.186711,0.974618,34.0046,48.0828,17.124768,-1.4017,0.2212,-4.27,1.96,20.95,80.579211,-0.143711,1.29,174.13,0.8948,0.696618,0.574788,1.5358,-1.7311,-8.29,0.301671,144190,-30.612245,-49994845.815875,0.1462,44.8412,-4.06,-6.88,82.323789,-0.08,-2.1097,0.758148,0.696618,0.3073
04-02-26,160.080002,160.410004,159.580002,160.410004,6200,159.29345,163.41978,160.886082,-0.350071,-0.007867,0.068141,FALSE,FALSE,2.533698,-0.186517,4.211171,33.0206,50.1552,20.571641,-1.1747,0.3586,-3.81,1.25,19.49,90.800788,0.231199,1.27,175.18,0.8960,0.697071,0.576664,1.5298,-1.5126,-8.29,0.546256,156090,34.461071,-49956291.888697,0.1928,47.0340,-4.06,,82.421212,-0.07,-1.9752,0.759384,0.697071,0.6374
04-06-26,160.919998,161.029999,160.679993,161.029999,2500,159.269,163.34258,160.921542,-0.326414,-0.016674,0.068427,FALSE,TRUE,2.421038,-0.18982,26.923052,31.7044,52.2752,5.38849,-0.9340,0.4795,-3.22,0.64,17.36,100,-0.30275,1.17,172.23,0.8708,0.680161,0.560939,1.6379,-0.9133,-8.29,0.231079,154990,-80.95093,-49895199.337871,0.2157,48.7392,-3.65,-7.36,82.660591,-0.06,-1.5297,0.748959,0.680161,1.0225
04-07-26,160.429993,161.160004,159.910004,160.130005,12300,159.184,163.22298,160.946277,-0.300001,-0.025118,0.068707,FALSE,FALSE,2.276703,-0.190444,19.277138,30.8420,49.0162,0.933381,-0.8066,0.4855,-4.82,-0.16,17.18,83.059236,-1.050483,1.15,162.86,0.8523,0.670406,0.568271,1.5204,-1.5458,-8.29,1.090058,208890,310,-49578932.246955,0.1847,46.7425,-5.15,-7.54,83.912896,-0.09,-2.4591,0.753837,0.670406,0.5809
04-08-26,164.220001,164.889999,164.110001,164.839996,9700,159.3345,163.22598,160.990777,-0.268472,-0.033067,0.068984,TRUE,TRUE,2.235203,-0.182452,32.47482,29.2474,62.2722,12.116996,-0.3218,0.7762,-1.67,3.91,22.19,99.490285,1.859973,1.17,198.59,0.9363,0.715014,0.54736,3.4493,-0.6267,-8.29,0.834043,218590,249.675559,-49570475.914547,0.2275,47.3450,-3.25,-5.47,85.402049,-0.05,-1.3284,0.739838,0.715014,2.7723
04-09-26,164.410004,164.979996,164.050003,164.679993,5100,159.5855,163.15518,161.031489,-0.230816,-0.040531,0.069258,TRUE,TRUE,2.123691,-0.175717,31.298546,27.8064,61.6855,9.410284,0.0489,0.9176,-0.04,3.23,21.33,96.969664,3.144174,1.12,231.86,0.9350,0.714261,0.550079,3.3188,-0.5417,-8.29,0.433301,216590,121.73913,-49552487.420835,0.2423,46.1519,-2.54,-6.47,85.387837,-0.04,-0.9718,0.741673,0.714261,2.1972
04-10-26,165.139999,165.139999,163.910004,164.050003,4700,159.805,163.07618,161.075724,-0.189621,-0.047665,0.069527,TRUE,TRUE,2.000456,-0.169377,25.869627,26.5430,59.3156,10.299418,0.2886,0.9257,-1.81,1.43,23.35,89.165044,2.749592,1.10,252.47,0.9358,0.705982,0.540022,3.1970,-0.7020,-8.29,0.394835,209690,131.755424,-49535691.514835,0.2328,48.3806,-4.61,-7.89,83.755503,-0.06,-1.4007,0.734862,0.705982,1.6814
04-13-26,163.690002,166.160004,163.690002,166.160004,5500,160.125999,163.01458,161.129165,-0.144501,-0.054377,0.069792,TRUE,TRUE,1.885415,-0.159635,33.495915,25.8397,64.2671,1.994927,0.6413,1.0228,-0.72,2.59,21.92,100,4.01903,1.15,289.67,0.9509,0.714806,0.537931,3.7136,-0.3113,-8.29,0.455089,217890,195.222759,-49517102.535029,0.2444,46.0900,-3.83,-8.85,84.304358,-0.04,-1.0404,0.733438,0.714806,2.0831
04-14-26,166.389999,167.089996,166.389999,167.070007,8800,160.617,162.97318,161.183918,-0.097088,-0.060645,0.070055,TRUE,TRUE,1.789262,-0.14914,32.274107,25.5855,66.1790,4.493493,0.9830,1.0916,0.22,3.95,21.11,99.833564,6.244838,1.12,319.99,0.9529,0.716421,0.540997,4.0428,-0.0821,-8.29,0.714544,220790,109.52381,-49488920.357671,0.2855,29.4572,-3.23,-7.87,83.839965,-0.03,-0.8592,0.735525,0.716421,2.0166
04-15-26,167.259995,167.259995,166.360001,167.130005,10300,161.111,162.99158,161.235933,-0.048872,-0.066402,0.070315,TRUE,TRUE,1.755647,-0.139244,32.475265,25.4217,66.3070,6.99134,1.2443,1.0823,0.07,3.38,18.90,98.932761,6.282992,1.12,340.86,0.9523,0.71522,0.540288,3.9347,-0.0070,-8.29,0.816052,231890,146.64751,-49344853.480004,0.3162,52.0539,-3.80,-8.14,83.968615,-0.04,-0.8702,0.735043,0.71522,1.7658
04-16-26,167.5,168.160004,167.160004,168.160004,8500,161.567001,162.99698,161.300519,-0.000486,-0.071594,0.070572,TRUE,TRUE,1.696461,-0.128737,52.972554,25.6484,68.5102,4.243049,1.5170,1.0840,0.77,3.51,19.97,100,5.734413,1.05,371.34,0.9541,0.810572,0.589601,4.1323,0.2641,-8.29,0.671313,240390,10.38961,-49336353.480004,0.3792,57.1994,-2.98,-7.07,84.739208,-0.06,-1.5561,0.767855,0.810572,1.7755
04-17-26,169.679993,170.149994,169.679993,169.830002,1800,162.106501,163.04278,161.370118,0.049461,-0.07625,0.070827,TRUE,TRUE,1.672662,-0.115085,75.163538,26.5798,71.7372,5.55826,1.8465,1.1309,2.05,3.96,20.49,97.876628,6.784462,1.03,409.15,0.9620,0.824314,0.598385,4.4267,0.4802,-8.29,0.14524,234290,-74.891896,-49320299.467739,0.4137,66.7560,-2.49,-7.52,84.345626,-0.05,-1.2284,0.773554,0.824314,1.8877
04-20-26,169.729996,170.440002,169.729996,170.440002,4800,162.664001,163.07338,161.453376,0.099312,-0.080288,0.07108,TRUE,TRUE,1.620004,-0.102134,81.61056,27.5397,72.8324,6.525436,2.1324,1.1333,2.66,5.75,20.47,100,6.999818,0.96,443.29,0.9599,0.824531,0.601355,4.0907,0.7249,-8.29,0.40308,248490,-66.896552,-49187930.672192,0.4325,75.6169,-2.01,-6.11,85.74747,-0.03,-0.8037,0.775471,0.824531,1.7542
04-21-26,171.169998,171.490005,169.309998,169.470001,9700,163.173002,163.09738,161.528547,0.148315,-0.083754,0.071332,TRUE,TRUE,1.568834,-0.089014,65.29689,28.7653,68.3001,-0.210074,2.2546,1.0045,2.44,6.07,19.67,83.039432,6.390865,0.88,460.62,0.9590,0.808439,0.598341,3.7139,0.3644,-8.29,0.830145,238790,-31.555179,-49196206.791574,0.4306,66.0461,-3.91,-5.62,86.336317,-0.03,-0.6932,0.773525,0.808439,1.3671
04-22-26,170.740005,170.740005,169.440002,169.820007,5200,163.635502,163.11198,161.598942,0.197241,-0.086576,0.071581,TRUE,TRUE,1.513038,-0.077913,65.296925,29.9033,69.0486,-2.688649,2.3527,0.8820,2.45,6.91,19.91,85.978189,5.760727,0.89,479.17,0.9520,0.812846,0.592843,3.3202,0.6621,-8.29,0.56218,240590,-90.352505,-49170035.885107,0.3354,61.1680,-3.17,-4.90,85.95689,-0.03,-0.7493,0.769963,0.812846,1.2907
04-23-26,169.850006,170.289993,169.490005,169.809998,4400,164.097501,163.17858,161.668043,0.244632,-0.088732,0.071829,TRUE,TRUE,1.510537,-0.061131,63.77205,30.9600,68.9984,-3.833994,2.4018,0.7450,2.98,6.23,17.98,85.492162,5.754493,0.89,492.42,0.9117,0.784367,0.586936,2.9258,0.0676,-8.29,0.645635,225290,-91.712811,-49094680.310315,0.0593,55.7351,-2.48,-5.28,85.898706,-0.05,-1.2532,0.766118,0.784367,1.1601
04-24-26,170.080002,170.080002,169.270004,169.559998,4700,164.666502,163.20858,161.738633,0.290175,-0.090333,0.072073,TRUE,TRUE,1.469947,-0.04522,59.359789,31.7345,67.6757,-0.624403,2.3931,0.5889,2.08,6.34,18.11,83.333267,7.194339,0.90,486.15,0.9118,0.829432,0.624784,2.5302,0.0629,-8.29,0.679191,220590,80.769231,-49096014.945987,0.0667,51.8219,-2.75,-4.96,85.823735,-0.03,-0.7884,0.790433,0.829432,1.0066
04-27-26,169.259995,169.580002,169.259995,169.339996,3500,165.332001,163.22998,161.799557,0.332698,-0.091436,0.072315,TRUE,TRUE,1.430424,-0.027654,67.275309,32.4437,66.4682,-2.580376,2.3414,0.4298,2.82,7.12,18.66,72.435791,8.530409,0.86,451.57,0.9071,0.826164,0.620598,1.9540,-0.1900,-8.29,0.551615,212890,-76.666667,-49001733.538296,0.1772,56.7452,-2.95,-5.52,85.4548,-0.03,-0.7614,0.78778,0.826164,0.8876
04-28-26,168.839996,168.839996,167.699997,168.240005,1900,165.972002,163.20478,161.849203,0.371992,-0.092023,0.072554,TRUE,TRUE,1.355577,-0.012067,33.730243,31.6739,60.6420,-8.356419,2.1864,0.2199,0.01,5.79,17.18,58.33335,8.23469,0.73,390.59,0.9110,0.830151,0.62345,1.7793,-0.3606,-8.29,0.319596,208290,-80.808081,-48959102.922082,0.2472,50.1631,-4.04,-5.15,85.433982,-0.03,-0.9681,0.789589,0.830151,0.5807
04-29-26,168.270004,168.270004,167.699997,167.949997,7200,166.396501,163.17698,161.899242,0.406839,-0.092085,0.07279,TRUE,TRUE,1.277738,-0.001871,32.027445,30.9590,59.1694,-8.506317,2.0170,0.0404,-0.03,6.33,16.19,54.615293,5.324213,0.72,361.11,0.8826,0.80917,0.594525,1.5820,0.0954,-8.29,1.198003,220590,22.033898,-48899557.944065,0.1880,48.7999,-1.64,-4.58,86.184859,-0.02,-0.5737,0.771054,0.80917,0.4302
04-30-26,168.830002,170.690002,168.830002,170.589996,6400,166.935501,163.20578,161.958397,0.438513,-0.091441,0.073025,TRUE,TRUE,1.247384,0.015403,53.518694,31.4284,67.0204,0.552228,2.0718,0.0762,0.80,7.29,17.84,88.461426,6.74551,0.77,337.29,0.8962,0.813574,0.60764,1.2925,0.2596,-8.29,1.038961,226990,88.235294,-48893846.157885,0.2554,55.5037,-2.09,-5.83,85.777993,-0.02,-0.5101,0.779513,0.813574,1.0835
05-01-26,171.130005,171.130005,170.350006,170.350006,2500,167.432501,163.27138,162.020037,0.46606,-0.090113,0.073258,TRUE,TRUE,1.251343,0.031541,40.483092,32.0345,65.7821,5.140155,2.0721,0.0611,0.72,6.28,14.63,77.777811,6.196623,0.70,308.04,0.8959,0.813279,0.607259,1.0910,0.2797,-8.29,0.41841,228490,-59.677419,-48615048.822803,0.1905,53.9066,-2.16,-5.12,86.961479,-0.02,-0.4891,0.779268,0.813279,0.9471
05-04-26,170.119995,170.309998,169.320007,169.470001,3600,167.854501,163.30178,162.078124,0.48701,-0.088125,0.073489,TRUE,TRUE,1.223656,0.048402,23.255738,31.7207,61.3090,2.139555,1.9784,-0.0260,1.96,5.39,13.56,60.623736,5.241261,0.71,271.34,0.8926,0.824787,0.607004,0.9576,-0.1148,-8.29,0.597015,232390,44,-48587680.351556,0.1472,45.9183,-2.12,-4.81,87.085385,-0.01,-0.3355,0.779104,0.824787,0.5954
05-05-26,170.509995,171.320007,170.130005,171.070007,23500,168.401501,163.400381,162.149591,0.501522,-0.08542,0.073719,TRUE,TRUE,1.25079,0.06677,33.220887,31.8674,65.8552,-1.165212,2.0102,0.0046,1.89,7.05,15.23,90.300277,6.83195,0.74,210.98,0.8992,0.824063,0.595802,1.0177,0.2754,-8.29,3.566009,248990,91.056911,-48502093.381459,0.2986,54.2556,-0.31,-1.52,88.280083,0.02,0.5628,0.771882,0.824063,1.2648
05-06-26,172.270004,173.020004,172.270004,172.800003,1900,168.799502,163.576781,162.235883,0.510234,-0.082006,0.073948,TRUE,TRUE,1.340898,0.089208,36.942633,32.6338,69.9647,4.182527,2.1501,0.1156,3.14,8.98,15.35,95.864644,4.828929,0.77,215.30,0.9062,0.830119,0.599685,1.7974,0.4262,-8.29,0.306452,215190,-80.412371,-48134361.008576,0.2555,50.6124,-0.19,-2.41,88.208006,0.03,0.7092,0.774393,0.830119,1.8581
05-07-26,171.75,172.020004,170.789993,170.850006,3600,169.108002,163.701581,162.32124,0.513084,-0.07795,0.074175,TRUE,TRUE,1.380341,0.103819,7.943951,32.2146,61.0462,-0.262787,2.0797,0.0362,1.15,8.03,13.04,59.210617,3.746669,0.78,196.55,0.8954,0.828877,0.614875,1.7637,0.5540,-8.29,0.587755,211590,-29.411765,-48137609.717173,0.2173,47.3293,-0.18,-2.46,87.668576,0.04,1.0079,0.784139,0.828877,0.8863
05-08-26,171.369995,171.449997,170.830002,171.360001,3300,169.473502,163.862981,162.39829,0.510302,-0.073278,0.074398,TRUE,TRUE,1.464691,0.121702,7.221333,31.8253,62.3963,-3.458955,2.0415,-0.0016,1.84,9.90,13.42,68.796967,4.455957,0.78,162.58,0.8882,0.828674,0.631231,1.7398,0.3647,-8.29,0.545004,220290,-29.787234,-48014969.256453,0.2691,42.2918,0.23,-2.34,87.925094,0.01,0.3510,0.7945,0.828674,1.1604
05-11-26,171.740005,172.119995,171.649994,171.789993,8300,169.755002,164.042781,162.477889,0.50207,-0.067973,0.074619,TRUE,TRUE,1.564892,0.140462,19.016333,31.7520,63.5435,-6.421137,2.0227,-0.0164,1.60,10.30,14.04,76.879525,3.388294,0.71,150.47,0.8886,0.834015,0.633513,1.6692,0.4020,-8.29,1.33979,216190,50.909091,-47977595.154659,0.1916,53.4528,0.61,-1.97,87.918802,0.02,0.6917,0.795935,0.834015,1.3524
05-12-26,170.820007,171.5,170.220001,171.460007,2700,169.974502,164.269981,162.555688,0.490247,-0.062074,0.074837,TRUE,TRUE,1.714293,0.160571,13.464716,30.6340,61.9807,0.934525,1.9585,-0.0644,2.99,10.34,16.24,70.676778,2.627641,0.73,140.96,0.8844,0.828265,0.623667,1.6176,0.1278,-8.29,0.458404,218290,-69.318182,-47817235.051662,0.1526,55.1616,1.27,-1.67,88.06539,0.01,0.4029,0.789726,0.828265,1.0538
05-13-26,170.919998,171.300003,170.690002,171.020004,2000,170.169002,164.488381,162.636168,0.474932,-0.055635,0.07505,TRUE,TRUE,1.852213,0.179578,9.595635,29.5958,59.8664,-2.529849,1.8508,-0.1377,1.76,11.54,16.19,62.406067,2.327529,0.73,125.66,0.8850,0.826824,0.624482,1.5744,0.0792,-8.29,0.365297,209490,-80.582524,-47711218.211592,0.0987,56.9087,0.69,-0.46,88.367322,0.01,0.3954,0.790242,0.826824,0.6772
05-14-26,171.279999,172.210007,171.279999,171.880005,2500,170.355002,164.725181,162.721744,0.455852,-0.048532,0.07526,TRUE,TRUE,2.003437,0.199579,17.549262,29.0908,62.5550,-0.988489,1.8140,-0.1396,2.15,10.27,17.20,78.57147,2.21218,0.74,121.83,0.8870,0.832481,0.635452,1.4992,0.2625,-8.29,0.483092,211990,-70.588235,-47710492.399847,0.0293,62.0472,0.78,-1.95,87.999653,0.02,0.6130,0.797153,0.832481,1.2518
05-15-26,170.639999,170.639999,169.630005,169.639999,13100,170.345502,164.917181,162.800006,0.43194,-0.040956,0.075466,TRUE,TRUE,2.117175,0.212231,1.968527,27.4833,52.6596,-9.321104,1.5857,-0.2943,0.08,8.50,13.73,36.466161,-0.111878,0.83,122.33,0.8888,0.856384,0.633297,1.4833,0.2401,-8.29,2.28223,205190,627.777778,-47670495.159126,-0.0797,54.8402,0.50,-1.31,87.757124,0.01,0.2186,0.7958,0.856384,-0.5767
05-18-26,170.110001,170.630005,169.669998,170.130005,6500,170.330002,165.089401,162.869213,0.40422,-0.03299,0.075668,TRUE,TRUE,2.220189,0.227036,12.918665,25.9906,54.3604,-5.506018,1.4279,-0.3617,0.47,6.63,15.05,45.676778,-0.181881,0.80,122.40,0.8871,0.000796,0.000135,1.3687,0.1696,-8.29,1.11588,216790,35.416667,-47615028.488895,-0.1221,59.3835,100.47,106.63,,0.03,0.4772,0.011605,0.000796,-0.1634
05-19-26,169.070007,169.929993,169.070007,169.259995,2500,170.319501,165.238001,162.924457,0.372858,-0.024809,0.075866,TRUE,TRUE,2.313544,0.237225,8.612744,24.2086,50.8661,-11.688912,1.2186,-0.4568,0.07,5.65,14.03,10.262349,-0.12392,0.83,123.27,0.8781,0.000898,0.000176,1.2690,0.3420,-8.29,0.457457,216390,-74.226804,-47550185.81073,-0.0672,62.7013,0.30,-2.40,87.93782,0.05,0.8191,0.013276,0.000898,-0.8595
05-20-26,170.740005,171.490005,170.720001,171.490005,3600,170.403001,165.431201,162.996579,0.339246,-0.016251,0.076061,TRUE,TRUE,2.434622,0.247235,6.081142,23.4524,58.2704,5.610837,1.2186,-0.3654,2.65,6.45,15.43,61.265824,0.983393,0.79,125.34,0.8757,0.001277,0.000359,1.2388,1.1338,-8.29,0.668524,217690,-30.769231,-47514657.378568,-0.0147,61.4068,-0.24,-2.49,87.901604,0.09,1.6329,0.018951,0.001277,0.8672
05-21-26,170.679993,172.259995,170.110001,172.190002,14300,170.522002,165.681801,163.075239,0.304452,-0.007353,0.076256,TRUE,TRUE,2.606562,0.259043,12.057635,23.1407,60.2932,5.932797,1.2606,-0.2588,2.52,7.55,15.89,78.987279,1.401569,0.85,130.60,0.8758,0.001279,0.00036,1.1832,1.1408,-8.29,2.431973,234190,225,-47466968.954475,0.1077,66.4130,-0.11,-2.71,88.720356,0.09,1.6401,0.018974,0.001279,1.2771
05-22-26,173.850006,174.059998,173.240005,173.919998,8600,170.740002,165.967001,163.163445,0.272095,0.001873,0.076449,TRUE,TRUE,2.803556,0.271029,27.622575,23.6456,64.8305,13.964374,1.4171,-0.0818,4.68,8.55,16.03,97.194396,2.571362,0.87,148.82,0.8761,0.001603,0.000565,1.6249,1.6861,-8.29,1.415638,245190,82.978723,-47445221.111558,0.1618,71.9123,1.16,-1.84,89.988383,0.12,2.2026,0.02378,0.001603,2.1368
05-26-26,174.509995,175.360001,174.509995,175.240005,6500,171.035002,166.277001,163.252723,0.245327,0.011457,0.076643,TRUE,TRUE,3.024278,0.283758,26.342373,24.5959,67.8493,9.578898,1.6289,0.1040,6.87,7.69,17.13,98.092285,3.48412,0.85,175.66,0.8784,0.001773,0.000689,2.2306,2.0007,-8.29,1.044177,245590,85.714286,-47415260.114322,0.2095,65.9821,1.46,-2.53,89.811422,0.14,2.5253,0.026248,0.001773,2.3938
05-27-26,175.369995,175.369995,174.699997,174.699997,4200,171.358002,166.626001,163.340148,0.224703,0.021335,0.076837,TRUE,TRUE,3.285853,0.290334,12.978087,25.4819,65.3770,5.083812,1.7332,0.1666,6.13,7.99,17.08,89.365088,3.839748,0.80,180.88,0.8487,0.001887,0.000837,2.2009,2.4917,-8.29,0.662461,237290,121.052632,-47378234.69076,0.1733,61.7323,1.63,-0.54,89.54043,0.16,3.0459,0.028931,0.001887,1.8476
05-28-26,174.869995,175.960007,174.559998,175.490005,34800,171.735002,166.990801,163.434162,0.208068,0.03151,0.077033,TRUE,TRUE,3.556639,0.297393,34.421293,26.5221,67.2567,2.426248,1.8581,0.2333,7.47,8.35,16.55,93.178501,4.489437,0.77,184.65,0.8493,0.001961,0.000903,2.2164,2.6306,-8.29,4.507772,272090,383.333333,-47366800.312933,0.2221,75.6449,3.15,-0.76,89.927578,0.17,3.1890,0.030046,0.001961,2.0336
05-29-26,175.410004,176.130005,175.350006,175.910004,4900,172.001003,167.328201,163.515136,0.195716,0.041863,0.07723,TRUE,TRUE,3.813065,0.304184,33.980529,27.5513,68.2438,0.394516,1.9684,0.2748,8.05,9.20,16.87,96.883834,3.118593,0.78,204.53,0.8490,0.001993,0.000934,2.3206,2.7179,-8.29,0.640942,279190,-23.4375,-47326858.534418,0.2009,78.8606,2.91,-1.01,90.206775,0.18,3.2783,0.030563,0.001993,1.9112
06-01-26,175.130005,176.699997,175.130005,176.320007,4400,172.299503,167.673802,163.604485,0.187858,0.052391,0.07743,TRUE,TRUE,4.069317,0.310766,33.881826,28.7208,69.2194,3.842386,2.0650,0.2972,10.13,9.66,16.70,95.019788,3.50455,0.81,221.99,0.8488,0.002032,0.000971,2.4205,2.7912,-8.29,0.568475,286290,76,-47314222.883269,0.2293,78.1416,4.03,-0.62,90.524546,0.18,3.3541,0.031162,0.002032,1.8111
06-02-26,175.940002,176.800003,175.539993,176.800003,4300,172.666003,168.024002,163.695088,0.18458,0.063211,0.077631,TRUE,TRUE,4.328914,0.319736,39.496868,29.8446,70.3671,3.110328,2.1555,0.3101,10.43,8.48,17.45,100,4.32525,0.79,233.05,0.8431,0.00185,0.000816,2.5184,2.6056,-8.29,0.553055,299190,19.444444,-47196140.498144,0.2720,80.8482,2.91,-2.41,89.614341,0.17,3.1633,0.028565,0.00185,1.7739
06-03-26,176.110001,176.110001,175.520004,175.600006,3800,172.892503,168.350202,163.776355,0.185939,0.074108,0.07783,TRUE,TRUE,4.573848,0.326417,32.072742,30.8672,63.9476,-4.296237,2.1061,0.2086,9.72,7.01,16.37,84.476098,2.648038,0.82,238.67,0.8499,0.001783,0.000745,2.3689,2.3135,-8.29,0.559647,295390,-83.829787,-47198909.959686,0.1908,79.5168,2.41,-2.37,89.788535,0.15,2.8605,0.027303,0.001783,1.1344
06-04-26,176.070007,177.080002,176.221802,176.990005,3374,173.102003,168.678602,163.863276,0.189823,0.085088,0.078026,TRUE,TRUE,4.815326,0.334611,34.503617,32.2004,67.6312,-1.588155,2.1543,0.2054,10.59,8.71,18.82,98.876449,2.42477,0.82,255.60,0.8538,0.001992,0.000922,2.3281,2.5481,-8.29,0.491572,305564,77.578947,-47126643.93177,0.2024,79.6882,1.89,-2.31,89.675434,0.17,3.1022,0.030372,0.001992,1.5211
06-05-26,176.199997,176.199997,174.059998,174.149994,3700,173.267002,168.950202,163.938039,0.194464,0.096006,0.078217,TRUE,TRUE,5.012162,0.33363,29.26658,31.4350,55.2174,-15.149692,1.9409,-0.0064,7.82,7.05,15.76,63.4206,1.931512,0.87,250.91,0.8623,0.002034,0.000942,2.0909,2.4422,-8.29,0.538675,301864,2.777778,-47130032.729391,0.2012,86.5406,2.48,-1.96,89.971717,0.16,2.9906,0.030697,0.002034,0.3519
06-08-26,175.169998,175.220001,173.919998,173.919998,6800,173.395002,169.265002,164.017132,0.200451,0.106793,0.078402,TRUE,TRUE,5.24787,0.331466,25.016392,30.6122,54.3474,-9.600236,1.7333,-0.1712,7.47,7.48,16.58,60.549241,1.493929,0.88,247.17,0.8628,0.002005,0.000915,1.8745,2.4002,-8.29,0.965402,291364,106.060606,-47070683.253373,0.1314,80.1734,2.07,-2.61,89.228355,0.16,2.9465,0.030243,0.002005,0.2124
06-09-26,176.309998,175.380005,173.035797,175.380005,4495,173.574503,169.652002,164.105466,0.20755,0.117475,0.078583,TRUE,TRUE,5.546536,0.331038,38.881807,29.1567,58.7866,-8.844653,1.6673,-0.1897,8.37,8.14,17.45,75.609804,2.089768,0.92,247.93,0.8673,0.002116,0.001008,1.4867,2.6285,-8.29,0.655874,330359,-45.843373,-47046753.226996,0.1923,82.8054,3.00,-1.92,90.074961,0.17,3.1784,0.031755,0.002116,0.7282
06-10-26,174.820007,175.820007,173.110001,173.110001,2684,173.657002,170.005402,164.175727,0.213549,0.127906,0.078758,TRUE,TRUE,5.829675,0.3218,10.26611,28.0711,50.5554,-4.661999,1.4156,-0.3532,8.42,6.90,15.79,43.041599,0.96232,0.96,243.23,0.8591,0.001935,0.000861,1.3652,2.7351,-8.29,0.391673,335775,-0.592593,-46583721.225572,0.1542,80.1654,1.74,-1.78,89.580933,0.18,3.2859,0.029337,0.001935,-0.2249
06-11-26,173.509995,176.110001,173.509995,175.789993,4200,173.895502,170.332002,164.259188,0.22049,0.138185,0.078929,TRUE,TRUE,6.072813,0.316074,20.27019,27.2387,58.0275,3.680088,1.4160,-0.2822,10.10,8.24,16.55,68.102294,2.789141,0.98,239.36,0.8771,0.002365,0.001234,1.1711,3.1458,-8.29,0.603219,339675,110,-46434606.728283,0.1734,78.1556,1.92,-1.05,89.49448,0.21,3.7041,0.035129,0.002365,0.7915
06-12-26,176.419998,176.979996,175.869995,176.779999,4200,174.140501,170.671402,164.346355,0.228263,0.148345,0.079099,TRUE,TRUE,6.325047,0.313975,16.80373,26.9707,60.4077,1.621133,1.4791,-0.1752,10.67,7.74,16.02,92.581902,2.850823,0.94,242.70,0.8697,0.002132,0.001019,1.0759,2.9977,-8.29,0.595943,343875,68,-46431920.21787,0.1852,77.1403,0.61,-1.69,89.441979,0.20,3.5520,0.03193,0.002132,1.0875
06-15-26,178.089996,178.339996,177.529999,177.529999,3100,174.535001,171.013802,164.438715,0.235829,0.158362,0.079268,TRUE,TRUE,6.575086,0.312119,13.920909,27.4029,62.1585,11.603115,1.5716,-0.0662,12.90,8.72,17.42,84.729126,4.651025,0.94,229.46,0.8699,0.002213,0.001098,1.2864,3.1260,-8.29,0.473452,344475,-76.335878,-46404542.095781,0.2737,76.2812,0.18,-1.26,88.13622,0.20,3.6843,0.033142,0.002213,1.3052
06-16-26,177.679993,178.011993,177.139999,177.210007,5085,174.889001,171.337402,164.530622,0.241908,0.168222,0.079435,TRUE,TRUE,6.80678,0.309135,15.465238,27.4521,60.9207,2.893234,1.6006,-0.0298,12.69,8.03,16.35,78.69632,4.161524,0.95,211.87,0.8712,0.00215,0.001033,1.2147,3.0189,-8.29,0.785098,336990,-21.769231,-46351400.109695,0.2458,75.4704,-0.37,-2.34,87.359399,0.20,3.5724,0.032141,0.00215,1.0955
06-17-26,177.139999,177.190002,174.389999,174.389999,1600,175.145502,171.622602,164.596824,0.24463,0.177692,0.079597,TRUE,TRUE,7.025778,0.300532,-6.024127,25.4941,51.2372,-9.170482,1.3801,-0.2002,9.65,6.49,13.98,25.530758,3.030843,1.03,166.28,0.9006,0.002015,0.000848,1.2668,2.4530,-8.29,0.24876,335390,-36,-46353000.109695,0.2460,58.3071,-0.76,,86.498767,0.17,2.9761,0.029117,0.002015,-0.4544
06-18-26,176.089996,176.089996,175.059998,175.399994,4800,175.341001,171.833802,164.674052,0.244206,0.18686,0.079754,TRUE,TRUE,7.15975,0.294915,-2.705621,23.6759,54.0541,-8.104401,1.2722,-0.2465,10.29,7.13,13.94,44.572172,2.280009,1.06,142.29,0.8983,0.001881,0.000742,1.2838,2.3931,-8.29,0.739383,337590,33.333333,-46335986.668745,0.2034,58.2277,0.34,-2.31,0,0.17,2.9137,0.027243,0.001881,0.0415
06-22-26,176.229996,176.229996,175.080002,175.380005,21000,175.500501,172.047802,164.752027,0.240514,0.195532,0.079904,TRUE,TRUE,7.295775,0.288441,-5.092107,22.0734,53.9876,-6.933073,1.1716,-0.2777,10.10,7.07,13.01,44.195319,1.852606,1.04,121.47,0.8983,0.001875,0.000738,1.3113,2.3896,-8.29,3.076067,324890,46.853147,-46313604.39203,0.0220,67.6966,-0.03,-2.71,86.833408,0.17,2.9099,0.027161,0.001875,-0.0992
06-23-26,173.820007,175.300003,173.820007,174.710007,3200,175.540002,172.261002,164.828427,0.233342,0.203658,0.080046,TRUE,TRUE,7.432575,0.275995,-11.206418,21.2063,51.6931,0.455835,1.0260,-0.3387,9.68,8.13,12.04,31.563852,0.454237,1.06,117.27,0.8752,0.00182,0.000733,1.3740,2.7874,-8.29,0.488036,327790,-62.790698,-46202408.198237,-0.0154,62.7688,-0.62,-2.36,85.731254,0.18,3.3254,0.02708,0.00182,-0.7078
06-24-26,174.619995,176.460007,174.619995,175.619995,2000,175.559001,172.450202,164.909527,0.223881,0.211195,0.080181,TRUE,TRUE,7.540675,0.260478,0.108873,19.7566,54.5203,0.466253,0.9728,-0.3135,9.37,7.91,12.19,48.719852,0.21684,1.08,117.07,0.8529,0.002097,0.001026,1.3733,3.4435,-8.29,0.315861,329790,-69.230769,-46202234.298894,-0.0514,67.2284,0.83,-1.59,86.477592,0.22,4.0155,0.032033,0.002097,0.0521
06-25-26,176.830002,176.830002,176.490005,176.490005,800,175.648502,172.638602,164.987827,0.213995,0.218169,0.080308,TRUE,TRUE,7.650775,0.244299,-2.802691,18.6423,57.1052,3.11759,0.9894,-0.2375,9.91,7.29,13.72,65.122146,1.024619,1.06,117.00,0.8503,0.002245,0.001184,1.3798,3.7258,-8.29,0.12983,329790,-80.952381,-46144340.056237,-0.0252,65.9725,1.02,-1.51,85.710293,0.23,4.3093,0.034412,0.002245,0.7193
06-26-26,176.070007,177.25,176.070007,177.25,3200,175.736501,172.841002,165.072627,0.204868,0.224736,0.080429,TRUE,TRUE,7.768375,0.23501,19.670115,17.6077,59.2823,7.589235,1.0518,-0.1401,12.06,6.25,14.01,79.450313,1.002903,0.98,122.24,0.7919,0.00136,0.000501,1.2833,3.2801,-8.29,0.6984,332990,-90.804598,-46141140.056237,-0.1238,71.2227,1.62,-2.20,85.996544,0.19,3.8692,0.022381,0.00136,1.2381
06-29-26,177.910004,178.039993,176.960007,178.039993,3100,175.843001,173.038601,165.159277,0.195445,0.230835,0.080545,TRUE,TRUE,7.879325,0.22662,25.245104,17.1608,61.4713,6.95098,1.1517,-0.0321,14.11,7.82,14.04,94.344046,1.210841,0.97,132.67,0.7927,0.001385,0.000518,1.3947,3.3526,-8.29,0.690131,345790,-36.734694,-46038213.908651,-0.1155,80.2094,4.09,-1.15,86.54922,0.20,3.9437,0.022766,0.001385,1.6560
06-30-26,177.789993,178.449997,177.669998,178.279999,8700,175.941,173.207601,165.247877,0.186357,0.236479,0.080654,TRUE,TRUE,7.959725,0.218627,19.205289,17.0008,62.1373,5.032096,1.2360,0.0417,14.69,7.40,13.75,96.816512,1.11161,0.91,143.20,0.7923,0.001337,0.000483,1.4446,3.2738,-8.29,1.84835,348690,97.727273,-45907096.701946,-0.0822,81.4788,4.62,-0.71,85.892348,0.19,3.8623,0.021974,0.001337,1.6334
07-01-26,178.100006,180.029999,177.229996,177.229996,11900,175.9625,173.343401,165.333777,0.177887,0.241542,0.080758,TRUE,TRUE,8.009624,0.208971,29.683017,17.7223,57.4580,-1.824309,1.2042,0.0079,11.14,6.02,14.16,57.055196,0.243209,0.92,144.87,0.7980,0.004535,0.01075,1.2293,2.9271,-8.29,2.339342,336790,176.744186,-45918996.701946,-0.2353,87.1734,111.14,106.02,,0.19,3.7785,0.103682,0.004535,0.8749
07-02-26,179.440002,179.440002,178.070007,178.070007,7100,176.086,173.515401,165.431277,0.169801,0.246081,0.080856,TRUE,TRUE,8.084125,0.198267,18.937004,18.3923,60.0499,-1.421386,1.2325,0.0290,11.43,6.67,14.21,68.438097,1.406607,0.88,151.97,0.7932,0.004674,0.011578,1.1716,3.2890,-8.29,1.351892,346790,86.842105,-45857198.824293,-0.2692,87.6570,4.05,-0.48,85.491456,0.20,4.0421,0.107602,0.004674,1.3055
07-06-26,179.830002,180.660004,179.830002,180.660004,6300,176.2695,173.732201,165.535327,0.162842,0.250166,0.08095,TRUE,TRUE,8.196874,0.198794,28.445817,19.6061,66.7721,4.634818,1.4473,0.1951,12.62,8.33,17.47,100,2.073562,0.92,182.54,0.7259,0.004296,0.011706,2.2793,3.0523,-8.29,1.167056,347690,86.721992,-45807073.361124,-0.2282,87.9931,5.12,0.56,85.962936,0.18,3.8366,0.108193,0.004296,2.4052
07-07-26,180.710007,180.710007,179.559998,179.619995,1900,176.543,173.928401,165.633327,0.157633,0.253856,0.08104,TRUE,TRUE,8.295074,0.196466,15.003571,20.4782,62.2431,4.785097,1.5162,0.2111,11.54,7.95,16.31,84.179801,3.140971,0.91,189.94,0.7313,0.004184,0.010943,2.2370,2.8565,-8.29,0.357937,323490,-48.648649,-45564309.278342,-0.2162,85.4255,3.71,-0.35,84.097134,0.17,3.6176,0.104607,0.004184,1.6200
07-08-26,177.130005,177.619995,177.119995,177.5,3600,176.722,174.087201,165.716927,0.152075,0.256961,0.081125,TRUE,TRUE,8.370275,0.188765,1.843569,19.3651,54.1762,-5.87369,1.3837,0.0629,10.85,5.50,13.97,53.410639,2.058419,0.99,180.56,0.7482,0.004131,0.010176,2.2277,2.5100,-8.29,0.699274,319890,-47.058824,-45562437.208029,-0.1387,87.0307,4.28,-1.42,83.902725,0.15,3.2409,0.100877,0.004131,0.4309
07-09-26,179.410004,179.410004,178.860001,178.899994,2100,176.898,174.278401,165.806177,0.146862,0.259523,0.081207,TRUE,TRUE,8.472225,0.186187,31.516423,19.2753,58.0434,-8.728749,1.3758,0.0440,8.53,6.72,14.69,73.729855,2.007064,0.94,183.91,0.7379,0.004036,0.009986,2.0420,2.3667,-8.29,0.417624,326590,-53.281424,-45484705.012882,-0.2045,89.1039,2.44,-1.05,84.022153,0.14,3.0953,0.099931,0.004036,1.0885
