Date,Open,High,Low,Close,Volume,SMA20,SMA50,SMA200,SMA20_Slp,SMA50_Slp,SMA200_Slp,>MA50,>MA200,GoldenX,LinReg_Slp,Chande,ADX14,RSI14,RSI_D3,MACD_Line,MACD_Hist,RET_3M_pct,RET_6M_pct,RET_12M_pct,StochK14,ROC20_pct,ATR_pct,StdDev20,Vol60,Beta60,R2_60,Ulcer14,Sharpe60,MaxDD_6M_pct,Vol_vs_Avg,OBV,VolROC20,AD_Line,CMF20,MFI14,RS_3M,RS_6M,RS_Bench,Alpha60,InfoRatio,Corr60,Beta,ZScore
06-10-24,82.699997,83.519997,82.099998,78.402512,2450800,78.402512,77.477582,76.319988,0.119724,-0.046952,0.007199,TRUE,TRUE,1.157594,-0.022623,-12.994277,15.2207,52.8525,-2.631686,0.2166,0.0357,-3.85,1.44,4.36,-40.819534,0.422235,6.63,117.39,1.1196,0.008327,0.00924,2.2826,-0.5359,-11.34,0.792132,-232668900,-56.621473,-41124822117.846458,-11.8467,40.2961,-5.04,-8.07,0,-0.01,-0.1088,0.096125,0.008327,-3.2496682025092275E-7
06-11-24,82.849998,83.330002,82.610001,78.119949,3261700,78.392152,77.438212,76.341113,0.105902,-0.047151,0.007442,TRUE,TRUE,1.097098,-0.019415,-15.570031,14.7748,50.8941,-5.422062,0.1935,0.0101,-3.98,1.24,4.58,-48.350146,-0.26454,6.64,117.55,1.1201,0.008333,0.009242,1.7523,-0.5682,-11.34,1.047236,-235930600,14.497841,-41168764860.61338,-11.9661,47.0963,-3.96,-7.06,0,-0.01,-0.1400,0.096135,0.008333,-0.2316
06-12-24,84.690002,85.339996,83.57,78.81694,4123500,78.3865,77.432937,76.365449,0.091761,-0.04719,0.007689,TRUE,TRUE,1.067488,-0.014921,0.879083,15.8481,55.2945,4.068584,0.2288,0.0363,-2.64,1.87,5.49,-26.171341,-0.143212,6.79,117.30,1.1263,0.008505,0.009524,1.7518,-0.3665,-11.34,1.302527,-231807100,33.029003,-41195034436.946266,-11.6030,56.1508,-2.29,-6.59,0,0.00,0.0652,0.097589,0.008505,0.3669
06-13-24,83.870003,84.290001,83.379997,79.137177,2619900,78.342231,77.432372,76.387914,0.078381,-0.047081,0.00794,TRUE,TRUE,1.044458,-0.009906,29.057389,16.6338,57.1925,4.340054,0.2794,0.0695,-0.75,2.34,5.25,-19.977215,-1.106408,6.82,112.37,1.1276,0.008533,0.00956,1.8657,-0.2625,-11.34,0.839841,-229187200,-26.093825,-41222084493.700348,-11.3361,57.9375,0.21,-5.16,0,0.01,0.1734,0.097776,0.008533,0.7074
06-14-24,83.730003,84.239998,83.32,79.118355,2178600,78.299846,77.441602,76.405762,0.066251,-0.046798,0.008196,TRUE,TRUE,1.03584,-0.004012,28.158003,17.2937,57.0392,6.145157,0.3144,0.0836,-0.55,-1.46,4.83,-20.341272,-1.060068,6.80,107.41,1.1243,0.008361,0.00923,1.7346,-0.4236,-11.34,0.702865,-231365800,-15.459837,-41244162488.900452,-10.9404,58.0555,0.62,-6.82,0,0.000678,0.0095,0.096072,0.008361,0.7620
06-17-24,83.510002,84.089996,83.160004,78.807518,2168100,78.242391,77.436516,76.420686,0.055374,-0.046303,0.008452,TRUE,TRUE,1.01583,0.002408,31.799469,17.7124,54.4441,-0.850382,0.3134,0.0661,-0.99,-4.59,3.87,-26.353591,-1.437156,6.78,100.96,1.1211,0.008158,0.008836,1.5112,-0.6881,-11.34,0.706585,-233533900,-22.337644,-41266624564.107185,-10.5632,59.1665,0.24,-9.03,0,-0.02,-0.2614,0.094,0.008158,0.5597
06-18-24,83.889999,84.309998,83.709999,79.118355,3073600,78.224025,77.420693,76.43995,0.045921,-0.045628,0.008708,TRUE,TRUE,0.980742,0.007721,50.072176,18.2713,56.5719,-0.620567,0.3338,0.0692,-0.57,-2.85,4.36,-41.080434,-0.462127,6.89,98.90,1.1107,0.008385,0.00951,1.0253,-0.3008,-11.34,0.997935,-230460300,8.118756,-41316741210.013367,-10.6389,66.4641,0.73,-8.69,0,0.01,0.1395,0.09752,0.008385,0.9043
06-20-24,83.739998,84.040001,83.489998,78.892303,2432900,78.195769,77.379061,76.457445,0.037545,-0.044767,0.008967,TRUE,TRUE,0.921616,0.011862,34.223668,18.5008,54.5755,-2.463718,0.3280,0.0507,-1.50,-2.91,5.30,-84.74776,-0.71122,6.82,95.95,1.1085,0.008438,0.009672,0.7198,-0.2228,-11.34,0.792773,-232893200,-8.3688,-41359849268.678925,-10.5327,60.4725,0.74,-8.05,0,0.02,0.2207,0.098345,0.008438,0.7259
06-21-24,83.919998,84.150002,83.400002,79.090096,2337000,78.213194,77.408448,76.480314,0.030543,-0.043738,0.009227,TRUE,TRUE,0.928134,0.015801,15.631781,18.8097,56.0374,1.593342,0.3355,0.0466,-1.96,-3.40,6.20,-92.898301,0.442591,6.70,97.30,1.1076,0.008542,0.009927,0.6759,-0.0665,-11.34,0.781266,-230556200,-39.891975,-41389045602.90744,-10.6637,58.7116,0.51,-7.41,0,0.03,0.3817,0.099634,0.008542,0.9012
06-24-24,84.010002,85.459999,83.879997,79.702324,2834300,78.346001,77.444805,76.507021,0.025754,-0.04248,0.009489,TRUE,TRUE,0.937784,0.024177,30.604253,20.0871,60.2968,3.724879,0.3864,0.0779,0.06,-1.45,8.58,-71.359349,3.447449,6.75,98.65,1.0602,0.008083,0.009703,1.1919,-0.5202,-11.34,0.967351,-227721900,-30.208564,-41406868214.078217,-10.7694,58.2837,0.68,-8.11,0,-0.00,-0.0706,0.098505,0.008083,1.3749
06-25-24,84.480003,84.519997,83.129997,78.722748,2445900,78.427003,77.480031,76.5265,0.022371,-0.04101,0.009753,TRUE,TRUE,0.953531,0.031987,-1.989275,20.2994,51.6707,-2.904859,0.3437,0.0282,-0.56,-3.52,8.74,-100.513395,2.101147,6.74,94.47,1.0671,0.007757,0.00882,1.2010,-0.9977,-11.34,0.832969,-230167800,5.526793,-41424824468.272186,-10.3686,51.8079,0.18,-9.05,0,-0.04,-0.5645,0.093915,0.007757,0.3131
06-26-24,83,83.580002,82.839996,78.477867,3287900,78.521191,77.536544,76.546217,0.019572,-0.039419,0.010018,TRUE,TRUE,0.990328,0.037232,-4.74489,20.1461,49.7544,-6.283045,0.2868,-0.0229,-0.47,-4.19,5.96,-107.801509,2.459424,6.75,84.05,1.0462,0.008011,0.009786,1.2268,-0.6723,-11.34,1.115136,-233455700,7.920305,-41466874903.866142,-10.6328,44.7923,0.07,-9.22,0,-0.01,-0.2193,0.098925,0.008011,-0.0515
06-27-24,83.449997,84.160004,83.260002,79.240791,4244800,78.690731,77.629603,76.569702,0.018745,-0.037636,0.010285,TRUE,TRUE,1.0599,0.04211,5.993581,20.4661,55.3146,-4.98225,0.2998,-0.0079,-2.03,-3.97,5.69,-85.095436,4.470403,6.74,57.26,1.0414,0.008379,0.010811,1.2056,-0.1087,-11.34,1.41469,-229210900,32.52162,-41509032408.631111,-10.1366,54.9574,-1.21,,0,0.02,0.3609,0.103975,0.008379,0.9607
06-28-24,83.489998,84.120003,83.129997,79.873032,4090500,78.836311,77.746231,76.596532,0.020215,-0.03557,0.010552,TRUE,TRUE,1.1497,0.048158,29.596129,20.5964,59.3310,7.660352,0.3570,0.0394,-1.94,-3.68,6.38,-66.278763,3.783191,6.74,47.09,1.0463,0.008475,0.010955,1.2715,0.0665,-11.34,1.333453,-225120400,48.81039,-41540037138.968193,-9.9418,63.6254,-0.59,-8.33,0,0.04,0.5396,0.104665,0.008475,2.2017
07-01-24,83.690002,83.900002,82.470001,79.119682,3274800,78.87217,77.847605,76.62366,0.022646,-0.033323,0.010821,TRUE,TRUE,1.223945,0.052071,11.295224,19.9059,53.1955,3.441141,0.3377,0.0161,-1.21,-5.26,4.21,-112.05088,0.914729,6.68,46.34,1.0502,0.009237,0.025361,1.1992,-0.0095,-11.04,1.083476,-228395200,-21.597357,-41558656864.871315,-10.0005,56.6463,98.79,94.74,,0.05,0.7208,0.159253,0.009237,0.5342
07-02-24,83.209999,83.489998,82.879997,79.491585,3141400,78.935571,77.949258,76.645979,0.02601,-0.03089,0.01109,TRUE,TRUE,1.30328,0.057253,21.303095,19.2647,55.6346,0.320045,0.3483,0.0214,0.52,-3.67,4.12,-99.612661,1.621031,6.60,45.66,1.0499,0.009131,0.024856,1.0538,-0.0208,-11.04,1.042102,-225253800,-4.852193,-41596697767.495323,-10.1533,56.5477,1.02,-8.78,0,0.04,0.5911,0.157657,0.009131,1.2176
07-03-24,83.449997,83.940002,83.269997,79.415298,1571500,78.965018,78.036199,76.669332,0.030275,-0.028321,0.011361,TRUE,TRUE,1.366868,0.063724,10.284668,19.1047,55.0015,-4.329551,0.3467,0.0158,0.32,-4.58,3.01,-102.164045,0.747131,6.36,46.81,1.0407,0.00891,0.024106,1.0045,-0.3180,-9.75,0.531446,-226825300,-42.23913,-41616351672.772087,-10.3389,53.7336,-0.48,-11.45,0,0.02,0.2750,0.155262,0.00891,0.9620
07-05-24,83.440002,83.669998,82.980003,79.634621,3217000,79.010141,78.113776,76.697116,0.035138,-0.025625,0.011633,TRUE,TRUE,1.41666,0.072385,8.701066,18.5771,56.5331,3.337549,0.3589,0.0224,1.24,-1.98,3.07,-94.828849,1.146238,6.23,48.75,1.0266,0.008682,0.023524,0.9771,-0.5945,-9.75,1.072616,-223608300,35.549657,-41650763388.812737,-10.2798,52.9455,0.84,-8.18,0,-0.000722,-0.0111,0.153375,0.008682,1.2809
07-08-24,83.610001,83.980003,83.400002,79.892097,3239200,79.060602,78.193676,76.727878,0.041343,-0.022805,0.011905,TRUE,TRUE,1.465798,0.07586,12.991625,18.4001,58.3264,2.691764,0.3849,0.0387,1.05,-1.48,4.20,-86.217578,1.279386,6.14,52.45,0.8733,0.009323,0.037495,0.9636,0.6536,-9.75,1.093931,-220369100,-19.062492,-41693184543.762619,-10.4781,59.4316,1.48,-7.61,0,0.08,1.4294,0.193636,0.009323,1.5853
07-09-24,83.580002,84.040001,82.949997,79.873032,2123200,79.147314,78.28186,76.758225,0.047664,-0.019795,0.012177,TRUE,TRUE,1.523634,0.079625,18.812257,17.6388,58.1351,3.133664,0.3994,0.0426,-0.05,-1.25,4.41,-86.855233,2.219442,6.07,50.71,0.8726,0.009266,0.037107,0.8927,0.5440,-9.75,0.730669,-222492300,-34.223489,-41707294879.56955,-10.2843,59.4861,0.65,-6.80,0,0.07,1.3117,0.192632,0.009266,1.4310
07-10-24,84.099998,84.449997,83.57,80.464241,2482400,79.250401,78.381114,76.804091,0.054573,-0.016609,0.01245,TRUE,TRUE,1.577024,0.082683,22.641606,17.3666,62.2671,5.734054,0.4533,0.0772,-0.63,-1.92,4.73,-67.082329,2.629673,5.94,55.51,0.8619,0.009594,0.0408,1.4472,1.1417,-9.63,0.853818,-220009900,1.289375,-41727299459.974083,-10.3611,58.9103,-0.98,-8.39,0,0.11,1.9587,0.201989,0.009594,2.1869
07-11-24,85.459999,87.099998,85.459999,82.77195,4363500,79.483001,78.511076,76.86419,0.063366,-0.01324,0.012725,TRUE,TRUE,1.646886,0.087111,48.338703,19.0507,73.3316,15.005262,0.6745,0.2387,6.64,1.57,6.22,6.521571,5.954946,5.93,91.46,0.9029,0.010427,0.04389,3.9004,2.4287,-9.63,1.472911,-215646400,33.779931,-41745966993.58065,-9.7418,66.5899,4.82,-6.15,0,0.19,3.3118,0.2095,0.010427,3.5959
07-12-24,87.5,88.019997,87.139999,83.401314,3562600,79.712219,78.679433,76.927756,0.073704,-0.00964,0.013005,TRUE,TRUE,1.751677,0.090371,50.974881,21.0585,75.4463,17.311162,0.8903,0.3636,7.08,2.23,6.45,16.78042,5.816482,5.88,125.14,0.8825,0.010774,0.049068,4.3827,3.1345,-9.63,1.214058,-212083800,-13.602522,-41779801145.6679,-9.9638,67.6461,4.19,-6.03,0,0.23,4.0934,0.221512,0.010774,2.9480
07-15-24,87.620003,88.160004,87.370003,83.963951,2928700,79.953558,78.858477,77.000576,0.084797,-0.005797,0.01329,TRUE,TRUE,1.857901,0.093138,50.685725,22.9868,77.1878,14.920629,1.0942,0.4540,9.10,3.88,6.49,26.255699,6.09925,5.70,156.16,0.8763,0.011031,0.052172,4.7938,3.5818,-9.63,0.992815,-209155100,11.786709,-41807983749.124298,-9.9308,67.8059,4.91,-5.16,0,0.25,4.5886,0.228411,0.011031,2.5681
07-16-24,88.610001,89.160004,88.150002,84.99382,3029300,80.247331,79.037021,77.080875,0.096995,-0.001709,0.013578,TRUE,TRUE,1.956146,0.097058,74.141604,25.2056,79.9859,6.654288,1.3236,0.5467,12.35,4.52,8.01,37.725232,7.426172,5.67,191.00,0.8855,0.011294,0.053571,5.5158,3.9070,-9.63,1.012321,-206125800,39.048012,-41829945722.188057,-9.7878,73.7642,6.33,-5.42,0,0.27,4.9368,0.231454,0.011294,2.4850
07-17-24,89.019997,90.339996,89.019997,85.575508,4757200,80.585731,79.217026,77.160776,0.110192,0.002624,0.013872,TRUE,TRUE,2.05625,0.101929,80.700461,27.6856,81.3755,5.929234,1.5346,0.6062,14.73,6.02,9.46,39.460087,8.588001,5.67,221.65,0.8869,0.011314,0.053579,5.6824,3.9611,-9.63,1.523823,-201368600,119.417924,-41859530383.705269,-9.4960,81.7307,8.66,-3.59,0,0.28,4.9972,0.231471,0.011314,2.2512
07-18-24,89.239998,90.790001,88.730003,84.822174,4464700,80.870922,79.380646,77.235895,0.123648,0.007145,0.014169,TRUE,TRUE,2.144751,0.106063,63.529817,30.1313,74.1912,-2.996526,1.6223,0.5551,14.56,7.04,9.10,28.271309,7.209224,5.68,237.87,0.8942,0.011026,0.050031,5.3321,3.4058,-9.63,1.398961,-205833300,45.25963,-41880934215.826538,-8.8392,71.8846,9.13,-3.24,0,0.24,4.3863,0.223675,0.011026,1.6611
07-19-24,89.080002,89.230003,88.410004,84.669594,2809000,81.159786,79.526709,77.316663,0.136805,0.011871,0.014469,TRUE,TRUE,2.210046,0.11057,57.749594,31.9767,72.7895,-7.196395,1.6604,0.4746,14.34,7.43,7.68,26.437412,7.323009,5.65,247.47,0.8907,0.010816,0.04851,5.0338,3.0938,-9.63,0.875011,-208642300,15.458917,-41909369594.319084,-8.5589,64.7860,9.26,-2.44,0,0.23,4.0501,0.22025,0.010816,1.4183
07-22-24,89.050003,89.800003,88.410004,85.546913,3244400,81.482627,79.703316,77.408505,0.150392,0.016821,0.014772,TRUE,TRUE,2.294811,0.116259,76.244495,33.8976,75.6395,-5.736058,1.7413,0.4444,14.97,7.26,9.16,33.715735,8.163876,5.68,260.80,0.8974,0.010992,0.049385,4.6124,3.3213,-9.63,0.996555,-205397900,38.827557,-41925979483.450211,-8.2463,71.9247,9.70,-2.64,0,0.24,4.2890,0.222227,0.010992,1.5584
07-23-24,89.57,90.260002,89.169998,85.480156,2655400,81.771519,79.84713,77.495909,0.165287,0.021936,0.015078,TRUE,TRUE,2.351221,0.120569,73.708952,35.8406,74.9958,0.804559,1.7796,0.3861,13.87,6.54,8.56,32.27242,7.249264,5.72,271.81,0.8924,0.011086,0.050789,4.2030,3.4858,-9.63,0.817884,-208053300,-6.311964,-41946612812.588089,-8.3123,71.7557,9.41,-2.98,0,0.25,4.4759,0.225363,0.011086,1.3644
07-24-24,89.589996,90.169998,88.230003,84.221413,3844900,82.046452,79.970101,77.575128,0.180237,0.027108,0.015389,TRUE,TRUE,2.394973,0.122322,51.63936,36.4183,63.9462,-8.843386,1.6888,0.2363,11.17,5.70,6.09,16.217029,6.984849,5.82,267.12,0.9184,0.010884,0.046208,3.7606,2.9487,-9.63,1.159283,-211898200,57.19776,-41966347064.745361,-8.1638,64.8461,8.06,-2.62,0,0.22,3.8730,0.214961,0.010884,0.8142
07-25-24,88.650002,89.68,87.839996,83.94487,4723200,82.319802,80.082455,77.652041,0.195136,0.032262,0.015704,TRUE,TRUE,2.430414,0.124446,46.028547,36.4875,61.7921,-13.847344,1.5764,0.0991,10.60,6.88,6.50,12.689701,6.966299,5.95,256.44,0.9141,0.010646,0.044626,3.3105,2.5715,-9.63,1.393938,-216621400,43.654004,-41991067461.565903,-7.7351,62.5521,6.81,-1.31,0,0.20,3.4669,0.211248,0.010646,0.6337
07-26-24,88.68,89.879997,88.440002,85.413406,3326000,82.628433,80.212124,77.732561,0.211409,0.037416,0.016024,TRUE,TRUE,2.479563,0.126364,52.209204,36.6612,67.9636,-7.032186,1.5875,0.0882,13.18,7.37,7.88,31.421023,7.789694,5.98,254.57,0.9036,0.011196,0.05054,2.7948,3.6090,-9.63,0.99508,-213295400,-21.645307,-42008374704.335175,-7.4697,62.7788,8.51,-1.39,0,0.26,4.5971,0.224811,0.011196,1.0940
07-29-24,89.709999,90.330002,88.919998,85.852058,3371100,82.927384,80.328714,77.813614,0.22833,0.042623,0.01635,TRUE,TRUE,2.5151,0.128469,54.379795,37.0669,69.5460,5.599804,1.6131,0.0910,13.71,8.23,10.84,31.607456,7.485664,6.01,255.61,0.9040,0.011277,0.051227,2.3724,3.7465,-9.63,1.019545,-209924300,-17.587092,-42026415740.303619,-7.3549,67.8849,9.56,-0.34,0,0.27,4.7474,0.226334,0.011277,1.1442
07-30-24,90.370003,90.940002,90.029999,86.519585,2854000,83.297379,80.459785,77.891962,0.244951,0.047883,0.016681,TRUE,TRUE,2.567823,0.132855,54.694266,37.7550,71.8265,10.03436,1.6681,0.1168,13.43,8.35,11.79,19.335491,9.352796,6.01,251.11,0.8937,0.01115,0.051238,2.2998,3.6035,-9.63,0.868683,-207070300,-12.84964,-42051288820.722145,-7.4972,68.2441,9.02,0.01,0,0.26,4.6004,0.226358,0.01115,1.2832
07-31-24,90.889999,91.540001,90.150002,86.214432,5633800,83.633522,80.584941,77.97395,0.260721,0.053168,0.017018,TRUE,TRUE,2.610991,0.137021,37.960027,38.6761,69.2727,1.309082,1.6678,0.0932,14.98,8.99,10.68,-21.035621,8.457307,5.89,242.33,0.8947,0.010921,0.04906,1.9894,3.2974,-9.63,1.652114,-212704100,79.340421,-42088825099.380692,-7.2158,69.1736,8.08,-0.50,0,0.24,4.2589,0.221494,0.010921,1.0650
08-01-24,91.459999,91.82,90.470001,87.082191,6988100,84.016866,80.736871,78.061153,0.275367,0.058458,0.01736,TRUE,TRUE,2.675718,0.142186,39.549143,39.6581,72.2899,2.743934,1.7177,0.1145,16.09,11.15,11.98,-6.467674,9.654176,5.86,232.53,0.9006,0.011036,0.049389,2.2885,3.5464,-9.63,1.898484,-205716000,344.67706,-42130886355.079292,-6.9893,71.2226,10.96,2.40,0,0.25,4.5314,0.222236,0.011036,1.3182
08-02-24,91.099998,92.129997,90.449997,87.034515,5223600,84.386861,80.888413,78.143967,0.288414,0.06375,0.017708,TRUE,TRUE,2.744446,0.147922,34.923981,40.7095,71.8723,0.045851,1.7335,0.1042,14.42,9.11,12.56,-18.775776,9.292309,5.89,217.52,0.8961,0.010888,0.048532,2.0788,3.2685,-9.63,1.381461,-210939600,62.374883,-42157349367.310844,-6.6987,72.4574,11.92,2.94,0,0.24,4.2419,0.220301,0.010888,1.2172
08-05-24,89.480003,91.019997,88.419998,84.545639,6852600,84.619538,81.004494,78.214843,0.297498,0.068916,0.018059,TRUE,TRUE,2.789651,0.147939,-4.372011,39.2094,54.2539,-15.018819,1.5276,-0.0814,10.41,7.33,10.55,-76.791529,5.824783,5.96,190.07,0.9707,0.017761,0.162024,2.1253,2.4670,-9.63,1.729631,-217792200,111.552235,-42184624620.358055,-6.2021,62.9713,110.41,107.33,,0.26,4.5135,0.402522,0.017761,-0.0389
08-06-24,88.639999,91.370003,88.269997,86.214432,7321600,84.936608,81.187859,78.301536,0.30412,0.074036,0.018415,TRUE,TRUE,2.886322,0.152923,5.635117,38.0460,61.1335,-11.156387,1.4819,-0.1016,12.49,11.79,13.65,-37.89194,7.939351,5.97,156.68,0.9682,0.017398,0.166111,2.0914,2.4523,-9.63,1.734235,-210470600,244.83798,-42201655894.033249,-5.8549,64.4827,13.21,5.75,0,0.22,4.0384,0.407568,0.017398,0.8155
08-07-24,90.809998,91.849998,89.68,85.623192,4998600,85.194556,81.358268,78.393437,0.307349,0.079116,0.018774,TRUE,TRUE,2.964831,0.15613,7.167203,37.2730,57.8160,-14.056276,1.3821,-0.1611,10.67,9.55,11.47,-51.673754,6.411483,6.04,116.49,0.9728,0.017322,0.163103,2.0232,2.3295,-9.63,1.149734,-215469200,101.361586,-42225344245.127731,-5.7278,71.7639,11.66,4.07,0,0.22,3.8753,0.40386,0.017322,0.3680
08-08-24,89.800003,90.849998,89.519997,86.462357,5981200,85.379076,81.555634,78.491795,0.307949,0.084181,0.019136,TRUE,TRUE,3.063839,0.160724,15.112553,36.3767,61.0470,6.793159,1.3551,-0.1505,12.70,10.78,13.29,-32.112808,4.458523,6.05,104.73,0.9784,0.017479,0.164066,1.8924,2.4932,-9.63,1.350615,-209488000,37.07345,-42258826695.718002,-5.7904,68.3049,11.88,3.66,0,0.23,4.0615,0.405051,0.017479,1.0343
08-09-24,91.019997,91.260002,90.099998,86.862869,4133800,85.552154,81.775891,78.595429,0.305774,0.089224,0.019504,TRUE,TRUE,3.180462,0.166544,11.557736,35.8210,62.5224,1.388936,1.3505,-0.1241,10.95,10.40,13.83,-22.77685,4.150481,6.00,98.76,0.9760,0.017425,0.163997,1.8340,2.4163,-9.63,0.927472,-205354200,16.033234,-42286032224.146614,-5.6790,68.7486,10.27,2.86,0,0.22,3.9693,0.404966,0.017425,1.3272
08-12-24,90.769997,90.779999,89.779999,86.223961,2925500,85.665154,81.961142,78.691626,0.300242,0.094188,0.019873,TRUE,TRUE,3.269516,0.172728,6.220101,34.9243,58.7027,0.886626,1.2805,-0.1553,10.44,9.42,13.43,-37.669816,2.691643,5.98,92.35,0.9694,0.017022,0.159233,1.7864,1.8541,-9.63,0.656398,-208279700,-0.109263,-42309764101.916084,-5.6293,64.5823,9.20,1.97,0,0.18,3.2840,0.39904,0.017022,0.6051
08-13-24,91.059998,91.309998,90.550003,86.977303,3111300,85.764328,82.132637,78.798785,0.292176,0.099064,0.020245,TRUE,TRUE,3.333853,0.179706,24.06327,34.4689,61.6758,0.628761,1.2711,-0.1317,11.04,10.35,14.24,-20.109408,2.333678,5.96,95.36,0.9738,0.017215,0.161153,1.5561,2.1024,-9.63,0.697445,-205168400,2.706896,-42342127568.786201,-5.7407,69.8563,8.55,2.09,0,0.20,3.5800,0.401439,0.017215,1.2719
08-14-24,91.370003,91.879997,90.93,87.206161,2966300,85.845861,82.31229,78.900815,0.282322,0.103813,0.02062,TRUE,TRUE,3.411475,0.186654,28.595281,34.4227,62.5577,0.03524,1.2676,-0.1082,10.49,12.97,15.30,-27.560492,1.905514,5.90,100.50,0.9737,0.017272,0.162202,1.3289,2.1773,-9.63,0.678561,-202202100,-37.646094,-42368348728.859444,-5.8198,76.1484,7.34,1.46,0,0.20,3.6746,0.402743,0.017272,1.3536
08-15-24,91.589996,91.790001,90.980003,87.139412,4054400,85.961723,82.478551,79.007862,0.270717,0.108463,0.020996,TRUE,TRUE,3.470689,0.192292,17.254513,34.3799,62.1088,3.406097,1.2450,-0.1046,8.89,12.00,16.53,-29.289755,2.731877,5.79,101.43,0.9693,0.021852,0.178047,1.2102,2.3269,-9.63,0.931845,-206256500,-9.189867,-42410850883.994698,-6.0897,70.2799,4.47,0.81,0,0.20,3.6170,0.421957,0.021852,1.1611
08-16-24,91.379997,91.699997,90.919998,87.091736,2260900,86.08283,82.645742,79.112595,0.257747,0.113016,0.02137,TRUE,TRUE,3.533147,0.197378,12.896868,34.2547,61.7678,0.09204,1.2094,-0.1122,8.91,9.39,17.92,-30.524886,2.860699,5.76,99.63,0.9694,0.021806,0.17731,1.1374,2.3215,-9.63,0.522929,-208517400,-19.512282,-42435304942.572891,-6.0822,66.3090,4.46,-0.19,0,0.19,3.5628,0.421082,0.021806,1.0126
08-19-24,91.330002,92.089996,91.32,87.816452,2629800,86.196307,82.824413,79.215324,0.244092,0.117506,0.021744,TRUE,TRUE,3.60909,0.202014,13.412041,34.4216,64.9202,2.362496,1.2255,-0.0769,9.83,11.45,19.86,-11.749859,2.652976,5.71,105.93,0.9631,0.02209,0.184095,1.6426,2.8127,-9.63,0.612606,-205887600,-18.94341,-42461866352.512947,-6.2417,66.2121,5.87,1.76,0,0.22,4.1644,0.429063,0.02209,1.5294
08-20-24,92.190002,92.339996,91.660004,87.711571,4934200,86.307878,83.015869,79.315453,0.229505,0.12181,0.022118,TRUE,TRUE,3.700416,0.203101,15.810694,34.7534,64.0965,1.987734,1.2157,-0.0693,10.35,11.52,19.35,-13.720539,2.610448,5.68,109.68,0.9139,0.022372,0.210574,1.5689,3.5529,-9.63,1.119693,-210821800,85.817579,-42524102221.837959,-6.5523,65.8820,,2.20,0,0.26,5.1844,0.458883,0.022372,1.2798
08-21-24,92.080002,92.519997,91.629997,88.178825,2965900,86.505748,83.211395,79.406802,0.215264,0.125899,0.022492,TRUE,TRUE,3.804594,0.204457,12.092583,35.1894,66.1566,4.388773,1.2315,-0.0428,10.98,11.49,21.10,-2.145206,4.69882,5.58,105.68,0.9146,0.022461,0.211767,1.8782,3.6832,-9.63,0.679816,-207855900,-22.861453,-42550070004.273193,-6.6898,63.6169,7.08,1.49,0,0.27,5.3471,0.460181,0.022461,1.5832
08-22-24,92.519997,92.830002,92.220001,88.436302,3182300,86.73032,83.417722,79.491089,0.201841,0.129826,0.022867,TRUE,TRUE,3.926633,0.204758,15.107985,35.8125,67.2710,2.35086,1.2504,-0.0191,12.31,11.60,21.10,3.647047,5.350455,5.53,95.64,0.9071,0.022603,0.217938,2.0798,3.9909,-9.63,0.74253,-204673600,-32.624068,-42592730512.120209,-7.0193,62.3660,8.28,2.72,0,0.29,5.7493,0.466838,0.022603,1.7837
08-23-24,93.139999,94.910004,93.080002,90.38163,8040200,86.978731,83.649016,79.590269,0.190208,0.13371,0.023243,TRUE,TRUE,4.058747,0.206328,66.812327,37.4802,74.1871,10.090548,1.4062,0.1093,17.31,14.11,21.84,31.801673,5.816679,5.61,120.84,0.9273,0.023123,0.216864,3.6263,4.8091,-9.63,1.778231,-196633400,141.737823,-42624481562.327408,-6.8131,74.6213,11.61,4.80,0,0.34,6.6843,0.465687,0.023123,2.8161
08-26-24,95.169998,95.370003,94.580002,90.343483,2748500,87.203302,83.873142,79.692165,0.179962,0.137523,0.02362,TRUE,TRUE,4.180978,0.208912,58.120814,39.2062,73.8575,7.700861,1.5091,0.1698,17.17,15.33,22.26,14.076675,5.231586,5.47,139.15,0.9154,0.022805,0.217178,3.4106,4.4356,-9.63,0.612093,-199381900,-18.468749,-42656708691.674469,-7.0183,72.6185,11.68,5.13,0,0.31,6.2528,0.466024,0.022805,2.2568
08-27-24,94.040001,94.949997,93.959999,90.476997,1859300,87.401173,84.100315,79.793574,0.171954,0.141274,0.023998,TRUE,TRUE,4.306741,0.213413,73.027662,39.8724,74.2880,7.016987,1.5832,0.1951,18.13,15.36,22.35,16.35897,4.574008,5.38,156.02,0.8911,0.022436,0.223112,3.1953,4.0448,-9.63,0.418705,-197522600,-34.852838,-42671650737.232841,-6.9851,67.3449,12.59,5.41,0,0.28,5.8430,0.472348,0.022436,1.9714
08-28-24,94.860001,95.110001,94.059998,90.124161,2664100,87.596659,84.326648,79.898755,0.165875,0.144906,0.024376,TRUE,TRUE,4.427893,0.216362,59.442924,40.5721,70.9619,-3.225151,1.5951,0.1656,18.82,13.76,20.74,6.15674,4.534889,5.35,164.63,0.8928,0.022403,0.221632,2.9689,3.9892,-9.63,0.620697,-200186700,-52.712201,-42694287089.275337,-7.0532,71.6798,11.92,3.98,0,0.28,5.7646,0.470778,0.022403,1.5353
08-29-24,94.459999,94.620003,93.839996,89.847618,3379500,87.734931,84.541233,79.999324,0.161865,0.148343,0.024752,TRUE,TRUE,4.541909,0.219218,49.447219,40.8839,68.3778,-5.479654,1.5641,0.1077,16.74,12.46,18.93,1.209647,3.175651,5.34,171.55,0.8928,0.022215,0.218363,2.7766,3.6700,-9.63,0.821927,-203566200,-51.639215,-42732261797.966904,-7.3130,64.1171,10.42,2.85,0,0.26,5.3564,0.467294,0.022215,1.2315
08-30-24,94.650002,95.18,93.959999,90.715385,3490000,87.918974,84.777695,80.107138,0.160735,0.15155,0.025127,TRUE,TRUE,4.670557,0.222725,71.689695,41.4870,71.8428,-2.445251,1.5913,0.1079,15.70,12.20,19.64,3.43117,4.229207,5.41,183.00,0.8967,0.022432,0.220188,2.6787,3.9740,-9.63,0.867081,-200076200,-33.18784,-42754315224.687271,-7.4157,70.5327,9.92,2.98,0,0.28,5.7301,0.469242,0.022432,1.5281
09-03-24,94.739998,95.5,94.489998,90.667717,5160800,88.225078,85.009247,80.195525,0.16234,0.154664,0.025502,TRUE,TRUE,4.813722,0.225743,66.381312,42.2164,71.3801,0.418174,1.5906,0.0858,15.91,11.11,20.46,-5.508321,7.241152,5.38,174.62,0.8975,0.022411,0.219361,2.4419,3.8987,-9.63,1.309711,-205237000,-24.688439,-42798537382.039803,-7.7900,71.8324,10.36,2.60,0,0.28,5.6452,0.46836,0.022411,1.3989
09-04-24,95.32,96.230003,94.849998,90.925171,3041100,88.460615,85.233704,80.284139,0.166895,0.157664,0.025874,TRUE,TRUE,4.949566,0.227267,66.553346,43.2493,72.4135,4.03565,1.5925,0.0702,15.35,12.79,20.60,0.097415,5.46398,5.42,177.81,0.8840,0.022565,0.229321,2.3789,4.3253,-9.63,0.816099,-202195900,-58.463997,-42818876671.762268,-8.2818,71.9470,9.23,4.45,0,0.30,6.2127,0.478875,0.022565,1.3861
09-05-24,95.980003,96.139999,94.870003,90.629562,6269400,88.710934,85.471841,80.372058,0.173799,0.160563,0.026244,TRUE,TRUE,5.099782,0.228042,60.000472,44.2084,69.3186,-2.524205,1.5523,0.0239,15.11,11.87,21.62,-5.469595,5.84698,5.49,170.87,0.8871,0.022458,0.225663,2.1044,4.1125,-9.63,1.654228,-208465300,25.423118,-42867012350.688866,-8.4654,68.6391,9.87,3.98,0,0.29,5.9373,0.47504,0.022458,1.1229
09-06-24,95.190002,95.209999,94.190002,90.543732,6965800,88.915002,85.713158,80.459826,0.181245,0.163401,0.026609,TRUE,TRUE,5.253332,0.227519,58.95782,43.9777,68.4044,-2.975667,1.4962,-0.0257,14.78,11.79,21.76,-15.809927,4.720407,5.49,166.92,0.8847,0.022492,0.227578,1.7809,4.2032,-9.63,1.81441,-215431100,16.46158,-42923780653.425735,-8.6602,62.8690,10.66,5.73,0,0.29,6.0580,0.477051,0.022492,0.9757
09-09-24,94.959999,96.190002,94.800003,91.55455,2906400,89.149586,85.959433,80.549972,0.189457,0.166261,0.026971,TRUE,TRUE,5.409462,0.229143,60.869889,44.3308,72.9318,0.518322,1.5159,-0.0048,17.17,11.75,22.36,-1.640152,5.40125,5.48,169.51,0.8879,0.02257,0.227384,2.0354,4.2548,-9.19,0.76934,-212524700,-29.691809,-42940259123.058533,-8.6589,63.1186,10.81,4.15,0,0.30,6.1101,0.476848,0.02257,1.4187
09-10-24,96.290001,97.440002,96.029999,92.880051,6001000,89.482391,86.219574,80.649328,0.198797,0.169219,0.027331,TRUE,TRUE,5.570246,0.232776,70.20724,45.2280,77.4873,8.168747,1.6197,0.0792,18.47,13.91,24.61,21.51553,7.719536,5.51,174.32,0.9010,0.022734,0.223287,2.9171,4.4986,-9.10,1.526366,-206523700,105.127329,-42973072590.539001,-8.4357,63.9666,12.63,6.81,0,0.31,6.3627,0.472532,0.022734,1.9491
09-11-24,96.519997,97.32,95.419998,92.698868,3872100,89.768469,86.491157,80.74598,0.208051,0.17225,0.02769,TRUE,TRUE,5.745178,0.235316,63.881422,45.2118,75.6140,7.209622,1.6682,0.1021,18.66,13.93,24.36,9.173687,6.578228,5.49,177.96,0.9023,0.022673,0.221595,2.5850,4.4423,-9.10,0.975438,-210395800,24.452801,-42988035722.589661,-8.1357,57.9997,11.01,6.31,0,0.31,6.2748,0.470739,0.022673,1.6467
09-12-24,97.43,97.690002,96.599998,93.089828,2713200,90.062653,86.763122,80.843525,0.216773,0.17534,0.028048,TRUE,TRUE,5.919597,0.237215,64.550189,45.3820,76.9111,3.979353,1.7183,0.1218,18.11,15.00,24.94,0.21316,6.746848,5.50,181.96,0.8983,0.022804,0.226144,2.4410,4.7020,-9.10,0.68568,-207682600,-8.532515,-43008223708.890396,-8.0855,57.7710,9.66,6.92,0,0.32,6.6049,0.475546,0.022804,1.6637
09-13-24,98.25,98.660004,98.010002,94.0625,3402700,90.408807,87.056066,80.944596,0.225929,0.178486,0.028405,TRUE,TRUE,6.11147,0.240442,59.021373,45.9800,79.7912,2.303843,1.8156,0.1753,18.86,17.97,27.64,4.616252,7.944841,5.37,189.13,0.9036,0.022924,0.225507,3.2044,4.8650,-9.10,0.867071,-204279900,-16.073895,-43052956051.927124,-8.1810,54.3434,8.68,8.85,0,0.34,6.7905,0.474876,0.022924,1.9318
09-16-24,99.050003,99.410004,98.650002,94.377182,4144500,90.773079,87.350917,81.044796,0.235513,0.181649,0.028762,TRUE,TRUE,6.306121,0.242971,61.932675,46.8297,80.6328,5.01881,1.8963,0.2048,19.29,18.63,25.79,9.644254,8.365255,5.38,192.02,0.9004,0.023021,0.228986,3.3076,5.0645,-9.10,1.031345,-200135400,83.311955,-43103702264.349953,-8.3164,55.6172,8.19,8.83,0,0.35,7.0466,0.478524,0.023021,1.8770
09-17-24,99.099998,99.370003,98.040001,93.719208,2990700,91.068217,87.62746,81.139123,0.244052,0.184771,0.029117,TRUE,TRUE,6.488336,0.243896,46.070495,46.8021,73.7192,-3.191983,1.8854,0.1551,18.92,17.74,25.39,-2.168553,6.721697,5.45,189.53,0.9096,0.022876,0.221556,3.1233,4.7375,-9.10,0.740899,-203126100,13.723477,-43126124811.400879,-8.2280,54.4099,7.94,8.13,0,0.33,6.6063,0.470697,0.022876,1.3987
09-18-24,98.43,99.580002,98.019997,93.604782,5097000,91.362878,87.902095,81.230157,0.251236,0.18785,0.029471,TRUE,TRUE,6.671938,0.244859,51.192477,46.8765,72.5541,-7.237089,1.8462,0.0927,18.31,17.64,26.36,-4.097805,6.718853,5.55,180.18,0.9088,0.02271,0.218881,2.8901,4.4806,-9.10,1.26016,-208223100,3.29942,-43160073444.301064,-7.8617,60.8020,7.76,8.52,0,0.31,6.2982,0.467847,0.02271,1.2443
09-19-24,99.010002,99.050003,97.540001,93.623856,4450200,91.635129,88.165287,81.312014,0.257833,0.190867,0.029824,TRUE,TRUE,6.853272,0.24342,57.72635,46.3070,72.6317,-8.001127,1.7960,0.0340,18.67,16.90,26.97,-5.981198,6.174986,5.62,170.41,0.8879,0.022876,0.233097,2.5986,4.9584,-9.10,1.080424,-203772900,50.045517,-43187606565.186882,-7.7391,59.5664,6.72,7.45,0,0.34,6.9566,0.482801,0.022876,1.1671
09-20-24,97.620003,98.059998,97.440002,93.251945,3708500,91.875911,88.374887,81.389199,0.263701,0.193756,0.030174,TRUE,TRUE,6.985688,0.240128,41.956009,45.6454,68.5589,-5.160265,1.7065,-0.0444,17.91,15.60,26.35,-17.403656,5.445324,5.57,156.26,0.8890,0.022861,0.232218,2.4039,4.9269,-9.10,0.894638,-207481400,16.53521,-43241416779.709915,-7.8245,53.6189,5.85,6.31,0,0.33,6.9122,0.48189,0.022861,0.8806
09-23-24,98.459999,98.870003,98.269997,94.176933,3320700,92.065676,88.590399,81.473591,0.268465,0.196617,0.030524,TRUE,TRUE,7.116808,0.238824,50.688654,45.5012,72.6645,0.110444,1.6908,-0.0481,18.16,18.23,32.10,-0.24247,4.199198,5.58,160.16,0.8892,0.022851,0.231826,2.1630,4.9313,-9.10,0.849441,-204160700,-58.698789,-43290043137.107811,-8.5126,52.2975,7.42,8.18,0,0.33,6.9184,0.481483,0.022851,1.3182
09-24-24,98.370003,99.18,98.050003,94.310432,3279000,92.264024,88.797329,81.559804,0.271959,0.199451,0.030874,TRUE,TRUE,7.237525,0.237981,49.78966,45.5337,73.2083,0.57656,1.6698,-0.0552,19.80,19.13,33.30,2.234323,4.390964,5.53,162.26,0.8869,0.022747,0.231234,1.9296,4.7483,-9.10,0.833122,-200881700,19.301437,-43315024936.859352,-8.3632,52.5738,8.76,8.92,0,0.32,6.6939,0.480868,0.022747,1.2612
09-25-24,99,99.220001,98.019997,93.681061,2466000,92.424227,88.971074,81.641763,0.273256,0.202177,0.031225,TRUE,TRUE,7.329311,0.234027,42.780681,45.5858,66.4929,-2.065997,1.5842,-0.1127,19.37,18.82,32.53,-9.442332,3.541302,5.55,159.48,0.8812,0.032649,0.246086,1.6235,4.8622,-9.10,0.621764,-203347700,32.63056,-43335323895.183945,-8.3667,56.0326,8.55,8.58,0,0.30,6.4009,0.496071,0.032649,0.7881
09-26-24,98.410004,98.470001,97.080002,92.832367,4776900,92.559637,89.116211,81.720124,0.27202,0.204732,0.031574,TRUE,TRUE,7.396087,0.228503,28.985653,44.3156,58.6765,-13.987961,1.4313,-0.2125,17.15,14.78,33.76,-41.163946,3.004972,5.61,150.15,0.8941,0.032398,0.23517,1.2841,4.3847,-9.10,1.173174,-208124600,79.306332,-43369295811.017967,-8.2889,58.1207,6.49,5.02,0,0.28,5.8738,0.484944,0.032398,0.1816
09-27-24,97.339996,97.57,96.620003,92.950645,4932800,92.714789,89.27878,81.798016,0.267721,0.207118,0.031924,TRUE,TRUE,7.480765,0.222302,19.935071,42.5668,59.3930,-13.815301,1.3046,-0.2713,16.37,14.11,34.84,-59.359388,3.453656,5.53,136.01,0.8930,0.032501,0.237041,1.0831,4.4560,-8.56,1.188787,-203191800,45.96242,-43412334429.614479,-8.1948,50.8063,5.49,4.74,0,0.29,5.9869,0.486869,0.032501,0.1734
09-30-24,96.489998,97.489998,96.269997,93.681473,4207000,92.863093,89.459018,81.879792,0.260958,0.209336,0.032274,TRUE,TRUE,7.579226,0.216919,12.505536,40.5268,63.5930,-2.899903,1.2489,-0.2617,18.40,16.97,34.61,-41.791439,3.269663,5.39,129.06,0.8956,0.03258,0.236658,1.0160,4.5942,-8.56,1.005187,-198984800,20.544413,-43434393739.455139,-8.1246,49.1850,,7.60,0,0.30,6.1380,0.486475,0.03258,0.6341
10-01-24,97.629997,97.800003,96.360001,93.075661,4240300,92.98349,89.609593,81.943733,0.253313,0.211387,0.032624,TRUE,TRUE,7.66586,0.210198,5.514176,38.9047,58.2176,-0.458973,1.1426,-0.2943,17.09,17.70,33.35,-96.505466,2.65579,5.40,118.28,0.9034,0.032424,0.230364,0.9706,4.2703,-8.56,1.024409,-203225100,-17.836382,-43457976487.909126,-7.9657,48.8287,6.36,7.52,0,0.28,5.7190,0.479963,0.032424,0.0779
10-02-24,95.989998,96.540001,95.75,92.748703,5161600,93.074667,89.754964,81.994461,0.243534,0.213181,0.032975,TRUE,TRUE,7.760502,0.202176,-5.039403,36.6759,55.4913,-3.901648,1.0202,-0.3334,16.79,17.16,35.37,-78.362808,2.005531,5.30,108.18,0.9061,0.032366,0.228193,1.0109,4.1619,-8.56,1.215842,-208386700,69.728059,-43502357016.078941,-8.0499,41.9532,7.61,7.11,0,0.27,5.5760,0.477695,0.032366,-0.3013
10-03-24,96.110001,96.32,95.230003,91.902473,2664400,93.138313,89.908585,82.04677,0.231679,0.214686,0.033324,TRUE,TRUE,7.861814,0.193054,-32.517185,34.0681,49.0846,-14.508421,0.8452,-0.4067,15.41,16.84,36.80,-76.494967,1.404521,5.19,96.11,0.9161,0.032087,0.219372,1.2268,3.6391,-8.56,0.655443,-211051100,-57.501515,-43521289123.366791,-8.0476,36.3901,5.71,6.70,0,0.25,4.9340,0.468372,0.032087,-1.2859
10-04-24,95.029999,95.349998,94.239998,91.460121,4602000,93.184132,90.05889,82.09779,0.217043,0.215865,0.033671,TRUE,TRUE,7.9611,0.186482,-43.085545,32.5756,46.0890,-12.12855,0.6632,-0.4710,14.48,15.68,34.50,-52.057578,1.012096,5.07,84.58,0.8522,0.031319,0.245304,1.4217,2.8722,-8.56,1.165993,-215653100,-33.934365,-43548941547.835823,-7.9197,28.6778,4.07,5.75,0,0.19,4.1529,0.495281,0.031319,-2.0384
10-07-24,94.589996,94.589996,93.839996,90.652367,3420200,93.139023,90.163669,82.141681,0.199046,0.21665,0.034016,TRUE,TRUE,8.021988,0.17917,-44.317401,31.5224,41.1505,-14.340864,0.4486,-0.5485,13.50,13.44,32.58,-55.533565,-0.985405,4.97,95.44,0.8593,0.031052,0.237393,1.7515,2.3425,-8.56,0.86096,-219073300,17.678227,-43581434630.766327,-8.0701,28.5292,3.00,3.72,0,0.16,3.4910,0.48723,0.031052,-2.6056
10-08-24,94.510002,94.889999,94.089996,90.835068,3773700,93.036774,90.263329,82.191467,0.178844,0.217,0.03436,TRUE,TRUE,8.071862,0.172709,-39.632747,30.1949,42.6474,-6.437173,0.2899,-0.5657,12.89,12.18,32.49,-55.853641,-2.201746,4.83,108.43,0.8565,0.030962,0.237828,1.9994,2.2040,-5.21,0.977345,-215299600,-37.115481,-43615916023.665298,-8.3245,26.5861,4.09,3.00,0,0.15,3.3313,0.487676,0.030962,-2.0306
10-09-24,94.279999,94.57,93.919998,90.931236,4120600,92.948392,90.351562,82.238147,0.156552,0.216924,0.034702,TRUE,TRUE,8.113415,0.167768,-38.109157,29.1159,43.4626,-2.626416,0.1700,-0.5485,9.86,17.15,31.20,-54.066123,-1.906853,4.69,118.10,0.8444,0.030671,0.241103,2.2084,1.8844,-5.21,1.063765,-211179000,6.417706,-43657930357.148872,-8.6469,26.8247,1.11,6.43,0,0.13,2.9635,0.491023,0.030671,-1.7080
10-10-24,94.019997,94.669998,93.43,90.123474,2664300,92.800074,90.429743,82.279202,0.132004,0.216388,0.035042,FALSE,TRUE,8.150542,0.162159,-41.705188,28.5462,38.5111,-2.639385,0.0096,-0.5671,8.06,15.71,29.41,-57.107524,-3.18655,4.68,133.81,0.8509,0.030423,0.233966,2.4889,1.3811,-5.21,0.688244,-213843300,-1.8023,-43674803677.937775,-8.6096,27.4030,-0.31,4.20,0,0.11,2.3233,0.483701,0.030423,-2.0003
10-11-24,94.199997,94.779999,94.019997,91.142792,2654000,92.654089,90.510955,82.322317,0.10672,0.21547,0.035385,TRUE,TRUE,8.188638,0.156692,-39.945379,27.8706,46.7547,4.107269,-0.0348,-0.4892,8.55,18.43,28.64,-39.502732,-3.104009,4.55,135.23,0.8516,0.03075,0.237876,2.6456,2.0047,-5.21,0.692278,-211189300,-22.003115,-43697552626.168465,-8.4069,26.3213,-0.21,5.11,0,0.14,3.0733,0.487725,0.03075,-1.1176
10-14-24,94.5,95.510002,94.279999,91.69091,2529100,92.519775,90.604083,82.366165,0.081892,0.214204,0.035728,TRUE,TRUE,8.237918,0.151514,-32.701737,26.3249,50.5907,7.128051,-0.0255,-0.3839,7.88,21.20,31.33,-30.036091,-2.846315,4.47,130.47,0.8529,0.013169,0.085265,2.1820,2.2441,-5.21,0.673897,-208660200,-38.976957,-43710728954.952911,-8.0873,25.1076,107.88,121.20,,0.15,2.9725,0.292001,0.013169,-0.6353
10-15-24,95.800003,97.32,95.75,92.796791,2808500,92.473655,90.769106,82.412601,0.058439,0.212677,0.036074,TRUE,TRUE,8.356505,0.149245,-10.419287,25.6975,57.2782,18.767102,0.0703,-0.2305,8.44,24.41,33.25,-12.563673,-0.984234,4.48,127.61,0.8562,0.012984,0.084711,2.1966,2.2880,-5.21,0.750166,-205851700,-6.092219,-43724103173.262978,-7.9862,30.3513,0.42,9.84,0,0.13,2.6618,0.291052,0.012984,0.2532
10-16-24,96.730003,97.690002,96.550003,93.816109,3177100,92.484221,90.92114,82.469083,0.037676,0.211019,0.036421,TRUE,TRUE,8.452057,0.148131,11.362913,25.3915,62.3381,15.583436,0.2259,-0.0599,10.60,26.71,33.13,8.835427,0.225765,4.44,128.68,0.8646,0.013203,0.085486,2.3007,2.6258,-5.21,0.870953,-202674600,-37.667255,-43742518624.813622,-7.9834,37.6612,1.44,11.62,0,0.15,3.0446,0.29238,0.013203,1.0350
10-17-24,97.18,97.290001,96.5,93.075661,2904100,92.456811,91.070189,82.518314,0.019134,0.209194,0.036771,TRUE,TRUE,8.551875,0.143207,1.347198,25.0484,57.0520,6.461347,0.2861,2.4030631315730133E-4,9.93,25.69,32.27,-8.108453,-0.585529,4.37,126.69,0.8470,0.013229,0.089722,2.2972,2.8936,-5.21,0.81335,-205578700,-34.742259,-43770598958.282478,-8.1639,39.2467,-0.01,10.17,0,0.16,3.3558,0.299536,0.013229,0.4885
10-18-24,97.029999,97.550003,96.660004,93.768036,2080200,92.482616,91.216303,82.580953,0.003526,0.207264,0.037124,TRUE,TRUE,8.63535,0.138456,0.936709,24.9376,60.4309,3.152685,0.3853,0.0795,9.61,26.02,36.14,7.735363,0.553437,4.34,128.90,0.8477,0.01342,0.091944,2.2969,3.2262,-5.21,0.596195,-203498500,-43.90724,-43786197979.603653,-7.8068,36.4479,0.04,10.68,0,0.18,3.7400,0.303223,0.01342,0.9972
10-21-24,97.029999,97.419998,95.470001,91.931328,4143000,92.370335,91.317672,82.635155,-0.011601,0.205184,0.037478,TRUE,TRUE,8.682517,0.132638,-10.927453,23.4861,49.3412,-12.996927,0.3121,0.0051,7.55,22.46,36.72,-35.180088,-2.384454,4.39,123.01,0.8669,0.012778,0.079999,2.3494,2.0229,-5.21,1.173575,-207641500,24.762851,-43805377643.033363,-7.2989,36.5527,-1.94,8.09,0,0.12,2.3360,0.28284,0.012778,-0.3569
10-22-24,95.309998,96.089996,95.160004,92.065948,2530000,92.258111,91.434512,82.691058,-0.025658,0.202916,0.037835,TRUE,TRUE,8.743454,0.127423,-6.641739,21.8310,50.0645,-6.987521,0.2619,-0.0361,9.31,21.53,37.84,-32.01998,-2.379889,4.44,114.31,0.8654,0.012718,0.079633,2.3823,1.9142,-5.21,0.724349,-205111500,-22.84233,-43824742097.322266,-7.2967,38.7671,-0.76,8.03,0,0.11,2.2114,0.282192,0.012718,-0.1681
10-23-24,95.510002,96.620003,95.410004,92.73909,2710500,92.211013,91.549747,82.744536,-0.037849,0.20043,0.038197,TRUE,TRUE,8.805211,0.124096,8.277868,20.7953,53.6297,-6.801124,0.2733,-0.0198,10.48,22.19,40.22,-16.218544,-1.005508,4.48,110.00,0.8648,0.012687,0.079344,2.3393,1.9013,-5.21,0.773321,-202401000,9.914842,-43839418741.208969,-7.1911,44.9051,0.87,8.42,0,0.11,2.1982,0.28168,0.012687,0.4801
10-24-24,96.559998,97.25,96.480003,92.941032,2632300,92.216446,91.664445,82.80178,-0.047504,0.197749,0.038563,TRUE,TRUE,8.862665,0.120238,15.009859,20.3808,54.6752,5.33406,0.2952,0.0017,8.81,23.16,38.75,-11.478114,0.117056,4.55,110.35,0.8627,0.012815,0.081254,2.2548,2.0809,-5.21,0.774711,-199768700,-44.895225,-43866247596.63131,-7.3129,53.2574,0.24,9.52,0,0.12,2.4154,0.28505,0.012815,0.6566
10-25-24,97.309998,97.610001,95.709999,92.065948,3834800,92.172211,91.762975,82.85418,-0.054825,0.194809,0.038932,TRUE,TRUE,8.908795,0.116042,14.230328,19.1899,49.4701,-0.59439,0.2392,-0.0434,7.24,21.94,40.46,-32.01998,-0.951792,4.71,109.02,0.8657,0.012579,0.078084,2.1261,1.4782,-5.21,1.147153,-203603500,-22.259163,-43884792074.537804,-7.0666,52.6402,-1.05,9.16,0,0.09,1.7182,0.279436,0.012579,-0.0975
10-28-24,96.43,96.989998,95.919998,92.354439,2296500,92.105859,91.86823,82.911806,-0.059937,0.191634,0.039305,TRUE,TRUE,8.956424,0.111962,15.134119,18.0840,51.1221,-2.507603,0.2157,-0.0536,6.74,21.08,38.25,-25.24791,-1.416538,4.75,103.23,0.8659,0.012629,0.078638,1.9932,1.5903,-5.21,0.70719,-201307000,-45.412408,-43902393825.880081,-7.2059,45.4002,-1.78,7.77,0,0.09,1.8357,0.280425,0.012629,0.2408
10-29-24,95.739998,96.150002,95.040001,91.69091,2819600,92.036622,91.945719,82.963686,-0.062997,0.188193,0.03968,FALSE,TRUE,8.982033,0.102279,7.162186,17.3800,47.2923,-7.382891,0.1418,-0.1020,6.35,22.28,39.50,-40.823688,-1.487769,4.79,101.01,0.7818,-0.00431,0.005847,1.9141,2.4860,-5.21,0.887693,-204126600,-33.504705,-43922228003.530777,-7.3080,46.8195,-0.76,7.78,0,0.08,1.7526,-0.076466,-0.00431,-0.3423
10-30-24,95.349998,96.480003,95.300003,92.094803,2930300,92.003927,92.033383,83.020573,-0.063662,0.184552,0.040058,TRUE,TRUE,9.01281,0.09569,19.321324,16.3829,49.7596,0.28948,0.1145,-0.1034,5.76,22.77,39.23,-52.457513,-0.705023,4.85,99.63,0.7450,-0.004262,0.005696,1.6726,2.0644,-5.21,0.956127,-201196300,-43.228844,-43941077279.299049,-7.1575,53.7400,-2.95,8.49,0,0.09,1.8969,-0.07547,-0.004262,0.0912
10-31-24,95,95.580002,94.089996,90.536972,4946300,91.935652,92.080546,83.077049,-0.062687,0.180634,0.040436,FALSE,TRUE,9.003497,0.085219,-5.640055,16.4863,41.6595,-9.462648,-0.0324,-0.2003,4.02,19.02,34.59,-98.694952,-1.485816,4.84,104.90,0.7740,-0.004181,0.005068,1.7579,1.6432,-5.21,1.556001,-206142600,85.644047,-43969613189.050301,-7.0517,44.7068,-5.45,6.82,0,0.07,1.4705,-0.071191,-0.004181,-1.3333
11-01-24,94.68,94.910004,93.059998,89.53688,4835200,91.83949,92.102558,83.130673,-0.060553,0.176422,0.040811,FALSE,TRUE,8.971884,0.074257,-19.243832,17.2885,37.4453,-9.847049,-0.2269,-0.3158,5.90,16.93,32.28,-76.093161,-2.102819,4.90,117.54,0.7804,-0.004689,0.006277,2.0518,0.9229,-5.21,1.515492,-210977800,5.067362,-43992864518.167274,-6.9569,36.8717,,5.09,0,0.03,0.7140,-0.07923,-0.004689,-1.9590
11-04-24,93.410004,94.459999,93.379997,90.517723,3368200,91.832758,92.10528,83.184485,-0.057206,0.171948,0.041187,FALSE,TRUE,8.920794,0.065411,-20.590924,18.0335,43.4837,-6.275925,-0.2985,-0.3099,4.99,18.11,29.48,-54.908678,-0.148527,4.79,118.29,0.7901,-0.004604,0.005894,2.2380,1.1233,-5.21,1.056553,-207609600,-1.520379,-44014085858.008186,-6.7858,37.5353,-6.09,7.83,0,0.05,0.9246,-0.076773,-0.004604,-1.1117
11-05-24,93.610001,95.43,93.389999,91.719765,2398100,91.876992,92.132805,83.241926,-0.052877,0.167276,0.041562,FALSE,TRUE,8.890879,0.05725,-18.63245,17.6656,49.8701,8.210631,-0.2553,-0.2134,7.12,18.55,28.14,-29.455647,0.97396,4.73,116.00,0.7993,-0.004185,0.004745,2.2731,1.7935,-5.21,0.768835,-205211500,-36.452288,-44020410808.977753,-6.4841,36.3308,-4.77,7.77,0,0.08,1.6274,-0.068886,-0.004185,-0.1355
11-06-24,95.629997,95.629997,92.370003,89.76767,6335400,91.818814,92.118619,83.292361,-0.049031,0.162334,0.041936,FALSE,TRUE,8.826258,0.04686,-26.543166,18.0473,41.6407,4.195384,-0.3743,-0.2659,3.82,17.01,27.25,-49.662865,-1.279612,4.86,123.66,0.8432,-0.004975,0.006022,2.5354,0.7581,-5.21,1.9615,-211546900,53.749454,-44036860840.085136,-5.8660,33.8368,-7.50,4.77,0,0.03,0.5520,-0.077605,-0.004975,-1.6587
11-07-24,93.800003,94.75,93.540001,90.844696,4871300,91.854875,92.133029,83.353878,-0.045312,0.157209,0.04231,FALSE,TRUE,8.779151,0.038468,-22.754444,18.4018,46.8518,3.368117,-0.3773,-0.2151,4.58,16.04,29.84,-29.108918,0.80026,4.85,119.43,0.8556,-0.004755,0.005333,1.9164,1.0367,-5.21,1.458375,-206675600,82.836017,-44063434038.515747,-5.8174,37.3663,-7.14,3.56,0,0.05,0.8472,-0.073028,-0.004755,-0.8458
11-08-24,94.830002,96.160004,94.699997,92.200577,4093600,91.907764,92.180089,83.417132,-0.041722,0.151972,0.042684,TRUE,TRUE,8.762957,0.031984,2.177243,17.3507,52.5911,2.720948,-0.2672,-0.0840,6.93,18.10,31.35,-3.233321,1.16058,4.90,118.45,0.8748,-0.00452,0.004595,1.9062,1.4886,-5.21,1.199693,-202582000,54.242653,-44081543500.62709,-5.6267,45.5601,-4.26,5.53,0,0.07,1.3180,-0.067784,-0.00452,0.2472
11-11-24,95.809998,96.440002,95.339996,91.739006,2279800,91.910169,92.200561,83.479198,-0.039096,0.146628,0.043057,FALSE,TRUE,8.721363,0.024381,-2.575677,16.1339,50.5883,8.947663,-0.2147,-0.0252,5.47,17.12,32.79,-12.041927,0.052454,4.94,118.41,0.8780,-0.004603,0.004731,1.9208,1.3488,-5.21,0.670581,-204861800,-9.857261,-44098749649.943222,-5.7066,50.3487,-4.95,3.95,0,0.06,1.1735,-0.068784,-0.004603,-0.1446
11-12-24,95.050003,95.459999,94.07,90.46965,4645800,91.793812,92.1966,83.532302,-0.037944,0.141128,0.043429,FALSE,TRUE,8.664297,0.015667,-17.076716,15.9796,45.4611,-1.390626,-0.2724,-0.0663,3.74,14.62,29.74,-36.266283,-2.507782,4.94,120.65,0.8928,-0.005075,0.005569,2.0473,0.6698,-5.21,1.330563,-209507600,65.419263,-44127462371.826973,-5.7761,43.2848,-6.79,0.60,0,0.03,0.4690,-0.074627,-0.005075,-1.0975
11-13-24,94.860001,95.449997,94.459999,90.969696,2884300,91.651492,92.19749,83.591643,-0.037636,0.135491,0.0438,FALSE,TRUE,8.605847,0.007448,-14.50816,15.8364,47.7095,-4.881575,-0.2746,-0.0548,4.40,13.68,31.55,-26.723421,-3.034034,4.95,112.02,0.8948,-0.004953,0.005278,1.5969,0.8671,-5.15,0.829545,-206623300,-9.215952,-44150684253.200424,-5.8696,43.4983,-5.15,-0.72,0,0.04,0.6761,-0.07265,-0.004953,-0.6086
11-14-24,94.599998,94.599998,93.57,90.152321,3708000,91.505325,92.187945,83.650679,-0.038596,0.129745,0.04417,FALSE,TRUE,8.537267,-0.0015,-14.143519,16.3190,44.4815,-6.106845,-0.3384,-0.0949,3.51,12.74,23.51,-48.001823,-3.140821,4.91,111.53,0.9011,-0.005209,0.00576,1.7174,0.4407,-5.14,1.05426,-210331300,27.681554,-44178999569.961411,-5.8058,43.6830,-6.14,-1.80,0,0.01,0.2334,-0.075896,-0.005209,-1.2131
11-15-24,93.410004,93.980003,93.010002,90.200401,2786400,91.326943,92.181079,83.702857,-0.040267,0.123929,0.044539,FALSE,TRUE,8.478222,-0.010043,-16.208375,17.1187,44.7184,-0.742708,-0.3807,-0.1098,2.71,12.81,23.22,-52.788348,-3.804745,4.82,101.52,0.9005,-0.005242,0.005841,1.6871,0.3709,-5.13,0.784356,-207544900,33.948659,-44197927540.891098,-5.7950,43.3371,-6.00,-0.20,0,0.01,0.1601,-0.076429,-0.005242,-1.1097
11-18-24,93.379997,94.480003,93.220001,90.854317,2468100,91.273092,92.167074,83.763255,-0.042741,0.118062,0.044907,FALSE,TRUE,8.403819,-0.014315,-6.29963,17.3366,47.9707,0.261226,-0.3574,-0.0691,3.58,14.30,24.38,-36.878,-1.171539,4.82,101.00,0.8597,-0.005677,0.007548,1.7253,-0.0653,-5.13,0.711529,-205076800,-40.427227,-44209663475.872421,-5.8276,48.3395,-5.74,,0,-0.02,-0.3129,-0.086882,-0.005677,-0.4146
11-19-24,94.230003,95.169998,93.779999,91.296654,3041600,91.234628,92.135406,83.83413,-0.045888,0.112162,0.045273,FALSE,TRUE,8.301277,-0.017952,-5.99279,16.8619,50.1089,5.627418,-0.2997,-0.0092,3.54,14.90,25.08,-26.372213,-0.835591,4.76,99.27,0.8618,-0.005589,0.007274,1.7448,0.0972,-5.13,0.870445,-202035200,20.221344,-44223573198.987854,-5.7069,48.4117,-5.53,1.59,0,-0.01,-0.1427,-0.085288,-0.005589,0.0625
11-20-24,94.550003,94.949997,94.050003,91.181259,3143000,91.156736,92.105054,83.899244,-0.049351,0.106287,0.045639,FALSE,TRUE,8.20581,-0.021605,5.425095,16.4212,49.5370,4.818543,-0.2603,0.0242,3.10,15.80,24.01,-29.207461,-1.6798,4.78,92.74,0.8619,-0.005625,0.007371,1.7027,0.0131,-5.13,0.893931,-205178200,15.956466,-44246752917.240883,-5.7927,50.1331,-6.24,2.05,0,-0.01,-0.2296,-0.085856,-0.005625,0.0264
11-21-24,94.839996,95.809998,94.449997,91.854393,2988600,91.102404,92.080345,83.968284,-0.05192,0.10048,0.046004,FALSE,TRUE,8.112061,-0.024792,20.066615,15.2937,52.9132,4.94248,-0.1728,0.0894,1.63,19.22,25.81,-12.668545,-1.169171,4.77,84.56,0.8652,-0.005354,0.006624,1.5209,0.3580,-5.13,0.845732,-202189600,13.535691,-44261149191.450172,-5.5876,58.1040,-8.23,3.10,0,0.01,0.1371,-0.081389,-0.005354,0.8893
11-22-24,95.839996,96.419998,95.830002,92.546761,2943700,91.126445,92.050031,84.037612,-0.053168,0.09481,0.046369,TRUE,TRUE,8.012419,-0.027409,18.018879,14.7613,56.1620,6.053122,-0.0470,0.1721,2.44,20.03,26.14,4.342944,0.522247,4.71,88.05,0.8689,-0.005155,0.006079,1.7539,0.6795,-5.13,0.843663,-199245900,-23.237196,-44296855390.847572,-5.9049,57.7987,-7.42,4.13,0,0.03,0.4734,-0.077965,-0.005155,1.6130
11-25-24,96.800003,98.059998,96.800003,93.835342,4001200,91.20049,92.039194,84.112774,-0.052834,0.089356,0.046736,TRUE,TRUE,7.926419,-0.026592,18.644116,15.4091,61.4879,11.950873,0.1549,0.2992,3.71,22.51,27.53,25.752917,1.6035,4.69,103.75,0.8782,-0.005152,0.005937,2.9439,0.8008,-5.13,1.119397,-195244700,74.230351,-44319685562.095528,-5.8372,59.2428,-6.49,6.21,0,0.03,0.5991,-0.077055,-0.005152,2.5396
11-26-24,97.419998,98.07,97.040001,94.210381,2774500,91.326463,92.049017,84.189719,-0.050431,0.084152,0.047105,TRUE,TRUE,7.859298,-0.025415,45.472506,16.0168,62.9006,9.987359,0.3412,0.3884,4.53,24.21,27.57,23.722905,2.747786,4.69,123.44,0.8791,-0.005087,0.005775,3.0541,0.9360,-5.13,0.776699,-192470200,-1.599518,-44337704316.458359,-5.8155,69.6666,-6.19,5.84,0,0.04,0.7413,-0.075991,-0.005087,2.3362
11-27-24,98.529999,99.199997,98.510002,94.816193,2383100,91.462533,92.073245,84.277818,-0.045534,0.079253,0.047476,TRUE,TRUE,7.795428,-0.023005,42.709366,17.2421,65.1259,8.963899,0.5316,0.4630,5.53,23.20,27.55,29.179192,2.954987,4.66,145.41,0.8818,-0.005009,0.005563,3.4477,1.0409,-5.13,0.672279,-190087100,-18.673856,-44365602731.322525,-5.9880,68.0557,-5.09,5.58,0,0.05,0.8520,-0.074588,-0.005009,2.3064
11-29-24,98.75,99.089996,98.040001,94.393089,1922400,91.655339,92.08863,84.360766,-0.038145,0.074635,0.047847,TRUE,TRUE,7.727864,-0.022007,26.207067,17.8884,62.3146,0.826706,0.6410,0.4579,4.05,20.40,26.10,22.343915,4.259163,4.60,157.55,0.8829,-0.005066,0.005677,3.3700,1.0033,-5.13,0.566476,-192009500,-61.134585,-44380879137.923073,-6.0594,61.7291,-6.69,3.24,0,0.04,0.8135,-0.075346,-0.005066,1.7378
12-02-24,97.660004,97.739998,96.470001,93.017967,3659400,91.829393,92.083951,84.427779,-0.029367,0.070141,0.048218,TRUE,TRUE,7.656171,-0.023617,13.78241,17.0746,54.1351,-8.765435,0.6096,0.3413,2.59,18.91,23.37,0.128677,3.88788,4.60,152.04,0.9045,-0.005262,0.005835,3.2957,0.5809,-5.13,1.097329,-195668900,-24.317505,-44404432091.620338,-6.1708,54.4333,-9.02,1.11,0,0.02,0.3811,-0.07639,-0.005262,0.7817
12-03-24,96.82,97.110001,96.190002,92.546761,1992500,91.930845,92.051347,84.496546,-0.019231,0.065743,0.048589,TRUE,TRUE,7.554801,-0.024423,24.489853,16.0967,51.6341,-13.491877,0.5406,0.2178,1.78,17.41,19.80,-7.483715,2.241591,4.66,149.58,0.8963,-0.005654,0.006871,3.1257,0.1072,-5.13,0.610066,-197661400,-40.843774,-44422205404.442726,-6.2479,57.8790,-9.86,-1.07,0,-0.01,-0.1195,-0.082891,-0.005654,0.4118
12-04-24,96.339996,96.339996,95.470001,92.296745,2220300,91.959694,92.011073,84.564763,-0.008132,0.061425,0.048961,TRUE,TRUE,7.44631,-0.023448,16.121629,15.2581,50.3060,-12.008525,0.4604,0.1101,1.84,17.23,18.61,-11.522737,0.629069,4.58,149.71,0.8772,-0.005869,0.007753,3.0164,-0.4087,-5.13,0.68167,-199881700,-7.414203,-44440622531.254501,-6.4506,51.6684,-10.03,-0.50,0,-0.04,-0.6611,-0.088051,-0.005869,0.2251
12-05-24,95.589996,95.839996,95.220001,92.075562,2922300,92.075089,91.978963,84.629679,0.003573,0.057147,0.049332,TRUE,TRUE,7.349284,-0.023111,25.188829,14.6656,49.1028,-5.032314,0.3746,0.0195,1.69,16.72,19.12,-15.095984,2.570961,4.58,140.53,0.8774,-0.005866,0.007739,2.8226,-0.4220,-5.13,0.946802,-202804000,-53.873473,-44473186987.69278,-7.0683,52.6150,-11.22,-0.84,0,-0.04,-0.6761,-0.087974,-0.005866,3.3658720811593926E-4
12-06-24,96.010002,96.330002,95.190002,91.940941,1866100,92.129901,91.961135,84.693176,0.016244,0.052894,0.049701,FALSE,TRUE,7.267959,-0.022297,22.540499,13.7000,48.3449,-3.289165,0.2924,-0.0502,0.42,17.66,19.30,-21.388985,1.206724,4.62,137.59,0.8757,-0.006005,0.008145,2.6327,-0.5944,-5.13,0.635542,-204670100,-61.691951,-44485690065.006699,-7.1904,58.6289,-11.19,-1.05,0,-0.05,-0.8601,-0.090247,-0.006005,-0.1373
12-09-24,95.739998,96.199997,95.599998,92.200577,2871900,92.129901,91.946133,84.758157,0.029338,0.048731,0.05007,TRUE,TRUE,7.187977,-0.019344,18.372574,12.8034,49.9495,-0.356563,0.2454,-0.0778,-0.73,17.60,19.29,-29.140637,0,4.61,137.59,0.8655,-0.006171,0.008816,2.4955,-0.8345,-5.13,0.99887,-201798200,-29.844147,-44521104711.623688,-7.6441,59.1084,-12.40,-0.59,0,-0.06,-1.1174,-0.093892,-0.006171,0.0514
12-10-24,95.760002,95.769997,94.190002,90.863914,2902100,92.086146,91.889782,84.820797,0.04151,0.044621,0.050436,FALSE,TRUE,7.068985,-0.017946,-5.263265,13.0551,42.6109,-6.491886,0.0992,-0.1792,-1.98,16.31,17.76,-61.865871,-0.953893,4.62,140.26,0.8833,-0.006424,0.009173,2.5465,-1.3522,-5.13,0.998567,-204700300,27.296254,-44536225387.912598,-7.5264,51.5713,-12.24,-2.38,0,-0.09,-1.6556,-0.095776,-0.006424,-0.8714
12-11-24,94.529999,94.980003,94.010002,90.652367,4294900,92.095282,91.841316,84.881913,0.051711,0.040532,0.0508,FALSE,TRUE,6.959403,-0.017815,-6.358386,13.4123,41.5700,-6.774922,-0.0334,-0.2494,-2.62,15.02,17.16,-64.69439,0.201964,4.66,139.21,0.8796,-0.006374,0.009109,2.6100,-1.2181,-5.13,1.486783,-208995200,-7.553059,-44570253670.495575,-7.6641,50.1136,-12.42,-4.06,0,-0.08,-1.5151,-0.095441,-0.006374,-1.0365
12-12-24,94.029999,95.129997,94.029999,90.508125,2255100,92.072203,91.796505,84.938339,0.058881,0.036479,0.051161,FALSE,TRUE,6.858166,-0.017944,-17.28391,13.5905,40.8374,-9.112045,-0.1484,-0.2916,-3.78,14.37,17.05,-67.473609,-0.50739,4.66,141.54,0.8797,-0.006374,0.009106,2.7550,-1.2292,-5.13,0.789253,-211250300,-21.814652,-44586949112.111206,-7.6343,49.1609,-12.11,-4.99,0,-0.08,-1.5278,-0.095424,-0.006374,-1.1051
12-13-24,93.989998,94.190002,93.589996,90.248482,2796200,92.077011,91.763425,84.990104,0.06318,0.032528,0.051521,FALSE,TRUE,6.773321,-0.018294,-31.241833,14.0828,39.4885,-3.12245,-0.2576,-0.3206,-4.37,14.07,12.41,-59.563533,0.106665,4.60,140.87,0.8801,-0.006429,0.009249,2.9729,-1.3209,-5.13,0.994498,-214046500,-24.590076,-44620890138.920624,-7.8582,41.8536,-11.57,-5.01,0,-0.09,-1.6272,-0.096173,-0.006429,-1.2981
12-16-24,93.800003,94.580002,93.449997,89.931145,3644900,92.063549,91.732845,85.035519,0.06361,0.028695,0.051877,FALSE,TRUE,6.697326,-0.019607,-61.144773,14.1150,37.8431,-3.72683,-0.3654,-0.3427,-4.04,14.11,8.87,-61.19743,-0.298509,4.52,142.87,0.8799,-0.006409,0.009197,3.2646,-1.3076,-5.15,1.276854,-217691400,30.810365,-44647235585.975555,-7.8699,31.8205,-11.03,-4.62,0,-0.09,-1.6139,-0.095902,-0.006409,-1.4926
12-17-24,93.139999,93.830002,92.830002,89.498413,3020200,91.995753,91.709766,85.074989,0.061114,0.024904,0.052232,FALSE,TRUE,6.634777,-0.019878,-73.134678,14.6207,35.6611,-5.176316,-0.4803,-0.3661,-4.39,13.12,9.89,-52.301276,-1.492393,4.52,151.84,0.8706,-0.006667,0.010189,3.5883,-1.7691,-5.61,1.04788,-220711600,22.369434,-44670379914.631561,-7.9924,24.4003,-11.73,-5.55,0,-0.11,-2.1043,-0.10094,-0.006667,-1.6447
12-18-24,92.830002,93.269997,89.209999,85.805771,5409800,91.721209,91.60918,85.100945,0.053001,0.020972,0.052582,FALSE,TRUE,6.508235,-0.025715,-94.551012,16.9416,23.3098,-16.178717,-0.8594,-0.5962,-8.35,8.76,5.60,-34.455761,-6.014331,4.64,205.36,1.0145,-0.006455,0.006983,4.0262,-2.6311,-9.50,1.8029,-226121400,77.860337,-44684861736.723747,-7.6866,16.8732,-12.08,-7.37,0,-0.19,-2.9391,-0.083562,-0.006455,-2.8805
12-19-24,89.470001,90.150002,87.790001,84.478737,5403600,91.386083,91.48013,85.118258,0.03814,0.016823,0.052926,FALSE,FALSE,6.361872,-0.034322,-95.023092,19.5576,20.5545,-17.288607,-1.2525,-0.7914,-9.41,6.81,3.18,-33.279046,-7.350767,4.72,261.62,1.0284,-0.006526,0.006944,3.7956,-2.8220,-10.90,1.735461,-231525000,71.924913,-44705428677.171814,-7.3656,15.7215,-12.47,-8.67,0,-0.20,-3.1343,-0.08333,-0.006526,-2.6402
12-20-24,87.849998,90.339996,87.849998,85.901939,7622200,91.088461,91.3957,85.142781,0.017824,0.012558,0.053266,FALSE,TRUE,6.252919,-0.041523,-67.889986,21.7973,30.0975,-5.563653,-1.4327,-0.7772,-8.79,7.78,6.21,-20.258172,-6.480315,4.85,288.49,1.0509,-0.005924,0.005461,3.9538,-2.1091,-10.90,2.278467,-223902800,155.042495,-44724977390.162941,-6.9325,29.4857,-12.37,-6.93,0,-0.16,-2.3757,-0.073897,-0.005924,-1.7978
12-23-24,88.18,88.93,87.839996,86.237877,4548900,90.773016,91.297601,85.164314,-0.006598,0.008169,0.053601,FALSE,TRUE,6.133288,-0.047588,-60.976398,23.8804,32.1686,8.858887,-1.5307,-0.7002,-8.56,9.55,5.69,-18.153507,-6.816969,4.74,305.68,1.0526,-0.00584,0.005292,4.1623,-2.0396,-10.90,1.327921,-219353900,54.530013,-44742898500.477287,-6.5105,28.1797,-12.78,-6.18,0,-0.15,-2.3004,-0.072747,-0.00584,-1.4836
12-24-24,88.550003,89.510002,88.510002,86.81073,2182600,90.421786,91.199998,85.190672,-0.034336,0.003703,0.053932,FALSE,TRUE,6.009326,-0.051102,-51.418828,25.1938,35.6690,15.114496,-1.5443,-0.5711,-7.33,10.62,5.98,-11.466872,-7.486105,4.67,308.98,1.0509,-0.005841,0.005312,4.3788,-2.0736,-10.90,0.654521,-217171300,-45.451365,-44752498763.291618,-6.4896,32.3846,-12.09,-5.48,0,-0.15,-2.3354,-0.072886,-0.005841,-1.1687
12-26-24,89.169998,89.739998,88.730003,87.043755,2577400,90.063454,91.084937,85.219082,-0.064034,-0.000688,0.054261,FALSE,TRUE,5.865855,-0.054879,-47.109383,26.1696,37.0912,6.993706,-1.5189,-0.4365,-6.24,9.85,5.48,-8.738247,-7.607045,4.60,304.25,1.0498,-0.004945,0.007486,4.6267,-1.8451,-10.90,0.775206,-214593900,-7.103983,-44763682423.175896,-6.4061,37.6197,93.76,109.85,,-0.14,-2.2089,-0.086519,-0.004945,-0.9925
12-27-24,89.120003,89.769997,88.5,86.169914,3816700,89.631141,90.932013,85.245178,-0.09586,-0.005096,0.054588,FALSE,TRUE,5.686835,-0.060307,-50.532906,27.1857,34.0512,1.882561,-1.5513,-0.3751,-7.29,7.88,3.92,-19.263822,-9.118989,4.52,294.44,1.0557,-0.004909,0.00738,4.9454,-1.9983,-10.90,1.123724,-218410600,60.156938,-44781504259.878189,-6.1225,32.7043,-11.48,-7.64,0,-0.14,-2.1348,-0.085904,-0.004909,-1.1755
12-30-24,88.419998,88.559998,87.440002,85.742706,4402400,89.198621,90.785354,85.275208,-0.128067,-0.009485,0.05491,FALSE,TRUE,5.510146,-0.067504,-55.729401,28.6024,32.6426,-3.026382,-1.5931,-0.3336,-8.47,8.37,2.67,-20.375718,-9.164212,4.39,284.16,1.0518,-0.004834,0.007211,4.1068,-1.9010,-10.90,1.250513,-222813000,129.00541,-44799249890.439499,-5.9420,26.4383,-11.83,,0,-0.13,-2.0305,-0.084918,-0.004834,-1.2162
12-31-24,88.970001,89.290001,88.279999,86.490326,5045100,88.872239,90.6398,85.309864,-0.158493,-0.013831,0.055229,FALSE,TRUE,5.329936,-0.073884,-39.764005,29.1182,37.5140,0.42285,-1.5481,-0.2308,-7.08,8.80,4.81,-12.349508,-7.017613,4.35,275.33,1.0582,-0.00456,0.006332,4.1169,-1.5512,-10.90,1.405414,-217767900,37.866863,-44822174315.996407,-5.8185,34.2563,-10.82,-6.06,0,-0.11,-1.6511,-0.079576,-0.00456,-0.8651
01-02-25,89.089996,89.269997,88.010002,85.723289,5296100,88.531066,90.515639,85.340497,-0.187745,-0.018166,0.055544,FALSE,TRUE,5.175142,-0.082613,-42.659919,29.7320,34.7382,0.686979,-1.5563,-0.1913,-7.57,7.94,3.00,-22.323981,-7.372998,4.28,269.62,1.0582,-0.004592,0.006424,4.2338,-1.5520,-10.90,1.410435,-223064000,165.801757,-44846693767.814751,-5.6524,33.8318,-11.98,-6.05,0,-0.11,-1.6527,-0.080147,-0.004592,-1.0414
01-03-25,88.5,89.540001,88.220001,86.849564,3469900,88.258707,90.411311,85.376902,-0.215319,-0.022384,0.055856,FALSE,TRUE,5.034409,-0.088913,-29.183547,29.9998,41.5744,8.931744,-1.4552,-0.0721,-5.50,9.06,6.90,-8.269452,-5.901813,4.17,256.79,1.0730,-0.004345,0.005587,4.1231,-1.2563,-10.90,0.908965,-219594100,56.280683,-44857368641.457497,-5.4585,35.0380,-10.94,-6.61,0,-0.09,-1.3300,-0.074749,-0.004345,-0.5488
01-06-25,89.330002,89.720001,88.160004,85.733002,4206500,87.941579,90.27119,85.40511,-0.240037,-0.02655,0.056161,FALSE,TRUE,4.86608,-0.096658,-33.714462,30.0426,37.3926,-0.121436,-1.4485,-0.0523,-6.26,7.31,5.72,-23.907575,-6.888429,4.15,246.11,1.0841,-0.004582,0.006081,4.0229,-1.5830,-10.90,1.083694,-223800600,43.944838,-44874663859.012955,-5.1715,34.3168,-10.65,-7.94,0,-0.11,-1.6819,-0.077983,-0.004582,-0.8974
01-07-25,88.68,88.989998,87.230003,84.917412,5679000,87.590402,90.110717,85.426344,-0.26269,-0.030691,0.056462,FALSE,FALSE,4.684374,-0.106821,-36.091947,30.6139,34.6508,-0.087348,-1.4918,-0.0765,-6.33,6.32,4.98,-35.039274,-7.639175,4.10,235.94,1.0850,-0.004571,0.006042,3.8511,-1.5972,-10.90,1.394552,-229479600,204.324527,-44895267004.942917,-5.0288,33.3438,-10.61,-8.91,0,-0.12,-1.6966,-0.07773,-0.004571,-1.1329
01-08-25,87.449997,87.760002,86.610001,85.140732,5250300,87.23741,89.972213,85.453771,-0.28356,-0.034767,0.056756,FALSE,FALSE,4.518442,-0.114601,-31.849403,31.4608,36.0339,-5.540526,-1.4909,-0.0605,-6.27,5.81,3.78,-22.061106,-7.657051,4.00,215.24,1.0741,-0.004755,0.006678,1.5205,-1.8272,-10.90,1.252698,-224229300,82.816254,-44913933116.662979,-4.6864,32.3134,-11.30,-8.46,0,-0.13,-1.9467,-0.081721,-0.004755,-0.9741
01-10-25,86.309998,86.519997,85.480003,83.062943,10056500,86.847361,89.786383,85.473259,-0.303335,-0.03885,0.057041,FALSE,FALSE,4.313124,-0.124524,-22.729445,32.7528,29.7295,-7.663032,-1.6389,-0.1668,-8.65,0.35,1.93,-49.733834,-8.585336,3.87,216.74,1.1112,-0.002267,0.000721,1.9135,-2.4904,-12.40,2.210747,-234285800,246.52493,-44970734480.851547,-4.7760,30.3376,-11.57,-11.57,0,-0.17,-2.4489,-0.026853,-0.002267,-1.7460
01-13-25,85.480003,86.68,85.279999,84.082413,3740200,86.518864,89.634213,85.499445,-0.319781,-0.042902,0.057319,FALSE,FALSE,4.134768,-0.130423,-3.370181,34.0351,35.6760,1.025166,-1.6549,-0.1462,-6.70,0.82,3.06,-23.66772,-7.247416,3.76,205.54,1.1116,-0.002133,0.000621,1.9667,-2.4844,-12.40,0.827262,-230545600,-12.915318,-44980873547.277344,-4.5411,36.5184,-8.63,-9.65,0,-0.15,-2.0970,-0.024926,-0.002133,-1.1854
01-14-25,86.970001,87.580002,86.75,84.849457,3829900,86.23593,89.489306,85.519294,-0.332248,-0.046858,0.05759,FALSE,FALSE,3.970012,-0.132852,-9.478778,34.1499,39.8035,3.769637,-1.5874,-0.0630,-6.90,1.05,4.97,-9.588913,-6.252111,3.53,185.72,1.1083,-0.002224,0.00068,2.0491,-2.5362,-12.40,0.832601,-226715700,69.832823,-45002242903.646492,-4.5141,32.6475,-8.20,-9.11,0,-0.15,-2.1508,-0.026069,-0.002224,-0.7465
01-15-25,89.790001,89.870003,87.839996,85.334915,3886700,85.990252,89.385265,85.538697,-0.339372,-0.050699,0.057854,FALSE,FALSE,3.846568,-0.135241,-8.024123,32.1734,42.3259,12.596343,-1.4777,0.0374,-6.93,0.40,4.94,1.196434,-5.444487,3.68,160.66,1.1092,-0.001888,0.000489,2.1007,-2.2095,-12.40,0.835051,-222829000,38.999356,-45015722183.224586,-4.2415,39.1646,,-9.59,0,-0.13,-1.8121,-0.022123,-0.001888,-0.4079
01-16-25,88.089996,89.800003,87.809998,87.102005,4112800,85.848795,89.336568,85.573765,-0.339577,-0.054341,0.058114,FALSE,TRUE,3.762803,-0.133131,2.340061,30.3582,50.4629,14.786853,-1.2339,0.2249,-6.14,1.78,7.91,39.69509,-3.145895,3.70,134.45,1.1399,-0.001638,0.000349,2.1518,-1.8421,-12.40,0.879209,-218716200,12.837115,-45022761439.241821,-4.0139,40.9847,-8.77,-9.07,0,-0.10,-1.4452,-0.018671,-0.001638,0.9321
01-17-25,89.970001,90.260002,89.650002,87.043755,3672400,85.726062,89.267088,85.61358,-0.33326,-0.057875,0.058367,FALSE,TRUE,3.653508,-0.133858,0,28.3101,50.2114,10.407869,-1.0335,0.3403,-7.22,2.62,9.85,35.416759,-2.742684,3.72,107.98,1.1139,-0.001402,0.000268,2.1518,-1.4356,-12.40,0.779628,-222388600,21.594596,-45057814730.114075,-4.1125,41.9907,-10.30,-9.91,0,-0.07,-1.0178,-0.016372,-0.001402,1.2203
01-21-25,90.099998,91.389999,90.019997,88.674919,3634900,85.869519,89.206191,85.661128,-0.3198,-0.061212,0.058616,FALSE,TRUE,3.545064,-0.131412,19.225085,26.9794,56.7163,14.390441,-0.7346,0.5113,-4.73,4.73,12.51,55.563339,3.343771,3.78,126.55,1.1420,-0.000947,0.000116,3.6191,-1.0001,-12.40,0.786485,-218753700,-32.808976,-45068587166.54631,-4.1513,47.7196,-8.04,-8.84,0,-0.04,-0.5762,-0.010792,-0.000947,2.2167
01-22-25,91.059998,91.059998,89.68,87.131126,2966300,86.002139,89.15346,85.703499,-0.300938,-0.064427,0.058859,FALSE,TRUE,3.449961,-0.130167,9.814611,25.4699,50.0512,-0.411601,-0.6152,0.5046,-7.08,1.85,9.25,30.296685,3.139713,3.85,125.10,1.1576,-0.001323,0.000221,3.5402,-1.5517,-12.40,0.659201,-221720000,-45.105115,-45082511060.316734,-4.1900,48.7248,-9.95,-10.87,0,-0.08,-1.1491,-0.014862,-0.001323,0.9024
01-23-25,89.889999,90.419998,89.050003,87.771942,2706900,86.095639,89.092005,85.74705,-0.277343,-0.067467,0.059097,FALSE,TRUE,3.344956,-0.127217,9.128543,23.7259,52.5442,2.33284,-0.4635,0.5250,-4.52,2.68,9.40,40.784666,2.176904,3.80,131.16,1.1619,-0.001186,0.000176,3.4891,-1.4280,-12.40,0.636308,-219013100,-64.486631,-45090268464.573616,-4.2934,42.3995,-8.48,-11.14,0,-0.08,-1.0222,-0.013277,-0.001186,1.2781
01-24-25,90.080002,91.290001,90.040001,88.072929,3267300,86.187392,89.009452,85.787867,-0.24991,-0.070293,0.059331,FALSE,TRUE,3.221586,-0.12497,17.310356,22.5939,53.7128,-3.003557,-0.3154,0.5385,-4.34,4.57,10.53,45.710807,2.127896,3.85,138.42,1.1577,-0.001004,0.000127,3.3787,-1.1396,-12.40,0.779786,-215745800,-28.173844,-45103818985.086311,-4.3069,49.3204,-8.59,-10.19,0,-0.05,-0.7243,-0.01128,-0.001004,1.3622
01-27-25,90.699997,91.949997,90.589996,89.247757,4107700,86.309243,88.959627,85.829236,-0.219386,-0.072882,0.059563,TRUE,TRUE,3.130391,-0.120087,17.605086,21.9859,58.0545,8.003207,-0.1020,0.6015,-3.76,6.32,13.63,59.486646,2.807288,3.80,154.04,1.1708,-0.000882,0.000096,3.8512,-0.8962,-12.40,0.958344,-211638100,88.202144,-45116034794.242706,-4.2407,49.9461,-8.31,-8.27,0,-0.04,-0.4799,-0.009802,-0.000882,1.9076
01-28-25,91.650002,91.650002,90.589996,88.170029,2373800,86.365557,88.913635,85.881983,-0.187532,-0.075278,0.059792,FALSE,TRUE,3.031652,-0.117922,17.94131,21.4214,53.1311,0.586843,-0.0197,0.5471,-5.13,3.23,10.84,43.328796,1.293917,3.81,158.85,1.1773,-0.001038,0.000132,3.7186,-1.0013,-12.40,0.555136,-214011900,-7.899434,-45129247256.686836,-4.2745,51.4421,-10.36,-11.01,0,-0.04,-0.5919,-0.011475,-0.001038,1.1359
01-29-25,90.839996,91.080002,89.18,87.004913,2820000,86.407307,88.834339,85.927585,-0.156346,-0.077543,0.060015,FALSE,TRUE,2.906755,-0.116787,14.982584,20.0506,48.3565,-5.356236,-0.0479,0.4151,-5.50,1.34,9.68,25.860795,0.969015,3.83,159.41,1.1865,-0.001346,0.000217,3.5493,-1.3863,-12.40,0.667261,-216831900,-26.114182,-45138523825.469788,-4.2238,53.9666,-11.36,-13.29,0,-0.07,-0.9917,-0.014747,-0.001346,0.3749
01-30-25,90.68,91.519997,90.019997,88.111771,3485100,86.52576,88.793528,85.983336,-0.12545,-0.079604,0.060235,FALSE,TRUE,2.810192,-0.116194,20.052379,18.7939,52.7047,-5.349754,0.0189,0.3855,-4.59,1.84,10.35,42.455362,2.762992,3.92,162.97,1.1803,-0.000932,0.000106,3.3467,-0.7293,-12.40,0.833682,-213346800,-20.836362,-45150876070.107849,-4.2057,62.0555,-11.21,-13.87,0,-0.02,-0.3143,-0.010281,-0.000932,0.9732
01-31-25,90.510002,91.43,90.300003,87.917587,2566200,86.597123,88.747872,86.044663,-0.094668,-0.081464,0.060449,FALSE,TRUE,2.703209,-0.117481,37.537505,17.6269,51.8794,-1.25161,0.0555,0.3377,-4.12,1.98,11.15,39.544066,1.650198,4.09,165.91,1.1723,-0.000742,0.000068,2.8158,-0.5347,-12.40,0.632626,-215913000,-49.134804,-45164263102.343132,-4.2166,71.3058,-9.82,-11.25,0,-0.01,-0.1103,-0.008238,-0.000742,0.7959
02-03-25,89.75,90.709999,88.919998,87.733109,5187600,86.697614,88.685448,86.110389,-0.064416,-0.083175,0.060657,FALSE,TRUE,2.575058,-0.117317,30.176542,17.2385,51.0614,2.704907,0.0688,0.2808,-4.74,0.75,11.98,18.905944,2.344543,4.03,166.42,1.1632,-0.000931,0.000108,2.3962,-0.8358,-12.40,1.280573,-221100600,-2.048677,-45176330149.930923,-4.0686,61.5805,-9.31,-12.94,0,-0.03,-0.4166,-0.010413,-0.000931,0.6222
02-04-25,89.809998,90.639999,89.5,87.801079,3371500,86.74519,88.615536,86.179187,-0.035028,-0.084793,0.060859,FALSE,TRUE,2.436349,-0.11485,25.894329,16.8779,51.3657,-1.338993,0.0839,0.2367,-3.02,0.88,10.08,-0.215429,1.09559,3.98,168.23,1.1493,-0.001215,0.000189,2.0481,-1.1337,-12.40,0.833276,-217729100,-2.835817,-45189750625.202301,-4.1075,61.3147,-8.92,-15.04,0,-0.05,-0.7200,-0.013749,-0.001215,0.6277
02-05-25,91.279999,91.900002,90.470001,89.034157,3310400,86.910247,88.572594,86.254103,-0.006013,-0.086249,0.061055,TRUE,TRUE,2.318492,-0.113453,30.455609,15.8551,56.6334,4.753947,0.1931,0.2767,-0.56,5.31,13.02,29.569068,3.850507,3.85,173.87,1.1323,-0.000245,0.000008,1.6811,-0.3253,-12.40,0.827336,-214418700,-21.302746,-45199708883.045906,-4.0618,60.9397,-7.32,,0,0.01,0.1283,-0.002819,-0.000245,1.2215
02-06-25,92.209999,92.209999,91.339996,89.257462,3468600,87.12725,88.520656,86.328345,0.022108,-0.087549,0.061245,TRUE,TRUE,2.19231,-0.109823,20.329597,15.1398,57.5305,6.46906,0.2943,0.3023,-1.39,3.53,15.74,10.257243,5.110907,3.74,174.77,1.1217,-0.000494,0.000033,1.5625,-0.5522,-12.40,0.891498,-210950100,-38.922345,-45219783132.168526,-4.1703,60.4994,-8.01,-14.91,0,-0.01,-0.1035,-0.005734,-0.000494,1.2188
02-07-25,92.099998,92.160004,91.099998,88.966187,2516200,87.318523,88.449044,86.397835,0.048084,-0.088749,0.061428,TRUE,TRUE,2.051209,-0.104284,17.741848,14.2691,55.9059,4.54022,0.3470,0.2840,-3.00,3.90,13.83,1.403901,4.493096,3.73,172.81,1.1045,-0.000753,0.000079,1.4176,-0.9965,-12.40,0.670263,-213466300,-52.07512,-45232429655.47477,-4.2420,54.0050,-8.61,-14.25,0,-0.04,-0.5533,-0.008875,-0.000753,0.9534
02-10-25,91.790001,91.839996,90.900002,88.927353,2195400,87.611743,88.350884,86.463693,0.071968,-0.089861,0.061606,TRUE,TRUE,1.887192,-0.099412,2.731007,13.2848,55.6802,-0.95321,0.3812,0.2546,-0.94,2.85,13.94,0.223548,7.060201,3.61,144.19,1.1029,-0.000667,0.000062,1.4103,-0.8883,-12.40,0.653199,-215661700,-78.169343,-45243839473.950989,-4.0629,47.5355,-6.27,-14.41,0,-0.03,-0.4408,-0.007878,-0.000667,0.9124
02-11-25,91.18,92.029999,91.089996,89.31572,2260000,87.873409,88.252991,86.530786,0.093254,-0.090825,0.061777,TRUE,TRUE,1.722205,-0.095898,27.010896,12.5405,57.5273,-0.003177,0.4347,0.2464,-1.68,2.82,13.52,12.028004,6.224021,3.65,122.64,1.0905,-0.000264,0.00001,1.3092,-0.4568,-12.40,0.68756,-213401700,-39.575424,-45254631080.340187,-4.1643,53.4843,-6.34,-14.11,0,0.000817,0.0119,-0.003159,-0.000264,1.1760
02-12-25,90.150002,91.43,90.010002,88.49044,4747200,88.055458,88.126476,86.595919,0.110637,-0.091663,0.061941,TRUE,TRUE,1.530557,-0.092825,8.685607,12.3772,52.5183,-3.387672,0.4058,0.1740,-4.02,2.63,12.29,-13.056464,4.29111,3.59,100.40,1.0941,-0.000495,0.000035,1.2497,-0.8124,-12.40,1.424367,-218148900,23.951017,-45269538383.051315,-4.0100,51.0653,-8.45,-13.48,0,-0.02,-0.3562,-0.005893,-0.000495,0.4333
02-13-25,91,92.209999,90.809998,89.373985,3734300,88.257411,88.026094,86.665281,0.124289,-0.09232,0.062098,TRUE,TRUE,1.360813,-0.089552,14.693156,11.5148,56.8501,1.16994,0.4490,0.1738,-2.58,2.76,13.39,13.798997,4.733198,3.57,81.67,1.0963,-0.000099,0.000001,1.2415,-0.3530,-12.40,1.12302,-214414600,-3.921064,-45280933389.862724,-3.9879,51.6026,-7.42,-13.02,0,0.01,0.1187,-0.001171,-0.000099,1.3672
02-14-25,92.279999,92.690002,91.610001,88.966187,2344300,88.35062,87.945058,86.728743,0.13363,-0.092789,0.062246,TRUE,TRUE,1.216316,-0.086822,-3.481416,11.0749,54.3840,-3.14336,0.4452,0.1360,-1.66,2.02,15.25,1.225154,2.140228,3.54,78.36,1.0977,-0.000141,0.000003,1.2470,-0.4753,-12.40,0.724264,-216758900,-42.999903,-45294755250.707039,-4.2016,49.6834,-4.89,-12.08,0,-0.000498,-0.0072,-0.001669,-0.000141,0.7856
02-18-25,91.489998,92.360001,91.370003,89.364273,2500700,88.466646,87.881409,86.800647,0.138929,-0.09309,0.062386,TRUE,TRUE,1.080762,-0.082263,16.120634,10.4445,56.3735,3.855258,0.4689,0.1278,-1.76,2.55,14.86,11.784467,2.665922,3.61,75.10,1.0951,-0.00017,0.000004,1.1938,-0.5435,-12.40,0.786824,-214258200,-31.905566,-45307388756.812111,-3.9263,49.5141,-5.24,-10.80,0,-0.01,-0.0759,-0.002018,-0.00017,1.1952
02-19-25,91.639999,92.339996,91.449997,89.432236,2339100,88.504512,87.824118,86.872749,0.142912,-0.093225,0.062518,TRUE,TRUE,0.951369,-0.07676,38.46165,9.8591,56.7206,-0.129548,0.4875,0.1171,-0.80,2.69,12.33,13.587187,0.854037,3.61,78.06,1.0932,-0.000243,0.000008,1.0078,-0.6439,-12.40,0.751294,-211919100,-35.648849,-45320334033.286125,-4.0429,55.3491,-3.88,-10.34,0,-0.01,-0.1788,-0.002898,-0.000243,1.1885
02-20-25,92.040001,92.660004,91.589996,89.859451,2920000,88.640928,87.779796,86.941714,0.146976,-0.09314,0.062644,TRUE,TRUE,0.838083,-0.070648,31.034688,9.6201,58.9322,4.548226,0.5307,0.1282,-0.38,2.33,14.04,24.919153,3.131286,3.49,76.62,1.0951,-0.000163,0.000004,1.2920,-0.4968,-12.40,0.93857,-208999100,-1.560867,-45332699186.44339,-4.0209,54.8211,-3.66,-9.95,0,-0.00,-0.0284,-0.001941,-0.000163,1.5903
02-21-25,92.720001,92.769997,91.099998,88.975899,2534600,88.701126,87.720495,87.003717,0.149408,-0.092835,0.062761,TRUE,TRUE,0.716779,-0.064771,16.743455,8.9782,52.9102,-3.463291,0.4879,0.0684,-2.07,1.44,13.12,1.451964,1.371687,3.49,74.12,1.0974,-0.000438,0.000027,1.1852,-0.9108,-12.40,0.816954,-211533700,-6.365215,-45341681390.134743,-4.0518,54.8231,-3.83,-9.80,0,-0.03,-0.4564,-0.005195,-0.000438,0.3707
02-24-25,91.769997,92.580002,91.370003,89.325432,3258700,88.763751,87.662993,87.067138,0.150266,-0.092295,0.062869,TRUE,TRUE,0.595855,-0.056987,24.550909,8.3822,54.8747,-1.845872,0.4768,0.0458,-2.16,1.30,12.94,-5.338482,1.42212,3.54,73.83,1.0940,-0.000523,0.000039,1.0149,-1.0010,-12.40,1.050492,-208275000,-0.263214,-45355952731.965294,-4.0640,65.1225,-3.84,-9.60,0,-0.04,-0.5485,-0.00622,-0.000523,0.7608
02-25-25,92.260002,93.550003,92.260002,90.422577,4329200,88.822492,87.654166,87.132419,0.150012,-0.091502,0.06297,TRUE,TRUE,0.521747,-0.045041,34.88365,8.6976,60.4518,1.519592,0.5501,0.0953,-0.83,2.25,14.11,11.654651,1.316358,3.61,82.09,1.0905,-0.000497,0.000035,1.3716,-1.0440,-12.40,1.390619,-203945800,5.392312,-45372614607.420547,-4.1209,66.0034,-2.82,-9.27,0,-0.04,-0.5900,-0.005932,-0.000497,1.9491
02-26-25,93.339996,93.540001,92.419998,90.043922,2828800,88.916187,87.641997,87.199056,0.148207,-0.09045,0.063062,TRUE,TRUE,0.442941,-0.032891,15.160387,8.9906,57.7968,4.886615,0.5711,0.0930,-1.97,-0.37,13.69,0.9582,2.125318,3.54,84.90,1.0898,-0.000657,0.000062,1.3136,-1.2433,-12.40,0.902071,-206774600,19.167579,-45387445954.89093,-4.1168,58.8436,-2.96,-11.31,0,-0.05,-0.7957,-0.007843,-0.000657,1.3283
02-27-25,92.760002,93.660004,92.610001,90.403168,2379800,89.0861,87.639898,87.259624,0.145652,-0.089109,0.063146,TRUE,TRUE,0.380274,-0.018893,16.857313,9.3796,59.6093,4.734567,0.6097,0.1053,-2.32,0.07,15.40,10.771655,3.905819,3.56,78.39,1.0876,-0.000757,0.000082,1.2676,-1.3052,-12.40,0.764254,-204394800,-15.609929,-45399829194.200363,-4.1958,57.7836,-2.30,-9.78,0,-0.06,-0.8603,-0.009057,-0.000757,1.6801
02-28-25,93.529999,93.940002,92.82,91.170197,4213800,89.239021,87.658332,87.325111,0.143125,-0.087407,0.063223,TRUE,TRUE,0.333221,-0.004111,30.307138,10.0165,63.2392,2.787469,0.6942,0.1518,-2.84,0.77,16.25,29.521484,3.471075,3.58,87.67,1.0929,-0.0004,0.000023,1.9081,-0.9855,-12.40,1.337578,-200181000,20.909013,-45416457143.332863,-4.2151,65.4171,-4.14,-10.86,0,-0.04,-0.5293,-0.004765,-0.0004,2.2029
03-03-25,94.040001,94.949997,93.800003,91.597397,4596700,89.423011,87.691657,87.391462,0.140272,-0.085306,0.063292,TRUE,TRUE,0.300195,0.009221,34.854177,11.4776,65.1195,7.322637,0.7865,0.1953,-2.77,1.63,15.62,32.13353,4.185522,3.64,96.63,1.0791,-0.000159,0.000004,2.2001,-0.5260,-12.40,1.413567,-195584300,79.124776,-45438662145.352341,-4.2191,72.1825,-2.52,-8.81,0,-0.00,-0.0511,-0.001922,-0.000159,2.2502
03-04-25,94.330002,94.900002,93.120003,90.539093,4541100,89.563311,87.712471,87.449507,0.136761,-0.082826,0.063355,TRUE,TRUE,0.262963,0.020098,14.685384,11.9255,57.3005,-2.308735,0.7655,0.1395,-4.51,0.77,13.32,10.710353,3.198319,3.70,91.01,1.0873,-0.000054,0,2.1196,-0.6799,-12.40,1.41049,-200125400,-12.46241,-45456371983.788231,-4.3491,63.8436,-2.04,-7.12,0,-0.01,-0.2084,-0.000651,-0.000054,1.0722
03-05-25,92.68,94.459999,92.489998,91.548859,2574000,89.7507,87.827332,87.507139,0.132369,-0.079937,0.063411,TRUE,TRUE,0.320193,0.032318,35.917848,11.5956,61.9901,-1.249188,0.8209,0.1558,-3.01,0.92,13.24,17.846889,4.26849,3.80,91.40,1.0968,0.000316,0.000014,1.9160,-0.3398,-12.40,0.809524,-197551400,-23.65416,-45461405365.366158,-4.2718,66.7412,-1.03,-7.63,0,0.01,0.1420,0.003757,0.000316,1.9674
03-06-25,93.339996,93.620003,91.639999,89.199211,4968800,89.758952,87.921742,87.553305,0.126181,-0.076779,0.063458,TRUE,TRUE,0.368437,0.040353,-1.751044,11.1203,48.6114,-16.508059,0.6674,0.0019,-4.11,-1.62,9.31,-49.37112,0.185383,3.76,90.79,1.1452,0.000193,0.000005,1.9339,-0.8630,-12.40,1.522973,-202520200,50.096665,-45478624436.264694,-4.2745,56.9764,-1.19,-9.97,0,-0.03,-0.4123,0.002191,0.000193,-0.6165
03-07-25,91.900002,92.839996,91.309998,89.733223,4447100,89.78274,87.998368,87.602188,0.119476,-0.073306,0.063497,TRUE,TRUE,0.39618,0.049195,7.588895,10.9883,51.1897,-6.110808,0.5822,-0.0666,-3.04,-1.31,11.31,-35.500677,0.533021,3.77,90.03,1.1481,0.000373,0.000018,1.8564,-0.6892,-12.40,1.34293,-198073100,28.210229,-45492237653.788383,-4.1138,49.7207,-0.82,-10.48,0,-0.02,-0.2329,0.004223,0.000373,-0.0550
03-10-25,92.32,93.32,91.029999,88.869102,3534300,89.777886,88.050992,87.649105,0.111728,-0.069623,0.063528,TRUE,TRUE,0.401887,0.057184,-4.683178,10.3459,47.0739,-14.916154,0.4399,-0.1672,-3.71,-1.94,9.69,-55.124931,-0.109125,3.82,90.52,1.1536,0.00029,0.000011,1.9119,-0.9716,-12.40,1.051126,-201607400,40.461807,-45502442043.521355,-4.0152,48.6905,-0.17,-9.84,0,-0.04,-0.5234,0.003264,0.00029,-1.0040
03-11-25,91.529999,92,89.910004,87.8302,3918700,89.723029,88.071382,87.690969,0.104128,-0.06582,0.063551,FALSE,TRUE,0.380413,0.061388,-13.877254,10.7529,42.6355,-5.97594,0.2405,-0.2932,-4.61,-3.00,8.44,-41.265997,-1.233763,3.88,98.88,1.1484,0.000383,0.000019,2.1129,-0.9113,-12.40,1.136329,-205526100,78.495946,-45514159920.675476,-3.9193,42.6992,-0.09,-10.80,0,-0.03,-0.4579,0.004339,0.000383,-1.9143
03-12-25,90.610001,90.959999,89.760002,87.55835,3303000,89.63516,88.081673,87.735053,0.09623,-0.061973,0.063565,FALSE,FALSE,0.346621,0.064957,-20.204666,11.2523,41.5320,-9.657743,0.0598,-0.3791,-4.77,-4.36,6.87,-42.421093,-1.967593,3.88,109.89,1.1486,0.000364,0.000017,2.3656,-0.9288,-12.40,0.943523,-208829100,46.150442,-45529583048.658897,-3.9271,36.7837,-0.77,-11.51,0,-0.03,-0.4762,0.004118,0.000364,-1.8900
03-13-25,90.18,90.800003,88.290001,85.830093,3881600,89.502143,88.074877,87.778972,0.086657,-0.058228,0.063568,FALSE,FALSE,0.295905,0.065621,-25.714332,12.7510,35.2803,-11.793594,-0.2202,-0.5274,-6.91,-7.59,5.26,-36.935571,-3.006367,3.99,137.18,1.1751,0.000224,0.000006,2.8005,-1.3164,-12.40,1.122684,-212710700,-18.233906,-45541072910.769409,-3.9268,35.9286,-2.20,-14.00,0,-0.07,-0.8827,0.002478,0.000224,-2.6768
03-14-25,89.160004,90.25,88.650002,87.548637,3769100,89.410875,88.110996,87.831202,0.076792,-0.054484,0.063562,FALSE,FALSE,0.279794,0.068921,-13.062094,14.1426,44.2646,1.629084,-0.3001,-0.4858,-3.65,-5.56,7.60,-11.131591,-2.04237,3.97,143.98,1.2051,0.000951,0.000105,2.9663,-0.7811,-12.40,1.089597,-208941600,0.931902,-45550030955.173004,-3.8896,36.4278,-0.85,-12.73,0,-0.03,-0.3349,0.010264,0.000951,-1.2934
03-17-25,90.040001,92,90.040001,89.043861,2233300,89.414759,88.162066,87.893451,0.066721,-0.050718,0.063549,TRUE,TRUE,0.268616,0.074285,-9.847437,13.5871,50.6796,9.14766,-0.2399,-0.3405,-1.77,-4.35,10.00,11.319233,0.087308,3.93,143.87,1.2253,0.001437,0.000233,3.0392,-0.3235,-12.40,0.646655,-206708300,-4.734889,-45554534336.237694,-3.7610,33.7484,0.82,-11.29,0,0.01,0.1319,0.015261,0.001437,-0.2578
03-18-25,91.57,92.110001,90.870003,88.57782,1956000,89.375436,88.219157,87.95709,0.05632,-0.046885,0.063527,TRUE,TRUE,0.262067,0.078201,-10.406642,12.9721,48.7945,13.514182,-0.2272,-0.2623,-2.13,-5.83,11.09,4.321608,-0.880053,3.94,145.08,1.2256,0.001448,0.000236,3.1317,-0.3325,-12.40,0.570864,-208664300,-21.781901,-45563721816.108978,-3.7406,38.2209,-0.18,-12.05,0,0.01,0.1230,0.015365,0.001448,-0.5498
03-19-25,91.239998,92.029999,90.57,88.684624,1882100,89.338056,88.255858,88.015706,0.044616,-0.043,0.063497,TRUE,TRUE,0.240152,0.076084,-12.421084,12.6518,49.2603,4.995741,-0.2062,-0.1930,-1.73,-6.03,11.47,5.925271,-0.835954,3.92,145.89,1.1001,0.001225,0.000211,3.2262,0.6509,-12.40,0.552984,-206782200,-19.537429,-45570464831.657799,-3.6746,33.7989,-1.69,-13.18,0,0.08,1.1691,0.014531,0.001225,-0.4479
03-20-25,91.309998,91.839996,90.870003,88.626358,2041100,89.276401,88.313725,88.066825,0.032931,-0.039115,0.063459,TRUE,TRUE,0.2469,0.071463,-19.378765,12.3544,48.9984,-1.681204,-0.1920,-0.1430,-1.45,-5.43,11.34,5.05041,-1.372247,3.90,146.18,1.0798,0.001369,0.000274,3.3383,1.0259,-12.40,0.607544,-208823300,-30.099315,-45581948268.736115,-3.7095,30.6539,-1.78,-12.77,0,0.11,1.5643,0.016559,0.001369,-0.4447
03-21-25,90.75,90.900002,89.709999,87.645721,3395100,89.209892,88.368291,88.113936,0.020292,-0.035307,0.063415,FALSE,FALSE,0.254356,0.067415,-28.885726,13.0078,44.6922,-4.102284,-0.2569,-0.1664,-2.07,-6.37,10.15,-9.747041,-1.494986,3.82,150.57,1.0698,0.000823,0.000101,3.4856,0.3452,-12.40,0.997791,-212218400,33.95013,-45597122216.916603,-3.7536,21.3581,-2.16,-13.80,0,0.06,0.8630,0.010042,0.000823,-1.0388
03-24-25,90.849998,91.809998,90.510002,88.995323,3719000,89.193387,88.445383,88.164781,0.00764,-0.031489,0.063363,TRUE,TRUE,0.280603,0.066053,-11.049285,12.6837,51.0661,1.805823,-0.1972,-0.0853,3.72,-4.94,11.12,11.431483,-0.369557,3.83,150.62,1.0864,0.00121,0.000211,3.5522,0.6197,-12.40,1.08564,-208499400,14.125265,-45609507541.331337,-3.7008,29.9634,-0.17,-12.71,0,0.08,1.1435,0.01453,0.00121,-0.1315
03-25-25,90.620003,90.739998,89.169998,87.996758,4210000,89.072096,88.54406,88.211104,-0.006463,-0.027747,0.063305,FALSE,FALSE,0.332956,0.063871,-25.44399,13.3330,46.7712,-2.227221,-0.2278,-0.0927,4.16,-5.64,9.08,-5.501751,-2.682759,3.70,149.97,1.0940,0.000885,0.000111,1.9174,0.1834,-12.40,1.231113,-212709400,-2.753396,-45620009699.478508,-3.6172,28.9991,-0.45,-13.45,0,0.05,0.6882,0.010546,0.000885,-0.7170
03-26-25,89.940002,90.529999,89.730003,88.340073,3094100,88.986903,88.629213,88.25839,-0.020679,-0.024059,0.063241,FALSE,TRUE,0.370823,0.062582,-7.186954,13.9360,48.3787,3.686503,-0.2218,-0.0694,2.84,-6.20,10.90,0.995462,-1.892243,3.72,148.99,1.0945,0.754191,0.333095,1.9553,0.2127,-12.40,0.901299,-209615300,9.378535,-45633855322.640526,-3.5889,37.0515,-0.32,-13.05,0,0.02,0.2902,0.577144,0.754191,-0.4341
03-27-25,90.279999,90.940002,89.610001,88.114464,2993000,88.872468,88.694513,88.308268,-0.033953,-0.020475,0.06317,FALSE,FALSE,0.386245,0.059369,-13.900015,14.0693,47.3664,-3.699742,-0.2326,-0.0641,2.18,-6.57,11.30,-3.489804,-2.531663,3.64,146.31,1.0868,0.754466,0.332919,1.3822,0.3965,-12.40,0.864131,-212608300,25.766871,-45643579353.456352,-3.5187,45.1483,-0.32,-13.39,0,0.01,0.2113,0.576992,0.754466,-0.5181
03-28-25,90.120003,90.279999,89.129997,87.996758,3602900,88.713796,88.74775,88.356239,-0.046758,-0.016944,0.063091,FALSE,FALSE,0.391511,0.055131,-8.003662,14.5433,46.8160,0.044754,-0.2478,-0.0634,1.37,-6.07,11.61,-7.67653,-3.480786,3.53,136.99,1.0847,0.714844,0.315443,1.4165,0.4856,-12.40,1.049475,-216211200,-14.497603,-45654283025.741119,-3.4638,45.1567,0.83,-11.39,0,0.03,0.5301,0.561643,0.714844,-0.5234
03-31-25,89.730003,91.080002,89.730003,88.810905,2964400,88.574472,88.781928,88.409694,-0.057859,-0.013391,0.063006,TRUE,TRUE,0.372234,0.05337,9.187306,14.1675,51.0528,2.674043,-0.1919,-0.0061,2.03,-4.33,9.81,13.636246,-3.042108,3.50,119.12,1.0854,0.715217,0.319002,1.3707,0.4982,-12.40,0.884517,-213246800,-35.510257,-45661283835.956604,-3.3213,53.0741,,-10.00,0,0.03,0.4630,0.564803,0.715217,0.1985
04-01-25,90.790001,90.989998,89.480003,88.850143,4276600,88.490024,88.818056,88.45986,-0.066675,-0.00987,0.062913,TRUE,TRUE,0.358196,0.050244,12.371187,14.0185,51.2543,3.887923,-0.1428,0.0344,3.11,-4.41,9.08,14.663418,-1.865437,3.42,110.11,1.0784,0.730917,0.336043,1.2974,0.7299,-12.40,1.281106,-208970200,-5.82458,-45669128209.137413,-3.1867,51.8823,1.16,-10.64,0,0.04,0.7849,0.579692,0.730917,0.3271
04-02-25,90.279999,91.279999,90.029999,89.389641,3427200,88.382063,88.83235,88.511122,-0.07246,-0.006421,0.062813,TRUE,TRUE,0.321228,0.049737,38.468299,13.5830,54.0556,7.239589,-0.0597,0.0940,4.25,-4.58,11.61,21.376864,-2.358542,3.33,86.62,1.0684,0.712818,0.331215,1.1839,0.5617,-12.40,1.013704,-205543000,33.146853,-45676066824.879601,-3.1746,60.2361,0.40,-11.92,0,0.03,0.4958,0.575512,0.712818,1.1632
04-03-25,89.720001,90.790001,87.959999,86.339027,5784700,88.239054,88.816508,88.547226,-0.0781,-0.003103,0.062703,FALSE,FALSE,0.269282,0.042196,-11.427299,14.6388,40.0428,-11.009937,-0.2372,-0.0668,-0.17,-7.24,9.18,-39.059544,-3.206512,3.32,95.57,1.1461,0.757576,0.430459,1.3894,0.0326,-12.40,1.69061,-211327700,16.420464,-45688478259.019905,-3.0665,49.4442,0.34,-10.44,0,0.04,0.6447,0.656094,0.757576,-1.9882
04-04-25,87.110001,87.25,84.099998,82.591988,7803800,87.881992,88.712909,88.566148,-0.086179,-0.000146,0.062581,FALSE,FALSE,0.146761,0.027096,-50.25966,17.1972,29.8182,-21.436152,-0.6725,-0.4017,-3.65,-10.95,4.33,-18.826598,-7.958296,3.36,152.97,1.2713,0.810883,0.535618,2.4597,-0.6758,-12.89,2.174063,-219131500,75.48065,-45703753938.056038,-2.9463,40.0138,1.90,-9.56,0,0.04,0.6694,0.731859,0.810883,-3.4582
04-07-25,82.279999,85.32,80.089996,80.424194,13294200,87.459747,88.559934,88.572677,-0.097509,0.002285,0.062443,FALSE,FALSE,-0.012743,0.008951,-56.081703,20.4806,25.7255,-28.330038,-1.1789,-0.7264,-7.40,-12.49,2.25,2.798978,-9.502637,3.64,224.24,1.3137,0.838736,0.544342,3.6300,-1.2356,-15.18,3.260384,-232425700,276.148035,-45715349135.312668,-2.6108,30.0806,0.16,-9.97,0,0.02,0.3579,0.737796,0.838736,-3.1375
04-08-25,83.949997,84.150002,78.849998,78.266205,7401100,86.981547,88.340303,88.569547,-0.113051,0.00412,0.06229,FALSE,FALSE,-0.229243,-0.015992,-62.799318,23.7365,22.4257,-17.617082,-1.7343,-1.0254,-8.71,-14.43,-1.01,-4.494178,-10.889188,3.91,303.79,1.3214,0.843368,0.547298,4.9186,-1.2770,-17.45,1.740774,-239826800,88.866206,-45724380692.90593,-2.4722,27.9073,0.09,-9.63,0,0.02,0.3409,0.739796,0.843368,-2.8689
04-09-25,78.330002,84.940002,76.919998,82.935303,10990300,86.750395,88.235609,88.588773,-0.12916,0.005655,0.062125,FALSE,FALSE,-0.353164,-0.031287,-26.843522,27.0423,40.2758,10.457643,-1.7772,-0.8547,-2.33,-8.51,3.79,40.398286,-5.279961,4.11,316.49,1.5271,0.933026,0.672693,5.2787,-0.2841,-17.45,2.370653,-228836500,232.736906,-45718884716.959061,-2.0417,35.6927,1.48,-8.82,0,0.02,0.3324,0.820179,0.933026,-1.2054
04-10-25,83.419998,84.410004,80.5,81.04216,7442500,86.510998,88.116354,88.595472,-0.146451,0.006781,0.061947,FALSE,FALSE,-0.479118,-0.048321,-29.862319,30.1120,36.5986,10.873044,-1.9416,-0.8153,-4.81,-10.78,0.08,27.684097,-5.578385,4.35,340.98,1.5498,0.921624,0.685887,5.8156,-0.8253,-17.45,1.546004,-236279000,91.737943,-45724263266.946182,-1.9027,42.9483,2.41,-8.23,0,0.01,0.1941,0.828183,0.921624,-1.6039
04-11-25,82.050003,83.800003,81.07,82.032867,5275900,86.23521,87.994776,88.612022,-0.164625,0.00759,0.061756,FALSE,FALSE,-0.617247,-0.062696,-32.004723,32.9625,39.7012,17.275471,-1.9692,-0.6743,-1.24,-9.79,5.68,35.604938,-6.300235,4.17,354.20,1.5566,0.903146,0.682455,6.2166,-0.7112,-17.45,1.079056,-231003100,39.977714,-45725817564.275063,-1.7976,43.7461,2.44,-8.92,0,-0.00,-0.0510,0.826108,0.903146,-1.1864
04-14-25,84.370003,85.870003,84.129997,83.729828,3228000,85.969508,87.91102,88.638282,-0.181758,0.008167,0.061553,FALSE,FALSE,-0.727262,-0.071111,-19.003949,33.9694,44.6937,4.41792,-1.8330,-0.4305,-0.42,-7.09,7.51,47.42221,-5.967883,4.27,351.94,1.5566,0.908313,0.697116,6.4293,-0.7116,-17.45,0.65356,-227775100,44.539471,-45730530325.949318,-1.7817,48.3579,1.51,-7.06,0,-0.01,-0.2704,0.834935,0.908313,-0.6364
04-15-25,85.610001,86.18,85.129997,83.984871,2443200,85.739861,87.836056,88.662003,-0.197612,0.008494,0.06134,FALSE,FALSE,-0.825947,-0.07902,-19.473652,34.6806,45.4251,8.82651,-1.6851,-0.2261,-1.02,-7.85,9.13,49.198276,-5.185213,4.25,349.00,1.5573,0.912631,0.702018,6.6218,-0.6481,-17.45,0.492237,-225331900,24.907975,-45738302601.281013,-1.7587,47.8352,0.12,-7.99,0,-0.01,-0.1254,0.837865,0.912631,-0.5029
04-16-25,85.879997,86.650002,84.980003,83.92601,2393000,85.50193,87.758554,88.682268,-0.211987,0.00855,0.061116,FALSE,FALSE,-0.923713,-0.08409,-18.868746,34.9952,45.2763,5.575057,-1.5547,-0.0766,-1.65,-8.47,10.94,48.788382,-5.365771,4.26,344.05,1.5367,0.904261,0.703101,6.8097,-0.9915,-17.45,0.479655,-227724900,27.14521,-45743716210.326653,-1.7363,47.3400,0.41,,0,-0.03,-0.4930,0.838511,0.904261,-0.4580
04-17-25,85.699997,87.489998,85.699997,85.181564,3383500,85.32969,87.681502,88.712577,-0.224029,0.008402,0.060882,FALSE,FALSE,-1.031075,-0.089454,-12.063897,34.6835,49.1062,4.412444,-1.3347,0.1148,-2.20,-8.21,14.20,57.531795,-3.886873,4.31,336.12,1.5342,0.910009,0.715784,6.9124,-0.4349,-17.45,0.669188,-224341400,65.768458,-45749059616.318924,-1.6526,51.8770,-0.28,-8.86,0,0.02,0.4279,0.84604,0.910009,-0.0441
04-21-25,85.970001,86.209999,83.970001,83.406136,2406100,85.117711,87.564476,88.73215,-0.234214,0.007937,0.060636,FALSE,FALSE,-1.167674,-0.096535,-22.244628,34.9827,44.3766,-1.048441,-1.2887,0.1286,-4.18,-11.10,12.65,45.168086,-4.837185,4.33,334.11,1.5535,0.91637,0.707335,7.1381,-0.9097,-17.45,0.480578,-226747500,-29.130217,-45752677072.088829,-1.5535,48.3730,-0.67,-10.56,0,-0.01,-0.1035,0.841032,0.91637,-0.5123
04-22-25,85.980003,87.040001,85.800003,85.02462,2209800,84.919176,87.485645,88.760196,-0.241342,0.007202,0.06038,FALSE,FALSE,-1.274552,-0.100209,-14.783938,34.6868,49.1816,3.905357,-1.1089,0.2467,-4.12,-8.65,14.82,56.438869,-4.461699,4.37,321.41,1.5744,0.923407,0.712991,7.2546,-0.6292,-17.45,0.448125,-224537700,-40.580801,-45757650491.920364,-1.5021,52.7549,-1.22,-8.97,0,0.00,0.0240,0.844388,0.923407,0.0328
04-23-25,87.650002,88.580002,86.360001,85.181564,2493100,84.778416,87.410729,88.787931,-0.245968,0.006144,0.060114,FALSE,FALSE,-1.377202,-0.101466,-16.506365,33.4438,49.6360,0.529799,-0.9429,0.3302,-2.24,-9.16,14.48,59.564272,-3.199201,4.46,313.28,1.5642,0.923257,0.72432,4.4165,-0.8277,-17.45,0.514532,-222044600,-40.781473,-45762790400.814445,-1.4734,52.0659,0.11,-9.61,0,-0.03,-0.5764,0.85107,0.923257,0.1287
04-24-25,86.889999,87.769997,86.449997,85.495461,2080800,84.636185,87.334324,88.815948,-0.247515,0.004756,0.059838,FALSE,FALSE,-1.481624,-0.103809,-3.706855,32.2897,50.5875,6.21085,-0.7770,0.3969,-2.59,-7.00,13.89,73.545966,-3.22007,4.42,302.54,1.5580,0.926917,0.740462,3.6647,-0.5634,-17.45,0.433979,-219963800,-32.749426,-45767880594.571053,-1.3976,54.9136,-0.66,-8.94,0,-0.01,-0.2075,0.860501,0.926917,0.2840
04-25-25,87.160004,87.349998,86.379997,85.34832,2409500,84.497878,87.271481,88.843324,-0.246302,0.002999,0.059554,FALSE,FALSE,-1.571843,-0.108219,14.388089,31.2501,50.1096,0.927944,-0.6499,0.4192,-3.09,-7.30,12.66,72.284041,-3.139262,4.32,291.93,1.5490,0.930172,0.75393,3.5508,-0.3703,-17.45,0.50561,-222373300,-19.495489,-45775415503.222931,-1.3832,59.3510,-1.00,-9.37,0,0.01,0.2577,0.868291,0.930172,0.2913
04-28-25,86.93,87.730003,86.669998,85.878014,2914900,84.391941,87.201562,88.870393,-0.24253,0.000913,0.059262,FALSE,FALSE,-1.668831,-0.109793,31.130982,30.0259,51.8723,2.236312,-0.5007,0.4547,-3.78,-7.40,13.15,76.826866,-2.407752,4.06,282.25,1.5420,0.930042,0.751445,3.4796,-0.4838,-17.45,0.616111,-219458400,-19.095728,-45782686147.543022,-1.3570,75.0834,-2.28,-10.38,0,0.01,0.2999,0.866859,0.930042,0.5265
04-29-25,87.510002,88.440002,87.199997,86.339027,2740300,84.268347,87.149019,88.888229,-0.236224,-0.001415,0.058963,FALSE,FALSE,-1.73921,-0.110816,51.022872,28.4138,53.4150,2.827493,-0.3413,0.4913,-2.08,-7.10,14.41,80.780671,-2.783305,3.81,266.88,1.5435,0.936021,0.75517,2.9573,-0.3535,-17.45,0.580581,-216718100,-7.559709,-45789231777.201546,-1.3554,86.5765,-0.41,-10.57,0,0.01,0.1208,0.869005,0.936021,0.7759
04-30-25,87.599998,88.639999,86.75,86.643112,3738300,84.157996,87.094595,88.904438,-0.226352,-0.003951,0.058659,FALSE,FALSE,-1.809842,-0.111565,32.362957,27.1699,54.4521,4.342508,-0.1883,0.5154,-0.42,-5.89,14.76,75.468214,-2.483993,3.32,251.03,1.5441,0.944468,0.759333,3.0318,-0.2571,-17.45,0.796568,-212979800,-12.587102,-45793392911.970604,-1.3239,84.5815,1.71,-9.51,0,-0.000219,-0.0046,0.871397,0.944468,0.9900
05-01-25,88.639999,89.389999,87.959999,86.927574,3574100,84.034892,87.044502,88.919256,-0.21343,-0.006669,0.05835,FALSE,FALSE,-1.874754,-0.111672,59.760868,25.5052,55.4512,3.57894,-0.0436,0.5281,-1.34,-5.88,13.97,70.403542,-2.754309,3.22,229.10,1.5446,0.944693,0.759033,2.7507,-0.2140,-17.45,0.760389,-209405700,4.286298,-45802127835.947174,-1.3410,83.2958,2.00,-8.94,0,0.00,0.0402,0.871225,0.944693,1.2626
05-02-25,89.720001,90.019997,89.300003,87.996758,2237700,84.117779,87.007248,88.93427,-0.195044,-0.009509,0.058037,TRUE,FALSE,-1.927022,-0.107888,60.078978,23.8152,59.0842,5.669194,0.1556,0.5819,0.09,-4.03,17.35,66.558006,1.920024,3.20,240.59,1.5421,0.944036,0.758333,3.3286,-0.2443,-17.45,0.494737,-207168000,-61.316922,-45812466365.148941,-1.3706,82.1097,1.56,-8.18,0,0.00,0.0339,0.870823,0.944036,1.6123
05-05-25,89.559998,90.050003,89.029999,87.800575,2289900,84.378208,86.983742,88.945396,-0.172379,-0.012475,0.057721,TRUE,FALSE,-1.961654,-0.10399,48.311903,22.1623,58.1472,3.695081,0.2942,0.5764,0.08,-4.66,17.05,63.002843,6.306408,3.07,251.16,1.5420,0.94425,0.759155,3.0666,-0.3256,-17.45,0.539141,-209457900,-70.656603,-45820276353.645058,-1.3717,75.4346,0.58,-8.71,0,-0.00,-0.0792,0.871295,0.94425,1.3626
05-06-25,89.099998,89.550003,88.400002,87.123756,2579700,84.713186,86.939708,88.956904,-0.146326,-0.015615,0.057399,TRUE,FALSE,-2.017195,-0.101613,35.476661,21.0427,54.9117,-0.539516,0.3455,0.5021,-0.77,-3.77,14.54,51.870958,8.330282,3.03,240.08,1.5446,0.945249,0.757517,2.8266,-0.4012,-17.45,0.69504,-212037600,-80.595297,-45828581836.532677,-1.5254,68.5885,-0.21,-9.07,0,-0.01,-0.2995,0.870355,0.945249,1.0041
05-07-25,89,89.650002,88.730003,87.221848,2220300,85.160968,86.875694,88.969665,-0.117296,-0.018858,0.057074,TRUE,FALSE,-2.093971,-0.09904,37.086143,19.9277,55.2999,-3.78427,0.3896,0.4369,-2.04,-2.59,13.90,53.484298,11.442541,3.02,192.26,1.5447,0.948,0.760406,2.5527,-0.3744,-17.45,0.643091,-209817300,-70.000405,-45838081625.745354,-1.6466,68.5182,-1.10,-8.35,0,-0.01,-0.1991,0.872013,0.948,1.0719
05-08-25,89.279999,89.43,88.239998,86.878532,2652600,85.35813,86.812386,88.976323,-0.086362,-0.022204,0.056747,TRUE,FALSE,-2.163937,-0.096276,21.279293,19.2279,53.5617,-4.585446,0.3923,0.3517,-2.67,-4.02,13.36,47.83767,4.754585,2.92,188.42,1.5442,0.944647,0.756695,2.4291,-0.5168,-17.45,0.873813,-212469900,-75.864171,-45846803832.223274,-2.1069,60.6251,-2.27,-10.22,0,-0.03,-0.5989,0.869882,0.944647,0.8069
05-09-25,88.5,89.400002,88.370003,87.457268,3460200,85.678885,86.753468,88.986209,-0.052532,-0.025615,0.056417,TRUE,FALSE,-2.232741,-0.093827,59.768441,18.5781,56.0685,1.156816,0.4361,0.3164,-1.70,-4.65,13.04,38.994464,7.915766,2.92,164.12,1.5423,0.943792,0.756461,1.9959,-0.2446,-17.45,1.219864,-209009700,-53.507558,-45856396555.212219,-2.3291,68.0220,-1.92,-10.49,0,-0.01,-0.2577,0.869748,0.943792,1.0836
05-12-25,90.360001,90.370003,89.110001,87.888863,3657300,85.971685,86.687841,89.004546,-0.017623,-0.02905,0.056084,TRUE,FALSE,-2.316705,-0.089115,51.228092,17.3327,57.8940,2.59406,0.4998,0.3042,-1.17,-2.09,14.56,38.126214,7.138596,2.85,146.99,1.5381,0.939011,0.755506,1.7804,-0.3322,-17.45,1.327217,-205352400,-30.679126,-45867142840.033386,-2.5643,69.2895,-1.45,-7.73,0,-0.02,-0.5200,0.869198,0.939011,1.3043
05-13-25,89.580002,89.690002,88.199997,86.77063,4178600,86.123725,86.591306,89.018675,0.01566,-0.032537,0.055748,TRUE,FALSE,-2.427369,-0.086845,24.251492,16.6902,51.8791,-1.682621,0.4549,0.2074,-2.85,-4.48,10.83,9.790278,3.631683,2.74,138.03,1.5457,0.938762,0.743481,1.6054,-0.4702,-17.45,1.490683,-209531000,29.448575,-45879338528.892464,-2.6543,60.3099,-3.29,-9.60,0,-0.06,-1.1296,0.862253,0.938762,0.4687
05-14-25,88.150002,88.150002,87.260002,85.917244,3052500,86.220344,86.498869,89.021194,0.046465,-0.036085,0.055407,FALSE,FALSE,-2.522325,-0.085177,5.947368,16.7117,47.7978,-8.270723,0.3465,0.0791,-2.91,-6.81,10.05,-11.597811,2.300859,2.67,128.72,1.5492,0.935852,0.733627,1.5489,-0.7135,-17.45,1.077248,-212583500,24.938605,-45891601752.828209,-2.7050,58.9004,-4.12,-12.51,0,-0.07,-1.4819,0.85652,0.935852,-0.2355
05-15-25,87.910004,89.209999,87.82,87.486687,2563000,86.398378,86.417625,89.029367,0.075333,-0.039426,0.055063,TRUE,FALSE,-2.611741,-0.08063,25.11519,15.8721,54.8349,-3.059065,0.3827,0.0923,-2.11,-4.64,11.69,22.072636,4.242638,2.74,119.62,1.5681,0.944217,0.733451,1.3327,-0.4096,-17.45,0.901795,-210020500,7.104053,-45895393934.934799,-2.6684,64.7429,-3.60,-11.05,0,-0.06,-1.2421,0.856418,0.944217,0.9098
05-16-25,89.199997,90.330002,89.029999,88.575493,2580300,86.568074,86.405151,89.039646,0.102559,-0.04243,0.054715,TRUE,FALSE,-2.634495,-0.073466,29.729698,15.1699,58.9675,7.0884,0.4936,0.1626,-0.44,-2.09,12.22,50.427941,3.984346,2.74,125.38,1.5753,0.949617,0.73401,1.7185,-0.2789,-17.45,0.920894,-207440200,-23.738732,-45899778479.355377,-2.6895,64.5270,-3.05,-8.02,0,-0.06,-1.1973,0.856744,0.949617,1.6010
05-19-25,89.529999,90.43,89.360001,88.595108,2956400,86.827523,86.382389,89.05155,0.128281,-0.045154,0.054365,TRUE,FALSE,-2.669161,-0.067695,26.136395,14.5848,59.0402,11.242413,0.5765,0.1963,-0.86,-2.61,10.71,50.138801,6.221332,2.68,109.15,1.5702,0.011051,0.008367,1.5991,-0.1104,-17.45,1.044862,-204483800,22.871036,-45906961662.650566,-2.7264,64.7691,99.14,97.39,,0.02,0.2290,0.091474,0.011051,1.6194
05-20-25,89.639999,90.18,89.580002,88.075226,2003300,86.980053,86.366511,89.056515,0.150477,-0.047632,0.054012,TRUE,FALSE,-2.690004,-0.062164,16.186194,14.0416,56.1978,1.362861,0.5933,0.1706,-1.52,-2.30,10.14,25.716851,3.587909,2.64,103.81,1.5711,0.010991,0.008283,1.4950,-0.2753,-17.45,0.710607,-206487100,-9.344737,-45919013380.747536,-2.8619,58.2518,-3.89,-7.83,0,0.02,0.1630,0.091012,0.010991,1.0550
05-21-25,89.129997,89.489998,87.330002,85.730873,2677200,87.007518,86.324525,89.049997,0.167744,-0.049996,0.053654,FALSE,FALSE,-2.725472,-0.058546,-10.97122,14.1184,45.5485,-13.419032,0.4128,-0.0080,-4.59,-4.96,7.22,-48.237537,0.644868,2.66,99.44,1.5991,0.010585,0.007409,1.6518,-0.9141,-17.45,0.946561,-209164300,7.384381,-45925654650.452072,-2.8791,50.5127,-6.35,-10.05,0,-0.05,-0.4961,0.086078,0.010585,-1.2839
05-22-25,87.459999,87.459999,86.360001,85.338516,2540100,86.999671,86.280128,89.053961,0.1793,-0.052273,0.05329,FALSE,FALSE,-2.773833,-0.055953,-25.982701,14.7202,44.0442,-14.99604,0.2353,-0.1484,-4.09,-6.07,7.36,-25.097898,-0.18357,2.56,100.75,1.5993,0.010588,0.007412,1.9134,-0.9204,-17.45,0.890854,-211704400,22.073241,-45932912343.288757,-2.8940,44.4957,-7.36,-11.16,0,-0.05,-0.5020,0.086091,0.010588,-1.6488
05-23-25,86.839996,87.349998,86.540001,85.426788,2123000,87.003595,86.272062,89.050023,0.185175,-0.054411,0.052924,FALSE,FALSE,-2.777961,-0.052345,-23.449668,15.2790,44.4884,-11.709401,0.1006,-0.2265,-4.36,-6.43,7.51,-22.92905,0.091939,2.56,100.08,1.5983,0.01057,0.007396,2.1253,-0.9699,-17.45,0.74833,-209581400,-11.890434,-45940870793.763474,-2.9160,50.0563,-7.56,-11.36,0,-0.06,-0.5533,0.086001,0.01057,-1.5755
05-27-25,87.809998,88.82,87.510002,86.917763,2117700,87.055582,86.259444,89.056496,0.186352,-0.056318,0.052555,TRUE,FALSE,-2.797051,-0.044716,-1.883447,14.6313,51.4926,5.944187,0.1129,-0.1713,-3.88,-4.68,10.38,13.704231,1.210728,2.65,96.57,1.6112,0.010883,0.007718,2.1392,-0.8149,-17.45,0.757099,-207463700,-27.349137,-45944903284.102661,-2.8997,56.1066,-8.34,-11.22,0,-0.04,-0.3953,0.08785,0.010883,-0.1427
05-28-25,88.639999,88.660004,87.93,86.829483,1912800,87.080105,86.215157,89.058331,0.181922,-0.058026,0.052186,TRUE,FALSE,-2.843175,-0.036271,-3.590699,14.0297,51.0817,7.037503,0.1142,-0.1361,-3.57,-5.47,12.70,11.535196,0.568058,2.59,95.27,1.6097,0.010865,0.007708,2.1652,-0.9093,-17.45,0.694112,-209376500,-30.197424,-45952583371.114983,-2.9638,55.7362,-7.62,-10.55,0,-0.05,-0.4936,0.087795,0.010865,-0.2631
05-29-25,88.580002,89.68,88.400002,87.614212,2440300,87.12866,86.195885,89.062088,0.172215,-0.059453,0.051818,TRUE,FALSE,-2.866203,-0.028068,6.47112,13.3190,54.5539,10.065593,0.1765,-0.0590,-3.09,-5.33,13.63,30.816008,1.120804,2.62,95.40,1.6083,0.010961,0.007862,2.1231,-0.5714,-17.45,0.906888,-206936200,-34.721665,-45958019864.740852,-3.0590,62.4370,-7.61,-9.84,0,-0.02,-0.1523,0.088667,0.010961,0.5090
05-30-25,88.970001,89.550003,88.449997,87.614212,2525900,87.162992,86.174476,89.069039,0.156587,-0.060646,0.051449,TRUE,FALSE,-2.894563,-0.017992,1.454545,12.6590,54.5539,3.061302,0.2233,-0.0098,-3.90,-6.63,14.39,30.816008,0.789897,2.57,95.87,1.6011,0.010657,0.007495,2.1160,-0.7583,-17.45,0.957346,-206936200,-29.327663,-45964384123.642227,-3.0749,54.7026,-7.05,-11.12,0,-0.03,-0.3422,0.086571,0.010657,0.4707
06-02-25,88.629997,89.470001,87.830002,87.731918,3101600,87.14975,86.156588,89.072812,0.137376,-0.061539,0.051081,TRUE,FALSE,-2.916225,-0.011486,-1.498127,11.9386,55.1083,4.0266,0.2668,0.0270,-4.22,-6.88,15.67,33.708055,-0.300965,2.48,94.83,1.5671,0.010818,0.008069,2.1213,-0.3187,-17.45,1.156608,-203834600,38.606605,-45967856718.623573,-2.8973,45.5169,-9.82,-12.21,0,0.01,0.1113,0.089828,0.010818,0.6139
06-03-25,89.029999,89.400002,88.489998,87.555351,2155700,87.137489,86.15478,89.074558,0.117542,-0.062096,0.050713,TRUE,FALSE,-2.919778,-0.004284,8.230448,11.2698,54.0434,-0.510561,0.2837,0.0352,-3.30,-7.66,13.77,29.369797,-0.279297,2.47,94.10,1.5651,0.010651,0.007838,2.0725,-0.4543,-17.08,0.805892,-205990300,-5.860518,-45974440571.549561,-2.8817,54.3929,-10.79,-12.50,0,-0.00,-0.0267,0.088532,0.010651,0.4440
06-04-25,89.220001,89.809998,88.809998,87.800575,2598200,87.171329,86.130885,89.077864,0.099331,-0.062308,0.050347,TRUE,FALSE,-2.946979,0.001978,21.098894,10.6233,55.3343,0.780348,0.3134,0.0518,-4.09,-6.98,11.99,35.394957,0.776848,2.54,95.26,1.5608,0.010704,0.007962,1.9236,-0.2449,-15.86,0.970981,-203392100,0.717138,-45982284133.600952,-2.8720,62.6500,-9.94,-10.74,0,0.02,0.1860,0.08923,0.010704,0.6605
06-05-25,89.550003,89.910004,88.970001,87.731918,3148400,87.196833,86.125589,89.081065,0.084858,-0.062068,0.049982,TRUE,FALSE,-2.955477,0.006425,3.302595,10.1077,54.8696,-0.238683,0.3275,0.0528,-1.64,-5.68,12.16,33.708055,0.584797,2.44,96.08,1.5534,0.01077,0.008141,1.9121,-0.0603,-15.43,1.156541,-206540500,41.800658,-45993726086.863724,-2.8587,63.3026,-8.65,-9.57,0,0.04,0.3747,0.090228,0.01077,0.5569
06-06-25,89.800003,90.279999,89.389999,88.153702,2707200,87.260592,86.121861,89.082751,0.071348,-0.061396,0.049618,TRUE,FALSE,-2.96089,0.011108,-6.24099,9.9470,57.2451,3.201756,0.3685,0.0750,-1.76,-4.75,11.83,44.071285,1.467761,2.41,98.07,1.5540,0.010933,0.008384,1.9167,0.0743,-15.20,0.993473,-203833300,2.058358,-46003954426.589752,-2.8835,63.4360,-8.37,-9.00,0,0.05,0.5141,0.091563,0.010933,0.9107
06-09-25,89.900002,90.529999,89.290001,88.271408,3676100,87.301299,86.125,89.085551,0.060623,-0.060316,0.049255,TRUE,FALSE,-2.960551,0.013022,-4.721073,10.0114,57.9110,2.576673,0.4059,0.0899,-0.67,-4.36,12.12,45.83713,0.930901,2.45,100.59,1.5317,0.011054,0.008825,1.6387,0.4394,-15.11,1.343712,-200157200,6.239524,-46013669971.056892,-2.8744,64.1780,-8.40,-8.27,0,0.09,0.8916,0.093939,0.011054,0.9644
06-10-25,90.139999,90.82,90.120003,89.026703,4036000,87.358191,86.145599,89.08979,0.052894,-0.058811,0.048891,TRUE,FALSE,-2.944191,0.018952,13.416384,10.3192,62.0003,7.130756,0.4907,0.1398,1.36,-3.31,12.86,59.791543,1.294635,2.50,107.09,1.5141,0.01059,0.008283,2.3068,0.2441,-15.11,1.465124,-196121200,10.354633,-46030313335.329369,-2.9617,71.5111,-7.60,-7.35,0,0.07,0.6936,0.091013,0.01059,1.5580
06-11-25,90.889999,91.290001,89.940002,88.546059,2874600,87.446962,86.140302,89.090339,0.046749,-0.056984,0.048525,TRUE,FALSE,-2.950037,0.026545,53.846221,10.9947,58.1297,0.8846,0.5133,0.1299,1.13,-3.69,13.32,44.341945,2.046117,2.52,109.30,1.4999,0.010075,0.007636,2.0888,-0.1500,-15.11,1.068817,-198995800,-31.206624,-46039124283.978401,-2.9705,70.9966,-7.57,-8.04,0,0.03,0.2902,0.087385,0.010075,1.0056
06-12-25,90.209999,90.800003,90.059998,88.977661,2007200,87.599983,86.142852,89.083319,0.042326,-0.054809,0.048159,TRUE,FALSE,-2.940467,0.034084,69.087533,11.6220,60.5136,2.60261,0.5595,0.1409,3.67,-3.50,13.49,51.319162,3.562052,2.55,108.18,1.4995,0.010223,0.007868,1.7713,0.0283,-14.55,0.761096,-196988600,-34.244062,-46047002969.241409,-2.9463,77.2572,-6.34,-8.32,0,0.04,0.4726,0.088702,0.010223,1.2736
06-13-25,89.989998,90.559998,89.239998,88.114464,2334100,87.631372,86.117349,89.072174,0.039087,-0.052402,0.047793,TRUE,FALSE,-2.954825,0.040366,44.480514,11.2281,53.9036,-8.096728,0.5205,0.0815,0.65,-3.03,12.79,15.991055,0.717569,2.54,108.74,1.5049,0.010083,0.007592,1.4298,-0.1636,-14.55,0.888908,-199322700,-8.93094,-46053317538.409981,-3.0071,71.2037,-7.19,-7.84,0,0.03,0.2776,0.087131,0.010083,0.4443
06-16-25,90.18,91,89.599998,88.183128,2657500,87.611753,86.154231,89.060704,0.036394,-0.049687,0.047426,TRUE,FALSE,-2.906474,0.046694,27.388533,11.2772,54.3310,-3.798791,0.4895,0.0404,-0.97,-2.72,11.88,10.205972,-0.442972,2.50,107.29,1.5049,0.010106,0.007628,1.3068,-0.1383,-14.55,1.010585,-196665200,2.9919,-46061354078.742188,-3.0722,71.6461,-8.23,-7.20,0,0.03,0.3029,0.087336,0.010106,0.5326
06-17-25,89.889999,90.169998,89.269997,87.86924,1879400,87.57546,86.259776,89.04943,0.035709,-0.046721,0.047059,TRUE,FALSE,-2.789654,0.05087,21.457463,10.9423,51.9596,-8.554011,0.4346,-0.0116,-0.80,-2.92,11.03,1.134046,-0.81931,2.53,104.99,1.4986,0.010204,0.007843,1.1804,-0.0064,-14.55,0.729633,-198544600,-36.429441,-46069083651.929153,-3.1470,66.7188,-8.20,-8.22,0,0.04,0.4401,0.088562,0.010204,0.2798
06-18-25,89.82,90.559998,89.389999,88.173325,2945800,87.580365,86.414758,89.041058,0.036378,-0.04353,0.046693,TRUE,FALSE,-2.6263,0.05782,12.808932,11.0125,54.0519,0.148269,0.4109,-0.0283,-0.58,-2.30,11.44,9.922626,0.111381,2.51,105.26,1.4859,0.009798,0.007349,1.1310,-0.2190,-14.55,1.123091,-195598800,47.047372,-46078156095.089424,-3.0337,67.1739,-6.44,-8.12,0,0.02,0.2239,0.085728,0.009798,0.5633
06-20-25,90.209999,90.68,89.730003,88.114464,2940300,87.699545,86.611724,89.028054,0.03828,-0.040207,0.046327,TRUE,FALSE,-2.41633,0.063026,11.307983,11.1945,53.5656,-0.765392,0.3829,-0.0450,-0.58,-2.02,11.81,8.221447,2.780318,2.56,96.33,1.4787,0.009981,0.007702,1.0837,-0.0313,-14.55,1.1154,-198539100,9.827432,-46091096787.090584,-3.1380,73.9574,-6.26,-8.05,0,0.04,0.4202,0.087763,0.009981,0.4307
06-23-25,90,91.25,89.879997,89.43869,3142100,87.904553,86.741791,89.021909,0.041947,-0.036668,0.04596,TRUE,TRUE,-2.280117,0.070978,30.313501,11.8992,61.8761,9.916519,0.4623,0.0275,2.05,-0.07,13.04,33.881832,4.8046,2.62,86.58,1.4904,0.010253,0.008004,1.4169,0.1665,-14.55,1.178496,-195397000,23.699854,-46096263161.773849,-3.0634,81.8614,-4.42,-6.63,0,0.06,0.6198,0.089466,0.010253,1.7720
06-24-25,91.330002,91.769997,90.809998,89.674103,2727300,88.116919,86.91443,89.015653,0.047348,-0.032871,0.045592,TRUE,TRUE,-2.101223,0.078873,37.241334,12.9965,63.1391,9.087217,0.5380,0.0826,0.76,4.51,13.67,29.192753,4.971877,2.67,73.74,1.4902,0.010346,0.008154,1.5311,0.2586,-14.55,1.011456,-192669700,28.464437,-46105444480.055801,-3.0517,82.1511,-4.76,-5.12,0,0.07,0.7138,0.090301,0.010346,2.1117
06-25-25,90.910004,90.910004,89.169998,87.516113,4282500,88.146836,87.024095,89.000086,0.052324,-0.028999,0.045223,TRUE,FALSE,-1.975991,0.082944,-3.74193,12.1010,47.5786,-5.987002,0.4190,-0.0291,-0.55,3.60,10.65,-51.924654,0.68841,2.69,69.72,1.5233,0.010128,0.007476,1.5640,-0.1418,-14.55,1.526928,-196952200,102.224111,-46117868060.137886,-3.0835,72.5711,-5.25,-5.94,0,0.03,0.2927,0.086466,0.010128,-0.9046
06-26-25,88.540001,88.540001,87.18,87.434891,5886100,88.177107,87.098196,88.984542,0.056478,-0.025065,0.044851,TRUE,FALSE,-1.886345,0.088289,-3.900775,12.7524,47.1080,-14.768108,0.3145,-0.1069,-1.02,1.78,9.70,5.553173,0.697237,2.63,64.85,1.5185,0.009882,0.007161,1.5989,-0.3196,-14.55,1.959868,-202838300,207.721665,-46121547821.966248,-2.8130,61.1192,-7.18,-7.72,0,0.01,0.1101,0.084626,0.009882,-1.1446
06-27-25,88.290001,89.410004,88.139999,87.652809,3179200,88.179037,87.171555,88.965033,0.059777,-0.021063,0.044477,TRUE,FALSE,-1.793478,0.094134,-6.759034,12.5587,48.5775,-14.561594,0.2465,-0.1399,-0.52,1.64,11.34,10.300854,0.044053,2.58,64.68,1.5188,0.009912,0.007199,1.6474,-0.2838,-14.55,1.0457,-199659100,30.279064,-46127166187.354141,-2.7818,61.5036,-6.55,-7.03,0,0.01,0.1477,0.084849,0.009912,-0.8136
06-30-25,88.550003,89.099998,87.550003,88.217415,8752300,88.209197,87.257383,88.94172,0.06247,-0.016986,0.044102,TRUE,FALSE,-1.684337,0.101885,-0.687145,12.7843,52.2771,4.698501,0.2354,-0.1208,0.25,1.62,12.41,22.601642,0.688476,2.49,63.30,1.5191,0.009888,0.007161,1.6516,-0.2773,-14.55,2.611395,-190906800,246.502237,-46128381189.824593,-2.4466,47.9074,-8.12,-7.33,0,0.01,0.1548,0.084623,0.009888,0.0130
07-01-25,88.879997,90.389999,88.769997,88.861267,5552800,88.265664,87.330977,88.922532,0.064186,-0.012876,0.043726,TRUE,FALSE,-1.591555,0.105586,-2.135711,11.9244,56.1512,9.043257,0.2754,-0.0647,0.06,2.09,12.14,36.628935,1.287272,2.45,63.85,1.4546,0.001324,0.000274,1.6581,0.4638,-14.55,1.598324,-185354000,79.030178,-46133308303.802841,-2.3812,49.4260,100.06,,,0.07,0.7977,0.016565,0.001324,0.9328
07-02-25,89.5,90.040001,89.139999,89.069283,3469500,88.341361,87.44424,88.902429,0.065113,-0.008752,0.04335,TRUE,TRUE,-1.458189,0.103138,7.001017,11.1260,57.3557,8.778234,0.3202,-0.0159,0.25,3.36,11.51,41.160866,1.729113,2.35,63.96,1.3352,0.001034,0.000199,1.6336,1.4117,-14.55,0.980132,-181884500,60.945401,-46137323029.852943,-2.3007,55.6005,-6.83,-5.81,0,0.15,1.7418,0.014106,0.001034,1.1381
07-03-25,89.980003,90.370003,89.669998,89.168335,2361700,88.409749,87.527115,88.877958,0.06574,-0.004615,0.042973,TRUE,TRUE,-1.350844,0.096817,2.670131,10.5440,57.9481,5.671042,0.3595,0.0188,-0.25,4.00,12.70,43.318872,1.557803,2.27,65.17,1.2851,0.001276,0.000328,1.6273,2.0300,-14.55,0.669415,-179522800,-9.102456,-46143069787.711716,-2.2787,55.9008,-6.86,-6.73,0,0.20,2.3942,0.0181,0.001276,1.1640
07-07-25,89.989998,90.489998,88.769997,88.405624,4467500,88.443434,87.591596,88.848101,0.065389,-0.000513,0.042595,TRUE,FALSE,-1.256505,0.085103,4.135507,10.2985,51.9626,-4.188617,0.3254,-0.0123,2.39,2.21,11.21,26.702071,0.767914,2.31,63.20,1.2368,0.00135,0.000396,1.6047,2.5002,-14.55,1.243058,-183990300,41.897472,-46149430115.487129,-2.1662,53.7008,-8.23,-7.84,0,0.23,2.8906,0.019906,0.00135,-0.0598
07-08-25,88.980003,89.599998,88.760002,88.276855,3631300,88.449592,87.647224,88.820889,0.064258,0.003515,0.042215,TRUE,FALSE,-1.173665,0.080528,1.319987,10.0783,51.0047,-6.350987,0.2847,-0.0424,6.88,2.98,11.16,23.896646,0.139703,2.17,62.96,0.9798,-0.001182,0.000484,1.5972,1.5059,-14.55,0.997565,-187621600,34.1349,-46157238696.778679,-2.1055,47.9334,-8.46,-5.95,0,0.11,1.8372,-0.021991,-0.001182,-0.2744
07-09-25,89.330002,89.449997,88.809998,88.346191,3837000,88.453331,87.707181,88.794596,0.062036,0.0075,0.041834,TRUE,FALSE,-1.087415,0.07256,6.956647,9.8739,51.5229,-6.425168,0.2551,-0.0576,9.85,1.72,10.94,25.407234,0.08472,2.10,62.87,0.9282,-0.001154,0.000515,1.5551,2.2627,-14.55,1.051749,-183784600,4.376921,-46166637027.727821,-2.0965,46.2993,-7.40,-6.67,0,0.16,2.6322,-0.022699,-0.001154,-0.1704
07-10-25,89.269997,90.349998,88.980003,88.900894,5303600,88.447041,87.767639,88.770981,0.058889,0.011414,0.04145,TRUE,TRUE,-1.003342,0.066776,10.237835,9.4870,55.5713,3.608683,0.2733,-0.0316,13.59,3.70,11.28,37.492271,-0.141316,2.04,62.33,0.9196,-0.001373,0.000742,1.5071,2.1126,-14.55,1.428929,-178481000,31.407334,-46172553131.38549,-1.9162,48.4360,-6.10,-5.46,0,0.14,2.4692,-0.027242,-0.001373,0.7282
07-11-25,89.110001,89.970001,88.800003,88.910797,3987600,88.465277,87.819074,88.749275,0.055767,0.015266,0.041063,TRUE,TRUE,-0.930201,0.063502,11.283158,8.9567,55.6425,4.637772,0.2851,-0.0157,7.21,4.70,11.32,37.708022,0.411919,1.93,63.16,0.8841,-0.001823,0.001414,1.4516,1.5818,-14.55,1.058494,-174493400,38.71843,-46175785512.386314,-1.8138,42.7247,-6.25,-4.43,0,0.11,1.9129,-0.037606,-0.001823,0.7054
07-14-25,89.730003,90.360001,89.580002,89.485306,3256900,88.49066,87.875918,88.725817,0.053893,0.019054,0.040675,TRUE,TRUE,-0.849899,0.061315,0.738992,8.8194,59.6805,8.157599,0.3370,0.0289,10.42,5.10,11.21,50.22456,0.57053,1.78,66.27,0.8865,-0.001756,0.001305,1.4510,1.6794,-14.55,0.850427,-171236500,62.260861,-46179833222.723183,-1.7342,42.8213,-7.24,-4.05,0,0.11,2.0157,-0.036122,-0.001756,1.5009
07-15-25,90.339996,90.43,88.839996,88.167892,4483000,88.493331,87.900724,88.695105,0.051213,0.022703,0.040284,TRUE,FALSE,-0.79438,0.056562,-20.381738,8.4054,48.7265,-6.844842,0.2688,-0.0315,7.48,6.15,6.52,26.48502,0.060636,1.75,66.12,0.9095,-0.00194,0.001511,1.3370,1.2291,-14.55,1.138635,-175719500,92.065464,-46188106202.829224,-1.7117,37.1928,-6.69,-3.82,0,0.09,1.5361,-0.038874,-0.00194,-0.4922
07-16-25,89.449997,90,88.980003,88.999947,4126500,88.534172,87.920788,88.671699,0.04751,0.026226,0.039891,TRUE,TRUE,-0.750911,0.055066,24.469288,8.0209,54.4171,-1.225445,0.2786,-0.0173,6.29,5.85,6.71,54.983312,0.926275,1.74,66.62,0.8977,-0.002041,0.001716,1.2095,1.0825,-14.55,1.028893,-171593000,55.277516,-46192071338.045731,-1.6296,43.9345,-7.26,-5.52,0,0.08,1.3844,-0.041426,-0.002041,0.6991
07-17-25,89.779999,90.150002,89.339996,88.900894,3406500,88.585755,87.942794,88.652042,0.042584,0.029655,0.039497,TRUE,TRUE,-0.709247,0.050186,24.10439,7.5049,53.6537,-6.026876,0.2752,-0.0166,5.85,4.77,5.88,45.948758,1.174079,1.72,65.18,0.8522,-0.001795,0.001478,1.0575,1.7528,-14.55,0.833502,-174999500,81.254656,-46199171151.555321,-1.5915,51.3963,-7.89,-7.67,0,0.11,2.1023,-0.038444,-0.001795,0.4835
07-18-25,89.949997,90.290001,89.57,89.089096,2523700,88.631543,87.982101,88.632734,0.036871,0.032977,0.039101,TRUE,TRUE,-0.650633,0.048052,23.731739,7.0650,54.9469,6.220487,0.2844,-0.0059,6.15,4.40,4.82,52.350195,1.038604,1.67,65.35,0.8178,-0.002228,0.00247,0.9125,1.2673,-14.55,0.620704,-172475800,-14.328875,-46205066113.838623,-1.5607,50.8914,-7.21,-6.63,0,0.08,1.5910,-0.049695,-0.002228,0.7002
07-21-25,90.559998,90.889999,90.099998,89.455589,3904200,88.6986,88.026776,88.611604,0.032417,0.036147,0.038704,TRUE,TRUE,-0.584828,0.046559,21.150678,7.2862,57.4377,3.020633,0.3177,0.0219,5.02,2.70,4.53,32.656716,1.522026,1.69,66.63,0.8188,-0.002194,0.002389,0.8303,1.3390,-14.55,0.948988,-168571600,32.782369,-46215339679.417542,-1.5100,62.5532,-7.77,-7.92,0,0.09,1.6657,-0.048882,-0.002194,1.1361
07-22-25,90.580002,91.949997,90.57,90.990929,2684200,88.776212,88.109024,88.601181,0.030806,0.039245,0.038305,TRUE,TRUE,-0.492157,0.047878,31.571346,8.4240,65.9344,12.280703,0.4625,0.1334,9.09,4.53,7.27,69.935114,1.735534,1.68,82.79,0.8448,-0.001965,0.001799,2.2996,1.7199,-14.55,0.656096,-165887400,-14.573056,-46216386401.519058,-1.4681,60.5082,-4.66,-5.23,0,0.11,2.0595,-0.042417,-0.001965,2.6751
07-23-25,92,92.18,91.639999,91.169228,2981900,88.850968,88.183263,88.593283,0.032305,0.042249,0.037902,TRUE,TRUE,-0.41002,0.048934,31.26856,9.6606,66.7641,11.817184,0.5850,0.2047,7.23,2.81,7.68,70.445227,1.667287,1.68,96.88,0.8441,-0.001902,0.001689,2.4033,1.8368,-14.55,0.726602,-162905500,9.33524,-46224567531.219955,-1.4513,60.1890,-5.03,-6.19,0,0.12,2.1834,-0.041098,-0.001902,2.3930
07-24-25,91.860001,92.129997,91.669998,90.852257,3236600,89.017775,88.242531,88.588032,0.035556,0.045094,0.037497,TRUE,TRUE,-0.345501,0.050045,24.28586,10.8089,63.7894,6.351702,0.6490,0.2150,6.66,4.27,6.20,61.177069,3.812033,1.66,101.30,0.8435,-0.002074,0.002011,2.3325,1.5344,-14.55,0.798844,-166142100,-24.42265,-46239311553.235779,-1.4987,54.5396,-4.80,-4.57,0,0.10,1.8630,-0.044847,-0.002074,1.8109
07-25-25,91.849998,91.870003,90.800003,90.86216,2960500,89.189138,88.324362,88.585043,0.040423,0.047746,0.037089,TRUE,TRUE,-0.260681,0.051678,39.743677,10.7443,63.8436,-2.090745,0.6926,0.2068,6.28,3.52,6.30,61.466629,3.919796,1.61,102.10,0.8415,-0.002175,0.00222,2.1891,1.3725,-14.55,0.758068,-163181600,-49.703539,-46241928100.160133,-1.5412,56.0916,-4.59,-5.20,0,0.09,1.6918,-0.047119,-0.002175,1.6386
07-28-25,91.489998,91.529999,90.199997,89.406067,2551300,89.276801,88.394138,88.578811,0.045051,0.050169,0.036677,TRUE,TRUE,-0.184673,0.051187,15.039568,10.0129,51.6107,-15.15346,0.6026,0.0935,4.75,1.51,6.16,17.930897,2.00023,1.65,95.53,0.8686,-0.002478,0.002702,2.0834,0.7344,-14.55,0.658582,-165732900,-19.750252,-46247525341.44944,-1.5535,57.2587,-5.79,-6.72,0,0.06,1.0110,-0.051979,-0.002478,0.1353
07-29-25,90.769997,91.809998,90.32,90.842346,3713600,89.408048,88.461251,88.578847,0.050379,0.052369,0.036262,TRUE,TRUE,-0.117596,0.053379,28.125011,9.6267,59.7941,-3.995273,0.6399,0.1046,5.78,1.79,8.22,60.424402,2.975525,1.72,98.20,0.8908,-0.002234,0.002089,1.9144,1.0957,-14.55,1.025291,-162019300,-57.57001,-46248635198.186615,-1.6601,64.9322,-4.67,-7.01,0,0.08,1.3882,-0.045701,-0.002234,1.4605
07-30-25,91.669998,91.830002,89.830002,89.554649,4407900,89.442717,88.480835,88.571964,0.055292,0.054389,0.035845,TRUE,TRUE,-0.09113,0.055055,6.804133,9.1486,51.4011,-12.44252,0.5590,0.0190,3.72,1.57,4.85,22.326832,0.780298,1.74,97.39,0.8982,-0.002703,0.003001,1.8565,0.3068,-14.55,1.236524,-166427200,-20.618427,-46254256824.374512,-1.6965,55.1629,-5.73,-6.07,0,0.03,0.5508,-0.054778,-0.002703,0.1149
07-31-25,89.900002,90.360001,89.019997,88.296661,4823500,89.404086,88.474866,88.56283,0.059078,0.056139,0.035422,FALSE,FALSE,-0.087965,0.054249,-5.656956,9.4930,44.7871,-6.82354,0.3890,-0.1208,1.91,1.48,2.85,-16.267494,-0.867438,1.78,100.44,0.9167,-0.002885,0.003279,1.9281,-0.0405,-14.55,1.327892,-171250700,39.025796,-46264287783.070572,-1.7476,54.2333,-7.46,-5.56,0,0.01,0.1804,-0.057266,-0.002885,-1.1026
08-01-25,90.029999,90.099998,88.290001,88.078743,5395600,89.349606,88.474936,88.54751,0.061567,0.05765,0.034995,FALSE,FALSE,-0.072574,0.051912,-13.396216,10.4236,43.7372,-16.056895,0.2339,-0.2207,1.32,-0.04,1.80,-5.430796,-1.221949,1.81,104.65,0.9116,-0.002789,0.0031,2.0723,0.1114,-14.55,1.425844,-176646300,128.462548,-46270942902.241035,-1.6896,45.6953,-6.96,-4.70,0,0.02,0.3418,-0.055682,-0.002789,-1.2144
08-04-25,89.110001,90.059998,89.080002,88.980141,3385600,89.378332,88.539921,88.533956,0.063585,0.059008,0.034562,TRUE,TRUE,0.005965,0.051166,8.055072,11.2877,49.0569,-2.344209,0.1817,-0.2184,1.12,1.21,3.21,17.741385,0.649864,1.83,102.69,0.9207,-0.00522,0.015678,1.9830,0.3720,-14.55,0.907655,-173260700,-24.217124,-46275018484.621727,-1.6835,53.3793,101.12,101.21,,0.02,0.3159,-0.125213,-0.00522,-0.3877
08-05-25,89.900002,90.339996,89.510002,89.386253,3752600,89.433802,88.620876,88.516904,0.065087,0.060236,0.034125,TRUE,TRUE,0.103972,0.050405,3.999968,11.7195,51.2914,6.504261,0.1711,-0.1832,1.81,1.88,2.65,28.181301,1.256726,1.78,99.37,0.9205,-0.005139,0.015242,1.9496,0.6165,-14.55,1.004412,-169508100,3.340402,-46279890079.593643,-1.6414,53.0483,-7.91,-7.27,0,0.03,0.4432,-0.123459,-0.005139,-0.0478
08-06-25,90.300003,90.389999,89.5,88.692879,3604600,89.451136,88.686198,88.491287,0.065416,0.061372,0.033684,TRUE,TRUE,0.19491,0.04935,-2.02901,12.0528,47.4635,3.726236,0.1055,-0.1990,1.80,1.02,1.91,10.356758,0.392419,1.78,97.66,0.9230,-0.005446,0.017034,1.9713,0.2015,-14.55,0.967809,-173112700,-6.056815,-46290032547.795334,-1.6565,46.0661,-9.83,-9.99,0,-0.000735,-0.0125,-0.130515,-0.005446,-0.7764
08-07-25,90,90,89.239998,88.950424,3345600,89.453613,88.726851,88.470661,0.06418,0.062342,0.033237,TRUE,TRUE,0.25619,0.049379,-1.343536,12.6208,48.9864,-0.070495,0.0735,-0.1848,1.98,-0.09,5.21,16.977465,0.055714,1.77,97.52,0.9216,-0.005509,0.017467,1.9842,0.1434,-14.55,0.922518,-169767100,-36.91832,-46295927608.177803,-1.7010,40.3861,-8.00,-9.05,0,-0.00,-0.0814,-0.132164,-0.005509,-0.5160
08-08-25,89.940002,89.989998,88.860001,88.217415,3228800,89.418944,88.75461,88.442908,0.061224,0.063031,0.032787,FALSE,FALSE,0.311701,0.046253,-11.584795,13.5125,44.9891,-6.302249,-0.0109,-0.2154,1.54,-1.17,2.32,-1.865966,-0.779863,1.73,100.73,0.9127,-0.005416,0.01722,2.1056,0.2748,-14.55,0.899724,-172995900,-19.02899,-46302828595.658813,-1.7701,33.1592,-7.95,-10.23,0,0.00,0.0608,-0.131224,-0.005416,-1.1928
08-11-25,88.709999,89.150002,88.440002,87.633003,2623500,89.326329,88.754986,88.421417,0.055911,0.06343,0.032334,FALSE,FALSE,0.333569,0.040642,-34.486244,14.7179,42.0435,-5.419968,-0.1235,-0.2624,0.20,-1.50,2.35,-16.889403,-2.069952,1.62,108.32,0.9075,-0.005348,0.01698,2.3464,0.3699,-14.55,0.737563,-175619400,-19.447941,-46311415941.147255,-1.8496,27.8113,-9.14,-11.09,0,0.01,0.1642,-0.130306,-0.005348,-1.5633
08-12-25,88.739998,88.989998,88.080002,88.128273,3240500,89.324348,88.765267,88.401728,0.049355,0.063555,0.031877,FALSE,FALSE,0.363539,0.038407,-30.246306,16.1412,45.3115,-3.674933,-0.1709,-0.2478,0.27,-0.90,1.93,1.191882,-0.044936,1.62,108.55,0.8796,-0.00563,0.020049,2.2234,0.0022,-14.55,0.927219,-172378900,-27.715815,-46314312653.371109,-1.8056,21.6696,-8.45,-9.93,0,-0.01,-0.2531,-0.141593,-0.00563,-1.1019
08-13-25,89.160004,89.940002,88.82,88.950424,3577300,89.321872,88.789637,88.382785,0.042159,0.063445,0.031416,TRUE,TRUE,0.406852,0.03933,-18.011227,16.0392,50.3193,5.330201,-0.1404,-0.1739,2.51,-0.41,2.40,22.966284,-0.055643,1.67,108.63,0.8731,-0.005689,0.020782,2.2934,-0.0922,-14.55,1.031695,-168801600,-13.3091,-46317056799.05336,-1.8023,28.6027,-6.21,-9.61,0,-0.02,-0.3592,-0.144159,-0.005689,-0.3419
08-14-25,89.230003,89.379997,88.589996,88.316475,3524500,89.292651,88.804859,88.359662,0.034175,0.063113,0.030953,FALSE,FALSE,0.445197,0.039226,-22.76348,16.1709,46.7634,4.719913,-0.1655,-0.1592,2.79,-0.20,2.43,6.305949,-0.657383,1.66,110.59,0.8781,-0.008433,0.030649,2.3927,-0.3131,-14.55,1.014741,-172326100,3.463966,-46323021869.026413,-1.7829,28.3344,-5.24,-9.54,0,-0.03,-0.5814,-0.175068,-0.008433,-0.8827
08-15-25,89.169998,89.919998,89.089996,88.821648,2399500,89.279278,88.825281,88.343441,0.025661,0.062516,0.030486,FALSE,TRUE,0.48184,0.039085,-5.711527,15.5700,49.8073,4.495848,-0.1430,-0.1093,1.53,-0.62,2.12,19.777222,-0.300203,1.68,111.01,0.8777,-0.008329,0.029701,2.4290,0.0361,-14.55,0.692079,-169926600,-4.921346,-46326972938.352638,-1.7581,33.1347,-5.47,-9.21,0,-0.02,-0.3894,-0.17234,-0.008329,-0.4122
08-18-25,89.68,89.82,88.879997,88.06884,2562500,89.209941,88.832019,88.322013,0.01624,0.061664,0.030017,FALSE,FALSE,0.510007,0.033694,-29.045583,15.2407,45.6212,-4.69817,-0.1838,-0.1201,-0.57,-1.01,0.99,-0.297648,-1.55021,1.58,114.14,0.8127,-0.00815,0.033177,1.2443,0.6296,-14.55,0.753675,-172489100,-34.365555,-46333957959.617493,-1.7444,26.3596,-7.27,-10.50,0,0.01,0.2056,-0.182146,-0.00815,-0.9998
08-19-25,89.379997,90.480003,89.290001,89.584366,4168400,89.139613,88.860632,88.31148,0.006272,0.06061,0.029546,TRUE,TRUE,0.549153,0.029994,0.303954,14.2027,54.0026,7.239162,-0.0928,-0.0232,1.12,0.25,2.81,62.681794,-1.545828,1.58,106.68,0.8380,-0.007774,0.028351,1.2731,1.2985,-14.55,1.199811,-168320700,55.293942,-46336064127.258667,-1.7224,34.9617,,-8.43,0,0.05,0.9330,-0.168378,-0.007774,0.4169
08-20-25,90.660004,91.43,90.440002,89.841904,2931900,89.073246,88.892042,88.300215,-0.004011,0.059374,0.029074,TRUE,TRUE,0.591827,0.026628,17.607223,14.2329,55.2644,5.457117,1.6801641979213855E-4,0.0557,2.01,0.46,3.16,52.594109,-1.45589,1.62,97.08,0.8384,-0.007738,0.028066,1.4574,1.3559,-14.55,0.844511,-165388800,-1.676783,-46342538591.952217,-1.6990,42.5476,-4.63,-8.71,0,0.05,0.9954,-0.16753,-0.007738,0.7918
08-21-25,90.260002,90.760002,90.059998,89.574463,2629800,89.009357,88.902998,88.295403,-0.012907,0.057949,0.028602,TRUE,TRUE,0.607595,0.025107,16.947311,13.7947,53.6194,7.998259,0.0516,0.0858,4.48,-0.32,2.00,44.610798,-1.406453,1.55,88.59,0.8109,-0.00824,0.034042,1.3621,0.7352,-14.55,0.764171,-168018600,-18.748069,-46348816536.866173,-1.5910,45.1126,-3.77,-10.48,0,0.02,0.3056,-0.184503,-0.00824,0.6379
08-22-25,91.059998,92.620003,90.900002,91.307899,3318700,89.031644,88.958234,88.304258,-0.018766,0.056376,0.028131,TRUE,TRUE,0.653976,0.026129,24.102507,14.9032,61.5982,7.595584,0.2297,0.2110,6.99,2.62,4.10,71.099053,0.490567,1.60,93.90,0.8462,-0.007793,0.027937,2.7545,1.3414,-14.55,0.95936,-164699900,12.099308,-46350561178.769264,-1.5702,45.1322,-2.06,-10.00,0,0.05,0.9802,-0.167143,-0.007793,2.4241
08-25-25,92.010002,92.339996,91.589996,90.782921,2968600,89.100486,88.99434,88.305584,-0.02202,0.054623,0.027661,TRUE,TRUE,0.688756,0.027373,14.285803,15.9326,58.3257,3.061273,0.3246,0.2448,6.27,1.63,2.95,59.535649,1.540001,1.59,101.53,0.8436,-0.008019,0.029783,2.7008,0.8818,-14.55,0.853009,-167668500,16.356367,-46359918803.65126,-1.6148,37.3570,-2.18,-10.28,0,0.03,0.4894,-0.172576,-0.008019,1.6571
08-26-25,91.620003,91.910004,91.230003,90.545189,2739800,89.085629,89.042954,88.299711,-0.02315,0.052649,0.027191,TRUE,TRUE,0.743243,0.02805,19.872507,16.4333,56.8527,3.233303,0.3764,0.2372,4.17,0.14,2.38,54.299264,-0.327113,1.60,99.03,0.8446,-0.008074,0.030133,2.5997,0.7987,-14.55,0.798436,-170408300,-26.222533,-46368176997.170769,-1.7419,38.0573,-3.42,-12.26,0,0.02,0.4028,-0.17359,-0.008074,1.4738
08-27-25,91.650002,92.230003,91.580002,91.109795,1885400,89.163386,89.101487,88.306422,-0.022136,0.050621,0.026722,TRUE,TRUE,0.795066,0.02969,22.42796,17.1462,59.4706,-2.127592,0.4577,0.2548,4.93,1.18,0.81,66.73551,1.736532,1.62,108.55,0.8477,-0.007982,0.029222,2.5071,0.9485,-14.55,0.570411,-168522900,-57.226797,-46372790171.327133,-1.7931,43.9381,-3.06,-11.19,0,0.03,0.5636,-0.170945,-0.007982,1.7930
08-28-25,92.010002,92.050003,91.199997,90.872063,2525000,89.292156,89.161544,88.306558,-0.019473,0.048711,0.026254,TRUE,TRUE,0.854985,0.030453,29.067339,17.3164,57.8783,-0.447444,0.4972,0.2355,3.72,0.52,0.59,61.499125,2.91676,1.61,112.92,0.8480,-0.007992,0.02927,2.3417,0.9295,-14.55,0.791434,-171047900,-47.65212,-46377263472.677078,-1.7706,44.6118,-4.42,-12.51,0,0.03,0.5435,-0.171085,-0.007992,1.3991
08-29-25,91.860001,92.269997,91.779999,91.367332,2137100,89.456585,89.225424,88.302392,-0.015153,0.047051,0.025788,TRUE,TRUE,0.923032,0.032259,41.292464,17.6632,60.2652,3.412449,0.5620,0.2402,4.28,0.22,0.98,72.408149,3.733693,1.64,118.14,0.8498,-0.007924,0.028659,2.1306,1.0100,-14.55,0.705899,-168910800,-60.391801,-46383000217.734299,-1.8507,50.4034,-4.60,-12.10,0,0.03,0.6342,-0.169289,-0.007924,1.6173
09-02-25,91.410004,91.510002,90.389999,89.851807,3424400,89.500169,89.260171,88.292956,-0.009917,0.045686,0.025323,TRUE,TRUE,0.967215,0.031266,17.12596,16.4117,50.7821,-8.688503,0.4854,0.1309,2.42,-1.91,-0.30,31.31038,0.979619,1.65,117.90,0.8785,-0.008203,0.02875,1.9592,0.5010,-14.51,1.13038,-172335200,1.14603,-46389715658.323944,-1.8931,50.0789,-5.59,-15.96,0,0.01,0.1047,-0.169559,-0.008203,0.2983
09-03-25,90.540001,90.980003,90.400002,89.901337,2505500,89.525923,89.269424,88.290115,-0.003621,0.044407,0.024858,TRUE,TRUE,0.979309,0.030951,10.234501,15.2495,51.0532,-6.825094,0.4239,0.0555,2.68,-0.70,0.06,32.539411,0.576244,1.59,118.20,0.8766,-0.008284,0.029455,1.8768,0.3736,-14.51,0.844436,-169829700,-33.232958,-46396529437.124817,-1.9656,42.4879,-5.97,-17.49,0,-0.00,-0.0325,-0.171626,-0.008284,0.3176
09-04-25,91.040001,91.5,90.57,90.574905,3689000,89.620024,89.28744,88.288141,0.004155,0.04335,0.024395,TRUE,TRUE,0.999299,0.031843,24.203873,14.6753,54.7066,-5.558537,0.4246,0.0450,3.16,-1.06,-0.15,45.318333,2.121959,1.64,118.71,0.8814,-0.00815,0.028206,1.6673,0.5564,-12.78,1.241548,-166140700,2.341453,-46400179518.578835,-1.8535,51.4949,-6.64,-17.28,0,0.01,0.1692,-0.167948,-0.00815,0.8044
09-05-25,92.07,92.919998,91.830002,91.595161,3446100,89.752261,89.369021,88.295355,0.013605,0.042526,0.023935,TRUE,TRUE,1.073666,0.03556,28.16909,15.3191,59.6229,8.840787,0.5017,0.0976,4.40,2.69,1.02,67.207019,2.973271,1.68,125.40,0.8863,-0.008097,0.02753,1.6823,0.6342,-12.78,1.157841,-162694600,3.003945,-46405110547.381645,-1.8342,52.8409,-5.75,-15.19,0,0.01,0.2550,-0.165921,-0.008097,1.4696
09-08-25,91.540001,91.949997,91.239998,91.060265,2880400,89.894403,89.441528,88.299654,0.024089,0.041828,0.023476,TRUE,TRUE,1.141874,0.037442,31.069934,15.2666,56.1800,5.126814,0.5137,0.0877,3.30,1.48,0.15,48.767631,3.222549,1.67,123.18,0.8868,-0.00809,0.027448,1.3400,0.6207,-12.44,0.973472,-165575000,-10.790387,-46409449269.626198,-1.8017,52.3420,-6.31,-15.38,0,0.01,0.2404,-0.165673,-0.00809,0.9465
09-09-25,91.669998,91.75,91.330002,90.852257,2533900,90.055366,89.505517,88.299644,0.034695,0.041236,0.023019,TRUE,TRUE,1.205873,0.039576,15.238124,15.2179,54.8535,0.146817,0.5006,0.0597,2.92,2.23,0.25,27.701365,3.673563,1.54,112.66,0.8856,-0.00822,0.028419,1.2241,0.4076,-12.44,0.857666,-168108900,-3.415285,-46417747757.604401,-1.7995,44.0516,-7.20,-16.40,0,0.000658,0.0118,-0.168579,-0.00822,0.7074
09-10-25,91.730003,92.260002,91.419998,90.703674,2242800,90.184136,89.555242,88.296679,0.046014,0.040747,0.022566,TRUE,TRUE,1.258563,0.039898,10.494599,15.5919,53.8749,-5.747956,0.4729,0.0256,1.88,3.27,0.18,22.506176,2.922333,1.51,103.85,0.8761,-0.008103,0.028217,1.1421,0.6556,-12.44,0.772173,-170351700,-30.788459,-46423815708.910927,-1.8850,43.1000,-8.21,-16.69,0,0.02,0.2724,-0.167979,-0.008103,0.5003
09-11-25,91.830002,93.419998,91.75,92.357872,2671400,90.354509,89.625175,88.302562,0.058434,0.040382,0.022117,TRUE,TRUE,1.322612,0.042905,28.99892,16.7578,62.0022,5.822224,0.5777,0.1043,4.30,5.48,0.88,64.946317,3.830727,1.62,110.29,0.9055,-0.00773,0.02402,1.6967,1.1445,-12.44,0.934306,-167680300,-25.323568,-46424542353.143188,-1.8796,49.9158,-6.23,-14.66,0,0.05,0.8116,-0.154983,-0.00773,1.8164
09-12-25,93.18,93.339996,92.709999,91.931938,2165500,90.535282,89.682428,88.30295,0.071422,0.040209,0.021672,TRUE,TRUE,1.379478,0.044449,7.526866,17.8405,59.1139,4.26046,0.6192,0.1167,3.32,7.11,-1.02,50.889089,4.093759,1.47,104.61,0.9065,-0.00774,0.024032,1.6738,1.1125,-12.44,0.775808,-169845800,-38.558661,-46432056736.485603,-1.9531,48.4189,-6.47,-13.67,0,0.04,0.7779,-0.155023,-0.00774,1.3351
09-15-25,93.110001,93.239998,92.389999,91.783363,2754600,90.683368,89.734728,88.299133,0.084446,0.040146,0.02123,TRUE,TRUE,1.435595,0.04604,12.640766,18.4306,58.0973,4.222363,0.6329,0.1043,4.16,4.84,-0.99,45.985628,3.334453,1.49,99.94,0.9063,-0.007833,0.024628,1.6191,0.9645,-12.44,0.98062,-172600400,14.798916,-46438743201.558174,-1.9895,48.6598,-6.67,-14.68,0,0.04,0.6213,-0.156933,-0.007833,1.1007
09-16-25,92.650002,92.800003,91.910004,91.297997,3260300,90.844825,89.792576,88.286446,0.09657,0.040166,0.020791,TRUE,TRUE,1.50613,0.046534,9.223268,18.3800,54.7826,-7.219566,0.5976,0.0552,3.53,2.53,-1.92,29.966914,3.666628,1.49,79.46,0.9095,-0.007904,0.024911,1.5622,0.8268,-12.44,1.146407,-175860700,27.23122,-46446487385.267265,-1.9784,47.9628,-6.64,-15.65,0,0.03,0.4764,-0.157831,-0.007904,0.5703
09-17-25,92.449997,93.580002,91.949997,91.179138,4570600,90.924564,89.850621,88.27129,0.106265,0.040247,0.020355,TRUE,TRUE,1.579331,0.048901,0.898663,18.9453,53.9706,-5.143347,0.5537,0.0091,3.77,2.94,-3.07,24.737874,1.78019,1.54,73.96,0.8899,-0.008221,0.028169,1.5577,0.3594,-12.44,1.595858,-180431300,9.648786,-46455381023.936478,-2.0830,51.4243,-6.76,-15.76,0,-0.00,-0.0337,-0.167837,-0.008221,0.3442
09-18-25,92.160004,92.650002,91.940002,91.377243,2966000,91.001331,89.911242,88.254095,0.113324,0.040406,0.019924,TRUE,TRUE,1.657147,0.051896,6.580719,19.4572,55.1635,-2.933744,0.5288,-0.0127,3.63,3.04,-3.18,30.948053,1.708935,1.58,69.99,0.8897,-0.008232,0.02825,1.5238,0.3459,-12.44,1.034984,-177465300,1.163068,-46463048845.15052,-2.1026,50.8516,-7.36,-14.47,0,-0.00,-0.0486,-0.168076,-0.008232,0.5371
09-19-25,92.370003,92.489998,91.650002,90.782921,3076000,91.061754,89.948883,88.236044,0.117339,0.04059,0.019496,TRUE,TRUE,1.712839,0.050163,-7.515846,19.5459,50.9014,-3.881232,0.4559,-0.0685,3.03,2.43,-3.13,12.317277,1.34911,1.56,61.75,0.8352,-0.008051,0.030675,1.5645,0.9247,-12.44,1.065077,-180541300,16.96707,-46472475206.640076,-2.1409,44.6528,-9.36,-16.34,0,0.03,0.5398,-0.175143,-0.008051,-0.4515
09-22-25,91.68,91.870003,91.089996,90.802727,3646000,91.036495,89.986721,88.224968,0.118258,0.04078,0.019072,TRUE,TRUE,1.761753,0.048144,15.142024,18.9216,51.0372,-2.933415,0.3951,-0.1034,1.53,3.60,-2.99,12.664314,-0.553263,1.56,61.73,0.8350,-0.008028,0.030512,1.4575,0.9613,-12.44,1.255328,-176895300,9.862295,-46478806786.96814,-2.2078,44.3944,-10.91,-16.10,0,0.03,0.5785,-0.174677,-0.008028,-0.3787
09-23-25,91.790001,92.389999,91.669998,91.297997,3421200,91.062249,90.022975,88.218724,0.117617,0.040986,0.018651,TRUE,TRUE,1.804251,0.047119,20.765872,18.8245,54.4306,-0.732962,0.3825,-0.0928,1.81,2.59,-2.48,24.185924,0.567371,1.59,61.69,0.8370,-0.007988,0.030063,1.3088,1.0526,-12.44,1.168822,-173474100,15.246244,-46485763236.635414,-2.1497,51.3122,-9.51,-14.88,0,0.04,0.6755,-0.173386,-0.007988,0.3822
09-24-25,91.220001,91.260002,90.389999,90.400002,2709200,91.05499,90.067617,88.209241,0.113688,0.041151,0.018233,TRUE,TRUE,1.858377,0.045377,-2.51654,17.6297,47.9426,-2.958774,0.2967,-0.1429,3.30,2.73,-3.06,0.313546,-0.160348,1.55,62.41,0.8444,-0.008278,0.031728,1.3296,0.5333,-12.44,0.926058,-176183300,-1.11687,-46488410143.067764,-2.0549,43.8723,-8.65,-14.48,0,0.01,0.1221,-0.178124,-0.008278,-1.0495
09-25-25,90.389999,90.75,90.059998,90.129997,4246500,91.006,90.090219,88.199513,0.107325,0.041211,0.017818,TRUE,TRUE,1.890706,0.044161,-23.631983,16.8305,46.1610,-4.876185,0.2045,-0.1881,3.08,2.03,-4.30,1.988625,-1.075403,1.42,65.72,0.8407,-0.009363,0.020863,1.4610,0.2120,-12.44,1.395234,-180429800,125.23072,-46491795041.17701,-1.9550,35.1120,-7.89,-15.78,0,0.00,0.0240,-0.14444,-0.009363,-1.3330
09-26-25,90.5,91.18,90.300003,91.019997,5430800,91.013396,90.132601,88.194908,0.10033,0.041216,0.017407,TRUE,TRUE,1.937692,0.044687,-0.614307,15.6428,52.4356,-1.995001,0.2009,-0.1533,3.84,3.30,-3.49,27.272668,0.162794,1.44,65.64,0.8494,-0.009209,0.019747,1.4641,0.4445,-12.44,1.703051,-174999000,115.081188,-46488339128.904915,-1.7416,44.9710,-7.24,-14.48,0,0.02,0.3419,-0.140526,-0.009209,0.0101
09-29-25,91.120003,91.230003,90.650002,91.050003,3155100,90.99753,90.171819,88.189155,0.093117,0.041199,0.016999,TRUE,TRUE,1.982663,0.045321,3.100919,14.5631,52.6360,4.693363,0.1982,-0.1248,3.21,3.47,-2.81,28.125122,-0.347312,1.43,65.12,0.8494,-0.009226,0.019826,1.4481,0.4201,-12.44,0.973867,-171843900,47.634645,-46487142363.973709,-1.6072,51.1501,-8.09,-17.14,0,0.02,0.3167,-0.140806,-0.009226,0.0806
09-30-25,91.080002,91.489998,90.790001,91.419998,3002800,91.07594,90.211107,88.191936,0.085394,0.041174,0.016596,TRUE,TRUE,2.019171,0.045165,10.855967,13.8392,55.1457,8.98477,0.2234,-0.0797,2.88,2.94,-1.52,38.636334,1.745309,1.37,59.82,0.8425,-0.009033,0.01931,1.3934,0.8198,-12.44,0.932928,-168841100,-12.311646,-46484740123.973709,-1.4761,51.9304,,-16.89,0,0.04,0.7301,-0.138962,-0.009033,0.5751
10-01-25,91.370003,91.879997,91.25,91.559998,2933500,91.158873,90.222488,88.196474,0.076894,0.041167,0.016198,TRUE,TRUE,2.026014,0.044853,-15.693104,13.5735,56.0938,3.658225,0.2517,-0.0411,2.80,3.05,-1.50,42.613585,1.844979,1.20,53.89,0.8421,-0.008991,0.019149,1.0028,0.9140,-12.44,0.905377,-165907600,17.082419,-46484786697.615852,-1.3620,52.1687,-8.87,-16.52,0,0.04,0.8291,-0.13838,-0.008991,0.7444
10-02-25,91.360001,91.360001,90.510002,91.080002,4186000,91.184127,90.220704,88.199333,0.067784,0.041135,0.015804,TRUE,TRUE,2.021371,0.043688,-16.580127,12.7345,52.0331,-0.602866,0.2327,-0.0481,2.14,1.89,-2.78,28.977359,0.557656,1.21,52.16,0.8455,-0.009095,0.01944,0.8932,0.7217,-9.35,1.282108,-170093600,13.472486,-46483358525.837479,-1.2738,45.6361,-8.92,-16.52,0,0.03,0.6303,-0.139426,-0.009095,-0.1996
10-03-25,91.199997,92.160004,91.199997,91.419998,2496500,91.175369,90.232059,88.205191,0.058286,0.041079,0.015414,TRUE,TRUE,2.026868,0.043869,-6.817717,12.5100,54.5433,-0.602466,0.2423,-0.0308,3.41,5.88,-1.78,38.636334,-0.191236,1.19,51.58,0.8432,-0.009119,0.019658,0.6972,0.6438,-5.24,0.775924,-167597100,-27.555788,-46484710798.324165,-1.2370,51.0001,-9.21,-18.70,0,0.03,0.5521,-0.140206,-0.009119,0.4743
10-06-25,91.480003,91.5,90.529999,90.559998,4154400,91.150356,90.226015,88.208335,0.048534,0.041018,0.015026,TRUE,TRUE,2.01768,0.042518,-12.937469,11.6504,47.7382,-8.355624,0.1785,-0.0757,2.59,9.65,-2.36,14.204528,-0.54938,1.20,53.35,0.8529,-0.009272,0.019874,0.7520,0.3413,-3.88,1.26614,-171751500,44.229968,-46488608235.907928,-1.2063,50.1335,-10.58,-20.88,0,0.01,0.2414,-0.140977,-0.009272,-1.1066
10-07-25,90.629997,90.809998,89.849998,90.230003,4546200,91.119243,90.242494,88.211993,0.038991,0.040984,0.01464,FALSE,TRUE,2.030501,0.041507,-16.044908,11.5007,45.3976,-6.635515,0.1001,-0.1232,2.13,12.19,-1.82,13.571588,-0.684907,1.10,56.88,0.8506,-0.009455,0.02078,0.8389,0.0278,-3.88,1.344326,-176297700,79.415131,-46489555311.229195,-1.0617,40.9921,-10.16,-19.48,0,-0.00,-0.0878,-0.144152,-0.009455,-1.5634
10-08-25,89.82,90.099998,89.529999,89.760002,3325100,91.07206,90.220847,88.231764,0.029207,0.040886,0.014256,FALSE,TRUE,1.989083,0.037452,-26.13771,11.6473,42.2224,-12.320903,8.013582012722509E-5,-0.1786,0.97,14.69,-1.86,7.770386,-1.04039,1.04,63.98,0.8310,-0.00941,0.021563,0.9884,0.3314,-3.88,0.967756,-179622800,48.256643,-46490196956.591995,-0.9660,40.7616,-10.95,-19.26,0,0.01,0.2233,-0.146842,-0.00941,-2.0508
10-09-25,89.93,89.989998,89.040001,89.269997,3122700,90.917666,90.215154,88.25572,0.018572,0.040654,0.013873,FALSE,TRUE,1.959434,0.033915,-24.871068,12.2028,39.1481,-8.59003,-0.1174,-0.2369,0.40,7.64,-1.52,6.865547,-3.343381,1.04,68.42,0.8255,-0.009664,0.02305,1.1715,-0.1438,-3.88,0.902919,-182745500,16.893764,-46491807635.611893,-0.9725,40.7849,-11.23,-19.01,0,-0.01,-0.2743,-0.151821,-0.009664,-2.4082
10-10-25,89.519997,89.690002,88.089996,88.129997,3996300,90.727569,90.211821,88.266861,0.007229,0.040232,0.013491,FALSE,FALSE,1.94496,0.028326,-37.104431,13.4336,33.1083,-12.289261,-0.2990,-0.3348,-1.51,8.75,-2.98,0.930253,-4.135604,1.09,88.60,0.8420,-0.009666,0.022158,1.5251,-0.5073,-4.58,1.125721,-186741800,84.543985,-46495604116.800735,-0.8950,40.5940,-10.83,-19.87,0,-0.03,-0.6510,-0.148855,-0.009666,-2.9319
10-13-25,88.209999,88.779999,88.080002,88.690002,2809800,90.572901,90.224046,88.279121,-0.004275,0.039673,0.01311,FALSE,TRUE,1.944925,0.024017,-35.883254,14.5835,38.1559,-4.066482,-0.3932,-0.3432,0.59,8.12,-2.46,14.950989,-3.370285,1.01,95.90,0.8456,-0.008221,0.031205,1.7384,-0.3726,-4.58,0.79088,-183932000,2.003921,-46493516810.551147,-0.7709,34.2478,100.59,108.12,,-0.04,-0.7345,-0.176649,-0.008221,-1.9635
10-14-25,88.57,89.739998,88.389999,89.599998,3047700,90.488001,90.236443,88.293068,-0.014275,0.039134,0.01273,FALSE,TRUE,1.943376,0.021843,-10.989055,14.4770,45.3699,6.221727,-0.3900,-0.2720,0.67,7.01,-0.58,37.254803,-1.859842,1.04,96.65,0.8544,-0.008296,0.031904,1.7985,-0.1784,-4.58,0.860417,-180884300,-6.520872,-46491101224.065361,-0.6298,40.0190,-10.42,-19.15,0,-0.05,-0.8808,-0.178616,-0.008296,-0.9188
10-15-25,89.910004,91.160004,89.839996,90.900002,3026500,90.474044,90.266718,88.312349,-0.02268,0.038701,0.012352,TRUE,TRUE,1.954369,0.024395,9.265999,13.8663,53.6820,20.57369,-0.2793,-0.1290,2.25,8.23,-0.27,69.117609,-0.306141,1.09,95.80,0.8461,-0.008297,0.032579,1.7600,-0.2632,-4.58,0.87347,-177857800,-33.783311,-46489266984.821594,-0.4890,47.1693,-8.57,-17.82,0,-0.05,-0.9758,-0.180497,-0.008297,0.4446
10-16-25,91.07,91.43,90.379997,90.580002,3719100,90.434182,90.304461,88.334399,-0.029765,0.03836,0.011978,TRUE,TRUE,1.970061,0.026729,-5.684689,13.5229,51.6008,13.444864,-0.2149,-0.0517,1.67,7.93,-1.21,61.274482,-0.872472,1.09,93.47,0.8469,-0.008383,0.033208,1.7761,-0.4341,-4.58,1.06182,-181576900,25.391099,-46491569256.511536,-0.4071,45.2538,-8.79,-17.31,0,-0.06,-1.1631,-0.182231,-0.008383,0.1560
10-17-25,90.540001,91.279999,90.260002,91.169998,2945200,90.453536,90.348852,88.361536,-0.034766,0.038067,0.011607,TRUE,TRUE,1.987316,0.029527,1.445726,13.0819,55.0603,9.69041,-0.1150,0.0386,1.92,7.03,-1.75,75.73517,0.426377,1.12,94.63,0.8499,-0.008242,0.03182,1.7735,-0.1216,-4.58,0.842441,-178631700,-4.252276,-46489259301.342606,-0.2400,45.0063,-7.75,-16.66,0,-0.04,-0.8239,-0.178382,-0.008242,0.7571
10-20-25,91.599998,92.110001,91.389999,92.089996,2036800,90.517899,90.426304,88.389534,-0.038331,0.037868,0.01124,TRUE,TRUE,2.03677,0.033831,7.570609,13.3646,59.8764,6.194364,0.0381,0.1533,1.21,10.41,-1.84,98.284135,1.417655,1.13,101.27,0.8596,-0.008016,0.029368,2.2276,0.1870,-4.58,0.596328,-176594900,-44.136039,-46487335680.878906,-0.1249,43.8653,-9.35,-15.35,0,-0.03,-0.4757,-0.171372,-0.008016,1.5524
10-21-25,92,92.449997,91.68,91.830002,2829500,90.5445,90.510244,88.420068,-0.040331,0.037707,0.010879,TRUE,TRUE,2.090176,0.035173,3.010086,13.8885,57.9852,6.384395,0.1368,0.2016,0.72,8.00,-1.34,85.812453,0.582713,1.14,104.09,0.8338,-0.007793,0.029505,2.2236,0.6118,-4.58,0.83565,-179424400,-17.295101,-46489062762.261124,-0.0487,43.7534,-8.16,-14.22,0,-0.00,-0.0403,-0.171771,-0.007793,1.2350
10-22-25,92.110001,92.370003,91.690002,92.220001,2490400,90.6355,90.592078,88.44692,-0.040366,0.037596,0.010522,TRUE,TRUE,2.145158,0.039454,12.837846,14.3750,60.0249,4.964583,0.2437,0.2468,1.51,8.26,-1.65,94.736934,2.013274,1.11,110.52,0.8099,-0.00802,0.033226,2.3161,0.2437,-4.58,0.737886,-176934000,-8.076185,-46487671078.827003,0.0109,51.0969,-7.80,-13.57,0,-0.02,-0.4627,-0.182281,-0.00802,1.4337
10-23-25,92.32,92.57,91.389999,92.160004,2687000,90.737,90.65627,88.479055,-0.039094,0.037519,0.010169,TRUE,TRUE,2.177215,0.041378,8.604724,14.4544,59.5459,-0.33047,0.3198,0.2584,1.43,7.80,0.25,90.868681,2.252309,1.12,114.87,0.7875,-0.007823,0.033451,2.3045,0.7050,-4.58,0.814966,-179621000,-36.724361,-46486851297.564278,0.0750,45.2076,-8.01,-13.53,0,0.000888,0.0182,-0.182896,-0.007823,1.2388
10-24-25,92.82,92.93,92.43,92.43,2619500,90.8075,90.73854,88.516618,-0.036294,0.037494,0.009821,TRUE,TRUE,2.221922,0.041467,23.34589,14.8472,61.0520,3.066795,0.3974,0.2688,3.38,8.30,0.40,89.690718,1.549114,1.10,120.86,0.7645,-0.007545,0.033012,2.4258,1.3138,-4.58,0.829874,-177001500,-51.765854,-46489470797.564278,-0.0179,52.9719,-6.98,-13.70,0,0.03,0.6579,-0.181693,-0.007545,1.3424
10-27-25,92.489998,92.730003,92.080002,92.690002,2921900,90.8895,90.815907,88.554364,-0.032263,0.037516,0.009478,TRUE,TRUE,2.261543,0.041383,30.982376,14.7626,62.4998,2.474898,0.4744,0.2766,2.03,7.93,-0.05,95.051589,1.801207,1.07,127.95,0.7637,-0.007468,0.032395,2.5508,1.4981,-4.58,0.929108,-174079600,-7.391208,-46486908523.412605,0.0037,54.9426,-7.98,-13.58,0,0.04,0.8584,-0.179987,-0.007468,1.4072
10-28-25,92.470001,92.470001,90.800003,90.048386,4635700,90.820919,90.855498,88.589291,-0.027812,0.037456,0.009139,FALSE,TRUE,2.266207,0.038241,2.852004,14.1221,44.4293,-15.116634,0.3186,0.0966,0.55,4.30,-3.11,40.585246,-1.500342,1.20,128.63,0.8429,0.011853,0.066922,2.5244,0.1416,-4.58,1.436763,49649300,54.379246,-26430120670.54966,-0.1701,53.1961,100.55,104.30,,0.04,0.7367,0.258692,0.011853,-0.6006
10-29-25,90.199997,90.360001,88.230003,87.729538,5649700,90.629396,90.818402,88.607527,-0.024403,0.037185,0.008801,FALSE,FALSE,2.210875,0.031926,-12.901175,15.3453,34.8924,-26.159587,0.0079,-0.1712,-0.64,1.25,-4.71,-7.226061,-4.183551,1.33,144.58,0.9051,0.011853,0.066922,2.7288,-0.7543,-5.35,1.680308,43999600,92.592466,-26438425284.143253,-0.2860,50.3230,99.36,101.25,,0.04,0.7367,0.258692,0.011853,-2.0058
10-30-25,88.459999,89.550003,88.199997,88.145744,5183100,90.482684,90.784479,88.624008,-0.021895,0.036722,0.008464,FALSE,FALSE,2.16047,0.02521,0.14039,16.4977,37.4862,-25.013586,-0.2024,-0.3052,0.08,1.40,-4.56,1.355516,-3.221627,1.34,154.32,0.9019,0.012066,0.07032,2.7266,-0.3902,-5.35,1.519011,49182700,23.819876,-26444024970.079235,-0.3848,49.0690,100.08,101.40,,0.05,1.0353,0.265178,0.012066,-1.5143
10-31-25,88.5,89.480003,88.169998,88.373665,3982700,90.330367,90.760463,88.639202,-0.020647,0.036048,0.008128,FALSE,FALSE,2.12126,0.019334,-2.906293,17.5855,38.9212,-5.508118,-0.3467,-0.3596,-0.68,0.43,-3.62,4.27871,-3.33224,1.39,159.53,0.9018,0.012032,0.070038,2.7664,-0.3997,-5.35,1.142332,53165400,59.531344,-26446769288.24411,-0.3966,56.0496,,100.43,,0.05,0.9396,0.264646,0.012032,-1.2265
11-03-25,88.199997,89.150002,87.860001,88.244843,4522900,90.214609,90.699202,88.644916,-0.020177,0.035187,0.007794,FALSE,FALSE,2.054285,0.012038,-13.412869,18.7851,38.3848,3.49248,-0.4660,-0.3832,-1.28,0.51,-4.18,7.590571,-2.556488,1.38,166.04,0.8956,0.01219,0.073133,2.9158,-0.2020,-5.35,1.290454,48642500,8.870114,-26448593583.159035,-0.3649,48.3314,98.72,100.51,,0.07,1.2583,0.270431,0.01219,-1.1863
11-04-25,89.239998,89.330002,88.760002,88.393478,4058700,90.122783,90.651413,88.651665,-0.020103,0.034135,0.007461,FALSE,FALSE,1.999748,0.003992,-27.999482,19.6714,39.4221,1.935913,-0.5424,-0.3676,-0.34,1.46,-2.37,10.522245,-2.035382,1.34,170.96,0.8915,0.012328,0.07567,3.1257,0.0436,-5.35,1.166121,52701200,-10.723241,-26457871969.863804,-0.4872,49.3129,99.66,101.46,,0.08,1.5259,0.275082,0.012328,-1.0115
11-05-25,89.480003,89.57,88.739998,88.472755,2885900,90.058421,90.609964,88.650654,-0.020194,0.032945,0.007131,FALSE,FALSE,1.95931,-0.003126,-24.189773,20.1858,40.0022,1.081044,-0.5897,-0.3320,-0.54,1.43,-1.19,12.085895,-1.434098,1.35,174.78,0.8887,0.012229,0.074949,3.2983,-0.0978,-5.35,0.834424,55587100,-13.208625,-26462616263.194073,-0.5496,48.3915,99.46,101.43,,0.07,1.3351,0.273767,0.012229,-0.9072
11-06-25,89.190002,89.550003,88.82,88.046646,3421600,89.997253,90.548701,88.655232,-0.022073,0.031604,0.006804,FALSE,FALSE,1.893469,-0.009568,-36.541441,20.6634,37.9012,-0.483643,-0.6540,-0.3170,-0.19,1.34,-2.73,3.681371,-1.370394,1.36,179.75,0.8825,0.012052,0.074351,3.5326,-0.5225,-5.35,0.985058,52165500,9.571845,-26473287436.974159,-0.6776,42.0453,99.81,101.34,,0.05,1.0063,0.272673,0.012052,-1.0852
11-07-25,89.040001,90.25,88.940002,89.414177,5277800,90.061462,90.519543,88.663443,-0.024653,0.030202,0.00648,FALSE,TRUE,1.8561,-0.014793,-29.747996,20.1987,47.4420,8.019923,-0.5879,-0.2007,2.03,2.24,-2.51,30.654367,1.457143,1.44,174.96,0.9004,0.01219,0.077102,3.6526,0.1537,-5.35,1.491926,57443300,32.067162,-26474744469.283249,-0.6323,45.5063,102.03,102.24,,0.07,1.3013,0.277673,0.01219,-0.3700
11-10-25,90.019997,90.580002,89.650002,89.364624,3398100,90.095193,90.479489,88.669901,-0.028191,0.028732,0.006159,FALSE,TRUE,1.809588,-0.019303,-28.065041,19.3723,47.1593,7.157045,-0.5333,-0.1169,1.40,1.68,-0.45,29.676992,0.760651,1.47,172.81,0.8976,0.01209,0.076422,3.7682,-0.0308,-5.35,0.952652,54045200,20.937433,-26480228033.740948,-0.7332,46.0156,101.40,101.68,,0.06,1.0935,0.276446,0.01209,-0.4227
11-11-25,90.510002,91.260002,90.489998,90.365494,3190200,90.133468,90.489763,88.67549,-0.031804,0.027251,0.005841,FALSE,TRUE,1.814273,-0.023479,-19.738492,18.1250,53.2231,15.321888,-0.4047,0.0094,1.59,4.14,-0.53,49.418014,0.854347,1.55,172.51,0.9015,0.012274,0.080344,3.8249,0.5468,-5.35,0.892585,57235400,4.675657,-26484449898.005856,-0.8246,46.6789,101.59,104.14,,0.08,1.4621,0.28345,0.012274,0.1345
11-12-25,90.75,91.169998,90.480003,89.691643,3652300,90.07305,90.485569,88.683098,-0.035967,0.025665,0.005527,FALSE,TRUE,1.802471,-0.026319,-24.660824,16.9557,49.1348,1.69283,-0.3530,0.0488,1.56,4.39,-2.72,36.127066,-1.329328,1.54,171.80,0.8798,0.011936,0.082614,3.9185,-0.1815,-5.35,1.013007,53583100,20.67735,-26496448143.08707,-1.0093,45.8988,101.56,104.39,,0.04,0.8082,0.287427,0.011936,-0.2220
11-13-25,90.029999,90.410004,89.260002,88.591675,3734400,89.973634,90.445904,88.691032,-0.041578,0.023912,0.005217,FALSE,FALSE,1.754872,-0.030531,-35.411486,16.8386,43.2893,-3.869913,-0.3963,0.0045,-0.26,1.26,-3.43,15.024102,-2.195106,1.59,174.44,0.8932,0.011881,0.081992,4.0921,-0.6272,-5.35,1.035559,49848700,0.41139,-26504523061.826828,-1.0891,40.2754,99.74,101.26,,0.04,0.6946,0.286343,0.011881,-0.7922
11-14-25,89.629997,89.739998,89.099998,88.779953,3662800,89.854131,90.3896,88.694373,-0.047897,0.022116,0.004912,FALSE,TRUE,1.695227,-0.034819,-36.313483,16.8698,44.5063,-8.716773,-0.4106,-0.0079,0.81,0.23,-1.87,19.955581,-2.621526,1.62,174.00,0.8930,0.011964,0.083259,1.9009,-0.4762,-5.35,1.005697,53511500,24.365069,-26511849185.795071,-1.2107,39.8308,100.81,100.23,,0.04,0.8379,0.288547,0.011964,-0.6173
11-17-25,89.830002,89.849998,88.599998,88.046646,4071900,89.651964,90.329328,88.695018,-0.055186,0.020257,0.004613,FALSE,FALSE,1.63431,-0.037326,-22.595096,17.3258,40.8312,-8.303676,-0.4757,-0.0584,-1.72,-0.62,-3.21,5.489571,-4.390651,1.58,170.10,0.8616,0.011449,0.086209,2.0187,-1.3415,-5.35,1.087637,49439600,99.916536,-26519526198.528225,-1.3060,40.3085,98.28,,,-0.000741,-0.0151,0.293614,0.011449,-0.9438
11-18-25,88.809998,89.470001,88.57,88.403389,4281500,89.480633,90.28035,88.69837,-0.063202,0.018355,0.004319,FALSE,FALSE,1.581981,-0.039957,9.770103,17.7747,43.2848,-0.004567,-0.4928,-0.0604,-1.60,0.37,-1.94,15.982004,-3.731474,1.52,164.16,0.8609,0.011561,0.088693,1.9504,-1.0413,-5.35,1.121867,53721100,51.316487,-26525392904.258739,-1.3354,41.2994,98.40,100.37,,0.01,0.2565,0.297814,0.011561,-0.6562
11-19-25,89.199997,89.300003,88.220001,87.709724,4029400,89.255119,90.220471,88.697913,-0.071402,0.016359,0.004032,FALSE,FALSE,1.522559,-0.043996,-6.07733,18.4926,39.8265,-4.679862,-0.5559,-0.0988,-2.08,2.31,-2.76,-4.419886,-4.890779,1.47,155.29,0.8658,0.011639,0.089924,1.9975,-1.1952,-5.37,1.034943,49691700,61.797302,-26533229907.646751,-1.4275,42.1812,97.92,102.31,,0.02,0.3931,0.299873,0.011639,-0.9952
11-20-25,89.07,89.57,88.110001,87.343063,5316600,89.014272,90.120175,88.689457,-0.079364,0.014234,0.003752,FALSE,FALSE,1.430718,-0.047522,-14.092211,18.7591,38.0939,-2.737252,-0.6282,-0.1369,-4.34,2.35,-3.86,-15.20403,-5.226715,1.52,144.87,0.8625,0.01148,0.088727,2.1076,-1.5192,-5.77,1.320949,44375100,97.863789,-26544132125.689758,-1.5265,34.0490,95.66,102.35,,0.00,0.0913,0.297871,0.01148,-1.1536
11-21-25,88.660004,89.900002,88.379997,88.760139,5770400,88.830779,90.056739,88.686971,-0.086244,0.012053,0.003478,FALSE,TRUE,1.369769,-0.048918,5.990763,18.5304,47.5844,4.299605,-0.5647,-0.0587,-2.23,3.90,-2.78,20.639319,-3.970422,1.60,120.52,0.8892,0.011544,0.08977,2.0674,-0.9133,-5.77,1.379693,50145500,120.286314,-26547016254.039906,-1.4721,43.4332,97.77,103.90,,0.01,0.2237,0.299616,0.011544,-0.0586
11-24-25,89.639999,89.940002,89.089996,88.997963,3330800,88.646177,90.001031,88.68713,-0.091494,0.009833,0.003212,FALSE,TRUE,1.313902,-0.048968,6.955524,18.2596,48.9976,9.171095,-0.4896,0.0132,-1.71,2.39,-2.39,28.189267,-3.983212,1.60,79.64,0.8868,0.011393,0.088413,2.0242,-0.9984,-5.77,0.792515,53476300,13.994319,-26551068330.749775,-1.5437,42.7208,98.29,102.39,,-0.00,-0.0511,0.297343,0.011393,0.4417
11-25-25,90.050003,91.040001,90.050003,89.820465,4230300,88.634781,89.971481,88.691595,-0.094616,0.00766,0.002953,FALSE,TRUE,1.279885,-0.050106,14.28576,17.3213,53.6516,15.55772,-0.3595,0.1146,-1.42,3.44,-2.21,54.300433,-0.253109,1.66,77.67,0.8694,,,1.9519,-0.2323,-5.77,1.011415,57706600,-8.745173,-26557260280.333241,-1.5199,44.1225,98.58,103.44,,0,0,,,1.5266
11-26-25,90.43,91.57,90.389999,90.21685,3298000,88.759147,89.952235,88.696101,-0.095698,0.005566,0.002701,TRUE,TRUE,1.256134,-0.050508,23.076936,17.0086,55.7474,8.163016,-0.2218,0.2018,-0.72,2.97,-2.52,60.891625,2.835205,1.70,82.19,0.8712,,,1.8280,-0.1146,-5.77,0.811322,61004600,-41.625219,-26561526154.254295,-1.5142,50.0081,99.28,102.97,,0,0,,,1.7735
11-28-25,90.93,91.599998,90.93,90.51413,1627100,88.877566,89.934973,88.706219,-0.094593,0.00357,0.002457,TRUE,TRUE,1.228753,-0.049299,13.198437,16.7492,57.3066,8.309061,-0.0878,0.2687,-0.93,3.31,-3.54,68.886261,2.686897,1.63,89.62,0.8669,,,1.9392,-0.2432,-5.77,0.418582,62631700,-68.60759,-26565173149.808739,-1.5583,46.6248,99.07,103.31,,0,0,,,1.8262
12-01-25,90.449997,90.809998,90.230003,89.473625,3120800,88.932564,89.908787,88.706718,-0.092693,0.001603,0.002221,FALSE,TRUE,1.202069,-0.048064,1.168924,15.6047,50.5880,-3.063583,-0.0647,0.2334,-0.42,1.99,-5.03,39.072361,1.24467,1.60,89.74,0.8667,,,1.9338,-0.9381,-5.77,0.811847,59510900,-21.641098,-26576433703.613609,-1.6865,40.4574,99.58,101.99,,0,0,,,0.6029
12-02-25,90.519997,90.639999,89.68,89.156525,2736900,88.978148,89.875863,88.707669,-0.089868,-0.000346,0.001991,FALSE,TRUE,1.168194,-0.048136,-13.990846,15.0590,48.7136,-7.033757,-0.0712,0.1815,-0.83,1.83,-5.97,29.986381,1.033128,1.55,88.36,0.8647,,,1.9744,-0.8700,-5.77,0.728912,56774000,-39.487939,-26582155399.164715,-1.7786,34.7080,99.17,101.83,,0,0,,,0.2019
12-03-25,89.860001,90.419998,89.809998,89.384438,3204000,89.027696,89.837592,88.70777,-0.085925,-0.002285,0.001769,FALSE,TRUE,1.129822,-0.048082,-3.748597,14.5524,50.1435,-7.163112,-0.0573,0.1563,-1.31,1.80,-5.31,36.51684,1.121077,1.58,87.69,0.8651,,,1.9876,-0.7216,-5.77,0.863137,59978000,-21.058467,-26589829867.584057,-1.7774,41.1691,98.69,101.80,,0,0,,,0.4068
12-04-25,90.029999,90.589996,89.870003,89.166435,4837500,89.06238,89.81292,88.706441,-0.080857,-0.004155,0.001555,FALSE,TRUE,1.106479,-0.048556,7.859176,13.8505,48.7436,-1.844399,-0.0632,0.1204,-2.65,1.64,-4.14,30.270352,0.78406,1.59,86.75,0.8654,,,1.9460,-0.7459,-5.77,1.269812,55140500,67.625351,-26604121640.083023,-1.8572,49.3874,97.35,101.64,,0,0,,,0.1200
12-05-25,89.82,90.349998,89.720001,89.067329,3859800,89.113414,89.791667,88.70248,-0.074527,-0.005995,0.001348,FALSE,TRUE,1.089186,-0.046303,3.978041,13.3875,48.0864,-0.627232,-0.0750,0.0869,-2.19,1.04,-3.76,27.430641,1.159253,1.60,83.39,0.8307,,,1.9254,-1.3933,-5.77,1.007378,51280700,12.806874,-26615978880.242878,-1.8621,49.1867,97.81,101.04,,0,0,,,-0.0553
12-08-25,89.919998,89.919998,89.150002,88.383575,3971700,89.061884,89.738938,88.699519,-0.066591,-0.007827,0.001147,FALSE,FALSE,1.03942,-0.04571,4.696197,13.6316,43.7078,-6.435739,-0.1379,0.0192,-2.72,0.13,-4.24,7.838825,-1.152615,1.58,84.61,0.8341,,,1.8900,-1.4847,-5.77,1.054557,47309000,-24.747054,-26627857145.849022,-2.0327,49.2650,97.28,100.13,,0,0,,,-0.8017
12-09-25,89.440002,89.980003,88.82,88.046646,4194000,88.995985,89.678871,88.693125,-0.05756,-0.009666,0.000952,FALSE,FALSE,0.985746,-0.045724,-4.986132,14.2131,41.6931,-7.050559,-0.2125,-0.0443,-2.93,-1.10,-4.38,-1.815316,-1.474832,1.60,87.22,0.8351,,,1.9273,-1.5527,-5.77,1.101939,43115000,23.421912,-26637643274.574917,-2.0680,49.3391,97.07,98.90,,0,0,,,-1.0884
12-10-25,89.129997,89.809998,89.010002,88.363754,4633300,88.895898,89.617746,88.682831,-0.047702,-0.011506,0.000764,FALSE,FALSE,0.934916,-0.045833,9.649098,14.7531,44.2956,-3.790836,-0.2432,-0.0600,-4.32,-0.21,-3.89,7.270883,-2.215159,1.65,82.01,0.8346,,,1.8525,-1.2717,-5.77,1.194711,47748300,45.235408,-26649762267.976406,-2.1313,57.2797,95.68,99.79,,0,0,,,-0.6489
12-11-25,89.43,89.919998,89.260002,88.750229,5207200,88.848828,89.561551,88.676362,-0.037609,-0.013392,0.000582,FALSE,TRUE,0.885189,-0.045347,20.699826,15.0583,47.3783,3.670533,-0.2337,-0.0404,-3.46,-0.26,-3.74,11.497872,-1.049612,1.62,79.88,0.8369,,,1.6812,-1.0888,-5.77,1.316306,52955500,42.573173,-26663013429.329823,-2.1053,66.9397,96.54,99.74,,0,0,,,-0.1234
12-12-25,89.949997,90.269997,89.230003,88.64122,3855900,88.851305,89.512775,88.667553,-0.02721,-0.015335,0.000405,FALSE,FALSE,0.845223,-0.044568,-2.166152,14.7314,46.5950,4.901947,-0.2322,-0.0312,-3.42,0.60,-2.45,-6.430924,0.055925,1.53,79.80,0.8363,,,1.6924,-1.1972,-5.77,0.973222,49099600,3.253535,-26671235298.646255,-2.1039,65.7439,96.58,100.60,,0,0,,,-0.2633
12-15-25,89.82,89.879997,89.099998,88.918694,3914800,88.858242,89.462749,88.656295,-0.016911,-0.017299,0.000235,FALSE,TRUE,0.806454,-0.044191,-1.433562,14.6063,48.9103,4.614748,-0.2063,-0.0042,-2.61,0.83,-1.91,3.55014,0.156275,1.53,79.79,0.8337,,,1.6987,-0.8951,-5.77,0.984956,53014400,6.879983,-26676970031.100578,-2.0772,58.7217,97.39,100.83,,0,0,,,0.0758
12-16-25,89.650002,89.980003,88.93,88.264656,3717900,88.869143,89.416842,88.639631,-0.00815,-0.019313,0.00007,FALSE,FALSE,0.777211,-0.044748,-29.02046,14.7253,44.0614,-3.316931,-0.2359,-0.0270,-3.20,0.45,-2.48,-19.976398,0.247607,1.47,78.77,0.8386,,,1.8124,-1.1288,-5.77,0.9396,49296500,-8.69373,-26685399695.203293,-2.0960,51.1876,96.80,100.45,,0,0,,,-0.7674
12-17-25,88.989998,89.760002,88.980003,88.591675,3715300,88.878557,89.384076,88.629894,-0.000783,-0.021285,-0.00009,FALSE,FALSE,0.754182,-0.043789,-30.711727,14.8357,46.8962,0.301174,-0.2302,-0.0171,-3.05,0.47,-1.84,-8.213129,0.212985,1.44,78.29,0.8369,,,1.8972,-1.1865,-5.77,0.945709,53011800,-13.224337,-26692814378.095818,-2.1308,51.5181,96.95,100.47,,0,0,,,-0.3664
12-18-25,89.839996,89.989998,88.830002,88.125923,3818000,88.899367,89.351394,88.61278,0.004225,-0.023305,-0.000245,FALSE,FALSE,0.738615,-0.044964,-43.738586,14.4730,43.5139,-5.396417,-0.2603,-0.0378,-2.93,0.01,-2.01,-34.878255,0.474518,1.45,75.53,0.8302,,,0.9635,-1.0501,-5.77,0.974473,49193800,-5.246439,-26701267173.91016,-2.1444,46.4781,97.07,100.01,,0,0,,,-1.0240
12-19-25,88.669998,89.169998,88.550003,87.788994,4162000,88.921663,89.321774,88.605728,0.006285,-0.025325,-0.000396,FALSE,FALSE,0.716046,-0.047024,-35.41666,14.5773,41.1990,-2.862339,-0.3078,-0.0682,-3.32,-1.84,-1.91,-36.411988,0.510551,1.49,71.23,0.8307,,,1.0014,-1.0761,-5.77,1.078159,45031800,-21.716887,-26715646416.822151,-2.2215,45.6674,96.68,98.16,,0,0,,,-1.5902
12-22-25,87.650002,88.370003,87.480003,88.239998,3593800,88.895656,89.323974,88.598262,0.005215,-0.027262,-0.000542,FALSE,FALSE,0.725712,-0.046705,-18.740923,15.9933,45.3872,-1.509027,-0.3056,-0.0528,-3.35,-1.60,2.84,24.437178,-0.586008,1.46,72.78,0.8230,,,1.0560,-1.2385,-5.77,0.957975,48625600,-37.720089,-26713102531.132847,-2.2136,45.0302,96.65,98.40,,0,0,,,-0.9009
12-23-25,88.279999,88.279999,87.870003,88.18,3955900,88.854758,89.313774,88.594817,0.000548,-0.029108,-0.000683,FALSE,FALSE,0.718957,-0.04628,-25.503716,17.3082,44.9287,1.414808,-0.3051,-0.0418,-2.46,0.76,4.38,22.507991,-0.91908,1.39,74.46,0.8230,,,0.8985,-1.2710,-5.77,1.045785,44669700,18.767263,-26711076327.677258,-2.1150,45.6815,97.54,100.76,,0,0,,,-0.9063
12-24-25,88.209999,88.910004,88.209999,88.809998,2506666,88.804235,89.297974,88.599716,-0.005334,-0.030874,-0.000818,FALSE,TRUE,0.698258,-0.044035,-6.941892,17.2768,50.5743,9.375282,-0.2510,0.0098,-1.46,1.57,3.39,46.34134,-1.124986,1.35,70.90,0.8268,,,0.8073,-1.1665,-5.77,0.678114,47176366,-40.744959,-26709285890.991989,-2.0563,43.3264,98.54,101.57,,0,0,,,0.0081
12-26-25,88.699997,88.919998,88.459999,88.860001,2065600,88.736392,89.257174,88.606224,-0.010476,-0.032571,-0.000947,FALSE,TRUE,0.65095,-0.041326,-4.076872,17.2291,51.0036,5.616459,-0.2017,0.0472,-2.37,1.38,3.04,49.462386,-1.503987,1.29,62.69,0.8265,-0.003383,0.005667,0.6668,-1.1980,-5.77,0.568267,49241966,-37.368102,-26707759122.312374,-2.0115,48.6836,97.63,101.38,,-0.08,-1.4712,-0.07528,-0.003383,0.1972
12-29-25,89.239998,89.330002,88.790001,89.040001,2603400,88.662686,89.226374,88.622274,-0.014768,-0.034151,-0.001069,FALSE,TRUE,0.604101,-0.038985,14.327011,16.4397,52.5998,7.671087,-0.1465,0.0820,-2.21,0.93,2.57,55.914026,-1.628617,1.26,47.52,0.8247,-0.003301,0.005423,0.7575,-0.9674,-5.77,0.706731,51845366,60.002458,-26707951970.843719,-1.9380,54.9933,-8.00,-16.82,0,-0.07,-1.3083,-0.073639,-0.003301,0.7941
12-30-25,89.099998,89.269997,88.919998,89.220001,2813400,88.650005,89.187374,88.63063,-0.018049,-0.035611,-0.001183,TRUE,TRUE,0.556744,-0.03566,26.51767,15.7067,54.2064,3.632088,-0.0872,0.1130,-2.41,0.40,2.50,62.365665,-0.283462,1.16,45.54,0.8236,-0.003362,0.005639,0.8632,-1.0237,-5.77,0.766938,54658766,-9.850038,-26705942329.326553,-1.7652,62.0679,-7.88,,0,-0.07,-1.3728,-0.075094,-0.003362,1.2518
12-31-25,89.18,89.199997,88.449997,88.489998,3301700,88.616678,89.115374,88.627861,-0.020661,-0.036939,-0.001289,FALSE,FALSE,0.487513,-0.034866,2.609579,15.7384,47.2167,-3.786913,-0.0980,0.0818,-3.35,-0.65,2.69,36.200607,-0.747592,1.09,44.05,0.8214,-0.003319,0.005523,0.8527,-0.9869,-5.77,0.893174,51357066,20.636487,-26708891839.93243,-1.7142,54.3356,-8.10,-17.61,0,-0.07,-1.3332,-0.074318,-0.003319,-0.2876
01-02-26,88.370003,88.849998,87.839996,88.519997,3524400,88.573456,89.049174,88.627572,-0.022565,-0.038091,-0.001386,FALSE,FALSE,0.421602,-0.034468,-5.137709,16.5425,47.5162,-5.083585,-0.1029,0.0615,-2.81,-0.73,3.24,37.275835,-0.967105,1.04,40.19,0.8204,-0.003254,0.005323,0.8668,-0.8598,-5.77,0.949304,54881466,10,-26707670521.107506,-1.5870,45.2959,-7.97,-17.53,0,-0.06,-1.1962,-0.07296,-0.003254,-0.1330
01-05-26,88.300003,89.07,87.879997,88.720001,5501100,88.551134,88.979174,88.627749,-0.023557,-0.039067,-0.001476,FALSE,TRUE,0.351425,-0.034444,1.723039,16.8552,49.5707,-4.635691,-0.0897,0.0598,-2.95,0.36,2.58,49.402413,-0.500675,1.01,37.90,0.8184,-0.003105,0.004868,0.8624,-0.6204,-5.77,1.468607,60382566,13.717829,-26705405341.537571,-1.3520,47.0822,-7.83,-17.76,0,-0.05,-0.9378,-0.069768,-0.003105,0.4456
01-06-26,88.379997,89.580002,88.279999,89.370003,4889800,88.566268,88.923374,88.631467,-0.022758,-0.039863,-0.001558,TRUE,TRUE,0.291907,-0.034126,9.127042,16.2242,55.6473,8.430529,-0.0264,0.0985,-1.31,1.24,4.25,75.298945,0.339825,1.01,40.58,0.8210,-0.00288,0.004157,1.0005,-0.2064,-5.77,1.287707,65272366,26.68532,-26702095312.480209,-1.1339,55.9595,-6.56,-17.87,0,-0.03,-0.4924,-0.064474,-0.00288,1.9807
01-07-26,89.870003,90.010002,88.480003,88.5,6667300,88.572089,88.844774,88.635739,-0.021867,-0.040475,-0.001633,FALSE,FALSE,0.209036,-0.037173,4.560299,15.1738,47.4124,-0.103839,-0.0459,0.0631,-1.92,0.17,1.90,40.316092,0.131726,1.06,40.38,0.8139,-0.002875,0.004216,0.9795,-0.1095,-5.77,1.695619,58605066,67.870182,-26708588333.101532,-1.0266,52.8455,-6.82,-17.63,0,-0.02,-0.3939,-0.064929,-0.002875,-0.1785
01-08-26,88.099998,89.629997,88.010002,89.290001,5165900,88.634257,88.776774,88.637212,-0.020392,-0.040876,-0.001701,TRUE,TRUE,0.139562,-0.037996,12.417566,14.6643,54.0604,4.489693,0.0023,0.0891,-0.52,0.44,4.15,71.54144,1.412155,1.06,41.43,0.8179,0.001025,0.00027,0.9517,-0.0258,-5.77,1.297747,63770966,23.173581,-26705590818.75069,-0.8535,44.6036,-6.21,-17.85,0,-0.00,-0.0867,0.016438,0.001025,1.5829
01-09-26,89.309998,90.019997,89.309998,89.470001,4125600,88.689569,88.765206,88.644578,-0.019163,-0.041011,-0.001762,TRUE,TRUE,0.120628,-0.037015,25.179696,13.6414,55.4426,-0.204693,0.0544,0.1130,0.22,0.63,5.36,78.34658,1.251924,1.00,44.87,0.8075,0.00107,0.000295,0.9664,-0.2962,-5.77,1.043061,67896566,-10.957633,-26707856948.441967,-0.7344,51.9181,-6.74,-18.78,0,-0.000928,-0.0181,0.017167,0.00107,1.7394
01-12-26,89.580002,89.959999,89.32,89.589996,3342500,88.731558,88.802416,88.650828,-0.017768,-0.04095,-0.001816,TRUE,TRUE,0.151588,-0.033626,35.168894,12.6916,56.3846,8.972253,0.1042,0.1302,1.66,0.12,5.23,83.070809,0.946214,0.97,49.19,0.7850,0.00075,0.000153,0.9360,-0.7485,-5.77,0.865473,71239066,-35.810032,-26708379246.441631,-0.5873,58.8994,-7.41,-19.11,0,-0.02,-0.4765,0.012375,0.00075,1.7453
01-13-26,89.620003,90.160004,88.809998,90.089996,3085200,88.803997,88.841301,88.660705,-0.015122,-0.040686,-0.001861,TRUE,TRUE,0.180595,-0.029887,35.783296,12.5153,60.1641,6.103716,0.1819,0.1663,1.58,2.18,8.46,96.982452,1.634427,1.00,57.72,0.7873,0.000875,0.000207,1.3228,-0.4405,-5.77,0.806902,74324266,-19.987552,-26705614025.138199,-0.4496,65.1995,,-17.89,0,-0.01,-0.1628,0.014389,0.000875,2.2282
01-14-26,90.089996,90.889999,90.010002,90.870003,3534700,88.901562,88.891227,88.675072,-0.010901,-0.040176,-0.001897,TRUE,TRUE,0.216156,-0.023843,45.670556,11.9907,65.2265,9.783921,0.3030,0.2299,1.42,2.10,8.07,99.344373,2.194487,1.03,73.96,0.7908,0.000965,0.00025,1.9672,-0.3668,-5.77,0.929082,77858966,-9.709308,-26702239966.853779,-0.3321,64.9911,-6.12,-17.37,0,-0.00,-0.0871,0.015808,0.000965,2.6614
01-15-26,91.300003,91.889999,91.019997,91.5,3845100,89.063329,88.956331,88.688517,-0.004263,-0.039484,-0.001923,TRUE,TRUE,0.267813,-0.01519,45.670556,12.6608,68.6876,12.302993,0.4446,0.2972,0.66,2.92,7.84,90.370393,3.665503,1.05,92.39,0.7850,0.000836,0.00019,2.4864,-0.4760,-5.77,1.008983,81704066,3.421286,-26701842181.610035,-0.2157,65.9233,-6.37,-15.69,0,-0.01,-0.1990,0.013786,0.000836,2.6375
01-16-26,91.339996,92.82,91.209999,92.620003,4819500,89.264746,89.040861,88.707366,0.00511,-0.038543,-0.00194,TRUE,TRUE,0.333495,-0.005108,54.022908,14.1036,73.6995,13.535396,0.6398,0.3940,2.25,3.96,8.54,95.984,4.547073,1.12,121.03,0.8000,0.00102,0.000273,3.4373,0.0312,-5.77,1.246612,86523566,29.720346,-26698220054.189716,-0.0699,67.6595,-5.43,-14.99,0,0.02,0.3126,0.016516,0.00102,2.7722
01-20-26,91.82,92.07,90.839996,90.900002,4648700,89.40345,89.089406,88.714918,0.016212,-0.037435,-0.001948,TRUE,TRUE,0.374488,0.002771,21.882321,14.8842,58.2736,-6.952882,0.6483,0.3220,-0.30,1.61,4.36,61.445846,3.147857,1.24,123.17,0.8338,0.000911,0.0002,3.3158,-0.6941,-5.77,1.189652,81874866,21.757465,-26702415184.505001,-0.0147,60.8509,-7.33,-15.76,0,-0.02,-0.4332,0.014152,0.000911,1.2150
01-21-26,91.540001,91.690002,90.529999,91.260002,6140200,89.577,89.153673,88.739523,0.029387,-0.036179,-0.001948,TRUE,TRUE,0.41415,0.011212,23.502273,15.1583,60.1535,-8.534128,0.6763,0.2799,-0.90,0.30,4.84,68.674769,3.953808,1.30,123.68,0.8355,0.001002,0.000241,3.1915,-0.5467,-5.77,1.532551,88015066,47.530034,-26700827190.605865,0.1849,53.0524,-7.24,-17.27,0,-0.01,-0.2822,0.015535,0.001002,1.3608
01-22-26,91.370003,91.620003,90.309998,90.360001,3922700,89.683,89.17259,88.778363,0.04268,-0.034816,-0.001939,TRUE,TRUE,0.394226,0.018685,21.129942,15.0979,53.6464,-20.05314,0.6187,0.1779,-1.60,-0.89,1.90,50.602461,2.402542,1.35,120.66,0.8439,0.000756,0.000135,3.0317,-0.9423,-5.77,0.975076,84092366,9.151873,-26704450430.767189,0.1075,52.4638,-9.69,-18.57,0,-0.04,-0.6913,0.0116,0.000756,0.5611
01-23-26,90.220001,90.629997,89.879997,90.540001,2838200,89.801,89.196097,88.828942,0.05583,-0.033366,-0.001921,TRUE,TRUE,0.367155,0.027008,22.444454,14.4498,54.7018,-3.571811,0.5809,0.1120,-1.82,-0.34,3.91,53.846201,2.676345,1.33,116.67,0.8434,0.000748,0.000132,2.8551,-0.9686,-5.77,0.715437,86930566,-28.254,-26702293371.050392,0.1107,52.9772,-9.91,-18.49,0,-0.04,-0.7180,0.011493,0.000748,0.6334
01-26-26,90.790001,91.059998,90.32,90.419998,3004300,89.8815,89.197187,88.889711,0.067908,-0.031766,-0.001896,TRUE,TRUE,0.307476,0.030778,19.058233,14.3341,53.8219,-6.331552,0.5350,0.0530,-1.89,-0.49,3.02,50.103893,1.81286,1.30,115.01,0.7584,0.001098,0.000351,2.6997,-0.1292,-5.77,0.752587,83926266,19.852425,-26704485708.123169,0.0601,51.1120,-9.26,-17.99,0,0.01,0.1695,0.018742,0.001098,0.4682
01-27-26,90.309998,90.580002,90.040001,90.389999,3216400,89.958,89.211154,88.926985,0.078389,-0.030019,-0.001863,TRUE,TRUE,0.28417,0.030547,12.2891,13.8371,53.5899,-0.05647,0.4907,0.0069,-2.21,1.10,2.63,49.480217,1.721808,1.24,112.93,0.6783,0.001212,0.000535,2.6120,0.8470,-5.77,0.79427,80709866,55.712626,-26703532725.961792,0.0522,44.2592,-8.79,-16.52,0,0.05,1.1935,0.023128,0.001212,0.3825
01-28-26,90.480003,90.620003,89.239998,89.459999,4520400,89.979,89.228521,88.969074,0.086168,-0.028206,-0.001822,TRUE,TRUE,0.259447,0.029349,11.483231,13.3149,46.8467,-7.855074,0.3761,-0.0861,-3.48,-1.52,0.24,30.145482,0.471696,1.24,111.51,0.6901,0.000961,0.000325,2.4982,0.2562,-5.77,1.090474,76189466,73.634478,-26706611836.107746,0.0162,45.8911,-10.13,-18.85,0,0.03,0.5828,0.018029,0.000961,-0.4654
01-29-26,89.980003,90.830002,89.419998,90.709999,7283700,90.0535,89.267122,89.012459,0.092832,-0.026322,-0.001774,TRUE,TRUE,0.254662,0.030513,16.099739,12.5613,55.0362,1.214254,0.3818,-0.0644,0.73,1.29,2.88,47.381559,1.670027,1.20,111.15,0.7119,0.001123,0.000417,2.3709,0.6716,-5.77,1.667182,83473166,158.893154,-26700567939.987366,0.0615,56.6172,-6.14,-16.53,0,0.05,0.9976,0.02042,0.001123,0.5906
01-30-26,90.459999,90.82,89.660004,90.800003,4617900,90.169,89.322189,89.04781,0.09851,-0.02435,-0.001717,TRUE,TRUE,0.274379,0.031477,15.234824,11.8615,55.5670,1.977149,0.3891,-0.0457,3.50,2.84,4.36,49.626046,2.61047,1.24,105.93,0.7115,0.00115,0.000438,2.2518,0.7631,-5.77,1.041315,88091066,39.864312,-26696109251.735359,0.1441,57.0071,-1.52,-12.03,0,0.05,1.0923,0.020918,0.00115,0.5957
02-02-26,90.900002,91.150002,89.82,89.860001,5280500,90.236,89.351321,89.077186,0.102128,-0.022331,-0.001652,TRUE,TRUE,0.274135,0.03101,2.827264,11.2606,49.0534,2.20666,0.3153,-0.0955,1.94,2.02,1.98,26.184601,1.513787,1.31,98.96,0.7250,0.000875,0.000245,2.2228,0.3096,-5.77,1.16761,82810566,49.826921,-26701072120.842663,0.0730,49.7380,-3.92,-15.06,0,0.03,0.6184,0.015638,0.000875,-0.3800
02-03-26,89.75,90.18,89.07,89.660004,4821700,90.283001,89.390327,89.105856,0.103564,-0.020279,-0.001581,TRUE,TRUE,0.284471,0.030268,-4.648562,11.1624,47.7703,-7.265886,0.2380,-0.1383,1.46,0.76,1.98,15.733439,1.059516,1.29,93.46,0.7256,0.000814,0.000211,2.2665,0.1955,-5.77,1.074231,77988866,-12.350257,-26700768018.023224,0.0517,43.4891,-4.28,,0,0.02,0.5011,0.014536,0.000814,-0.6666
02-04-26,90.239998,91.32,89.889999,90.949997,3941100,90.362,89.462465,89.134698,0.103764,-0.018222,-0.001501,TRUE,TRUE,0.327767,0.030853,0.819613,11.0266,55.8008,0.233729,0.2777,-0.0789,3.07,1.75,3.67,50.13326,1.767925,1.33,92.00,0.7450,0.001157,0.000405,2.2615,0.8724,-5.77,0.887419,81929966,-19.401612,-26698866383.07687,0.0364,43.8590,-3.11,-13.88,0,0.06,1.1870,0.020117,0.001157,0.6391
02-05-26,90.760002,91.330002,90.239998,90.82,3586900,90.478,89.503663,89.171767,0.103013,-0.016161,-0.001414,TRUE,TRUE,0.331895,0.03338,-7.343414,10.9111,54.8850,5.831589,0.2952,-0.0491,2.75,2.40,3.44,46.666667,2.621469,1.34,81.29,0.7190,0.000899,0.000262,2.2978,0.2798,-5.77,0.836681,78343066,-46.201611,-26698636033.543381,0.1161,43.6016,-3.74,-10.06,0,0.03,0.5920,0.016197,0.000899,0.4207
02-06-26,91.529999,92.379997,91.330002,92.25,3638600,90.626,89.568703,89.207894,0.102492,-0.01403,-0.001317,TRUE,TRUE,0.360809,0.03809,-3.866278,11.8177,62.2287,14.45837,0.4196,0.0603,4.27,3.71,3.61,96.072588,3.31504,1.31,85.37,0.7461,0.001358,0.000555,1.9331,0.8477,-5.77,0.864133,87149666,-29.565032,-26627918727.683842,0.1151,42.4899,-2.36,-10.98,72.03455,0.06,1.1691,0.023567,0.001358,1.9024
02-09-26,92.160004,92.720001,91.599998,92.639999,3021500,90.7845,89.625094,89.245187,0.102113,-0.011798,-0.001212,TRUE,TRUE,0.379907,0.044976,21.116484,12.9424,63.9521,8.151315,0.5434,0.1473,5.22,5.01,3.79,97.80817,3.543085,1.26,91.95,0.7345,0.001255,0.00049,2.2653,0.6099,-5.77,0.72711,84772766,-26.762168,-26578324415.785999,0.1751,48.7736,-3.94,-11.49,70.472936,0.04,0.9301,0.022134,0.001255,2.0180
02-10-26,92.760002,94.110001,92.739998,93.879997,4266300,90.999,89.698357,89.287109,0.102311,-0.009406,-0.001097,TRUE,TRUE,0.411248,0.052626,28.728032,14.9478,68.8229,13.937956,0.7332,0.2696,4.99,7.13,5.52,95.436442,4.788482,1.27,110.74,0.7458,0.001787,0.000963,3.4029,1.3401,-5.77,1.01538,88030166,27.637996,-26460680680.23378,0.2131,57.8493,-4.94,-10.17,71.162594,0.08,1.6802,0.031033,0.001787,2.6017
02-11-26,94.07,94.199997,93.230003,93.360001,4425400,91.1625,89.755274,89.327168,0.102579,-0.006899,-0.000972,TRUE,TRUE,0.428107,0.057326,34.324981,16.8638,64.8647,2.636053,0.8320,0.2947,4.47,5.94,4.98,83.625794,3.629709,1.25,120.33,0.7307,0.001677,0.000884,3.2554,1.6112,-5.77,1.036711,83604766,43.439647,-26463919907.767426,0.1394,65.0031,-3.81,-10.66,70.957527,0.09,1.9557,0.029728,0.001677,1.8262
02-12-26,94.470001,95.150002,93.099998,93.25,7469400,91.2815,89.830802,89.364028,0.10254,-0.004261,-0.000839,TRUE,TRUE,0.466774,0.0619,31.257232,19.1708,64.0259,0.073772,0.8911,0.2831,3.19,4.83,4.40,68.749984,2.619123,1.35,128.76,0.7310,0.001658,0.000863,3.1186,1.4910,-5.77,1.672719,69275166,111.316378,-26422439068.229916,0.0241,72.1503,-2.69,-9.40,71.025923,0.09,1.8348,0.02937,0.001658,1.5288
02-13-26,93.589996,94.93,93.300003,94.589996,3906100,91.436,89.939471,89.405282,0.103685,-0.00144,-0.000697,TRUE,TRUE,0.534189,0.067179,42.163851,21.3129,69.2440,0.421042,1.0342,0.3410,5.46,7.10,6.89,90.789391,3.377045,1.40,148.54,0.7415,0.002145,0.001404,3.5807,2.2772,-5.77,0.874146,80020766,1.586435,-26361083878.304581,0.0451,72.6068,-0.77,-9.24,72.664601,0.12,2.6384,0.03747,0.002145,2.1233
02-17-26,94.940002,95.559998,94.379997,95.489998,3614000,91.5795,90.061582,89.449517,0.106491,0.001568,-0.000547,TRUE,TRUE,0.612066,0.074175,47.397813,23.6250,72.1644,7.299651,1.2063,0.4105,7.79,7.51,6.84,98.921422,3.098677,1.43,172.51,0.7484,0.002207,0.001459,4.1597,2.4495,-5.77,0.819836,71973566,-25.012968,-26248089090.369213,0.0407,77.7672,-0.02,-8.53,72.903173,0.13,2.8113,0.038203,0.002207,2.2668
02-18-26,95.220001,95.360001,94.150002,94.370003,4163300,91.753,90.165654,89.486729,0.110486,0.004739,-0.00039,TRUE,TRUE,0.678925,0.077765,44.840291,25.4011,64.0178,-0.008044,1.2381,0.3538,6.30,7.15,6.07,81.664173,3.817383,1.45,182.48,0.7581,0.002014,0.001184,3.8149,2.2827,-5.77,0.949673,67810266,-10.441629,-26250738453.550735,0.0586,77.9234,-2.75,-10.59,71.020515,0.13,2.6316,0.034416,0.002014,1.4341
02-19-26,94.260002,94.809998,93.790001,94.169998,2645900,91.8985,90.267707,89.517595,0.115766,0.008064,-0.000228,TRUE,TRUE,0.750112,0.080036,34.949534,26.4790,62.6575,-6.586436,1.2329,0.2789,6.95,5.12,5.38,78.582437,3.188687,1.42,189.79,0.7560,0.001986,0.001158,3.5916,2.3610,-5.77,0.628597,51460366,-56.90857,-26050061633.617901,0.0341,71.7416,-3.51,-13.23,68.386254,0.13,2.7096,0.034031,0.001986,1.1968
02-20-26,94.290001,94.889999,94.110001,94.879997,2840700,92.1245,90.397636,89.552992,0.122457,0.01152,-0.000059,TRUE,TRUE,0.844643,0.085493,38.783283,27.5340,65.4631,-6.701311,1.2714,0.2539,7.33,5.61,6.09,89.522334,5.00221,1.38,197.27,0.7350,0.001779,0.000983,3.3475,2.1161,-5.77,0.683663,54301066,-27.583042,-26047293787.753429,0.1115,70.9550,-3.84,-13.11,68.526557,0.12,2.4651,0.031359,0.001779,1.3968
02-23-26,94.75,95.639999,94.550003,94.889999,3646100,92.341999,90.534503,89.591824,0.130447,0.015088,0.000117,TRUE,TRUE,0.942679,0.091029,52.45056,28.9914,65.5024,1.48458,1.2879,0.2163,8.19,5.93,5.60,88.584474,4.804505,1.36,202.79,0.7348,0.001724,0.000924,2.9582,2.0239,-5.77,0.869048,52056566,28.465224,-26011089307.701496,0.0684,79.3722,-1.93,-11.81,68.473408,0.11,2.3713,0.030393,0.001724,1.2565
02-24-26,94.650002,95.25,94.480003,95.129997,3787500,92.577499,90.669828,89.631364,0.139252,0.018743,0.000299,TRUE,TRUE,1.038463,0.098026,56.801701,30.2253,66.4883,3.830784,1.3053,0.1870,8.92,4.19,6.92,91.130398,5.209024,1.34,206.61,0.7273,0.001527,0.000739,2.4696,1.8006,-5.77,0.894403,59997866,26.069301,-25949721913.060028,0.1244,80.4924,-1.89,-12.27,69.80725,0.10,2.1435,0.027191,0.001527,1.2354
02-25-26,95.029999,95.32,94.419998,94.870003,3296500,92.8015,90.792223,89.671322,0.14841,0.022446,0.000488,TRUE,TRUE,1.120901,0.104973,45.581552,31.4171,64.3430,-1.120082,1.2833,0.1320,6.88,4.50,6.21,85.740807,4.956304,1.28,205.93,0.7274,0.001363,0.000589,2.1247,1.5404,-5.77,0.777719,58741666,2.490362,-25782249549.001781,0.1131,74.1849,-3.82,-13.43,70.07488,0.09,1.8753,0.024266,0.001363,1.0045
02-26-26,95.169998,95.68,94.93,95.519997,3761600,93.104499,90.929799,89.711635,0.157953,0.026236,0.000683,TRUE,TRUE,1.218163,0.113231,51.535168,32.7610,67.1930,1.690576,1.3033,0.1216,7.33,5.49,5.64,96.321754,6.773975,1.25,198.63,0.7308,0.001457,0.000666,1.6993,1.6618,-5.77,0.895462,62503266,-16.786125,-25780092935.069489,0.1764,74.3514,-2.94,-12.53,69.990894,0.09,1.9994,0.025811,0.001457,1.2161
02-27-26,95.199997,96.230003,95.18,95.690002,4707900,93.3535,91.065225,89.750641,0.167529,0.030086,0.000885,TRUE,TRUE,1.314584,0.119726,43.766016,34.3403,67.9153,1.426995,1.3177,0.1088,6.53,5.03,6.27,88.336926,5.490027,1.21,198.24,0.7125,0.001544,0.000787,1.5694,2.1976,-5.77,1.15618,71907966,-35.363895,-25719839086.482162,0.1061,74.9178,-1.86,-11.75,70.889243,0.12,2.5511,0.02806,0.001544,1.1786
03-02-26,95.199997,96.199997,94.620003,95.93,5476700,93.609999,91.218532,89.796438,0.17763,0.03403,0.001095,TRUE,TRUE,1.422094,0.125731,42.671956,34.7806,68.9545,4.611493,1.3331,0.0993,6.33,5.57,6.11,91.403938,5.649777,1.24,196.65,0.7100,0.001648,0.000903,1.5179,2.4308,-5.77,1.330948,73133566,18.597198,-25627775569.631813,0.0946,66.5002,-1.98,-12.17,70.279786,0.13,2.7907,0.030056,0.001648,1.1798
03-03-26,94.389999,95.75,93.68,95.419998,4832600,93.887999,91.355098,89.843952,0.187586,0.038042,0.001312,TRUE,TRUE,1.511147,0.130911,22.063088,33.7480,64.1962,-2.996814,1.2893,0.0444,5.42,4.44,4.66,74.12128,6.1874,1.31,179.39,0.7148,0.001636,0.000879,1.4135,2.1231,-5.77,1.180846,63146866,-8.482151,-25590230792.775364,0.1960,58.5922,-0.46,-10.53,71.269987,0.11,2.4790,0.029646,0.001636,0.8540
03-04-26,95.169998,95.629997,94.529999,95.540001,3896700,94.181999,91.50338,89.884218,0.196993,0.042134,0.001534,TRUE,TRUE,1.619162,0.135582,33.130733,32.7891,64.8115,-3.103827,1.2498,0.0040,6.78,6.33,4.30,77.955228,6.558105,1.32,152.63,0.7133,0.001735,0.000992,1.2236,2.2648,-5.77,0.963042,58279666,-19.184105,-25482339738.680798,0.2347,58.2680,-0.65,-9.16,70.730377,0.12,2.6265,0.031497,0.001735,0.8897
03-05-26,94.57,94.839996,93.879997,94.580002,4637600,94.363499,91.6392,89.914241,0.204377,0.046267,0.001761,TRUE,TRUE,1.724959,0.138157,17.900446,31.0111,56.4531,-12.501348,1.1281,-0.0942,6.08,5.20,4.46,43.685961,3.991209,1.30,132.42,0.7273,0.001664,0.000878,1.0398,1.8959,-5.77,1.13637,53642066,17.672731,-25480214121.336624,0.2355,47.8238,-0.55,-8.87,70.547848,0.10,2.2455,0.029625,0.001664,0.1635
03-06-26,93.779999,93.82,93.07,93.550003,4605500,94.5,91.7454,89.939015,0.209525,0.050431,0.001993,TRUE,TRUE,1.806385,0.137579,-14.606657,29.1702,49.1319,-15.064219,0.9377,-0.2277,4.66,3.28,2.19,15.189962,3.00595,1.30,105.26,0.7350,0.00175,0.00095,1.1753,1.7605,-5.77,1.114595,45097566,28.397781,-25389178925.236275,0.2454,40.3225,0.09,-8.29,70.463193,0.10,2.1090,0.030824,0.00175,-0.9025
03-09-26,92.68,94.080002,91.550003,93.760002,4971400,94.5755,91.857,89.967439,0.212041,0.054601,0.002228,TRUE,TRUE,1.889561,0.136486,-26.905096,28.7972,50.5403,-14.271182,0.7946,-0.2966,5.15,2.36,5.11,47.2222,1.636859,1.40,92.97,0.7325,0.001859,0.00108,1.3160,1.9854,-5.77,1.184051,45096866,36.629473,-25314220485.990768,0.2531,33.0991,1.29,-9.27,69.624213,0.11,2.3407,0.032865,0.001859,-0.8772
03-10-26,93.489998,94.459999,93.040001,93.620003,5106500,94.6245,91.9532,90.006885,0.21182,0.058715,0.002467,TRUE,TRUE,1.946315,0.135384,-13.761476,28.0039,49.5553,-6.897878,0.6623,-0.3432,5.11,2.81,4.33,44.23076,1.057862,1.41,84.42,0.7324,0.001751,0.000958,1.3990,1.8014,-5.77,1.186762,39278466,69.005461,-25189532016.605278,0.2060,41.2759,0.52,-9.16,69.103636,0.10,2.1517,0.030959,0.001751,-1.1899
03-11-26,93.089996,93.269997,92.400002,92.650002,4686600,94.563,92.029,90.043442,0.208332,0.062652,0.00271,TRUE,TRUE,1.985558,0.133055,-24.43727,27.7604,43.2636,-5.868333,0.4736,-0.4254,4.83,1.98,4.25,23.504239,-1.310179,1.44,94.06,0.7455,0.001534,0.00071,1.5974,1.2469,-5.77,1.083883,34591866,9.851628,-25191525153.212547,0.1492,39.9323,0.02,-9.42,68.642143,0.07,1.5794,0.026641,0.001534,-2.0338
03-12-26,91.860001,92.699997,91.650002,92.010002,3931800,94.4955,92.0884,90.076358,0.201103,0.066387,0.002956,FALSE,TRUE,2.012042,0.129275,-46.666634,28.0499,39.6836,-10.856649,0.2694,-0.5037,4.50,1.44,4.76,9.82904,-1.446014,1.47,107.09,0.7516,0.00149,0.000659,1.9128,1.0368,-5.77,0.914538,15654066,-11.153794,-25079525930.079659,0.1734,34.6442,0.56,-8.90,66.54836,0.07,1.3636,0.025665,0.00149,-2.3210
03-12-26,91.860001,92.695,91.650101,92.010002,3918919,94.4335,92.1442,90.101819,0.189855,0.069882,0.003205,FALSE,TRUE,2.042381,0.125778,-46.905556,28.3186,39.6836,-9.871619,0.1063,-0.5334,4.13,-0.38,5.08,9.82904,-1.329756,1.47,117.74,0.7509,0.001441,0.000617,2.1835,0.9275,-5.77,0.950803,15654066,-47.533684,-25080745211.003662,0.2434,28.5869,0.99,-9.83,66.54836,0.06,1.2518,0.024839,0.001441,-2.0584
03-12-26,91.860001,92.695,91.650101,92.010002,3918919,94.4335,92.1442,90.101819,0.189855,0.069882,0.003205,FALSE,TRUE,2.042381,0.125778,-46.905556,28.3186,39.6836,-9.871619,0.1063,-0.5334,4.13,-0.38,5.08,9.82904,-1.329756,1.47,117.74,0.7509,0.001441,0.000617,2.1835,0.9275,-5.77,0.950803,24794566,-47.533684,-24971697363.51495,0.2434,28.5869,0.99,-9.83,68.061539,0.06,1.2518,0.024839,0.001441,-2.0584
03-13-26,92.910004,93.309998,92.050003,92.160004,4063300,94.312001,92.2176,90.128472,0.174571,0.073091,0.003457,FALSE,TRUE,2.089128,0.121247,-49.09084,27.7826,41.0105,-2.253131,-0.0107,-0.5204,3.84,0.25,7.37,13.0342,-2.568974,1.51,128.12,0.7437,0.001524,0.000704,2.4127,1.2561,-5.77,0.983956,28857866,4.024475,-24975051191.405956,0.1748,34.9663,1.92,-8.98,68.644129,0.08,1.5893,0.026525,0.001524,-1.6797
03-13-26,92.910004,93.309998,92.053101,92.160004,3887009,94.145501,92.2904,90.151201,0.154849,0.07601,0.003712,FALSE,TRUE,2.139199,0.117054,-46.804813,27.2850,41.0105,1.326833,-0.1022,-0.4895,3.97,0.41,5.27,13.0342,-3.48727,1.53,133.53,0.7428,0.001462,0.00065,2.6148,1.1258,-5.77,0.938164,28857866,7.554206,-24978276995.504921,0.0968,40.8168,1.83,-8.22,68.644129,0.07,1.4560,0.02549,0.001462,-1.4869
03-13-26,92.910004,93.309998,92.053101,92.160004,3887009,94.145501,92.2904,90.151201,0.154849,0.07601,0.003712,FALSE,TRUE,2.139199,0.117054,-46.804813,27.2850,41.0105,1.326833,-0.1022,-0.4895,3.97,0.41,5.27,13.0342,-3.48727,1.53,133.53,0.7428,0.001462,0.00065,2.6148,1.1258,-5.77,0.938164,34770566,7.554206,-24911109337.415203,0.0968,40.8168,1.83,-8.22,69.034501,0.07,1.4560,0.02549,0.001462,-1.4869
03-16-26,93.105003,93.660004,92.809998,92.93,3212065,94.073501,92.3746,90.17778,0.132979,0.078645,0.003969,TRUE,TRUE,2.19682,0.113135,-43.823938,26.3724,47.8413,8.157621,-0.1114,-0.3989,4.51,1.79,4.36,29.487119,-1.525911,1.57,136.11,0.7451,0.001826,0.001007,2.7427,1.6056,-5.77,0.784264,37982631,-22.848101,-24913414452.169537,0.1022,40.2092,1.04,-8.47,68.789275,0.09,1.9516,0.031732,0.001826,-0.8401
03-17-26,93.550003,94.040001,93.269997,93.339996,2960900,94.032001,92.454,90.20582,0.109325,0.081004,0.00423,TRUE,TRUE,2.24818,0.10905,-38.211519,25.0546,51.0890,10.078504,-0.0845,-0.2977,5.75,2.37,5.38,38.49453,-0.881387,1.57,137.06,0.7438,0.002011,0.001225,2.8353,1.9013,-5.77,0.720169,46760931,11.905212,-24597400494.617085,0.0805,38.3670,1.30,-8.01,69.826708,0.11,2.2576,0.034993,0.002011,-0.5049
03-17-26,93.550003,94.040001,93.269997,93.339996,2960657,93.955001,92.5508,90.234743,0.084931,0.083059,0.004494,TRUE,TRUE,2.316057,0.105421,-43.824124,23.8310,51.0890,10.078504,-0.0626,-0.2206,5.36,2.15,5.25,42.618919,-1.623104,1.51,136.37,0.7420,0.001905,0.001104,2.5694,1.7228,-5.77,0.719061,46760931,4.222797,-24599822855.677982,0.0174,42.2978,0.91,-7.71,69.826708,0.10,2.0749,0.033233,0.001905,-0.4510
03-18-26,92.970001,93.040001,91.910004,91.959999,2838600,93.808501,92.6042,90.255541,0.059125,0.084718,0.00476,FALSE,TRUE,2.34866,0.099145,-51.032501,23.9622,41.0993,-6.741998,-0.1547,-0.2502,4.35,1.30,3.76,10.048937,-3.087786,1.47,141.44,0.7691,0.001942,0.001068,2.7575,1.1768,-5.77,0.696244,43922331,-22.146952,-24602410274.526009,0.0026,43.9926,2.49,-5.61,69.995422,0.07,1.5147,0.032677,0.001942,-1.3069
03-18-26,92.970001,93.040001,91.910004,91.959999,2838000,93.650001,92.654,90.276681,0.032568,0.086098,0.005027,FALSE,TRUE,2.377319,0.093727,-53.753875,24.0841,41.0993,-9.989714,-0.2252,-0.2565,4.75,1.27,4.92,12.461911,-3.33228,1.47,143.60,0.7645,0.001823,0.000952,2.0146,0.9366,-5.77,0.704298,43922331,-25.069307,-24604997146.466648,-0.0618,39.4162,3.73,-5.08,69.995422,0.06,1.2701,0.030862,0.001823,-1.1769
03-19-26,91.580002,92.080002,91.080002,91.589996,4701131,93.486,92.694,90.293862,0.005593,0.087289,0.005296,FALSE,TRUE,2.400138,0.087611,-49.258804,24.8346,38.7436,-12.345422,-0.3073,-0.2709,3.80,0.32,2.92,15.088607,-3.457369,1.42,147.61,0.7669,0.404131,0.213055,1.4187,0.7755,-5.77,1.146681,39221200,42.609768,-24604903175.494816,-0.0596,39.4805,4.37,-5.34,70.484768,0.05,1.2239,0.461579,0.404131,-1.2845
03-20-26,91.639999,91.639999,88.330002,88.75,6292400,93.147501,92.6672,90.296255,-0.022464,0.088139,0.005563,FALSE,FALSE,2.370945,0.076994,-60.913825,26.9325,26.2884,-14.810862,-0.5947,-0.4467,0.65,-1.83,0.86,6.851523,-7.087518,1.62,173.81,0.8679,0.489057,0.258289,2.0121,-0.3217,-7.48,1.488862,33752000,67.279881,-24504047551.861019,-0.1389,38.3546,3.07,-5.85,69.451454,0.01,0.3068,0.508221,0.489057,-2.5301
03-20-26,91.639999,91.639999,88.339996,88.75,6285040,92.8005,92.6248,90.294872,-0.05161,0.088644,0.005829,FALSE,FALSE,2.329928,0.066697,-65.319535,28.8805,26.2884,-14.810862,-0.8131,-0.5320,-0.07,-1.53,0.46,6.851523,-7.252589,1.68,188.99,0.8675,0.48942,0.258894,2.3556,-0.3835,-7.48,1.459882,33752000,33.499862,-24508770842.143768,-0.1896,49.3595,2.32,-5.77,69.451454,0.01,0.2174,0.508816,0.48942,-2.1432
03-20-26,91.639999,91.639999,88.339996,88.75,6285040,92.8005,92.6248,90.294872,-0.05161,0.088644,0.005829,FALSE,FALSE,2.329928,0.066697,-65.319535,28.8805,26.2884,-14.810862,-0.8131,-0.5320,-0.07,-1.53,0.46,6.851523,-7.252589,1.68,188.99,0.8675,0.48942,0.258894,2.3556,-0.3835,-7.48,1.459882,42978000,33.499862,-24395721266.443768,-0.1896,49.3595,2.32,-5.77,70.024405,0.01,0.2174,0.508816,0.48942,-2.1432
03-23-26,89.889999,90.620003,89.400002,89.440002,6256500,92.476001,92.5836,90.299342,-0.080511,0.088853,0.006094,FALSE,FALSE,2.284258,0.056321,-50.851625,30.6894,32.4109,-6.332659,-0.9199,-0.5111,0.65,-1.74,1.50,19.439593,-6.765347,1.70,188.15,0.8666,0.480207,0.265184,2.4158,0.1032,-7.48,1.440209,49234500,14.238501,-24401567495.169033,-0.2967,50.2306,,-7.85,69.33893,0.02,0.3940,0.51496,0.480207,-1.6136
03-23-26,89.889999,90.610001,89.400002,89.440002,6256168,92.177001,92.52,90.301653,-0.107589,0.088771,0.006357,FALSE,FALSE,2.218347,0.045942,-44.275896,32.3690,32.4109,6.122495,-0.9931,-0.4674,0.45,-1.77,1.64,19.439593,-6.267026,1.70,186.41,0.8666,0.482954,0.266623,2.6541,0.0929,-7.48,1.416917,49234500,29.4576,-24407410022.446648,-0.3954,48.9479,0.91,-7.07,69.33893,0.02,0.4772,0.516356,0.482954,-1.4683
03-23-26,89.889999,90.610001,89.400002,89.440002,6256168,92.177001,92.52,90.301653,-0.107589,0.088771,0.006357,FALSE,FALSE,2.218347,0.045942,-44.275896,32.3690,32.4109,6.122495,-0.9931,-0.4674,0.45,-1.77,1.64,19.439593,-6.267026,1.70,186.41,0.8666,0.482954,0.266623,2.6541,0.0929,-7.48,1.416917,47616100,29.4576,-24294983764.472931,-0.3954,48.9479,0.91,-7.07,69.132068,0.02,0.4772,0.516356,0.482954,-1.4683
03-24-26,87.970001,88.779999,87.650002,87.910004,3917100,91.795501,92.4602,90.300631,-0.132901,0.088332,0.006615,FALSE,FALSE,2.159569,0.033343,-50.368583,34.5968,26.7064,0.417993,-1.1612,-0.5084,-1.47,-3.84,-1.01,4.068891,-7.986181,1.79,191.95,0.8945,0.486127,0.248743,3.0523,-0.4828,-8.36,0.886952,43699000,0.52352,-24297098285.989227,-0.4561,49.1161,-1.15,-8.98,67.920593,-0.00,-0.0494,0.498741,0.486127,-2.0242
03-24-26,87.970001,88.769997,87.650002,87.910004,3736885,91.462001,92.3932,90.299265,-0.156523,0.08757,0.00687,FALSE,FALSE,2.093935,0.021891,-50.368583,36.6655,26.7064,-5.704503,-1.2796,-0.5015,-0.66,-3.99,-1.06,4.068891,-7.052229,1.80,198.85,0.8891,0.481356,0.245861,3.4042,-0.7038,-8.36,0.854863,43699000,-19.422007,-24299100166.848698,-0.5080,49.4325,-0.83,-8.91,67.920593,-0.01,-0.2333,0.495844,0.481356,-1.7863
03-24-26,87.970001,88.769997,87.650002,87.910004,3736885,91.462001,92.3932,90.299265,-0.156523,0.08757,0.00687,FALSE,FALSE,2.093935,0.021891,-50.368583,36.6655,26.7064,-5.704503,-1.2796,-0.5015,-0.66,-3.99,-1.06,4.068891,-7.052229,1.80,198.85,0.8891,0.481356,0.245861,3.4042,-0.7038,-8.36,0.854863,50854700,-19.422007,-24062052082.833927,-0.5080,49.4325,-0.83,-8.91,69.2152,-0.01,-0.2333,0.495844,0.481356,-1.7863
03-25-26,88.339996,88.57,87.43,87.839996,5061200,91.176501,92.3428,90.299119,-0.177706,0.086425,0.007122,FALSE,FALSE,2.043681,0.008931,-53.598122,38.6617,26.4593,-5.951633,-1.3634,-0.4682,-0.77,-3.56,-1.73,6.202663,-6.103695,1.78,208.07,0.8804,0.454734,0.227812,3.7356,-0.4421,-8.43,1.151815,45793500,9.894691,-24063472803.830833,-0.5362,41.2275,-1.66,-9.66,68.289597,-0.01,-0.2756,0.477297,0.454734,-1.6036
03-25-26,88.339996,88.57,87.43,87.839996,5060563,90.8805,92.2888,90.297453,-0.196927,0.084906,0.00737,FALSE,FALSE,1.991347,-0.002654,-53.598122,40.5153,26.4593,-0.24713,-1.4136,-0.4147,-0.99,-3.92,1.74,6.202663,-6.313999,1.77,211.46,0.8724,0.445659,0.219231,4.0399,-0.7169,-8.43,1.150503,45793500,1.793519,-24064893346.016537,-0.5940,36.6717,-0.91,-8.71,68.289597,-0.02,-0.4425,0.468221,0.445659,-1.4379
03-26-26,87.660004,88.5,87.300003,87.720001,6108000,90.5855,92.2348,90.29548,-0.214032,0.082965,0.007614,FALSE,FALSE,1.93932,-0.014049,-70.310417,42.2856,25.9813,-0.725058,-1.4463,-0.3579,-1.85,-3.14,6.21,6.231429,-6.302074,1.75,212.38,0.8720,0.434828,0.214032,4.3470,-0.8198,-8.56,1.373003,39685500,19.612259,-24066725753.783279,-0.5974,28.7514,-0.05,-6.50,69.094962,-0.01,-0.2713,0.462636,0.434828,-1.3492
03-27-26,87.529999,87.989998,86.839996,87,4435200,90.303,92.167,90.283287,-0.23007,0.080607,0.007853,FALSE,FALSE,1.883713,-0.026325,-82.124292,44.1004,23.2658,-3.193469,-1.5129,-0.3396,-1.69,-3.58,8.18,2.222272,-6.098221,1.77,220.88,0.8777,0.435447,0.210475,4.7108,-1.1024,-9.31,0.999803,42292100,-5.36423,-23956176756.010139,-0.6127,22.5614,-0.75,-7.49,69.530115,-0.03,-0.5096,0.458775,0.435447,-1.4954
03-30-26,87.910004,88.519997,87.040001,87.330002,5473300,90.069,92.1244,90.271566,-0.244111,0.077907,0.008088,FALSE,FALSE,1.852834,-0.037068,-74.658289,44.8416,27.0303,0.571014,-1.5215,-0.2786,-2.20,-2.71,11.58,7.903309,-5.086404,1.82,226.57,0.8759,0.435077,0.210975,3.7243,-1.1586,-9.31,1.212746,42556600,39.205962,-23870039202.091805,-0.6255,29.3566,-0.42,-6.52,69.257092,-0.03,-0.5722,0.45932,0.435077,-1.2089
03-31-26,88.470001,89.43,87.650002,88.699997,4928400,89.9035,92.0842,90.277486,-0.254839,0.07493,0.008319,FALSE,FALSE,1.806714,-0.044089,-40.547286,44.1265,40.1560,14.174692,-1.4016,-0.1270,-0.86,-0.64,6.95,29.999988,-3.597441,1.85,223.71,0.8929,0.458985,0.25008,3.8429,-0.9283,-9.31,1.079932,46836600,25.75917,-23747423927.043732,-0.5955,36.1888,-0.72,-7.45,68.62016,-0.03,-0.6666,0.50008,0.458985,-0.5380
04-01-26,88.699997,89.360001,88.550003,89.019997,4410600,89.7465,92.0486,90.285411,-0.262916,0.071733,0.008548,FALSE,FALSE,1.763189,-0.049398,-35.167491,43.4624,42.7466,19.480819,-1.2662,0.0068,-0.64,1.01,9.84,41.603016,-3.407126,1.82,217.99,0.8893,0.457043,0.250514,3.5707,-1.0310,-9.31,0.962806,51247200,8.54724,-23746716107.335346,-0.5489,40.3397,-0.43,-7.83,68.54032,-0.04,-0.8073,0.500513,0.457043,-0.3333
04-02-26,88.889999,90.330002,88.440002,90.230003,3288400,89.65,92.056,90.298297,-0.268135,0.068363,0.008773,FALSE,FALSE,1.757703,-0.050687,-14.782525,41.5374,51.3267,24.296413,-1.0492,0.1791,0.16,1.74,9.99,70.625101,-2.094184,1.86,210.90,0.8927,0.470131,0.264247,2.2317,-0.9870,-9.31,0.722558,61076200,-15.400247,-23671644694.799564,-0.4848,46.2679,-0.09,,69.879667,-0.04,-0.8640,0.514049,0.470131,0.2750
04-06-26,89.959999,90.620003,89.730003,90.360001,2537000,89.5215,92.07,90.30901,-0.269567,0.064861,0.008994,FALSE,TRUE,1.76099,-0.054545,24.807384,39.4010,52.1563,12.00022,-0.8568,0.2971,-0.56,0.85,7.92,73.333376,-2.765522,1.67,197.25,0.8605,0.439902,0.240336,2.3100,-0.4086,-9.31,0.561618,57862800,-21.016542,-23612522203.574764,-0.4512,53.1675,-0.99,-7.15,69.277528,-0.02,-0.4255,0.490241,0.439902,0.4251
04-07-26,90.07,90.809998,89.660004,90.489998,3165500,89.379,92.0608,90.317154,-0.266844,0.061258,0.009212,FALSE,TRUE,1.743646,-0.05755,26.283945,37.1882,53.0186,10.271951,-0.6859,0.3744,-1.10,-0.45,7.75,91.939557,-3.053352,1.50,177.52,0.8591,0.438574,0.239363,2.3784,-0.4870,-9.31,0.699167,77353500,6.910061,-23496461133.492043,-0.4079,50.7123,-1.43,-7.84,71.302542,-0.02,-0.4941,0.489247,0.438574,0.6259
04-08-26,91.900002,92.220001,91.540001,92.120003,5048600,89.318,92.0868,90.332407,-0.259212,0.057566,0.009427,TRUE,TRUE,1.754393,-0.059366,35.449715,35.3761,62.2147,10.887977,-0.4142,0.5169,-0.54,1.70,9.76,98.141294,-1.307043,1.46,164.83,0.8805,0.468857,0.266096,3.8753,0.3625,-9.31,1.089956,82402100,70.522962,-23492897392.521091,-0.3341,49.7842,-2.12,-7.69,71.764239,0.02,0.3208,0.515845,0.468857,1.6999
04-09-26,91.720001,93.57,91.669998,92.779999,3845600,89.359,92.0974,90.350466,-0.246334,0.053811,0.009638,TRUE,TRUE,1.746934,-0.059892,40.632553,34.7102,65.1861,13.029861,-0.1439,0.6297,2.07,1.77,8.92,88.261508,0.891692,1.50,172.59,0.8847,0.459544,0.254345,4.4044,0.5155,-9.31,0.821309,61253300,35.475234,-23336167447.116646,-0.2960,58.9911,-0.43,-7.94,70.641815,0.03,0.6279,0.504327,0.459544,1.9822
04-10-26,92.790001,93.279999,92.57,92.980003,2568500,89.41,92.1042,90.373338,-0.22854,0.049967,0.009847,TRUE,TRUE,1.730863,-0.060418,73.584826,34.0919,66.0572,13.038659,0.0854,0.6872,1.88,0.97,11.48,91.233343,1.109183,1.42,181.93,0.8846,0.458057,0.254391,4.3526,0.6196,-9.31,0.550141,63821800,-9.496124,-23335769480.175606,-0.2649,65.1749,-0.92,-8.36,70.336254,0.03,0.6363,0.504372,0.458057,1.9623
04-13-26,92.699997,93.379997,92.370003,93.330002,2035200,89.497001,92.0932,90.398603,-0.205715,0.046039,0.010053,TRUE,TRUE,1.694597,-0.060564,74.861796,33.2747,67.5857,5.371068,0.2920,0.7151,3.29,1.63,9.77,96.433912,1.899777,1.40,196.48,0.8855,0.458986,0.255761,4.4012,0.7413,-9.31,0.448726,76141900,-56.70829,-23251502082.944927,-0.2535,71.0983,0.18,-9.81,69.210613,0.03,0.6609,0.505728,0.458986,1.9508
04-14-26,93.199997,94.32,93.040001,94.220001,1921100,89.770501,92.1104,90.427972,-0.17833,0.04206,0.010256,TRUE,TRUE,1.682428,-0.06099,79.156412,33.1799,71.1442,5.958094,0.5216,0.7557,4.06,2.17,10.61,98.663123,6.163382,1.40,221.96,0.8813,0.465509,0.267011,4.8605,1.3401,-9.31,0.445014,88387300,-69.469519,-23141169189.014118,-0.1931,79.3422,0.61,-9.65,70.242029,0.06,1.2718,0.516731,0.465509,2.0047
04-15-26,93.970001,94.339996,93.669998,94.290001,2758800,90.047501,92.1312,90.454918,-0.147389,0.03809,0.010458,TRUE,TRUE,1.676282,-0.059447,79.335876,33.1052,71.4101,5.352828,0.7010,0.7482,4.28,2.31,10.29,99.333394,6.242255,1.36,242.20,0.8644,0.468569,0.281448,4.5684,0.9613,-9.31,0.666275,98973500,-56.105291,-22873898754.874187,-0.1160,80.4758,0.41,-9.21,71.595205,0.03,0.7562,0.530517,0.468569,1.7517
04-16-26,94.519997,95.220001,94.379997,95.160004,2005200,90.333501,92.1426,90.486164,-0.113346,0.034191,0.010659,TRUE,TRUE,1.656436,-0.056525,83.783765,33.5940,74.5485,6.962801,0.9031,0.7602,5.28,2.95,11.50,99.284039,6.39535,1.33,267.14,0.8715,0.543999,0.318352,4.8737,1.2036,-9.31,0.51048,100978700,-67.950132,-22872179999.008209,-0.0260,91.1713,1.53,-7.63,72.472272,0.02,0.4507,0.564227,0.543999,1.8068
04-17-26,95.5,96.809998,95.389999,96.68,2584300,90.695501,92.1664,90.522137,-0.07563,0.030436,0.010859,TRUE,TRUE,1.644263,-0.052946,100,34.8330,78.9055,7.761287,1.1723,0.8235,8.07,4.30,12.58,98.669424,8.09481,1.35,301.27,0.8805,0.58697,0.362176,5.5607,1.9823,-9.31,0.690164,103563000,-58.691966,-22870068871.311321,0.0790,99.0099,3.54,-7.18,73.017385,0.06,1.3592,0.60181,0.58697,1.9865
04-20-26,96.5,97.029999,96.330002,97.029999,2246600,91.1515,92.2196,90.566448,-0.035197,0.026858,0.011058,TRUE,TRUE,1.653152,-0.049512,100,36.0765,79.7645,8.354439,1.3978,0.8392,6.97,7.75,12.38,100,10.37424,1.28,324.97,0.8798,0.587037,0.362835,5.2140,2.1596,-9.31,0.613666,120367600,-42.646346,-22758997910.747551,0.1403,99.0099,2.31,-4.10,75.704311,0.07,1.6096,0.602358,0.587037,1.8089
04-21-26,96.959999,97.059998,95.169998,95.309998,3236100,91.5215,92.2424,90.597998,0.006226,0.023387,0.011256,TRUE,TRUE,1.644402,-0.04712,65.77113,35.8066,65.6222,-8.926379,1.4214,0.6902,4.97,8.64,10.00,79.698364,8.417693,1.29,328.23,0.8967,0.606866,0.385666,4.7060,1.1714,-9.31,0.890039,117131500,-13.401135,-22761754590.460621,0.1309,91.9595,-1.39,-3.05,75.301555,0.03,0.7606,0.62102,0.606866,1.1542
04-22-26,95.599998,96.010002,94.129997,94.519997,2708600,91.8555,92.2352,90.626094,0.047822,0.020028,0.011452,TRUE,TRUE,1.609107,-0.046486,52.281348,34.4948,60.3312,-18.57432,1.3606,0.5036,5.19,7.23,8.73,70.533615,7.604737,1.38,322.74,0.9039,0.619897,0.382457,4.2139,0.9612,-9.31,0.769865,106042900,-46.483047,-22711543626.017361,0.1330,84.7620,-0.43,-4.58,72.871421,0.01,0.1420,0.618431,0.619897,0.8256
04-23-26,94.860001,95.559998,94.510002,95.489998,3437500,92.238,92.2472,90.658098,0.089188,0.016855,0.011646,TRUE,TRUE,1.589102,-0.042043,51.167268,33.2768,64.1530,-15.611513,1.3749,0.4143,6.50,8.05,8.52,78.78377,8.709018,1.30,317.94,0.8912,0.598888,0.358144,3.7985,0.8122,-9.31,1.000109,118650900,-32.072775,-22586183278.00996,0.2001,84.8933,1.04,-3.46,74.465551,0.01,0.2460,0.598451,0.598888,1.0228
04-24-26,95.43,96.019997,95.220001,95.300003,1994300,92.617,92.2506,90.68732,0.129268,0.013857,0.011839,TRUE,TRUE,1.56328,-0.037431,47.775669,32.4669,62.8752,-2.746952,1.3552,0.3157,4.78,7.99,8.54,76.216271,8.641133,1.30,306.21,0.8905,0.617427,0.362945,3.3586,0.6281,-9.31,0.617155,116656600,-67.349378,-22587778706.598419,0.2165,84.7370,-0.04,-3.30,74.362004,0.02,0.3563,0.602449,0.617427,0.8762
04-27-26,94.949997,95.699997,94.699997,94.779999,2520700,93.006,92.2488,90.706266,0.167391,0.011003,0.01203,TRUE,TRUE,1.542535,-0.031718,39.981357,31.1733,59.3887,-0.942465,1.2829,0.1947,4.36,7.23,8.79,58.695649,8.942527,1.30,279.34,0.8775,0.606213,0.357054,2.9016,0.0693,-9.31,0.803868,107771900,-43.166035,-22529839412.07827,0.2404,78.0150,-1.42,-5.41,73.265766,-0.00,-0.0822,0.59754,0.606213,0.6351
04-28-26,95.120003,95.739998,94.480003,95.650002,2866000,93.422,92.2514,90.72867,0.203697,0.008353,0.012221,TRUE,TRUE,1.522731,-0.02551,35.406202,29.7471,63.0776,-1.075358,1.2810,0.1542,3.69,8.11,9.66,73.840516,9.527081,1.25,250.86,0.8817,0.590083,0.336238,2.5951,0.5106,-9.31,0.953633,105799900,-47.636709,-22438598355.42432,0.3471,76.8068,-0.36,-2.83,73.735509,0.02,0.5178,0.57986,0.590083,0.8881
04-29-26,95.169998,95.800003,94.510002,94.900002,2901300,93.732,92.2356,90.748908,0.236776,0.005869,0.01241,TRUE,TRUE,1.486692,-0.020845,21.073575,28.4737,58.1720,-4.703177,1.2051,0.0627,2.44,7.78,9.23,53.944597,6.989859,1.21,226.57,0.8880,0.636204,0.363122,2.3892,0.3085,-9.31,0.999072,104333100,-41.130996,-22262857266.624943,0.3242,68.1397,0.83,-3.13,74.130241,0.00051,0.0114,0.602596,0.636204,0.5155
04-30-26,94.68,96.410004,94.550003,96.330002,3730200,94.097501,92.2436,90.776247,0.266841,0.003668,0.012599,TRUE,TRUE,1.467353,-0.011657,29.67226,27.7994,63.9317,4.543033,1.2460,0.0828,2.61,7.73,10.15,84.435042,8.211644,1.28,204.44,0.8899,0.629914,0.369427,2.1216,0.3286,-9.31,1.299733,108063300,-15.426473,-22259447951.283302,0.3751,69.2132,-0.28,-5.38,73.733034,-0.00,-0.0743,0.607805,0.629914,1.0920
05-01-26,96.599998,96.709999,95.809998,96.059998,3248800,94.389,92.2564,90.809517,0.293003,0.001733,0.01279,TRUE,TRUE,1.446883,-0.001482,24.353203,27.4106,62.1904,-0.887191,1.2423,0.0633,2.89,7.49,9.30,75.124357,6.461259,1.28,187.23,0.8825,0.640467,0.388097,1.8799,-0.0379,-9.31,1.132777,111057900,-1.204233,-22184471506.459145,0.2989,70.2552,0.01,-3.91,73.926269,-0.02,-0.5700,0.622974,0.640467,0.8925
05-04-26,95.739998,96.290001,95.080002,95.459999,3595200,94.644,92.2548,90.832605,0.313653,0.00007,0.01298,TRUE,TRUE,1.422195,0.005779,11.355286,26.2011,58.3848,0.212788,1.1774,-0.0013,2.37,5.64,10.01,52.802396,5.644089,1.28,162.58,0.8728,0.713884,0.475587,1.7669,0.1278,-9.31,1.230851,114486800,41.710682,-22087233623.045631,0.2526,62.4951,-1.71,-4.56,73.959186,0.00,0.1134,0.689628,0.713884,0.5019
05-05-26,95.650002,95.959999,95.029999,95.760002,2536000,94.9075,92.2784,90.863632,0.328115,-0.001276,0.01317,TRUE,TRUE,1.414768,0.013133,13.183857,25.0219,59.7123,-4.219425,1.1370,-0.0333,1.24,6.77,11.46,55.63156,5.823853,1.29,131.43,0.8731,0.715854,0.476889,1.6355,0.2873,-9.31,0.877682,106042500,-19.886274,-21847255425.78265,0.2560,55.9220,-0.97,-1.81,73.914789,0.02,0.5515,0.690572,0.715854,0.6486
05-06-26,96.400002,97.370003,96.360001,97.089996,3238800,95.156,92.3492,90.907599,0.336849,-0.002257,0.013363,TRUE,TRUE,1.441601,0.023782,16.623536,25.0724,65.0371,2.846623,1.1985,0.0226,1.68,9.59,10.98,91.357842,5.39513,1.33,122.65,0.8857,0.72624,0.48044,1.6046,0.4728,-9.31,1.157152,109281300,-35.847562,-21845812433.383324,0.2264,57.3159,-1.65,-1.80,74.356715,0.03,0.7333,0.693138,0.72624,1.5769
05-07-26,96.809998,97.139999,95.970001,96.389999,2739700,95.3365,92.4018,90.949155,0.340031,-0.002899,0.013555,TRUE,TRUE,1.452645,0.033177,-2.687682,24.6682,60.5045,2.119663,1.1772,0.0010,2.14,8.57,8.82,69.753034,3.890925,1.30,111.93,0.8912,0.73266,0.484975,1.6122,0.2528,-9.31,0.998562,107622700,-28.757541,-21734655135.562752,0.2051,50.7491,0.82,-1.92,74.948054,0.02,0.4864,0.696401,0.73266,0.9412
05-08-26,96.669998,97.190002,96.580002,96.620003,2185600,95.5185,92.4618,90.987354,0.337629,-0.003217,0.013748,TRUE,TRUE,1.474446,0.043273,-3.84251,24.3324,61.4550,1.742715,1.1655,-0.0086,2.60,9.74,9.06,76.851891,3.91482,1.30,100.62,0.8911,0.72942,0.485882,1.6173,0.2485,-9.31,0.802202,109808300,-14.907534,-21736554093.223408,0.1644,50.6749,1.00,-2.50,74.58695,0.01,0.2084,0.697052,0.72942,1.0947
05-11-26,96.900002,97.32,96.389999,96.690002,3867800,95.6865,92.5426,91.023873,0.329815,-0.003208,0.01394,TRUE,TRUE,1.518727,0.05296,15.299382,23.7857,61.7567,-3.280354,1.1486,-0.0204,1.91,9.37,9.78,79.012372,3.600129,1.23,89.61,0.8903,0.739874,0.496693,1.5452,0.3515,-9.31,1.373445,117560500,90.045204,-21665630633.712559,0.1021,59.2568,0.92,-2.89,75.320299,0.02,0.5614,0.704764,0.739874,1.1199
05-12-26,96.620003,96.889999,95.970001,96.690002,2325100,95.81,92.6362,91.063859,0.318776,-0.002882,0.014131,TRUE,TRUE,1.572341,0.063648,26.36701,22.7675,61.7567,1.252215,1.1222,-0.0374,1.90,10.24,12.78,76.470573,2.621525,1.16,85.25,0.8862,0.735671,0.490022,1.3781,0.1486,-9.31,0.819757,117489900,21.029618,-21576838714.962845,0.0960,59.7458,0.18,-1.77,75.030203,0.02,0.4007,0.700015,0.735671,1.0323
05-13-26,96.230003,96.279999,95.440002,95.889999,5047300,95.89,92.7138,91.098557,0.304172,-0.00229,0.014319,TRUE,TRUE,1.615244,0.073247,4.962795,21.2206,55.9525,-5.502563,1.0250,-0.1077,0.80,9.79,12.36,48.7888,1.696891,1.19,77.37,0.8927,0.750127,0.505159,1.3470,-0.1505,-9.31,1.710511,112442600,82.952733,-21576478206.632236,0.0586,49.5007,-0.28,-2.21,75.021404,0.00,0.0318,0.710745,0.750127,-9.860321526399187E-7
05-14-26,96.160004,96.339996,95.25,95.32,2521700,95.898,92.777,91.13407,0.285412,-0.001424,0.014505,TRUE,TRUE,1.642931,0.082308,0.236927,19.8336,52.1888,-9.567852,0.8916,-0.1928,0.47,7.39,11.58,29.065623,0.168134,1.22,76.66,0.8955,0.727095,0.47562,1.3450,-0.3997,-9.31,0.84718,114110500,25.758029,-21535508102.387146,-0.0077,44.3165,-0.90,-4.83,74.204301,-0.02,-0.3743,0.689652,0.727095,-0.7540
05-15-26,95.099998,95.120003,93.779999,93.910004,4533200,95.7595,92.812,91.165455,0.262022,-0.000351,0.014688,TRUE,TRUE,1.646546,0.088226,-9.324705,19.9038,44.2582,-17.498496,0.6645,-0.3360,-1.69,5.52,8.04,3.621302,-2.865119,1.27,86.21,0.9131,0.781694,0.499993,1.4734,-0.6666,-9.31,1.474679,105953100,75.413071,-21445694565.964584,-0.1012,42.4022,-1.27,-4.29,73.414028,-0.04,-1.0441,0.707102,0.781694,-2.1452
05-18-26,94.040001,95.190002,94.040001,95.010002,2766100,95.6585,92.8536,91.199863,0.236774,0.000976,0.014869,TRUE,TRUE,1.653737,0.096235,-6.694556,19.8841,50.5691,-5.383406,0.5668,-0.3470,-0.71,5.78,9.42,34.261894,-2.081827,1.26,82.29,0.9258,-0.008735,0.014901,1.5302,-0.3586,-9.31,0.89229,113323600,23.123832,-21404848776.883282,-0.1060,42.2557,99.29,105.78,,-0.02,-0.3361,-0.12207,-0.008735,-0.7881
05-19-26,94.980003,95.529999,94.470001,95.279999,2092000,95.657,92.8924,91.231511,0.210569,0.002543,0.015048,TRUE,TRUE,1.660889,0.103089,4.184994,19.4479,52.0054,-0.183465,0.5053,-0.3268,-0.68,5.61,8.75,41.782684,-0.031475,1.24,82.36,0.9171,-0.008643,0.014887,1.4921,0.0098,-9.31,0.687526,110279000,-35.354284,-21316665041.712448,-0.0445,47.6908,-0.44,-2.44,75.131733,-0.00,-0.0431,-0.122011,-0.008643,-0.4577
05-20-26,95.269997,96.5,95.150002,96.489998,2654500,95.7555,92.9554,91.272379,0.184826,0.004453,0.015225,TRUE,TRUE,1.683022,0.110143,1.805826,18.1365,57.9082,13.650016,0.5479,-0.2274,1.12,6.60,10.13,75.487356,2.084216,1.19,79.79,0.9195,-0.008261,0.013538,1.4866,0.6886,-9.31,0.873165,116607000,-1.997342,-21240450251.759201,0.0245,46.4036,-1.77,-2.34,75.406914,0.04,0.6643,-0.116351,-0.008261,0.9206
05-21-26,96.040001,96.760002,95.470001,96.669998,2493900,95.8145,93.0496,91.31162,0.160101,0.006676,0.015401,TRUE,TRUE,1.73798,0.117683,6.955546,17.1754,58.7215,8.152483,0.5893,-0.1487,1.18,8.04,10.19,80.501287,1.235732,1.21,82.05,0.9194,-0.008271,0.013571,1.4639,0.6777,-9.31,0.833269,129356900,-27.450182,-21080006672.637287,0.0110,45.4540,-1.45,-2.22,75.710711,0.04,0.6529,-0.116493,-0.008271,1.0427
05-22-26,96.949997,97.230003,96.139999,96.769997,3549600,95.888,93.1458,91.355126,0.137032,0.009205,0.015576,TRUE,TRUE,1.790674,0.124989,15.840378,16.7329,59.1933,7.187904,0.6231,-0.0920,2.32,8.54,10.52,83.286757,1.542491,1.20,83.77,0.9190,-0.008225,0.013431,1.3962,0.7508,-9.31,1.155967,132906500,77.987264,-21079453098.120773,0.0457,53.8669,-1.21,-1.85,75.699482,0.04,0.7281,-0.115894,-0.008225,1.0529
05-26-26,97.150002,97.540001,96.809998,97.220001,3193000,96.01,93.2584,91.393304,0.116929,0.01205,0.015751,TRUE,TRUE,1.865096,0.131213,17.339676,16.6071,61.3347,3.426524,0.6783,-0.0294,3.92,8.77,10.73,91.489375,2.574385,1.19,84.54,0.9091,-0.008011,0.013022,1.4455,1.1959,-9.31,1.028577,129660200,26.671163,-21023044666.302654,0.0857,60.4616,-1.48,-1.46,74.851338,0.07,1.1868,-0.114113,-0.008011,1.4312
05-27-26,97.050003,97.709999,96.910004,96.919998,2509300,96.0735,93.4218,91.428695,0.099784,0.015159,0.015924,TRUE,TRUE,1.993105,0.135607,-2.300381,16.6468,59.1078,0.386221,0.6899,-0.0142,3.37,8.70,10.47,79.898197,1.327754,1.13,86.45,0.9049,-0.007984,0.013055,1.4474,1.3131,-9.31,0.813004,126615300,-12.445918,-20921817734.24638,0.0067,53.8066,-1.13,0.17,74.919797,0.07,1.3071,-0.114257,-0.007984,0.9792
05-28-26,96.730003,97.239998,96.269997,96.550003,2898600,96.156,93.5778,91.463573,0.084726,0.018459,0.016098,TRUE,TRUE,2.114228,0.139121,2.266342,15.8915,56.3885,-2.804804,0.6617,-0.0340,3.13,8.40,9.52,70.483564,1.738674,1.12,82.44,0.9069,-0.008047,0.013204,1.4411,1.1989,-9.31,0.939177,123716700,-0.093062,-20923042879.494137,0.0055,53.5981,-1.20,-0.71,74.61905,0.07,1.1895,-0.114907,-0.008047,0.4779
05-29-26,96.349998,96.410004,95.379997,95.699997,3342700,96.1245,93.703,91.485533,0.071343,0.021862,0.016271,TRUE,TRUE,2.217467,0.141244,-11.979242,15.2635,50.6262,-10.708563,0.5642,-0.1052,3.29,8.28,8.42,48.854911,-0.654007,1.16,82.94,0.9153,-0.008246,0.013618,1.4914,0.8862,-9.31,1.089912,125816500,-10.388183,-20848773711.717419,-0.0707,47.1811,-1.86,-1.93,74.118506,0.05,0.8697,-0.116697,-0.008246,-0.5118
06-01-26,95.129997,95.25,94.050003,94.089996,3953200,96.026,93.796,91.502068,0.058108,0.025219,0.016442,TRUE,TRUE,2.293932,0.140531,-28.199629,15.7855,41.8936,-17.214155,0.3529,-0.2532,2.26,6.86,5.69,7.887978,-2.050803,1.23,94.62,0.9428,-0.00855,0.013803,1.7156,0.3883,-9.31,1.274336,129402200,21.681852,-20807024144.484264,-0.1061,38.2870,-3.84,-3.42,72.852396,0.02,0.3572,-0.117487,-0.00855,-2.0461
06-02-26,94.129997,94.620003,93.68,94.519997,2142400,95.979,93.9282,91.521943,0.045765,0.028619,0.01661,TRUE,TRUE,2.406257,0.14172,-22.487103,16.5331,44.6402,-11.748311,0.2177,-0.3107,2.73,6.97,6.75,20.843588,-0.984708,1.23,99.77,0.9386,-0.00865,0.014254,1.8636,0.2833,-9.31,0.707174,119752200,-40.409435,-20663910678.826683,-0.0587,38.4925,-4.79,-3.92,71.155941,0.01,0.2482,-0.119392,-0.00865,-1.4623
06-03-26,94.339996,95.330002,94.089996,94.410004,2620300,95.9115,94.0582,91.538444,0.034612,0.03202,0.016777,TRUE,TRUE,2.519756,0.143336,-16.517825,16.4208,44.0664,-6.5598,0.1005,-0.3423,2.44,6.38,6.11,18.114233,-1.409773,1.23,105.72,0.9372,-0.008738,0.014587,1.9840,0.1264,-9.31,0.863719,117131900,3.324132,-20665178540.960442,-0.1034,47.0769,-4.88,-3.00,71.697926,0.00,0.0835,-0.120776,-0.008738,-1.4202
06-04-26,95.57,96.150002,94.980003,96.099998,3786900,95.862,94.2234,91.564583,0.025165,0.035526,0.016943,TRUE,TRUE,2.658817,0.147663,7.738093,15.4945,53.8761,11.982528,0.1423,-0.2404,4.28,8.41,9.06,60.049601,-1.01967,1.26,102.17,0.9646,-0.008217,0.01218,1.9386,0.6138,-9.31,1.237086,130336800,16.922934,-20509191363.755291,-0.0695,54.5857,-4.43,-2.61,72.826516,0.04,0.5961,-0.110364,-0.008217,0.2329
06-05-26,95.790001,97.519997,95.690002,96.790001,3649200,95.882,94.4024,91.591697,0.017793,0.03914,0.017108,TRUE,TRUE,2.810703,0.150628,30.769224,15.2688,57.1783,12.538136,0.2285,-0.1233,4.15,8.85,9.76,77.171254,0.414982,1.27,103.64,0.9470,-0.008261,0.01277,1.7158,1.2388,-9.31,1.174653,133986000,33.197065,-20508453539.547104,-0.0441,64.4402,-1.19,-0.15,74.79188,0.07,1.2285,-0.113005,-0.008261,0.8761
06-08-26,96.830002,97.110001,95.339996,95.470001,2774600,95.8245,94.5574,91.619788,0.011652,0.042784,0.01727,TRUE,TRUE,2.937612,0.151161,4.801663,14.7359,49.8287,5.762366,0.1882,-0.1310,2.28,8.16,8.65,44.41691,-1.190231,1.32,102.52,0.9654,-0.008515,0.013059,1.6752,0.8415,-9.31,0.884738,124879800,26.949122,-20455884106.812305,-0.0512,57.8155,-3.11,-1.92,72.674681,0.05,0.8199,-0.114276,-0.008515,-0.3458
06-09-26,96.010002,98.105003,96.010002,97.669998,3348505,95.8735,94.7708,91.658631,0.008404,0.046541,0.017433,TRUE,TRUE,3.112169,0.154479,20.764557,14.9643,59.2338,5.357696,0.3299,0.0086,4.64,10.25,10.77,90.169381,1.013544,1.41,109.01,1.0055,-0.008143,0.011007,1.9455,1.5202,-9.31,1.076653,133403705,-13.426108,-20370100115.735828,0.0019,59.1120,-0.74,0.18,74.949361,0.10,1.5201,-0.104913,-0.008143,1.6481
06-10-26,97.925003,98.404999,97.644997,97.68,3656018,95.923,94.9778,91.694156,0.007532,0.05043,0.017596,TRUE,TRUE,3.283644,0.152662,11.542218,15.3781,59.2712,2.09291,0.4380,0.0933,6.22,10.84,10.86,84.656112,1.023889,1.36,114.99,0.9129,-0.008198,0.013532,1.9264,2.5759,-9.31,1.150903,143830923,57.241323,-20225401809.731483,-0.0710,60.1085,-0.47,2.16,75.994906,0.15,2.5930,-0.116329,-0.008198,1.5279
06-11-26,97.860001,98.300003,97.199997,97.610001,3896700,96.009,95.156,91.724231,0.008982,0.054367,0.017759,TRUE,TRUE,3.43177,0.150233,9.215713,15.3128,58.8644,9.035647,0.5121,0.1340,6.14,11.19,9.14,83.174636,1.793723,1.35,121.01,0.9132,-0.008237,0.013662,1.9066,2.5544,-9.31,1.249294,139934223,-22.796347,-20226393687.176346,-0.0940,52.6749,-2.04,1.90,74.892077,0.15,2.5737,-0.116883,-0.008237,1.3231
06-12-26,97.860001,98.860001,97.860001,98.510002,1985700,96.1685,95.3458,91.761479,0.012657,0.058367,0.017924,TRUE,TRUE,3.584321,0.149957,15.818232,15.6552,62.4345,3.200677,0.6361,0.2064,7.56,11.64,9.85,93.243273,3.346624,1.35,131.97,0.9150,-0.008282,0.013749,2.5510,2.5910,-9.31,0.642139,147320923,-21.255502,-20145840966.416744,-0.0497,51.0163,-2.50,2.21,75.82179,0.15,2.6071,-0.117254,-0.008282,1.7742
06-15-26,98.504997,99.150002,97.565002,97.82,2972491,96.364,95.4976,91.796318,0.016532,0.062427,0.018088,TRUE,TRUE,3.701282,0.148046,5.338066,15.6637,58.2598,-1.01141,0.6710,0.1930,10.22,10.93,11.77,75.68553,4.163556,1.42,125.56,0.9216,-0.008449,0.014107,2.5338,2.3714,-9.31,0.986134,143508432,-34.428417,-20051517880.524303,-0.0238,43.8538,-2.50,0.95,74.24939,0.14,2.3821,-0.118772,-0.008449,1.1596
06-16-26,98.459999,98.760002,97.75,98.059998,2619900,96.516499,95.6516,91.8331,0.020082,0.066552,0.018252,TRUE,TRUE,3.8185,0.14347,10.196781,15.6715,59.2797,0.415304,0.7098,0.1855,10.49,10.42,12.15,80.073058,3.210184,1.43,126.77,0.8886,-0.008137,0.014076,2.4998,3.0421,-9.31,0.871274,146128332,-5.28542,-20052529541.146137,-0.0723,49.8185,-2.57,0.05,74.203721,0.17,3.0711,-0.118644,-0.008137,1.2176
06-17-26,97.730003,97.980003,95.339996,95.610001,2858200,96.532999,95.754,91.84936,0.022553,0.070552,0.018414,FALSE,TRUE,3.90464,0.134313,-7.089011,15.5324,46.7276,-15.70689,0.5367,0.0099,6.90,7.60,9.08,35.283362,0.34635,1.60,125.28,0.9536,-0.008358,0.012895,2.5661,2.1414,-9.31,0.938565,148073532,36.625239,-19995621339.801876,-0.1268,49.8775,-3.52,,73.12433,0.13,2.1495,-0.113557,-0.008358,-0.7367
