Date,Open,High,Low,Close,Volume,SMA20,SMA50,SMA200,SMA20_Slp,SMA50_Slp,SMA200_Slp,>MA50,>MA200,GoldenX,LinReg_Slp,Chande,ADX14,RSI14,RSI_D3,MACD_Line,MACD_Hist,RET_3M_pct,RET_6M_pct,RET_12M_pct,StochK14,ROC20_pct,ATR_pct,StdDev20,Vol60,Beta60,R2_60,Ulcer14,Sharpe60,MaxDD_6M_pct,Vol_vs_Avg,OBV,VolROC20,AD_Line,CMF20,MFI14,RS_3M,RS_6M,RS_Bench,Alpha60,InfoRatio,Corr60,Beta,ZScore
04-23-24,27.34,27.51,27.34,26.400375,18000,26.584287,26.439545,24.992145,0.002162,0.021903,0.007614,FALSE,TRUE,1.4474,0.016177,-21.333307,21.44268,46.521934,9.453737,-0.057919,-0.058192,3.291386,13.264177,9.93285,-116.848312,-1.363476,4.386757,23.137589,0.382928,0.470671,0.622567,1.475272,1.377658,-2.713323,0.59751,-356500,-69.018933,-489418376.283786,-21.063144,36.482304,-1.758216,-3.878385,93.904448,0.013391,0.903604,0.789029,0.470671,-0.79486
04-24-24,27.540001,27.540001,27.42,26.400375,23600,26.567,26.44987,25.004996,-0.000689,0.021758,0.007637,FALSE,TRUE,1.444874,0.015328,-11.940217,20.748052,46.521934,11.547792,-0.055575,-0.044679,2.983274,12.759968,9.847272,-116.848312,-1.292643,4.367092,23.156474,0.379382,0.457789,0.608753,1.511544,1.078615,-2.713323,0.774532,-356500,41.317365,-489843025.864967,-20.852287,42.645823,-1.247305,-3.97984,94.554006,0.016174,1.081954,0.780226,0.457789,-0.719561
04-25-24,27.299999,27.370001,27.219999,26.227512,55700,26.533388,26.461326,25.016747,-0.003499,0.021588,0.007661,FALSE,TRUE,1.444578,0.014176,-41.984703,21.250713,40.081425,-1.493791,-0.066895,-0.044799,2.232727,12.614095,9.511684,-137.845177,-2.499109,4.296105,22.950112,0.389892,0.458556,0.578214,1.625445,0.580047,-2.713323,1.707803,-412200,335.15625,-490635805.344647,-20.319765,34.027636,-1.673695,-4.322456,93.906655,0.005312,0.333029,0.760404,0.458556,-1.332783
04-26-24,27.43,27.540001,27.43,26.42919,28700,26.510339,26.472801,25.029083,-0.006082,0.021395,0.007685,FALSE,TRUE,1.443718,0.013135,-21.85412,20.413983,48.959469,2.437535,-0.058913,-0.029453,3.057251,13.572462,10.699689,-109.834485,-1.714277,4.314187,21.443798,0.396263,0.465738,0.555593,1.672144,1.381314,-2.713323,0.880503,-383500,-1.37457,-491186743.626656,-19.540884,33.077846,-1.190665,-4.310622,94.26032,0.014717,0.884422,0.745381,0.465738,-0.378428
04-29-24,27.549999,27.629999,27.549999,26.534826,42600,26.497374,26.484286,25.041051,-0.008442,0.021188,0.007711,TRUE,TRUE,1.443235,0.012483,-20.261747,19.04796,52.896351,6.374417,-0.043561,-0.011281,3.008445,14.072857,10.578895,-110.51163,-0.96775,4.298873,20.395971,0.392471,0.461153,0.553983,1.278091,1.262245,-2.713323,1.28565,-340900,33.962264,-492310503.858399,-20.017722,35.842914,-0.755457,-4.831097,94.580416,0.013723,0.831096,0.7443,0.461153,0.183626
04-30-24,27.629999,27.629999,27.440001,26.361963,94300,26.481528,26.492314,25.051448,-0.010643,0.020956,0.007737,FALSE,TRUE,1.440866,0.01154,-20.26154,18.415229,46.566633,6.485208,-0.044827,-0.010037,2.29944,13.007497,9.346925,-138.392723,-1.187917,4.361667,20.141068,0.402669,0.467717,0.575628,1.323217,0.753556,-2.713323,2.611103,-435200,171.757925,-493474905.422436,-18.514738,33.517381,-0.126961,-3.77222,95.074075,0.009772,0.59136,0.758702,0.467717,-0.593636
05-01-24,27.42,27.58,27.389999,26.35236,44400,26.463761,26.499958,25.061703,-0.012627,0.020701,0.007764,FALSE,TRUE,1.438255,0.010389,-24.832283,18.098867,46.235618,-2.723851,-0.046073,-0.009027,2.719372,12.60044,9.73291,-139.941672,-1.330453,4.376189,19.601014,0.39927,0.470791,0.568552,0.939056,0.981079,-2.713323,1.198542,-479600,72.093023,-494004264.049149,-18.024572,28.35787,-0.725021,-4.092752,95.010692,0.00739,0.44731,0.754024,0.470791,-0.568345
05-02-24,27.51,27.58,27.450001,26.486809,38100,26.4604,26.510865,25.072582,-0.014307,0.020426,0.007793,FALSE,TRUE,1.438283,0.009554,-6.666755,17.805102,51.439945,-1.456406,-0.0358,0.000997,2.631635,12.175794,10.378791,-143.762786,-0.253161,4.379685,19.495421,0.402524,0.473942,0.568178,0.782181,1.113166,-2.713323,1.022133,-441500,13.731343,-494606946.381118,-18.312041,34.499672,-0.960636,-3.757426,95.063703,0.010098,0.606011,0.753776,0.473942,0.135462
05-03-24,27.73,27.780001,27.700001,26.678886,14400,26.456559,26.521408,25.08414,-0.015587,0.020139,0.007822,TRUE,TRUE,1.437268,0.008996,19.205779,16.869137,57.734434,11.167801,-0.01202,0.019821,3.299373,11.645238,11.135901,-96.627067,-0.287139,4.387252,18.951009,0.411954,0.483078,0.570033,1.24914,1.553428,-2.713323,0.394035,-427100,-50.344828,-494988947.897461,-18.421866,39.319928,-0.981942,-1.447763,95.179378,0.017178,1.009485,0.755006,0.483078,1.173171
05-06-24,27.85,27.969999,27.84,26.861353,46600,26.462321,26.533688,25.096091,-0.016324,0.01985,0.007852,TRUE,TRUE,1.437597,0.008608,33.74249,16.977766,62.682997,16.447379,0.021303,0.042516,4.39223,11.612213,12.642251,-47.819519,0.430888,4.40837,20.022664,0.418551,0.480854,0.587427,1.810749,2.078333,-2.713323,1.25505,-380500,33.524355,-495737167.211692,-16.521641,46.869432,-2.414981,-2.196298,94.471839,0.020318,1.199736,0.766438,0.480854,1.992902
05-07-24,28.040001,28.08,28,26.947784,32000,26.468083,26.548844,25.109275,-0.016394,0.019564,0.007884,TRUE,TRUE,1.439569,0.008478,40.476281,17.557776,64.78619,13.346245,0.054063,0.060221,4.417833,12.192194,12.739327,-31.652872,0.429486,4.410611,21.271061,0.417517,0.478846,0.583783,2.00432,2.028729,-2.713323,0.850951,-348500,42.222222,-496610940.475407,-16.842029,55.13049,-2.115445,-2.166894,94.663987,0.02113,1.245276,0.764057,0.478846,2.255183
05-08-24,27.93,28.040001,27.93,26.928579,23300,26.481528,26.563425,25.12194,-0.015897,0.019265,0.007917,TRUE,TRUE,1.441485,0.008289,43.902847,17.619865,63.924074,6.18964,0.077582,0.066991,4.343416,11.803515,12.747221,-33.88602,1.008653,4.407644,23.299017,0.41791,0.4789,0.584693,1.876402,1.934914,-2.713323,0.651657,-371800,-61.359867,-497058476.461674,-16.286806,54.704496,-1.903618,-3.159118,94.792267,0.02184,1.287318,0.764652,0.4789,1.918755
05-09-24,27.969999,28.07,27.969999,26.957386,20600,26.494013,26.578391,25.134984,-0.014797,0.018951,0.007951,TRUE,TRUE,1.443407,0.007701,51.25043,17.817474,64.683221,2.000224,0.097422,0.069465,4.648826,11.835121,13.044962,-30.536408,0.93491,4.410495,25.16866,0.398751,0.500337,0.546484,1.73983,2.686908,-2.713323,0.575178,-351200,6.185567,-497496271.548363,-16.540193,58.503611,-2.163517,-3.932795,94.391442,0.012563,0.742683,0.739246,0.500337,1.841072
05-10-24,28.049999,28.049999,28.01,26.918974,32800,26.510819,26.591059,25.147742,-0.013086,0.018626,0.007986,TRUE,TRUE,1.443317,0.007317,43.046884,18.000967,62.785946,-2.000244,0.108792,0.064668,4.074913,12.205043,12.751169,-35.002928,1.264455,4.380304,26.85858,0.389028,0.504051,0.523679,1.611477,2.12504,-2.713323,0.904204,-384000,38.983051,-499318399.05778,-18.420144,51.49848,-2.057887,-2.794203,94.507038,0.012438,0.735418,0.723657,0.504051,1.519644
05-13-24,28.1,28.1,28.030001,26.938179,46100,26.537709,26.600288,25.160218,-0.010741,0.018288,0.008022,TRUE,TRUE,1.440069,0.007084,39.437179,18.423678,63.364539,-0.559535,0.117992,0.059095,4.07225,11.623816,12.479038,-32.024995,2.037106,4.368104,28.345659,0.38648,0.534783,0.532425,1.514022,1.909508,-2.713323,1.269798,-337900,1.318681,-500802590.441977,-19.916507,54.077138,-1.550919,-2.693107,94.854096,0.020007,1.201763,0.729674,0.534783,1.412807
05-14-24,28.059999,28.120001,28.040001,27.005407,39100,26.571322,26.611435,25.173597,-0.007769,0.017938,0.00806,TRUE,TRUE,1.437838,0.006907,42.282566,18.918119,65.392931,0.70971,0.129219,0.056257,5.264899,11.726922,12.671701,-23.843513,2.552883,4.368391,29.743701,0.38714,0.533686,0.52862,1.539202,2.076809,-2.713323,1.064815,-298800,26.948052,-501853006.632998,-20.273912,55.410889,-2.83954,-2.064103,95.11893,0.025883,1.545832,0.727063,0.533686,1.459419
05-15-24,28.190001,28.280001,28.190001,27.159063,18200,26.614538,26.626228,25.186848,-0.004223,0.017591,0.0081,TRUE,TRUE,1.43938,0.006939,65.987027,20.119003,69.543537,6.757591,0.148799,0.06067,5.041976,10.927657,13.312783,-25.947833,3.287063,4.423883,31.726589,0.392506,0.534187,0.514869,1.773528,2.407123,-2.713323,0.52149,-280600,-66.666667,-502288162.747099,-20.697148,62.812104,-1.435563,-1.328281,95.575341,0.033651,1.953985,0.717544,0.534187,1.716305
05-16-24,28.33,28.33,28.26,27.139854,68300,26.659675,26.639491,25.199956,-0.000291,0.017242,0.008141,TRUE,TRUE,1.439535,0.006826,57.812876,21.439403,68.43848,5.07394,0.160912,0.058226,4.542562,10.978045,14.168455,-26.611151,3.440693,4.389759,32.486901,0.392221,0.534878,0.512217,1.621694,2.435644,-2.713323,1.829873,-348900,244.949495,-504542356.790696,-21.833045,65.531682,-0.36034,-1.088123,95.451334,0.030995,1.796151,0.715693,0.534878,1.47807
05-17-24,28.27,28.280001,28.25,27.159063,24300,26.709134,26.651417,25.21349,0.003865,0.016895,0.008184,TRUE,TRUE,1.437927,0.007034,54.62241,22.571035,68.969489,3.576558,0.170101,0.053932,4.616555,10.585282,13.935399,-24.567651,3.779817,4.3707,32.165956,0.380181,0.504962,0.48463,1.500848,1.997908,-2.713323,0.646621,-324600,26.5625,-506333933.731379,-23.591687,59.879527,-0.898663,-2.2348,94.818828,0.02145,1.247602,0.696154,0.504962,1.398775
05-21-24,28.290001,28.370001,28.290001,27.226288,37100,26.755711,26.664496,25.22835,0.008135,0.016547,0.008228,TRUE,TRUE,1.436146,0.007458,83.333793,24.00101,70.819787,1.27625,0.180724,0.051644,4.836899,10.688212,13.90448,-16.705235,3.54272,4.390279,32.591313,0.378897,0.502128,0.475563,1.464127,1.922312,-2.713323,0.991713,-287500,-8.395062,-507357628.548154,-24.266548,74.4094,-0.71072,-1.293456,95.053525,0.024464,1.415357,0.689611,0.502128,1.443871
05-22-24,28.309999,28.32,28.25,27.197479,32300,26.795567,26.678338,25.243537,0.012456,0.016197,0.008274,TRUE,TRUE,1.434801,0.007683,80.000794,24.93229,68.923095,0.484615,0.184689,0.044488,4.841731,9.935842,13.606103,-27.447988,3.01929,4.362278,32.889723,0.377762,0.500952,0.471967,1.186811,2.007006,-2.713323,0.847213,-319800,79.444444,-508361259.076764,-24.843125,76.121429,-0.621238,-1.324898,95.321816,0.025313,1.463861,0.686999,0.500952,1.222001
05-23-24,28.379999,28.379999,28.16,27.111044,27100,26.8311,26.688156,25.257774,0.016694,0.015841,0.008321,TRUE,TRUE,1.430383,0.007727,61.90505,24.953208,63.433797,-5.535692,0.178796,0.030876,3.66818,10.007795,14.137089,-86.611503,2.691888,4.364298,32.227739,0.380949,0.503898,0.481961,0.945725,1.744138,-2.713323,0.707572,-346900,14.830508,-508646784.477526,-24.547988,69.712313,-0.337215,-1.312332,95.614355,0.022862,1.323611,0.694234,0.503898,0.868643
05-24-24,28.25,28.27,28.209999,27.120647,10400,26.875757,26.698932,25.271681,0.020642,0.015487,0.00837,TRUE,TRUE,1.427251,0.007752,53.488372,24.972632,63.778969,-7.040818,0.172908,0.01999,3.327263,9.835608,14.583696,-133.213712,3.405337,4.327399,29.496,0.38095,0.501133,0.478388,0.785118,1.743404,-2.713323,0.288608,-336500,-81.328546,-509034817.740924,-25.529364,67.186426,-0.585784,-1.97946,95.193702,0.016987,0.980092,0.691656,0.501133,0.83025
05-27-24,28.200001,28.299999,28.200001,27.178272,51300,26.913211,26.712198,25.286065,0.024246,0.015142,0.00842,TRUE,TRUE,1.426133,0.007951,45.205778,25.162921,65.861381,-3.061714,0.170921,0.014402,3.773545,10.153517,14.827159,-167.051104,2.8343,4.288851,28.256939,0.380262,0.502488,0.474046,0.700216,1.691398,-2.713323,1.380331,-285200,78.745645,-510134427.193889,-25.4913,67.560428,-0.776483,-1.834441,95.311033,0.019988,1.150575,0.68851,0.502488,0.93804
05-28-24,28.219999,28.25,28.1,27.063028,27000,26.939621,26.724306,25.299826,0.027417,0.014804,0.008471,TRUE,TRUE,1.42448,0.008235,15.789611,24.393619,58.604799,-4.828998,0.158223,0.001363,3.295803,9.434298,13.666355,-192.660928,1.990599,4.268338,26.973517,0.374844,0.494823,0.464647,0.664262,0.903228,-2.713323,0.742064,-312200,-36.619718,-510534738.079791,-25.043609,61.323937,-0.888244,-2.02844,95.416534,0.012856,0.744134,0.68165,0.494823,0.457513
05-29-24,28,28.030001,27.98,26.870953,59100,26.965071,26.732382,25.313003,0.030036,0.014464,0.008524,TRUE,TRUE,1.419378,0.008123,-6.383518,22.713146,48.928628,-14.850341,0.131149,-0.020568,2.525283,9.033583,12.198337,-268.060272,1.930772,4.265556,23.401051,0.386656,0.485309,0.495841,0.691019,0.464096,-2.713323,1.706859,-371300,-37.327678,-513215565.03001,-28.506368,56.906462,-0.171631,-0.999359,96.348973,0.014842,0.858193,0.70416,0.485309,-0.402195
05-30-24,27.98,28.049999,27.98,26.928579,7900,26.993882,26.739125,25.326328,0.032059,0.014119,0.008578,TRUE,TRUE,1.412797,0.008033,-3.092298,21.299846,51.51513,-14.346251,0.113039,-0.030942,2.446259,9.225417,13.27969,-262.855304,2.186596,4.266408,18.49286,0.386984,0.472332,0.492213,0.702307,0.684445,-2.713323,0.240854,-363400,-82.207207,-513460786.62674,-29.659333,55.774228,-0.641351,-1.872678,95.598456,0.013873,0.79864,0.701579,0.472332,-0.353121
05-31-24,28.049999,28.17,27.959999,27.053425,23500,27.022212,26.746262,25.34136,0.033637,0.013776,0.008632,TRUE,TRUE,1.404901,0.008217,13.207413,20.808343,56.638683,-1.966115,0.107522,-0.029168,2.178111,9.311695,14.164307,-215.850973,2.139239,4.286009,14.144798,0.390271,0.469978,0.501826,0.656525,0.845821,-2.713323,0.732772,-339900,-38.32021,-513687185.619483,-29.7478,61.826943,-1.073905,-2.407093,95.070678,0.011748,0.677024,0.708396,0.469978,0.220664
06-03-24,28.24,28.24,28.16,27.082233,24400,27.04238,26.752254,25.357055,0.034598,0.013438,0.008688,TRUE,TRUE,1.395199,0.008562,14.018539,20.775087,57.748226,8.819597,0.104272,-0.025934,2.397818,9.511957,13.970917,-208.991785,1.511859,4.282913,11.646968,0.388552,0.461234,0.480597,0.609128,0.700826,-2.713323,0.749156,-315500,69.444444,-514369023.761724,-29.751421,60.00573,-0.398602,-0.72157,95.827298,0.02108,1.195027,0.693251,0.461234,0.342181
06-04-24,28.219999,28.280001,28.200001,27.159063,21100,27.057265,26.758593,25.373559,0.034981,0.013109,0.008745,TRUE,TRUE,1.385034,0.00902,14.814488,20.976679,60.640776,9.125646,0.106667,-0.018832,2.79976,9.070398,13.489978,-190.698952,1.108323,4.274991,11.101241,0.389897,0.448197,0.456823,0.573044,0.866497,-2.713323,0.674229,-294400,-54.72103,-514939218.776387,-30.679105,58.357597,0.71322,0.489563,96.619851,0.028221,1.559027,0.675887,0.448197,0.916998
06-05-24,28.33,28.48,28.33,27.331928,87700,27.076472,26.769925,25.390643,0.034834,0.012797,0.008803,TRUE,TRUE,1.379282,0.009616,16.363433,22.147972,66.240793,9.602109,0.121117,-0.003505,3.229991,9.97387,14.480845,-120.782746,1.425512,4.260064,12.359245,0.395563,0.45972,0.475045,0.891033,1.448233,-2.713323,2.573357,-206700,174.0625,-516194000.217837,-28.731015,64.173103,0.71698,0.636282,96.624027,0.03911,2.166257,0.689235,0.45972,2.066921
06-06-24,28.48,28.49,28.469999,27.351137,28200,27.0976,26.782025,25.407871,0.034287,0.012501,0.008862,TRUE,TRUE,1.374154,0.010392,20.000072,23.27862,66.805968,9.057743,0.132591,0.006375,2.967974,9.800005,14.292599,-114.879459,1.56918,4.253712,13.275768,0.392404,0.454547,0.470575,0.930646,1.215503,-2.713323,0.821559,-178500,21.030043,-519377319.271814,-32.51106,61.071946,1.109223,0.205928,96.403556,0.033917,1.885762,0.685985,0.454547,1.909772
06-07-24,28.379999,28.469999,28.360001,27.283915,33500,27.113927,26.789708,25.424858,0.033244,0.012227,0.008923,TRUE,TRUE,1.364851,0.010951,11.304651,23.320607,62.841071,2.200295,0.134706,0.006792,2.677958,9.530143,14.774469,-127.562951,1.211277,4.25862,13.467101,0.393461,0.463744,0.49641,0.913888,1.143549,-2.713323,0.957964,-212000,62.621359,-520066261.227043,-32.270503,59.855945,1.517212,0.250861,97.005623,0.043533,2.474995,0.704564,0.463744,1.262245
06-10-24,28.379999,28.440001,28.35,27.312723,73300,27.133614,26.79816,25.440951,0.031816,0.011986,0.008984,TRUE,TRUE,1.357209,0.011406,8.108321,23.271886,63.831756,-2.409037,0.137127,0.00737,3.045853,9.230309,14.535058,-122.127375,1.46272,4.239784,13.34464,0.391605,0.46343,0.491578,0.906486,1.390365,-2.713323,1.981349,-138700,123.47561,-521829167.70354,-30.424069,48.21664,1.855307,-0.281676,96.933093,0.043252,2.458932,0.701126,0.46343,1.342179
06-11-24,28.389999,28.389999,28.299999,27.2551,23000,27.14946,26.807379,25.457557,0.030102,0.011774,0.009047,TRUE,TRUE,1.349822,0.011625,5.263048,22.782743,60.365059,-6.440909,0.132864,0.002486,2.385387,8.91731,14.338284,-132.999608,1.176476,4.24444,12.771121,0.391545,0.458796,0.497553,0.898877,1.394169,-2.713323,0.641741,-161700,-50.10846,-522386226.280236,-30.111099,49.113524,2.407286,0.60893,97.519293,0.04961,2.837537,0.705374,0.458796,0.827179
06-12-24,28.59,28.620001,28.530001,27.40876,16600,27.169628,26.821977,25.474414,0.028286,0.011597,0.009112,TRUE,TRUE,1.347563,0.012067,25.619987,23.526411,65.712699,2.871628,0.140268,0.007912,3.110711,9.531369,14.443926,-83.520841,1.4936,4.268174,13.538316,0.397108,0.464079,0.496762,1.035782,1.726188,-2.713323,0.478179,-145100,-57.544757,-522816438.783945,-30.193623,53.593265,3.458511,1.070163,97.773039,0.055357,3.119465,0.704813,0.464079,1.766336
06-13-24,28.49,28.530001,28.440001,27.370344,19700,27.180192,26.83523,25.490418,0.026405,0.011448,0.009177,TRUE,TRUE,1.344812,0.012605,20.967786,23.475209,63.409284,-0.422472,0.141405,0.00724,3.226024,9.212437,14.194287,-89.341417,0.777939,4.264322,14.256796,0.394217,0.442217,0.490015,0.997659,1.329692,-2.713323,0.566255,-164800,8.241758,-523304409.77958,-30.204437,52.57262,4.186236,1.712287,98.859453,0.055157,3.110187,0.700011,0.442217,1.333766
06-14-24,28.48,28.48,28.389999,27.331928,25100,27.189796,26.850788,25.505052,0.024522,0.011327,0.009243,TRUE,TRUE,1.345736,0.013215,13.114498,23.03671,61.102706,0.737647,0.137621,0.002764,3.304574,7.836065,13.945083,-95.161994,0.707719,4.252101,14.613243,0.392299,0.444285,0.484023,0.974897,0.974869,-2.713323,0.769231,-189900,-63.250366,-523919677.346231,-29.692492,44.587513,4.476667,2.474747,98.932349,0.054069,3.045916,0.695718,0.444285,0.972629
06-17-24,28.43,28.52,28.379999,27.370344,54000,27.20036,26.86308,25.519831,0.022774,0.011231,0.009311,TRUE,TRUE,1.343249,0.013998,28.069937,22.847866,62.569034,-3.143666,0.136152,0.001036,3.412407,7.625528,13.617783,-89.341417,0.777939,4.276496,15.133796,0.390781,0.441646,0.481332,0.91552,0.855655,-2.713323,1.582881,-135900,122.222222,-524752546.843921,-26.99489,53.040681,4.646819,3.188839,99.223348,0.0534,3.012076,0.693781,0.441646,1.123211
06-18-24,28.48,28.58,28.48,27.447172,30000,27.211404,26.877101,25.534994,0.021181,0.011164,0.009379,TRUE,TRUE,1.342108,0.014976,58.823472,22.993007,65.379857,1.970573,0.139578,0.00357,3.218095,8.331268,14.202808,-77.700842,0.811291,4.327681,16.107616,0.391323,0.450719,0.494992,0.854915,0.893938,-2.713323,0.888626,-105900,-19.137466,-525402240.906368,-26.724841,62.669472,4.511265,2.493683,99.471358,0.050684,2.893244,0.703557,0.450719,1.463707
06-19-24,28.559999,28.629999,28.530001,27.49519,22900,27.226289,26.890354,25.549832,0.019744,0.011131,0.009447,TRUE,TRUE,1.340523,0.015868,58.415546,23.386127,67.0455,5.942794,0.144502,0.006795,2.991442,8.277815,14.491727,-69.374532,1.094625,4.321106,17.303391,0.389373,0.443263,0.487426,0.830077,1.211779,-2.713323,0.687894,-83000,-29.102167,-525899091.585394,-26.340992,63.848503,5.558139,3.496327,100.105847,0.060674,3.45507,0.698159,0.443263,1.554032
06-20-24,28.52,28.52,28.450001,27.351137,45900,27.238294,26.904184,25.564514,0.018393,0.011118,0.009517,TRUE,TRUE,1.339669,0.016451,30.097125,23.048041,58.026014,-4.543019,0.135222,-0.001988,2.122784,7.429924,14.247944,-172.098695,0.885592,4.287295,17.294617,0.396002,0.430946,0.447491,0.724046,0.8894,-2.713323,1.340929,-128900,69.372694,-527386078.991389,-27.372618,56.379169,4.53374,3.35201,99.245059,0.04878,2.630747,0.668948,0.430946,0.652475
06-21-24,28.49,28.49,28.42,27.322327,23100,27.248378,26.916476,25.579525,0.017278,0.011126,0.009587,TRUE,TRUE,1.336952,0.017214,24.272096,22.479766,56.392042,-8.987815,0.124112,-0.010478,1.788913,7.838515,14.710349,-204.111017,0.743637,4.279343,17.159994,0.390074,0.425789,0.430329,0.625579,0.441796,-2.713323,0.662556,-152000,122.115385,-528133646.604468,-27.389687,51.702234,3.764276,2.632755,99.201432,0.044566,2.402963,0.655995,0.425789,0.430936
06-24-24,28.459999,28.540001,28.450001,27.322327,47000,27.255581,26.931266,25.594629,0.016297,0.011159,0.009658,TRUE,TRUE,1.336637,0.017937,17.89493,22.26206,56.392042,-10.653458,0.113993,-0.016478,2.081099,7.47676,15.208102,-296.264486,0.530035,4.284547,17.15257,0.390004,0.389528,0.392898,0.559315,0.466099,-2.713323,1.356421,-152000,-8.382066,-529358437.559412,-27.740275,54.079586,2.58232,1.691906,97.848679,0.03621,1.891573,0.626815,0.389528,0.389131
06-25-24,28.27,28.290001,28.190001,27.37361,105400,27.27111,26.950731,25.610037,0.01544,0.011213,0.009729,TRUE,TRUE,1.340694,0.018557,5.271029,21.182239,58.787778,0.761764,0.108857,-0.017291,2.346145,7.879521,15.698192,-185.543986,1.147622,4.18434,16.717964,0.387234,0.389422,0.398903,0.549196,0.841688,-2.713323,2.732694,-46600,290.37037,-531184783.203998,-26.769568,36.365271,2.880242,2.848421,98.270575,0.047438,2.508314,0.631588,0.389422,0.613112
06-26-24,28.190001,28.24,28.18,27.31555,31300,27.29334,26.970379,25.62506,0.014804,0.011284,0.009801,TRUE,TRUE,1.345318,0.018854,-4.289629,20.240122,55.097238,-1.294805,0.098961,-0.02175,1.545675,6.931987,15.402195,-192.10059,1.654565,4.116961,13.82213,0.38379,0.38302,0.386196,0.559017,0.999519,-2.713323,0.84185,-77900,-47.038917,-532118001.206351,-25.420167,31.04522,3.02509,2.654383,98.062142,0.046732,2.467231,0.621446,0.38302,0.160686
06-27-24,28.200001,28.27,28.200001,27.344578,19800,27.31414,26.991375,25.640512,0.014426,0.011376,0.009874,TRUE,TRUE,1.350864,0.019213,7.66513,19.144217,56.56537,0.173328,0.092396,-0.022652,1.689898,7.14585,14.79339,-185.64992,1.544821,4.069644,10.855994,0.383785,0.377215,0.382009,0.540146,0.998356,-2.713323,0.524156,-58100,150.632911,-532621728.312618,-25.361935,35.512704,2.746018,1.842917,97.514681,0.042963,2.260567,0.618069,0.377215,0.280382
06-28-24,28.280001,28.379999,28.200001,27.305876,32400,27.326762,27.012751,25.655817,0.014195,0.011482,0.009946,TRUE,TRUE,1.356934,0.019212,-0.854522,18.188694,54.028953,-4.758825,0.083112,-0.025549,1.909931,6.914114,14.179062,-194.250389,0.933157,4.043848,8.968644,0.376003,0.370837,0.384051,0.542368,1.324265,-2.713323,0.847724,-90500,37.87234,-532976016.172235,-25.233949,44.954735,3.352201,2.125646,97.671362,0.0498,2.678962,0.619719,0.370837,-0.232882
07-02-24,28.18,28.26,28.16,27.344578,34900,27.339879,27.036244,25.670561,0.014011,0.011604,0.010019,TRUE,TRUE,1.365683,0.019575,11.436428,17.012154,56.14662,1.049383,0.077978,-0.024546,2.495199,7.508228,14.431118,-173.494308,0.968695,4.005955,6.879084,0.36445,0.355119,0.360422,0.511011,0.917772,-2.713323,0.900761,-55600,43.032787,-533580078.597611,-24.791657,43.910693,2.991152,2.106365,97.514681,0.04344,2.365931,0.600351,0.355119,0.068301
07-03-24,28.280001,28.5,28.280001,27.538101,32700,27.358831,27.061112,25.686933,0.013886,0.011751,0.010092,TRUE,TRUE,1.374179,0.020206,15.730066,17.312004,64.862785,8.297415,0.088505,-0.011215,3.109247,8.677499,14.026479,-132.319055,1.395622,3.923468,6.85663,0.374438,0.36484,0.391704,0.645514,1.418729,-2.713323,0.831532,-22900,54.976303,-533833325.770824,-24.023022,45.632382,2.314133,1.678546,96.860335,0.047571,2.585854,0.625863,0.36484,2.61455
07-04-24,28.48,28.48,28.41,27.547779,22100,27.369624,27.08406,25.703636,0.013765,0.011918,0.010166,TRUE,TRUE,1.380424,0.020955,22.360593,17.590436,65.234917,11.205965,0.096516,-0.002563,3.742354,8.921137,13.800061,-130.259927,0.789739,3.875588,8.012272,0.37271,0.362738,0.387667,0.655672,1.220845,-2.713323,0.613122,-800,-74.800456,-534399858.969735,-25.254347,49.634031,2.615962,2.188308,96.923217,0.045644,2.484367,0.622629,0.362738,2.223531
07-05-24,28.5,28.5,28.440001,27.567131,26700,27.380423,27.107395,25.721143,0.01369,0.012103,0.01024,TRUE,TRUE,1.386252,0.021403,30.370213,17.954831,66.010108,9.863488,0.103236,0.003326,3.032693,8.833115,14.593958,-126.142483,0.789707,3.832075,9.127981,0.361578,0.341499,0.364603,0.681463,1.781242,-2.713323,0.742285,25900,-5.319149,-535203419.732045,-21.999028,54.551432,3.609115,3.160491,97.689307,0.057363,3.159396,0.603824,0.341499,2.045442
07-08-24,28.51,28.530001,28.459999,27.605837,198700,27.39652,27.134961,25.739267,0.013679,0.012318,0.010315,TRUE,TRUE,1.395694,0.021946,30.39627,18.456025,67.567788,2.705004,0.110413,0.008402,3.214411,8.372495,15.433344,-117.907189,1.179898,3.768432,10.120943,0.361384,0.347437,0.374571,0.772803,1.753127,-2.713323,4.492426,224600,493.134328,-540251209.669649,-22.818165,64.377226,3.641759,3.197742,97.680008,0.053099,2.949375,0.612022,0.347437,2.06816
07-09-24,28.51,28.51,28.450001,27.528427,21000,27.407305,27.156946,25.758371,0.013707,0.012548,0.010389,TRUE,TRUE,1.398575,0.0221,10.480131,18.827938,61.497747,-3.73717,0.108602,0.005273,2.593436,8.109171,15.519474,-134.377372,0.789756,3.699763,10.328167,0.35758,0.342151,0.359489,0.761082,1.910172,-2.713323,0.504626,203600,-71.350614,-540917316.958964,-22.934218,60.720955,3.727858,2.727654,97.669268,0.052693,2.922933,0.599574,0.342151,1.172738
07-10-24,28.540001,28.67,28.530001,27.741301,31500,27.431615,27.181075,25.77854,0.013921,0.012797,0.010464,TRUE,TRUE,1.402535,0.022241,26.177005,20.006903,69.588668,3.57856,0.122927,0.015678,4.057157,8.781831,16.182977,-82.097858,1.783888,3.66075,12.123106,0.355663,0.339097,0.381793,1.178698,3.006332,-2.713323,0.749286,235100,36.956522,-541303733.55297,-22.499414,61.23175,2.963133,1.918392,96.968992,0.064683,3.67186,0.617894,0.339097,2.554509
07-11-24,28.74,28.799999,28.719999,27.809032,41000,27.451628,27.210017,25.799194,0.014315,0.013067,0.010539,TRUE,TRUE,1.410823,0.022306,53.005778,21.646648,71.631376,4.063587,0.138152,0.024723,4.123678,9.047427,16.054288,-54.83871,1.460381,3.660538,14.746155,0.353455,0.334171,0.376079,1.33039,3.398475,-2.713323,0.947758,276100,146.987952,-542278475.488454,-22.494263,67.849534,1.826373,1.021971,96.520617,0.066275,3.768373,0.613253,0.334171,2.42371
07-12-24,28.790001,28.93,28.790001,27.954172,39500,27.48082,27.242053,25.821379,0.014869,0.013362,0.010614,TRUE,TRUE,1.420674,0.02246,64.461638,23.628578,75.43855,13.940802,0.160085,0.037324,5.158689,9.329711,15.794501,-26.730856,2.133068,3.63696,18.382681,0.356354,0.33945,0.385729,1.7008,3.866626,-2.713323,0.892655,315600,100.507614,-542789623.785456,-22.017191,72.020028,1.331818,0.906838,96.457788,0.0742,4.217372,0.62107,0.33945,2.574991
07-15-24,28.84,28.98,28.84,27.954172,40500,27.511932,27.2714,25.844038,0.015567,0.013682,0.01069,TRUE,TRUE,1.427362,0.022425,64.461638,25.630206,75.43855,5.849882,0.175444,0.042147,5.88551,9.125736,15.12022,-25.10095,2.276619,3.587939,20.832515,0.354116,0.339777,0.392079,1.589905,4.054797,-2.713323,0.8996,315600,61.354582,-543342640.801805,-21.571483,71.781144,0.968901,0.627364,96.121018,0.07722,4.439747,0.626162,0.339777,2.122836
07-16-24,28.959999,29.08,28.959999,28.13802,29300,27.550316,27.300583,25.866953,0.016495,0.014023,0.010767,TRUE,TRUE,1.43363,0.022482,68.695396,27.791616,79.483463,7.852087,0.200144,0.053478,6.853972,10.46169,15.787443,-2.389161,2.804771,3.604644,24.783911,0.357892,0.358858,0.439247,2.048241,4.687626,-2.713323,0.669179,344900,-45.740741,-543773337.994843,-21.72067,85.633522,0.257189,0.313304,95.750271,0.088184,5.223356,0.662757,0.358858,2.371312
07-17-24,29,29,28.93,28.012228,50700,27.578569,27.323601,25.88886,0.017476,0.014373,0.010844,TRUE,TRUE,1.43474,0.022435,59.016277,29.491961,70.882045,-4.556504,0.207181,0.048411,6.531684,10.757521,15.225128,-16.062155,2.058703,3.619706,26.693387,0.362192,0.363712,0.444605,1.89718,3.956916,-2.713323,1.131191,294200,69,-545153502.512555,-22.033982,82.810924,0.553535,-0.098056,95.791104,0.077675,4.568178,0.666787,0.363712,1.624595
07-18-24,28.950001,28.99,28.74,27.86709,50400,27.597164,27.341987,25.91061,0.018405,0.014728,0.010921,TRUE,TRUE,1.431376,0.022234,40.298828,29.358369,62.480631,-12.957918,0.198755,0.031988,6.212475,9.810142,14.36206,-31.838,1.352602,3.644536,27.368801,0.368875,0.370685,0.445768,1.759988,3.225459,-2.713323,1.091027,243800,120.087336,-545555859.641461,-21.275861,75.83894,1.042315,-0.155469,95.793707,0.068915,3.983748,0.667659,0.370685,0.986257
07-19-24,28.799999,28.799999,28.68,27.789679,61700,27.619091,27.359209,25.93311,0.019279,0.015083,0.010999,TRUE,TRUE,1.426099,0.021824,36.231652,28.769066,58.498021,-20.985442,0.183713,0.013557,6.189515,9.299279,13.561145,-40.252309,1.603375,3.62834,27.04883,0.371766,0.378119,0.447151,1.606957,3.00268,-2.713323,1.313185,182100,34.422658,-546533115.304747,-20.37569,67.810295,1.745273,0.253898,95.611032,0.060067,3.44955,0.668693,0.378119,0.630667
07-22-24,28.84,28.889999,28.790001,27.944496,51200,27.650199,27.378951,25.955721,0.020184,0.015445,0.011077,TRUE,TRUE,1.42323,0.021298,41.333207,28.651068,63.507826,-7.37422,0.182184,0.009623,6.274097,9.373645,14.946521,-41.938106,2.277147,3.645607,27.033893,0.363659,0.382089,0.486584,1.431133,3.951302,-2.713323,1.05807,233300,121.645022,-547450125.390961,-19.959164,73.529427,1.420232,-0.563213,95.393874,0.075177,4.579873,0.697556,0.382089,1.088622
07-23-24,28.870001,28.91,28.85,27.944496,42100,27.681308,27.399461,25.978094,0.021043,0.015809,0.011155,TRUE,TRUE,1.421367,0.021018,32.307506,28.634694,63.507826,1.027194,0.178911,0.005079,5.848859,9.332754,14.54679,-69.478155,2.277147,3.597062,26.639259,0.353316,0.374213,0.496429,1.325609,3.491154,-2.713323,0.874442,233300,-10.425532,-548762960.966508,-20.152169,73.903679,2.043906,0.286064,95.753414,0.067784,4.291722,0.704577,0.374213,0.987973
07-24-24,28.790001,28.790001,28.610001,27.692921,18100,27.697273,27.414556,25.998689,0.021735,0.016154,0.011234,TRUE,TRUE,1.415867,0.020421,9.677436,26.896077,51.737802,-6.760219,0.154238,-0.015675,4.895935,8.025269,13.735298,-116.731338,1.166493,3.604877,25.636056,0.373508,0.393694,0.501689,1.273448,2.381595,-2.713323,0.413431,215200,-82.827324,-548965495.616616,-20.306889,71.18871,1.069993,-0.193112,95.528446,0.049544,2.982916,0.7083,0.393694,-0.016978
07-25-24,28.6,28.73,28.549999,27.663889,41400,27.71469,27.427726,26.018239,0.022385,0.016478,0.011313,TRUE,TRUE,1.409487,0.019419,6.410041,25.026896,50.572983,-12.934842,0.130834,-0.031263,5.476602,7.831607,13.528154,-124.779822,1.275241,3.63057,24.039757,0.362056,0.382348,0.475003,1.237113,2.856376,-2.713323,0.934854,173800,32.268371,-549414505.666207,-19.528626,66.02927,1.712148,0.013675,95.456146,0.052046,3.149453,0.689204,0.382348,-0.211322
07-26-24,28.75,28.84,28.700001,27.88644,28400,27.741783,27.442273,26.038237,0.023118,0.016795,0.011392,TRUE,TRUE,1.404036,0.018693,16.571205,23.811866,58.319777,-5.188048,0.12876,-0.026669,5.513792,8.739613,14.088387,-89.454165,1.981609,3.656216,22.663013,0.373526,0.394859,0.487821,1.15414,3.364292,-2.713323,0.635134,202200,43.434343,-549772980.216616,-19.17841,55.575393,1.248006,0.044704,95.388565,0.059548,3.536198,0.698442,0.394859,0.638296
07-29-24,28.83,28.860001,28.799999,27.896118,18900,27.771295,27.457399,26.058995,0.023829,0.017102,0.011472,TRUE,TRUE,1.398403,0.018125,22.618964,22.793438,58.623479,6.885677,0.12644,-0.023192,5.130208,8.292993,14.65861,-115.251528,2.161595,3.672717,20.419904,0.369592,0.390747,0.486123,1.024493,3.059718,-2.713323,0.429155,221100,-41.666667,-550361312.25934,-19.738075,59.234338,1.047481,0.292693,95.532266,0.055704,3.337624,0.697226,0.390747,0.61128
07-30-24,28.9,28.93,28.77,27.91547,43000,27.79984,27.472527,26.080182,0.024486,0.017394,0.011552,TRUE,TRUE,1.392345,0.017837,12.162117,22.230617,59.262681,8.689698,0.124725,-0.019925,5.892986,8.327932,13.899675,-119.722319,2.087772,3.642615,17.98611,0.359974,0.380697,0.482303,0.975848,2.659457,-2.713323,0.967488,264100,23.209169,-550863622.752151,-19.443744,60.095964,0.24526,0.116768,95.294788,0.047384,2.904177,0.694481,0.380697,0.642886
07-31-24,29.049999,29.139999,29.02,28.13802,21800,27.829836,27.490761,26.102007,0.025179,0.017683,0.011633,TRUE,TRUE,1.388754,0.018153,20.731649,22.684644,65.805016,7.485238,0.139713,-0.00395,6.776091,9.67973,14.763583,-69.827046,2.178503,3.655901,18.389262,0.363496,0.389198,0.482162,0.924466,2.716151,-2.713323,0.496583,285900,-33.333333,-551205878.663395,-19.786507,58.692178,-0.090483,-0.867749,94.930247,0.050275,3.051085,0.694379,0.389198,1.675889
08-01-24,29.09,29.1,28.82,27.944496,33100,27.849672,27.505702,26.122723,0.025618,0.017962,0.011715,TRUE,TRUE,1.382979,0.018228,-0.591706,21.80662,57.202129,-1.42135,0.134426,-0.007389,5.503447,8.279912,14.281823,-102.627615,1.440105,3.640581,17.293673,0.375201,0.394905,0.519096,0.926245,1.91954,-2.713323,0.744657,252800,49.773756,-551445972.207036,-19.174481,51.94307,0.851072,-0.131859,95.836796,0.044529,2.716759,0.720483,0.394905,0.548318
08-02-24,28.629999,28.67,28.48,27.712271,72400,27.856929,27.517726,26.143319,0.025609,0.018213,0.011797,TRUE,TRUE,1.374407,0.017835,-12.953272,21.12906,48.93482,-10.32786,0.110227,-0.025271,3.873416,7.300588,14.257104,-116.322573,0.526495,3.59368,16.32292,0.392185,0.398686,0.559605,0.995473,1.323867,-2.713323,1.54916,180400,171.161049,-552103460.725833,-18.080711,41.837099,1.991368,1.056649,97.039737,0.044025,2.685265,0.748068,0.398686,-0.886226
08-06-24,28.08,28.27,28,27.257498,156000,27.839512,27.520463,26.162353,0.024889,0.018417,0.011878,FALSE,TRUE,1.35811,0.016701,-41.176313,21.992175,37.503562,-28.301453,0.053733,-0.065412,1.474776,5.931782,12.820574,-65.131808,-1.261831,3.504767,20.473796,0.448637,0.443431,0.546284,1.300165,0.126418,-3.129295,3.497758,24400,-21.489683,-553117461.827855,-14.42405,30.028792,2.197622,-0.103377,96.56309,0.026852,1.410568,0.73911,0.443431,-2.842726
08-07-24,28.389999,28.389999,28.040001,27.141382,22600,27.82016,27.519725,26.181516,0.023396,0.018574,0.01196,FALSE,TRUE,1.338209,0.015295,-40.908936,22.22003,35.24,-21.962129,-0.000404,-0.095639,0.718418,5.167989,11.85987,-75.31739,-1.405983,3.590955,24.916239,0.451853,0.444621,0.540708,1.603826,-0.040483,-3.54196,0.505819,1800,7.619048,-553256112.519953,-13.807963,34.71389,1.70702,-0.312098,96.296055,0.021297,1.104004,0.735329,0.444621,-2.724237
08-08-24,28.209999,28.360001,28.17,27.431664,27200,27.804678,27.527098,26.202131,0.021445,0.0187,0.012042,FALSE,TRUE,1.324967,0.014385,-19.149015,22.431608,44.292112,-4.642709,-0.019658,-0.091914,1.868217,6.292777,12.705934,-49.854104,-1.116159,3.615669,26.352596,0.471903,0.461014,0.573998,1.719349,0.520868,-3.54196,0.611717,29000,-13.650794,-553494709.341717,-13.708508,40.237539,1.043518,-0.830475,95.77335,0.023454,1.208819,0.757627,0.461014,-1.415474
08-09-24,28.379999,28.469999,28.360001,27.547779,20900,27.791615,27.540635,26.222806,0.019063,0.0188,0.012123,TRUE,TRUE,1.317829,0.013752,-10.460113,22.089538,47.456008,9.952445,-0.025256,-0.07801,2.190098,6.940737,13.358614,-39.668523,-0.939455,3.627765,26.970139,0.473794,0.463627,0.578002,1.777918,0.6158,-3.54196,0.480902,49900,-49.02439,-553824257.161245,-13.283228,46.503162,1.513862,-0.593909,95.810799,0.023109,1.191886,0.760264,0.463627,-0.904096
08-12-24,28.5,28.540001,28.43,27.586483,62600,27.773231,27.553793,26.24429,0.016368,0.01887,0.012204,TRUE,TRUE,1.309503,0.013413,-16.299434,21.438799,48.505823,13.265823,-0.026266,-0.063216,2.479697,6.655655,13.473874,-36.27344,-1.315328,3.594686,27.056787,0.4688,0.462618,0.588939,1.844352,0.380537,-3.54196,1.403116,112500,58.481013,-554846927.892276,-13.512612,47.447376,1.239249,-0.793667,95.663866,0.014407,0.76089,0.767423,0.462618,-0.690206
08-13-24,28.6,28.780001,28.6,27.83806,53900,27.767425,27.569485,26.267126,0.013641,0.018916,0.012285,TRUE,TRUE,1.302359,0.01343,-4.347772,20.010701,54.82409,10.531978,-0.00669,-0.034912,3.340543,7.548828,14.865014,-14.205238,-0.415365,3.620705,26.771169,0.482296,0.474051,0.597661,1.857154,0.908966,-3.54196,1.19024,166400,33.08642,-555357144.520089,-13.265434,48.433427,0.847336,-0.707745,95.638277,0.023519,1.220428,0.773085,0.474051,0.263849
08-14-24,28.799999,28.85,28.74,27.896118,24300,27.75533,27.585763,26.2903,0.010963,0.018937,0.012366,TRUE,TRUE,1.295463,0.013536,9.012831,18.956033,56.160916,8.704908,0.013355,-0.011894,3.298268,8.736818,14.970421,-9.112447,-0.859696,3.655786,25.526222,0.482756,0.47823,0.604395,1.822932,0.983609,-3.54196,0.53958,190700,-17.064846,-555754284.688628,-13.301817,51.859529,0.148899,-2.772229,95.256238,0.026658,1.393725,0.777428,0.47823,0.551544
08-15-24,28.91,29.08,28.91,28.10899,19700,27.760168,27.604762,26.314207,0.008492,0.018937,0.012447,TRUE,TRUE,1.290555,0.014064,18.253989,18.789238,60.747385,12.241562,0.045889,0.016512,3.49764,8.715967,16.892225,9.560506,0.345427,3.665405,26.123469,0.490927,0.481956,0.620224,1.766645,1.245092,-3.54196,0.45303,210400,-61.143984,-555959630.482927,-12.425121,57.014464,-0.930031,-2.476048,94.724149,0.024426,1.281664,0.787543,0.481956,1.335281
08-16-24,29.049999,29.110001,29.049999,28.13802,33100,27.773714,27.620883,26.33788,0.006236,0.018922,0.012528,TRUE,TRUE,1.283003,0.014541,11.206933,18.733128,61.341369,6.517279,0.073171,0.035036,3.677857,8.387489,17.519705,12.106986,0.97222,3.617174,27.379372,0.490512,0.482652,0.619707,1.75041,1.358923,-3.54196,0.776631,243500,-34.325397,-556998925.028034,-13.424525,57.372634,-0.777401,-1.189109,94.740944,0.024067,1.263014,0.787214,0.482652,1.330582
08-19-24,29.1,29.219999,29.1,28.273483,46400,27.797905,27.63933,26.361188,0.004405,0.018898,0.012608,TRUE,TRUE,1.278142,0.015042,15.918281,19.040988,64.0734,7.912484,0.104519,0.053107,4.103308,8.909294,18.50537,22.416675,1.740951,3.627233,29.576909,0.490989,0.483405,0.612907,2.106976,1.788277,-3.54196,1.108589,289900,-24.797407,-557684503.945286,-13.321453,59.266179,0.147729,-0.779661,94.953573,0.030251,1.572026,0.782884,0.483405,1.607939
08-20-24,29.17,29.24,29.139999,28.225103,19900,27.811935,27.658154,26.382833,0.002998,0.018855,0.012689,TRUE,TRUE,1.275321,0.015415,12.903172,19.392224,62.377905,1.63052,0.124028,0.058093,3.66857,8.682914,18.022797,18.153502,1.004159,3.616403,30.942905,0.491967,0.486132,0.618041,2.080123,1.673649,-3.54196,0.493919,270000,-61.132812,-558068531.16877,-13.177471,57.735069,0.097031,-0.63438,95.142575,0.03344,1.745885,0.786156,0.486132,1.33526
08-21-24,29.18,29.25,29.17,28.283159,30800,27.828868,27.677563,26.403915,0.00208,0.018795,0.012769,TRUE,TRUE,1.273648,0.015919,6.49344,19.75293,63.621917,2.280548,0.142531,0.061277,3.991841,9.026845,18.312189,22.65274,1.211913,3.558563,32.589355,0.491934,0.486205,0.619268,2.102421,1.670111,-3.54196,0.77533,300800,-26.840855,-558782199.251644,-12.610747,58.365807,-0.308253,-0.97113,95.040098,0.031501,1.647436,0.786936,0.486205,1.393986
08-22-24,29.280001,29.280001,29.08,28.167048,24700,27.852575,27.695802,26.424654,0.001531,0.018716,0.012849,TRUE,TRUE,1.271148,0.015977,10.313987,19.571589,59.392069,-4.681331,0.146141,0.051909,3.895105,7.706165,17.91949,13.050579,1.712087,3.582072,33.265829,0.491709,0.485836,0.614552,2.080818,1.678139,-3.54196,0.616652,276100,36.464088,-559032397.639941,-12.566349,59.154331,-0.790094,-1.17209,94.892722,0.0295,1.534034,0.783934,0.485836,0.945333
08-23-24,29.18,29.299999,29.18,28.331539,48200,27.885957,27.714257,26.445884,0.001501,0.018631,0.012928,TRUE,TRUE,1.268374,0.015917,29.62966,19.484264,63.131659,0.753754,0.160426,0.052955,4.464833,7.940653,17.587231,25.503027,2.413436,3.663999,34.596062,0.485357,0.491609,0.604356,2.133145,2.405326,-3.54196,1.193217,324300,16.425121,-559762200.831599,-12.808139,69.795494,-0.732671,-1.373279,94.530704,0.028977,1.506753,0.777403,0.491609,1.287956
08-26-24,29.299999,29.299999,29.18,28.254133,46500,27.904342,27.731933,26.466631,0.001903,0.018534,0.013007,TRUE,TRUE,1.265302,0.015747,58.192194,19.403177,60.316739,-3.305178,0.163615,0.044915,3.958533,7.881456,18.051124,16.99465,1.318537,3.777873,35.562249,0.487307,0.497417,0.600454,1.878591,2.130928,-3.54196,1.125908,277800,63.732394,-560526254.206047,-13.018492,85.030273,-1.442053,-2.314887,94.007022,0.026095,1.344839,0.77489,0.497417,0.983603
08-27-24,29.15,29.209999,29.139999,28.244457,46500,27.921759,27.750184,26.487899,0.002776,0.018432,0.013086,TRUE,TRUE,1.262285,0.015699,68.675122,19.067342,59.956855,0.564786,0.163476,0.035822,4.365472,7.805152,17.50164,6.589135,1.248701,3.734497,36.363832,0.484919,0.49727,0.595452,1.50843,1.869783,-3.54196,1.089503,231300,146.031746,-561762551.09978,-13.356653,76.481214,-1.168273,-2.144174,94.36026,0.029664,1.526752,0.771655,0.49727,0.887416
08-28-24,29.15,29.18,29.040001,28.167048,28300,27.934338,27.766118,26.508069,0.004052,0.018311,0.013164,TRUE,TRUE,1.258048,0.015507,52.778101,18.127772,57.025428,-6.106231,0.15533,0.02214,4.823405,7.470492,16.539791,-20.526957,0.901211,3.672976,36.773748,0.486958,0.508622,0.611091,1.256517,1.655188,-3.54196,0.674693,203000,-34.186047,-562143775.233295,-13.446361,70.950401,-2.075434,-2.311315,94.478364,0.019914,1.040995,0.781723,0.508622,0.632816
08-29-24,29.15,29.209999,29.120001,28.186399,67300,27.936757,27.780902,26.528147,0.005635,0.018173,0.013241,TRUE,TRUE,1.252755,0.015416,49.253955,17.417645,57.583752,-2.732987,0.148721,0.012425,4.670949,7.231471,15.493729,-28.000132,0.171938,3.671624,36.930362,0.486125,0.51729,0.62888,1.025156,1.54102,-3.54196,1.521936,270300,208.715596,-563607355.18667,-14.022475,73.42879,-1.652467,-2.374797,94.112676,0.006944,0.372215,0.793019,0.51729,0.675983
08-30-24,29.190001,29.219999,29.120001,28.263805,21500,27.952722,27.796275,26.547048,0.007598,0.018017,0.013318,TRUE,TRUE,1.249227,0.015688,50.724778,16.814622,59.83173,-0.125125,0.148023,0.009382,4.474038,6.749599,15.766195,-48.027935,1.142655,3.672025,37.648801,0.481109,0.512453,0.627969,0.74903,1.358084,-3.54196,0.492667,291800,-35.045317,-563997024.84792,-14.380216,71.363521,-1.313715,-2.478389,93.890052,0.00246,0.133092,0.792445,0.512453,0.826277
09-03-24,29.18,29.209999,28.969999,28.050934,69300,27.969655,27.810271,26.565027,0.009763,0.01784,0.013394,TRUE,TRUE,1.245244,0.015592,16.418033,15.921644,51.714624,-5.310804,0.128808,-0.007867,3.576885,6.06047,14.894291,-123.047605,1.222069,3.636913,37.270105,0.492338,0.521592,0.639573,0.643747,0.884604,-3.54196,1.593653,222500,-4.281768,-564597085.666173,-14.365442,59.107615,-1.97404,-2.442102,94.035112,-0.001758,-0.094426,0.799733,0.521592,0.21808
09-04-24,28.940001,29.040001,28.940001,28.079962,37400,28.010778,27.825423,26.58263,0.012071,0.017642,0.013469,TRUE,TRUE,1.242793,0.015391,14.503817,15.267354,52.657818,-4.925934,0.114602,-0.017659,3.390759,6.285452,14.482758,-212.830608,3.017386,3.627335,33.327659,0.490925,0.527382,0.639822,0.549562,1.075378,-3.54196,0.995873,259900,-76.025641,-565277792.202632,-16.190028,53.21099,-2.732078,-2.051681,94.132422,-0.00404,-0.217658,0.799888,0.527382,0.207586
09-05-24,29.040001,29.07,28.950001,28.041256,20500,28.055772,27.839802,26.59985,0.014458,0.017427,0.013543,TRUE,TRUE,1.239952,0.015131,-6.194854,14.455277,51.221075,-8.610655,0.099078,-0.026546,2.595235,5.909051,14.854651,-249.652173,3.315504,3.582965,26.307725,0.491456,0.527598,0.64056,0.577,0.943165,-3.54196,0.547397,239400,-9.292035,-565608782.777067,-16.492217,53.27917,-2.649975,-1.980982,94.191125,-0.004772,-0.25711,0.80035,0.527598,-0.055178
09-06-24,29.040001,29.040001,28.76,27.857412,22700,28.077059,27.849478,26.61544,0.016551,0.017195,0.013616,TRUE,TRUE,1.234038,0.014431,-22.480926,14.762734,44.947962,-6.766662,0.07112,-0.043603,1.851021,4.873932,14.54389,-167.146213,1.552034,3.606029,22.428309,0.498681,0.540177,0.650824,0.706856,0.693594,-3.54196,0.609805,216700,-16.544118,-565777830.597586,-16.498484,48.106214,-2.268997,-1.181418,94.302717,-0.01371,-0.738581,0.806736,0.540177,-0.97933
09-09-24,28.93,29.01,28.889999,28.021902,55800,28.100766,27.863605,26.632326,0.018366,0.016958,0.013688,TRUE,TRUE,1.231279,0.014228,-19.697447,15.04823,50.758791,-1.899027,0.061527,-0.042557,2.704845,5.455237,15.309622,-136.685093,1.721093,3.60286,18.742299,0.49917,0.535066,0.663047,0.762865,0.707059,-3.54196,1.431871,272500,166.985646,-566640955.445396,-16.444314,48.970891,-3.657258,-2.141459,93.670087,-0.021403,-1.172587,0.814277,0.535066,-0.420778
09-10-24,29,29.049999,28.91,28.10899,12000,28.126891,27.878893,26.649411,0.0198,0.016722,0.013759,TRUE,TRUE,1.229483,0.014069,-8.823662,15.004703,53.554006,2.332932,0.060257,-0.035061,2.915369,6.05002,15.712869,-120.557724,1.894068,3.607346,14.315073,0.499835,0.551159,0.667593,0.784829,0.944814,-3.54196,0.329308,284500,-80.830671,-566790272.06665,-16.387684,48.203296,-2.92228,-1.047675,94.256677,-0.024166,-1.331196,0.817064,0.551159,-0.125052
09-11-24,29.07,29.17,28.870001,28.225103,41300,28.146243,27.897278,26.667171,0.020886,0.016497,0.01383,TRUE,TRUE,1.230107,0.013993,-4.22534,14.104489,57.054399,12.106438,0.067838,-0.021984,3.558978,6.029261,16.100767,-99.055154,1.390338,3.601645,12.733772,0.501449,0.550022,0.669558,0.789908,1.23378,-3.54196,1.153309,325800,-23.376623,-567009134.285792,-16.269184,49.190776,-4.089465,-1.595608,93.814626,-0.024883,-1.370352,0.818265,0.550022,0.6193
09-12-24,29.190001,29.33,29.17,28.379919,25000,28.170433,27.917985,26.685421,0.021558,0.016294,0.013899,TRUE,TRUE,1.232564,0.014187,15.068452,13.885233,61.247929,10.489138,0.085355,-0.003574,3.543243,6.764174,17.009804,-66.680944,1.734295,3.609194,12.320753,0.505381,0.552303,0.678898,0.915084,1.437749,-3.54196,0.697447,350800,2.880658,-567281034.841308,-16.078603,53.791453,-4.905467,-1.307352,93.350465,-0.029475,-1.63388,0.823953,0.552303,1.700269
09-13-24,29.370001,29.48,29.370001,28.476681,29900,28.188818,27.936756,26.704581,0.021944,0.01611,0.013968,TRUE,TRUE,1.232175,0.014614,10.791463,14.425,63.637852,10.083846,0.105825,0.013517,4.0421,7.398523,17.454397,-39.349964,1.308091,3.588685,13.986352,0.505883,0.554437,0.682997,1.2075,1.467834,-3.54196,0.822445,380700,51.77665,-567796581.849336,-16.279675,52.185421,-6.135054,-1.720697,93.354609,-0.031649,-1.763937,0.826436,0.554437,2.058171
09-16-24,29.5,29.559999,29.469999,28.592794,48500,28.211556,27.957657,26.724274,0.022225,0.015948,0.014037,TRUE,TRUE,1.233382,0.015256,24.475494,15.279488,66.321962,9.267562,0.129919,0.030089,4.613162,8.070181,17.204218,-20.900746,1.616229,3.602805,16.574394,0.507649,0.564673,0.69895,1.544845,1.584062,-3.54196,1.306397,429200,46.52568,-568790512.188843,-15.880925,61.280672,-6.479107,-1.719983,93.162431,-0.039626,-2.258379,0.836032,0.564673,2.300162
09-17-24,29.620001,29.629999,29.48,28.563766,59700,28.226071,27.977589,26.743349,0.022436,0.015807,0.014105,TRUE,TRUE,1.234241,0.015544,22.758602,16.367407,65.029614,3.781684,0.145,0.036136,4.360275,7.921472,17.722052,-22.555631,1.026698,3.626806,18.323895,0.502222,0.566902,0.723311,1.510387,1.823702,-3.54196,1.579783,369500,28.663793,-569579535.561553,-15.738332,70.906364,-6.624219,-1.693016,93.301104,-0.027441,-1.648954,0.850477,0.566902,1.842926
09-18-24,29.549999,29.66,29.459999,28.534739,44300,28.241552,27.996167,26.762373,0.022446,0.015692,0.014172,TRUE,TRUE,1.233795,0.015669,27.142986,17.502685,63.693022,0.05517,0.152848,0.035187,3.962399,7.308008,17.877197,-25.029087,1.09702,3.67072,19.580267,0.5022,0.564522,0.722304,1.458029,1.825738,-3.54196,1.135606,325200,122.613065,-570033724.418865,-15.336059,68.787246,-6.586404,-1.811212,93.544938,-0.024127,-1.447234,0.849885,0.564522,1.497355
09-19-24,29.74,29.74,29.67,28.737934,49400,28.264291,28.020357,26.78156,0.022403,0.015606,0.014239,TRUE,TRUE,1.238798,0.016059,35.849127,18.883355,68.563819,2.241857,0.173464,0.044642,4.519861,7.646512,19.414085,-2.251646,1.607935,3.685108,22.510322,0.508801,0.594782,0.769163,1.824961,2.172339,-3.54196,1.236855,374600,60.38961,-571398674.685895,-15.794286,67.805203,-7.812433,-1.802552,93.143733,-0.015153,-0.984018,0.87702,0.594782,2.104115
09-20-24,29.709999,29.709999,29.6,28.689552,27400,28.290416,28.039322,26.800742,0.022452,0.015541,0.014305,TRUE,TRUE,1.23858,0.016379,28.205167,19.581111,66.283641,1.254027,0.18378,0.043966,4.893453,7.120115,19.634802,-7.188567,1.855022,3.676002,24.284476,0.509664,0.5999,0.776272,1.771463,1.983827,-3.54196,0.683718,347200,10.931174,-571879648.710968,-16.029009,63.07225,-7.090405,-2.163862,92.961228,-0.024654,-1.623453,0.881063,0.5999,1.643585
09-23-24,29.66,29.66,29.59,28.689552,32100,28.308317,28.056933,26.81964,0.022625,0.015505,0.014371,TRUE,TRUE,1.237293,0.016526,49.253591,20.145277,66.283641,2.590618,0.189768,0.039963,5.00406,6.882492,21.014285,-7.188567,1.263656,3.68204,25.871217,0.508341,0.598851,0.776876,1.652847,2.099383,-3.54196,0.817418,347200,-33.40249,-572737591.62105,-16.520742,67.586136,-7.265266,-3.169108,92.781826,-0.022866,-1.511707,0.881406,0.598851,1.473589
09-24-24,29.59,29.59,29.5,28.70414,49900,28.330817,28.071932,26.838611,0.022775,0.015502,0.014437,TRUE,TRUE,1.233321,0.016671,48.682048,19.930112,66.671218,-1.8926,0.19346,0.034925,5.05745,7.243799,21.075816,-5.700056,1.59271,3.658117,27.292974,0.508349,0.602757,0.781638,1.535727,2.070507,-3.54196,1.265213,397100,7.311828,-573670010.758082,-16.662977,65.848907,-5.71145,-2.969904,92.803419,-0.018045,-1.205867,0.884103,0.602757,1.367833
09-25-24,29.52,29.52,29.440001,28.655519,27700,28.35137,28.085959,26.856865,0.022853,0.015524,0.014502,TRUE,TRUE,1.229094,0.016595,47.541168,19.269641,64.029295,-2.254346,0.19027,0.025387,4.683014,7.139029,21.020694,-10.661305,1.455373,3.620907,28.142934,0.508569,0.603982,0.781982,1.394471,2.055121,-3.54196,0.719481,369400,-40.430108,-574240964.402313,-16.205732,61.052501,-6.140837,-3.092914,92.825325,-0.019808,-1.324148,0.884298,0.603982,1.08073
09-26-24,29.65,29.65,29.59,28.820822,39100,28.384059,28.099615,26.875851,0.02295,0.015572,0.014567,TRUE,TRUE,1.223764,0.01678,75.649025,19.382675,68.586922,2.303282,0.198788,0.027125,5.510678,7.14153,22.552492,-5.652774,2.321061,3.599082,29.646031,0.512526,0.607075,0.780434,1.342174,2.263872,-3.54196,1.001537,408500,38.162544,-575282569.161191,-16.827349,66.388446,-5.894693,-2.615693,92.873468,-0.015322,-1.012814,0.883422,0.607075,1.473258
09-27-24,29.66,29.709999,29.66,28.869442,21600,28.418211,28.116759,26.89508,0.022896,0.015639,0.014631,TRUE,TRUE,1.22168,0.017291,73.211741,19.790415,69.79901,3.127792,0.207076,0.02833,5.576477,7.360612,23.255828,-0.064236,2.423305,3.527848,31.145544,0.506182,0.609755,0.771849,1.251253,2.010508,-3.54196,0.587675,430100,-67.904903,-575987221.575931,-16.841064,64.206305,-4.967722,-2.016108,93.13249,-0.009543,-0.626599,0.878549,0.609755,1.448781
09-30-24,29.629999,29.690001,29.58,28.869442,38600,28.448493,28.136807,26.914119,0.022804,0.015723,0.014696,TRUE,TRUE,1.222687,0.017745,71.032593,19.530967,69.79901,5.769714,0.211209,0.02597,5.726116,7.745412,22.561702,-0.064236,2.142799,3.476499,32.480874,0.506255,0.610199,0.772078,1.034421,1.991851,-3.54196,1.026323,430100,79.534884,-576524501.28879,-16.654449,58.755868,-5.244124,-1.624338,93.055704,-0.011336,-0.744568,0.87868,0.610199,1.29599
10-01-24,29.700001,29.700001,29.5,28.743034,47800,28.483098,28.155874,26.931105,0.022728,0.015817,0.01476,TRUE,TRUE,1.224768,0.01795,47.918325,18.697541,62.524567,-6.062356,0.201956,0.013374,5.114201,7.737009,21.633628,-74.906306,2.467299,3.434519,31.699781,0.510641,0.626262,0.780195,0.853174,1.711478,-3.54196,1.308334,382300,-31.024531,-576934129.48311,-16.88387,50.46279,-5.612419,-2.440459,92.571937,-0.030511,-2.023146,0.883287,0.626262,0.819994
10-02-24,29.549999,29.549999,29.459999,28.723587,21900,28.515279,28.171455,26.947568,0.022988,0.01592,0.014823,TRUE,TRUE,1.223888,0.018124,36.347993,17.638349,61.463269,-8.335741,0.190854,0.001818,4.304893,7.54799,22.139029,-174.706938,2.292116,3.362756,30.641114,0.510868,0.626406,0.78076,0.735368,1.602964,-3.54196,0.612416,360400,-41.44385,-577314416.072352,-16.829731,46.133717,-4.875825,-2.500839,92.534717,-0.03215,-2.133622,0.883606,0.626406,0.679831
10-03-24,29.48,29.49,29.4,28.665245,22600,28.546479,28.18587,26.964212,0.023646,0.01603,0.014886,TRUE,TRUE,1.221658,0.018009,20.788194,16.520857,58.267892,-11.531117,0.175327,-0.010968,4.056465,7.950626,23.081083,-216.104186,2.225254,3.286457,28.674134,0.510072,0.62528,0.780497,0.666554,1.645556,-3.54196,0.630141,337800,10.243902,-577706025.515831,-16.86497,41.158534,-4.856803,-2.189431,92.60109,-0.030629,-2.034595,0.883457,0.62528,0.414193
10-04-24,29.58,29.58,29.48,28.752758,102700,28.591246,28.207067,26.98101,0.024542,0.016153,0.014949,TRUE,TRUE,1.226057,0.018335,18.209274,15.807122,61.501079,-1.023487,0.168145,-0.01452,4.300872,7.463997,22.757655,-190.365089,3.21403,3.234579,23.950031,0.50264,0.627872,0.773395,0.624797,1.42355,-3.54196,2.576195,440500,352.422907,-579302473.89173,-16.963054,46.618949,-6.272314,-2.47182,92.147836,-0.031491,-2.089254,0.879429,0.627872,0.67437
10-07-24,29.540001,29.540001,29.440001,28.684692,50900,28.624386,28.227483,26.997136,0.025513,0.016279,0.015011,TRUE,TRUE,1.230347,0.018608,13.179777,14.851771,57.753271,-3.709997,0.155172,-0.021994,3.90807,7.248103,22.219859,-210.384387,2.365258,3.18001,19.900576,0.503503,0.632204,0.775663,0.582705,1.168423,-3.54196,1.284705,389600,-8.781362,-580122274.656574,-17.013275,36.98897,-6.28841,-2.477455,92.105856,-0.030649,-2.040149,0.880718,0.632204,0.30304
10-08-24,29.52,29.57,29.5,28.752758,17800,28.656574,28.24481,27.014218,0.026568,0.016405,0.015072,TRUE,TRUE,1.230592,0.01919,22.792304,14.174586,60.355032,2.08714,0.148669,-0.022797,4.447515,7.156294,21.968233,-190.365089,2.290258,3.120083,15.937166,0.50034,0.627429,0.768905,0.505178,1.0253,-3.54196,0.446004,407400,48.333333,-580520102.231506,-17.20099,42.002579,-5.986179,-2.024615,92.374999,-0.028046,-1.85103,0.876872,0.627429,0.60352
10-09-24,29.52,29.709999,29.52,28.888887,33700,28.689763,28.264665,27.031554,0.027606,0.016537,0.015133,TRUE,TRUE,1.233111,0.019951,16.970912,14.434498,64.997812,3.496732,0.15274,-0.014982,4.136745,8.361736,21.616939,-164.875192,2.351751,3.044057,13.146128,0.503292,0.630529,0.773645,0.547959,1.268173,-3.54196,0.852517,441100,-18.401937,-580777682.90089,-17.415316,40.290363,-5.379049,-2.352188,92.2062,-0.023759,-1.575088,0.879571,0.630529,1.514698
10-10-24,29.690001,29.76,29.68,28.927784,46700,28.717157,28.284911,27.049322,0.028601,0.016677,0.015193,TRUE,TRUE,1.235589,0.021035,27.071864,14.958436,66.215271,8.461999,0.157291,-0.008344,4.022979,8.312552,21.104399,-131.170792,1.930467,3.015037,12.00881,0.497188,0.629853,0.768084,0.630536,1.005415,-3.54196,1.149821,487800,86.8,-581702596.314332,-17.753984,47.355636,-4.987221,-3.201945,92.104794,-0.023965,-1.588911,0.876404,0.629853,1.753941
10-11-24,29.74,29.91,29.74,29.073635,24600,28.747004,28.303624,27.066966,0.02949,0.016827,0.015253,TRUE,TRUE,1.236657,0.022102,37.440503,16.197007,70.376141,10.021109,0.170699,0.004051,4.004636,9.369913,22.443527,-63.993014,2.096292,3.002803,13.08741,0.496321,0.629017,0.767744,1.035896,1.514253,-3.54196,0.609665,512400,-17.725753,-581920050.002806,-17.5012,52.535925,-5.133846,-3.94516,91.920439,-0.020547,-1.363666,0.87621,0.629017,2.495764
10-15-24,30,30.049999,29.870001,29.05419,55300,28.770074,28.325817,27.084633,0.030228,0.016988,0.015313,TRUE,TRUE,1.241185,0.022831,33.962142,17.923336,69.153303,4.155492,0.177708,0.008848,3.935075,10.052184,22.704396,-53.20156,1.613677,3.023476,14.24172,0.49075,0.624606,0.764459,0.97879,1.774716,-3.54196,1.359056,457100,14.020619,-582476625.097909,-16.817539,62.09165,-4.675771,-3.898632,91.982943,-0.016458,-1.096939,0.874334,0.624606,1.994953
10-16-24,29.940001,29.99,29.92,29.122257,35300,28.797999,28.354017,27.102544,0.030754,0.017166,0.015373,TRUE,TRUE,1.251473,0.023475,44.444707,19.526355,71.049597,4.834326,0.186604,0.014195,3.497892,10.591609,22.501649,-42.729623,1.955242,3.04583,15.410953,0.489036,0.621644,0.765342,1.043988,2.057972,-3.54196,0.89435,492400,-40.871022,-583316509.245048,-17.401791,67.571501,-4.567361,-4.602474,91.703401,-0.014007,-0.938616,0.874838,0.621644,2.10408
10-17-24,30.08,30.08,29.98,29.151426,19100,28.828833,28.391896,27.121127,0.031106,0.01736,0.015432,TRUE,TRUE,1.270769,0.024355,36.170364,21.36242,71.84827,1.472129,0.193773,0.017092,4.066789,10.864103,22.477892,-36.554881,2.161182,3.03378,16.023591,0.48501,0.615178,0.756914,1.091052,1.82579,-3.54196,0.499869,511500,-56.884876,-583652123.010331,-17.820464,66.384156,-5.200551,-4.935401,91.23195,-0.018924,-1.256276,0.870008,0.615178,2.01324
10-18-24,30.059999,30.129999,30.040001,29.28756,25200,28.856314,28.434819,27.140868,0.031326,0.017569,0.015492,TRUE,TRUE,1.293951,0.025391,41.747732,23.249415,75.276366,6.123062,0.208042,0.025089,5.0973,11.626444,24.137048,-15.402764,1.912543,3.041481,18.847009,0.48758,0.622238,0.760972,1.456242,2.069564,-3.54196,0.681081,536700,-48.987854,-584098698.413531,-17.162194,66.628886,-5.240324,-4.415812,91.244125,-0.020778,-1.383697,0.872337,0.622238,2.288137
10-21-24,30.07,30.08,29.950001,29.131979,52000,28.878436,28.468826,27.160071,0.031384,0.017788,0.015551,TRUE,TRUE,1.308755,0.025671,22.688948,24.128072,65.464933,-5.584664,0.20444,0.017189,4.830212,11.318693,24.22595,-36.715178,1.542118,3.05083,19.37569,0.47723,0.613254,0.762863,1.412521,2.319052,-3.54196,1.360188,484700,89.781022,-584805120.057676,-16.90488,64.953482,-5.10513,-3.50244,91.171088,-0.015382,-1.050697,0.87342,0.613254,1.308565
10-22-24,29.860001,29.940001,29.860001,29.102808,40000,28.899098,28.499926,27.178936,0.031135,0.018023,0.01561,TRUE,TRUE,1.32099,0.025774,33.944835,24.151682,63.786202,-8.062068,0.19696,0.007768,4.145045,10.679206,24.858285,-40.711206,1.44044,3.048357,19.45873,0.477198,0.612782,0.763219,1.33294,2.321811,-3.54196,1.035599,444700,24.610592,-585602313.391486,-16.653362,65.821864,-4.787425,-3.5407,91.201451,-0.014161,-0.968126,0.873624,0.612782,1.046881
10-23-24,29.860001,29.860001,29.690001,28.927784,38600,28.910281,28.526752,27.196209,0.030514,0.018262,0.015668,TRUE,TRUE,1.330543,0.025887,16.800053,22.904997,54.719564,-20.556801,0.174894,-0.011439,3.518717,9.573381,24.107388,-64.687116,0.779136,3.054511,18.914396,0.475819,0.611918,0.761086,1.272656,1.546813,-3.54196,1.014188,406100,-22.645291,-585987049.230551,-16.18108,63.852536,-5.327686,-3.414576,91.066588,-0.023887,-1.630403,0.872402,0.611918,0.09254
10-24-24,29.799999,29.84,29.75,29.015295,24400,28.928269,28.550297,27.213968,0.029602,0.018501,0.015726,TRUE,TRUE,1.336329,0.026102,28.124976,21.747361,57.938789,-7.526144,0.162593,-0.018992,4.775135,9.904858,23.928683,-61.551645,1.255519,3.081192,18.055269,0.476811,0.610073,0.75289,1.165712,1.692198,-3.54196,0.643884,430500,-11.913357,-586409821.917365,-16.05602,67.9332,-4.713816,-3.773077,91.41567,-0.019522,-1.307486,0.867692,0.610073,0.481996
10-25-24,29.879999,29.969999,29.82,29.015295,30100,28.937993,28.57268,27.231536,0.028478,0.018738,0.015784,TRUE,TRUE,1.341145,0.026288,22.689023,21.4211,57.938789,-5.847413,0.151103,-0.024386,4.885091,10.62923,24.584107,-61.551645,0.674767,3.091026,17.96962,0.476889,0.606201,0.749369,1.087402,1.653436,-3.54196,0.803846,430500,-23.017903,-586762877.544693,-15.329561,63.284324,-4.223957,-2.587178,91.760737,-0.013111,-0.871787,0.865661,0.606201,0.430182
10-28-24,29.940001,29.950001,29.9,29.093084,44200,28.949175,28.592362,27.249492,0.02722,0.018973,0.015841,TRUE,TRUE,1.34287,0.026918,35.000008,21.118143,60.811091,6.091526,0.146584,-0.023124,4.326992,10.079366,25.019845,-64.589874,0.774668,3.118966,18.214758,0.467937,0.601746,0.740253,0.95461,1.385892,-3.54196,1.14582,474700,104.62963,-588233671.113261,-15.873557,73.15356,-4.41792,-3.304372,91.513267,-0.014883,-0.990652,0.86038,0.601746,0.79007
10-29-24,29.860001,29.940001,29.82,29.093084,34100,28.960357,28.611464,27.267114,0.025801,0.019198,0.015898,TRUE,TRUE,1.344349,0.027166,30.973439,20.215549,60.811091,2.872302,0.141373,-0.022668,4.290798,9.641134,25.070773,-69.986398,0.774668,3.10954,18.385188,0.457703,0.623803,0.736338,0.839407,1.814444,-3.54196,0.889179,474700,-11.658031,-588680898.453323,-15.849279,67.256707,-4.434176,-3.522785,91.636134,-0.021568,-1.45682,0.858101,0.623803,0.721924
10-30-24,29.959999,29.99,29.85,29.025021,52400,28.974457,28.626494,27.284157,0.024361,0.019408,0.015954,TRUE,TRUE,1.342337,0.026845,13.207806,19.688474,56.870167,-1.068622,0.13025,-0.027033,3.97468,10.101893,24.423393,-145.551416,0.981059,3.101986,17.699318,0.44411,0.683143,0.744441,0.793503,2.22568,-3.54196,1.358217,422300,9.623431,-589350857.439699,-16.092182,68.447348,-4.230215,-4.214118,91.569288,-0.041779,-2.954107,0.86281,0.683143,0.285684
10-31-24,29.82,29.82,29.59,28.840269,49400,28.980291,28.638798,27.300993,0.022773,0.019598,0.01601,TRUE,TRUE,1.337805,0.025378,-7.438215,19.061043,47.812547,-12.998544,0.105313,-0.041576,2.495732,9.440936,23.230975,-138.839341,0.406224,3.103002,17.007663,0.394348,0.599557,0.751608,0.829737,3.180493,-3.54196,1.236391,372900,125.570776,-589722316.46811,-15.527344,59.254423,-2.975804,-3.272882,92.251857,-0.008204,-0.662673,0.866954,0.599557,-0.823285
11-01-24,29.780001,29.780001,29.700001,28.888887,22600,28.991473,28.650912,27.31898,0.021138,0.01977,0.016065,TRUE,TRUE,1.331932,0.023706,-17.116971,18.478428,50.066367,-10.744724,0.088453,-0.046748,3.379525,9.068962,22.348974,-129.835932,0.780186,3.087275,15.495249,0.388463,0.593972,0.75637,0.884708,3.633622,-3.54196,0.565636,395500,0,-590203195.952172,-15.639057,59.091695,-4.128998,-3.44126,92.156065,-0.001518,-0.125668,0.869695,0.593972,-0.662044
11-04-24,29.719999,29.75,29.65,28.869442,42900,28.997307,28.66496,27.336439,0.019624,0.019927,0.016119,TRUE,TRUE,1.328521,0.022397,-17.116971,18.222685,49.15205,-7.718116,0.072685,-0.050013,4.175664,8.210821,20.812228,-133.436943,0.405818,3.060839,14.750936,0.367786,0.585228,0.729067,0.939647,3.02011,-3.54196,1.160557,352600,-58.227848,-590915811.846047,-15.708559,49.709827,-5.62438,-3.655712,92.068989,-0.003353,-0.278055,0.853854,0.585228,-0.866826
11-05-24,29.690001,29.799999,29.68,28.9764,10300,29.011892,28.677857,27.354195,0.018231,0.020066,0.016172,TRUE,TRUE,1.323662,0.02138,-13.043716,17.607301,54.115659,6.303113,0.068035,-0.043731,6.306164,7.873942,20.400494,-113.629797,1.016947,3.048246,12.811914,0.367027,0.583495,0.732938,0.969952,2.988292,-3.54196,0.294833,362900,-79.764244,-591046897.575774,-15.635642,47.104166,-5.411752,-3.036426,91.885456,-0.005787,-0.484341,0.856118,0.583495,-0.277023
11-06-24,30.040001,30.09,29.879999,29.248665,42100,29.036688,28.697748,27.37269,0.017118,0.020202,0.016225,TRUE,TRUE,1.325058,0.020795,7.143007,17.412224,63.802173,13.735805,0.085336,-0.021144,7.764095,8.538292,21.771491,-63.210356,1.724728,3.057933,12.322215,0.383218,0.599268,0.745527,0.962619,3.413744,-3.54196,1.164592,405000,136.516854,-591342131.372924,-14.968228,49.509705,-5.361655,-3.469095,91.732052,-0.003053,-0.250679,0.863439,0.599268,1.720285
11-07-24,30.15,30.280001,30.15,29.443136,37800,29.0644,28.721722,27.39211,0.016354,0.020347,0.016277,TRUE,TRUE,1.329611,0.020864,10.958814,18.058901,68.859068,19.707017,0.113431,0.005561,7.332668,9.337874,22.243587,-21.284612,1.918554,3.050536,14.805514,0.375578,0.591114,0.744383,1.44086,3.309141,-3.54196,1.039747,442800,12.166172,-591790996.251588,-15.146903,50.756865,-4.821845,-3.741576,91.655778,-0.003917,-0.327454,0.862776,0.591114,2.558075
11-08-24,30.299999,30.32,30.25,29.462582,23000,29.09114,28.747632,27.411245,0.01584,0.020499,0.016329,TRUE,TRUE,1.336387,0.020973,25.757619,18.81666,69.320592,15.204933,0.135702,0.022266,6.950842,9.29317,22.228148,-17.454602,1.848734,3.06899,16.890831,0.375293,0.591516,0.742971,1.471331,3.211187,-3.54196,0.653966,465800,-50.749465,-592331444.861942,-15.110675,58.474937,-4.567045,-2.978842,91.887014,0.001491,0.124397,0.861958,0.591516,2.199073
11-11-24,30.389999,30.389999,30.299999,29.491753,57700,29.112046,28.773739,27.430431,0.015534,0.020654,0.01638,TRUE,TRUE,1.343309,0.021404,30.303107,19.792463,70.037978,6.235805,0.153931,0.032396,6.906533,9.557492,22.92903,-12.280953,1.438133,3.094872,19.105156,0.364805,0.593039,0.727816,1.519334,2.82188,-3.54196,1.56687,523500,134.552846,-593425494.872538,-15.621785,67.824838,-4.550191,-3.281795,91.758415,0.000962,0.08024,0.853121,0.593039,1.987457
11-12-24,30.32,30.32,30.129999,29.355623,41300,29.127118,28.795576,27.448983,0.015259,0.020802,0.016431,TRUE,TRUE,1.346593,0.021584,34.37511,19.538613,62.672996,-6.186071,0.1556,0.027251,5.451396,8.974045,21.640987,-29.297141,1.037487,3.126513,19.80102,0.371441,0.562656,0.644756,1.436102,2.369117,-3.54196,1.143253,482200,-25.316456,-593803443.666395,-15.677258,67.388368,-5.759328,-5.009392,90.685408,-0.01028,-0.737114,0.802967,0.562656,1.15401
11-13-24,30.200001,30.25,30.15,29.355623,29300,29.138786,28.821669,27.466962,0.015054,0.020951,0.016481,TRUE,TRUE,1.354708,0.021926,29.411959,19.302895,62.672996,-6.647596,0.155134,0.021428,5.231929,8.70276,21.450249,-29.297141,0.801332,3.122172,20.447893,0.367612,0.556658,0.646768,1.375201,2.047308,-3.54196,0.817865,482200,-16.997167,-594298246.445391,-15.326919,62.016062,-5.769803,-5.794825,90.304876,-0.018964,-1.377908,0.804219,0.556658,1.060439
11-14-24,30.280001,30.299999,30.200001,29.375069,45200,29.149968,28.847572,27.48499,0.014983,0.0211,0.01653,TRUE,TRUE,1.362582,0.022158,30.578598,19.324137,63.312135,-6.725843,0.154552,0.016677,4.504178,8.159358,19.978642,-26.866462,0.767175,3.117594,21.12108,0.366322,0.55835,0.644617,1.309934,2.225948,-3.54196,1.217344,527400,136.649215,-595089196.441576,-15.401392,63.12702,-5.242701,-6.446752,90.199096,-0.020405,-1.483279,0.80288,0.55835,1.065763
11-15-24,30.17,30.17,30.049999,29.26811,32000,29.148995,28.872109,27.503057,0.01485,0.021244,0.016579,TRUE,TRUE,1.369052,0.022249,14.516267,18.36327,57.481907,-5.191089,0.143803,0.004742,4.016241,7.84181,19.680733,-40.236273,-0.066408,3.094875,21.058781,0.370039,0.558163,0.652041,1.275334,1.796185,-3.54196,0.854017,495400,26.984127,-595538200.971498,-15.264882,56.112014,-4.976625,-6.00697,90.415063,-0.021352,-1.552872,0.807491,0.558163,0.56563
11-18-24,30.120001,30.15,30.07,29.26811,40900,29.155802,28.900323,27.520359,0.014723,0.021379,0.016627,TRUE,TRUE,1.379963,0.022089,14.516267,17.471036,57.481907,-5.191089,0.133742,-0.004255,3.517879,7.765536,19.172822,-40.236273,0.467292,3.10341,21.220267,0.364994,0.552035,0.649371,1.239769,2.118593,-3.54196,1.107951,495400,-21.346154,-596399033.684942,-15.703527,60.029061,-5.396656,-5.457198,90.248675,-0.017692,-1.299483,0.805836,0.552035,0.52925
11-19-24,29.99,30.1,29.950001,29.238937,47500,29.162609,28.924663,27.53742,0.014602,0.021505,0.016674,TRUE,TRUE,1.387243,0.022098,18.333126,16.531521,55.854883,-7.457252,0.122008,-0.012791,3.591958,7.392302,18.870619,-43.882889,0.467753,3.090621,21.259623,0.359129,0.549004,0.636438,1.187695,1.649533,-3.54196,1.2738,447900,18.75,-596896874.974059,-15.144223,49.776868,-5.812637,-5.919721,90.087676,-0.020488,-1.501978,0.797771,0.549004,0.359032
11-20-24,30.059999,30.059999,29.959999,29.209768,29500,29.176708,28.946679,27.554813,0.014463,0.021618,0.01672,TRUE,TRUE,1.391866,0.021878,36.538875,15.659115,54.202873,-3.279034,0.109098,-0.020561,3.276186,7.398807,18.069783,-59.490738,0.974787,3.100086,20.543301,0.35715,0.553522,0.653934,1.061772,1.787168,-3.54196,0.800869,418400,-23.57513,-597369009.451161,-15.449926,51.860656,-5.78624,-6.353406,89.997803,-0.015599,-1.178608,0.808662,0.553522,0.160931
11-21-24,30.1,30.16,30,29.297279,44500,29.190807,28.968122,27.572261,0.014409,0.021724,0.016766,TRUE,TRUE,1.395861,0.021732,38.889202,14.866324,58.197522,0.715615,0.104721,-0.01995,4.012603,8.064003,18.878827,-47.664915,0.971847,3.093386,20.343878,0.358317,0.524696,0.63393,0.927331,2.027848,-3.54196,1.176004,462900,82.377049,-597804398.181104,-15.056258,54.068902,-6.907956,-8.053405,88.982954,-0.022498,-1.647346,0.796197,0.524696,0.523363
11-22-24,30.15,30.24,30.129999,29.40424,27700,29.210254,28.988609,27.590244,0.014392,0.021826,0.01681,TRUE,TRUE,1.398365,0.021571,47.008685,14.595851,62.502643,6.647759,0.10863,-0.012833,3.786242,8.420124,19.083902,-38.839578,1.340481,3.101958,20.436611,0.357668,0.524881,0.625574,0.740398,2.504329,-3.54196,0.734358,490600,-7.973422,-598197615.031569,-15.157393,61.673348,-6.385129,-7.477409,89.052051,-0.017875,-1.296552,0.790933,0.524881,0.949206
11-25-24,30.459999,30.459999,30.34,29.550095,82100,29.233105,29.010077,27.609196,0.014468,0.021922,0.016854,TRUE,TRUE,1.400882,0.021614,48.760564,15.413428,67.428722,13.225849,0.122091,0.000502,4.586803,8.726906,19.766512,-56.880103,1.570855,3.116911,21.580503,0.361826,0.518678,0.596542,0.743891,2.788025,-3.54196,2.072447,572700,85.746606,-599360578.743938,-14.043806,66.82034,-5.159985,-6.946851,89.587077,-0.004832,-0.333746,0.772361,0.518678,1.468872
11-26-24,30.35,30.549999,30.35,29.657055,98300,29.261303,29.031362,27.628156,0.014696,0.022016,0.016897,TRUE,TRUE,1.403207,0.021887,40.384695,16.537194,70.49034,12.292819,0.139778,0.014551,5.001327,9.58513,19.923718,-48.824434,1.938504,3.078286,23.272859,0.362799,0.516913,0.585238,1.009306,2.844242,-3.54196,2.295388,671000,188.269795,-600140048.048801,-13.379042,70.005809,-5.281738,-6.800718,89.841106,0.000651,0.044242,0.765008,0.516913,1.700486
11-27-24,30.549999,30.549999,30.459999,29.627884,47000,29.291446,29.052645,27.646875,0.015125,0.022106,0.01694,TRUE,TRUE,1.40577,0.021675,21.839101,17.580692,68.59655,6.093908,0.149715,0.019591,5.186331,10.259894,20.220313,-53.686278,2.077047,3.047953,23.945871,0.34678,0.494079,0.547032,0.991073,3.475205,-3.54196,1.104453,624000,-10.305344,-601056144.645249,-13.753128,70.480991,-5.941919,-8.534915,89.426698,0.004643,0.315818,0.739616,0.494079,1.404992
11-28-24,30.51,30.629999,30.51,29.783461,28300,29.338606,29.077619,27.667518,0.015844,0.022197,0.016982,TRUE,TRUE,1.410101,0.021679,32.67339,18.876325,72.794498,5.365776,0.168205,0.030465,5.66607,10.601678,20.805144,-24.491256,3.270398,3.06207,23.880244,0.351263,0.497699,0.540295,1.345899,3.748414,-3.54196,0.681928,652300,-42.712551,-601427132.212404,-14.102188,70.750812,-5.271786,-7.351239,89.640426,0.008664,0.577511,0.735048,0.497699,1.862856
11-29-24,30.629999,30.860001,30.629999,30.007107,16600,29.394517,29.103003,27.688277,0.016998,0.022303,0.017023,TRUE,TRUE,1.414726,0.021889,43.801937,20.862598,77.459259,6.968919,0.198616,0.0487,6.167964,10.917959,21.246302,6.275388,3.87076,3.074745,25.809335,0.359751,0.501874,0.519623,1.983379,4.313599,-3.54196,0.402913,668900,-26.548673,-601533644.806631,-13.750545,68.649054,-4.575591,-6.235159,90.010797,0.018234,1.160855,0.720849,0.501874,2.37352
12-02-24,30.74,30.809999,30.690001,29.948763,50600,29.448483,29.128187,27.708218,0.01841,0.022411,0.017064,TRUE,TRUE,1.419969,0.021583,53.982141,22.706995,73.899405,5.302855,0.215524,0.052487,6.765654,10.584539,21.103293,-0.13603,3.738628,3.074688,25.535007,0.347764,0.486485,0.494856,1.897314,4.81315,-3.54196,1.216785,618300,17.948718,-602209360.780818,-13.578873,67.441237,-4.846618,-7.223248,89.951759,0.023621,1.517095,0.70346,0.486485,1.959192
12-03-24,30.809999,30.83,30.790001,29.96821,61500,29.498073,29.15376,27.728256,0.020082,0.022517,0.017105,TRUE,TRUE,1.425504,0.021471,54.782454,24.484054,74.323001,1.528504,0.227866,0.051863,6.724541,10.343313,20.35189,2.00104,3.422819,3.069561,25.51511,0.342323,0.490189,0.478968,1.806741,4.483475,-3.54196,1.393136,679800,497.087379,-604797929.828551,-15.574847,73.976785,-4.916542,-8.133372,89.986941,0.024282,1.559981,0.692075,0.490189,1.842582
12-04-24,30.85,30.92,30.84,30.065447,33700,29.538913,29.180986,27.748732,0.021998,0.022619,0.017145,TRUE,TRUE,1.432254,0.021558,57.72351,26.417765,76.386556,-1.072703,0.242696,0.053355,7.218617,10.001192,20.972568,11.901667,2.792545,3.061395,27.751632,0.342462,0.50227,0.494702,1.873916,4.492228,-3.54196,0.770726,713500,-19.952494,-605484191.605247,-16.171595,73.512358,-4.646284,-7.731258,90.278918,0.01971,1.285317,0.70335,0.50227,1.897309
12-05-24,30.879999,30.959999,30.860001,30.02655,41800,29.568083,29.208407,27.769158,0.024013,0.022713,0.017185,TRUE,TRUE,1.439249,0.02167,67.240758,28.334415,73.830482,-0.068923,0.248447,0.047284,7.786574,9.781725,20.54034,7.579174,1.981494,3.089059,29.690417,0.341559,0.50541,0.48503,1.735048,4.083912,-3.54196,0.951622,671700,10.582011,-606222766.702524,-16.427741,79.167558,-5.124583,-7.781391,90.022696,0.016248,1.052315,0.696441,0.50541,1.544158
12-06-24,31.01,31.120001,31.01,30.221024,13400,29.606005,29.236411,27.789504,0.026234,0.022799,0.017224,TRUE,TRUE,1.446907,0.022262,72.058287,30.551509,77.825694,3.502693,0.265634,0.051577,7.847867,10.764984,21.321045,23.16434,2.574255,3.119184,32.937967,0.343979,0.502682,0.444985,1.990267,4.131456,-3.54196,0.308436,685100,-41.73913,-606428389.042654,-16.223897,79.6243,-3.762425,-7.946069,90.512433,0.026293,1.628781,0.667072,0.502682,1.867201
12-09-24,31.08,31.1,31.02,30.172407,56000,29.640038,29.26247,27.80913,0.028498,0.022879,0.017263,TRUE,TRUE,1.453341,0.022837,69.565174,32.61024,74.753265,-1.633291,0.272195,0.04651,7.340774,10.470153,20.666889,18.311012,2.307949,3.135357,35.138231,0.344255,0.50235,0.448525,1.791283,3.74247,-3.54196,1.291513,629100,-2.946274,-607671020.804808,-16.427036,78.337521,-4.332231,-7.72193,90.600093,0.022955,1.425388,0.66972,0.50235,1.515071
12-10-24,31,31,30.91,30.065447,51600,29.675529,29.28639,27.828507,0.030712,0.022954,0.017302,TRUE,TRUE,1.457883,0.023338,60.273704,33.445521,68.359156,-5.471327,0.2657,0.032013,6.520236,10.311269,20.148067,5.843465,2.418016,3.148063,35.69468,0.34665,0.506999,0.452408,1.558151,3.134835,-3.54196,1.176068,577500,24.939467,-608691039.929124,-16.965922,75.553967,-3.743205,-8.385609,90.629823,0.018033,1.115938,0.672612,0.506999,1.092369
12-11-24,31,31.02,30.92,30.152958,28200,29.715396,29.314589,27.848274,0.032856,0.023032,0.01734,TRUE,TRUE,1.466315,0.023853,60.273704,34.293456,70.576671,-7.249023,0.264565,0.024702,6.247512,10.01212,20.49778,2.319062,2.716122,3.13995,36.379726,0.346788,0.505621,0.452607,1.328196,3.43311,-3.54196,0.643542,605700,-3.754266,-609151850.057107,-16.948429,74.971718,-3.550497,-9.062405,90.331827,0.017408,1.077067,0.672761,0.505621,1.202763
12-12-24,30.950001,30.950001,30.870001,30.046,39300,29.748943,29.341037,27.867458,0.034788,0.023099,0.017378,TRUE,TRUE,1.473578,0.024054,45.205406,34.59655,64.615998,-10.137266,0.252128,0.009812,5.510891,9.775746,19.888767,-37.692355,2.284015,3.116496,36.169113,0.350686,0.496606,0.4629,1.125302,3.203998,-3.54196,0.902929,566400,-13.053097,-610000732.118476,-17.129851,69.350515,-2.819785,-9.579909,90.924642,0.019817,1.224013,0.680368,0.496606,0.8213
12-13-24,30.940001,30.940001,30.780001,29.987658,33400,29.78492,29.367485,27.885969,0.036318,0.023151,0.017415,TRUE,TRUE,1.481516,0.02442,32.846619,34.057259,61.561806,-6.79735,0.234857,-0.005967,4.878373,9.716582,18.314045,-47.057483,2.458469,3.084029,34.682673,0.342718,0.486443,0.440045,0.978185,2.578859,-3.54196,0.766143,533000,4.375,-610364935.694758,-17.005086,61.33564,-2.314132,-9.366004,91.151188,0.018956,1.173339,0.663359,0.486443,0.58455
12-16-24,30.85,30.860001,30.799999,29.987658,54800,29.820897,29.392183,27.903524,0.037514,0.0232,0.017452,TRUE,TRUE,1.48866,0.024635,26.984013,33.556488,61.561806,-9.014866,0.218649,-0.01774,4.984956,9.562589,17.917314,-71.566709,2.458469,3.053645,32.715759,0.341407,0.477195,0.436494,0.866422,2.719228,-3.54196,1.2373,533000,33.98533,-611903579.219457,-17.503438,48.544418,-1.998843,-9.172839,91.557904,0.026514,1.642314,0.660677,0.477195,0.509725
12-17-24,30.84,30.889999,30.790001,30.007107,35200,29.859306,29.418631,27.921319,0.038365,0.023247,0.017488,TRUE,TRUE,1.497313,0.024809,31.2,33.253373,62.25164,-2.364358,0.205011,-0.025103,5.159915,9.32677,18.435076,-82.441466,2.627214,3.053903,29.91305,0.34127,0.477592,0.43779,0.715071,2.7706,-3.54196,0.805953,568200,-25.894737,-612489945.100284,-17.851254,47.48086,-2.184419,-9.341106,91.641332,0.029303,1.817889,0.661657,0.477592,0.494102
12-18-24,30.85,30.889999,30.4,29.588989,49600,29.878267,29.435356,27.937167,0.038662,0.023262,0.017524,TRUE,TRUE,1.498189,0.02425,-13.157749,31.584077,43.978798,-17.583008,0.158635,-0.057183,2.961435,7.615149,16.523332,-112.640137,1.298268,3.068276,26.597227,0.390427,0.520401,0.561297,0.820978,1.443069,-3.54196,1.110116,518600,68.135593,-612703733.396943,-17.160613,40.752207,-0.770583,-8.909406,92.451806,0.020919,1.284182,0.749198,0.520401,-1.087623
12-19-24,30.440001,30.440001,30.25,29.413965,78900,29.884101,29.445858,27.951853,0.038211,0.023235,0.017558,FALSE,TRUE,1.494005,0.023272,-41.496521,30.752014,38.839404,-22.722401,0.10653,-0.08743,2.525006,7.542019,15.532309,-96.095858,0.398282,3.031766,25.354669,0.398198,0.529477,0.570309,1.071271,1.134427,-3.54196,1.700431,439700,77.303371,-613476980.326623,-16.888558,34.146627,-0.537697,-7.871572,92.476232,0.017102,1.040082,0.755188,0.529477,-1.854238
12-20-24,30.16,30.5,30.15,29.559818,17700,29.89188,29.458498,27.966838,0.037134,0.023175,0.017592,TRUE,TRUE,1.49166,0.022771,-25.640997,30.403416,44.644771,-17.60687,0.076129,-0.094265,3.03339,8.189243,16.669673,-60.843362,0.529103,3.085226,24.007835,0.396496,0.526179,0.574031,1.196483,1.08525,-3.54196,0.385621,457400,-36.101083,-613554372.889606,-16.728494,38.979453,-0.553236,-8.106765,92.286296,0.014361,0.880952,0.757648,0.526179,-1.383139
12-23-24,30.469999,30.51,30.379999,29.666779,37900,29.897714,29.470361,27.982311,0.035477,0.023075,0.017625,TRUE,TRUE,1.488051,0.022486,-18.787827,30.008495,48.505014,4.526217,0.059975,-0.088335,3.353659,8.580718,16.699038,-49.816541,0.394868,3.090702,23.263788,0.398314,0.528352,0.582795,1.273511,1.208591,-3.54196,0.867475,495300,-53.836784,-614008131.943569,-16.76305,36.409557,-0.871457,-6.868296,92.027462,0.010822,0.667742,0.76341,0.528352,-0.992683
12-24-24,30.530001,30.639999,30.49,29.793186,15000,29.904521,29.485141,27.998749,0.033363,0.022953,0.017657,TRUE,TRUE,1.486392,0.022365,-16.666608,28.751333,52.702858,13.863454,0.056719,-0.073273,3.970149,8.839085,17.415084,-36.784843,0.459018,3.082727,22.715285,0.401264,0.531512,0.583017,1.321385,1.480652,-3.54196,0.379507,510300,-84.74059,-614162495.014662,-17.738706,34.231154,-0.790626,-7.260839,92.124776,0.015608,0.956228,0.763555,0.531512,-0.490131
12-27-24,30.639999,30.639999,30.530001,29.734844,54400,29.909869,29.497393,28.014323,0.030834,0.022817,0.017689,TRUE,TRUE,1.48307,0.021883,-17.64691,27.583969,50.65057,6.005799,0.048868,-0.0649,3.171396,8.856839,16.402782,-42.799473,0.361012,3.077308,22.148542,0.397441,0.53333,0.599598,1.378891,1.656017,-3.54196,1.363579,455900,15.744681,-615003386.332656,-17.479937,26.061339,-0.904037,-7.088783,92.066735,0.021427,1.352531,0.774337,0.53333,-0.790231
12-30-24,30.16,30.16,30.030001,29.565786,39800,29.898985,29.50568,28.029243,0.027965,0.022683,0.01772,TRUE,TRUE,1.476437,0.021035,-40.257884,28.427674,45.162486,-3.342528,0.028673,-0.068075,2.412047,8.123031,15.849341,-43.384529,-0.730856,2.933449,23.30693,0.405294,0.54093,0.611279,1.364556,1.296948,-3.54196,0.983445,416100,40.636042,-615327430.169679,-17.173583,22.640412,-1.029108,-6.225165,92.20594,0.018799,1.180985,0.781843,0.54093,-1.429612
12-31-24,30.16,30.190001,30.07,29.575615,20800,29.877411,29.511441,28.044546,0.024827,0.022562,0.01775,TRUE,TRUE,1.466895,0.020058,-37.56217,29.016754,45.531989,-7.17087,0.013309,-0.066752,2.446091,8.312274,15.801107,-45.897562,-1.437966,2.870946,24.232138,0.403948,0.535255,0.60376,1.409752,1.456077,-3.54196,0.511308,436900,25.301205,-615519615.689825,-17.19023,27.803436,-1.380853,-6.904735,91.818104,0.016539,1.032527,0.77702,0.535255,-1.245435
01-02-25,30.27,30.299999,30.040001,29.614929,60100,29.860719,29.5211,28.060333,0.021577,0.022443,0.017779,TRUE,TRUE,1.460768,0.019242,-29.616603,28.865139,47.068372,-3.582198,0.004255,-0.060644,3.033413,8.302748,16.434365,-41.926423,-1.114683,2.842242,24.856497,0.402734,0.534524,0.598685,1.486204,1.347231,-3.54196,1.460333,497000,18.774704,-615776230.882689,-16.482651,37.97977,-1.344793,-7.271711,91.379254,0.015363,0.955883,0.773748,0.534524,-0.988835
01-03-25,30.24,30.360001,30.219999,29.81151,54100,29.852884,29.535274,28.077054,0.018378,0.022332,0.017808,TRUE,TRUE,1.45822,0.018586,-20.944691,28.358701,54.048085,8.885599,0.012796,-0.041683,3.78756,8.255503,17.649374,-23.748976,-0.522888,2.773308,24.746565,0.408603,0.540815,0.605622,1.209936,1.910978,-3.54196,1.326468,551100,-12.03252,-616146031.775047,-13.912102,40.632425,-1.367068,-6.553074,91.331715,0.021784,1.347639,0.778217,0.540815,-0.16719
01-06-25,30.35,30.440001,30.26,29.782022,152500,29.838713,29.552359,28.093007,0.015087,0.022228,0.017836,TRUE,TRUE,1.459352,0.017934,-17.000452,27.412178,52.920805,7.388817,0.016989,-0.029992,3.895928,8.11043,17.75511,-27.250357,-0.942691,2.735628,24.272223,0.408506,0.542493,0.611647,1.121966,1.693683,-3.54196,3.263777,398600,352.522255,-617108437.149523,-12.439,55.77085,-1.326117,-6.490338,91.434035,0.017456,1.08851,0.782078,0.542493,-0.23356
01-07-25,30.370001,30.379999,30.120001,29.654247,62100,29.820097,29.565138,28.107795,0.011541,0.022113,0.017864,TRUE,TRUE,1.457343,0.017247,-20.552993,27.100451,48.226919,1.158547,0.009887,-0.029675,3.135314,7.571032,17.072904,-43.692322,-1.239913,2.676112,24.183308,0.409618,0.544593,0.606575,1.165022,1.106166,-3.54196,1.300796,336500,48.564593,-617393025.476474,-11.699056,53.639225,-0.949964,-7.519376,91.306823,0.010854,0.670613,0.778829,0.544593,-0.685804
01-08-25,30.17,30.190001,30.07,29.673904,51700,29.792741,29.57831,28.122252,0.007824,0.021986,0.01789,TRUE,TRUE,1.456058,0.016615,-19.109671,27.001872,48.976698,-5.071388,0.005779,-0.027026,3.448571,7.491414,16.491128,-41.406605,-1.810392,2.593318,22.441095,0.409457,0.535882,0.597181,1.202102,1.062431,-3.54196,1.041184,388200,285.820896,-617786025.185605,-11.436548,53.942287,-1.526225,-8.187117,90.766731,0.006529,0.398797,0.772775,0.535882,-0.529551
01-09-25,30.23,30.290001,30.18,29.772196,62700,29.772731,29.591892,28.136902,0.004077,0.021843,0.017916,TRUE,TRUE,1.45499,0.01635,-13.652079,26.285405,52.667876,-0.25293,0.010335,-0.017976,3.54553,8.150733,16.920861,-29.977356,-1.326415,2.516081,20.585034,0.406758,0.531967,0.584356,0.633175,0.956987,-3.54196,1.254251,450900,11.964286,-618313619.723683,-10.644728,55.579161,-1.542038,-7.90135,91.019503,0.009705,0.587516,0.764432,0.531967,-0.002599
01-10-25,30.02,30.02,29.84,29.379034,144700,29.73841,29.597611,28.149971,0.000201,0.021664,0.017941,FALSE,TRUE,1.447641,0.015368,-12.381321,26.824422,40.154574,-8.072345,-0.017576,-0.03671,1.696662,5.903593,15.203867,-57.620819,-2.283062,2.395345,21.161899,0.442952,0.569523,0.624099,0.715149,0.129965,-3.54196,2.648001,306200,180.426357,-619199449.535491,-9.615161,49.496534,-1.222932,-6.809617,91.110569,-0.001164,-0.06805,0.79,0.569523,-1.698223
01-13-25,29.68,29.780001,29.66,29.270912,70800,29.694308,29.602529,28.162595,-0.003771,0.021439,0.017965,FALSE,TRUE,1.439934,0.014307,-8.782514,27.81535,37.514862,-11.461835,-0.047869,-0.053602,1.186154,5.256852,14.779889,-39.702843,-2.925238,2.294371,21.25873,0.444823,0.569793,0.627559,0.786956,-0.228824,-3.54196,1.247028,235400,151.06383,-619729369.783445,-9.315297,50.036278,-0.743018,-5.856343,91.433392,0.00075,0.043838,0.792186,0.569793,-1.991633
01-14-25,29.799999,29.83,29.690001,29.251255,59600,29.654571,29.610749,28.174352,-0.007748,0.02117,0.017987,FALSE,TRUE,1.436397,0.013254,-20.534692,28.432948,37.038144,-15.629732,-0.072625,-0.062687,0.610931,4.640033,14.402646,-41.708674,-2.645093,2.167237,21.760683,0.444769,0.57636,0.631927,0.905904,-0.328382,-3.54196,1.03132,175800,51.653944,-620162531.865188,-8.792005,52.353008,-0.685432,-5.91328,91.29845,0.003018,0.177551,0.794938,0.57636,-1.853415
01-15-25,30.049999,30.120001,30.02,29.585443,93200,29.63446,29.62468,28.187829,-0.011303,0.020869,0.018009,FALSE,TRUE,1.436851,0.012975,-4.701798,27.463631,48.921801,8.767227,-0.064535,-0.043677,1.828493,5.83552,15.49379,-7.607794,-1.341265,2.123096,20.332045,0.46472,0.596534,0.635974,0.919185,0.070287,-3.54196,1.533399,269000,179.041916,-621065742.950656,-8.802902,55.129838,-0.502717,-5.307272,91.531064,0.009855,0.557937,0.79748,0.596534,-0.24108
01-16-25,30.16,30.26,30.129999,29.713219,71600,29.620738,29.641556,28.202424,-0.01426,0.02055,0.01803,TRUE,TRUE,1.439131,0.012624,-4.61909,25.939751,52.605155,15.090293,-0.047267,-0.021128,2.029243,5.598117,16.645464,5.430497,-0.915173,2.042169,18.682014,0.462056,0.593716,0.633133,0.923253,0.622169,-3.54196,1.16196,340600,30.656934,-621596438.898307,-7.865027,57.675161,-0.050284,-4.714383,91.658228,0.018582,1.053988,0.795697,0.593716,0.495025
01-17-25,30.34,30.49,30.34,29.949118,52200,29.617839,29.66101,28.218775,-0.01635,0.020213,0.018051,TRUE,TRUE,1.442235,0.012579,11.22558,24.547933,58.548277,21.510134,-0.014382,0.009406,2.736372,6.914443,18.415787,34.833475,-0.193251,2.009381,18.08631,0.471967,0.601104,0.645836,1.292835,1.110291,-3.54196,0.835601,392800,48.295455,-621920693.804656,-7.548222,63.104142,0.287817,-5.028367,91.488256,0.022125,1.25044,0.803639,0.601104,1.831656
01-20-25,30.5,30.559999,30.469999,30.02775,79800,29.639777,29.676592,28.235376,-0.017465,0.019868,0.01807,TRUE,TRUE,1.441216,0.012319,25.40536,23.505485,60.333795,11.411994,0.017819,0.033286,2.527321,7.753446,18.324212,40.861147,1.482851,2.048298,20.24959,0.464918,0.594147,0.644447,1.465024,1.618783,-3.54196,1.247265,472600,60.887097,-622784747.896972,-7.878255,68.40101,0.273534,-5.070954,91.488207,0.029735,1.702731,0.802775,0.594147,1.915956
01-21-25,30.58,30.610001,30.540001,30.076897,54600,29.672923,29.689267,28.25299,-0.017656,0.019518,0.018089,TRUE,TRUE,1.436277,0.012227,26.98416,22.717406,61.451448,8.846293,0.046766,0.049786,3.243575,8.230459,18.295111,43.883841,2.253798,2.034986,21.730361,0.464052,0.591655,0.648169,1.543062,1.542644,-3.54196,0.869912,527200,-30.798479,-623561793.673539,-8.033787,69.42244,-0.065883,-5.343147,91.112947,0.021086,1.216093,0.805089,0.591655,1.859027
01-22-25,30.73,30.73,30.66,30.13587,66400,29.701726,29.702733,28.269891,-0.016994,0.019169,0.018108,TRUE,TRUE,1.432842,0.012172,27.74876,22.407119,62.805728,4.257451,0.073616,0.061309,3.549699,7.84188,17.950595,44.473857,1.948766,2.014108,23.865098,0.464305,0.595213,0.649766,1.645633,1.65353,-3.54196,1.018405,593600,275.141243,-624622547.243021,-8.487864,69.634064,0.075307,-4.875331,91.267826,0.020125,1.16269,0.806081,0.595213,1.819159
01-23-25,30.65,30.75,30.629999,30.224331,59500,29.729603,29.717384,28.287282,-0.015556,0.018827,0.018126,TRUE,TRUE,1.430102,0.012332,23.333387,21.968255,64.803216,4.469421,0.10087,0.070851,4.482013,8.158439,18.2526,51.773484,1.879383,1.977268,26.541754,0.464506,0.594803,0.649947,1.857322,1.667307,-3.54196,0.897707,653100,56.992084,-625084332.119442,-8.355613,69.808529,-0.086929,-5.661093,90.990884,0.01999,1.154635,0.806193,0.594803,1.863959
01-24-25,30.709999,30.780001,30.700001,30.224331,53600,29.751161,29.734758,28.304241,-0.01345,0.018489,0.018144,TRUE,TRUE,1.430518,0.01243,25.423818,21.673411,64.803216,3.351768,0.121074,0.072843,4.166892,9.141001,17.89986,50.386664,1.447125,1.960059,28.744804,0.464506,0.594988,0.649274,1.815674,1.667307,-3.54196,0.785809,653100,257.333333,-625775330.340837,-8.512561,66.782644,-0.648812,-5.620613,90.849805,0.017106,0.987134,0.805776,0.594988,1.646107
01-27-25,30.58,30.67,30.549999,30.1457,81300,29.771704,29.75056,28.321671,-0.010736,0.018162,0.018161,TRUE,TRUE,1.428889,0.01222,29.069824,20.624469,61.403743,-1.401985,0.129251,0.064816,3.895895,8.971304,17.505508,43.366093,1.381733,1.929083,30.060083,0.464804,0.595281,0.649356,1.745677,1.651322,-3.54196,1.168859,571800,49.448529,-626404451.359672,-8.195719,65.432087,-1.125138,-5.616145,90.777662,0.016842,0.971392,0.805826,0.595281,1.244165
01-28-25,30.690001,30.790001,30.6,30.253819,60600,29.806105,29.768135,28.339402,-0.007494,0.017851,0.018178,TRUE,TRUE,1.428733,0.011811,32.596721,20.138821,64.185779,-0.617437,0.142809,0.062699,3.989725,8.489353,17.970903,52.550275,2.327123,1.947816,31.482827,0.457066,0.606639,0.639802,1.746806,2.255342,-3.54196,0.858418,632400,52.261307,-626685878.331514,-8.044796,70.863015,-1.062931,-5.750066,90.587328,0.012897,0.74636,0.799876,0.606639,1.422088
01-29-25,30.76,30.860001,30.709999,30.273476,67500,29.840998,29.788242,28.357855,-0.003955,0.017558,0.018195,TRUE,TRUE,1.430387,0.011439,29.479726,19.959557,64.684197,-0.11902,0.153372,0.05861,4.057292,8.52218,17.521917,51.122951,2.359581,1.944212,32.639812,0.456925,0.606215,0.63896,1.739426,2.19605,-3.54196,0.925545,699900,224.519231,-627146245.428813,-7.971089,71.034603,-1.380091,-6.114586,90.436691,0.011633,0.672604,0.79935,0.606215,1.325
01-30-25,30.92,31.110001,30.92,30.509377,32600,29.885721,29.813068,28.3784,0.000015,0.017305,0.018212,TRUE,TRUE,1.434668,0.011344,73.248494,20.646991,70.067773,8.664029,0.178718,0.067165,5.114056,9.292003,18.393767,58.577671,3.020258,2.067011,35.391045,0.46532,0.606012,0.652596,2.126401,2.637761,-3.54196,0.455594,732500,-45.757072,-627319753.745834,-8.066189,83.284515,-1.822397,-6.418473,90.008776,0.01333,0.771515,0.807834,0.606012,1.762186
01-31-25,31.16,31.17,30.92,30.450399,48400,29.917665,29.837297,28.398986,0.004279,0.017081,0.018228,TRUE,TRUE,1.438311,0.011242,78.947395,21.467169,67.30535,3.119571,0.191835,0.064226,5.582924,8.217991,18.6932,51.378318,2.143096,2.131923,37.506109,0.465318,0.587667,0.641342,1.829553,2.317202,-3.20892,0.679108,684100,-10.536044,-627549983.128158,-8.000527,90.739338,-1.768385,-5.007084,90.732204,0.02163,1.23218,0.800838,0.587667,1.420394
02-03-25,30.629999,30.99,30.629999,30.361937,125600,29.946661,29.86034,28.419322,0.008637,0.016877,0.018245,TRUE,TRUE,1.441018,0.011375,71.068957,20.733971,63.275671,-1.408525,0.192869,0.052208,5.099017,8.650864,17.64706,29.733585,1.947195,2.13355,38.627158,0.453932,0.554497,0.617354,1.466048,1.658346,-3.20892,1.79621,558500,-17.639344,-627862630.930472,-7.689806,78.049775,-0.644047,-5.031941,91.594772,0.026243,1.483639,0.785719,0.554497,1.075088
02-04-25,30.889999,30.889999,30.700001,30.253819,74600,29.976639,29.879471,28.439405,0.012966,0.016684,0.01826,TRUE,TRUE,1.440065,0.011598,49.999929,20.053144,58.653591,-11.414182,0.182856,0.033756,4.795301,9.1712,17.141339,11.905696,2.021873,2.06074,38.56488,0.450119,0.550358,0.607393,1.242717,1.07227,-3.20892,1.057406,483900,20.128824,-628287603.946313,-7.721175,69.595176,-0.781912,-6.752625,91.38712,0.01756,0.988374,0.779354,0.550358,0.718735
02-05-25,30.799999,30.950001,30.780001,30.411083,57700,30.013498,29.899608,28.460611,0.017155,0.0165,0.018275,TRUE,TRUE,1.438996,0.012067,51.079151,19.653176,62.898864,-4.406486,0.185473,0.029098,4.951211,11.569607,18.187673,8.564226,2.484266,2.055163,39.039093,0.45425,0.547931,0.615675,1.032157,1.326817,-3.20892,0.814397,541600,11.605416,-628595733.689719,-7.628588,69.183556,-1.171527,-6.988505,90.871099,0.013593,0.766268,0.78465,0.547931,1.018428
02-06-25,31.059999,31.059999,30.92,30.460228,23600,30.0479,29.91781,28.481439,0.021187,0.016324,0.018289,TRUE,TRUE,1.436372,0.012614,43.333263,19.693699,64.138039,0.862367,0.18933,0.026364,4.142285,12.227991,18.027922,-1.395905,2.310989,2.021863,39.824402,0.454427,0.54685,0.612808,0.909028,1.362741,-3.20892,0.34255,565200,-62.360447,-628774343.248302,-7.591787,68.213947,-0.709227,-6.386068,91.111567,0.017833,1.001168,0.782821,0.54685,1.035366
02-07-25,30.940001,30.98,30.75,30.234161,48400,30.090656,29.929353,28.500608,0.024875,0.01614,0.018303,TRUE,TRUE,1.428745,0.012505,15.555658,18.865052,55.03245,-3.621141,0.17216,0.007355,2.68662,10.216288,17.151954,-48.546023,2.910672,2.015456,36.736025,0.461225,0.579993,0.662871,0.840508,1.181702,-3.20892,0.755306,516800,-66.551486,-629039844.457398,-7.678211,61.399877,-0.984335,-6.055366,90.785525,0.021563,1.278186,0.814169,0.579993,0.390639
02-10-25,30.969999,30.969999,30.9,30.371767,55100,30.145699,29.94423,28.520465,0.028123,0.015957,0.018317,TRUE,TRUE,1.423765,0.012573,20.833294,18.095595,58.860971,-4.037894,0.167723,0.002335,3.085899,10.251236,17.903485,-28.747089,3.760918,2.042445,31.710586,0.464119,0.581932,0.672403,0.759905,1.433787,-3.20892,0.870527,571900,-22.175141,-629926537.078651,-8.055271,61.449767,-1.662761,-6.562255,90.428416,0.024878,1.486658,0.820002,0.581932,0.712911
02-11-25,30.84,30.889999,30.83,30.332453,57200,30.199759,29.95521,28.540989,0.030836,0.015776,0.01833,TRUE,TRUE,1.414221,0.012553,14.084673,17.02624,57.358425,-6.779614,0.1592,-0.004951,2.850628,9.954041,17.272203,-35.088092,3.696244,2.013332,23.918328,0.464746,0.581865,0.670061,0.703152,1.320452,-3.20892,0.905421,514700,-4.026846,-630932402.088029,-8.523839,54.274448,-1.754956,-6.635917,90.218994,0.022408,1.332488,0.818572,0.581865,0.554779
02-12-25,30.74,30.809999,30.700001,30.253819,41300,30.233178,29.960144,28.560113,0.03289,0.015584,0.018343,TRUE,TRUE,1.400032,0.012169,2.127695,16.206989,54.368934,-0.663516,0.144434,-0.015773,3.059704,8.677897,16.881804,-47.77102,2.259135,1.986318,19.059009,0.46334,0.581725,0.668008,0.694399,1.384343,-3.20892,0.681743,473400,-55.686695,-631308748.34698,-8.454115,48.295277,-0.377159,-6.354987,90.354744,0.022292,1.325514,0.817318,0.581725,0.1083
02-13-25,30.860001,30.959999,30.860001,30.371767,47500,30.266105,29.968604,28.579297,0.034297,0.015391,0.018355,TRUE,TRUE,1.389307,0.011924,9.803956,15.366457,57.912335,-0.948636,0.140629,-0.015663,3.461496,8.874528,18.386697,-28.747089,2.216348,2.014002,14.82055,0.465267,0.582198,0.672084,0.659069,1.600306,-3.20892,0.8,520900,-33.659218,-631820077.312419,-8.60938,47.928271,-0.202439,-6.194235,90.128525,0.024323,1.449219,0.819808,0.582198,0.712943
02-14-25,30.950001,30.950001,30.9,30.371767,53000,30.287237,29.976676,28.599346,0.03499,0.015199,0.018366,TRUE,TRUE,1.377329,0.011569,15.861953,14.585962,57.912335,0.55391,0.136045,-0.016197,3.393008,8.050013,17.467617,-40.040958,1.411225,2.045178,12.959135,0.464855,0.566473,0.657785,0.589415,1.658455,-3.20892,0.892031,520900,1.532567,-632992904.739464,-9.31769,56.290835,0.790129,-4.553444,90.893706,0.035715,2.084916,0.811039,0.566473,0.652278
02-18-25,30.91,30.950001,30.889999,30.391424,42300,30.305421,29.983195,28.619542,0.035283,0.01501,0.018377,TRUE,TRUE,1.363653,0.011133,10.294032,13.806991,58.534695,4.165761,0.132472,-0.015817,3.838013,8.008398,17.06759,-44.180477,1.211127,2.028328,11.607453,0.464355,0.558144,0.649071,0.55495,1.753958,-3.20892,0.735141,563200,-46.992481,-633738179.69655,-9.518102,55.278747,-0.076851,-5.25139,90.348196,0.032657,1.884576,0.805649,0.558144,0.740929
02-19-25,30.85,30.969999,30.84,30.43074,44800,30.323113,29.991279,28.639261,0.03535,0.014831,0.018386,TRUE,TRUE,1.352018,0.010844,11.594178,12.836831,59.814637,1.902302,0.131299,-0.013592,3.972344,7.629966,17.219036,-36.899716,1.176463,2.019227,10.59329,0.46343,0.58693,0.669416,0.519626,1.660274,-3.20892,0.785276,608000,-17.948718,-634065055.961644,-9.205313,53.944587,0.460766,-5.109188,90.650403,0.04416,2.630882,0.818179,0.58693,1.015992
02-20-25,30.92,30.93,30.799999,30.322622,53100,30.332451,29.993311,28.65748,0.035028,0.014649,0.018395,TRUE,TRUE,1.335831,0.010496,-15.200224,12.159971,54.804672,-3.107664,0.120258,-0.019706,3.706307,7.431395,16.759571,-56.921545,0.619701,1.94698,9.635738,0.464836,0.58808,0.671381,0.40478,1.245227,-3.20892,0.94174,554900,-20.03012,-634508132.994421,-8.766149,48.286555,0.700092,-5.262138,90.699966,0.038945,2.32009,0.819378,0.58808,-0.102002
02-21-25,30.889999,30.889999,30.690001,30.175186,37700,30.329994,29.993366,28.674049,0.034163,0.014459,0.018403,TRUE,TRUE,1.319317,0.010103,-20.895598,12.119264,48.801868,-9.732827,0.098477,-0.03319,3.30512,6.689588,16.320292,-105.770391,-0.1626,1.934421,9.982397,0.466239,0.57892,0.690427,0.475733,0.68408,-3.20892,0.681798,517200,-36.638655,-634739919.125056,-8.730977,42.602809,1.623231,-4.207147,91.434512,0.034183,2.091784,0.83092,0.57892,-1.550806
02-24-25,30.76,30.76,30.6,30.175186,61100,30.327536,29.995561,28.690186,0.0327,0.014262,0.01841,TRUE,TRUE,1.305375,0.009857,-15.19996,12.522224,48.801868,-11.012769,0.080289,-0.041102,2.996547,7.12939,15.384957,-92.351102,-0.1626,1.945123,10.311252,0.464287,0.578106,0.694136,0.530503,0.480691,-3.20892,1.097539,517200,13.992537,-635125471.298243,-8.397827,46.55921,2.761562,-4.051817,91.434512,0.028906,1.787042,0.833148,0.578106,-1.477515
02-25-25,30.780001,30.82,30.67,30.273476,76900,30.333925,29.997972,28.706911,0.030786,0.014072,0.018415,TRUE,TRUE,1.291061,0.009693,1.612833,12.495022,52.7991,-2.005572,0.072966,-0.03874,2.956159,6.854328,15.339259,-70.983779,0.423859,1.966355,9.488319,0.465527,0.584166,0.703881,0.524866,0.720435,-3.20892,1.386835,594100,-5.412054,-635608942.04707,-8.299811,57.371084,2.706667,-3.591911,91.456395,0.036575,2.291973,0.838976,0.584166,-0.637095
02-26-25,30.889999,31,30.83,30.342279,54600,30.338348,30.003897,28.723835,0.028632,0.013895,0.01842,TRUE,TRUE,1.280062,0.00987,-6.087027,11.805224,55.422764,6.620896,0.071885,-0.031857,2.68082,7.390587,15.854528,-56.026404,0.292396,1.969039,9.299547,0.461808,0.579589,0.707188,0.53323,0.555609,-3.20892,0.990027,648700,-9.90099,-635976830.597373,-8.423347,57.182258,1.880562,-3.234459,91.258442,0.030076,1.910604,0.840945,0.579589,0.042272
02-27-25,30.959999,30.969999,30.73,30.204672,33000,30.334908,30.008237,28.740264,0.026181,0.013729,0.018424,TRUE,TRUE,1.267974,0.010169,-20.967886,11.30288,49.496912,0.695044,0.059242,-0.0356,1.846498,6.940174,15.287018,-98.832225,-0.227274,1.972997,9.671968,0.456173,0.574683,0.722508,0.494917,-0.136081,-3.20892,0.617688,615700,-51.111111,-636154295.847832,-8.430557,53.074021,1.833182,-3.357576,91.487837,0.019975,1.319589,0.850005,0.574683,-1.346533
02-28-25,30.73,30.9,30.67,30.371767,40600,30.328028,30.01592,28.757432,0.023594,0.01358,0.018427,TRUE,TRUE,1.258488,0.010632,11.864334,11.146822,55.692045,2.892945,0.06199,-0.026281,2.510754,7.827301,15.882531,-57.058389,-0.45104,2.003429,8.817201,0.460629,0.567228,0.727504,0.46671,0.294665,-3.20892,0.754296,656300,24.539877,-636300185.284417,-8.342249,59.478846,1.658578,-4.247958,90.897377,0.019708,1.301114,0.852938,0.567228,0.496069
03-03-25,31.07,31.07,30.82,30.361937,154200,30.323604,30.023016,28.774214,0.020784,0.013453,0.018429,TRUE,TRUE,1.248802,0.011089,-0.952518,10.651973,55.262549,-0.160215,0.062653,-0.020495,1.942272,7.718393,15.508018,-50.651949,-0.290515,1.995231,8.382169,0.460655,0.530791,0.684076,0.467747,0.238763,-3.20892,2.608475,502100,218.595041,-637019451.95617,-8.009362,64.527825,2.836491,-2.227436,92.20601,0.031455,1.928538,0.827089,0.530791,0.457305
03-04-25,30.58,30.83,30.540001,30.076897,81300,30.309352,30.032774,28.788803,0.017617,0.013332,0.01843,TRUE,TRUE,1.243971,0.011221,-20.00006,10.916101,44.53734,-4.959573,0.03972,-0.034742,0.232578,6.414887,13.597465,-87.378361,-0.938807,2.002226,9.969122,0.475271,0.529264,0.709717,0.554898,-0.471822,-3.20892,1.428822,420800,-35.270701,-637360410.605368,-8.346028,62.67495,3.303067,-0.928299,93.078095,0.026844,1.664189,0.842447,0.529264,-2.331758
03-05-25,30.530001,30.76,30.530001,30.2145,94300,30.307387,30.048785,28.804177,0.01435,0.013217,0.01843,TRUE,TRUE,1.244609,0.011513,-2.941328,11.203004,49.620545,-6.0715,0.032277,-0.033748,0.887307,7.712993,14.240907,-58.426081,-0.129961,2.041702,10.121994,0.478555,0.525089,0.715923,0.56554,-0.14412,-3.20892,1.629092,515100,26.407507,-637713421.332981,-8.141848,69.636531,2.740408,-1.830991,92.463346,0.027934,1.738553,0.846122,0.525089,-0.917667
03-06-25,30.52,30.57,30.34,29.880314,97400,30.280848,30.055195,28.817783,0.010789,0.01309,0.018428,FALSE,TRUE,1.237412,0.011575,-31.645728,12.212171,40.026033,-15.236516,-0.000581,-0.053285,-0.293299,6.411519,13.099964,-62.970763,-1.745315,1.980706,13.615324,0.492398,0.538814,0.733797,0.74219,-1.082376,-3.20892,1.626858,417700,68.804159,-638200156.400071,-8.021065,60.811833,2.651099,-1.942406,92.444958,0.009816,0.613364,0.856619,0.538814,-2.94179
03-07-25,30.469999,30.6,30.4,30.017921,45200,30.258733,30.062218,28.831741,0.007053,0.012951,0.018426,FALSE,TRUE,1.230477,0.0118,-20.93028,12.966961,44.762288,0.224949,-0.01534,-0.054436,-0.158073,7.049133,13.374721,-44.120398,-1.452079,2.005286,14.130741,0.495858,0.539614,0.737429,0.824388,-0.743262,-3.20892,0.741591,462900,91.525424,-638418055.074468,-7.911166,60.451181,2.05835,-2.336368,92.179295,0.011152,0.696766,0.858737,0.539614,-1.704166
03-10-25,30.389999,30.48,30.200001,29.762367,68800,30.235143,30.061601,28.844565,0.003337,0.01279,0.018422,FALSE,TRUE,1.217036,0.011433,-32.653027,14.371346,38.656762,-10.963783,-0.047115,-0.068968,-0.879831,6.838234,12.045457,-50.302765,-1.560467,1.994627,17.977082,0.505803,0.54269,0.748171,1.011434,-0.988537,-3.20892,1.110215,394100,42.14876,-638701921.624877,-7.79577,54.311402,2.811714,-1.904757,92.650898,0.01174,0.734237,0.864969,0.54269,-2.629881
03-11-25,30.200001,30.32,30.15,29.634588,78800,30.198284,30.059596,28.857183,-0.000252,0.012599,0.018417,FALSE,TRUE,1.202413,0.011022,-39.512218,15.835185,36.011814,-4.014219,-0.081667,-0.082816,-1.940488,5.755092,11.524283,-56.022971,-2.427184,1.99818,22.11051,0.506948,0.54319,0.749491,1.081845,-1.362278,-3.20892,1.247724,315300,43.012704,-639258538.075191,-7.388173,47.883405,2.680086,-0.698164,93.05576,0.013198,0.825701,0.865732,0.54319,-2.549448
03-12-25,30.24,30.27,30.1,29.654247,82300,30.164374,30.061366,28.869851,-0.003552,0.012378,0.01841,FALSE,TRUE,1.191514,0.010491,-34.693878,17.35506,36.729085,-8.033203,-0.106238,-0.08591,-1.71733,5.497379,11.879991,-45.95396,-2.235907,2.02965,24.961429,0.505255,0.542117,0.744134,1.251869,-1.146358,-3.20892,1.277752,397600,43.881119,-639772431.762991,-6.862312,46.569643,2.033053,-1.987461,92.513812,0.005164,0.320744,0.862632,0.542117,-2.043659
03-13-25,30.139999,30.139999,30.02,29.546125,87800,30.128989,30.060776,28.88169,-0.006777,0.012117,0.018402,FALSE,TRUE,1.179085,0.009705,-33.333401,19.018544,34.442369,-4.214393,-0.132903,-0.09006,-1.727303,4.680309,10.991758,-45.13099,-2.339186,2.017344,28.405225,0.506725,0.538346,0.743826,1.437048,-1.232022,-3.20892,1.315651,309800,112.590799,-640553675.085622,-6.926595,44.433645,2.614676,-0.795516,93.10706,0.007144,0.442162,0.862453,0.538346,-2.05196
03-14-25,30.209999,30.34,30.200001,29.801682,27000,30.100485,30.064511,28.895384,-0.009732,0.011836,0.018392,FALSE,TRUE,1.169127,0.009363,-17.431214,19.244171,43.410384,7.39857,-0.131894,-0.071241,-1.164982,5.009748,12.11279,-20.792295,-1.877025,2.050153,28.699599,0.519544,0.540358,0.759758,1.512231,-0.761156,-3.20892,0.410896,336800,-43.157895,-640734313.178265,-6.783013,48.556636,2.237832,-1.052039,92.424512,0.003175,0.197928,0.871641,0.540358,-1.041141
03-17-25,30.370001,30.5,30.370001,29.939289,95300,30.078861,30.067066,28.910725,-0.012413,0.011543,0.018382,FALSE,TRUE,1.156341,0.009289,-15.315238,18.566816,47.569471,10.840386,-0.118623,-0.046376,-0.355157,5.136162,12.914684,-7.686802,-1.423947,2.053495,28.172454,0.523016,0.540565,0.763293,1.556982,-0.555332,-3.20892,1.405087,432100,79.811321,-641461106.938261,-6.242685,49.424031,1.255333,-1.44986,92.084732,0.002058,0.128413,0.873666,0.540565,-0.49542
03-18-25,30.43,30.43,30.290001,29.841,46700,30.05134,30.068246,28.925287,-0.014887,0.011243,0.01837,FALSE,TRUE,1.142959,0.00835,-22.666568,18.272252,45.024074,10.581706,-0.114714,-0.033974,-0.489061,4.365454,12.787935,-17.047713,-1.811118,2.003814,27.641879,0.49217,0.531247,0.733627,1.625319,-0.017573,-3.20892,0.686311,385400,10.401891,-641807356.262511,-5.929294,44.489563,1.026532,-1.202449,92.101284,0.002807,0.175428,0.85652,0.531247,-0.760948
03-19-25,30.4,30.620001,30.370001,30.086723,22100,30.034139,30.076895,28.940454,-0.016945,0.010946,0.018357,TRUE,TRUE,1.136442,0.007503,-5.084746,17.041072,51.94676,8.536376,-0.090743,-0.008002,0.330355,5.331779,13.675606,6.354564,-1.130492,2.023364,26.188883,0.496481,0.527558,0.743191,1.637973,0.736614,-3.20892,0.330294,407500,-50.669643,-641879539.726562,-5.839548,47.14407,-0.073913,-2.084521,91.490503,0.007886,0.497591,0.862085,0.527558,0.200789
03-20-25,30.65,30.65,30.469999,29.988434,47800,30.01743,30.083186,28.954985,-0.01866,0.010646,0.018344,FALSE,TRUE,1.128201,0.006704,-17.030607,15.890821,49.273973,1.704502,-0.078769,0.003178,-0.062228,5.094476,12.774788,-3.006347,-1.102109,1.998542,25.302503,0.495003,0.526505,0.73687,1.643813,0.299166,-3.20892,0.717233,359700,-9.981168,-642183104.06768,-5.7581,47.495607,-0.413516,-2.626946,91.263707,0.001099,0.068681,0.858411,0.526505,-0.114596
03-21-25,30.5,30.5,30.389999,29.978605,51300,30.0076,30.087314,28.969083,-0.02008,0.010341,0.01833,FALSE,TRUE,1.118232,0.006047,-17.030537,15.071716,49.002459,3.978385,-0.069273,0.010139,1.31676,4.31719,12.293817,-5.11052,-0.651465,1.954722,25.037862,0.493073,0.525349,0.734082,1.244457,0.088591,-3.20892,0.761975,308400,36.074271,-642618120.453448,-5.850874,35.965615,-1.082084,-1.903198,91.474835,0.002521,0.157425,0.856786,0.525349,-0.115806
03-24-25,30.6,30.639999,30.59,30.116211,18600,30.004652,30.102058,28.983004,-0.021097,0.010038,0.018315,TRUE,TRUE,1.119054,0.005812,1.869071,14.357863,52.914405,0.967645,-0.050068,0.023476,2.387457,4.972746,12.446926,13.00142,-0.195443,1.991644,24.864231,0.493552,0.512875,0.733386,1.241539,0.106153,-3.20892,0.285276,327000,-69.558101,-642989225.008266,-6.030486,40.773459,-2.145132,-2.761366,90.578511,-0.006233,-0.388267,0.85638,0.512875,0.448673
03-25-25,30.66,30.700001,30.629999,30.1457,66100,29.998263,30.119554,28.996977,-0.021618,0.009739,0.018299,TRUE,TRUE,1.122577,0.005509,-3.448104,13.968256,53.733485,4.459512,-0.032097,0.033157,1.982022,5.075535,12.307349,18.485285,-0.42207,1.966164,24.294781,0.492839,0.512351,0.733398,1.051525,0.263999,-3.20892,1.02227,393100,-14.044213,-643969936.773613,-6.465353,38.752076,-1.902236,-2.534664,90.596432,-0.003113,-0.194222,0.856386,0.512351,0.606869
03-26-25,30.450001,30.450001,30.24,29.901705,28000,29.976234,30.132563,29.010066,-0.021879,0.009441,0.018282,FALSE,TRUE,1.122497,0.004497,1.122819,14.046187,46.522415,-2.480044,-0.037116,0.02251,0.791883,4.172099,11.718116,-17.396414,-1.452016,1.969977,22.972752,0.498694,0.516977,0.728825,1.047444,0.133127,-3.20892,0.442129,365100,-48.717949,-644088148.34299,-6.404009,42.275733,-1.702331,-2.652615,90.498974,-0.007511,-0.459162,0.853712,0.516977,-0.324425
03-27-25,30.280001,30.34,30.23,29.911583,27800,29.96158,30.139085,29.02306,-0.02186,0.009142,0.018265,FALSE,TRUE,1.116025,0.003498,-5.982886,14.155193,46.833495,-6.08091,-0.039837,0.015831,0.397395,4.383321,11.835277,-15.943744,-0.970343,1.90213,22.365633,0.498694,0.518936,0.731374,1.061785,0.133017,-3.20892,0.44078,392900,-15.757576,-644276892.565489,-6.43935,37.201474,-1.769875,-2.647902,90.528871,-0.003677,-0.225855,0.855204,0.518936,-0.223543
03-28-25,30.25,30.25,30.030001,29.69426,47800,29.927704,30.138706,29.035256,-0.021872,0.008834,0.018246,FALSE,TRUE,1.10345,0.002191,-3.91615,14.95055,41.160697,-12.572788,-0.058852,-0.002547,-0.136488,3.030579,10.388539,-47.903039,-2.230714,1.886305,20.909286,0.50766,0.517479,0.742305,1.082624,-0.317264,-3.20892,0.753587,345100,17.73399,-644470587.765025,-6.440488,38.287341,-0.804369,-1.739954,91.331091,0.001145,0.070552,0.861571,0.517479,-1.116465
03-31-25,29.879999,30.200001,29.879999,29.812799,92500,29.900248,30.13598,29.047276,-0.021744,0.00852,0.018226,FALSE,TRUE,1.088704,0.001408,10.301774,16.143019,45.069106,-1.453309,-0.063622,-0.005854,0.835469,3.267668,10.8688,-8.19507,-1.808637,1.866372,18.356766,0.502974,0.511766,0.743289,1.026573,-0.459399,-3.20892,1.532853,437600,-40.01297,-644601937.40114,-6.282613,37.593639,-1.425216,-2.511965,90.920858,-0.004374,-0.272466,0.862142,0.511766,-0.476381
04-01-25,30.190001,30.219999,30.110001,29.832558,23100,29.888031,30.132076,29.059587,-0.021379,0.00819,0.018206,FALSE,TRUE,1.072489,0.000607,10.306916,17.136856,45.716353,-1.117142,-0.065059,-0.005832,0.868766,3.336108,11.339915,-5.785535,-0.812381,1.810495,17.927289,0.502868,0.510465,0.741806,0.970096,-0.372585,-3.20892,0.402194,460700,-71.586716,-644741564.806595,-6.425659,44.211919,-1.358037,-2.802858,90.598342,-0.006994,-0.434481,0.861281,0.510465,-0.309433
04-02-25,30.08,30.33,30.08,29.960976,56400,29.875354,30.129758,29.072732,-0.020592,0.007841,0.018184,FALSE,TRUE,1.057025,-0.000203,23.70162,17.440044,49.852228,8.691531,-0.055198,0.003223,1.168486,4.237344,12.302197,9.875162,-0.839083,1.805522,16.321786,0.502564,0.504875,0.745327,0.827858,0.079672,-3.20892,1.015484,517100,-40.19088,-644851668.560257,-6.426222,54.943445,-1.583472,-3.013307,89.971042,-0.004505,-0.281947,0.863323,0.504875,0.524583
04-03-25,29.77,29.77,29.43,29.071924,105200,29.834935,30.108479,29.08124,-0.020152,0.007432,0.01816,FALSE,FALSE,1.027238,-0.002455,-30.613212,19.394954,31.792562,-13.276544,-0.117766,-0.047476,-2.480874,1.212722,8.852248,-28.194958,-2.705426,1.796143,24.267826,0.633269,0.577069,0.808197,1.224164,-1.204211,-4.71151,1.880923,411900,8.008214,-645178454.374078,-6.238421,45.517985,-0.655803,-2.02276,90.721624,-0.015715,-0.899493,0.898998,0.577069,-3.144125
04-04-25,29.07,29.08,28.59,28.242146,93300,29.746146,30.068835,29.085215,-0.020659,0.006928,0.018134,FALSE,FALSE,0.98362,-0.005866,-55.174261,22.365865,23.30627,-22.410083,-0.231637,-0.129077,-5.170491,-1.476002,6.357273,-16.485996,-5.915719,1.796229,42.703303,0.728634,0.590672,0.856945,2.076817,-2.203278,-7.43126,1.599383,318600,106.415929,-645404223.152323,-5.987973,32.681386,0.859988,-0.352653,92.270819,-0.023745,-1.367768,0.925713,0.590672,-3.521977
04-07-25,27.77,28.68,27.700001,27.916161,172000,29.653836,30.022672,29.08732,-0.022087,0.006323,0.018105,FALSE,FALSE,0.935351,-0.010394,-58.263744,25.823017,20.941347,-28.910881,-0.344217,-0.193326,-5.861173,-2.909625,4.337197,7.205327,-6.203158,1.942397,59.129416,0.724158,0.587858,0.859188,2.854342,-2.156133,-8.499734,2.708875,146600,150,-645500346.60844,-5.353512,28.231435,1.228718,0.384629,92.514338,-0.021313,-1.245049,0.926924,0.587858,-2.938766
04-08-25,28.67,28.690001,27.879999,27.659325,90100,29.555073,29.972944,29.088861,-0.024633,0.005613,0.018073,FALSE,FALSE,0.884083,-0.015444,-73.229614,28.996347,19.281289,-12.511273,-0.448986,-0.238476,-6.789062,-3.574616,3.414394,-1.355871,-6.665399,1.968439,74.075238,0.731318,0.588222,0.862114,3.606054,-2.334725,-9.341561,1.406494,56500,14.340102,-645639539.793801,-4.980488,23.80294,2.341752,1.03564,93.105843,-0.022341,-1.305977,0.928501,0.588222,-2.55922
04-09-25,27.870001,29.15,27.809999,28.745939,109900,29.509657,29.942786,29.095979,-0.027397,0.004853,0.018039,FALSE,FALSE,0.846807,-0.018657,-28.87439,30.358765,40.699436,17.393165,-0.439272,-0.18301,-3.44703,-0.023715,7.130882,34.864616,-3.062995,2.124473,76.189437,0.896797,0.633207,0.895666,3.811065,-0.72509,-9.341561,1.679401,166400,33.535844,-645595917.747416,-4.449485,28.286483,1.046222,-0.389434,92.01657,-0.004036,-0.221178,0.946396,0.633207,-1.002393
04-10-25,28.98,28.98,28.16,28.093971,126500,29.437049,29.899196,29.099837,-0.030771,0.004023,0.018002,FALSE,FALSE,0.799359,-0.022344,-38.110047,31.623867,34.742719,13.801372,-0.478664,-0.177922,-4.374081,-2.751633,5.380019,13.13235,-4.914872,2.252194,82.483098,0.929043,0.638596,0.906435,4.220308,-1.671175,-9.341561,1.877551,39900,44.077449,-645742789.992226,-3.85092,26.408409,1.563681,0.439895,92.625182,-0.020301,-1.134011,0.952069,0.638596,-1.628307
04-11-25,28.440001,28.75,28.34,28.39032,98700,29.366481,29.856815,29.104921,-0.034564,0.003144,0.017964,FALSE,FALSE,0.751894,-0.025245,-33.814582,32.798605,39.105448,19.824159,-0.480432,-0.143751,-3.008421,-1.857951,6.300157,23.010635,-4.735846,2.227335,85.192248,0.938318,0.628395,0.906031,4.498028,-1.479002,-9.341561,1.390924,138600,265.555556,-645817262.902283,-3.58156,31.420952,-0.024531,-0.745669,91.410273,-0.032953,-1.81865,0.951856,0.628395,-1.145834
04-14-25,29.1,29.1,28.85,28.637278,86300,29.301381,29.820553,29.111529,-0.038524,0.002234,0.017923,FALSE,FALSE,0.709023,-0.027269,-28.346071,32.724289,42.552179,1.852743,-0.456641,-0.095969,-2.098978,-1.50087,7.728412,34.082794,-4.348839,2.239528,85.558641,0.939555,0.628671,0.906202,4.233188,-1.455668,-9.341561,1.22394,224900,-9.443861,-646050426.708436,-3.254375,32.395457,-0.090973,-0.763197,91.213691,-0.032781,-1.80846,0.951946,0.628671,-0.776197
04-15-25,29.030001,29.18,29.030001,28.785454,75900,29.248604,29.789023,29.118734,-0.042503,0.001309,0.017881,FALSE,FALSE,0.670289,-0.028843,-21.361065,32.406811,44.579127,9.836407,-0.420978,-0.048244,-2.703998,-0.924947,9.03426,41.115655,-3.537233,2.287162,85.310015,0.94166,0.628297,0.90695,4.360809,-1.380805,-9.341561,1.054606,300800,62.526767,-646373808.790757,-3.172469,37.45763,-0.69316,-1.198442,90.883588,-0.035047,-1.93689,0.952339,0.628297,-0.542902
04-16-25,29,29.08,28.780001,28.548372,79500,29.171686,29.754914,29.124946,-0.046646,0.000356,0.017837,FALSE,FALSE,0.629968,-0.030654,-25.000026,32.53004,42.024233,2.918785,-0.407152,-0.027534,-3.920297,-1.970606,8.412284,32.257482,-5.113056,2.271554,84.284513,0.946193,0.629132,0.897687,4.539001,-1.650255,-9.341561,1.062266,221300,259.728507,-646576072.164484,-3.137715,35.958173,-1.570215,-1.651181,90.18436,-0.044846,-2.352225,0.947464,0.629132,-0.739535
04-17-25,28.959999,29.049999,28.9,28.597767,92000,29.102153,29.718648,29.131212,-0.050749,-0.00062,0.01779,FALSE,FALSE,0.587436,-0.032199,-20.747621,32.644466,42.76028,0.208101,-0.387739,-0.006497,-4.512156,-1.899253,8.758513,34.135605,-4.637344,2.308395,82.917139,0.946082,0.628749,0.898581,4.693042,-1.656895,-9.341561,1.19403,313300,92.468619,-647038811.93789,-3.151011,41.869178,-1.636458,-1.401697,89.946761,-0.049566,-2.611542,0.947935,0.628749,-0.608301
04-21-25,28.76,28.84,28.51,28.291536,37100,29.017799,29.675274,29.134979,-0.054836,-0.001636,0.017742,FALSE,FALSE,0.540295,-0.03401,-27.797818,33.355961,39.418963,-5.160164,-0.392539,-0.009038,-5.782031,-3.40084,7.830207,22.491854,-5.627576,2.289011,82.109036,0.953251,0.631886,0.893299,4.921876,-2.023113,-9.341561,0.485984,276200,-27.680312,-647125033.22564,-2.951868,43.874122,-2.018809,-1.806591,89.569012,-0.05895,-3.005331,0.945145,0.631886,-0.88451
04-22-25,28.799999,29.01,28.799999,28.617521,141500,28.942865,29.642941,29.140328,-0.058551,-0.002677,0.017692,FALSE,FALSE,0.502613,-0.03518,-21.025662,33.436544,44.399641,2.375408,-0.365822,0.014143,-4.852147,-1.765955,9.352855,34.886723,-4.976355,2.340628,78.307789,0.966923,0.635408,0.895002,5.064377,-1.679226,-9.341561,1.715463,417700,660.752688,-647512442.826824,-2.741843,48.723406,-1.953973,-2.081325,89.279487,-0.053517,-2.711518,0.946045,0.635408,-0.415468
04-23-25,29.33,29.4,29.17,28.854601,76200,28.87831,29.612598,29.146766,-0.061693,-0.003726,0.01764,FALSE,FALSE,0.465832,-0.036005,-18.791968,32.326533,47.763277,5.002997,-0.321809,0.046525,-4.251641,-0.852863,9.735264,55.777793,-4.282865,2.391956,73.012754,0.973796,0.637905,0.892202,2.463278,-1.371607,-9.341561,0.918183,493900,15.279879,-647797629.475357,-2.306117,49.397664,-1.905088,-1.899173,89.487313,-0.043486,-2.159132,0.944564,0.637905,-0.032472
04-24-25,29.290001,29.49,29.23,29.131195,70600,28.839784,29.588573,29.154392,-0.064049,-0.004772,0.017587,FALSE,FALSE,0.43418,-0.036122,1.123612,31.045347,51.453265,12.034302,-0.261594,0.085392,-3.616741,0.703169,10.343867,79.955033,-2.576809,2.394849,69.265195,0.981305,0.640709,0.891747,2.63345,-1.199362,-9.341561,0.829417,564500,152.142857,-647921887.85778,-2.251962,56.062334,-1.679447,-1.839965,89.432551,-0.038193,-1.877867,0.944324,0.640709,0.420718
04-25-25,29.49,29.559999,29.42,29.190464,29500,28.803728,29.567306,29.162702,-0.065443,-0.005821,0.017532,FALSE,TRUE,0.404603,-0.036046,21.052596,29.657075,52.231938,7.832298,-0.206708,0.112223,-3.420644,0.603713,10.568367,80.132489,-2.410835,2.375012,65.146761,0.981763,0.640875,0.890881,2.668501,-1.161484,-9.341561,0.346224,594000,6.115108,-648048121.331895,-2.213033,61.163056,-1.331306,-2.022037,89.614506,-0.033406,-1.635185,0.943865,0.640875,0.593638
04-28-25,29.59,29.610001,29.5,29.249735,45700,28.781502,29.544865,29.170245,-0.065947,-0.006864,0.017477,FALSE,TRUE,0.37462,-0.035412,31.468505,28.221642,53.043075,5.279798,-0.156622,0.129847,-2.972117,0.807987,11.5231,79.98525,-1.497006,2.233333,62.659424,0.976257,0.640668,0.889625,2.561155,-1.324185,-9.341561,0.537015,639700,-4.393305,-648301767.742631,-2.250987,71.594674,-1.477393,-2.643271,89.416169,-0.034121,-1.670033,0.9432,0.640668,0.747266
04-29-25,29.629999,29.74,29.59,29.378153,46300,28.75977,29.524993,29.17809,-0.065473,-0.007894,0.017421,FALSE,TRUE,0.346902,-0.034598,41.826862,26.506222,54.83265,3.379386,-0.105352,0.144894,-2.894397,0.97985,11.157978,81.251458,-1.457919,2.145832,59.571976,0.978266,0.645204,0.893281,2.469449,-1.150446,-9.341561,0.559246,686000,-49.945946,-648478848.478361,-2.341413,78.429652,-1.230742,-2.325092,89.453571,-0.038265,-1.900753,0.945136,0.645204,1.038044
04-30-25,29.6,29.709999,29.450001,29.338642,38900,28.735074,29.503937,29.185013,-0.063828,-0.008913,0.017365,FALSE,TRUE,0.318924,-0.033939,19.354925,25.280409,54.148875,1.916936,-0.067134,0.146489,-3.087962,0.844042,10.566551,74.597616,-1.655626,1.86659,55.794643,0.977837,0.650608,0.89845,2.401808,-1.108735,-9.341561,0.465422,647100,68.398268,-648551070.625756,-2.278958,73.206167,-0.964234,-2.354137,89.545748,-0.046283,-2.357863,0.947866,0.650608,1.081767
05-01-25,29.870001,29.870001,29.719999,29.388031,85600,28.706427,29.483083,29.192182,-0.06106,-0.009917,0.017308,FALSE,TRUE,0.290901,-0.033326,52.610356,23.658394,54.90587,1.862796,-0.032487,0.144909,-3.675413,1.250681,11.478916,68.498718,-1.912303,1.793298,50.376921,0.97742,0.650391,0.898505,2.124799,-0.967249,-9.341561,1.006585,732700,51.77305,-649015553.266517,-2.448192,84.569551,-0.335362,-2.114041,89.69649,-0.03895,-1.985685,0.947895,0.650391,1.353009
05-02-25,29.9,29.969999,29.870001,29.585598,46700,28.73211,29.468342,29.19942,-0.056805,-0.0109,0.01725,TRUE,TRUE,0.268923,-0.032074,50.627563,22.07799,57.900159,3.067509,0.010789,0.150548,-2.840033,2.584334,12.269255,73.671126,1.766907,1.763442,53.548038,0.979106,0.652638,0.899074,2.450023,-0.924387,-9.341561,0.568715,779400,-55.608365,-649327889.579174,-2.5266,83.778963,-1.368568,-3.187338,89.471927,-0.034591,-1.765353,0.948195,0.652638,1.593873
05-05-25,29.879999,29.98,29.870001,29.555962,40500,28.797801,29.455958,29.207138,-0.051355,-0.011863,0.017192,TRUE,TRUE,0.248819,-0.030741,42.857016,20.640656,57.285669,3.136794,0.042208,0.145573,-2.654557,2.309103,11.587477,71.153869,4.65197,1.689016,55.252555,0.978771,0.652617,0.900042,2.295529,-0.995465,-9.341561,0.509594,738900,-56.59164,-649599639.375432,-2.639457,78.425539,-2.148375,-2.898708,89.616962,-0.037224,-1.90954,0.948705,0.652617,1.372173
05-06-25,29.860001,29.870001,29.75,29.476936,40800,28.87584,29.441993,29.215188,-0.044822,-0.012801,0.017133,TRUE,TRUE,0.226805,-0.029871,33.333272,19.409315,55.591452,0.685582,0.060039,0.130723,-2.567881,2.104282,10.487881,65.777997,5.59094,1.63813,53.126158,0.974955,0.651348,0.902742,2.180971,-0.870515,-9.341561,0.559556,698100,-76.27907,-649826121.365419,-2.966313,72.825039,-2.007816,-2.88163,89.5419,-0.031519,-1.645587,0.950127,0.651348,1.131451
05-07-25,29.870001,29.959999,29.84,29.595476,28700,28.972648,29.428433,29.224217,-0.037295,-0.013713,0.017074,TRUE,TRUE,0.204216,-0.028531,53.535389,18.080629,57.616355,-0.283804,0.082781,0.122772,-2.68194,2.136483,10.17865,73.841934,6.999996,1.675751,47.089338,0.974525,0.651668,0.902725,1.99327,-0.885285,-9.341561,0.41091,726800,-68.146504,-649971786.387513,-3.101329,80.737559,-1.747605,-2.994713,89.268054,-0.03086,-1.611763,0.950118,0.651668,1.322653
05-08-25,30.08,30.18,29.99,29.69426,50800,29.020064,29.415473,29.232966,-0.028932,-0.014585,0.017015,TRUE,TRUE,0.182507,-0.027053,54.679775,17.532688,59.282539,1.996871,0.107535,0.118021,-2.514651,1.523471,10.191841,70.913734,3.298972,1.690117,49.403988,0.975626,0.652102,0.903348,2.014281,-0.758667,-9.341561,0.759456,777600,-53.77616,-650180729.084898,-3.427128,79.784167,-2.1225,-2.916866,89.17011,-0.026847,-1.405102,0.950446,0.652102,1.364659
05-09-25,30.139999,30.15,30.09,29.753531,20700,29.103042,29.40645,29.242011,-0.019794,-0.015412,0.016956,TRUE,TRUE,0.164439,-0.025575,83.146323,17.023885,60.291218,4.699766,0.130432,0.112735,-1.589695,1.054216,10.490532,69.096415,5.907172,1.716936,46.904452,0.975603,0.652363,0.903268,1.722115,-0.63425,-9.341561,0.336039,798300,-83.636364,-650433595.210084,-3.807472,84.108839,-1.817216,-2.852612,89.139501,-0.02619,-1.370198,0.950404,0.652363,1.386838
05-12-25,30.59,30.59,30.4,30.119028,48900,29.189477,29.401395,29.254141,-0.010033,-0.016174,0.016896,TRUE,TRUE,0.147254,-0.023271,83.516728,17.724794,65.900954,8.284599,0.176042,0.126675,-0.832151,2.228068,11.728296,66.832955,6.089076,1.724087,48.962323,0.987553,0.657354,0.898151,2.42796,-0.401919,-9.341561,0.827271,847200,-50.455927,-650627121.200146,-4.068566,82.034264,-1.115407,-2.817297,89.422621,-0.015153,-0.76325,0.947708,0.657354,1.898503
05-13-25,30.52,30.58,30.52,30.158543,54200,29.26554,29.397327,29.266614,0.000053,-0.016869,0.016837,TRUE,TRUE,0.130713,-0.020888,81.481768,18.375639,66.452739,7.1702,0.212922,0.130844,-0.573347,2.260937,12.034518,68.275197,5.312185,1.645681,51.673769,0.987718,0.661467,0.903928,2.267608,-0.366709,-9.341561,0.942527,901400,-37.195829,-651334360.81613,-4.594326,81.501352,-1.011557,-2.80304,89.310359,-0.025119,-1.302487,0.950751,0.661467,1.728154
05-14-25,30.57,30.57,30.5,30.168421,41100,29.334689,29.399158,29.278024,0.010347,-0.017475,0.016777,TRUE,TRUE,0.121133,-0.018443,77.778096,18.89326,66.598252,6.307034,0.240178,0.12648,-0.282271,2.768797,11.991315,63.967578,4.804395,1.59212,54.107201,0.987688,0.66288,0.905535,2.104478,-0.375283,-9.341561,0.737021,942500,-45.849802,-651764831.241198,-4.833697,73.911318,-1.495085,-1.922564,89.020051,-0.022267,-1.164396,0.951596,0.66288,1.54089
05-15-25,30.559999,30.73,30.559999,30.34623,26000,29.424581,29.401792,29.290275,0.020582,-0.017976,0.016718,TRUE,TRUE,0.111517,-0.015628,79.592132,19.778705,69.188924,3.28797,0.272979,0.127426,-0.084083,3.374503,12.370938,70.017941,6.297582,1.614044,55.277895,0.990549,0.663485,0.907528,2.410315,-0.251328,-9.341561,0.489734,968500,-67.295597,-651856219.655743,-4.972827,73.807989,-1.576416,-1.836445,88.728615,-0.027045,-1.425297,0.952643,0.663485,1.6673
05-16-25,30.719999,30.82,30.709999,30.435135,38600,29.51645,29.412889,29.302873,0.03065,-0.018373,0.016659,TRUE,TRUE,0.110015,-0.012846,80.000283,20.817441,70.424132,3.971392,0.30266,0.125685,0.208641,3.608728,12.062535,71.907656,6.424865,1.622057,56.075732,0.990141,0.663523,0.90712,2.452921,-0.07821,-9.341561,0.765569,1007100,-58.043478,-652087723.276218,-5.006854,73.574128,-2.404475,-1.675282,88.763846,-0.023573,-1.2401,0.952428,0.663523,1.638293
05-20-25,30.76,30.790001,30.700001,30.375866,47500,29.620666,29.420047,29.314062,0.040253,-0.018673,0.0166,TRUE,TRUE,0.105985,-0.010417,70.629767,21.731604,68.453908,1.855656,0.317737,0.112609,-0.051193,3.784855,11.923467,67.581452,7.367326,1.593383,51.275767,0.988374,0.667645,0.907815,2.271129,-0.000322,-9.341561,0.93247,959600,28.032345,-652477365.013174,-5.253565,65.753855,-2.214144,-2.377636,88.390109,-0.035765,-1.891927,0.952793,0.667645,1.47282
05-21-25,30.6,30.629999,30.389999,30.059759,24800,29.692778,29.425995,29.324639,0.048796,-0.0189,0.01654,TRUE,TRUE,0.101356,-0.008517,42.690061,21.156794,58.976975,-10.211948,0.300712,0.076467,-1.2191,2.704817,10.680397,30.887246,5.039702,1.591673,46.32828,0.997743,0.670655,0.90774,2.083163,-0.276273,-9.341561,0.549828,934800,-82.473498,-652570414.729853,-5.606886,67.202093,-2.559638,-2.194373,88.360775,-0.042077,-2.204034,0.952754,0.670655,0.792132
05-22-25,30.43,30.5,30.370001,30.059759,92400,29.753036,29.434499,29.336376,0.056053,-0.019051,0.016481,TRUE,TRUE,0.098122,-0.006444,40.963955,20.539751,58.976975,-11.447156,0.283946,0.047761,-0.866888,2.80729,10.407116,28.949461,4.176659,1.570021,42.534826,0.996818,0.670229,0.907939,1.898091,-0.362984,-9.341561,2.012414,934800,21.259843,-653103838.084754,-5.778295,52.267693,-2.812137,-2.202654,88.198027,-0.046171,-2.423341,0.952858,0.670229,0.72111
05-23-25,30.23,30.32,30.23,29.911583,42900,29.792056,29.439645,29.349647,0.061943,-0.019125,0.016422,TRUE,TRUE,0.089999,-0.004486,20.496885,19.389899,54.848866,-13.605042,0.255754,0.015656,-0.873576,2.402671,9.979247,15.101214,2.678874,1.50097,40.036183,0.998286,0.670734,0.905601,1.80488,-0.553328,-9.341561,0.963395,891900,-39.235127,-653450294.724435,-6.207508,44.852692,-4.067332,-2.526689,87.830665,-0.052375,-2.710733,0.951631,0.670734,0.298549
05-26-25,30.59,30.59,30.459999,30.207933,38300,29.842929,29.452882,29.364979,0.06656,-0.019109,0.016363,TRUE,TRUE,0.087902,-0.002251,35.106489,19.207705,60.764008,1.787033,0.254393,0.011435,0.108524,3.108323,11.422981,42.797529,3.485623,1.553403,38.421363,1.005019,0.674279,0.902046,1.643583,-0.169411,-9.341561,0.851679,930200,29.830508,-653637118.34602,-6.214139,51.415993,-3.851383,-1.095875,88.047155,-0.044726,-2.257219,0.949761,0.674279,0.950004
05-27-25,30.620001,30.74,30.559999,30.365986,35800,29.898742,29.464168,29.379651,0.070059,-0.019,0.016305,TRUE,TRUE,0.084517,0.000526,45.918341,19.466381,63.509715,4.532739,0.263035,0.016062,0.305582,3.270774,11.966301,53.672037,3.816277,1.596603,37.446036,1.004749,0.676595,0.902779,1.413171,-0.177354,-9.341561,0.804947,966000,-21.66302,-653750092.512086,-6.125154,57.858422,-4.158127,-1.453563,87.816018,-0.040677,-2.061145,0.950147,0.676595,1.247781
05-28-25,30.75,30.75,30.610001,30.277081,25000,29.943688,29.470923,29.393298,0.072178,-0.018811,0.016247,TRUE,TRUE,0.077626,0.003141,35.751252,19.734939,60.92692,6.078053,0.259717,0.010195,-0.214878,2.460181,11.401785,34.588047,3.059851,1.577924,36.244164,1.005474,0.689972,0.918783,1.21353,-0.24575,-9.341561,0.575904,941000,-46.00432,-653893993.057045,-6.237209,53.35862,-4.268564,-2.426203,87.514774,-0.063181,-3.500173,0.958532,0.689972,0.919852
05-29-25,30.799999,30.799999,30.629999,30.316595,37200,29.992586,29.480435,29.406948,0.072825,-0.018539,0.01619,TRUE,TRUE,0.073487,0.005342,33.689833,20.132132,61.672971,0.908963,0.257309,0.00623,0.370549,2.22389,12.022183,31.04042,3.333327,1.561352,34.190447,0.997995,0.696104,0.91823,1.029673,0.035891,-9.341561,0.858627,978200,-4.37018,-654068353.370748,-6.36732,52.331781,-4.155853,-2.316432,87.850383,-0.064659,-3.596687,0.958243,0.696104,0.947661
05-30-25,30.66,30.67,30.51,30.267202,33700,30.036544,29.484045,29.419094,0.071756,-0.018181,0.016133,TRUE,TRUE,0.064951,0.007682,27.956882,19.918048,60.127521,-3.382193,0.24855,-0.002023,-0.344282,2.157827,12.639112,6.305564,2.991597,1.53975,31.559098,0.996578,0.698557,0.919189,0.85072,-0.128772,-9.341561,0.8274,944500,-60.630841,-654204332.063259,-6.369726,47.661982,-3.494238,-1.871147,87.818199,-0.060718,-3.402267,0.958743,0.698557,0.730877
06-02-25,30.610001,30.719999,30.549999,30.326473,30300,30.073588,29.490806,29.431246,0.069623,-0.017735,0.016077,TRUE,TRUE,0.05956,0.00955,13.548366,19.887327,61.378228,0.451308,0.243584,-0.005592,-0.116802,1.823202,12.61817,16.351469,2.504175,1.446373,30.310823,0.986033,0.69288,0.916661,0.8098,0.219173,-9.341561,0.759208,974800,-35.117773,-654314312.472554,-6.247085,45.967015,-5.712416,-2.828157,87.217932,-0.061233,-3.414844,0.957424,0.69288,0.834307
06-03-25,30.690001,30.77,30.68,30.365986,25800,30.114089,29.498553,29.442531,0.067087,-0.017203,0.016022,TRUE,TRUE,0.056023,0.011691,13.548259,20.029449,62.228821,0.55585,0.240068,-0.007286,0.961167,1.19598,12.244516,23.048524,2.740646,1.440388,28.38059,0.984507,0.692349,0.915231,0.7749,0.130765,-9.341561,0.658583,1000600,-36.296296,-654520147.109946,-6.280163,43.141882,-6.535441,-2.999956,87.419252,-0.056855,-3.148713,0.956677,0.692349,0.887567
06-04-25,30.780001,30.790001,30.74,30.375866,44600,30.159036,29.503746,29.45372,0.064447,-0.016567,0.015967,TRUE,TRUE,0.050027,0.013396,13.548366,20.231848,62.451506,2.323985,0.235367,-0.00959,0.534066,1.426112,12.161599,24.723111,3.049603,1.442872,24.629141,0.977777,0.692346,0.911821,0.740489,0.370832,-9.341561,1.132986,1045200,9.313725,-655214347.003137,-6.843929,51.095418,-5.312632,-2.45914,87.822448,-0.052847,-2.889336,0.954893,0.692346,0.880381
06-05-25,30.77,30.809999,30.67,30.306717,60600,30.194598,29.506967,29.463886,0.061913,-0.015823,0.015912,TRUE,TRUE,0.043081,0.014737,-2.777718,20.021271,59.794442,-1.583786,0.223485,-0.017177,1.427037,1.129553,11.589699,13.002942,2.403208,1.416128,20.91898,0.976487,0.694682,0.911967,0.744947,0.425968,-9.341561,1.479492,984600,111.149826,-655589447.793328,-6.857497,43.509248,-5.582184,-2.728891,87.622525,-0.059781,-3.275475,0.95497,0.694682,0.535969
06-06-25,30.83,30.83,30.75,30.425255,17500,30.231147,29.517438,29.474887,0.058813,-0.014964,0.015857,TRUE,TRUE,0.042551,0.016268,-0.68039,19.907153,62.722388,0.493567,0.221085,-0.015662,1.356967,1.196749,11.31763,32.542526,2.461739,1.422234,17.882571,0.977523,0.696675,0.91351,0.720474,0.513423,-9.341561,0.445349,1002100,-65.551181,-655749023.944295,-7.085246,41.355716,-5.257212,-3.054408,87.633876,-0.051474,-2.842343,0.955777,0.696675,1.085456
06-09-25,30.82,30.85,30.75,30.4055,25300,30.263746,29.527316,29.485498,0.055668,-0.014006,0.015803,TRUE,TRUE,0.041818,0.017541,2.097862,19.886395,61.913196,-0.53831,0.215109,-0.01731,2.160894,1.26205,11.167226,28.306554,2.191235,1.439574,14.301672,0.976146,0.699903,0.915091,0.719376,0.595373,-9.341561,0.640101,976800,22.222222,-655948640.070866,-6.976654,47.844703,-5.566018,-2.488074,87.863825,-0.054788,-3.057692,0.956604,0.699903,0.991175
06-10-25,30.879999,30.879999,30.780001,30.474649,38700,30.281527,29.542924,29.497036,0.052396,-0.012954,0.015749,TRUE,TRUE,0.045887,0.019312,35.593176,19.999612,63.679586,3.885144,0.213492,-0.015142,2.834732,0.839237,11.694564,37.638466,1.18072,1.487959,14.614982,0.970607,0.703004,0.914793,0.763599,0.424992,-9.341561,0.991926,1015500,-20.858896,-656223685.55038,-7.172324,53.70735,-6.130604,-3.091275,87.820261,-0.050274,-2.816846,0.956448,0.703004,1.321401
06-11-25,30.870001,30.92,30.83,30.474649,51200,30.297332,29.556161,29.507752,0.048908,-0.01182,0.015695,TRUE,TRUE,0.048409,0.021279,35.593176,20.284649,63.679586,0.957198,0.209792,-0.015073,2.766559,1.001717,11.576752,35.456478,1.04815,1.489156,14.921031,0.969051,0.702879,0.91365,0.671336,0.299607,-9.341561,1.317381,1015500,-5.535055,-656679194.760739,-6.876153,68.12039,-5.92757,-3.615965,87.468626,-0.052911,-2.949634,0.95585,0.702879,1.188371
06-12-25,30.84,30.860001,30.799999,30.484526,35100,30.313138,29.5692,29.518904,0.045187,-0.010609,0.015641,TRUE,TRUE,0.050296,0.023066,55.769227,20.325689,63.956481,2.043285,0.20529,-0.01566,3.176052,1.393889,11.848885,5.331857,1.047801,1.517989,15.15599,0.967882,0.702692,0.913404,0.481335,0.398568,-9.341561,0.910152,1050600,-14.59854,-657083390.373938,-6.895578,69.081422,-6.835205,-3.840702,87.322145,-0.053276,-2.969327,0.955722,0.702692,1.130828
06-13-25,30.76,30.76,30.6,30.257324,56700,30.308692,29.575127,29.528968,0.04135,-0.009336,0.015588,TRUE,TRUE,0.046159,0.024862,5.154557,19.038957,53.795933,-9.883653,0.181299,-0.031721,1.528916,0.346123,10.392897,-61.628318,-0.29297,1.434264,15.184177,0.967553,0.707165,0.910891,0.46104,-0.030265,-9.341561,1.413965,993900,118.076923,-657382962.335886,-6.8912,59.257069,-6.306773,-3.820118,87.019062,-0.057668,-3.16957,0.954406,0.707165,-0.3383
06-16-25,30.639999,30.809999,30.639999,30.336351,69800,30.303753,29.600416,29.539815,0.037563,-0.008002,0.015534,TRUE,TRUE,0.060601,0.026611,-3.370728,18.120997,56.391058,-7.288529,0.166741,-0.037023,1.326225,0.966358,10.836573,-42.35339,-0.324571,1.435381,14.909409,0.967021,0.706973,0.911443,0.467582,0.130558,-9.341561,1.675468,1063700,80.829016,-657702110.812813,-6.738343,61.770751,-5.941007,-4.573346,86.98461,-0.052327,-2.886553,0.954695,0.706973,0.218643
06-17-25,30.700001,30.709999,30.639999,30.296837,15900,30.299802,29.64151,29.550367,0.034182,-0.00662,0.015481,TRUE,TRUE,0.091143,0.028259,2.380909,17.268605,54.735619,-9.220862,0.150283,-0.042785,1.527554,1.031022,10.847784,-51.991087,-0.260171,1.434809,14.81264,0.967199,0.707465,0.912129,0.461121,0.103869,-9.341561,0.396707,1047800,-66.526316,-657873905.330524,-6.732211,62.804523,-5.870148,-4.738968,87.067208,-0.054459,-3.015296,0.955055,0.707465,-0.020015
06-18-25,30.73,30.83,30.709999,30.385742,43900,30.316101,29.690901,29.560977,0.031151,-0.005193,0.015427,TRUE,TRUE,0.129925,0.030268,7.865032,17.143562,57.741505,3.945571,0.142768,-0.04024,0.993857,1.327495,11.017026,-30.306851,1.08445,1.433019,13.790525,0.966168,0.714484,0.915271,0.445486,0.058641,-9.341561,1.069818,1091700,77.016129,-658155051.634267,-6.804724,63.263607,-4.873336,-4.967685,87.278962,-0.041272,-2.329629,0.956698,0.714484,0.504995
06-19-25,30.74,31,30.67,30.553675,29400,30.340797,29.748788,29.57349,0.028487,-0.003721,0.015374,TRUE,TRUE,0.175298,0.032588,28.712951,17.822465,62.770638,6.37958,0.148649,-0.027487,1.884863,1.821462,11.318115,0.816768,1.643112,1.486125,13.374603,0.968574,0.712393,0.906138,0.596093,0.182715,-9.341561,0.776033,1121100,-68.181818,-658205178.706486,-6.732665,69.146701,-3.853739,-4.288587,87.937519,-0.030208,-1.616038,0.951913,0.712393,1.591659
06-20-25,30.889999,30.889999,30.73,30.365986,35800,30.363517,29.781189,29.584921,0.025879,-0.002224,0.01532,TRUE,TRUE,0.196269,0.034164,3.508713,18.452875,54.905865,0.170246,0.136591,-0.031636,1.29219,2.625965,10.441085,-58.503684,1.519154,1.467913,8.764704,0.966043,0.71093,0.901621,0.585477,0.236625,-9.341561,0.953904,1085300,-16.550117,-658403874.98,-6.599494,62.952856,-4.672579,-5.880734,87.441198,-0.034569,-1.811115,0.949537,0.71093,0.028172
06-23-25,30.85,30.93,30.77,30.524038,53400,30.379322,29.829791,29.597334,0.023442,-0.000705,0.015267,TRUE,TRUE,0.232456,0.035989,12.698352,19.220089,59.506925,1.76542,0.138195,-0.024026,1.354179,3.773966,11.600619,-18.990535,1.04643,1.488507,8.660953,0.968114,0.711828,0.901289,0.562585,0.369336,-9.341561,1.394802,1138700,39.425587,-658621454.86699,-6.509516,64.734596,-3.591096,-5.928046,87.479028,-0.032186,-1.679823,0.949362,0.711828,1.670906
06-24-25,30.969999,31.129999,30.959999,30.731485,45800,30.397597,29.876614,29.611705,0.02134,0.000828,0.015213,TRUE,TRUE,0.264909,0.037753,24.657507,20.728795,64.610792,1.840155,0.154425,-0.006236,1.943179,3.963716,12.477556,24.808545,1.203648,1.520749,11.690858,0.966301,0.72126,0.902783,1.05479,0.755041,-9.341561,1.180869,1184500,27.932961,-658790383.379595,-6.497732,64.835319,-3.496636,-5.571654,87.592038,-0.03551,-1.870961,0.950149,0.72126,2.855979
06-25-25,30.85,30.85,30.76,30.630941,54200,30.41529,29.916487,29.62475,0.01945,0.002364,0.015159,TRUE,TRUE,0.291737,0.039495,22.001742,20.676443,60.622509,5.716644,0.157361,-0.00264,2.438779,3.249975,12.109564,5.83794,1.168742,1.452141,12.425553,0.966553,0.720889,0.902666,0.99185,0.556014,-9.341561,1.346751,1130300,116.8,-659000027.316356,-6.343688,65.527294,-3.008194,-4.827072,87.917217,-0.028967,-1.524892,0.950087,0.720889,1.735548
06-26-25,30.77,30.870001,30.76,30.73049,51200,30.435985,29.955388,29.637857,0.017919,0.003905,0.015106,TRUE,TRUE,0.31753,0.041388,20.983517,20.715683,63.054201,3.547277,0.165809,0.004646,2.737758,3.146033,12.263199,24.620689,1.365241,1.381373,14.037432,0.967205,0.720783,0.903272,0.955427,0.626411,-9.341561,1.250458,1181500,37.634409,-659078698.754836,-6.118385,67.452229,-3.421701,-5.314188,87.61097,-0.027685,-1.460976,0.950406,0.720783,2.097998
06-27-25,30.950001,31.059999,30.950001,30.879812,50100,30.466615,30.002017,29.651131,0.016853,0.005456,0.015052,TRUE,TRUE,0.350886,0.043694,29.93997,21.516794,66.405441,1.794649,0.18245,0.01703,3.992531,3.850594,13.048474,52.794812,2.024006,1.352664,16.60889,0.967597,0.723308,0.899358,1.328057,0.641319,-9.341561,1.199569,1231600,48.664688,-659192734.871775,-5.971989,68.753525,-3.757411,-4.61899,88.146232,-0.011918,-0.616331,0.948345,0.723308,2.487807
06-30-25,31.120001,31.120001,30.99,30.91963,49700,30.496273,30.048454,29.66383,0.016148,0.007004,0.014999,TRUE,TRUE,0.384624,0.044507,28.618358,22.475474,67.258302,6.635793,0.196585,0.024932,3.712602,4.579089,13.074081,60.307624,1.955904,1.296794,19.085898,0.8825,0.710671,0.878803,1.391651,1.631438,-9.341561,1.162981,1281300,64.026403,-659296240.20057,-5.828861,69.311587,-3.738424,-5.301066,87.75755,-0.01058,-0.546672,0.937445,0.710671,2.218167
07-02-25,31.040001,31.049999,30.98,30.899723,69300,30.52296,30.100618,29.675945,0.015829,0.008537,0.014946,TRUE,TRUE,0.424673,0.043778,26.992482,23.289852,66.351375,3.297174,0.203831,0.025742,3.577184,4.477027,13.161443,56.551578,1.757681,1.224817,20.820906,0.792794,0.739004,0.854054,1.337553,2.747079,-9.341561,1.543086,1212000,168.604651,-659524488.342259,-5.571522,59.611304,-3.501205,-4.985787,87.635995,-0.024911,-1.305694,0.924151,0.739004,1.809543
07-03-25,31.1,31.17,31.049999,30.95945,31200,30.552139,30.147456,29.687778,0.016022,0.01006,0.014893,TRUE,TRUE,0.459678,0.042447,29.232651,24.481908,67.756194,1.350753,0.21195,0.027089,3.332582,4.540009,13.219703,63.06133,1.921209,1.195905,22.659116,0.773996,0.734232,0.844698,1.386515,3.274429,-9.341561,0.705244,1243200,-30.044843,-659602773.736839,-4.959795,64.72808,-3.281739,-5.008295,87.201607,-0.027085,-1.4096,0.919075,0.734232,1.797558
07-04-25,31.15,31.17,31.08,31.019178,34700,30.587762,30.190748,29.700055,0.016693,0.011562,0.01484,TRUE,TRUE,0.490693,0.04061,52.283392,25.588818,69.14358,1.885277,0.22066,0.028639,6.698057,4.051014,12.640949,71.543115,2.350837,1.178652,24.14911,0.760514,0.741656,0.839565,1.40041,3.719659,-9.341561,0.80801,1277900,-42.739274,-659684373.817372,-4.76764,72.404995,-4.093275,-4.718299,87.369841,-0.029737,-1.549679,0.916278,0.741656,1.786468
07-07-25,31.15,31.15,31.01,30.929586,53000,30.612979,30.226716,29.712029,0.017711,0.013034,0.014788,TRUE,TRUE,0.514686,0.04028,40.418603,26.029141,64.650017,-1.701358,0.217822,0.020641,9.515711,3.85321,12.276152,54.63899,1.657608,1.086763,24.981664,0.583892,0.720405,0.728277,1.273178,2.933825,-9.341561,1.185152,1224900,202.857143,-659798258.830996,-4.52732,63.068363,-6.307344,-4.985159,87.246052,-0.029904,-1.559672,0.853391,0.720405,1.26736
07-08-25,31.09,31.09,31.040001,30.939541,42700,30.639681,30.261697,29.723037,0.019051,0.014475,0.014736,TRUE,TRUE,0.53866,0.038741,44.689091,26.438013,64.922787,-2.833407,0.213911,0.013384,10.830215,4.334265,12.233445,53.908157,1.756394,1.037185,25.496072,0.492559,0.683493,0.61243,1.11281,4.713378,-9.341561,0.936609,1267600,68.774704,-660012547.21888,-4.457016,60.410057,-6.16338,-4.364613,87.640558,-0.012081,-0.625421,0.782579,0.683493,1.176103
07-09-25,31.139999,31.219999,31.129999,31.068953,31900,30.669396,30.298081,29.734934,0.020531,0.01588,0.014684,TRUE,TRUE,0.563147,0.037758,46.204262,27.365327,68.342753,-0.800827,0.218733,0.014564,12.327228,4.701263,12.544868,72.536916,1.950156,0.974767,26.896228,0.479692,0.772015,0.618776,1.092936,4.488705,-9.341561,0.704972,1299500,-17.571059,-660087722.402197,-4.269654,59.697683,-6.771849,-3.5231,87.811941,-0.017258,-0.925013,0.786623,0.772015,1.485549
07-10-25,31.209999,31.26,31.15,31.098818,34800,30.700604,30.332495,29.746981,0.022123,0.017245,0.014632,TRUE,TRUE,0.585514,0.037093,40.663912,28.381711,69.091697,4.44168,0.2224,0.014585,8.185082,4.455909,12.969832,69.588265,2.048156,0.876627,28.111349,0.470362,0.763227,0.598418,1.072452,4.142514,-9.341561,0.783255,1334300,-32.03125,-660154906.338943,-3.911447,60.067162,-5.62944,-4.244639,87.46529,-0.020672,-1.100924,0.773575,0.763227,1.416558
07-11-25,31.1,31.120001,31.07,30.969406,54700,30.724848,30.36511,29.758307,0.023704,0.018558,0.014581,TRUE,TRUE,0.606803,0.036331,47.056566,28.599767,62.222364,-2.700423,0.212415,0.00368,10.23506,5.413289,11.636461,41.88118,1.590579,0.814252,28.240323,0.473052,0.776188,0.602777,0.875149,3.596827,-9.341561,1.20458,1279600,55.840456,-660429700.025763,-3.684551,58.2921,-6.61729,-4.500646,87.379864,-0.023395,-1.245675,0.776387,0.776188,0.865988
07-14-25,31.07,31.17,31.07,31.029135,49200,30.763439,30.397932,29.770175,0.025147,0.019814,0.014529,TRUE,TRUE,0.627757,0.035144,42.659965,29.027883,64.001334,-4.341418,0.206936,-0.001439,9.29477,6.006723,11.57934,53.826904,2.550822,0.729026,26.749392,0.456486,0.750121,0.612887,0.724896,4.316501,-9.341561,1.092484,1328800,-13.227513,-660519110.977717,-3.481901,58.061158,-5.607181,-5.466679,86.949479,-0.010831,-0.605345,0.782871,0.750121,0.993278
07-15-25,31.190001,31.190001,31.02,30.879812,63400,30.790612,30.423816,29.78047,0.026217,0.021008,0.014478,TRUE,TRUE,0.643346,0.033657,13.174292,28.970977,56.800047,-12.29165,0.188374,-0.016001,7.830823,5.567478,10.465844,23.962402,1.791451,0.631708,24.877367,0.463445,0.752387,0.626104,0.679148,3.87818,-9.341561,1.417869,1265400,-9.169054,-660687074.848063,-3.337766,49.701403,-5.113242,-5.108665,87.084234,-0.008737,-0.489423,0.791267,0.752387,0.35856
07-16-25,31.059999,31.08,30.9,30.91963,66000,30.821752,30.45109,29.790721,0.026937,0.022143,0.014427,TRUE,TRUE,0.660369,0.03159,27.102971,27.920908,58.152214,-4.07015,0.17486,-0.023612,7.414079,4.509605,10.608284,31.925964,2.055638,0.649762,22.115923,0.435857,0.709198,0.602191,0.568576,4.851936,-9.341561,1.397713,1331400,315.09434,-660738679.222241,-3.033433,48.814752,-5.147565,-5.788607,86.727383,0.005052,0.291713,0.77601,0.709198,0.44257
07-17-25,31.129999,31.25,31.129999,31.098818,32900,30.857405,30.483527,29.801868,0.027639,0.023225,0.014376,TRUE,TRUE,0.681659,0.030224,32.174168,27.818103,63.664083,-0.337251,0.176574,-0.017518,8.933769,4.663241,10.522412,55.227186,2.346744,0.666991,20.39807,0.419479,0.687474,0.569293,0.472316,4.680149,-9.341561,0.70495,1364300,-25.056948,-660788676.868272,-2.82154,47.445256,-4.873793,-6.469749,86.322227,0.00483,0.278521,0.754515,0.687474,1.183506
07-18-25,31.24,31.25,31.190001,31.049044,37000,30.882174,30.512599,29.813398,0.028271,0.024242,0.014325,TRUE,TRUE,0.699201,0.029039,16.19058,27.722642,61.250745,4.450698,0.171934,-0.017727,8.571567,3.672649,10.841036,41.401051,1.621307,0.627035,19.503815,0.411296,0.669358,0.568797,0.435303,4.137396,-9.341561,0.786397,1327300,25.85034,-660999525.232706,-2.96955,46.409207,-4.301346,-5.95438,86.519082,0.002855,0.167791,0.754186,0.669358,0.855575
07-21-25,31.24,31.33,31.23,31.088861,31200,30.918318,30.540491,29.825224,0.028963,0.025188,0.014273,TRUE,TRUE,0.715266,0.028267,16.19058,28.012793,62.476176,4.323962,0.169515,-0.016116,9.887498,3.533769,11.561204,43.921329,2.380544,0.635599,15.776399,0.396407,0.64645,0.541243,0.407244,3.738604,-9.341561,0.666382,1358500,-12.849162,-661118795.056658,-2.899317,44.860871,-3.645187,-5.726429,86.693225,0.004909,0.290256,0.735692,0.64645,1.081006
07-22-25,31.26,31.26,31.18,31.088861,51700,30.946559,30.567197,29.837342,0.029475,0.026068,0.014222,TRUE,TRUE,0.729855,0.027486,18.446425,27.846365,62.476176,-1.187907,0.165689,-0.015954,8.635759,3.364592,11.871972,43.921329,1.850421,0.644966,13.190464,0.396457,0.648852,0.543972,0.369656,3.602352,-9.341561,1.106237,1358500,-3.183521,-661288292.119339,-2.853148,46.117223,-3.458467,-5.480948,86.524928,-0.000973,-0.057676,0.737545,0.648852,1.07883
07-23-25,31.299999,31.379999,31.299999,31.218275,70600,30.970898,30.589182,29.84967,0.029769,0.026875,0.014171,TRUE,TRUE,0.739512,0.026913,23.636452,28.259203,66.472811,5.222066,0.171126,-0.008413,8.191672,3.59175,11.715291,66.307449,1.58401,0.647065,13.500543,0.398295,0.650065,0.537872,0.67143,3.72737,-9.341561,1.4716,1429100,54.148472,-661503135.411425,-2.827256,49.404035,-3.402574,-5.383877,86.758792,0.005412,0.317292,0.733397,0.650065,1.832347
07-24-25,31.299999,31.42,31.299999,31.228231,89500,31.000763,30.610576,29.862388,0.029908,0.027609,0.01412,TRUE,TRUE,0.748188,0.026464,20.000219,28.817742,66.766085,4.289909,0.17423,-0.004247,7.198594,3.321498,11.75092,63.121447,1.949957,0.64484,12.120335,0.396045,0.644047,0.534795,0.67698,3.476549,-9.341561,1.799357,1518600,65.129151,-661699688.308191,-2.713773,53.35752,-3.134615,-4.874232,86.891733,0.005151,0.302712,0.731297,0.644047,1.876752
07-25-25,31.41,31.530001,31.4,31.377552,31400,31.033116,30.634759,29.875512,0.029955,0.028287,0.014069,TRUE,TRUE,0.759247,0.02609,40.540522,29.786748,70.880141,8.403965,0.186588,0.006489,7.492474,3.815539,13.305319,75.801842,2.105604,0.678597,13.120955,0.397723,0.648839,0.536037,1.046714,3.869434,-9.341561,0.644103,1550000,-38.671875,-661741932.129899,-2.731521,59.607795,-3.376065,-4.736582,86.885649,0.006824,0.399858,0.732146,0.648839,2.625085
07-28-25,31.51,31.51,31.389999,31.28796,41200,31.053523,30.653593,29.887507,0.029879,0.028898,0.014018,TRUE,TRUE,0.766086,0.02554,29.411897,30.589264,65.630513,-0.842298,0.186997,0.005518,6.968354,3.789129,13.100368,61.580917,1.32173,0.674156,13.769097,0.400952,0.654842,0.545252,0.98094,3.538777,-9.341561,0.852914,1508800,-17.764471,-661853198.651397,-2.753818,59.694734,-3.11081,-4.644655,86.88929,0.001441,0.084582,0.738412,0.654842,1.70263
07-29-25,31.5,31.52,31.48,31.377552,23200,31.076419,30.672442,29.899756,0.029716,0.029459,0.013968,TRUE,TRUE,0.772686,0.025365,26.956623,31.377408,68.169346,1.403261,0.192334,0.008684,6.805735,3.714353,12.51903,75.801842,1.481007,0.661209,15.162279,0.39475,0.651486,0.530894,0.945067,3.335722,-9.341561,0.493827,1532000,-53.31992,-661995235.042776,-2.872493,59.191654,-3.209765,-4.470869,86.843711,0.001903,0.111733,0.728625,0.651486,1.986065
07-30-25,31.540001,31.549999,31.4,31.317822,41300,31.097324,30.691281,29.910977,0.029401,0.029962,0.013917,TRUE,TRUE,0.780304,0.024943,18.643919,31.29246,64.73599,-6.144151,0.189558,0.004726,6.745982,3.449706,12.265876,64.280328,1.353082,0.658228,15.476859,0.395691,0.646217,0.531617,0.916174,3.267484,-9.341561,0.906099,1490700,-40.40404,-662081787.906985,-2.805287,53.513491,-2.972359,-3.938515,87.119881,0.003822,0.224015,0.729121,0.646217,1.42469
07-31-25,31.5,31.59,31.4,31.258095,32500,31.112257,30.715248,29.921996,0.028896,0.030414,0.013867,TRUE,TRUE,0.793251,0.024192,26.126132,31.421354,61.405603,-4.22491,0.180458,-0.003499,6.363352,2.45406,11.974094,51.89781,0.964633,0.710256,15.517246,0.394615,0.641668,0.531655,0.853741,3.327787,-9.19528,0.712017,1458200,4.166667,-662162834.160059,-2.804316,55.269727,-3.009043,-3.265241,87.228769,0.007164,0.421111,0.729147,0.641668,0.939846
08-01-25,31.24,31.24,31.1,31.088861,53400,31.115741,30.73583,29.931829,0.028161,0.030811,0.013816,TRUE,TRUE,0.804,0.023265,4.917863,29.206686,53.073932,-15.095414,0.157773,-0.020948,5.081065,2.096728,10.487028,27.371261,0.224645,0.704358,15.374832,0.401062,0.636542,0.546171,0.837416,2.651851,-9.19528,1.146415,1404800,53.89049,-662224731.598751,-2.726876,47.553807,-2.2079,-3.613517,87.630684,0.010286,0.604336,0.739034,0.636542,-0.174826
08-05-25,31.530001,31.540001,31.43,31.317822,56500,31.135152,30.763954,29.942661,0.027307,0.031162,0.013766,TRUE,TRUE,0.821293,0.022797,33.846038,28.620829,60.81949,-3.9165,0.156465,-0.017804,5.961098,3.1483,12.07152,60.553849,1.255222,0.76333,15.351655,0.40863,0.573836,0.540316,0.723959,2.863468,-9.19528,1.208427,1461300,6.603774,-662396469.183714,-2.778537,56.621298,-3.750914,-6.008369,86.553072,0.009355,0.536045,0.735062,0.573836,1.189898
08-06-25,31.549999,31.59,31.5,31.427326,29800,31.159542,30.788342,29.95336,0.026438,0.031475,0.013716,TRUE,TRUE,0.834982,0.022519,37.226322,28.28489,63.889434,2.483831,0.162394,-0.0095,6.616664,3.878875,13.405814,66.801219,1.576576,0.777032,15.94372,0.409772,0.530432,0.515796,0.738943,2.952369,-9.19528,0.646281,1491100,-30.210773,-662474395.305869,-2.669538,64.651186,-5.018889,-7.131447,85.516293,0.006147,0.342195,0.71819,0.530432,1.679561
08-07-25,31.68,31.690001,31.559999,31.437281,36400,31.177958,30.809768,29.964887,0.02552,0.031739,0.013666,TRUE,TRUE,0.844881,0.022785,28.333296,28.372821,64.164316,11.090384,0.165982,-0.00473,6.223264,3.374419,15.334433,57.166133,1.185518,0.761405,16.938487,0.381687,0.477454,0.489335,0.709631,2.34006,-9.19528,0.785583,1527500,14.106583,-662579517.27541,-2.688891,64.874238,-3.757239,-5.578497,86.218409,0.008239,0.47951,0.699525,0.477454,1.530966
08-08-25,31.68,31.709999,31.66,31.536829,73400,31.199859,30.834963,29.977057,0.024643,0.031948,0.013617,TRUE,TRUE,0.857906,0.023207,39.199998,28.533011,66.879559,6.060069,0.174843,0.003305,6.205137,3.534448,16.194631,71.6114,1.40845,0.786529,18.610493,0.382922,0.475287,0.481822,0.891616,2.460654,-9.10729,1.520771,1600900,110.91954,-663014552.416938,-2.962443,66.850681,-3.289228,-5.530534,86.491426,0.013656,0.786471,0.694134,0.475287,1.810647
08-11-25,31.74,31.74,31.68,31.536829,59600,31.22823,30.859368,29.990102,0.023803,0.032108,0.013568,TRUE,TRUE,0.869266,0.023569,37.190153,28.803591,66.879559,2.990124,0.179792,0.006604,5.993569,4.308595,14.965062,68.254536,1.832205,0.768911,19.227284,0.383007,0.477307,0.484326,0.806758,2.437482,-9.10729,1.228613,1600900,8.957952,-663358588.618737,-3.01885,68.245406,-3.34965,-5.283403,86.408777,0.014943,0.862495,0.695935,0.477307,1.605007
08-12-25,31.799999,31.84,31.709999,31.696106,72400,31.261578,30.887946,30.003506,0.023292,0.032211,0.01352,TRUE,TRUE,0.88444,0.024417,44.525607,29.446841,70.962231,6.797915,0.194327,0.016911,5.236151,4.360428,15.058662,80.554832,2.1495,0.794801,21.268147,0.381237,0.475255,0.469011,1.14797,2.390272,-9.10729,1.45762,1673300,47.154472,-663446463.298158,-2.946801,76.423584,-3.485665,-4.669349,86.555696,0.018431,1.053204,0.684844,0.475255,2.043091
08-13-25,31.91,31.969999,31.91,31.825518,65200,31.308864,30.917927,30.017557,0.023136,0.032267,0.013472,TRUE,TRUE,0.90037,0.025554,44.525529,30.497024,73.789275,6.909717,0.213824,0.029126,5.527373,4.922335,15.366347,83.392892,3.062536,0.787699,22.791954,0.382651,0.476244,0.467556,1.434981,2.461171,-9.10729,1.310289,1738500,2.839117,-663695272.898565,-3.022707,76.286083,-3.199693,-4.281185,86.682073,0.02017,1.146715,0.68378,0.476244,2.266826
08-14-25,31.940001,31.950001,31.879999,31.805609,49700,31.353163,30.946719,30.03112,0.023326,0.032272,0.013425,TRUE,TRUE,0.915599,0.02648,42.028973,31.217759,72.617965,5.738406,0.225074,0.032301,5.426827,5.129238,14.252244,81.10451,2.865425,0.770845,23.429671,0.381449,0.477252,0.476308,1.344568,2.560608,-9.10729,1.015425,1688800,-24.69697,-663850604.864997,-3.179003,67.377173,-2.602611,-4.210396,86.875409,0.02633,1.514202,0.690151,0.477252,1.931082
08-15-25,31.969999,31.98,31.91,31.775745,49900,31.387009,30.974717,30.044533,0.023762,0.032217,0.013378,TRUE,TRUE,0.930184,0.026742,31.746186,31.997013,70.802437,-0.159794,0.228941,0.028934,4.710687,4.622643,13.907409,76.789279,2.176699,0.742936,24.430109,0.352931,0.438609,0.43763,1.291547,3.477251,-9.10729,1.002109,1638900,51.671733,-664091914.194697,-3.316836,68.288312,-2.283182,-3.967931,86.835202,0.039226,2.352737,0.661536,0.438609,1.591219
08-18-25,31.9,31.92,31.860001,31.74588,44600,31.421851,31.0035,30.058137,0.024292,0.032096,0.013332,TRUE,TRUE,0.945363,0.026859,38.333264,32.269283,68.945999,-4.843276,0.226979,0.021578,4.306685,4.524311,12.938531,73.395496,2.244309,0.746292,24.325278,0.35356,0.440127,0.439548,1.211933,3.400736,-9.10729,0.888889,1594300,20.540541,-664306174.823492,-3.295117,67.890859,-2.391563,-4.962085,86.77427,0.039001,2.339084,0.662984,0.440127,1.332068
08-19-25,32,32.02,31.91,31.765789,31100,31.455697,31.030311,30.072765,0.025064,0.03192,0.013286,TRUE,TRUE,0.957546,0.026665,34.513232,32.922783,69.519741,-3.098224,0.224444,0.015234,4.575748,4.522213,12.892768,72.368326,2.177396,0.755286,24.157013,0.345167,0.433651,0.447657,1.153161,3.909346,-9.10729,0.619892,1625400,-0.320513,-664418819.03212,-3.288842,68.27318,-1.804456,-4.158943,86.890807,0.048998,3.032134,0.669072,0.433651,1.283652
08-20-25,31.950001,31.950001,31.84,31.805609,61100,31.491535,31.058313,30.087349,0.025985,0.031689,0.013241,TRUE,TRUE,0.970964,0.026935,44.144346,32.905298,70.686296,-0.116141,0.223076,0.011093,5.807929,4.518025,12.492714,76.696555,2.305479,0.756982,23.741478,0.324834,0.40952,0.440583,1.071581,3.449189,-8.930802,1.206556,1686500,18.181818,-664518124.542593,-3.189013,66.317965,-1.911575,-4.645501,86.792737,0.040901,2.672451,0.663764,0.40952,1.322892
08-21-25,31.889999,31.93,31.85,31.755835,34000,31.518412,31.083937,30.101781,0.026856,0.031409,0.013196,TRUE,TRUE,0.982156,0.027302,45.45445,32.889062,67.22296,-1.723039,0.215492,0.002807,5.642345,4.726545,12.509188,71.28632,1.721939,0.724927,23.526973,0.321175,0.392888,0.406995,0.961589,2.928551,-8.930802,0.696579,1652500,-51.84136,-664632165.550628,-3.205317,66.137902,-2.415988,-5.433792,86.22608,0.03331,2.137962,0.637961,0.392888,1.009148
08-22-25,32,32.200001,32,32.004707,29900,31.557236,31.114538,30.116922,0.027929,0.031086,0.013153,TRUE,TRUE,0.997616,0.027849,77.966275,33.915521,74.065225,4.545484,0.226947,0.01141,6.997705,6.062999,13.158177,74.637232,2.486455,0.783136,24.855551,0.330215,0.410052,0.436417,1.183924,3.710882,-8.930802,0.652411,1682400,-66.592179,-664660658.062405,-3.230384,72.60533,-2.142076,-6.562441,86.106821,0.043459,2.782949,0.660619,0.410052,1.800286
08-25-25,32.080002,32.080002,32.029999,31.885246,52700,31.582621,31.142552,30.130105,0.029039,0.030711,0.01311,TRUE,TRUE,1.012447,0.028172,53.270804,34.868662,66.851269,-3.835027,0.223806,0.006615,5.552557,5.667107,13.200527,55.035122,1.618017,0.701874,25.507826,0.335607,0.420986,0.456738,1.040487,3.254112,-8.930802,1.123787,1629700,67.834395,-665018477.714526,-3.493491,64.806746,-2.096743,-6.245005,86.332214,0.036416,2.336985,0.675824,0.420986,1.186402
08-26-25,32.02,32.060001,32,31.905157,51300,31.613481,31.175509,30.142415,0.030086,0.030276,0.013067,TRUE,TRUE,1.033094,0.028356,48.97934,35.468124,67.420838,0.197878,0.220383,0.002554,5.068735,5.389805,12.613568,53.930769,1.972634,0.679625,25.488813,0.334047,0.409091,0.44323,0.925772,3.447812,-8.930802,1.082278,1681000,24.514563,-665231955.379985,-3.564089,58.64985,-2.520863,-7.002278,85.758457,0.035684,2.272619,0.665755,0.409091,1.14433
08-27-25,32.040001,32.07,32.029999,31.915113,54000,31.640359,31.207084,30.154678,0.031036,0.029825,0.013026,TRUE,TRUE,1.052406,0.028567,48.97944,36.063883,67.719524,-6.345701,0.215984,-0.001477,5.410142,5.183638,12.957326,47.243179,1.713204,0.657517,25.703394,0.333826,0.415012,0.443965,0.798828,3.319626,-8.930802,1.103392,1735000,132.758621,-665596138.671993,-3.678896,59.681686,-2.581848,-7.186008,85.42249,0.035364,2.255227,0.666307,0.415012,1.068943
08-28-25,32.099998,32.099998,32.040001,31.944977,30500,31.671717,31.240047,30.166944,0.031916,0.029397,0.012985,TRUE,TRUE,1.073103,0.028804,45.054732,36.738471,68.647986,1.796717,0.212458,-0.004002,5.371255,5.761708,13.101755,50.956975,2.002551,0.637263,25.385014,0.333776,0.41529,0.444899,0.698541,3.291012,-8.930802,0.630165,1765500,-26.150121,-665723250.447171,-3.761841,57.202209,-2.766417,-7.27071,85.602963,0.034837,2.223817,0.667008,0.41529,1.076462
08-29-25,32.080002,32.080002,31.969999,31.865335,32100,31.702079,31.269639,30.179492,0.032602,0.029007,0.012944,TRUE,TRUE,1.090146,0.02884,33.332817,36.630774,63.409977,-4.010861,0.200921,-0.012431,5.280082,4.917621,13.129839,31.701193,1.942667,0.623581,23.756728,0.3365,0.408002,0.419514,0.590636,3.042769,-8.901316,0.663497,1733400,-1.230769,-665816434.677227,-3.775941,50.566382,-3.605517,-7.397826,84.910284,0.024281,1.503458,0.647699,0.408002,0.687202
09-02-25,31.870001,31.93,31.809999,31.7857,48700,31.736921,31.294279,30.191643,0.032954,0.028664,0.012904,TRUE,TRUE,1.102636,0.028546,9.890115,35.100148,58.595428,-9.124096,0.18324,-0.02409,4.811725,4.689303,12.769635,-6.230651,2.241441,0.583981,18.904245,0.336858,0.407158,0.416537,0.562038,3.022049,-8.456786,1.011528,1684700,-8.801498,-665884857.732142,-3.801149,41.090232,-3.193979,-9.359984,84.638696,0.02355,1.452908,0.645396,0.407158,0.258033
09-03-25,32,32.07,32,31.925066,32400,31.767283,31.325461,30.204393,0.033112,0.028326,0.012864,TRUE,TRUE,1.121068,0.028599,10.869529,34.420655,63.778624,-4.869362,0.178417,-0.02313,5.134298,6.144814,12.953884,29.50414,1.938974,0.58376,16.548513,0.337653,0.408613,0.419194,0.54582,3.052015,-8.456786,0.690243,1717100,-42.654867,-665986625.514159,-3.824197,37.893059,-3.510435,-10.644589,84.594636,0.02337,1.441688,0.647452,0.408613,0.953458
09-04-25,32.110001,32.259998,32.110001,32.114204,36200,31.801627,31.357264,30.218623,0.033195,0.028033,0.012825,TRUE,TRUE,1.138641,0.028845,28.43997,34.596648,69.380729,5.970752,0.187693,-0.011084,5.722762,6.287392,14.485331,67.60127,2.185608,0.62713,16.246703,0.34346,0.418625,0.425343,0.822714,3.506803,-8.247862,0.765975,1753300,21.47651,-666020796.450809,-3.752011,44.931722,-4.072675,-9.927454,84.564824,0.026261,1.601118,0.652183,0.418625,1.923945
09-05-25,32.389999,32.450001,32.290001,32.243618,28700,31.841944,31.387507,30.233501,0.033179,0.02778,0.012787,TRUE,TRUE,1.154006,0.029326,39.495336,35.393592,72.513254,13.917826,0.203145,0.003495,6.390996,7.909235,14.827856,67.75276,2.564908,0.660369,16.727134,0.345378,0.420395,0.424531,1.134697,3.621815,-8.247862,0.612267,1782000,-21.153846,-666066136.333506,-3.71906,42.91761,-3.759682,-9.962148,84.631778,0.028584,1.731908,0.651561,0.420395,2.401334
09-08-25,32.450001,32.5,32.419998,32.333214,76900,31.881763,31.421552,30.248972,0.03308,0.027559,0.01275,TRUE,TRUE,1.17258,0.029855,47.199733,36.282008,74.461265,10.682641,0.220083,0.016346,6.270971,7.713034,15.305869,75.828107,2.525253,0.68331,18.469809,0.34595,0.418713,0.419994,1.304936,3.828342,-8.247862,1.634431,1858900,4.768392,-666309875.452332,-3.501937,53.497147,-3.338377,-9.146074,84.964807,0.037089,2.234703,0.64807,0.418713,2.444264
09-09-25,32.5,32.540001,32.450001,32.392944,42400,31.924569,31.454801,30.264888,0.033014,0.027367,0.012713,TRUE,TRUE,1.189913,0.030395,48.837037,37.225996,75.697802,6.317073,0.235611,0.025499,6.536462,8.838602,16.281239,79.855303,2.714653,0.667202,19.918713,0.346009,0.41894,0.420239,1.379573,3.944157,-8.247862,0.917948,1901300,-28.85906,-666406035.194628,-3.298816,54.409116,-3.584063,-9.790839,85.004145,0.040026,2.411747,0.648258,0.41894,2.351436
09-10-25,32.619999,32.639999,32.599998,32.47258,35200,31.963392,31.486657,30.280765,0.032983,0.02722,0.012678,TRUE,TRUE,1.205892,0.030575,50.375637,38.388208,77.27745,4.764197,0.251444,0.033066,6.556041,9.576619,15.882854,79.828982,2.449746,0.679389,22.615904,0.328074,0.398759,0.416098,1.503171,4.959079,-8.247862,0.794045,1936500,-51.381215,-666665486.653716,-3.63075,62.826103,-3.538346,-10.388099,84.997787,0.055184,3.494356,0.645056,0.398759,2.251458
09-11-25,32.709999,32.799999,32.709999,32.641815,29400,32.004207,31.5211,30.296952,0.033226,0.027125,0.012644,TRUE,TRUE,1.224148,0.031043,61.379093,39.866218,80.219914,5.758649,0.274484,0.044884,7.111372,10.074671,16.125893,84.021809,2.564915,0.720295,26.947721,0.331689,0.403526,0.42671,1.832101,5.112404,-8.247862,0.691114,1965900,-54.907975,-666739433.392156,-3.577998,68.383418,-3.423862,-10.070639,84.759259,0.055377,3.50036,0.65323,0.403526,2.366092
09-12-25,32.810001,32.810001,32.73,32.592041,42200,32.043529,31.554947,30.312162,0.033684,0.027097,0.01261,TRUE,TRUE,1.242785,0.031235,47.199733,41.262092,77.059261,1.361459,0.285436,0.04467,6.913394,10.309019,15.471822,78.204006,2.472621,0.660911,29.51293,0.331989,0.401945,0.429117,1.756742,5.090073,-8.247862,1.00083,1923700,-15.090543,-666927176.306518,-3.648253,61.852774,-2.873031,-10.468408,85.036987,0.056969,3.605317,0.65507,0.401945,1.858549
09-15-25,32.810001,32.82,32.759998,32.621902,38100,32.085837,31.588196,30.326986,0.034243,0.027121,0.012578,TRUE,TRUE,1.261209,0.031498,63.793098,42.583073,77.628739,0.351288,0.293146,0.041904,7.814895,9.463295,14.94713,80.386417,2.662902,0.693733,31.472074,0.331248,0.399395,0.428864,1.643984,4.940266,-8.247862,0.916416,1961800,-23.647295,-667140654.029195,-3.666554,69.993314,-3.017785,-10.053889,84.649682,0.050695,3.214749,0.654877,0.399395,1.703306
09-16-25,32.779999,32.779999,32.689999,32.582085,60700,32.127647,31.619454,30.341757,0.034899,0.027187,0.012547,TRUE,TRUE,1.277696,0.031857,57.627265,43.11804,74.95677,-5.263144,0.29267,0.033142,7.40278,8.827182,14.416722,76.444061,2.634057,0.690929,32.262602,0.327708,0.41315,0.471037,1.530125,4.448881,-8.247862,1.432279,1901100,36.098655,-667346917.73877,-3.587474,68.730063,-2.770261,-9.352389,84.797413,0.037758,2.514825,0.686322,0.41315,1.408559
09-17-25,32.759998,32.799999,32.619999,32.582085,57400,32.168462,31.652504,30.355751,0.035611,0.027282,0.012517,TRUE,TRUE,1.296753,0.031785,57.265047,42.957956,74.95677,-2.102491,0.288962,0.023547,7.542859,9.185634,13.952082,76.444061,2.569732,0.702564,32.605448,0.314082,0.405468,0.492705,1.410548,5.159364,-8.247862,1.313651,1901100,84.565916,-667428498.580545,-3.443963,59.176599,-2.979519,-9.51286,84.720006,0.04834,3.43034,0.701929,0.405468,1.26857
09-18-25,32.790001,32.889999,32.740002,32.681633,22900,32.212263,31.687346,30.369123,0.036442,0.027407,0.012488,TRUE,TRUE,1.318223,0.03202,59.677554,43.139585,77.229308,-0.399431,0.290704,0.020232,7.555816,8.624767,14.416399,80.706814,2.754307,0.727313,33.350062,0.310619,0.401698,0.494465,1.377334,5.033781,-8.247862,0.548044,1924000,-62.520458,-667469220.75699,-3.531287,58.688071,-3.440591,-8.884013,84.573549,0.04539,3.262556,0.703182,0.401698,1.407404
09-19-25,33.119999,33.209999,32.799999,32.751316,99100,32.262037,31.720993,30.383136,0.037326,0.027563,0.01246,TRUE,TRUE,1.337857,0.032602,72.358273,44.205339,78.687243,3.730473,0.294316,0.019074,7.192724,9.213159,14.776997,67.236919,3.134799,0.811551,33.607118,0.301949,0.382527,0.489168,1.359605,4.769652,-8.247862,2.200266,2023100,191.470588,-667591854.920874,-3.285623,67.905429,-5.137964,-9.563739,83.915289,0.038042,2.798316,0.699406,0.382527,1.455879
09-22-25,32.919998,33.049999,32.889999,32.880726,48300,32.305838,31.756631,30.397699,0.038329,0.027751,0.012433,TRUE,TRUE,1.358933,0.033113,85.937643,45.194968,81.106584,6.149814,0.304114,0.023098,8.281437,9.680639,14.41576,72.787316,2.737155,0.847173,35.719078,0.298743,0.380328,0.475422,1.420273,5.460513,-8.247862,1.050914,2071400,61.538462,-667645753.819379,-3.247493,75.28216,-4.686908,-10.026007,83.813378,0.042786,3.139034,0.689508,0.380328,1.60947
09-23-25,33.07,33.09,32.950001,32.820999,56900,32.352626,31.793663,30.411476,0.039277,0.02797,0.012407,TRUE,TRUE,1.382187,0.03357,75.000439,46.210758,76.774842,-0.454465,0.303561,0.018036,7.525088,8.98117,14.400527,64.63632,2.934752,0.832387,36.046986,0.299969,0.381564,0.479291,1.190019,4.991336,-8.247862,1.232402,2014500,7.969639,-667807514.162703,-3.020399,76.222535,-4.403877,-8.482989,84.037141,0.041238,3.024261,0.692309,0.381564,1.299342
09-24-25,32.900002,32.900002,32.790001,32.799999,45000,32.397368,31.82908,30.425344,0.040192,0.028214,0.012383,TRUE,TRUE,1.403737,0.034129,66.813467,45.762084,75.25302,-3.434223,0.297993,0.009974,6.730927,8.8049,14.32733,55.43471,2.804694,0.783936,35.75288,0.296678,0.391113,0.515011,1.016006,4.556322,-7.682163,0.981354,1969500,-12.280702,-667844333.763202,-2.848521,69.945105,-4.436009,-8.409311,84.096762,0.030416,2.336944,0.717642,0.391113,1.126151
09-25-25,32.740002,32.740002,32.610001,32.740002,46500,32.438612,31.866284,30.437938,0.040943,0.028473,0.012359,TRUE,TRUE,1.428346,0.034551,51.867855,44.056179,70.927293,-10.179291,0.285448,-0.002056,6.885392,9.492091,14.060209,40.506726,2.584632,0.753564,34.637346,0.298904,0.39686,0.521886,0.881577,4.246341,-7.682163,1.022427,1923000,-13.888889,-667797833.763202,-2.420509,64.094012,-4.833782,-8.312397,84.11328,0.029306,2.250929,0.722416,0.39686,0.870129
09-26-25,32.799999,32.830002,32.759998,32.82,49400,32.482363,31.904291,30.451176,0.041613,0.028749,0.012336,TRUE,TRUE,1.453115,0.034969,51.380254,42.83453,73.143993,-3.630849,0.278749,-0.007005,6.799468,9.72338,14.532908,48.684178,2.739156,0.715516,33.584256,0.298757,0.3938,0.515179,0.762603,4.521841,-7.682163,1.064082,1972400,61.967213,-667762550.356304,-2.196338,62.674531,-4.144889,-8.05455,84.337818,0.0356,2.716683,0.71776,0.3938,1.005342
09-29-25,32.889999,32.959999,32.889999,32.93,55200,32.535596,31.940915,30.465499,0.042304,0.029051,0.012315,TRUE,TRUE,1.475416,0.035562,53.830036,42.178892,75.868604,0.615584,0.279098,-0.005324,6.63925,10.896856,14.257673,54.098607,3.341138,0.698639,31.672622,0.300058,0.397153,0.521941,0.776998,4.62732,-7.682163,1.160151,2027600,71.962617,-667754662.923061,-2.03681,63.406137,-5.294946,-9.712177,83.976554,0.036915,2.82461,0.722455,0.397153,1.245252
09-30-25,32.93,33.02,32.889999,33.009998,46800,32.596811,31.980134,30.479784,0.043167,0.029376,0.012295,TRUE,TRUE,1.50035,0.036278,53.846801,41.776791,77.644874,6.717581,0.282573,-0.00148,6.760651,10.724249,14.34235,66.666455,3.851727,0.671618,28.039083,0.300381,0.398891,0.524568,0.891982,4.666402,-7.682163,0.985574,2074400,-3.901437,-667715064.401978,-1.927142,64.039815,-4.760648,-9.10653,84.011334,0.036119,2.768327,0.72427,0.398891,1.473611
10-01-25,33.02,33.139999,33.02,33.119999,39900,32.656558,32.020757,30.495154,0.044069,0.029725,0.012276,TRUE,TRUE,1.525603,0.036912,50.934764,41.792628,79.84209,6.698096,0.29085,0.005438,7.185423,11.019643,14.723378,84.999936,3.74293,0.626811,25.596581,0.297306,0.394258,0.520062,1.131249,5.268242,-7.682163,0.833682,2114300,23.148148,-667688464.824777,-1.777935,64.593999,-4.477175,-8.546868,84.12218,0.044988,3.467353,0.721153,0.394258,1.810558
10-02-25,33.209999,33.209999,33.099998,33.189999,66800,32.710348,32.06278,30.511166,0.044945,0.030095,0.012258,TRUE,TRUE,1.551614,0.037555,62.349497,42.019403,81.114178,5.245573,0.299604,0.011354,7.204743,10.777429,15.47145,96.666582,3.349902,0.612966,24.893416,0.297364,0.399448,0.52267,1.232036,5.426615,-4.858982,1.352501,2181100,84.530387,-667645956.155059,-1.645232,71.548688,-3.863063,-7.636759,84.168637,0.043236,3.340765,0.722959,0.399448,1.926818
10-03-25,33.18,33.330002,33.18,33.290001,33100,32.762667,32.104214,30.527678,0.045838,0.030473,0.012241,TRUE,TRUE,1.576536,0.038457,64.915454,42.569386,82.785515,5.140641,0.311026,0.018221,7.320705,14.509107,15.897784,94.444327,3.24524,0.594398,25.555012,0.295738,0.385396,0.523731,1.404479,5.351809,-2.268035,0.667204,2214200,15.33101,-667630509.712863,-1.576671,71.375232,-5.131435,-10.078117,83.382965,0.037322,2.902885,0.723693,0.385396,2.063525
10-06-25,33.360001,33.360001,33.290001,33.299999,47000,32.811006,32.14565,30.544142,0.046666,0.030856,0.012226,TRUE,TRUE,1.601507,0.039303,71.837222,43.161672,82.947997,3.105907,0.317228,0.019538,7.663901,17.908886,16.168549,91.999817,2.990069,0.575323,26.141053,0.295935,0.387778,0.527536,1.309879,5.289164,-2.268035,0.976826,2261200,-38.881664,-667664083.336842,-1.407262,79.29613,-5.028453,-12.614841,83.35304,0.038496,3.004212,0.726317,0.387778,1.870594
10-07-25,33.369999,33.369999,33.16,33.189999,95000,32.850859,32.181899,30.562147,0.047342,0.031236,0.012211,TRUE,TRUE,1.619751,0.039626,54.798444,42.67874,74.604828,-6.50935,0.309697,0.009606,7.273727,18.891703,15.4324,76.315697,2.46058,0.575526,25.499934,0.293525,0.384869,0.536654,1.179654,5.409925,-2.268035,1.872106,2166200,124.056604,-667731941.465815,-1.30644,75.197895,-5.270258,-12.777551,83.536489,0.041974,3.334864,0.732567,0.384869,1.329963
10-08-25,33.279999,33.310001,33.220001,33.299999,46100,32.89223,32.222139,30.581577,0.047829,0.031608,0.012198,TRUE,TRUE,1.640562,0.040108,55.220352,42.230304,77.086793,-5.698722,0.309042,0.007161,7.180952,20.393392,16.08979,90.789493,2.548055,0.533318,25.75052,0.294684,0.387686,0.53293,1.070176,5.513062,-2.268035,0.898811,2212300,30.965909,-667696088.081337,-1.004681,75.957014,-5.287056,-13.554967,83.683953,0.047193,3.719922,0.73002,0.387686,1.583538
10-09-25,33.330002,33.330002,33.200001,33.25,29300,32.922639,32.259588,30.600028,0.047998,0.031963,0.012186,TRUE,TRUE,1.65956,0.040128,45.329464,41.813898,73.567283,-9.380714,0.301019,-0.00069,6.917247,15.668511,15.64108,84.210632,1.863208,0.448542,26.224408,0.286247,0.373843,0.522374,0.9762,5.981557,-1.720222,0.571317,2183000,-0.340136,-667702850.148886,-0.939277,69.417707,-4.35742,-10.978219,84.040225,0.054862,4.402398,0.722755,0.373843,1.248306
10-10-25,33.299999,33.299999,32.810001,32.82,78500,32.934037,32.289632,30.615794,0.047569,0.032283,0.012175,TRUE,TRUE,1.673837,0.039379,-4.335346,38.852676,51.703962,-22.900866,0.257001,-0.035767,5.975554,16.822216,13.607697,27.63152,0.699431,0.496056,25.186762,0.3397,0.439057,0.577068,0.994053,3.932682,-1.720222,1.478343,2104500,86.018957,-667778146.591081,-0.80129,60.02497,-4.094906,-11.797703,84.129107,0.033331,2.395041,0.75965,0.439057,-0.452767
10-14-25,32.970001,33.27,32.939999,33.16,107100,32.960942,32.32767,30.632629,0.046854,0.032598,0.012164,TRUE,TRUE,1.695041,0.039386,20.166658,36.10297,61.457574,-15.629219,0.246707,-0.036848,6.867304,16.800374,14.63028,72.36848,1.649497,0.542824,24.542792,0.355369,0.456667,0.600829,0.923566,4.099096,-1.720222,1.893899,2211600,181.102362,-667742446.591081,-0.532089,62.597895,-4.122524,-10.729104,83.719891,0.034623,2.447951,0.775132,0.456667,0.811065
10-15-25,33.299999,33.450001,33.23,33.330002,56400,32.998338,32.372493,30.650604,0.046017,0.032914,0.012155,TRUE,TRUE,1.721888,0.039472,28.961922,34.431649,65.237824,-8.329459,0.249392,-0.027331,7.9346,16.386768,14.639954,85.714415,2.295486,0.57863,24.161364,0.357387,0.459461,0.603709,0.897483,4.573973,-1.720222,1.001154,2268000,-7.08402,-667747572.974768,-0.355601,68.767608,-4.655799,-10.777406,83.483157,0.036315,2.562329,0.776987,0.459461,1.372704
10-16-25,33.400002,33.459999,33.240002,33.290001,76400,33.033734,32.411936,30.669225,0.045021,0.033234,0.012147,TRUE,TRUE,1.742711,0.039434,30.386675,32.925589,63.655775,11.951814,0.245463,-0.025008,7.666233,15.648692,14.579003,75.714574,2.172716,0.585762,22.894603,0.358711,0.454283,0.605115,0.763336,4.373983,-1.720222,1.333682,2191600,33.101045,-667789245.822473,-0.314871,66.193795,-3.530633,-9.516328,83.973685,0.037881,2.667755,0.777892,0.454283,1.119335
10-17-25,33.209999,33.279999,33.16,33.259998,52400,33.062652,32.44859,30.687647,0.043829,0.033542,0.01214,TRUE,TRUE,1.760942,0.039224,24.999837,31.044369,62.43283,0.975256,0.237193,-0.026622,6.949398,16.504009,14.208174,69.230544,1.769695,0.594881,21.841595,0.359387,0.444922,0.602054,0.646986,4.2994,-1.720222,0.891763,2139200,128.820961,-667754313.044395,-0.24259,60.017702,-2.213294,-7.731388,84.572028,0.045315,3.172957,0.775921,0.444922,0.903535
10-20-25,33.389999,33.52,33.380001,33.5,53900,33.100086,32.489844,30.707073,0.042679,0.03384,0.012134,TRUE,TRUE,1.782771,0.039506,30.158602,30.375209,67.767455,2.529631,0.247157,-0.013327,7.893822,17.142014,14.91719,97.18303,2.285966,0.616206,22.626511,0.365855,0.453238,0.621423,0.967901,4.444199,-1.720222,0.953982,3528700,-45.610494,-522822332.430979,-0.109698,59.9978,-2.793715,-7.794234,90.705744,0.042648,3.007567,0.788304,0.453238,1.767458
10-21-25,33.470001,33.470001,33.34,33.360001,41300,33.12405,32.526308,30.724815,0.041302,0.034124,0.01213,TRUE,TRUE,1.801492,0.039449,17.948758,29.508982,62.217323,-1.438452,0.240979,-0.015604,7.305315,17.915126,13.90502,77.464781,1.457616,0.625215,22.718803,0.372208,0.444393,0.63161,0.892462,4.048604,-1.720222,0.73553,3487400,-14.492754,-522850924.552227,-0.087847,54.716885,-1.94559,-6.12036,91.581212,0.045876,3.223665,0.794739,0.444393,1.038571
10-22-25,33.349998,33.349998,33.150002,33.259998,83700,33.146,32.560771,30.742205,0.039747,0.034387,0.012126,TRUE,TRUE,1.818566,0.039362,7.216426,27.640705,58.529857,-3.902973,0.225414,-0.024934,6.983649,16.222499,14.170061,63.379934,1.337556,0.644275,21.736217,0.372744,0.439285,0.613033,0.860954,3.490615,-1.720222,1.455905,3403700,47.100176,-522842555.829407,0.062165,47.357693,-2.348281,-6.332281,91.061893,0.035241,2.412715,0.782964,0.439285,0.524464
10-23-25,33.279999,33.419998,33.279999,33.360001,171000,33.174,32.594049,30.760734,0.038106,0.034634,0.012124,TRUE,TRUE,1.833315,0.039183,8.629487,26.234467,61.017947,-6.749508,0.218629,-0.025376,6.860486,15.614147,14.628116,77.464781,1.707321,0.65305,20.622929,0.370199,0.435972,0.612438,0.832197,3.933557,-1.720222,2.680671,3574700,280,-522818121.93295,0.104037,53.040964,-2.971047,-6.951525,90.788038,0.038995,2.686002,0.782584,0.435972,0.901913
10-24-25,33.529999,33.59,33.52,33.52,34000,33.213,32.627939,30.779964,0.036505,0.034871,0.012122,TRUE,TRUE,1.847974,0.039303,11.32997,25.656556,64.67024,2.452917,0.223585,-0.016336,7.338773,15.065655,15.874761,91.025666,2.382403,0.666979,19.317596,0.372613,0.438285,0.613878,0.863907,4.045298,-1.720222,0.538273,3608700,-26.88172,-522852121.93295,0.041345,53.098085,-3.236493,-6.935584,90.719808,0.040273,2.761175,0.783504,0.438285,1.589228
10-27-25,33.599998,33.700001,33.599998,33.700001,83600,33.257,32.665826,30.799603,0.035059,0.035103,0.012122,TRUE,TRUE,1.866223,0.039498,18.181787,25.538677,68.271756,9.741899,0.239278,-0.000514,7.401625,15.448664,16.145642,100,2.681295,0.686732,19.907986,0.374476,0.435267,0.589571,1.299363,4.539072,-1.720222,1.288632,3692300,69.230769,-522768521.93295,0.077493,54.841314,-2.664034,-6.579525,91.186825,0.049045,3.245277,0.767835,0.435267,2.225243
10-28-25,33.779999,33.779999,33.639999,33.669998,69900,33.294,32.703711,30.821058,0.033817,0.035328,0.012123,TRUE,TRUE,1.882653,0.03941,22.641336,25.71752,67.044936,6.026989,0.246454,0.005329,7.613274,15.112148,16.04224,88.659701,2.247185,0.672494,20.38165,0.37326,0.003281,0.012953,1.235039,4.625928,-1.720222,1.065386,3903600,26.630435,-487455734.352256,0.040174,63.365894,107.613274,115.112148,,0.129537,5.545137,0.113813,0.003281,1.844789
10-29-25,33.73,33.73,33.43,33.52,68200,33.3195,32.739194,30.842304,0.032765,0.035541,0.012125,TRUE,TRUE,1.89689,0.038655,10.185188,24.689616,61.130563,-3.539677,0.237301,-0.003059,6.827965,14.098394,15.216386,73.195978,1.544993,0.713859,19.824183,0.370555,0.003314,0.01399,1.202109,4.728181,-1.720222,1.022795,3835400,45.726496,-487483014.178814,-0.01062,57.367532,106.827965,114.098394,,0.140904,6.154832,0.118279,0.003314,1.011394
10-30-25,33.529999,33.560001,33.450001,33.459999,27800,33.3365,32.773078,30.863347,0.031813,0.035732,0.012128,TRUE,TRUE,1.909731,0.038055,9.677317,23.735134,58.892542,-9.379214,0.22264,-0.014176,6.840123,14.047538,15.010147,67.010253,1.026571,0.71087,19.47814,0.363788,0.003103,0.012852,1.163586,4.150325,-1.720222,0.420734,3807600,-30.325815,-487505760.509789,-0.048058,57.442008,106.840123,114.047538,,0.130419,5.782442,0.113366,0.003103,0.63404
10-31-25,33.619999,33.619999,33.439999,33.540001,50800,33.354,32.807766,30.88312,0.030938,0.035906,0.012131,TRUE,TRUE,1.924646,0.037652,39.560182,23.111449,60.945591,-6.099345,0.214998,-0.017455,7.300209,14.128098,15.555477,71.428831,1.054541,0.643155,19.664035,0.362838,0.003034,0.012359,0.939669,4.080581,-1.720222,0.778246,3858400,-23.952096,-487500114.869133,-0.076883,64.223231,107.300209,114.128098,,0.126547,5.579207,0.11117,0.003034,0.945894
11-03-25,33.630001,33.66,33.490002,33.580002,88300,33.3685,32.844249,30.902454,0.030129,0.036061,0.012136,TRUE,TRUE,1.941795,0.037215,27.631424,22.707828,61.968362,0.837799,0.209751,-0.018161,8.012968,13.501177,16.434426,68.254314,0.871135,0.582829,20.228395,0.362697,0.003042,0.012437,0.841804,4.146058,-1.720222,1.297861,3946700,166.767372,-487494919.585945,-0.081298,63.572506,108.012968,113.501177,,0.128211,5.605265,0.111519,0.003042,1.045569
11-04-25,33.369999,33.48,33.34,33.34,41600,33.3705,32.870955,30.919408,0.0292,0.036185,0.012142,TRUE,TRUE,1.951547,0.036433,0.628819,21.455909,52.999998,-5.892544,0.184105,-0.035046,6.456958,12.802962,15.407699,30.158644,0.120123,0.576313,20.176811,0.376927,0.00301,0.012239,0.839073,3.265586,-1.720222,0.613886,3905100,-11.489362,-487536519.585945,-0.087544,58.602264,106.456958,112.802962,,0.124732,5.416896,0.11063,0.00301,-0.151163
11-05-25,33.400002,33.560001,33.400002,33.48,47700,33.385,32.90285,30.93667,0.028266,0.036283,0.012149,TRUE,TRUE,1.966181,0.035781,11.24243,20.677058,56.916933,-4.028658,0.173081,-0.036855,6.531492,13.580323,15.970373,52.380866,0.87376,0.573904,19.850777,0.379055,0.003033,0.012445,0.792944,3.540342,-1.720222,0.729358,3952800,-49.789474,-487536520.723202,-0.038832,65.640491,106.531492,113.580323,,0.127086,5.473808,0.111556,0.003033,0.478568
11-06-25,33.470001,33.5,33.349998,33.369999,34600,33.3885,32.932147,30.953135,0.027232,0.036362,0.012157,TRUE,TRUE,1.979012,0.035111,6.214682,19.663818,53.167639,-8.800723,0.153697,-0.044991,6.147855,12.753715,15.162679,34.920375,0.210209,0.580077,19.754497,0.37925,0.002954,0.012048,0.758609,2.956981,-1.720222,0.533745,3918200,-24.94577,-487561893.939214,-0.086401,66.921276,106.147855,112.753715,,0.119837,5.164878,0.109761,0.002954,-0.093655
11-07-25,33.189999,33.27,33.09,33.25,101200,33.3885,32.958845,30.968706,0.025932,0.036413,0.012165,TRUE,TRUE,1.990139,0.03437,-15.151431,19.093087,49.348634,-3.651363,0.127186,-0.057202,5.432287,11.974504,13.680403,23.18843,0,0.586466,19.754497,0.381159,0.002894,0.011708,0.82322,2.409151,-1.720222,1.4791,3817000,245.392491,-487483183.304703,-0.019399,57.907312,105.432287,111.974504,,0.1142,4.903786,0.108204,0.002894,-0.701106
11-10-25,33.459999,33.560001,33.419998,33.549999,82300,33.425,32.990945,30.985334,0.024633,0.036452,0.012175,TRUE,TRUE,2.005611,0.034009,10.497109,18.251942,57.556677,0.639744,0.128898,-0.044392,6.383553,12.759725,13.948456,66.666667,2.224252,0.613158,14.827086,0.395398,0.002921,0.011976,0.786852,2.967983,-1.720222,1.199534,3899300,4.840764,-487412642.690006,0.086934,63.854816,106.383553,112.759725,,0.117698,5.015575,0.109435,0.002921,0.843047
11-11-25,33.5,33.650002,33.5,33.619999,50400,33.448,33.026038,31.002312,0.023349,0.036477,0.012186,TRUE,TRUE,2.023726,0.033614,20.224681,17.826905,59.217352,6.049713,0.134354,-0.031149,6.069809,11.623784,14.110838,76.81157,1.387211,0.599134,14.047293,0.394945,0.00296,0.012365,0.708094,3.174061,-1.720222,0.766249,3949700,-52.941176,-487382404.228077,0.08653,71.355089,106.069809,111.623784,,0.121997,5.163536,0.111197,0.00296,1.224428
11-12-25,33.68,33.73,33.68,33.720001,85800,33.4675,33.064724,31.020184,0.022201,0.036485,0.012198,TRUE,TRUE,2.04454,0.03323,20.224681,17.738914,61.532946,12.184312,0.145075,-0.016343,5.952719,11.80912,14.337054,91.304684,1.170115,0.586766,14.997831,0.395005,0.003,0.012784,0.703044,3.435756,-1.720222,1.275931,4035500,52.12766,-487330918.99118,0.126732,68.582574,105.952719,111.80912,,0.126479,5.316718,0.113065,0.003,1.683585
11-13-25,33.66,33.66,33.380001,33.389999,74600,33.4725,33.094023,31.035865,0.020979,0.036469,0.012211,TRUE,TRUE,2.058158,0.032229,-6.666693,16.661328,51.201504,-6.355173,0.125496,-0.028737,4.981482,10.678645,13.743112,43.478237,0.300386,0.616097,14.534475,0.418889,0.003012,0.012887,0.733181,2.582124,-1.720222,1.110863,3960900,-2.356021,-487400191.290908,0.106352,61.769981,104.981482,110.678645,,0.127826,5.318659,0.113521,0.003012,-0.567619
11-14-25,33.200001,33.450001,33.150002,33.369999,73200,33.478,33.119139,31.051348,0.019631,0.036419,0.012225,TRUE,TRUE,2.067792,0.031173,-18.435768,16.494768,50.646481,-8.57087,0.107131,-0.037682,5.017203,9.964234,13.67498,40.579614,0.330729,0.642152,13.881479,0.419261,0.003013,0.012887,0.783747,2.462924,-1.720222,1.073392,3887700,39.694656,-487366032.283749,0.104163,53.168102,105.017203,109.964234,,0.127895,5.264628,0.113521,0.003013,-0.778022
11-17-25,33.34,33.369999,33.099998,33.18,118800,33.462,33.137867,31.064701,0.018022,0.036319,0.01224,TRUE,TRUE,2.073166,0.029634,-25.128037,16.507263,45.590582,-15.942364,0.076365,-0.054758,4.5175,9.018739,12.952928,14.062537,-0.955223,0.673815,15.378062,0.426549,0.003086,0.013666,0.892116,2.164752,-1.601426,1.662934,3768900,120.408163,-487414430.791781,0.038613,43.042944,104.5175,109.018739,,0.134257,5.499773,0.1169,0.003086,-1.833778
11-18-25,33.009998,33.040001,32.869999,32.950001,121000,33.4415,33.150202,31.077199,0.015954,0.036162,0.012256,FALSE,TRUE,2.073004,0.028061,-28.078714,17.228278,40.340655,-10.860849,0.033043,-0.078464,3.727947,8.474276,12.579871,9.302532,-1.229016,0.680687,19.093336,0.427515,0.002889,0.012785,1.069206,1.245859,-2.283513,1.604243,3647900,192.978208,-487421547.161129,0.050809,40.848373,103.727947,108.474276,,0.119479,5.000607,0.113071,0.002889,-2.574192
11-19-25,33.060001,33.119999,32.990002,33.080002,72300,33.4325,33.163944,31.090789,0.013626,0.035954,0.012274,FALSE,TRUE,2.073155,0.026445,-18.095055,17.511333,44.248517,-6.397965,0.009095,-0.08193,4.006819,10.047461,13.024044,24.418924,-0.54118,0.690967,20.375081,0.426137,0.002962,0.013969,1.165352,1.726591,-2.283513,0.965867,3720200,-13.620072,-487393737.184018,0.064182,46.008309,104.006819,110.047461,,0.130791,5.520034,0.11819,0.002962,-1.730046
11-20-25,33.32,33.360001,32.849998,32.860001,121700,33.4075,33.171692,31.10382,0.010953,0.035678,0.012292,FALSE,TRUE,2.067872,0.024437,-30.357082,16.72394,39.529564,-6.061018,-0.027321,-0.094677,3.477049,9.315582,12.384387,1.136605,-1.498801,0.767326,24.047901,0.436358,0.002983,0.014163,1.3425,1.245044,-2.550417,1.681171,3598500,-28.830409,-487510663.635467,-0.03127,38.543131,103.477049,109.315582,,0.132476,5.528071,0.11901,0.002983,-2.276704
11-21-25,32.91,33.16,32.880001,33.07,50400,33.385,33.180256,31.117114,0.008223,0.035344,0.012311,FALSE,TRUE,2.063141,0.022736,-21.161882,15.992789,45.503896,5.163241,-0.038789,-0.084916,3.328549,10.559176,13.21555,25.000108,-1.342484,0.790533,25.02523,0.442919,0.003011,0.01444,1.43367,1.589706,-2.550417,0.688431,3648900,48.235294,-487492663.831652,0.004594,36.311203,103.328549,110.559176,,0.13498,5.570011,0.120165,0.003011,-1.258731
11-24-25,33.209999,33.360001,33.16,33.34,76600,33.367,33.195215,31.131513,0.005672,0.034969,0.012332,TRUE,TRUE,2.063702,0.021465,0,15.185299,52.061729,7.813213,-0.025793,-0.057536,4.562467,10.368358,13.798963,55.681941,-1.068251,0.794842,23.910112,0.453546,0.00302,0.014523,1.43367,1.97415,-2.550417,1.051331,3725500,-8.373206,-487431384.123857,-0.010701,42.070883,104.562467,110.368358,,0.136002,5.544112,0.120511,0.00302,-0.112922
11-25-25,33.439999,33.599998,33.32,33.59,71300,33.363,33.214577,31.148293,0.003482,0.034563,0.012354,TRUE,TRUE,2.066284,0.020391,4.313744,15.248546,57.197697,17.668132,0.004625,-0.021694,5.280786,10.61719,14.235228,84.090998,-0.237594,0.801685,23.438821,0.459837,0.003135,0.016022,1.424725,2.522022,-2.550417,0.97765,3796800,2.002861,-487365176.14838,0.062086,43.286171,105.280786,110.61719,,0.145948,5.950607,0.126579,0.003135,0.968479
11-26-25,33.669998,33.740002,33.650002,33.700001,50300,33.372,33.236935,31.164934,0.00172,0.034131,0.012377,TRUE,TRUE,2.072001,0.019266,12.941233,15.725667,59.265649,13.761753,0.03718,0.008689,5.592608,11.305318,14.043631,95.505531,0.536994,0.799068,24.3993,0.458666,,,1.397547,2.861522,-2.550417,0.698272,3847100,-26.246334,-487359588.207041,0.085671,47.104212,105.592608,111.305318,,0,0,,,1.344303
11-27-25,33.740002,33.869999,33.73,33.860001,87100,33.392,33.262493,31.182571,0.000433,0.033684,0.012402,TRUE,TRUE,2.079922,0.018533,23.552111,16.532496,62.131543,10.069813,0.075026,0.037227,5.994757,11.688006,14.171824,99.019773,1.195462,0.772088,26.690425,0.459146,,,1.679253,2.879461,-2.550417,1.161333,3934200,213.309353,-487284929.029929,0.147221,55.398913,105.994757,111.688006,,0,0,,,1.753439
11-28-25,33.740002,33.93,33.669998,33.91,50500,33.4105,33.287061,31.200852,-0.000396,0.033226,0.012429,TRUE,TRUE,2.086208,0.018096,15.384615,17.281695,63.007418,5.809721,0.10781,0.05601,6.416579,12.035461,14.452993,98.148109,1.103157,0.760417,28.956357,0.454615,,,1.781215,2.649308,-2.550417,0.673468,3984700,-0.590551,-487242198.374687,0.171979,54.128007,106.416579,112.035461,,0,0,,,1.725009
12-01-25,33.650002,33.68,33.57,33.59,106400,33.411,33.303834,31.216943,-0.001075,0.032736,0.012457,TRUE,TRUE,2.086891,0.017253,-1.158252,17.478389,54.344034,-4.921614,0.106741,0.043952,5.676453,10.761314,12.780716,68.518558,0.029775,0.808064,28.988007,0.471902,,,1.784403,1.797246,-2.550417,1.402029,3878300,20.498301,-487309906.794718,0.121895,47.119334,105.676453,110.761314,,0,0,,,0.617497
12-02-25,33.639999,33.639999,33.529999,33.599998,79300,33.424,33.31822,31.233085,-0.0016,0.032215,0.012487,TRUE,TRUE,2.085135,0.016504,-4.80011,17.4626,54.554292,-7.577251,0.105484,0.034156,5.24645,10.650116,11.973469,69.444327,0.779839,0.807824,29.234785,0.47113,,,1.794816,1.660862,-2.550417,1.019608,3957600,90.625,-487288280.522003,0.159588,39.881504,105.24645,110.650116,,0,0,,,0.602017
12-03-25,33.580002,33.68,33.580002,33.66,50700,33.433,33.335,31.249428,-0.001848,0.031674,0.012518,TRUE,TRUE,2.085572,0.015884,12.107646,17.591662,55.867785,-7.139633,0.108083,0.029405,4.813432,10.811655,12.391954,75,0.537635,0.755454,29.689783,0.471104,,,1.758472,1.657494,-2.550417,0.650626,4008300,6.289308,-487257861.295635,0.1788,45.245853,104.813432,110.811655,,0,0,,,0.764572
12-04-25,33.740002,33.740002,33.66,33.73,52600,33.451,33.3536,31.265924,-0.001856,0.031116,0.012551,TRUE,TRUE,2.087676,0.015444,15.789509,17.929468,57.414178,3.070143,0.114472,0.028635,4.609847,11.295458,12.552599,81.481442,1.078815,0.707298,30.371192,0.470883,,,1.712078,1.636988,-2.550417,0.667301,4060900,52.023121,-487218413.803742,0.217875,50.850478,104.609847,111.295458,,0,0,,,0.918632
12-05-25,33.650002,33.650002,33.470001,33.470001,88300,33.462,33.3682,31.281661,-0.001801,0.030537,0.012585,TRUE,TRUE,2.086539,0.014794,12.340473,17.24553,50.35626,-4.198031,0.097433,0.009276,3.51585,10.0073,11.323811,57.407564,0.661658,0.710658,30.001032,0.479112,,,1.649378,0.895412,-2.550417,1.129445,3972600,-12.747036,-487306713.803742,0.112861,52.241294,103.51585,110.0073,,0,0,,,0.02667
12-08-25,33.459999,33.459999,33.389999,33.450001,71200,33.457,33.3808,31.298035,-0.001351,0.029936,0.01262,TRUE,TRUE,2.082765,0.013981,23.364493,16.229451,49.84861,-6.019175,0.081377,-0.005424,3.26323,10.012992,11.401411,55.555673,-0.298058,0.661969,29.929899,0.47862,,,1.509772,0.947592,-2.550417,0.91723,3901400,-13.487242,-487255853.335077,0.100992,54.68001,103.26323,110.012992,,0,0,,,-0.023386
12-09-25,33.450001,33.459999,33.400002,33.41,87100,33.4465,33.3904,31.314209,-0.000736,0.029306,0.012656,TRUE,TRUE,2.076191,0.013105,16.09747,15.285949,48.789235,-8.624943,0.064679,-0.017697,2.886804,9.632106,10.552178,51.851891,-0.624625,0.639244,29.695412,0.479044,,,1.416608,0.830105,-2.550417,1.096149,3814300,72.81746,-487313923.693673,0.043091,47.024155,102.886804,109.632106,,0,0,,,-0.122916
12-10-25,33.400002,33.580002,33.389999,33.540001,63800,33.4375,33.401,31.330541,0.00006,0.028657,0.012693,TRUE,TRUE,2.070459,0.012331,34.693909,14.956262,52.334605,1.978345,0.061231,-0.016917,2.751641,10.058693,11.16117,62.857174,-0.533809,0.568618,29.089452,0.480639,,,1.186157,1.10873,-2.550417,0.814191,3878100,-25.641026,-487276987.121235,0.034413,56.165364,102.751641,110.058693,,0,0,,,0.352364
12-11-25,33.57,33.639999,33.490002,33.599998,31100,33.448,33.4106,31.34683,0.00113,0.027994,0.012731,TRUE,TRUE,2.06377,0.011603,29.28174,14.910086,53.920165,4.071555,0.062617,-0.012424,3.092649,10.21985,11.756192,57.142645,0.628928,0.535714,29.287299,0.480882,,,1.014081,1.206589,-2.550417,0.408217,3909200,-58.310992,-487262474.420642,0.090383,55.32651,103.092649,110.21985,,0,0,,,0.518991
12-12-25,33.619999,33.619999,33.389999,33.419998,38200,33.4505,33.4152,31.362907,0.00236,0.027312,0.012769,TRUE,TRUE,2.052293,0.010691,4.651054,14.310786,48.687519,-0.101716,0.04863,-0.021129,2.446503,10.45259,10.834891,16.393176,0.149833,0.525776,29.238512,0.485618,,,0.987768,0.736493,-2.550417,0.513199,3871000,-47.814208,-487290709.588904,0.050596,49.402254,102.446503,110.45259,,0,0,,,-0.104321
12-15-25,33.57,33.59,33.450001,33.450001,105900,33.464,33.4184,31.378298,0.003571,0.026608,0.012809,TRUE,TRUE,2.040102,0.009906,-9.333293,13.754294,49.566062,-2.768543,0.039511,-0.024198,2.663783,10.263757,11.329299,11.111347,0.813745,0.501816,28.538775,0.485126,,,1.021527,0.669917,-2.550417,1.435154,3976900,-10.858586,-487396609.588904,0.012076,51.215455,102.663783,110.263757,,0,0,,,-0.049054
12-16-25,33.389999,33.400002,33.27,33.380001,87200,33.4855,33.42,31.393388,0.004763,0.025884,0.01285,FALSE,TRUE,2.026612,0.009186,-21.917801,13.253723,47.521716,-6.398449,0.026333,-0.029901,2.448942,10.176522,11.312466,16.666763,1.305008,0.509287,25.966504,0.483823,,,1.091152,0.341212,-2.550417,1.209431,3889700,-27.933884,-487336240.75179,0.059158,44.309773,102.448942,110.176522,,0,0,,,-0.406289
12-17-25,33.419998,33.419998,33.23,33.23,65300,33.493,33.4208,31.409154,0.005853,0.025128,0.012891,FALSE,TRUE,2.011646,0.008091,-43.448327,12.981695,43.391621,-5.295898,0.003741,-0.041994,1.677904,9.3605,10.812255,0,0.453439,0.515885,24.929579,0.486997,,,1.215028,0.193537,-2.550417,0.910105,3824400,-9.681881,-487401540.75179,-0.005438,36.364084,101.677904,109.3605,,0,0,,,-1.054974
12-18-25,33.369999,33.470001,33.349998,33.380001,70900,33.519,33.4224,31.424981,0.00683,0.024355,0.012933,FALSE,TRUE,1.997419,0.007185,-34.193402,12.435926,48.236432,-1.32963,-0.002035,-0.038216,1.919572,9.250365,11.240318,29.411941,1.582472,0.509287,20.253393,0.489994,,,0.797211,0.470639,-2.550417,1.024418,3895300,-41.741988,-487436988.497991,0.053226,37.619143,101.919572,109.250365,,0,0,,,-0.6863
12-19-25,33.52,33.580002,33.48,33.549999,72400,33.543,33.4284,31.44333,0.007626,0.023572,0.012976,TRUE,TRUE,1.98507,0.006422,-2.857205,11.78011,53.132028,5.610311,0.007024,-0.023326,2.035458,10.48546,13.38677,62.744775,1.451465,0.476901,17.278212,0.493026,,,0.802236,0.839204,-2.550417,1.029726,3967700,43.650794,-487408031.259769,0.060185,46.479116,102.035458,110.48546,,0,0,,,0.040509
12-22-25,33.599998,33.66,33.57,33.66,62900,33.559,33.4452,31.46154,0.008129,0.022791,0.01302,TRUE,TRUE,1.98366,0.005931,4.000081,11.586224,56.029869,12.638248,0.022816,-0.006027,2.556292,10.273744,14.435438,84.313432,0.959807,0.475342,16.773719,0.493725,,,0.797526,0.882777,-2.550417,0.903411,4030600,-17.885117,-487345131.259769,0.061941,53.948433,102.556292,110.273744,,0,0,,,0.602131
12-23-25,33.599998,33.689999,33.599998,33.689999,38300,33.564,33.4558,31.481178,0.008351,0.022017,0.013064,TRUE,TRUE,1.974622,0.005629,2.040732,11.560014,56.814082,8.57765,0.037322,0.006783,2.713413,9.626978,13.972279,90.195521,0.297703,0.472799,17.018244,0.492279,,,0.796226,0.753135,-2.550417,0.563442,4068900,-46.28331,-487306831.259769,0.042916,53.336144,102.713413,109.626978,,0,0,,,0.740374
12-24-25,33.66,33.73,33.66,33.700001,32894,33.564,33.4632,31.501505,0.008414,0.021261,0.01311,TRUE,TRUE,1.961695,0.005436,-2.127567,11.744248,57.088884,3.956856,0.049059,0.014816,2.93219,10.019475,13.59508,94.000244,0,0.470539,17.018244,0.491553,,,0.720727,0.63947,-2.550417,0.490189,4101794,-34.604374,-487302131.092575,0.042812,52.324159,102.93219,110.019475,,0,0,,,0.799147
12-29-25,33.669998,33.689999,33.630001,33.689999,98200,33.5555,33.4712,31.521684,0.008382,0.020516,0.013157,TRUE,TRUE,1.949516,0.005375,18.965171,11.704361,56.700333,0.670464,0.056898,0.018124,2.650819,9.63053,13.079542,91.999817,-0.502073,0.430395,15.846192,0.49006,0.545565,0.72914,0.697309,0.445487,-2.550417,1.451381,4003594,12.743972,-487203931.092575,0.059857,51.740614,-3.95721,-8.645063,85.643153,-0.019557,-1.217226,0.853897,0.545565,0.848777
12-30-25,33.540001,33.540001,33.450001,33.459999,71900,33.533,33.4752,31.541253,0.008075,0.019769,0.013204,FALSE,TRUE,1.933947,0.005024,0.729801,11.207037,48.522176,-8.291906,0.044044,0.004216,1.609471,8.355578,12.527911,45.999908,-1.327044,0.467509,13.58053,0.497969,0.548608,0.714739,0.695096,-0.036602,-2.550417,1.046127,3931694,42.376238,-487259856.023699,-0.012846,51.695587,-4.075401,-9.941935,85.148538,-0.032338,-1.930133,0.845423,0.548608,-0.53754
12-31-25,33.43,33.43,33.360001,33.360001,105900,33.5215,33.4724,31.559045,0.007427,0.019017,0.013252,FALSE,TRUE,1.913355,0.004664,-3.49644,11.232496,45.452591,-11.636292,0.025494,-0.011467,1.060292,7.892625,12.833125,26.000214,-0.684726,0.477475,14.038541,0.498143,0.560965,0.723803,0.709203,-0.35535,-2.550417,1.541379,3825794,-0.469925,-487365756.023699,-0.040644,50.676117,-3.898389,-9.158658,85.30959,-0.027194,-1.648936,0.850766,0.560965,-1.150399
01-02-26,33.509998,33.509998,33.369999,33.470001,126400,33.515,33.4746,31.576699,0.006726,0.018266,0.013301,FALSE,TRUE,1.897901,0.004497,-4.964504,10.744918,49.25549,-7.444843,0.019445,-0.014013,1.05677,8.318127,13.167558,48.000336,-0.386897,0.467368,13.956668,0.4999,0.561634,0.725625,0.721207,-0.19548,-2.550417,1.778786,3952194,59.394704,-487311579.674925,-0.016394,53.73239,-4.270914,-9.293502,85.119914,-0.026799,-1.624636,0.851836,0.561634,-0.322417
01-05-26,33.650002,33.75,33.630001,33.720001,144500,33.518,33.4838,31.596094,0.006072,0.01753,0.013351,TRUE,TRUE,1.887707,0.004544,7.500143,10.943027,56.652181,8.130006,0.034427,0.000775,1.596874,8.916668,13.861495,94.231009,0.178257,0.491441,14.343876,0.506778,0.567565,0.729758,0.763773,0.369586,-2.550417,1.907598,4096694,185.009862,-487239327.378139,0.012234,58.444134,-4.590525,-9.023347,84.928888,-0.023634,-1.424111,0.854259,0.567565,1.408275
01-06-26,33.799999,33.900002,33.740002,33.900002,165700,33.5265,33.4946,31.61516,0.005697,0.016811,0.013403,TRUE,TRUE,1.87944,0.005043,30.000095,11.766865,61.053973,15.601382,0.060132,0.021184,1.832384,9.287232,13.714473,100,0.504008,0.478297,16.066559,0.509501,0.570111,0.730655,1.170159,0.472705,-2.550417,2.035509,4262394,215.019011,-487073627.378139,0.08893,65.7913,-3.487462,-9.147189,85.025817,-0.023005,-1.3811,0.854783,0.570111,2.324713
01-07-26,33.91,33.939999,33.810001,33.880001,111300,33.547,33.5018,31.634618,0.005674,0.016107,0.013455,TRUE,TRUE,1.867182,0.005391,27.043977,12.691812,60.32101,11.06552,0.07799,0.031234,1.741747,9.539134,13.759907,91.549629,1.224977,0.470145,17.82696,0.509087,0.561072,0.719022,1.115194,0.52046,-2.550417,1.348197,4151094,26.047565,-487065063.829809,0.146357,65.97257,-2.586023,-8.030286,85.727171,-0.017794,-1.04674,0.847952,0.561072,1.867963
01-08-26,33.869999,33.919998,33.799999,33.919998,123100,33.5705,33.5062,31.654325,0.00578,0.015421,0.013508,TRUE,TRUE,1.851875,0.005041,34.615168,13.481925,61.321047,4.668866,0.094284,0.038022,2.199456,9.633166,14.384958,97.18303,1.405074,0.456956,19.500267,0.478475,0.529865,0.691955,1.084948,1.334136,-2.550417,1.445689,4274194,72.893258,-486941963.829809,0.184316,73.666809,-3.654305,-9.498875,85.05822,-0.011809,-0.705904,0.831839,0.529865,1.792274
01-09-26,34.009998,34.169998,34.009998,34.16,97200,33.608,33.516,31.674544,0.006086,0.014771,0.013563,TRUE,TRUE,1.841456,0.0056,56.363603,15.152538,66.738209,5.684235,0.12512,0.055087,2.582584,9.948991,15.117982,98.780692,2.244837,0.466291,23.125738,0.468858,0.525519,0.672015,1.54254,1.176186,-2.550417,1.134789,4371394,11.595867,-486856911.802057,0.266776,79.22532,-3.769425,-9.662996,85.127113,-0.00881,-0.520829,0.819765,0.525519,2.38695
01-12-26,34.110001,34.209999,34.09,34.200001,137800,33.641,33.5296,31.694815,0.006478,0.014161,0.013618,TRUE,TRUE,1.834785,0.006456,53.246702,16.833645,67.553852,7.232842,0.151045,0.064809,2.857145,9.972028,14.872282,98.823725,1.967799,0.440683,26.558581,0.465016,0.521098,0.665586,1.517978,0.960839,-2.550417,1.542168,4509194,115.987461,-486742074.818238,0.29932,80.262742,-4.684997,-9.695132,84.769725,-0.012658,-0.747213,0.815834,0.521098,2.104784
01-13-26,34.23,34.240002,34.110001,34.16,110100,33.669,33.5436,31.716107,0.00713,0.013592,0.013675,TRUE,TRUE,1.827493,0.007131,43.262342,18.494202,65.815773,4.494726,0.166444,0.064167,4.082877,10.302405,16.273393,90.908894,1.666671,0.426562,28.94805,0.464998,0.528352,0.669696,1.43081,0.962613,-2.550417,1.180005,4399094,254.019293,-486767484.498686,0.265255,80.809075,-5.050976,-9.821728,84.618216,-0.020135,-1.196047,0.81835,0.528352,1.696141
01-14-26,34.139999,34.18,34.060001,34.18,69400,33.707,33.5564,31.737449,0.008032,0.013063,0.013733,TRUE,TRUE,1.818951,0.00774,39.393869,19.644031,66.282889,-0.45532,0.178208,0.060744,3.075997,10.154539,16.771217,93.18167,2.274094,0.428402,30.456348,0.464667,0.539174,0.679034,1.367254,1.047952,-2.550417,0.731568,4468494,81.675393,-486698084.498686,0.312353,76.019388,-4.457789,-9.197026,84.632865,-0.026505,-1.598283,0.824035,0.539174,1.553043
01-15-26,34.34,34.34,34.23,34.25,78600,33.747,33.5698,31.760227,0.009333,0.012584,0.013791,TRUE,TRUE,1.809573,0.008819,41.176438,21.267623,67.934391,0.380539,0.190977,0.058811,2.76027,10.913887,17.088993,90.816307,2.391627,0.442125,32.111808,0.456663,0.533289,0.671035,1.420426,0.766906,-2.550417,0.840644,4547094,-25.779037,-486748102.184912,0.346797,76.695075,-4.274236,-9.59669,84.52751,-0.028325,-1.716739,0.819167,0.533289,1.566402
01-16-26,34.32,34.32,34.240002,34.27,84700,33.7915,33.5884,31.782513,0.011183,0.012144,0.013851,TRUE,TRUE,1.805887,0.009651,41.605734,22.775244,68.410493,2.59472,0.200401,0.054588,2.943826,10.835739,15.833993,92.857171,2.666265,0.443951,32.915008,0.452727,0.551241,0.674018,1.39773,1.051927,-2.550417,0.907098,4631794,-2.866972,-486769278.194639,0.303595,77.504928,-4.738267,-8.903373,84.663811,-0.034259,-2.103997,0.820986,0.551241,1.453745
01-19-26,34.110001,34.25,34.049999,34.25,143700,33.8425,33.6038,31.804601,0.01342,0.011749,0.013912,TRUE,TRUE,1.799199,0.010231,40.579778,22.743333,67.333833,1.050944,0.203905,0.046474,2.976554,10.132804,15.268562,90.816307,3.069517,0.475493,31.634217,0.450671,0.553368,0.685423,1.322609,1.198447,-2.550417,1.476956,4488094,120.061256,-486625578.194639,0.398769,75.167975,-5.592962,-8.384602,84.597004,-0.028255,-1.774516,0.827903,0.553368,1.288162
01-20-26,33.970001,33.98,33.790001,33.82,128800,33.8645,33.6128,31.823896,0.015857,0.011381,0.013974,TRUE,TRUE,1.788904,0.010221,22.784822,21.212269,49.35078,-18.583611,0.170025,0.010074,0.955223,8.924449,12.924862,46.938704,1.31815,0.528003,29.720593,0.479829,0.576749,0.709489,1.213843,0.267572,-2.550417,1.285561,4359294,81.664316,-486713705.871472,0.360957,72.507363,-5.010311,-8.366192,84.736729,-0.038061,-2.336244,0.842312,0.576749,-0.149729
01-21-26,33.900002,34.110001,33.830002,34.029999,69000,33.8885,33.6284,31.848686,0.018495,0.011048,0.014037,TRUE,TRUE,1.779714,0.0108,39.644805,20.387585,55.588915,-12.821578,0.158295,-0.001324,2.008388,9.460421,13.3285,68.041136,1.430699,0.564626,28.975988,0.482443,0.577606,0.700504,1.002398,0.34362,-2.550417,0.689864,4428294,-4.696133,-486684135.517248,0.361877,78.446289,-5.809716,-8.331833,84.961726,-0.033866,-2.036214,0.836961,0.577606,0.488331
01-22-26,34.150002,34.16,34.080002,34.119999,89300,33.9115,33.6398,31.878075,0.021196,0.010757,0.0141,TRUE,TRUE,1.761725,0.011804,38.921972,19.840474,57.977676,-9.356157,0.15448,-0.004111,2.58569,9.749915,13.442551,69.013873,1.366605,0.55895,28.892309,0.478823,0.580023,0.717438,0.793247,0.195636,-2.550417,0.881195,4517594,41.971383,-486684139.77551,0.326127,77.964464,-5.211454,-8.106783,84.974566,-0.040857,-2.548184,0.847017,0.580023,0.721642
01-23-26,34.110001,34.110001,33.98,34.040001,66200,33.929,33.6482,31.908695,0.023695,0.01051,0.014164,TRUE,TRUE,1.739505,0.012602,21.333313,18.784669,55.138721,5.78794,0.14335,-0.012194,2.03837,9.038699,12.955096,50,1.038891,0.530887,28.53787,0.479761,0.579942,0.710919,0.690967,0.115052,-2.550417,0.644378,4451394,72.845953,-486689231.186643,0.30058,72.329218,-5.40112,-8.963741,84.547535,-0.048732,-2.999012,0.84316,0.579942,0.38896
01-26-26,34.18,34.220001,34.16,34.169998,74900,33.9525,33.6572,31.941248,0.025981,0.010318,0.014229,TRUE,TRUE,1.715952,0.013338,18.620497,18.310023,58.679531,3.090615,0.143365,-0.009742,1.939134,9.420216,13.054606,69.090506,1.394651,0.528867,28.48798,0.478061,0.587501,0.697203,0.632658,0.573366,-2.550417,0.714456,4526294,127.701101,-486739169.281881,0.268499,70.541307,-4.840901,-8.652092,84.923083,-0.045992,-2.775363,0.834987,0.587501,0.763474
01-27-26,34.209999,34.209999,34.09,34.130001,92800,33.9745,33.672,31.968168,0.027863,0.010176,0.014295,TRUE,TRUE,1.703832,0.013872,17.006877,17.47981,57.184036,-0.79364,0.138553,-0.011643,1.275965,8.772032,12.922272,61.818295,1.306033,0.527395,28.049703,0.477662,0.586924,0.69958,0.565394,0.608158,-2.550417,0.887486,4433494,-5.498982,-486770100.648508,0.207445,63.357031,-5.281768,-8.511439,84.981866,-0.041973,-2.544967,0.836409,0.586924,0.554377
01-28-26,34.150002,34.150002,34.029999,34.060001,67500,34.0045,33.6858,31.997998,0.029188,0.010073,0.014362,TRUE,TRUE,1.687802,0.014388,9.333571,16.381548,54.56314,-0.575581,0.12762,-0.018061,1.158311,8.85977,12.984608,49.09106,1.793193,0.528479,25.334522,0.477874,0.586597,0.697572,0.521523,0.36196,-2.550417,0.646893,4365994,-6.119611,-486803848.50279,0.21851,56.677807,-5.80377,-8.861962,84.737335,-0.04732,-2.858388,0.835208,0.586597,0.219073
01-29-26,34.099998,34.099998,33.799999,33.970001,81600,34.035,33.7016,32.025897,0.030059,0.009998,0.014429,TRUE,TRUE,1.675703,0.014797,-14.074028,16.159628,51.307138,-7.372393,0.110421,-0.028209,1.342484,8.262114,12.283351,32.727374,1.828539,0.540393,20.348252,0.479179,0.587828,0.697789,0.565124,0.149226,-2.550417,0.791234,4284394,-22.946176,-486792967.188496,0.277702,49.868045,-6.719552,-8.964748,84.583475,-0.051754,-3.118808,0.835337,0.587828,-0.319433
01-30-26,33.91,33.91,33.700001,33.810001,93300,34.052,33.7188,32.05176,0.030297,0.00994,0.014496,TRUE,TRUE,1.66704,0.014514,-26.530686,16.361646,46.046451,-11.137585,0.082923,-0.044565,1.046032,7.957705,11.681928,17.187612,1.015835,0.57464,16.420754,0.473846,0.490132,0.604397,0.667142,0.286984,-2.550417,0.919438,4191094,-26.186709,-486788523.362883,0.257727,40.635676,-3.854086,-6.545886,86.626266,-0.024973,-1.330153,0.777429,0.490132,-1.473738
02-02-26,33.889999,34.029999,33.889999,34.009998,84600,34.0665,33.7374,32.077883,0.029982,0.009905,0.014565,TRUE,TRUE,1.659517,0.01477,-9.202606,15.882435,52.590129,-1.973011,0.076389,-0.040879,1.401304,8.803811,11.473921,48.437165,0.860015,0.590162,14.50325,0.476782,0.496365,0.607732,0.691978,0.38045,-2.550417,0.859058,4275694,-41.453287,-486728095.450077,0.259561,39.372402,-4.155711,-7.115097,86.34702,-0.021592,-1.147849,0.779571,0.496365,-0.38958
02-03-26,34.09,34.09,33.779999,33.93,66100,34.068,33.7588,32.104791,0.028999,0.009884,0.014633,TRUE,TRUE,1.654009,0.01468,-14.793012,15.901341,49.978991,-1.328147,0.064017,-0.042601,1.042282,9.138768,11.427111,35.937463,0.088492,0.631552,14.336547,0.475753,0.498048,0.600057,0.737709,0.43318,-2.550417,0.706952,4209594,-60.10863,-486730227.340805,0.183636,39.491994,-4.552785,-8.146067,85.998559,-0.028063,-1.480656,0.774633,0.498048,-0.962573
02-04-26,34.09,34.09,33.84,33.939999,99600,34.071,33.7762,32.131502,0.027567,0.009868,0.014702,TRUE,TRUE,1.644698,0.014371,-19.018655,15.918896,50.311052,4.264601,0.054392,-0.04178,1.799635,8.372795,11.784696,38.7094,0.177088,0.650307,13.980819,0.473012,0.494601,0.602037,0.781156,0.653312,-2.550417,1.071947,4309194,-10.512129,-486750148.556625,0.169464,40.476973,-5.996231,-7.253496,85.554715,-0.025151,-1.338038,0.775911,0.494601,-0.937007
02-05-26,33.82,33.849998,33.68,33.720001,94500,34.061,33.7838,32.158645,0.025576,0.00985,0.014772,FALSE,TRUE,1.625155,0.014172,-30.054886,16.58294,43.472619,-9.11751,0.028682,-0.053993,0.716851,7.295164,11.457009,7.017708,-0.589614,0.692679,15.72425,0.467164,0.484486,0.599714,0.840507,-0.216595,-2.550417,1.032956,4201194,-23.233144,-485053132.391416,0.077492,33.383791,-4.655047,-5.162911,86.141553,-0.029808,-1.600934,0.774412,0.484486,-2.168617
02-06-26,33.869999,34.110001,33.849998,34.09,84400,34.0575,33.7938,32.186007,0.023389,0.009846,0.014841,TRUE,TRUE,1.607793,0.014689,-7.339506,15.776213,54.639638,4.660648,0.037727,-0.035958,2.15763,8.438133,12.09729,75.925769,-0.204917,0.720781,15.569436,0.487239,0.502113,0.611461,0.649605,0.27486,-2.550417,0.929055,4285594,-13.168724,-484981717.197308,0.070533,42.150505,-5.303366,-6.255279,86.06328,-0.022494,-1.175722,0.78196,0.502113,0.208743
02-09-26,34.07,34.23,34.02,34.220001,81600,34.0585,33.8042,32.212834,0.021061,0.009865,0.014911,TRUE,TRUE,1.591366,0.015562,21.276881,14.822832,57.794488,7.483437,0.054755,-0.015144,2.917297,8.50806,12.343221,98.182121,0.058481,0.665859,15.671868,0.488156,0.494948,0.608326,0.706718,0.319816,-2.550417,0.926904,4318294,-40.783745,-484711313.054864,0.049494,51.010719,-6.161812,-7.9906,84.860042,-0.023427,-1.217293,0.779953,0.494948,1.030516
02-10-26,34.279999,34.32,34.23,34.27,75800,34.064,33.8124,32.238528,0.018627,0.009913,0.014982,TRUE,TRUE,1.573872,0.015929,13.953731,14.327104,58.976273,15.503654,0.07146,0.001248,2.146054,8.666602,13.348606,92.187612,0.322016,0.625286,16.229916,0.470199,0.485524,0.574935,0.810539,0.96492,-2.550417,0.878128,4408694,-31.153497,-483921178.639358,0.060318,51.326412,-6.428321,-8.634513,84.924042,-0.024351,-1.260962,0.758245,0.485524,1.269263
02-11-26,34.48,34.48,34.25,34.330002,65000,34.0715,33.8208,32.264226,0.016305,0.009987,0.015053,TRUE,TRUE,1.556574,0.016313,12.426329,14.50284,60.408952,5.769313,0.08852,0.014647,2.111847,8.309841,13.032613,81.250268,0.438858,0.644999,17.116553,0.470294,0.48227,0.569524,0.947897,1.096922,-2.550417,0.754936,4473694,-6.340058,-483485972.86413,0.008682,50.294318,-5.672747,-8.288701,85.015041,-0.015518,-0.798364,0.754668,0.48227,1.510243
02-12-26,34.450001,34.450001,34.060001,34.080002,98900,34.063,33.8306,32.288377,0.013946,0.010074,0.015124,TRUE,TRUE,1.542223,0.015911,2.150604,13.74823,52.225121,-5.569367,0.080934,0.005649,1.067617,7.083888,12.354916,50.000238,-0.496345,0.702128,16.597722,0.474261,0.47053,0.577369,0.940966,0.999126,-2.550417,1.135281,4362694,25.826972,-483083635.083722,-0.013653,48.858098,-3.545402,-7.154317,86.376759,-0.009325,-0.480113,0.759848,0.47053,0.102433
02-13-26,34.16,34.279999,34.049999,34.240002,117100,34.0615,33.8434,32.312687,0.011792,0.010176,0.015195,TRUE,TRUE,1.530714,0.015332,3.703913,13.0015,56.305035,-2.671238,0.086832,0.009238,2.545679,7.653974,13.175802,70.000238,-0.087537,0.709278,16.413341,0.467259,0.456843,0.592489,0.935313,1.672434,-2.550417,1.31966,4536094,38.252656,-482863302.428108,0.041562,40.885193,-5.591783,-8.684657,85.634699,-0.000814,-0.043297,0.769733,0.456843,1.087538
02-17-26,34.290001,34.290001,34.099998,34.290001,173500,34.0635,33.856,32.337443,0.010067,0.010298,0.015266,TRUE,TRUE,1.518557,0.014983,8.421089,12.353915,57.525726,-2.883226,0.094452,0.013486,2.756973,7.912499,12.900908,76.250149,0.116791,0.722826,16.677374,0.465387,0.451908,0.583744,0.922788,1.537879,-2.550417,1.92297,4692094,20.737648,-481181838.341721,0.05739,51.875733,-4.736954,-8.121823,85.838541,0.002814,0.148777,0.764031,0.451908,1.358131
02-18-26,34.380001,34.509998,34.349998,34.450001,90000,34.095,33.8704,32.362753,0.008806,0.01045,0.015337,TRUE,TRUE,1.507647,0.014457,19.598055,12.684084,61.255836,9.030714,0.112109,0.024915,3.827608,8.518021,13.427713,92.771361,1.862806,0.740202,17.751219,0.458343,0.43746,0.576103,1.184936,2.21476,-2.550417,1.019426,4692694,-30.124224,-478948886.815026,0.121307,57.905572,-6.143923,-9.223241,84.974816,0.007135,0.379561,0.759014,0.43746,1.999864
02-19-26,34.439999,34.48,34.349998,34.48,67700,34.1175,33.8906,32.387225,0.0079,0.010635,0.015408,TRUE,TRUE,1.503375,0.014247,26.424936,12.99067,61.930888,5.625853,0.127059,0.031891,4.643395,8.544445,13.453056,96.385681,1.322365,0.704341,19.635829,0.452429,0.431793,0.572533,1.196397,1.920911,-2.550417,0.7674,4760394,-1.884058,-478881186.815026,0.143007,61.748148,-5.919509,-9.809194,84.669287,0.000825,0.04428,0.756659,0.431793,1.84611
02-20-26,34.459999,34.59,34.450001,34.59,97900,34.141001,33.9134,32.412395,0.007347,0.010854,0.01548,TRUE,TRUE,1.501005,0.014597,41.489526,13.708128,64.381542,6.855816,0.146098,0.040745,4.564686,8.754404,13.667955,100,1.377495,0.675256,22.299158,0.44299,0.424073,0.561339,1.341084,1.664757,-2.550417,1.104343,4844494,9.630459,-478346952.848509,0.197532,69.468486,-5.91002,-9.964289,84.811277,-0.001575,-0.085205,0.749226,0.424073,2.013527
02-23-26,34.619999,34.639999,34.43,34.5,139300,34.164001,33.9352,32.437511,0.007055,0.011098,0.015551,TRUE,TRUE,1.49769,0.015153,27.683823,14.563948,60.925784,-0.330052,0.152171,0.037454,4.990868,8.641453,13.776439,85.416716,1.351349,0.674947,23.540328,0.435549,0.417736,0.552976,1.265903,1.079644,-2.550417,1.509127,4728694,110.422961,-477506619.594519,0.167317,59.863223,-6.017898,-9.105718,85.233769,-0.007687,-0.419056,0.743623,0.417736,1.427336
02-24-26,34.540001,34.639999,34.470001,34.630001,84100,34.187001,33.957,32.462683,0.007109,0.011366,0.015623,TRUE,TRUE,1.494317,0.016059,38.461667,15.358639,63.936938,2.00605,0.165565,0.040678,4.717271,8.202836,14.763173,98.958507,1.346219,0.643536,25.745922,0.436137,0.413749,0.535636,1.250899,1.108118,-2.550417,0.906592,4812794,12.283044,-477432412.158023,0.233401,65.493129,-5.298339,-8.254615,85.711065,0.000312,0.016653,0.731871,0.413749,1.720662
02-25-26,34.73,34.790001,34.669998,34.759998,128300,34.218501,33.9802,32.488012,0.007607,0.011658,0.015695,TRUE,TRUE,1.492188,0.017397,42.268139,16.665284,66.7004,2.318858,0.184542,0.047724,4.259143,9.015932,15.193981,97.297065,1.845875,0.622635,28.696711,0.434668,0.41582,0.548738,1.436105,1.051366,-2.550417,1.357098,4891494,38.25431,-476346232.449011,0.279303,66.305624,-5.130327,-8.920479,85.072191,-0.005331,-0.289839,0.740768,0.41582,1.886968
02-26-26,34.799999,34.799999,34.639999,34.790001,81100,34.255,34.0076,32.513194,0.008734,0.011972,0.015767,TRUE,TRUE,1.494406,0.018819,61.14284,17.663266,67.322766,6.396982,0.199701,0.050306,3.572494,9.041936,14.919084,98.947546,2.143275,0.601567,31.115219,0.434494,0.411202,0.54321,1.26599,1.014429,-2.550417,0.851712,5003294,20.148148,-475279898.240601,0.332293,73.071768,-5.520393,-8.981182,84.685368,-0.008804,-0.475902,0.737028,0.411202,1.719417
02-27-26,34.709999,34.709999,34.599998,34.650002,136600,34.289001,34.0316,32.535849,0.010451,0.012294,0.01584,TRUE,TRUE,1.495751,0.01942,36.842185,18.297208,61.542671,-2.394266,0.198133,0.038991,2.818993,8.569257,14.197095,80.769494,2.001767,0.56277,31.549287,0.41899,0.39743,0.537704,1.15114,1.393751,-2.550417,1.394304,4849094,67.401961,-473987561.361907,0.311078,64.095808,-4.731846,-8.203117,85.339455,0.000076,0.004239,0.733283,0.39743,1.144245
03-02-26,34.400002,34.599998,34.389999,34.580002,133400,34.327501,34.0556,32.557957,0.012605,0.012616,0.015913,TRUE,TRUE,1.497644,0.019865,24.657592,17.524177,58.823249,-7.877151,0.189063,0.023937,2.126406,8.248637,14.485607,70.667013,2.277434,0.574238,30.059378,0.420271,0.38996,0.518926,1.076759,1.243585,-2.550417,1.334334,4693494,42.979636,-473226759.102028,0.356627,56.023884,-6.088041,-9.484197,84.621268,-0.007375,-0.401623,0.720365,0.38996,0.840008
03-03-26,34.099998,34.18,33.75,34.099998,201600,34.332001,34.073,32.577614,0.014638,0.012921,0.015985,TRUE,TRUE,1.495386,0.01957,-8.994799,18.278487,44.350987,-22.971779,0.141512,-0.018892,0.560303,7.012834,12.275319,33.333212,0.264629,0.735233,29.623252,0.458959,0.42272,0.563669,1.131727,0.235622,-2.550417,1.905032,4459694,138.297872,-471242237.591258,0.36817,46.660555,-5.319515,-7.954429,84.719808,-0.022935,-1.200916,0.750779,0.42272,-0.783176
03-04-26,34.23,34.310001,34.130001,34.25,83900,34.348001,34.0904,32.597133,0.016523,0.013208,0.016058,TRUE,TRUE,1.493267,0.019615,-4.04049,18.361442,48.606317,-12.936355,0.114609,-0.036635,1.96487,7.752858,12.805716,47.619082,0.943117,0.727843,28.166052,0.461515,0.43084,0.568186,1.152397,0.367274,-2.550417,0.786206,4543594,26.928896,-471214272.109972,0.379202,47.293256,-5.469909,-7.74141,84.644809,-0.016123,-0.843916,0.753781,0.43084,-0.347938
03-05-26,34.07,34.110001,33.830002,33.970001,100700,34.349501,34.0988,32.614808,0.018057,0.013465,0.01613,FALSE,TRUE,1.483993,0.018731,-5.472661,19.265003,42.130203,-16.693046,0.06989,-0.065084,1.101199,6.405422,12.943837,20.952512,0.088399,0.74015,27.94443,0.46292,0.432879,0.575162,1.194714,0.339473,-2.550417,0.943149,4423094,1.104418,-470690376.387225,0.388335,47.259277,-5.529234,-7.664344,84.949126,-0.015412,-0.810861,0.758394,0.432879,-1.35805
03-06-26,33.650002,33.700001,33.529999,33.580002,99500,34.342501,34.0972,32.630828,0.018914,0.013695,0.016201,FALSE,TRUE,1.466372,0.017146,-29.464257,20.764174,35.112756,-9.238231,0.002946,-0.105622,-0.237665,4.564327,11.138696,3.937247,-0.415182,0.793416,29.723038,0.487022,0.454383,0.606453,1.453568,-0.268554,-3.478008,0.929733,4344394,5.291005,-470118139.404444,0.391661,47.845204,-4.807734,-7.014129,85.400647,-0.028113,-1.460698,0.778751,0.454383,-2.565346
03-09-26,33.299999,33.77,33.139999,33.759998,114200,34.326001,34.0986,32.649329,0.019056,0.013892,0.016271,FALSE,TRUE,1.449271,0.015782,-22.362989,22.830244,40.073948,-8.532369,-0.035178,-0.114997,0.088938,4.702885,12.984082,37.349337,-0.968031,0.88228,32.025315,0.491454,0.457336,0.604548,1.609788,0.086815,-3.478008,1.052438,4515694,35.308057,-466694343.669373,0.404327,38.203208,-3.768754,-6.930377,85.863721,-0.019269,-0.989779,0.777527,0.457336,-1.767359
03-10-26,33.759998,33.98,33.689999,33.720001,62300,34.301001,34.099,32.667631,0.018453,0.014046,0.016341,FALSE,TRUE,1.43137,0.014553,-32.444479,23.851704,39.353896,-2.776306,-0.067837,-0.118125,0.746938,4.289049,12.332898,34.939873,-1.461134,0.898155,34.733413,0.489331,0.455922,0.598973,1.788535,-0.187252,-3.478008,0.579292,4453394,-23.651961,-466743752.940374,0.350658,36.978485,-3.841604,-7.680505,85.603012,-0.023104,-1.183557,0.773934,0.455922,-1.672739
03-11-26,33.73,33.73,33.580002,33.639999,50700,34.269501,34.098,32.686273,0.017123,0.014157,0.016411,FALSE,TRUE,1.411728,0.013284,-36.521758,25.003122,37.887493,2.774737,-0.099033,-0.119457,0.568008,3.849774,13.028642,30.120485,-1.838346,0.904537,37.754717,0.489847,0.456645,0.599714,1.980561,-0.411818,-3.478008,0.476997,4307094,-33.113456,-466608062.437106,0.353989,35.761742,-4.242387,-7.550505,84.960493,-0.023511,-1.204292,0.774412,0.456645,-1.667344
03-12-26,33.540001,33.540001,33.330002,33.330002,44800,34.219501,34.0954,32.701883,0.014888,0.01421,0.01648,FALSE,TRUE,1.393517,0.0112,-50.40001,26.499296,32.78905,-7.284898,-0.147076,-0.133999,-0.239443,2.640449,12.469934,11.445931,-2.912904,0.949381,43.147805,0.499478,0.464534,0.604265,2.270898,-0.608236,-4.196605,0.425532,4246494,-31.076923,-463432929.713522,0.345504,30.342796,-4.177984,-7.69725,84.653816,-0.026614,-1.344615,0.777345,0.464534,-2.061516
03-12-26,33.540001,33.540001,33.330002,33.330002,44832,34.182001,34.0948,32.716703,0.01176,0.014196,0.016549,FALSE,TRUE,1.378097,0.009171,-48.547722,27.8886,32.78905,-6.564847,-0.183039,-0.13597,-0.626115,2.108298,12.395373,11.445931,-2.200704,0.949381,47.466974,0.499329,0.465142,0.60588,2.522957,-0.655986,-4.196605,0.437059,4246494,-54.669363,-463477761.713522,0.37602,33.574383,-3.761179,-7.349309,84.653816,-0.028971,-1.467119,0.778383,0.465142,-1.794929
03-13-26,33.540001,33.610001,33.25,33.279999,52600,34.134,34.091,32.731718,0.007744,0.014119,0.016617,FALSE,TRUE,1.359283,0.006949,-57.940062,29.316274,31.983893,-5.9036,-0.213119,-0.13284,-0.95238,2.110815,12.637438,8.433699,-2.803747,0.991588,51.529647,0.498976,0.464587,0.604357,2.774132,-0.625037,-4.340334,0.529433,4193894,-55.081127,-463521595.418434,0.32773,27.844533,-2.87546,-7.117494,85.111588,-0.028278,-1.430284,0.777404,0.464587,-1.657301
03-13-26,33.540001,33.610001,33.25,33.279999,52609,34.0835,34.0822,32.746535,0.002929,0.013984,0.016685,FALSE,TRUE,1.335666,0.004478,-67.272683,30.641971,31.983893,-0.805157,-0.234257,-0.123182,-0.418909,2.017345,11.671547,8.433699,-2.945471,1.034514,54.76772,0.495535,0.464011,0.611261,3.006807,-0.389448,-4.340334,0.563827,4193894,-69.67781,-463565436.62341,0.232495,19.711892,-2.560237,-6.613948,85.111588,-0.020758,-1.066569,0.781832,0.464011,-1.467108
03-13-26,33.540001,33.610001,33.25,33.279999,52609,34.0835,34.0822,32.746535,0.002929,0.013984,0.016685,FALSE,TRUE,1.335666,0.004478,-67.272683,30.641971,31.983893,-0.805157,-0.234257,-0.123182,-0.418909,2.017345,11.671547,8.433699,-2.945471,1.034514,54.76772,0.495535,0.464011,0.611261,3.006807,-0.389448,-4.340334,0.563827,4283594,-69.67781,-461837279.61141,0.232495,19.711892,-2.560237,-6.613948,86.087236,-0.020758,-1.066569,0.781832,0.464011,-1.467108
03-16-26,33.389999,33.57,33.389999,33.549999,68045,34.0385,34.0752,32.762949,-0.002062,0.013802,0.016751,FALSE,TRUE,1.312252,0.002701,-50.81977,31.872976,41.049134,8.260084,-0.22661,-0.092428,0.298949,2.970696,12.060106,26.114645,-2.612486,1.053866,55.292793,0.503166,0.469622,0.618754,2.802379,-0.194301,-4.340334,0.737941,4351639,-24.394444,-461784356.042979,0.251759,18.604638,-3.173717,-7.285133,85.760847,-0.018325,-0.936315,0.786609,0.469622,-0.88348
03-17-26,33.740002,33.77,33.639999,33.66,39300,33.9975,34.0708,32.779616,-0.007198,0.013571,0.016817,FALSE,TRUE,1.291184,0.001383,-41.07891,31.958273,44.305939,12.322046,-0.209261,-0.060064,0.838822,3.308306,12.797829,35.616492,-2.378189,1.056788,54.885419,0.500652,0.468001,0.611984,2.723706,-0.291146,-4.340334,0.43287,4390939,-41.949778,-461811563.557871,0.203428,24.106028,-3.609456,-7.075079,85.864151,-0.016349,-0.832209,0.782294,0.468001,-0.614918
03-17-26,33.740002,33.77,33.639999,33.66,39291,33.951,34.0656,32.796086,-0.012447,0.013284,0.016882,FALSE,TRUE,1.269514,0.000246,-39.316322,32.037478,44.305939,12.322046,-0.193284,-0.035269,1.294012,2.993629,11.876589,44.444408,-2.688639,1.029201,53.524136,0.498873,0.466727,0.610117,1.943572,-0.466069,-4.340334,0.447206,4390939,-59.86619,-461838764.842034,0.139019,27.688157,-3.154266,-6.863287,85.864151,-0.017949,-0.914716,0.7811,0.466727,-0.543681
03-17-26,33.740002,33.77,33.639999,33.66,39291,33.951,34.0656,32.796086,-0.012447,0.013284,0.016882,FALSE,TRUE,1.269514,0.000246,-39.316322,32.037478,44.305939,12.322046,-0.193284,-0.035269,1.294012,2.993629,11.876589,44.444408,-2.688639,1.029201,53.524136,0.498873,0.466727,0.610117,1.943572,-0.466069,-4.340334,0.447206,4463239,-59.86619,-455345518.086712,0.139019,27.688157,-3.154266,-6.863287,85.084466,-0.017949,-0.914716,0.7811,0.466727,-0.543681
03-18-26,33.619999,33.619999,33.310001,33.310001,78200,33.8915,34.0486,32.810757,-0.017897,0.012928,0.016946,FALSE,TRUE,1.237843,-0.001415,-35.746552,32.879876,36.803089,-4.246045,-0.206484,-0.038775,-0.209705,1.705841,11.076162,14.530059,-3.449271,0.937085,53.713944,0.51648,0.475292,0.633432,2.074078,-1.028491,-4.340334,0.922128,4385039,-43.862168,-455423718.086712,0.125298,32.080681,-2.073864,-5.197689,85.669792,-0.022016,-1.117656,0.795884,0.475292,-1.082585
03-18-26,33.619999,33.619999,33.310001,33.310001,78229,33.8255,34.0308,32.825774,-0.023517,0.012512,0.017009,FALSE,TRUE,1.205027,-0.003037,-45.63114,33.662103,36.803089,-7.50285,-0.214473,-0.037411,-0.715344,1.305554,11.112579,17.525956,-3.811723,0.958528,52.251892,0.516448,0.475372,0.633686,1.44618,-1.043764,-4.340334,0.925674,4385039,-6.980975,-455501947.086712,0.035545,23.911375,-1.735317,-5.047914,85.669792,-0.022846,-1.160265,0.796044,0.475372,-0.986565
03-19-26,33.099998,33.290001,33,33.240002,74118,33.7495,34.0124,32.839847,-0.029182,0.012038,0.01707,FALSE,TRUE,1.172553,-0.004769,-39.459549,34.986602,35.412126,-8.893813,-0.223872,-0.037448,-1.247766,1.276629,10.372456,24.489979,-4.372833,0.936909,48.890302,0.517042,0.467716,0.628186,1.007134,-1.134912,-4.455301,0.906075,4310921,-42.230709,-455453386.547079,0.027196,24.914984,-0.67682,-4.386293,86.435203,-0.018732,-0.943176,0.792582,0.467716,-1.042126
03-20-26,33.110001,33.110001,32.599998,32.68,100600,33.644,33.9824,32.85122,-0.035072,0.011481,0.01713,FALSE,FALSE,1.131181,-0.007785,-44.554605,36.802371,26.713664,-10.089425,-0.273357,-0.069546,-2.997917,-0.36585,8.406837,5.79723,-6.064963,0.996678,48.013602,0.55366,0.496968,0.656124,1.313395,-1.538685,-6.064963,1.215325,4210321,24.04439,-455522425.172597,-0.057692,24.96312,-0.57073,-4.393755,86.431173,-0.022245,-1.087629,0.810015,0.496968,-2.007765
03-20-26,33.110001,33.110001,32.599998,32.68,100599,33.5455,33.951,32.862247,-0.040914,0.010841,0.017188,FALSE,FALSE,1.088754,-0.010926,-58.695539,38.488442,26.713664,-10.089425,-0.309012,-0.084161,-3.026708,-0.183266,9.291428,5.79723,-5.685429,0.97045,46.471803,0.552615,0.496644,0.654864,1.475092,-1.39851,-6.064963,1.242329,4210321,-26.355051,-455591463.111846,-0.093939,29.987777,-0.640726,-4.422277,86.431173,-0.021306,-1.041777,0.809237,0.496644,-1.86242
03-20-26,33.110001,33.110001,32.599998,32.68,100599,33.5455,33.951,32.862247,-0.040914,0.010841,0.017188,FALSE,FALSE,1.088754,-0.010926,-58.695539,38.488442,26.713664,-10.089425,-0.309012,-0.084161,-3.026708,-0.183266,9.291428,5.79723,-5.685429,0.97045,46.471803,0.552615,0.496644,0.654864,1.475092,-1.39851,-6.064963,1.242329,4256821,-26.355051,-453557561.344509,-0.093939,29.987777,-0.640726,-4.422277,86.202875,-0.021306,-1.041777,0.809237,0.496644,-1.86242
03-23-26,32.950001,33.279999,32.950001,33.110001,75900,33.472,33.9278,32.875423,-0.046079,0.010156,0.017245,FALSE,TRUE,1.052377,-0.013138,-27.354246,39.160492,39.867409,4.455283,-0.299123,-0.059418,-1.721573,0.88361,10.692907,43.589852,-4.251015,1.024723,40.488567,0.577674,0.51179,0.674597,1.412297,-0.886232,-6.064963,0.971817,4332721,-43.103448,-453559860.972285,-0.168007,31.455851,-1.256159,-5.22825,85.814989,-0.014931,-0.719253,0.821338,0.51179,-0.894079
03-23-26,32.950001,33.279999,32.950001,33.110001,75869,33.4225,33.905,32.888551,-0.050595,0.009422,0.0173,FALSE,TRUE,1.01645,-0.014907,-24.651089,39.784539,39.867409,13.153746,-0.287967,-0.038609,-1.046021,0.546615,11.503035,43.589852,-2.90322,1.063554,38.404859,0.568927,0.506535,0.668268,1.478187,-1.247214,-6.064963,1.056456,4332721,-62.366567,-453562159.660819,-0.272448,34.480888,-0.685999,-4.757769,85.814989,-0.019175,-0.928956,0.817477,0.506535,-0.813699
03-24-26,32.950001,33.16,32.900002,33.040001,42500,33.362,33.8894,32.902464,-0.054354,0.008644,0.017353,FALSE,TRUE,0.986936,-0.016451,-15.183265,40.460452,38.560731,11.847068,-0.281529,-0.025737,-0.959232,0.090889,10.824886,37.606983,-3.532844,1.054998,33.955997,0.564554,0.503186,0.667151,1.535813,-1.606121,-6.064963,0.609366,4290221,-49.344458,-453558890.334117,-0.298238,34.661427,-1.129476,-5.046478,85.597177,-0.028501,-1.389071,0.816793,0.503186,-0.948285
03-24-26,32.950001,33.16,32.900002,33.040001,42515,33.3155,33.8696,32.915982,-0.057271,0.007832,0.017405,FALSE,TRUE,0.953618,-0.017982,-15.183265,41.088085,38.560731,-1.306678,-0.273276,-0.013987,-1.284733,-0.24154,10.751486,37.606983,-2.737711,1.065808,31.468382,0.564574,0.510477,0.676364,1.591355,-1.578416,-6.064963,0.636115,4290221,-57.780536,-453555619.853535,-0.308774,34.661427,-0.90378,-5.167976,85.597177,-0.034791,-1.719561,0.822414,0.510477,-0.87548
03-24-26,32.950001,33.16,32.900002,33.040001,42515,33.3155,33.8696,32.915982,-0.057271,0.007832,0.017405,FALSE,TRUE,0.953618,-0.017982,-15.183265,41.088085,38.560731,-1.306678,-0.273276,-0.013987,-1.284733,-0.24154,10.751486,37.606983,-2.737711,1.065808,31.468382,0.564574,0.510477,0.676364,1.591355,-1.578416,-6.064963,0.636115,4247421,-57.780536,-451691025.367299,-0.308774,34.661427,-0.90378,-5.167976,85.262468,-0.034791,-1.719561,0.822414,0.510477,-0.87548
03-25-26,33.34,33.43,33.259998,33.400002,44100,33.3065,33.855201,32.931498,-0.058873,0.00699,0.017457,FALSE,TRUE,0.923702,-0.018807,5.405526,40.182347,48.607504,8.740095,-0.234978,0.019448,-0.948991,0.632729,11.478351,68.376213,-0.536034,1.060735,30.924795,0.582828,0.528361,0.691202,1.576068,-1.08795,-6.064963,0.68836,4291521,-55.678392,-451662489.258245,-0.26788,43.702912,-0.865149,-5.465641,85.10663,-0.021659,-1.061579,0.831385,0.528361,0.30235
03-25-26,33.34,33.43,33.259998,33.400002,44144,33.288501,33.842401,32.946569,-0.059434,0.006119,0.017506,FALSE,TRUE,0.895831,-0.019198,5.405526,39.341304,48.607504,10.046773,-0.202295,0.041705,-1.474926,0.330431,14.887481,68.376213,-1.066341,1.020103,29.142607,0.574878,0.523178,0.690908,1.560632,-1.428631,-6.064963,0.728899,4291521,-61.345009,-451633924.67779,-0.351079,43.702912,-0.973983,-4.461823,85.10663,-0.028016,-1.391505,0.831209,0.523178,0.382605
03-25-26,33.34,33.43,33.259998,33.400002,44144,33.288501,33.842401,32.946569,-0.059434,0.006119,0.017506,FALSE,TRUE,0.895831,-0.019198,5.405526,39.341304,48.607504,10.046773,-0.202295,0.041705,-1.474926,0.330431,14.887481,68.376213,-1.066341,1.020103,29.142607,0.574878,0.523178,0.690908,1.560632,-1.428631,-6.064963,0.728899,4288021,-61.345009,-449981555.49947,-0.351079,43.702912,-0.973983,-4.461823,85.667844,-0.028016,-1.391505,0.831209,0.523178,0.382605
03-26-26,33.049999,33.16,32.84,32.84,70500,33.244501,33.815801,32.958001,-0.059459,0.005188,0.017555,FALSE,FALSE,0.857799,-0.020396,-28.286792,39.589303,37.534482,-1.02625,-0.219055,0.019956,-3.06966,-1.381379,16.280118,20.512929,-2.60973,1.096224,28.927256,0.612217,0.548821,0.687943,1.688742,-2.116685,-6.064963,1.156258,4217521,13.162119,-450052055.49947,-0.366014,30.497949,-2.143144,-4.742536,85.34145,-0.040698,-1.889101,0.829423,0.548821,-1.398337
03-27-26,32.779999,32.810001,32.619999,32.639999,94000,33.194501,33.786001,32.969371,-0.059106,0.004208,0.017601,FALSE,FALSE,0.816629,-0.021914,-39.230752,40.235977,34.510742,-14.096763,-0.245645,-0.005307,-3.773582,-1.657123,16.92152,3.418876,-2.972652,1.102941,30.339274,0.616197,0.548774,0.67882,1.872902,-2.314285,-6.179941,1.488813,4123521,85.404339,-450126265.827129,-0.404201,20.801578,-1.937193,-5.566998,84.839736,-0.048141,-2.188378,0.823905,0.548774,-1.827668
03-30-26,32.919998,32.950001,32.639999,32.740002,82200,33.165001,33.759601,32.980451,-0.058348,0.003188,0.017647,FALSE,FALSE,0.77915,-0.02315,-34.073948,40.143182,37.233475,-11.37403,-0.2557,-0.01229,-4.156903,-1.681674,18.368767,13.725798,-1.770177,1.138843,31.786289,0.617929,0.549327,0.676441,1.346785,-2.201688,-6.179941,1.264469,4217221,83.482143,-449109237.174633,-0.38055,30.567402,-1.771998,-5.497289,84.970139,-0.044191,-1.995809,0.82246,0.549327,-1.337051
03-31-26,32.970001,33.360001,32.970001,33.299999,63500,33.1635,33.7462,32.993294,-0.056617,0.002169,0.017691,FALSE,TRUE,0.752907,-0.023269,-0.343716,38.362291,49.815845,12.281364,-0.215992,0.021934,-2.631583,0.150374,15.842446,68.627495,-0.090017,1.177607,31.711311,0.65851,0.569363,0.706718,1.347237,-1.461073,-6.179941,0.962983,4280721,41.6399,-449065276.11395,-0.307835,41.168775,-1.950894,-6.659741,84.485027,-0.036806,-1.638389,0.840665,0.569363,0.430442
04-01-26,33.509998,33.59,33.43,33.470001,79200,33.173001,33.7394,33.007489,-0.053977,0.001172,0.017734,FALSE,TRUE,0.731912,-0.023023,5.194791,35.939013,52.902478,18.391736,-0.168859,0.055254,-2.019902,1.980504,19.135885,87.878916,0.570921,1.167358,32.356726,0.662286,0.572003,0.70806,1.512435,-1.272126,-6.179941,1.177328,4360821,50.570342,-447780730.565113,-0.298602,47.672329,-1.751922,-6.860891,83.752991,-0.034767,-1.542321,0.841463,0.572003,0.917895
04-02-26,33.200001,33.580002,33.16,33.52,87300,33.185001,33.729601,33.021436,-0.050518,0.000195,0.017776,FALSE,TRUE,0.708164,-0.022684,9.150271,34.41052,53.802455,16.56898,-0.126019,0.078475,-1.930953,1.085647,18.068414,92.929336,0.721159,1.189057,33.208273,0.662716,0.570998,0.708014,1.620951,-1.188361,-6.179941,1.265117,4448121,65.941189,-447718373.875346,-0.214147,46.778458,-2.137016,-6.669726,83.4469,-0.036031,-1.597221,0.841436,0.570998,1.008784
04-06-26,33.540001,33.630001,33.5,33.630001,114100,33.189001,33.723601,33.035187,-0.046362,-0.000743,0.017817,FALSE,TRUE,0.688413,-0.022853,36.398435,32.822262,55.803415,5.98757,-0.082243,0.097801,-1.810216,0.900088,17.434351,100,0.238456,1.076845,33.715382,0.644519,0.560896,0.696394,1.738984,-0.571829,-6.179941,1.600095,4614221,67.683151,-446516226.028523,-0.164336,61.116053,-1.912913,-6.244339,82.226922,-0.024969,-1.116136,0.834502,0.560896,1.308009
04-07-26,33.57,33.57,33.349998,33.57,112400,33.184501,33.716201,33.048439,-0.041639,-0.001652,0.017857,FALSE,TRUE,0.667761,-0.022754,33.333238,31.739797,54.41883,1.516352,-0.051796,0.102599,-2.042605,0.84109,16.621402,94.059283,-0.26738,1.029832,33.108246,0.639555,0.557198,0.697091,1.567275,-0.906947,-6.179941,1.499401,4501821,186.005089,-446403826.028523,-0.063206,53.113841,-2.474347,-7.305911,81.895394,-0.03698,-1.667744,0.83492,0.557198,1.164359
04-08-26,34.200001,34.290001,34.02,34.119999,84700,33.207501,33.724201,33.064541,-0.0361,-0.002518,0.017896,TRUE,TRUE,0.65966,-0.021576,36.200595,30.264085,63.386598,9.584143,0.016524,0.136735,-0.379565,2.58569,19.516443,89.820253,1.366605,1.038353,37.844376,0.673624,0.577229,0.689113,2.726997,-0.321462,-6.179941,1.096672,4612021,115.570996,-444583421.390706,-0.057955,53.723202,-1.94174,-7.679872,81.822744,-0.023298,-0.984689,0.830128,0.577229,2.411186
04-09-26,34.060001,34.169998,33.93,34.099998,33900,33.247001,33.7244,33.080243,-0.029817,-0.003354,0.017934,TRUE,TRUE,0.644157,-0.020565,35.231176,28.641146,62.901951,7.098536,0.068268,0.150783,0.827909,1.79104,19.240074,88.622622,2.371651,1.02011,42.77244,0.672959,0.576319,0.691308,2.609765,-0.252647,-6.179941,0.451887,4578121,-56.649616,-444569296.480511,0.001868,51.674807,-1.674178,-6.825844,82.190642,-0.012879,-0.546802,0.831449,0.576319,1.99427
04-10-26,34.200001,34.209999,34.119999,34.139999,48900,33.2885,33.7228,33.095847,-0.023015,-0.004161,0.017972,TRUE,TRUE,0.626953,-0.019273,39.568199,27.233269,63.502987,9.084156,0.11122,0.154988,0.323246,2.338126,20.67213,91.017883,2.491738,0.987532,47.211998,0.671314,0.574468,0.6948,2.516201,-0.357545,-6.179941,0.664834,4652121,-37.491212,-443753917.954452,0.036618,56.6908,-2.481654,-8.504169,80.846269,-0.024057,-1.029732,0.833546,0.574468,1.803565
04-13-26,34.080002,34.290001,34.040001,34.290001,60100,33.341,33.7232,33.112649,-0.015855,-0.004939,0.018008,TRUE,TRUE,0.610551,-0.0178,42.662001,26.12969,65.74425,2.357652,0.155571,0.159471,0.498247,3.096821,19.821701,100,3.158842,0.98113,52.217029,0.673498,0.575837,0.695959,2.711042,-0.137801,-6.179941,0.824968,4681421,-18.913085,-442586138.297868,0.04489,59.421073,-2.610561,-8.05153,80.723557,-0.021866,-0.934683,0.834242,0.575837,1.817416
04-14-26,34.299999,34.5,34.299999,34.5,81800,33.432,33.7266,33.130452,-0.008447,-0.00568,0.018044,TRUE,TRUE,0.596149,-0.016111,39.568199,25.617451,68.647071,5.745119,0.205298,0.167359,1.351349,3.417264,19.564988,100,5.569154,0.93789,55.825449,0.677331,0.578654,0.698498,3.106804,0.182313,-6.179941,1.137512,4763221,-18.687873,-442504338.297868,0.150355,61.028795,-2.100487,-7.73086,80.731106,-0.013413,-0.572498,0.835762,0.578654,1.913105
04-15-26,34.540001,34.540001,34.43,34.5,34300,33.523,33.735,33.147607,-0.000975,-0.006368,0.018079,TRUE,TRUE,0.587393,-0.014598,39.568199,25.236799,68.647071,5.144084,0.241918,0.163183,0.965765,2.923626,18.429745,97.916621,5.569154,0.925468,57.723537,0.676286,0.577231,0.697853,2.987657,0.28597,-6.179941,0.500026,4733221,-65.904234,-442286971.689722,0.214761,62.34082,-2.901873,-7.986273,80.842579,-0.012982,-0.554381,0.835376,0.577231,1.69255
04-16-26,34.560001,34.560001,34.400002,34.450001,41300,33.59,33.7392,33.164363,0.006327,-0.007006,0.018113,TRUE,TRUE,0.574837,-0.013468,70.925004,24.770945,67.077507,1.333257,0.263864,0.148103,0.937591,2.225519,18.017996,94.329873,4.047116,0.843875,60.392548,0.673512,0.647953,0.756128,2.69702,0.415241,-6.179941,0.61765,4683321,-45.586298,-440181302.243629,0.210456,63.977873,-2.81293,-8.328684,80.432757,-0.039783,-1.898757,0.869556,0.647953,1.424017
04-17-26,34.599998,34.810001,34.599998,34.740002,48200,33.6715,33.7482,33.183216,0.013835,-0.007582,0.018146,TRUE,TRUE,0.564984,-0.01156,88.982981,24.948367,71.191787,2.544717,0.301185,0.148339,1.996478,3.177914,18.770313,96.774211,4.922987,0.865615,64.437043,0.677788,0.652442,0.755122,2.808985,0.510315,-6.179941,0.736069,4731521,-36.469441,-440165234.993261,0.228925,71.799731,-2.537689,-8.634006,80.435128,-0.035271,-1.669348,0.868977,0.652442,1.65821
04-20-26,34.68,34.689999,34.57,34.66,55600,33.7525,33.7524,33.20137,0.02117,-0.008102,0.018179,TRUE,TRUE,0.55103,-0.009959,82.051065,24.991361,68.643288,-0.003782,0.320611,0.134212,2.0312,3.400953,17.978826,91.847744,4.903144,0.838762,66.237895,0.677755,0.653146,0.756855,2.350911,0.512265,-6.179941,0.840667,4688921,30.823529,-439979072.21047,0.245204,65.119044,-2.631046,-9.699202,80.052872,-0.033859,-1.608288,0.869974,0.653146,1.370061
04-21-26,34.650002,34.66,34.349998,34.369999,74300,33.819,33.7502,33.218821,0.028133,-0.008566,0.018211,TRUE,TRUE,0.531379,-0.008856,51.690624,24.173336,60.226841,-6.850666,0.309043,0.098115,1.656307,2.719665,17.149249,73.33321,4.025418,0.781414,65.37896,0.687094,0.655613,0.766604,2.092974,0.171771,-6.179941,1.097048,4584621,74.761849,-439817904.406695,0.189261,57.73095,-4.697636,-8.845747,80.4061,-0.028944,-1.38419,0.875559,0.655613,0.842777
04-22-26,34.549999,34.549999,34.459999,34.52,51900,33.875,33.7488,33.236823,0.034997,-0.008965,0.018242,TRUE,TRUE,0.511977,-0.007905,51.219303,23.413741,62.769623,-8.422165,0.308423,0.077997,1.499565,2.921883,17.462788,82.424203,3.35329,0.755258,66.389986,0.683386,0.661304,0.761553,1.858653,0.59262,-6.179941,0.761922,4641221,17.687075,-437634513.928623,0.179931,56.580341,-4.120548,-8.567556,81.928737,-0.027161,-1.292074,0.87267,0.661304,0.971532
04-23-26,34.529999,34.57,34.25,34.450001,88000,33.9275,33.7478,33.253579,0.041473,-0.009297,0.018272,TRUE,TRUE,0.494221,-0.006486,44.927392,21.931743,60.815645,-7.827643,0.298839,0.05473,1.532568,2.590825,16.441793,75.342473,3.14371,0.736058,66.587396,0.669815,0.65358,0.755042,1.619707,0.091111,-6.179941,1.2516,4553221,99.34759,-437612513.404101,0.169651,56.381455,-3.930414,-8.772884,81.746252,-0.035292,-1.689948,0.868932,0.65358,0.784684
04-24-26,34.540001,34.57,34.43,34.540001,75200,34.0125,33.746,33.271034,0.047506,-0.009561,0.018301,TRUE,TRUE,0.474967,-0.004719,44.390088,20.555602,62.434797,2.207957,0.295105,0.040796,1.767832,3.599282,16.863059,81.506855,5.176616,0.736208,62.712272,0.668895,0.673544,0.765529,1.384885,0.043733,-6.179941,1.065986,4628421,6.666667,-437569540.804646,0.249512,54.614756,-3.057012,-9.397567,82.009016,-0.020631,-1.011164,0.874945,0.673544,0.841144
04-27-26,34.470001,35,34.41,35,134000,34.1305,33.7508,33.290589,0.053282,-0.009738,0.01833,TRUE,TRUE,0.460211,-0.00213,58.36725,20.56594,69.395571,6.625948,0.325511,0.056962,3.795963,4.540025,18.736899,100,7.230394,0.789796,57.515639,0.689936,0.666925,0.699008,1.699803,0.497079,-6.179941,1.847129,4096121,42.553191,-401957871.920137,0.386137,67.889249,-1.980213,-6.918338,83.654212,0.011793,0.494578,0.836067,0.666925,1.511762
04-28-26,34.389999,34.419998,34.330002,34.400002,65800,34.2135,33.743,33.307145,0.058369,-0.009843,0.018357,TRUE,TRUE,0.435855,-0.000465,11.200087,20.266947,55.063382,-5.752264,0.29776,0.023369,0.909362,3.086613,16.233986,43.92536,5.07025,0.793189,47.498794,0.725737,0.685161,0.669131,1.627174,-0.21623,-6.179941,0.917393,4030321,-19.951338,-401921312.645807,0.43637,59.888894,-3.141006,-8.726949,82.60156,-0.018169,-0.690917,0.818004,0.685161,0.392644
04-29-26,34.400002,34.400002,34.150002,34.209999,84000,34.259,33.7342,33.322104,0.062506,-0.009885,0.018384,TRUE,TRUE,0.412097,0.000462,4.119864,19.325856,51.440301,-10.994496,0.257468,-0.013538,-0.029229,2.887215,15.207449,17.708159,2.732732,0.799683,42.369183,0.723071,0.706619,0.675565,1.593518,-0.152667,-6.179941,1.154639,3919821,32.283465,-400701744.69969,0.369986,56.717674,-1.640797,-7.949777,83.664246,-0.027311,-1.052679,0.821928,0.706619,-0.115653
