Date,Open,High,Low,Close,Volume,SMA20,SMA50,SMA200,SMA20_Slp,SMA50_Slp,SMA200_Slp,>MA50,>MA200,GoldenX,LinReg_Slp,Chande,ADX14,RSI14,RSI_D3,MACD_Line,MACD_Hist,RET_3M_pct,RET_6M_pct,RET_12M_pct,StochK14,ROC20_pct,ATR_pct,StdDev20,Vol60,Beta60,R2_60,Ulcer14,Sharpe60,MaxDD_6M_pct,Vol_vs_Avg,OBV,VolROC20,AD_Line,CMF20,MFI14,RS_3M,RS_6M,RS_Bench,Alpha60,InfoRatio,Corr60,Beta,ZScore
03-19-24,45.356667,45.693333,45.143333,45.460484,114000,45.407561,44.445164,40.261617,0.054855,0.083061,0.047239,TRUE,TRUE,4.183547,0.074243,6.202348,15.898244,53.569281,-0.297928,0.279894,-0.107936,8.477008,17.879429,42.727147,26.235998,2.86808,1.510778,46.200029,1.026177,0.922909,0.30077,1.48963,2.003094,-7.583423,0.761676,-1153500,-63.178295,-141865034.409751,-1.096825,54.114033,1.252833,8.976822,98.850755,0.042699,0.789933,0.548425,0.922909,0.11455
03-20-24,45.786667,46.23,45.619999,45.971462,96600,45.503453,44.524398,40.306604,0.053391,0.082335,0.04733,TRUE,TRUE,4.217795,0.074482,7.659339,15.517043,57.860577,9.021452,0.303897,-0.067147,8.870102,19.440372,43.883224,58.37302,4.353392,1.504615,35.216654,1.025497,0.921346,0.300419,1.444464,1.993798,-7.583423,0.647887,-1056900,-10.555556,-141850318.598159,-1.093935,53.936998,1.328342,8.22534,99.128095,0.041978,0.776915,0.548105,0.921346,1.328943
03-21-24,46.696667,46.783333,46.426666,46.216995,168300,45.544928,44.602041,40.352653,0.051841,0.081703,0.047416,TRUE,TRUE,4.249388,0.074975,1.146717,15.824146,59.783995,7.026978,0.338827,-0.025774,8.938744,21.80824,42.600011,67.451894,1.827609,1.474292,38.509707,1.026685,0.92915,0.303046,1.563913,2.108936,-7.583423,1.128773,-888600,0,-142216493.230772,-1.215207,54.008684,2.289565,10.394419,99.479725,0.053269,0.98658,0.550496,0.92915,1.745189
03-22-24,46.376667,46.586666,46.293331,46.276726,83100,45.596026,44.679749,40.398934,0.050219,0.081152,0.047497,TRUE,TRUE,4.280815,0.075832,5.078803,15.885504,60.259212,6.689931,0.367096,0.001997,10.722311,24.321165,44.509563,70.88468,2.25824,1.490444,41.146771,1.024405,0.915843,0.295333,1.665404,1.973115,-7.583423,0.559879,-805500,-13.975155,-142309001.63433,-1.198859,47.809798,3.396476,11.032649,100.114371,0.064364,1.188181,0.543445,0.915843,1.654321
03-25-24,46.220001,46.459999,46.09,46.107502,247200,45.640654,44.753277,40.447644,0.048631,0.080667,0.047573,TRUE,TRUE,4.305633,0.076212,18.968828,15.599278,58.162278,0.301701,0.371562,0.00517,9.046829,23.778427,42.2912,61.159185,1.974027,1.419273,41.633495,1.026374,0.923169,0.297326,1.537404,1.87306,-7.583423,1.680947,-1052700,-9.945355,-142532815.336349,-1.030837,46.308781,2.729087,10.474332,99.867672,0.05455,1.006491,0.545276,0.923169,1.121328
03-26-24,46.473331,46.533333,46.139999,45.938282,89100,45.671346,44.820434,40.493357,0.046633,0.080217,0.047645,TRUE,TRUE,4.327077,0.0758,10.027137,15.432584,56.061402,-3.722593,0.357328,-0.007252,8.56155,22.778181,41.509009,51.433908,1.35432,1.367654,41.441872,1.025684,0.929476,0.302879,1.473875,1.894157,-7.583423,0.60817,-1141800,-11.077844,-142713303.541179,-1.074337,33.022213,2.966469,9.899746,99.709997,0.061422,1.138553,0.550344,0.929476,0.644122
03-27-24,46.483334,46.483334,46.033333,46.094231,95700,45.721946,44.893763,40.53914,0.044571,0.079778,0.047712,TRUE,TRUE,4.354623,0.074222,-0.911882,15.083097,57.582032,-2.677181,0.354544,-0.008028,8.201571,25.066434,43.141404,60.396465,2.244789,1.292611,40.024209,0.996956,0.880115,0.295509,1.47534,2.491415,-7.583423,0.644444,-1046100,71.505376,-142783101.70928,-1.047046,26.981764,2.358102,9.760565,99.097632,0.081386,1.543953,0.543607,0.880115,0.930149
03-28-24,46.303333,46.356667,46.193333,46.041138,72000,45.749154,44.971936,40.581598,0.043121,0.07933,0.047775,TRUE,TRUE,4.390338,0.07153,15.092563,14.758574,56.860545,-1.301733,0.344087,-0.014788,8.068531,24.664649,43.477521,57.345149,1.196025,1.178124,40.263282,0.983533,0.866466,0.293806,1.407155,2.792019,-7.583423,0.490447,-1118100,-32.011331,-142989281.31084,-1.119522,28.555543,1.641602,8.418759,98.748853,0.094073,1.806825,0.542039,0.866466,0.725187
04-01-24,46.336666,46.566666,46.146667,46.117458,250800,45.747495,45.038098,40.622965,0.042116,0.078871,0.047832,TRUE,TRUE,4.415132,0.068376,23.287637,14.790062,57.681393,1.619991,0.338061,-0.016651,8.730345,23.761139,41.212166,61.731389,-0.071896,1.210589,40.095634,0.979862,0.870208,0.298414,1.285074,2.971097,-7.583423,1.660542,-867300,50.902527,-143274965.517924,-1.188296,40.089404,2.408429,8.428399,98.824696,0.105966,2.04957,0.546273,0.870208,0.922703
04-02-24,45.82,45.946667,45.610001,45.702702,78600,45.733227,45.079175,40.661019,0.040821,0.078366,0.047886,TRUE,TRUE,4.418156,0.064338,-6.75798,13.787641,51.90169,-5.680341,0.296401,-0.046649,9.621978,22.626277,38.650474,37.894815,-0.620497,1.160436,39.700318,0.990035,0.886442,0.310527,1.312097,2.669975,-7.583423,0.538541,-945900,-56.40599,-143310280.523307,-1.080513,34.722046,3.694766,7.813183,98.57793,0.101133,1.952908,0.55725,0.886442,-0.07689
04-03-24,45.700001,46.193333,45.700001,45.822147,119100,45.766573,45.12158,40.697653,0.039476,0.077827,0.047935,TRUE,TRUE,4.423927,0.06169,8.130643,13.27104,53.351366,-3.509179,0.269913,-0.05851,11.137942,22.024805,36.816508,44.75951,1.476949,1.180274,37.319414,0.958165,0.852184,0.302535,1.273717,2.255641,-7.583423,0.834472,-826800,-35.130719,-143370403.349696,-1.066954,40.480269,4.98304,5.021145,98.74729,0.081497,1.616743,0.550032,0.852184,0.148916
04-04-24,46.466667,46.503334,45.293331,45.085541,166800,45.74849,45.145403,40.731877,0.037668,0.077238,0.04798,FALSE,TRUE,4.413526,0.057732,-9.938492,12.570279,44.453322,-13.228071,0.187323,-0.11288,9.855276,22.230696,34.856832,2.425838,-0.795797,1.306762,39.745734,0.98472,0.891001,0.311645,1.368722,1.720388,-7.583423,1.264786,-993600,-56.528538,-143594491.533936,-1.092544,40.60216,4.311285,4.596522,97.50824,0.047254,0.918155,0.558252,0.891001,-1.667975
04-05-24,45.456669,46.103333,45.41,45.666203,280800,45.725097,45.176194,40.76955,0.035624,0.076593,0.048022,TRUE,TRUE,4.406645,0.055106,19.270754,11.919572,51.342551,-0.559139,0.166802,-0.106721,11.144307,21.953806,37.204448,31.882275,-1.014101,1.384095,38.720632,0.992685,0.904971,0.327613,1.180013,1.843549,-7.583423,2.004712,-712800,140,-143667767.150845,-1.040225,52.170779,4.85903,3.323955,97.799816,0.041176,0.803021,0.572375,0.904971,-0.152102
04-08-24,45.950001,46.036667,45.783333,45.633022,92700,45.733061,45.205061,40.806478,0.033318,0.075904,0.04806,TRUE,TRUE,4.398584,0.052336,7.767007,11.315344,50.953659,-2.397706,0.146176,-0.101877,8.796775,22.341458,38.411277,29.859089,0.35024,1.288063,38.338399,0.993033,0.914436,0.331161,1.120244,1.788046,-7.583423,0.681442,-805500,-46.539792,-143870470.406379,-1.062973,51.606296,3.17063,4.40416,97.728756,0.031111,0.608129,0.575466,0.914436,-0.260935
04-09-24,46.099998,46.099998,45.529999,45.802242,150000,45.759605,45.24302,40.846848,0.030554,0.075145,0.048095,TRUE,TRUE,4.396172,0.049731,9.781529,11.224205,52.912564,8.459242,0.14185,-0.084963,9.027716,20.736214,37.914679,34.155071,1.172679,1.286423,36.7796,0.993517,0.914128,0.332062,1.052529,1.860912,-7.583423,1.091227,-655500,23.45679,-143877184.277161,-0.998939,50.653318,2.437011,2.801985,97.657742,0.032329,0.632046,0.576248,0.914128,0.115926
04-10-24,45.483334,45.689999,45.416668,45.423985,156000,45.734222,45.264255,40.883194,0.027236,0.074302,0.048126,TRUE,TRUE,4.381061,0.046571,-16.28817,11.343838,48.271492,-3.071059,0.106669,-0.096115,7.296809,18.538299,37.076001,8.768673,-1.105251,1.236762,37.278198,1.000714,0.92007,0.341154,1.148597,1.53615,-7.583423,1.116838,-811500,39.784946,-144024832.577278,-1.044299,44.517815,1.589831,3.129674,97.569723,0.027644,0.540251,0.584084,0.92007,-0.832222
04-11-24,45.790001,46.439999,45.583332,46.17054,192000,45.764416,45.306129,40.925175,0.02452,0.073412,0.048154,TRUE,TRUE,4.380954,0.044219,-1.202815,11.101701,56.399905,5.446246,0.137445,-0.052271,8.91515,19.556278,40.111936,67.82533,1.325254,1.248346,38.281688,1.017965,0.872208,0.2964,1.149715,2.030443,-7.249243,1.324092,-619500,124.561404,-143953617.223491,-0.929233,45.112955,3.315637,5.693379,99.646409,0.065559,1.218814,0.544426,0.872208,1.060884
04-12-24,45.91,46,45.450001,45.370899,215100,45.759937,45.34933,40.965564,0.021444,0.07244,0.048178,TRUE,TRUE,4.383766,0.039847,-19.682764,10.613497,47.745693,-5.166871,0.096201,-0.074812,6.928371,17.910479,38.912158,6.091726,-0.19706,1.325586,38.706084,1.041013,0.926902,0.313263,1.079295,1.722212,-7.249243,1.461923,-834600,24.695652,-144230589.113294,-0.960915,42.460334,2.50177,4.306889,98.804361,0.039694,0.730423,0.559699,0.926902,-1.005106
04-15-24,45.990002,45.996666,44.75,44.62434,223200,45.744674,45.367446,40.999222,0.017408,0.071332,0.048197,FALSE,TRUE,4.368225,0.035219,-28.63542,10.756018,41.364129,-6.907363,0.003237,-0.134221,4.800128,17.538845,33.99429,-6.917065,-0.679409,1.488087,42.562404,1.047409,0.949479,0.332644,1.40165,0.890237,-7.249243,1.484289,-1057800,40.909091,-144498784.806152,-0.943744,43.035557,1.386214,4.416936,97.855688,-0.001229,-0.022793,0.576753,0.949479,-2.632214
04-16-24,44.799999,45.060001,44.716667,44.634293,170400,45.70801,45.370233,41.032664,0.012813,0.070105,0.048211,FALSE,TRUE,4.337569,0.031929,-25.974856,10.939741,41.476428,-14.923477,-0.068841,-0.165039,5.200594,15.996176,34.290873,-4.452683,-1.616317,1.489329,48.697883,1.017714,0.899249,0.314797,1.654492,0.412229,-6.816019,1.11318,-887400,46.391753,-144750951.3606,-0.936941,41.572112,1.868782,4.469087,98.414147,-0.010025,-0.188914,0.561068,0.899249,-2.204853
04-17-24,45.033333,45.033333,44.226665,44.086819,210300,45.639326,45.364195,41.063535,0.00769,0.068733,0.04822,FALSE,TRUE,4.300659,0.027776,-37.09376,11.824088,37.25016,-10.495532,-0.168201,-0.211519,4.638536,15.108547,32.56456,-5.976359,-3.021668,1.55021,60.604248,1.030733,0.898162,0.306061,2.04701,0.060957,-5.516584,1.33194,-1097700,84.473684,-145034168.116723,-1.003589,39.682523,0.036239,3.888575,97.118264,-0.034268,-0.633555,0.553228,0.898162,-2.561714
04-18-24,44.336666,44.5,43.973331,43.808098,116100,45.531158,45.354705,41.090015,0.002187,0.06721,0.048225,FALSE,TRUE,4.26469,0.023472,-39.611503,12.975639,35.279254,-6.084874,-0.266365,-0.247746,2.332961,15.975843,31.582532,-6.371474,-4.705886,1.603155,72.502407,1.032615,0.890421,0.298331,2.460638,-0.213967,-5.334491,0.730809,-1213800,20.186335,-145223117.055251,-1.06153,39.036638,-2.226745,3.093813,96.269914,-0.048794,-0.895496,0.546197,0.890421,-2.376556
04-19-24,43.880001,43.926666,42.93,42.902271,183000,45.365422,45.31814,41.111551,-0.005071,0.065508,0.048224,FALSE,TRUE,4.206589,0.018081,-49.717917,15.131217,29.76696,-11.709469,-0.412498,-0.315103,-1.710376,14.562464,29.002747,-0.775999,-7.172089,1.715444,91.418188,1.064087,0.83201,0.248372,3.103695,-0.853324,-7.291904,1.146617,-1396800,8.734403,-145416299.831689,-1.002446,29.489436,-6.115731,0.34016,93.710351,-0.09587,-1.649702,0.498369,0.83201,-2.694377
04-22-24,43.369999,43.779999,43.073334,43.280533,123600,45.215612,45.286751,41.135078,-0.013391,0.063657,0.048219,FALSE,TRUE,4.151674,0.013485,-37.667684,17.132825,34.377955,-2.872206,-0.492114,-0.315776,-0.964229,17.337167,31.144322,9.809678,-6.474514,1.76156,99.858506,1.07051,0.84138,0.251275,3.51542,-0.665607,-7.291904,0.764733,-1273200,48.736462,-145467419.075082,-0.977082,33.961809,-5.811922,1.289008,94.167175,-0.084874,-1.454535,0.501273,0.84138,-1.937821
04-23-24,43.753334,44.333332,43.743332,44.007179,105000,45.110596,45.261402,41.163679,-0.021935,0.061701,0.048209,FALSE,TRUE,4.097723,0.009647,-25.789723,17.816538,42.225041,6.945787,-0.490917,-0.251663,0.257008,18.98657,33.239311,30.14493,-4.555273,1.823281,101.022524,1.089706,0.869186,0.262174,3.726353,-0.089465,-7.291904,0.679546,-1168200,-57.524272,-145478507.330343,-0.953206,33.442605,-4.792593,1.844008,95.147611,-0.056221,-0.953486,0.51203,0.869186,-1.092248
04-24-24,44.543331,44.666668,44.136665,44.159813,205500,45.021673,45.243219,41.193821,-0.030468,0.059658,0.048196,FALSE,TRUE,4.049397,0.006829,-14.344385,17.823565,43.746704,13.979745,-0.472209,-0.186364,0.075193,18.223802,33.956298,35.037413,-3.871431,1.727933,101.18072,1.082199,0.826828,0.244051,3.853046,-0.260264,-7.291904,1.281691,-962700,130.639731,-145666057.122695,-0.920808,41.346853,-4.155385,1.483994,96.13806,-0.047884,-0.80787,0.494016,0.826828,-0.851802
04-25-24,43.623333,44.220001,43.48,43.947456,113700,44.914334,45.234724,41.222969,-0.038759,0.057535,0.048179,FALSE,TRUE,4.011756,0.003192,-28.2443,18.582308,42.085911,7.707956,-0.46911,-0.146612,-0.548133,20.695402,35.916462,28.987366,-4.65736,1.691133,100.588925,1.08077,0.82923,0.24608,4.051754,-0.220863,-7.291904,0.705182,-1076400,18.808777,-145636109.231857,-0.884736,31.85186,-4.454555,3.758851,95.646991,-0.044024,-0.744725,0.496065,0.82923,-0.961217
04-26-24,44.466667,44.973331,44.450001,44.62434,83700,44.843494,45.228885,41.254341,-0.046417,0.055366,0.048159,FALSE,TRUE,3.974544,-0.000797,-14.990102,18.031608,48.762998,6.537957,-0.40734,-0.067874,1.639967,25.034356,37.056618,48.271811,-3.077243,1.77039,97.166418,1.067368,0.796863,0.224171,4.13775,0.645165,-7.291904,0.517241,-992700,16.25,-145664042.584628,-0.826462,31.50794,-2.607948,7.151272,96.742023,-0.00172,-0.029041,0.473467,0.796863,-0.225545
04-29-24,45.036667,45.080002,44.740002,44.813465,94500,44.778294,45.224969,41.284439,-0.053671,0.05319,0.048137,FALSE,TRUE,3.94053,-0.003694,-14.650952,17.358396,50.480888,6.734184,-0.339216,0.000201,1.017199,25.018847,33.990012,53.659992,-2.827548,1.744694,92.427471,1.058429,0.78731,0.222018,4.206259,0.462877,-7.291904,0.613616,-898200,-62.320574,-145717705.573106,-0.793072,36.686238,-2.746703,6.114893,97.093866,-0.010215,-0.173691,0.471188,0.78731,0.038052
04-30-24,44.816666,44.963333,44.146667,43.944138,61200,44.690366,45.212361,41.306861,-0.060949,0.050971,0.048112,FALSE,TRUE,3.9055,-0.006761,-20.439978,17.445276,43.29517,1.20926,-0.351324,-0.009526,-0.301113,21.093941,30.577322,28.892813,-3.847834,1.84928,91.530992,1.064229,0.844787,0.268842,4.377988,-0.463429,-7.291904,0.399647,-959400,-22.137405,-145809260.297419,-0.81594,38.406512,-2.727514,4.314224,96.334889,-0.06074,-1.05958,0.5185,0.844787,-0.815274
05-01-24,43.983334,44.666668,43.75,43.622288,92400,44.580373,45.200947,41.327823,-0.067704,0.048712,0.048084,FALSE,TRUE,3.873124,-0.010505,-37.390398,17.949408,40.969955,-7.793043,-0.382482,-0.032547,0.952164,19.563063,29.608228,22.550082,-4.800865,1.846657,90.425737,1.067889,0.873045,0.273317,3.059077,-0.584177,-7.291904,0.608696,-1051800,-22.418136,-145927407.051255,-0.842228,30.5078,-2.49223,2.86987,95.600399,-0.084915,-1.480771,0.522797,0.873045,-1.059527
05-02-24,44.243332,44.466667,43.75,44.143223,182700,44.533257,45.202738,41.349485,-0.073633,0.04642,0.048053,FALSE,TRUE,3.853254,-0.013532,-18.781711,18.417531,46.022939,-4.457949,-0.360978,-0.008835,0.971463,18.970769,32.40499,39.561617,-2.090067,1.844903,90.109449,1.078956,0.893061,0.280784,2.074202,-0.226698,-7.291904,1.197287,-869100,9.532374,-145909618.429336,-0.758585,40.387229,-2.620807,3.037549,96.304686,-0.063605,-1.103462,0.529891,0.893061,-0.432845
05-03-24,45.126667,45.333332,45.040001,45.052361,193500,44.502565,45.196036,41.373953,-0.078543,0.044139,0.048021,FALSE,TRUE,3.822083,-0.014302,6.389194,17.467077,53.503377,10.208207,-0.267493,0.06772,1.252786,19.322177,36.008849,88.309083,-1.344193,1.798707,87.040576,1.103797,0.927654,0.292791,2.507549,0.029599,-7.291904,1.305404,-675600,-31.089744,-146086812.037503,-0.815977,51.215148,-3.028529,6.229177,97.699201,-0.056976,-0.974374,0.541102,0.927654,0.631654
05-06-24,45.463333,45.763332,45.433334,45.553391,96900,44.498584,45.202008,41.401108,-0.081545,0.041884,0.047987,TRUE,TRUE,3.8009,-0.014066,12.782632,16.431173,57.037082,16.067127,-0.151234,0.147184,2.623716,19.247115,38.017475,92.590284,-0.174505,1.822093,86.512856,1.112388,0.920574,0.30481,3.434676,0.230364,-7.291904,0.652789,-578700,4.530744,-146113205.909675,-0.755435,58.571982,-4.183495,5.438604,97.385319,-0.064383,-1.101947,0.552096,0.920574,1.219249
05-07-24,45.790001,45.933334,45.706669,45.576618,138000,44.487302,45.209242,41.432819,-0.082434,0.039648,0.047953,TRUE,TRUE,3.776423,-0.013111,22.349354,15.688805,57.199482,11.176543,-0.056571,0.193478,2.922225,18.926336,35.361625,88.122661,-0.492605,1.754287,84.854638,1.105892,0.913611,0.302905,3.367595,0.017367,-7.291904,0.933442,-440700,-8,-146409562.529611,-0.856459,68.760505,-3.611052,4.567247,97.320005,-0.074691,-1.284129,0.550368,0.913611,1.283743
05-08-24,45.5,45.833332,45.486668,45.556705,108600,44.493938,45.213887,41.465093,-0.081715,0.037413,0.047917,TRUE,TRUE,3.748794,-0.012555,27.291487,14.679245,57.000561,3.497184,0.016652,0.21336,1.847032,17.754645,34.971069,87.459641,0.292183,1.726831,85.673668,1.104195,0.913033,0.304429,3.203956,0.115797,-7.291904,0.746546,-549300,-30.384615,-146474280.844678,-0.841908,68.903125,-4.400002,2.792012,97.478777,-0.061811,-1.065493,0.551751,0.913033,1.240483
05-09-24,45.779999,45.893333,45.59,45.626385,79800,44.466731,45.22477,41.497401,-0.079042,0.035191,0.047879,TRUE,TRUE,3.72737,-0.013092,48.898046,13.828043,57.55679,0.519708,0.079389,0.220877,1.731142,17.823768,35.976914,89.267498,-1.178576,1.620864,80.794066,1.084867,0.98465,0.285934,2.878445,0.532209,-7.291904,0.570571,-469500,-58.4375,-146534936.953435,-0.922823,77.690607,-5.0812,2.055852,97.111172,-0.087092,-1.508116,0.534728,0.98465,1.435321
05-10-24,46,46.166668,45.833332,45.732559,46200,44.484814,45.229482,41.528765,-0.074231,0.032984,0.047839,TRUE,TRUE,3.700717,-0.012602,46.274081,13.431844,58.439011,1.239529,0.136106,0.222076,1.011351,19.004042,34.84465,83.842117,0.797119,1.564397,83.29041,1.074171,0.995751,0.26806,2.706532,0.292768,-7.291904,0.351558,-423300,-78.521618,-146609070.97646,-0.904951,76.682773,-5.121449,4.004797,97.595424,-0.07398,-1.277916,0.517745,0.995751,1.498066
05-13-24,46.126667,46.126667,45.916668,45.818829,63300,44.544538,45.222846,41.561587,-0.06689,0.030789,0.047799,TRUE,TRUE,3.661258,-0.011859,38.888757,13.063946,59.181429,2.180868,0.185874,0.217475,1.663829,16.663949,34.665696,87.053134,2.676765,1.458765,88.465406,1.074125,1.098102,0.290625,2.651843,0.288296,-7.291904,0.512883,-360000,-71.639785,-146731354.387904,-0.90446,76.111951,-3.95934,2.347027,98.068635,-0.05159,-0.905268,0.539096,1.098102,1.440439
05-14-24,45.996666,46.383331,45.996666,46.124092,68100,44.619028,45.225566,41.596334,-0.05726,0.028619,0.047759,TRUE,TRUE,3.629233,-0.011397,40.827453,13.103689,61.782924,4.226134,0.247099,0.22296,3.948246,17.749117,36.038903,91.070976,3.337791,1.434401,95.271366,1.068995,1.098389,0.293676,2.967612,0.693592,-7.291904,0.575631,-291900,-60.035211,-146754569.472453,-0.846802,73.887721,-4.156193,3.958092,98.751193,-0.021058,-0.372091,0.541919,1.098389,1.579765
05-15-24,46.57,47.053333,46.490002,46.834152,203100,44.756395,45.259145,41.630953,-0.045113,0.026541,0.04772,TRUE,TRUE,3.628192,-0.010504,54.374897,14.008288,67.044313,8.605301,0.348895,0.259805,4.269779,17.163819,37.449395,93.364852,6.231644,1.441516,106.355262,1.078794,1.094016,0.285874,3.916848,1.274786,-7.291904,1.721989,-88800,-3.42368,-146709513.768673,-0.710223,82.883655,-2.207761,4.907881,100.182538,0.017022,0.296399,0.534672,1.094016,1.953601
05-16-24,47.016666,47.226665,46.943333,46.727974,128400,44.902389,45.28476,41.664959,-0.031262,0.024532,0.047681,TRUE,TRUE,3.619801,-0.010168,44.397597,15.048186,65.59017,6.408741,0.416203,0.26169,3.818644,16.859465,36.925134,85.656039,6.665152,1.347975,112.515058,1.078272,1.094578,0.283821,3.708793,1.297149,-7.291904,1.082996,-217200,10.594315,-147033105.141158,-0.763322,83.436955,-1.084258,4.793296,99.896376,0.011776,0.204859,0.532748,1.094578,1.622525
05-17-24,46.953335,47.006668,46.756668,46.668247,58200,45.090687,45.295444,41.699063,-0.016391,0.022591,0.047643,TRUE,TRUE,3.596381,-0.007818,40.244603,15.629071,64.739557,2.956633,0.45943,0.243934,4.69704,16.468875,35.17815,83.938108,8.778034,1.322614,108.729436,1.007907,0.964288,0.251447,3.52625,0.55936,-7.291904,0.518162,-275400,-68.196721,-147132473.897262,-0.763966,79.1457,-0.818178,3.648793,99.037479,-0.029334,-0.534005,0.501445,0.964288,1.450904
05-21-24,47.060001,47.363335,47.060001,47.146049,69900,45.283963,45.32889,41.739963,-0.000712,0.020733,0.047605,TRUE,TRUE,3.588927,-0.004981,75.924221,16.603952,68.28318,1.238867,0.526176,0.248544,6.682182,17.67104,34.02012,93.986575,8.931306,1.290791,109.214214,1.014599,0.984351,0.254878,3.627882,0.898907,-7.291904,0.63757,-205500,-43.446602,-147162716.105846,-0.773155,83.201717,1.134563,5.689371,100.051452,0.000222,0.004024,0.504854,0.984351,1.704985
05-22-24,47.366669,47.450001,47.080002,47.083004,85500,45.437754,45.365123,41.781061,0.015403,0.018956,0.047568,TRUE,TRUE,3.584062,-0.002419,87.426206,17.611979,67.321776,1.731605,0.567445,0.23185,6.876548,16.225912,34.206815,90.081171,6.98937,1.209585,111.911738,1.014739,0.993125,0.257073,3.028631,0.886858,-7.291904,0.786858,-291000,-18.571429,-147246828.613965,-0.813695,89.012863,1.413579,4.965171,100.305816,-0.003405,-0.061806,0.507023,0.993125,1.470131
05-23-24,47.830002,47.833332,46.966667,46.893875,147300,45.574458,45.384368,41.822141,0.031575,0.017263,0.047532,TRUE,TRUE,3.562226,-0.000086,75.845823,18.98524,64.392786,-0.34677,0.578225,0.194104,3.318945,16.406381,34.875601,66.367864,6.19129,1.217858,112.178074,1.016318,0.990452,0.261618,2.509068,0.717865,-7.291904,1.392908,-438300,-28.321168,-147418872.363498,-0.828754,88.836605,-0.68645,5.086253,100.52898,-0.0067,-0.121795,0.511486,0.990452,1.176181
05-24-24,47.296665,47.666668,47.256668,47.341816,72000,45.744176,45.419871,41.865394,0.047646,0.015716,0.047496,TRUE,TRUE,3.554476,0.002483,72.326618,20.260412,67.949468,-0.333712,0.615814,0.185354,4.611783,17.037067,36.919339,79.520142,7.723677,1.143371,111.944035,1.019695,0.996633,0.264083,2.53915,1.101992,-7.291904,0.694545,-366300,-36.675462,-147460966.763334,-0.880171,87.900787,0.698736,5.221999,101.006977,0.005669,0.102882,0.51389,0.996633,1.427178
05-27-24,47.613335,47.82,47.580002,47.570759,42300,45.891496,45.462076,41.912128,0.063454,0.014351,0.04746,TRUE,TRUE,3.549948,0.006006,69.724249,21.622134,69.619749,2.297973,0.656509,0.18084,5.210251,17.583792,34.280637,88.810789,6.602717,1.102914,115.754034,1.015197,0.986881,0.256545,2.714865,0.993144,-7.291904,0.416359,-324000,-49.462366,-147506524.95388,-0.906778,87.425059,0.660222,5.595833,101.405079,0.007895,0.14317,0.506502,0.986881,1.450716
05-28-24,47.693333,47.733334,47.446667,47.514351,84000,46.026541,45.513771,41.958099,0.078587,0.013178,0.047425,TRUE,TRUE,3.555672,0.010429,66.212575,22.532701,68.670193,4.277407,0.676412,0.160594,4.831625,17.723924,30.752512,86.407039,6.026951,1.090201,118.243413,0.99969,0.942134,0.23682,2.47312,0.596934,-7.291904,0.831107,-408000,-11.111111,-147550858.90821,-0.906873,80.128703,0.647578,6.261186,101.828733,0.007113,0.129299,0.486641,0.942134,1.25826
05-29-24,47.316666,47.580002,47.316666,47.17923,84000,46.188295,45.550004,42.003803,0.092765,0.012182,0.047389,TRUE,TRUE,3.546201,0.01395,50.051012,23.032757,63.158723,-4.790745,0.657563,0.113396,4.6515,16.970446,29.160297,70.842374,7.361829,1.085329,110.10487,1.003152,0.861565,0.232165,2.210055,0.501767,-7.291904,0.821837,-492000,37.254902,-147722538.592994,-0.935955,81.483452,1.954587,6.937505,102.828421,0.025683,0.463813,0.481835,0.861565,0.899991
05-30-24,47.323334,47.323334,46.783333,46.671566,76200,46.340759,45.574226,42.044699,0.105131,0.011303,0.047353,TRUE,TRUE,3.529527,0.015162,28.403783,22.227599,55.846429,-13.773319,0.594805,0.04051,2.581673,15.427359,27.863095,41.911697,6.990184,1.12826,92.389642,0.984385,0.776086,0.205368,1.986517,0.708863,-7.291904,0.751479,-568200,-17.532468,-147830281.618467,-0.938301,75.26378,-0.505937,4.329265,100.713597,0.029129,0.526963,0.453176,0.776086,0.358056
05-31-24,46.959999,46.959999,46.080002,46.654976,187500,46.466347,45.587896,42.087566,0.115901,0.010541,0.047317,TRUE,TRUE,3.50033,0.016758,25.693047,21.101743,55.619804,-13.050389,0.537534,-0.013409,1.092807,15.518844,28.703896,38.520466,5.690008,1.180672,76.681939,0.981428,0.731874,0.192436,1.773252,0.527101,-7.291904,1.844746,-755700,2.627258,-147772763.498599,-0.916541,64.230474,-2.159209,3.800056,99.659936,0.009655,0.173778,0.438675,0.731874,0.245989
06-03-24,47,47.286667,46.536667,46.834152,373500,46.555437,45.600239,42.133582,0.124552,0.009896,0.04728,TRUE,TRUE,3.466657,0.019744,27.567481,19.706186,57.620073,-5.538649,0.50083,-0.04009,1.839817,16.258128,27.649289,45.598177,3.954935,1.230433,69.393659,0.963577,0.664025,0.161969,1.531961,0.22735,-7.291904,3.375813,-382200,93.023256,-147849968.088443,-0.796799,70.849384,-0.956603,6.024601,100.731599,0.012474,0.224491,0.402453,0.664025,0.401644
06-04-24,47.049999,47.299999,46.853333,46.970196,88800,46.626277,45.614109,42.1821,0.131065,0.009379,0.047244,TRUE,TRUE,3.432009,0.021795,24.079255,18.433543,59.126416,3.279987,0.477219,-0.050961,4.019398,16.261199,27.035327,50.771607,3.110208,1.211866,65.762627,0.944787,0.633572,0.155466,1.341702,0.71402,-7.291904,0.805552,-293400,-8.359133,-147892301.869861,-0.806956,71.226106,1.932857,7.680364,101.571588,0.045739,0.836272,0.394292,0.633572,0.52297
06-05-24,47.546665,48.133331,47.493332,47.892612,332400,46.742076,45.649811,42.23571,0.135854,0.009036,0.047208,TRUE,TRUE,3.4141,0.024932,28.406005,18.526782,67.548697,11.928893,0.526865,-0.001052,5.380757,19.742288,29.414329,88.276658,5.08154,1.22341,66.690982,0.973769,0.681237,0.172133,1.86077,1.347279,-7.291904,2.771039,39000,140.869565,-147809948.804987,-0.583713,73.358247,2.867746,10.404701,102.915713,0.079475,1.423949,0.414889,0.681237,1.725175
06-06-24,48.200001,48.233334,48.043331,47.876019,84000,46.858042,45.688566,42.286024,0.139015,0.008862,0.047173,TRUE,TRUE,3.402541,0.029015,31.56917,18.745059,67.280113,9.660039,0.558434,0.024413,3.775888,19.394218,29.323272,83.406409,5.091046,1.216106,65.141,0.957365,0.657396,0.165363,1.743604,0.957717,-7.291904,0.707517,-45000,-22.651934,-148041886.485681,-0.660183,72.728426,1.917137,9.800141,102.57322,0.056273,1.021357,0.406649,0.657396,1.562728
06-07-24,48.07,48.369999,47.990002,47.859428,107400,46.969694,45.72387,42.336636,0.139786,0.008868,0.047141,TRUE,TRUE,3.387233,0.032344,33.14855,19.130924,66.993312,7.866896,0.57548,0.033167,5.246265,20.017192,31.606305,77.704316,4.894194,1.248659,61.979772,0.950687,0.675547,0.180435,1.604266,1.17594,-7.291904,0.894218,-152400,34.586466,-148223095.279625,-0.702784,76.633644,4.085518,10.73791,103.432264,0.085301,1.573345,0.424777,0.675547,1.435523
06-10-24,47.946667,48.293331,47.946667,48.045242,93300,47.085328,45.763952,42.385163,0.13873,0.009079,0.04711,TRUE,TRUE,3.378789,0.035671,27.236089,19.39129,68.607424,1.058727,0.597099,0.04383,6.127247,18.795528,30.573563,85.81847,5.056973,1.204999,59.195084,0.950533,0.680252,0.179774,1.805271,1.349058,-7.291904,0.761881,-59100,101.948052,-148263334.728985,-0.67543,76.949343,4.936701,9.283543,103.646766,0.086495,1.594985,0.423997,0.680252,1.621611
06-11-24,48.130001,48.583332,47.990002,48.360451,129000,47.21241,45.808811,42.439572,0.136522,0.009483,0.047081,TRUE,TRUE,3.369239,0.038471,35.947572,20.039729,71.181967,3.901854,0.632378,0.063287,5.287871,19.096869,30.924199,91.096607,5.547113,1.230131,57.841129,0.938498,0.637578,0.167248,2.261831,1.88053,-7.291904,1.025886,69900,103.791469,-148231251.019538,-0.596404,77.510719,5.30977,10.788488,105.179572,0.126146,2.338201,0.40896,0.637578,1.984818
06-12-24,49.013332,49.456669,48.93,49.053921,123300,47.358901,45.875836,42.495825,0.133572,0.01007,0.047053,TRUE,TRUE,3.380011,0.042959,53.229583,21.62777,75.870492,8.87718,0.708131,0.111232,7.653084,19.710805,30.637763,88.072614,6.352057,1.246167,65.430422,0.947358,0.657035,0.174956,3.330917,1.991172,-7.291904,0.959496,193200,81.057269,-148296528.225596,-0.599961,77.284678,8.000884,11.249599,106.365735,0.129468,2.388414,0.418278,0.657035,2.590568
06-13-24,49.57,49.666668,49.286667,49.355862,137100,47.484986,45.94651,42.552147,0.130471,0.010851,0.047029,TRUE,TRUE,3.394363,0.047895,51.484054,23.298615,77.580788,8.973364,0.783498,0.149279,8.568712,19.558396,30.419561,91.334396,5.384339,1.215381,77.895699,0.949355,0.587782,0.149275,3.721643,2.101453,-7.291904,1.095004,330300,-32.496307,-148383698.859536,-0.668578,78.109344,9.528925,12.058246,108.361493,0.149873,2.717062,0.386361,0.587782,2.40177
06-14-24,49.5,49.776669,49.466667,49.548313,141900,47.626003,46.035766,42.605075,0.127587,0.011822,0.047006,TRUE,TRUE,3.430691,0.053796,51.02723,24.952788,78.620937,7.43897,0.84897,0.171801,10.279899,18.531163,30.075564,93.822667,6.035655,1.202389,88.303421,0.941174,0.565982,0.136471,3.917656,1.913361,-7.291904,1.127264,472200,10.514019,-148450853.626041,-0.563135,79.234961,11.451993,13.169845,109.017249,0.147281,2.67325,0.36942,0.565982,2.176937
06-17-24,49.796665,50.526669,49.796665,50.148876,217500,47.800035,46.125419,42.659912,0.126066,0.012993,0.046984,TRUE,TRUE,3.465507,0.060899,59.609454,27.104746,81.504694,5.634201,0.938499,0.209064,10.539024,20.177385,30.272324,91.50392,7.458238,1.286509,101.714487,0.950143,0.557206,0.129604,4.752389,2.084087,-7.291904,1.625014,689700,273.71134,-148458475.434513,-0.49535,84.428242,11.773435,15.740697,110.507848,0.161384,2.890108,0.360005,0.557206,2.30925
06-18-24,50.373333,50.433334,50.243332,50.175419,109200,47.951503,46.216267,42.714252,0.125687,0.014357,0.046964,TRUE,TRUE,3.502015,0.067929,72.881095,29.102993,81.622678,4.041889,1.000065,0.216504,10.371503,19.727704,31.209246,92.100832,6.4255,1.288836,113.35317,0.95021,0.562278,0.130653,4.523652,2.062693,-7.291904,0.804065,798900,56.223176,-148645738.701458,-0.545992,88.399986,11.664672,13.890119,110.532436,0.155277,2.782218,0.36146,0.562278,1.961935
06-19-24,50.419998,50.5,50.299999,50.235142,85500,48.10911,46.304925,42.769189,0.125977,0.015926,0.046945,TRUE,TRUE,3.535736,0.074552,97.28242,31.010909,81.902423,3.281486,1.041668,0.206485,9.274622,18.967393,31.741383,93.443925,6.694853,1.256673,122.209704,0.947901,0.55626,0.129523,4.212796,2.203006,-7.291904,0.629556,884400,0,-148786691.63781,-0.566918,91.826564,11.84132,14.185905,111.175387,0.166341,2.985779,0.359893,0.55626,1.739658
06-20-24,50.496666,50.533333,49.806667,49.727489,260100,48.250791,46.390995,42.821406,0.126432,0.017647,0.046928,TRUE,TRUE,3.569589,0.079828,73.961864,31.500842,71.885548,-9.619146,1.021895,0.14937,7.595678,17.21338,30.015403,79.83711,6.042611,1.247478,123.794798,0.957414,0.530531,0.116026,3.767311,2.00328,-7.291904,1.838812,624300,76.578411,-149103472.904641,-0.595476,88.289146,10.006634,13.135466,109.680226,0.149892,2.643371,0.340626,0.530531,1.19286
06-21-24,49.970001,50.073334,49.766666,49.634579,72000,48.365429,46.460276,42.874782,0.127179,0.019526,0.046912,TRUE,TRUE,3.585494,0.085005,68.841718,31.857736,70.193484,-11.429193,0.987347,0.091857,7.25603,18.756355,31.558437,75.577336,4.842997,1.191651,125.537966,0.957936,0.545823,0.117257,3.319759,1.856825,-7.291904,0.509014,552300,0,-149237496.564006,-0.627971,82.91946,9.231393,13.550595,109.542563,0.150787,2.659574,0.342427,0.545823,1.010969
06-24-24,49.720001,49.860001,49.266666,49.07383,113100,48.440583,46.534334,42.926761,0.127385,0.021574,0.046896,TRUE,TRUE,3.607573,0.088975,46.824147,31.036905,60.87954,-21.022883,0.904295,0.007045,6.433503,16.06236,28.617759,51.990042,3.159653,1.223824,125.028319,0.971163,0.427181,0.076205,2.895738,1.555133,-7.291904,0.780054,439200,167.375887,-149424112.763802,-0.661283,77.496451,6.934725,10.277506,106.828107,0.120757,2.053671,0.276052,0.427181,0.506483
06-25-24,49.389999,49.766666,49.333332,49.59108,58200,48.544419,46.633669,42.981195,0.127373,0.023786,0.046882,TRUE,TRUE,3.652474,0.093755,41.553127,30.274705,65.435536,-6.450012,0.870183,-0.021654,7.951533,17.193857,31.282035,63.572681,4.37074,1.143319,125.553618,0.978752,0.417607,0.071807,2.636193,1.783188,-7.291904,0.40501,497400,-30.714286,-149413077.942153,-0.647954,74.073056,8.485631,12.162757,108.216452,0.137649,2.317287,0.267967,0.417607,0.833636
06-26-24,49.666668,49.903332,49.650002,49.767265,68700,48.673821,46.736329,43.034108,0.127978,0.026125,0.046869,TRUE,TRUE,3.702221,0.097927,44.530821,29.772347,66.851643,-3.341842,0.847595,-0.035394,7.968534,16.82365,33.448982,70.383982,5.48554,1.135186,124.070789,0.969841,0.396579,0.064835,2.331565,2.141838,-7.291904,0.480638,566100,-18.214286,-149418176.984452,-0.59315,73.884802,9.44795,12.546046,108.60092,0.153658,2.600832,0.254628,0.396579,0.881307
06-27-24,49.833332,50.086666,49.790001,49.787212,81000,48.829603,46.850337,43.08929,0.129477,0.028587,0.046857,TRUE,TRUE,3.761047,0.102109,45.355267,29.577711,67.016405,6.136865,0.821829,-0.048927,8.136364,16.86138,31.389877,71.155131,6.675684,1.109684,116.963825,0.969818,0.385306,0.062417,1.973694,2.081523,-7.291904,0.565741,647100,6.299213,-149500699.724875,-0.583348,73.535229,9.192484,11.558447,107.923218,0.146056,2.469021,0.249834,0.385306,0.818723
06-28-24,50.066666,50.540001,49.666668,49.564487,156600,48.975079,46.965464,43.142663,0.131295,0.031153,0.046846,TRUE,TRUE,3.822802,0.104457,35.435784,30.004732,63.236854,-2.198682,0.77451,-0.076997,7.474456,16.857347,30.6194,61.744559,6.23623,1.177998,106.080424,0.945587,0.367042,0.059489,1.632601,2.459482,-7.291904,1.105698,490500,-16.48,-149693944.312298,-0.678239,74.546561,8.916726,12.06888,107.765575,0.16491,2.854719,0.243903,0.367042,0.555624
07-02-24,49.833332,50.509998,49.833332,50.372276,88500,49.151985,47.114865,43.198584,0.133275,0.033826,0.046837,TRUE,TRUE,3.916281,0.108864,42.089285,30.401252,69.873159,3.021517,0.793049,-0.046766,10.217284,20.822366,32.864178,89.582326,7.554581,1.209047,97.666148,0.953481,0.352314,0.051829,1.516971,2.533981,-7.291904,0.694772,579000,-76.305221,-149641469.156703,-0.703211,74.014074,10.713236,15.420504,109.191455,0.174518,2.983908,0.22766,0.352314,1.249452
07-03-24,50.450001,51,50.450001,50.860943,80400,49.346522,47.266473,43.260294,0.135248,0.036607,0.046829,TRUE,TRUE,4.006179,0.113754,39.496921,31.356609,73.043308,6.026904,0.837519,-0.001838,10.996419,23.359136,32.064367,91.977473,8.283438,1.131636,90.399472,0.958509,0.369684,0.061374,2.180593,2.808522,-7.291904,0.63327,659400,-9.459459,-149601724.46989,-0.673213,73.39778,10.201306,16.360182,108.741339,0.183663,3.139636,0.247737,0.369684,1.675254
07-04-24,51.02,51.073334,50.816666,50.850975,24900,49.49444,47.403349,43.321723,0.137071,0.039458,0.046824,TRUE,TRUE,4.081626,0.118625,34.907085,32.324625,72.874857,9.638002,0.86202,0.018131,12.787768,23.903314,31.755145,87.692327,6.177075,1.081841,89.556954,0.958554,0.36947,0.060805,2.032121,2.700625,-7.291904,0.223148,634500,-92.509025,-149619967.594556,-0.811049,71.515848,11.661377,17.170485,108.75239,0.180073,3.07719,0.246587,0.36947,1.514717
07-05-24,51.016666,51.506668,51,51.352928,76200,49.668286,47.547211,43.386042,0.13907,0.042397,0.04682,TRUE,TRUE,4.161169,0.123396,39.293762,33.670623,75.890201,6.017042,0.911434,0.054036,12.45281,24.984897,33.12426,93.136615,7.26232,1.103937,90.23097,0.954911,0.315529,0.044627,2.734114,3.21324,-7.291904,0.685283,710700,-9.285714,-149590010.816962,-0.69613,70.323317,13.029233,19.312272,110.616258,0.210009,3.571819,0.211251,0.315529,1.867033
07-08-24,51.490002,51.583332,51.406666,51.439362,66900,49.847283,47.697049,43.453527,0.141164,0.045446,0.046819,TRUE,TRUE,4.243522,0.129246,31.641215,34.994387,76.377168,3.33386,0.946657,0.071407,12.723986,22.640061,34.352168,93.785444,7.4801,0.998222,87.938496,0.936161,0.346952,0.055662,2.803484,2.860676,-7.291904,0.612806,777600,-37.709497,-149632148.340714,-0.645348,67.030926,13.151334,17.465308,110.636552,0.181894,3.173987,0.235927,0.346952,1.810446
07-09-24,51.73,51.84,51.496666,51.495872,75000,50.019814,47.83448,43.524889,0.14322,0.048568,0.046819,TRUE,TRUE,4.309591,0.13354,32.139843,36.465917,76.708407,3.83355,0.967974,0.074179,12.430898,22.580841,35.048967,86.627166,7.182043,1.013242,84.505364,0.90182,0.283518,0.038808,2.814972,3.50995,-7.291904,0.692809,852600,-19.614148,-149707494.995826,-0.667018,66.217534,13.565321,17.199324,111.057336,0.210128,3.77275,0.196997,0.283518,1.746704
07-10-24,51.883331,52.216667,51.700001,52.037727,103800,50.203678,47.978965,43.598827,0.145497,0.05177,0.046821,TRUE,TRUE,4.380138,0.137116,39.266925,38.152236,79.6543,3.764099,1.016868,0.098459,14.560024,22.91925,36.517438,93.934245,7.603892,1.057076,86.482631,0.874307,0.257831,0.036526,3.591739,4.436752,-7.291904,0.970139,956400,-19.534884,-149675594.205076,-0.674958,66.769851,13.465999,16.055811,110.566276,0.246131,4.552846,0.191117,0.257831,2.120714
07-11-24,52.183334,52.183334,50.916668,50.930752,172200,50.297519,48.118697,43.666403,0.14693,0.055006,0.046826,TRUE,TRUE,4.452295,0.138482,23.184609,37.611253,62.314421,-14.062748,0.955282,0.029498,10.310063,20.144371,32.805425,56.40966,3.826057,1.155785,83.480651,0.926693,0.190435,0.017768,3.43744,3.572234,-7.291904,1.573465,784200,39.659367,-149843964.876272,-0.706979,71.217541,8.012758,12.118915,107.451527,0.210008,3.62988,0.133296,0.190435,0.758538
07-12-24,51.07,51.810001,51.056667,51.133533,89700,50.386403,48.268922,43.737791,0.147204,0.058288,0.046833,TRUE,TRUE,4.531131,0.138904,28.283289,37.108912,63.866186,-12.842221,0.912321,-0.01077,12.701168,20.509523,31.808415,63.283613,3.601744,1.225713,82.383348,0.907107,0.192402,0.019125,3.241652,4.12325,-7.291904,0.83777,873900,-34.573304,-149915359.866195,-0.715262,70.07868,8.874297,12.086651,107.249374,0.235347,4.158571,0.138293,0.192402,0.906895
07-15-24,51.486668,51.916668,51.246666,51.339634,153000,50.475969,48.41285,43.809829,0.146621,0.061618,0.046842,TRUE,TRUE,4.603021,0.138799,45.818802,36.782669,65.424498,-14.229802,0.884706,-0.030708,15.0485,20.570975,30.106418,69.582681,3.615301,1.247199,82.529558,0.89983,0.199201,0.020871,2.884383,4.460995,-7.291904,1.421603,1026900,7.82241,-150025899.985873,-0.731729,79.597358,10.131891,12.072604,107.3057,0.251677,4.487069,0.144468,0.199201,1.046492
07-16-24,51.619999,51.643333,51.163334,51.32634,78900,50.534842,48.53833,43.880145,0.145342,0.064919,0.046853,TRUE,TRUE,4.658185,0.136718,39.072005,36.259733,65.229086,2.914665,0.851928,-0.050789,14.993062,20.973384,30.171109,65.311904,2.347936,1.217903,84.255134,0.847031,0.229876,0.032178,2.621864,5.376841,-7.291904,0.783554,948000,-63.724138,-150051211.768531,-0.790872,73.909198,8.39628,10.824998,106.165907,0.281393,5.36063,0.179382,0.229876,0.939406
07-17-24,50.666668,50.666668,49.946667,49.853699,304200,50.518756,48.624336,43.943064,0.142111,0.068116,0.046865,TRUE,TRUE,4.681272,0.132396,1.506428,34.039911,48.093033,-15.773153,0.699062,-0.162924,13.080735,18.326025,25.226297,7.334543,-0.641191,1.406815,85.278364,0.937196,0.290031,0.042225,2.602424,3.800666,-7.291904,2.754312,643800,178.571429,-150433969.584408,-0.809557,58.488167,7.102587,7.470448,103.627067,0.217547,3.765219,0.205486,0.290031,-0.779867
07-18-24,50.343334,50.343334,49.400002,49.604378,224400,50.487218,48.704891,44.003328,0.137059,0.071191,0.046877,TRUE,TRUE,4.701563,0.128532,-3.064089,32.755073,45.894771,-19.529726,0.551441,-0.248436,13.23107,15.872706,23.520773,7.255963,-1.255623,1.50373,87.519371,0.922607,0.274568,0.039095,2.645468,3.235885,-7.291904,1.911577,419400,162.45614,-150561135.543266,-0.75579,48.944628,8.06091,5.907096,103.648652,0.187712,3.294845,0.197725,0.274568,-1.008737
07-19-24,49.683334,49.91,49.166668,49.138985,109500,50.457793,48.776537,44.064595,0.130246,0.074111,0.04689,TRUE,TRUE,4.711942,0.123852,-6.852247,31.862172,42.032619,-23.196467,0.392373,-0.326003,14.537024,12.57801,22.473015,-0.907648,-1.18346,1.499075,91.12324,0.934078,0.291633,0.042135,2.757071,2.832161,-7.291904,0.996723,309900,-57.900807,-150678791.568105,-0.716966,41.005846,10.092782,3.532629,102.765883,0.162371,2.819508,0.205268,0.291633,-1.44728
07-22-24,49.889999,50.103333,49.563332,49.913532,150300,50.471741,48.86228,44.126935,0.122125,0.076917,0.046904,TRUE,TRUE,4.735345,0.119806,-7.42732,30.665782,49.629804,1.536771,0.325064,-0.31465,15.325596,14.213592,27.218644,24.487361,0.562015,1.478508,90.003487,0.946979,0.322422,0.051096,2.839015,3.368313,-7.291904,1.321028,460200,108.75,-150634146.868406,-0.613777,43.080207,10.471731,4.276734,103.571629,0.190467,3.277688,0.226045,0.322422,-0.620207
07-23-24,49.956669,50.209999,49.796665,49.724052,152100,50.504252,48.94211,44.189057,0.112487,0.079573,0.046919,TRUE,TRUE,4.753053,0.116265,-19.343903,29.351135,47.97339,2.078618,0.253508,-0.308964,12.990774,13.281169,27.165204,18.274906,1.324989,1.453345,85.762634,0.933849,0.314976,0.050344,3.017738,2.871755,-7.291904,1.314323,308100,34.482759,-150839687.446885,-0.611611,45.295046,9.185821,4.23448,103.567334,0.163101,2.845097,0.224375,0.314976,-0.909719
07-24-24,49.166668,49.166668,47.946667,47.885746,252000,50.418985,48.983448,44.238807,0.100167,0.081953,0.046935,FALSE,TRUE,4.744642,0.109747,-38.481516,30.113038,35.569799,-6.462821,0.047912,-0.411648,8.437384,8.518922,22.267072,-1.426714,-3.438791,1.735975,102.218076,1.059107,0.414097,0.06903,3.644512,1.502694,-7.978791,2.009329,56100,332.989691,-151116854.668037,-0.679256,39.152293,4.611442,0.300541,100.408043,0.092605,1.438555,0.262736,0.414097,-2.478269
07-25-24,48,48.5,47.240002,47.363834,194400,50.298813,49.008243,44.284025,0.085355,0.084037,0.04695,FALSE,TRUE,4.724218,0.10073,-51.635067,31.313885,32.963945,-16.665859,-0.155347,-0.491926,7.773779,7.183036,20.030829,2.488267,-4.829341,1.846238,122.415598,1.036586,0.342355,0.046459,4.349831,1.752287,-8.981739,1.476082,-138300,182.969432,-151273043.383179,-0.704201,33.508661,4.009324,-0.634897,99.342667,0.104352,1.636546,0.215544,0.342355,-2.397553
07-26-24,47.966667,48.25,47.666668,47.879093,397500,50.203407,49.029142,44.330329,0.069196,0.08589,0.046966,FALSE,TRUE,4.698812,0.091821,-43.660827,32.428957,37.808074,-10.165316,-0.271723,-0.486642,7.293672,9.053253,21.97152,12.841761,-3.832549,1.9242,133.542549,1.037546,0.361259,0.052923,4.836155,2.214839,-8.981739,2.694459,259200,390.740741,-151381037.507442,-0.637295,42.010537,3.027886,0.358344,99.551418,0.128166,2.014998,0.230049,0.361259,-1.740505
07-29-24,48.276669,48.48,47.900002,47.925636,103200,50.121465,49.053095,44.377562,0.052097,0.087499,0.046983,FALSE,TRUE,4.675533,0.083636,-43.836651,33.027215,38.242198,2.6724,-0.356091,-0.456808,6.944723,8.032564,22.337872,13.776988,-3.306503,1.952179,142.40342,1.028651,0.348037,0.049787,5.26984,1.951839,-8.981739,0.712437,362400,-34.099617,-151475115.03551,-0.614812,42.525275,2.861996,0.032265,99.763687,0.114377,1.810765,0.22313,0.348037,-1.541977
07-30-24,48.243332,48.266666,47.066666,47.27076,136200,49.966389,49.065145,44.424088,0.033852,0.088801,0.046999,FALSE,TRUE,4.641057,0.075707,-57.729429,34.173907,34.584179,1.620233,-0.470374,-0.456873,7.570116,7.246208,18.442605,3.988805,-6.15719,2.051635,155.787033,1.015428,0.296873,0.036859,4.738046,1.084603,-9.160599,0.92502,226200,53.898305,-151564985.742151,-0.653191,37.81328,1.922389,-0.964955,98.08782,0.062796,1.000311,0.191988,0.296873,-1.73033
07-31-24,48.453335,49,48.403332,48.696861,455400,49.858185,49.096161,44.475177,0.015909,0.089896,0.047017,FALSE,TRUE,4.620985,0.070842,-26.046472,33.992826,46.569914,8.76184,-0.440789,-0.34183,11.632983,12.695912,21.965234,33.612265,-4.254899,2.059402,156.759204,1.076042,0.379314,0.052262,4.929147,1.491849,-9.160599,2.743539,681600,466.41791,-151572319.867831,-0.593589,50.267476,4.766409,2.148433,99.86432,0.08991,1.362494,0.22861,0.379314,-0.740833
08-01-24,48.849998,49.25,47.276669,47.536701,247800,49.692471,49.105235,44.521359,-0.002835,0.090739,0.047036,FALSE,TRUE,4.583876,0.06394,-37.726627,34.616608,40.128427,1.886229,-0.505134,-0.32494,7.687428,8.733572,19.297097,9.69145,-6.517621,2.27406,163.101495,1.123389,0.491569,0.089722,5.310766,0.85587,-9.160599,1.398933,433800,895.180723,-151754812.955941,-0.602604,47.736382,3.035053,0.321801,99.097646,0.055636,0.824025,0.299536,0.491569,-1.321735
08-02-24,46.723331,47.006668,46.073334,46.359917,616800,49.442821,49.094556,44.564291,-0.022699,0.091245,0.047054,FALSE,TRUE,4.530265,0.054967,-47.405022,35.839007,34.861151,0.276972,-0.643665,-0.370777,2.902303,4.191449,18.97499,5.145116,-9.722934,2.43659,174.184235,1.17067,0.590045,0.137563,5.887883,0.2717,-10.91095,3.021086,-183000,709.448819,-151992832.593981,-0.588451,36.989809,1.020255,-2.05249,98.677569,0.029169,0.425914,0.370895,0.590045,-1.76991
08-06-24,45.233334,46.333332,45.040001,45.478989,344400,49.144802,49.0573,44.604442,-0.043655,0.091394,0.047071,FALSE,TRUE,4.452857,0.044622,-51.417699,37.411745,31.525197,-15.044717,-0.81514,-0.433801,-0.163329,2.456101,17.022661,7.801914,-11.587183,2.615703,188.617921,1.196904,0.636271,0.158024,4.344918,-0.188102,-12.603815,1.579527,-527400,414.798206,-152103437.289016,-0.566705,34.558185,0.559517,-3.579058,97.934174,0.012318,0.178046,0.397522,0.636271,-1.943513
08-07-24,46.333332,46.516666,45.040001,44.927166,274200,48.816367,49.004428,44.64465,-0.065523,0.091173,0.047087,FALSE,TRUE,4.359778,0.033561,-47.137381,38.605152,29.61353,-10.514897,-0.984216,-0.482302,-1.424968,1.455617,16.157251,-2.127623,-12.755792,2.663251,202.223554,1.206693,0.643853,0.158986,5.099596,-0.503634,-13.664243,1.202632,-801600,265.6,-152419541.617366,-0.594747,35.109147,-0.436366,-4.024471,96.891093,-0.012888,-0.184877,0.39873,0.643853,-1.923218
08-08-24,45.700001,46.506668,45.313332,46.346615,265800,48.531811,48.981073,44.691458,-0.086742,0.090683,0.047103,FALSE,TRUE,4.289615,0.025018,-28.032055,39.713315,39.736614,4.875464,-0.992235,-0.392257,1.733904,3.612962,19.786121,25.273006,-10.936512,2.679729,194.398353,1.274541,0.743509,0.20467,5.442995,0.13987,-13.664243,1.125794,-535800,156.069364,-152225041.129555,-0.539908,41.865925,0.909205,-3.51029,98.35781,0.014358,0.200519,0.452404,0.743509,-1.124082
08-09-24,46.43,46.830002,46.220001,46.522804,98200,48.311414,48.967945,44.737308,-0.107115,0.089918,0.047118,FALSE,TRUE,4.230636,0.017252,-23.085929,40.23378,40.87333,9.348133,-0.973155,-0.298542,1.964695,3.729849,21.710933,28.680926,-8.654786,2.64911,190.721704,1.272643,0.745335,0.207043,5.722801,0.080603,-13.664243,0.422547,-437600,-42.973287,-152225748.576337,-0.512432,44.681516,1.288459,-3.804797,98.354006,0.004421,0.061921,0.45502,0.745335,-0.937811
08-12-24,46.799999,47.060001,46.5,46.632504,134600,48.086362,48.967163,44.788412,-0.126312,0.088882,0.047132,FALSE,TRUE,4.178752,0.010847,-30.75721,40.358192,41.611798,11.998268,-0.938365,-0.211001,1.967842,2.999094,21.692047,30.802769,-8.802501,2.580943,182.025846,1.257339,0.742903,0.211135,5.662983,-0.192738,-13.664243,0.573633,-303000,50.055741,-152296652.402605,-0.507425,44.297785,0.727393,-4.450228,98.296628,-0.019794,-0.281373,0.459494,0.742903,-0.79871
08-13-24,47.25,47.919998,47.209999,47.779369,143400,47.908349,48.989651,44.84886,-0.143179,0.087606,0.047147,FALSE,TRUE,4.140791,0.006154,-16.728605,39.246857,48.810047,9.073433,-0.808927,-0.06525,4.278898,6.01392,25.607941,65.068148,-6.934729,2.649676,165.163667,1.296324,0.786796,0.227892,3.975046,0.361278,-13.664243,0.612389,-159600,-6.27451,-152210058.594243,-0.466372,44.052718,1.785691,-2.242652,99.777239,0.012231,0.17045,0.477381,0.786796,-0.078092
08-14-24,48.009998,48.169998,47.5,47.839207,98700,47.733992,49.009752,44.908829,-0.157747,0.086082,0.047161,FALSE,TRUE,4.100923,0.001399,-0.472652,37.889606,49.162202,8.288872,-0.693523,0.040123,3.718479,7.81354,24.282345,66.489463,-6.794042,2.481018,144.266358,1.296162,0.794884,0.231628,3.977987,0.412977,-13.664243,0.419723,-60900,25.095057,-152208818.915589,-0.458763,48.895273,0.56911,-3.695507,99.296037,0.017801,0.248719,0.481277,0.794884,0.072931
08-15-24,48.259998,49.18,48.259998,48.986069,138100,47.690611,49.05007,44.972313,-0.168977,0.084359,0.047176,FALSE,TRUE,4.077757,-0.000732,15.49208,35.452498,55.483327,13.871529,-0.503716,0.183944,4.594759,9.060724,28.63461,93.730847,-1.740352,2.434713,138.756103,1.325458,0.84068,0.258879,4.381453,0.678014,-13.664243,0.608772,77200,-54.602235,-152128940.422972,-0.373588,53.795782,0.167088,-2.131291,100.342833,0.020239,0.281566,0.508801,0.84068,0.933622
08-16-24,48.919998,49.330002,48.889999,49.045906,116100,47.662687,49.073136,45.035119,-0.17685,0.082447,0.047191,FALSE,TRUE,4.038017,-0.002973,11.64954,33.030521,55.79218,6.982133,-0.344493,0.274533,4.960481,8.968548,30.333729,93.377723,-1.125852,2.366765,135.218953,1.325195,0.842766,0.258864,4.435255,0.729234,-13.664243,0.524307,193300,-48.262032,-152162764.673908,-0.361648,49.66766,0.505222,-0.60805,100.379548,0.017737,0.246806,0.508787,0.842766,1.022947
08-19-24,49.23,49.82,49.02,49.684162,92400,47.689946,49.109298,45.098019,-0.180552,0.080387,0.047207,TRUE,TRUE,4.01128,-0.004597,16.577871,31.06964,59.055313,9.893112,-0.164905,0.363297,6.462456,11.46304,33.32091,97.158209,1.10946,2.364984,138.852363,1.332989,0.84968,0.256906,5.40996,1.062994,-13.664243,0.418896,285700,-15.616438,-152101743.179022,-0.322548,49.536128,2.506878,1.774085,101.425758,0.033186,0.458469,0.506859,0.84968,1.436213
08-20-24,49.73,49.98,49.540001,49.564487,100400,47.672494,49.1434,45.157056,-0.18012,0.078165,0.047224,TRUE,TRUE,3.986343,-0.005814,22.772253,29.411181,58.188029,2.704702,-0.03187,0.397066,5.129673,12.154629,33.343538,91.588822,-0.699299,2.261168,136.102588,1.328998,0.843584,0.255029,5.25228,0.828069,-13.664243,0.460371,185300,-33.200266,-152190968.37691,-0.35693,53.415103,1.558133,2.837335,101.556629,0.025675,0.355312,0.505004,0.843584,1.390123
08-21-24,49.799999,50.110001,49.630001,49.813808,77900,47.676982,49.178771,45.215121,-0.174901,0.075796,0.047241,TRUE,TRUE,3.96365,-0.006357,12.556053,28.006968,59.521751,3.729571,0.092612,0.417239,5.799979,13.075366,31.736499,94.157945,0.180508,2.080115,136.827534,1.329099,0.844794,0.256119,5.422551,0.831873,-13.664243,0.363382,263200,-48.783695,-152209207.510178,-0.319422,46.823496,1.499885,3.07739,101.748261,0.02275,0.315049,0.506082,0.844794,1.561694
08-22-24,50.200001,50.23,49.07,49.015991,161300,47.733494,49.191882,45.268584,-0.16597,0.07324,0.047259,FALSE,TRUE,3.923298,-0.008429,17.335408,26.018339,53.626854,-5.428459,0.125442,0.360055,4.525359,7.994498,29.888338,76.608696,2.360296,1.99545,140.031691,1.346633,0.862604,0.258298,5.300443,0.52967,-13.664243,0.768681,101900,-35.992063,-152385527.457759,-0.302295,48.289501,-0.15984,-0.883757,100.375486,-0.007291,-0.099793,0.50823,0.862604,0.915862
08-23-24,49.560001,49.900002,49.220001,49.524597,133700,47.841532,49.201295,45.322768,-0.153355,0.070545,0.047278,TRUE,TRUE,3.878527,-0.010318,40.236666,24.171754,56.579161,-1.608869,0.190307,0.339935,4.610683,9.435101,29.172239,86.408428,4.562052,1.891397,145.267121,1.348624,0.906037,0.265881,4.968385,0.87082,-13.664243,0.646503,235600,-31.22428,-152399449.634604,-0.272335,65.003572,-0.586821,0.121168,100.443531,-0.021533,-0.295827,0.515636,0.906037,1.1586
08-26-24,49.610001,49.66,48.98,48.966122,184100,47.895884,49.193501,45.373977,-0.137774,0.067685,0.047295,FALSE,TRUE,3.819523,-0.014114,46.231813,22.731018,52.61788,-6.903871,0.194407,0.275228,2.933236,8.296316,30.650831,75.647819,2.270362,1.819623,147.432462,1.349397,0.950534,0.285956,4.413924,0.860196,-13.664243,0.938639,51500,-53.685535,-152591064.088934,-0.308468,69.476861,-2.467349,-1.900026,99.031261,-0.016476,-0.229373,0.534749,0.950534,0.725918
08-27-24,49.029999,49.419998,48.82,49.205471,211100,47.959875,49.186644,45.427858,-0.119103,0.064716,0.047313,TRUE,TRUE,3.758786,-0.017672,59.172381,21.592079,54.101063,0.474208,0.214497,0.236255,3.559178,8.562769,30.161897,79.162138,2.67046,1.683511,150.31767,1.350275,0.96496,0.289185,3.565881,0.96238,-13.664243,1.047487,262600,104.554264,-152530920.063401,-0.261947,71.019156,-1.974567,-1.386558,99.923488,0.013658,0.190452,0.537759,0.96496,0.828642
08-28-24,49.259998,49.34,48.48,48.627052,294800,48.02769,49.156207,45.474622,-0.098662,0.061593,0.04733,FALSE,TRUE,3.681585,-0.022017,35.692011,20.94893,50.025685,-6.553476,0.181651,0.162727,3.068771,7.863015,27.658541,60.026237,2.8692,1.597848,150.104406,1.359648,1.001088,0.303662,3.108134,0.652269,-13.664243,1.407429,-32200,116.446402,-152724903.495207,-0.276883,56.784483,-3.830068,-1.918792,99.144192,-0.020241,-0.283199,0.551056,1.001088,0.399297
08-29-24,49,49.419998,48.599998,48.587162,138600,48.022205,49.124442,45.5217,-0.077092,0.058326,0.047346,FALSE,TRUE,3.602742,-0.026297,33.014349,20.226851,49.747366,-2.870514,0.150665,0.105393,4.104418,6.792054,24.701452,55.956093,-0.22527,1.630032,149.866869,1.359483,1.012349,0.307969,2.641204,0.579852,-13.664243,0.715835,-170800,-69.565217,-152867842.845219,-0.334553,57.747541,-2.218998,-2.814214,98.611678,-0.044297,-0.621777,0.55495,1.012349,0.376973
08-30-24,49.119999,49.310001,48.700001,49.155605,54900,48.10315,49.102851,45.567612,-0.054221,0.054946,0.047361,TRUE,TRUE,3.535239,-0.028171,37.592843,19.556349,53.7004,-0.400662,0.170017,0.099796,5.359834,6.511214,25.456357,64.424038,3.405588,1.634845,151.469971,1.344474,0.998971,0.305574,2.046309,0.430097,-13.664243,0.29841,-115900,-77.845036,-152840734.107695,-0.295127,56.153325,-0.427919,-2.716774,99.256804,-0.054083,-0.766292,0.552788,0.998971,0.694828
09-03-24,48.93,48.93,47.540001,47.599857,242200,48.165147,49.060299,45.605679,-0.032016,0.051408,0.047374,FALSE,TRUE,3.45462,-0.032694,-2.521046,20.252385,43.593268,-6.432416,0.059136,-0.008868,1.634929,3.504826,21.09664,3.657778,2.674596,1.737514,146.412462,1.407178,1.065858,0.326931,2.099263,-0.177621,-13.664243,1.465702,-358100,-60.732815,-153062074.783912,-0.323532,46.639104,-3.915997,-4.997747,96.994402,-0.091964,-1.264565,0.571779,1.065858,-0.386094
09-04-24,47.32,48.02,47.32,47.579914,238100,48.270193,49.019205,45.643232,-0.011095,0.047686,0.047385,FALSE,TRUE,3.375973,-0.037262,-3.661992,21.103601,43.480293,-6.267073,-0.030001,-0.078404,1.298096,5.369669,21.229828,8.931767,4.619552,1.742746,133.053041,1.407181,1.094612,0.335474,2.172791,-0.178982,-13.664243,1.488776,-596200,-30.865273,-153123358.924598,-0.318865,39.323273,-4.824741,-2.967464,96.953763,-0.110348,-1.527074,0.579201,1.094612,-0.5188
09-05-24,47.5,48.110001,47.389999,47.530048,116600,48.400338,48.98833,45.680553,0.007814,0.043828,0.047394,FALSE,TRUE,3.307777,-0.041581,-24.333329,21.728226,43.178973,-10.521428,-0.103474,-0.121502,-0.757036,4.582988,20.990421,7.218168,5.79356,1.651281,109.229706,1.406315,1.091805,0.335002,2.454612,-0.271853,-13.664243,0.766853,-712800,-57.476295,-153194598.69275,-0.254869,38.644269,-6.002245,-3.307046,97.046321,-0.111358,-1.541446,0.578794,1.091805,-0.796751
09-06-24,47.619999,47.619999,46.330002,46.29343,224100,48.397678,48.922377,45.70947,0.022819,0.039822,0.047398,FALSE,TRUE,3.212906,-0.047365,-38.440106,23.221039,36.435568,-7.1577,-0.258507,-0.221228,-3.305597,0.345476,18.82457,-0.937731,-0.114754,1.826542,109.761186,1.442655,1.181233,0.371864,3.069654,-0.862473,-13.664243,1.494349,-936900,-15.688488,-153431405.19224,-0.402215,31.806516,-7.425615,-5.709875,95.25792,-0.174845,-2.427523,0.609806,1.181233,-1.917115
09-09-24,46.880001,47.07,46.5,46.851906,181000,48.414133,48.86407,45.742307,0.03478,0.035711,0.047399,FALSE,TRUE,3.121763,-0.050943,-39.999968,24.607222,40.922815,-2.557478,-0.332474,-0.236156,-2.105171,3.030651,21.133583,13.382161,0.707398,1.801197,107.014826,1.438948,1.170152,0.381612,3.455899,-0.906539,-13.664243,1.174524,-755900,84.317719,-153388914.006203,-0.377394,34.133019,-8.467273,-4.566045,95.198229,-0.196444,-2.755894,0.617747,1.170152,-1.459824
09-10-24,47.169998,47.450001,46.75,47.300678,121000,48.447542,48.814339,45.776559,0.04351,0.031557,0.047398,FALSE,TRUE,3.03778,-0.053151,-30.551786,25.177117,44.324076,1.145103,-0.350838,-0.203616,-1.549714,4.482578,22.210131,24.889154,1.432852,1.823371,102.0897,1.442372,1.244665,0.408848,3.707207,-0.841594,-13.664243,0.788659,-634900,-10.104012,-153319536.874743,-0.33335,34.544299,-7.387363,-2.615117,96.412324,-0.218195,-3.123335,0.639413,1.244665,-1.123388
09-11-24,47.5,48.5,46.669998,48.317898,199600,48.474469,48.789407,45.815864,0.049271,0.027438,0.047393,FALSE,TRUE,2.973543,-0.053252,-18.292687,24.065867,51.184501,14.748933,-0.280081,-0.106287,-0.087991,5.195227,23.307915,50.971721,1.127115,1.974871,100.938322,1.469349,1.282796,0.424177,3.324162,-0.509121,-13.664243,1.277563,-435300,39.191074,-153159660.987775,-0.303902,37.617421,-7.736434,-2.429642,97.620569,-0.217201,-3.09238,0.651289,1.282796,-0.155115
09-12-24,48.41,48.990002,48.27,48.736752,143600,48.519346,48.756697,45.857743,0.052069,0.023433,0.047387,FALSE,TRUE,2.898953,-0.051579,-3.580602,22.406955,53.71362,12.790806,-0.188041,-0.011397,-0.646573,6.957028,25.769773,67.415964,1.87617,1.893412,99.955754,1.465068,1.291344,0.441627,3.339983,-0.572949,-13.664243,0.906108,-291700,45.491388,-153117079.47631,-0.286554,43.768678,-9.095283,-1.114497,97.445146,-0.250055,-3.625898,0.664551,1.291344,0.217502
09-13-24,48.830002,49.25,48.82,49.035931,112000,48.521839,48.720196,45.901251,0.053037,0.019555,0.047379,TRUE,TRUE,2.818945,-0.049293,-6.438928,21.061567,55.48759,11.163514,-0.08992,0.069379,-0.648213,7.864956,26.089089,81.259172,0.101788,1.827853,100.084427,1.46744,1.294569,0.442532,2.847691,-0.470888,-13.664243,0.712582,-179700,-18.899348,-153116594.602017,-0.314189,43.231241,-10.825367,-1.254263,97.714522,-0.247836,-3.590831,0.665231,1.294569,0.513658
09-16-24,49.09,49.09,48.580002,48.776642,80000,48.508376,48.67871,45.942966,0.052121,0.015775,0.04737,TRUE,TRUE,2.735744,-0.047267,-2.599151,19.610451,53.571295,2.386794,-0.032704,0.101276,-1.557412,8.562387,24.468106,79.179382,-0.549004,1.812674,99.52188,1.468725,1.299485,0.442222,2.854242,-0.58717,-13.664243,0.5149,-259700,-31.093885,-153134903.413997,-0.312846,45.196454,-12.649681,-1.227777,96.603843,-0.282748,-4.091941,0.664998,1.299485,0.269555
09-17-24,49.189999,49.349998,48.68,48.786613,164500,48.463498,48.627383,45.984962,0.049723,0.012105,0.04736,TRUE,TRUE,2.642421,-0.046003,-5.932249,18.490166,53.637608,-0.076012,0.013291,0.117817,-2.716437,7.5363,26.656432,79.502089,-1.806509,1.822552,95.898553,1.463179,1.29706,0.446094,2.786145,-0.402969,-13.664243,1.034754,-95200,78.030303,-153247051.436042,-0.360216,53.393573,-13.700932,-2.078188,96.865758,-0.252379,-3.679072,0.667902,1.29706,0.336934
09-18-24,49.049999,49.48,48.669998,48.577187,216600,48.414133,48.57014,46.026425,0.045181,0.008563,0.047347,TRUE,TRUE,2.543715,-0.045189,-0.745188,17.617101,51.959093,-3.528497,0.03247,0.109596,-3.185289,6.855851,25.961067,71.33925,-1.991952,1.823058,92.410473,1.463979,1.293426,0.446194,2.789072,-0.446562,-13.664243,1.31444,-311800,115.737052,-153513288.362249,-0.401226,55.284282,-13.734092,-2.263368,96.800377,-0.249292,-3.632409,0.667978,1.293426,0.176445
09-19-24,49.84,50.25,49.68,49.833755,172200,48.415131,48.536898,46.073591,0.039609,0.005195,0.047332,TRUE,TRUE,2.463306,-0.043206,15.762954,17.706964,60.039378,6.468083,0.147365,0.179593,-0.799015,8.401502,29.475157,89.381513,0.040043,1.899326,92.570423,1.494757,1.430742,0.51568,3.85281,0.220462,-13.664243,1.015929,-139600,121.052632,-153592587.809453,-0.408077,56.031842,-13.131309,-1.047562,98.179317,-0.205487,-3.135801,0.718108,1.430742,1.532482
09-20-24,49.849998,49.98,49.439999,49.73402,138100,48.451032,48.490823,46.122279,0.034332,0.002006,0.047317,TRUE,TRUE,2.368544,-0.040552,7.774742,17.423596,59.188437,5.550829,0.227747,0.20798,0.013133,7.609809,31.077614,86.837245,1.464887,1.876875,96.339029,1.489047,1.451115,0.532122,3.835978,-0.001533,-13.664243,0.820364,-277700,-14.383137,-153580301.457568,-0.354869,51.588327,-11.970725,-1.674168,97.955752,-0.236369,-3.683977,0.729467,1.451115,1.331743
09-23-24,49.959999,50.099998,49.849998,49.853699,117100,48.467487,48.469282,46.171052,0.029917,-0.000941,0.047301,TRUE,TRUE,2.29823,-0.037412,37.541516,17.300531,59.922471,7.963378,0.297676,0.222327,0.441466,7.729529,33.930605,89.890269,0.664521,1.693328,98.525478,1.488677,1.454382,0.534295,3.674925,-0.021907,-13.664243,0.699063,-160600,-12.415856,-153693935.057422,-0.38639,59.80764,-11.82786,-2.32207,98.001975,-0.243535,-3.805439,0.730955,1.454382,1.406957
09-24-24,50.099998,50.310001,49.689999,50.083069,113900,48.523335,48.448273,46.222082,0.026217,-0.003604,0.047285,TRUE,TRUE,2.226191,-0.033866,40.28883,17.43363,61.357,1.317622,0.367368,0.233616,2.056573,8.622386,34.451081,94.298177,2.281061,1.674163,104.485965,1.48979,1.462111,0.535493,3.810105,0.052699,-13.664243,0.694512,-46700,-38.13145,-153663414.090216,-0.326936,68.721525,-8.712327,-1.591317,98.425736,-0.222289,-3.475338,0.731774,1.462111,1.492769
09-25-24,50.150002,50.470001,50.150002,50.112988,64000,48.56871,48.42374,46.270429,0.023232,-0.005989,0.047269,TRUE,TRUE,2.153312,-0.030665,41.706879,17.745507,61.550327,2.361889,0.420171,0.229135,1.052423,9.08764,33.93582,91.376479,1.844341,1.62569,109.456574,1.488527,1.458988,0.532645,3.601478,0.142875,-13.664243,0.408567,17300,-69.682615,-153742219.707363,-0.386638,67.984513,-9.771428,-1.144304,98.67492,-0.215963,-3.368994,0.729826,1.458988,1.410858
09-26-24,50.990002,51.040001,50.279999,50.531841,102500,48.66395,48.40785,46.320058,0.021762,-0.008105,0.047253,TRUE,TRUE,2.087792,-0.025439,78.849568,18.656209,64.247054,4.324582,0.490165,0.239303,1.536303,9.627258,37.106902,88.807059,3.917138,1.560906,117.948422,1.477546,1.456468,0.540508,3.596955,0.001769,-13.664243,0.697137,119800,-65.230665,-153776788.697977,-0.357711,77.311741,-9.869068,-0.129965,98.98029,-0.234163,-3.711412,0.735193,1.456468,1.583651
09-27-24,50.77,50.77,50.25,50.222691,66100,48.745726,48.41523,46.366286,0.020418,-0.00998,0.047237,TRUE,TRUE,2.048944,-0.019901,65.758733,19.443484,60.854479,-0.502521,0.514756,0.211115,0.874679,9.08221,35.986955,81.297258,3.366174,1.534024,122.951651,1.474344,1.490577,0.543682,3.029309,-0.282105,-13.664243,0.460932,53700,-52.308802,-153849831.58614,-0.342383,72.258834,-9.66952,-0.29451,98.48296,-0.229174,-3.652866,0.737348,1.490577,1.201256
09-30-24,50.259998,50.509998,49.990002,50.302467,75400,48.803069,48.429192,46.411389,0.020083,-0.011605,0.047222,TRUE,TRUE,2.017802,-0.014213,63.102668,19.662977,61.420617,-0.129709,0.534521,0.184704,1.488929,9.074674,34.992059,83.122812,2.333126,1.506031,127.552226,1.474505,1.491463,0.543737,2.504179,-0.250055,-13.664243,0.522052,129100,37.340619,-153834615.957518,-0.34407,67.297372,-9.481311,-0.295076,98.558071,-0.229121,-3.65184,0.737385,1.491463,1.175517
10-01-24,50.48,50.48,49.389999,49.664215,217300,48.906287,48.439696,46.450701,0.021148,-0.013004,0.047206,TRUE,TRUE,1.988996,-0.00869,30.751704,18.810643,54.615205,-9.631848,0.492999,0.114546,-1.405657,8.668007,33.255531,50.33265,4.336899,1.418956,125.641424,1.477476,1.559837,0.57815,2.260613,-0.653528,-13.664243,1.517617,-88200,-10.28076,-153942581.897176,-0.307472,55.519404,-12.132277,-1.509461,97.227386,-0.297605,-4.923135,0.760362,1.559837,0.603247
10-02-24,49.669998,50.049999,49.450001,49.743999,88500,49.014491,48.436306,46.490776,0.024304,-0.014168,0.04719,TRUE,TRUE,1.94553,-0.002796,24.938326,18.01919,55.282213,-5.572266,0.461215,0.066209,-2.196073,8.558857,32.468734,47.316995,4.548317,1.399448,122.906235,1.477458,1.556856,0.57662,2.093468,-0.654909,-13.664243,0.65215,300,-62.830743,-153944352.054723,-0.302492,49.048317,-11.376791,-1.489972,97.410332,-0.292647,-4.832414,0.759355,1.556856,0.593548
10-03-24,49.66,50.110001,49.560001,49.704105,142000,49.123194,48.435907,46.529756,0.029948,-0.015097,0.047174,TRUE,TRUE,1.90615,0.003223,17.678121,17.375246,54.848145,-6.572472,0.427874,0.026295,-2.255354,10.244004,34.752013,45.695283,4.574069,1.405853,118.625818,1.477324,1.559291,0.578615,1.987032,-0.689006,-13.664243,1.036686,-141700,21.783877,-154011941.884033,-0.298355,49.968615,-11.168622,0.103947,97.600265,-0.296067,-4.900887,0.760667,1.559291,0.4897
10-04-24,50.450001,50.450001,49.93,50.302467,97400,49.323646,48.484241,46.570139,0.037326,-0.015762,0.047158,TRUE,TRUE,1.914102,0.01124,37.045894,17.282276,59.930098,5.314893,0.444609,0.034424,-2.045571,10.152508,34.335176,68.880476,8.660056,1.422627,100.829357,1.479366,1.610898,0.587705,1.761033,-0.660938,-13.664243,0.74556,-44300,-56.53726,-153969810.123038,-0.206064,54.946274,-12.618757,0.216691,97.992586,-0.282884,-4.727477,0.766619,1.610898,0.97077
10-07-24,50.23,50.310001,49.75,49.73402,92200,49.467752,48.531645,46.606685,0.045631,-0.016207,0.047141,TRUE,TRUE,1.92496,0.016546,20.255769,16.844274,53.741713,-1.5405,0.407307,-0.002302,-3.315246,8.986908,33.336173,44.895394,6.151541,1.423089,82.589792,1.461073,1.67636,0.647668,1.557972,-0.488638,-13.664243,0.730586,-136500,-49.060773,-154067272.019074,-0.268763,47.697136,-13.511726,-0.738649,97.070867,-0.250726,-4.589364,0.804779,1.67636,0.322399
10-08-24,50.110001,50.68,50.09,50.472008,181900,49.626318,48.583503,46.650069,0.055144,-0.016433,0.047125,TRUE,TRUE,1.933434,0.023472,36.39841,16.982309,59.577497,4.729352,0.432311,0.018161,-1.988246,10.195495,33.045869,65.576204,6.704617,1.421525,67.937646,1.473128,1.670624,0.628855,1.165983,-0.289644,-13.664243,1.407405,45400,50.330579,-154013622.309702,-0.268515,59.491922,-12.42194,1.014586,98.565247,-0.213993,-3.785185,0.793004,1.670624,1.244802
10-09-24,50.549999,51.07,50.48,50.910805,143100,49.755964,48.643207,46.693211,0.065162,-0.016417,0.047108,TRUE,TRUE,1.949995,0.031503,24.545289,17.625583,62.598801,2.668703,0.481979,0.054263,-2.165588,12.079126,32.85669,90.524112,5.366349,1.258474,66.377223,1.476576,1.670108,0.630593,1.751363,-0.205411,-13.664243,1.131941,188500,-28.306613,-153947745.329778,-0.311693,58.839275,-11.681382,1.365202,98.772845,-0.214704,-3.7978,0.794099,1.670108,1.739815
10-10-24,50.799999,51.130001,50.650002,50.840996,160700,49.861176,48.714611,46.735839,0.075464,-0.016164,0.047093,TRUE,TRUE,1.978772,0.039422,25.400523,18.299549,61.807315,8.065602,0.50983,0.065692,-0.176231,10.115662,31.650187,83.390517,4.317572,1.251772,66.047777,1.476674,1.72019,0.649463,1.639201,-0.225325,-13.664243,1.26262,27800,11.908078,-153980558.632753,-0.339218,67.70857,-9.186432,-1.398835,98.396447,-0.199891,-3.629449,0.805892,1.72019,1.483502
10-11-24,50.790001,51.139999,50.73,50.900833,101800,49.954421,48.758691,46.777342,0.08512,-0.015698,0.047079,TRUE,TRUE,1.981349,0.044969,24.36193,18.938894,62.247934,2.670438,0.530615,0.069181,-0.455084,12.188284,32.281743,86.333357,3.803135,1.256478,66.942045,1.42803,1.661644,0.647169,1.542417,0.320384,-13.664243,0.803061,129600,-9.107143,-153997525.141559,-0.347466,67.449966,-9.593566,-1.126788,97.821865,-0.176581,-3.304634,0.804468,1.661644,1.413778
10-15-24,51.5,51.549999,50.549999,50.571735,125900,50.044176,48.819391,46.817182,0.093692,-0.015035,0.047066,TRUE,TRUE,2.002209,0.049496,11.111188,20.066803,58.266497,-4.332304,0.514599,0.042532,-1.495723,13.327694,33.204062,54.710004,3.680232,1.318327,62.184557,1.429101,1.676922,0.649773,1.490611,0.293033,-13.664243,0.975515,3700,57.375,-154117951.980243,-0.380849,60.056309,-10.106568,-0.623122,97.32058,-0.191845,-3.600919,0.806085,1.676922,0.848377
10-16-24,50.82,50.82,50.43,50.641541,72600,50.136922,48.905024,46.858317,0.10057,-0.014168,0.047053,TRUE,TRUE,2.046707,0.053294,11.910102,20.812089,58.86746,-2.939855,0.501755,0.023751,-1.334206,13.458817,31.60789,57.941723,3.802123,1.316942,55.962818,1.423329,1.663801,0.64721,1.437529,0.494278,-13.664243,0.583297,76300,-55.866261,-154111793.805041,-0.347384,55.898993,-9.39946,-1.735265,96.931652,-0.189465,-3.557673,0.804493,1.663801,0.901703
10-17-24,51.34,51.34,50.830002,50.701382,76400,50.243132,49.009472,46.903368,0.105669,-0.013129,0.047041,TRUE,TRUE,2.106104,0.058421,4.156582,22.138381,59.407107,-2.840827,0.490748,0.010195,1.700341,15.003494,32.378851,60.712148,4.372824,1.283189,43.593336,1.409385,1.641073,0.637884,1.427935,0.225453,-13.664243,0.650462,152700,-64.727608,-154226729.536904,-0.303708,55.208344,-7.566999,-0.796011,96.450668,-0.205745,-3.851027,0.798676,1.641073,1.051192
10-18-24,51.130001,51.259998,51.049999,51.020508,60600,50.302469,49.131339,46.952321,0.108882,-0.011928,0.047029,TRUE,TRUE,2.179018,0.063705,19.512175,23.369937,62.251389,3.984892,0.501989,0.017149,2.854849,16.463646,35.069694,75.486506,2.381423,1.280569,45.751189,1.410363,1.650646,0.640022,1.544584,0.414586,-13.664243,0.541676,213300,-64.808362,-154304350.376141,-0.318106,59.121573,-7.482776,0.421389,96.619503,-0.213146,-3.998599,0.800014,1.650646,1.569442
10-21-24,50.990002,51.32,50.849998,51.100288,87000,50.370783,49.226412,47.002618,0.110799,-0.010573,0.047016,TRUE,TRUE,2.223794,0.065933,19.51225,23.976739,62.950308,4.082848,0.51144,0.02128,3.99134,19.108585,36.45373,79.180052,2.74715,1.271581,46.999841,1.321665,1.552741,0.637641,1.616045,1.213793,-13.664243,0.795829,300300,-37.002172,-154298690.094341,-0.328571,58.655922,-5.944002,4.287452,97.20952,-0.138727,-2.768035,0.798525,1.552741,1.552145
10-22-24,50.98,51.450001,50.98,51.180069,60600,50.437101,49.319557,47.053082,0.111037,-0.009054,0.047004,TRUE,TRUE,2.266476,0.067227,42.937782,24.717201,63.674611,4.267504,0.51938,0.023376,2.537462,18.251938,38.753475,82.38426,2.660525,1.18307,48.648452,1.312136,1.540922,0.63832,1.548196,1.473855,-13.664243,0.569041,360900,-48.24936,-154307697.856824,-0.288165,68.784376,-6.395009,4.032033,97.491334,-0.113338,-2.27999,0.798949,1.540922,1.527217
10-23-24,51.029999,51.09,50.18,50.362305,137300,50.451063,49.394153,47.095177,0.109394,-0.007396,0.046991,TRUE,TRUE,2.298977,0.067843,14.485882,23.541087,52.372598,-9.878791,0.454447,-0.033245,1.283589,14.441111,36.169553,40.316793,0.557545,1.259022,47.974958,1.324919,1.562135,0.639718,1.420176,0.923324,-13.664243,1.275252,223600,20.544337,-154389985.997725,-0.337423,66.545078,-7.562815,1.453153,96.371317,-0.126925,-2.533592,0.799824,1.562135,-0.18501
10-24-24,50.860001,50.959999,50.619999,50.801105,84200,50.485469,49.454588,47.139133,0.10606,-0.005581,0.046978,TRUE,TRUE,2.315455,0.069119,23.504276,22.448981,56.803221,-6.147086,0.433399,-0.043435,6.088157,15.039223,36.003743,58.394775,1.373133,1.254853,47.890185,1.328725,1.556783,0.631315,1.209138,1.074814,-13.664243,0.774787,307800,31.5625,-154384485.020489,-0.295498,65.301221,-3.400794,1.361287,97.289308,-0.114186,-2.246719,0.794554,1.556783,0.659084
10-25-24,51.189999,51.75,51.189999,51.090317,84700,50.513393,49.51961,47.182911,0.101747,-0.003608,0.046965,TRUE,TRUE,2.3367,0.069599,18.077879,22.627329,59.478829,-4.195782,0.435041,-0.033435,7.86778,16.253183,40.312246,67.015839,1.105195,1.276131,49.766234,1.315809,1.545404,0.639728,1.119906,1.474592,-13.664243,0.785824,392500,-17.365854,-154499338.707453,-0.335181,65.048457,-1.241267,3.036775,98.212506,-0.062419,-1.254613,0.79983,1.545404,1.159268
10-28-24,51.540001,51.540001,51.220001,51.090317,733200,50.556774,49.561695,47.226406,0.096563,-0.001487,0.046951,TRUE,TRUE,2.33529,0.072284,35.789602,22.792938,59.478829,7.106231,0.431369,-0.029685,6.706943,14.489798,43.151581,60.260043,1.727558,1.260707,50.868163,1.260413,1.482755,0.6195,0.828356,0.906124,-13.664243,5.194842,392500,1009.228442,-155826818.258272,-0.700364,45.09831,-2.037969,1.10606,97.685743,-0.088631,-1.809647,0.787083,1.482755,1.048873
10-29-24,51.27,51.860001,51.080002,51.61887,74300,50.622594,49.613155,47.272345,0.090502,0.000762,0.046938,TRUE,TRUE,2.34081,0.073736,32.033427,23.368886,64.181275,7.378054,0.46574,0.003749,7.706175,15.186071,44.004298,85.646977,2.616974,1.22483,55.692353,1.223565,1.47605,0.576896,1.477329,1.672272,-13.664243,0.526633,466800,-1.458886,-155798456.844485,-0.695978,42.229704,-1.018799,2.022153,98.828859,-0.067615,-1.348633,0.759537,1.47605,1.788891
10-30-24,51.68,51.740002,51.299999,51.160122,64300,50.69739,49.642674,47.315243,0.084403,0.003118,0.046925,TRUE,TRUE,2.327431,0.072215,6.925179,23.903695,57.900746,-1.578083,0.450766,-0.00898,8.22784,16.420812,40.978549,58.340562,3.012042,1.213755,52.071161,1.182426,1.562908,0.549677,1.450695,2.085512,-13.664243,0.481883,402500,-70.409572,-155903638.94325,-0.734836,36.53476,0.022945,2.104802,98.10862,-0.103138,-2.063403,0.741402,1.562908,0.888654
10-31-24,50.939999,50.939999,50.009998,49.883614,300100,50.70437,49.649056,47.352522,0.077419,0.005521,0.04691,TRUE,TRUE,2.296534,0.066841,-19.917022,22.507485,44.771874,-14.706955,0.332068,-0.102143,2.43702,14.353502,36.724549,-6.831599,0.280665,1.34077,50.803932,1.202416,1.583493,0.563913,1.658165,1.919934,-13.664243,2.083811,102400,239.096045,-156285304.634777,-0.812746,26.361965,-3.034516,1.639685,96.991129,-0.110962,-2.218367,0.750942,1.583493,-1.615538
11-01-24,50.209999,50.700001,50.200001,50.242634,124200,50.731297,49.657633,47.393073,0.069994,0.007983,0.046895,TRUE,TRUE,2.26456,0.060876,-12.89061,21.211004,48.321121,-15.860154,0.263926,-0.136228,5.692302,13.817321,35.409343,12.574876,1.083469,1.388964,46.465296,1.1908,1.570547,0.562764,1.76608,2.368157,-13.664243,0.867773,226600,-12.535211,-156388324.532238,-0.830177,27.105705,-1.816221,1.307099,97.423516,-0.087579,-1.765653,0.750176,1.570547,-1.051673
11-04-24,50.330002,50.549999,50.049999,50.05315,106000,50.718831,49.678376,47.429292,0.063139,0.010479,0.046877,TRUE,TRUE,2.249084,0.056711,-10.441825,20.246366,46.618297,-11.282449,0.192416,-0.166191,7.966437,11.09995,32.566879,2.33253,-0.495636,1.32287,47.985882,1.127339,1.512395,0.518236,1.866085,1.671467,-13.664243,0.738393,120600,8.829569,-156492988.533702,-0.878819,27.385067,-1.833607,-0.766583,97.029702,-0.095937,-1.946324,0.719886,1.512395,-1.387243
11-05-24,50.360001,50.919998,50.360001,50.711349,142200,50.767697,49.702111,47.464604,0.057158,0.013007,0.046858,TRUE,TRUE,2.237507,0.053717,1.256728,18.904511,52.835797,8.063923,0.186702,-0.137523,11.505007,11.322887,32.749331,37.910827,1.965112,1.372865,42.036767,1.137208,1.527086,0.522919,1.85661,1.874457,-13.664243,0.973606,262800,54.229935,-156456752.718988,-0.818007,33.123308,-0.21291,0.412519,97.747533,-0.087353,-1.765398,0.723132,1.527086,-0.134044
11-06-24,51.740002,52.32,51.630001,52.087589,309200,50.848476,49.76454,47.506533,0.052881,0.015616,0.04684,TRUE,TRUE,2.258008,0.052932,20.174124,19.47091,62.635338,14.314217,0.289883,-0.027474,15.937848,14.28577,35.915879,89.938948,3.200946,1.461408,50.688147,1.184392,1.585856,0.546575,2.562007,2.353346,-13.664243,2.028605,572000,69.983507,-156355846.771919,-0.768346,39.865837,2.812098,2.278384,99.299627,-0.07671,-1.526876,0.739307,1.585856,2.444581
11-07-24,52.5,53.119999,52.5,52.915329,181400,50.948703,49.838738,47.551637,0.050245,0.018327,0.046822,TRUE,TRUE,2.2871,0.055146,25.675677,20.711707,67.067381,20.449084,0.43345,0.092875,14.173018,16.152668,36.775162,93.418974,3.937326,1.502503,68.62843,1.161251,1.555935,0.539491,3.872487,2.201971,-13.664243,1.175365,753400,26.7645,-156294211.911679,-0.760186,42.928907,2.018505,3.073218,100.128008,-0.081219,-1.636119,0.734501,1.555935,2.865615
11-08-24,52.990002,53.189999,52.939999,52.965191,110200,51.054912,49.9255,47.59583,0.048993,0.021105,0.046804,TRUE,TRUE,2.32967,0.057257,25.373131,21.921284,67.318859,14.483062,0.54497,0.163515,13.847804,16.084566,36.77521,92.930575,4.178115,1.474747,82.006901,1.161281,1.566312,0.544078,3.842472,2.194849,-13.664243,0.725907,863600,-31.425016,-156382202.414608,-0.791003,47.000263,2.329917,3.812555,100.408892,-0.062672,-1.2688,0.737617,1.566312,2.329412
11-11-24,53.240002,53.25,52.790001,52.945248,94600,51.157133,50.012662,47.639608,0.048879,0.023936,0.046788,TRUE,TRUE,2.373054,0.060994,24.213456,22.763979,67.098162,4.462824,0.624541,0.194469,13.537219,15.771452,37.772707,90.594068,4.016466,1.473953,92.105192,1.124311,1.53625,0.514195,3.735413,1.694016,-13.664243,0.624629,769000,-7.072692,-156412948.630587,-0.797433,43.939149,2.080495,2.932165,100.131472,-0.070763,-1.433466,0.717074,1.53625,1.941383
11-12-24,53.080002,53.130001,52.650002,52.855492,180700,51.271321,50.08666,47.684364,0.050005,0.026804,0.046772,TRUE,TRUE,2.402296,0.064465,37.993938,23.280236,66.048678,-1.018702,0.672606,0.194027,10.624088,15.35758,34.580707,87.823822,4.515875,1.406174,98.406649,1.125002,1.495163,0.49632,3.497331,1.62438,-13.664243,1.171931,588300,43.526608,-156438931.552648,-0.752636,43.077121,-0.586635,1.374143,99.250915,-0.085813,-1.706177,0.7045,1.495163,1.609821
11-13-24,52.93,53.189999,52.700001,52.745789,58700,51.376533,50.189578,47.726282,0.052253,0.029715,0.046757,TRUE,TRUE,2.463297,0.068627,31.199956,23.823133,64.716327,-2.602531,0.693847,0.172215,10.256403,14.356264,34.653491,84.437927,4.155182,1.394514,102.483346,1.115219,1.476247,0.494254,3.324324,1.280658,-13.664243,0.382423,529600,-19.146006,-156486661.119016,-0.773598,42.571884,-0.745328,-0.141322,98.629307,-0.112278,-2.247332,0.703032,1.476247,1.336076
11-14-24,52.900002,52.959999,52.48,52.406719,78500,51.4618,50.286115,47.767931,0.055532,0.032644,0.046743,TRUE,TRUE,2.518183,0.07186,20.952395,23.880744,60.644402,-6.45376,0.675534,0.123121,6.982905,11.898511,31.10457,73.972829,3.363493,1.339628,103.657922,1.118539,1.488345,0.491268,3.1993,1.181776,-13.664243,0.511068,451100,2.748691,-156589129.917942,-0.769011,39.345908,-2.763974,-2.707599,97.8157,-0.134483,-2.675904,0.700905,1.488345,0.911574
11-15-24,51.98,51.98,51.110001,51.140179,204700,51.467784,50.358317,47.807578,0.058001,0.035545,0.046728,TRUE,TRUE,2.550739,0.073281,0.660478,22.57535,48.395298,-17.653381,0.552453,0.000032,4.270025,9.44232,27.893709,34.882092,0.234554,1.491112,103.424059,1.163289,1.547587,0.507204,3.191951,0.47225,-13.664243,1.27297,246400,237.788779,-156779628.863856,-0.769652,49.507425,-4.722841,-4.40646,96.029937,-0.168822,-3.281776,0.712182,1.547587,-0.316759
11-18-24,51.48,51.849998,51.32,51.489227,84100,51.487231,50.462233,47.846431,0.060074,0.038398,0.046712,TRUE,TRUE,2.615802,0.073849,-1.75909,21.363198,51.313869,-13.402458,0.477571,-0.05988,3.63308,10.330322,28.500485,45.655192,0.761129,1.471268,103.061713,1.145547,1.523716,0.502243,3.206511,1.007107,-13.664243,0.523466,330500,-3.333333,-156810022.924431,-0.781568,49.750754,-5.281455,-2.892413,96.507446,-0.13855,-2.721366,0.708691,1.523716,0.001937
11-19-24,51.389999,52.029999,51.349998,51.848248,79000,51.52064,50.56216,47.883198,0.061992,0.041195,0.046697,TRUE,TRUE,2.678962,0.075729,9.465102,19.968722,54.184089,-6.460313,0.4421,-0.076281,4.607654,9.973684,29.407177,56.736057,1.305544,1.494144,103.096591,1.141603,1.536871,0.493573,3.125659,0.931704,-13.664243,0.488922,409500,30.363036,-156773253.343262,-0.762952,53.235268,-4.796941,-3.338339,97.103789,-0.123379,-2.410828,0.702547,1.536871,0.317768
11-20-24,52.049999,52.049999,51.299999,51.808353,94600,51.592942,50.652313,47.920296,0.063535,0.04392,0.046681,TRUE,TRUE,2.732017,0.076469,31.90078,18.747831,53.804509,5.409212,0.406088,-0.089834,4.004,10.036211,27.890589,54.948555,2.871292,1.440129,99.555354,1.130726,1.55018,0.511699,2.773554,1.186524,-13.664243,0.593308,314900,-31.099782,-156739612.527018,-0.736814,58.892705,-5.058427,-3.716003,97.029073,-0.100358,-2.016286,0.715331,1.55018,0.216373
11-21-24,52.25,52.299999,51.400002,52.027752,166600,51.654274,50.72651,47.959022,0.064779,0.046582,0.046666,TRUE,TRUE,2.767489,0.077816,30.287564,17.598312,55.644796,4.330926,0.390748,-0.084139,6.144445,10.947862,29.150391,61.804757,2.414606,1.445535,98.189483,1.130377,1.463966,0.49588,2.455411,1.1716,-13.664243,1.018555,481500,97.862233,-156673804.789097,-0.69982,59.892176,-4.776114,-5.169546,96.053431,-0.13547,-2.679487,0.704187,1.463966,0.380364
11-22-24,52.099998,52.279999,51.93,52.097565,57600,51.704637,50.793727,47.995857,0.065427,0.049135,0.046651,TRUE,TRUE,2.79787,0.07814,35.405856,16.530902,56.242144,2.058055,0.379846,-0.076033,5.195333,10.045556,28.794091,60.123338,1.971505,1.423032,97.726693,1.117919,1.447759,0.487179,2.015328,1.49462,-13.664243,0.355095,539100,-31.995277,-156676251.925882,-0.671017,64.466551,-4.976038,-5.851977,95.906864,-0.127594,-2.530092,0.697982,1.447759,0.402068
11-25-24,52.619999,52.790001,52.099998,52.177341,98200,51.758988,50.856555,48.032494,0.065744,0.051552,0.046637,TRUE,TRUE,2.824061,0.078335,28.214917,16.324364,56.955534,3.151025,0.373339,-0.066032,6.558044,9.683643,28.970187,49.875755,2.127653,1.39698,97.151379,1.117607,1.451671,0.489782,1.710608,1.550708,-13.664243,0.752721,637300,-86.606656,-156752437.275285,-0.354752,63.686232,-3.188744,-5.990114,96.153862,-0.110757,-2.202438,0.699844,1.451671,0.43062
11-26-24,52.439999,52.639999,52.380001,52.466553,277100,51.801372,50.930353,48.068453,0.065899,0.053835,0.046624,TRUE,TRUE,2.8619,0.079767,9.223269,16.132578,59.531339,3.886543,0.387058,-0.04185,6.627478,10.422539,29.993746,63.390304,1.642196,1.233262,98.349613,1.110656,1.4379,0.4832,1.671342,1.413754,-13.664243,1.970839,914400,272.94751,-156845047.878745,-0.372187,63.082729,-3.655587,-5.963309,96.611293,-0.108375,-2.154715,0.695126,1.4379,0.676343
11-27-24,52.549999,52.549999,51.830002,52.027752,120200,51.844754,50.995176,48.103247,0.066081,0.055929,0.046612,TRUE,TRUE,2.891929,0.07766,-23.860643,15.009931,54.229037,-2.013108,0.358391,-0.056414,6.993432,10.276815,28.991283,42.885588,1.695911,1.200773,97.279941,1.032009,1.303677,0.430031,1.736809,2.118475,-13.664243,0.838244,794200,86.936236,-156899221.082519,-0.347147,54.673102,-4.134819,-8.517994,95.455272,-0.076347,-1.555547,0.655768,1.303677,0.188115
11-28-24,52.16,52.720001,52.16,52.576256,58800,51.979386,51.075157,48.144268,0.066572,0.057844,0.0466,TRUE,TRUE,2.93089,0.076171,-9.219794,14.191726,59.129385,2.173851,0.375603,-0.031362,8.210181,12.651578,30.030742,68.516617,5.397849,1.244977,86.775403,1.038173,1.309052,0.427896,1.716962,2.385246,-13.664243,0.447727,853000,-80.406531,-156870607.547189,-0.222837,53.225098,-2.727675,-5.301339,96.187071,-0.065253,-1.319147,0.654137,1.309052,0.687833
11-29-24,52.369999,52.700001,52.200001,52.556309,112400,52.09507,51.129608,48.182468,0.067223,0.059565,0.046589,TRUE,TRUE,2.947141,0.074288,-9.219876,13.431964,58.882494,-0.648846,0.383216,-0.018999,6.918241,12.648882,30.130687,69.534111,4.605003,1.250886,77.309434,1.037907,1.310725,0.425803,1.587504,2.402903,-13.664243,0.859722,740600,-9.500805,-156822811.477853,-0.166165,59.448302,-3.825314,-4.504237,95.828267,-0.07616,-1.537228,0.652536,1.310725,0.596614
12-02-24,52.779999,53.279999,52.779999,53.054947,100400,52.245159,51.196027,48.222696,0.067771,0.06108,0.046579,TRUE,TRUE,2.973331,0.070847,4.310342,13.658474,63.037367,8.80833,0.424591,0.017901,11.460307,13.282603,31.700234,89.628937,5.997218,1.271938,63.483165,0.97642,1.185619,0.372842,1.902576,3.516285,-13.664243,0.769585,841000,-5.283019,-156812792.312814,-0.122568,68.895148,-0.151965,-4.525183,96.862339,-0.005935,-0.121846,0.610608,1.185619,1.275594
12-03-24,53.099998,53.369999,52.990002,53.214508,74100,52.370317,51.263243,48.265896,0.068583,0.06244,0.04657,TRUE,TRUE,2.997347,0.068239,10.02132,14.000503,64.281179,5.151793,0.464897,0.046566,11.842379,13.294201,31.717196,93.119868,4.936091,1.253359,55.871033,0.968069,1.205715,0.36235,2.150912,3.299107,-13.664243,0.583212,915100,-47.890295,-156799334.192469,-0.134816,69.205922,0.201297,-5.182484,97.128578,-0.000066,-0.001349,0.601955,1.205715,1.510963
12-04-24,53.740002,54.029999,53.66,53.872711,76000,52.459573,51.339036,48.314294,0.069536,0.06366,0.046562,TRUE,TRUE,3.024741,0.067116,29.341218,15.183999,68.926346,10.043853,0.543684,0.100282,13.344533,12.486474,34.693878,94.613435,3.427154,1.282528,64.681026,0.972349,1.237929,0.372769,3.170133,3.360511,-13.664243,0.658607,991100,-75.42044,-156787949.824525,-0.187228,74.121649,1.479632,-5.245975,98.329948,-0.007684,-0.158401,0.610548,1.237929,2.18478
12-05-24,54.040001,54.080002,53.830002,53.693199,86500,52.498467,51.41064,48.362492,0.070204,0.06471,0.046557,TRUE,TRUE,3.048148,0.067058,65.305858,16.342385,66.390469,3.353101,0.584896,0.113195,15.98449,12.15051,33.901225,86.086248,1.470028,1.14757,69.709065,0.941213,1.180753,0.348621,2.867057,2.773495,-13.664243,0.781744,904600,-52.315325,-156969117.274476,-0.304973,85.679172,3.073333,-5.412606,97.850749,-0.024093,-0.503475,0.590441,1.180753,1.713884
12-06-24,53.950001,54.380001,53.93,54.211781,96400,52.560796,51.484239,48.406614,0.071109,0.065607,0.046553,TRUE,TRUE,3.077625,0.068262,66.747876,17.770128,69.842298,5.56112,0.651888,0.144149,15.708805,13.272938,35.946999,94.538298,2.353602,1.133559,79.049236,0.942522,1.202073,0.338922,3.144736,2.797419,-13.664243,0.876682,1001000,-12.522686,-156944790.299526,-0.255815,85.840304,4.098514,-5.438115,98.694065,-0.007194,-0.149031,0.58217,1.202073,2.088552
12-09-24,54.279999,54.330002,53.830002,53.733089,133000,52.600188,51.554447,48.449005,0.071926,0.066392,0.046551,TRUE,TRUE,3.105442,0.068883,44.892879,18.851017,63.372228,-5.554118,0.658759,0.120816,13.598983,11.838523,32.859164,78.996388,1.488031,1.11973,82.933451,0.950671,1.217231,0.345317,2.930417,2.356855,-13.664243,1.188774,868000,40.591966,-157129347.687832,-0.320164,77.611077,1.925978,-6.35356,98.075107,-0.022478,-0.463878,0.587637,1.217231,1.366036
12-10-24,54.02,54.240002,53.599998,53.603443,47800,52.637586,51.620466,48.490948,0.072911,0.067066,0.04655,TRUE,TRUE,3.129519,0.068592,41.860324,19.298072,61.70498,-4.685488,0.646293,0.08668,10.939105,10.841488,32.008742,73.941005,1.415088,1.107781,85.782735,0.947877,1.255431,0.371006,2.696915,2.444051,-13.664243,0.454222,820200,-73.547316,-157176633.142583,-0.350502,79.87399,0.675663,-7.85539,98.218761,-0.002352,-0.049667,0.609102,1.255431,1.125934
12-11-24,54.16,54.77,54.150002,54.560825,85100,52.728338,51.718399,48.53713,0.074799,0.067689,0.046551,TRUE,TRUE,3.181269,0.069618,50.396704,20.392685,68.330908,-1.51139,0.705533,0.116736,11.950066,11.226227,33.149812,92.885197,3.441103,1.123239,95.982211,0.970549,1.304256,0.384494,3.001161,2.868267,-13.664243,0.798649,905300,44.974446,-157148955.182958,-0.310776,78.80585,2.152057,-7.848297,99.355085,0.001737,0.036208,0.620076,1.304256,1.909195
12-12-24,54.48,54.599998,54.310001,54.251675,88000,52.820586,51.808552,48.582977,0.077318,0.068201,0.046554,TRUE,TRUE,3.225575,0.069462,40.909061,21.409112,64.452835,1.080607,0.719244,0.104358,10.636576,9.919415,31.41789,82.369862,3.520456,1.12174,101.439208,0.972198,1.243735,0.377788,2.75209,2.826025,-13.664243,0.822199,817300,12.101911,-157272353.822807,-0.319174,73.107715,2.305901,-9.436239,99.79445,0.021557,0.44623,0.614645,1.243735,1.410785
12-13-24,54.75,55.040001,54.450001,54.620663,90800,52.99461,51.906883,48.628595,0.080374,0.068619,0.046559,TRUE,TRUE,3.278288,0.071726,43.985628,22.861828,66.869692,5.164712,0.751226,0.109072,11.981187,10.237179,30.66541,86.9365,6.805772,1.126702,100.94724,0.922379,1.10032,0.310832,2.579071,2.431771,-13.664243,0.896038,908100,-55.642404,-157310624.674002,-0.262,73.046998,4.788683,-8.845407,100.919491,0.038206,0.792062,0.557523,1.10032,1.610795
12-16-24,55.02,55.669998,55.02,55.398537,109300,53.190075,52.008805,48.674835,0.084234,0.069063,0.046566,TRUE,TRUE,3.33397,0.074829,48.514829,24.809368,71.299785,2.968877,0.829774,0.150096,13.552741,10.468152,32.757736,92.930684,7.59248,1.186525,107.874705,0.935457,1.021406,0.266368,3.509885,2.857166,-13.664243,1.065354,1017400,29.964328,-157292619.581656,-0.235195,69.713296,6.568942,-8.267276,102.813439,0.081842,1.621479,0.516108,1.021406,2.047247
12-17-24,55.389999,55.52,55.169998,55.199081,118700,53.357617,52.118106,48.72089,0.088454,0.069541,0.046575,TRUE,TRUE,3.397216,0.077494,54.639147,26.617797,68.760862,4.308027,0.865947,0.149015,13.631697,10.012199,31.71508,86.583562,6.462772,1.142935,111.884358,0.938054,1.025556,0.267184,3.111927,2.679838,-13.664243,1.135016,898700,50.253165,-157391592.956333,-0.29563,69.413207,6.287363,-8.655678,102.47016,0.075168,1.48596,0.516898,1.025556,1.645864
12-18-24,55.290001,55.439999,53.169998,53.154671,295600,53.424933,52.171759,48.760887,0.092015,0.069927,0.046585,TRUE,TRUE,3.410872,0.076898,7.923447,24.849092,49.359268,-17.510424,0.721333,0.003521,6.663987,5.811726,25.881453,27.512123,2.598649,1.39891,105.966105,1.062333,1.207992,0.40851,3.000346,1.329337,-13.664243,2.578732,603100,212.473573,-157691184.84565,-0.415063,54.739929,2.93197,-10.712829,100.954341,0.034162,0.663749,0.639148,1.207992,-0.255046
12-19-24,53.810001,53.880001,53.049999,52.925301,275500,53.46981,52.212049,48.798278,0.09443,0.070211,0.046595,TRUE,TRUE,3.413771,0.075807,4.913691,23.360136,47.732,-23.567785,0.581513,-0.109039,6.416695,6.430671,24.750987,5.027746,1.725134,1.44951,101.545912,1.064577,1.201447,0.410837,2.923283,1.204446,-13.664243,2.294399,327600,65.366146,-158049466.530548,-0.572834,42.925299,3.353992,-8.982921,101.143547,0.034864,0.677298,0.640966,1.201447,-0.53622
12-20-24,52.700001,54.169998,52.560001,53.384041,236600,53.534134,52.26291,48.834528,0.09583,0.070446,0.046605,TRUE,TRUE,3.428382,0.076022,4.405797,22.579472,51.19736,-17.563502,0.501936,-0.150893,7.081405,7.554133,27.727368,26.496473,2.469359,1.555643,96.336949,1.064949,1.19686,0.411695,2.865621,1.211715,-13.664243,1.833753,564200,310.763889,-158043870.103102,-0.529982,47.181855,3.494778,-8.741874,101.308339,0.032065,0.623171,0.641634,1.19686,-0.1558
12-23-24,53.700001,54.080002,53.400002,53.902626,250300,53.620398,52.322946,48.876672,0.096569,0.070589,0.046616,TRUE,TRUE,3.446274,0.076404,8.789807,21.854569,54.842237,5.482969,0.475238,-0.142073,7.626444,9.839861,27.482734,43.171256,3.306578,1.582546,91.132074,1.066697,1.197198,0.417225,2.760874,1.602417,-13.664243,1.831955,814500,154.887984,-157924149.930094,-0.42879,51.863454,3.401328,-5.609154,101.637804,0.043389,0.845838,0.645929,1.197198,0.309691
12-24-24,54.240002,54.799999,54.23,54.650581,62800,53.7296,52.404523,48.923568,0.096738,0.070731,0.046628,TRUE,TRUE,3.480955,0.077943,9.823649,20.450672,59.536266,11.804266,0.50857,-0.086992,9.054726,10.202443,29.150494,67.221291,4.162707,1.571589,89.651438,1.07911,1.2094,0.417372,2.685288,1.885251,-13.664243,0.498749,877300,-77.336702,-157894274.30803,-0.416641,51.562962,4.293952,-5.897481,102.719424,0.058264,1.1229,0.646043,1.2094,1.027291
12-27-24,54.419998,54.419998,53.529999,53.832817,233200,53.819853,52.468348,48.963074,0.095981,0.070889,0.046641,TRUE,TRUE,3.505274,0.076818,1.6317,19.708123,53.044127,1.846767,0.463655,-0.105526,6.532467,8.169128,26.367124,40.926592,3.469428,1.710977,80.205255,1.084545,1.224704,0.424601,2.665423,1.820299,-13.664243,1.772508,644100,94.009983,-157968783.801061,-0.406477,43.941224,2.457033,-7.776494,101.317036,0.057782,1.114972,0.651614,1.224704,0.016164
12-30-24,53.290001,53.59,52.799999,53.17968,182000,53.850024,52.517914,49.001139,0.094812,0.071076,0.046653,TRUE,TRUE,3.516775,0.074526,-11.875305,19.781133,48.495612,-6.346625,0.371079,-0.158482,5.887756,6.813933,24.824237,19.925374,1.147712,1.778466,76.321891,1.09852,1.240218,0.437398,2.814703,1.466237,-13.664243,1.321474,462100,209.52381,-157975842.547331,-0.401247,37.914044,2.446601,-7.534263,100.812289,0.048127,0.927207,0.661361,1.240218,-0.878312
12-31-24,53.41,53.41,52.639999,52.690327,201900,53.856725,52.551311,49.037288,0.092752,0.071304,0.046664,TRUE,TRUE,3.514022,0.071173,-11.983282,20.003226,45.357394,-14.178872,0.255283,-0.219422,4.747002,6.306611,24.227085,4.190529,0.254999,1.831585,75.176493,1.106405,1.21449,0.414338,2.997335,1.254922,-13.664243,1.419831,260200,79.626335,-158151350.142042,-0.467137,36.830315,0.920058,-8.910398,99.431439,0.020778,0.389547,0.643691,1.21449,-1.551547
01-02-25,53.060001,53.27,52.18,52.570488,230200,53.832502,52.580715,49.075493,0.090066,0.071505,0.046674,FALSE,TRUE,3.505222,0.068472,-11.883969,20.638012,44.596299,-8.447828,0.15209,-0.258092,5.851845,4.363932,26.094972,11.188765,-0.913127,1.896903,78.598521,1.09767,1.17949,0.392415,3.177338,0.919919,-13.664243,1.548188,30000,129.282869,-158216613.904873,-0.472063,34.169035,1.473639,-11.210528,98.600068,0.002936,0.054474,0.626431,1.17949,-1.605646
01-03-25,52.900002,53.59,52.900002,53.419365,163000,53.842745,52.625501,49.115752,0.087116,0.071718,0.046683,TRUE,TRUE,3.509749,0.066072,-13.29831,20.720358,50.883412,2.3878,0.137224,-0.218366,7.38856,5.030229,29.564383,35.511902,0.384964,1.847097,77.880981,1.103587,1.191346,0.402874,3.292997,1.573028,-13.664243,1.06442,193000,119.973009,-158134233.025942,-0.435857,36.126193,2.233933,-9.778348,99.479743,0.029895,0.556497,0.634723,1.191346,-0.543624
01-06-25,53.959999,54.419998,53.84,54.028557,267900,53.850537,52.698826,49.158592,0.083473,0.071968,0.046692,TRUE,TRUE,3.540234,0.065718,-2.511587,19.636852,54.843684,9.48629,0.17261,-0.146384,8.700391,6.248812,31.645799,52.967268,0.289285,1.92022,77.990429,1.097293,1.181988,0.402429,3.312782,1.499234,-13.664243,1.646285,460900,252.5,-158227945.077796,-0.442449,43.652512,3.478345,-8.351957,100.826655,0.027992,0.523856,0.634373,1.181988,0.228258
01-07-25,54.200001,54.200001,52.93,53.029877,191500,53.817371,52.743401,49.193884,0.077878,0.072154,0.0467,TRUE,TRUE,3.549517,0.064273,-16.721823,19.548395,48.009578,3.413279,0.1187,-0.160235,5.422019,3.265536,29.066324,24.351774,-1.235394,2.021262,80.077239,1.121639,1.206746,0.397213,3.48418,0.825606,-13.664243,1.140017,269400,121.387283,-158389324.881835,-0.422731,38.850536,1.336741,-11.824871,99.25108,-0.000162,-0.002949,0.630248,1.206746,-0.983419
01-08-25,53.119999,53.290001,52.650002,53.039867,545800,53.758776,52.782392,49.227998,0.070447,0.072275,0.046706,TRUE,TRUE,3.554394,0.062608,-26.970554,19.717639,48.079281,-2.804131,0.075908,-0.162422,6.647054,3.111442,26.455935,25.744523,-2.161732,1.965756,81.317365,1.121322,1.187975,0.391326,3.343238,0.862638,-13.664243,2.865844,815200,466.182573,-158270159.264211,-0.347957,30.270571,1.672257,-12.567089,98.617214,-0.004659,-0.084535,0.625561,1.187975,-0.884077
01-09-25,53,53.150002,53,53.079815,43200,53.726112,52.822182,49.262014,0.06137,0.072279,0.046711,TRUE,TRUE,3.560168,0.060987,-24.683269,19.874793,48.377301,-6.466383,0.044702,-0.154902,5.166839,3.075863,26.351259,27.601689,-1.215777,1.937363,82.725818,1.121309,1.210993,0.398485,2.586387,0.852649,-13.664243,0.232308,858400,-67.518797,-158267386.3432,-0.30599,32.381988,0.07927,-12.976221,98.639597,0.006239,0.113892,0.631257,1.210993,-0.781252
01-10-25,52.75,52.75,51.959999,52.240925,227200,53.657986,52.834623,49.292681,0.050217,0.072126,0.046715,FALSE,TRUE,3.541942,0.057313,-12.380841,20.894558,42.819005,-5.190574,-0.047176,-0.197424,2.612648,0.390481,23.399226,9.891751,-2.541848,1.81121,89.150009,1.137869,1.19861,0.418905,2.746429,0.623095,-12.490288,1.165547,631200,375.313808,-158333000.883457,-0.296611,33.173667,-0.306946,-12.322729,98.478267,0.017047,0.311991,0.647229,1.19861,-1.589524
01-13-25,51.689999,52.150002,51.5,52.041187,151800,53.532004,52.852244,49.323196,0.037162,0.071776,0.046717,FALSE,TRUE,3.529049,0.053336,-12.027625,22.168124,41.593637,-6.485644,-0.134556,-0.227844,2.360677,2.180285,22.763861,16.399619,-4.618035,1.805935,93.420851,1.139251,1.195744,0.421339,2.908506,0.50149,-12.490288,0.765642,479400,78.378378,-158232025.38432,-0.273137,34.593122,0.431504,-8.93291,98.812996,0.033582,0.615134,0.649106,1.195744,-1.595807
01-14-25,52.470001,52.560001,51.73,52.011227,132700,53.419982,52.894797,49.352781,0.022755,0.071235,0.046716,FALSE,TRUE,3.542016,0.049334,-19.832883,22.731473,41.402243,-6.975059,-0.203873,-0.237728,2.181484,1.716473,22.578037,15.49172,-4.129731,1.699856,97.672985,1.139303,1.21311,0.426648,3.121182,0.460656,-12.490288,0.661845,346700,50.795455,-158274800.672489,-0.249987,32.154506,0.885121,-8.836841,98.676626,0.041242,0.758914,0.653183,1.21311,-1.442318
01-15-25,52.860001,53.360001,52.73,53.189667,192300,53.348432,52.953737,49.388523,0.009173,0.070541,0.046715,TRUE,TRUE,3.565214,0.047732,-9.403607,22.176272,50.960706,8.141702,-0.161851,-0.156565,5.176669,3.603518,24.915772,51.202035,-2.61988,1.749862,93.56969,1.172534,1.256422,0.443171,3.180945,0.816826,-12.467621,0.935425,539000,111.784141,-158186485.263561,-0.213027,30.682325,2.845459,-7.539275,100.026711,0.059196,1.074012,0.665711,1.256422,-0.169676
01-16-25,53.459999,53.470001,52.889999,52.830147,145300,53.220012,53.009277,49.422087,-0.00369,0.069712,0.046711,FALSE,TRUE,3.587191,0.045556,-25.307262,21.521973,48.368498,6.774861,-0.155763,-0.120382,4.321761,2.929893,24.517775,45.553001,-4.636205,1.71886,80.690778,1.176486,1.257452,0.438061,2.281729,0.626912,-9.990009,0.700663,393700,32.936871,-158361773.38542,-0.257783,27.609599,2.242234,-7.382606,99.06081,0.029717,0.534898,0.661862,1.257452,-0.48316
01-17-25,53.869999,53.939999,53.5,53.669037,152900,53.14351,53.068431,49.461918,-0.015045,0.068761,0.046706,TRUE,TRUE,3.606513,0.044793,-2.270168,20.332023,54.220115,12.817872,-0.082298,-0.037534,5.853204,7.653069,27.381598,74.282131,-2.771866,1.690564,67.03793,1.192828,1.272614,0.453194,2.2866,0.935898,-9.990009,0.731282,546600,28.812131,-158397192.39741,-0.240476,33.890489,3.404649,-4.289741,99.655991,0.029546,0.531748,0.673197,1.272614,0.783925
01-20-25,54,54.389999,53.869999,54.318176,103600,53.201685,53.113043,49.504398,-0.024184,0.067744,0.0467,TRUE,TRUE,3.608644,0.043571,15.789518,19.051004,58.170682,7.209976,0.02798,0.058196,6.463418,9.502787,26.883843,96.512946,2.188906,1.629352,72.004344,1.18065,1.257086,0.447342,2.701871,1.574657,-9.990009,0.519337,650200,-64.952639,-158322211.123156,-0.158164,38.684637,4.209631,-3.321612,100.597179,0.062008,1.121503,0.668836,1.257086,1.550588
01-21-25,54.400002,54.400002,53.599998,53.978622,235300,53.254351,53.134309,49.548864,-0.031527,0.066637,0.046692,TRUE,TRUE,3.585445,0.042316,18.246116,17.832157,55.474001,7.105503,0.086976,0.093753,5.632716,9.848876,23.665679,84.884383,1.990205,1.643572,73.708376,1.180595,1.232284,0.434413,2.585827,1.23938,-9.990009,1.191543,414900,-14.591652,-158334786.4269,-0.072242,38.155856,2.323258,-3.72473,99.3956,0.024981,0.446642,0.6591,1.232284,0.982617
01-22-25,54.5,55,54.5,54.717648,201100,53.321032,53.169358,49.594121,-0.036577,0.065509,0.046683,TRUE,TRUE,3.575237,0.042586,27.958375,17.093644,59.837922,5.617807,0.191159,0.158349,6.912024,9.624875,25.206508,91.932787,2.498137,1.612415,80.648842,1.190366,1.249027,0.435313,3.043688,1.406975,-9.647014,1.027593,616000,-15.004227,-158360810.735677,-0.080976,45.947233,3.437632,-3.092335,100.730197,0.028812,0.511317,0.659783,1.249027,1.731725
01-23-25,54.529999,54.880001,54.459999,54.807529,71500,53.366277,53.206603,49.639994,-0.039299,0.064371,0.046674,TRUE,TRUE,3.56661,0.042801,20.057721,16.35698,60.346945,2.176263,0.277776,0.195973,8.826492,10.223376,24.86233,94.500841,1.678774,1.531639,86.415547,1.190271,1.249251,0.436639,3.110728,1.4436,-7.741146,0.382844,687500,-71.434279,-158313985.479776,-0.104368,41.373474,4.25755,-3.596156,100.295099,0.030293,0.538278,0.660786,1.249251,1.667816
01-24-25,54.939999,54.950001,54.439999,54.497936,118600,53.358645,53.239452,49.683472,-0.040023,0.063184,0.046664,TRUE,TRUE,3.55598,0.043199,7.088985,15.755099,57.637202,2.163201,0.317776,0.188778,7.277068,13.808264,23.503501,85.655321,-0.279311,1.476035,85.281511,1.187442,1.257444,0.443759,3.091138,1.09067,-7.741146,0.625692,568900,88.853503,-158405638.918225,-0.134889,33.030431,2.461364,-0.95335,99.573932,-0.003044,-0.054555,0.666152,1.257444,1.335919
01-27-25,52.900002,53.349998,52.560001,52.860104,367100,53.310009,53.241739,49.720653,-0.039459,0.061952,0.046651,FALSE,TRUE,3.521086,0.039973,-2.338343,16.091023,45.896044,-13.941878,0.21484,0.068674,3.464036,11.604359,19.620939,38.860103,-1.806915,1.612025,85.208641,1.247173,1.281349,0.417888,3.115367,0.589422,-7.741146,1.870621,201800,57.418525,-158493832.755293,-0.133774,30.906885,-1.556998,-2.98309,96.756449,-0.039808,-0.664119,0.646443,1.281349,-0.528004
01-28-25,52.959999,53.869999,52.75,53.708981,238400,53.336474,53.267784,49.758345,-0.037274,0.060724,0.046638,TRUE,TRUE,3.509439,0.035882,8.261382,15.777809,51.419717,-8.927228,0.199461,0.042636,5.125558,12.176269,22.331871,63.11373,0.995306,1.650383,85.603611,1.21665,1.252603,0.38498,3.041295,1.496024,-7.741146,1.197599,440200,30.989011,-158323980.64171,-0.087443,44.878494,0.072902,-2.063149,97.753532,-0.009697,-0.161328,0.620468,1.252603,0.435153
01-29-25,53.830002,53.830002,53.279999,53.599125,337900,53.381914,53.316963,49.799486,-0.033562,0.059502,0.046623,TRUE,TRUE,3.517477,0.032006,6.356928,15.486966,50.698352,-6.93885,0.176375,0.01564,3.836301,11.838108,20.821576,59.974997,1.724791,1.707071,84.396751,1.214914,1.246953,0.382401,2.981092,1.296885,-7.741146,1.641367,102300,67.360079,-158269763.839102,-0.02876,50.980677,-1.601082,-2.798659,97.328129,-0.023615,-0.39264,0.618386,1.246953,0.257369
01-30-25,53.970001,54.16,53.400002,53.818836,476500,53.444331,53.363555,49.845459,-0.028626,0.058361,0.046607,TRUE,TRUE,3.518096,0.027983,20.899438,14.811881,52.144369,6.248324,0.173805,0.010456,5.196849,13.852277,22.102251,66.252463,2.374618,1.652347,82.678554,1.213757,1.188813,0.369104,2.748259,1.469683,-7.741146,2.183977,578800,106.993918,-158221066.026535,-0.00102,62.878056,-1.739604,-1.858199,96.512623,-0.028422,-0.468001,0.607539,1.188813,0.452965
01-31-25,54.200001,54.740002,53.68,53.738941,189700,53.46031,53.401369,49.890982,-0.022717,0.057275,0.04659,TRUE,TRUE,3.510387,0.024735,22.849445,13.986675,51.552246,0.132529,0.163437,0.00007,7.728645,10.354014,24.364463,61.435516,0.59824,1.697215,82.936175,1.204171,1.127053,0.35224,2.450457,1.159839,-7.067073,0.864178,389100,16.380368,-158389669.664528,-0.058182,68.390251,0.377336,-2.87106,97.332049,-0.01537,-0.251748,0.593498,1.127053,0.335958
02-03-25,52.119999,53.619999,52.119999,53.319496,745300,53.424857,53.431592,49.937145,-0.016616,0.056207,0.04657,FALSE,TRUE,3.494447,0.022964,16.730516,14.248332,48.442194,-2.256159,0.119992,-0.0347,6.124007,12.164906,21.960908,41.649194,-1.312381,1.816255,81.888124,1.159471,1.030945,0.327092,2.161461,0.407182,-7.067073,3.062227,-356200,178.200821,-157942989.290891,0.05854,53.138539,0.380943,-1.5179,97.774488,-0.023272,-0.388414,0.571919,1.030945,-0.128665
02-04-25,53.439999,54.080002,53.389999,53.988613,120500,53.472794,53.470809,49.988048,-0.009714,0.055147,0.04655,TRUE,TRUE,3.482761,0.023624,10.928995,13.983583,53.2839,1.139531,0.137963,-0.013383,7.862568,16.455371,21.336539,64.882413,1.807917,1.715915,82.259589,1.152714,0.99581,0.303211,2.051578,0.332859,-7.067073,0.502429,-235700,-37.075718,-157854409.00009,0.111517,52.209135,2.285356,0.531546,99.130036,-0.011917,-0.196601,0.550646,0.99581,0.627063
02-05-25,53.759998,54.25,53.650002,54.17836,239300,53.529719,53.512425,50.044428,-0.002406,0.054086,0.046527,TRUE,TRUE,3.467997,0.024621,18.881046,13.552346,54.586311,3.034064,0.165607,0.011409,6.836755,19.128331,22.054243,71.470843,2.146485,1.712542,83.041542,1.153397,0.969389,0.298902,1.836665,0.391667,-7.067073,1.065877,3600,-56.156101,-157672253.997102,0.133158,57.495768,0.714016,0.570218,98.405199,-0.026873,-0.441724,0.546719,0.969389,0.781105
02-06-25,54.299999,54.529999,54.150002,54.457989,96500,53.598627,53.558038,50.100315,0.005715,0.053025,0.046503,TRUE,TRUE,3.457722,0.025974,11.987777,12.843619,56.510542,8.068349,0.207684,0.042789,4.550795,21.213942,22.978352,81.180172,2.596418,1.608019,84.810965,1.154944,0.966668,0.296449,1.759028,0.518003,-7.067073,0.424783,100100,123.37963,-157612327.781912,0.144175,56.832975,-0.300717,2.599882,99.014833,-0.011933,-0.19554,0.544472,0.966668,1.013267
02-07-25,54.599998,54.77,53.799999,53.768902,391500,53.675026,53.584085,50.149124,0.014044,0.051946,0.046477,TRUE,TRUE,3.434961,0.025962,-8.29563,12.537098,50.798418,-2.485481,0.183315,0.014735,1.613092,16.014734,20.206302,57.253551,2.924866,1.66171,78.590917,1.167132,1.005073,0.31086,1.814869,0.264182,-7.067073,1.663197,-291400,72.315141,-158028930.094323,0.064589,49.798843,-2.057863,-0.256921,98.140473,-0.014341,-0.234965,0.557548,1.005073,0.119449
02-10-25,54.25,54.580002,54.23,54.388081,90300,53.792371,53.631291,50.200265,0.022034,0.050883,0.04645,TRUE,TRUE,3.431026,0.026728,5.933424,12.252471,55.182168,0.595857,0.211526,0.034357,2.686462,16.906282,21.26671,78.752806,4.509684,1.64425,69.95876,1.175498,1.023751,0.324406,1.781068,0.568203,-7.067073,0.388696,-201100,-40.513834,-158037660.803525,0.041832,54.243423,-2.062197,0.09279,98.432132,0.000044,0.00072,0.569567,1.023751,0.851516
02-11-25,54.16,54.529999,54.16,54.268242,74300,53.905222,53.665131,50.251869,0.029477,0.049842,0.046421,TRUE,TRUE,3.413262,0.026631,-7.154217,12.064654,54.176071,-2.334471,0.221658,0.035592,2.498797,16.374284,19.864458,75.909596,4.339477,1.562145,56.653639,1.17249,1.027372,0.328199,1.799844,0.664998,-7.067073,0.323895,-275400,-44.009043,-158068488.33644,0.044969,50.45729,-2.106787,-0.215674,98.114794,0.008271,0.136628,0.572887,1.027372,0.640771
02-12-25,53.790001,54.459999,53.75,54.288216,109500,53.960149,53.699769,50.300189,0.035844,0.048767,0.046391,TRUE,TRUE,3.39958,0.024317,-8.360144,12.334218,54.325543,3.527125,0.228664,0.034078,2.710644,13.622713,20.455892,76.615382,2.065343,1.599726,54.640603,1.126346,0.971258,0.315116,1.346807,1.268574,-7.067073,0.486116,-165900,-43.057722,-158011975.130048,0.038736,49.929112,-0.72622,-1.410171,98.554084,0.049137,0.836819,0.561352,0.971258,0.600408
02-13-25,54.52,55.16,54.470001,55.077175,143200,54.0725,53.740214,50.351507,0.040869,0.047702,0.046359,TRUE,TRUE,3.388706,0.023713,8.656795,11.655704,59.89089,4.708722,0.294484,0.079918,4.420043,15.129784,24.125495,97.275504,4.253307,1.62373,53.267039,1.137375,0.986887,0.323157,2.238212,1.435563,-7.067073,0.63602,-22700,-1.445286,-157903153.453679,0.101848,53.620819,0.756107,0.06102,99.348693,0.053545,0.908396,0.568469,0.986887,1.88611
02-14-25,55.169998,55.419998,55.119999,55.286896,150400,54.153393,53.781661,50.408221,0.04456,0.046656,0.046326,TRUE,TRUE,3.37344,0.023863,46.110129,10.9363,61.242783,7.066712,0.359426,0.115888,5.495815,12.862488,23.088646,95.966592,3.014511,1.411488,58.813339,1.135379,0.946728,0.307984,2.295707,1.364335,-7.067073,0.66837,127700,-1.635056,-157886211.14985,0.113539,61.414225,2.892937,0.259031,100.57366,0.065451,1.100056,0.554963,0.946728,1.927288
02-18-25,55.529999,55.529999,55.130001,55.386761,104500,54.206823,53.811942,50.467043,0.048413,0.045625,0.046291,TRUE,TRUE,3.344899,0.023917,37.16818,10.403276,61.901299,7.575756,0.414177,0.136512,8.303808,12.928408,23.056446,95.79947,1.967269,1.316089,64.925321,1.135134,0.93453,0.304504,2.319144,1.424665,-7.067073,0.4643,232200,0.868726,-157856553.468437,0.103447,59.890656,4.388944,-0.331381,100.085853,0.059943,1.005189,0.551818,0.93453,1.817377
02-19-25,55.389999,55.610001,55.209999,55.416725,124500,54.278728,53.846413,50.523411,0.052615,0.044612,0.046254,TRUE,TRUE,3.323002,0.024193,40.991121,10.01049,62.109328,2.218438,0.454743,0.141662,7.627805,11.538009,24.323656,94.462024,2.664208,1.296044,70.02799,1.134449,0.98913,0.317269,2.197284,1.339378,-7.067073,0.567121,356700,-47.088823,-157852366.978135,0.109876,57.167273,4.116227,-1.201145,100.345148,0.077577,1.313789,0.563267,0.98913,1.625061
02-20-25,55.419998,55.419998,54.799999,55.17704,121800,54.301697,53.865718,50.574034,0.056656,0.043592,0.046214,TRUE,TRUE,3.291684,0.024006,30.493304,9.511622,59.319174,-1.923609,0.462224,0.119314,6.420261,11.323738,24.854725,87.594261,0.839569,1.28355,72.261256,1.136614,0.993392,0.320412,2.060961,1.204913,-7.067073,0.565027,234900,-39.433118,-157826026.151575,0.124043,47.022822,3.414045,-1.369795,100.322203,0.079525,1.347311,0.56605,0.993392,1.211358
02-21-25,55.299999,55.310001,54.099998,54.038548,187900,54.263248,53.871827,50.61646,0.059389,0.042529,0.046171,TRUE,TRUE,3.255367,0.021917,5.434835,9.893695,48.234913,-13.666386,0.371997,0.02327,4.3047,8.48106,22.665355,54.972712,-1.403059,1.330419,71.469627,1.170445,1.036337,0.351073,2.008632,0.66906,-6.524368,0.848748,47000,162.797203,-158033011.453046,0.063458,40.007472,2.622811,-2.415675,99.531869,0.062014,1.044092,0.592514,1.036337,-0.3144
02-24-25,54.279999,54.400002,53.459999,53.389404,223000,54.207822,53.867547,50.655524,0.05986,0.041395,0.046125,FALSE,TRUE,3.212023,0.019151,1.217403,10.900822,43.270185,-18.839143,0.245284,-0.082754,2.617166,8.922421,17.630222,-0.026806,-2.034081,1.255762,73.813802,1.179916,1.035232,0.344649,1.991868,0.27004,-6.524368,0.984091,-176000,88.026981,-158289506.339742,0.025624,49.300067,2.38218,-2.258786,98.336232,0.034107,0.566833,0.587068,1.035232,-1.108759
02-25-25,53.439999,53.439999,52.459999,52.740265,350400,54.20183,53.831135,50.691442,0.0582,0.040199,0.046075,FALSE,TRUE,3.139694,0.014525,-21.815027,12.666124,38.952496,-20.366678,0.091429,-0.189288,1.233647,6.493072,16.540801,8.897323,-0.226709,1.300945,75.004448,1.185674,1.034618,0.340366,2.271412,0.184042,-6.11444,1.552022,-526400,-4.549169,-158439487.594778,0.012036,39.785456,0.984156,-3.953167,96.848388,0.028867,0.475863,0.583409,1.034618,-1.948638
02-26-25,53.02,53.470001,52.639999,52.84013,486000,54.158387,53.802904,50.727511,0.054997,0.038955,0.046021,FALSE,TRUE,3.075394,0.010954,-23.758903,14.257712,39.945314,-8.289599,-0.022189,-0.242324,1.270261,7.911609,16.864297,12.067638,-1.617701,1.329578,80.335969,1.17824,1.021853,0.337696,2.519276,-0.009011,-6.11444,2.040731,-40400,103.85906,-158691118.461585,-0.077081,45.169713,0.470003,-2.713436,96.6022,0.011749,0.194505,0.581116,1.021853,-1.64093
02-27-25,53.279999,53.360001,51.48,51.431992,599100,54.050031,53.739131,50.756008,0.049727,0.03761,0.045963,FALSE,TRUE,2.983123,0.005025,-44.756312,16.52512,32.03428,-11.235905,-0.223282,-0.354734,-1.971849,4.524945,13.475174,-1.16242,-4.043225,1.5743,100.388677,1.228006,1.077227,0.350315,3.134652,-0.574628,-7.190489,2.384857,-639500,77.300977,-159320815.8611,-0.209198,35.146796,-1.985165,-5.772806,94.693654,-0.013559,-0.217457,0.591874,1.077227,-2.607903
02-28-25,51.400002,52.32,51.150002,52.250908,539400,53.971634,53.676178,50.788168,0.043318,0.036191,0.045901,FALSE,TRUE,2.88801,0.001346,-22.029027,18.821415,39.534192,0.581696,-0.312963,-0.355532,0.428917,7.452345,15.901339,24.684004,-2.913345,1.576966,108.114111,1.239442,1.095528,0.374815,3.394936,-0.43197,-7.190489,2.120658,-100100,13.20042,-158845122.140688,-0.122674,33.787425,-0.423259,-4.622914,95.054663,-0.026961,-0.436719,0.612221,1.095528,-1.591583
03-03-25,52.5,52.75,50.759998,51.03252,621700,53.836313,53.592847,50.81271,0.034436,0.034683,0.045833,FALSE,TRUE,2.780137,-0.004015,-44.800003,20.264215,33.594487,-6.350827,-0.476853,-0.415537,-2.936184,5.032931,12.166824,5.619007,-5.036238,1.779623,126.546151,1.274084,1.128865,0.404479,3.968646,-0.966898,-7.911339,2.252904,-721800,227.727992,-159296543.982399,-0.164316,26.864107,-2.041966,-4.912899,94.205243,-0.043325,-0.699513,0.635987,1.128865,-2.215629
03-04-25,50.709999,51.779999,50.16,50.912678,777400,53.715972,53.548007,50.833103,0.022709,0.033059,0.045761,FALSE,TRUE,2.714904,-0.008335,-44.800031,21.991131,33.068212,1.033932,-0.609382,-0.438453,-3.127371,3.574511,10.318469,13.810602,-4.513956,1.959182,142.195878,1.262776,1.023818,0.376197,4.490186,-1.283909,-8.127596,2.800836,-1499200,4.30699,-159351558.551727,-0.253741,22.863065,-0.056882,-3.768675,95.772031,-0.03771,-0.600211,0.613349,1.023818,-1.971432
03-05-25,51.029999,51.779999,50.549999,51.581795,338200,53.595631,53.521137,50.857372,0.009582,0.031339,0.045683,FALSE,TRUE,2.663765,-0.011698,-33.251533,23.594696,38.830022,-0.70417,-0.652894,-0.385572,-2.776654,8.36544,12.163459,26.087976,-4.458011,2.005776,149.750864,1.275166,1.032812,0.390097,4.825576,-0.929615,-8.127596,1.172494,-1161000,180.6639,-159122354.700432,-0.21979,28.752763,-0.923553,-1.178545,95.950874,-0.026532,-0.422932,0.624578,1.032812,-1.344791
03-06-25,50.799999,51.27,50.02,50.143696,752000,53.393898,53.45633,50.874749,-0.005713,0.029465,0.045599,FALSE,FALSE,2.581581,-0.016423,-56.136417,25.414943,32.378593,-1.215894,-0.794265,-0.421554,-5.77063,5.38837,11.047377,2.212797,-7.447003,2.161591,167.599883,1.315492,1.075979,0.409979,5.4522,-1.656096,-9.515231,2.394294,-1913000,214.249896,-159725524.426994,-0.326871,22.861949,-2.826232,-2.965556,94.300221,-0.066416,-1.043401,0.640296,1.075979,-1.939263
03-07-25,50.09,50.709999,49.450001,50.553154,460400,53.198656,53.389341,50.891785,-0.022505,0.027465,0.04551,FALSE,FALSE,2.497556,-0.021061,-52.666689,27.425785,35.656513,2.588302,-0.86331,-0.39248,-6.161853,6.360409,11.234894,17.908332,-7.170362,2.273674,177.030506,1.317111,1.074322,0.41428,5.935008,-1.312658,-9.515231,1.385599,-1452600,377.098446,-159379745.97764,-0.265957,18.898064,-3.945429,-3.025092,94.362474,-0.056215,-0.885282,0.643646,1.074322,-1.494376
03-10-25,49.75,49.759998,48.169998,48.555794,712300,52.938001,53.267445,50.899149,-0.041212,0.025277,0.045414,FALSE,FALSE,2.368296,-0.029017,-62.752274,29.875775,28.419463,-10.410559,-1.066901,-0.476857,-9.568075,4.887008,5.249367,5.185423,-9.695396,2.658938,204.447636,1.408116,1.15936,0.440575,6.795046,-1.924855,-12.380615,2.044988,-2164900,81.941252,-159746382.8648,-0.246537,15.423509,-5.876529,-3.855983,91.880112,-0.096408,-1.453131,0.663758,1.15936,-2.143437
03-11-25,48.52,49.200001,48,48.465912,659400,52.641892,53.160107,50.907009,-0.061189,0.022909,0.045312,FALSE,FALSE,2.253098,-0.035217,-63.503693,32.217789,28.142649,-4.235944,-1.221421,-0.505101,-10.59893,3.44491,6.579965,6.279137,-10.888725,2.781772,224.266093,1.384868,1.11971,0.426761,7.222823,-2.333752,-12.542808,1.750139,-2824300,630.232558,-159893746.050451,-0.246315,12.339321,-5.978356,-3.008346,92.507948,-0.103557,-1.567852,0.653269,1.11971,-1.862065
03-12-25,49.23,49.43,48.529999,48.995216,736900,52.378241,53.076418,50.915276,-0.08142,0.020399,0.045205,FALSE,FALSE,2.161142,-0.040735,-55.022195,33.991805,32.32317,-3.333343,-1.286341,-0.456017,-8.817422,3.582482,8.225647,13.614448,-9.716595,2.801883,234.8841,1.393704,1.144846,0.436154,6.102418,-2.004068,-12.542808,1.797756,-2087400,891.79004,-159868827.692464,-0.219607,20.914272,-5.067039,-3.902358,92.911966,-0.105638,-1.602394,0.66042,1.144846,-1.440295
03-13-25,48.959999,48.959999,47.939999,48.066444,413600,52.067153,52.98394,50.917754,-0.102932,0.0177,0.045091,FALSE,FALSE,2.066186,-0.046858,-54.166648,35.905945,29.121603,0.702139,-1.396635,-0.453049,-10.329558,-0.520415,4.647776,1.957364,-11.460629,2.833022,249.031908,1.406992,1.173309,0.458282,5.808414,-2.4695,-13.263651,0.972936,-2501000,277.716895,-160179882.69813,-0.254985,20.389369,-5.987578,-5.99624,92.070896,-0.136318,-2.089653,0.676965,1.173309,-1.606504
03-14-25,48.68,49.400002,48.68,49.264858,384400,51.776537,52.917828,50.926507,-0.123975,0.014875,0.044972,FALSE,FALSE,1.991321,-0.049333,-35.634164,36.93339,37.696753,9.554104,-1.371531,-0.342356,-9.706538,1.08359,8.116004,23.957667,-10.553041,2.821167,245.952028,1.434449,1.223669,0.511109,5.334855,-2.22504,-13.263651,0.879302,-2116600,168.435754,-159939785.444707,-0.232936,24.809626,-6.303724,-4.978196,92.871386,-0.157528,-2.493255,0.714919,1.223669,-1.021207
03-17-25,49.299999,49.950001,49.150002,49.564461,242100,51.490415,52.840729,50.938433,-0.144375,0.011947,0.044848,FALSE,FALSE,1.902296,-0.051315,-28.291842,37.02005,39.66211,7.33894,-1.312334,-0.226527,-8.639759,1.077843,9.027571,29.375432,-10.350436,2.778173,236.051853,1.437891,1.218552,0.51317,5.585977,-2.041567,-13.263651,0.548048,-1874500,60.970745,-159931033.757417,-0.231446,28.312235,-7.029269,-5.508179,92.664807,-0.158946,-2.514987,0.716359,1.218552,-0.815903
03-18-25,49.400002,49.400002,48.580002,48.735558,508000,51.157855,52.734869,50.948753,-0.164678,0.008928,0.044718,FALSE,FALSE,1.786117,-0.057807,-34.335826,37.465988,36.254602,7.133,-1.317122,-0.185052,-10.774503,-0.084229,8.470946,14.678204,-12.008652,2.848063,224.856342,1.37583,1.180689,0.463719,5.019359,-1.743028,-13.263651,1.099746,-2382500,386.124402,-160246296.348249,-0.258672,21.739801,-9.25891,-5.652132,91.431649,-0.163022,-2.56853,0.680969,1.180689,-1.077264
03-19-25,48.959999,49.849998,48.84,49.32478,333200,50.853258,52.660768,50.962102,-0.183613,0.005841,0.044584,FALSE,FALSE,1.698666,-0.063477,-18.923745,37.207681,40.188351,2.491597,-1.258859,-0.101432,-10.96375,1.103102,8.722535,28.789615,-10.992973,2.703178,204.46504,1.386105,1.1741,0.472261,5.22098,-1.416968,-13.263651,0.705394,-2049300,167.630522,-160259637.436384,-0.254813,27.006278,-11.368018,-6.313198,91.172649,-0.176898,-2.788793,0.687212,1.1741,-0.74755
03-20-25,49.049999,49.790001,48.98,49.184963,210600,50.553654,52.583669,50.973856,-0.201313,0.002676,0.044445,FALSE,FALSE,1.609813,-0.068398,-29.321841,36.967824,39.564434,-0.097675,-1.21002,-0.042074,-10.895323,1.251157,8.192785,25.882833,-10.859729,2.658582,180.239857,1.380339,1.170407,0.468279,4.340161,-1.643356,-13.263651,0.441695,-2259900,72.906404,-160363656.501361,-0.266111,28.344211,-11.246611,-6.470265,90.986083,-0.180603,-2.848372,0.684309,1.170407,-0.759372
03-21-25,48.740002,49.490002,48.599998,49.414658,360000,50.322459,52.510366,50.986078,-0.217288,-0.000546,0.044301,FALSE,FALSE,1.524288,-0.07183,-17.088618,37.03078,41.180013,4.925411,-1.139643,0.022643,-7.036095,-0.840992,7.489854,38.402576,-8.556651,2.48722,161.909625,1.375061,1.156634,0.457529,4.474016,-1.746719,-13.263651,0.741649,-1899900,91.591272,-160064608.800672,-0.209268,29.534364,-9.43494,-7.06138,91.652496,-0.170883,-2.678479,0.676409,1.156634,-0.560684
03-24-25,50.18,50.57,50.119999,50.413338,152100,50.173656,52.473815,50.998682,-0.230337,-0.003792,0.044155,FALSE,FALSE,1.475133,-0.072108,-4.826255,35.551663,47.723415,7.535065,-0.99185,0.136349,-4.746242,1.365901,9.079652,64.409869,-5.574264,2.372113,145.035819,1.38931,1.166518,0.478807,4.501461,-1.608179,-13.263651,0.315652,-1747800,-31.793722,-160018412.124539,-0.179399,35.063163,-9.278831,-6.368211,92.165545,-0.182659,-2.890957,0.691959,1.166518,0.165257
03-25-25,50.59,50.799999,50.48,50.71294,106800,50.07229,52.44725,51.012867,-0.238863,-0.007024,0.044005,FALSE,FALSE,1.434383,-0.073046,-8.70874,33.890917,49.537071,9.972637,-0.840854,0.229875,-5.003556,1.723526,9.586276,83.271473,-3.843979,2.239316,132.714736,1.380519,1.161566,0.480417,3.044332,-1.21775,-13.263651,0.227389,-1641000,-69.520548,-159969724.076474,-0.162902,32.455102,-8.887815,-5.886672,92.640907,-0.151654,-2.419276,0.693121,1.161566,0.482728
03-26-25,50.740002,50.740002,49.700001,49.814133,334000,49.92099,52.403308,51.02264,-0.244026,-0.010216,0.043851,FALSE,FALSE,1.380668,-0.07639,-3.492053,33.051124,44.544258,3.364244,-0.784671,0.228847,-7.584961,-0.53698,8.039105,65.529149,-5.726703,2.2049,115.651371,1.390083,1.17239,0.482405,3.066322,-1.315781,-13.263651,0.722819,-1975000,-31.27572,-160230416.326043,-0.166562,34.95116,-10.079176,-7.361694,91.642847,-0.161861,-2.569252,0.694554,1.17239,-0.092396
03-27-25,49.619999,50.049999,49.450001,49.494556,203700,49.824118,52.329406,51.029887,-0.245912,-0.01339,0.043693,FALSE,FALSE,1.299519,-0.080901,-11.324761,32.478538,42.889045,-4.83437,-0.757203,0.205052,-9.434529,-1.234073,7.741418,54.355156,-3.766984,2.123888,110.320088,1.387758,1.186242,0.493514,3.131698,-1.264861,-13.263651,0.460537,-2178700,-65.998998,-160403862.953206,-0.122431,36.680175,-11.601799,-8.265297,91.054924,-0.148944,-2.394017,0.702506,1.186242,-0.298732
03-28-25,49.400002,49.43,48.18,48.206257,556200,49.621885,52.236928,51.029116,-0.24557,-0.016586,0.043529,FALSE,FALSE,1.207812,-0.087549,-4.046233,32.853482,36.931278,-12.605793,-0.829824,0.105944,-10.451915,-4.602216,4.581975,9.309727,-7.740824,2.022311,100.089952,1.424994,1.219088,0.522861,3.203169,-1.672857,-13.263651,1.255105,-2734900,3.114572,-160936696.714193,-0.235989,37.793123,-11.119796,-9.372749,90.125534,-0.145087,-2.339873,0.723091,1.219088,-1.414356
03-31-25,47.57,48.32,47.07,48.166309,227200,49.478575,52.126873,51.024678,-0.242871,-0.019821,0.043361,FALSE,FALSE,1.102196,-0.092582,-3.488357,33.813076,36.760757,-7.783501,-0.880451,0.044254,-9.42723,-4.094526,4.61581,29.391684,-5.61644,2.031403,99.345888,1.40641,1.184936,0.509651,3.264839,-2.014318,-13.263651,0.536577,-2962100,-63.455043,-160765366.225911,-0.173445,41.20605,-11.687915,-9.87416,89.28992,-0.175764,-2.833123,0.713898,1.184936,-1.320906
04-01-25,48.09,48.709999,47.779999,48.545811,148300,49.360232,52.011426,51.020627,-0.237209,-0.023129,0.043187,FALSE,FALSE,0.990798,-0.095668,-5.325444,34.187513,39.613313,-3.275732,-0.879809,0.035917,-7.865801,-3.492188,5.265582,39.565984,-4.648876,2.010507,95.381631,1.401603,1.197873,0.525822,3.338274,-2.087766,-13.263651,0.378345,-2813800,-80.923591,-160669429.945281,-0.168109,32.918797,-10.092603,-9.631153,89.614815,-0.194424,-3.197829,0.725136,1.197873,-0.853855
04-02-25,47.91,49.279999,47.91,48.905334,166800,49.226409,51.90996,51.017412,-0.22881,-0.026518,0.043009,FALSE,FALSE,0.892548,-0.099552,10.659895,33.818079,42.270045,5.338767,-0.840599,0.060101,-6.971884,-1.528023,7.007535,49.204692,-5.188769,2.041702,80.128062,1.388801,1.177363,0.530764,3.179041,-1.613787,-13.263651,0.435055,-2647000,-50.680071,-160593862.142465,-0.191902,39.139273,-9.723843,-8.778674,89.269136,-0.178713,-2.982097,0.728536,1.177363,-0.400701
04-03-25,46.98,47.330002,46.360001,46.298779,816600,49.034163,51.741583,50.998162,-0.219772,-0.030099,0.042823,FALSE,FALSE,0.743421,-0.107464,-31.969876,34.359972,31.462558,-5.298199,-1.008231,-0.086024,-13.329598,-6.925903,1.040176,-1.378876,-7.667798,2.343597,100.49717,1.54254,1.230761,0.619601,3.864657,-2.370341,-16.45342,2.112097,-3463600,8.590426,-161513542.317075,-0.231231,26.718843,-11.504527,-10.161384,87.822312,-0.17937,-2.992906,0.787147,1.230761,-2.721852
04-04-25,45.279999,45.310001,43.59,43.532436,920200,48.683127,51.516081,50.964947,-0.212275,-0.033982,0.042628,FALSE,FALSE,0.551134,-0.119468,-51.360539,35.915537,24.347608,-15.265705,-1.348753,-0.341237,-19.426987,-12.416819,-3.444795,-0.798388,-13.887793,2.80572,153.359792,1.711754,1.246052,0.690987,5.374874,-3.07118,-21.445311,2.246472,-4383800,99.869679,-162495335.519822,-0.380302,18.574454,-13.396507,-11.293471,86.45258,-0.185531,-3.095195,0.831256,1.246052,-3.358566
04-07-25,41.919998,46.110001,41.439999,43.542423,1243600,48.432458,51.296971,50.931483,-0.205685,-0.038139,0.042424,FALSE,FALSE,0.365487,-0.132347,-47.53199,37.904109,24.414063,-17.855982,-1.599376,-0.473488,-17.89077,-13.438792,-4.650659,22.4618,-10.324969,3.409666,191.724109,1.704167,1.218863,0.666953,6.487183,-2.835926,-21.445311,2.851084,-3140200,74.589358,-162619203.550304,-0.329312,16.550465,-10.80088,-10.144538,87.713057,-0.161737,-2.610621,0.816672,1.218863,-2.550558
04-08-25,45.139999,45.560001,42.200001,42.823376,656700,48.150331,51.096236,50.896963,-0.201026,-0.042575,0.04221,FALSE,FALSE,0.199273,-0.14626,-58.807592,39.75064,22.857234,-8.605324,-1.834867,-0.567184,-19.26191,-13.895206,-6.157047,14.779669,-11.642278,3.841473,229.081957,1.713202,1.216626,0.672036,7.670474,-3.016951,-22.724817,1.50602,-3796900,-0.409463,-163032230.783604,-0.359877,10.027855,-10.131097,-9.28495,87.622282,-0.166296,-2.690677,0.819778,1.216626,-2.325349
04-09-25,42.77,48.099998,42.77,47.826759,1189700,48.091909,50.978592,50.887924,-0.194609,-0.047019,0.041991,FALSE,FALSE,0.090668,-0.151509,-8.531995,39.216953,47.800685,23.453077,-1.599328,-0.265316,-9.896522,-5.241021,4.420127,68.234619,-2.384839,4.114653,228.302472,2.309344,1.489632,0.747521,7.778258,-0.892972,-22.724817,2.593691,-2607200,61.446601,-161964509.290461,-0.228442,25.457713,-5.40327,-5.60674,93.059087,-0.064504,-0.882434,0.864593,1.489632,-0.116139
04-10-25,46.669998,46.880001,44.599998,45.879333,810800,47.982553,50.824196,50.871951,-0.188221,-0.051485,0.041765,FALSE,FALSE,-0.047756,-0.157721,-20.045292,38.721386,42.095395,17.681332,-1.551914,-0.174321,-12.177409,-9.882914,1.002442,47.428788,-4.550182,4.653112,233.607299,2.343337,1.47271,0.757742,8.156111,-1.595564,-22.724817,1.694285,-3418000,96.034816,-161865411.346882,-0.176108,24.032304,-6.239647,-6.691387,91.945681,-0.077528,-1.067048,0.870484,1.47271,-0.900323
04-11-25,46.240002,46.880001,45.509998,46.688263,586400,47.853723,50.681584,50.857437,-0.18212,-0.055933,0.041533,FALSE,FALSE,-0.175853,-0.16281,-21.35089,38.261217,45.030347,22.173113,-1.43255,-0.043965,-10.285938,-8.168079,1.121328,56.071196,-5.230088,4.605332,233.267908,2.356408,1.440879,0.75532,8.425914,-1.312855,-22.724817,1.200041,-2831600,52.549428,-161443150.052337,-0.153828,28.080153,-7.302047,-7.055797,91.375703,-0.090509,-1.232653,0.869092,1.440879,-0.499623
04-14-25,47.799999,47.799999,46.630001,46.977882,846300,47.724394,50.546363,50.84349,-0.176486,-0.06035,0.041296,FALSE,FALSE,-0.297127,-0.165661,-21.420366,37.078043,46.084023,-1.716662,-1.299602,0.071186,-9.677419,-7.707046,3.541881,59.547118,-5.218615,4.696044,230.43711,2.347404,1.430353,0.751508,7.299537,-1.426945,-22.724817,1.631076,-1985300,249.566295,-161786180.959259,-0.178771,34.265771,-7.669414,-6.969373,90.953629,-0.10981,-1.489699,0.866895,1.430353,-0.323955
04-15-25,47.18,47.509998,46.93,47.0378,602000,47.639507,50.420729,50.829743,-0.171652,-0.064714,0.041053,FALSE,FALSE,-0.409014,-0.166942,-16.726855,35.979381,46.3133,4.217905,-1.175851,0.15595,-11.565906,-6.987966,5.408393,65.015108,-3.483612,4.620209,229.641872,2.340577,1.419958,0.749801,6.966795,-1.553413,-22.724817,1.14982,-1383300,18.503937,-162164403.238482,-0.183179,40.178577,-9.555068,-7.261461,90.272959,-0.143134,-1.940786,0.865911,1.419958,-0.26202
04-16-25,46.18,46.560001,45.110001,45.69957,510600,47.458246,50.254948,50.810419,-0.168926,-0.069082,0.040804,FALSE,FALSE,-0.55547,-0.170587,-21.541971,35.826571,42.015777,-3.01457,-1.172248,0.127642,-13.497174,-9.758729,2.386679,53.311266,-7.349673,4.963039,229.94661,2.364621,1.426748,0.739218,6.356477,-1.785999,-22.724817,0.958999,-1893900,53.241297,-162259784.176582,-0.187832,38.927097,-11.147092,-9.439304,87.752659,-0.164796,-2.166433,0.859778,1.426748,-0.764819
04-17-25,46.009998,46.080002,45.490002,45.689587,253500,47.283477,50.085173,50.787005,-0.168321,-0.07344,0.040548,FALSE,FALSE,-0.701832,-0.172536,-15.403412,35.684677,41.984479,-4.099544,-1.156863,0.114422,-14.867884,-9.884928,3.635481,54.203928,-7.106596,4.850851,229.414659,2.355277,1.423795,0.743483,6.583857,-1.949335,-22.724817,0.474208,-2147400,20.37037,-162341776.466369,-0.185018,40.391256,-11.992186,-9.387371,87.351211,-0.197922,-2.633869,0.862255,1.423795,-0.694764
04-21-25,45.16,45.189999,44.130001,44.611012,195500,47.043295,49.888233,50.755756,-0.169881,-0.07782,0.040285,FALSE,FALSE,-0.867522,-0.175599,-20.459765,36.112797,38.635841,-7.677459,-1.217665,0.042895,-17.870933,-12.562588,1.832797,40.446592,-9.721096,5.0177,231.067836,2.369837,1.4325,0.742825,6.977929,-2.219247,-22.724817,0.371426,-2342900,-45.694444,-162359846.736134,-0.218033,40.603397,-14.107711,-10.968338,85.85026,-0.209642,-2.769141,0.861873,1.4325,-1.052627
04-22-25,45.189999,46.049999,45.110001,45.719543,159700,46.808605,49.727246,50.730098,-0.172213,-0.082162,0.040016,FALSE,FALSE,-1.002852,-0.176803,-15.609517,35.754811,43.613626,1.597848,-1.162996,0.078052,-15.300648,-10.529774,6.56672,54.58603,-9.31062,4.97556,218.534593,2.396947,1.440671,0.748711,7.189155,-1.857514,-22.724817,0.303191,-2183200,4.996713,-162312431.555645,-0.21776,40.620407,-12.402473,-10.845144,86.700151,-0.190023,-2.51051,0.865281,1.440671,-0.498348
04-23-25,47.099998,47.619999,46.599998,46.668289,654500,46.606373,49.57285,50.706675,-0.173973,-0.086382,0.039743,FALSE,FALSE,-1.133825,-0.17874,-11.965833,34.223838,47.536168,5.551689,-1.031227,0.167856,-14.710717,-8.815502,7.827437,78.502863,-7.97558,4.955598,198.277976,2.388208,1.444985,0.761148,5.46987,-1.301479,-22.724817,1.181163,-1528700,512.827715,-162879291.849901,-0.262542,43.736182,-12.364164,-9.861811,87.976478,-0.123794,-1.683698,0.872438,1.444985,0.031227
04-24-25,46.959999,48.040001,46.900002,47.946598,186700,46.512996,49.446417,50.689211,-0.174244,-0.090427,0.039466,FALSE,FALSE,-1.242794,-0.176798,9.488207,32.511825,52.346337,13.710496,-0.814264,0.307855,-12.518228,-4.796656,8.951764,97.69669,-3.749006,4.648636,186.419153,2.406978,1.452402,0.761655,5.591616,-1.166763,-22.724817,0.341472,-1342000,-44.101796,-162723185.400382,-0.227962,49.129607,-10.580934,-7.33979,89.473291,-0.115533,-1.560745,0.872729,1.452402,0.769021
04-25-25,47.959999,48.580002,47.849998,48.475903,180500,46.462063,49.330171,50.674112,-0.171648,-0.094255,0.039187,FALSE,FALSE,-1.34394,-0.173855,32.673295,30.552511,54.218091,10.604466,-0.592776,0.423475,-11.050022,-4.577072,9.773795,98.542028,-2.058113,4.306308,179.091873,2.412498,1.45367,0.759073,5.848128,-1.020594,-22.724817,0.330835,-1161500,-11.389298,-162594164.393515,-0.200728,55.724609,-8.960683,-7.202821,90.461027,-0.088073,-1.180682,0.871248,1.45367,1.124473
04-28-25,48.580002,48.720001,47.880001,48.455929,454600,46.474547,49.197746,50.656203,-0.167011,-0.097876,0.038906,FALSE,FALSE,-1.458456,-0.170287,32.453852,28.636074,54.131685,6.595518,-0.414083,0.481734,-8.331756,-5.156335,10.258779,95.94981,0.517924,3.743505,180.453493,2.411461,1.465727,0.763159,5.177114,-1.070528,-22.724817,0.841058,-1616100,-18.26681,-162425391.297117,-0.137712,67.580662,-6.837031,-8.607594,90.040799,-0.074817,-1.012029,0.87359,1.465727,1.098001
04-29-25,48.32,48.889999,48.27,48.755531,394700,46.504008,49.067119,50.645326,-0.159483,-0.101267,0.038622,FALSE,FALSE,-1.578207,-0.166066,40.298515,26.733308,55.282865,2.936527,-0.245463,0.520283,-9.222758,-4.569918,9.257708,97.802809,1.223307,3.319081,183.810615,2.413482,1.477054,0.769153,4.580761,-0.985577,-22.724817,0.719094,-1221400,73.723592,-162201899.819904,-0.130859,75.365041,-7.559102,-7.87486,90.239231,-0.095605,-1.308808,0.877014,1.477054,1.224915
04-30-25,47.959999,48.950001,47.529999,48.755531,237400,46.514494,48.934494,50.633436,-0.149201,-0.104443,0.038337,FALSE,FALSE,-1.698942,-0.162279,9.558072,25.47275,55.282865,1.064774,-0.110556,0.524152,-9.036703,-5.547077,8.796611,95.965364,0.432006,2.746253,185.092083,2.412041,1.487731,0.772087,4.55238,-0.900551,-22.724817,0.429031,-1221400,60.080917,-162029523.740171,-0.122899,67.560632,-6.912975,-8.745256,90.453869,-0.106922,-1.473997,0.878685,1.487731,1.210769
05-01-25,49.560001,49.98,49.349998,49.284828,385200,46.533469,48.811856,50.623162,-0.136481,-0.107354,0.038051,TRUE,FALSE,-1.811306,-0.156236,41.034907,23.766419,57.469872,3.338186,0.038623,0.538665,-8.424575,-3.665538,12.153363,88.116726,0.775976,2.426567,187.846078,2.410503,1.489393,0.774706,5.086675,-0.919708,-22.724817,0.682664,-836200,130.935252,-162494417.557345,-0.168411,79.291951,-5.084524,-7.03026,91.435849,-0.112947,-1.567085,0.880174,1.489393,1.464688
05-02-25,49.950001,50.369999,49.77,50.123722,533900,46.724716,48.71079,50.617149,-0.120015,-0.109973,0.037765,TRUE,FALSE,-1.906359,-0.148235,41.247041,22.451585,60.746637,5.463773,0.221982,0.577619,-6.727373,0.481337,14.903928,96.053254,8.261435,2.345365,204.098807,2.421299,1.503513,0.780239,6.196752,-0.768019,-22.724817,0.970507,-302300,-34.619153,-162398809.382428,-0.080461,79.257461,-5.255908,-5.290335,92.139966,-0.086181,-1.205282,0.883312,1.503513,1.665373
05-05-25,49.75,50.169998,49.689999,49.754211,231000,47.035805,48.625103,50.616652,-0.101175,-0.112283,0.037478,TRUE,FALSE,-1.991549,-0.14014,33.016654,21.16744,58.6048,3.321935,0.333633,0.551416,-6.686644,-0.972127,12.710872,90.131607,14.292274,2.263725,200.261257,2.421289,1.50462,0.781752,5.968667,-0.904974,-22.724817,0.447965,-533300,-74.896762,-162568004.504379,-0.007046,71.936589,-6.180461,-6.179938,91.70083,-0.103069,-1.44646,0.884167,1.50462,1.35743
05-06-25,49.23,49.75,49.07,49.32478,155500,47.324922,48.543811,50.615254,-0.079686,-0.114291,0.037189,TRUE,FALSE,-2.071443,-0.133656,26.052385,19.824916,56.127973,-1.341899,0.38305,0.480666,-8.638551,-1.455194,9.48323,83.249683,13.279822,2.298525,188.571634,2.418625,1.503491,0.781576,5.753176,-0.861968,-22.724817,0.33712,-688800,-87.495979,-162606980.258623,0.001325,65.720532,-8.078486,-6.441106,91.076726,-0.101439,-1.424581,0.884068,1.503491,1.060529
05-07-25,49.470001,49.82,48.93,49.544487,207500,47.660978,48.479895,50.617281,-0.056184,-0.116027,0.036901,TRUE,FALSE,-2.137386,-0.125515,50.195619,18.687659,57.126336,-3.620302,0.434928,0.426036,-8.552996,-2.300989,8.76136,86.770638,15.694959,2.138712,162.167026,2.414069,1.500536,0.779978,5.256394,-0.940984,-22.724817,0.472881,-481300,-68.402619,-162527949.749596,0.057461,74.98025,-7.618661,-7.432185,90.837331,-0.109692,-1.537775,0.883164,1.500536,1.161462
05-08-25,50.099998,50.549999,49.700001,50.03384,186800,47.771332,48.42377,50.617883,-0.031293,-0.117451,0.036612,TRUE,FALSE,-2.194113,-0.116506,53.374215,17.674758,59.345413,0.740613,0.509653,0.400609,-8.123966,-3.942876,9.779624,91.960137,4.614741,2.177113,170.642602,2.418314,1.502403,0.780438,4.6949,-0.807167,-22.724817,0.480632,-294500,-84.298563,-162568017.243829,-0.077641,80.453405,-7.731816,-8.383213,91.329049,-0.09809,-1.374147,0.883424,1.502403,1.325875
05-09-25,50.349998,50.43,49.900002,50.01387,121900,47.978059,48.395407,50.619332,-0.004693,-0.118581,0.036322,TRUE,FALSE,-2.223925,-0.107261,76.304761,16.734208,59.210727,3.082754,0.560798,0.361403,-6.983649,-5.48321,9.783773,90.144685,9.011763,2.030939,171.557119,2.418257,1.50444,0.781861,3.661349,-0.815579,-22.724817,0.344146,-416400,-84.965466,-162637537.515033,-0.108993,84.580923,-7.211171,-9.390039,91.079461,-0.115481,-1.623092,0.884229,1.50444,1.186667
05-12-25,51.950001,52.130001,51.5,52.061161,298200,48.246704,48.391612,50.640209,0.023717,-0.11936,0.036034,TRUE,TRUE,-2.248597,-0.093085,79.078552,17.084493,67.383341,10.257006,0.757794,0.446719,-4.278363,-1.706838,14.103191,98.755154,11.508027,2.043978,191.235944,2.470608,1.522615,0.769915,5.912015,-0.515565,-22.724817,0.877575,-118200,-49.14734,-162404505.963302,-0.141459,85.190206,-4.561619,-6.752204,93.954717,-0.078317,-1.049079,0.877448,1.522615,1.994634
05-13-25,52.290001,53.099998,52.200001,52.830147,157200,48.539317,48.427565,50.667541,0.053674,-0.119752,0.035747,TRUE,TRUE,-2.239976,-0.077125,78.598831,17.965511,69.828648,10.483235,0.964844,0.523015,-2.649975,-0.217396,15.519769,95.647551,12.457489,1.897732,214.194755,2.477999,1.537589,0.776,6.4771,-0.396975,-22.724817,0.514827,39000,-81.425027,-162341574.391515,-0.090945,83.390894,-3.088186,-5.281373,95.098046,-0.088343,-1.195774,0.880909,1.537589,2.003238
05-14-25,53.040001,53.290001,52.939999,53.169697,152400,48.845912,48.472705,50.693994,0.085446,-0.119651,0.035462,TRUE,TRUE,-2.221289,-0.060302,75.687526,18.887028,70.867241,11.656514,1.143154,0.56106,-2.060334,0.594461,16.043335,97.911388,13.036105,1.763113,234.494645,2.479433,1.542237,0.777809,6.521368,-0.347436,-22.724817,0.538773,191400,-74.684385,-162293941.397869,-0.022898,83.319148,-3.273149,-4.0969,95.366917,-0.072803,-0.988862,0.881935,1.542237,1.843874
05-15-25,53.060001,53.57,52.900002,53.159706,163000,49.218919,48.504263,50.720164,0.11787,-0.119055,0.035178,TRUE,TRUE,-2.215901,-0.043322,73.395932,19.898427,70.790026,3.406685,1.269031,0.549549,-3.481422,0.78474,15.253664,93.207061,16.324303,1.755382,241.054017,2.479405,1.5331,0.773387,6.079609,-0.355218,-22.724817,0.613971,28400,-68.076772,-162330577.326722,-0.013333,83.315041,-4.973756,-4.426207,94.479989,-0.10254,-1.379126,0.879424,1.5331,1.634815
05-16-25,53.459999,53.549999,53.099998,53.479282,123000,49.608403,48.570975,50.751207,0.150451,-0.117978,0.034896,TRUE,TRUE,-2.180232,-0.026099,75.186848,20.837583,71.846714,2.018066,1.378684,0.527362,-3.269515,2.046614,14.188642,98.498058,17.049171,1.692803,243.941237,2.480219,1.534788,0.773507,6.051073,-0.244835,-22.724817,0.474977,151400,-51.47929,-162246235.810171,0.018447,81.788909,-5.88263,-3.237396,94.807948,-0.102338,-1.376327,0.879493,1.534788,1.586808
05-20-25,53.330002,53.439999,53.040001,53.279549,175100,50.04183,48.625503,50.77412,0.181935,-0.116468,0.034615,TRUE,TRUE,-2.148617,-0.011039,68.740574,21.635768,70.138918,-0.728323,1.432949,0.465302,-3.804541,4.183345,14.020669,95.191209,19.431384,1.674921,226.889872,2.466205,1.534138,0.769874,5.572488,-0.064937,-22.724817,0.67884,-23700,-10.434783,-162211610.572943,0.028735,74.778664,-5.967492,-1.979147,94.239687,-0.112824,-1.51388,0.877425,1.534138,1.427
05-21-25,53,53.610001,52.439999,52.580475,249100,50.384877,48.705997,50.799339,0.210105,-0.114609,0.034336,TRUE,TRUE,-2.093342,0.001818,52.537799,21.648375,64.371529,-6.418497,1.403369,0.348577,-5.11804,2.119371,12.66863,78.001588,15.006561,1.663228,209.283314,2.467166,1.530457,0.773117,5.067699,-0.076797,-22.724817,0.949278,-272800,55.979962,-162400894.21607,-0.016856,73.995789,-6.458578,-2.779819,93.950007,-0.08868,-1.197923,0.879271,1.530457,1.049103
05-22-25,52.650002,53.060001,52.57,52.610435,118600,50.681984,48.788887,50.830592,0.233949,-0.112381,0.034059,TRUE,TRUE,-2.041705,0.013668,49.042814,21.660082,64.506234,-7.34048,1.36659,0.249439,-4.651581,1.470036,11.590337,78.641772,12.732728,1.562563,195.466639,2.461966,1.533572,0.779267,4.634241,0.059826,-22.724817,0.503364,-154200,-81.879297,-162499920.059388,0.080507,67.493941,-6.59683,-3.539907,93.8304,-0.064659,-0.887393,0.882761,1.533572,0.986588
05-23-25,51.93,52.43,51.849998,52.101105,185900,50.889709,48.851005,50.863702,0.253157,-0.109791,0.033783,TRUE,TRUE,-2.012697,0.024859,30.650131,20.826181,60.330272,-9.808646,1.281571,0.131536,-3.585298,0.565066,10.657988,67.758637,8.664862,1.533319,186.74816,2.465191,1.53584,0.778641,4.374751,-0.064477,-22.724817,0.789133,-340100,-0.428495,-162524852.794649,0.042095,55.817686,-6.779054,-4.364294,92.993373,-0.070736,-0.968152,0.882406,1.53584,0.648679
05-26-25,52.700001,53.25,52.700001,53.17968,31400,51.124898,48.95327,50.904965,0.268339,-0.106781,0.03351,TRUE,TRUE,-1.951695,0.035474,47.838196,20.736015,65.433505,1.061976,1.286396,0.109089,-0.39282,2.214064,13.404319,90.805113,9.703331,1.592064,184.353048,2.454009,1.531545,0.780557,3.961734,0.445733,-22.724817,0.137647,-308700,-82.603878,-162501482.086016,0.020314,61.759438,-4.352727,-1.990133,94.218965,-0.028503,-0.393605,0.883492,1.531545,1.11459
05-27-25,52.950001,53.439999,52.73,53.329483,155200,51.368576,49.034562,50.939879,0.280188,-0.103355,0.03324,TRUE,TRUE,-1.905317,0.047624,58.200275,20.800898,66.086064,1.57983,1.287467,0.088127,1.117207,2.364637,12.647734,94.006035,10.057705,1.591045,179.359543,2.446184,1.528245,0.777046,3.374956,0.305413,-22.724817,0.728126,-153500,-65.860097,-162394597.698356,0.007223,68.276807,-3.346501,-2.3597,93.745844,-0.03944,-0.542048,0.881502,1.528245,1.093283
05-28-25,53.450001,53.66,53.150002,53.139732,124000,51.587786,49.106067,50.972964,0.288274,-0.099576,0.032973,TRUE,TRUE,-1.866896,0.057339,52.478098,21.036025,64.42694,4.096668,1.258497,0.047326,0.566998,1.844461,11.706716,86.861929,8.992213,1.545648,172.398922,2.42662,1.527387,0.773012,2.748159,0.523319,-22.724817,0.621196,-277500,-68.583734,-162523591.347986,-0.080578,67.292796,-3.486688,-3.041923,93.365201,-0.044674,-0.613415,0.879211,1.527387,0.900206
05-29-25,53.91,53.93,53.060001,53.209641,178000,51.810492,49.195549,51.005849,0.292062,-0.095488,0.032708,TRUE,TRUE,-1.8103,0.066848,49.378848,21.469386,64.777785,-0.655721,1.227034,0.012691,3.45631,1.416308,11.986462,82.125062,9.135598,1.525426,162.363185,2.426235,1.57298,0.793305,2.146106,0.563356,-22.724817,0.905184,-99500,-25.021061,-162640359.628959,-0.155314,67.333792,-1.070093,-3.124014,93.724225,-0.085101,-1.224718,0.890677,1.57298,0.86174
05-30-25,53.240002,53.32,52.450001,53.129749,157100,52.002738,49.271648,51.032601,0.290932,-0.091062,0.032448,TRUE,TRUE,-1.760953,0.077232,47.999955,21.072851,64.000937,-2.085127,1.182028,-0.025853,1.681964,2.118095,12.612583,67.067864,7.801429,1.57343,153.399585,2.421194,1.576161,0.792805,1.279471,0.404508,-22.724817,0.848089,-256600,-59.215992,-162551968.534753,-0.015534,60.996188,-1.467991,-1.910879,93.701881,-0.077003,-1.109148,0.890396,1.576161,0.73469
06-02-25,52.98,53.59,52.860001,53.509247,124000,52.172014,49.358134,51.060951,0.287016,-0.086296,0.032191,TRUE,TRUE,-1.702817,0.085715,30.02068,20.946428,66.081771,1.654831,1.163569,-0.035449,4.853232,1.774548,14.650635,79.771485,6.754336,1.377239,150.220021,2.392991,1.560899,0.789847,1.107524,0.796496,-22.724817,0.752678,-132600,-76.774677,-162455402.558739,-0.017176,57.882346,-0.742382,-2.876811,93.54294,-0.068431,-0.990249,0.888734,1.560899,0.890183
06-03-25,53.610001,54.130001,53.549999,53.958649,150900,52.382236,49.449014,51.085814,0.282823,-0.081185,0.031939,TRUE,TRUE,-1.6368,0.095442,25.055306,21.288965,68.410404,3.632619,1.171697,-0.021857,5.982736,2.668262,15.654649,92.484553,8.450415,1.310424,143.889458,2.393105,1.560439,0.786843,1.733049,0.799033,-22.724817,0.938783,18300,-34.675325,-162393664.605252,0.05423,57.82324,-1.513872,-1.527674,94.423276,-0.045867,-0.659007,0.887042,1.560439,1.095572
06-04-25,54.07,54.240002,53.869999,54.108452,97000,52.621419,49.522916,51.111127,0.278573,-0.075697,0.031691,TRUE,TRUE,-1.588211,0.10184,21.759167,21.698283,69.170221,5.169284,1.176662,-0.013513,4.898351,1.985687,15.532041,94.49583,9.698315,1.294935,129.422894,2.332184,1.530469,0.783188,1.922313,1.299624,-22.724817,0.614644,115300,-37.620579,-162365638.871701,0.076463,56.709522,-0.948348,-1.899566,95.091189,0.004405,0.064394,0.884979,1.530469,1.148972
06-05-25,54.290001,54.560001,53.52,53.599125,147600,52.824151,49.58064,51.130702,0.27456,-0.069854,0.031446,TRUE,TRUE,-1.550062,0.106942,9.128631,21.573315,63.571513,-2.510259,1.126513,-0.05093,6.891054,0.722767,14.113054,64.543342,8.183833,1.356548,108.801929,2.336377,1.542505,0.785428,1.881216,1.211659,-22.724817,0.953365,-32300,-28.86747,-162490779.720471,0.012004,49.006452,-0.118166,-3.135677,94.196088,-0.031964,-0.468854,0.886244,1.542505,0.712279
06-06-25,54.200001,54.419998,54.099998,54.198334,108200,53.032376,49.668324,51.153871,0.2675,-0.063637,0.031204,TRUE,TRUE,-1.485547,0.113638,14.117688,21.457273,66.959781,-1.450623,1.122185,-0.044206,7.210588,0.604429,13.166376,86.654345,8.323354,1.390428,90.980984,2.336548,1.5432,0.784516,1.991694,1.214495,-22.724817,0.717079,75900,-42.077088,-162532480.433343,0.011776,48.673251,0.596409,-3.646728,94.890346,-0.024578,-0.359723,0.885729,1.5432,1.28154
06-09-25,54.220001,54.470001,54.200001,54.258255,105300,53.244595,49.763598,51.176093,0.258825,-0.057115,0.030965,TRUE,TRUE,-1.412495,0.118569,19.758063,21.401778,67.287453,-1.882768,1.110786,-0.044485,11.744142,1.052379,13.330759,88.86546,8.486415,1.366827,61.63555,2.320428,1.536674,0.78063,2.027638,1.451678,-22.724817,0.701719,181200,-13.617719,-162592342.201664,0.015059,55.929325,4.01723,-2.697746,95.306401,-0.00745,-0.108824,0.883533,1.536674,1.644603
06-10-25,54.349998,54.73,54.200001,54.577835,114000,53.370429,49.89103,51.203903,0.248269,-0.050272,0.03073,TRUE,TRUE,-1.312873,0.125711,43.66808,21.626075,69.05038,5.478867,1.11469,-0.032465,12.610767,0.675231,14.037791,94.716514,4.834072,1.275063,61.892598,2.301869,1.536529,0.776989,2.32304,1.24451,-22.724817,0.809372,295200,-61.770624,-162543801.780175,-0.049448,66.450671,3.645431,-3.255281,95.602798,-0.005037,-0.073563,0.88147,1.536529,1.950809
06-11-25,54.84,54.93,54.25,54.418045,122500,53.449824,50.016064,51.22837,0.235763,-0.04318,0.030497,TRUE,TRUE,-1.212306,0.132803,38.4288,22.043299,67.103148,0.143367,1.092298,-0.043885,11.068078,1.274737,13.26417,83.378086,3.005667,1.303746,64.717369,2.302076,1.538676,0.77583,2.115295,1.140856,-22.724817,0.880566,172700,-22.073791,-162605756.166514,-0.094951,73.083133,2.373949,-3.342946,94.941222,-0.009296,-0.135391,0.880812,1.538676,1.496076
06-12-25,54.330002,54.669998,54.330002,54.507927,97400,53.516735,50.135307,51.256079,0.22167,-0.035887,0.030268,TRUE,TRUE,-1.120772,0.138369,56.1772,22.430722,67.655679,0.368227,1.069478,-0.053364,13.401205,1.687361,12.711784,82.98091,2.516904,1.246501,68.477465,2.289184,1.53329,0.777436,1.733407,1.359657,-22.724817,0.71426,270100,-36.089239,-162601214.44674,-0.112666,76.560758,3.389947,-3.547229,94.90802,0.008033,0.118081,0.881723,1.53329,1.447471
06-13-25,54.049999,54.41,53.799999,53.808849,136200,53.549192,50.233377,51.279096,0.206906,-0.028431,0.030041,TRUE,TRUE,-1.045719,0.143466,16.112544,21.821165,59.311576,-9.738804,0.983644,-0.111359,9.223595,-1.378234,9.693269,54.792291,1.221119,1.204159,68.234123,2.293385,1.551831,0.780745,1.63638,1.069731,-22.724817,1.008702,133900,-16.441718,-162733462.374298,-0.149189,70.401839,1.387906,-5.544475,94.066694,0.013083,0.1934,0.883598,1.551831,0.380538
06-16-25,54.290001,54.75,54.290001,54.577835,94300,53.60412,50.398958,51.30885,0.192565,-0.020837,0.029817,TRUE,TRUE,-0.909892,0.149337,27.593836,21.676499,64.498394,-2.604754,0.966529,-0.102779,10.114857,0.601199,10.58025,85.799787,2.054165,1.217445,71.961536,2.298292,1.55333,0.778955,1.517909,1.264595,-22.724817,0.705891,228200,-23.333333,-162709750.130754,-0.173484,69.429991,2.847625,-4.938505,95.124782,0.031639,0.464811,0.882584,1.55333,1.353105
06-17-25,54.349998,54.529999,54.049999,54.048531,93700,53.642569,50.60928,51.336157,0.179608,-0.013172,0.029595,TRUE,TRUE,-0.726877,0.154431,18.685792,21.118583,58.929899,-8.72578,0.899881,-0.135541,10.901636,-1.047465,9.082484,64.456859,1.443297,1.231724,72.19005,2.302933,1.558614,0.780895,1.369417,1.096976,-22.724817,0.72344,134500,-46.487721,-162804023.520037,-0.228696,63.473404,3.503934,-6.817454,94.414678,0.006123,0.090163,0.883683,1.558614,0.562351
06-18-25,54.150002,54.470001,53.990002,54.028557,171500,53.714973,50.819003,51.360521,0.167687,-0.005463,0.029375,TRUE,TRUE,-0.541519,0.160927,17.012397,20.493553,58.723863,-0.587712,0.835816,-0.159685,9.536337,-2.472953,7.736326,63.651466,2.75403,1.18062,68.12435,2.290263,1.56212,0.778623,1.22424,0.865304,-22.724817,1.365011,-37000,-31.152148,-162947972.629542,-0.217717,53.391644,3.669145,-8.768133,94.33251,0.007971,0.117418,0.882396,1.56212,0.460311
06-19-25,53.799999,53.82,53.400002,53.629089,71500,53.765906,51.035117,51.390667,0.156178,0.002309,0.029157,TRUE,TRUE,-0.355551,0.167075,9.727617,19.127513,54.61145,-9.886944,0.744231,-0.201016,9.035538,-2.844236,6.883192,37.154051,1.93622,1.157256,63.050736,2.292257,1.563364,0.779139,1.100804,0.710619,-22.724817,0.579957,-108500,-39.713322,-162941473.337989,-0.179078,56.101002,3.296937,-8.954284,93.823035,-0.007107,-0.104724,0.882688,1.563364,-0.216994
06-20-25,54.349998,54.560001,53.709999,53.778889,161600,53.849795,51.154159,51.421662,0.144509,0.010079,0.02894,TRUE,TRUE,-0.267503,0.171783,5.498942,18.689655,55.859781,-3.070118,0.675945,-0.215441,8.831855,1.174343,7.054319,24.763888,3.220246,1.180718,49.423565,2.278837,1.557449,0.777616,1.044518,0.953004,-22.724817,1.323831,53100,-13.071544,-163076879.144392,-0.226111,57.127526,2.867086,-7.332357,94.132336,0.010628,0.157,0.881825,1.557449,-0.143467
06-23-25,53.900002,54.470001,53.650002,54.378098,109300,53.909716,51.324135,51.455903,0.132958,0.017854,0.028726,TRUE,TRUE,-0.131768,0.176712,8.300445,18.184414,60.535449,1.811585,0.662542,-0.183076,7.864506,2.744995,9.352188,63.927895,2.253526,1.193879,48.119081,2.279738,1.558177,0.77881,1.004315,1.156391,-22.724817,0.867701,162400,248.089172,-162992079.331405,-0.194736,56.05494,2.919231,-6.957017,94.729286,0.027436,0.406217,0.882502,1.558177,0.97338
06-24-25,55,55.349998,54.889999,55.207001,138000,54.003592,51.494509,51.50047,0.122409,0.025632,0.028513,TRUE,TRUE,-0.005961,0.180544,19.163758,18.736905,65.914323,11.302873,0.710614,-0.108003,8.861763,3.414803,11.226895,92.666771,3.5206,1.253829,54.141,2.256432,1.558425,0.772951,1.954958,1.652269,-22.724817,1.103073,300400,-11.082474,-162939878.147188,-0.217929,57.200987,3.421948,-6.120567,95.647479,0.040401,0.596497,0.879177,1.558425,2.222731
06-25-25,55.459999,55.560001,55.18,55.32,153800,54.112605,51.661352,51.542811,0.112915,0.033394,0.028304,TRUE,TRUE,0.118541,0.184105,32.249663,19.461215,66.582986,10.723204,0.749193,-0.055539,11.052821,2.629508,12.728108,88.88881,4.102895,1.166049,57.666777,2.256017,1.55919,0.775095,1.972061,1.686296,-22.724817,1.214898,454200,24.032258,-162980352.644001,-0.180403,66.179102,5.605848,-5.447539,96.51483,0.085318,1.265897,0.880395,1.55919,2.093744
06-26-25,55.580002,55.860001,55.360001,55.799999,116200,54.242123,51.836596,51.585308,0.104992,0.041154,0.028097,TRUE,TRUE,0.251288,0.188698,30.701525,20.427795,69.334875,8.799426,0.809171,0.003551,12.739669,2.103213,12.520235,97.560919,4.868213,1.120065,64.948659,2.25636,1.55746,0.774931,2.645831,1.695395,-22.724817,0.940853,570400,-34.719101,-162892041.282306,-0.101891,66.400196,6.58021,-6.357009,96.698892,0.080264,1.190301,0.880302,1.55746,2.398627
06-27-25,55.98,56.189999,55.669998,56.040001,186000,54.387636,52.043404,51.623918,0.098526,0.048858,0.027893,TRUE,TRUE,0.419486,0.193891,33.013803,21.632409,70.636912,4.722589,0.866087,0.048374,16.250472,4.100071,12.60414,94.623732,5.477631,1.14692,71.031253,2.255588,1.568254,0.778016,2.908796,1.659557,-22.724817,1.488595,756400,18.395926,-162813347.242765,-0.104593,68.032604,8.500529,-4.369512,97.235652,0.106668,1.593357,0.882052,1.568254,2.326251
06-30-25,56.360001,56.470001,56.110001,56.389999,115100,54.531673,52.257413,51.662184,0.093204,0.056478,0.027693,TRUE,TRUE,0.595228,0.194844,33.389234,22.999028,72.472526,5.889541,0.92873,0.088813,17.073532,6.036741,13.262014,97.394077,5.383654,1.127135,80.815872,2.133542,1.58975,0.752384,3.349306,2.492873,-22.724817,0.924461,871500,-7.177419,-162749403.882447,-0.118068,68.121587,9.622506,-3.843414,97.286053,0.088859,1.32865,0.8674,1.58975,2.299457
07-02-25,55.849998,56.279999,55.799999,56.27,150500,54.647241,52.490592,51.698355,0.089304,0.063955,0.027495,TRUE,TRUE,0.792238,0.19035,34.374405,23.645257,70.837448,1.502573,0.957652,0.094188,15.911136,6.793797,13.528866,93.485317,4.283561,1.118114,88.364068,1.967169,1.677881,0.715074,3.216766,3.478693,-22.724817,1.208981,721000,-0.265076,-162605173.669221,-0.084954,60.126035,8.832747,-2.669016,97.007016,0.042862,0.647991,0.84562,1.677881,1.836447
07-03-25,56.48,56.91,56.48,56.799999,148400,54.781818,52.712202,51.738471,0.087698,0.071311,0.027301,TRUE,TRUE,0.97373,0.186035,39.330537,24.824759,73.663648,3.026736,1.011678,0.118571,16.142748,8.04541,12.760438,96.866078,4.974357,1.145408,99.518443,1.967389,1.747735,0.740769,3.673106,3.601884,-22.724817,1.167998,869400,52.989691,-162532699.618015,-0.065743,66.56527,9.528426,-1.502894,97.247373,-0.020015,-0.317189,0.86068,1.747735,2.027947
07-04-25,56.669998,57.049999,56.419998,57.049999,71300,54.954362,52.919836,51.779788,0.088508,0.078489,0.027112,TRUE,TRUE,1.140047,0.180173,60.259664,26.038733,74.899346,2.42682,1.062419,0.13545,23.221392,6.796476,12.168584,100,6.438303,1.130632,107.526992,1.947736,1.783339,0.740068,3.74394,3.922334,-22.724817,0.578546,940700,-51.693767,-162461399.618015,0.01192,72.918423,12.430059,-1.972837,97.675399,-0.041035,-0.655992,0.860272,1.783339,1.948941
07-07-25,56.599998,56.619999,56.150002,56.240002,380600,55.056446,53.085704,51.818102,0.090861,0.085427,0.026925,TRUE,TRUE,1.267601,0.180674,30.669255,26.613504,64.362348,-6.4751,1.025452,0.078786,29.191027,4.093104,10.597686,77.808272,3.767031,1.141689,109.642415,1.298622,1.355232,0.521037,3.580475,3.213246,-22.724817,2.780944,560100,251.756007,-162696236.864276,-0.059826,58.072372,13.367972,-4.745266,96.430694,-0.010385,-0.183432,0.721829,1.355232,1.079469
07-08-25,56.549999,56.549999,56.299999,56.41,153000,55.164033,53.244386,51.850984,0.095059,0.092105,0.026742,TRUE,TRUE,1.393402,0.177685,46.666174,27.14722,65.460592,-8.203056,0.998364,0.041358,29.551816,6.373998,9.847679,82.465759,3.965746,1.110665,111.931072,1.166285,1.303889,0.397537,3.306448,4.570129,-22.724817,1.098783,713100,45.299145,-162714596.117205,-0.043899,63.627657,12.55822,-2.32488,97.128272,0.019313,0.338672,0.630505,1.303889,1.113156
07-09-25,56.549999,56.939999,56.5,56.82,107800,55.276141,53.411667,51.886414,0.099958,0.098475,0.026562,TRUE,TRUE,1.525254,0.176154,51.215651,28.036972,68.020289,-6.879057,0.99847,0.033172,32.684541,7.126964,10.460157,93.698639,4.108196,1.108936,116.87039,1.15262,1.517805,0.414254,2.990102,4.386425,-22.724817,0.775902,820900,-5.438596,-162665595.777349,-0.043831,70.697308,13.585465,-1.097398,97.617232,0.002557,0.046007,0.643625,1.517805,1.321001
07-10-25,56.950001,56.950001,56.470001,56.709999,132000,55.390739,53.570757,51.920695,0.104882,0.104496,0.026387,TRUE,TRUE,1.650062,0.17437,59.697095,28.794493,66.59433,2.231982,0.9784,0.010481,18.573786,6.839105,10.125329,89.999989,4.211754,1.092376,119.22662,1.153986,1.565444,0.41825,2.529385,4.194623,-22.724817,0.946847,688900,7.755102,-162665596.826392,-0.021462,68.522647,4.759264,-1.861443,96.950442,-0.005914,-0.106666,0.646722,1.565444,1.106515
07-11-25,56.540001,56.75,56.380001,56.599998,122900,55.495342,53.727646,51.95328,0.109439,0.110128,0.026215,TRUE,TRUE,1.774366,0.171967,55.087909,29.282342,65.124068,-0.336524,0.94275,-0.020135,23.36709,8.344174,8.767237,86.764675,3.838105,1.023712,120.246653,1.155644,1.619053,0.439456,2.023349,4.114998,-22.724817,0.873583,566000,26.180698,-162642346.776388,-0.014619,62.099413,6.514739,-1.569761,97.071827,0.009955,0.182643,0.662914,1.619053,0.918659
07-14-25,56.59,56.849998,56.34,56.799999,91400,55.6449,53.877949,51.986715,0.113669,0.115353,0.026047,TRUE,TRUE,1.891235,0.167092,51.290861,29.852071,66.569258,-1.451032,0.920031,-0.034283,21.657984,9.144319,11.523976,88.425925,5.558844,0.981124,116.716282,1.078588,1.538111,0.46157,1.594021,5.193532,-22.724817,0.66019,657400,-32.892805,-162568868.130536,0.059444,61.857646,6.756033,-2.329084,96.748434,0.059474,1.192913,0.679389,1.538111,0.989664
07-15-25,57.220001,57.25,56.860001,56.860001,134900,55.759008,54.012675,52.018356,0.117245,0.120161,0.025883,TRUE,TRUE,1.994319,0.161682,41.816389,30.822864,67.010913,0.416583,0.896532,-0.046225,21.035683,9.322553,11.199044,81.159447,4.181488,0.914526,116.89073,1.077931,1.492058,0.455146,1.342903,5.227988,-22.724817,0.960313,792300,43.054083,-162703768.130536,0.002129,61.883029,8.091617,-1.353591,97.469792,0.097538,1.946009,0.674645,1.492058,0.941899
07-16-25,56.950001,56.950001,56.32,56.91,178400,55.902081,54.155791,52.051792,0.120232,0.124587,0.025722,TRUE,TRUE,2.103999,0.153905,40.874086,30.440022,67.397437,2.273368,0.871893,-0.056691,20.987801,6.994466,10.85003,82.010568,5.294259,0.945101,112.273608,1.017416,1.376825,0.416532,1.072781,6.175688,-22.724817,1.23281,970700,90.394877,-162548022.578889,0.088453,53.81868,8.426157,-3.303746,97.030626,0.132047,2.697253,0.645393,1.376825,0.897734
07-17-25,56.939999,57.400002,56.900002,57.330002,114500,56.067154,54.315895,52.08693,0.123322,0.128659,0.025565,TRUE,TRUE,2.228965,0.148011,39.947869,30.622873,70.521916,3.952658,0.876158,-0.041942,25.449763,8.51759,11.697039,95.953783,6.110556,0.933193,107.444171,0.981442,1.286892,0.364418,1.312009,5.931136,-22.724817,0.807134,1085200,-33.236152,-162465582.439118,0.170023,53.850505,11.642201,-2.615401,96.729515,0.130392,2.645453,0.60367,1.286892,1.175353
07-18-25,57.5,57.5,57.18,57.27,112500,56.249199,54.470405,52.124959,0.12628,0.132384,0.02541,TRUE,TRUE,2.345447,0.142983,33.698639,30.905734,69.497237,2.486324,0.864728,-0.042697,25.345849,6.709574,14.876131,86.470621,6.78906,0.909226,93.959525,0.957786,1.236498,0.357932,1.166405,5.475489,-22.724817,0.781739,972700,57.342657,-162514801.02148,0.148243,52.246971,12.472936,-2.917455,97.003891,0.124164,2.568241,0.598274,1.236498,1.086426
07-21-25,57.349998,57.77,57.349998,57.57,100500,56.438755,54.621129,52.164089,0.129536,0.135751,0.025259,TRUE,TRUE,2.45704,0.140023,32.7778,31.468765,71.710498,4.313062,0.869849,-0.03006,29.048855,5.986621,16.058304,89.847683,7.049441,0.913173,78.46353,0.905235,1.130131,0.317205,1.437711,5.145877,-22.724817,0.7135,1073200,-37.809406,-162510015.220261,0.201223,51.952957,15.51617,-3.273577,97.583157,0.126938,2.693919,0.563209,1.130131,1.441746
07-22-25,57.650002,57.650002,57.009998,57.330002,87400,56.58635,54.767451,52.202218,0.131954,0.138797,0.025112,TRUE,TRUE,2.565233,0.137033,28.49468,31.196658,67.491452,-3.030464,0.844804,-0.044084,25.394957,6.208716,16.669081,72.839573,5.42848,0.923226,64.112255,0.903899,1.141649,0.32397,1.309658,4.708332,-22.724817,0.625358,985800,-20.036597,-162510014.699319,0.172462,53.576981,13.300731,-2.636823,96.987705,0.096031,2.051204,0.569183,1.141649,1.159921
07-23-25,57.41,57.5,57.099998,57.48,107900,56.7,54.875828,52.238106,0.133452,0.141477,0.024967,TRUE,TRUE,2.637722,0.133762,20.359313,30.943988,68.729749,-0.767487,0.82752,-0.049095,23.167145,5.048375,15.15915,82.098697,4.117229,0.890993,58.252639,0.902898,1.155522,0.330715,1.260623,4.802296,-22.724817,0.780442,1093700,-21.811594,-162412904.905122,0.19058,52.615531,11.572899,-3.927252,97.100093,0.104182,2.238968,0.575078,1.155522,1.338994
07-24-25,57.68,57.77,57.490002,57.68,62600,56.818,54.972825,52.277836,0.134303,0.143851,0.024825,TRUE,TRUE,2.694989,0.130826,19.148986,31.064723,70.351421,-1.359078,0.820503,-0.04489,20.300506,5.241015,16.0002,94.444431,4.266089,0.845799,52.440054,0.9019,1.145619,0.326291,1.39301,4.728297,-22.724817,0.46823,1156300,-59.297789,-162390548.005939,0.220578,52.419289,9.967298,-2.954715,97.556142,0.111154,2.383589,0.571219,1.145619,1.643782
07-25-25,57.700001,57.919998,57.610001,57.799999,178000,56.918,55.065431,52.314476,0.134559,0.145925,0.024686,TRUE,TRUE,2.750955,0.12759,59.999941,31.366992,71.312704,3.821252,0.815227,-0.040133,19.234498,6.059061,20.703976,92.592654,3.584229,0.771132,51.056828,0.901188,1.138607,0.321514,1.393987,4.793115,-22.724817,1.301312,1334300,53.184165,-162350354.316236,0.198007,69.215183,8.365959,-2.49306,97.287069,0.101972,2.180702,0.567022,1.138607,1.727485
07-28-25,57.950001,58.060001,57.849998,57.98,105400,57.015,55.161837,52.349822,0.134475,0.147669,0.024551,TRUE,TRUE,2.812015,0.125044,60.153231,31.824243,72.740438,4.010688,0.816162,-0.031358,19.65512,9.685747,22.414075,95.402198,3.46181,0.762579,51.919473,0.895095,1.131492,0.326644,1.496802,4.5969,-22.724817,0.793944,1439700,-43.333333,-162325259.807508,0.18383,68.384777,9.575955,1.251963,97.873586,0.095695,2.068215,0.571528,1.131492,1.858647
07-29-25,58.25,58.369999,57.810001,57.860001,87400,57.0885,55.249451,52.384917,0.133764,0.149144,0.024419,TRUE,TRUE,2.864535,0.12324,44.827632,32.619981,70.231007,-0.120414,0.798021,-0.039599,18.673716,7.728726,20.846066,75.122024,2.606847,0.767863,52.999778,0.877261,1.082354,0.296702,1.39913,4.114581,-22.724817,0.665296,1352300,-24.06603,-162397052.834756,0.134106,68.026638,8.658215,-0.456495,97.341054,0.082237,1.774462,0.544704,1.082354,1.455668
07-30-25,57.98,58.220001,57.689999,57.950001,117000,57.1725,55.34286,52.420163,0.132232,0.150331,0.02429,TRUE,TRUE,2.922698,0.120527,53.913134,33.015384,71.038016,-0.274689,0.781893,-0.044582,18.85831,8.117438,20.916497,79.512277,2.985606,0.772834,52.65667,0.867871,1.029379,0.280411,1.270846,4.43126,-22.724817,0.902117,1469300,-22.259136,-162399260.000594,0.079384,68.549329,9.13997,0.729217,97.989033,0.109198,2.354607,0.529538,1.029379,1.476547
07-31-25,58.599998,58.610001,57.540001,57.689999,309700,57.217,55.445051,52.455754,0.129664,0.15131,0.024164,TRUE,TRUE,2.989297,0.116205,44.489788,33.847824,65.512691,-7.227746,0.739606,-0.069495,17.054276,7.192951,22.041615,59.825257,1.5669,0.862988,53.10179,0.860413,1.016844,0.280836,1.108275,4.597109,-22.724817,2.248113,1159600,108.692722,-162622129.525076,-0.032459,61.216927,7.681881,1.47365,97.857939,0.120148,2.613947,0.529939,1.016844,0.890739
08-01-25,57,57,56.299999,56.529999,217000,57.191,55.523442,52.485196,0.125787,0.152029,0.02404,TRUE,TRUE,3.038246,0.109889,-7.917902,31.881826,47.690397,-22.54061,0.605511,-0.162872,12.780928,5.193734,16.085508,9.956684,-0.911482,0.991889,55.194306,0.908756,1.132358,0.336643,1.174374,3.637465,-22.724817,1.496087,942600,204.347826,-162696529.96431,-0.081054,52.544631,5.491963,-0.516511,96.856475,0.094981,2.037124,0.580209,1.132358,-1.197589
08-05-25,57.650002,57.779999,57.099998,57.139999,124100,57.236,55.62422,52.517389,0.120802,0.152491,0.023919,TRUE,TRUE,3.106831,0.105014,7.070678,31.074798,54.673485,-16.364531,0.542212,-0.180937,14.844548,7.165303,20.201861,36.363621,1.60028,1.081305,50.502137,0.910133,0.979604,0.317412,1.123631,3.658523,-22.724817,0.938587,1066700,-67.393589,-162806029.636695,-0.041519,52.296265,5.132536,-1.991367,95.990769,0.08867,1.871954,0.563394,0.979604,-0.190092
08-06-25,57.240002,57.91,57.220001,57.860001,73400,57.3085,55.717826,52.551587,0.115273,0.152773,0.023802,TRUE,TRUE,3.16624,0.10089,20.51837,30.476282,61.249089,-4.263602,0.543875,-0.143419,17.304124,7.170748,24.806093,67.532487,2.570468,1.085132,48.383669,0.919133,0.95296,0.3309,1.011109,3.9969,-22.724817,0.572364,1140100,-52.026144,-162743267.176708,-0.011179,59.366242,5.668571,-3.839573,95.701372,0.092902,1.961555,0.575239,0.95296,1.139849
08-07-25,58.310001,58.459999,57.650002,58.060001,160900,57.3705,55.812437,52.586385,0.109175,0.152827,0.02369,TRUE,TRUE,3.226052,0.100128,16.553278,30.517294,62.860842,15.170445,0.554934,-0.105888,17.187612,7.164561,27.663352,76.190523,2.182333,1.119532,49.720814,0.768294,0.771788,0.315572,1.066533,3.491001,-22.724817,1.22923,1301000,49.257885,-162741280.326622,-0.02891,60.433971,7.207109,-1.788356,96.789974,0.081541,2.036495,0.561758,0.771788,1.386746
08-08-25,58.200001,58.619999,58.18,58.610001,93300,57.4655,55.921842,52.623535,0.103095,0.152663,0.023582,TRUE,TRUE,3.298307,0.101238,27.346955,30.716671,66.93385,12.260365,0.60115,-0.047738,17.14072,7.624248,30.455593,99.569038,3.350382,1.138275,54.370574,0.756139,0.757437,0.313823,1.772637,3.361745,-22.724817,0.72348,1394300,-29.318182,-162652220.537124,0.005186,60.060596,7.646355,-1.440734,97.70686,0.077877,1.97373,0.560199,0.757437,2.105
08-11-25,58.630001,58.810001,58.290001,58.41,80200,57.556,56.025849,52.663773,0.096839,0.152308,0.023479,TRUE,TRUE,3.362076,0.102275,17.500006,31.093304,64.177586,2.928497,0.614553,-0.027467,16.787602,8.631566,26.028622,84.063698,3.197882,1.144618,54.269718,0.756515,0.754503,0.310199,1.710455,3.015954,-22.724817,0.632367,1314100,-34.743694,-162695405.514566,-0.020918,59.641276,7.444383,-0.960433,97.280398,0.065169,1.646494,0.556956,0.754503,1.573621
08-12-25,58.669998,59.16,58.369999,59.150002,128000,57.6735,56.146254,52.705518,0.091524,0.151767,0.02338,TRUE,TRUE,3.440737,0.104216,34.339597,31.780722,69.226897,6.366055,0.677083,0.028049,13.61637,8.755449,27.141952,99.650408,4.137328,1.148412,61.938262,0.769474,0.801324,0.327301,2.389735,3.407234,-22.724817,0.994909,1442100,40.043764,-162570645.473232,-0.000691,65.296131,4.894554,-0.274328,98.184469,0.088554,2.227434,0.572103,0.801324,2.383827
08-13-25,59.450001,59.459999,59.040001,59.189999,94500,57.79,56.259869,52.746016,0.086625,0.151044,0.023285,TRUE,TRUE,3.513853,0.106432,32.947944,32.689304,69.477323,2.543473,0.721548,0.058011,12.038301,9.069313,26.928632,91.455681,4.09778,1.150049,67.495041,0.767617,0.797034,0.32542,2.324533,3.231579,-22.724817,0.746239,1536600,-29.94811,-162597646.208927,0.041901,65.102446,3.311235,-0.134206,97.994215,0.080041,2.015349,0.570456,0.797034,2.074224
08-14-25,59.02,59.310001,58.970001,59.150002,83100,57.902,56.363696,52.786315,0.082531,0.150126,0.023194,TRUE,TRUE,3.577382,0.107926,29.224683,33.370064,68.873726,4.69614,0.744971,0.065148,11.247581,8.955509,23.798205,90.18995,3.936042,1.156864,70.63593,0.764943,0.799549,0.332429,2.222366,3.348681,-22.724817,0.681874,1453500,-53.419283,-162592757.863944,-0.018354,60.949213,3.218143,-0.384125,98.20785,0.091674,2.328469,0.576567,0.799549,1.766808
08-15-25,59.150002,59.150002,58.689999,58.84,85400,57.9775,56.458327,52.82242,0.079114,0.148947,0.023108,TRUE,TRUE,3.635907,0.107401,19.923385,33.355426,64.217066,-5.00983,0.730104,0.040225,10.685338,6.831914,22.995351,80.37978,2.633871,1.181169,72.25169,0.745456,0.764999,0.298407,2.137749,3.715892,-22.724817,0.709214,1368100,-25.414847,-162622461.99623,-0.065141,54.013861,3.691469,-1.758661,97.739708,0.096263,2.447342,0.546267,0.764999,1.193744
08-18-25,58.849998,58.880001,58.669998,58.849998,62700,58.0565,56.563345,52.86087,0.076828,0.14749,0.023025,TRUE,TRUE,3.702475,0.106595,17.227704,33.295476,64.300902,-5.176422,0.710933,0.016843,10.042611,6.444751,20.136194,80.696182,2.758858,1.1749,72.744906,0.745595,0.766222,0.299556,2.072447,3.701009,-22.724817,0.531694,1430800,-44.266667,-162577677.583595,-0.02666,49.197878,3.344364,-3.041645,97.77962,0.098107,2.495797,0.547317,0.766222,1.090796
08-19-25,58.77,58.77,57.919998,58.049999,190300,58.0805,56.640378,52.901702,0.075159,0.145759,0.022945,TRUE,TRUE,3.738677,0.103268,3.315858,31.683204,53.50018,-15.373546,0.623994,-0.056077,8.953624,4.808439,18.358501,55.37975,0.833767,1.236619,71.841566,0.75751,0.770421,0.293361,2.049234,3.506141,-22.724817,1.554548,1240500,89.353234,-162709767.850309,-0.081588,41.601665,2.57342,-3.872717,96.519419,0.091016,2.268989,0.541628,0.770421,-0.042456
08-20-25,57.950001,57.950001,56.959999,57.720001,159800,58.1,56.709613,52.939088,0.073631,0.143755,0.02287,TRUE,TRUE,3.770525,0.100897,-3.85259,30.115677,49.785311,-14.431755,0.522443,-0.126102,9.774591,4.156283,16.173844,44.936774,0.680271,1.312989,70.207988,0.721858,0.709552,0.267833,2.080009,2.712193,-22.389139,1.267902,1080700,82.837529,-162624218.081695,-0.045306,40.672429,2.055086,-5.007242,95.742397,0.06028,1.549244,0.517526,0.709552,-0.541247
08-21-25,57.490002,57.709999,57.18,57.41,159900,58.0965,56.766256,52.975873,0.071571,0.141529,0.022796,TRUE,TRUE,3.790384,0.09802,-4.651145,28.660116,46.517609,-17.783293,0.412198,-0.189078,9.122837,4.0469,15.828898,35.126603,-0.121781,1.254137,70.549952,0.726841,0.70056,0.252666,2.124542,2.395562,-20.754022,1.243052,920800,48.192771,-162645336.906189,-0.090346,44.259618,1.064504,-6.113437,94.754741,0.050999,1.28844,0.502659,0.70056,-0.97307
08-22-25,57.509998,58.5,57.41,58.310001,336600,58.128,56.844096,53.013866,0.069725,0.139132,0.022726,TRUE,TRUE,3.83023,0.09607,30.902832,27.092595,55.62413,2.12395,0.392921,-0.166684,11.917015,7.904457,17.055899,54.000092,1.092235,1.198031,69.99672,0.747378,0.740487,0.277825,1.796938,3.010655,-19.790497,2.364844,1257400,437.699681,-162426082.830588,-0.012483,59.579178,2.777234,-4.720982,95.359736,0.068035,1.700483,0.527091,0.740487,0.260014
08-25-25,58.169998,58.41,58,58.139999,160800,58.145,56.916737,53.044128,0.06773,0.136542,0.022657,TRUE,TRUE,3.872609,0.093672,18.796994,25.63704,53.761989,3.976678,0.359778,-0.159861,9.327472,8.898011,18.61435,47.200012,0.588236,1.098334,69.569757,0.749621,0.741063,0.283676,1.611508,2.852315,-18.956718,1.136597,1096600,-9.662921,-162477068.634327,-0.044783,60.410951,1.678171,-3.014101,95.687767,0.065624,1.641971,0.532613,0.741063,-0.007188
08-26-25,58.099998,58.360001,57.970001,58.349998,83200,58.1635,57.00756,53.071301,0.065686,0.133755,0.022592,TRUE,TRUE,3.936259,0.091209,10.187071,24.235454,55.733384,9.215775,0.346464,-0.13854,9.414146,10.636529,17.820238,55.599976,0.638149,1.047864,69.599838,0.749051,0.73074,0.28126,1.542781,3.035099,-18.956718,0.59274,1179800,-21.062619,-162398136.21913,-0.02596,60.632273,1.824548,-1.755555,95.335624,0.064877,1.621786,0.530339,0.73074,0.267958
08-27-25,58.27,58.52,58.16,58.450001,93000,58.193,57.085003,53.098725,0.063497,0.130904,0.022529,TRUE,TRUE,3.986278,0.089263,8.280243,23.177726,56.680568,1.056439,0.340062,-0.115954,9.993028,10.616686,19.368246,59.600067,1.019703,0.99108,69.496031,0.745501,0.726984,0.273162,1.493815,2.856877,-18.04281,0.661239,1272800,6.407323,-162341302.666806,0.019819,59.173136,2.001038,-1.75296,95.095212,0.061896,1.545948,0.522649,0.726984,0.369806
08-28-25,58.509998,58.869999,58.310001,58.810001,80400,58.236,57.180233,53.128049,0.061588,0.128151,0.022468,TRUE,TRUE,4.052183,0.088395,4.424795,22.705307,59.998817,6.236828,0.359889,-0.076902,10.525087,14.345176,19.519233,74.000092,1.484039,0.985013,70.565717,0.742544,0.729096,0.277073,1.480655,2.788462,-18.04281,0.579188,1353200,-31.282051,-162278130.61231,0.04363,58.885395,2.387415,1.312758,95.793426,0.058116,1.461251,0.526378,0.729096,0.813428
08-29-25,58.599998,58.599998,57.950001,58.049999,159500,58.254,57.260662,53.154022,0.059039,0.12547,0.02241,TRUE,TRUE,4.10664,0.086264,-7.086624,21.598274,51.099807,-4.633577,0.310694,-0.100877,9.260819,11.098547,19.377993,43.600006,0.624026,1.039745,69.551524,0.765154,0.702196,0.240333,1.527502,2.163213,-16.979671,1.214729,1193700,-48.498547,-162388554.265277,0.088944,52.12586,0.37522,-1.2169,94.024778,0.023604,0.561865,0.490237,0.702196,-0.293309
09-02-25,57.25,57.630001,56.990002,57.610001,105300,58.308,57.34028,53.178343,0.055291,0.122887,0.022354,TRUE,TRUE,4.161937,0.082331,-32.217601,20.975358,46.774387,-9.906182,0.233511,-0.142448,7.663636,12.888802,18.570417,26.000061,1.910493,1.081162,58.82768,0.761199,0.697626,0.23948,1.685794,2.238178,-16.979671,0.837576,1088400,-51.474654,-162289835.672186,0.161746,45.861503,-0.342069,-1.160485,93.246676,0.026473,0.633058,0.489367,0.697626,-1.186516
09-03-25,57.939999,58.209999,57.75,58,231900,58.351,57.424702,53.206309,0.051189,0.120188,0.0223,TRUE,TRUE,4.218393,0.079829,-23.196849,19.52094,50.753461,-9.245356,0.20149,-0.139575,7.489719,13.920545,17.992647,44.255315,1.505076,1.096059,52.660684,0.753522,0.692371,0.241668,1.711264,2.106146,-16.979671,1.768744,1320300,86.865431,-162269669.953114,0.204546,49.532624,-1.155014,-2.868858,93.419452,0.018552,0.448804,0.491597,0.692371,-0.666532
09-04-25,58.080002,58.599998,57.970001,58.580002,58500,58.387,57.50874,53.243508,0.047069,0.117501,0.022249,TRUE,TRUE,4.265232,0.078168,-10.052894,18.606948,56.019366,4.919559,0.220374,-0.096553,8.264051,13.567204,23.0676,73.972646,1.244385,1.120568,51.577338,0.762116,0.716722,0.253222,1.298147,2.391173,-15.557301,0.44874,1378800,-20.299728,-162214883.631588,0.202655,53.171672,-1.531386,-2.647642,93.764892,0.018553,0.447207,0.503212,0.716722,0.374198
09-05-25,59.07,59.139999,58.25,58.610001,112400,58.4145,57.5768,53.279112,0.042699,0.114797,0.022202,TRUE,TRUE,4.297688,0.076858,-4.26715,18.411777,56.279764,9.505378,0.235051,-0.065501,9.348801,16.884086,23.182233,75.688133,0.947295,1.172398,51.206997,0.759793,0.712123,0.251712,1.302706,2.211215,-15.557301,0.878537,1491200,-30.142946,-162236353.077985,0.19733,58.146436,-0.801877,-0.987296,93.510358,0.009759,0.235705,0.50171,0.712123,0.381784
09-08-25,58.880001,59.119999,58.830002,58.91,82100,58.4295,57.6486,53.314421,0.038474,0.112087,0.022157,TRUE,TRUE,4.334179,0.075545,1.056361,18.230546,58.900453,8.146992,0.267803,-0.026199,8.693378,16.53081,23.942647,89.449564,0.511857,1.202802,52.238808,0.759454,0.711837,0.25188,1.387273,2.492515,-15.557301,0.644528,1573300,-12.004287,-162273157.196584,0.148792,61.710637,-0.915971,-0.328297,94.097377,0.02935,0.709294,0.501877,0.711837,0.919814
09-09-25,58.98,59.130001,58.75,59.110001,67900,58.4645,57.7148,53.350929,0.034727,0.109387,0.022115,TRUE,TRUE,4.363871,0.074463,20.866146,17.925076,60.596223,4.576858,0.306366,0.009891,8.941949,21.736246,27.685506,98.623909,1.198426,1.13227,54.401516,0.759905,0.711743,0.251476,1.610211,2.551736,-15.557301,0.535637,1641200,-15.336658,-162212404.708505,0.19051,69.330107,-1.178576,3.106805,94.286375,0.033003,0.796888,0.501474,0.711743,1.186549
09-10-25,59.400002,59.400002,58.93,59.119999,99800,58.463,57.7764,53.38639,0.031449,0.106774,0.022076,TRUE,TRUE,4.39001,0.071956,29.41168,17.990641,60.683557,4.403793,0.333885,0.029928,8.32236,21.98264,26.184833,88.381634,-0.050723,1.057171,54.206325,0.736902,0.675996,0.237022,1.496179,3.097938,-15.557301,0.796139,1741000,-22.03125,-162231516.139581,0.135268,77.008208,-1.772027,2.017922,94.064021,0.052579,1.296721,0.486849,0.675996,1.212034
09-11-25,59.349998,59.540001,59.220001,59.490002,79700,58.478,57.8384,53.423353,0.029037,0.10428,0.02204,TRUE,TRUE,4.415048,0.071065,43.153499,18.229791,63.874526,4.974073,0.381157,0.06176,9.320358,21.42002,25.76987,98.039245,0.506848,1.036188,56.682515,0.720564,0.667863,0.247675,1.803006,2.87324,-15.557301,0.63957,1820700,-15.661376,-162176722.033294,0.16889,84.996333,-1.214876,1.27471,93.897737,0.034879,0.885914,0.49767,0.667863,1.785386
09-12-25,59.549999,59.849998,59.459999,59.700001,97300,58.5055,57.907,53.460966,0.027752,0.101982,0.022006,TRUE,TRUE,4.446034,0.069347,33.65612,18.835733,65.581914,4.985691,0.430601,0.088964,9.525356,24.203072,23.556702,94.755319,0.929838,0.948791,61.263446,0.705924,0.625014,0.229485,2.021311,3.428609,-15.557301,0.776381,1918000,17.087846,-162154267.162211,0.174941,82.664605,-0.26107,3.425646,94.68233,0.066716,1.70915,0.479046,0.625014,1.949777
09-15-25,59.919998,60.23,59.91,60.23,83000,58.575,57.9756,53.499783,0.027744,0.099869,0.021976,TRUE,TRUE,4.475817,0.06815,46.54787,19.831469,69.499893,8.816336,0.506712,0.132059,11.933261,22.257531,23.582302,100,2.362338,0.954673,72.17122,0.711439,0.634467,0.234619,2.651779,3.745925,-15.557301,0.662913,2001000,-2.810304,-162071267.162211,0.220117,81.764247,1.100581,2.740348,95.000786,0.075309,1.920758,0.484375,0.634467,2.293157
09-16-25,60.34,60.34,60.099998,60.169998,98200,58.641,58.038,53.540494,0.029027,0.097905,0.021949,TRUE,TRUE,4.497506,0.065833,41.935439,20.876807,68.548534,4.674008,0.555782,0.144903,10.246216,21.397464,22.705937,94.925312,2.24299,0.937818,80.386488,0.702102,0.619587,0.23079,2.517283,4.036815,-15.557301,0.77335,1902800,56.61882,-162112184.479226,0.183294,81.992937,0.073175,3.217892,95.187962,0.089503,2.307367,0.480406,0.619587,1.902058
09-17-25,60.209999,60.209999,59.5,59.970001,171900,58.737,58.1126,53.577463,0.031183,0.096032,0.021926,TRUE,TRUE,4.535137,0.063079,34.234255,20.611522,65.338029,-0.243885,0.571939,0.128849,10.95584,23.051842,22.948196,88.955251,3.307497,0.982633,84.325239,0.705282,0.6246,0.231865,2.392941,3.789138,-15.557301,1.363636,1730900,-9.668944,-162056497.67917,0.259111,71.525827,0.433462,4.353348,94.784967,0.076986,1.977104,0.481524,0.6246,1.462197
09-18-25,60.549999,60.860001,60.459999,60.610001,89600,58.8815,58.1966,53.617732,0.034723,0.094262,0.021906,TRUE,TRUE,4.578869,0.062045,38.135598,21.137541,70.15513,0.655237,0.629134,0.148835,12.181417,22.879415,24.2349,93.54005,5.006929,1.011148,90.515063,0.704257,0.62384,0.231994,2.812323,3.776994,-15.557301,0.73113,1820500,-43.929912,-162078897.251926,0.222489,71.750939,1.18501,5.370636,95.339614,0.07631,1.962758,0.481657,0.62384,1.909627
09-19-25,60.82,61.060001,60.650002,61.049999,88200,59.0635,58.2812,53.657707,0.039633,0.092625,0.021891,TRUE,TRUE,4.623493,0.062792,68.181913,21.839284,72.939487,4.390953,0.701875,0.177261,13.837471,24.1233,25.676276,99.754247,6.340358,0.95589,95.810258,0.685793,0.602267,0.235067,3.166581,3.570674,-15.557301,0.741395,1908700,-44.840525,-161995000.611652,0.273331,81.173408,1.506783,5.346401,95.08156,0.062195,1.64608,0.484838,0.602267,2.073368
09-22-25,60.93,61.419998,60.900002,61.380001,70400,59.217,58.3746,53.698534,0.045779,0.09113,0.021879,TRUE,TRUE,4.676066,0.063946,87.878858,22.857738,74.835711,9.497682,0.777192,0.202062,14.134008,24.214158,23.169527,98.91016,5.264962,0.887911,107.037675,0.687449,0.63438,0.249792,3.234145,3.691337,-15.557301,0.66632,1979100,-79.084967,-161935430.665792,0.232195,87.896377,1.165663,4.507512,95.103639,0.049212,1.312025,0.499792,0.63438,2.020785
09-23-25,61.389999,61.389999,60.84,60.919998,148100,59.356,58.461,53.733771,0.052541,0.089761,0.021872,TRUE,TRUE,4.727229,0.064823,66.972426,23.675353,67.712863,-2.442267,0.790649,0.172415,12.030396,20.841033,22.491602,85.507234,4.78156,0.888753,110.315988,0.691548,0.641842,0.255171,2.88684,3.050773,-15.557301,1.410208,1831000,-7.89801,-162040448.037947,0.207875,76.025447,0.101431,3.376873,94.81513,0.032786,0.872056,0.505145,0.641842,1.417744
09-24-25,61.07,61.07,60.48,60.73,144300,59.475,58.5396,53.768955,0.059474,0.08849,0.02187,TRUE,TRUE,4.770645,0.065511,54.156149,23.681902,64.962548,-7.976939,0.777025,0.127033,10.004164,19.752472,21.816437,78.233469,4.078837,0.886829,111.720722,0.693065,0.654816,0.264529,2.632025,2.760845,-14.033682,1.335184,1686700,73.4375,-162062459.933981,0.155298,67.32349,-1.162772,2.538261,94.647036,0.018191,0.485835,0.514324,0.654816,1.123336
09-25-25,60.360001,60.619999,59.990002,60.470001,205200,59.576,58.6118,53.800246,0.066344,0.087272,0.02187,TRUE,TRUE,4.811554,0.066105,44.285761,22.776149,61.293683,-13.542028,0.736756,0.069411,9.309475,21.391256,20.739409,64.419566,3.455946,0.872923,111.095669,0.693822,0.656098,0.264731,2.372729,2.356416,-13.478615,1.804987,1481500,120.645161,-161954973.154689,0.169912,55.892973,-2.409699,3.586768,94.433078,0.008889,0.237169,0.514521,0.656098,0.804713
09-26-25,60.57,60.759998,60.25,60.709999,145900,59.671,58.6878,53.83513,0.073171,0.086141,0.021874,TRUE,TRUE,4.85267,0.066662,43.478289,22.130635,63.351229,-4.361634,0.715955,0.038888,8.799283,22.659952,21.146238,73.408256,3.230739,0.869473,112.317619,0.693346,0.650338,0.260867,2.135011,2.590684,-12.436187,1.247435,1627400,81.467662,-161837680.655456,0.188291,57.733515,-2.145074,4.882022,94.829249,0.021064,0.560968,0.510752,0.650338,0.925054
09-29-25,61.049999,61.310001,60.869999,61.009998,125400,59.819,58.7614,53.872163,0.080238,0.08514,0.021882,TRUE,TRUE,4.889237,0.068363,44.81133,22.24075,65.798649,0.836101,0.71543,0.030691,8.86866,26.560331,20.735752,83.534129,5.099051,0.890954,109.29478,0.686828,0.635408,0.254991,1.899284,2.442797,-12.436187,1.088022,1752800,-21.37931,-161883281.446134,0.219198,59.285396,-3.065536,5.951299,94.572664,0.015293,0.409503,0.504967,0.635408,1.089712
09-30-25,60.93,61.18,60.73,61.16,127400,59.9965,58.8392,53.905159,0.088339,0.084274,0.021894,TRUE,TRUE,4.934041,0.070499,46.575393,22.072684,66.985811,5.692128,0.718832,0.027274,8.458948,26.97672,21.777625,88.181878,6.162123,0.886433,99.959572,0.685758,0.639718,0.258864,1.627298,2.371654,-12.436187,1.094878,1880200,20.987654,-161767206.130574,0.224574,52.364324,-3.062351,7.145941,94.614599,0.009186,0.247013,0.508787,0.639718,1.16397
10-01-25,60.900002,61.5,60.740002,61.5,72900,60.1715,58.9178,53.941401,0.097081,0.083542,0.02191,TRUE,TRUE,4.976399,0.071592,46.206915,22.317458,69.564589,6.21336,0.740428,0.039096,9.294472,26.684464,22.260404,100,6.034483,0.921021,93.602295,0.657501,0.615541,0.259192,1.563351,3.268599,-12.436187,0.672447,1953100,-68.564036,-161694306.130574,0.265365,52.236749,-2.368126,7.117953,94.949704,0.042666,1.19682,0.509109,0.615541,1.419303
10-02-25,61.830002,61.830002,61.419998,61.700001,85100,60.3275,59.0052,53.976797,0.105882,0.082962,0.02193,TRUE,TRUE,5.028403,0.073008,46.082988,22.928847,70.999598,5.200949,0.764864,0.050826,8.626763,26.162108,24.234322,94.420559,5.326048,0.920352,91.661186,0.657597,0.633488,0.268807,1.624083,3.277348,-7.506468,0.775469,2038200,45.470085,-161663171.94561,0.251372,51.970831,-2.441043,7.747919,95.110075,0.03382,0.954766,0.518466,0.633488,1.497363
10-03-25,61.82,61.849998,61.259998,61.419998,106100,60.468,59.084,54.006905,0.114207,0.082425,0.021953,TRUE,TRUE,5.077095,0.074366,29.09532,23.157043,66.287421,-0.69839,0.752957,0.031135,7.659946,32.660083,23.472175,81.702103,4.794399,0.931525,85.262173,0.657758,0.559669,0.223275,1.498969,2.80165,-6.723742,0.969614,1932100,-5.604982,-161711726.25266,0.23972,46.297347,-4.792195,8.072859,93.512921,0.018319,0.501653,0.472519,0.559669,1.116554
10-06-25,61.869999,62.029999,61.720001,61.880001,116700,60.6165,59.168,54.040309,0.121801,0.08192,0.021981,TRUE,TRUE,5.127691,0.076036,38.084683,23.591346,69.830034,0.265445,0.771743,0.039936,10.028448,42.146882,24.496761,94.071234,5.041591,0.96731,82.518421,0.661098,0.562683,0.222574,1.584836,3.164707,-6.723742,1.049885,2048800,42.143727,-161707960.90269,0.254238,46.97764,-2.663906,11.623155,94.151194,0.037419,1.019067,0.471777,0.562683,1.531175
10-07-25,62.049999,62.07,61.41,61.529999,130200,60.7375,59.2426,54.082186,0.128389,0.081413,0.022013,TRUE,TRUE,5.160414,0.076659,33.620586,23.325334,64.294018,-6.70558,0.749745,0.014351,9.076403,41.31046,22.320041,74.038393,4.094059,0.967008,76.810674,0.666076,0.573074,0.231064,1.361632,2.993435,-6.723742,1.139407,1918600,91.752577,-161790815.858619,0.18447,48.030991,-3.467582,9.641207,94.135663,0.03139,0.853156,0.480691,0.573074,1.031756
10-08-25,61.669998,62.27,61.630001,62.259998,119100,60.8945,59.3282,54.128859,0.133777,0.080944,0.022049,TRUE,TRUE,5.199341,0.078543,34.88362,23.352826,69.691128,3.403707,0.782201,0.037445,9.574091,45.387881,25.185935,99.56131,5.31123,0.938461,74.050069,0.679122,0.573422,0.21952,1.771376,3.260474,-6.723742,1.03354,2037700,19.338677,-161675438.532247,0.24128,49.018099,-2.893917,11.439521,95.105441,0.050313,1.331221,0.46853,0.573422,1.844021
10-09-25,62.23,62.25,61.869999,62.150002,117300,61.0275,59.414,54.172689,0.137646,0.08049,0.022089,TRUE,TRUE,5.241311,0.080046,25.000022,23.378354,68.022667,-1.807367,0.78994,0.036148,9.592669,29.948176,23.137565,94.736886,4.471339,0.933226,71.334549,0.680449,0.58818,0.228832,1.694171,3.144347,-5.15923,1.00158,1920400,47.176913,-161619874.258794,0.237735,49.946048,-1.681998,3.301446,95.484965,0.042298,1.12371,0.478364,0.58818,1.573574
10-10-25,62.259998,62.41,59.990002,60,421300,61.0425,59.455,54.203176,0.138329,0.079962,0.022133,TRUE,TRUE,5.251824,0.077814,-22.186494,23.048682,45.229532,-19.064486,0.615491,-0.110641,6.00707,30.777837,17.853175,0.413154,0.502511,1.192857,68.66155,0.824788,0.797098,0.322639,1.915383,1.456177,-5.15923,3.160185,1499100,332.99075,-162037693.02239,0.043721,38.102489,-4.06339,2.157918,93.488298,-0.029558,-0.691231,0.568013,0.797098,-1.518317
10-14-25,60.610001,61.330002,60.060001,60.869999,281000,61.0745,59.5186,54.234273,0.136752,0.079439,0.02218,TRUE,TRUE,5.284327,0.077549,-0.754136,22.742559,52.208142,-17.482985,0.541202,-0.147944,7.165493,30.375377,19.726213,36.36355,1.062592,1.267338,66.119891,0.839242,0.816635,0.344502,1.921937,1.655555,-5.15923,1.962085,1780100,238.554217,-161960253.287076,0.038758,35.823745,-3.824336,2.845899,93.414808,-0.027168,-0.634729,0.586943,0.816635,-0.309288
10-15-25,61.450001,61.73,60.66,61.310001,166200,61.1315,59.6142,54.271659,0.133273,0.078941,0.02223,TRUE,TRUE,5.342541,0.077707,8.430253,21.795758,55.309546,-12.71312,0.511931,-0.141772,7.826241,30.508227,20.449898,54.545483,1.894637,1.314165,62.739452,0.842558,0.825742,0.35083,1.851699,1.908891,-5.15923,1.133581,1946300,69.246436,-161924527.521819,0.063997,42.952334,-4.764157,3.344054,93.345449,-0.031139,-0.72817,0.592309,0.825742,0.284512
10-16-25,61.580002,61.91,60.619999,61.060001,163300,61.186,59.6926,54.311061,0.128343,0.078482,0.022285,TRUE,TRUE,5.381539,0.077739,8.588058,20.631376,53.197211,7.967679,0.463221,-0.152386,7.292218,29.810496,20.739383,44.214897,1.817576,1.383885,56.547519,0.843521,0.824424,0.3604,1.761738,1.614512,-3.629936,1.117078,1783000,-5.002909,-161976428.533157,0.027386,43.723307,-3.904647,4.645476,93.623422,-0.037765,-0.888667,0.600333,0.824424,-0.222819
10-17-25,60.880001,61.619999,60.689999,61.459999,154500,61.2285,59.7646,54.354909,0.122619,0.078031,0.022343,TRUE,TRUE,5.409691,0.077826,10.668554,19.550164,56.086949,3.878807,0.451687,-0.131136,7.203902,34.487041,21.362815,60.74374,1.402406,1.423691,55.16796,0.843704,0.770091,0.327264,1.667017,1.950318,-3.629936,1.033929,1937500,72.433036,-161875089.755336,0.068195,43.986591,-1.958789,10.251644,94.993823,0.002016,0.046238,0.57207,0.770091,0.419626
10-20-25,61.790001,62.360001,61.790001,62.259998,84200,61.289,59.8486,54.403357,0.117103,0.07762,0.022406,TRUE,TRUE,5.445243,0.079249,16.600251,18.877443,61.241288,5.931742,0.501321,-0.065201,8.71311,36.267371,22.797439,93.801585,1.981981,1.439815,59.566765,0.857248,0.788669,0.342712,1.578298,2.240489,-3.629936,0.56423,2021700,-4.535147,-161820434.307009,0.058489,42.953375,-1.974428,11.331123,95.27355,0.005228,0.119411,0.585416,0.788669,1.630101
10-21-25,62.209999,62.330002,62.02,62.23,76200,61.3315,59.921,54.44741,0.111272,0.07726,0.022474,TRUE,TRUE,5.47359,0.080697,14.439935,18.252774,60.952374,7.755163,0.532102,-0.027536,8.094493,39.494706,21.970561,92.561965,1.384813,1.42444,63.173335,0.85712,0.733597,0.324579,1.506062,2.118545,-3.629936,0.509631,1945500,8.238636,-161793396.504757,0.047497,47.657682,-1.156411,15.459221,96.550248,0.023085,0.52024,0.569718,0.733597,1.422277
10-22-25,62.139999,62.200001,61.029999,61.59,239400,61.365,59.9846,54.485217,0.104935,0.076921,0.022546,TRUE,TRUE,5.499383,0.081045,1.167317,17.69538,54.991864,-1.095086,0.4991,-0.048431,7.430661,34.712632,20.527696,66.115689,1.099806,1.490271,62.65065,0.869986,0.72979,0.310587,1.498168,1.711182,-3.629936,1.553688,1706100,61.647535,-161803627.100533,0.076847,40.906901,-1.901268,12.157851,95.301101,0.005665,0.124498,0.557303,0.72979,0.359135
10-23-25,61.52,62.200001,61.52,62.119999,126100,61.4345,60.044,54.530668,0.098448,0.076636,0.022622,TRUE,TRUE,5.513332,0.082357,5.223857,17.1778,58.602218,-2.639069,0.509835,-0.030156,8.072372,33.109655,21.375372,88.016482,2.288818,1.508602,62.9448,0.875018,0.74576,0.320759,1.479978,1.867372,-3.629936,0.823241,1832200,-12.612613,-161707198.354558,0.115966,41.979614,-1.759162,10.543983,95.544849,0.001443,0.031762,0.566356,0.74576,1.089048
10-24-25,62.73,62.91,62.610001,62.779999,133900,61.55,60.1158,54.579368,0.092259,0.076424,0.022703,TRUE,TRUE,5.536432,0.084318,16.15203,16.265743,62.623054,1.67068,0.565085,0.020075,8.841884,30.937337,24.656723,95.547906,3.820072,1.515497,65.458692,0.882324,0.758639,0.328019,2.072585,2.232562,-3.629936,0.894994,1966100,-34.746589,-161689346.269821,0.088773,47.298738,-1.733383,8.936098,96.026848,0.01784,0.39154,0.57273,0.758639,1.879046
10-27-25,63.540001,63.950001,63.5,63.919998,130000,61.7105,60.2112,54.633569,0.086895,0.07632,0.022789,TRUE,TRUE,5.577631,0.088026,22.417564,16.614132,68.342582,13.350718,0.692873,0.11829,10.588234,31.859326,25.82403,99.242359,5.287431,1.551047,81.231587,0.90847,0.762141,0.307129,3.569783,2.651846,-3.629936,0.873568,6410700,-10.897875,-94649363.41418,0.087693,47.69027,0.522574,9.831137,125.696579,0.03823,0.802544,0.554193,0.762141,2.719999
10-28-25,64.089996,64.559998,64.019997,64.379997,154800,61.879,60.322,54.694265,0.083207,0.076339,0.02288,TRUE,TRUE,5.627735,0.091717,30.944638,17.498464,70.316412,11.714193,0.821791,0.197766,11.038285,32.862993,26.012132,96.061259,5.523683,1.537746,98.954949,0.907556,0.741083,0.290763,4.040346,2.995107,-3.629936,1.030043,9145500,23.444976,-73983383.794745,0.119174,53.872783,0.978971,11.71062,141.876289,0.061032,1.267625,0.539224,0.741083,2.52741
10-29-25,64.610001,64.790001,64.129997,64.639999,371600,62.052999,60.4378,54.757259,0.081711,0.076517,0.022977,TRUE,TRUE,5.680541,0.093495,27.231152,18.516716,71.401782,8.778728,0.93417,0.248117,11.717938,32.579828,26.521039,96.874968,5.689993,1.52272,114.949864,0.860775,0.624741,0.231931,4.279497,3.900056,-3.629936,2.28684,9517100,191.679749,-73780693.666665,0.13687,58.572953,3.23686,13.233827,144.033442,0.122133,2.570061,0.481592,0.624741,2.250546
10-30-25,64.25,64.440002,63.650002,63.650002,268700,62.1605,60.5498,54.815452,0.081421,0.076774,0.023079,TRUE,TRUE,5.734347,0.094234,15.592524,18.706349,62.092006,-6.250575,0.932597,0.197235,9.836067,30.549293,23.307623,76.250009,3.495937,1.613737,119.470492,0.882695,0.650228,0.207866,4.173936,3.02071,-3.629936,1.559625,9248400,268.587106,-74049393.666665,0.029955,50.999355,0.681194,10.786378,141.669933,0.094698,1.913513,0.455924,0.650228,1.246753
10-31-25,64.470001,64.5,63.77,64.019997,133600,62.276499,60.6758,54.869604,0.08226,0.077123,0.023187,TRUE,TRUE,5.806196,0.096438,51.275541,18.942664,63.982148,-6.334264,0.950252,0.171912,10.972436,29.897981,25.136521,83.720838,3.760123,1.429242,125.856285,0.872964,0.642374,0.188639,3.715773,2.848663,-3.629936,0.764696,9382000,56.991774,-74091488.156253,0.008582,62.091366,1.156041,9.78916,142.083083,0.098138,1.981237,0.434326,0.642374,1.385308
11-03-25,64.599998,64.650002,64.080002,64.269997,146500,62.418999,60.813,54.926803,0.084422,0.077552,0.0233,TRUE,TRUE,5.886196,0.099048,47.091448,19.318029,65.243198,-6.158584,0.973198,0.155886,13.691842,28.222714,28.839898,87.529879,4.64018,1.345886,131.649337,0.873134,0.677154,0.201164,3.376488,2.861696,-3.629936,0.828948,9528500,38.077286,-74140324.104105,0.008404,71.67042,2.62147,9.056462,142.448574,0.084522,1.719337,0.448513,0.677154,1.406006
11-04-25,63.419998,63.75,62.900002,62.970001,258200,62.473499,60.9062,54.973308,0.086774,0.078002,0.023418,TRUE,TRUE,5.932892,0.100115,20.544596,17.966058,54.548189,-7.543817,0.876381,0.047256,10.203013,26.562153,25.331808,56.354944,1.761474,1.407701,131.556712,0.911839,0.759667,0.262959,3.159397,1.87846,-3.629936,1.40475,9270300,121.251071,-74355997.154343,-0.051613,62.20923,2.93889,8.880525,141.699013,0.043255,0.877153,0.512795,0.759667,0.377405
11-05-25,62.900002,63.709999,62.779999,63.41,147800,62.567499,61.0116,55.018767,0.089587,0.078488,0.02354,TRUE,TRUE,5.992832,0.101321,28.416007,16.802326,57.11083,-6.871318,0.825641,-0.002788,9.592117,28.556074,26.685333,66.341456,3.055422,1.35738,131.176337,0.912734,0.753263,0.268271,2.837157,2.178079,-3.629936,0.800282,9418100,13.517665,-74303551.719262,-0.014737,68.564172,2.867196,9.413117,141.198476,0.049214,1.000624,0.517949,0.753263,0.642266
11-06-25,63.299999,63.299999,62.060001,62.189999,155400,62.563999,61.0884,55.059824,0.092077,0.078984,0.023667,TRUE,TRUE,6.028576,0.101504,8.030811,16.545395,48.881334,-16.361863,0.679155,-0.119419,7.113326,25.523549,22.635267,30.851042,-0.112431,1.432247,131.272005,0.93862,0.794941,0.291574,2.710511,1.218571,-3.790224,0.833244,9262700,30.478589,-74426368.480579,-0.078452,62.295217,0.383056,8.141061,139.56761,0.005686,0.114263,0.539976,0.794941,-0.284905
11-07-25,61.82,62,60.880001,62,280200,62.556499,61.1594,55.096236,0.094049,0.079445,0.023798,TRUE,TRUE,6.063164,0.101274,-3.066024,17.370012,47.727876,-6.820313,0.541491,-0.205666,5.783995,23.916133,19.030274,28.644475,-0.241354,1.483871,131.563514,0.939991,0.796431,0.291517,2.751362,1.111769,-4.084158,1.439544,8982500,138.87468,-74146168.480579,-0.017466,54.615118,-1.017996,6.973972,139.047775,0.001898,0.038079,0.539923,0.796431,-0.422989
11-10-25,62.889999,63.459999,62.75,63.369999,175900,62.724999,61.2506,55.139048,0.096366,0.079962,0.023934,TRUE,TRUE,6.111551,0.103066,11.608973,16.433913,55.822777,-1.288052,0.536752,-0.168324,8.491695,26.704849,19.757356,63.682812,5.616665,1.581415,117.976958,0.979026,0.853343,0.323226,2.61779,1.682853,-4.084158,0.964496,9158400,-58.248279,-74014862.979885,0.131908,56.296449,0.454127,8.573094,140.360661,0.012267,0.241773,0.56853,0.853343,0.546717
11-11-25,63.02,63.290001,62.790001,63.18,119500,62.840499,61.3532,55.182459,0.098308,0.080527,0.024075,TRUE,TRUE,6.170741,0.103787,16.969081,15.564679,54.560841,5.679507,0.511765,-0.154649,6.813185,21.357263,19.285892,58.823512,3.794975,1.516076,109.891007,0.976952,0.84048,0.315893,2.372121,1.747161,-4.084158,0.6856,9038900,-57.47331,-73947943.271634,0.135001,58.757614,-1.364188,3.744859,139.2931,0.010452,0.205337,0.562043,0.84048,0.308943
11-12-25,63.490002,63.490002,62.810001,63.110001,136600,62.930499,61.4632,55.233708,0.09978,0.081152,0.024221,TRUE,TRUE,6.229492,0.104169,11.111149,14.543769,54.075821,6.347945,0.480773,-0.148513,6.622744,19.45831,19.198613,57.033239,2.935898,1.517758,103.904487,0.977327,0.79495,0.294796,2.222956,1.711897,-4.084158,0.790418,8902300,-17.809868,-73964014.220483,0.121171,58.959931,-2.57801,0.727534,137.474779,-0.001912,-0.036979,0.542951,0.79495,0.172756
11-13-25,62.73,62.810001,61.610001,61.799999,248600,62.967499,61.5392,55.274163,0.099936,0.081767,0.024371,TRUE,TRUE,6.265037,0.10081,-10.251056,14.699057,45.859652,-9.963126,0.34651,-0.22622,4.480131,16.231619,16.92257,23.529366,1.211919,1.631992,98.045529,0.999838,0.82891,0.347874,2.393518,1.483793,-4.393565,1.403846,8653700,52.23515,-74133891.5062,0.084942,51.696756,-3.10389,0.009205,137.034687,0.004231,0.083187,0.589809,0.82891,-1.190773
11-14-25,60.91,62.330002,60.700001,61.849998,188400,62.986999,61.6046,55.315418,0.098363,0.082347,0.024524,TRUE,TRUE,6.289182,0.096766,-24.439234,15.517193,46.195668,-8.365174,0.241359,-0.265098,5.115565,16.347518,17.260544,28.117302,0.634558,1.683797,95.237115,0.995884,0.830902,0.352488,2.640265,1.662205,-4.393565,1.053809,8842100,21.941748,-74056451.7187,0.077453,46.012837,-2.829437,0.852984,136.752067,0.014119,0.279696,0.593707,0.830902,-1.193863
11-17-25,61.639999,62.220001,60.970001,61.34,208500,62.940999,61.6592,55.353023,0.094443,0.082828,0.024682,FALSE,TRUE,6.306176,0.091131,-35.680779,16.27689,43.24726,-10.828561,0.115541,-0.312732,4.231099,14.698622,17.04606,15.647906,-1.477671,1.768829,100.981918,0.999784,0.847709,0.373362,2.970032,1.57964,-5.105197,1.127057,8633600,147.624703,-74141520.075023,0.037087,39.711101,-2.834121,0.46191,136.771504,0.026092,0.523343,0.611033,0.847709,-1.585431
11-18-25,60.900002,61.169998,60.099998,60.630001,408600,62.860999,61.6936,55.387479,0.087568,0.083174,0.024843,FALSE,TRUE,6.306121,0.085639,-44.704641,17.570978,39.470396,-6.389256,-0.040989,-0.37541,4.444448,13.796011,18.55649,11.648401,-2.571105,1.857872,112.582491,0.994575,0.833141,0.356715,2.925442,0.862972,-6.203587,2.026635,8225000,436.220472,-74145336.670031,0.026378,26.195537,-2.60198,-0.080197,135.308865,-0.003737,-0.074364,0.597256,0.833141,-1.981656
11-19-25,60.689999,61.59,60.43,60.93,283200,62.827999,61.73,55.425531,0.07845,0.08338,0.025009,FALSE,TRUE,6.304468,0.080222,-32.850322,18.246214,41.783863,-4.411805,-0.139228,-0.378919,5.561329,15.879517,18.335433,18.241786,-1.071602,1.868654,117.369617,0.994912,0.838704,0.358161,3.228128,1.071793,-6.203587,1.389564,8508200,18.295739,-74184398.706882,0.019021,35.78478,-1.901,0.121628,135.129842,-0.008754,-0.174342,0.598465,0.838704,-1.617113
11-20-25,62.189999,62.369999,59.400002,59.490002,826200,62.696499,61.7374,55.453038,0.06635,0.083368,0.025179,FALSE,TRUE,6.284362,0.072645,-48.449211,19.532633,34.890525,-8.356735,-0.329481,-0.455338,3.623065,13.076429,14.738693,1.714289,-4.233737,2.168431,138.542812,1.043015,0.893393,0.374804,3.789595,0.33124,-7.9672,3.459654,7682000,555.19429,-74960525.850981,-0.166456,25.222822,-2.447091,-1.541213,133.003342,-0.037305,-0.71807,0.612212,0.893393,-2.314445
11-21-25,59.700001,60.619999,58.959999,59.900002,466900,62.5525,61.7456,55.481646,0.05212,0.083147,0.025353,FALSE,TRUE,6.263953,0.065846,-45.951642,20.977576,38.025543,-1.444853,-0.442078,-0.454348,2.726805,14.968774,15.618424,19.624264,-4.587444,2.276412,151.947913,1.046278,0.897021,0.379061,3.11698,0.461146,-7.9672,1.827683,8148900,248.693055,-74898646.115758,-0.146989,19.343375,-3.128584,-0.561566,132.964047,-0.033379,-0.642695,0.615679,0.897021,-1.745663
11-24-25,60.41,61.599998,60.41,61.529999,186100,62.433,61.7822,55.517006,0.037209,0.082804,0.025532,FALSE,TRUE,6.265193,0.062249,-14.634188,21.155866,48.617958,6.834096,-0.395229,-0.325999,5.830752,15.702086,18.263804,54.105257,-3.739048,2.254416,150.01293,1.099646,0.960415,0.408547,3.210771,0.945299,-7.9672,0.720578,8335000,43.153846,-74734440.163221,-0.135414,24.599674,-1.98256,-0.358191,134.956649,-0.025081,-0.470795,0.639177,0.960415,-0.601949
11-25-25,61.290001,61.970001,60.689999,61.860001,201000,62.307,61.8148,55.557462,0.022072,0.082334,0.025717,TRUE,TRUE,6.257338,0.057753,-15.930118,20.922407,50.463901,15.573376,-0.327695,-0.206772,6.015428,15.995875,18.738757,64.017657,-3.914254,2.282804,143.228524,1.086187,0.971182,0.438055,3.225507,1.402431,-7.9672,0.771371,8536000,29.844961,-74567987.159898,-0.112176,25.553251,-2.170468,-0.400895,134.230749,-0.004142,-0.08076,0.661857,0.971182,-0.312088
11-26-25,62.169998,62.560001,62,62.400002,144800,62.195,61.8594,55.597521,0.007439,0.081754,0.025907,TRUE,TRUE,6.261878,0.053186,2.320476,20.098582,53.413288,15.387745,-0.227972,-0.085639,6.757914,17.426262,19.592144,75.9382,-3.465343,2.188644,132.37161,1.084457,0.971936,0.446019,3.213034,1.802561,-7.9672,0.580978,8680800,-61.033369,-74505929.735221,-0.145492,29.433976,-1.816203,0.174913,134.347873,0.01137,0.223611,0.667847,0.971936,0.154868
11-27-25,62.59,62.59,62.380001,62.490002,39500,62.137,61.9098,55.63863,-0.006539,0.081107,0.026103,TRUE,TRUE,6.271169,0.04916,5.474883,19.302879,53.905882,5.287924,-0.140064,0.001815,6.25744,17.441127,19.104455,77.924957,-1.822466,2.059758,128.134342,1.082156,0.969763,0.444148,3.182371,1.676146,-7.9672,0.166123,8720300,-85.299591,-74504048.372823,-0.095606,32.504073,-2.538416,-0.208178,134.425318,0.00931,0.183177,0.666445,0.969763,0.275494
11-28-25,62.599998,62.98,62.529999,62.950001,125900,62.0835,61.9566,55.681939,-0.019414,0.080412,0.026305,TRUE,TRUE,6.274661,0.046623,-5.223862,18.157933,56.441027,5.977126,-0.0329,0.087184,8.441002,18.483527,20.993121,88.079457,-1.671346,1.934641,121.942669,1.079093,0.966611,0.441117,2.949168,1.616203,-7.9672,0.530351,8846200,-5.763473,-74394934.327979,-0.063913,31.516123,-0.141791,0.252503,134.919027,0.0095,0.186935,0.664166,0.966611,0.71058
12-01-25,62.369999,62.900002,62.209999,62.709999,193500,62.0055,61.9898,55.720103,-0.030863,0.079641,0.026513,TRUE,TRUE,6.269696,0.0435,-5.809659,17.39927,54.74912,1.335832,0.032291,0.121899,8.852627,17.194696,19.274372,82.78141,-2.427256,1.960271,111.787114,1.081042,0.952967,0.440741,2.868493,1.507447,-7.9672,0.807124,8652700,32.081911,-74308000.537621,-0.03497,30.871359,1.350877,1.086673,135.66103,0.023781,0.466961,0.663883,0.952967,0.630215
12-02-25,62.959999,63.32,62.720001,63.189999,153600,62.0165,62.026,55.759619,-0.040673,0.078827,0.026726,TRUE,TRUE,6.266381,0.041444,0.941154,16.244356,57.493523,3.587642,0.121289,0.168718,8.948273,17.108193,20.232947,97.018325,0.349369,1.937467,112.888944,1.083099,0.954591,0.440087,2.968244,1.566525,-7.9672,0.654983,8806300,-40.511232,-74220961.253768,0.028791,31.198706,1.971529,0.883595,136.699417,0.026013,0.509525,0.66339,0.954591,1.039516
12-03-25,63,63.369999,62.77,63.299999,125900,62.011,62.0736,55.799185,-0.04839,0.077987,0.026947,TRUE,TRUE,6.274415,0.03967,20.547958,15.11798,58.120372,1.679345,0.198409,0.196671,8.057353,16.987267,19.310268,98.412705,-0.173475,1.832543,112.198976,1.082749,0.952795,0.439631,3.042319,1.52661,-7.9672,0.539383,8932200,-14.817321,-74124437.867072,0.038368,35.932844,1.355255,-0.166767,136.433178,0.019767,0.387144,0.663047,0.952795,1.148851
12-04-25,63.5,63.5,62.91,63.240002,201200,62.0635,62.1238,55.838301,-0.054575,0.07711,0.027173,TRUE,TRUE,6.285498,0.037582,19.015108,14.151073,57.621242,2.872122,0.251784,0.200036,7.899678,17.987004,18.839775,94.273166,1.688379,1.716815,115.48898,1.083025,0.922884,0.423098,2.980193,1.498934,-7.9672,0.853609,8731000,29.472329,-74100565.489999,0.069112,41.575677,0.412923,-0.410385,134.872463,0.008624,0.16643,0.65046,0.922884,1.018713
12-05-25,63.419998,63.830002,63.349998,63.52,184000,62.1395,62.1848,55.880016,-0.059041,0.076209,0.027406,TRUE,TRUE,6.304784,0.03635,30.79099,13.625713,59.374675,1.881152,0.313069,0.209057,7.825498,17.199176,17.907562,93.634472,2.451614,1.63503,119.963765,1.081827,0.909259,0.410434,3.110522,1.455815,-7.9672,0.796899,8915000,-34.33262,-74154231.547378,-0.001746,47.176324,0.768308,-0.145513,136.170027,0.027169,0.519219,0.640651,0.909259,1.150764
12-08-25,63.700001,63.799999,63.110001,63.310001,155700,62.1365,62.2368,55.926373,-0.060261,0.075274,0.027644,TRUE,TRUE,6.310426,0.034907,40.729524,12.83393,57.454628,-0.665744,0.340764,0.189402,7.105398,16.682708,17.910652,89.322379,-0.094678,1.5784,119.646948,1.082878,0.91858,0.419652,2.864361,1.28738,-7.9672,0.677295,8759300,-11.483798,-74219670.153849,-0.044546,50.651325,0.817965,-0.361571,136.513862,0.016452,0.316593,0.647806,0.91858,0.980803
12-09-25,63.279999,63.5,63.099998,63.419998,151400,62.1485,62.285,55.976526,-0.058602,0.074292,0.027887,TRUE,TRUE,6.308473,0.034341,38.967153,12.085628,58.216811,0.595569,0.367354,0.172793,7.273341,16.201015,16.98564,91.581038,0.379864,1.490066,120.862775,1.078028,0.91368,0.416394,2.6493,1.117932,-7.9672,0.654052,8910700,26.694561,-74128831.308935,-0.039072,43.776801,1.116667,-0.671525,136.573492,0.011406,0.219867,0.645286,0.91368,1.052018
12-10-25,63.34,63.830002,63.049999,63.68,285200,62.177,62.3354,56.031225,-0.054074,0.07328,0.028136,TRUE,TRUE,6.304175,0.033923,80.422312,11.806761,60.039127,0.664452,0.404741,0.168144,7.043198,17.020007,18.511705,96.919888,0.903184,1.238335,123.883655,1.078502,0.909428,0.415911,2.203286,1.242452,-7.9672,1.193755,9195900,108.784773,-73953324.367677,0.002237,63.452796,0.912846,-0.291426,136.073317,0.003978,0.076614,0.644912,0.909428,1.213235
12-11-25,63.360001,63.48,62.700001,63.459999,244900,62.26,62.3746,56.084324,-0.046642,0.072217,0.02839,TRUE,TRUE,6.290275,0.03261,70.916333,11.054974,57.744229,0.289601,0.41187,0.140219,6.298155,16.423432,18.387916,89.181213,2.686084,1.166089,126.752516,1.078592,0.900385,0.409357,1.531729,1.239137,-7.9672,1.025867,8951000,-1.488335,-73720983.649143,0.086482,68.707066,-0.86924,-1.23182,134.936787,-0.001323,-0.025334,0.63981,0.900385,0.946726
12-12-25,63.18,63.25,62.049999,62.259998,298500,62.2805,62.3858,56.138465,-0.037547,0.071062,0.028649,FALSE,TRUE,6.247335,0.030221,15.904129,10.9922,47.15632,-11.060491,0.317036,0.036307,3.370411,15.705872,14.111174,49.999939,0.662894,1.155294,126.38553,1.101011,0.908856,0.399867,1.373734,0.503055,-7.9672,1.222209,8652500,58.43949,-73915009.171041,0.028957,58.313943,-2.983496,-2.169014,132.668667,-0.041083,-0.764631,0.63235,0.908856,-0.016222
12-15-25,62.720001,62.720001,61.849998,61.959999,95600,62.3115,62.3966,56.18701,-0.027672,0.069802,0.028912,FALSE,TRUE,6.20959,0.027994,2.19295,11.165733,44.93793,-15.101197,0.215191,-0.05243,2.974906,13.525938,14.208454,5.555577,1.010758,1.113622,124.706465,1.099497,0.914606,0.396864,1.350849,0.213111,-7.9672,0.400696,8556900,-54.148681,-73986434.40058,0.032501,52.61433,-3.580605,-3.86951,132.170913,-0.044929,-0.835275,0.629972,0.914606,-0.281863
12-16-25,61.779999,62.240002,61.59,62.110001,113400,62.3855,62.4012,56.242397,-0.017056,0.068439,0.029178,FALSE,TRUE,6.158802,0.026522,-6.954461,11.624631,46.298267,-11.445962,0.144911,-0.098168,3.56845,14.915244,13.711547,23.214289,2.441035,1.105183,118.43692,1.097825,0.891119,0.382846,1.4037,0.14151,-7.9672,0.506646,8670300,-72.246696,-73918394.666786,0.050696,47.2712,-2.113891,-1.887393,133.463616,-0.029457,-0.5422,0.618746,0.891119,-0.232613
12-17-25,62.150002,62.16,60.93,60.93,214000,62.3855,62.3892,56.292484,-0.006247,0.066921,0.029447,FALSE,TRUE,6.096716,0.022295,-29.65783,12.735434,38.285241,-8.871079,-0.005934,-0.19921,0.527965,12.773696,9.984855,0,0,1.246161,118.43692,1.121385,0.89005,0.363284,1.74729,-0.132889,-7.9672,0.971116,8456300,-24.435028,-74132394.666786,0.0118,42.576561,-4.650328,-3.970431,130.928,-0.055202,-0.979324,0.602731,0.89005,-1.228924
12-18-25,61.91,62.150002,61.610001,61.810001,101100,62.5015,62.3802,56.343625,0.004809,0.065289,0.029719,FALSE,TRUE,6.036575,0.019188,-20.070411,13.766895,45.81676,0.87883,-0.05385,-0.197701,1.244885,15.254617,11.976504,30.344848,3.899814,1.31278,98.221139,1.135761,0.905413,0.371279,1.890796,0.277891,-7.9672,0.549128,8557400,-87.763253,-74158605.619187,0.217783,41.975872,-3.702264,-2.633237,131.794449,-0.040762,-0.71853,0.609327,0.905413,-0.704022
12-19-25,62.07,62.610001,62.07,62.560001,97200,62.6345,62.3884,56.405707,0.015784,0.063593,0.029995,TRUE,TRUE,5.982693,0.01681,-2.423227,13.943998,51.274497,4.976229,-0.030948,-0.139839,1.922451,16.328178,17.694269,56.206904,4.440734,1.303892,76.817941,1.144138,0.914088,0.377925,1.905342,0.655447,-7.9672,0.586868,8654600,-79.181838,-74079405.314012,0.247318,47.629933,-3.357193,-2.604492,132.288156,-0.029953,-0.526924,0.614756,0.914088,-0.096981
12-22-25,63.029999,63.110001,62.77,62.880001,93800,62.702,62.446,56.467341,0.025713,0.061848,0.030274,TRUE,TRUE,5.978659,0.015247,-5.140922,13.349495,53.429896,15.144655,0.012875,-0.076813,3.217339,15.634794,18.808963,67.24137,2.194055,1.29044,72.406436,1.1448,0.916805,0.381148,1.923738,0.681558,-7.9672,0.582573,8748400,-49.596991,-74112510.886834,0.193134,46.293696,-3.052326,-3.311742,132.318134,-0.036132,-0.636902,0.617372,0.916805,0.245836
12-23-25,62.740002,63.18,62.73,63.150002,85200,62.7665,62.4916,56.540312,0.03417,0.060078,0.030557,TRUE,TRUE,5.951288,0.014514,-2.423227,12.694901,55.229445,9.412685,0.0686,-0.01687,3.984854,14.387669,18.293783,76.551726,2.085355,1.267957,70.223896,1.144419,0.92088,0.38008,1.929977,0.666813,-7.9672,0.548898,8833600,-57.61194,-74038670.405335,0.170505,45.343199,-2.630813,-4.133701,132.633872,-0.028813,-0.507621,0.616506,0.92088,0.546112
12-24-25,63.09,63.360001,63.09,63.360001,46770,62.8145,62.5326,56.614782,0.040853,0.058353,0.030843,TRUE,TRUE,5.917818,0.014261,1.892728,11.817089,56.633075,5.358578,0.12823,0.034208,4.779228,14.533624,17.545295,83.79307,1.53846,1.227679,70.86493,1.144707,0.919006,0.378445,1.925811,0.686679,-7.9672,0.311139,8880370,-67.700276,-73991900.405335,0.17098,41.422692,-2.007699,-4.767849,133.131131,-0.023448,-0.412451,0.615179,0.919006,0.769775
12-29-25,63,63.18,62.799999,63.009998,164200,62.8405,62.5716,56.684856,0.04606,0.056632,0.031133,TRUE,TRUE,5.886744,0.013889,-7.956347,11.423241,53.615956,0.18606,0.145567,0.041236,3.788502,12.921145,15.296117,71.724032,0.832128,1.231098,70.564988,1.1456,0.920605,0.379925,1.945073,0.430178,-7.9672,1.048843,8716170,315.696203,-73974617.496134,0.169089,33.156259,-2.819528,-5.354447,132.647787,-0.036074,-0.634812,0.61638,0.920605,0.240202
12-30-25,62.849998,63.02,62.77,62.77,103700,62.8315,62.5978,56.758374,0.049236,0.054872,0.031426,TRUE,TRUE,5.839426,0.013378,-8.385104,11.101385,51.586501,-3.642943,0.138346,0.027212,2.884777,12.009278,16.601738,63.448248,-0.285942,1.185736,70.532758,1.146319,0.92153,0.380571,1.976122,0.266939,-7.9672,0.667123,8612470,-17.633042,-74078317.496134,0.101843,34.002963,-2.800096,-6.288235,132.282467,-0.043905,-0.772522,0.616904,0.92153,-0.087193
12-31-25,62.810001,62.810001,62.240002,62.290001,89900,62.8105,62.5984,56.8235,0.049756,0.053048,0.03172,FALSE,TRUE,5.7749,0.011546,-16.593192,11.539648,47.697823,-8.935252,0.092822,-0.01465,1.847615,10.462851,17.131207,46.896548,-0.669747,1.214367,71.531708,1.149265,0.980972,0.415843,2.057542,0.194686,-7.9672,0.598282,8522570,-53.540052,-74152445.798526,0.051761,35.064205,-3.111066,-6.588433,131.913434,-0.025844,-0.467065,0.644859,0.980972,-0.727648
01-02-26,62.880001,63.110001,61.84,62.130001,247400,62.7575,62.5964,56.886327,0.048481,0.051131,0.032018,FALSE,TRUE,5.710073,0.010183,-23.09983,12.435272,46.441121,-7.174835,0.043333,-0.051311,1.024392,10.414076,17.915384,47.058868,-1.677477,1.273827,72.492367,1.145931,0.969813,0.411747,1.869483,-0.036971,-7.9672,1.596608,8275170,61.067708,-74286859.655785,-0.021264,21.292122,-4.303293,-7.197553,130.850594,-0.04985,-0.900381,0.641675,0.969813,-0.865607
01-05-26,62.75,62.860001,62.5,62.549999,208600,62.72,62.6156,56.9554,0.04547,0.049159,0.032318,FALSE,TRUE,5.6602,0.008902,-13.169318,13.266922,50.153726,-1.432775,0.03757,-0.045659,1.377631,10.12324,18.983106,66.666614,-1.184834,1.236726,71.471005,1.146512,0.964511,0.411757,1.776578,0.249569,-7.9672,1.31122,8483770,65.687053,-74437516.193741,-0.098398,32.397764,-4.809769,-7.816776,130.465009,-0.05329,-0.962038,0.641683,0.964511,-0.23786
01-06-26,62.779999,63.220001,62.68,63.200001,121200,62.718,62.6372,57.024776,0.042193,0.047131,0.032621,TRUE,TRUE,5.612424,0.009866,14.779911,13.335222,55.316106,7.618284,0.084479,0.001,2.898083,10.78002,18.309158,93.415645,-0.063253,1.140372,71.323273,1.144158,0.969099,0.418646,1.716243,0.216034,-7.9672,0.781489,8604970,-39.761431,-74325294.161782,-0.072452,42.473953,-2.421763,-7.654401,131.270477,-0.060433,-1.099675,0.647029,0.969099,0.675797
01-07-26,63.18,63.619999,63.080002,63.220001,140700,62.703,62.646,57.094951,0.038917,0.04505,0.032928,TRUE,TRUE,5.551049,0.010625,20.723713,12.690523,55.46893,9.027809,0.121864,0.030707,2.165482,12.411094,17.012197,85.130189,-0.472291,1.102725,69.848024,1.143832,0.95139,0.409526,1.612526,0.264281,-7.9672,0.920068,8745670,-23.532609,-74393038.532601,-0.078081,49.170245,-2.162289,-5.158326,132.473333,-0.050474,-0.9116,0.639942,0.95139,0.74018
01-08-26,63.130001,63.130001,62.599998,62.880001,100300,62.6815,62.6252,57.162278,0.03444,0.04291,0.033237,TRUE,TRUE,5.462922,0.007123,12.280708,12.781199,52.200507,2.046781,0.122642,0.025189,2.194055,11.4696,18.57467,72.490772,-0.679198,1.10528,68.530639,1.050976,0.824605,0.347355,1.537278,1.023114,-7.9672,0.667983,8645370,-35.581246,-74387360.710998,-0.05584,49.483319,-3.659706,-7.662441,130.578566,-0.022052,-0.41231,0.589368,0.824605,0.289653
01-09-26,63,63.610001,62.73,63.5,144700,62.6855,62.6076,57.227711,0.029389,0.040769,0.033548,TRUE,TRUE,5.379889,0.005952,45.008758,12.067936,57.157924,1.841818,0.171313,0.059088,1.991651,11.756424,19.721265,94.029899,0.126146,1.055119,69.006082,1.042423,0.823146,0.333542,1.319958,0.913742,-7.9672,0.965835,8790070,-4.425363,-74278835.867813,-0.050062,59.636884,-4.360359,-7.855562,131.045664,-0.0172,-0.320847,0.577531,0.823146,1.18033
01-12-26,63.110001,63.700001,63.080002,63.549999,136000,62.679,62.5858,57.291896,0.023889,0.038641,0.033862,TRUE,TRUE,5.293904,0.005462,35.655714,11.263186,57.540366,2.071436,0.211482,0.079405,2.252611,12.061365,19.72536,91.935404,-0.204147,0.98685,68.074951,1.038959,0.81652,0.327369,1.175434,0.752763,-7.9672,0.955335,8926070,-52.314165,-74208643.102214,-0.089675,60.49338,-5.289531,-7.605795,130.445497,-0.023668,-0.440937,0.572162,0.81652,1.279471
01-13-26,63.599998,63.759998,63.200001,63.419998,115600,62.677,62.5812,57.359926,0.018915,0.036569,0.034179,TRUE,TRUE,5.221275,0.004211,20.187726,10.500322,56.137185,3.936677,0.230173,0.078477,5.699997,12.04947,21.399072,82.291642,-0.063033,0.961842,67.838883,1.037721,0.8221,0.325553,1.100586,0.805467,-7.9672,0.850666,8810470,-52.79706,-74233415.205756,-0.188542,60.936501,-3.433856,-8.074663,130.098148,-0.031375,-0.584422,0.570572,0.8221,1.095239
01-14-26,63.099998,63.139999,62.25,62.740002,215700,62.701,62.5556,57.426153,0.013981,0.034551,0.034496,TRUE,TRUE,5.129447,0.002393,-3.030293,11.072029,49.357097,-7.800827,0.187949,0.029002,3.072125,10.457751,20.55836,46.875124,0.770966,1.042853,67.131353,1.045106,0.867549,0.347524,1.11711,0.362499,-7.9672,1.637148,8594770,-27.738693,-74211601.869737,-0.112556,52.204521,-4.461661,-8.893814,128.650179,-0.077806,-1.463087,0.589511,0.867549,0.058097
01-15-26,63.400002,63.52,62.889999,62.939999,163500,62.75,62.529,57.499821,0.009604,0.032626,0.034815,TRUE,TRUE,5.029179,0.002186,-4.615457,10.963245,51.22305,-6.317316,0.16868,0.007787,2.658616,10.692926,21.012333,57.291642,1.581665,1.076989,64.980128,1.03262,0.852926,0.335701,1.133776,0.115049,-7.9672,1.20978,8758270,71.025105,-74349149.928786,-0.134191,54.086057,-4.375891,-9.817651,128.636174,-0.082617,-1.55829,0.579397,0.852926,0.292394
01-16-26,63.279999,63.400002,62.68,62.900002,123800,62.7895,62.5276,57.57349,0.0063,0.030761,0.035135,TRUE,TRUE,4.95411,0.001826,-10.502287,11.140291,50.819772,-5.317413,0.14847,-0.009939,3.01343,10.525394,18.256055,55.208458,1.271938,1.128776,63.263392,1.03264,0.919886,0.360772,1.163524,0.11111,-7.9672,0.912518,8634470,9.171076,-74397294.081712,-0.176496,49.815684,-4.668663,-9.213718,128.686576,-0.11062,-2.126958,0.600643,0.919886,0.174668
01-19-26,62.060001,62.630001,61.950001,62.43,168300,62.8645,62.508,57.642911,0.00346,0.028952,0.035455,FALSE,TRUE,4.865089,-0.000427,-12.888878,12.162608,46.215297,-3.1418,0.093451,-0.051966,1.578264,8.895863,18.171166,30.729204,2.461841,1.181895,46.810298,1.028415,0.928377,0.370478,1.234534,0.183915,-7.9672,1.261775,8466170,-21.35514,-74327994.414937,-0.073322,49.759592,-6.991252,-9.621542,127.698745,-0.103327,-2.010194,0.608669,0.928377,-0.928215
01-20-26,61.860001,62.259998,61.470001,61.509998,213200,62.8495,62.4944,57.705934,0.001517,0.027156,0.035773,FALSE,TRUE,4.788466,-0.003336,-24.3244,13.588299,38.803941,-12.419109,-0.02411,-0.135622,-1.204626,7.403523,14.609842,1.746601,-0.485363,1.282021,50.687356,1.040459,0.924291,0.387538,1.467143,-0.411765,-7.9672,1.53394,8252970,110.880317,-74519606.027112,-0.129867,47.352235,-7.17016,-9.887117,127.62704,-0.110511,-2.15448,0.622525,0.924291,-2.642675
01-21-26,61.630001,62.810001,61.57,62.360001,314600,62.8395,62.5016,57.78624,0.001008,0.025416,0.036091,FALSE,TRUE,4.71536,-0.0037,1.261257,13.973855,47.224824,-3.594948,-0.048136,-0.127718,0.208904,8.320307,14.805034,38.864651,-0.319694,1.348163,51.479661,1.046843,0.924081,0.380801,1.456769,-0.328522,-7.9672,2.099314,8567570,223.662551,-74433344.814839,-0.118091,55.920576,-7.6092,-9.471947,128.933683,-0.102074,-1.967056,0.617091,0.924081,-0.931435
01-22-26,62.959999,62.98,62.560001,62.830002,124700,62.837,62.4908,57.882728,0.001221,0.023744,0.036407,TRUE,TRUE,4.608072,-0.001337,11.945412,14.05961,51.221732,5.006435,-0.028917,-0.0868,2.013317,9.593581,16.397935,59.388748,-0.079515,1.264182,51.471098,1.024253,0.932795,0.40551,1.362804,-0.610138,-7.9672,0.823627,8692270,32.942431,-74397715.272605,-0.094187,64.323013,-5.783828,-8.263117,129.582365,-0.124217,-2.496906,0.636797,0.932795,-0.013597
01-23-26,62.790001,63.310001,62.669998,63.049999,110000,62.832,62.4882,57.980266,0.002178,0.022198,0.036723,TRUE,TRUE,4.507934,0.002226,8.833928,13.622883,53.015444,14.211504,0.004019,-0.043091,1.497103,9.690327,15.227906,68.995634,-0.158357,1.249575,51.198886,1.020814,0.950077,0.42143,1.313235,-0.707961,-7.9672,0.720633,8802270,29.107981,-74377090.559451,-0.110853,62.732557,-5.942387,-8.312113,129.686677,-0.141186,-2.886479,0.649176,0.950077,0.425789
01-26-26,63.029999,63.52,62.959999,63.32,84100,62.83,62.4924,58.082749,0.003765,0.020823,0.037039,TRUE,TRUE,4.409651,0.006747,2.272709,12.899374,55.193166,7.968342,0.051316,0.003365,0.860148,9.778085,15.531571,80.786062,-0.063133,1.231839,50.989154,1.020994,1.017608,0.45859,1.30854,-0.701519,-7.9672,0.544301,8886370,79.816121,-74353062.069863,-0.116873,62.093824,-5.919887,-8.294223,130.322856,-0.16631,-3.514246,0.677193,1.017608,0.960988
01-27-26,63.580002,63.950001,63.5,63.849998,100700,62.872,62.5334,58.162865,0.00634,0.019632,0.037354,TRUE,TRUE,4.370535,0.010532,10.880794,12.344661,59.191616,7.969884,0.130067,0.065693,-0.109511,10.467127,17.160397,95.967649,1.333122,1.231682,55.783961,1.007626,1.002825,0.458953,1.672965,-0.088904,-7.9672,0.665411,8987070,-38.672351,-74297118.573911,-0.106552,61.384309,-6.667245,-6.816345,131.658753,-0.119873,-2.567457,0.67746,1.002825,1.753189
01-28-26,64.339996,64.379997,63.950001,64.040001,110800,62.9355,62.5772,58.253669,0.009633,0.018608,0.037669,TRUE,TRUE,4.323532,0.015245,20.567389,12.387762,60.550728,7.535284,0.205441,0.112853,-0.528109,10.451882,21.149972,88.316261,2.02326,1.217989,61.497507,1.005564,0.999845,0.457702,1.863101,-0.163736,-7.9672,0.730437,9097870,6.846673,-74361536.721372,-0.093355,66.334767,-7.490189,-7.26985,131.941177,-0.120783,-2.589268,0.676537,0.999845,1.796009
01-29-26,63.950001,64.040001,62.580002,63.669998,236100,63.0045,62.6238,58.338577,0.013423,0.017734,0.037984,TRUE,TRUE,4.285223,0.019773,3.153955,12.355863,56.597655,1.404489,0.232637,0.11204,-1.500621,10.041475,18.546279,75.601373,2.215439,1.290134,61.615492,1.007049,1.002515,0.459515,1.855856,-0.417882,-7.9672,1.484906,8861770,162.625139,-74245104.808013,-0.029138,56.999139,-9.562657,-7.185387,131.287592,-0.133653,-2.865741,0.677875,1.002515,1.080083
01-30-26,63.240002,63.509998,62.68,62.900002,169300,63.043,62.6692,58.418188,0.016635,0.016959,0.038298,TRUE,TRUE,4.251012,0.020869,-10.638266,12.326242,49.373632,-9.817984,0.18987,0.055418,-1.178319,8.541848,17.352665,49.140971,1.239338,1.347944,58.173142,0.984733,0.830959,0.402247,1.904923,-0.208822,-7.9672,1.091589,8692470,-31.56831,-74324654.697938,-0.012184,50.077289,-6.078437,-5.961743,133.460869,-0.080853,-1.685845,0.634229,0.830959,-0.245815
02-02-26,62.52,63.580002,62.52,63.330002,281400,63.082,62.7172,58.499649,0.019382,0.016292,0.03861,TRUE,TRUE,4.217551,0.02342,-1.404,12.481031,52.982761,-7.567967,0.188501,0.043239,-1.07778,9.776397,17.672559,63.917634,1.247007,1.395186,57.302142,0.984553,0.83385,0.402204,1.910387,-0.212923,-7.9672,1.772766,8973870,34.899329,-74175990.375028,0.082378,53.505858,-6.634795,-6.142511,133.15244,-0.079467,-1.657176,0.634195,0.83385,0.432797
02-03-26,63.619999,63.619999,61.799999,62.369999,217400,63.0405,62.7748,58.583001,0.020961,0.015684,0.03892,FALSE,TRUE,4.191799,0.022333,-5.530682,13.376945,45.230239,-11.367416,0.108699,-0.02925,-2.956275,10.330798,16.061086,30.927799,-1.313294,1.491102,59.370797,0.972351,0.798149,0.368921,1.959841,-0.104547,-7.9672,1.329298,8756470,79.372937,-74257216.798728,0.020813,53.477002,-8.551343,-6.954036,130.912746,-0.081745,-1.679955,0.607388,0.798149,-1.129345
02-04-26,62.150002,62.189999,60.73,61.25,391600,62.942,62.8018,58.660803,0.02041,0.01506,0.039227,FALSE,TRUE,4.140997,0.019079,-22.207591,15.090625,38.206403,-11.167228,-0.044408,-0.145886,-2.731461,7.192861,14.873554,14.246597,-3.116104,1.618659,71.366063,0.999195,0.769456,0.326531,2.23293,-0.496331,-7.9672,2.223863,8280870,178.322672,-73803758.004087,0.006579,42.821571,-10.527328,-8.433431,126.083263,-0.109474,-2.119353,0.571429,0.769456,-2.370875
02-05-26,60.639999,61.150002,60.139999,60.389999,306800,62.8175,62.779,58.739698,0.017382,0.01437,0.039529,FALSE,TRUE,4.039302,0.016778,-29.774612,17.080339,33.858508,-19.124253,-0.232461,-0.267151,-4.762656,4.372621,11.856919,5.896229,-3.959926,1.687839,91.409364,0.971328,0.73532,0.319552,2.660824,-1.494905,-7.9672,1.64579,7974070,205.882353,-73958677.137208,-0.03686,40.205737,-10.134554,-8.085454,125.844087,-0.135254,-2.679704,0.565289,0.73532,-2.655637
02-06-26,60.75,61.82,60.57,61.669998,128100,62.726,62.7752,58.81945,0.012906,0.013656,0.039827,FALSE,TRUE,3.95575,0.01642,-8.225126,17.92505,44.061931,-1.168308,-0.275039,-0.247783,-0.836148,6.2177,13.827732,36.084895,-2.881893,1.708402,93.356377,1.011259,0.785382,0.347286,2.758045,-0.802896,-7.9672,0.69025,8168770,-11.472011,-73848029.216344,-0.040034,45.334931,-8.297145,-8.475712,126.238294,-0.108481,-2.107813,0.589309,0.785382,-1.131151
02-09-26,61.490002,62.32,61.200001,62.16,116800,62.6565,62.7704,58.896909,0.007273,0.012947,0.04012,FALSE,TRUE,3.873491,0.016829,7.377993,18.035775,47.406764,9.200361,-0.266175,-0.191135,0.258064,6.056985,14.143033,47.641544,-2.187253,1.713321,92.064225,1.016852,0.801638,0.367769,2.666,-0.562916,-7.9672,0.632634,8467070,-14.117647,-73760725.715869,-0.036658,51.242323,-8.821045,-10.441674,126.795409,-0.099765,-1.958773,0.606439,0.801638,-0.539297
02-10-26,62.25,62.389999,61.810001,61.830002,74400,62.577,62.7572,58.966326,0.000507,0.012243,0.04041,FALSE,TRUE,3.790874,0.014531,-6.393229,18.045484,45.436301,11.577793,-0.282521,-0.165985,-2.430167,5.855165,14.992123,39.858568,-2.50709,1.639287,91.989204,0.982913,0.746449,0.310979,2.732515,-0.166517,-7.9672,0.407526,8326670,-35.640138,-73515465.31556,-0.049258,46.470519,-11.004543,-11.44595,126.880598,-0.100218,-1.949906,0.557655,0.746449,-0.81205
02-11-26,62.389999,62.389999,61.459999,61.990002,105700,62.5395,62.738,59.033896,-0.006265,0.011527,0.040694,FALSE,TRUE,3.704104,0.012577,-10.526318,18.378821,46.595345,2.533414,-0.279345,-0.130247,-1.883505,4.801353,13.977182,43.632151,-1.19541,1.670776,92.814752,0.983412,0.739646,0.306371,2.818436,-0.118579,-7.9672,0.596956,8432370,-50.996755,-73500689.496631,-0.052776,41.70095,-9.668099,-11.797189,127.548845,-0.089457,-1.733865,0.553508,0.739646,-0.592038
02-12-26,62.209999,62.25,60.610001,60.73,268700,62.429,62.6984,59.095267,-0.0136,0.010725,0.040973,FALSE,TRUE,3.603133,0.007686,-25.720605,19.387972,39.482583,-7.924181,-0.374186,-0.180071,-3.771195,2.601792,11.90707,13.915105,-3.511279,1.823057,100.622762,1.012688,0.771093,0.340075,3.111445,-0.430758,-7.9672,1.473742,8038270,64.342508,-73395195.914793,-0.076436,34.939818,-8.384214,-11.636413,125.934578,-0.101817,-1.964701,0.58316,0.771093,-1.688485
02-13-26,60.759998,61.299999,60.290001,60.830002,146000,62.3255,62.6512,59.155639,-0.021307,0.009831,0.041246,FALSE,TRUE,3.495561,0.00179,-28.13555,20.560637,40.262,-5.174301,-0.436251,-0.193708,-1.569575,2.840237,12.050104,16.273651,-3.290937,1.8729,106.024066,1.001656,0.729182,0.32847,3.374233,-0.086273,-7.9672,0.795922,7938570,17.932149,-73422802.51636,-0.060092,30.95566,-9.707038,-13.498394,123.594017,-0.094778,-1.832973,0.573123,0.729182,-1.410527
02-17-26,60.48,61.009998,59.939999,60.779999,220400,62.243,62.6008,59.215761,-0.02831,0.008876,0.041514,FALSE,TRUE,3.385039,-0.003692,-36.678565,21.89912,39.984697,-6.610648,-0.483894,-0.193081,-1.729991,3.297074,10.354241,18.918928,-2.642963,1.92615,111.448887,0.999695,0.72453,0.325183,3.637328,-0.239149,-7.9672,1.184691,7317670,30.956625,-72856101.899672,-0.044107,25.965613,-9.223919,-12.737247,121.440888,-0.092408,-1.786287,0.570248,0.72453,-1.312711
02-18-26,60.900002,61.599998,60.73,61.209999,109200,62.228,62.5602,59.275387,-0.03483,0.007898,0.041776,FALSE,TRUE,3.284813,-0.0109,-32.868747,22.247247,43.58322,4.100637,-0.481404,-0.152473,-0.211935,4.010197,10.713395,30.975604,-0.487724,1.952294,112.682421,0.954178,0.672147,0.313815,3.321525,0.600926,-7.9672,0.603849,7426870,-48.780488,-72844805.314927,0.010727,25.782303,-10.183466,-13.731065,120.555748,-0.059685,-1.198705,0.560192,0.672147,-0.903425
02-19-26,60.869999,61.18,60.700001,60.950001,67400,62.1575,62.5088,59.329519,-0.04158,0.006906,0.042033,FALSE,TRUE,3.179281,-0.017936,-31.999955,22.596136,41.94552,1.68352,-0.494709,-0.132622,0.527791,4.995696,10.04435,27.445708,-2.261065,1.84929,116.169966,0.952405,0.663005,0.304608,3.040783,0.292591,-7.9672,0.400047,6910070,-78.575969,-72794848.793519,-0.013253,27.529469,-10.035113,-13.357943,120.171049,-0.07374,-1.473901,0.551913,0.663005,-1.039425
02-20-26,60.66,61.66,60.549999,61.5,245300,62.091,62.4726,59.388248,-0.048295,0.005925,0.042285,FALSE,TRUE,3.084352,-0.021365,-16.908218,22.21309,46.52331,6.538613,-0.45562,-0.074827,0.935499,6.548854,10.977326,42.391338,-2.116826,1.846689,115.924155,0.892466,0.611525,0.287591,3.132069,-0.226954,-7.9672,1.40565,7155370,96.712109,-72620265.80431,0.027018,35.921253,-9.539207,-12.169839,120.594986,-0.089038,-1.876368,0.536275,0.611525,-0.509816
02-23-26,61.290001,61.41,60.5,60.740002,124000,61.9755,62.419,59.445324,-0.055616,0.004913,0.042532,FALSE,TRUE,2.973676,-0.02548,-30.081287,21.90859,41.637466,-1.945755,-0.480429,-0.079709,2.101193,5.800386,10.082022,21.739212,-3.663755,1.86274,117.365132,0.903772,0.624515,0.287041,1.94063,-0.742888,-7.9672,0.707722,6965670,12.727273,-72680423.776509,0.004303,26.797104,-8.907573,-11.946785,119.588367,-0.105929,-2.203558,0.535762,0.624515,-1.052696
02-24-26,60.810001,61.5,60.610001,61.41,86300,61.88,62.3736,59.504651,-0.063045,0.003905,0.042775,FALSE,TRUE,2.868949,-0.027518,-11.538451,21.486769,46.928893,4.983373,-0.440945,-0.032179,2.520865,5.31641,13.6411,60.000031,-3.016424,1.734244,113.558233,0.908131,0.604089,0.263357,1.689364,-0.672279,-7.9672,0.492243,6777470,2.615933,-72335806.387771,0.017082,31.935433,-7.494744,-11.141041,121.528785,-0.089756,-1.828043,0.513183,0.604089,-0.413885
02-25-26,61.720001,62.299999,61.720001,62.27,138400,61.801,62.3498,59.565832,-0.069512,0.002934,0.043014,FALSE,TRUE,2.783968,-0.02794,12.65509,19.964429,52.839437,6.316127,-0.33638,0.057908,1.202668,7.103545,16.63363,95.102086,-2.474547,1.624262,104.246127,0.92634,0.620218,0.268793,1.78946,-0.300279,-7.9672,0.781016,7259070,37.437934,-71525060.329477,0.036127,42.282313,-8.186801,-10.832865,124.537774,-0.076216,-1.527403,0.518453,0.620218,0.449897
02-26-26,62.220001,62.220001,61.029999,61.509998,145900,61.6745,62.3348,59.623313,-0.075172,0.001957,0.043248,FALSE,TRUE,2.711487,-0.028815,14.070333,19.352916,47.775637,6.138171,-0.31125,0.06643,-0.565797,5.415595,16.628156,64.0816,-3.95066,1.659427,90.02718,0.934333,0.585127,0.23786,1.630182,-0.851764,-7.9672,0.815266,7113170,31.6787,-71553259.842863,0.045892,45.631068,-9.658685,-12.607522,122.03425,-0.108883,-2.119048,0.487709,0.585127,-0.182725
02-27-26,60.959999,61.400002,60.849998,61.360001,132200,61.559,62.3228,59.669807,-0.079496,0.000983,0.043479,FALSE,TRUE,2.652993,-0.030263,-4.538762,18.978943,46.821914,-0.106978,-0.29998,0.06216,-1.666668,4.978614,16.123864,57.959247,-3.628079,1.573849,76.946289,0.933637,0.587979,0.237027,1.656419,-0.813463,-7.9672,0.760798,6765570,-44.006777,-71169630.947728,0.046268,39.068529,-9.217507,-11.79376,120.177298,-0.109764,-2.136631,0.486854,0.587979,-0.258621
03-02-26,60.509998,61.59,60.400002,61.419998,176100,61.485,62.309,59.712756,-0.082096,-0.000005,0.043707,FALSE,TRUE,2.596244,-0.030724,-11.56253,19.099075,47.275295,-5.564142,-0.282945,0.063356,-1.71228,4.438015,19.419832,60.408126,-2.352946,1.580452,70.191116,0.927933,0.588273,0.242241,1.695461,-1.008825,-7.9672,1.011459,6772170,4.016539,-71107405.046994,0.105146,32.174718,-9.926727,-13.294818,117.586888,-0.127834,-2.51226,0.49218,0.588273,-0.092607
03-03-26,60.290001,60.98,59.77,60.740002,371900,61.3555,62.3052,59.750608,-0.083588,-0.001023,0.043931,FALSE,TRUE,2.554592,-0.032015,-16.14816,19.794548,42.819456,-4.956181,-0.32062,0.020546,-3.510721,4.633941,16.246787,37.022962,-4.089689,1.723975,57.015659,0.937542,0.583901,0.257729,1.808353,-1.360042,-7.9672,2.081957,6541570,32.160625,-70877713.558146,0.123673,24.913897,-9.390539,-10.333323,118.660946,-0.127465,-2.505068,0.50767,0.583901,-1.079525
03-04-26,60.98,61.880001,60.950001,61.68,117200,61.321,62.3026,59.793209,-0.083631,-0.00206,0.044152,FALSE,TRUE,2.509391,-0.031724,-4.116887,19.181168,49.855433,3.033519,-0.271497,0.055735,-1.642479,7.064745,20.864108,75.494102,-1.106299,1.72202,52.459406,0.96034,0.613852,0.266383,1.822038,-0.875283,-7.9672,0.675037,6670770,-46.090156,-70595478.781829,0.169869,29.823911,-9.077258,-8.429523,118.458427,-0.097878,-1.888968,0.516123,0.613852,0.684339
03-05-26,61.439999,61.849998,60.84,61.470001,155100,61.332,62.2808,59.833163,-0.082486,-0.003121,0.044369,FALSE,TRUE,2.447637,-0.031216,11.419793,18.723806,48.421948,1.146652,-0.246669,0.06445,-2.721946,5.982761,20.736139,67.193738,0.359186,1.654697,52.533297,0.959029,0.622584,0.277204,1.732294,-1.092552,-7.9672,0.95862,6515670,-60.393258,-70557087.043117,0.228961,31.336045,-9.352379,-8.087005,118.945643,-0.109365,-2.129307,0.526502,0.622584,0.262693
03-06-26,60.669998,61.169998,60.439999,60.59,147100,61.342,62.235,59.869715,-0.080744,-0.004139,0.044582,FALSE,TRUE,2.365285,-0.032393,-3.305812,18.702776,42.860493,0.041037,-0.294605,0.013211,-4.281199,3.431202,17.463924,32.411071,0.331182,1.681088,50.807783,0.974889,0.638678,0.299022,1.771661,-1.373577,-7.9672,0.956375,6109370,-52.053455,-70640587.364743,0.263041,31.323175,-8.851268,-8.147255,118.040485,-0.118727,-2.3091,0.546829,0.638678,-1.480088
03-09-26,59.939999,61.48,59.740002,61.360001,201600,61.3265,62.1992,59.913613,-0.078449,-0.005109,0.044792,FALSE,TRUE,2.285587,-0.031971,7.268204,19.317283,48.440646,-1.414787,-0.267379,0.032349,-2.972804,4.692032,22.368325,63.281269,-0.502672,1.737986,50.223998,0.989685,0.646548,0.297942,1.697751,-1.059752,-7.9672,1.280122,6339770,57.377049,-70057086.496149,0.281171,40.627662,-6.830496,-6.94123,120.190836,-0.103678,-1.984736,0.545841,0.646548,0.066702
03-10-26,61.400002,61.900002,61.119999,61.34,154200,61.2855,62.1588,59.957261,-0.075732,-0.006046,0.044999,FALSE,TRUE,2.20154,-0.031025,1.717322,19.29051,48.308678,-0.11327,-0.244598,0.044105,-3.43199,4.124937,21.337632,62.5,-1.319176,1.728073,46.251576,0.987845,0.646239,0.295285,1.683658,-1.180259,-7.9672,0.967651,6185570,32.020548,-70124301.687397,0.230605,41.827648,-8.020532,-7.844617,119.928926,-0.104638,-2.003057,0.543401,0.646239,0.117833
03-11-26,61.419998,61.799999,61.099998,61.34,82200,61.261,62.1254,60.003455,-0.072559,-0.00693,0.045205,FALSE,TRUE,2.121945,-0.030323,5.335156,19.285089,48.308678,5.448185,-0.223961,0.051793,-3.111675,3.772626,26.3289,62.5,-0.792498,1.750198,44.479321,0.987145,0.6486,0.29792,1.634949,-1.0885,-7.9672,0.51457,5781470,10.483871,-70135968.852249,0.243637,41.545098,-7.92207,-7.627652,117.618058,-0.089705,-1.721643,0.54582,0.6486,0.17761
03-12-26,60.900002,60.950001,60.279999,60.299999,129000,61.1765,62.076,60.039057,-0.069207,-0.007822,0.045408,FALSE,TRUE,2.036944,-0.033241,-15.384642,20.025085,41.491822,-6.948824,-0.288204,-0.00996,-4.919582,1.995941,24.417342,21.874925,-2.72625,1.774461,45.930459,0.981277,0.658965,0.315041,1.81073,-1.042301,-7.9672,0.80169,5583470,22.043519,-70156467.062476,0.199591,32.438143,-8.858123,-8.341757,114.491683,-0.081679,-1.596569,0.561285,0.658965,-1.908322
03-12-26,60.900002,60.950001,60.279999,60.299999,128976,61.155,62.0362,60.073909,-0.065856,-0.008758,0.045608,FALSE,TRUE,1.962291,-0.03656,-6.250041,20.712224,41.491822,-6.816856,-0.335252,-0.045606,-5.307791,1.361569,23.073238,21.874925,-0.708053,1.735371,49.03221,0.979641,0.657589,0.314603,1.88744,-0.913907,-7.9672,0.837921,5583470,-52,-70277742.849332,0.243765,34.405509,-8.442854,-8.096037,114.491683,-0.074753,-1.46315,0.560895,0.657589,-1.743754
03-12-26,60.900002,60.950001,60.279999,60.299999,128976,61.155,62.0362,60.073909,-0.065856,-0.008758,0.045608,FALSE,TRUE,1.962291,-0.03656,-6.250041,20.712224,41.491822,-6.816856,-0.335252,-0.045606,-5.307791,1.361569,23.073238,21.874925,-0.708053,1.735371,49.03221,0.979641,0.657589,0.314603,1.88744,-0.913907,-7.9672,0.837921,5418770,-52,-69649996.983484,0.243765,34.405509,-8.442854,-8.096037,112.920067,-0.074753,-1.46315,0.560895,0.657589,-1.743754
03-13-26,60.48,60.900002,59.810001,59.93,1265800,61.11,61.9922,60.107861,-0.062867,-0.009747,0.045805,FALSE,FALSE,1.88434,-0.040138,-21.95847,21.747497,39.208956,-9.099722,-0.397808,-0.08653,-5.562557,0.385259,24.681576,7.421828,-1.479536,1.769922,55.830571,0.981684,0.674282,0.328896,2.105908,-1.142624,-7.9672,6.030094,4152970,766.986301,-70637091.24639,-0.058783,19.214292,-7.485637,-8.843051,113.003603,-0.090352,-1.783502,0.573495,0.674282,-2.113537
03-13-26,60.48,60.900002,59.810001,59.93,1265843,61.0675,61.9398,60.141462,-0.05996,-0.010755,0.045997,FALSE,FALSE,1.798338,-0.045595,-39.795965,22.708822,39.208956,-2.282866,-0.442286,-0.104806,-3.742368,-0.498089,21.64858,7.661236,-1.398484,1.79376,61.42935,0.951333,0.671846,0.347691,1.53698,-0.650709,-7.9672,4.828035,4152970,474.338929,-71624219.041492,-0.259275,15.497992,-5.883695,-9.129383,113.003603,-0.05856,-1.209872,0.589653,0.671846,-1.85172
03-13-26,60.48,60.900002,59.810001,59.93,1265843,61.0675,61.9398,60.141462,-0.05996,-0.010755,0.045997,FALSE,FALSE,1.798338,-0.045595,-39.795965,22.708822,39.208956,-2.282866,-0.442286,-0.104806,-3.742368,-0.498089,21.64858,7.661236,-1.398484,1.79376,61.42935,0.951333,0.671846,0.347691,1.53698,-0.650709,-7.9672,4.828035,4710370,474.338929,-71117918.347826,-0.259275,15.497992,-5.883695,-9.129383,116.541665,-0.05856,-1.209872,0.589653,0.671846,-1.85172
03-16-26,60.5,60.93,60.470001,60.630001,135342,61.0385,61.8884,60.178964,-0.055936,-0.011766,0.046186,FALSE,TRUE,1.709437,-0.048357,-15.120248,23.545303,45.757234,4.265412,-0.416252,-0.063018,-2.146543,0.764505,22.325554,41.203678,-0.947554,1.744775,62.086753,0.944756,0.666533,0.353547,1.601211,-0.732602,-7.9672,0.513645,4845712,23.93956,-71159109.293707,-0.267949,19.97637,-5.619209,-9.491323,116.510643,-0.067523,-1.411113,0.594598,0.666533,-0.657949
03-17-26,60.849998,61.130001,60.75,60.880001,50800,61.035,61.8416,60.215817,-0.051287,-0.012793,0.046371,FALSE,TRUE,1.625783,-0.049373,-8.108108,23.937106,47.915105,8.706149,-0.371169,-0.014348,-1.980357,1.517425,24.919061,52.777753,-0.114848,1.718838,62.158956,0.932501,0.654061,0.344553,1.632425,-0.969512,-7.9672,0.193404,4896512,-24.62908,-71175151.211089,-0.272384,22.236945,-6.428635,-8.86596,116.749196,-0.073278,-1.540831,0.586987,0.654061,-0.249359
03-17-26,60.849998,61.130001,60.75,60.880001,50801,61.004,61.8016,60.250424,-0.046443,-0.013888,0.04655,FALSE,TRUE,1.551176,-0.049753,-9.214973,24.300923,47.915105,8.706149,-0.331618,0.020163,-0.08206,0.445472,23.426808,52.777753,-1.008128,1.623804,61.257343,0.929697,0.651102,0.341887,1.665017,-1.118002,-7.9672,0.200844,4896512,-79.290257,-71191193.444257,-0.320539,23.642853,-4.530338,-9.411445,116.749196,-0.076354,-1.607083,0.584711,0.651102,-0.202423
03-17-26,60.849998,61.130001,60.75,60.880001,50801,61.004,61.8016,60.250424,-0.046443,-0.013888,0.04655,FALSE,TRUE,1.551176,-0.049753,-9.214973,24.300923,47.915105,8.706149,-0.331618,0.020163,-0.08206,0.445472,23.426808,52.777753,-1.008128,1.623804,61.257343,0.929697,0.651102,0.341887,1.665017,-1.118002,-7.9672,0.200844,4361612,-79.290257,-70941050.702613,-0.320539,23.642853,-4.530338,-9.411445,113.768814,-0.076354,-1.607083,0.584711,0.651102,-0.202423
03-18-26,60.75,60.790001,60,60.02,73200,60.968,61.732,60.279982,-0.042302,-0.015112,0.046725,FALSE,FALSE,1.452018,-0.050974,-11.920548,25.391393,41.352014,-4.40522,-0.365455,-0.01094,-2.895973,-1.68714,22.029166,12.962907,-1.185382,1.555435,64.89797,0.943916,0.658098,0.363581,1.767414,-1.617466,-7.9672,0.292334,4288412,-40.967742,-71010544.292963,-0.325967,26.452506,-4.760131,-8.590669,114.119922,-0.086433,-1.822108,0.602977,0.658098,-1.460754
03-18-26,60.75,60.790001,60,60.02,73201,60.8985,61.6614,60.312086,-0.039147,-0.01647,0.046893,FALSE,FALSE,1.349314,-0.051666,-32.549002,26.403973,41.352014,-6.563091,-0.387801,-0.026628,-4.060104,-2.215706,21.461937,12.962907,-2.263474,1.513782,67.313303,0.942426,0.658608,0.365275,1.621463,-1.71338,-7.9672,0.293105,4288412,-15.178447,-71080038.83268,-0.354518,22.796112,-5.080077,-8.569174,114.119922,-0.092443,-1.954499,0.60438,0.658608,-1.305091
03-19-26,59.529999,60.099998,59.23,59.84,145843,60.777,61.5898,60.340295,-0.037498,-0.017919,0.047055,FALSE,FALSE,1.249506,-0.05306,-32.1499,27.992693,40.02134,-7.893764,-0.415248,-0.04326,-4.834607,-1.772814,18.698747,22.846448,-3.902361,1.501625,63.050597,0.94087,0.64491,0.360674,1.619567,-1.645209,-7.9672,0.583103,4142569,5.37789,-71021365.905694,-0.367067,22.924313,-4.263661,-7.435736,115.035959,-0.078383,-1.653993,0.600561,0.64491,-1.486108
03-20-26,59.700001,59.700001,58.400002,58.709999,198700,60.637,61.5092,60.362553,-0.038308,-0.019526,0.047211,FALSE,FALSE,1.146647,-0.056537,-35.338343,30.012626,32.870306,-8.481707,-0.522163,-0.12014,-7.030883,-3.326199,15.769267,8.857073,-4.552104,1.580408,75.729524,0.968712,0.669476,0.388953,1.960304,-2.009648,-9.173887,0.786136,4275069,36.189171,-70838933.105568,-0.378215,22.491144,-4.603695,-7.354104,116.438176,-0.085817,-1.799053,0.623661,0.669476,-2.544584
03-20-26,59.700001,59.700001,58.400002,58.709999,198695,60.5045,61.4246,60.383214,-0.041274,-0.021296,0.047359,FALSE,FALSE,1.041386,-0.060602,-58.241753,31.888278,32.870306,-8.481707,-0.599977,-0.158363,-7.339017,-2.910538,17.858118,8.857073,-4.318777,1.526876,85.026016,0.964932,0.666097,0.386356,2.248646,-1.807848,-9.173887,0.77591,4275069,50.29879,-70942866.565485,-0.415655,15.430472,-4.953036,-7.149548,116.438176,-0.078586,-1.650398,0.621575,0.666097,-2.110532
03-20-26,59.700001,59.700001,58.400002,58.709999,198695,60.5045,61.4246,60.383214,-0.041274,-0.021296,0.047359,FALSE,FALSE,1.041386,-0.060602,-58.241753,31.888278,32.870306,-8.481707,-0.599977,-0.158363,-7.339017,-2.910538,17.858118,8.857073,-4.318777,1.526876,85.026016,0.964932,0.666097,0.386356,2.248646,-1.807848,-9.173887,0.77591,4278069,50.29879,-69788576.841746,-0.415655,15.430472,-4.953036,-7.149548,118.565428,-0.078586,-1.650398,0.621575,0.666097,-2.110532
03-23-26,59.68,60.09,59.189999,59.41,319100,60.404,61.3548,60.408174,-0.045258,-0.023128,0.047501,FALSE,FALSE,0.946626,-0.063592,-36.902468,32.794313,40.507417,0.486076,-0.598265,-0.125321,-5.713377,-2.141326,20.033402,29.705853,-3.272547,1.581024,85.512985,0.978824,0.675226,0.408993,2.400737,-1.390483,-9.173887,1.212248,4597169,81.203861,-69951671.796182,-0.459237,21.019188,-5.247963,-8.253187,117.88806,-0.067956,-1.433595,0.639525,0.675226,-1.162397
03-23-26,59.68,60.09,59.189999,59.41,319142,60.3375,61.2944,60.432684,-0.050611,-0.025038,0.047638,FALSE,FALSE,0.861716,-0.065718,-36.902468,33.635632,40.507417,7.63711,-0.590105,-0.093729,-5.352877,-2.622518,23.241263,36.996282,-2.189664,1.60507,87.900628,0.973972,0.673524,0.403144,1.905506,-1.581042,-9.173887,1.22468,4597169,-14.186072,-70114788.217205,-0.538233,21.781626,-4.992855,-7.926903,117.88806,-0.068299,-1.440897,0.634936,0.673524,-1.055169
03-24-26,59.110001,59.330002,58.790001,58.970001,165900,60.202,61.2436,60.45849,-0.056914,-0.026983,0.047768,FALSE,FALSE,0.78511,-0.06729,-28.725652,34.740582,37.405224,4.534917,-0.612088,-0.092569,-5.329908,-3.58077,22.429976,20.879113,-4.393643,1.56375,86.999489,0.966346,0.665162,0.397894,2.066199,-2.080804,-9.173887,0.630733,4431269,41.552901,-70170088.217205,-0.556459,21.474973,-5.500153,-8.718137,116.965244,-0.093945,-1.988869,0.630788,0.665162,-1.416099
03-24-26,59.110001,59.330002,58.790001,58.970001,165923,60.077,61.1758,60.480451,-0.063147,-0.028951,0.047892,FALSE,FALSE,0.695349,-0.068593,-28.725652,35.766608,37.405224,-3.102193,-0.622335,-0.082253,-5.086109,-4.113819,21.472894,20.879113,-4.067024,1.548003,85.773343,0.966276,0.677755,0.407018,2.215265,-2.089621,-9.173887,0.629526,4431269,6.978079,-70225395.883872,-0.573092,21.474973,-4.705156,-9.040255,116.965244,-0.104056,-2.219968,0.63798,0.677755,-1.29061
03-24-26,59.110001,59.330002,58.790001,58.970001,165923,60.077,61.1758,60.480451,-0.063147,-0.028951,0.047892,FALSE,FALSE,0.695349,-0.068593,-28.725652,35.766608,37.405224,-3.102193,-0.622335,-0.082253,-5.086109,-4.113819,21.472894,20.879113,-4.067024,1.548003,85.773343,0.966276,0.677755,0.407018,2.215265,-2.089621,-9.173887,0.629526,4225469,6.978079,-69699262.751015,-0.573092,21.474973,-4.705156,-9.040255,115.982255,-0.104056,-2.219968,0.63798,0.677755,-1.29061
03-25-26,59.43,59.709999,59.169998,59.330002,178500,60.014,61.1058,60.506858,-0.068234,-0.030982,0.04801,FALSE,FALSE,0.598942,-0.069646,-12.986972,35.839155,41.645826,1.138409,-0.594553,-0.043577,-5.147878,-3.841165,21.316013,34.065951,-2.079548,1.496473,86.431853,0.969053,0.693112,0.430265,2.279578,-1.770122,-9.173887,0.673234,4403969,21.346023,-69771982.731518,-0.567072,54.164002,-5.064036,-9.939536,115.221582,-0.089019,-1.931964,0.655946,0.693112,-0.791373
03-25-26,59.43,59.709999,59.169998,59.330002,178504,59.9125,61.0314,60.533365,-0.073019,-0.033062,0.048122,FALSE,FALSE,0.498035,-0.06945,-12.986972,35.906519,41.645826,4.240602,-0.566011,-0.012028,-6.123416,-3.402795,28.145933,34.065951,-3.308342,1.430257,81.576494,0.958765,0.684789,0.425561,2.342126,-2.061208,-9.173887,0.676194,4403969,-11.456349,-69844704.3416,-0.616244,54.164002,-5.622473,-8.195049,115.221582,-0.098345,-2.14842,0.65235,0.684789,-0.714052
