Date,Open,High,Low,Close,Volume,SMA20,SMA50,SMA200,SMA20_Slp,SMA50_Slp,SMA200_Slp,>MA50,>MA200,GoldenX,LinReg_Slp,Chande,ADX14,RSI14,RSI_D3,MACD_Line,MACD_Hist,RET_3M_pct,RET_6M_pct,RET_12M_pct,StochK14,ROC20_pct,ATR_pct,StdDev20,Vol60,Beta60,R2_60,Ulcer14,Sharpe60,MaxDD_6M_pct,Vol_vs_Avg,OBV,VolROC20,AD_Line,CMF20,MFI14,RS_3M,RS_6M,RS_Bench,Alpha60,InfoRatio,Corr60,Beta,ZScore
12-27-23,27.790001,27.879999,27.74,26.735102,120200,26.288877,25.553326,24.978433,0.039592,0.008475,0.012091,TRUE,TRUE,0.574893,0.043563,39.361665,41.185511,67.735997,7.337132,0.285737,-0.004003,9.21207,10.067953,17.075173,-39.621694,3.338271,4.624046,29.417381,0.617895,0.606362,0.656021,1.425104,3.098257,-7.444268,1.359882,-4418100,50.438048,-582269705.380828,-14.583483,79.659839,0.272076,0.895686,98.693879,0.048872,2.14084,0.809952,0.606362,1.516876
12-28-23,27.709999,27.709999,27.629999,26.744766,144200,26.334942,25.588641,24.995002,0.038289,0.009925,0.012075,TRUE,TRUE,0.59364,0.044298,42.704741,40.34809,67.929872,3.539765,0.286265,-0.00278,9.466113,8.907192,16.781379,-51.36439,3.567712,4.550232,28.955578,0.612962,0.634234,0.664922,1.240929,3.340335,-7.444268,1.554801,-4273900,152.539405,-585605173.120379,-15.219062,70.062083,0.240101,0.907593,99.038478,0.037665,1.685101,0.815427,0.634234,1.415355
12-29-23,27.700001,27.719999,27.51,26.7351,99600,26.376686,25.629329,25.010482,0.037403,0.011392,0.012058,TRUE,TRUE,0.618847,0.044455,37.568885,38.754903,67.493021,2.700721,0.282645,-0.00512,8.828111,8.277545,18.045962,-63.55732,3.223413,4.482901,28.370745,0.592927,0.618196,0.654065,1.067396,3.908065,-7.444268,1.052798,-4373500,59.615385,-586439824.738908,-14.686535,64.097113,0.353072,0.540807,98.817152,0.046247,2.105137,0.808743,0.618196,1.263323
01-02-24,27.67,27.68,27.52,26.686771,282900,26.413614,25.673081,25.027376,0.036683,0.012864,0.012041,TRUE,TRUE,0.645705,0.044658,30.55753,37.275515,65.234264,-2.501733,0.272733,-0.012026,8.208702,7.747966,16.384551,-78.093676,2.846284,4.423101,27.285994,0.591284,0.619467,0.664391,0.912835,3.555176,-7.444268,2.668364,-4656400,418.131868,-589669233.829817,-14.308136,51.425152,-0.179966,0.880062,98.91656,0.03679,1.70499,0.815102,0.619467,1.001092
01-03-24,27.549999,27.549999,27.360001,26.512794,255400,26.435605,25.718919,25.04165,0.035885,0.014329,0.012022,TRUE,TRUE,0.677269,0.044532,16.198133,34.889857,57.742561,-10.187311,0.24798,-0.029422,8.007579,5.860209,16.297227,-135.724973,1.686923,4.377053,26.144541,0.600189,0.626901,0.65889,0.786626,3.1285,-7.444268,2.29336,-4911800,71.986532,-592202297.049847,-14.337748,41.959579,-2.212164,0.376554,98.394973,0.028759,1.302396,0.811721,0.626901,0.295241
01-04-24,27.43,27.559999,27.4,26.503124,154900,26.459512,25.765715,25.0572,0.035042,0.015776,0.012003,TRUE,TRUE,0.708515,0.044571,12.248941,32.729624,57.348325,-10.144696,0.22499,-0.04193,9.119958,5.41908,15.298364,-150.341242,1.837256,4.344613,24.314107,0.595849,0.62344,0.659757,0.688396,2.821913,-7.444268,1.350892,-5066700,74.24072,-594093773.663346,-14.07472,43.7218,-2.335155,-0.021609,98.143654,0.019336,0.883159,0.812254,0.62344,0.179369
01-05-24,27.440001,27.549999,27.389999,26.58045,243200,26.487286,25.811179,25.07238,0.034231,0.017204,0.011983,TRUE,TRUE,0.738799,0.044927,1.190576,30.659739,59.716732,-5.517531,0.210582,-0.045071,8.750847,6.170902,15.587217,-149.913986,2.134378,4.240754,22.166986,0.591443,0.631976,0.656634,0.683835,2.660143,-7.444268,1.966524,-4823500,285.419968,-596798005.978631,-13.451187,47.872141,-2.863719,-0.118691,98.153588,0.023281,1.066373,0.810329,0.631976,0.420283
01-08-24,27.5,27.77,27.5,26.841425,157600,26.530027,25.865317,25.087069,0.033637,0.018618,0.011962,TRUE,TRUE,0.778249,0.045858,12.373563,29.896428,66.481642,8.739081,0.217712,-0.030352,9.603417,8.121898,17.155649,-99.726368,3.289503,4.170761,20.154659,0.599029,0.640027,0.650593,0.970705,2.804105,-7.444268,1.233756,-4665900,106.824147,-597724430.076174,-13.050497,48.807009,-2.051988,-0.496565,98.50261,0.031508,1.412541,0.806593,0.640027,1.54504
01-09-24,27.67,27.73,27.6,26.783426,185800,26.563631,25.920406,25.102663,0.033297,0.02002,0.011941,TRUE,TRUE,0.817744,0.046492,21.908113,29.18764,63.912847,6.564523,0.216191,-0.025499,8.600615,8.138211,15.42571,-110.879987,2.573904,4.115285,18.326443,0.598888,0.643149,0.651633,0.885404,2.811144,-7.444268,1.380335,-4851700,283.092784,-600244390.793342,-12.895134,56.411259,-2.041516,0.096557,98.74907,0.029131,1.308258,0.807238,0.643149,1.199332
01-10-24,27.709999,27.82,27.690001,26.870419,139900,26.597746,25.979155,25.118691,0.033126,0.021413,0.011919,TRUE,TRUE,0.860463,0.046808,20.48952,28.95273,66.032839,6.316107,0.219475,-0.017772,8.195563,8.280394,15.753465,-94.150659,2.605382,4.039278,17.289523,0.585714,0.633852,0.658341,0.925899,3.403754,-7.444268,1.012814,-4711800,101.585014,-602148294.792931,-12.846761,57.51036,-0.982306,-0.077542,98.977287,0.046174,2.141015,0.811382,0.633852,1.577094
01-11-24,27.85,27.85,27.620001,26.899418,158800,26.631392,26.034261,25.134438,0.033149,0.022797,0.011897,TRUE,TRUE,0.899822,0.047361,13.54408,28.209442,66.734406,0.252764,0.22186,-0.012309,7.688162,7.856921,15.128067,-88.573849,2.565788,3.955887,16.197862,0.580464,0.626199,0.648699,0.999101,3.147402,-7.444268,1.118743,-4553000,92.484848,-603302127.854812,-12.402513,51.544088,-0.13705,0.15384,99.455568,0.049876,2.3013,0.805418,0.626199,1.654697
01-12-24,27.85,27.91,27.76,26.947742,127000,26.664096,26.087262,25.15038,0.033116,0.024168,0.011874,TRUE,TRUE,0.936883,0.048027,48.221257,27.81683,67.923356,4.010508,0.225056,-0.007291,8.130884,7.146848,14.362957,-74.956131,2.487549,3.918813,15.612719,0.57981,0.625689,0.648133,1.009707,3.074609,-7.444268,0.885943,-4426000,28.412538,-604804554.504355,-12.076218,57.418004,-0.657096,0.199451,99.41682,0.048708,2.248148,0.805067,0.625689,1.816767
01-15-24,27.92,27.969999,27.865,27.034733,130200,26.687714,26.13663,25.167135,0.033082,0.025521,0.011851,TRUE,TRUE,0.969495,0.048255,43.573046,27.740471,70.001856,3.969017,0.231934,-0.000330,9.40676,6.842744,14.091185,-53.322702,1.778315,3.82744,17.456801,0.55685,0.608589,0.627085,1.20926,3.884106,-7.444268,0.897219,-4295800,37.19705,-606993825.523429,-12.507534,58.521906,0.019246,0.846843,99.458735,0.059481,2.776751,0.791887,0.608589,1.987873
01-16-24,27.879999,27.879999,27.700001,26.860754,181900,26.699274,26.175993,25.181835,0.03288,0.026844,0.011828,TRUE,TRUE,0.994158,0.047727,22.15564,26.45723,61.428669,-5.305737,0.220801,-0.009171,7.906463,5.795324,12.593153,-81.843878,0.868249,3.753104,17.813241,0.552198,0.604606,0.626445,1.139999,3.999377,-7.444268,1.227768,-4477700,50.206441,-608871951.552611,-12.42272,52.894353,-0.024568,0.327827,99.28159,0.06188,2.910572,0.791483,0.604606,0.906515
01-17-24,27.66,27.66,27.459999,26.657776,209600,26.710282,26.207457,25.19495,0.032326,0.028113,0.011806,TRUE,TRUE,1.012507,0.046263,-6.060638,25.228785,53.236812,-14.686544,0.19337,-0.029281,6.720781,4.956336,10.776377,-115.119053,0.832744,3.650495,16.760334,0.539159,0.589344,0.621015,1.162208,4.2827,-7.444268,1.378177,-4687300,60,-610763004.977243,-12.310866,46.118639,0.39427,0.403594,99.65174,0.06995,3.345486,0.788045,0.589344,-0.313277
01-18-24,27.67,27.74,27.57,26.812428,96900,26.723265,26.242015,25.2077,0.031434,0.029341,0.011783,TRUE,TRUE,1.034314,0.044819,4.762007,23.630793,57.84902,-12.152836,0.182012,-0.032511,8.549267,5.01169,12.212694,-89.766271,0.977883,3.658031,16.479334,0.539238,0.588732,0.615415,1.147543,4.683347,-7.444268,0.634993,-4590400,11.893764,-611723536.868097,-11.88271,51.022622,0.589869,0.804972,99.945739,0.077855,3.69579,0.784484,0.588732,0.541057
01-19-24,27.75,27.889999,27.66,26.947742,170300,26.735336,26.278991,25.221032,0.030437,0.030525,0.011762,TRUE,TRUE,1.057959,0.043694,13.749886,22.516117,61.433234,0.004565,0.181834,-0.026152,9.994459,5.265684,13.182074,-67.583447,0.904012,3.666789,17.216401,0.538161,0.600843,0.645035,1.111984,4.647967,-7.444268,1.088805,-4420100,80.977683,-612948599.251790,-11.532073,56.420727,0.591735,0.810901,99.696531,0.063322,3.135087,0.803141,0.600843,1.233743
01-22-24,28,28.030001,27.93,27.09273,142000,26.770491,26.318195,25.235326,0.029408,0.031657,0.011741,TRUE,TRUE,1.082869,0.042367,24.705888,22.112543,64.879258,11.642446,0.191187,-0.013438,11.856879,6.428376,14.427255,-39.891196,2.664283,3.68338,16.962371,0.527431,0.590011,0.64633,1.231694,5.368876,-7.444268,0.904862,-4278100,7.902736,-615468439.073263,-11.972622,65.843085,1.174273,1.83826,100.264269,0.085066,4.305181,0.803947,0.590011,1.899725
01-23-24,28.030001,28.059999,27.969999,27.121725,115500,26.797979,26.359706,25.250287,0.028307,0.03272,0.011721,TRUE,TRUE,1.109419,0.040745,40.644626,21.866651,65.542354,7.693334,0.19865,-0.004781,12.243405,6.143574,13.552067,-40.040937,2.068943,3.706843,17.998731,0.521025,0.58249,0.639007,1.178055,5.711333,-7.444268,0.726164,-4162600,58.219178,-617761172.574726,-12.208141,75.165173,0.731737,1.733873,99.934094,0.08725,4.424447,0.799379,0.58249,1.798716
01-24-24,28.17,28.299999,28.17,27.276377,102300,26.83224,26.399704,25.265451,0.027303,0.033716,0.011702,TRUE,TRUE,1.134253,0.039041,47.058762,22.553339,68.91361,7.480376,0.21457,0.008912,12.214971,6.788763,13.302448,-12.486009,2.576875,3.720149,20.237087,0.517036,0.579983,0.622025,1.494386,6.251541,-7.444268,0.635759,-4060300,56.90184,-619269907.329777,-12.070711,74.599978,0.213474,2.514953,100.410138,0.095281,4.758344,0.788686,0.579983,2.194667
01-25-24,28.309999,28.309999,28.17,27.295704,125400,26.86027,26.439705,25.280428,0.0265,0.034644,0.011683,TRUE,TRUE,1.159277,0.037541,45.121727,23.225327,69.317622,4.438364,0.22614,0.016385,13.098159,6.624922,13.471896,-19.328838,2.096877,3.714047,22.568894,0.509974,0.572848,0.620354,1.391092,5.917239,-7.444268,0.77806,-3934900,4.326123,-620961553.329777,-12.003427,73.196672,0.557906,1.76014,100.13868,0.086041,4.346802,0.787625,0.572848,1.929353
01-26-24,28.24,28.280001,28.200001,27.276377,121400,26.886851,26.47145,25.295118,0.025945,0.03549,0.011666,TRUE,TRUE,1.176332,0.036095,32.374111,23.849316,68.360835,2.818481,0.231085,0.017064,13.514563,6.152887,13.124717,-21.602621,1.987718,3.662928,24.207953,0.508033,0.57558,0.631312,1.318199,5.571794,-7.444268,0.758608,-4056300,-15.811373,-623886154.960561,-11.960564,66.62072,0.435003,1.256632,100.005762,0.074097,3.813137,0.794552,0.57558,1.609083
01-29-24,28.280001,28.360001,28.190001,27.411695,213600,26.920681,26.505326,25.310675,0.025702,0.03626,0.01165,TRUE,TRUE,1.194651,0.03516,44.218233,24.725841,71.343281,2.42967,0.243121,0.02328,14.535121,7.278402,13.330391,-5.367058,2.530739,3.695672,26.586423,0.495429,0.56432,0.622247,1.570601,5.38791,-7.444268,1.288843,-3842700,114.457831,-626055588.900132,-11.951899,67.150807,-0.055745,1.014392,99.975381,0.071796,3.742956,0.788827,0.56432,1.846864
01-30-24,28.360001,28.360001,28.27,27.363365,115400,26.95451,26.536316,25.325231,0.025707,0.036956,0.011634,TRUE,TRUE,1.211085,0.034541,35.664548,25.539758,68.847081,-0.470541,0.245925,0.020867,13.333458,6.096572,13.08638,-10.737083,2.535315,3.679158,27.733309,0.474157,0.64237,0.608595,1.480034,4.790158,-7.444268,0.733374,-3958100,-59.208201,-628496000.776536,-12.337316,66.789919,-0.679839,0.348875,99.676248,0.063383,3.391842,0.780125,0.64237,1.474238
01-31-24,28.309999,28.32,28.02,27.112057,232300,26.984473,26.560552,25.338743,0.025674,0.037567,0.011618,TRUE,TRUE,1.221809,0.033698,13.252783,24.532007,57.567872,-10.792963,0.225272,0.000171,11.583009,5.161155,12.70845,-38.660196,2.260276,3.707215,25.885493,0.487178,0.655387,0.622818,1.423511,3.744651,-7.444268,1.487196,-4190400,-9.044636,-630134406.535472,-12.142161,64.356586,-1.224645,0.956309,99.712198,0.052453,2.78295,0.789188,0.655387,0.492876
02-01-24,28.190001,28.24,27.99,27.295704,124900,27.024102,26.585199,25.352771,0.025759,0.038103,0.011604,TRUE,TRUE,1.232428,0.033043,20,23.413942,62.413863,-8.929417,0.221173,-0.003142,11.11011,5.873478,12.894977,-18.254991,2.990514,3.712984,24.136346,0.491921,0.663737,0.620214,1.354456,4.07286,-7.444268,0.807369,-4065500,-19.367334,-630953046.981944,-11.913146,64.344206,-0.802892,0.8429,100.076623,0.055281,2.894757,0.787536,0.663737,1.12528
02-02-24,28.290001,28.440001,28.190001,27.450357,160400,27.067598,26.615626,25.36724,0.026056,0.038566,0.01159,TRUE,TRUE,1.248386,0.032543,22.994824,23.294836,65.941425,-2.905656,0.227778,0.002771,10.275049,7.833246,12.697232,-0.98384,3.272734,3.723822,23.551726,0.494819,0.679835,0.620286,1.411971,4.321276,-7.444268,1.065356,-3905100,-34.046053,-632062557.003917,-11.711129,64.891451,1.825131,1.195143,100.706052,0.054089,2.816013,0.787582,0.679835,1.625188
02-05-24,28.43,28.440001,28.24,27.42136,183100,27.096594,26.644321,25.381279,0.026568,0.038957,0.011577,TRUE,TRUE,1.263042,0.031923,33.720886,23.184237,64.715014,7.147142,0.228045,0.00243,9.315739,7.922065,11.710864,-3.942756,2.160597,3.765368,24.182167,0.495921,0.656392,0.608643,1.290321,4.183915,-7.444268,1.205914,-4088200,16.180203,-633744580.677838,-11.86161,73.486579,2.760657,1.617258,101.575731,0.062108,3.17794,0.780156,0.656392,1.342996
02-06-24,28.42,28.42,28.33,27.450357,94600,27.129941,26.672253,25.395701,0.027236,0.039278,0.011565,TRUE,TRUE,1.276552,0.031076,53.246703,23.081538,65.407865,2.994002,0.227968,0.001882,9.431338,7.914337,12.088044,-13.75197,2.490089,3.813274,24.234716,0.491768,0.662892,0.630862,1.034143,4.461031,-7.444268,0.642336,-3993600,-49.085038,-635688381.525547,-12.033268,82.296822,2.085454,1.835278,101.302677,0.069053,3.668847,0.794268,0.662892,1.322138
02-07-24,28.469999,28.5,28.389999,27.527681,119300,27.162804,26.703267,25.409797,0.02806,0.039518,0.011554,TRUE,TRUE,1.293469,0.030612,50.684787,23.354518,67.254337,1.312912,0.231478,0.004314,9.676661,7.934269,12.926982,-15.752199,2.446046,3.794109,24.97532,0.481732,0.656769,0.644506,1.04599,4.203654,-7.444268,0.815754,-3874300,-14.724803,-637678117.366163,-12.147363,82.518131,1.473515,1.61608,101.524724,0.061812,3.416289,0.802812,0.656769,1.460951
02-08-24,28.51,28.51,28.389999,27.508348,143800,27.193251,26.736005,25.423797,0.029001,0.039682,0.011544,TRUE,TRUE,1.312208,0.030024,43.283406,23.653911,66.301419,1.586405,0.230047,0.002307,9.453143,8.061052,12.194886,-72.698603,2.263731,3.772042,25.304933,0.482448,0.661705,0.649655,0.881714,4.117252,-7.444268,0.98835,-4018100,-9.445844,-639934925.971424,-12.589023,75.056226,1.068745,2.260159,101.453422,0.063532,3.531792,0.806012,0.661705,1.245203
02-09-24,28.51,28.610001,28.450001,27.643669,148600,27.228047,26.772409,25.43966,0.03011,0.039777,0.011534,TRUE,TRUE,1.332749,0.030203,42.856931,24.379595,69.553254,4.145389,0.2371,0.007488,10.370864,8.307832,13.270998,-50.988988,2.582505,3.758588,26.507518,0.447903,0.625906,0.616455,1.125537,3.806613,-7.444268,1.013815,-3869500,17.007874,-641581288.410925,-12.545364,75.174082,2.016759,2.557199,101.572668,0.061302,3.508161,0.785147,0.625906,1.567941
02-12-24,28.65,28.74,28.620001,27.696831,175700,27.261152,26.808341,25.456073,0.031218,0.039811,0.011526,TRUE,TRUE,1.352268,0.030408,43.911316,25.564126,70.747513,3.493176,0.244165,0.011642,9.57554,8.760624,13.974571,-39.089203,2.449064,3.784658,28.055409,0.447989,0.62662,0.617321,1.171603,3.853278,-7.444268,1.180383,-3693800,34.946237,-644460362.219616,-12.585333,75.939224,1.344624,3.120106,101.578787,0.06301,3.609299,0.785698,0.62662,1.552923
02-13-24,28.540001,28.66,28.209999,27.402029,359900,27.288216,26.837417,25.469588,0.032032,0.039774,0.011519,TRUE,TRUE,1.367829,0.030183,8.666584,23.961451,57.320383,-8.981035,0.2234,-0.007298,8.326965,7.441595,13.556795,-78.396098,2.015115,3.769304,26.560559,0.472255,0.59441,0.654853,1.135328,2.849931,-7.444268,2.281458,-4053700,97.855965,-646112653.005866,-11.803709,63.073455,3.066695,3.688239,102.888865,0.065888,3.769875,0.80923,0.59441,0.428505
02-14-24,28.540001,28.65,28.450001,27.672663,132000,27.33896,26.869411,25.484125,0.032859,0.039698,0.011512,TRUE,TRUE,1.385286,0.030459,22.158999,22.473253,64.063286,-5.489968,0.226174,-0.003619,7.721361,9.778765,13.742357,-42.311605,3.807095,3.787768,23.387196,0.48509,0.596588,0.675031,1.067564,3.130722,-7.444268,0.857867,-3921700,-37.022901,-647270745.074112,-11.863177,63.2026,2.29449,2.186472,102.250615,0.068001,3.903686,0.821603,0.596588,1.426861
02-15-24,28.690001,28.82,28.690001,27.846647,99700,27.390671,26.905845,25.499627,0.033684,0.039591,0.011507,TRUE,TRUE,1.406218,0.031199,30.728895,21.88238,67.606503,-3.14101,0.23965,0.007885,8.277293,10.931883,14.324197,-17.271388,3.85724,3.805923,22.551173,0.485069,0.575166,0.678751,1.445597,3.130234,-7.444268,0.647361,-3822000,2.889577,-648664027.596817,-11.992887,68.127694,1.44882,1.696145,101.311981,0.057059,3.294604,0.823863,0.575166,2.021963
02-16-24,28.809999,28.92,28.76,27.846647,165900,27.435616,26.942278,25.515982,0.034338,0.039453,0.011503,TRUE,TRUE,1.426296,0.031612,25.280644,21.747562,67.606503,10.286119,0.247477,0.012569,7.874782,11.56942,13.83807,-15.414243,3.335733,3.803288,22.21406,0.478294,0.569759,0.670583,1.384011,3.45971,-7.444268,1.078744,-3822000,-2.583676,-650723995.117023,-12.281486,67.500474,0.95174,1.693875,101.156481,0.058285,3.370471,0.818891,0.569759,1.850319
02-20-24,28.809999,28.85,28.719999,27.827316,341800,27.472346,26.979093,25.532526,0.03502,0.039294,0.011501,TRUE,TRUE,1.446567,0.031984,27.428481,21.38009,66.758343,2.695057,0.249246,0.011471,7.440428,11.491969,14.378026,-17.492842,2.71138,3.82006,22.318971,0.478721,0.570694,0.671912,1.304104,3.295533,-7.444268,2.086946,-4163800,140.704225,-655759895.923971,-12.300481,56.608727,1.344554,1.686587,101.117299,0.053929,3.122086,0.819702,0.570694,1.590444
02-21-24,28.74,28.76,28.620001,27.798319,202100,27.506175,27.012832,25.550158,0.035563,0.039114,0.0115,TRUE,TRUE,1.462674,0.032321,46.710461,20.449856,65.432259,-2.174244,0.245479,0.006163,6.65668,10.993047,14.347704,-20.610844,2.494656,3.817891,21.847488,0.479171,0.571901,0.676891,1.098075,3.092168,-7.444268,1.202189,-4365900,74.978355,-658334319.515252,-12.06744,57.200691,1.159232,1.379371,101.323009,0.050057,2.917439,0.822734,0.571901,1.337195
02-22-24,29,29.15,28.950001,28.155947,181800,27.550154,27.052189,25.568676,0.03621,0.038924,0.0115,TRUE,TRUE,1.483512,0.033016,52.352839,21.08513,72.6484,5.041897,0.268259,0.023154,8.588558,12.679141,17.324734,-3.547274,3.224659,3.826157,25.522,0.499626,0.588193,0.668073,1.910695,3.802882,-7.444268,1.056455,-4184100,77.71261,-659959718.004623,-11.822591,58.255921,1.555526,1.557222,101.842433,0.066536,3.669348,0.817357,0.588193,2.373611
02-23-24,29.17,29.23,29.15,28.252602,135200,27.597999,27.092711,25.587536,0.036904,0.038724,0.011501,TRUE,TRUE,1.505174,0.03357,50.609506,21.918051,74.215068,7.456725,0.29076,0.036524,8.719905,12.036905,18.006469,4.176718,3.505672,3.795308,29.204482,0.495198,0.582843,0.666024,2.089641,4.237393,-7.444268,0.783427,-4048900,7.814992,-663128126.120399,-12.216883,57.905201,1.11545,1.394197,101.616116,0.070335,3.901529,0.816103,0.582843,2.241447
02-26-24,29.25,29.25,29.129999,28.165609,278400,27.64246,27.130149,25.60634,0.037543,0.038513,0.011503,TRUE,TRUE,1.523809,0.033768,45.293788,22.691478,70.311496,4.879237,0.298135,0.03512,8.105696,12.50254,17.226426,-4.268239,3.260083,3.808997,30.776939,0.496846,0.583646,0.673089,1.937796,4.158143,-7.444268,1.543023,-4327300,129.324547,-667881263.502581,-12.192077,48.609234,0.991465,1.887061,101.83347,0.073572,4.111269,0.82042,0.583646,1.699809
02-27-24,29.18,29.24,29.139999,28.262266,196100,27.684989,27.164147,25.625581,0.038188,0.038309,0.011507,TRUE,TRUE,1.538567,0.034124,47.457306,23.40966,72.069368,-0.579031,0.308227,0.036169,8.797278,12.245486,18.280414,5.025676,3.102948,3.815115,33.201549,0.497118,0.580274,0.664042,1.811271,4.180291,-7.444268,1.092175,-4131200,-8.192884,-671519820.101029,-12.660605,50.636019,1.810901,2.148026,102.372039,0.080991,4.46207,0.814888,0.580274,1.738706
02-28-24,29.219999,29.25,29.15,28.223606,169700,27.728001,27.196028,25.644295,0.038832,0.038105,0.011511,TRUE,TRUE,1.551733,0.034367,41.618427,24.112389,70.277001,-3.938067,0.309537,0.029983,9.091736,11.163132,17.745844,1.308367,3.143769,3.804673,34.367346,0.498432,0.586531,0.670727,1.673168,3.998317,-7.444268,0.931062,-4300900,47.053726,-674833687.676226,-12.711625,45.318434,1.948358,2.355585,102.484885,0.083722,4.646816,0.818979,0.586531,1.442082
02-29-24,29.32,29.35,29.17,28.349257,232300,27.789861,27.234261,25.663306,0.03967,0.037904,0.011517,TRUE,TRUE,1.570955,0.034901,47.28259,25.119567,72.657161,2.345665,0.317059,0.030004,9.781017,10.410447,18.176788,12.21555,4.563283,3.824111,33.827394,0.498043,0.592002,0.672391,1.754497,3.982545,-7.444268,1.274518,-4068600,0,-677184414.408731,-12.907033,52.165016,2.010457,2.431718,102.308445,0.086109,4.795164,0.819995,0.592002,1.653677
03-01-24,29.41,29.6,29.389999,28.610233,179400,27.855587,27.27541,25.68348,0.040861,0.037712,0.011524,TRUE,TRUE,1.591931,0.035654,50.761485,26.79114,76.810743,4.741375,0.340158,0.042483,10.463247,11.385365,19.453045,28.793802,4.815884,3.826451,36.393872,0.50618,0.599152,0.679851,2.378319,4.495892,-7.444268,0.969782,-3889200,43.634908,-678696094.166408,-12.904224,52.77674,2.263143,2.831991,102.369405,0.094623,5.244641,0.824531,0.599152,2.073552
03-04-24,29.620001,29.629999,29.51,28.610233,297900,27.913581,27.313489,25.704744,0.042317,0.037518,0.011532,TRUE,TRUE,1.608745,0.036264,49.347306,28.42092,76.810743,6.533742,0.354379,0.045363,10.258979,11.676415,18.936571,28.185507,4.225358,3.807336,38.76101,0.50618,0.598355,0.680889,2.219992,4.495892,-7.444268,1.552654,-3889200,85.723192,-683461376.698118,-13.394527,54.843395,3.024187,3.281806,102.619539,0.097782,5.428539,0.82516,0.598355,1.797302
03-05-24,29.540001,29.540001,29.33,28.436251,248400,27.964326,27.354421,25.724475,0.043684,0.037308,0.011541,TRUE,TRUE,1.629946,0.036381,59.776473,28.651811,68.737528,-3.919632,0.347604,0.03087,9.064129,9.971065,16.563799,-1.165262,3.701095,3.82224,38.62091,0.514338,0.599778,0.651731,1.918581,4.187635,-7.066199,1.272997,-4137600,35.663572,-685824122.050113,-13.344832,56.760881,2.702571,2.773152,101.839978,0.082641,4.322055,0.807299,0.599778,1.221942
03-06-24,29.629999,29.629999,29.440001,28.513575,207600,28.017486,27.393253,25.743738,0.045032,0.037086,0.01155,TRUE,TRUE,1.649515,0.036699,54.716995,29.162532,70.234883,-6.57586,0.344502,0.022215,9.562336,10.720527,16.971418,-10.537269,3.873236,3.798292,38.491158,0.512785,0.602215,0.660723,1.709395,4.092933,-6.789312,1.033968,-3930000,119.450317,-688056221.144618,-13.0411,57.950337,2.905058,2.527922,101.899352,0.076424,4.061806,0.812849,0.602215,1.288837
03-07-24,29.629999,29.719999,29.6,28.697224,130700,28.075964,27.435375,25.763682,0.0464,0.036872,0.011561,TRUE,TRUE,1.671692,0.037315,54.999982,29.918131,73.483359,-3.327385,0.352796,0.024407,10.268001,12.099664,18.55259,7.020266,4.248605,3.788692,39.528296,0.516452,0.601967,0.665638,1.794583,4.243205,-6.789312,0.649118,-3799300,9.555742,-690153487.266626,-13.030884,58.43983,2.673832,1.81427,101.597214,0.075747,4.026521,0.815866,0.601967,1.571684
03-08-24,29.74,29.83,29.58,28.648895,235500,28.132991,27.473651,25.784713,0.047689,0.036654,0.011572,TRUE,TRUE,1.688937,0.037777,50.302996,30.941397,71.278755,2.541227,0.351419,0.018424,10.244898,12.078333,17.846529,2.387971,4.146184,3.809899,39.133679,0.518126,0.603423,0.6667,1.610914,4.068656,-6.789312,1.143565,-4034800,63.769124,-692143188.446130,-12.675908,59.471864,2.219517,1.630997,101.609902,0.073752,3.913981,0.816517,0.603423,1.318313
03-11-24,29.59,29.59,29.440001,28.581236,297000,28.179869,27.51038,25.806117,0.048785,0.036425,0.011584,TRUE,TRUE,1.704262,0.038108,45.882304,30.934354,68.194155,-2.040728,0.340937,0.006354,9.459071,12.149296,18.909498,-3.203718,3.391615,3.803361,38.575157,0.520289,0.609879,0.669971,1.396553,3.801402,-6.789312,1.392046,-4331800,99.86541,-695840905.102413,-12.715806,60.195006,1.235537,1.170854,101.217106,0.059606,3.165685,0.818518,0.609879,1.04048
03-12-24,29.629999,29.809999,29.57,28.803543,166300,28.235205,27.551749,25.828301,0.049763,0.036207,0.011596,TRUE,TRUE,1.723448,0.039131,54.736773,31.598955,72.41772,-1.065639,0.346574,0.009592,9.987068,12.64121,21.652946,-16.642933,3.995809,3.84743,39.213877,0.514198,0.624448,0.649464,1.420567,3.720831,-6.789312,0.781173,-4165500,-5.350028,-697069387.225770,-12.356208,66.47367,1.654963,1.884337,101.606025,0.068381,3.565648,0.805893,0.624448,1.449329
03-13-24,29.799999,29.83,29.719999,28.774548,129000,28.303831,27.593504,25.849106,0.050683,0.036011,0.011609,TRUE,TRUE,1.744398,0.040097,41.025703,32.272119,71.091691,-0.187064,0.344728,0.006197,9.71554,12.950221,22.805622,-50.778742,5.008821,3.770575,35.719681,0.514866,0.619608,0.634964,1.287504,3.534323,-6.789312,0.640707,-4294500,-64.15671,-699415888.994393,-13.23712,65.907137,0.875789,1.713201,100.867446,0.064049,3.268496,0.796846,0.619608,1.317808
03-14-24,29.83,29.83,29.6,28.716553,201100,28.356025,27.637579,25.869337,0.051624,0.035846,0.011623,TRUE,TRUE,1.768242,0.040522,31.578975,32.109618,68.394136,0.199981,0.334726,-0.003044,9.214681,12.849654,21.479598,-59.063711,3.772279,3.773563,33.57382,0.504578,0.616822,0.618965,1.18442,3.878617,-6.789312,0.981958,-4495600,52.348485,-701161873.128538,-13.157335,59.871779,0.672294,2.777572,101.299162,0.066149,3.371398,0.786743,0.616822,1.073835
03-15-24,29.700001,29.700001,29.59,28.697224,232300,28.398554,27.681461,25.890515,0.052459,0.035715,0.011638,TRUE,TRUE,1.790947,0.040985,37.931429,31.894021,67.475165,-4.942555,0.321534,-0.012989,8.037134,11.765657,23.121542,-64.170345,3.054502,3.772632,32.138343,0.503746,0.616809,0.616627,1.030636,3.620897,-6.300754,1.098735,-4727900,132.998997,-705164915.450635,-13.361922,60.726282,1.426237,3.35171,101.230977,0.063354,3.224406,0.785256,0.616809,0.929325
03-18-24,29.85,30.08,29.700001,29.074183,393300,28.459931,27.731336,25.914574,0.053364,0.035629,0.011653,TRUE,TRUE,1.816763,0.042206,48.276167,32.817626,74.633487,3.541796,0.337605,0.002465,9.180177,13.827288,22.894162,-8.152375,4.408198,3.799482,32.759002,0.523379,0.611178,0.542247,1.694924,3.856785,-5.948626,1.7653,-4334600,137.070524,-706853662.094447,-12.596707,63.299612,3.438197,5.684372,102.653246,0.087504,3.922798,0.736374,0.611178,1.875062
03-19-24,29.83,29.879999,29.75,28.871202,178700,28.512125,27.771932,25.937238,0.054055,0.035586,0.011668,TRUE,TRUE,1.834694,0.042427,35.078473,33.675258,66.186366,-2.20777,0.330156,-0.003986,9.205005,13.457393,23.417364,-32.834907,3.7513,3.781187,30.378727,0.505889,0.579041,0.487157,1.515335,4.245157,-5.308097,0.832557,-4513300,-47.717964,-709448394.903990,-12.506639,63.043072,1.98083,4.554785,101.844697,0.086748,3.801136,0.697967,0.579041,1.182002
03-20-24,29.9,30.040001,29.84,29.025854,214000,28.573502,27.81678,25.95892,0.054594,0.0356,0.011683,TRUE,TRUE,1.85786,0.043072,36.082562,34.856907,69.059695,1.58453,0.332895,-0.000998,9.313836,14.84197,23.281154,-40.552775,4.415861,3.771476,27.458132,0.503473,0.573698,0.483242,1.361672,4.183943,-4.948468,0.994262,-4299300,5.888174,-711404660.787375,-12.328465,62.887438,1.772076,3.626937,101.536235,0.084625,3.711758,0.695156,0.573698,1.647425
03-21-24,30.219999,30.26,30.17,29.170837,177800,28.624247,27.862789,25.981636,0.054946,0.035685,0.011699,TRUE,TRUE,1.881153,0.043851,31.868008,36.403789,71.504365,-3.129123,0.342812,0.007136,9.228242,15.853938,22.034578,-17.114244,3.604534,3.748667,28.685777,0.505393,0.579505,0.486484,1.579744,4.391731,-4.187471,0.826842,-4121500,-2.20022,-715530256.837051,-12.921278,62.91661,2.579063,4.440116,101.861337,0.093946,4.117858,0.697484,0.579505,1.905442
03-22-24,30.16,30.17,30.059999,29.211557,247100,28.672194,27.909031,26.004057,0.055124,0.035832,0.011715,TRUE,TRUE,1.904975,0.044797,33.409421,37.127499,72.169471,5.983106,0.349924,0.011398,10.693298,17.987342,23.439694,-12.735752,3.394221,3.738404,30.12513,0.502852,0.569481,0.473906,1.612069,4.202548,-4.187471,1.119975,-3874400,82.766272,-719589154.548245,-12.795411,54.181877,3.367463,4.698826,102.521775,0.099974,4.351283,0.688408,0.569481,1.790409
03-25-24,30.040001,30.09,30.01,29.104912,230300,28.719159,27.952175,26.026704,0.05506,0.036031,0.011732,TRUE,TRUE,1.925471,0.045447,38.594562,37.482781,67.711904,-1.347792,0.343001,0.00358,9.532398,17.647472,22.98904,-40.864494,3.334927,3.739506,29.116791,0.507028,0.57541,0.473339,1.450904,3.958562,-4.187471,1.055333,-4104700,-17.277299,-725030506.123001,-13.09411,54.412068,3.214657,4.343377,102.269757,0.090932,3.923009,0.687996,0.57541,1.324845
03-26-24,30.040001,30.08,29.98,29.06613,189400,28.759353,27.992803,26.048682,0.054622,0.036267,0.01175,TRUE,TRUE,1.944121,0.045886,32.618653,37.618019,66.112704,-5.39166,0.330575,-0.007077,9.307507,17.581942,22.383527,-45.594023,2.8443,3.690761,28.004919,0.507762,0.577937,0.477815,1.309588,3.902244,-4.187471,0.869246,-4294100,-3.416624,-728681631.938867,-13.117126,47.885364,3.712426,4.703507,102.34786,0.092914,4.019844,0.691242,0.577937,1.09544
03-27-24,30.139999,30.209999,30.040001,29.289116,109400,28.812628,28.04137,26.071775,0.054008,0.036535,0.011768,TRUE,TRUE,1.969594,0.04648,34.14785,38.099314,70.436148,-1.733323,0.334859,-0.002234,9.553037,19.645139,23.273173,-18.400571,3.775243,3.647406,27.405173,0.512317,0.580607,0.487002,1.438015,4.357087,-4.187471,0.509133,-4184700,-35.533294,-729757475.525618,-12.780404,47.550708,3.709568,4.339271,102.152871,0.096487,4.174197,0.697855,0.580607,1.738678
03-28-24,30.23,30.23,30.15,29.26973,178700,28.858652,28.093609,26.09406,0.053398,0.036824,0.011787,TRUE,TRUE,1.999549,0.046602,36.425817,38.5996,69.604704,1.892801,0.332854,-0.003392,9.440963,19.800768,23.586422,-20.764754,3.246904,3.602993,26.938993,0.502131,0.571782,0.490865,1.31412,4.754098,-4.187471,0.84215,-4363400,-23.073612,-733868785.520135,-13.35667,46.603815,3.014034,3.554878,101.843269,0.103703,4.594717,0.700618,0.571782,1.525959
04-01-24,30.25,30.51,30.120001,29.356985,388600,28.895989,28.1445,26.116307,0.052752,0.037137,0.011807,TRUE,TRUE,2.028193,0.046697,44.997677,39.724327,71.249691,5.136987,0.33445,-0.001436,9.806903,19.500778,22.725623,-22.661115,2.610086,3.665075,28.447461,0.5017,0.573001,0.493544,1.329515,4.934635,-4.187471,1.745301,-3974800,116.610925,-735777941.332177,-12.818452,58.000033,3.484987,4.168038,102.05615,0.110394,4.908283,0.702527,0.573001,1.620516
04-02-24,30.049999,30.049999,29.889999,29.06613,314500,28.918784,28.186868,26.136767,0.051783,0.037457,0.011828,TRUE,TRUE,2.050101,0.046288,14.648983,39.339597,59.659182,-10.776966,0.308687,-0.02176,8.915872,17.856451,20.93405,-56.942437,1.593473,3.570092,27.857622,0.523357,0.5965,0.503183,1.258517,4.082076,-4.187471,1.407253,-4289300,5.57234,-739331282.199545,-12.499699,50.102853,2.98866,3.043358,101.70742,0.095773,4.121436,0.709354,0.5965,0.528924
04-03-24,29.950001,30.045,29.915001,29.085518,310700,28.951248,28.226724,26.156992,0.050567,0.037784,0.01185,TRUE,TRUE,2.069731,0.046215,17.441659,38.982347,60.12484,-9.479864,0.286531,-0.035132,9.703705,18.488316,19.878879,-54.835025,2.283238,3.556026,25.632768,0.511927,0.584151,0.497992,1.167813,3.700257,-4.187471,1.371139,-3978600,25.080515,-743606936.689913,-12.749959,52.810694,3.548804,1.484657,101.684359,0.086858,3.801439,0.705686,0.584151,0.523823
04-04-24,30.110001,30.15,29.76,28.881922,302500,28.969665,28.261928,26.176722,0.04897,0.038111,0.011872,TRUE,TRUE,2.085206,0.045585,8.574927,37.767873,53.182474,-18.067217,0.249666,-0.057598,8.975536,18.91406,18.946715,-76.965035,1.291831,3.583326,23.562215,0.521282,0.59476,0.495528,1.100409,3.388247,-4.187471,1.307571,-4281100,45.712909,-745271586.177373,-12.36581,51.249671,3.431546,1.279886,101.334593,0.076846,3.2948,0.703937,0.59476,-0.372389
04-05-24,29.9,30.15,29.9,29.172777,176200,28.993443,28.299856,26.19781,0.047203,0.038444,0.011895,TRUE,TRUE,2.102046,0.045463,21.61563,36.640147,60.244691,0.585509,0.24114,-0.052899,9.752759,19.357055,20.37975,-65.089375,1.657141,3.617291,23.062399,0.532976,0.607914,0.512841,0.937154,3.652578,-4.187471,0.754216,-4104900,34.812548,-746472878.932500,-12.053632,57.211256,3.467482,0.727204,101.35578,0.078062,3.331172,0.716129,0.607914,0.777606
04-08-24,30.139999,30.17,30.1,29.211557,186900,29.021576,28.338173,26.220089,0.04536,0.038782,0.01192,TRUE,TRUE,2.118084,0.045326,7.378344,35.668653,61.087519,0.962679,0.234806,-0.047387,8.830129,19.28154,21.061186,-70.847691,1.963992,3.518213,22.04771,0.532962,0.613005,0.51665,0.91077,3.665093,-4.187471,0.808426,-3918000,-20.636943,-751404085.199530,-12.816492,54.485446,3.203984,1.344241,101.490515,0.074157,3.177051,0.718783,0.613005,0.861685
04-09-24,30.18,30.219999,30,29.260033,209400,29.055515,28.377846,26.243511,0.043405,0.039108,0.011946,TRUE,TRUE,2.134335,0.045221,22.773751,34.167708,62.167229,8.984755,0.231034,-0.040927,9.246787,18.642683,20.692565,-66.662343,2.374973,3.561848,20.046226,0.532947,0.610535,0.514763,0.801067,3.658392,-4.187471,0.92324,-3708600,-29.494949,-753022118.344151,-12.605532,53.934506,2.656081,0.708454,101.20975,0.071899,3.074399,0.71747,0.610535,1.020228
04-10-24,29.969999,30.1,29.92,29.114607,212000,29.071069,28.411904,26.266491,0.041229,0.039415,0.011974,TRUE,TRUE,2.145413,0.044898,5.226482,32.319862,57.052759,-3.191932,0.213845,-0.046493,8.351892,17.231939,19.811348,-86.05245,1.07995,3.498965,19.176204,0.538626,0.614059,0.524536,0.774288,3.217122,-4.187471,0.92538,-3920600,27.480457,-755131263.599099,-12.672009,47.371634,2.644913,1.823313,101.453815,0.068257,2.917427,0.724248,0.614059,0.227043
04-11-24,30.07,30.17,29.91,29.211557,174200,29.092919,28.448868,26.290905,0.039192,0.039701,0.012002,TRUE,TRUE,2.157963,0.044322,2.467724,30.929256,59.447977,-1.639542,0.205675,-0.04373,8.5955,16.944498,20.022863,-73.125712,1.518737,3.443644,18.077965,0.529688,0.590839,0.502344,0.767028,3.759177,-4.187471,0.752955,-3746400,35.03876,-756241375.670405,-12.281015,47.302954,2.995987,3.081599,102.277244,0.086763,3.68596,0.708762,0.590839,0.656259
04-12-24,30.1,30.129999,29.799999,28.949789,321600,29.104581,28.485623,26.314205,0.03696,0.03995,0.012032,TRUE,TRUE,2.171417,0.042843,-13.989696,29.013112,51.152716,-11.014513,0.176048,-0.058685,7.429367,16.164323,19.133096,-108.028158,0.812202,3.454865,16.174362,0.534012,0.60082,0.500198,0.841561,3.659158,-4.187471,1.35479,-4068000,59.920438,-758220113.005318,-12.018333,46.263261,3.002765,2.560734,102.27553,0.081199,3.414306,0.707246,0.60082,-0.95702
04-15-24,30.02,30.040001,29.57,28.717104,321200,29.105575,28.514051,26.335004,0.034287,0.040141,0.012062,TRUE,TRUE,2.179047,0.041117,-19.41767,27.752727,45.125078,-11.927681,0.132268,-0.081972,6.222999,16.215141,17.441838,-90.733537,0.069276,3.535532,15.914867,0.544419,0.613175,0.513505,0.997453,2.916671,-4.187471,1.328233,-4389200,38.269479,-759707055.129206,-11.277192,45.067336,2.809085,3.093232,102.160384,0.066923,2.79772,0.716593,0.613175,-2.440932
04-16-24,29.610001,29.629999,29.459999,28.610458,256100,29.082389,28.537253,26.3546,0.031189,0.040276,0.012092,TRUE,TRUE,2.182653,0.03934,-22.065831,27.0325,42.644783,-16.803194,0.087953,-0.10103,6.513981,14.935469,17.21036,-80.908551,-1.594969,3.533184,19.393985,0.545562,0.616567,0.514985,1.177578,2.485718,-4.187471,1.08995,-4645300,-34.884312,-762522770.168082,-11.846255,44.251845,3.18217,3.40838,102.33903,0.065423,2.733425,0.717625,0.616567,-2.433385
04-17-24,29.639999,29.639999,29.309999,28.494114,223000,29.063534,28.558708,26.373232,0.02771,0.040347,0.012123,FALSE,TRUE,2.185476,0.037525,-40.594212,26.919692,40.057989,-11.094727,0.04295,-0.116826,6.888564,14.072311,16.349308,-67.990419,-1.306106,3.518951,23.044562,0.546375,0.617767,0.515298,1.414197,2.024568,-3.107987,0.940214,-4868300,24.790151,-763848452.097395,-11.468095,39.82181,2.286268,2.852338,101.829805,0.048345,2.017562,0.717843,0.617767,-2.470954
04-18-24,29.35,29.51,29.280001,28.435942,151000,29.034039,28.578419,26.390186,0.023949,0.040349,0.012154,FALSE,TRUE,2.188233,0.035586,-41.747882,26.921202,38.790975,-6.334104,0.002561,-0.125772,6.055081,15.122013,15.79772,-68.622708,-2.032369,3.54499,26.989778,0.547643,0.618,0.510936,1.642172,1.869544,-3.137391,0.645216,-5019300,-29.439252,-765107740.455911,-11.473546,35.099264,1.495375,2.239983,101.375126,0.045147,1.871306,0.714798,0.618,-2.216013
04-19-24,29.299999,29.370001,29.15,28.338989,208000,28.992446,28.594645,26.406177,0.019703,0.040282,0.012185,FALSE,TRUE,2.188468,0.033678,-50.724916,27.367203,36.707107,-5.937677,-0.036846,-0.132143,5.162758,15.673207,15.135956,-75.795382,-2.851643,3.479937,30.897392,0.546462,0.600254,0.490174,1.626656,1.432437,-3.467644,0.883077,-5227300,16.985377,-766849278.810745,-10.893908,25.36545,0.757403,1.450904,100.419774,0.025832,1.050973,0.700124,0.600254,-2.114926
04-22-24,29.25,29.469999,29.225,28.494114,189700,28.956574,28.614361,26.42347,0.015147,0.04016,0.012217,FALSE,TRUE,2.190891,0.031997,-30.570044,27.154302,42.069443,2.011454,-0.054926,-0.120179,5.172548,17.64273,15.989773,-61.297746,-2.456026,3.570788,32.350238,0.549997,0.605981,0.493792,1.761836,1.652465,-3.467644,0.815318,-5037600,-23.229462,-768170813.633633,-10.440035,32.144146,0.324855,1.594571,100.574922,0.032892,1.334357,0.702703,0.605981,-1.429542
04-23-24,29.459999,29.66,29.450001,28.726797,129100,28.937668,28.636023,26.442978,0.010636,0.039998,0.01225,TRUE,TRUE,2.193045,0.030599,-17.209296,25.900584,49.043245,10.252271,-0.049903,-0.092125,5.918031,18.886004,16.263352,-39.551648,-1.299144,3.588366,32.542013,0.557935,0.615065,0.500792,1.820957,2.049765,-3.467644,0.567198,-4908500,-43.942683,-769189113.628183,-9.700498,28.04891,0.868429,1.743442,100.760235,0.041245,1.660908,0.707667,0.615065,-0.647997
04-24-24,29.700001,29.75,29.530001,28.736494,135800,28.921187,28.656817,26.462822,0.006195,0.039793,0.012284,TRUE,TRUE,2.193995,0.029365,-7.692308,24.288881,49.317074,12.609967,-0.044626,-0.069478,5.353047,18.221891,16.302597,-38.64539,-1.134088,3.576895,32.691563,0.555389,0.600069,0.48806,1.850752,1.838911,-3.467644,0.603743,-4772700,-28.299894,-770304536.679431,-9.252413,34.360623,1.122469,1.482083,101.491464,0.046814,1.870136,0.698613,0.600069,-0.564955
04-25-24,29.360001,29.51,29.25,28.591064,222800,28.886284,28.680597,26.481699,0.001853,0.039539,0.012318,FALSE,TRUE,2.198898,0.027737,-33.333406,23.902153,45.378582,3.309139,-0.051584,-0.061149,4.745657,18.46541,16.835705,-52.236946,-2.383313,3.471531,32.280413,0.559587,0.601459,0.482915,1.947381,1.669202,-3.467644,0.966175,-4995500,103.656307,-771656649.837924,-9.084817,27.803524,0.839235,1.528859,100.947484,0.042175,1.663832,0.694921,0.601459,-0.914547
04-26-24,29.620001,29.76,29.6,28.814056,140600,28.8635,28.703425,26.50107,-0.002198,0.039239,0.012354,TRUE,TRUE,2.202355,0.025981,-20.602887,22.406357,51.742421,2.699176,-0.038659,-0.038579,5.637404,19.913838,18.021517,-31.396572,-1.556807,3.487231,31.01487,0.551394,0.591322,0.462556,1.989038,2.508922,-3.467644,0.614793,-4854900,-21.320649,-773178547.708844,-8.594364,26.578649,1.389489,2.030754,101.338708,0.057774,2.268841,0.680115,0.591322,-0.15942
04-29-24,29.76,29.84,29.709999,28.911007,196700,28.841201,28.724712,26.519874,-0.005985,0.038902,0.012391,TRUE,TRUE,2.204839,0.0246,-17.646979,20.918722,54.238739,4.921666,-0.020359,-0.016223,5.469605,20.799739,17.053841,-23.430645,-1.519155,3.479861,28.804578,0.547115,0.586805,0.461584,1.868347,2.363692,-3.467644,0.897764,-4658200,-49.382398,-775793101.032005,-9.131711,33.577446,1.705703,1.895786,101.618807,0.054891,2.170532,0.6794,0.586805,0.242341
04-30-24,29.82,29.9,29.57,28.668627,200300,28.821326,28.741152,26.5367,-0.009614,0.038519,0.012429,FALSE,TRUE,2.204452,0.022994,-21.495339,19.868452,47.608216,2.229634,-0.025124,-0.01679,4.770106,18.739584,15.76119,-47.193394,-1.367581,3.546412,28.541069,0.556673,0.599432,0.494712,1.931217,1.655364,-3.467644,0.938657,-4858500,-36.311606,-777087613.368507,-8.84679,33.742687,2.343705,1.959867,101.957024,0.041605,1.669074,0.703357,0.599432,-0.535017
05-01-24,29.540001,29.76,29.450001,28.610458,189900,28.797573,28.756815,26.552806,-0.012924,0.03809,0.012468,FALSE,TRUE,2.204009,0.021177,-29.52362,19.336299,46.15012,-5.592301,-0.033211,-0.019902,5.526699,17.749865,15.614892,-55.055255,-1.63332,3.562605,28.201437,0.557346,0.618198,0.503096,1.189342,1.607194,-3.467644,0.915843,-5048400,-38.879949,-778306089.976990,-8.36729,27.459201,2.082305,1.056673,101.719376,0.02876,1.162051,0.709293,0.618198,-0.663495
05-02-24,29.620001,29.719999,29.48,28.775276,159300,28.792241,28.776354,26.569688,-0.015787,0.037619,0.012509,FALSE,TRUE,2.206666,0.019612,-8.999948,18.842156,50.752572,-3.486168,-0.02602,-0.010169,5.420532,17.132869,17.089078,-42.103695,-0.369247,3.589635,28.1343,0.561119,0.624363,0.507437,1.082831,1.818152,-3.467644,0.795744,-4889100,-47.338843,-779400911.127122,-8.524233,34.996703,1.828261,1.199649,101.842838,0.035347,1.42483,0.712346,0.624363,-0.0603
05-03-24,29.9,29.98,29.84,29.056433,150900,28.786424,28.794364,26.587306,-0.018092,0.037117,0.012552,TRUE,TRUE,2.207058,0.018566,17.073021,17.7537,57.435685,9.82747,0.002338,0.014551,5.850836,16.727061,18.507658,-11.273121,-0.398812,3.583051,27.417211,0.57242,0.636587,0.512684,1.50208,2.103669,-3.467644,0.758577,-4738200,-14.358683,-781240965.990882,-8.738994,43.319384,1.569521,3.634061,102.221762,0.040326,1.602009,0.71602,0.636587,0.984815
05-06-24,30.059999,30.24,30.059999,29.318205,153000,28.791756,28.815676,26.605898,-0.019564,0.036597,0.012596,TRUE,TRUE,2.209778,0.017831,33.031501,17.659183,62.533648,16.383528,0.045412,0.0461,6.917399,16.877545,20.79069,15.431673,0.365087,3.617004,28.374566,0.581422,0.633362,0.528135,2.236368,2.513014,-3.467644,0.775744,-4585200,-18.138042,-782655014.649382,-7.922458,51.448291,0.110188,3.069034,101.680522,0.041592,1.653159,0.726729,0.633362,1.855354
05-07-24,30.299999,30.42,30.299999,29.473326,142700,28.802421,28.84183,26.625983,-0.020003,0.036066,0.012643,TRUE,TRUE,2.215847,0.017479,44.888786,18.110157,65.193985,14.441414,0.091015,0.073363,7.369552,17.495937,20.534492,25.45874,0.728957,3.615478,30.545048,0.581858,0.631411,0.522636,2.56934,2.528033,-3.467644,0.735965,-4442500,-31.852913,-784763806.058426,-8.185278,59.250768,0.836274,3.136848,102.097892,0.045108,1.781209,0.722936,0.631411,2.196444
05-08-24,30.26,30.370001,30.209999,29.444242,127400,28.818903,28.86547,26.645445,-0.019581,0.035508,0.01269,TRUE,TRUE,2.220025,0.017068,46.846975,18.118522,64.272522,6.836837,0.123388,0.084588,6.962305,17.312685,20.275547,23.168721,1.1322,3.59013,33.100658,0.58236,0.63146,0.523495,2.391088,2.393653,-3.467644,0.671711,-4569900,-39.90566,-786110660.081100,-8.166872,59.738028,0.715271,2.350052,102.208204,0.044387,1.752803,0.72353,0.63146,1.889207
05-09-24,30.370001,30.450001,30.34,29.521805,174300,28.834415,28.891434,26.665342,-0.018212,0.034926,0.012739,TRUE,TRUE,2.226092,0.016187,55.454745,18.374411,65.66627,3.132622,0.153532,0.091786,7.319437,17.464498,20.967469,24.228925,1.062071,3.598045,35.665277,0.562097,0.672431,0.49674,2.295134,3.104935,-3.467644,0.918965,-4395600,0.057405,-788877881.117304,-8.603497,68.108992,0.507095,1.696582,101.935075,0.03066,1.220578,0.704798,0.672431,1.927336
05-10-24,30.469999,30.5,30.41,29.521805,177400,28.863016,28.914885,26.684952,-0.015862,0.034331,0.01279,TRUE,TRUE,2.229932,0.015647,51.960954,18.767486,65.66627,0.472284,0.175399,0.090923,6.79409,17.869559,20.920434,21.744385,1.975889,3.561071,38.795389,0.550778,0.680166,0.475724,2.098106,2.694312,-3.467644,0.972268,-4395600,-44.838308,-792556737.396709,-9.409357,68.031324,0.66129,2.870314,102.205545,0.034447,1.371165,0.689727,0.680166,1.698112
05-13-24,30.530001,30.530001,30.41,29.492718,255600,28.901797,28.932534,26.703939,-0.012579,0.033716,0.012842,TRUE,TRUE,2.228595,0.015252,43.169487,19.228425,64.570711,0.298189,0.188213,0.082989,6.484088,16.680515,20.473561,18.962313,2.700877,3.526392,41.069976,0.547145,0.72085,0.48266,1.970976,2.360537,-3.467644,1.426498,-4651200,-20.423412,-796719931.833648,-10.328406,69.774696,0.86092,2.363593,102.406742,0.040141,1.619209,0.694737,0.72085,1.438816
05-14-24,30.440001,30.540001,30.42,29.609058,269300,28.951727,28.952511,26.724225,-0.008643,0.033082,0.012897,TRUE,TRUE,2.228286,0.014956,46.391742,19.69006,66.946087,1.279818,0.205388,0.080131,8.054255,17.051895,20.621504,27.833963,3.490332,3.518346,43.348604,0.548326,0.719144,0.478479,2.05768,2.545793,-3.467644,1.497442,-4381900,5.154237,-800628983.024938,-10.594476,71.420939,-0.050184,3.26087,102.841103,0.049048,1.966279,0.691722,0.719144,1.516385
05-15-24,30.65,30.77,30.6,29.832048,175300,29.018623,28.980427,26.74443,-0.003852,0.032457,0.012954,TRUE,TRUE,2.235997,0.014894,63.366534,20.834593,70.964366,5.298097,0.234292,0.087228,7.803317,16.1272,21.389176,28.943011,4.695477,3.584812,46.148198,0.554172,0.718918,0.467813,2.428709,2.911631,-3.467644,0.987856,-4206600,-21.390135,-802388070.308538,-10.858983,79.63365,1.325778,3.871262,103.523762,0.061343,2.408732,0.683969,0.718918,1.762637
05-16-24,30.790001,30.790001,30.684999,29.783573,186900,29.086005,29.005827,26.764441,0.001503,0.031831,0.013013,TRUE,TRUE,2.241386,0.014593,54.348003,21.954648,69.000601,4.429891,0.2504,0.082669,6.955688,15.808724,22.277773,24.893459,4.739183,3.540048,47.022793,0.554618,0.720658,0.465026,2.251391,2.881483,-3.467644,1.042678,-4393500,23.774834,-805784003.688495,-11.346238,80.047022,2.052786,3.742555,103.294498,0.055838,2.185096,0.681928,0.720658,1.483469
05-17-24,30.73,30.799999,30.700001,29.861132,122700,29.162112,29.029105,26.784839,0.007211,0.031207,0.013074,TRUE,TRUE,2.244266,0.014915,53.846287,23.024945,70.411408,3.465321,0.266354,0.078899,7.234208,15.678668,21.931218,30.454176,5.371195,3.528577,46.612147,0.533343,0.678818,0.445008,2.168124,2.487409,-3.467644,0.701203,-4270800,-41.009615,-807965319.859243,-11.748447,79.494017,1.71899,2.858586,102.80446,0.042619,1.702741,0.667089,0.678818,1.499651
05-21-24,30.85,30.879999,30.809999,29.938694,184500,29.234341,29.054901,26.807251,0.013129,0.030585,0.013137,TRUE,TRUE,2.24765,0.015433,79.394325,24.263613,71.793902,0.829536,0.282006,0.07564,7.587428,15.592393,21.401287,34.174391,5.069749,3.526563,46.907709,0.532804,0.6804,0.441585,2.081874,2.44844,-3.467644,1.055945,-4086300,-2.74117,-812742864.409652,-12.754915,87.355852,2.03981,3.610725,103.071488,0.047521,1.89469,0.664519,0.6804,1.501572
05-22-24,30.84,30.84,30.690001,29.841745,244800,29.290088,29.080111,26.829417,0.019128,0.029961,0.013202,TRUE,TRUE,2.250694,0.015551,75.148335,24.604575,67.545636,-1.454966,0.283321,0.061564,7.3509,14.496906,20.77578,25.838995,3.881213,3.492526,47.182829,0.533014,0.683519,0.441348,1.713412,2.439578,-3.467644,1.356158,-4331100,89.620449,-815756376.284835,-12.898804,85.17832,1.887931,3.236165,103.136829,0.045501,1.813045,0.66434,0.683519,1.16919
05-23-24,30.91,30.91,30.58,29.706011,230800,29.338564,29.09816,26.850761,0.025028,0.029329,0.013269,TRUE,TRUE,2.247399,0.015517,57.831438,24.240991,62.012903,-8.398505,0.270295,0.03883,5.505281,14.566663,21.533256,-12.522371,3.373817,3.498557,46.165284,0.536731,0.693321,0.459639,1.378508,2.02931,-3.467644,1.245817,-4561900,69.955817,-817209701.934056,-12.65928,76.677145,1.499886,3.246536,103.311126,0.036513,1.469075,0.677967,0.693321,0.795937
05-24-24,30.700001,30.76,30.67,29.802961,131200,29.399159,29.118729,26.872256,0.030616,0.0287,0.013339,TRUE,TRUE,2.246473,0.015496,52.381131,23.903378,64.264481,-7.529421,0.264743,0.026623,5.487494,14.685903,22.644039,-30.239765,4.238726,3.451049,43.726529,0.536825,0.692276,0.459732,1.137834,2.257221,-3.467644,0.726146,-4430700,-41.113106,-819868797.225032,-13.341861,76.533381,1.574447,2.870835,103.15576,0.035948,1.446237,0.678036,0.692276,0.923472
05-27-24,30.790001,30.940001,30.745001,29.996864,130100,29.458299,29.144335,26.894958,0.035917,0.028092,0.01341,TRUE,TRUE,2.249376,0.015918,50.00007,24.296128,68.310147,0.764511,0.272844,0.027779,6.501741,15.134448,23.1055,-29.196485,4.104968,3.417662,43.393987,0.539761,0.693495,0.448144,1.153488,2.345633,-3.467644,0.722156,-4300600,-7.467994,-820997181.467373,-13.271526,76.353032,1.951713,3.14649,103.73447,0.045391,1.797018,0.669436,0.693495,1.241105
05-28-24,30.809999,30.809999,30.58,29.715704,255200,29.498534,29.164704,26.915921,0.040547,0.027495,0.013482,TRUE,TRUE,2.248784,0.01623,16.339851,23.661133,58.048135,-3.964768,0.253653,0.00687,5.14268,14.392374,20.729288,-67.711526,2.783359,3.380613,41.751921,0.5449,0.701838,0.442348,1.084301,1.421423,-3.467644,1.393926,-4555800,29.740722,-823170370.753028,-12.938953,67.776804,0.958633,2.929636,103.313998,0.030135,1.175629,0.665093,0.701838,0.520143
05-29-24,30.5,30.5,30.4,29.483023,217300,29.539254,29.172881,26.936007,0.044456,0.026897,0.013557,TRUE,TRUE,2.236875,0.016099,2.29883,22.142148,51.19392,-13.07056,0.217165,-0.023694,4.462281,13.959716,19.507529,-142.829486,2.840722,3.380067,36.924216,0.555744,0.671059,0.45891,1.069055,1.02091,-3.467644,1.181428,-4773100,8.487269,-827372837.283002,-13.669663,65.567311,1.765368,3.926774,104.246608,0.034557,1.341939,0.677429,0.671059,-0.152289
05-30-24,30.4,30.48,30.35,29.492718,203800,29.583367,29.185312,26.95595,0.04754,0.026289,0.013632,TRUE,TRUE,2.229362,0.015641,-1.79651,20.628085,51.451151,-16.858996,0.186876,-0.043186,4.033479,14.209011,20.56701,-145.302105,3.083695,3.376829,29.833227,0.548967,0.642158,0.452101,1.079578,1.342443,-3.467644,1.103859,-4569300,7.319642,-830264565.431248,-14.071354,58.663098,0.945869,3.110916,103.247165,0.036894,1.441322,0.672384,0.642158,-0.303854
05-31-24,30.43,30.58,30.209999,29.64784,178700,29.626995,29.197751,26.978151,0.049982,0.025685,0.013709,TRUE,TRUE,2.219601,0.015509,7.103764,19.855885,55.493052,-2.555083,0.173391,-0.045337,3.6267,14.469417,22.196548,-77.007872,3.03234,3.385442,22.988764,0.551584,0.633478,0.456424,1.040691,1.457931,-3.467644,0.962849,-4390600,12.17828,-830986279.005354,-13.897295,58.682449,0.374684,2.750629,102.740886,0.032943,1.285923,0.675592,0.633478,0.090676
06-03-24,30.65,30.67,30.4,29.638144,230500,29.656081,29.207097,27.000829,0.051493,0.025082,0.013787,TRUE,TRUE,2.206269,0.01561,8.287221,18.68085,55.183764,3.989844,0.160075,-0.046922,3.592806,14.220371,21.775597,-78.33622,2.002004,3.389915,18.662959,0.54647,0.619894,0.438872,0.991679,1.143909,-3.467644,1.215878,-4621100,52.750166,-832517575.512792,-13.524096,58.319587,0.796386,3.986843,103.414555,0.039196,1.519988,0.662474,0.619894,-0.096112
06-04-24,30.530001,30.559999,30.41,29.618753,128200,29.671108,29.215241,27.024127,0.051994,0.024483,0.013866,TRUE,TRUE,2.191114,0.015545,0.58479,17.589745,54.529304,3.078153,0.146272,-0.04858,4.158434,13.599489,19.965429,-80.992394,1.025126,3.361886,16.928615,0.545917,0.612668,0.43542,0.988703,1.194979,-3.467644,0.680702,-4749300,-16.20915,-833998282.823043,-13.630836,51.215958,2.071894,5.018654,103.906868,0.044755,1.732025,0.659863,0.612668,-0.309268
06-05-24,30.690001,30.860001,30.65,29.919304,203100,29.693407,29.231529,27.048929,0.05166,0.023902,0.013946,TRUE,TRUE,2.1826,0.015804,5.027889,17.450252,62.043466,6.550414,0.157766,-0.029669,4.930035,14.963798,21.486227,-39.82118,1.513159,3.347287,17.122416,0.558278,0.631847,0.450508,0.980176,1.761336,-3.467644,1.061378,-4546200,42.326559,-835614750.449131,-13.28707,51.738451,2.417024,5.62621,104.301907,0.060154,2.307466,0.671199,0.631847,1.319304
06-06-24,30.9,30.91,30.82,29.919304,150000,29.71716,29.248593,27.0733,0.050586,0.023338,0.014029,TRUE,TRUE,2.175293,0.016365,8.045904,17.51352,62.043466,6.859702,0.164974,-0.017969,4.258531,14.963798,20.99675,-39.82118,1.613427,3.355104,16.775588,0.550728,0.620259,0.444847,0.964058,1.411816,-3.467644,0.779282,-4546200,17.739403,-838767064.694882,-13.678054,51.066716,2.39978,5.369721,103.990833,0.048475,1.875328,0.666968,0.620259,1.204987
06-07-24,30.84,30.950001,30.76,29.899916,257800,29.736066,29.260809,27.097861,0.048676,0.022802,0.014112,TRUE,TRUE,2.162948,0.016783,2.381164,17.236656,61.285765,6.756461,0.167194,-0.012599,4.366732,15.058997,21.665334,-41.903066,1.280785,3.360689,16.587664,0.550565,0.619,0.451701,0.960335,1.42947,-3.467644,1.310892,-4804000,47.905909,-841358855.953227,-13.343073,44.052121,3.205985,5.779715,104.830122,0.064537,2.513005,0.672087,0.619,0.987782
06-10-24,30.799999,30.93,30.76,29.987171,216200,29.759334,29.275157,27.121711,0.046195,0.022309,0.014198,TRUE,TRUE,2.153447,0.017184,2.958672,16.979567,63.449176,1.40571,0.173989,-0.004644,4.919085,14.843455,21.551063,-30.111812,1.576348,3.353582,16.687594,0.550194,0.623703,0.451072,0.958975,1.667686,-3.467644,1.08862,-4587800,21.871477,-843540768.504697,-12.835859,44.696638,3.728539,5.33147,104.946624,0.064361,2.506381,0.671619,0.623703,1.365308
06-11-24,30.809999,30.809999,30.639999,29.832048,220800,29.776301,29.284659,27.145693,0.04322,0.021851,0.014285,TRUE,TRUE,2.138966,0.017227,-0.571535,16.056319,57.31694,-4.726526,0.164955,-0.010942,3.57076,13.914442,20.922282,-51.074299,1.150557,3.352229,15.518237,0.555192,0.62658,0.46156,0.960258,1.438231,-3.467644,1.121609,-4808600,-13.615023,-845860339.032808,-12.481054,45.090925,3.592659,5.606061,105.257182,0.065285,2.54392,0.679382,0.62658,0.359241
06-12-24,30.98,31.09,30.940001,30.035646,249400,29.79763,29.304049,27.169976,0.040023,0.021432,0.014373,TRUE,TRUE,2.134073,0.018179,18.681373,16.397362,62.446977,1.161212,0.172239,-0.002926,4.382689,14.52403,21.049208,-19.812777,1.440735,3.374619,16.022045,0.536834,0.638417,0.514412,1.026056,1.176385,-3.467644,1.273326,-4559200,-7.389528,-849117025.499499,-12.377924,53.834183,4.730489,6.062824,105.655622,0.050569,2.145921,0.717225,0.638417,1.485556
06-13-24,30.99,30.99,30.73,29.870829,239100,29.799569,29.319755,27.192384,0.036638,0.02104,0.014463,TRUE,TRUE,2.127371,0.018464,3.703773,15.645958,56.524332,-6.924844,0.162835,-0.009864,4.019549,13.604619,19.926332,-38.54205,0.129995,3.369413,16.089216,0.533615,0.631922,0.546112,1.015594,1.257559,-3.467644,1.201176,-4798300,36.394752,-850936337.688914,-12.194687,47.242376,4.979761,6.104469,106.392525,0.067095,2.962721,0.738994,0.631922,0.442903
06-14-24,30.709999,30.73,30.59,29.735096,266100,29.797145,29.336819,27.212678,0.033108,0.02067,0.014554,TRUE,TRUE,2.124141,0.018733,-14.754063,14.725654,52.138727,-5.178213,0.142784,-0.023932,3.61663,11.944437,19.063879,-53.966197,-0.162765,3.318045,16.150979,0.533906,0.63755,0.538115,1.049648,0.766253,-3.467644,1.310741,-5064400,42.375602,-854452309.013164,-11.986382,40.791183,4.788723,6.583119,106.136142,0.061885,2.70739,0.733563,0.63755,-0.384182
06-17-24,30.66,30.84,30.59,29.870829,309800,29.79763,29.35078,27.233603,0.029717,0.020323,0.014645,TRUE,TRUE,2.117177,0.019431,9.523955,13.950624,55.829451,-6.617526,0.136275,-0.024353,2.740046,12.171765,19.290125,-38.54205,0.032474,3.372737,16.17264,0.53331,0.631841,0.528956,1.020893,0.745766,-3.467644,1.458775,-4754600,152.485738,-856544503.718365,-11.437393,50.158957,3.974458,7.735076,106.784149,0.064481,2.796555,0.727294,0.631841,0.452608
06-18-24,30.83,30.9,30.809999,29.929003,223200,29.797145,29.365129,27.255154,0.026504,0.020002,0.014737,TRUE,TRUE,2.109975,0.020254,30.666789,13.481917,57.347555,0.823223,0.134263,-0.021092,3.663859,13.206123,20.022725,-31.931362,-0.03237,3.424623,16.129544,0.53353,0.640689,0.538063,0.899681,0.772812,-3.467644,1.041506,-4531400,20.97561,-861137439.962166,-11.291051,57.297008,4.957029,7.368539,106.959309,0.060005,2.626865,0.733528,0.640689,0.817489
06-19-24,30.879999,30.93,30.82,29.958084,158900,29.802962,29.37909,27.275655,0.023408,0.019712,0.01483,TRUE,TRUE,2.103435,0.020905,31.578879,13.174374,58.122409,5.983682,0.133476,-0.017503,3.211723,12.824693,20.047993,-28.626667,0.389852,3.422258,16.504282,0.530885,0.632975,0.534672,0.762102,1.007031,-3.467644,0.756631,-4372500,-35.089869,-863786478.636046,-11.435194,63.351279,5.77842,8.043205,107.557986,0.071082,3.115869,0.731213,0.632975,0.939888
06-20-24,30.809999,30.879999,30.719999,29.85144,416000,29.810234,29.393826,27.296148,0.02041,0.019444,0.014924,TRUE,TRUE,2.097678,0.021267,14.285867,12.383479,54.231654,-1.597798,0.122832,-0.022518,2.333162,11.776714,20.583482,-79.50127,0.489563,3.394914,16.374508,0.53296,0.621913,0.514521,0.698991,0.892543,-3.467644,1.897204,-4788500,80.242634,-868718989.138394,-11.74563,53.305615,4.744118,7.6988,106.813145,0.06131,2.620906,0.717301,0.621913,0.251651
06-21-24,30.75,30.75,30.66,29.783573,280900,29.809264,29.405267,27.317067,0.017646,0.0192,0.015019,TRUE,TRUE,2.0882,0.021852,9.804103,11.641895,51.852775,-5.49478,0.107678,-0.030137,1.958183,12.860875,21.191926,-92.121532,-0.065055,3.373008,16.384776,0.525559,0.617014,0.497797,0.643267,0.404454,-3.467644,1.238782,-5069400,114.10061,-874470730.065788,-12.039852,45.591822,3.933546,7.655115,106.635783,0.055111,2.348986,0.705547,0.617014,-0.1568
06-24-24,30.75,30.91,30.75,29.832048,231600,29.801024,29.422912,27.33842,0.015081,0.018995,0.015114,TRUE,TRUE,2.084492,0.022457,14.10271,11.421228,53.424307,-4.698102,0.098446,-0.031496,2.49833,12.268879,21.671033,-151.590347,-0.549444,3.416509,15.79545,0.525686,0.57494,0.471121,0.555881,0.519585,-3.467644,0.999008,-4837800,78.01691,-877359802.435432,-12.156024,50.964033,2.999551,6.484025,105.352844,0.046194,1.918144,0.686383,0.57494,0.196416
06-25-24,30.58,30.6,30.49,29.88283,228600,29.80938,29.446226,27.360409,0.012756,0.018825,0.01521,TRUE,TRUE,2.085817,0.023261,-2.888658,11.183254,55.078456,0.846802,0.094141,-0.02864,2.8098,12.378829,22.828829,-101.194953,0.562415,3.297572,15.762365,0.524852,0.571505,0.467671,0.562829,0.455945,-3.467644,0.991757,-4609200,-10.423197,-880112008.178254,-12.351765,44.716386,3.343897,7.347729,105.788644,0.04714,1.954179,0.683865,0.571505,0.465982
06-26-24,30.530001,30.639999,30.51,29.921892,234900,29.831323,29.472455,27.382163,0.010919,0.018683,0.015307,TRUE,TRUE,2.090292,0.023607,0.198833,10.771033,56.362317,4.509542,0.092812,-0.023975,2.160448,11.919874,23.187915,-94.684541,1.48855,3.23752,13.927986,0.507533,0.553126,0.460545,0.56241,1.056123,-3.467644,1.015213,-4374300,8.099402,-882472253.959318,-11.906694,46.024812,3.639864,7.64227,105.92693,0.059307,2.525583,0.678635,0.553126,0.650264
06-27-24,30.65,30.709999,30.610001,29.990252,202800,29.8562,29.502378,27.404738,0.009695,0.018575,0.015404,TRUE,TRUE,2.09764,0.024051,6.688055,10.052429,58.592621,5.168314,0.096166,-0.016497,2.461662,12.13503,22.123112,-83.291319,1.686972,3.172362,11.850073,0.508055,0.547492,0.459205,0.550772,1.139275,-3.467644,0.87667,-4171500,-0.490677,-885188794.540687,-11.871402,52.587396,3.517782,6.832097,105.464134,0.056622,2.405789,0.677646,0.547492,1.131229
06-28-24,30.74,30.870001,30.57,29.921892,202500,29.869903,29.532097,27.427113,0.008946,0.018494,0.015501,TRUE,TRUE,2.104984,0.023987,-4.901533,9.995301,55.535866,0.457411,0.092245,-0.016335,1.924268,11.919882,21.184101,-94.684541,0.924356,3.143722,10.856784,0.499795,0.540565,0.461868,0.558332,1.407992,-3.467644,0.870893,-4374000,13.318411,-886266236.366775,-11.88714,52.389754,3.366538,7.131415,105.542187,0.063935,2.768231,0.679609,0.540565,0.478866
07-02-24,30.639999,30.790001,30.639999,30.068378,251900,29.891414,29.566685,27.449074,0.008598,0.018443,0.015599,TRUE,TRUE,2.117611,0.024599,17.860875,9.942254,60.313806,3.951489,0.099807,-0.007018,3.448167,12.671473,21.401221,-70.270176,1.451626,3.139163,10.269468,0.487492,0.525929,0.441833,0.621726,1.162671,-3.467644,1.078385,-4122100,9.284165,-888438001.037952,-11.969782,59.129073,3.94412,7.26961,105.738876,0.061199,2.667421,0.664705,0.525929,1.723205
07-03-24,30.83,31.1,30.82,30.302752,135400,29.925614,29.602857,27.472876,0.008621,0.018432,0.015697,TRUE,TRUE,2.129981,0.02561,19.727889,11.07185,66.513811,7.92119,0.123291,0.013173,4.185016,14.294823,20.992739,-30.6964,2.309341,3.061534,11.961324,0.496385,0.525276,0.462007,1.328134,1.486446,-3.467644,0.578756,-3986700,5.616225,-889073652.668390,-11.770757,57.743815,3.389903,7.29587,105.104168,0.05981,2.607767,0.679711,0.525276,3.152972
07-04-24,31.08,31.1,31.01,30.361345,76700,29.947716,29.635548,27.497449,0.00893,0.018456,0.015796,TRUE,TRUE,2.138099,0.02674,39.312957,12.120761,67.865427,12.32956,0.144959,0.027873,5.122317,14.557608,20.765577,-21.090877,1.477445,3.018665,15.421974,0.496495,0.527461,0.461919,1.446027,1.500727,-3.467644,0.33695,-3910000,-62.235352,-890255947.098942,-12.002196,63.060326,3.995926,7.82478,105.338745,0.06442,2.807894,0.679646,0.527461,2.682075
07-05-24,31.08,31.08,30.959999,30.33205,122400,29.968354,29.667459,27.522736,0.009527,0.01851,0.015895,TRUE,TRUE,2.144723,0.027513,52.305461,12.79921,66.421898,6.108093,0.157947,0.032688,3.973818,14.114134,21.156005,-25.893326,1.379532,2.98849,17.62591,0.491508,0.515822,0.450178,1.337072,1.731553,-3.467644,0.540994,-4032400,-18.4,-891659353.612492,-11.688904,65.9574,4.550241,8.441509,105.99445,0.070872,3.086961,0.670953,0.515822,2.06342
07-08-24,31.08,31.1,30.995001,30.351582,168800,29.990937,29.70267,27.548599,0.010366,0.018608,0.015995,TRUE,TRUE,2.154071,0.028415,46.898904,13.507438,66.926992,0.413182,0.16788,0.034097,3.902648,13.077386,22.261416,-22.691485,1.510592,2.90727,19.497069,0.490289,0.525555,0.465641,1.265463,1.590911,-3.467644,0.761046,-3863600,-34.522886,-893896908.765988,-11.843565,64.35046,4.329996,7.902632,105.90391,0.060949,2.699592,0.682379,0.525555,1.849737
07-09-24,31.1,31.1,30.99,30.263689,123900,30.004763,29.731662,27.576127,0.011388,0.018732,0.016095,TRUE,TRUE,2.155536,0.028667,31.729775,14.132216,62.379573,-5.485854,0.166738,0.026364,3.430127,12.994091,22.189788,-37.100083,0.922121,2.84945,20.427203,0.476186,0.508965,0.448558,1.209937,1.975022,-3.467644,0.570481,-3987500,-42.691952,-895656979.677349,-11.998115,58.705461,4.56455,7.612574,105.882528,0.065884,2.957705,0.669745,0.508965,1.267555
07-10-24,31.08,31.35,31.08,30.615253,136300,30.043923,29.765747,27.605507,0.012867,0.018889,0.016195,TRUE,TRUE,2.16024,0.029027,47.71484,15.644955,70.897465,4.475566,0.191989,0.041292,5.154274,13.936645,23.371048,14.564371,2.625381,2.836633,24.116079,0.482266,0.512741,0.474766,1.854231,3.028372,-3.467644,0.640026,-3851200,-38.269928,-896262500.693470,-11.833716,58.402572,4.060249,7.073206,105.528515,0.079832,3.625897,0.689033,0.512741,2.369084
07-11-24,31.4,31.49,31.33,30.683611,176900,30.076321,29.806047,27.635326,0.014744,0.019082,0.016296,TRUE,TRUE,2.170721,0.029213,62.148711,17.474574,72.214775,5.287783,0.215037,0.051472,5.039285,14.067937,23.030164,19.361115,2.157318,2.819333,28.033354,0.478345,0.502814,0.464883,1.92019,3.382099,-3.467644,0.845057,-3674300,-29.069767,-897868729.749570,-11.644423,70.721306,2.741979,6.04248,105.018685,0.079768,3.618781,0.681823,0.502814,2.166311
07-12-24,31.459999,31.75,31.459999,30.869158,170300,30.126238,29.851221,27.667272,0.016945,0.019317,0.016398,TRUE,TRUE,2.183949,0.02939,74.524662,19.825332,75.46158,13.082007,0.245445,0.065504,6.629992,14.551925,22.738777,30.091901,3.342154,2.841221,32.684136,0.47737,0.507583,0.480616,2.267195,3.94954,-3.467644,0.827121,-3504000,-28.774571,-898732960.470940,-11.607038,80.785172,2.803121,6.129052,105.036767,0.092067,4.248211,0.693265,0.507583,2.273029
07-15-24,31.68,31.799999,31.65,30.966812,220700,30.187824,29.895052,27.699946,0.019497,0.019598,0.016501,TRUE,TRUE,2.195106,0.029497,75.356648,22.118644,76.985843,6.088378,0.274263,0.075457,7.834036,14.544547,22.382537,36.397905,4.142298,2.787147,36.327437,0.475835,0.510708,0.490581,2.350353,4.251686,-3.467644,1.083855,-3283300,-17.061255,-900964058.622078,-11.420933,80.7553,2.917427,6.046175,105.001168,0.09957,4.654087,0.700415,0.510708,2.144353
07-16-24,31.77,31.950001,31.77,31.201193,216300,30.254342,29.937947,27.73312,0.022419,0.019916,0.016604,TRUE,TRUE,2.204827,0.029684,78.034732,24.562285,80.169726,7.954951,0.312412,0.090885,9.055201,16.159036,22.890828,47.99947,4.453724,2.815484,41.960726,0.478001,0.530212,0.537538,2.797729,4.840077,-3.467644,1.087208,-3067000,-30.180762,-902547390.574352,-11.561419,89.934399,2.458419,6.01065,104.699254,0.112306,5.484495,0.73317,0.530212,2.256517
07-17-24,31.73,31.790001,31.639999,30.937517,297000,30.304768,29.970333,27.764496,0.025367,0.020253,0.016709,TRUE,TRUE,2.205837,0.029542,53.061013,25.952862,68.661504,-6.800075,0.317707,0.076944,8.575116,16.054382,21.806428,26.63168,3.369689,2.800609,43.862001,0.492536,0.542704,0.535288,2.584083,3.949251,-3.467644,1.465653,-3364000,33.064516,-905626191.881509,-10.977288,78.174079,2.596967,5.198805,104.325118,0.095912,4.534654,0.731634,0.542704,1.442592
07-18-24,31.709999,31.76,31.35,30.732437,300400,30.343485,29.995515,27.795422,0.028197,0.020603,0.016813,TRUE,TRUE,2.200093,0.029322,36.190215,25.608747,61.291981,-15.693863,0.301875,0.04889,8.076031,14.620122,20.364527,11.77082,2.584788,2.827287,44.057936,0.495035,0.545,0.535029,2.400583,3.138589,-3.467644,1.43242,-3664400,89.049717,-906831548.313928,-10.262754,67.411532,2.905871,4.654512,104.17614,0.081538,3.834542,0.731457,0.545,0.882819
07-19-24,31.49,31.5,31.27,30.55666,205600,30.378746,30.017764,27.826765,0.030832,0.020952,0.016919,TRUE,TRUE,2.190998,0.02872,29.411775,24.899027,55.767034,-24.402692,0.272008,0.015219,7.82551,13.39228,19.36316,-6.361802,2.36243,2.817327,42.714239,0.502809,0.558397,0.533111,2.206081,2.771338,-3.467644,1.032154,-3870000,-50.576923,-908312480.070517,-9.938375,59.607443,3.381269,4.346899,103.670755,0.06507,3.006569,0.730145,0.558397,0.41652
07-22-24,31.58,31.67,31.49,30.927752,173600,30.435955,30.045883,27.859196,0.033414,0.02132,0.017024,TRUE,TRUE,2.186687,0.028378,36.065465,24.803455,63.290326,-5.371178,0.275112,0.014658,8.540843,14.15517,21.493494,9.535553,3.841642,2.84016,41.979196,0.516326,0.576472,0.549449,1.995017,3.580416,-3.467644,0.89563,-3696400,-38.198647,-909570592.595418,-9.05429,58.459563,3.686978,4.218312,104.11144,0.085233,3.904039,0.741248,0.576472,1.171524
07-23-24,31.65,31.690001,31.58,30.864277,289000,30.487567,30.072732,27.89107,0.035662,0.021698,0.017131,TRUE,TRUE,2.181663,0.02818,25.386378,24.778663,61.367655,0.075674,0.269345,0.007112,7.440717,13.799092,20.790423,-9.668893,3.460133,2.78366,40.482367,0.51102,0.571944,0.554342,1.863095,3.107531,-3.467644,1.469243,-3985400,24.784111,-913620370.962737,-9.217226,60.895323,3.635765,4.752403,104.289358,0.076489,3.559267,0.744541,0.571944,0.930554
07-24-24,31.450001,31.530001,31.15,30.468767,388300,30.516863,30.092253,27.920102,0.037427,0.022053,0.017239,TRUE,TRUE,2.172151,0.027384,4.214553,23.158427,50.976194,-4.79084,0.230206,-0.025621,6.02813,11.703865,19.287176,-49.619302,1.960783,2.788961,37.914325,0.540992,0.598443,0.55256,1.829536,2.144115,-3.467644,1.897061,-4373700,69.860017,-915400891.056096,-8.62029,52.04105,2.202187,3.485485,103.644136,0.054946,2.410358,0.743344,0.598443,-0.126855
07-25-24,31.15,31.370001,30.959999,30.361345,261600,30.538836,30.107299,27.947733,0.038789,0.022382,0.017347,TRUE,TRUE,2.159566,0.025914,1.115167,22.298433,48.570556,-14.71977,0.188349,-0.053982,6.191728,11.231223,18.600205,-60.469978,1.468668,2.841782,35.480028,0.53041,0.590439,0.527783,1.819469,2.429215,-3.467644,1.26978,-4635300,11.366539,-916426428.432061,-8.240504,49.742593,2.427273,3.413291,103.308862,0.052298,2.277726,0.726487,0.590439,-0.500256
07-26-24,31.280001,31.51,31.27,30.722673,175500,30.575457,30.125111,27.976452,0.040002,0.02271,0.017455,TRUE,TRUE,2.14866,0.024844,12.499912,20.958968,56.078689,-5.288966,0.182233,-0.048079,6.62391,12.634731,19.565018,-23.972249,2.4422,2.896872,33.228164,0.547277,0.608748,0.540106,1.717221,3.027774,-3.467644,0.857541,-4459800,-13.461538,-917402394.993823,-7.870221,49.880238,2.358123,3.939821,103.630631,0.065547,2.803618,0.734919,0.608748,0.443047
07-29-24,31.530001,31.530001,31.35,30.683611,160100,30.613543,30.143112,28.005263,0.040895,0.023032,0.017564,TRUE,TRUE,2.137849,0.023873,14.381252,19.638438,55.141469,4.165275,0.172248,-0.046451,6.131243,11.936202,20.083369,-27.917949,2.54569,2.914273,29.498884,0.544875,0.606272,0.538447,1.581307,2.69966,-3.467644,0.790481,-4619900,-20.938272,-918747925.799571,-8.018784,54.324384,2.048515,3.935903,103.618828,0.059808,2.564797,0.733789,0.606272,0.237527
07-30-24,31.5,31.57,31.280001,30.664078,169700,30.643328,30.159171,28.035032,0.041435,0.023341,0.017674,TRUE,TRUE,2.124139,0.023239,1.886642,18.674417,54.649625,6.079069,0.160904,-0.046236,6.9604,12.062524,18.894496,-29.890992,1.981149,2.86956,26.566265,0.533197,0.591813,0.531249,1.568534,2.242367,-3.467644,0.855235,-4789600,-32.631997,-919638470.477721,-7.862031,49.528694,1.312673,3.85136,103.223841,0.046426,2.018848,0.728868,0.591813,0.078105
07-31-24,31.690001,31.879999,31.639999,31.00588,255100,30.678485,30.180515,28.065598,0.041886,0.023654,0.017785,TRUE,TRUE,2.114917,0.02352,11.262887,18.055574,61.175555,5.096865,0.177449,-0.023753,8.37254,14.361963,20.264361,4.634464,2.320346,2.916523,26.474302,0.539377,0.608098,0.53458,1.513846,2.321526,-3.467644,1.247982,-4534500,88.404727,-921241603.142687,-7.868487,50.769125,1.505966,3.814484,103.152807,0.051328,2.214323,0.73115,0.608098,1.236655
08-01-24,31.76,31.77,31.16,30.55666,343700,30.68825,30.194813,28.093486,0.041693,0.023954,0.017897,TRUE,TRUE,2.101327,0.023234,-9.999896,17.64128,50.824122,-4.317347,0.152554,-0.038918,6.190674,11.946773,18.521942,-40.741283,0.6433,2.888742,25.588289,0.571847,0.637823,0.582949,1.586078,1.27459,-3.467644,1.578343,-4878200,348.109518,-922265197.574486,-7.349663,43.305255,1.538299,3.535002,103.339839,0.034794,1.495639,0.763511,0.637823,-0.514261
08-02-24,30.9,31.27,30.42,29.941423,570700,30.668719,30.199521,28.11969,0.040434,0.024203,0.018008,FALSE,TRUE,2.079831,0.02183,-28.149949,18.832951,40.673345,-13.97628,0.082232,-0.087392,3.045765,9.074803,17.618901,-31.279506,-1.287835,2.928814,29.62296,0.631291,0.685413,0.638333,1.907816,0.352095,-4.037568,2.376184,-5448900,366.25817,-923478541.285960,-6.624167,33.617057,1.163717,2.830864,103.389359,0.022045,0.921768,0.798957,0.685413,-2.455175
08-06-24,29.98,30.6,29.780001,29.287127,755200,30.615496,30.189205,28.14363,0.037718,0.024372,0.018119,FALSE,TRUE,2.045575,0.019458,-47.115346,20.829864,33.101599,-28.073955,-0.025995,-0.156495,-0.106004,6.804063,15.26515,-23.470214,-3.507083,2.954446,42.419308,0.692154,0.736318,0.632823,2.040009,-0.61487,-6.134593,2.802278,-6204100,347.393365,-925141591.757215,-5.796895,24.583572,0.616842,0.768903,102.312297,0.001362,0.05156,0.795502,0.736318,-3.131521
08-07-24,30.360001,30.43,29.82,29.130878,290300,30.558856,30.171885,28.16818,0.033471,0.02446,0.01823,FALSE,TRUE,2.003705,0.016842,-45.678898,22.68414,31.589257,-19.234865,-0.122956,-0.202765,-1.161889,6.122037,14.520892,-30.910605,-3.743135,3.106149,53.483958,0.69543,0.739526,0.631506,2.60197,-0.814944,-6.635369,1.04494,-6494400,134.301856,-926087798.962608,-5.476814,24.711146,-0.173287,0.641949,101.919203,-0.00889,-0.334313,0.794673,0.739526,-2.669917
08-08-24,30.209999,30.440001,30.059999,29.707048,195700,30.513445,30.171712,28.195898,0.028362,0.024498,0.01834,FALSE,TRUE,1.975814,0.015143,-23.701977,24.370029,42.095225,1.42188,-0.15156,-0.185095,0.892555,7.917002,16.479428,-3.47392,-2.966512,3.162914,56.736543,0.741579,0.776269,0.659018,2.822781,-0.023429,-6.635369,0.696975,-6298700,43.580337,-926647037.522062,-5.410641,29.90187,0.067856,0.79375,102.276991,0.001472,0.053949,0.811799,0.776269,-1.421301
08-09-24,30.360001,30.559999,30.299999,29.81447,156300,30.469988,30.178341,28.223434,0.022436,0.024476,0.018449,FALSE,TRUE,1.954906,0.013805,-17.431214,25.492291,43.827289,10.72569,-0.163673,-0.157767,0.991354,8.383353,17.120191,1.641411,-2.832589,3.171975,58.660516,0.741306,0.777522,0.66405,2.978725,-0.035168,-6.635369,0.558703,-6142400,-11.644997,-927387092.194695,-5.275752,33.969987,0.315118,0.848706,102.254133,-0.004457,-0.164676,0.814893,0.777522,-1.117477
08-12-24,30.610001,30.66,30.450001,29.834,189000,30.41823,30.185166,28.251932,0.015968,0.024404,0.018559,FALSE,TRUE,1.933235,0.012866,-28.000008,26.167474,44.154342,12.565085,-0.169741,-0.131068,1.057506,7.923444,16.889542,2.57138,-3.353374,3.10578,59.513707,0.734978,0.775151,0.672707,3.144618,-0.282995,-6.635369,0.673341,-5953400,10.980622,-928684899.061180,-5.335412,34.116171,-0.182942,0.474121,102.020859,-0.018516,-0.69906,0.820187,0.775151,-0.981674
08-13-24,30.700001,30.959999,30.67,30.23439,166400,30.381609,30.196897,28.282959,0.00951,0.024294,0.018667,TRUE,TRUE,1.913939,0.012501,-14.844712,25.773444,50.515593,8.420368,-0.14062,-0.081558,2.514765,9.161913,18.725178,21.637614,-2.365183,3.150586,58.19933,0.754647,0.790787,0.679303,3.211846,0.25187,-6.635369,0.598615,-5787000,-24.603534,-929351200.589037,-5.10606,32.017604,0.021558,0.90534,102.428282,-0.005466,-0.203047,0.824199,0.790787,-0.252957
08-14-24,30.99,31.09,30.889999,30.361345,184700,30.339617,30.211361,28.315101,0.00321,0.024144,0.018776,TRUE,TRUE,1.896261,0.012451,-2.702698,25.001627,52.368271,8.540983,-0.106075,-0.03761,2.540732,10.799625,19.044884,27.683097,-2.691716,3.182085,54.911575,0.75576,0.795997,0.683213,3.226494,0.307335,-6.635369,0.668247,-5602300,-14.609339,-930512320.984238,-5.058871,38.54467,-0.608637,-0.709422,102.234285,-0.001331,-0.049678,0.826567,0.795997,0.03957
08-15-24,31.370001,31.57,31.35,30.810564,148200,30.333269,30.235198,28.348433,-0.002512,0.023975,0.018884,TRUE,TRUE,1.886765,0.01324,10.407221,23.442095,58.315313,14.16097,-0.041966,0.021199,3.280082,11.339354,22.226968,49.074481,-0.410353,3.20696,54.253473,0.778108,0.810538,0.698286,3.182758,0.713279,-6.635369,0.551022,-5454100,-50.10101,-931387291.122001,-4.78911,43.732538,-1.147589,0.147339,102.386106,0.000463,0.017199,0.835635,0.810538,0.87975
08-16-24,31.52,32.25,31.5,30.830097,239800,30.338152,30.253414,28.381095,-0.007595,0.02379,0.018992,TRUE,TRUE,1.872319,0.013849,2.702744,23.335658,58.55761,8.042017,0.010299,0.058771,3.513763,10.713857,22.816966,42.514041,0.317775,3.272297,54.673966,0.776552,0.810406,0.697078,3.176998,0.846637,-6.635369,0.901758,-5214300,-20.173103,-932055471.633476,-4.742676,44.737812,-0.941496,1.137259,102.363464,0.000543,0.020165,0.834912,0.810406,0.899779
08-19-24,31.620001,31.780001,31.610001,31.035175,140600,30.362078,30.275731,28.413439,-0.011773,0.023601,0.019099,TRUE,TRUE,1.862292,0.014509,8.490593,23.236825,61.113281,8.74501,0.067489,0.092769,3.931678,11.450312,24.344467,50.816801,1.565995,3.283489,56.69033,0.777494,0.813445,0.692115,3.237137,1.226751,-6.635369,0.535262,-5073700,-31.614786,-933146899.857735,-4.727214,40.667247,-0.0239,1.761357,102.780825,0.007078,0.260433,0.831934,0.813445,1.187323
08-20-24,31.74,31.780001,31.6,30.90822,132400,30.361102,30.295897,28.443517,-0.015035,0.023391,0.019206,TRUE,TRUE,1.85238,0.015052,5.747158,23.116325,58.69997,0.384657,0.101399,0.101344,3.238372,11.07151,23.835813,45.67692,-0.063151,3.26426,56.589349,0.779274,0.81556,0.693286,3.223179,0.974257,-6.635369,0.508029,-5206100,-23.732719,-934296983.509666,-4.743854,41.065299,-0.333168,1.754216,102.739929,0.006153,0.226318,0.832638,0.81556,0.966823
08-21-24,31.639999,31.77,31.620001,31.02541,118500,30.369158,30.316662,28.473221,-0.017256,0.023165,0.019313,TRUE,TRUE,1.84344,0.016054,0.485389,23.004433,60.259985,1.702375,0.13616,0.108884,3.966471,11.608942,23.878166,50.421432,0.522069,3.170398,57.451559,0.776592,0.816084,0.700063,3.223092,0.885137,-6.635369,0.47007,-5087600,-58.99654,-935354939.901207,-4.310875,38.777518,-0.333622,1.610967,102.806928,-0.001464,-0.054632,0.836698,0.816084,1.142269
08-22-24,31.799999,31.84,31.549999,30.849628,129700,30.388201,30.337013,28.502047,-0.018563,0.022911,0.019419,TRUE,TRUE,1.834967,0.016234,7.812492,22.674162,56.794578,-4.318703,0.147821,0.096435,3.849785,9.567008,23.459164,43.30478,1.250006,3.200149,58.422112,0.769976,0.811043,0.69844,3.200632,1.02013,-6.635369,0.542315,-5217300,-66.597991,-936111107.518476,-4.329783,41.243534,-0.835414,0.688754,102.486678,0.001328,0.049865,0.835727,0.811043,0.789816
08-23-24,31.709999,31.85,31.67,31.093765,118400,30.424822,30.358176,28.532021,-0.018807,0.022653,0.019525,TRUE,TRUE,1.826155,0.016356,34.104009,22.390773,60.216526,1.516556,0.174747,0.098689,4.331126,10.05629,23.303661,53.188864,2.412344,3.209566,60.503369,0.767397,0.840587,0.706807,3.191899,1.566364,-6.635369,0.510345,-5098900,-54.740061,-936987575.148705,-4.431282,51.594143,-0.866378,0.742358,102.306197,-0.011747,-0.44879,0.840718,0.840587,1.105629
08-26-24,31.85,31.870001,31.67,31.00588,153800,30.438983,30.380877,28.561388,-0.018099,0.022385,0.019631,TRUE,TRUE,1.819489,0.016262,61.111413,22.177168,58.422691,-1.837294,0.186841,0.088626,3.363738,10.084181,23.847499,48.801667,0.921817,3.208581,61.559352,0.768886,0.858892,0.719113,2.78972,1.454757,-6.635369,0.666046,-5252700,-12.364672,-938162787.382393,-4.495246,64.133818,-2.036848,-0.112162,101.72982,-0.008966,-0.349275,0.848005,0.858892,0.920896
08-27-24,31.65,31.719999,31.620001,30.95705,120800,30.452655,30.405316,28.590942,-0.016389,0.022115,0.019736,TRUE,TRUE,1.814374,0.016266,67.50912,21.787324,57.399557,0.604979,0.190292,0.073662,4.177409,9.534919,22.948002,40.961216,0.891158,3.114714,62.42876,0.767324,0.865462,0.720346,2.224818,1.222062,-6.635369,0.527626,-5373500,-24.547158,-939885300.268637,-4.616155,68.704797,-1.356337,-0.414408,101.98619,-0.000462,-0.018069,0.848732,0.865462,0.807954
08-28-24,31.690001,31.700001,31.440001,30.849628,149400,30.461932,30.424892,28.618808,-0.013835,0.021823,0.019839,TRUE,TRUE,1.806084,0.016005,51.091832,20.757688,55.112932,-5.103594,0.182257,0.052502,4.635229,9.304347,21.506136,28.186102,0.605108,2.994469,62.89562,0.769142,0.878622,0.730955,1.890279,1.11106,-6.635369,0.65545,-5522900,-11.962286,-940713173.437400,-4.622963,61.142156,-2.263609,-0.47746,102.039161,-0.011023,-0.438607,0.854959,0.878622,0.616412
08-29-24,31.700001,31.83,31.620001,30.90822,135400,30.457049,30.444476,28.646871,-0.010522,0.021508,0.019942,TRUE,TRUE,1.797606,0.01574,50.000087,20.189524,56.139272,-2.283419,0.17856,0.039043,4.799499,9.026564,20.376716,25.456651,-0.314973,3.018239,62.487677,0.769088,0.884761,0.735011,1.545793,1.198981,-6.635369,0.610047,-5387500,-46.922775,-941766435.402886,-4.623751,60.869812,-1.523917,-0.579704,101.767339,-0.022025,-0.883122,0.857328,0.884761,0.722016
08-30-24,31.77,31.85,31.610001,31.088884,176700,30.48366,30.467092,28.673869,-0.006342,0.021178,0.020044,TRUE,TRUE,1.793223,0.016209,53.430478,19.721866,59.234431,1.834874,0.18804,0.038819,4.860536,8.663512,21.03525,26.511664,1.741763,3.022814,64.048004,0.762142,0.878979,0.736209,1.103184,1.06056,-6.635369,0.827247,-5210800,-48.588886,-942710479.822694,-4.785881,60.774985,-0.927218,-0.564476,101.840373,-0.026813,-1.08739,0.858026,0.878979,0.944954
09-03-24,31.76,31.790001,31.299999,30.664078,388700,30.519793,30.483345,28.6986,-0.001646,0.020817,0.020146,TRUE,TRUE,1.784745,0.015917,18.106996,18.461926,50.254268,-4.858664,0.159436,0.008172,3.461533,7.178706,19.693337,-16.611877,2.41356,2.965719,62.855294,0.784266,0.896507,0.744621,0.898776,0.569674,-6.635369,1.900733,-5599500,-31.890661,-944108085.259008,-5.043898,47.976504,-2.089392,-1.323867,101.367452,-0.033443,-1.339514,0.862914,0.896507,0.229551
09-04-24,31.280001,31.42,31.219999,30.546894,195700,30.582781,30.498611,28.722265,0.003333,0.020416,0.020246,TRUE,TRUE,1.776346,0.015358,7.851339,17.550984,48.088501,-8.050772,0.125862,-0.020322,3.133625,7.422369,18.133523,-65.34998,4.301438,2.953786,55.76461,0.78608,0.919547,0.758669,0.795255,0.461546,-6.635369,1.108625,-5795200,-74.086335,-945621047.188475,-5.800724,40.005582,-2.989213,-0.914765,100.980073,-0.053978,-2.218935,0.871016,0.919547,-0.064355
09-05-24,31.34,31.4,31.139999,30.454119,186300,30.648943,30.511053,28.745035,0.008412,0.019981,0.020344,FALSE,TRUE,1.766018,0.014759,-17.761591,16.963406,46.384151,-12.85028,0.090721,-0.04437,1.787524,6.805685,18.255817,-61.791017,4.542397,2.879392,44.303961,0.78659,0.919666,0.759777,0.935657,0.260933,-6.635369,1.087407,-5981500,-35.825009,-946790266.070476,-6.04187,33.206629,-3.457686,-1.084348,100.875213,-0.058082,-2.391605,0.871652,0.919666,-0.439746
09-06-24,31.25,31.290001,30.790001,30.097672,286700,30.668475,30.51535,28.765206,0.012918,0.01951,0.020441,FALSE,TRUE,1.750143,0.013287,-31.250214,17.408995,40.45209,-9.802178,0.033721,-0.081096,0.596162,4.880081,17.570219,-64.104579,1.314917,2.770256,40.642881,0.798702,0.938243,0.765419,1.24785,0.040618,-6.635369,1.630135,-6268200,46.499745,-947870929.434124,-6.0338,22.725419,-3.523856,-1.175269,100.471349,-0.071312,-2.926379,0.874882,0.938243,-1.404436
09-09-24,31.059999,31.209999,31.040001,30.410175,201300,30.69826,30.525115,28.787612,0.016929,0.019023,0.020535,FALSE,TRUE,1.737503,0.012657,-25.498008,17.822756,46.867719,-1.220781,0.013608,-0.080967,1.706559,6.147811,18.968698,-35.169039,1.99804,2.779939,35.968956,0.805016,0.932817,0.774838,1.378343,0.157242,-6.635369,1.130105,-6066900,28.790787,-949563820.696129,-6.225047,30.185984,-4.655544,-1.448885,100.241634,-0.0799,-3.320436,0.880249,0.932817,-0.800925
09-10-24,31.219999,31.23,30.959999,30.498064,139100,30.731463,30.535272,28.81017,0.020255,0.018533,0.020629,FALSE,TRUE,1.725102,0.011872,-17.004075,18.420835,48.54671,2.162559,0.004706,-0.071896,1.703705,6.706596,19.670697,-27.031194,2.225865,2.789493,30.168288,0.802177,0.952703,0.774439,1.461699,0.434107,-6.635369,0.792006,-5927800,-26.402116,-950178884.070859,-6.11911,35.641898,-4.133944,-0.391098,100.847482,-0.082822,-3.451004,0.880022,0.952703,-0.773657
09-11-24,31.25,31.450001,30.879999,30.703142,139400,30.754901,30.550897,28.833416,0.022866,0.018052,0.020721,TRUE,TRUE,1.71748,0.011157,-12.890731,18.043147,52.331908,11.879818,0.014037,-0.050052,2.919993,6.595019,20.069919,-8.042477,1.550393,2.791835,27.833839,0.803647,0.948859,0.77581,1.498613,0.804286,-6.635369,0.799862,-5788400,-16.225962,-950404788.617363,-6.040162,36.127828,-4.72845,-1.02985,100.633768,-0.080953,-3.377235,0.880801,0.948859,-0.185955
09-12-24,31.52,31.76,31.450001,31.00588,136800,30.787127,30.569647,28.858561,0.024713,0.017603,0.020812,TRUE,TRUE,1.711086,0.011115,5.948032,16.913268,57.323065,10.455346,0.045338,-0.015001,3.230275,7.754536,21.708987,19.988838,2.12288,2.820387,26.747422,0.810987,0.957235,0.791948,1.485771,0.969764,-6.635369,0.795881,-5651600,-25.933947,-950933561.368072,-5.940379,41.476042,-5.218436,-0.316989,100.571587,-0.092512,-3.970067,0.889915,0.957235,0.817847
09-13-24,31.82,31.969999,31.82,31.171892,171000,30.805194,30.587029,28.885063,0.026046,0.017187,0.020901,TRUE,TRUE,1.701966,0.011381,3.065211,16.493421,59.808294,11.261583,0.082588,0.017799,4.355633,8.550258,22.49859,32.363709,1.172741,2.797059,28.100135,0.813098,0.959824,0.792341,1.682992,1.078097,-6.635369,0.988296,-5480600,15.384615,-952582250.291434,-6.124826,42.696344,-5.821521,-0.568961,100.770976,-0.092154,-3.948154,0.890135,0.959824,1.30497
09-16-24,32,32.07,31.889999,31.308613,191000,30.82912,30.605975,28.912489,0.027087,0.016801,0.02099,TRUE,TRUE,1.693486,0.011851,11.654036,16.384244,61.782166,9.450258,0.121737,0.045559,5.291783,9.099797,21.936105,40.516594,1.552105,2.812649,30.276229,0.814477,0.971327,0.803436,2.033757,1.187183,-6.635369,1.119676,-5289600,-20.350292,-954007079.689985,-6.434214,49.481304,-5.800486,-0.690367,100.594431,-0.10582,-4.651977,0.896346,0.971327,1.583728
09-17-24,32.169998,32.189999,31.940001,31.279314,147600,30.841327,30.62492,28.939384,0.027942,0.016444,0.021078,TRUE,TRUE,1.685536,0.012018,12.499898,16.610847,61.089775,3.76671,0.148686,0.058006,4.715254,7.584501,22.460519,34.950995,0.786652,2.85348,31.61338,0.812817,0.970846,0.809871,2.011649,1.275019,-6.635369,0.863486,-5437200,4.978663,-954934824.252855,-6.373161,54.625288,-6.26924,-2.029988,100.752176,-0.091828,-4.11299,0.899928,0.970846,1.38545
09-18-24,32.029999,32.220001,31.93,31.250017,224900,30.858416,30.642889,28.965893,0.028305,0.016124,0.021165,TRUE,TRUE,1.676995,0.011942,16.015512,16.903608,60.361319,0.553026,0.165767,0.06007,4.413827,8.239403,22.805604,32.168962,1.105845,2.901353,32.892032,0.81214,0.964769,0.80667,1.973758,1.319634,-6.635369,1.281044,-5662100,69.864048,-956214398.219602,-6.242144,53.039011,-6.134976,-0.879816,101.023534,-0.083683,-3.720135,0.898148,0.964769,1.190564
09-19-24,32.419998,32.439999,32.299999,31.630878,180700,30.88869,30.670233,28.993683,0.028481,0.015849,0.021251,TRUE,TRUE,1.67655,0.012491,25.605517,17.75123,66.031997,4.249831,0.207644,0.081557,5.583783,8.974841,25.148855,50.962345,1.951525,2.913752,37.035291,0.825226,1.010286,0.843611,2.769908,1.63727,-6.635369,1.011362,-5481400,52.489451,-958122393.271373,-6.37137,53.876977,-6.748511,-0.474223,101.096297,-0.069982,-3.404154,0.918483,1.010286,2.004004
09-20-24,32.389999,32.389999,32.209999,31.542986,239500,30.923358,30.688787,29.021273,0.02867,0.015611,0.021336,TRUE,TRUE,1.667514,0.012882,16.636782,18.144008,63.764914,2.675139,0.231075,0.083991,5.666546,8.131918,25.275084,45.635518,2.247539,2.880508,39.792916,0.826615,1.017436,0.848852,2.732798,1.491097,-6.635369,1.3005,-5720900,84.656901,-960136886.415526,-6.523072,46.323273,-6.317313,-1.152059,100.787526,-0.083239,-4.111729,0.921332,1.017436,1.557132
09-23-24,32.299999,32.330002,32.209999,31.542986,155800,30.945819,30.705975,29.048863,0.028955,0.015424,0.02142,TRUE,TRUE,1.657112,0.013247,38.135518,18.508729,63.764914,3.403595,0.2468,0.079772,5.907326,7.981185,27.40413,45.635518,1.444729,2.89996,42.011371,0.826688,1.018526,0.84974,2.608907,1.449131,-6.635369,0.837499,-5720900,31.587838,-962024657.634293,-6.729313,50.386911,-6.362,-2.070414,100.593021,-0.08889,-4.4034,0.921813,1.018526,1.421442
09-24-24,32.34,32.369999,32.169998,31.56649,147600,30.973849,30.719921,29.076762,0.029079,0.015293,0.021503,TRUE,TRUE,1.643159,0.013676,46.114336,18.657071,64.146688,-1.885309,0.258182,0.072924,5.814022,8.457605,27.597631,47.06002,1.808076,2.913887,44.244099,0.826494,1.023514,0.852613,2.443457,1.400191,-6.635369,0.794745,-5573300,-4.031209,-963063032.037772,-6.703706,57.12771,-4.954879,-1.756098,100.640235,-0.081408,-4.072869,0.92337,1.023514,1.33948
09-25-24,32.23,32.240002,32.134998,31.507725,162100,31.001383,30.73074,29.103744,0.029009,0.015212,0.021586,TRUE,TRUE,1.626995,0.013805,48.396983,18.622855,62.37714,-1.387774,0.259469,0.059369,5.437554,8.400138,27.458988,43.498475,1.778834,2.878607,45.819471,0.82624,1.024821,0.852966,2.234435,1.413997,-6.635369,0.863221,-5735400,34.188742,-965161851.909893,-6.730184,57.553814,-5.386296,-1.831805,100.647071,-0.082788,-4.148115,0.923562,1.024821,1.10508
09-26-24,32.41,32.52,32.369999,31.830933,144400,31.050448,30.743334,29.131958,0.028961,0.015185,0.021668,TRUE,TRUE,1.611376,0.014625,80.85114,19.448818,67.661085,3.896171,0.283304,0.066563,6.380079,8.678366,30.028383,57.983701,3.180927,2.888961,49.235635,0.833509,1.029914,0.849306,2.295863,1.571881,-6.635369,0.76999,-5591000,-3.34672,-966344123.696679,-6.833644,66.887163,-5.025291,-1.078857,101.148761,-0.078519,-3.852252,0.921578,1.029914,1.585202
09-27-24,32.52,32.59,32.459999,31.821142,117500,31.096094,30.761007,29.159932,0.028603,0.015202,0.02175,TRUE,TRUE,1.601075,0.015727,76.639043,20.405332,67.352507,3.205819,0.297969,0.064982,6.104953,8.716898,30.24368,55.037573,2.953654,2.810554,52.001771,0.828839,1.051206,0.855597,1.961639,1.322106,-6.635369,0.629554,-5708500,-13.220089,-967616470.889966,-6.925106,65.788971,-4.439247,-0.659822,101.228893,-0.069436,-3.499645,0.924985,1.051206,1.394276
09-30-24,32.450001,32.52,32.299999,31.830933,225700,31.133197,30.782977,29.187618,0.028234,0.015257,0.021831,TRUE,TRUE,1.595359,0.016861,75.604162,20.481683,67.51207,5.13493,0.306843,0.059085,6.380079,8.427117,29.571249,55.610111,2.38686,2.782545,54.533204,0.828744,1.052851,0.857728,1.611091,1.270349,-6.635369,1.193612,-5482800,27.730617,-968804604.968895,-6.899922,57.564725,-4.590161,-0.942632,101.176552,-0.074357,-3.776096,0.926136,1.052851,1.27947
10-01-24,32.5,32.52,32.16,31.63505,323300,31.181745,30.804545,29.212981,0.028152,0.015341,0.021911,TRUE,TRUE,1.591563,0.017542,53.137657,19.905224,61.079864,-6.581221,0.294674,0.037533,5.210362,8.838191,28.27283,16.232382,3.166481,2.740421,54.459055,0.833335,1.075394,0.863812,1.313773,1.098606,-6.635369,1.739856,-5806100,-16.825315,-970070771.947448,-6.985977,48.052695,-5.516258,-1.339277,100.471101,-0.100641,-5.19503,0.929415,1.075394,0.832377
10-02-24,32.290001,32.330002,32.16,31.664436,173500,31.237622,30.819278,29.238156,0.028868,0.015452,0.021991,TRUE,TRUE,1.581123,0.018233,44.484714,19.369941,61.669869,-5.682639,0.284125,0.021587,4.493601,8.866675,28.994291,-20.203021,3.658448,2.656239,53.323778,0.833338,1.074037,0.86262,1.125015,1.107651,-6.635369,0.93931,-5632600,-11.343894,-971255792.714866,-6.939187,42.170182,-4.687117,-1.182153,100.592057,-0.096771,-4.973505,0.928773,1.074037,0.80042
10-03-24,32.25,32.299999,32.139999,31.625257,263500,31.296179,30.834498,29.264094,0.03048,0.015592,0.02207,TRUE,TRUE,1.570404,0.018637,33.493879,18.77485,60.356184,-7.155886,0.269497,0.005568,4.162899,9.498453,30.209055,-37.82023,3.845584,2.585322,50.629266,0.832386,1.071595,0.860793,0.994629,1.161634,-6.635369,1.397359,-5896100,41.43854,-973214725.456921,-7.006539,34.428039,-4.750369,-0.641604,100.744283,-0.093526,-4.780525,0.927789,1.071595,0.649976
10-04-24,32.509998,32.580002,32.380001,31.909286,172000,31.38676,30.863308,29.290877,0.032722,0.015773,0.022147,TRUE,TRUE,1.572432,0.020026,40.021299,19.210199,66.009143,4.929279,0.277623,0.010955,5.1999,9.380352,30.553167,-3.138456,6.01912,2.574988,43.803959,0.827243,1.090976,0.862063,1.089481,1.084561,-6.635369,0.940739,-5724100,-40.006976,-974196351.427281,-7.199229,34.037413,-5.373286,-0.555465,100.843667,-0.088227,-4.558585,0.928473,1.090976,1.192875
10-07-24,32.560001,32.580002,32.395,31.791756,270100,31.455839,30.891917,29.316304,0.03534,0.015985,0.022224,TRUE,TRUE,1.575613,0.021267,32.246941,19.614452,62.065271,0.395403,0.27145,0.003825,4.744972,8.832799,29.817439,-20.946161,4.543152,2.537175,38.117274,0.828938,1.100984,0.86792,0.958254,0.893518,-6.635369,1.450007,-5994200,34.177844,-976227913.113570,-7.157185,27.294329,-5.451508,-0.892758,100.664759,-0.083026,-4.374977,0.931622,1.100984,0.881271
10-08-24,32.5,32.610001,32.490002,31.909286,202200,31.5264,30.915649,29.343902,0.038352,0.016221,0.0223,TRUE,TRUE,1.571747,0.022954,39.304197,20.091535,64.358559,4.002375,0.272896,0.004217,5.437531,9.054173,29.384796,-47.518049,4.627253,2.500421,32.030123,0.826885,1.097186,0.860884,0.783165,0.820537,-6.635369,1.067413,-5792000,45.363048,-978387140.687719,-7.445562,34.805102,-4.996163,-0.126736,101.092266,-0.074699,-3.844845,0.927838,1.097186,1.195394
10-09-24,32.599998,32.875,32.560001,32.173729,132600,31.59993,30.945451,29.371911,0.041588,0.016495,0.022376,TRUE,TRUE,1.57354,0.025182,34.777328,21.338749,68.912355,2.903212,0.292014,0.018668,5.09052,10.507173,29.549701,5.233856,4.789695,2.43008,28.859133,0.832221,1.10046,0.861871,1.463379,0.97817,-6.635369,0.701253,-5659400,-4.878049,-978844946.704068,-7.52027,33.698304,-4.425275,-0.206751,101.264357,-0.072188,-3.704954,0.92837,1.10046,1.988277
10-10-24,32.849998,32.939999,32.790001,32.222702,245600,31.660771,30.976624,29.400069,0.044932,0.016805,0.02245,TRUE,TRUE,1.576555,0.02782,44.65903,22.669875,69.684838,7.619567,0.307571,0.02738,5.016004,10.308059,28.999206,10.894866,3.924487,2.427972,28.500532,0.827374,1.110955,0.862899,1.499975,0.790543,-6.635369,1.26253,-5413800,79.532164,-980948289.813348,-7.714679,42.665392,-3.994196,-1.206438,101.170741,-0.068735,-3.561674,0.928924,1.110955,1.971652
10-11-24,32.93,33.169998,32.919998,32.45776,205900,31.725064,31.005661,29.428682,0.048166,0.017156,0.022525,TRUE,TRUE,1.576979,0.03034,52.062448,24.458007,73.135357,8.776797,0.335006,0.043852,5.146244,12.117431,30.240455,31.184694,4.125087,2.445661,31.261625,0.823235,1.106108,0.862907,2.028412,1.300558,-6.635369,1.049038,-5207900,20.409357,-981915588.760492,-7.47251,49.346385,-3.992239,-1.197641,101.194567,-0.063978,-3.331932,0.928928,1.106108,2.343755
10-15-24,33.259998,33.32,33.02,32.36961,309000,31.778114,31.04192,29.456806,0.051152,0.017549,0.0226,TRUE,TRUE,1.585114,0.032284,44.08588,26.428224,69.921209,1.008854,0.345651,0.043597,4.530004,12.718921,30.996454,19.798417,3.388834,2.460094,32.787767,0.818761,1.106143,0.861332,1.89239,1.43411,-6.635369,1.528379,-5516900,61.780105,-983564396.855300,-7.309835,52.235647,-4.080842,-1.231895,101.055953,-0.064577,-3.36229,0.928079,1.106143,1.804014
10-16-24,33.110001,33.189999,33.07,32.467552,191900,31.837526,31.092443,29.485468,0.053753,0.017991,0.022674,TRUE,TRUE,1.606974,0.033999,51.578855,28.257711,71.423915,1.739077,0.357865,0.044649,4.058689,13.481412,30.430393,27.758704,3.798799,2.484986,34.01625,0.814553,1.099446,0.862902,1.748507,1.725576,-6.635369,0.938891,-5325000,30.01355,-985683141.958139,-7.521972,58.166951,-4.006565,-1.71267,100.817485,-0.060558,-3.187393,0.928925,1.099446,1.852134
10-17-24,33.360001,33.360001,33.23,32.604671,165100,31.905258,31.158794,29.515058,0.056093,0.018478,0.022749,TRUE,TRUE,1.643736,0.036462,46.198752,30.293253,73.425574,0.290217,0.374294,0.048863,5.388779,14.425988,30.528369,38.087838,4.334891,2.448284,35.169453,0.802589,1.086674,0.862495,2.01641,1.490178,-6.635369,0.819762,-5159900,-26.589595,-987436562.190540,-7.751282,58.51246,-3.878562,-1.373516,100.621985,-0.06879,-3.669214,0.928706,1.086674,1.988695
10-18-24,33.360001,33.48,33.310001,32.761379,185300,31.961784,31.231404,29.546301,0.058144,0.019001,0.022824,TRUE,TRUE,1.685103,0.03898,51.612542,32.398161,75.534754,5.613545,0.395402,0.055976,6.601956,15.211163,32.63341,46.371625,3.574042,2.461921,39.362343,0.803179,1.092559,0.864597,2.309218,1.715013,-6.635369,0.91901,-4974600,2.545656,-988817871.318984,-7.611833,59.49294,-3.735668,-0.831093,100.649079,-0.073322,-3.938297,0.929837,1.092559,2.031372
10-21-24,33.450001,33.450001,33.240002,32.614464,270500,32.015357,31.289552,29.576857,0.059895,0.019558,0.022899,TRUE,TRUE,1.712695,0.040483,39.999611,33.875149,69.930976,-1.492939,0.395713,0.04503,6.734388,15.086899,33.124707,35.407788,3.396882,2.470769,40.633442,0.785862,1.075258,0.864877,2.184196,2.033254,-6.635369,1.331332,-5245100,12.943633,-990699883.053771,-7.521163,58.505003,-3.200954,0.265765,100.652206,-0.060512,-3.325286,0.929988,1.075258,1.474417
10-22-24,33.18,33.25,33.110001,32.545906,235100,32.065503,31.344181,29.606685,0.061074,0.020152,0.022974,TRUE,TRUE,1.737496,0.041571,49.732204,34.402144,67.417468,-6.008106,0.385979,0.028237,5.232047,14.219751,34.371233,30.29154,3.179535,2.464225,40.685574,0.784635,1.073492,0.866357,1.989307,2.084434,-6.635369,1.134954,-5480200,50.898588,-992829543.130065,-7.435585,60.063209,-3.700423,-0.000154,100.574787,-0.055984,-3.098273,0.930783,1.073492,1.180769
10-23-24,33.18,33.18,32.830002,32.301052,354900,32.102232,31.393522,29.633983,0.061537,0.020767,0.023049,TRUE,TRUE,1.759539,0.042749,31.1001,33.358599,59.229368,-16.305387,0.354421,-0.002657,4.65514,12.442233,33.678077,12.018857,2.327031,2.469447,39.233378,0.779746,1.069787,0.866201,1.815924,1.438421,-6.635369,1.631649,-5835100,140.447154,-994257157.874479,-7.170734,56.583605,-4.191264,-0.545725,100.273569,-0.064038,-3.564186,0.930699,1.069787,0.506764
10-24-24,33.080002,33.080002,32.919998,32.389198,151600,32.146305,31.436618,29.662012,0.061367,0.021397,0.023123,TRUE,TRUE,1.774606,0.043918,36.448309,32.389593,61.062767,-8.86821,0.332689,-0.019511,6.30295,12.71103,33.249111,0.836113,2.797643,2.494348,37.096262,0.779598,1.066904,0.861329,1.590835,1.574455,-6.635369,0.698666,-5683500,-6.477483,-995414600.598111,-6.971161,63.427716,-3.186001,-0.966906,100.628212,-0.057592,-3.149215,0.928078,1.066904,0.654764
10-25-24,33.16,33.279999,33.029999,32.408791,160200,32.175198,31.477567,29.689704,0.060663,0.022039,0.023197,TRUE,TRUE,1.787863,0.044991,27.272652,32.130249,61.477425,-5.940042,0.313433,-0.031013,6.743592,13.352865,34.283936,1.270981,1.815398,2.478747,36.759494,0.77934,1.059695,0.857443,1.459553,1.617124,-6.635369,0.735622,-5523300,10.941828,-996370941.015591,-6.894,63.325528,-2.365455,0.136457,101.069153,-0.042233,-2.278423,0.925982,1.059695,0.635462
10-28-24,33.25,33.279999,33.169998,32.575287,152400,32.212905,31.512861,29.718083,0.059527,0.022701,0.023271,TRUE,TRUE,1.794778,0.046819,41.66643,31.889429,64.898451,5.669083,0.308057,-0.029111,6.030118,13.053457,35.566739,8.614684,2.369948,2.51004,36.804416,0.76982,1.063406,0.854178,1.235985,1.430591,-6.635369,0.694242,-5370900,29.702128,-998171222.829990,-6.959446,70.889078,-2.714794,-0.330281,101.043514,-0.041298,-2.2301,0.924217,1.063406,0.984614
10-29-24,33.23,33.299999,33.139999,32.565491,199700,32.249633,31.547569,29.746172,0.057823,0.023366,0.023344,TRUE,TRUE,1.801398,0.047782,37.016156,31.49037,64.535311,3.472545,0.299553,-0.030092,6.133176,12.640458,36.06938,0.59667,2.307686,2.49028,36.455511,0.743231,1.086025,0.846411,1.034409,1.986818,-6.635369,0.915132,-5570600,-11.519716,-999805041.457651,-7.103024,64.137332,-2.591798,-0.52346,101.148751,-0.047369,-2.581627,0.920006,1.086025,0.866419
10-30-24,33.25,33.290001,33.110001,32.428375,218100,32.289299,31.575433,29.77314,0.055773,0.024028,0.023417,TRUE,TRUE,1.802293,0.047367,15.47603,30.938214,59.51552,-1.961905,0.278539,-0.040885,5.75363,13.114505,34.311693,-52.409622,2.507742,2.447681,33.622328,0.692887,1.122336,0.825485,0.956024,2.739219,-6.635369,1.024136,-5788700,-32.539437,-1001674944.127935,-7.420213,57.997758,-2.451265,-1.201506,100.885416,-0.061581,-3.37727,0.908562,1.122336,0.413641
10-31-24,32.990002,32.990002,32.639999,32.046406,436300,32.308398,31.598197,29.799068,0.053212,0.024667,0.02349,TRUE,TRUE,1.799129,0.045078,-8.91096,29.272386,48.255023,-16.643428,0.22843,-0.072796,3.355897,12.009411,31.89093,-70.665892,1.206304,2.431242,30.857262,0.646342,1.031072,0.827451,1.030081,3.348835,-6.635369,1.929677,-6225000,151.469741,-1003591148.087565,-7.150676,47.093407,-2.115639,-0.704407,101.083679,-0.025056,-1.481461,0.909643,1.031072,-0.849045
11-01-24,32.889999,33.014999,32.849998,32.222702,173000,32.33827,31.622143,29.826893,0.050392,0.025289,0.023561,TRUE,TRUE,1.79525,0.04266,-12.244772,27.615517,52.702977,-11.832335,0.200631,-0.080476,5.452305,11.980513,31.165988,-49.678249,1.889137,2.422662,26.476803,0.641982,1.026418,0.827,1.092167,3.818172,-6.635369,0.780774,-6052000,-34.345351,-1005079562.430747,-7.190531,46.537266,-2.056218,-0.529709,101.363352,-0.013424,-0.798061,0.909395,1.026418,-0.436488
11-04-24,32.810001,32.900002,32.689999,32.085579,395700,32.347085,31.646862,29.853259,0.047562,0.025893,0.023632,TRUE,TRUE,1.793603,0.040821,-14.427834,26.679471,49.163134,-10.352386,0.165626,-0.092384,7.161168,10.425045,28.89591,-66.002425,0.55248,2.391844,25.237941,0.600955,1.001362,0.799475,1.180941,3.020713,-6.635369,1.700034,-6447700,130.05814,-1007753029.828251,-7.208429,35.958004,-2.638876,-1.441488,100.904554,-0.022395,-1.321057,0.894134,1.001362,-1.036162
11-05-24,32.779999,32.98,32.77,32.301052,171600,32.37255,31.671007,29.880025,0.044742,0.02648,0.023701,TRUE,TRUE,1.790982,0.039386,-7.981166,25.43302,54.351628,6.096605,0.153502,-0.083607,10.290957,10.174045,28.768718,-40.350861,1.601976,2.392259,21.654845,0.604301,1.004337,0.801015,1.215807,3.139693,-6.635369,0.753177,-6276100,-36.467975,-1008691028.781929,-7.12426,35.53636,-1.42696,-0.736324,101.005474,-0.020811,-1.225569,0.894994,1.004337,-0.330169
11-06-24,33.599998,33.599998,33.23,32.869114,286100,32.420541,31.708272,29.908907,0.042343,0.027084,0.02377,TRUE,TRUE,1.799365,0.038778,10.505817,25.125829,64.607285,11.904308,0.187569,-0.039632,12.832553,11.521564,31.033307,23.86612,3.007988,2.439252,21.482812,0.63949,1.040585,0.807238,1.488213,3.667429,-6.635369,1.23303,-5990000,41.493571,-1009535235.127748,-6.712083,37.879468,-0.293197,-0.485822,101.655051,-0.012349,-0.698218,0.898464,1.040585,2.088055
11-07-24,33.599998,33.77,33.59,33.064995,347300,32.465104,31.750431,29.938623,0.040397,0.02772,0.023839,TRUE,TRUE,1.811808,0.039,11.877251,25.267891,67.3327,18.169565,0.227749,0.000438,11.303534,12.296979,31.738601,37.610179,2.770167,2.430323,25.04268,0.623233,1.018521,0.802587,2.007128,3.446347,-6.635369,1.430602,-5642700,161.915535,-1011908468.968294,-6.809779,40.790591,-0.850979,-0.782471,101.500958,-0.017823,-1.021743,0.895872,1.018521,2.395472
11-08-24,33.740002,33.790001,33.650002,33.055199,228900,32.506729,31.794542,29.967517,0.038705,0.028379,0.023907,TRUE,TRUE,1.827025,0.039264,18.218516,25.449362,67.054603,12.702975,0.255851,0.022832,10.869649,11.96876,31.523541,36.104237,2.583572,2.438905,27.590598,0.62265,1.019893,0.802418,1.973832,3.258564,-6.635369,0.946141,-5871600,-6.799674,-1014082382.788457,-6.847868,47.878332,-0.648238,-0.303252,101.659744,-0.012008,-0.688753,0.895778,1.019893,1.987886
11-11-24,33.84,33.93,33.77,33.123756,234100,32.540029,31.838853,29.996658,0.037233,0.029058,0.023974,TRUE,TRUE,1.842195,0.040252,23.886415,25.963113,68.049177,3.441892,0.280422,0.037923,11.026871,12.200987,32.250809,37.500517,2.051887,2.485453,30.800762,0.597542,1.009732,0.786415,2.076596,2.8322,-6.635369,0.962028,-5637500,13.695969,-1016207556.240523,-7.046102,54.629914,-0.429853,-0.6383,101.627397,-0.01332,-0.765682,0.886801,1.009732,1.895172
11-12-24,33.860001,33.860001,33.529999,32.95726,310800,32.569411,31.876221,30.025062,0.035792,0.029746,0.024042,TRUE,TRUE,1.851159,0.040871,28.03348,25.397906,63.069572,-4.263128,0.283195,0.032557,9.00587,11.747111,30.387105,24.593839,1.815438,2.520148,31.873745,0.602935,0.967925,0.724158,1.972223,2.55848,-6.635369,1.276753,-5948300,0.582524,-1017597181.597716,-6.990261,55.218946,-2.204854,-2.236325,100.397548,-0.027305,-1.368795,0.850975,0.967925,1.216828
11-13-24,33.700001,33.77,33.599998,33.025818,197700,32.597325,31.923456,30.053133,0.034498,0.03045,0.024108,TRUE,TRUE,1.870323,0.041833,27.426162,24.873071,64.230283,-2.82432,0.28761,0.029577,8.775871,11.539575,30.559186,29.908388,1.719457,2.522225,33.345292,0.598713,0.962187,0.728506,1.88272,2.374496,-6.635369,0.811177,-5750600,3.022408,-1019130342.546891,-6.861809,55.853046,-2.22586,-2.958011,100.184234,-0.036738,-1.869447,0.853525,0.962187,1.285018
11-14-24,33.830002,33.860001,33.709999,33.025818,254900,32.618382,31.973034,30.081445,0.033431,0.03117,0.024174,TRUE,TRUE,1.891589,0.042469,26.808385,24.652991,64.230283,-3.818894,0.287791,0.023806,7.189917,10.705834,28.559585,29.908388,1.291675,2.50998,34.696506,0.595073,0.961416,0.724263,1.793905,2.570896,-6.635369,1.026953,-5750600,54.391278,-1021710522.776788,-6.904226,57.064327,-2.556963,-3.900277,100.00064,-0.038667,-1.964393,0.851037,0.961416,1.174285
11-15-24,33.639999,33.66,33.419998,32.820137,321000,32.62132,32.020354,30.109985,0.032227,0.03189,0.024239,TRUE,TRUE,1.910369,0.042848,10.460083,23.258806,57.898659,-5.170913,0.268245,0.003409,6.454861,10.195432,27.615923,13.964148,0.179351,2.474124,34.848504,0.60148,0.960465,0.73075,1.755639,2.102784,-6.635369,1.258848,-6071600,73.232596,-1023636140.117645,-6.827245,50.45908,-2.538005,-3.653348,99.979831,-0.040557,-2.062826,0.854839,0.960465,0.570518
11-18-24,33.549999,33.650002,33.485001,32.820137,225200,32.631604,32.074804,30.137608,0.031024,0.032604,0.024303,TRUE,TRUE,1.937196,0.04283,10.924295,21.964205,57.898659,-6.331624,0.249875,-0.011969,5.751415,9.90922,27.141523,13.964148,0.63062,2.497009,35.12954,0.595325,0.953402,0.728075,1.714464,2.376322,-6.635369,0.89107,-6071600,-16.746765,-1025676206.164715,-6.919701,56.050304,-3.16312,-3.313514,99.795841,-0.037108,-1.897535,0.853273,0.953402,0.536681
11-19-24,33.299999,33.560001,33.25,32.829937,194700,32.645805,32.123199,30.164505,0.029889,0.033306,0.024366,TRUE,TRUE,1.958693,0.043132,18.222215,20.883918,58.126752,-6.103531,0.233417,-0.022742,6.217494,9.657211,26.755395,14.723834,0.872709,2.499604,35.338358,0.588522,0.958395,0.722221,1.637311,2.061443,-6.635369,0.776594,-5876900,-17.184177,-1026398557.180528,-6.69479,56.371721,-3.187101,-3.654812,99.746978,-0.036323,-1.85895,0.849836,0.958395,0.521054
11-20-24,33.560001,33.560001,33.349998,32.839725,226700,32.672739,32.170032,30.191597,0.028846,0.033989,0.024428,TRUE,TRUE,1.978435,0.043205,43.315005,19.880795,58.36936,0.470701,0.218643,-0.030013,5.847838,10.046263,25.999566,12.074731,1.667665,2.535496,34.617923,0.586527,0.96278,0.733571,1.4063,2.209402,-6.635369,0.927957,-5650200,-36.122852,-1027726945.633054,-6.850141,65.898626,-3.214588,-3.705951,99.776719,-0.027173,-1.424832,0.856488,0.96278,0.482371
11-21-24,33.610001,33.779999,33.439999,33.064995,225700,32.706529,32.217269,30.21967,0.028123,0.034665,0.024489,TRUE,TRUE,1.997599,0.043462,44.79124,18.812009,63.596694,5.698035,0.222546,-0.020888,7.181177,11.307422,27.5212,30.241587,2.086487,2.512104,35.000718,0.590407,0.921579,0.720317,1.204727,2.572853,-6.635369,0.910062,-5424500,48.878628,-1028450518.121245,-6.660333,66.433204,-3.739382,-4.809986,99.031621,-0.036226,-1.841772,0.848715,0.921579,1.024168
11-22-24,33.77,33.91,33.75,33.211906,210100,32.746684,32.26139,30.248092,0.027588,0.03533,0.02455,TRUE,TRUE,2.013298,0.043661,59.585409,18.264079,66.546837,8.420085,0.234788,-0.006917,6.812109,11.438276,27.803994,38.095348,2.47808,2.53706,35.99784,0.588826,0.924919,0.716722,1.063974,2.93532,-6.635369,0.838723,-5214400,31.148564,-1030073787.699005,-6.727115,75.967259,-3.359262,-4.459257,99.186754,-0.034147,-1.729667,0.846594,0.924919,1.292361
11-25-24,34.09,34.130001,33.939999,33.309845,250000,32.783412,32.304149,30.277099,0.027314,0.035977,0.024609,TRUE,TRUE,2.02705,0.043989,56.905875,18.431698,68.386174,10.016814,0.249516,0.006249,7.430734,11.044423,27.850384,8.871699,2.254955,2.534677,37.856365,0.589179,0.92173,0.710489,1.027453,2.980697,-6.635369,0.978933,-4964400,64.041995,-1031982065.485706,-6.619712,76.548178,-2.316053,-4.629334,99.582954,-0.023221,-1.162803,0.842905,0.92173,1.390605
11-26-24,34.209999,34.25,34.080002,33.476349,204800,32.828955,32.347503,30.306262,0.027412,0.036606,0.024668,TRUE,TRUE,2.041241,0.044762,44.285527,18.921416,71.27753,7.680837,0.271494,0.022582,8.138045,12.655412,28.869201,22.634888,2.797004,2.445514,40.484477,0.588164,0.916843,0.700522,1.405098,2.94776,-6.635369,0.801142,-4759600,2.553831,-1033641329.681021,-6.618086,76.02619,-2.14502,-3.730436,100.002546,-0.017204,-0.848471,0.836972,0.916843,1.599116
11-27-24,34.200001,34.240002,34.049999,33.407791,229700,32.877926,32.390073,30.334817,0.027965,0.037215,0.024727,TRUE,TRUE,2.055256,0.04457,27.559113,19.236414,68.499551,1.952714,0.28015,0.02499,8.292361,13.311961,29.129989,15.779114,3.020243,2.421191,41.299358,0.556502,0.875371,0.666771,1.367276,3.66774,-6.635369,0.896513,-4989300,5.318661,-1035423801.312084,-6.586042,68.188051,-2.835889,-5.482848,99.435217,-0.009948,-0.491564,0.816561,0.875371,1.282986
11-28-24,34.16,34.450001,34.16,33.740788,278000,32.962645,32.439888,30.366511,0.029145,0.037816,0.024785,TRUE,TRUE,2.073377,0.044573,43.750046,20.105604,73.833916,5.447742,0.310303,0.044115,9.164446,14.403792,30.659439,40.898933,5.287275,2.464447,40.718984,0.562823,0.876096,0.652114,2.012732,4.274757,-6.635369,1.119613,-4711300,-36.282375,-1036505530.022194,-6.627946,68.699939,-1.77341,-3.549125,100.140526,0.008739,0.417893,0.807535,0.876096,1.911006
11-29-24,34.27,34.509998,34.200001,33.76038,253100,33.039529,32.482478,30.39695,0.030911,0.038411,0.024842,TRUE,TRUE,2.085529,0.044273,41.935727,21.066479,74.111696,2.834165,0.331954,0.052613,8.593089,13.871295,30.347807,40.506387,4.772032,2.440677,40.528806,0.559619,0.87042,0.645917,2.002454,4.470276,-6.635369,1.003151,-4458200,46.300578,-1037476494.178524,-6.420192,68.914004,-2.150466,-3.281824,99.862793,0.008015,0.382069,0.80369,0.87042,1.778613
12-02-24,34.470001,34.470001,34.369999,33.750584,300000,33.122779,32.52663,30.426469,0.032951,0.038982,0.024898,TRUE,TRUE,2.100161,0.04317,58.272926,21.958719,73.690458,5.190907,0.344353,0.052009,10.065543,13.875498,30.069016,39.728914,5.189262,2.435751,36.834449,0.531873,0.83576,0.62439,1.898858,5.271266,-6.635369,1.212023,-4758200,-24.184989,-1041492900.815946,-6.815585,78.032487,-1.546729,-3.932288,99.962696,0.024653,1.200565,0.790184,0.83576,1.704395
12-03-24,34.5,34.57,34.450001,33.848522,261600,33.200153,32.572741,30.456479,0.035332,0.039526,0.024955,TRUE,TRUE,2.116262,0.042554,59.154431,23.058667,75.207652,1.373736,0.357955,0.052489,10.808392,14.280712,29.822304,45.3426,4.790773,2.430112,34.865226,0.520353,0.836796,0.604081,2.01587,5.007585,-6.635369,1.038013,-4496600,52.447552,-1044376970.752685,-7.079982,78.478681,-0.83269,-4.195973,100.2269,0.029326,1.421838,0.777227,0.836796,1.859645
12-04-24,34.639999,34.689999,34.580002,33.951363,180200,33.254265,32.620439,30.487099,0.037999,0.040038,0.02501,TRUE,TRUE,2.13334,0.042064,61.966788,24.388008,76.725418,2.613722,0.372737,0.053817,11.483648,13.476446,30.456832,48.705783,3.292601,2.424285,37.737152,0.520409,0.852236,0.616771,2.148531,5.014577,-6.635369,0.730368,-4316400,-37.01503,-1046616881.437616,-7.514773,78.033826,-0.381252,-4.256004,100.531415,0.02234,1.100784,0.785347,0.852236,1.847244
12-05-24,34.66,34.75,34.610001,33.926876,199700,33.297359,32.668822,30.517742,0.040731,0.040508,0.025066,TRUE,TRUE,2.15108,0.041689,84.328122,25.771293,75.539622,1.849164,0.378117,0.047358,12.722594,13.394604,30.362743,45.125071,2.606628,2.460659,40.296376,0.517342,0.858291,0.609713,1.9554,4.663529,-6.635369,0.83436,-4516100,-42.49928,-1048765446.663774,-7.69955,87.011315,-0.188563,-4.168513,100.303561,0.01927,0.946492,0.780841,0.858291,1.562217
12-06-24,34.849998,34.959999,34.849998,34.181526,187000,33.353676,32.715833,30.54787,0.043674,0.040933,0.025122,TRUE,TRUE,2.167964,0.042067,86.874814,27.532692,79.148763,3.94111,0.398337,0.054062,12.401608,14.319808,31.535224,54.475245,3.407414,2.484802,44.395915,0.511895,0.850607,0.575328,2.273646,4.591464,-6.635369,0.788198,-4329100,-18.304937,-1051225239.838972,-7.827789,86.889312,0.791317,-4.391245,100.952347,0.030079,1.431374,0.758504,0.850607,1.8647
12-09-24,34.970001,34.970001,34.790001,34.103172,323000,33.402646,32.761474,30.577122,0.046569,0.041319,0.025177,TRUE,TRUE,2.184352,0.04242,77.844014,28.789649,75.459368,-1.266051,0.40339,0.047291,11.820777,13.725873,30.606723,46.492133,2.956838,2.500692,47.048767,0.512008,0.848587,0.578591,2.014053,4.195326,-6.635369,1.336395,-4652100,37.975224,-1054013187.238625,-7.820938,83.276832,0.147772,-4.46621,100.98093,0.026053,1.244312,0.760651,0.848587,1.488936
12-10-24,34.84,34.849998,34.599998,33.926876,252000,33.451127,32.803393,30.605929,0.049323,0.041665,0.025232,TRUE,TRUE,2.197464,0.042554,60.325813,28.844692,67.801347,-7.738275,0.388687,0.026071,10.499687,13.72627,29.550646,31.822001,2.94204,2.517216,47.213147,0.517746,0.861726,0.585873,1.730712,3.660536,-6.635369,1.055475,-4904100,-18.918919,-1055622202.009132,-7.963188,75.865196,0.236246,-4.970607,100.849382,0.022581,1.075888,0.765424,0.861726,1.007662
12-11-24,34.84,34.869999,34.669998,34.142349,213400,33.506954,32.853539,30.635329,0.051989,0.041988,0.025286,TRUE,TRUE,2.21821,0.042845,60.108971,28.956258,71.595581,-7.553182,0.389927,0.021849,10.115723,13.672763,30.18263,32.159742,3.380783,2.501926,48.502968,0.520824,0.867756,0.591032,1.494714,4.00907,-6.635369,0.890874,-4690700,7.941325,-1056961600.521406,-7.896647,75.829438,0.317714,-5.401761,100.862603,0.021327,1.01649,0.768786,0.867756,1.310014
12-12-24,34.84,34.84,34.669998,33.985641,223900,33.554945,32.899963,30.664139,0.054306,0.04226,0.025341,TRUE,TRUE,2.235824,0.042671,42.934435,29.059855,65.546136,-9.913231,0.373955,0.004701,9.026559,13.775356,29.254059,4.431334,2.906283,2.482492,48.239583,0.525802,0.842297,0.592364,1.297251,3.787293,-6.635369,0.940796,-4914600,-12.161632,-1058988155.519723,-7.831765,69.255249,0.695884,-5.580299,101.418298,0.027956,1.321934,0.769652,0.842297,0.892828
12-13-24,34.75,34.759998,34.57,33.946468,239000,33.611262,32.946387,30.692125,0.056065,0.042478,0.025394,TRUE,TRUE,2.254262,0.042926,36.516904,28.549336,64.08836,-3.712987,0.354054,-0.01216,8.425335,14.162969,27.799093,-11.253333,3.43183,2.455112,45.718393,0.507351,0.814339,0.56273,1.118981,3.229358,-6.635369,1.021848,-5153600,-25.545171,-1060795840.443529,-7.943841,62.032117,1.23283,-4.919618,101.751376,0.031039,1.468692,0.750153,0.814339,0.733199
12-16-24,34.68,34.709999,34.619999,33.966053,296700,33.668557,32.987523,30.718905,0.057316,0.042661,0.025448,TRUE,TRUE,2.268618,0.042936,30.674625,28.075282,64.513294,-7.082287,0.33599,-0.024179,8.589507,13.709778,27.550265,-9.12457,3.491503,2.416554,42.33742,0.504744,0.796471,0.556327,0.988177,3.421932,-6.635369,1.249447,-4856900,31.749556,-1065404216.584757,-8.365024,63.081988,1.605709,-5.02565,102.264355,0.044828,2.116621,0.745873,0.796471,0.702678
12-17-24,34.630001,34.709999,34.560001,33.946468,268600,33.724384,33.030617,30.745586,0.05803,0.042812,0.025501,TRUE,TRUE,2.285031,0.042778,34.8101,27.257523,63.701546,-1.84459,0.316445,-0.034979,8.628639,13.423319,28.402143,-26.361868,3.400955,2.413801,37.817336,0.50504,0.798689,0.559051,0.80267,3.389719,-6.635369,1.113783,-5125500,37.955829,-1067870116.368588,-8.598349,62.314534,1.284305,-5.244557,102.232215,0.046567,2.204256,0.747697,0.798689,0.587256
12-18-24,34.669998,34.73,33.91,33.241283,378300,33.744462,33.057257,30.769611,0.057834,0.042878,0.025552,TRUE,TRUE,2.287646,0.041371,-26.020412,26.921411,42.812636,-21.275724,0.241273,-0.088121,5.091243,10.95931,25.189501,-63.086374,1.222781,2.41726,33.71701,0.579508,0.83854,0.661493,1.032468,1.9717,-6.635369,1.520865,-5503800,66.872519,-1068865429.831683,-8.269374,52.894563,1.359226,-5.565245,102.420986,0.038794,1.82649,0.813322,0.83854,-1.492358
12-19-24,34.040001,34.060001,33.790001,33.094379,498600,33.745931,33.07567,30.792515,0.056581,0.042854,0.025603,TRUE,TRUE,2.283155,0.039531,-32.535846,26.955647,39.87888,-24.634415,0.167908,-0.129188,4.918347,10.863593,23.919682,-58.950959,0.088869,2.438675,33.410355,0.582491,0.836417,0.665094,1.296189,1.845429,-6.635369,1.900261,-6002400,120.912716,-1071933187.514046,-8.286043,43.016479,1.855644,-4.549999,102.602205,0.040577,1.910874,0.815533,0.836417,-1.950149
12-20-24,33.59,34.16,33.549999,33.309845,428300,33.750828,33.097413,30.815578,0.054468,0.042753,0.025653,TRUE,TRUE,2.281835,0.038503,-19.565398,27.60362,45.750729,-17.950818,0.125704,-0.137114,5.601432,11.839653,26.223212,-16.912249,0.29489,2.49924,32.649555,0.574166,0.823822,0.671023,1.425163,1.699505,-6.635369,1.567171,-5574100,103.855307,-1072698726.757862,-7.798339,44.770845,2.014806,-4.456354,102.5496,0.032536,1.568338,0.81916,0.823822,-1.350655
12-23-24,34.110001,34.200001,33.950001,33.495934,347900,33.760132,33.118176,30.839813,0.051559,0.042569,0.025701,TRUE,TRUE,2.278363,0.037682,-15.062783,28.002412,50.268325,7.455689,0.10605,-0.125415,6.112315,12.281708,26.057414,-3.807439,0.558659,2.50044,31.574151,0.577319,0.823935,0.674644,1.500218,1.960343,-6.635369,1.250584,-5226200,39.16,-1074310386.673023,-7.607808,45.898055,1.887199,-3.167307,102.462523,0.031999,1.54255,0.821367,0.823935,-0.836757
12-24-24,34.23,34.439999,34.200001,33.730991,125800,33.772865,33.145404,30.865562,0.048082,0.042335,0.02575,TRUE,TRUE,2.279842,0.03717,-8.91105,27.241707,55.328691,15.449811,0.108194,-0.098617,7.056259,12.877501,26.850414,12.745907,0.760664,2.504739,30.875261,0.582682,0.829136,0.672827,1.530477,2.246971,-6.635369,0.458722,-5100400,-38.574219,-1074927869.236522,-7.527447,45.140026,2.295485,-3.222423,102.852417,0.039552,1.883849,0.82026,0.829136,-0.13562
12-27-24,34.439999,34.439999,34.220001,33.62326,385000,33.783638,33.168518,30.889661,0.044113,0.042076,0.025797,TRUE,TRUE,2.278857,0.036043,-11.877357,26.535339,52.682824,6.932095,0.100047,-0.085411,5.630774,12.370101,25.764476,5.159237,0.644967,2.493724,29.894698,0.577769,0.832227,0.69086,1.579003,2.401625,-6.635369,1.365224,-5485400,67.609926,-1077401486.392458,-7.44272,38.329583,1.55534,-3.575522,102.660364,0.047253,2.335049,0.83118,0.832227,-0.536475
12-30-24,33.98,33.98,33.580002,33.233269,584500,33.758262,33.18109,30.911954,0.039756,0.041811,0.025844,TRUE,TRUE,2.269136,0.034216,-35.230291,27.466476,44.404466,-5.863859,0.061413,-0.099236,4.437699,10.813571,24.260831,-22.304934,-1.50417,2.386909,32.332224,0.600346,0.855806,0.69734,1.654348,1.759201,-6.635369,1.965829,-6069900,110.251799,-1078999319.655855,-7.145897,30.9202,0.996544,-3.534625,102.204125,0.034645,1.665163,0.835069,0.855806,-1.623746
12-31-24,33.799999,33.880001,33.630001,33.253014,347800,33.732894,33.190923,30.934637,0.035055,0.041552,0.025889,TRUE,TRUE,2.256286,0.032268,-32.288742,28.331104,44.876739,-10.451952,0.03202,-0.102903,4.467607,11.132723,24.379613,-22.498916,-1.502845,2.355045,34.248385,0.599745,0.850119,0.690907,1.794593,1.841756,-6.635369,1.151408,-5722100,37.416041,-1080396049.556978,-7.104358,30.821283,0.640663,-4.084286,101.800861,0.027665,1.317115,0.831208,0.850119,-1.401176
01-02-25,33.950001,34.040001,33.564999,33.292507,739800,33.70999,33.204483,30.957613,0.030299,0.041279,0.025933,TRUE,TRUE,2.24687,0.030776,-25.413534,28.413082,45.867275,-6.815549,0.011776,-0.098517,5.239307,10.722656,24.752847,-19.506979,-1.35724,2.360868,35.627785,0.590211,0.831321,0.674256,1.906479,1.522152,-6.635369,2.282946,-4982300,146.6,-1081984642.007930,-6.247665,42.368635,0.861101,-4.851803,101.29997,0.018515,0.872541,0.821131,0.831321,-1.17179
01-03-25,33.869999,34.150002,33.869999,33.687431,393600,33.701935,33.227314,30.980679,0.025766,0.04101,0.025977,TRUE,TRUE,2.246635,0.029655,-17.002233,28.019221,54.644165,10.239699,0.027286,-0.066406,6.388855,11.169546,27.061036,10.653643,-0.475917,2.315035,35.479901,0.604481,0.846141,0.677372,1.556331,2.166629,-6.635369,1.190365,-4588700,50.458716,-1082891513.009687,-5.823977,44.298897,1.234228,-3.639031,101.772733,0.030666,1.41781,0.823026,0.846141,-0.04088
01-06-25,34.23,34.34,34.009998,33.618324,621500,33.685283,33.253659,31.004415,0.021095,0.040743,0.02602,TRUE,TRUE,2.249245,0.028515,-14.192896,26.895359,53.024046,8.147306,0.033613,-0.048063,6.302136,10.727387,26.846646,5.646702,-0.980928,2.310216,35.026273,0.604663,0.849441,0.684459,1.535435,1.914454,-6.635369,1.762021,-5210200,244.894562,-1084988310.381028,-5.439361,52.225668,1.08009,-3.873382,101.77841,0.023029,1.076295,0.82732,0.849441,-0.191168
01-07-25,34.189999,34.25,33.82,33.460354,508700,33.661957,33.275082,31.026587,0.016123,0.040453,0.026062,TRUE,TRUE,2.248495,0.027469,-17.958793,26.384903,49.417263,3.549988,0.025586,-0.044872,4.860865,10.313525,25.883323,-7.597065,-1.375082,2.290664,34.885828,0.600959,0.846446,0.680779,1.586082,1.354528,-6.635369,1.381699,-5718900,154.732098,-1086347948.570557,-5.10396,49.885497,0.775587,-4.776883,101.595099,0.014986,0.700663,0.825093,0.846446,-0.577895
01-08-25,33.939999,34.060001,33.77,33.519592,428800,33.628861,33.297299,31.048331,0.01102,0.040139,0.026104,TRUE,TRUE,2.248967,0.026532,-16.255703,26.045885,50.769624,-3.874541,0.023731,-0.037382,5.434857,10.437712,24.880078,-2.57686,-1.936525,2.251693,32.773128,0.601027,0.835568,0.673845,1.573228,1.365303,-6.635369,1.12765,-5290100,129.304813,-1087517263.642509,-4.772001,43.859021,0.460061,-5.240819,101.105931,0.010266,0.474775,0.820881,0.835568,-0.333408
01-09-25,34,34.09,33.959999,33.598576,220000,33.603631,33.317764,31.070266,0.005915,0.039785,0.026144,TRUE,TRUE,2.247498,0.02605,-12.398681,25.600871,52.58966,-0.434386,0.028308,-0.026244,5.294036,11.019432,25.445398,4.116639,-1.479618,2.209506,30.813213,0.595162,0.831359,0.666632,1.03545,1.159223,-6.635369,0.586495,-5070100,-31.888545,-1088960533.104642,-4.65828,47.91558,0.206468,-5.032652,101.290884,0.011374,0.525423,0.816475,0.831359,-0.016406
01-10-25,33.830002,33.830002,33.459999,33.134537,701000,33.564014,33.329145,31.090414,0.000708,0.039369,0.026183,FALSE,TRUE,2.238731,0.024595,-4.162087,26.401743,42.620306,-6.796957,-0.005446,-0.047998,2.986312,8.22885,23.312321,-33.210459,-2.335433,2.143443,31.52388,0.62224,0.843941,0.69447,1.070021,0.637002,-6.635369,1.763256,-5771100,178.174603,-1090894762.335316,-4.43613,45.534656,0.066718,-4.48436,101.330002,0.010222,0.471776,0.833348,0.843941,-1.362387
01-13-25,33.360001,33.43,33.200001,32.996307,455700,33.506712,33.340504,31.110065,-0.004607,0.038878,0.026221,FALSE,TRUE,2.230439,0.023037,-3.836838,27.624326,40.177016,-10.592608,-0.042857,-0.068327,2.400808,7.537237,22.665507,-16.426915,-3.356658,2.039152,30.867141,0.624044,0.84187,0.696072,1.108771,0.330008,-6.635369,1.112345,-6226800,113.542643,-1092157621.139820,-4.295603,45.887614,0.471636,-3.575958,101.638867,0.015975,0.737117,0.834309,0.84187,-1.653553
01-14-25,33.57,33.57,33.279999,33.01606,260800,33.458233,33.359897,31.1287,-0.009855,0.038318,0.026257,FALSE,TRUE,2.231197,0.021714,-12.446667,28.165364,40.700157,-11.889503,-0.070103,-0.076458,1.720082,6.954845,22.518834,-14.833968,-2.852915,1.931506,30.561792,0.621921,0.844912,0.694547,1.199544,0.176937,-6.635369,0.633748,-5966000,16.480572,-1092893145.614315,-4.119483,44.381963,0.423719,-3.598469,101.61786,0.017448,0.805807,0.833395,0.844912,-1.446816
01-15-25,33.810001,33.91,33.759998,33.450478,313200,33.433433,33.384452,31.149604,-0.014424,0.037705,0.026292,TRUE,TRUE,2.234849,0.021346,-1.742487,27.396454,50.874909,8.254603,-0.055996,-0.049881,3.339144,8.020411,23.73149,20.19978,-1.461097,1.907229,28.321739,0.641382,0.864434,0.701102,1.205661,0.516073,-6.635369,0.754281,-5652800,31.046025,-1094498890.998578,-4.058359,44.048237,1.007934,-3.122382,102.051325,0.025021,1.13274,0.837318,0.864434,0.060182
01-16-25,34.029999,34.099998,33.919998,33.598576,228900,33.415059,33.414712,31.170812,-0.018083,0.037055,0.026327,TRUE,TRUE,2.243901,0.020934,-5.251008,26.066879,53.786091,13.609075,-0.032491,-0.021102,3.48355,7.683625,25.084261,32.143187,-1.081896,1.836204,25.760699,0.640274,0.864622,0.699272,1.10661,0.88522,-6.047246,0.555798,-5423900,-22.851365,-1095545274.366526,-3.659316,44.976745,1.404023,-2.628875,102.204149,0.029149,1.317872,0.836225,0.864622,0.712389
01-17-25,34.400002,34.459999,34.259998,33.983631,288200,33.416917,33.448364,31.195399,-0.020452,0.036373,0.02636,TRUE,TRUE,2.252965,0.020982,12.874768,24.589916,60.363049,19.662892,0.017011,0.022721,4.229332,9.846019,27.48112,62.192969,0.109475,1.847435,26.174265,0.654655,0.87439,0.710285,1.843963,1.413897,-6.047246,0.698125,-5135700,7.297096,-1096629961.562543,-3.48334,50.49721,1.780777,-2.096791,102.371013,0.035257,1.588362,0.842784,0.87439,2.165156
01-20-25,34.450001,34.889999,34.439999,34.427925,372300,33.47625,33.47954,31.222111,-0.021195,0.035686,0.026393,TRUE,TRUE,2.257429,0.021263,41.868586,24.188385,66.31921,15.4443,0.091043,0.077402,5.086922,12.024715,28.402865,72.658304,3.569783,1.928651,34.201865,0.664509,0.875057,0.684263,2.892021,2.213008,-6.047246,0.902502,-4763400,-1.586043,-1097022239.174547,-3.412781,58.703215,2.833135,-0.799685,103.437753,0.059102,2.512688,0.827202,0.875057,2.782525
01-21-25,34.630001,34.860001,34.529999,34.181099,423300,33.530585,33.501862,31.248607,-0.020735,0.034984,0.026425,TRUE,TRUE,2.253255,0.021171,30.128443,23.815536,60.848756,7.062665,0.128318,0.091742,4.803498,11.861373,26.842161,58.053194,3.283698,1.897721,36.378843,0.672596,0.849155,0.635548,2.751113,1.797036,-6.047246,1.035584,-5186700,-15.102286,-1098340620.891845,-3.230228,57.848812,1.49404,-1.712233,102.107817,0.034773,1.359472,0.797213,0.849155,1.788164
01-22-25,34.849998,34.849998,34.73,34.339069,242300,33.582047,33.52754,31.274438,-0.019138,0.034282,0.026457,TRUE,TRUE,2.253101,0.021272,32.716254,23.469318,62.954882,2.591832,0.168661,0.105668,5.509643,11.029957,26.746437,67.400564,3.08985,1.864428,40.173657,0.674274,0.854978,0.635707,2.607007,1.950173,-6.047246,0.606576,-4944400,-43.427504,-1100161641.303836,-3.437548,54.0914,2.035252,-1.687253,102.553006,0.035345,1.378704,0.797312,0.854978,1.884376
01-23-25,34.779999,34.93,34.740002,34.482231,268100,33.631362,33.554709,31.300792,-0.016436,0.033586,0.026488,TRUE,TRUE,2.253917,0.021782,26.968479,23.334637,64.8028,-1.51641,0.209768,0.11742,6.752656,11.722142,27.138783,74.117382,2.944529,1.80147,44.84318,0.673379,0.851714,0.634137,2.671471,1.914719,-6.047246,0.677936,-4676300,-22.937626,-1101157202.154720,-3.394335,53.067247,2.183715,-2.09739,102.367583,0.033128,1.291151,0.796327,0.851714,1.897434
01-24-25,34.93,34.990002,34.880001,34.477291,351500,33.668677,33.58511,31.326878,-0.012807,0.032888,0.026519,TRUE,TRUE,2.258232,0.022162,29.794444,23.35188,64.682897,3.834141,0.239189,0.117473,6.44688,13.156174,26.39982,71.356966,2.212505,1.771729,48.658601,0.673332,0.851601,0.633008,2.586198,1.921041,-6.047246,0.864167,-5027800,179.411765,-1104082370.624688,-3.583835,50.639628,1.631177,-1.60544,102.194222,0.029292,1.139959,0.795618,0.851601,1.661812
01-27-25,34.560001,34.700001,34.5,34.21072,470200,33.69805,33.608808,31.352359,-0.008431,0.032198,0.02655,TRUE,TRUE,2.256449,0.021765,25.082629,22.064272,58.403191,-4.55169,0.238249,0.093226,5.560002,12.678538,25.333716,56.464736,1.747182,1.700146,50.121149,0.679434,0.855606,0.627816,2.470911,1.766665,-6.047246,1.144011,-5498000,22.12987,-1105912759.703252,-3.46844,50.93817,0.538969,-1.908911,101.587841,0.023385,0.895587,0.792348,0.855606,1.022863
01-28-25,34.700001,34.889999,34.57,34.427925,308900,33.757782,33.63685,31.378441,-0.003474,0.031534,0.02658,TRUE,TRUE,2.258409,0.020979,28.84014,21.366795,61.66866,-3.13414,0.252124,0.085681,5.687251,12.060317,26.218836,68.59909,3.59476,1.705942,51.393134,0.662115,0.856346,0.607539,2.355948,2.537249,-6.047246,0.777635,-5189100,-47.151411,-1106495952.710428,-3.461047,58.488767,0.634595,-2.179102,101.653891,0.025833,0.988651,0.779448,0.856346,1.303954
01-29-25,34.900002,35,34.759998,34.427925,390000,33.816528,33.669006,31.405831,0.001923,0.030901,0.026611,TRUE,TRUE,2.263175,0.020359,27.009711,20.994221,61.66866,-3.014238,0.260122,0.074943,5.719043,12.202978,25.595752,68.218048,3.533248,1.706288,52.030669,0.659887,0.852894,0.606401,2.254591,2.325247,-6.047246,0.976611,-5189100,12.13341,-1107965183.100637,-3.451837,59.947373,0.281661,-2.433789,101.418955,0.017634,0.676173,0.778717,0.852894,1.175071
01-30-25,34.990002,35.459999,34.990002,34.842606,286400,33.894033,33.709455,31.436459,0.007939,0.030338,0.026642,TRUE,TRUE,2.272996,0.020064,56.536067,21.637127,67.344775,8.941583,0.296504,0.08906,7.444808,13.626785,27.333043,72.681684,4.655998,1.821707,55.259004,0.670823,0.856384,0.627057,2.748382,2.930235,-6.047246,0.760347,-4902700,-61.286834,-1108431219.153783,-3.510577,71.261991,0.508355,-2.083692,101.365006,0.026841,1.040082,0.791869,0.856384,1.716594
01-31-25,35.41,35.470001,35.040001,34.674759,388300,33.943399,33.746352,31.46678,0.014257,0.029823,0.026672,TRUE,TRUE,2.279571,0.019705,55.016418,22.253368,63.261395,1.592735,0.30824,0.080637,8.20171,11.832848,27.89424,63.687606,2.930848,1.898902,57.673617,0.671847,0.837709,0.625133,2.358926,2.471601,-4.666025,1.031602,-5291000,-1.346545,-1109479162.733564,-3.531788,71.945325,0.8504,-1.392227,101.884429,0.031862,1.229593,0.790654,0.837709,1.268101
02-03-25,33.5,35.02,33.360001,34.418056,874400,33.983386,33.777918,31.4964,0.02052,0.029342,0.026702,TRUE,TRUE,2.281518,0.019757,42.642791,22.322584,57.517364,-4.151296,0.293444,0.052673,6.813068,12.636842,26.09331,50.144814,2.378858,2.138508,58.072164,0.645514,0.789957,0.619604,1.925518,1.548184,-3.467425,2.247526,-6165400,40.691874,-1109238907.137793,-3.116643,58.592085,1.070004,-1.045964,102.389038,0.026045,1.038468,0.787149,0.789957,0.748501
02-04-25,34.860001,34.860001,34.580002,34.220592,454900,34.021398,33.80103,31.525323,0.026509,0.028876,0.026732,TRUE,TRUE,2.275707,0.019731,25.242919,22.386855,53.493687,-13.851088,0.262756,0.017587,6.654122,14.291802,24.663559,40.786334,2.272058,2.056503,56.945593,0.647291,0.794355,0.611875,1.671821,1.065841,-3.467425,1.177399,-6620300,-10.575978,-1110861635.838065,-3.172389,59.74839,1.07691,-1.632023,101.933802,0.017885,0.704045,0.782225,0.794355,0.349798
02-05-25,34.700001,34.91,34.580002,34.462482,169800,34.068542,33.826042,31.555941,0.032109,0.028426,0.02676,TRUE,TRUE,2.270101,0.020021,27.472645,22.323539,57.422977,-5.838418,0.255014,0.007876,6.691517,17.671095,25.67751,52.250309,2.812952,2.050336,56.473636,0.652538,0.788167,0.617326,1.403365,1.355883,-3.467425,0.454728,-6450500,-60.401119,-1111152374.689257,-3.164767,59.337041,0.568779,-0.887017,101.546826,0.013715,0.539375,0.785701,0.788167,0.697565
02-06-25,35.049999,35.07,34.84,34.516785,262100,34.114453,33.85018,31.586054,0.037305,0.027986,0.026788,TRUE,TRUE,2.264126,0.020437,18.947447,21.865999,58.275253,0.757889,0.250374,0.002589,5.012824,18.48865,25.742569,54.823873,2.732881,1.994567,56.183501,0.652394,0.786596,0.61518,1.26403,1.335972,-3.467425,0.697975,-6188400,19.136364,-1112151126.403386,-3.087838,59.171245,0.161312,-0.125409,101.811445,0.017484,0.685827,0.784334,0.786596,0.716103
02-07-25,35.009998,35.02,34.650002,34.230461,286700,34.169249,33.865263,31.613572,0.04189,0.02754,0.026815,TRUE,TRUE,2.25169,0.020025,-7.434963,21.774444,52.327423,-1.166264,0.221045,-0.021392,3.524774,15.226732,24.349235,41.254041,3.307499,1.927125,51.251101,0.658598,0.82537,0.658363,1.310371,1.192073,-3.467425,0.808061,-6475100,-59.101284,-1113088002.519188,-3.12757,52.961399,-0.146181,-1.044922,101.357837,0.024567,1.013102,0.811396,0.82537,0.119436
02-10-25,35,35.02,34.919998,34.536533,292100,34.24626,33.887838,31.642573,0.04576,0.027105,0.026842,TRUE,TRUE,2.245265,0.02016,13.090881,21.68943,57.339852,-0.083124,0.219963,-0.017979,4.481397,15.838159,25.54928,55.75983,4.667874,1.983977,43.716637,0.667021,0.832994,0.667035,1.230741,1.449176,-3.467425,0.84271,-6183000,-35.900812,-1115620252.685124,-3.384489,60.125253,-0.267262,-0.975333,101.400363,0.02965,1.222893,0.816722,0.832994,0.663988
02-11-25,34.91,34.990002,34.849998,34.49704,207600,34.320309,33.902963,31.672102,0.048811,0.026684,0.026868,TRUE,TRUE,2.23086,0.020146,6.083617,21.741883,56.514149,-1.761103,0.213458,-0.019587,4.145917,15.629953,24.791827,53.888097,4.485635,1.941642,33.0152,0.667407,0.833494,0.66669,1.198251,1.403005,-3.467425,0.603559,-6390600,-20.398773,-1116874603.324071,-3.486082,55.69826,-0.459668,-0.960004,101.180817,0.028844,1.188344,0.816511,0.833494,0.535301
02-12-25,34.799999,34.93,34.68,34.447678,212400,34.370169,33.916709,31.700271,0.050886,0.026259,0.026894,TRUE,TRUE,2.216438,0.019621,-1.380565,22.107104,55.439567,3.112144,0.201992,-0.024843,4.522274,13.935414,24.374077,51.548658,2.981123,1.911669,25.964568,0.661758,0.826377,0.660851,1.204641,1.606769,-3.467425,0.626697,-6603000,-32.183908,-1117481766.043798,-3.390605,50.907323,1.08541,-1.097471,101.451066,0.034574,1.424137,0.812928,0.826377,0.298516
02-13-25,34.959999,35.09,34.93,34.605648,214500,34.420523,33.93381,31.728744,0.051982,0.025844,0.026919,TRUE,TRUE,2.205066,0.019264,4.832927,21.950344,58.18008,0.840228,0.203308,-0.018821,4.783622,13.979297,26.288634,59.035406,2.997366,1.930715,19.060643,0.663431,0.824831,0.663476,1.185612,1.785599,-3.467425,0.63424,-6388500,-6.290957,-1118565936.382114,-3.40341,49.512138,1.119686,-1.089466,101.266335,0.036018,1.48565,0.81454,0.824831,0.971243
02-14-25,35.099998,35.099998,34.959999,34.526661,351100,34.447674,33.947373,31.758034,0.051983,0.02544,0.026943,TRUE,TRUE,2.189339,0.018696,12.799938,21.773352,56.315107,-0.199043,0.195721,-0.021127,4.544454,12.061113,24.76812,55.291942,1.597916,1.991328,16.15602,0.664666,0.810218,0.658198,1.108821,1.679537,-3.467425,1.028578,-6739600,21.825121,-1121090546.284021,-3.582971,50.717331,1.941575,-0.542344,101.892973,0.045114,1.842988,0.811294,0.810218,0.488899
02-18-25,35.060001,35.169998,35.040001,34.709316,320500,34.461744,33.962532,31.788528,0.051572,0.025056,0.026966,TRUE,TRUE,2.174003,0.018349,11.562039,21.379257,59.544609,4.105042,0.202117,-0.011784,5.756159,12.582572,24.644507,63.94859,0.817334,1.973453,17.168509,0.667069,0.808854,0.660539,1.067127,1.871487,-3.467425,0.946111,-6419100,-13.913511,-1123041610.489667,-3.840441,50.871609,1.841295,-0.677217,101.7514,0.044486,1.817023,0.812735,0.808854,1.442014
02-19-25,35.130001,35.189999,34.98,34.714252,316600,34.488402,33.978279,31.818223,0.050917,0.024698,0.026988,TRUE,TRUE,2.160056,0.018288,11.741049,21.158363,59.631463,1.451383,0.205219,-0.006946,5.771199,11.85454,24.662234,64.182534,1.55979,1.954367,16.714727,0.662596,0.837651,0.666991,1.023366,1.615893,-3.467425,0.949553,-6102500,-25.206709,-1124159504.673137,-3.871826,43.243144,2.259621,-0.884614,101.974349,0.054516,2.263334,0.816695,0.837651,1.351209
02-20-25,35.119999,35.150002,34.889999,34.551342,499100,34.499015,33.985676,31.845698,0.049787,0.024347,0.02701,TRUE,TRUE,2.139978,0.018117,-13.31846,21.173255,55.403836,-0.91127,0.192315,-0.01588,5.2434,11.786902,24.1634,56.461661,0.618167,1.840303,16.387324,0.664654,0.839213,0.668725,0.727456,1.247217,-3.467425,1.441402,-6601600,105.984317,-1125958777.820823,-3.725111,35.386593,2.237185,-0.906631,101.913376,0.048984,2.032658,0.817756,0.839213,0.319312
02-21-25,35.060001,35.060001,34.599998,34.21072,429700,34.48544,33.987826,31.87016,0.047862,0.023991,0.027029,TRUE,TRUE,2.117666,0.01748,-19.665233,21.836773,47.77694,-11.767669,0.152841,-0.044283,4.174805,10.266779,23.067586,46.487452,-0.787394,1.833835,17.612508,0.677685,0.838413,0.685422,0.823742,0.723224,-3.467425,1.212677,-7031300,60.276016,-1127115746.861433,-3.662943,35.123085,2.492917,-0.629956,102.222927,0.044167,1.844613,0.827902,0.838413,-1.559798
02-24-25,34.810001,34.82,34.450001,34.151482,480900,34.469149,33.992319,31.893551,0.045009,0.023631,0.027048,TRUE,TRUE,2.098768,0.016977,-12.328714,22.753554,46.576095,-13.055368,0.115447,-0.065342,3.285913,10.703057,21.294027,-40.34054,-0.944997,1.617255,19.132981,0.675624,0.837299,0.687628,0.902371,0.461873,-3.467425,1.332834,-7512200,36.813656,-1128372637.489622,-3.366075,38.131199,3.050927,-0.47815,102.04592,0.034044,1.431213,0.829234,0.837299,-1.660314
02-25-25,34.610001,34.759998,34.41,34.230461,318700,34.470136,33.994081,31.917482,0.041431,0.023283,0.027065,TRUE,TRUE,2.076599,0.016451,0.48287,23.684584,48.436909,-6.966928,0.091134,-0.071724,3.066836,10.087861,21.158616,-23.017822,0.057704,1.648283,18.997254,0.675341,0.844173,0.698448,0.899197,0.632899,-3.467425,0.902232,-7193500,-32.220332,-1129018304.584990,-3.270563,28.949679,2.817345,-0.358378,101.974232,0.042184,1.805703,0.835732,0.844173,-1.26163
02-26-25,34.82,35.080002,34.689999,34.358814,276500,34.466681,34.001544,31.941667,0.037585,0.022957,0.02708,TRUE,TRUE,2.059877,0.016653,-5.370836,23.304523,51.399583,3.622643,0.081286,-0.065257,3.149127,10.813864,21.988535,-6.562268,-0.200741,1.675415,19.140392,0.665147,0.835865,0.709011,0.91971,0.395267,-3.467425,0.786371,-6917000,-10.488831,-1129764403.203885,-3.308797,30.649166,2.348868,0.188819,101.903456,0.029608,1.30996,0.842028,0.835865,-0.563554
02-27-25,34.970001,35.029999,34.560001,34.131729,337400,34.451871,34.005249,31.964717,0.033389,0.022648,0.027094,TRUE,TRUE,2.040533,0.016482,-18.309915,23.261559,46.327875,-0.248221,0.054529,-0.073612,1.957741,10.255108,20.767843,-35.675789,-0.860336,1.699886,20.550038,0.671128,0.841799,0.716228,1.011873,0.108302,-3.467425,0.966804,-7254400,-13.487179,-1130716696.198601,-3.259669,24.373506,1.944425,-0.042643,101.946761,0.032189,1.429271,0.846302,0.841799,-1.557865
02-28-25,34.549999,34.919998,34.400002,34.477291,442500,34.433605,34.015474,31.98964,0.029201,0.022362,0.027107,TRUE,TRUE,2.025835,0.01684,11.415541,23.585054,53.798734,5.361825,0.06051,-0.054104,3.201349,11.759178,22.15764,9.783527,-1.048471,1.741904,18.405914,0.683186,0.840534,0.726199,0.958352,0.50971,-3.467425,1.240225,-6811900,54.50419,-1131027654.427397,-3.16663,32.95256,2.349173,-0.316081,101.751384,0.030822,1.3687,0.852173,0.840534,0.237347
03-03-25,35.029999,35.189999,34.52,34.200844,472700,34.409909,34.020562,32.012599,0.024642,0.022094,0.027118,TRUE,TRUE,2.007963,0.016871,-15.740838,22.910292,48.038001,-3.361582,0.042454,-0.057728,1.363502,10.652906,20.641061,-25.20993,-1.366744,1.739938,18.187192,0.690851,0.821934,0.729312,1.027596,0.085849,-3.467425,1.309382,-7284600,21.735771,-1131950699.977284,-3.112315,35.407016,2.25772,0.707076,102.421818,0.03301,1.45788,0.853998,0.821934,-1.149521
03-04-25,34.240002,34.630001,33.959999,33.825661,639800,34.38029,34.032249,32.032567,0.01959,0.021825,0.027128,FALSE,TRUE,1.999683,0.016441,-27.200146,23.46525,41.537308,-4.790567,-0.002105,-0.08183,0.193365,8.80307,18.229238,-10.921823,-1.721177,1.804961,22.386604,0.704616,0.799756,0.73728,1.223113,-0.441821,-3.467425,1.831768,-7924400,-26.829826,-1132847065.470887,-3.379546,32.59328,3.263855,1.459884,103.225419,0.034186,1.502622,0.85865,0.799756,-2.477504
03-05-25,34.25,34.595001,34.200001,34.121861,308800,34.375353,34.052799,32.054258,0.014471,0.021555,0.027136,TRUE,TRUE,1.998541,0.016463,-12.000056,23.980569,47.569621,-6.229113,-0.013364,-0.074471,1.100061,11.27633,19.264531,13.15947,-0.288516,1.859709,22.861127,0.713624,0.799046,0.745536,1.289143,-0.084853,-3.467425,0.90299,-7615600,-32.116949,-1133278041.085825,-3.277492,37.689951,2.953161,1.732346,102.970493,0.037024,1.632678,0.863444,0.799046,-1.108837
03-06-25,34.349998,34.439999,33.924999,33.628201,583300,34.333639,34.059166,32.073093,0.008968,0.021259,0.027141,FALSE,TRUE,1.986073,0.016096,-32.038852,24.94864,40.136482,-7.901518,-0.061413,-0.098016,-0.650905,10.087135,18.258208,-23.46236,-2.420841,1.859965,28.180277,0.731246,0.813985,0.759342,1.534284,-0.877838,-3.485403,1.608438,-8198900,243.52179,-1134533662.990362,-3.223671,31.609154,2.293493,1.73321,102.595332,0.017005,0.75252,0.871402,0.813985,-2.503306
03-07-25,34.040001,34.419998,33.939999,33.944138,328700,34.305007,34.06813,32.093121,0.003382,0.020943,0.027146,FALSE,TRUE,1.97501,0.016145,-17.71789,25.847562,45.95673,4.419423,-0.073156,-0.087807,-0.021281,11.459924,19.045536,1.512913,-1.65904,1.905245,29.115161,0.7412,0.820423,0.762911,1.638506,-0.448865,-3.485403,0.898137,-7870200,25.410149,-1134856694.352766,-3.102023,37.419078,2.195143,2.074423,102.788244,0.023036,1.013254,0.873448,0.820423,-1.239454
03-10-25,34,34.169998,33.509998,33.262886,672400,34.256628,34.058768,32.110226,-0.002316,0.020581,0.027148,FALSE,TRUE,1.948542,0.014787,-38.201019,27.360653,37.492058,-10.077563,-0.135867,-0.120414,-1.957121,10.516476,15.90977,-14.709061,-2.826649,1.947844,37.305736,0.782454,0.84971,0.766449,1.983243,-0.929029,-4.533873,1.745292,-8542600,134.530869,-1136032604.448423,-2.977769,30.045824,1.734424,1.773486,102.109933,0.012927,0.542669,0.875471,0.84971,-2.663777
03-11-25,33.610001,33.775002,33.43,33.075298,506100,34.183566,34.047809,32.127073,-0.007974,0.020161,0.027148,FALSE,TRUE,1.920736,0.013523,-41.293704,28.87751,35.550339,-4.586144,-0.198415,-0.14637,-3.236333,8.763919,15.450519,-20.153542,-4.230984,1.96568,45.042063,0.780491,0.844824,0.764867,1.970748,-1.337832,-5.072259,1.278143,-9048700,73.262581,-1137579365.578454,-2.77286,29.231552,1.384241,2.310663,102.417468,0.013598,0.570343,0.874567,0.844824,-2.460517
03-12-25,33.82,33.82,33.419998,33.203651,350600,34.118897,34.047216,32.144076,-0.013292,0.019687,0.027145,FALSE,TRUE,1.90314,0.012264,-34.253511,30.0993,37.919471,-8.03726,-0.23492,-0.1463,-2.637646,8.871341,16.172903,-12.222977,-3.749273,2.024544,49.38048,0.780627,0.851011,0.768193,2.060682,-1.050513,-5.072259,0.869727,-8698100,68.882466,-1138309219.968200,-2.658623,35.605146,1.112737,1.386502,102.148365,0.004679,0.19763,0.876466,0.851011,-1.853456
03-13-25,33.610001,33.610001,33.310001,32.946945,337500,34.04386,34.041095,32.158827,-0.018591,0.019139,0.027141,FALSE,TRUE,1.882268,0.010561,-32.820684,31.404594,35.137491,-2.354567,-0.281322,-0.154162,-2.888362,7.308057,14.385043,-19.311527,-4.356556,2.018137,55.182872,0.786361,0.851789,0.773235,2.368756,-1.264193,-5.440639,0.824438,-9035600,58.898305,-1139463598.457067,-2.684837,36.233233,1.453618,1.832232,102.381888,0.001662,0.070468,0.879338,0.851789,-1.987781
03-14-25,33.619999,33.91,33.580002,33.47023,288000,33.987089,34.04465,32.177599,-0.023416,0.01855,0.027135,FALSE,TRUE,1.86705,0.009804,-15.789483,31.397405,44.134923,8.584584,-0.272727,-0.116453,-1.968579,7.948008,16.318875,8.522817,-3.281019,2.062084,54.939061,0.814142,0.864693,0.792282,2.481257,-0.723659,-5.440639,0.697261,-8747600,34.265734,-1139943201.171299,-2.587765,42.338696,1.434235,1.886221,102.360169,-0.001697,-0.072585,0.890102,0.864693,-0.940786
03-17-25,33.900002,34.150002,33.869999,33.647942,519900,33.943153,34.04386,32.198424,-0.027788,0.017936,0.027126,FALSE,TRUE,1.845436,0.009334,-13.199116,30.544965,46.832259,8.912788,-0.248709,-0.073948,-0.993655,7.943212,17.172635,17.97557,-2.545046,2.066319,53.900721,0.817236,0.860947,0.793017,2.55604,-0.530359,-5.440639,1.233496,-8227700,48.077471,-1141287719.334539,-2.395954,49.519436,0.616835,1.357191,102.054122,-0.004292,-0.183262,0.890515,0.860947,-0.547695
03-18-25,34.099998,34.099998,33.799999,33.445545,278100,33.879965,34.040404,32.218188,-0.032082,0.017299,0.027116,FALSE,TRUE,1.822216,0.007352,-20.352008,29.911866,44.213922,9.076431,-0.243202,-0.054753,-1.475627,6.825382,16.546275,7.209788,-3.641014,1.993934,51.813424,0.775127,0.855991,0.767903,2.676671,-0.055424,-5.440639,0.663145,-8505800,-13.229329,-1142222978.796919,-2.286954,44.910279,0.039966,1.257479,101.792668,-0.007008,-0.297922,0.8763,0.855991,-0.83843
03-19-25,33.990002,34.369999,33.959999,33.835533,180700,33.836029,34.047908,32.239126,-0.035708,0.016657,0.027105,FALSE,TRUE,1.808781,0.00575,-6.369438,28.431634,50.01314,5.878217,-0.205007,-0.013246,-0.384266,8.172235,16.376559,27.953858,-2.531293,2.024418,47.948049,0.786835,0.85363,0.774705,2.709298,0.486085,-5.440639,0.437986,-8325100,-42.924826,-1142513391.012329,-2.224336,49.213291,-0.788534,0.755935,101.461213,-0.010234,-0.434981,0.880173,0.85363,-0.001033
03-20-25,34.200001,34.349998,34.049999,33.687431,231400,33.792833,34.051264,32.259373,-0.038802,0.016003,0.027092,FALSE,TRUE,1.791892,0.004229,-17.738463,27.057132,47.973566,1.141307,-0.184559,0.005761,-0.763075,7.799721,16.681774,20.076091,-2.500368,1.975263,44.963261,0.785055,0.853748,0.770302,2.076518,0.120254,-5.440639,0.579681,-8556500,-53.636546,-1143304113.850980,-2.172594,43.179709,-1.114363,0.078299,101.096965,-0.017264,-0.728393,0.877669,0.853748,-0.234418
03-21-25,34.060001,34.110001,33.860001,33.677563,330700,33.766175,34.052844,32.279667,-0.04143,0.01533,0.027077,FALSE,TRUE,1.773177,0.002986,-12.500057,26.2823,47.833585,3.619663,-0.167223,0.018478,1.312462,6.470526,16.026087,27.845563,-1.558451,1.914305,43.923769,0.781904,0.851688,0.76723,1.917683,-0.078209,-5.440639,0.83884,-8887200,-23.03933,-1144117471.550565,-2.156293,35.654891,-1.086382,0.250138,101.334369,-0.014086,-0.592728,0.875916,0.851688,-0.201742
03-24-25,34.389999,34.445,34.32,33.993507,205100,33.758277,34.070024,32.300038,-0.043346,0.014655,0.027062,FALSE,TRUE,1.769986,0.00265,4.067047,24.500251,52.601923,2.588783,-0.126532,0.047335,2.71686,7.768832,16.532504,53.191136,-0.462569,1.916986,43.332474,0.786023,0.8387,0.773248,1.906251,0.001772,-5.440639,0.539106,-8682100,-57.350801,-1145393988.713650,-2.237032,42.764739,-1.815729,0.03472,100.820007,-0.025586,-1.08517,0.879345,0.8387,0.542851
03-25-25,34.470001,34.540001,34.419998,34.00338,256100,33.746922,34.090165,32.320458,-0.044339,0.013984,0.027045,FALSE,TRUE,1.769707,0.002132,-3.084901,22.927296,52.747269,4.773703,-0.092421,0.065157,2.082072,7.80013,16.403858,56.372253,-0.66339,1.869618,42.315702,0.78479,0.837847,0.77346,1.623314,0.119238,-5.440639,0.678743,-8426000,-19.642297,-1147428313.991799,-2.439607,42.162036,-1.802187,0.189931,100.770567,-0.022684,-0.964028,0.879466,0.837847,0.606057
03-26-25,34.349998,34.349998,33.93,33.651962,322300,33.71158,34.102883,32.339219,-0.044805,0.013319,0.027027,FALSE,TRUE,1.763665,0.000357,0.642484,22.377867,47.199007,-0.634578,-0.092677,0.051921,0.465814,6.606601,15.622966,27.80171,-2.057265,1.868977,39.814037,0.781727,0.835498,0.774692,1.620025,0.162488,-5.440639,0.84904,-8748300,16.564195,-1148177338.020864,-2.425276,44.467026,-2.0284,-0.218113,100.434749,-0.020676,-0.884571,0.880166,0.835498,-0.14974
03-27-25,34,34.150002,33.900002,33.666809,178600,33.688334,34.10721,32.357617,-0.044701,0.012652,0.027008,FALSE,TRUE,1.749593,-0.001385,-8.163128,21.935909,47.450497,-5.151427,-0.090636,0.043169,-0.190277,6.852555,15.828318,29.008768,-1.362134,1.805828,38.569628,0.781718,0.838518,0.77715,1.640821,0.157314,-5.440639,0.48054,-8569700,-47.065797,-1148689123.384633,-2.417826,38.797066,-2.357547,-0.178668,100.47906,-0.014723,-0.633334,0.881561,0.838518,-0.055808
03-28-25,33.93,33.93,33.439999,33.152061,572900,33.622072,34.098279,32.374217,-0.044684,0.011969,0.026987,FALSE,TRUE,1.724063,-0.003926,-3.430223,22.464706,40.286109,-12.461159,-0.129067,0.003791,-1.401408,4.150456,13.189014,-12.840648,-3.843775,1.797239,35.569012,0.806857,0.850618,0.793996,1.673701,-0.387887,-5.440639,1.514867,-9142600,29.468927,-1149935323.941266,-2.499791,39.661611,-2.069289,-0.620078,100.550118,-0.011373,-0.493014,0.891065,0.850618,-1.321406
03-31-25,33.259998,33.700001,33.099998,33.310444,395500,33.577552,34.084816,32.390591,-0.044456,0.011271,0.026964,FALSE,TRUE,1.694225,-0.00553,7.344576,23.516051,43.131285,-4.067723,-0.145072,-0.009771,0.232223,4.680227,13.805096,14.614239,-2.603444,1.80754,33.452946,0.794231,0.836143,0.795746,1.601811,-0.630063,-5.440639,1.056568,-8747100,-16.331711,-1150053387.808591,-2.418044,40.644219,-2.028462,-1.099406,100.176784,-0.024949,-1.10336,0.892046,0.836143,-0.79846
04-01-25,33.57,33.740002,33.389999,33.280743,264200,33.550307,34.061872,32.40764,-0.043834,0.010535,0.026939,FALSE,TRUE,1.654232,-0.007279,2.484433,24.356385,42.720211,-4.730285,-0.158327,-0.018421,0.083388,4.554721,13.365669,12.551657,-1.610961,1.741516,33.544791,0.793903,0.832181,0.790985,1.579017,-0.591673,-5.440639,0.743085,-9011300,-58.705846,-1150482533.197742,-2.480061,39.476847,-2.143415,-1.584245,99.666377,-0.031754,-1.388814,0.889374,0.832181,-0.803594
04-02-25,33.369999,33.91,33.349998,33.538124,235700,33.52112,34.049013,32.426655,-0.042459,0.009767,0.026912,FALSE,TRUE,1.622357,-0.008856,19.047888,24.559888,47.398751,7.112642,-0.146376,-0.005176,0.737754,6.015714,15.385586,30.425338,-1.71074,1.775625,30.731586,0.798009,0.827284,0.793697,1.39196,-0.176433,-5.440639,0.669812,-8775600,-23.67228,-1150559872.134806,-2.455573,45.889085,-2.014205,-1.234937,99.314228,-0.03052,-1.336661,0.890897,0.827284,0.055332
04-03-25,32.759998,33,32.189999,31.914675,1398800,33.435443,34.000525,32.436875,-0.041681,0.008895,0.026882,FALSE,FALSE,1.56365,-0.012997,-37.003467,26.334244,30.484965,-12.646319,-0.26485,-0.09892,-5.262368,0.790282,9.727029,-11.715898,-5.095502,1.952131,47.110219,1.013662,0.941559,0.839744,2.111184,-1.448551,-8.403306,3.562324,-10174400,139.807989,-1152909591.575130,-2.339899,31.39249,-3.437298,-2.445199,98.209469,-0.049783,-1.947498,0.916375,0.941559,-3.228108
04-04-25,31.530001,31.75,30.58,30.301121,1422300,33.253293,33.916903,32.438735,-0.042608,0.007847,0.026848,FALSE,FALSE,1.478167,-0.019561,-59.344454,29.113344,22.059428,-20.660783,-0.48337,-0.253952,-9.867248,-4.18696,4.913797,-7.042401,-10.732389,2.210463,83.092967,1.199234,0.985661,0.880902,3.584225,-2.391804,-13.034286,3.179425,-11596700,332.704594,-1155009925.440836,-2.252538,18.81979,-3.836768,-3.063611,97.622805,-0.06217,-2.384646,0.938564,0.985661,-3.552854
04-07-25,29.459999,31.18,27.540001,29.915054,1818300,33.085901,33.825658,32.43852,-0.045108,0.006625,0.026809,FALSE,FALSE,1.387138,-0.027361,-60.626747,32.659664,20.592893,-26.805858,-0.679865,-0.360357,-10.595523,-6.249692,2.544417,33.929334,-10.064766,3.00018,111.689848,1.197472,0.983923,0.88024,4.793758,-2.371676,-14.142316,3.603163,-13415000,170.419393,-1154455390.093678,-1.825339,15.484569,-3.505633,-2.955438,97.761769,-0.060645,-2.323131,0.938211,0.983923,-2.838975
04-08-25,31.17,31.23,29.530001,29.588385,1112300,32.911555,33.733211,32.437205,-0.049491,0.00522,0.026765,FALSE,FALSE,1.296006,-0.035751,-73.735165,35.865306,19.416632,-11.068334,-0.852124,-0.426094,-11.728089,-6.930637,1.289994,29.262624,-10.54235,3.220525,136.355499,1.203055,0.977635,0.879989,5.916454,-2.509074,-15.079874,2.07926,-14527300,119.7787,-1155491289.503073,-1.674168,23.813481,-2.597275,-2.32038,98.216063,-0.059027,-2.248315,0.938077,0.977635,-2.437137
04-09-25,29.559999,32.049999,29.530001,31.667192,1160100,32.834732,33.677996,32.446623,-0.054081,0.003742,0.026718,FALSE,FALSE,1.231373,-0.040511,-26.268561,37.47466,42.086773,20.027345,-0.811544,-0.308411,-5.748408,-0.758695,8.226784,58.959879,-4.62738,3.461481,138.927177,1.520315,1.077582,0.90256,6.189863,-0.773229,-15.079874,2.016075,-13367200,230.889903,-1154683645.374947,-1.422811,33.414853,-1.255156,-1.124413,99.959713,-0.022351,-0.747659,0.950032,1.077582,-0.840397
04-10-25,31.6,31.76,30.200001,30.538698,814000,32.71432,33.600212,32.450156,-0.059644,0.002155,0.026667,FALSE,FALSE,1.150056,-0.04631,-35.631115,38.969059,36.142524,15.549631,-0.860524,-0.285913,-7.834238,-5.081881,4.891329,42.838533,-7.30947,3.855432,148.040968,1.57509,1.084325,0.909211,6.757556,-1.565952,-15.079874,1.358365,-14181200,141.185185,-1155144184.086190,-1.308351,31.962068,-1.896476,-1.890354,99.286994,-0.034855,-1.165857,0.953525,1.084325,-1.469608
04-11-25,30.5,31.41,30.5,31.033653,438200,32.592491,33.524033,32.45591,-0.065845,0.000495,0.026613,FALSE,FALSE,1.068123,-0.050884,-32.929908,40.356716,40.136147,20.719516,-0.849609,-0.219998,-5.948102,-3.690096,6.237586,49.909319,-7.279833,3.826755,151.478744,1.589744,1.064358,0.905521,7.149322,-1.355466,-15.079874,0.722197,-13743000,52.152778,-1155068434.861077,-1.246393,33.328825,-2.964212,-2.577814,98.533413,-0.054497,-1.770423,0.951589,1.064358,-1.02908
04-14-25,31.860001,31.879999,31.450001,31.330626,429700,32.476625,33.45715,32.462954,-0.072298,-0.001214,0.026555,FALSE,FALSE,0.994196,-0.054177,-28.815372,40.834542,42.461294,0.374521,-0.807685,-0.142459,-5.104892,-3.472619,8.22402,55.662643,-6.886947,3.858844,151.842838,1.587378,1.061597,0.905277,6.728467,-1.389007,-15.079874,0.713491,-13313300,-17.34949,-1155736719.637717,-1.199585,34.289783,-3.096888,-2.734946,98.406383,-0.059695,-1.939685,0.95146,1.061597,-0.754728
04-15-25,31.76,32.029999,31.74,31.5979,352300,32.384243,33.400747,32.470992,-0.078862,-0.002951,0.026494,FALSE,FALSE,0.929755,-0.056131,-22.347885,41.025781,44.54878,8.406256,-0.744313,-0.06327,-5.538268,-2.384055,10.03164,61.390304,-5.524338,3.889357,151.257071,1.581512,1.058585,0.912742,6.926006,-1.470159,-15.079874,0.581392,-12961000,26.68105,-1156434273.313322,-1.172626,37.646366,-3.52743,-2.65755,98.377665,-0.078384,-2.663483,0.955375,1.058585,-0.519872
04-16-25,31.75,31.82,31.200001,31.112844,326900,32.248109,33.338592,32.476947,-0.085816,-0.004742,0.02643,FALSE,FALSE,0.861645,-0.059141,-26.434419,41.547301,41.599157,1.46301,-0.724874,-0.035065,-7.398323,-4.172497,8.746403,55.91305,-8.046832,3.977993,149.75259,1.590157,1.065154,0.911058,6.919483,-1.598294,-15.079874,0.533044,-13287900,80.907582,-1156853081.191300,-1.169117,37.174626,-5.048241,-3.853072,96.920467,-0.080496,-2.69451,0.954493,1.065154,-0.758093
04-17-25,31.6,31.75,31.459999,31.251432,234700,32.126309,33.274371,32.482862,-0.092805,-0.006577,0.026363,FALSE,FALSE,0.791509,-0.061485,-20.46911,42.031569,42.765186,0.303892,-0.690328,-0.000415,-8.039749,-4.150445,9.6768,58.264241,-7.23118,3.993985,147.316526,1.59005,1.065059,0.912822,7.148786,-1.601183,-15.079874,0.3826,-13053200,1.426102,-1157425370.445727,-1.150999,40.815612,-5.164051,-3.652889,96.927996,-0.088086,-2.978485,0.955417,1.065059,-0.593875
04-21-25,31.43,31.5,30.879999,30.796074,402700,31.982234,33.199957,32.485329,-0.099766,-0.008476,0.026292,FALSE,FALSE,0.714628,-0.064162,-26.239654,42.835543,39.943256,-4.605524,-0.69172,-0.001446,-10.549143,-5.998848,8.299821,51.115754,-8.556108,4.05768,145.425128,1.597224,1.069056,0.910758,7.47308,-1.904411,-15.079874,0.652637,-13455900,21.771999,-1157937091.901524,-1.119841,40.902923,-6.785921,-4.404598,96.14407,-0.096793,-3.220281,0.954336,1.069056,-0.81565
04-22-25,31.41,31.799999,31.41,31.390018,287400,31.85206,33.143148,32.490472,-0.106029,-0.010409,0.026218,FALSE,FALSE,0.652676,-0.065669,-18.634118,43.02636,45.037712,3.438555,-0.637548,0.042181,-8.165567,-3.754302,10.766189,60.439846,-7.658783,4.111601,137.933396,1.620085,1.074747,0.912092,7.663883,-1.560234,-15.079874,0.46269,-13168500,40.126767,-1158253941.433978,-1.035173,40.943141,-5.267392,-4.069671,96.568869,-0.087724,-2.899113,0.955035,1.074747,-0.334974
04-23-25,32.34,32.470001,32.07,31.835478,478700,31.743665,33.089127,32.497989,-0.111153,-0.012345,0.026141,FALSE,FALSE,0.591138,-0.066726,-16.475123,42.072811,48.561967,5.796781,-0.552305,0.10194,-7.290796,-2.18285,11.726506,78.671752,-6.375549,4.155198,128.32071,1.630329,1.078659,0.910133,3.533247,-1.194658,-15.079874,0.757101,-12689800,86.919172,-1159293967.378589,-0.938323,42.275978,-4.944243,-3.229159,97.360696,-0.064919,-2.108606,0.954009,1.078659,0.07155
04-24-25,32.200001,32.610001,32.16,32.271038,270200,31.674619,33.044607,32.507587,-0.11481,-0.014271,0.026062,FALSE,FALSE,0.53702,-0.066568,3.89606,40.966028,51.815355,11.872099,-0.444479,0.167813,-6.412558,-0.09292,12.337752,93.314348,-4.103547,3.972154,121.019712,1.63871,1.081076,0.91041,4.412289,-1.070162,-15.079874,0.42911,-12419600,-16.165064,-1159430823.054425,-0.893595,50.503664,-4.475264,-2.636054,97.695858,-0.060728,-1.965423,0.954154,1.081076,0.492828
04-25-25,32.599998,32.73,32.459999,32.389832,254600,31.61077,33.00345,32.518217,-0.116682,-0.016178,0.025982,FALSE,FALSE,0.485233,-0.066096,27.296271,39.743169,52.694166,7.656454,-0.345458,0.213467,-6.054593,0.001955,12.713233,93.445702,-3.792987,3.764467,113.062947,1.639759,1.081608,0.909632,4.389367,-1.010082,-15.079874,0.40191,-12165000,42.553191,-1159817753.615750,-0.87838,60.676145,-3.965255,-2.623794,98.055488,-0.0504,-1.6231,0.953747,1.081608,0.689051
04-28-25,32.779999,32.830002,32.580002,32.419525,331200,31.574143,32.959727,32.527239,-0.117,-0.018059,0.0259,FALSE,FALSE,0.432489,-0.06476,34.328381,38.43957,52.925282,4.363315,-0.261572,0.237882,-5.235771,0.033122,13.39041,87.561317,-2.209625,3.056014,108.917669,1.631157,1.08151,0.908109,3.956325,-1.195908,-15.079874,0.532999,-11833800,-42.188864,-1160574152.639187,-0.856051,77.780285,-3.741046,-3.418136,97.729724,-0.053935,-1.731561,0.952948,1.08151,0.776166
04-29-25,32.77,32.990002,32.720001,32.59771,297600,31.538506,32.921148,32.536809,-0.11545,-0.019904,0.025816,FALSE,TRUE,0.384339,-0.06328,42.10529,36.953974,54.366051,2.550696,-0.178655,0.25664,-5.316078,0.068834,13.131276,88.662084,-2.139672,2.791807,103.992307,1.632575,1.08722,0.910745,3.633561,-1.027729,-15.079874,0.482729,-11536200,-24.753477,-1161141337.143065,-0.899273,75.027338,-3.652423,-3.236108,97.878247,-0.061583,-2.004325,0.954329,1.08722,1.01854
04-30-25,32.669998,32.869999,32.369999,32.47892,284400,31.498415,32.876541,32.544858,-0.111837,-0.021717,0.025731,FALSE,FALSE,0.331682,-0.062316,15.648893,35.983304,53.197122,0.502956,-0.121131,0.251331,-5.661117,-0.265836,12.34102,81.681666,-2.409269,2.357774,98.312616,1.630757,1.09401,0.91338,3.553902,-0.967888,-15.079874,0.460563,-11820600,7.645723,-1161301828.555419,-0.876049,65.349641,-3.537389,-3.464015,97.753528,-0.073233,-2.42218,0.955709,1.09401,0.997334
05-01-25,33.02,33.209999,32.900002,32.647205,320700,31.453869,32.8352,32.55326,-0.106236,-0.023486,0.025645,FALSE,TRUE,0.28194,-0.061302,49.882881,34.484769,54.683632,1.75835,-0.061258,0.248963,-6.300907,0.674811,13.877814,79.232697,-2.656436,2.164262,90.27392,1.631286,1.093679,0.912124,3.243371,-0.790487,-15.079874,0.515798,-11499900,36.062792,-1162145576.111532,-0.931694,78.693797,-2.960856,-2.689911,98.260026,-0.057402,-1.884348,0.955052,1.093679,1.321906
05-02-25,33.330002,33.459999,33.200001,33.087711,385100,31.512521,32.805927,32.562693,-0.09804,-0.025195,0.025558,TRUE,TRUE,0.243234,-0.059069,49.228872,32.674882,58.40755,4.041498,0.02149,0.265369,-4.576953,3.249368,15.649008,85.570242,3.67554,2.114464,96.986492,1.638533,1.100724,0.913182,4.013235,-0.683256,-15.079874,0.674348,-11114800,-72.469259,-1162863314.097359,-0.871498,78.583858,-3.105489,-2.522305,98.673168,-0.043604,-1.433723,0.955606,1.100724,1.624134
05-05-25,33.349998,33.48,33.279999,32.993675,341500,31.647149,32.781586,32.572973,-0.087906,-0.026843,0.02547,TRUE,TRUE,0.208613,-0.056821,41.895379,30.960211,57.324587,4.127466,0.078574,0.257962,-4.138471,2.39264,14.659804,81.295222,8.88599,2.02219,97.968729,1.638556,1.100862,0.913801,3.754667,-0.754579,-15.079874,0.660503,-11456300,-75.989594,-1164182605.281627,-0.887055,78.26363,-3.632289,-2.815171,98.651052,-0.048046,-1.585434,0.955929,1.100862,1.374445
05-06-25,33.200001,33.299999,33.080002,32.80064,306800,31.791428,32.754569,32.583314,-0.075939,-0.028428,0.025381,TRUE,TRUE,0.171255,-0.055291,30.876767,29.661153,55.067411,0.383779,0.107004,0.229114,-4.149409,2.228606,12.885984,73.870795,9.645932,1.948498,92.195497,1.636918,1.100226,0.913726,3.564152,-0.715823,-15.079874,0.694975,-11763100,-83.127097,-1165268579.715919,-1.224722,71.173395,-3.589344,-2.757305,98.25444,-0.047683,-1.574332,0.95589,1.100226,1.094644
05-07-25,33.220001,33.400002,33.099998,32.973873,228900,31.960702,32.729437,32.5954,-0.06236,-0.029948,0.025292,TRUE,TRUE,0.134037,-0.052879,51.93374,28.26458,56.714606,-1.692944,0.141878,0.21119,-4.319507,2.082969,12.468936,80.533603,11.441951,1.933791,79.873976,1.633989,1.098947,0.913154,3.188584,-0.776371,-15.079874,0.576161,-11534200,-79.42102,-1165689945.020328,-1.283544,77.77974,-3.385172,-3.048227,98.076871,-0.0512,-1.687897,0.955591,1.098947,1.268462
05-08-25,33.5,33.830002,33.450001,33.280743,258700,32.04138,32.707876,32.607165,-0.047411,-0.03138,0.025202,TRUE,TRUE,0.100711,-0.049943,54.089711,26.299171,59.543882,2.219295,0.192064,0.209101,-3.580988,1.252327,12.918179,81.381061,5.095337,1.962957,84.753202,1.639006,1.100969,0.912391,3.246877,-0.605307,-15.079874,0.734495,-11275500,-77.700198,-1166179102.662250,-1.631881,77.976271,-3.188838,-3.18801,98.552061,-0.040028,-1.309807,0.955191,1.100969,1.46232
05-09-25,33.779999,33.799999,33.619999,33.350037,237300,32.181947,32.692242,32.619594,-0.031163,-0.032715,0.025111,TRUE,TRUE,0.072648,-0.04691,75.882416,24.474148,60.176871,5.10946,0.234722,0.201407,-2.57205,0.862065,13.265052,80.166743,9.205823,1.937302,81.780352,1.639283,1.102157,0.913195,2.723568,-0.548506,-15.079874,0.733812,-11038200,-70.847666,-1167128202.081569,-1.852931,86.174735,-2.799571,-3.044763,98.526694,-0.045979,-1.511245,0.955612,1.102157,1.428326
05-12-25,34.5,34.5,34.220001,34.07267,409700,32.333898,32.68415,32.637614,-0.013866,-0.033918,0.025021,TRUE,TRUE,0.046536,-0.042363,76.770604,23.892197,66.128703,9.414098,0.323114,0.23184,-1.343109,3.078098,15.415267,82.414405,9.792649,1.926829,87.364104,1.662768,1.112339,0.907156,4.050985,-0.268949,-15.079874,1.272538,-10628500,-6.50388,-1167969058.305002,-2.003482,86.64799,-1.626365,-1.967268,99.755881,-0.02249,-0.704648,0.952447,1.112339,1.99026
05-13-25,34.52,34.610001,34.470001,34.161766,353700,32.475455,32.683368,32.656616,0.004012,-0.034982,0.02493,TRUE,TRUE,0.026752,-0.037775,74.132594,23.506457,66.787784,7.243901,0.395793,0.243615,-0.971891,3.133732,15.717065,81.704718,9.036336,1.808341,93.006805,1.662892,1.117677,0.910517,3.876097,-0.191009,-15.079874,1.111722,-10274800,-17.686758,-1169880233.367672,-2.22274,86.346822,-1.410102,-1.930246,99.760289,-0.034846,-1.112052,0.95421,1.117677,1.813105
05-14-25,34.560001,34.59,34.470001,34.211262,245000,32.606123,32.69108,32.674059,0.022299,-0.035872,0.024839,TRUE,TRUE,0.017021,-0.032776,70.503711,23.14827,67.169967,6.993096,0.452173,0.239996,-0.686304,3.804933,15.999014,82.199171,8.27068,1.733424,98.239629,1.661543,1.11805,0.910278,3.703443,-0.252333,-15.079874,0.783273,-10029800,-30.456997,-1171181762.280156,-2.357411,86.317333,-1.899118,-0.886427,99.547477,-0.035484,-1.131803,0.954085,1.11805,1.633902
05-15-25,34.560001,34.810001,34.560001,34.409241,257600,32.770942,32.696828,32.692687,0.040458,-0.036568,0.024749,TRUE,TRUE,0.004141,-0.027416,71.328709,23.145301,68.720461,2.591758,0.506986,0.235847,-0.567559,4.188913,16.211871,83.5754,10.594969,1.752467,99.511942,1.663283,1.115573,0.909943,3.889684,-0.162279,-15.079874,0.832781,-9772200,-21.199143,-1171750049.828984,-2.40798,86.377831,-2.059892,-1.022034,99.21103,-0.046923,-1.492323,0.953909,1.115573,1.646333
05-16-25,34.810001,34.970001,34.720001,34.607224,222200,32.938732,32.716408,32.712403,0.058305,-0.037073,0.024658,TRUE,TRUE,0.004006,-0.021991,72.937376,23.375759,70.234394,3.446611,0.559946,0.231045,0.233334,4.788392,16.006863,86.047023,10.738039,1.767331,100.825386,1.663767,1.116281,0.909305,4.033125,0.003893,-15.079874,0.719793,-9550000,-5.325948,-1172172723.486211,-2.388622,86.077274,-2.379781,-0.495618,99.529893,-0.041874,-1.326675,0.953575,1.116281,1.654833
05-20-25,34.990002,35.040001,34.860001,34.607224,406500,33.12929,32.72967,32.730409,0.075377,-0.037396,0.024568,TRUE,TRUE,-0.000739,-0.017146,71.228146,23.692905,70.234394,3.064428,0.595058,0.212926,-0.294136,5.445091,16.195674,83.79112,12.37544,1.73891,93.980899,1.658562,1.121714,0.910017,3.722599,0.161168,-15.079874,1.316002,-9550000,0.94363,-1173720931.450438,-2.554929,86.504125,-2.457088,-0.7174,99.30421,-0.054011,-1.723357,0.953948,1.121714,1.57259
05-21-25,34.709999,34.830002,34.41,34.132069,336000,33.266392,32.747054,32.748286,0.090628,-0.037572,0.024478,TRUE,TRUE,-0.001233,-0.013203,52.025057,22.895921,61.895939,-6.824523,0.577882,0.1566,-1.677074,3.997337,14.302663,57.573246,8.735421,1.746376,87.015237,1.668291,1.123352,0.910936,3.360192,-0.030055,-15.079874,1.079275,-9886000,16.91023,-1174501619.291602,-2.609482,85.134181,-3.017612,-0.901853,98.937864,-0.055267,-1.762149,0.95443,1.123352,0.994856
05-22-25,34.5,34.599998,34.389999,34.092472,250500,33.379242,32.767397,32.769042,0.103653,-0.037601,0.024388,TRUE,TRUE,-0.001645,-0.009189,47.402703,22.110129,61.243406,-8.990988,0.55468,0.106719,-1.328081,3.845682,13.874279,51.656669,7.089557,1.693271,81.970243,1.668123,1.123175,0.910502,3.026176,-0.085137,-15.079874,0.835251,-10136500,-47.670775,-1175461937.547732,-2.69547,78.962442,-3.273331,-1.164261,98.641069,-0.05885,-1.872031,0.954202,1.123175,0.870109
05-23-25,34.049999,34.220001,34,33.795498,321200,33.455465,32.779234,32.791584,0.114216,-0.037481,0.024298,TRUE,TRUE,-0.012349,-0.005437,24.361237,20.534235,56.437721,-13.796674,0.506491,0.046824,-1.213719,2.910415,13.249066,36.504918,4.723926,1.58286,78.1203,1.671217,1.12417,0.907705,2.858963,-0.282246,-15.079874,1.061959,-10457700,18.874907,-1176380280.383077,-2.801934,71.007407,-4.407475,-2.018945,97.856916,-0.069906,-2.18573,0.952736,1.12417,0.435269
05-26-25,34.599998,34.669998,34.459999,34.320148,159700,33.551981,32.806698,32.81753,0.122473,-0.037189,0.024209,TRUE,TRUE,-0.010832,-0.001179,39.76245,19.900876,62.096372,0.200433,0.504817,0.03612,0.493879,3.79602,15.532673,63.272817,5.959639,1.659023,76.161469,1.68109,1.129934,0.905362,2.582647,0.067756,-15.079874,0.536419,-10298000,-37.274156,-1176752687.438481,-2.844152,69.764599,-3.466028,-0.408178,98.643704,-0.060528,-1.857937,0.951505,1.129934,1.008604
05-27-25,34.700001,34.880001,34.560001,34.52803,204200,33.657406,32.827854,32.841635,0.128738,-0.036721,0.02412,TRUE,TRUE,-0.013781,0.003995,51.55094,19.663419,64.086979,2.843573,0.514335,0.03651,0.869311,3.962808,15.854361,73.6098,6.503813,1.701483,74.22941,1.67785,1.131375,0.905203,2.174237,0.003752,-15.079874,0.700839,-10093800,-38.345411,-1176997690.437790,-2.818379,76.674842,-3.594397,-0.761529,98.465493,-0.05952,-1.828993,0.951421,1.131375,1.172884
05-28-25,34.849998,34.889999,34.689999,34.369648,241800,33.746003,32.842288,32.864411,0.132573,-0.036103,0.024032,TRUE,TRUE,-0.022122,0.008439,41.839887,19.459856,61.43953,5.001809,0.503297,0.020377,0.031531,3.181651,14.577469,57.839442,5.435776,1.659987,71.437697,1.675598,1.143598,0.908864,1.780413,0.057935,-15.079874,0.83791,-10335600,-18.75,-1178014095.347286,-2.923462,70.566579,-4.022155,-1.704733,97.964418,-0.08324,-2.612284,0.953344,1.143598,0.872992
05-29-25,34.98,34.98,34.59,34.389446,282800,33.841529,32.861166,32.887188,0.133821,-0.035334,0.023944,TRUE,TRUE,-0.026022,0.012269,36.363818,19.02305,61.652784,-0.443588,0.490492,0.006058,0.755066,2.72759,15.72819,54.186356,5.882358,1.607983,66.183039,1.669146,1.162165,0.914969,1.465864,0.241174,-15.079874,0.98026,-10052800,-0.562588,-1178587750.372913,-2.995879,70.812048,-3.771336,-1.812732,98.268499,-0.096986,-3.163201,0.95654,1.162165,0.827882
05-30-25,34.68,34.709999,34.369999,34.250854,277600,33.921712,32.869473,32.90727,0.131987,-0.034414,0.023858,TRUE,TRUE,-0.037797,0.016343,28.888873,18.085258,59.185253,-4.901726,0.463815,-0.016495,-0.65677,2.523553,16.171448,24.120603,4.912056,1.577106,60.414896,1.666473,1.165609,0.915239,1.1322,0.038554,-15.079874,0.969477,-10330400,-13.439351,-1179059906.147128,-2.95354,64.165493,-3.806725,-1.505421,97.996273,-0.094389,-3.08835,0.956681,1.165609,0.544804
06-02-25,34.57,34.790001,34.419998,34.41914,290200,33.988283,32.884107,32.927559,0.128319,-0.033338,0.023772,TRUE,TRUE,-0.043452,0.019849,13.513554,17.383146,61.215113,-0.224417,0.451052,-0.023406,0.638277,2.010482,16.703859,40.301874,4.023937,1.442635,58.029788,1.656314,1.161578,0.913035,1.064216,0.348375,-15.079874,1.030558,-10040200,-24.64295,-1179351452.519069,-2.927633,63.08293,-4.957337,-2.640877,97.61348,-0.099866,-3.245654,0.955529,1.161578,0.742475
06-03-25,34.759998,34.91,34.700001,34.518131,221100,34.064506,32.900918,32.946097,0.124143,-0.032107,0.023687,TRUE,TRUE,-0.045179,0.024009,13.846067,16.986495,62.399724,0.74694,0.44381,-0.024519,2.047175,2.244499,16.427135,49.820269,4.620449,1.428881,54.160887,1.652529,1.159601,0.91125,1.009427,0.244803,-15.079874,0.802322,-9819100,-35.256223,-1179955519.407352,-2.861819,61.789294,-5.449433,-1.951437,97.992509,-0.094037,-3.032253,0.954594,1.159601,0.837552
06-04-25,34.889999,34.939999,34.794998,34.488434,209500,34.148895,32.910817,32.964389,0.119815,-0.030699,0.023603,TRUE,TRUE,-0.053572,0.026934,10.852612,16.683547,61.789994,2.604741,0.430709,-0.030096,1.074306,2.186185,16.365027,46.964751,5.145612,1.428793,45.959877,1.630635,1.152259,0.90809,0.96636,0.559768,-15.079874,0.773891,-10028600,-31.714472,-1181050881.815603,-2.914983,61.442182,-4.772392,-1.699068,98.327783,-0.079011,-2.537164,0.952938,1.152259,0.738771
06-05-25,34.889999,34.939999,34.66,34.369648,327700,34.218684,32.918142,32.981061,0.115612,-0.029114,0.02352,TRUE,TRUE,-0.062919,0.029278,-1.599853,16.01653,59.294262,-1.920851,0.406061,-0.043795,2.204838,1.539582,16.040157,35.543044,4.232972,1.403145,36.878423,1.629427,1.157456,0.90924,0.971667,0.59583,-15.079874,1.188826,-10356300,43.162953,-1182058215.543123,-2.969031,53.409891,-4.804382,-2.318862,97.98912,-0.092678,-2.997059,0.953541,1.157456,0.409355
06-06-25,35,35.049999,34.919998,34.661671,271100,34.287731,32.938336,32.999828,0.110274,-0.027337,0.023437,TRUE,TRUE,-0.061492,0.032246,2.119546,15.664088,63.226595,0.826871,0.405417,-0.035551,2.113865,2.092134,15.850525,63.016301,4.149331,1.415968,30.823683,1.632008,1.159899,0.908454,1.094534,0.669719,-15.079874,0.981286,-10085200,4.793197,-1183406731.013061,-3.117897,54.023476,-4.500314,-2.159023,98.449427,-0.080039,-2.573106,0.953128,1.159899,1.213158
06-09-25,35.060001,35.099998,34.970001,34.64682,348900,34.35257,32.957937,33.017935,0.104703,-0.025392,0.023354,TRUE,TRUE,-0.059999,0.034673,1.532574,15.459787,62.893847,1.103853,0.399108,-0.033488,4.160595,2.122046,15.80089,58.801906,3.888402,1.417719,22.603933,1.62822,1.163116,0.908318,1.093789,0.789943,-15.079874,1.237892,-10434100,47.029077,-1185490404.650011,-3.257442,53.319195,-3.566317,-1.628078,98.729567,-0.08137,-2.620063,0.953057,1.163116,1.301766
06-10-25,35.099998,35.139999,34.970001,34.76561,262900,34.387217,32.990208,33.037515,0.098763,-0.023283,0.023272,TRUE,TRUE,-0.047308,0.038088,28.444371,15.372267,64.503102,5.20884,0.399093,-0.026803,5.110495,1.70877,16.27327,67.158785,2.033711,1.42791,23.385012,1.616784,1.166176,0.907232,1.251952,0.591728,-15.079874,0.957706,-10171200,-35.831096,-1186385482.282181,-3.354418,61.557312,-3.854841,-2.221742,98.79427,-0.076694,-2.472346,0.952487,1.166176,1.6181
06-11-25,35.200001,35.235001,35.029999,34.726017,347300,34.415429,33.018519,33.055677,0.092373,-0.021033,0.02319,TRUE,TRUE,-0.037158,0.041667,28.444591,15.53772,63.514383,0.287789,0.391374,-0.027617,4.584934,1.826354,15.802911,58.786772,1.651703,1.429838,23.919495,1.615853,1.167313,0.906322,1.140408,0.486485,-15.079874,1.26664,-10518500,-1.809443,-1187762752.326840,-3.260972,69.194472,-4.109195,-2.791329,98.286634,-0.079216,-2.542691,0.95201,1.167313,1.298471
06-12-25,35.060001,35.119999,34.974998,34.76561,276100,34.443147,33.048216,33.074475,0.085525,-0.018668,0.023108,TRUE,TRUE,-0.026259,0.044909,49.246419,15.485444,64.106883,1.213036,0.384025,-0.027973,5.519979,2.472181,16.537789,45.735265,1.620367,1.463956,24.630396,1.613486,1.166733,0.906128,0.862757,0.604529,-15.079874,1.001287,-10242400,12.693878,-1188836259.866763,-3.201236,69.875134,-4.491278,-2.76241,98.202084,-0.077844,-2.499734,0.951908,1.166733,1.309208
06-13-25,34.900002,34.950001,34.68,34.369648,585800,34.441167,33.064847,33.091538,0.078489,-0.016197,0.023027,TRUE,TRUE,-0.026691,0.048088,2.688402,14.420473,54.563717,-9.939385,0.342305,-0.055755,2.687217,0.665738,14.429526,-0.040572,-0.115064,1.355191,24.674952,1.614565,1.176659,0.905658,0.848372,0.226412,-15.079874,2.0051,-10828200,127.406832,-1190768756.785340,-3.2549,58.875586,-5.148471,-3.500502,97.47312,-0.080396,-2.5735,0.951661,1.176659,-0.289845
06-16-25,34.939999,35.049999,34.869999,34.567623,324600,34.439187,33.117906,33.110128,0.071562,-0.013626,0.022946,TRUE,TRUE,0.007778,0.051312,2.161981,13.739,57.9354,-5.578984,0.32151,-0.06124,2.733248,1.712434,15.723683,22.846685,-0.114428,1.372329,24.550262,1.614797,1.176749,0.90558,0.842344,0.392474,-15.079874,1.091918,-10503600,46.084608,-1192183923.631439,-3.365772,60.048127,-4.533984,-3.82727,97.740486,-0.07096,-2.27019,0.95162,1.176749,0.523156
06-17-25,34.869999,34.880001,34.740002,34.429039,296100,34.430278,33.200464,33.127732,0.06526,-0.01098,0.022865,TRUE,TRUE,0.072732,0.054243,3.278519,12.837154,54.866126,-9.240757,0.290498,-0.073801,2.940582,1.421564,15.785868,6.825428,-0.514877,1.367565,24.229587,1.615841,1.178265,0.906498,0.826942,0.331373,-15.079874,1.014893,-10799700,-27.158672,-1193795401.489749,-3.440296,59.292048,-4.457119,-4.348426,97.568164,-0.078073,-2.508363,0.952102,1.178265,-0.005113
06-18-25,34.91,35.049999,34.849998,34.57753,232500,34.452551,33.293714,33.145175,0.059485,-0.00827,0.022784,TRUE,TRUE,0.148538,0.05791,9.693973,12.378618,57.466263,2.902546,0.274736,-0.07165,2.192951,1.800259,15.756849,23.991974,1.305111,1.363883,23.376451,1.612438,1.187748,0.908139,0.788108,0.248906,-15.079874,0.811292,-10567200,-30.803571,-1194661388.491218,-3.517302,58.82525,-3.674241,-4.494921,97.939886,-0.059775,-1.941632,0.952963,1.187748,0.534636
06-19-25,34.799999,34.880001,34.77,34.52803,227100,34.474329,33.392507,33.164495,0.054019,-0.005503,0.022703,TRUE,TRUE,0.228011,0.061481,14.973416,11.676364,56.301863,-1.633537,0.255307,-0.072863,2.49529,1.713174,15.366458,13.255448,1.277579,1.358075,21.822562,1.612613,1.187309,0.908006,0.705605,0.220627,-15.079874,0.795697,-10794300,-9.341317,-1195887599.331834,-3.578302,59.496425,-3.243312,-4.396874,97.996026,-0.057096,-1.8531,0.952893,1.187309,0.246083
06-20-25,35.080002,35.080002,34.799999,34.488434,325100,34.508976,33.448931,33.184203,0.048605,-0.002705,0.022622,TRUE,TRUE,0.264728,0.064363,4.023033,11.645131,55.33595,0.469825,0.234017,-0.075323,2.407749,3.751812,15.122295,-29.837527,2.050379,1.36229,14.871476,1.606615,1.186157,0.907453,0.687269,0.372757,-15.079874,1.138285,-11119400,1.214197,-1196936191.995422,-3.598661,59.848003,-3.557021,-4.754888,97.932782,-0.054588,-1.772987,0.952604,1.186157,-0.138129
06-23-25,34.919998,35.119999,34.830002,34.76561,389300,34.531249,33.53347,33.20576,0.043448,0.000123,0.022541,TRUE,TRUE,0.327709,0.067677,13.020964,11.735621,60.450827,2.984564,0.236781,-0.058047,2.271323,5.049892,16.462084,18.366914,1.297958,1.380338,15.226174,1.609529,1.18738,0.907298,0.660412,0.496939,-15.079874,1.310399,-10730100,143.769568,-1197498375.382907,-3.491541,61.389741,-2.673952,-4.65212,98.251165,-0.05148,-1.667621,0.952522,1.18738,1.539199
06-24-25,35.290001,35.490002,35.23,35.10218,280900,34.559956,33.61484,33.230783,0.038894,0.002963,0.02246,TRUE,TRUE,0.384057,0.07061,27.802931,12.802995,65.602099,9.300237,0.263097,-0.025385,3.231445,5.380798,17.857519,53.274658,1.662852,1.428663,19.867449,1.599836,1.196598,0.906505,1.459869,0.912905,-15.079874,0.933471,-10449200,37.561214,-1198055460.608412,-3.498898,62.037981,-2.20837,-4.154572,98.659992,-0.05362,-1.740036,0.952106,1.196598,2.72921
06-25-25,35.400002,35.400002,35.049999,34.979496,376200,34.590449,33.687818,33.25363,0.034817,0.005801,0.022379,TRUE,TRUE,0.434188,0.073501,27.577617,13.102058,62.411029,7.075078,0.27093,-0.014042,3.944892,4.429082,17.254757,36.974715,1.77438,1.412934,21.412739,1.600159,1.195875,0.906331,1.352358,0.77594,-15.079874,1.222858,-10825400,55.583127,-1198583221.428458,-3.343051,61.308544,-1.502081,-3.647964,99.004067,-0.036456,-1.181699,0.952014,1.195875,1.816897
06-26-25,35.119999,35.220001,35.029999,35.119133,271500,34.626933,33.758242,33.276735,0.0315,0.008645,0.022298,TRUE,TRUE,0.481507,0.076479,22.217673,13.303973,64.526092,4.075265,0.285118,0.000117,4.313815,4.11533,17.522783,54.21382,2.121833,1.317857,23.881763,1.600453,1.19549,0.907512,1.351732,0.85653,-15.079874,0.884149,-10553900,-3.995757,-1198599988.493989,-3.258526,55.315842,-1.845644,-4.344891,98.732173,-0.033319,-1.086699,0.952634,1.19549,2.060987
06-27-25,35.290001,35.529999,35.290001,35.398415,302900,34.684311,33.843954,33.300211,0.029088,0.011504,0.022217,TRUE,TRUE,0.543742,0.080248,32.34845,14.281001,68.360662,2.758563,0.315264,0.024211,6.775908,5.279542,18.302728,84.519482,3.350457,1.301918,27.829818,1.600611,1.199219,0.903443,1.989336,0.860061,-15.079874,0.982357,-10251000,9.113833,-1198629231.819799,-3.173336,54.902398,-0.974034,-3.190042,99.641169,-0.008294,-0.26473,0.950496,1.199219,2.565966
06-30-25,35.490002,35.514999,35.375,35.378468,361300,34.732277,33.926494,33.322074,0.027265,0.014352,0.022137,TRUE,TRUE,0.60442,0.081129,27.549244,15.188241,67.796974,5.385945,0.333699,0.034116,6.208334,6.454974,17.966558,82.172766,2.787193,1.231345,31.094677,1.463476,1.180165,0.881249,1.93117,1.805578,-15.079874,1.158403,-10612300,24.500345,-1198972634.179472,-3.145479,55.914461,-1.242692,-3.425181,99.018221,-0.012211,-0.384366,0.938749,1.180165,2.078138
07-02-25,35.5,35.549999,35.435001,35.438309,404600,34.778286,34.019339,33.343406,0.026184,0.017173,0.022057,TRUE,TRUE,0.675933,0.079182,31.730196,16.118949,68.63261,4.106518,0.349113,0.039624,6.482926,6.57172,18.436055,87.161993,2.66578,1.16923,34.392131,1.291896,1.200249,0.848397,1.955898,3.115436,-15.079874,1.260161,-10207700,82.99412,-1199353961.559556,-3.020905,56.509232,-0.595462,-2.891093,99.112133,-0.019647,-0.620045,0.921085,1.200249,1.919109
07-03-25,35.580002,35.759998,35.580002,35.657742,323700,34.836752,34.104693,33.365152,0.026197,0.019977,0.021978,TRUE,TRUE,0.739542,0.076654,36.793814,17.488615,71.54814,3.187477,0.374716,0.052181,6.320024,7.104404,18.588841,90.531763,3.390434,1.147554,38.854783,1.276588,1.212332,0.846552,2.39561,3.545184,-15.079874,0.990575,-9884000,54.51074,-1199398052.264229,-2.807266,62.86319,-0.294298,-2.443899,99.040081,-0.033572,-1.065729,0.920083,1.212332,2.11297
07-04-25,35.650002,35.950001,35.599998,35.707611,462100,34.90365,34.182136,33.387293,0.027234,0.022739,0.0219,TRUE,TRUE,0.794843,0.073335,64.36889,19.165481,72.180987,4.384013,0.394482,0.057559,11.884615,5.996835,17.836201,79.96778,3.892862,1.161954,41.796009,1.263646,1.240474,0.850724,2.306765,3.839411,-15.079874,1.385607,-9421900,41.013122,-1199575995.339509,-2.626354,74.598562,1.093283,-2.772477,99.178595,-0.052842,-1.718144,0.922347,1.240474,1.923536
07-07-25,35.689999,35.830002,35.525002,35.528076,619700,34.94697,34.247277,33.408684,0.02895,0.02544,0.021822,TRUE,TRUE,0.838593,0.072906,46.620622,20.360958,66.450579,-2.182031,0.391152,0.043383,17.25004,5.680687,17.017464,65.130173,2.499607,1.092362,43.606758,0.911313,1.124891,0.728942,2.147368,3.138097,-15.079874,1.765879,-10041600,128.587237,-1200183201.200379,-2.390287,63.342567,1.426985,-3.157682,98.825556,-0.043956,-1.4707,0.853781,1.124891,1.332606
07-08-25,35.689999,35.73,35.610001,35.587921,262600,34.994025,34.311239,33.428469,0.03137,0.028075,0.021745,TRUE,TRUE,0.88277,0.070447,58.487834,21.471045,67.380203,-4.167936,0.388859,0.032872,18.963251,6.358472,17.32778,69.315294,2.71627,1.068356,45.2443,0.766157,1.058917,0.607565,1.924425,5.02142,-15.079874,0.757613,-9779000,-24.734881,-1200542436.531148,-2.17129,69.155617,1.969656,-2.340405,99.407646,-0.011663,-0.385757,0.779465,1.058917,1.312643
07-09-25,35.799999,35.884998,35.75,35.787407,303300,35.045115,34.378596,33.449691,0.034103,0.030636,0.021668,TRUE,TRUE,0.928905,0.068873,59.529414,22.864723,70.33134,-1.849648,0.398544,0.034046,20.950864,6.765639,17.909529,86.220864,2.939103,0.997757,48.201695,0.746165,1.199216,0.617064,1.89766,4.780031,-15.079874,0.869964,-9475700,15.36706,-1200677652.674582,-2.049733,69.646347,1.851787,-1.458723,99.743155,-0.021606,-0.742825,0.785534,1.199216,1.539971
07-10-25,35.919998,35.990002,35.82,35.827301,334400,35.100179,34.443188,33.471113,0.037078,0.033119,0.021592,TRUE,TRUE,0.972076,0.067604,64.231402,24.389288,70.898371,4.447792,0.404773,0.03222,13.136967,6.633393,18.383787,86.327704,3.171351,0.976733,50.59549,0.740368,1.210826,0.607897,1.732524,4.515329,-15.079874,0.960947,-9141300,-3.714368,-1200983328.716319,-1.899563,74.783689,-0.677555,-2.067156,99.364638,-0.02624,-0.898496,0.779677,1.210826,1.437128
07-11-25,35.860001,35.919998,35.720001,35.697639,463100,35.146781,34.507563,33.491768,0.040127,0.035497,0.021517,TRUE,TRUE,1.015794,0.066326,57.230706,25.258134,66.452974,-0.927229,0.394697,0.017715,16.893128,7.735442,16.600829,74.796358,2.680896,0.909853,51.633348,0.739554,1.218834,0.608121,1.418971,4.085638,-15.079874,1.295965,-9604400,67.729084,-1201549987.585625,-1.77894,66.456912,0.040777,-2.178494,99.321641,-0.023758,-0.81464,0.779821,1.218834,1.066866
07-14-25,35.790001,35.93,35.75,35.81234,347300,35.218915,34.570865,33.513291,0.043118,0.037766,0.021442,TRUE,TRUE,1.057574,0.064185,53.667839,26.090686,68.343881,-1.987459,0.391455,0.011578,15.398401,8.534387,16.71488,81.493608,4.197575,0.827317,50.264411,0.70342,1.173235,0.631414,1.177436,4.993758,-15.079874,1.005457,-9257100,-40.713554,-1201656725.698625,-1.576071,66.24587,0.496451,-2.939016,98.959141,0.001248,0.046384,0.794616,1.173235,1.180606
07-15-25,36.02,36.02,35.75,35.657742,430000,35.273421,34.622266,33.532425,0.045686,0.039918,0.021368,TRUE,TRUE,1.08984,0.061765,31.415789,27.099081,63.175118,-7.723253,0.372121,-0.006205,13.811138,8.001202,15.512518,63.408253,3.153582,0.739881,48.716907,0.708116,1.156254,0.63337,1.053452,4.632914,-15.079874,1.226172,-9687100,32.470733,-1202380585.459289,-1.453821,59.018252,0.867073,-2.674941,99.16185,0.010718,0.39684,0.795846,1.156254,0.788885
07-16-25,35.869999,35.900002,35.509998,35.712601,492500,35.337599,34.676644,33.551883,0.047776,0.041964,0.021294,TRUE,TRUE,1.124762,0.058419,43.10889,26.729425,64.209507,-2.243468,0.357109,-0.016973,13.022069,6.762603,15.325402,68.949573,3.728137,0.746745,45.345814,0.673023,1.098653,0.606107,0.84682,5.507765,-15.079874,1.366139,-9194600,66.328943,-1202361388.764354,-1.188054,57.674882,0.460425,-3.535608,98.780071,0.026246,0.986393,0.778529,1.098653,0.826982
07-17-25,35.880001,36.16,35.880001,36.036762,279000,35.410561,34.741367,33.572912,0.049895,0.043914,0.021221,TRUE,TRUE,1.168455,0.056337,48.677684,27.122601,69.636841,1.29296,0.367137,-0.005557,15.825997,7.256816,15.498027,85.83474,4.220175,0.781037,44.197625,0.642041,1.051557,0.568571,1.156419,5.352834,-15.079874,0.768955,-8915600,20,-1202327984.786153,-1.0565,62.747494,2.018435,-3.876175,98.6394,0.026309,0.990329,0.754037,1.051557,1.416821
07-18-25,36.150002,36.169998,36.02,35.942005,299300,35.48126,34.800729,33.594447,0.051928,0.045751,0.021149,TRUE,TRUE,1.206283,0.054596,31.964854,27.51402,66.464056,3.288939,0.36325,-0.007554,15.009145,5.762698,16.176114,71.321568,4.09515,0.731253,40.491221,0.625863,1.021151,0.571704,1.05741,4.78013,-15.079874,0.816778,-9214900,31.792162,-1202938542.780608,-0.962087,62.759782,2.136232,-3.864331,98.762455,0.020937,0.81144,0.756111,1.021151,1.13789
07-21-25,36.099998,36.209999,36.029999,35.942005,346200,35.553938,34.853955,33.615835,0.054031,0.047462,0.021077,TRUE,TRUE,1.23812,0.053366,33.531107,27.98771,66.464056,2.254549,0.356066,-0.011791,16.709699,4.397825,16.951366,65.420036,4.214663,0.75669,34.305626,0.607393,0.99827,0.549746,0.940585,4.329531,-15.079874,0.942054,-9214900,6.490311,-1203623224.338698,-0.909813,62.698878,3.177014,-4.862373,98.834494,0.020433,0.795865,0.741448,0.99827,1.131205
07-22-25,36.07,36.07,35.895,35.877174,505100,35.609516,34.904497,33.637094,0.055709,0.049047,0.021005,TRUE,TRUE,1.267403,0.052027,26.035693,27.691432,64.145041,-5.4918,0.341208,-0.021319,14.29485,4.962027,17.411964,52.453665,3.197311,0.758747,29.534151,0.608663,1.002062,0.550445,0.837687,4.082076,-15.079874,1.353122,-9720000,29.745697,-1204231227.109270,-0.901838,54.152097,2.200624,-3.883512,98.464701,0.007431,0.289073,0.74192,1.002062,0.906266
07-23-25,36.130001,36.34,36.110001,36.216297,220100,35.665222,34.94737,33.658629,0.057015,0.050501,0.020934,TRUE,TRUE,1.288741,0.0511,30.939411,28.188688,70.034764,3.570707,0.352731,-0.007837,13.760809,5.46674,17.099677,85.096057,3.173924,0.779478,29.965209,0.616667,1.008724,0.540278,1.225572,4.395305,-15.079874,0.594471,-9499900,-21.644713,-1204247884.371307,-0.83626,53.300187,2.166563,-3.508887,99.25092,0.025263,0.959169,0.735036,1.008724,1.839049
07-24-25,36.34,36.41,36.305,36.24622,272100,35.728558,34.989059,33.680901,0.058045,0.051834,0.020864,TRUE,TRUE,1.308158,0.050313,30.167833,28.8284,70.495298,4.031242,0.360126,-0.000354,12.318109,5.115645,17.43745,81.802229,3.621332,0.748034,28.033292,0.614953,1.002072,0.536979,1.238525,4.20664,-15.079874,0.745398,-9227800,-27.671451,-1204824637.515721,-0.854895,51.630113,1.9849,-3.080085,99.453412,0.027199,1.031821,0.732788,1.002072,1.846595
07-25-25,36.360001,36.57,36.360001,36.445705,316500,35.794887,35.033748,33.703584,0.058887,0.053069,0.020795,TRUE,TRUE,1.330164,0.049449,50.829046,29.807648,73.427391,9.282349,0.377729,0.0138,12.522059,5.709307,19.616607,88.27414,3.77735,0.74762,28.544105,0.612591,0.997887,0.534446,1.600064,4.617942,-15.079874,0.861717,-8911300,16.574586,-1204882797.624713,-0.855293,61.328322,1.65352,-2.842814,99.517911,0.031062,1.179712,0.731058,0.997887,2.280045
07-28-25,36.59,36.59,36.34,36.306065,487800,35.840269,35.071684,33.724245,0.059527,0.054183,0.020726,TRUE,TRUE,1.347439,0.048421,38.095363,30.71695,68.30992,-1.724843,0.376077,0.009718,11.988268,6.124819,19.579894,73.709716,2.564098,0.759954,29.118416,0.615553,1.00894,0.549173,1.474795,4.208332,-15.079874,1.295497,-9399100,61.043249,-1205503027.702838,-0.91277,53.419224,1.909103,-2.308966,99.424651,0.019107,0.733868,0.741062,1.00894,1.599658
07-29-25,36.549999,36.57,36.41,36.36591,260500,35.889642,35.106858,33.744961,0.059891,0.055199,0.020659,TRUE,TRUE,1.361897,0.048035,33.142906,31.561302,69.297498,-1.197801,0.375271,0.00713,11.559708,5.629106,18.368311,79.250908,2.791082,0.752194,29.247227,0.596072,0.9789,0.525678,1.394778,3.820133,-15.079874,0.701221,-9138600,-27.899253,-1205907096.784687,-0.933318,53.069974,1.544207,-2.556115,99.252093,0.013688,0.52931,0.725036,0.9789,1.628421
07-30-25,36.540001,36.57,36.279999,36.345959,411200,35.935024,35.141633,33.764402,0.05989,0.0561,0.020592,TRUE,TRUE,1.377231,0.047274,30.057766,31.52983,68.530751,-4.89664,0.368771,0.000504,11.906303,5.571157,18.453981,77.403608,2.561211,0.769784,28.915422,0.593911,0.95378,0.514053,1.321026,3.936199,-15.079874,1.105897,-9549800,1.631241,-1206131244.110461,-0.911354,45.736638,2.187963,-1.817065,99.702893,0.025141,0.963961,0.716975,0.95378,1.421161
07-31-25,36.540001,36.59,36.23,36.186375,435100,35.961456,35.182719,33.783486,0.05945,0.056909,0.020525,TRUE,TRUE,1.399233,0.045738,27.840881,31.19986,62.567343,-5.742577,0.346746,-0.017217,10.84065,3.856684,18.00901,62.627333,1.48252,0.804762,28.66239,0.591086,0.948128,0.517355,1.216696,4.020362,-14.765889,1.152903,-9984900,34.414581,-1206671794.956051,-0.963678,45.925155,1.468256,-1.862617,99.579105,0.03047,1.177908,0.719274,0.948128,0.784718
08-01-25,35.990002,35.990002,35.549999,35.687664,1053000,35.960458,35.214623,33.799587,0.058361,0.057609,0.020459,TRUE,TRUE,1.415036,0.04349,-5.827415,29.948785,48.394705,-20.902792,0.285755,-0.062567,7.857759,2.92116,15.099664,16.450501,-0.055862,0.896871,28.758677,0.621708,0.99653,0.557063,1.254446,3.011089,-14.765889,2.587605,-11037900,127.872755,-1207065884.843692,-0.92027,34.464256,0.568795,-2.789085,99.196285,0.020165,0.77363,0.746367,0.99653,-0.948564
08-05-25,36.290001,36.389999,36.139999,36.166424,360400,35.992376,35.262041,33.817395,0.056822,0.058214,0.020394,TRUE,TRUE,1.444646,0.042396,20.647667,28.200304,58.186699,-10.344052,0.272905,-0.060333,9.616233,5.079797,18.358565,60.780034,1.796741,0.970385,27.207873,0.632798,0.911881,0.568957,1.13212,3.130111,-14.765889,0.914779,-10677500,-41.842827,-1207350097.990664,-0.909562,41.15597,-0.095779,-4.076873,98.564929,0.013159,0.502789,0.754292,0.911881,0.639697
08-06-25,36.349998,36.490002,36.330002,36.375885,312300,36.031774,35.303156,33.835468,0.055018,0.058745,0.020329,TRUE,TRUE,1.467688,0.041603,25.333283,26.869728,61.618118,-0.949225,0.276437,-0.045441,10.899924,6.298233,21.490166,79.412024,2.214133,0.951754,26.744023,0.635276,0.845284,0.544985,0.997652,3.272389,-14.765889,0.787721,-10365200,18.926123,-1207483281.360952,-0.875352,48.085672,-0.735629,-4.712089,97.606987,0.009883,0.366107,0.738231,0.845284,1.286684
08-07-25,36.599998,36.709999,36.384998,36.405807,495400,36.062694,35.340712,33.854425,0.052901,0.059176,0.020266,TRUE,TRUE,1.486287,0.041915,15.879787,26.236352,62.096656,13.70195,0.27844,-0.03475,10.408041,5.638958,24.306519,73.776584,1.727984,0.928745,27.338292,0.577287,0.75051,0.52855,0.951964,2.645735,-14.765889,1.220002,-9869800,63.33663,-1207915242.343147,-0.891186,50.080533,0.427538,-3.313958,98.458135,0.011645,0.466366,0.727015,0.75051,1.255066
08-08-25,36.599998,36.73,36.580002,36.575367,434500,36.100097,35.384826,33.874572,0.050658,0.059505,0.020203,TRUE,TRUE,1.510254,0.042527,26.40332,25.701192,64.776622,6.589923,0.290363,-0.018262,9.899492,5.964004,25.555318,86.895548,2.087977,0.958458,29.014242,0.578784,0.746929,0.52086,1.152314,2.732267,-14.765889,1.056998,-9435300,29.934211,-1208376594.025454,-0.899271,51.275805,0.405127,-3.100978,98.916702,0.018729,0.742095,0.721707,0.746929,1.638057
08-11-25,36.68,36.790001,36.625,36.55542,480900,36.142986,35.428145,33.895844,0.04826,0.059738,0.020142,TRUE,TRUE,1.532302,0.043055,25.360889,25.369045,64.201529,2.58341,0.294804,-0.011057,9.611334,6.792076,23.053019,81.082204,2.402905,0.948554,29.09175,0.579184,0.748965,0.521487,1.055391,2.639278,-14.765889,1.167346,-9916200,3.843662,-1209263080.375849,-0.936146,52.418857,0.268114,-2.799923,98.768285,0.018428,0.730162,0.722141,0.748965,1.4177
08-12-25,36.849998,37.040001,36.77,36.944412,392500,36.19959,35.482017,33.91862,0.046311,0.059871,0.020081,TRUE,TRUE,1.563397,0.044427,38.909039,25.697858,69.827293,7.730638,0.325955,0.016075,8.428287,6.971976,23.914367,93.584659,3.161124,0.998422,33.062173,0.589117,0.764557,0.50832,1.775944,2.812786,-14.765889,0.947564,-9523700,13.014685,-1209148495.152831,-0.904323,60.031073,-0.29353,-2.057801,99.486558,0.032026,1.230706,0.712965,0.764557,2.252793
08-13-25,37.130001,37.18,37.080002,37.084053,303100,36.270905,35.535315,33.941996,0.044767,0.059915,0.020022,TRUE,TRUE,1.593319,0.046222,34.117644,26.322311,71.555409,6.778786,0.357785,0.038325,8.554262,7.499233,24.301312,94.113669,4.000005,0.950893,36.010678,0.58708,0.763052,0.50991,2.024645,2.733584,-14.765889,0.74312,-9220600,-29.511628,-1209427036.352190,-0.8638,60.629462,-0.172804,-1.704287,99.601736,0.028798,1.112323,0.71408,0.763052,2.258073
08-14-25,37.200001,37.209999,37.064999,37.113972,374500,36.340974,35.587232,33.96469,0.043737,0.059868,0.019964,TRUE,TRUE,1.622542,0.047929,34.117545,26.970103,71.926406,7.724878,0.381033,0.049258,8.484662,7.740127,22.75416,94.215218,3.924024,0.940754,38.146017,0.5869,0.758526,0.508253,2.000733,2.770793,-14.765889,0.93165,-8846100,-23.959391,-1209548565.843653,-0.893983,61.339895,0.455224,-1.599507,99.966959,0.037141,1.432596,0.712919,0.758526,2.026418
08-15-25,37.25,37.259998,37.150002,37.113972,376000,36.394835,35.639742,33.987432,0.04312,0.05971,0.019908,TRUE,TRUE,1.65231,0.048691,28.510468,27.688757,71.926406,2.099113,0.394905,0.050504,7.860479,7.248307,22.240867,91.460428,2.989196,0.906544,41.114007,0.553589,0.714861,0.472498,1.941998,3.593706,-14.765889,0.92423,-8846100,34.767025,-1210170885.940758,-0.963916,61.758251,0.86661,-1.342267,100.014601,0.053258,2.102721,0.687385,0.714861,1.749129
08-18-25,37.16,37.220001,37.099998,37.113972,338300,36.453433,35.694629,34.01086,0.042976,0.059437,0.019853,TRUE,TRUE,1.683769,0.04922,36.651541,28.095635,71.926406,0.370998,0.401273,0.045497,7.243425,7.493661,20.458592,91.460428,3.260716,0.881525,42.643661,0.552878,0.716341,0.476164,1.852805,3.653846,-14.765889,0.827595,-8846100,13.030404,-1210430401.981192,-0.916379,63.215817,0.545178,-1.992735,100.038444,0.057497,2.280948,0.690046,0.716341,1.548973
08-19-25,37.27,37.369999,37.16,37.094025,276200,36.511034,35.743276,34.036098,0.043341,0.059062,0.019799,TRUE,TRUE,1.707178,0.049046,33.640592,28.850089,71.153621,-0.772785,0.400098,0.035458,7.185786,6.870514,20.317573,84.836576,3.205218,0.880476,43.14942,0.537315,0.706775,0.490711,1.772825,4.162133,-14.765889,0.681513,-9122300,-20.219526,-1210880148.902173,-0.895309,63.346015,0.805582,-1.810642,100.056208,0.072201,2.989028,0.700508,0.706775,1.351098
08-20-25,37.209999,37.23,36.990002,37.104,508000,36.572375,35.79242,34.060505,0.04402,0.058581,0.019746,TRUE,TRUE,1.731915,0.049593,35.185421,28.678106,71.319577,-0.606829,0.395414,0.024619,8.707153,6.884053,19.554666,85.384677,3.419516,0.870613,42.377587,0.505293,0.668234,0.484809,1.684367,3.627124,-14.364008,1.253022,-8614300,0.574144,-1210905551.324528,-0.823137,62.251689,0.987648,-2.279472,99.844996,0.056998,2.494793,0.696282,0.668234,1.254496
08-21-25,37.139999,37.240002,37.09,37.123951,442300,36.617758,35.839586,34.085696,0.044779,0.058018,0.019695,TRUE,TRUE,1.75389,0.050371,46.534788,28.547574,71.670615,-0.255791,0.388829,0.014427,8.89193,7.445757,20.110283,86.480878,2.506203,0.82974,43.215412,0.50152,0.659027,0.46964,1.56318,3.363233,-14.180077,1.061868,-8172000,100.954112,-1211147634.143306,-0.828242,69.368795,0.833597,-2.71458,99.402018,0.051988,2.259601,0.685303,0.659027,1.171326
08-22-25,37.299999,37.68,37.299999,37.522915,416600,36.681593,35.895524,34.111806,0.046018,0.057382,0.019645,TRUE,TRUE,1.783719,0.05139,95.833599,29.514331,77.580202,6.426581,0.411065,0.029331,11.02933,9.681745,20.942528,89.799654,3.522285,0.805627,46.725163,0.510411,0.676632,0.497374,1.987343,4.099493,-14.180077,0.983115,-7755400,53.105476,-1211075463.624810,-0.737552,84.555811,1.889549,-2.943694,99.551123,0.065828,2.887796,0.705247,0.676632,1.800577
08-25-25,37.560001,37.57,37.419998,37.323429,442500,36.725479,35.946681,34.134077,0.047498,0.056662,0.019597,TRUE,TRUE,1.812603,0.051941,70.731753,30.412034,69.745879,-1.573699,0.407889,0.020923,8.75078,9.287877,20.98502,73.587289,2.408305,0.704229,48.481951,0.517789,0.687483,0.5117,1.742476,3.739994,-14.180077,1.028938,-8197900,39.810427,-1212087715.290544,-0.837674,76.811938,1.101479,-2.624236,99.653037,0.059064,2.591344,0.715332,0.687483,1.233346
08-26-25,37.389999,37.490002,37.32,37.393253,398300,36.779838,36.007153,34.155719,0.049072,0.055848,0.01955,TRUE,TRUE,1.851434,0.052208,68.000082,30.717595,70.855281,-0.815334,0.406322,0.015485,8.298252,9.239701,20.25965,77.85741,2.99451,0.673578,49.613585,0.512922,0.669017,0.502777,1.541845,4.079854,-14.180077,0.935899,-7799600,-18.347683,-1212142761.396232,-0.780081,70.122579,0.708654,-3.152383,99.11405,0.061445,2.696889,0.709068,0.669017,1.236385
08-27-25,37.459999,37.5,37.395,37.333408,386700,36.828213,36.062469,34.17711,0.050704,0.055011,0.019505,TRUE,TRUE,1.885359,0.052488,60.784412,31.027318,68.535606,-9.044596,0.39569,0.003883,8.623191,8.657441,20.40751,68.491597,2.660455,0.631156,50.079753,0.512419,0.667292,0.487134,1.327559,3.74754,-14.180077,0.895367,-8186300,48.445298,-1212983133.200047,-0.819194,69.60027,0.631201,-3.712205,98.537009,0.055936,2.419726,0.69795,0.667292,1.008781
08-28-25,37.490002,37.5,37.369999,37.373306,288000,36.87958,36.121354,34.198357,0.052374,0.054232,0.01946,TRUE,TRUE,1.922996,0.052838,57.143052,31.172336,69.258195,-0.487683,0.386033,-0.004619,8.676674,9.497254,20.726316,70.929484,2.82658,0.600362,50.141643,0.512049,0.669371,0.491111,1.148161,3.656863,-14.180077,0.676485,-7898300,-29.961089,-1213256479.248933,-0.836826,68.825642,0.539002,-3.535164,98.758308,0.052863,2.297373,0.700793,0.669371,0.984662
08-29-25,37.439999,37.439999,37.209999,37.203743,411700,36.930449,36.173878,34.21959,0.053768,0.053524,0.019417,TRUE,TRUE,1.954288,0.052702,41.935372,30.428358,62.670937,-8.184345,0.360542,-0.024088,8.621357,7.907964,20.597054,47.664022,2.811468,0.606048,47.847044,0.516902,0.65186,0.453824,0.946089,3.434342,-13.48639,0.96971,-8310000,-5.378074,-1213690576.144095,-0.826595,60.772391,-0.264242,-4.407482,97.758457,0.038085,1.582644,0.673664,0.65186,0.571183
09-02-25,37.09,37.23,36.959999,37.133923,633700,37.002762,36.225996,34.24013,0.054723,0.052904,0.019375,TRUE,TRUE,1.985866,0.052099,15.447114,28.576359,60.134677,-8.400929,0.330892,-0.042991,7.887422,8.576042,20.142545,24.156,4.052545,0.565912,37.98926,0.514867,0.649813,0.454158,0.895582,3.528464,-13.286133,1.570138,-8943700,-39.819563,-1213507867.771555,-0.798075,51.189777,-0.118283,-5.473245,97.506578,0.040219,1.678446,0.673913,0.649813,0.345257
09-03-25,37.310001,37.389999,37.244999,37.283535,317900,37.058617,36.281898,34.261419,0.055411,0.052282,0.019334,TRUE,TRUE,2.020479,0.052083,16.128813,27.435826,63.539684,-5.718512,0.315825,-0.046446,8.011453,10.222636,19.925613,44.935468,3.088807,0.567567,32.919557,0.507465,0.64279,0.459259,0.856404,3.347009,-13.286133,0.79184,-8625800,-11.792453,-1213656794.274410,-0.785451,51.332236,-0.63328,-6.566767,97.42132,0.03254,1.38428,0.677687,0.64279,0.683234
09-04-25,37.470001,37.700001,37.419998,37.592735,315400,37.11946,36.338441,34.285282,0.055988,0.051728,0.019294,TRUE,TRUE,2.053159,0.052403,31.578908,27.316205,69.363625,6.692688,0.325088,-0.029747,9.000993,10.171997,22.595356,85.504699,3.345211,0.614478,30.814786,0.515072,0.657607,0.466702,0.968492,3.745578,-12.983989,0.78531,-8310400,0.992635,-1213583045.821391,-0.759386,50.849054,-0.794444,-6.042848,97.616315,0.034534,1.457464,0.683156,0.657607,1.535871
09-05-25,37.849998,37.939999,37.619999,37.732376,513700,37.185788,36.391044,34.309843,0.056365,0.051228,0.019256,TRUE,TRUE,2.081201,0.052989,37.349409,27.79632,71.572128,11.437451,0.339779,-0.012044,9.784005,12.204565,23.522791,78.814018,3.643838,0.650299,28.860137,0.515279,0.657934,0.46716,1.232482,3.758761,-12.983989,1.276146,-7796700,3.693985,-1213735944.536314,-0.722997,52.103526,-0.366673,-5.666817,97.662931,0.034451,1.453985,0.683491,0.657934,1.89392
09-08-25,37.880001,37.939999,37.799999,37.802197,439500,37.24713,36.447498,34.334704,0.05652,0.050772,0.01922,TRUE,TRUE,2.112794,0.053458,39.884424,28.24214,72.634364,9.09468,0.352987,0.000931,9.060515,11.365906,24.128355,85.938552,3.354251,0.665654,28.23411,0.514247,0.66059,0.473103,1.313128,3.920094,-12.983989,1.091139,-7357200,1.150748,-1214161648.786995,-0.718123,58.807781,-0.548834,-5.493201,97.956473,0.04471,1.901375,0.687825,0.66059,1.965944
09-09-25,37.970001,38.029999,37.84,37.921883,448600,37.315453,36.503553,34.360115,0.056603,0.050356,0.019185,TRUE,TRUE,2.143438,0.054019,45.354951,28.874005,74.400233,5.036609,0.368861,0.013444,9.452708,14.006592,25.996068,89.895684,3.738058,0.658237,27.126227,0.51472,0.660688,0.472302,1.487094,4.020636,-12.983989,1.118215,-6908600,-6.716573,-1214223588.317583,-0.618247,60.05126,-0.667817,-4.622849,98.13083,0.048753,2.069837,0.687243,0.660688,2.235584
09-10-25,38.16,38.169998,38.060001,38.031601,434100,37.369812,36.556217,34.384948,0.056593,0.05001,0.019152,TRUE,TRUE,2.171269,0.053914,48.186313,29.783833,75.933395,4.361267,0.385846,0.024343,9.394316,14.984907,25.06209,88.562205,2.942769,0.657862,30.036635,0.486531,0.630087,0.47239,1.619341,5.030281,-12.983989,1.07649,-6474500,10.598726,-1214881851.626062,-0.710885,68.165236,-0.700071,-4.979812,98.166054,0.070216,3.154042,0.687306,0.630087,2.203271
09-11-25,38.240002,38.43,38.23,38.310879,377400,37.431154,36.614865,34.410443,0.056826,0.049744,0.019121,TRUE,TRUE,2.204422,0.054398,54.337636,31.153013,79.327243,6.692879,0.417035,0.044426,10.323274,15.381523,25.617412,91.8965,3.30823,0.699379,35.856963,0.489192,0.633495,0.483483,2.124838,5.088541,-12.983989,0.927341,-6097100,24.513362,-1214954014.646528,-0.67904,67.878991,-0.211961,-4.763787,98.098161,0.067002,3.025283,0.69533,0.633495,2.453429
09-12-25,38.439999,38.439999,38.314999,38.241058,603200,37.487508,36.67092,34.435099,0.057226,0.049578,0.019091,TRUE,TRUE,2.235821,0.054325,38.709485,32.44328,76.42558,2.025347,0.431148,0.046831,9.9968,16.068601,24.55096,86.558085,3.036826,0.620912,39.301107,0.485648,0.624191,0.483596,2.053082,5.244797,-12.983989,1.441665,-6700300,61.068091,-1216270827.048872,-0.80332,68.942701,0.210375,-4.708826,98.390261,0.074836,3.404057,0.695411,0.624191,1.917377
09-15-25,38.43,38.490002,38.34,38.290928,462100,37.546356,36.723584,34.459172,0.057593,0.049491,0.019064,TRUE,TRUE,2.264412,0.054374,56.724937,33.73983,77.070718,1.137323,0.441271,0.045563,11.409136,14.402942,23.495696,86.988663,3.171194,0.63856,42.12381,0.484522,0.620194,0.483334,1.934119,5.092677,-12.983989,1.093184,-6238200,22.898936,-1217035274.559172,-0.81195,76.380052,0.576456,-5.114242,97.980091,0.065309,2.976824,0.695222,0.620194,1.76758
09-16-25,38.400002,38.400002,38.200001,38.161263,364300,37.59872,36.772657,34.482939,0.057901,0.049458,0.019038,TRUE,TRUE,2.289718,0.05392,43.502471,34.130122,71.585311,-7.741932,0.433829,0.030497,10.395969,13.413364,22.422028,78.513816,2.821824,0.646345,42.966955,0.487322,0.624278,0.486338,1.828093,4.957294,-12.983989,0.859178,-6602500,7.685486,-1217540697.468249,-0.838458,76.703905,0.222928,-4.766207,97.938257,0.062349,2.833816,0.697379,0.624278,1.309244
09-17-25,38.310001,38.41,38.099998,38.161263,587800,37.652082,36.825321,34.505042,0.058159,0.049459,0.019013,TRUE,TRUE,2.320279,0.053197,48.537611,33.945794,71.585311,-4.84027,0.423055,0.015778,10.840336,14.099687,21.887427,78.513816,2.877115,0.684389,42.996258,0.486418,0.622975,0.48493,1.699363,5.02888,-12.983989,1.337155,-6602500,112.816799,-1217896169.454959,-0.798019,67.923398,0.317958,-4.598806,97.848855,0.063011,2.865322,0.696369,0.622975,1.184243
09-18-25,38.450001,38.59,38.369999,38.410618,446000,37.717413,36.881775,34.528293,0.058603,0.049502,0.018991,TRUE,TRUE,2.353482,0.053148,54.166277,34.245576,75.47792,-1.592799,0.429684,0.017926,11.085488,13.521539,22.798786,88.994957,3.521501,0.728695,44.141568,0.483478,0.620358,0.486768,1.762427,4.977237,-12.983989,1.021787,-6156500,-12.204724,-1218177479.206658,-0.833001,68.771976,0.089081,-3.987241,98.018489,0.060933,2.792675,0.697688,0.620358,1.570412
09-19-25,38.619999,38.75,38.43,38.510361,656800,37.786734,36.936234,34.552092,0.059032,0.049592,0.018971,TRUE,TRUE,2.384142,0.053631,70.810558,34.896948,76.844396,5.259085,0.437937,0.020944,11.533616,14.316703,23.233087,86.612337,3.734543,0.747096,45.204623,0.472111,0.589484,0.475178,1.747188,4.700065,-12.983989,1.468645,-5499700,48.496496,-1218504399.398347,-0.822509,76.128728,-0.797072,-4.460196,97.300669,0.05001,2.321188,0.689331,0.589484,1.600781
09-22-25,38.610001,38.880001,38.59,38.764706,557300,37.848823,36.994982,34.576673,0.059598,0.049732,0.018952,TRUE,TRUE,2.418309,0.054133,80.343853,35.780065,79.917568,8.332257,0.459703,0.034167,12.399148,15.105437,22.553364,92.948302,3.30942,0.760554,49.695372,0.471799,0.595646,0.467544,2.0018,5.269538,-12.983989,1.226857,-4942400,33.773404,-1218390229.944767,-0.805148,85.385085,-0.569197,-4.601209,97.439342,0.053696,2.47598,0.683772,0.595646,1.842994
09-23-25,38.91,38.98,38.720001,38.650002,559300,37.915152,37.054029,34.600166,0.06005,0.049923,0.018935,TRUE,TRUE,2.453863,0.054474,68.499838,36.803187,75.078236,-0.399684,0.462367,0.029465,11.173087,13.698187,22.531208,78.8463,3.554262,0.763536,51.145587,0.474663,0.600245,0.473703,1.723554,4.850299,-12.983989,1.215632,-5501700,26.39548,-1219250692.114464,-0.778432,85.940057,-0.755878,-3.765973,97.587656,0.05243,2.417015,0.688261,0.600245,1.43678
09-24-25,38.779999,38.810001,38.59,38.619999,472500,37.976489,37.110182,34.623632,0.060446,0.050158,0.018921,TRUE,TRUE,2.486551,0.055042,59.876108,37.000786,73.819089,-3.025307,0.456791,0.019111,10.021652,13.576942,22.436091,73.529379,3.28066,0.727792,51.907515,0.468224,0.615383,0.511876,1.525685,4.423775,-12.114081,1.018758,-5974200,18.629174,-1219594334.436561,-0.803317,79.393762,-1.145284,-3.637269,97.643559,0.035255,1.710808,0.715455,0.615383,1.239724
09-25-25,38.529999,38.540001,38.310001,38.529999,511400,38.036319,37.167628,34.645374,0.060662,0.050409,0.018908,TRUE,TRUE,2.522254,0.05525,47.876282,35.788646,70.025191,-9.892376,0.440038,0.001886,10.15024,14.495548,22.059813,61.864352,3.205146,0.722584,50.993137,0.470073,0.628714,0.529589,1.359166,4.306931,-12.114081,1.088004,-6485600,32.24722,-1219127413.590028,-0.653598,72.00964,-1.568934,-3.308939,97.613698,0.038024,1.872191,0.727729,0.628714,0.968131
09-26-25,38.580002,38.715,38.560001,38.695,315100,38.102403,37.227276,34.668333,0.060817,0.05069,0.018896,TRUE,TRUE,2.558942,0.055655,50.693222,35.154966,72.786582,-2.291654,0.43506,-0.002473,10.182104,14.935156,22.811152,75,3.536464,0.715327,50.510561,0.471501,0.624798,0.520661,1.187132,4.439271,-11.776865,0.668449,-6170500,9.409722,-1218893632.220664,-0.597929,71.532353,-0.762253,-2.842773,98.053825,0.044006,2.13997,0.721569,0.624798,1.173213
09-29-25,38.790001,38.889999,38.75,38.825001,434100,38.183466,37.28304,34.692824,0.061093,0.051015,0.018887,TRUE,TRUE,2.590217,0.056464,50.98032,35.009566,74.759523,0.940434,0.436572,-0.000769,9.680055,17.111875,21.972552,83.152273,4.357781,0.706897,48.289886,0.468107,0.614155,0.512842,1.162527,4.311379,-11.776865,0.918711,-5736400,5.440855,-1218862618.318757,-0.547294,71.514553,-2.254141,-3.497157,97.634586,0.040291,1.9576,0.71613,0.614155,1.328507
09-30-25,38.830002,38.970001,38.709999,38.950001,380900,38.27427,37.3432,34.716862,0.061925,0.051383,0.018879,TRUE,TRUE,2.626338,0.057387,51.399567,35.066144,76.522063,6.496872,0.442753,0.00433,10.095217,16.930296,22.4029,96.591052,4.890618,0.706808,44.436599,0.468676,0.615401,0.512871,1.295412,4.408942,-11.776865,0.828278,-5355500,-39.892694,-1218540319.178524,-0.54716,71.324971,-1.426081,-2.900483,97.752023,0.041051,1.992197,0.71615,0.615401,1.520663
10-01-25,38.939999,39.23,38.919998,39.200001,478700,38.370093,37.40836,34.742934,0.063095,0.051791,0.018874,TRUE,TRUE,2.665426,0.058235,50.589946,35.683114,79.591551,6.804969,0.462493,0.019256,10.614762,17.785835,23.150651,97.345243,5.140247,0.686193,42.572173,0.4651,0.607665,0.50482,1.769778,5.093975,-11.776865,1.02306,-4876800,50.581944,-1218154266.610998,-0.480592,71.788703,-1.047836,-1.780675,98.18207,0.05792,2.80932,0.710507,0.607665,1.949413
10-02-25,39.34,39.34,39.130001,39.285,503800,38.454707,37.476517,34.769626,0.064463,0.052237,0.018871,TRUE,TRUE,2.70689,0.059119,58.890379,36.469554,80.523876,5.764353,0.479469,0.028986,10.172429,17.135352,24.181881,95.564498,4.501573,0.699414,43.122355,0.465148,0.62044,0.515349,1.831003,5.120975,-7.289092,1.055454,-4373000,59.733672,-1217914364.463859,-0.453703,71.425806,-0.895378,-1.278836,98.241665,0.050536,2.477391,0.717878,0.62044,1.925436
10-03-25,39.360001,39.575001,39.349998,39.48,480300,38.542088,37.541791,34.797196,0.066118,0.052695,0.018869,TRUE,TRUE,2.744595,0.060456,62.001337,37.614372,82.499124,5.977061,0.502861,0.041902,10.564662,23.704847,24.682464,93.559249,4.631628,0.703388,45.363306,0.464298,0.601269,0.517195,2.124289,5.09378,-3.563607,1.009755,-3892700,-6.501849,-1217839652.216262,-0.43137,71.55962,-1.887478,-0.882378,97.513909,0.042769,2.104492,0.719163,0.601269,2.067556
10-06-25,39.669998,39.689999,39.52,39.59,519200,38.631478,37.608666,34.825414,0.067979,0.053163,0.01887,TRUE,TRUE,2.783252,0.061836,75.269952,38.861535,83.514809,3.923258,0.524232,0.050619,11.432997,30.655234,25.184752,93.710788,4.729364,0.703237,47.576783,0.464474,0.603591,0.518849,2.164462,5.187065,-3.563607,1.082467,-3373500,18.134243,-1217931273.004342,-0.39296,77.461846,-1.259356,0.131507,97.721163,0.049378,2.432944,0.720312,0.603591,2.014685
10-07-25,39.630001,39.630001,39.294998,39.360001,614100,38.703384,37.666952,34.856007,0.069865,0.053627,0.018873,TRUE,TRUE,2.810945,0.062409,56.327682,38.883088,73.862333,-6.661543,0.516654,0.034433,10.599325,31.572553,23.349673,76.087053,3.792317,0.711884,47.153479,0.46954,0.609548,0.526052,1.943899,5.007672,-3.563607,1.258608,-3987600,36.892555,-1218307058.653233,-0.418457,76.960795,-1.94466,-0.096701,97.689971,0.046901,2.303271,0.725294,0.609548,1.39251
10-08-25,39.450001,39.57,39.369999,39.57,386600,38.780304,37.732231,34.888386,0.07162,0.054083,0.018878,TRUE,TRUE,2.843845,0.063318,55.504826,38.903101,76.529624,-5.9695,0.521582,0.031488,10.56962,33.73491,24.46623,91.304408,4.045054,0.668621,48.155195,0.47154,0.612979,0.520325,1.773426,5.105505,-3.563607,0.796219,-3601000,-10.942179,-1217920458.653233,-0.312907,76.799134,-1.898389,-0.213449,98.059554,0.055236,2.684927,0.721335,0.612979,1.639898
10-09-25,39.610001,39.610001,39.360001,39.48,599800,38.83876,37.794513,34.919236,0.073058,0.054518,0.018885,TRUE,TRUE,2.875276,0.063609,46.638508,39.01171,73.087268,-10.427541,0.512318,0.01778,10.195294,24.671613,23.725736,84.782645,3.051668,0.653974,49.240685,0.467864,0.605669,0.513237,1.618442,5.261121,-2.537594,1.207655,-4200800,58.929518,-1217944455.778477,-0.301052,67.761021,-1.079374,-1.975118,98.400792,0.059356,2.886587,0.716406,0.605669,1.302256
10-10-25,39.48,39.48,38.549999,38.580002,1394500,38.855707,37.839194,34.944657,0.073512,0.054884,0.018893,TRUE,TRUE,2.894537,0.062304,-6.778857,36.459083,49.236725,-24.625608,0.427428,-0.053689,8.074378,26.331521,19.911503,19.56529,0.886334,0.772977,47.632309,0.564803,0.723587,0.566976,1.665484,3.218201,-2.551145,2.600563,-5595300,131.183687,-1219248980.286874,-0.277694,53.14209,-1.996081,-2.288398,97.520485,0.020452,0.873552,0.752978,0.723587,-0.57882
10-14-25,38.900002,39.400002,38.779999,39.259998,883900,38.90416,37.900666,34.972302,0.073529,0.055236,0.018903,TRUE,TRUE,2.928364,0.062505,18.540952,34.088787,59.887597,-16.642027,0.410292,-0.05666,9.627013,26.50782,21.83956,68.840496,2.530809,0.861474,46.500205,0.594734,0.758873,0.592384,1.555889,3.43654,-2.551145,1.585983,-4711400,91.278944,-1218764268.300164,-0.155117,55.082431,-1.362816,-1.021658,97.744047,0.023291,0.973744,0.769665,0.758873,0.765239
10-15-25,39.380001,39.700001,39.240002,39.509998,447500,38.971597,37.977113,35.001735,0.073295,0.055586,0.018915,TRUE,TRUE,2.975377,0.062775,25.356148,32.289733,62.964225,-10.123042,0.412134,-0.043854,10.803423,26.106637,21.727434,86.330754,3.534306,0.899411,44.912189,0.595625,0.759307,0.593603,1.412415,3.831052,-2.551145,0.797001,-4263900,22.83832,-1218686447.699099,-0.102029,60.867618,-1.786975,-1.057536,97.588005,0.023222,0.970856,0.770457,0.759307,1.198786
10-16-25,39.619999,39.709999,39.25,39.375,665200,39.032284,38.041284,35.032444,0.072706,0.055937,0.018929,TRUE,TRUE,3.00884,0.062626,23.769422,30.646605,60.275715,11.038989,0.398111,-0.046302,10.255202,24.61271,21.641874,71.120765,3.180549,0.929706,41.453412,0.598802,0.753022,0.596655,1.226348,3.659758,-2.551145,1.176616,-4929100,13.167744,-1218990125.240439,-0.09675,59.608966,-0.941664,-0.55231,97.943558,0.02657,1.109112,0.772435,0.753022,0.826749
10-17-25,39.220001,39.349998,39.09,39.27,420200,39.075253,38.099167,35.062529,0.071686,0.056258,0.018944,TRUE,TRUE,3.036638,0.062005,16.452137,28.592314,58.194377,-1.69322,0.374212,-0.056161,8.972055,26.217969,20.951528,62.069079,2.237357,0.950381,39.054923,0.599722,0.741087,0.599836,1.08883,3.61608,-2.551145,0.744956,-5349300,-5.784753,-1218828505.113379,-0.057709,55.029553,-0.190636,1.982572,98.467142,0.039397,1.648524,0.774491,0.741087,0.498649
10-20-25,39.529999,39.740002,39.529999,39.709999,330500,39.135235,38.16525,35.094616,0.070576,0.056558,0.018962,TRUE,TRUE,3.070634,0.06249,23.258894,27.742354,63.830622,0.866397,0.386322,-0.03524,10.483538,27.066173,21.792361,97.478779,3.115106,0.989316,39.134635,0.604058,0.753604,0.630205,1.186111,3.666863,-2.551145,0.603383,-5018800,-49.680268,-1218592440.545978,-0.008037,54.500469,-0.203999,2.129925,98.580434,0.029622,1.280154,0.793855,0.753604,1.468683
10-21-25,39.599998,39.599998,39.400002,39.41,415500,39.1675,38.221943,35.123229,0.06888,0.056828,0.018981,TRUE,TRUE,3.098714,0.062341,11.557801,26.524779,58.080958,-2.194757,0.367476,-0.043269,9.648863,27.970857,20.29408,72.268811,1.664644,1.005908,38.575084,0.615354,0.740743,0.642055,1.089032,3.239206,-2.551145,0.768512,-5434300,-25.444106,-1218966396.886102,-0.053284,49.6002,0.397958,3.935372,99.19451,0.033217,1.432283,0.801283,0.740743,0.628644
10-22-25,39.400002,39.439999,39.044998,39.259998,489700,39.198,38.276035,35.151438,0.066684,0.05706,0.019001,TRUE,TRUE,3.124597,0.062108,1.546333,24.904192,55.394145,-2.800232,0.336557,-0.05935,9.428903,25.0716,20.376035,59.663666,1.578258,1.025216,36.630568,0.616604,0.735693,0.628336,1.076987,2.833169,-2.551145,0.911621,-5924000,-12.444127,-1218923005.986317,0.030501,43.679066,0.096973,2.51682,98.552035,0.021092,0.890693,0.792676,0.735693,0.169254
10-23-25,39.330002,39.57,39.330002,39.490002,303800,39.2415,38.326946,35.181586,0.064148,0.057269,0.019023,TRUE,TRUE,3.145361,0.061859,5.093221,23.216385,58.559699,-5.270923,0.326845,-0.05525,9.039313,24.044005,21.336311,78.99164,2.252726,1.037333,34.50974,0.615734,0.734484,0.628337,1.048812,3.25354,-2.551145,0.574574,-5620200,-35.703704,-1218821736.100441,0.07306,42.276268,-0.792221,1.478333,98.535018,0.026483,1.119958,0.792677,0.734484,0.720092
10-24-25,39.720001,39.880001,39.700001,39.755001,347200,39.30275,38.380365,35.212763,0.06153,0.057461,0.019047,TRUE,TRUE,3.167602,0.061968,6.715554,22.440538,61.913408,3.83245,0.336651,-0.036355,9.680407,23.190958,23.07649,90.601517,3.179347,1.048385,31.996464,0.619508,0.738802,0.631026,1.123861,3.449913,-2.551145,0.667012,-5273000,-32.107939,-1218956757.505095,0.016393,41.310198,-0.89486,1.189719,98.648559,0.031578,1.332126,0.794371,0.738802,1.413441
10-27-25,39.98,40.02,39.889999,40.014999,371900,39.36875,38.438386,35.244845,0.058994,0.057644,0.019073,TRUE,TRUE,3.193541,0.062282,10.011781,22.044125,64.913617,9.519472,0.361238,-0.009415,9.793456,23.541857,23.544272,99.659792,3.411293,1.051391,32.411733,0.622278,0.742892,0.621946,1.654251,3.735944,-2.551145,0.710587,-523300,18.026023,-991092975.672378,0.026765,40.202844,-0.272204,1.513668,108.68074,0.036187,1.501363,0.788636,0.742892,1.993875
10-28-25,40.09,40.09,39.91,39.959999,449800,39.4255,38.495306,35.278972,0.056644,0.057816,0.019101,TRUE,TRUE,3.216334,0.062032,14.742006,21.836981,63.769238,5.209539,0.371997,0.001075,10.064254,23.259051,23.299877,91.558377,2.92337,1.025132,32.326379,0.618545,0.737514,0.619943,1.595779,3.887508,-2.551145,0.858143,-488500,3.616678,-949158233.053446,0.004696,47.135834,0.00494,2.106678,105.723462,0.041883,1.743563,0.787364,0.737514,1.653446
10-29-25,40.029999,40.029999,39.630001,39.82,646300,39.469,38.549427,35.313091,0.054482,0.057975,0.01913,TRUE,TRUE,3.236336,0.060497,6.250012,20.754618,60.829595,-1.083814,0.365019,-0.004722,9.498154,22.155821,22.239905,82.467513,2.23363,1.062818,31.432264,0.588521,0.686344,0.598825,1.573257,4.547903,-2.551145,1.202586,-1134800,69.677081,-949190548.977991,-0.028412,40.532576,1.017076,2.80982,106.524692,0.068888,2.933705,0.773838,0.686344,1.116686
10-30-25,39.799999,39.889999,39.669998,39.68,419200,39.493,38.601147,35.346411,0.052378,0.0581,0.019161,TRUE,TRUE,3.254736,0.059314,4.938301,19.749567,57.952588,-6.961029,0.344224,-0.020413,9.173074,22.171551,21.846775,73.376649,1.224489,1.061167,31.100994,0.572474,0.694593,0.563928,1.548392,3.892895,-2.551145,0.784358,-1554000,-12.429497,-949571631.957600,-0.100339,41.484307,0.018201,2.408636,106.03225,0.061038,2.563107,0.750952,0.694593,0.601268
10-31-25,39.939999,39.939999,39.645,39.830002,383400,39.52025,38.655667,35.378308,0.050312,0.0582,0.019194,TRUE,TRUE,3.277358,0.058537,37.87884,18.957609,60.128507,-3.640731,0.335975,-0.02293,10.069058,22.00126,22.824537,80.152821,1.387303,0.943294,31.566733,0.570541,0.735783,0.579393,1.222366,3.812812,-2.551145,0.725545,-1170600,-23.898372,-949474150.826891,-0.114957,53.56572,0.252663,1.892439,106.126562,0.067705,2.904647,0.761179,0.735783,0.981261
11-03-25,40,40,39.75,39.919998,459400,39.54225,38.711588,35.409915,0.048337,0.058272,0.019228,TRUE,TRUE,3.301672,0.057766,24.35428,18.396195,61.418526,0.588931,0.332863,-0.020834,11.859376,20.649016,24.569346,83.731898,1.114485,0.839177,32.781333,0.570541,0.763145,0.598379,1.115311,3.879446,-2.551145,0.87109,-711200,-4.351447,-949308773.556383,-0.10659,50.465266,0.789004,1.482764,106.225157,0.055282,2.427112,0.77355,0.763145,1.152327
11-04-25,39.57,39.724998,39.465,39.490002,541900,39.53725,38.750929,35.437447,0.046199,0.058298,0.019263,TRUE,TRUE,3.313482,0.056382,-0.691927,17.242012,52.652939,-5.299649,0.292329,-0.049094,9.189678,19.689611,22.553353,42.583987,-0.252585,0.84741,32.78093,0.590725,0.763963,0.633654,1.119423,3.055859,-2.551145,1.025316,-1253100,4.372111,-949746454.984556,-0.139099,42.558934,1.925554,2.007983,106.685971,0.048616,2.15846,0.796024,0.763963,-0.144133
11-05-25,39.580002,39.889999,39.549999,39.75,324000,39.55675,38.799461,35.464057,0.044112,0.058289,0.0193,TRUE,TRUE,3.335403,0.055229,12.437845,16.359082,56.678916,-3.449591,0.277981,-0.050754,9.275692,21.186659,23.887433,67.464162,0.990852,0.831086,32.830988,0.594119,0.755858,0.637533,1.049626,3.355886,-2.551145,0.630332,-929100,-47.239863,-949689277.230963,-0.100909,50.485399,2.55077,2.043703,106.266513,0.049262,2.186283,0.798457,0.755858,0.588621
11-06-25,39.77,39.790001,39.41,39.48,489000,39.55225,38.841196,35.490552,0.041892,0.058252,0.019339,TRUE,TRUE,3.350644,0.054115,6.60376,15.29005,51.757085,-9.661441,0.242033,-0.069361,8.444235,19.731156,22.22512,41.626847,-0.227445,0.853957,32.873523,0.590852,0.753681,0.661416,0.990861,2.593785,-2.551145,0.941952,-1418100,26.487325,-949998120.628042,-0.166894,49.876738,1.713965,2.348668,106.372232,0.034445,1.590431,0.813275,0.753681,-0.219783
11-07-25,39.200001,39.380001,38.950001,39.380001,736000,39.54725,38.882127,35.515757,0.039363,0.058175,0.019379,TRUE,TRUE,3.366371,0.052933,-11.619679,15.527755,50.024473,-2.628466,0.203134,-0.086608,7.668096,18.32669,19.808527,37.719345,-0.253289,0.867008,33.064688,0.591663,0.75316,0.658023,1.058387,2.307946,-2.551145,1.399386,-2154100,22.707569,-949262120.628042,-0.092483,41.580074,0.866105,1.384529,106.031552,0.026422,1.212244,0.811186,0.75316,-0.505823
11-10-25,39.709999,39.900002,39.619999,39.869999,436900,39.61175,38.932061,35.542695,0.036957,0.058089,0.019421,TRUE,TRUE,3.389366,0.052477,15.181532,14.574615,57.527327,0.848412,0.209431,-0.064249,9.067271,19.55009,20.58069,80.701637,3.343694,0.893976,24.736645,0.60975,0.769857,0.67821,0.982996,2.744384,-2.551145,0.913892,-1717200,-68.669774,-948918849.284327,0.070595,48.269537,1.029703,1.418335,106.02175,0.0244,1.119851,0.823535,0.769857,1.043994
11-11-25,39.869999,40.009998,39.82,39.965,375000,39.647,38.987286,35.570134,0.034683,0.057991,0.019464,TRUE,TRUE,3.417152,0.052024,23.697613,13.957956,58.818231,7.061146,0.219556,-0.0433,8.176035,17.293421,20.903827,89.035082,1.795726,0.855211,24.482199,0.609723,0.768064,0.677271,0.844459,2.847902,-2.551145,0.82851,-1342200,-57.574386,-948721474.919278,0.042822,55.091673,-0.001338,-0.318984,105.783234,0.022044,1.010278,0.822965,0.768064,1.298904
11-12-25,40.139999,40.209999,40.080002,40.150002,389300,39.679,39.047608,35.59983,0.032814,0.057893,0.019509,TRUE,TRUE,3.447778,0.051715,22.525678,13.855354,61.285883,11.26141,0.239744,-0.018489,8.267566,17.529057,21.212102,95.238283,1.619851,0.839706,26.681151,0.611038,0.748415,0.668452,1.040958,3.042207,-2.551145,0.865669,-952900,-13.005587,-948691521.735406,0.037777,55.73736,-0.933188,-1.201719,105.001971,0.017004,0.767224,0.817589,0.748415,1.765297
11-13-25,40.07,40.099998,39.549999,39.619999,490400,39.69125,39.094337,35.625791,0.031015,0.057771,0.019556,TRUE,TRUE,3.468547,0.050336,-4.225429,13.308875,51.723714,-5.803613,0.21055,-0.038147,6.752247,15.809815,20.216301,53.174529,0.62222,0.888799,25.758424,0.638833,0.749496,0.696675,1.067205,2.385394,-2.551145,1.112094,-1443300,-26.277811,-949057093.015550,0.031508,49.177848,-0.831774,-0.412598,105.473545,0.01684,0.759786,0.83467,0.749496,-0.276613
11-14-25,39.27,39.75,39.110001,39.610001,592500,39.70825,39.134683,35.651701,0.029146,0.057612,0.019604,TRUE,TRUE,3.482981,0.048816,-13.752118,13.669159,51.560279,-7.257952,0.18448,-0.051373,6.725308,15.114428,19.936471,52.38101,0.865801,0.956647,23.88584,0.638986,0.748741,0.69525,1.122523,2.36324,-2.551145,1.317882,-2035800,41.004284,-948723810.882656,0.049995,42.048961,-1.219694,-0.380105,105.144388,0.015452,0.695381,0.833816,0.748741,-0.411329
11-17-25,39.490002,39.630001,39.09,39.25,758600,39.68525,39.165035,35.673738,0.026943,0.057384,0.019654,TRUE,TRUE,3.491297,0.046601,-21.846177,14.040452,45.932509,-15.353374,0.133234,-0.082095,5.755321,13.415628,18.846413,23.809495,-1.158396,1.030936,25.990114,0.652392,0.762193,0.70886,1.266086,1.924286,-2.551145,1.61065,-2794400,129.531014,-949032871.332789,-0.010147,33.824215,-1.309899,-0.821084,105.069956,0.014692,0.662576,0.841938,0.762193,-1.674676
11-18-25,38.970001,39.049999,38.66,38.849998,810700,39.65725,39.185991,35.694614,0.024023,0.057078,0.019705,FALSE,TRUE,3.491377,0.044288,-27.635406,15.122967,40.62644,-11.097274,0.059657,-0.124538,4.733845,12.259796,18.372444,12.257982,-1.420963,1.076484,31.536328,0.655091,0.757991,0.680587,1.517748,1.070727,-3.237866,1.651961,-3605100,95.11432,-949053662.985436,0.026244,33.140787,-2.312582,-1.616412,104.091849,-0.006973,-0.29897,0.824977,0.757991,-2.559751
11-19-25,38.950001,39.200001,38.889999,39.099998,541700,39.64925,39.209553,35.718024,0.020734,0.056702,0.019758,FALSE,TRUE,3.491529,0.041973,-16.022172,15.706967,44.909851,-6.650428,0.021275,-0.130336,5.37947,14.555021,19.134172,28.387022,-0.407539,1.09335,32.775684,0.654668,0.75992,0.679084,1.641402,1.546335,-3.237866,1.098003,-3063400,10.618746,-948861453.307223,0.041188,39.935271,-2.08286,-1.202867,104.107944,-0.003533,-0.151207,0.824066,0.75992,-1.67579
11-20-25,39.5,39.639999,38.599998,38.625,905500,39.606,39.221421,35.740046,0.016835,0.056222,0.019812,FALSE,TRUE,3.481375,0.038899,-30.545102,15.13947,39.133168,-6.799342,-0.046931,-0.158834,4.043344,13.294806,17.651764,1.552889,-2.190432,1.244568,39.916907,0.675456,0.785469,0.690818,1.918153,0.949619,-3.79826,1.729919,-3968900,198.057933,-949723417.034619,-0.05319,32.422266,-2.026812,-1.322837,103.675014,-0.009609,-0.406154,0.831155,0.785469,-2.457605
11-21-25,38.799999,39.23,38.639999,38.990002,705500,39.56775,39.235004,35.762684,0.012809,0.055662,0.019868,FALSE,TRUE,3.47232,0.036253,-22.037845,14.612509,44.988819,4.362379,-0.070717,-0.146096,3.909842,15.370402,18.72816,24.223792,-1.924285,1.297952,42.023642,0.684462,0.798885,0.702535,2.062063,1.364267,-3.79826,1.303223,-3263400,103.197005,-949591877.879025,-0.02681,25.73995,-1.945546,-0.159938,103.907689,0.003764,0.160042,0.838173,0.798885,-1.374817
11-24-25,39.150002,39.525002,39.099998,39.509998,643000,39.5425,39.260383,35.78765,0.009065,0.055048,0.019926,TRUE,TRUE,3.472733,0.034436,0.463959,13.701226,52.06413,7.154279,-0.047066,-0.097955,5.858436,15.121875,19.491924,56.521708,-1.262029,1.295332,40.690916,0.703499,0.813032,0.715349,2.059268,1.78873,-3.79826,1.158757,-2620400,72.89594,-948994275.484310,-0.00324,33.280228,-1.954876,-0.938402,104.040261,0.00504,0.21318,0.845783,0.813032,-0.079874
11-25-25,39.580002,39.919998,39.419998,39.900002,422200,39.5395,39.292564,35.815997,0.005914,0.054389,0.019986,TRUE,TRUE,3.476567,0.032852,3.378411,13.654278,56.575248,17.44208,0.003112,-0.038222,6.703745,15.55829,20.137643,80.745501,-0.150144,1.300573,40.387909,0.709016,0.828753,0.748644,2.048751,2.312459,-3.79826,0.762748,-2198200,-6.13606,-948605845.815120,0.049897,34.07904,-1.482151,-0.83848,103.944627,0.02019,0.901649,0.865242,0.828753,0.892598
11-26-25,40,40.18,40,40.110001,435100,39.554,39.331539,35.843865,0.003485,0.053696,0.020048,TRUE,TRUE,3.487674,0.031344,14.383583,14.075117,58.822332,13.833512,0.059142,0.014246,7.437286,16.701808,20.414852,93.788917,0.72828,1.275956,41.938765,0.70977,0.825374,0.750878,1.999796,2.576148,-3.79826,0.801341,-1763100,-32.678323,-948509154.877130,0.062748,39.653783,-1.136831,-0.549541,103.677832,0.02266,1.015391,0.866532,0.825374,1.325744
11-27-25,40.200001,40.424999,40.16,40.400002,334700,39.59,39.376314,35.87338,0.001821,0.052991,0.020112,TRUE,TRUE,3.502934,0.030399,22.319468,14.8712,61.764801,9.700671,0.1255,0.064484,8.098548,17.477907,20.682222,98.630263,1.814519,1.228784,45.973426,0.713043,0.824919,0.740232,2.425697,2.683099,-3.79826,0.621264,-1428400,-20.157443,-948237600.184322,0.12381,45.992179,-0.697307,-0.171399,104.337147,0.033612,1.468221,0.860367,0.824919,1.76189
11-28-25,40.200001,40.34,40,40.34,486600,39.6155,39.414901,35.902841,0.000806,0.052271,0.020179,TRUE,TRUE,3.51206,0.029707,11.352667,15.187729,60.796796,4.221548,0.171273,0.088205,8.429951,17.778084,20.750276,95.342518,1.280438,1.209364,48.707778,0.708095,0.816873,0.731634,2.400552,2.336486,-3.79826,0.89465,-1915000,26.917058,-947751000.184322,0.158407,40.084894,-0.152842,-0.45294,103.800728,0.021863,0.94614,0.855356,0.816873,1.487442
12-01-25,40,40.150002,39.939999,39.98,560400,39.6185,39.444294,35.929713,0.000039,0.051509,0.020248,TRUE,TRUE,3.514581,0.028509,0.340508,15.322056,55.206285,-3.616047,0.176466,0.074718,7.664359,16.156301,18.491602,75.616465,0.150304,1.257773,48.923201,0.719203,0.821137,0.739335,2.399382,1.835457,-3.79826,1.020858,-2475400,21.985198,-948097912.531055,0.110289,34.450762,0.162608,0.048277,103.836046,0.017388,0.751737,0.859846,0.821137,0.738912
12-02-25,40.119999,40.150002,39.895,40.02,425200,39.645,39.4694,35.95718,-0.000544,0.05071,0.020319,TRUE,TRUE,3.51222,0.02737,-3.051664,15.322192,55.693798,-6.071003,0.181714,0.063973,7.339608,15.93907,18.541322,77.808295,1.342109,1.258301,49.620969,0.719114,0.822585,0.74132,2.40684,1.804414,-3.79826,0.782891,-2050200,-21.535339,-948106251.532057,0.151,29.420454,0.362864,-0.285528,103.939937,0.014249,0.618445,0.861,0.822585,0.75573
12-03-25,39.970001,40.130001,39.950001,40.119999,298200,39.6635,39.4988,35.984233,-0.000717,0.049887,0.020393,TRUE,TRUE,3.514567,0.026474,13.054824,15.322319,56.955045,-3.841751,0.191732,0.059193,6.722745,16.328851,18.872015,83.287661,0.930815,1.180388,50.710795,0.718821,0.821858,0.742159,2.358163,1.780584,-3.79826,0.550362,-1752000,-7.962963,-947841191.887247,0.170543,33.95219,0.020647,-0.825183,103.815989,0.010043,0.436799,0.861486,0.821858,0.900201
12-04-25,40.220001,40.294998,40.16,40.279999,255900,39.7035,39.532,36.012062,-0.000550,0.049044,0.020468,TRUE,TRUE,3.519938,0.025904,16.834111,15.682843,58.967713,3.761428,0.210159,0.062096,6.751821,17.196425,19.00076,92.054773,2.026341,1.093241,52.316895,0.719457,0.808323,0.7355,2.300893,1.819268,-3.79826,0.482675,-1496100,-47.668712,-947642156.947012,0.222189,38.874831,-0.734933,-1.200964,103.135435,0.002407,0.103266,0.857613,0.808323,1.101936
12-05-25,40.240002,40.290001,39.970001,40,436400,39.7345,39.5614,36.039305,-0.000246,0.048179,0.020546,TRUE,TRUE,3.522095,0.025224,19.230762,15.425992,54.192322,-1.501476,0.199866,0.041442,5.813957,15.401246,17.815595,76.71238,1.5744,1.061608,52.135704,0.721704,0.811654,0.734864,2.187546,1.289567,-3.79826,0.847066,-1932500,-40.706522,-947996735.198448,0.122808,40.544604,-1.243233,-1.943442,102.948035,-0.003978,-0.169919,0.857242,0.811654,0.509248
12-08-25,40,40.02,39.869999,39.939999,449300,39.738,39.5863,36.067951,0.000844,0.047289,0.020626,TRUE,TRUE,3.518348,0.024233,30.61797,14.886941,53.198107,-3.756938,0.184737,0.021051,5.321772,15.277531,17.723773,73.424635,0.17557,0.984513,52.254815,0.721521,0.808745,0.732723,1.956156,1.301717,-3.79826,0.871057,-2381800,2.838178,-948026694.625741,0.086481,42.552341,-0.965662,-1.766749,103.394995,-0.00177,-0.075328,0.855992,0.808745,0.386565
12-09-25,39.919998,40.029999,39.880001,39.919998,326200,39.73575,39.6082,36.096794,0.002269,0.04636,0.020707,TRUE,TRUE,3.511406,0.0232,24.624602,14.412883,52.850049,-6.117664,0.169183,0.004397,4.965337,14.826113,16.788226,72.32872,-0.112603,0.94922,52.16153,0.721663,0.812772,0.735267,1.785435,1.235293,-3.79826,0.635409,-2708000,-13.013333,-948178931.247393,0.052841,37.738129,-1.191337,-2.046428,103.209041,0.000523,0.022364,0.857477,0.812772,0.353227
12-10-25,39.93,40.18,39.869999,40.130001,439700,39.73475,39.6318,36.126292,0.004051,0.045411,0.020789,TRUE,TRUE,3.505508,0.022201,49.102708,14.372906,56.098002,1.90568,0.171821,0.005628,4.748318,15.561773,17.672341,83.473491,-0.049814,0.814318,52.079784,0.721957,0.809524,0.735433,1.356784,1.551673,-3.79826,0.852313,-2268300,12.946314,-947881067.164455,0.078549,48.076144,-1.382034,-1.74966,102.949947,0.000715,0.030557,0.857574,0.809524,0.758934
12-11-25,40,40.279999,39.970001,40.220001,386800,39.76475,39.6522,36.155598,0.006372,0.04445,0.020874,TRUE,TRUE,3.496602,0.021239,44.08593,14.594235,57.450768,4.252662,0.17911,0.010334,5.174917,15.689043,18.549085,84.528461,1.514392,0.760105,53.102079,0.722082,0.80754,0.734707,0.992465,1.633577,-3.79826,0.757377,-1881500,-21.125612,-947643991.283376,0.138347,57.621783,-1.992478,-1.966209,102.67375,-0.000755,-0.032207,0.85715,0.80754,0.857314
12-12-25,40.240002,40.27,39.799999,39.93,590300,39.78075,39.6651,36.184589,0.009079,0.04347,0.020959,TRUE,TRUE,3.480511,0.020111,16.40627,14.200595,51.901228,-0.948821,0.159645,-0.007305,4.280576,16.178089,16.951531,50.746427,0.807876,0.753998,53.093358,0.725704,0.8096,0.730351,0.857327,1.124328,-3.79826,1.156091,-2471800,-0.371308,-947907740.512322,0.079913,46.619582,-2.073331,-1.696797,102.151704,-0.014545,-0.612699,0.854606,0.8096,0.281109
12-15-25,40.169998,40.220001,39.880001,39.939999,546700,39.81525,39.6743,36.211903,0.011807,0.042462,0.021047,TRUE,TRUE,3.462397,0.019083,1.834726,13.835072,52.073119,-4.024883,0.143373,-0.018862,4.661104,15.54164,17.520214,22.399902,1.757958,0.725195,51.686192,0.725281,0.823381,0.739182,0.84747,1.03939,-3.79826,1.093389,-1925100,-27.933035,-948261495.509012,0.077137,47.821306,-1.894407,-1.853807,102.286796,-0.004665,-0.19993,0.859757,0.823381,0.241358
12-16-25,39.799999,39.849998,39.57,39.709999,574000,39.85825,39.6767,36.239448,0.014512,0.041418,0.021135,TRUE,TRUE,3.437252,0.018031,-18.18185,13.220321,47.837904,-9.612864,0.110643,-0.041273,4.0584,15.33868,16.978293,16.374206,2.213644,0.745584,46.555943,0.725592,0.819537,0.741261,0.94327,0.588141,-3.79826,1.17582,-2499100,-29.19699,-948261495.509012,0.081136,39.185544,-1.623941,-1.463956,102.444412,-0.007933,-0.341213,0.860965,0.819537,-0.318436
12-17-25,39.869999,39.880001,39.48,39.48,403700,39.87725,39.6791,36.26772,0.017059,0.040324,0.021225,FALSE,TRUE,3.41138,0.016354,-42.990683,12.916222,43.985302,-7.915926,0.065391,-0.06922,2.784078,14.178195,16.233698,0,0.97187,0.765307,44.004032,0.728748,0.821896,0.733511,0.995792,0.482741,-3.79826,0.838822,-2902800,-25.475355,-948665195.509012,0.02039,33.002929,-2.394215,-2.565932,101.851056,-0.01893,-0.798783,0.856452,0.821896,-0.902759
12-18-25,39.810001,39.950001,39.689999,39.77,317300,39.9345,39.6831,36.295961,0.019398,0.039206,0.021315,TRUE,TRUE,3.387139,0.015055,-24.050592,12.385172,49.506973,-2.566146,0.052326,-0.065828,3.270911,15.181781,17.155046,35.582994,2.964402,0.772298,32.902532,0.734087,0.824531,0.737055,0.937402,0.77195,-3.79826,0.702209,-2585500,-64.958586,-948787231.105714,0.103592,39.571019,-1.676237,-2.706072,101.807788,-0.018112,-0.763799,0.858519,0.824531,-0.49996
12-19-25,39.900002,40.189999,39.869999,40.130001,380700,39.9915,39.6961,36.32847,0.021454,0.038084,0.021407,TRUE,TRUE,3.36763,0.014131,6.329171,11.904023,55.386272,7.548368,0.070212,-0.038354,3.522006,16.357853,20.723381,79.754923,2.923825,0.768929,24.474039,0.74128,0.829035,0.740573,0.921416,1.170719,-3.79826,0.873927,-2204800,-46.038271,-948549287.932837,0.119667,47.794496,-1.757637,-2.574818,101.878004,-0.013866,-0.583007,0.860566,0.829035,0.565911
12-22-25,40.25,40.290001,40.16,40.290001,522000,40.0305,39.7303,36.360199,0.023031,0.036969,0.021501,TRUE,TRUE,3.370101,0.013659,10.843385,11.76193,57.741378,13.756076,0.096189,-0.009902,4.243207,15.890391,21.74273,99.386839,1.97419,0.749034,22.535331,0.741048,0.830861,0.747072,0.924791,1.16054,-3.79826,1.215169,-1682800,-18.81804,-948027287.932837,0.112553,56.321847,-2.026458,-3.056146,101.786726,-0.021625,-0.921094,0.864333,0.830861,1.151529
12-23-25,40.259998,40.330002,40.220001,40.310001,366900,40.051,39.7513,36.395435,0.02412,0.035872,0.021595,TRUE,TRUE,3.355865,0.013352,7.883907,11.75291,58.039564,8.532591,0.11704,0.00876,4.375977,14.836175,21.015278,97.647011,1.027569,0.736258,23.142401,0.740228,0.836012,0.748743,0.95647,1.059487,-3.79826,0.859643,-1315900,-13.098058,-947793808.428051,0.09513,56.867423,-2.23969,-3.685195,101.64381,-0.018932,-0.809997,0.865299,0.836012,1.119164
12-24-25,40.32,40.380001,40.240002,40.34,223214,40.0625,39.7679,36.431758,0.024833,0.034824,0.021692,TRUE,TRUE,3.336142,0.013223,2.631636,11.902769,58.51243,3.126158,0.134436,0.020924,4.697642,15.324704,20.43253,95.555461,0.573422,0.729513,24.006352,0.739462,0.834974,0.748634,1.015087,0.972017,-3.79826,0.5363,-1092686,-48.69823,-947698148.760694,0.097427,56.619048,-2.089285,-3.976769,101.762411,-0.019563,-0.837656,0.865236,0.834974,1.155945
12-29-25,40.25,40.290001,40.150002,40.259998,662400,40.0555,39.7856,36.46704,0.025249,0.033803,0.021789,TRUE,TRUE,3.31856,0.01331,12.499885,11.665029,56.678031,-1.063347,0.140151,0.021311,4.044447,14.638361,19.356108,86.666384,-0.346543,0.707898,23.159602,0.736227,0.83356,0.754164,0.991196,0.67436,-3.79826,1.531222,-1755086,97.908575,-947319660.259332,0.106097,54.409967,-2.563583,-3.637232,101.753964,-0.027996,-1.217486,0.868426,0.83356,0.882997
12-30-25,40.150002,40.169998,40.049999,40.049999,536900,40.041,39.8012,36.502555,0.025161,0.032793,0.021888,TRUE,TRUE,3.298645,0.013137,4.932755,11.036776,52.063952,-5.975611,0.126279,0.005952,3.15518,13.140658,19.113966,63.333192,-0.718892,0.722311,22.171371,0.739508,0.835563,0.751798,0.974246,0.407175,-3.79826,1.233939,-2291986,10.337032,-947856560.259332,-0.01213,53.592952,-2.529693,-5.156855,101.330389,-0.036838,-1.587273,0.867063,0.835563,0.04059
12-31-25,40.099998,40.139999,39.869999,39.889999,630800,40.0365,39.8048,36.534654,0.024417,0.031789,0.021988,TRUE,TRUE,3.270146,0.012991,-1.26577,10.722685,48.803991,-9.708438,0.101209,-0.015295,2.413347,12.752197,20.030322,45.555461,-0.225113,0.746696,22.391934,0.739075,0.852799,0.759929,0.980107,0.086708,-3.79826,1.438112,-2922786,12.562455,-948393906.426980,-0.033741,48.464879,-2.545333,-4.299087,101.419569,-0.02861,-1.25416,0.871739,0.852799,-0.654255
01-02-26,40.150002,40.380001,39.970001,40.16,1036600,40.0435,39.8198,36.567214,0.023562,0.030803,0.022089,TRUE,TRUE,3.252586,0.01345,1.234518,10.375087,54.034424,-2.643607,0.101951,-0.011642,2.448977,13.323692,20.771008,75.555461,0.349824,0.773691,22.555867,0.743215,0.856155,0.762866,0.977484,0.227993,-3.79826,2.209289,-1886186,143.791157,-948469761.794075,-0.038737,52.771527,-2.878707,-4.287937,101.54419,-0.029117,-1.277152,0.873422,0.856155,0.516496
01-05-26,40.389999,40.639999,40.389999,40.59,915700,40.067,39.8464,36.602937,0.022736,0.029858,0.022192,TRUE,TRUE,3.243463,0.014193,13.35736,10.861044,60.887775,8.823822,0.135674,0.017664,3.321879,13.832224,21.919325,95.68972,1.171489,0.795411,25.633275,0.75088,0.861486,0.765841,1.480381,0.807637,-3.79826,1.831123,-970486,207.075788,-947920336.205086,-0.007913,56.070396,-2.86552,-4.107792,101.641914,-0.0238,-1.039805,0.875124,0.861486,2.040318
01-06-26,40.66,40.93,40.66,40.91,793400,40.0985,39.8748,36.638309,0.022384,0.028953,0.022297,TRUE,TRUE,3.236491,0.015748,34.999993,12.059026,65.062497,16.258506,0.186075,0.054453,3.622088,14.569411,21.43995,98.620659,1.564054,0.766491,31.571627,0.754351,0.864999,0.767303,2.093642,0.8933,-3.79826,1.505644,-177086,210.042986,-947244479.436835,0.037734,64.712479,-1.697758,-3.86501,102.015579,-0.023685,-1.033229,0.875958,0.864999,2.570346
01-07-26,40.919998,41,40.720001,40.830002,804000,40.14,39.8963,36.674022,0.022521,0.028081,0.022403,TRUE,TRUE,3.222278,0.016945,31.010576,13.335657,63.245074,9.21065,0.217061,0.068351,3.132108,14.923199,21.451627,88.815913,2.075005,0.757496,35.428254,0.754158,0.854322,0.759642,1.996121,0.904721,-3.79826,1.474335,-981086,84.234647,-947416758.891876,0.053177,65.889435,-1.195662,-2.646221,102.716545,-0.017824,-0.765249,0.871574,0.854322,1.947603
01-08-26,40.810001,40.939999,40.740002,40.93,653200,40.1895,39.9146,36.710284,0.02281,0.027249,0.022512,TRUE,TRUE,3.204316,0.016706,44.525627,14.5211,64.577087,3.689312,0.246842,0.078505,3.98882,15.010933,22.323872,95.394758,2.478722,0.725977,39.201914,0.689096,0.793456,0.748089,1.875973,1.959427,-3.79826,1.175823,-327886,45.381705,-946828868.924683,0.10781,73.139582,-1.864941,-4.121107,102.044158,-0.000740,-0.033961,0.864921,0.793456,1.888939
01-09-26,41.119999,41.369999,41.099998,41.34,519900,40.2605,39.9422,36.747016,0.0234,0.02648,0.022622,TRUE,TRUE,3.195184,0.01816,63.698691,16.545581,69.463471,4.400974,0.300067,0.105385,4.473087,15.515495,23.330856,98.214359,3.557119,0.725688,46.283452,0.664564,0.77701,0.731248,2.469697,1.728848,-3.79826,0.919834,192014,59.380748,-946424497.361084,0.155202,78.301903,-1.878923,-4.096492,102.425112,0.000390,0.017986,0.855131,0.77701,2.332367
01-12-26,41.259998,41.48,41.240002,41.470001,713200,40.3275,39.9752,36.78435,0.024141,0.025781,0.022735,TRUE,TRUE,3.190851,0.020136,61.594268,18.622926,70.837138,7.592064,0.348719,0.123229,5.040531,15.749722,23.427855,99.378986,3.339148,0.683797,53.440488,0.66135,0.775201,0.728228,2.521647,1.608309,-3.79826,1.232022,905214,62.201501,-945770721.247659,0.182277,79.334205,-2.501611,-3.917439,102.196173,-0.001437,-0.06617,0.853362,0.775201,2.137894
01-13-26,41.529999,41.549999,41.299999,41.380001,774800,40.3855,40.0092,36.82299,0.025294,0.025153,0.022849,TRUE,TRUE,3.18621,0.021627,50.200846,20.676534,68.538465,3.961379,0.375684,0.120155,7.257644,15.918032,24.884803,89.881063,2.884137,0.65594,58.287423,0.660188,0.781243,0.72639,2.36987,1.661095,-3.79826,1.295033,130414,100.310238,-946049637.898050,0.133243,80.269447,-1.876208,-4.206101,101.91132,-0.009982,-0.458859,0.852285,0.781243,1.706202
01-14-26,41.34,41.400002,41.16,41.360001,659800,40.457,40.0398,36.861456,0.026787,0.024594,0.022965,TRUE,TRUE,3.178344,0.022795,45.531931,21.902826,68.010297,-1.453174,0.390933,0.108323,5.348962,15.49092,25.347361,88.69056,3.581268,0.670073,61.108321,0.658818,0.792935,0.730569,2.24566,1.752231,-3.79826,1.096449,-529386,11.773674,-945609774.727105,0.190937,73.388726,-2.184824,-3.860645,101.820083,-0.018841,-0.874623,0.854733,0.792935,1.477705
01-15-26,41.529999,41.639999,41.459999,41.490002,505800,40.5345,40.0712,36.903145,0.028915,0.024114,0.023083,TRUE,TRUE,3.168055,0.024806,47.96751,23.514965,69.647577,-1.189561,0.408795,0.100948,5.011398,16.356224,25.666121,91.525555,3.880829,0.697241,63.96836,0.645504,0.783046,0.724081,2.154364,1.457962,-3.79826,0.8434,-23586,-7.481251,-945946960.434730,0.192969,73.819639,-2.023108,-4.154353,101.804478,-0.022134,-1.036245,0.85093,0.783046,1.493709
01-16-26,41.59,41.639999,41.419998,41.560001,639200,40.627,40.1126,36.944393,0.031961,0.023697,0.023203,TRUE,TRUE,3.168207,0.026325,48.800049,24.818137,70.522436,1.98397,0.423715,0.092695,5.54921,16.373494,24.243372,95.480339,4.658782,0.709816,64.788855,0.636308,0.799705,0.718103,2.146943,1.863307,-3.79826,1.060076,615614,11.358885,-945772619.055898,0.206383,74.962849,-2.132883,-3.365618,102.081063,-0.02569,-1.20711,0.84741,0.799705,1.440064
01-19-26,41.299999,41.580002,41.220001,41.5,955300,40.728,40.1476,36.985489,0.035595,0.02335,0.023325,TRUE,TRUE,3.162111,0.027371,50.000077,25.098294,68.694682,0.684385,0.42579,0.075816,5.678634,15.160179,23.517141,92.090432,5.116516,0.740102,61.635298,0.63407,0.803024,0.729177,1.977868,1.968461,-3.79826,1.515013,-339686,136.636116,-945241905.831637,0.27145,72.626531,-2.890882,-3.357226,101.912728,-0.018912,-0.909834,0.853919,0.803024,1.252528
01-20-26,41.18,41.209999,40.720001,40.759998,1435800,40.7775,40.1732,37.021599,0.039561,0.023036,0.023448,TRUE,TRUE,3.151601,0.02747,23.587993,23.535438,51.103437,-18.54414,0.363532,0.010846,2.644168,13.404909,19.940092,50.282438,2.489308,0.853427,57.363954,0.675368,0.833895,0.748665,1.798252,0.920043,-3.79826,2.091537,-1775486,352.505515,-946443305.473521,0.17072,66.651258,-3.321366,-3.885731,101.535563,-0.03466,-1.625014,0.865254,0.833895,-0.03051
01-21-26,40.889999,41.290001,40.75,41.139999,753500,40.828,40.2084,37.067725,0.04388,0.022777,0.023573,TRUE,TRUE,3.140675,0.02857,38.69965,22.31256,57.168968,-13.353468,0.340924,-0.009409,4.389748,14.462171,19.496017,70.059847,2.516816,0.892422,55.7878,0.680231,0.835926,0.738011,1.467422,1.015072,-3.79826,1.068611,-1021986,97.924875,-946108420.133236,0.173082,72.575273,-3.428357,-3.330083,102.120187,-0.027728,-1.264197,0.859076,0.835926,0.55926
