Date,Open,High,Low,Close,Volume,SMA20,SMA50,SMA200,SMA20_Slp,SMA50_Slp,SMA200_Slp,>MA50,>MA200,GoldenX,LinReg_Slp,Chande,ADX14,RSI14,RSI_D3,MACD_Line,MACD_Hist,RET_3M_pct,RET_6M_pct,RET_12M_pct,StochK14,ROC20_pct,ATR_pct,StdDev20,Vol60,Beta60,R2_60,Ulcer14,Sharpe60,MaxDD_6M_pct,Vol_vs_Avg,OBV,VolROC20,AD_Line,CMF20,MFI14,RS_3M,RS_6M,RS_Bench,Alpha60,InfoRatio,Corr60,Beta,ZScore
07-05-24,26.219999,26.25,26.219999,25.215466,61000,25.184083,25.02501,24.622353,0.012275,0.004502,0.003772,TRUE,TRUE,0.402657,0.008804,-5.704232,19.52161,60.78868,9.60396,0.037274,-0.01446,1.464883,2.090804,6.013479,-420.240325,0.217018,4.209489,4.874948,0.144086,0.031744,0.019839,0.340804,1.497826,-0.956762,1.576635,4147900,824.242424,-4243024922.862089,-82.148037,48.669124,2.041306,-3.58182,92.663352,0.029553,3.288801,0.14085,0.031744,0.643762
07-08-24,26.25,26.27,26.24,25.225075,41600,25.189689,25.034851,24.629572,0.011586,0.004652,0.003804,TRUE,TRUE,0.40528,0.008852,-0.743668,19.912618,61.715522,8.162692,0.038864,-0.010295,1.581498,2.09059,6.22054,-415.87252,0.446538,4.199978,4.653437,0.144086,0.032251,0.020303,0.34118,1.497081,-0.956762,1.051301,4189500,73.333333,-4245881183.78141,-82.266746,57.752849,2.008846,-3.084163,92.559881,0.029212,3.251608,0.14249,0.032251,0.760413
07-09-24,26.25,26.26,26.24,25.215466,25000,25.194816,25.043927,24.636836,0.010851,0.004806,0.003836,TRUE,TRUE,0.407091,0.00894,-14.187002,20.275697,60.18353,7.99345,0.038901,-0.008207,1.387053,1.973549,6.305399,-420.240325,0.408274,4.174067,4.315895,0.142735,0.040542,0.031678,0.248964,1.084074,-0.956762,0.635647,4164500,-16.107383,-4248467460.722093,-77.858152,52.774473,2.521475,-3.407967,92.774599,0.024885,2.812526,0.177982,0.040542,0.478455
07-10-24,26.280001,26.280001,26.27,25.244295,11200,25.200425,25.053005,24.644104,0.010096,0.004965,0.003868,TRUE,TRUE,0.408901,0.008957,1.884643,20.873496,63.139865,2.351185,0.040786,-0.005057,1.893681,2.246723,6.343276,-471.421975,0.446402,4.161047,4.185023,0.139147,0.035364,0.027129,0.270342,1.767539,-0.956762,0.290683,4175700,-58.823529,-4250776188.091919,-79.922423,58.294321,0.799656,-4.616716,91.507117,0.029432,3.404246,0.164709,0.035364,1.048254
07-11-24,26.32,26.34,26.309999,25.292337,31200,25.20652,25.063618,24.651758,0.009363,0.00513,0.0039,TRUE,TRUE,0.41186,0.009059,16.225102,22.120897,67.473906,5.758385,0.045631,-0.00017,2.048289,2.206172,6.629482,-423.829369,0.484262,4.156884,4.593107,0.140539,0.040505,0.034949,0.433444,1.963359,-0.956762,0.933992,4206900,-76.664174,-4252924076.705308,-87.930829,70.52268,-0.249016,-5.819284,91.035071,0.030192,3.471561,0.186946,0.040505,1.868396
07-12-24,26.33,26.35,26.33,25.321169,22900,25.211181,25.073851,24.659509,0.008623,0.0053,0.003932,TRUE,TRUE,0.414342,0.009229,24.707069,23.384026,69.771045,9.587515,0.051206,0.004324,1.968469,2.20536,6.332747,-389.917439,0.369495,4.13963,5.248265,0.140525,0.041685,0.037407,0.527043,1.960933,-0.956762,0.779973,4229800,-77.938343,-4255257146.875059,-91.325248,70.951032,-1.858402,-6.217513,90.606629,0.029735,3.423708,0.193408,0.041685,2.095705
07-15-24,26.360001,26.389999,26.360001,25.330776,34500,25.215843,25.08332,24.667402,0.007896,0.005473,0.003964,TRUE,TRUE,0.415919,0.009323,24.711556,24.956744,70.51823,7.378365,0.055757,0.0071,2.242745,2.283235,6.165072,-323.68927,0.36943,4.125992,5.871774,0.138367,0.042833,0.040811,0.55077,2.357878,-0.956762,1.135242,4264300,148.201439,-4257658959.311478,-90.508462,71.717475,-2.673864,-6.215136,90.324546,0.032756,3.837128,0.202017,0.042833,1.957393
07-16-24,26.389999,26.4,26.379999,25.359602,21500,25.222425,25.092219,24.675345,0.00724,0.005652,0.003996,TRUE,TRUE,0.416875,0.009449,42.856198,26.512377,72.69871,5.224803,0.060987,0.009864,2.280345,2.674375,6.369105,-300.152588,0.521838,4.14304,6.694901,0.138727,0.044578,0.045111,0.62649,2.495432,-0.956762,0.72832,4285800,-44.730077,-4259874263.049796,-89.79892,78.949955,-4.316437,-7.474011,89.489994,0.033535,3.927001,0.212393,0.044578,2.048977
07-17-24,26.360001,26.4,26.35,25.359602,20600,25.22709,25.101309,24.683053,0.006633,0.005833,0.004028,TRUE,TRUE,0.418256,0.009544,62.160364,27.190362,72.69871,2.927665,0.06439,0.010613,2.162467,2.911049,6.452405,-300.152588,0.369289,4.156287,7.313245,0.138727,0.045449,0.047322,0.581581,2.495432,-0.956762,0.695711,4285800,9.574468,-4260710963.789858,-88.655924,78.529142,-3.815682,-7.944528,89.930191,0.034122,4.000362,0.217537,0.045449,1.811941
07-18-24,26.4,26.41,26.370001,25.340384,16100,25.232232,25.109823,24.690806,0.006083,0.006015,0.00406,TRUE,TRUE,0.419018,0.009577,52.630424,27.936864,68.76611,-1.75212,0.064789,0.00881,2.242143,2.833059,6.163821,-296.15352,0.407497,4.161972,7.739716,0.139419,0.048749,0.053969,0.537595,2.339229,-0.956762,0.561171,4269700,-53.333333,-4261555926.276149,-88.532421,78.236314,-2.928017,-7.132551,90.332515,0.033536,3.925925,0.232312,0.048749,1.397353
07-19-24,26.360001,26.379999,26.360001,25.330776,11600,25.237374,25.118337,24.698887,0.005604,0.006199,0.004092,TRUE,TRUE,0.41945,0.009556,44.443771,28.366436,66.820172,-5.878538,0.063596,0.006094,2.164085,2.912688,6.123571,-299.711779,0.407577,4.157293,8.045267,0.139591,0.048702,0.052616,0.502899,2.293739,-0.956762,0.442242,4258100,-80.921053,-4262761513.114489,-86.59321,74.434855,-2.280157,-6.132693,90.377129,0.032678,3.817964,0.229382,0.048702,1.160964
07-22-24,26.379999,26.379999,26.35,25.330776,18400,25.242994,25.126659,24.706733,0.005217,0.006382,0.004124,TRUE,TRUE,0.419926,0.009409,67.744703,28.496802,66.820172,-5.878538,0.061938,0.003548,2.164085,2.754576,6.414771,-315.085647,0.44573,4.178795,8.294298,0.135204,0.046253,0.051585,0.44131,2.820978,-0.956762,0.699753,4258100,7.602339,-4264030212.300654,-86.414468,75.044264,-2.68978,-7.182283,89.67229,0.036121,4.354805,0.227122,0.046253,1.058346
07-23-24,26.379999,26.4,26.370001,25.359602,29400,25.249576,25.136896,24.714441,0.004977,0.006564,0.004155,TRUE,TRUE,0.422455,0.009324,68.752093,28.902085,69.794499,1.028389,0.062232,0.003074,2.280345,2.911049,6.285885,-303.998826,0.521838,4.176353,8.68198,0.135184,0.043874,0.046613,0.38094,2.81714,-0.956762,1.106095,4287500,24.050633,-4266040074.660776,-86.037879,73.863187,-1.524608,-6.13564,90.112695,0.036839,4.430498,0.2159,0.043874,1.267288
07-24-24,26.43,26.450001,26.42,25.388435,37300,25.259666,25.147519,24.722481,0.004923,0.006744,0.004187,TRUE,TRUE,0.425037,0.009302,76.472031,29.90402,72.454406,5.634234,0.064053,0.003916,2.41244,2.988471,6.656998,-361.547265,0.801224,4.190909,9.075699,0.135164,0.040982,0.041513,0.387979,2.813389,-0.956762,1.389976,4324800,15.838509,-4268642473.535466,-87.029208,80.224107,-1.413503,-5.22991,90.820826,0.0375,4.498552,0.203748,0.040982,1.418833
07-25-24,26.440001,26.459999,26.43,25.407654,19100,25.27312,25.158334,24.730054,0.005095,0.006922,0.004218,TRUE,TRUE,0.428281,0.009229,71.429989,30.947931,74.092054,7.271882,0.066283,0.004917,2.727677,2.896107,6.956248,-378.340255,1.07033,4.176536,9.180078,0.133682,0.035606,0.030216,0.403695,3.223373,-0.956762,0.711095,4343900,2.688172,-4269963414.37982,-85.836065,77.809213,-1.036778,-4.921825,90.916098,0.040319,4.861889,0.173827,0.035606,1.465501
07-26-24,26.42,26.42,26.4,25.454865,52400,25.288453,25.168373,24.737862,0.005488,0.007097,0.00425,TRUE,TRUE,0.430511,0.009279,74.933138,31.064907,77.613083,7.818583,0.071041,0.00774,2.799335,3.246023,6.902498,-356.880782,1.219448,4.156951,9.537822,0.133547,0.039446,0.038084,0.513406,3.212284,-0.956762,1.845395,4396300,141.474654,-4274968209.039366,-82.16182,63.557192,-1.466452,-5.448886,90.294144,0.039352,4.769391,0.195152,0.039446,1.744753
07-29-24,26.43,26.440001,26.42,25.464495,20500,25.302826,25.178605,24.746001,0.006046,0.007269,0.004281,TRUE,TRUE,0.432604,0.00939,81.20145,31.443015,78.262067,5.807662,0.074727,0.009141,2.719249,3.126302,7.28001,-423.95346,1.141787,4.141413,9.928322,0.132092,0.03745,0.034958,0.480767,2.937515,-0.956762,0.7285,4416800,-19.921875,-4276947450.218081,-83.336047,70.27534,-1.363478,-4.873997,90.432998,0.037306,4.563855,0.18697,0.03745,1.628354
07-30-24,26.469999,26.48,26.450001,25.503038,26000,25.32153,25.190181,24.754332,0.006739,0.007439,0.004313,TRUE,TRUE,0.435849,0.009628,81.778614,32.283101,80.676567,6.584513,0.079838,0.011402,2.993885,3.24273,7.231147,-474.682763,1.488582,4.121422,10.003934,0.13054,0.034885,0.030796,0.555231,2.811528,-0.956762,0.916946,4442800,19.815668,-4278614918.427643,-77.869056,71.503897,-2.653842,-4.968434,90.282108,0.036354,4.490589,0.175489,0.034885,1.814373
07-31-24,26.469999,26.51,26.459999,25.541574,33800,25.341199,25.201572,24.762998,0.007534,0.007606,0.004344,TRUE,TRUE,0.438575,0.009879,81.214185,33.387485,82.740671,5.127589,0.086007,0.014056,2.950768,3.200516,7.182428,-438.013394,1.564244,4.090386,10.27995,0.130929,0.045056,0.049807,0.643362,3.186059,-0.956762,1.220437,4476600,-28.085106,-4279890400.075555,-77.69243,71.725909,-3.915806,-7.346964,89.360236,0.038933,4.842624,0.223176,0.045056,1.94919
08-01-24,26.530001,26.58,26.530001,25.60902,18800,25.36472,25.214561,24.771953,0.008416,0.007773,0.004376,TRUE,TRUE,0.442608,0.010223,83.313736,35.037327,85.633208,7.371141,0.095241,0.018632,3.024112,3.275017,7.676763,-322.165923,1.871355,4.074248,10.770303,0.134024,0.02705,0.019088,0.835349,3.558009,-0.649838,0.680051,4495400,-5.050505,-4280601787.944633,-75.461884,71.418513,-1.628263,-5.136754,91.078218,0.044767,5.353845,0.13816,0.02705,2.268273
08-02-24,26.639999,26.690001,26.639999,25.705366,51000,25.389215,25.229669,24.781437,0.009416,0.007946,0.004408,TRUE,TRUE,0.448232,0.010669,86.662195,37.255062,88.578032,7.901465,0.109075,0.025973,3.173637,4.021836,7.996898,-189.598223,1.942858,4.062353,12.6108,0.140152,0.001413,0.000055,1.119513,4.185062,-0.649838,1.878799,4546400,-16.393443,-4282559396.146044,-72.820912,72.713409,1.291589,-2.222103,93.344096,0.052806,5.981277,0.007421,0.001413,2.506984
08-06-24,26.639999,26.65,26.59,25.647558,39700,25.41034,25.243812,24.790585,0.010497,0.008121,0.00444,TRUE,TRUE,0.453227,0.010992,62.43311,38.15809,78.218339,-4.522332,0.114059,0.024766,2.981118,4.107759,7.796406,-206.600545,1.674855,4.036811,13.239407,0.14466,0.011195,0.003349,1.061925,3.573141,-0.649838,1.467652,4506700,-4.567308,-4283846272.081448,-70.175764,63.878099,3.703964,-1.927401,94.222962,0.048621,5.344465,0.05787,0.011195,1.791762
08-07-24,26.6,26.610001,26.58,25.60902,116600,25.430017,25.257759,24.799258,0.011609,0.008299,0.004472,TRUE,TRUE,0.458501,0.011098,49.907449,38.776455,72.159356,-13.473853,0.11359,0.019438,2.786933,3.711603,7.045347,-217.93524,1.560767,4.021143,13.114666,0.141026,0.009621,0.002599,1.004232,3.887186,-0.649838,3.686374,4390100,366.4,-4291510448.125697,-68.041396,51.317076,3.775535,-1.768485,94.222594,0.050548,5.697342,0.05098,0.009621,1.364907
08-08-24,26.549999,26.59,26.549999,25.59938,34900,25.447772,25.271706,24.807649,0.012709,0.008477,0.004505,TRUE,TRUE,0.464057,0.011163,52.836804,38.697387,70.68441,-17.893621,0.11116,0.013605,2.787673,3.752321,7.130711,-220.770456,1.406597,4.003287,12.86931,0.141477,0.004848,0.000706,0.936282,3.732474,-0.649838,1.063538,4355200,211.607143,-4293204139.867066,-64.647191,46.264895,1.962974,-3.370931,92.684594,0.049055,5.506132,0.026575,0.004848,1.178066
08-09-24,26.6,26.610001,26.59,25.628286,8300,25.464569,25.286805,24.816089,0.013773,0.008658,0.004537,TRUE,TRUE,0.470716,0.011249,58.394699,38.814561,72.499622,-5.718717,0.110294,0.010192,2.864261,4.029531,7.251679,-212.268734,1.328264,3.990691,12.926088,0.141708,0.005459,0.000896,0.855198,3.865388,-0.649838,0.262078,4363500,-73.397436,-4294010644.044065,-64.866699,48.201907,2.188025,-3.505115,92.434267,0.050247,5.631346,0.02993,0.005459,1.266565
08-12-24,26.6,26.629999,26.59,25.647558,31600,25.480888,25.301332,24.824862,0.014756,0.008836,0.00457,TRUE,TRUE,0.47647,0.011471,59.911117,39.111159,73.670195,1.510839,0.109897,0.007836,3.218837,4.107759,7.458495,-225.763536,1.288998,3.974461,13.079797,0.136344,0.005127,0.000855,0.763736,3.491967,-0.649838,0.98427,4395100,37.991266,-4295531339.232658,-62.722617,53.058445,1.978389,-3.341563,92.232329,0.045724,5.325944,0.029241,0.005127,1.274253
08-13-24,26.66,26.68,26.65,25.705366,29000,25.499618,25.315481,24.833547,0.015675,0.009011,0.004602,TRUE,TRUE,0.481934,0.011748,61.994296,39.818665,76.852955,6.168544,0.112944,0.008707,3.411708,4.382633,7.954526,-239.528031,1.478794,3.955302,13.492585,0.138152,0.009444,0.002891,0.673837,3.87792,-0.649838,0.91109,4424100,-15.942029,-4297386588.835303,-62.405953,53.052714,0.918501,-3.87394,91.580314,0.049224,5.664304,0.05377,0.009444,1.524898
08-14-24,26.67,26.690001,26.67,25.69573,32600,25.516424,25.328287,24.841901,0.016511,0.009183,0.004634,TRUE,TRUE,0.486385,0.01192,57.060942,40.556973,75.220713,2.721091,0.113276,0.007231,3.333195,4.625717,7.914058,-242.850754,1.325448,3.927385,13.747749,0.136945,0.011282,0.00418,0.587857,4.061742,-0.649838,1.006639,4391500,51.627907,-4300595235.90759,-62.870114,52.656377,0.183826,-6.88333,90.990526,0.050461,5.861685,0.064651,0.011282,1.304256
08-15-24,26.65,26.65,26.629999,25.666826,17900,25.531786,25.339556,24.850252,0.017198,0.009348,0.004667,TRUE,TRUE,0.489304,0.012082,47.27496,40.301204,70.39133,-3.278865,0.10994,0.003115,2.861056,4.226133,7.962259,-252.817605,1.211471,3.899166,13.619052,0.137273,0.005575,0.001062,0.501368,3.46555,-0.649838,0.555039,4373600,-13.106796,-4302337175.960995,-64.536763,49.062675,-1.566615,-6.965882,89.696027,0.045494,5.263866,0.032581,0.005575,0.991557
08-16-24,26.65,26.65,26.629999,25.676462,67300,25.54859,25.35006,24.858652,0.017747,0.009506,0.004699,TRUE,TRUE,0.491408,0.012201,43.395324,40.063704,71.058439,-5.794516,0.106841,0.000014,2.899673,4.144832,8.13042,-275.383942,1.326257,3.889587,13.200048,0.136702,0.004443,0.000676,0.429464,3.649286,-0.649838,1.933352,4440900,318.012422,-4308821633.008487,-67.890989,60.40115,-1.555586,-5.431766,89.65302,0.046987,5.458257,0.026004,0.004443,0.968729
08-19-24,26.639999,26.65,26.629999,25.666826,49900,25.565392,25.360179,24.866485,0.018143,0.009657,0.004731,TRUE,TRUE,0.493695,0.012247,39.622007,39.843169,69.37512,-5.845593,0.102428,-0.00352,2.979421,4.185971,8.047263,-326.323026,1.326647,3.887819,12.395866,0.136693,0.002482,0.000208,0.351179,3.651219,-0.649838,1.358747,4391000,330.172414,-4313677655.838927,-69.320821,53.540978,-0.976158,-5.502985,89.390162,0.047103,5.470761,0.014439,0.002482,0.818291
08-20-24,26.690001,26.700001,26.68,25.715004,22700,25.584603,25.372221,24.874606,0.018408,0.009802,0.004764,TRUE,TRUE,0.497615,0.012316,40.740008,40.180893,72.839504,2.448174,0.101646,-0.003442,2.975198,4.060838,8.164909,-310.412461,1.516842,3.885444,11.514449,0.137404,0.00176,0.000104,0.310432,4.067723,-0.649838,0.61451,4413700,23.369565,-4315890847.389566,-70.19577,53.28184,-0.596341,-5.256456,89.890028,0.050958,5.887518,0.010188,0.00176,1.132495
08-21-24,26.67,26.709999,26.67,25.73427,10500,25.603337,25.384647,24.882258,0.018532,0.00994,0.004795,TRUE,TRUE,0.502389,0.012326,38.460777,40.233237,74.101226,3.042787,0.101411,-0.002941,3.103812,4.178814,8.245948,-442.076485,1.477421,3.879213,10.678619,0.135684,0.001975,0.000134,0.314675,4.490165,-0.649838,0.291707,4424200,-64.285714,-4316392617.810624,-69.943802,51.248578,-1.196282,-5.819162,89.676029,0.054105,6.330497,0.011592,0.001975,1.226126
08-22-24,26.67,26.67,26.65,25.676462,14600,25.617738,25.395535,24.88981,0.018488,0.010073,0.004827,TRUE,TRUE,0.505725,0.012178,13.724988,39.761712,64.429803,-4.945317,0.095461,-0.007113,2.911724,3.984729,8.173013,-545.961185,1.13448,3.859378,9.505655,0.139903,0.002972,0.000284,0.292754,4.002751,-0.649838,0.418818,4409600,-60.857909,-4317828549.948713,-70.548016,48.090376,-1.773475,-4.893525,89.704106,0.050915,5.778024,0.016857,0.002972,0.61778
08-23-24,26.690001,26.719999,26.67,25.724634,26300,25.633587,25.406618,24.897461,0.018344,0.0102,0.004859,TRUE,TRUE,0.509157,0.012018,4.347414,39.902837,68.159218,-4.680286,0.093554,-0.007216,3.144429,3.927592,7.950618,-485.508645,1.247578,3.841755,8.396325,0.139255,-0.002099,0.000134,0.291383,4.597196,-0.649838,0.746735,4435900,37.696335,-4318849390.057053,-69.400874,45.534757,-2.053076,-5.38634,89.009732,0.056459,6.436502,-0.01157,-0.002099,1.084367
08-26-24,26.709999,26.719999,26.700001,25.73427,42700,25.647557,25.416745,24.905113,0.018101,0.010323,0.00489,TRUE,TRUE,0.511631,0.011907,21.950442,40.033882,68.862487,-5.238739,0.091762,-0.007206,3.302151,4.086509,8.160856,-479.840456,1.097651,3.854397,7.547694,0.138114,-0.005814,0.001021,0.277117,4.337836,-0.649838,1.229308,4478600,-18.51145,-4323016058.907792,-69.163452,53.731163,-2.098435,-6.109833,88.792385,0.054259,6.239574,-0.031955,-0.005814,1.148863
08-27-24,26.629999,26.639999,26.610001,25.724609,10200,25.660563,25.426486,24.913188,0.01773,0.010438,0.004921,TRUE,TRUE,0.513298,0.011865,31.568145,38.098728,67.258553,2.828751,0.088542,-0.008341,3.30314,4.047435,8.086182,-485.52323,1.02148,3.840097,6.377619,0.134493,-0.01167,0.004263,0.244897,3.775469,-0.649838,0.298071,4468400,-50.243902,-4323628349.446958,-68.207042,68.040511,-2.230605,-5.901892,89.123091,0.048877,5.781336,-0.065292,-0.01167,1.004234
08-28-24,26.629999,26.629999,26.610001,25.714951,25500,25.671159,25.436226,24.921074,0.017268,0.010545,0.004952,TRUE,TRUE,0.515153,0.011865,31.561292,36.3018,65.613072,-2.546145,0.084239,-0.010115,3.383725,3.928408,8.003057,-673.119415,0.830929,3.820543,5.29047,0.132775,-0.006252,0.001242,0.201872,3.29107,-0.649838,0.745723,4442900,-1.923077,-4325936392.508474,-69.193558,69.666549,-3.515114,-5.853399,89.446282,0.043974,5.260783,-0.035239,-0.006252,0.827748
08-29-24,26.6,26.610001,26.6,25.70529,12800,25.679345,25.445006,24.928816,0.016707,0.010645,0.004983,TRUE,TRUE,0.51619,0.011893,22.195589,34.427406,63.928421,-4.934066,0.079138,-0.012173,3.146143,3.769687,7.665757,-680.550787,0.640976,3.789865,4.365652,0.131738,-0.004246,0.000577,0.171881,2.857408,-0.649838,0.386182,4430100,-62.130178,-4328239599.069604,-72.935886,66.765373,-3.177272,-5.836581,89.005447,0.040047,4.827018,-0.024021,-0.004246,0.594305
08-30-24,26.610001,26.610001,26.59,25.68597,35300,25.683192,25.453974,24.935992,0.016065,0.010735,0.005013,TRUE,TRUE,0.517983,0.011938,11.070433,32.476678,60.578681,-6.679872,0.072698,-0.01489,2.752458,3.492964,7.542602,-695.412063,0.30048,3.765741,4.04021,0.131034,-0.008123,0.002127,0.154757,2.3355,-0.649838,1.039152,4394800,87.765957,-4331466051.386979,-74.866446,58.203638,-3.035296,-5.735024,88.485168,0.036016,4.367932,-0.04612,-0.008123,0.068765
09-03-24,26.629999,26.65,26.620001,25.73427,26500,25.684637,25.464101,24.943738,0.01535,0.010822,0.005043,TRUE,TRUE,0.520363,0.012048,8.564872,31.350546,65.452477,-0.160595,0.070677,-0.013529,2.709371,3.806956,7.575974,-658.258139,0.112443,3.739684,4.173209,0.132513,-0.012423,0.005008,0.151817,2.60878,-0.649838,0.809284,4421300,-48.039216,-4333057406.0411,-77.107971,57.937763,-2.841555,-4.695616,89.462316,0.038723,4.650554,-0.070769,-0.012423,1.189321
09-04-24,26.68,26.709999,26.68,25.792227,14300,25.691871,25.475578,24.951492,0.014629,0.010907,0.005073,TRUE,TRUE,0.524086,0.01214,25.012607,31.155547,70.211595,6.283174,0.072911,-0.009036,2.74418,3.801718,7.691675,-613.675778,0.564064,3.728815,4.715259,0.131244,-0.020082,0.01298,0.340934,3.47199,-0.649838,0.454329,4435600,-63.979849,-4333918084.56348,-79.542196,55.894596,-3.378658,-4.535415,89.663796,0.046603,5.673723,-0.11393,-0.020082,2.128326
09-05-24,26.74,26.75,26.719999,25.83087,17900,25.702963,25.487636,24.959439,0.013953,0.010991,0.005103,TRUE,TRUE,0.528197,0.012258,41.474259,31.449181,72.892883,12.314202,0.076914,-0.004027,2.702026,3.957238,8.064474,-474.457001,0.866294,3.724205,5.243524,0.131805,-0.02086,0.013921,0.451337,3.757941,-0.649838,0.674454,4453500,-84.64837,-4334996988.314513,-81.926413,60.653684,-2.543184,-3.932796,89.978161,0.049046,5.948575,-0.117989,-0.02086,2.439323
09-06-24,26.74,26.790001,26.73,25.859852,35300,25.715987,25.501101,24.96739,0.013334,0.011076,0.005133,TRUE,TRUE,0.533711,0.012415,44.203388,32.143212,74.730042,9.277565,0.081485,0.000436,2.778084,4.073878,8.313135,-365.072765,1.017491,3.713391,5.746031,0.132022,-0.021821,0.015152,0.523212,3.823673,-0.649838,1.329066,4488800,1.146132,-4336056138.68008,-80.670178,57.025861,-1.341934,-1.981473,90.781013,0.049748,6.027636,-0.123095,-0.021821,2.50373
09-09-24,26.780001,26.809999,26.77,25.88883,22400,25.729014,25.516105,24.975433,0.012762,0.011163,0.005163,TRUE,TRUE,0.540672,0.012645,51.127139,32.984222,76.44876,6.237165,0.086449,0.00432,3.089619,4.031196,8.264477,-318.714616,1.016626,3.702781,6.550267,0.131579,-0.019373,0.01251,0.583539,3.755096,-0.628984,0.821566,4511200,169.879518,-4337065473.85723,-78.956226,69.032711,-3.272483,-3.5655,89.743148,0.049152,5.967507,-0.111846,-0.019373,2.439843
09-10-24,26.809999,26.83,26.799999,25.917814,35300,25.742527,25.531498,24.983527,0.012243,0.011251,0.005192,TRUE,TRUE,0.547971,0.01298,48.866921,33.957273,78.056365,5.163481,0.091666,0.007629,3.205034,4.227358,8.470743,-280.077725,1.05373,3.673284,7.500176,0.129702,-0.013602,0.006038,0.653456,3.571774,-0.628984,1.285974,4546500,11.708861,-4339176801.665737,-79.499932,70.234402,-2.632614,-2.870336,90.12615,0.046778,5.742667,-0.077706,-0.013602,2.337112
09-11-24,26.809999,26.84,26.799999,25.898489,13300,25.752183,25.545927,24.991713,0.011765,0.01134,0.005221,TRUE,TRUE,0.554214,0.013261,39.562732,34.956826,74.409302,-0.32074,0.093167,0.007304,3.049423,4.349236,8.389863,-276.604462,0.751294,3.655944,8.206497,0.130616,-0.016197,0.008557,0.625763,3.318741,-0.628984,0.498781,4533200,-54.137931,-4339789592.253187,-79.510601,66.472234,-4.59902,-3.275633,89.267834,0.045528,5.557045,-0.092506,-0.016197,1.782809
09-12-24,26.82,26.84,26.799999,25.927471,20700,25.76377,25.561897,25.000045,0.011337,0.01143,0.005251,TRUE,TRUE,0.561852,0.013537,64.984618,35.884982,76.204914,-0.243847,0.095593,0.007784,3.007594,4.506062,8.468611,-265.011597,0.901866,3.65345,8.968143,0.130471,-0.014817,0.007331,0.604953,3.626412,-0.628984,0.794016,4553900,-36.503067,-4340713338.142945,-76.943042,71.390682,-5.441117,-3.565463,88.440473,0.048123,5.876696,-0.08562,-0.014817,1.825364
09-13-24,26.860001,26.870001,26.85,25.95645,15800,25.778251,25.578062,25.008332,0.010988,0.011521,0.00528,TRUE,TRUE,0.56973,0.013886,63.153683,37.046241,77.876438,-0.179926,0.098716,0.008726,2.887656,4.864127,8.547254,-226.267532,1.128395,3.621575,9.633977,0.130018,-0.014043,0.006633,0.658796,3.557199,-0.628984,0.608511,4569700,-11.731844,-4342140916.208938,-76.648835,70.486135,-7.289497,-4.255093,88.242386,0.047396,5.806104,-0.081442,-0.014043,1.849687
09-16-24,26.91,26.93,26.9,26.004749,26600,25.794665,25.595385,25.016436,0.010767,0.011616,0.005309,TRUE,TRUE,0.57895,0.014227,66.664943,38.629824,80.353653,5.944351,0.103891,0.01112,3.039948,5.059258,8.664056,-172.132527,1.278553,3.608857,10.56054,0.129573,-0.015415,0.007996,0.771766,4.181768,-0.628984,1.111575,4596300,-60.475483,-4343755057.107914,-72.990857,68.98724,-8.052322,-4.730906,87.866321,0.052904,6.507554,-0.089419,-0.015415,1.989329
09-17-24,26.93,26.93,26.879999,25.975771,22200,25.810113,25.610592,25.024159,0.010662,0.011712,0.005339,TRUE,TRUE,0.586433,0.014462,59.090318,39.527251,74.932497,-1.272416,0.104449,0.009343,2.964244,5.063299,8.755946,-180.655567,1.203673,3.618251,10.847788,0.13076,-0.012854,0.005486,0.71667,3.995209,-0.628984,0.984697,4574100,-55.511022,-4344580193.38104,-68.535235,66.395222,-8.020251,-4.551189,87.988379,0.051072,6.21736,-0.074066,-0.012854,1.527116
09-18-24,26.870001,26.92,26.85,25.975771,11900,25.823151,25.625605,25.031835,0.010679,0.011811,0.005368,TRUE,TRUE,0.593771,0.014639,62.789566,39.547748,74.932497,-2.943941,0.103697,0.006873,2.807988,4.620538,8.841404,-180.655567,1.014065,3.628931,11.205698,0.130424,-0.012595,0.005331,0.652531,4.082545,-0.628984,0.540786,4574100,-47.577093,-4344889332.683492,-65.890673,69.263529,-7.740815,-4.498681,88.308072,0.051596,6.296792,-0.073011,-0.012595,1.361985
09-19-24,26.879999,26.9,26.879999,25.98543,55400,25.835709,25.641005,25.039229,0.010812,0.011911,0.005397,TRUE,TRUE,0.601776,0.014807,67.440835,39.566781,75.569639,-4.784014,0.102696,0.004697,2.963397,4.539275,9.225075,-177.81474,0.975974,3.635603,11.558981,0.130425,-0.012734,0.005365,0.575734,4.080854,-0.628984,2.284536,4629500,427.619048,-4349900533.713436,-69.088486,76.600825,-9.368897,-4.909789,87.340075,0.051556,6.291989,-0.073246,-0.012734,1.295276
09-20-24,26.889999,26.91,26.870001,25.995092,13800,25.851641,25.656021,25.046718,0.011051,0.012012,0.005427,TRUE,TRUE,0.609303,0.014877,76.189245,39.706011,76.220784,1.288287,0.101512,0.002811,3.040831,4.658238,9.308754,-201.583717,1.240943,3.639708,11.443829,0.127403,-0.015421,0.008209,0.473532,4.594997,-0.628984,0.570012,4643300,-5.479452,-4350518035.511157,-67.512362,85.669098,-8.943027,-4.625739,87.34841,0.05543,6.935127,-0.090605,-0.015421,1.25353
09-23-24,26.889999,26.92,26.879999,26.004749,31400,25.865646,25.670269,25.053972,0.011389,0.012114,0.005456,TRUE,TRUE,0.616297,0.014838,73.682706,39.958742,76.883902,1.951404,0.100199,0.001198,3.118278,4.480516,9.435658,-270.100403,1.088898,3.627611,11.521486,0.123353,-0.016748,0.010319,0.383351,5.234701,-0.628984,1.283466,4674700,19.391635,-4351923546.344649,-67.594842,85.889748,-9.151048,-5.571084,87.212227,0.059513,7.698634,-0.101583,-0.016748,1.207336
09-24-24,26.83,26.85,26.83,26.005718,36000,25.879219,25.68396,25.061043,0.011792,0.012216,0.005485,TRUE,TRUE,0.622917,0.014768,68.846298,38.788893,76.953347,1.383708,0.098105,-0.000717,3.08295,4.604642,9.310354,-340.132242,1.054812,3.591638,11.491211,0.12352,-0.016359,0.009752,0.31777,5.153739,-0.628984,1.491919,4710700,-15.690867,-4354926892.520503,-66.122739,76.687672,-7.68595,-5.609061,87.191441,0.058695,7.580332,-0.098753,-0.016359,1.100838
09-25-24,26.83,26.84,26.809999,25.966978,64600,25.891337,25.696684,25.067919,0.012225,0.012312,0.005515,TRUE,TRUE,0.628765,0.014636,43.878204,37.209755,68.139278,-8.081506,0.092256,-0.005253,3.098247,4.52901,9.281337,-381.509279,0.942167,3.563027,11.044208,0.12606,-0.0133,0.006171,0.265091,4.496625,-0.628984,2.405959,4646100,533.333333,-4358622021.556043,-65.165125,63.425435,-7.725604,-5.702933,87.229858,0.053816,6.798006,-0.078558,-0.0133,0.684893
09-26-24,26.83,26.83,26.799999,25.966978,61800,25.903938,25.708831,25.075032,0.012658,0.012399,0.005544,TRUE,TRUE,0.633799,0.014378,38.094237,35.500162,68.139278,-8.744624,0.086622,-0.008709,3.295293,4.32876,9.238126,-501.889469,0.980082,3.53659,10.341156,0.122187,-0.012844,0.006147,0.22223,5.052437,-0.590909,2.155939,4646100,142.352941,-4362115790.199949,-63.10727,51.359916,-8.110078,-5.428463,86.774531,0.056968,7.424165,-0.0784,-0.012844,0.609599
09-27-24,26.84,26.879999,26.84,26.025091,59400,25.919929,25.722141,25.082671,0.013099,0.012481,0.005574,TRUE,TRUE,0.63947,0.014202,43.905797,34.753969,73.433125,-3.520222,0.085857,-0.00758,3.486914,4.602308,9.569221,-596.07823,1.244107,3.518503,9.550092,0.124096,-0.015675,0.008486,0.245334,5.288766,-0.55279,1.916438,4705500,364.0625,-4364595529.88809,-58.648057,55.214633,-7.057285,-4.774413,87.064406,0.059518,7.646164,-0.09212,-0.015675,1.101169
09-30-24,26.889999,26.889999,26.84,26.005718,39500,25.935916,25.735448,25.090214,0.013468,0.012555,0.005603,TRUE,TRUE,0.645234,0.013929,29.229481,34.213221,69.299312,1.160033,0.082733,-0.008562,3.291459,4.845933,9.401098,-610.980369,1.244835,3.500178,7.973627,0.124655,-0.015953,0.008704,0.220109,5.188131,-0.55279,1.265823,4666000,11.898017,-4365953215.437797,-55.259035,47.255692,-7.678781,-4.523816,86.927867,0.058985,7.54451,-0.093298,-0.015953,0.875415
10-01-24,26.85,26.870001,26.85,26.015406,60500,25.949973,25.749141,25.09686,0.01368,0.012622,0.005633,TRUE,TRUE,0.65228,0.013754,40.163806,33.711099,70.202617,2.063339,0.080116,-0.008944,3.527532,4.804406,9.225991,-603.528566,1.092456,3.482976,6.589676,0.120301,-0.009158,0.003006,0.177887,4.785265,-0.55279,1.838626,4726500,128.301887,-4371062897.966883,-57.75033,42.958636,-7.199088,-5.373063,86.88862,0.05362,7.086204,-0.054825,-0.009158,0.992961
10-02-24,26.82,26.85,26.82,26.005718,217900,25.960647,25.762639,25.103317,0.013759,0.012681,0.005663,TRUE,TRUE,0.659322,0.013534,28.787964,32.427357,68.046478,-5.386647,0.07638,-0.010144,3.409879,4.765379,9.314693,-610.980369,0.827736,3.454907,5.546461,0.120842,-0.008607,0.002635,0.148289,4.59888,-0.55279,5.057445,4508600,1423.776224,-4383109322.628336,-57.086269,28.259693,-5.770839,-5.283449,86.880125,0.05225,6.872915,-0.051329,-0.008607,0.812607
10-03-24,26.799999,26.799999,26.77,25.928234,36100,25.965516,25.774012,25.109339,0.013679,0.012731,0.005692,TRUE,TRUE,0.664673,0.013129,-8.808765,30.136459,53.810701,-15.488611,0.066401,-0.016098,3.141171,4.252972,9.334436,-526.104475,0.37693,3.424392,4.71194,0.128499,-0.004914,0.00076,0.164056,3.789809,-0.55279,0.820548,4472500,101.675978,-4385171356.097308,-57.022807,25.341605,-5.772096,-5.887085,86.859823,0.047331,5.84944,-0.027561,-0.004914,-0.791212
10-04-24,26.690001,26.700001,26.66,25.821692,82100,25.963608,25.782677,25.115018,0.013383,0.012766,0.005721,TRUE,TRUE,0.667659,0.012557,-48.357191,29.77298,41.083383,-29.119233,0.049327,-0.026538,2.404183,3.904284,8.669903,-310.484042,-0.147566,3.382703,5.212952,0.141079,-0.018478,0.008503,0.264779,2.466846,-0.781552,1.771879,4390400,132.577904,-4388694633.047527,-56.802087,20.219794,-8.169003,-6.031533,85.817504,0.040517,4.578538,-0.092212,-0.018478,-2.722373
10-07-24,26.639999,26.66,26.629999,25.802326,77900,25.959282,25.790571,25.120599,0.012858,0.012784,0.005751,TRUE,TRUE,0.669971,0.012004,-47.011596,29.798694,39.265503,-28.780975,0.033843,-0.033617,2.288403,3.906092,8.331374,-285.403567,-0.334136,3.361173,6.142094,0.140373,-0.020393,0.010384,0.346232,1.979192,-0.855962,1.586235,4312500,247.767857,-4393070816.231455,-57.020304,18.90493,-7.908077,-5.819466,85.917467,0.036071,4.100485,-0.101903,-0.020393,-2.555417
10-08-24,26.65,26.67,26.65,25.821692,28000,25.954476,25.797907,25.125994,0.012132,0.012784,0.00578,TRUE,TRUE,0.671913,0.011502,-39.679936,29.601568,42.028002,-11.782699,0.022871,-0.035672,2.404183,3.824583,8.584014,-278.725895,-0.370875,3.337476,6.822091,0.140084,-0.022077,0.012144,0.401175,1.909733,-0.855962,0.574418,4340500,-20.679887,-4395418025.844272,-57.689224,21.778648,-8.029511,-5.356326,86.029061,0.035408,4.037048,-0.1102,-0.022077,-1.946392
10-09-24,26.66,26.67,26.629999,25.831375,33500,25.95112,25.805245,25.131343,0.011192,0.012766,0.005809,TRUE,TRUE,0.673902,0.011005,-39.671017,29.672402,43.414032,2.330649,0.014786,-0.035005,2.325595,4.263315,8.112138,-275.38673,-0.259142,3.315231,7.262805,0.140084,-0.021853,0.011995,0.445934,1.908906,-0.855962,0.673299,4374000,151.879699,-4396789190.492373,-57.280272,15.758604,-7.1902,-6.450609,85.499267,0.035485,4.045559,-0.109522,-0.021853,-1.648748
10-10-24,26.690001,26.719999,26.68,25.879807,17700,25.948737,25.81278,25.136982,0.010101,0.012734,0.005838,TRUE,TRUE,0.675798,0.010609,-26.992761,28.656633,49.869544,10.604041,0.012147,-0.030115,2.322716,4.418581,8.314838,-258.686301,-0.183838,3.299106,7.420974,0.141126,-0.024467,0.014385,0.469221,2.032966,-0.855962,0.356819,4391700,-14.492754,-4397515079.553458,-57.254048,16.137012,-6.687485,-7.095917,85.450313,0.036717,4.160141,-0.119939,-0.024467,-0.928863
10-11-24,26.709999,26.77,26.700001,25.918552,49700,25.946842,25.82032,25.142719,0.008934,0.012688,0.005866,TRUE,TRUE,0.6776,0.010247,-18.89503,26.797996,54.355862,12.327861,0.013032,-0.023384,2.359226,4.374136,8.733548,-273.633129,-0.146003,3.284608,7.448577,0.141837,-0.022897,0.012457,0.481355,2.302039,-0.855962,0.968811,4441400,214.556962,-4398674441.068444,-55.100901,17.893233,-6.779257,-8.940937,84.978499,0.039491,4.447608,-0.11161,-0.022897,-0.379804
10-15-24,26.799999,26.809999,26.790001,25.966978,35500,25.944954,25.827479,25.148775,0.007745,0.01263,0.005895,TRUE,TRUE,0.678704,0.009901,-7.691958,25.335485,59.26284,15.848808,0.017439,-0.015181,2.511577,4.81065,8.936704,-255.007886,-0.145247,3.291189,7.341138,0.142366,-0.027336,0.017399,0.484632,2.781539,-0.855962,0.686057,4476900,33.458647,-4401631883.939212,-55.925043,22.01586,-6.099269,-9.140166,85.252182,0.044635,5.020838,-0.131905,-0.027336,0.300011
10-16-24,26.84,26.84,26.82,25.996031,33300,25.945967,25.833292,25.154976,0.006589,0.012565,0.005923,TRUE,TRUE,0.678316,0.009551,5.881626,24.418121,61.908609,12.039065,0.023012,-0.007687,2.509617,4.84719,9.187726,-243.833767,0.077995,3.298156,7.399645,0.142276,-0.026914,0.016949,0.481868,3.061872,-0.855962,0.636711,4510200,50,-4404408937.534482,-57.197652,26.849903,-5.555637,-10.346893,84.889312,0.047354,5.328854,-0.130187,-0.026914,0.676573
10-17-24,26.809999,26.82,26.790001,25.957291,28000,25.945043,25.839487,25.16103,0.005421,0.012491,0.00595,TRUE,TRUE,0.678456,0.009101,-1.818559,23.034158,56.62725,2.271387,0.024025,-0.005339,2.356854,4.570286,8.981994,-258.733815,-0.071144,3.292332,7.371955,0.144331,-0.029356,0.019463,0.483201,2.745102,-0.855962,0.527257,4482200,135.294118,-4405991393.282193,-57.52948,27.987395,-6.910487,-11.229218,84.24266,0.045154,5.01538,-0.13951,-0.029356,0.166141
10-18-24,26.83,26.85,26.82,25.996031,25500,25.945573,25.847227,25.167279,0.004276,0.012412,0.005978,TRUE,TRUE,0.679948,0.008728,-5.661205,22.200605,60.276678,1.013839,0.027635,-0.001383,2.587361,4.887517,9.187726,-243.833767,0.040796,3.281844,7.406254,0.144706,-0.026988,0.016253,0.455217,2.802785,-0.855962,0.49409,4507700,-53.971119,-4407417608.33083,-55.7228,24.784111,-7.750263,-11.15474,83.987437,0.045769,5.062225,-0.127486,-0.026988,0.681288
10-21-24,26.809999,26.82,26.780001,25.937923,34000,25.942714,25.853998,25.17352,0.003176,0.012327,0.006005,TRUE,TRUE,0.680478,0.008274,-12.28035,20.732553,53.064499,-8.84411,0.025513,-0.002804,2.396876,4.612831,8.900681,-288.362871,-0.219922,3.277923,7.314832,0.148355,-0.019102,0.007659,0.462017,2.132463,-0.855962,0.646142,4473700,146.376812,-4408883175.161215,-55.459084,24.9669,-7.538466,-10.208303,84.179805,0.038947,4.183523,-0.087515,-0.019102,-0.065497
10-22-24,26.799999,26.799999,26.77,25.957291,27900,25.940341,25.860578,25.179811,0.002127,0.012238,0.006031,TRUE,TRUE,0.680766,0.007853,-10.345554,19.300597,54.997254,-1.629996,0.025105,-0.00257,2.473333,4.690943,8.724642,-305.774899,-0.1825,3.27487,7.17871,0.14835,-0.019207,0.007759,0.435927,2.130692,-0.855962,0.531986,4501600,-11.146497,-4410422776.916047,-55.771981,26.092826,-6.459137,-9.528962,84.355183,0.038914,4.180299,-0.088083,-0.019207,0.236103
10-23-24,26.780001,26.799999,26.76,25.928234,39600,25.936467,25.866191,25.18591,0.001124,0.012142,0.006058,TRUE,TRUE,0.680281,0.007435,-13.333858,18.14204,51.566389,-8.710289,0.022181,-0.004395,2.242275,4.573752,8.389681,-318.982348,-0.29795,3.280775,7.014521,0.148226,-0.020143,0.008499,0.412962,1.600998,-0.855962,0.752494,4462000,10,-4412109314.687255,-54.330092,34.607858,-6.604128,-8.414206,84.645213,0.033657,3.619982,-0.092188,-0.020143,-0.117373
10-24-24,26.77,26.790001,26.76,25.928234,16200,25.93453,25.870649,25.191914,0.000198,0.012038,0.006084,TRUE,TRUE,0.678735,0.007006,0,17.066237,51.566389,-1.49811,0.019638,-0.005551,2.12616,4.589892,8.304569,-318.982348,-0.149205,3.299366,6.979235,0.148276,-0.019838,0.008232,0.412962,1.532951,-0.855962,0.322677,4462000,-74.922601,-4413023801.545923,-54.179643,35.912546,-7.362791,-9.088043,84.713408,0.032995,3.547111,-0.090729,-0.019838,-0.09021
10-25-24,26.799999,26.799999,26.75,25.918552,17500,25.932109,25.875105,25.198059,-0.000627,0.011922,0.006109,TRUE,TRUE,0.677047,0.006601,23.812605,16.255674,50.35255,-4.644704,0.016649,-0.006832,2.010806,4.793331,8.477504,-323.383098,-0.186489,3.328157,6.944654,0.147663,-0.019261,0.00789,0.380469,1.201213,-0.855962,0.364659,4444500,-71.682848,-4413623323.7478,-53.664861,40.890954,-7.098242,-8.423077,85.001424,0.029546,3.188918,-0.088828,-0.019261,-0.195206
10-28-24,26.709999,26.709999,26.68,25.931171,15200,25.927413,25.880392,25.203983,-0.00131,0.011794,0.006135,TRUE,TRUE,0.67641,0.006259,32.209952,16.649374,51.940484,0.374095,0.015124,-0.006685,1.871182,4.722898,8.189147,-317.647212,-0.360882,3.313629,6.591371,0.146794,-0.024614,0.012586,0.330975,1.023732,-0.855962,0.332023,4459700,-74.410774,-4414397367.898359,-54.392571,47.241893,-6.87373,-8.66084,84.586682,0.028269,3.076443,-0.112187,-0.024614,0.057023
10-29-24,26.65,26.700001,26.65,25.931171,33400,25.923685,25.885486,25.209764,-0.001805,0.011651,0.006159,TRUE,TRUE,0.675722,0.006009,28.761193,17.422009,51.940484,0.374095,0.013757,-0.006442,1.832656,4.60174,7.934692,-317.647212,-0.286655,3.286402,6.330888,0.143435,-0.009416,0.001708,0.286121,0.560623,-0.855962,0.734469,4459700,-15.443038,-4415391100.395021,-54.357213,39.758486,-6.892318,-8.562178,84.70025,0.022293,2.46941,-0.041334,-0.009416,0.118245
10-30-24,26.73,26.73,26.700001,25.931171,40600,25.919474,25.890773,25.215594,-0.00212,0.011495,0.006184,TRUE,TRUE,0.67518,0.005905,26.901601,17.477204,51.940484,1.587934,0.012529,-0.006136,1.678753,4.722898,8.061791,-359.41273,-0.323786,3.272772,5.957787,0.135653,0.031309,0.01676,0.240117,-0.140985,-0.855962,0.91277,4459700,-32.892562,-4417512749.835509,-52.214312,48.858935,-6.526141,-9.593113,84.83694,0.009172,1.082472,0.12946,0.031309,0.196343
10-31-24,26.700001,26.719999,26.68,25.931171,21600,25.915746,25.895097,25.221754,-0.002273,0.011326,0.006208,TRUE,TRUE,0.673342,0.005691,15.9253,17.818473,51.940484,0,0.011425,-0.005792,1.525344,4.521122,8.061791,-359.41273,-0.286655,3.245283,5.613039,0.131979,0.014899,0.004144,0.218689,0.305916,-0.855962,0.623107,4459700,-90.087196,-4418343105.088001,-50.820399,44.178508,-3.946192,-8.192695,86.016845,0.015855,1.910976,0.064372,0.014899,0.274807
11-01-24,26.709999,26.73,26.68,25.911751,16400,25.914922,25.898646,25.228102,-0.002294,0.011147,0.006232,TRUE,TRUE,0.670544,0.005363,-2.243191,17.908061,48.715142,-3.225342,0.00888,-0.00667,1.182125,4.241985,7.516683,-369.123004,-0.063573,3.222529,5.605835,0.130699,0.01161,0.002553,0.221332,0.461478,-0.855962,0.486936,4443300,-54.570637,-4418863484.457804,-50.018005,35.095482,-6.326398,-8.268237,85.71867,0.017595,2.139742,0.050525,0.01161,-0.056574
11-04-24,26.73,26.73,26.690001,25.940884,18500,25.920882,25.903935,25.234595,-0.002184,0.010957,0.006255,TRUE,TRUE,0.66934,0.00505,-9.190823,17.99125,53.39083,1.450346,0.009109,-0.005153,0.916219,4.118933,7.679656,-354.556639,0.461597,3.198755,5.179917,0.131019,0.017316,0.005029,0.226517,0.763402,-0.855962,0.606557,4461800,-77.466504,-4419574934.77014,-50.623445,32.082415,-8.883824,-7.7476,85.791707,0.019535,2.372815,0.070919,0.017316,0.386141
11-05-24,26.690001,26.690001,26.65,25.902039,79800,25.925867,25.907483,25.241036,-0.002007,0.010754,0.006278,FALSE,TRUE,0.666447,0.004704,-32.001636,18.691306,47.210237,-4.730247,0.006086,-0.006541,0.992221,4.002918,7.016378,-373.979096,0.386447,3.169384,4.399906,0.132317,0.011807,0.002309,0.246268,0.230708,-0.855962,2.608269,4382000,2.439024,-4422639031.031822,-48.321972,20.436792,-10.725696,-6.90745,85.176903,0.01596,1.916944,0.048053,0.011807,-0.541577
11-06-24,26.620001,26.68,26.620001,25.902039,30100,25.929885,25.910838,25.247287,-0.001798,0.010536,0.006301,FALSE,TRUE,0.663551,0.004374,-21.669983,19.754242,47.210237,-1.504905,0.003648,-0.007183,1.1442,3.963021,7.183195,-312.158128,0.311161,3.156697,3.711634,0.13212,0.009902,0.001712,0.261533,0.080466,-0.855962,0.980456,4382000,7.5,-4423389492.9163,-45.556135,20.340257,-11.98155,-8.044366,84.243144,0.014868,1.787986,0.041382,0.009902,-0.750242
11-07-24,26.700001,26.73,26.700001,25.96031,51800,25.936332,25.915552,25.253878,-0.001513,0.010305,0.006323,TRUE,TRUE,0.661674,0.004225,-13.012966,19.542592,56.059676,2.668847,0.006344,-0.003589,1.409915,4.236892,7.298893,-329.847316,0.499141,3.131796,2.952711,0.132109,0.00779,0.001045,0.135153,0.079622,-0.855962,1.638463,4433800,54.626866,-4425995795.688426,-46.191057,25.059279,-10.744598,-8.842558,83.805248,0.015243,1.832594,0.032325,0.00779,0.812082
11-08-24,26.75,26.76,26.719999,25.96031,125100,25.940357,25.920459,25.260421,-0.001185,0.010062,0.006345,TRUE,TRUE,0.660039,0.004044,10.345253,18.719672,56.059676,8.84944,0.008385,-0.001239,1.295536,4.196905,7.257131,-366.498183,0.311067,3.125115,2.677489,0.131938,0.009546,0.001566,0.133173,0.154896,-0.855962,3.382452,4433800,606.779661,-4430872643.695292,-45.096072,44.240283,-10.222351,-8.075107,83.961226,0.015703,1.890852,0.039569,0.009546,0.745223
11-11-24,26.77,26.77,26.719999,25.96031,20900,25.942445,25.92556,25.266759,-0.000845,0.009807,0.006366,TRUE,TRUE,0.6588,0.0038,1.532445,17.753018,56.059676,8.84944,0.009888,0.000212,1.219421,4.477509,7.6761,-366.498183,0.161111,3.110702,2.661273,0.130859,0.019787,0.006297,0.133137,0.3836,-0.855962,0.587987,4433800,-57.947686,-4431528629.440095,-46.214922,48.803394,-10.237303,-8.361778,83.760788,0.016374,1.992605,0.079354,0.019787,0.671309
11-12-24,26.709999,26.709999,26.66,25.902039,56600,25.939198,25.929881,25.272997,-0.000575,0.009537,0.006387,FALSE,TRUE,0.656884,0.003461,-11.578539,17.837395,46.354341,-9.705335,0.006305,-0.002697,0.765103,4.202914,7.308662,-398.871475,-0.250085,3.092048,2.74115,0.134551,0.011071,0.001902,0.142245,-0.142123,-0.855962,1.546448,4377200,59.43662,-4433301279.947457,-43.264202,47.288602,-10.445621,-9.780523,82.978506,0.013063,1.542666,0.043618,0.011071,-1.355601
11-13-24,26.709999,26.709999,26.67,25.921463,36200,25.935469,25.933625,25.279141,-0.000334,0.009255,0.006408,FALSE,TRUE,0.654483,0.003125,-2.756211,17.915746,49.493307,-6.56637,0.004975,-0.003222,0.878484,4.24096,7.305421,-388.080025,-0.286843,3.074905,2.415183,0.134595,0.012362,0.002379,0.144023,0.079107,-0.855962,0.985168,4413400,8.708709,-4434692365.627683,-41.207549,52.033282,-10.123248,-10.256625,82.69228,0.014717,1.737864,0.048779,0.012362,-0.579924
11-14-24,26.719999,26.719999,26.67,25.911751,44400,25.933192,25.936015,25.28519,-0.000123,0.008962,0.006428,FALSE,TRUE,0.650825,0.00284,-2.76829,17.756884,47.981553,-8.078123,0.003101,-0.004076,0.954246,3.842603,6.848614,-472.167898,-0.175441,3.055871,2.413297,0.13287,0.017982,0.005082,0.146266,-0.368237,-0.855962,1.181951,4369000,58.571429,-4436083436.902574,-40.053299,57.182189,-8.792634,-10.763507,82.509815,0.009968,1.193978,0.07129,0.017982,-0.888472
11-15-24,26.68,26.719999,26.67,25.940884,33900,25.930435,25.938216,25.291147,0.000074,0.00866,0.006447,TRUE,TRUE,0.647068,0.002624,3.703973,17.609369,52.653241,6.2989,0.003922,-0.002604,1.02982,3.959355,7.260355,-452.745953,-0.212137,3.057065,1.922719,0.133255,0.012395,0.00248,0.144547,-0.2927,-0.855962,0.892458,4402900,32.941176,-4437106033.881288,-39.079144,60.990596,-7.963046,-9.889426,83.102948,0.01166,1.390717,0.049796,0.012395,0.543436
11-18-24,26.709999,26.709999,26.690001,25.940884,20300,25.930583,25.939836,25.296867,0.00025,0.008351,0.006467,TRUE,TRUE,0.642969,0.002299,3.703973,17.472391,52.653241,3.159934,0.004521,-0.001605,1.067749,4.078983,7.010322,-452.745953,0.011413,3.057144,1.929913,0.129557,0.00673,0.000766,0.142808,0.157683,-0.855962,0.544236,4402900,-40.294118,-4438647151.411092,-39.898091,65.733189,-7.846786,-9.143752,82.950017,0.016157,1.980438,0.027677,0.00673,0.533741
11-19-24,26.67,26.709999,26.67,25.911751,31100,25.928306,25.940295,25.302868,0.000376,0.008037,0.006486,FALSE,TRUE,0.637426,0.001994,-6.665881,17.729172,47.686399,-0.295154,0.002614,-0.002809,0.765105,3.763067,6.890144,-472.167898,-0.175441,3.052391,1.865804,0.128652,-0.001396,0.000032,0.148301,-0.45799,-0.855962,0.830219,4371800,11.469534,-4439857358.282486,-39.288016,59.878562,-8.63949,-9.548957,82.79157,0.012349,1.523746,-0.005664,-0.001396,-0.887292
11-20-24,26.66,26.67,26.639999,25.872898,32100,25.925539,25.939396,25.309055,0.000418,0.007719,0.006505,FALSE,TRUE,0.630342,0.00163,-17.648078,18.494101,41.996654,-10.656587,-0.002009,-0.005946,0.53869,3.659222,6.60563,-498.069758,-0.21342,3.048532,2.239742,0.130292,-0.000331,0.000002,0.170856,-0.832768,-0.855962,0.865579,4339700,-18.939394,-4441531017.46616,-39.667929,58.831725,-8.523736,-10.092991,82.66743,0.009081,1.106388,-0.001324,-0.000331,-2.350316
11-21-24,26.549999,26.549999,26.49,25.797915,77600,25.919023,25.937385,25.314582,0.000353,0.007392,0.006523,FALSE,TRUE,0.622803,0.00112,-29.509664,20.914618,33.651528,-19.001713,-0.011589,-0.012421,0.47301,3.398507,6.251203,-247.172703,-0.502617,3.02369,3.624686,0.135776,-0.023808,0.00909,0.23376,-1.290722,-0.872914,1.932512,4262100,379.012346,-4443398827.289093,-37.822221,53.401835,-10.447549,-12.718901,81.254923,0.008651,1.016127,-0.095342,-0.023808,-3.341217
11-22-24,26.51,26.51,26.469999,25.807652,58200,25.913478,25.934988,25.320252,0.000194,0.007061,0.006541,FALSE,TRUE,0.614736,0.000605,-36.366097,23.318162,35.445393,-12.241007,-0.018187,-0.015215,0.322715,3.477291,6.208716,-220.781756,-0.427882,2.993166,4.398045,0.135725,-0.02542,0.01019,0.280969,-1.144434,-0.872914,1.379474,4320300,232.571429,-4445384415.253999,-37.640545,47.737445,-9.848655,-12.420242,81.052799,0.010455,1.229145,-0.100943,-0.02542,-2.406218
11-25-24,26.57,26.59,26.57,25.8953,34200,25.911685,25.933765,25.326551,-0.000036,0.00673,0.006558,FALSE,TRUE,0.607215,0.000212,-1.623122,23.729452,48.851299,6.854645,-0.016157,-0.010548,0.625741,3.948555,6.735286,-191.565737,-0.138334,2.992201,4.395235,0.142247,-0.029875,0.012805,0.282531,-0.3904,-0.872914,0.792768,4354500,125,-4447726035.700308,-38.628498,56.311387,-9.121047,-11.725202,81.412857,0.017228,1.934987,-0.113159,-0.029875,-0.372781
11-26-24,26.629999,26.629999,26.610001,25.934258,40600,25.911839,25.932356,25.333044,-0.0003,0.006405,0.006575,TRUE,TRUE,0.599311,-0.00016,7.094736,23.359491,53.475954,19.824426,-0.011274,-0.004532,0.814971,4.14503,6.895862,-178.579921,0.011901,2.975791,4.402972,0.142875,-0.02887,0.011771,0.277389,0.029081,-0.872914,0.933333,4395100,21.556886,-4450510351.561061,-40.366955,61.541565,-9.468094,-12.240818,81.471638,0.020615,2.304136,-0.108495,-0.02887,0.509172
11-27-24,26.65,26.67,26.639999,25.963474,72600,25.913454,25.93211,25.339731,-0.000589,0.006084,0.006591,TRUE,TRUE,0.592379,-0.000416,0.744417,22.332288,56.642146,21.196753,-0.00499,0.001402,0.966456,4.382883,6.849988,-168.841036,0.124572,2.947072,4.534894,0.141664,-0.018037,0.004369,0.286245,-0.111457,-0.872914,1.609756,4467700,78.817734,-4453857258.179409,-40.293247,62.708096,-10.161794,-14.411926,81.267131,0.01806,2.028174,-0.066096,-0.018037,1.10301
11-28-24,26.690001,26.690001,26.66,25.973211,17000,25.915556,25.932059,25.346799,-0.000898,0.005769,0.006607,TRUE,TRUE,0.58526,-0.000571,2.967135,21.054148,57.67592,8.82462,0.000768,0.005727,1.042281,4.221216,6.517615,-165.595377,0.162121,2.925847,4.715186,0.138987,-0.015513,0.003353,0.314539,-0.470925,-0.872914,0.378872,4484700,-21.296296,-4454652600.731383,-40.460771,55.679236,-9.895574,-13.731701,81.066227,0.01456,1.66575,-0.057902,-0.015513,1.222758
11-29-24,26.73,26.790001,26.719999,26.090076,44300,25.924472,25.934151,25.354119,-0.001093,0.005467,0.006622,TRUE,TRUE,0.580033,-0.000479,23.522395,20.600117,67.646545,14.17059,0.014592,0.015642,1.573256,4.369017,6.790175,-118.725301,0.688204,2.914685,6.117085,0.149075,-0.008148,0.000798,0.70682,0.09359,-0.872914,0.957527,4529000,170.121951,-4455494184.854432,-39.587918,57.422417,-9.170299,-12.784102,81.158011,0.018301,1.949559,-0.028243,-0.008148,2.707241
12-02-24,26.719999,26.790001,26.719999,26.090076,51900,25.931932,25.936051,25.361296,-0.001101,0.005178,0.006637,TRUE,TRUE,0.574755,-0.000352,38.110591,20.178517,67.646545,11.004399,0.025257,0.021045,1.382617,4.129448,6.748939,-118.725301,0.575126,2.90106,7.150196,0.14856,-0.002002,0.000046,0.680067,-0.105905,-0.872914,1.082716,4529000,180.540541,-4456480149.097913,-38.49506,63.420965,-10.229655,-13.678338,81.262782,0.015284,1.633212,-0.006777,-0.002002,2.211751
12-03-24,26.76,26.780001,26.75,26.060862,87600,25.939873,25.937173,25.368423,-0.000933,0.004899,0.006652,TRUE,TRUE,0.568751,-0.000237,27.702915,19.787031,63.321653,5.645734,0.030995,0.021426,1.041534,3.814295,6.341871,-127.854899,0.613168,2.87196,7.664206,0.148892,-0.008431,0.000749,0.658447,-0.503774,-0.872914,1.812726,4441400,9.774436,-4460592225.31382,-39.268696,51.791587,-10.599548,-14.662389,81.150839,0.012666,1.35096,-0.027369,-0.008431,1.578618
12-04-24,26.73,26.82,26.73,26.119291,69900,25.950736,25.939445,25.375461,-0.000568,0.004634,0.006666,TRUE,TRUE,0.563983,0.000014,37.604153,19.93447,67.761061,0.114516,0.039797,0.024183,1.116577,3.848774,6.621372,-100.202179,0.838748,2.854762,8.584124,0.150872,-0.007768,0.00061,0.725697,-0.300317,-0.872914,1.389248,4511300,132.225914,-4461610757.166488,-37.981978,53.802278,-10.748323,-13.883676,81.332783,0.014458,1.521731,-0.02469,-0.007768,1.963574
12-05-24,26.77,26.809999,26.77,26.099812,44200,25.957711,25.942102,25.38245,-0.000033,0.004382,0.006679,TRUE,TRUE,0.559651,0.000189,29.308683,20.071377,64.93907,-2.707475,0.044687,0.023258,0.927924,3.731786,6.296084,-105.767816,0.537365,2.824724,9.209965,0.150872,-0.003163,0.000097,0.702644,-0.300346,-0.872914,0.885151,4467100,-14.671815,-4463136111.369911,-37.188661,54.572535,-11.983233,-13.83133,81.146447,0.013566,1.427478,-0.009868,-0.003163,1.542903
12-06-24,26.889999,26.91,26.870001,26.197201,55100,25.969555,25.946706,25.389974,0.000702,0.004147,0.006693,TRUE,TRUE,0.556732,0.000561,40.071804,21.290317,71.360757,8.039104,0.055777,0.027479,1.191134,4.317555,6.528895,-61.999593,0.912511,2.825422,10.655056,0.157402,-0.012121,0.001236,0.923826,0.151221,-0.872914,1.186605,4522200,-55.955236,-4465044821.507721,-36.795712,56.981479,-10.419158,-14.393498,81.365354,0.01928,1.945627,-0.03515,-0.012121,2.136502
12-09-24,26.91,26.91,26.870001,26.187466,53900,25.980913,25.949953,25.397149,0.001589,0.003929,0.006706,TRUE,TRUE,0.552805,0.000952,44.45244,22.42219,69.980944,2.219884,0.063054,0.027804,1.04041,4.278789,6.489308,-64.212114,0.875011,2.811112,11.7098,0.157062,-0.011649,0.001159,0.876783,-0.099324,-0.872914,1.120932,4468300,157.894737,-4466938199.40577,-36.819767,55.055816,-10.632596,-13.913294,81.545071,0.016608,1.679574,-0.034039,-0.011649,1.763929
12-10-24,26.879999,26.9,26.870001,26.187466,25300,25.995184,25.953588,25.404467,0.002571,0.00373,0.006718,TRUE,TRUE,0.549122,0.001412,54.105729,23.473215,69.980944,5.041875,0.068037,0.02623,1.115805,4.199254,6.694088,-64.212114,1.101948,2.798642,12.415954,0.155454,-0.017625,0.002719,0.812025,-0.417052,-0.872914,0.543852,4468300,-55.300353,-4468114755.573115,-37.417751,55.584277,-9.147636,-14.497624,81.862028,0.014094,1.441165,-0.052141,-0.017625,1.548663
12-11-24,26.92,26.93,26.84,26.158247,36700,26.007024,25.956445,25.411638,0.003579,0.003551,0.006731,TRUE,TRUE,0.544807,0.001764,67.27274,24.449166,65.567874,-5.792882,0.068834,0.021622,0.890082,3.924446,6.780392,-67.772097,0.913467,2.819636,12.799002,0.155456,-0.026066,0.005986,0.703585,-0.417286,-0.872914,0.788484,4431600,1.381215,-4468707462.206439,-36.540011,59.063858,-8.907926,-15.150078,81.265286,0.015574,1.595123,-0.07737,-0.026066,1.181525
12-12-24,26.84,26.85,26.82,26.129028,20300,26.017887,25.958911,25.418569,0.004598,0.003391,0.006742,TRUE,TRUE,0.540343,0.002059,57.894158,24.865758,61.398207,-8.582737,0.066344,0.015305,0.664878,3.571734,6.661119,-122.491841,0.838529,2.817231,12.869696,0.156266,-0.014145,0.001891,0.584749,-0.604242,-0.872914,0.447728,4411300,-54.279279,-4469662855.39736,-37.030678,62.720214,-7.665797,-15.783921,81.998095,0.011829,1.202773,-0.04349,-0.014145,0.863585
12-13-24,26.83,26.83,26.809999,26.109552,89400,26.026321,25.962538,25.425259,0.005568,0.003248,0.006754,TRUE,TRUE,0.537279,0.002329,43.999906,25.008681,58.717789,-11.263155,0.062083,0.008836,0.403015,3.455215,5.766472,-156.39022,0.650204,2.79707,12.891156,0.156601,-0.013537,0.001632,0.50504,-0.791702,-0.872914,1.858048,4321900,163.716814,-4476014108.99263,-40.432376,52.248945,-6.78949,-15.627372,82.300937,0.009526,0.966481,-0.040399,-0.013537,0.645648
12-16-24,26.83,26.83,26.780001,26.129028,58600,26.035728,25.968685,25.431809,0.006529,0.003123,0.006765,TRUE,TRUE,0.536876,0.002641,41.666055,24.433975,60.571499,-4.996375,0.059591,0.005075,0.590001,3.571734,5.724053,-176.196364,0.725282,2.791089,12.92132,0.156793,-0.015821,0.002275,0.433524,-0.727607,-0.872914,1.171297,4380500,188.669951,-4477598611.502739,-38.928103,44.856305,-6.393797,-15.163694,82.729827,0.010273,1.041229,-0.047696,-0.015821,0.722064
12-17-24,26.83,26.85,26.83,26.129028,117500,26.046592,25.975219,25.438501,0.007452,0.003014,0.006775,TRUE,TRUE,0.536717,0.002961,37.777023,24.215122,60.571499,-0.826708,0.056959,0.001954,0.590001,3.414556,5.683696,-196.655788,0.838529,2.787051,12.73617,0.156752,-0.015941,0.002312,0.368679,-0.7905,-0.872914,2.161914,4380500,277.813505,-4485952339.330318,-42.405686,48.335573,-6.754333,-15.25332,82.751541,0.009607,0.974051,-0.048082,-0.015941,0.647261
12-18-24,26.84,26.84,26.77,26.080338,82000,26.056964,25.980392,25.444665,0.008301,0.002918,0.006786,TRUE,TRUE,0.535726,0.003197,22.449208,22.742968,53.593814,-5.123975,0.050364,-0.003712,0.365235,3.339455,5.648126,-304.599413,0.801763,2.787994,12.074694,0.158749,0.012873,0.002077,0.312922,-1.097336,-0.872914,1.442519,4298500,155.451713,-4487650128.10416,-40.56567,42.176746,-3.366783,-13.1851,84.505317,0.004146,0.415048,0.045578,0.012873,0.193574
12-19-24,26.76,26.76,26.73,26.051121,68200,26.069624,25.984786,25.450683,0.009031,0.002833,0.006795,TRUE,TRUE,0.534104,0.003315,-10.000294,21.564721,49.880642,-10.690857,0.042293,-0.009427,0.215534,3.26292,5.529772,-318.512093,0.981499,2.753523,10.43119,0.158213,0.014744,0.002801,0.328917,-1.039278,-0.872914,1.209756,4230300,-12.113402,-4490804892.997033,-42.045291,35.467766,-2.847169,-12.150672,84.935358,0.004757,0.477959,0.052927,0.014744,-0.177387
12-20-24,26.790001,26.809999,26.780001,26.109552,138600,26.084719,25.989381,25.456993,0.009662,0.00276,0.006805,TRUE,TRUE,0.532389,0.003524,4.34753,20.439367,56.38842,-4.183079,0.040148,-0.009258,0.403015,3.53386,5.524336,-310.222396,1.169811,2.763489,8.433822,0.160711,0.022101,0.006164,0.322859,-0.653872,-0.872914,2.294892,4368900,138.14433,-4497138687.401917,-42.846487,44.904233,-3.183611,-12.762147,84.531864,0.008051,0.797742,0.078514,0.022101,0.294446
12-23-24,26.82,26.82,26.790001,26.119291,39400,26.095919,25.993396,25.463161,0.010168,0.002698,0.006814,TRUE,TRUE,0.530235,0.003839,13.635838,19.554923,57.381698,3.787884,0.038787,-0.008495,0.436723,3.533138,5.483188,-305.352954,0.864989,2.768071,7.180113,0.158276,0.024519,0.007949,0.302008,-0.975678,-0.872914,0.649575,4408300,15.204678,-4498939889.665396,-42.217339,51.683596,-3.788393,-11.915877,84.022191,0.004503,0.453478,0.089156,0.024519,0.325515
12-24-24,26.77,26.809999,26.77,26.109552,22500,26.104684,25.996248,25.469376,0.010524,0.002643,0.006823,TRUE,TRUE,0.526872,0.004101,-2.564154,18.356387,56.007961,6.127319,0.036502,-0.008624,0.54906,3.664318,5.484093,-310.222396,0.67592,2.750383,6.090013,0.158028,0.023936,0.007624,0.304774,-0.915007,-0.872914,0.376569,4385800,-44.581281,-4499705412.172668,-41.167415,46.358828,-4.211714,-12.435606,83.722942,0.005067,0.510938,0.087314,0.023936,0.079946
12-27-24,26.799999,26.84,26.799999,26.129028,58900,26.112961,25.998908,25.475925,0.010734,0.002593,0.006831,TRUE,TRUE,0.522982,0.004405,7.692539,17.751669,58.164925,1.776505,0.035849,-0.007422,0.624063,3.93992,5.482324,-300.484465,0.637642,2.759196,5.117043,0.158223,0.023172,0.007142,0.2964,-0.851434,-0.872914,0.997206,4444700,-18.870523,-4501740276.296261,-40.534173,47.27201,-3.451371,-12.005702,83.896896,0.005827,0.586679,0.084509,0.023172,0.313989
12-30-24,26.76,26.799999,26.76,26.161259,32500,26.122364,26.002987,25.482684,0.010811,0.002552,0.00684,TRUE,TRUE,0.520303,0.004739,-11.42296,16.523581,61.526781,4.145082,0.0375,-0.004616,0.523216,4.028374,5.677053,-284.369338,0.724005,2.717786,4.025203,0.158813,0.017865,0.004342,0.266378,-0.580741,-0.872914,0.543115,4477200,91.176471,-4502745755.410275,-40.184788,41.999195,-2.917938,-10.319822,84.608434,0.009066,0.908204,0.065897,0.017865,0.966285
12-31-24,26.799999,26.84,26.799999,26.210081,32100,26.128364,26.007268,25.489972,0.010804,0.002523,0.006848,TRUE,TRUE,0.517296,0.005013,6.393327,15.970646,65.98578,9.977819,0.042261,0.000116,0.785838,4.103163,5.874269,-259.958229,0.459963,2.703442,4.395937,0.155163,0.016001,0.003657,0.342049,0.231862,-0.872914,0.541955,4509300,-27.539503,-4503724652.349051,-40.71456,47.028954,-3.041106,-11.113846,84.381737,0.017052,1.747721,0.060473,0.016001,1.858924
01-02-25,26.82,26.84,26.799999,26.180786,73000,26.132899,26.012125,25.497114,0.010673,0.002508,0.006856,TRUE,TRUE,0.515011,0.005043,-1.743868,15.457206,61.388268,3.223343,0.043173,0.000822,0.635702,4.185659,5.796388,-274.605657,0.347679,2.683928,4.447757,0.145658,0.028334,0.012861,0.342575,0.790362,-0.872914,1.210915,4436300,40.655106,-4506057728.45052,-41.119333,44.449415,-3.742504,-11.3888,83.773209,0.021286,2.334938,0.113405,0.028334,1.076647
01-03-25,26.870001,26.870001,26.82,26.200315,47300,26.139872,26.016986,25.504496,0.010464,0.002505,0.006864,TRUE,TRUE,0.51249,0.005053,11.268124,15.467528,63.227655,1.700875,0.044953,0.002082,0.748286,4.183681,5.875306,-378.342257,0.535109,2.667391,4.351038,0.145229,0.028156,0.012994,0.33862,1.065213,-0.872914,0.811738,4483600,-46.004566,-4507277444.159083,-40.059395,49.29715,-4.406341,-10.624897,83.239549,0.023365,2.570716,0.11399,0.028156,1.38917
01-06-25,26.82,26.84,26.82,26.210081,158200,26.144412,26.022623,25.511403,0.010192,0.002514,0.006871,TRUE,TRUE,0.511219,0.005089,22.90354,15.477113,64.147409,-1.838371,0.046614,0.002994,1.087027,4.262344,6.158436,-371.366875,0.347597,2.652207,4.591955,0.145093,0.02822,0.01312,0.328379,0.997322,-0.872914,2.52373,4641800,126.323319,-4517084335.480845,-44.247889,42.610658,-4.135018,-10.338424,83.446403,0.022804,2.511455,0.114543,0.02822,1.430098
01-07-25,26.799999,26.82,26.799999,26.190552,36100,26.148949,26.027869,25.518071,0.009803,0.002531,0.006878,TRUE,TRUE,0.509798,0.005087,22.884996,15.034815,60.868603,-0.519666,0.045827,0.001765,1.42849,3.867016,6.038672,-385.316276,0.347666,2.629352,4.576344,0.145649,0.029883,0.014445,0.312604,0.790042,-0.872914,0.57964,4605700,-18.325792,-4519320490.525667,-45.106277,44.962751,-2.656788,-11.223391,83.627004,0.02128,2.33628,0.120188,0.029883,0.90909
01-08-25,26.790001,26.809999,26.780001,26.180786,18500,26.148128,26.033114,25.524784,0.009301,0.002556,0.006885,TRUE,TRUE,0.508329,0.005132,15.035794,14.190323,59.238051,-3.989604,0.043908,-0.000122,1.466767,3.788736,5.958532,-392.291658,-0.062658,2.602777,4.499324,0.144234,0.026262,0.011559,0.302957,0.385475,-0.872914,0.306038,4587200,-66.424682,-4520078051.881211,-45.519628,46.911336,-3.50803,-11.889796,83.046292,0.017574,1.945543,0.107511,0.026262,0.725847
01-09-25,26.809999,26.83,26.790001,26.180786,24400,26.147794,26.038106,25.53124,0.008706,0.002591,0.006892,TRUE,TRUE,0.506866,0.005226,15.035794,13.79656,59.238051,-4.909358,0.041905,-0.0017,1.39067,3.828288,5.87739,-392.291658,-0.025507,2.5832,4.470977,0.143232,0.022614,0.008516,0.292992,0.111621,-0.872914,0.413735,4587200,-54.730983,-4520845712.345662,-45.703699,40.964933,-3.696898,-12.223796,83.002627,0.015576,1.733647,0.092285,0.022614,0.737919
01-10-25,26.73,26.75,26.709999,26.083132,33500,26.142577,26.041145,25.537351,0.00801,0.00263,0.006899,TRUE,TRUE,0.503794,0.005227,0.710658,13.71013,45.196703,-15.6719,0.032068,-0.00923,0.974616,3.322876,5.644255,-391.787762,-0.398412,2.554051,4.590802,0.150046,0.047247,0.037432,0.291716,-0.880609,-0.872914,0.564116,4553700,32.411067,-4521929191.031529,-45.309788,43.502729,-1.944978,-9.390334,83.883499,0.005835,0.629249,0.193475,0.047247,-1.294882
01-13-25,26.690001,26.690001,26.66,26.053839,57100,26.137357,26.043598,25.543411,0.007206,0.002673,0.006905,TRUE,TRUE,0.500188,0.005223,0.69112,14.356445,41.982081,-17.25597,0.021659,-0.015711,0.672463,3.010798,5.283394,-288.646788,-0.399141,2.536965,4.980346,0.150195,0.048116,0.039251,0.290186,-1.274656,-0.872914,0.945286,4496600,55.585831,-4524293691.540144,-46.011282,44.132019,-1.256709,-8.102397,84.396775,0.003077,0.331835,0.19812,0.048116,-1.676954
01-14-25,26.639999,26.66,26.639999,26.034307,38500,26.132621,26.045661,25.549135,0.006309,0.002717,0.006911,FALSE,TRUE,0.496527,0.005118,-21.233422,15.219967,39.942199,-19.295852,0.011698,-0.020537,0.446611,2.816373,5.083844,-263.342649,-0.362512,2.496968,5.488194,0.149219,0.052846,0.047198,0.325307,-1.151684,-0.872914,0.627905,4458100,89.655172,-4526664052.020784,-46.482261,30.099521,-0.849752,-7.736941,84.265633,0.004712,0.513575,0.217251,0.052846,-1.79136
01-15-25,26.700001,26.76,26.700001,26.13196,52100,26.133741,26.050065,25.555394,0.005389,0.002766,0.006916,TRUE,TRUE,0.494671,0.005235,2.864363,14.174999,52.396463,7.19976,0.011551,-0.016548,0.635352,3.162886,5.518338,-220.885336,0.085821,2.491805,5.461429,0.155629,0.062906,0.06306,0.321869,-0.720302,-0.872914,0.876367,4510200,-41.722595,-4527702658.40728,-43.472287,31.386895,-1.695857,-7.979906,83.839363,0.00796,0.838796,0.251117,0.062906,-0.032616
01-16-25,26.76,26.83,26.76,26.190552,66800,26.136817,26.055059,25.562328,0.004499,0.002824,0.006922,TRUE,TRUE,0.492731,0.005342,16.492231,14.079934,58.021373,16.039292,0.015978,-0.009696,0.748272,3.276667,6.038672,-195.410782,0.23546,2.48823,5.60487,0.155033,0.060951,0.059271,0.305759,0.041031,-0.872914,1.115937,4577000,13.993174,-4528856296.227444,-42.814638,38.645841,-1.331256,-7.035832,83.78224,0.014693,1.551123,0.243457,0.060951,0.958709
01-17-25,26.809999,26.85,26.809999,26.219849,80100,26.141358,26.061415,25.569313,0.003695,0.002892,0.006927,TRUE,TRUE,0.492102,0.005515,18.129345,14.237398,60.532588,20.590389,0.021602,-0.003258,1.0115,3.392193,6.401991,-182.673091,0.347584,2.466108,5.898652,0.155344,0.062957,0.065395,0.320232,0.104294,-0.872914,1.381273,4657100,-31.829787,-4531299896.217907,-39.099463,40.38922,-1.437054,-8.550618,83.060981,0.014091,1.48948,0.255724,0.062957,1.330647
01-20-25,26.83,26.870001,26.83,26.229614,35000,26.148822,26.067966,25.576347,0.003018,0.002968,0.006932,TRUE,TRUE,0.491619,0.005641,14.2856,14.627443,61.362306,8.965843,0.026541,0.001344,0.898535,3.509145,6.44162,-178.427194,0.572373,2.45952,6.028885,0.154438,0.060878,0.061315,0.340933,0.360481,-0.872914,0.629044,4692100,-57.317073,-4532385547.085731,-40.200772,44.91019,-1.355252,-9.315255,82.874284,0.015943,1.691402,0.247619,0.060878,1.340083
01-21-25,26.85,26.879999,26.85,26.239378,194200,26.158235,26.073548,25.583192,0.002537,0.003055,0.006937,TRUE,TRUE,0.490356,0.005765,6.666956,15.112839,62.217533,4.19616,0.030886,0.004552,1.162215,3.586948,6.604112,-166.925748,0.722645,2.450886,5.891246,0.154434,0.06051,0.061215,0.367749,0.424264,-0.872914,3.135292,4886300,184.750733,-4540485593.525202,-40.103891,54.695658,-2.147243,-9.986658,82.430164,0.015922,1.689119,0.247417,0.06051,1.377347
01-22-25,26.870001,26.870001,26.82,26.200315,54100,26.162773,26.078348,25.589936,0.002226,0.003149,0.006942,TRUE,TRUE,0.488412,0.005792,4.347568,15.000619,56.800606,-3.731983,0.030823,0.003591,0.936249,3.432738,6.281871,-183.201806,0.347624,2.454732,5.845905,0.155801,0.060265,0.059157,0.365049,0.231146,-0.872914,0.937365,4832200,-60.966811,-4541880659.483623,-38.76113,55.846903,-2.538143,-9.284472,82.286019,0.013675,1.436525,0.243221,0.060265,0.642197
01-23-25,26.82,26.85,26.82,26.200315,45800,26.166824,26.083148,25.596776,0.002032,0.003252,0.006946,TRUE,TRUE,0.486372,0.005825,0,14.896414,56.800606,-4.5617,0.030422,0.002552,1.049363,3.315168,6.322724,-183.201806,0.310208,2.443955,5.80935,0.155766,0.0591,0.057062,0.365049,0.148501,-0.872914,0.789179,4832200,16.243655,-4543818518.660938,-38.665141,50.647056,-3.519578,-10.504364,81.796227,0.012892,1.352987,0.238877,0.0591,0.576502
01-24-25,26.83,26.870001,26.83,26.239378,394800,26.173316,26.089895,25.60362,0.001963,0.003366,0.006951,TRUE,TRUE,0.486274,0.005907,6.383191,15.094763,60.762567,-1.454967,0.032878,0.004006,1.20002,3.351694,6.440329,-166.925748,0.497234,2.448483,5.860817,0.156671,0.059465,0.057008,0.363827,0.399418,-0.872914,5.150685,5227000,1654.666667,-4555871929.074823,-36.638302,74.983122,-3.615684,-11.40992,81.791166,0.015062,1.571623,0.238763,0.059465,1.127185
01-27-25,26.889999,26.92,26.889999,26.27844,30700,26.180786,26.097034,25.611137,0.002029,0.003491,0.006955,TRUE,TRUE,0.485897,0.006036,18.367461,15.949239,64.289618,7.489012,0.037543,0.006937,1.388535,3.427261,6.422626,-129.127867,0.571824,2.464062,6.208529,0.157529,0.057796,0.053291,0.474338,0.647276,-0.872914,0.408028,5257700,-47.877759,-4557154257.671682,-36.824815,78.071211,-3.632499,-11.160188,82.06137,0.017696,1.832756,0.230849,0.057796,1.572903
01-28-25,26.83,26.870001,26.82,26.309772,57300,26.188212,26.104995,25.618762,0.002247,0.003625,0.006959,TRUE,TRUE,0.486232,0.006197,25.793729,15.411712,66.862632,10.062026,0.043269,0.010131,1.460023,3.358525,6.713566,-117.937889,0.567686,2.453556,6.820649,0.157994,0.063525,0.058716,0.560624,0.845032,-0.872914,0.749215,5315000,76.307692,-4558380971.656042,-36.372396,75.461513,-3.592633,-10.880893,81.693952,0.017172,1.778338,0.242313,0.063525,1.782242
01-29-25,26.85,26.9,26.85,26.319563,59900,26.193686,26.112568,25.626199,0.002538,0.003765,0.006963,TRUE,TRUE,0.48637,0.00632,27.218654,15.327248,67.64707,6.884504,0.048044,0.011924,1.497778,3.357884,6.589164,-114.441319,0.417709,2.436635,7.418535,0.157463,0.06438,0.06068,0.575175,1.036243,-0.872914,0.769231,5374900,86.604361,-4559711819.226043,-35.949125,76.191011,-3.939604,-11.278883,81.535476,0.018989,1.97518,0.246334,0.06438,1.696788
01-30-25,26.91,26.940001,26.889999,26.358732,113000,26.202583,26.120925,25.634117,0.00293,0.003913,0.006967,TRUE,TRUE,0.486809,0.006534,61.058103,15.759991,70.641437,6.351819,0.054362,0.014594,1.64883,3.355262,6.706794,-93.755364,0.679682,2.446895,8.273497,0.157871,0.067225,0.069766,0.643625,1.094556,-0.872914,1.414799,5487900,54.794521,-4562226091.856216,-35.162366,80.287301,-5.287624,-12.355214,80.642058,0.017899,1.866096,0.264133,0.067225,1.887338
01-31-25,26.959999,26.98,26.92,26.397896,91900,26.212462,26.130648,25.642135,0.003469,0.004067,0.006971,TRUE,TRUE,0.488513,0.006723,74.593198,16.624769,73.3021,6.439468,0.061816,0.017639,1.799859,3.352657,6.660475,-71.206902,0.754114,2.447161,9.35404,0.156913,0.062165,0.063111,0.68962,1.604253,-0.872914,1.119367,5579800,94.291755,-4563917385.485616,-34.494483,85.136038,-5.551451,-9.872418,81.568662,0.025154,2.629126,0.251219,0.062165,1.982388
02-03-25,27.09,27.1,27.01,26.466436,73500,26.22528,26.142519,25.650353,0.004153,0.004229,0.006975,TRUE,TRUE,0.492166,0.006997,84.688995,18.511512,77.197004,9.549933,0.07242,0.022594,2.140672,3.348102,6.73277,-58.39115,0.978079,2.466717,10.941412,0.15958,0.049667,0.040077,0.812497,2.00791,-0.872914,0.943941,5653300,-53.539823,-4564878704.923585,-30.690535,88.360546,-3.602392,-10.334703,82.798458,0.032739,3.324067,0.200193,0.049667,2.204068
02-04-25,26.99,27.030001,26.969999,26.466436,86100,26.239074,26.155889,25.658762,0.004985,0.004397,0.006978,TRUE,TRUE,0.497128,0.007338,81.065264,19.546189,77.197004,6.555567,0.079902,0.024061,2.025963,2.960745,7.101657,-86.342268,1.053375,2.422962,12.152586,0.157698,0.045362,0.033617,0.738966,1.654437,-0.872914,1.071362,5653300,138.504155,-4566409997.446949,-29.297273,82.395874,-3.551249,-12.963081,82.905974,0.029941,3.065988,0.183349,0.045362,1.870894
02-05-25,27.059999,27.059999,27.02,26.49581,49200,26.254826,26.169653,25.66727,0.005892,0.004572,0.006982,TRUE,TRUE,0.502383,0.007699,79.622195,20.763766,78.738644,5.436545,0.087197,0.025085,2.292372,3.307338,7.550954,-108.341007,1.203262,2.39211,13.340788,0.157964,0.046424,0.036549,0.778843,1.837545,-0.872914,0.600733,5702500,165.945946,-4567748739.042485,-29.102984,82.176144,-3.830367,-15.250775,82.10255,0.030748,3.14808,0.191177,0.046424,1.80637
02-06-25,27.030001,27.049999,27.030001,26.486017,50600,26.270087,26.181467,25.675729,0.006853,0.004748,0.006986,TRUE,TRUE,0.505738,0.008015,73.147706,21.894374,76.872765,-0.324239,0.091138,0.02322,2.254566,3.424563,7.263272,-119.27916,1.165859,2.364608,14.16937,0.158171,0.047142,0.03759,0.727468,1.773315,-0.872914,0.6081,5651900,107.377049,-4570552094.865089,-29.868034,77.980973,-2.596946,-15.189497,82.156624,0.030348,3.104741,0.193883,0.047142,1.523922
02-07-25,26.99,26.99,26.969999,26.417479,75600,26.286804,26.191131,25.683845,0.007785,0.00492,0.006989,TRUE,TRUE,0.507286,0.00809,44.449007,21.864241,65.222692,-11.974312,0.087719,0.015841,1.761029,3.195773,7.06801,-143.757195,1.281851,2.331221,13.815467,0.159178,0.059688,0.058941,0.680703,1.705066,-0.872914,0.886128,5576300,125.671642,-4574804656.146798,-30.988375,73.127241,-1.909926,-13.075881,82.261307,0.030022,3.086409,0.242778,0.059688,0.945853
02-10-25,27.01,27.030001,26.99,26.427273,24300,26.305476,26.200407,25.69203,0.008686,0.005088,0.006993,TRUE,TRUE,0.508378,0.008185,44.453018,22.249208,66.015301,-12.723343,0.084822,0.010355,1.798757,3.117596,7.272752,-140.259263,1.433317,2.320123,13.000672,0.159084,0.058022,0.056895,0.633427,1.643017,-0.872914,0.290409,5600600,-57.443082,-4575512653.772203,-30.605893,69.356385,-2.949903,-13.695896,81.596733,0.029057,2.985639,0.238526,0.058022,0.936849
02-11-25,26.99,26.99,26.959999,26.407688,49200,26.324145,26.209097,25.700403,0.009525,0.005251,0.006997,TRUE,TRUE,0.508694,0.008204,51.431207,22.09652,62.926928,-13.945838,0.080023,0.004445,1.723316,2.963752,7.193254,-147.253765,1.434187,2.303479,11.495476,0.159426,0.05821,0.056988,0.565941,1.578682,-0.872914,0.584254,5551400,27.792208,-4577373392.204399,-30.108859,69.621555,-2.882268,-13.626206,81.45287,0.028514,2.923741,0.238721,0.05821,0.726746
02-12-25,26.92,26.93,26.9,26.339146,39000,26.334505,26.214078,25.70829,0.010242,0.005404,0.007,TRUE,TRUE,0.505788,0.008132,29.428984,21.029489,53.494511,-11.728181,0.069884,-0.004555,1.687539,2.465553,6.956242,-171.733163,0.792844,2.274932,10.568595,0.163418,0.066294,0.069743,0.50638,0.937875,-0.872914,0.466758,5512400,-25.143954,-4578870579.120287,-30.619305,70.007618,-1.749324,-12.567331,81.575174,0.021655,2.180974,0.264089,0.066294,0.043915
02-13-25,26.950001,26.98,26.940001,26.388107,65100,26.344382,26.220039,25.716279,0.010846,0.005549,0.007003,TRUE,TRUE,0.50376,0.008119,30.879412,20.623866,58.302637,-7.712664,0.06505,-0.007512,1.800224,2.694522,7.44488,-154.246906,0.754301,2.262906,10.063491,0.164683,0.069219,0.075831,0.448684,1.229315,-0.872914,0.779921,5577500,-2.54491,-4580732136.141889,-31.074542,58.645924,-1.863712,-12.374242,81.205605,0.024054,2.411938,0.275373,0.069219,0.434491
02-14-25,26.98,26.98,26.950001,26.397896,41500,26.353285,26.22678,25.72446,0.011338,0.005685,0.007006,TRUE,TRUE,0.50232,0.008047,26.406463,20.247216,59.210592,-3.716335,0.061301,-0.009008,1.876157,2.848305,7.194811,-150.751017,0.679055,2.238058,9.684234,0.163642,0.066937,0.074113,0.403729,1.478682,-0.872914,0.508953,5619000,-48.189763,-4582301188.659691,-31.273787,59.159955,-0.726722,-9.755152,81.92541,0.027722,2.794808,0.272238,0.066937,0.460658
02-18-25,26.91,26.93,26.9,26.348938,62300,26.359251,26.231373,25.732157,0.011714,0.00581,0.007009,TRUE,TRUE,0.499215,0.007802,8.33313,19.132503,52.995021,-0.49949,0.053761,-0.013239,1.573016,2.619036,6.872423,-200.424957,0.45492,2.226099,9.239588,0.164371,0.060614,0.061094,0.386951,1.414954,-0.872914,0.751463,5556700,78,-4584652178.913363,-31.522002,58.816376,-2.341848,-10.640752,81.230122,0.026775,2.668655,0.247173,0.060614,-0.111616
02-19-25,26.91,26.92,26.9,26.358732,41800,26.365219,26.236551,25.739664,0.012007,0.005926,0.007012,TRUE,TRUE,0.496887,0.007419,8.333874,18.097412,54.034573,-4.268064,0.048022,-0.015183,1.610772,2.695721,6.994534,-252.98317,0.454867,2.220078,8.799565,0.158899,0.083518,0.115295,0.370465,2.008124,-0.872914,0.555223,5598500,-78.475798,-4586956424.841267,-30.863274,53.125922,-1.900806,-10.043433,81.426787,0.033102,3.515863,0.339551,0.083518,-0.073712
02-20-25,26.9,26.92,26.9,26.339146,59500,26.37216,26.23939,25.746787,0.01216,0.006031,0.007015,TRUE,TRUE,0.492603,0.00699,-4.348526,17.136257,51.577949,-7.632643,0.041415,-0.017431,1.649425,2.42715,6.58655,-280.425909,0.52988,2.205683,7.935415,0.159535,0.085004,0.119086,0.378283,1.814291,-0.872914,0.787506,5539000,9.981516,-4590352929.514164,-32.077473,42.702906,-1.356791,-10.266383,81.701045,0.032171,3.410649,0.345088,0.085004,-0.416039
02-21-25,26.91,26.98,26.91,26.407688,44400,26.382529,26.243794,25.754299,0.01221,0.006126,0.007017,TRUE,TRUE,0.489495,0.006792,2.04093,17.075757,58.6609,5.665878,0.041235,-0.014089,2.066989,2.616814,6.90498,-246.1548,0.791489,2.205256,6.852816,0.157272,0.069833,0.088291,0.375825,1.706847,-0.872914,0.588196,5583400,-3.056769,-4591034550.571384,-31.275109,39.134673,0.385101,-8.279921,82.980517,0.032568,3.442821,0.297137,0.069833,0.36714
02-24-25,26.950001,27.01,26.950001,26.446856,116400,26.392903,26.248982,25.76196,0.012187,0.006214,0.007019,TRUE,TRUE,0.487022,0.006696,-4.3472,17.388598,62.074783,8.040211,0.043749,-0.00926,2.515479,3.000388,7.104674,-283.215316,0.790711,2.175038,6.100886,0.157245,0.0695,0.087461,0.377896,1.703563,-0.872914,1.890685,5699800,-70.516717,-4593103171.393459,-30.237345,42.368805,2.280493,-8.180819,83.103592,0.032624,3.447778,0.295739,0.0695,0.884347
02-25-25,26.959999,26.98,26.950001,26.488089,131900,26.403385,26.255579,25.769875,0.0121,0.006297,0.007022,TRUE,TRUE,0.485704,0.006689,4.403926,17.679093,65.321563,13.743613,0.048509,-0.0036,2.636571,2.967795,7.01195,-257.444627,0.797795,2.163449,5.825567,0.157716,0.069913,0.087837,0.376813,1.771033,-0.872914,1.979737,5831700,329.641694,-4597296984.22408,-30.125874,55.604809,2.38708,-7.478444,82.982779,0.033418,3.521803,0.296374,0.069913,1.453998
02-26-25,26.98,26.98,26.950001,26.478271,33000,26.41181,26.262564,25.777693,0.011917,0.006373,0.007024,TRUE,TRUE,0.48487,0.006653,-3.714896,17.948838,63.918508,5.257608,0.050902,-0.000966,2.251264,2.891092,7.095746,-281.152804,0.640443,2.136829,5.615103,0.157977,0.06839,0.084141,0.352436,1.643224,-0.872914,0.50451,5798700,-42.408377,-4598367830.86701,-30.56632,50.779495,1.451006,-7.733954,82.584784,0.031994,3.359444,0.290071,0.06839,1.183621
02-27-25,26.959999,26.99,26.959999,26.488089,18300,26.420236,26.270135,25.785895,0.011605,0.006447,0.007026,TRUE,TRUE,0.484239,0.006803,0.438735,18.339855,64.734255,2.659472,0.05298,0.00089,2.135519,2.967894,7.135453,-316.85202,0.640306,2.124587,5.419007,0.148161,0.061875,0.079398,0.35243,1.014824,-0.872914,0.288963,5817000,-69.449082,-4598961848.471435,-30.988496,55.11585,2.122203,-7.329856,83.200401,0.026207,2.926539,0.281776,0.061875,1.252119
02-28-25,26.98,27.030001,26.98,26.537178,69600,26.429158,26.278298,25.794294,0.011219,0.006525,0.007028,TRUE,TRUE,0.484003,0.007011,26.442593,19.235688,68.561778,3.240215,0.05792,0.004664,2.209657,3.197469,7.251486,-279.091229,0.676989,2.130866,5.808126,0.149549,0.065362,0.091645,0.50295,1.333278,-0.872914,1.137999,5886600,-38.40708,-4600264235.31866,-31.09724,64.283926,1.357481,-8.87779,82.360995,0.02789,3.106274,0.302729,0.065362,1.8598
03-03-25,27.02,27.110001,27,26.605902,121500,26.439559,26.287835,25.80299,0.010798,0.006612,0.00703,TRUE,TRUE,0.484845,0.007258,34.915315,20.923618,72.982672,9.064164,0.066613,0.010686,2.435935,3.503605,7.405367,-140.045958,0.787964,2.114704,6.965808,0.151303,0.050174,0.056659,0.719327,1.966476,-0.872914,1.939655,6008100,32.208923,-4601256329.419784,-29.804393,68.188333,3.330153,-6.442224,83.790214,0.035434,3.827697,0.238032,0.050174,2.387992
03-04-25,27.040001,27.120001,27.040001,26.586264,545300,26.44555,26.297953,25.811156,0.010323,0.006706,0.007032,TRUE,TRUE,0.486797,0.007541,34.901233,22.58407,69.955408,5.221152,0.071098,0.012137,1.901824,3.505,7.120393,-142.606464,0.452752,2.103201,7.687128,0.149858,0.050748,0.065629,0.691503,1.459284,-0.872914,6.323785,5462800,641.904762,-4607987208.500917,-24.996233,83.114193,4.972313,-3.838186,85.321274,0.032055,3.51286,0.256182,0.050748,1.830508
03-05-25,27.059999,27.07,27.02,26.537178,76200,26.449087,26.307675,25.819078,0.009785,0.006802,0.007034,TRUE,TRUE,0.488597,0.007685,40.233903,23.643675,62.929169,-5.632609,0.069886,0.00874,1.713684,3.119995,7.045728,-164.917984,0.267288,2.096708,7.946661,0.151816,0.042329,0.046228,0.641201,1.24868,-0.872914,0.888785,5386600,-11.498258,-4609535073.687459,-25.150217,80.932104,3.566785,-6.423989,84.215976,0.029137,3.119676,0.215007,0.042329,1.108526
03-06-25,27.02,27.02,26.950001,26.478271,307800,26.44821,26.315049,25.826848,0.009167,0.006897,0.007036,TRUE,TRUE,0.488201,0.007872,17.955711,23.154998,55.699079,-17.283593,0.063441,0.001836,1.601673,2.659889,6.562729,-191.693543,-0.066192,2.058741,7.901941,0.148272,0.046755,0.060934,0.616207,0.216604,-0.872914,3.119647,5078800,525.609756,-4613991413.829148,-23.434184,65.285972,4.546071,-5.694036,84.951932,0.020284,2.241013,0.246849,0.046755,0.380427
03-07-25,27.01,27.030001,26.98,26.507723,32800,26.449296,26.322818,25.834526,0.008515,0.006988,0.007037,TRUE,TRUE,0.488291,0.008076,21.047303,22.835299,58.279932,-11.675476,0.060018,-0.00127,1.487144,2.620327,6.681257,-178.306631,0.081951,2.045632,7.971201,0.148575,0.047672,0.064106,0.58803,0.480406,-0.872914,0.335464,5111600,-35.177866,-4614643826.661496,-22.547549,65.106223,3.703568,-6.765174,84.413274,0.022003,2.430129,0.253191,0.047672,0.732979
03-10-25,27.049999,27.07,27.040001,26.55681,97300,26.456262,26.331763,25.842513,0.007957,0.007075,0.007039,TRUE,TRUE,0.48925,0.008343,39.826857,23.052922,62.229533,-0.699636,0.060568,-0.000576,1.750966,2.695137,6.878812,-155.994243,0.527423,2.049966,8.281321,0.150061,0.039883,0.045911,0.530644,0.802148,-0.872914,0.98422,5208900,28.703704,-4617875550.148272,-21.783782,69.491394,5.442511,-6.047853,85.732134,0.025467,2.758115,0.214268,0.039883,1.214156
03-11-25,27.030001,27.1,27.030001,26.546995,61800,26.462248,26.340122,25.850498,0.007525,0.007157,0.007041,TRUE,TRUE,0.489625,0.008524,36.068377,23.608471,60.986296,5.287217,0.059525,-0.001295,1.335236,2.542274,6.675954,-160.45568,0.453026,2.043224,8.490798,0.14923,0.043386,0.055179,0.472692,0.938905,-0.872914,0.613491,5147100,154.320988,-4618790203.619661,-21.48089,72.276228,5.95581,-3.910982,86.446078,0.02796,3.05994,0.234901,0.043386,0.998102
03-12-25,27.059999,27.059999,26.98,26.497908,58700,26.466759,26.346855,25.858285,0.007216,0.007231,0.007042,TRUE,TRUE,0.48857,0.008553,28.789278,23.124298,55.061649,-3.218283,0.054115,-0.005365,1.18546,2.238203,6.560179,-196.233458,0.341641,2.033999,8.42508,0.150656,0.036547,0.038039,0.404232,0.801449,-0.872914,0.579982,5088400,19.308943,-4619556374.163018,-20.839335,72.298137,4.935843,-5.246636,85.72684,0.025217,2.709112,0.195036,0.036547,0.36971
03-13-25,26.98,27.02,26.959999,26.517544,46500,26.475679,26.353004,25.866315,0.006984,0.007298,0.007043,TRUE,TRUE,0.48669,0.008561,21.859392,22.306974,56.866793,-5.362739,0.050825,-0.006923,1.260443,2.390312,6.843509,-254.386339,0.677312,2.000503,7.932885,0.150239,0.033648,0.033056,0.362817,1.06544,-0.872914,0.457745,5134900,19.230769,-4620288664.16874,-20.385926,69.628943,5.602423,-3.085513,86.656458,0.027869,2.994598,0.181813,0.033648,0.527735
03-14-25,27.02,27.030001,27.01,26.517544,78100,26.482151,26.35974,25.874392,0.006787,0.007359,0.007044,TRUE,TRUE,0.485348,0.008579,15.254642,21.694248,56.866793,-4.119502,0.047668,-0.008064,1.373551,2.275859,6.884473,-254.386339,0.490511,1.9763,7.705582,0.150138,0.031044,0.030028,0.337623,0.934706,-0.872914,0.763926,5134900,19.969278,-4624212760.907248,-21.265039,68.940408,4.776365,-3.785928,85.283546,0.025415,2.728472,0.173286,0.031044,0.459313
03-17-25,27.049999,27.07,27.030001,26.546995,28600,26.489606,26.366673,25.88276,0.006631,0.007415,0.007045,TRUE,TRUE,0.483913,0.008623,13.043772,21.684673,59.68383,4.622181,0.047002,-0.006985,1.599626,2.27514,7.249933,-237.062011,0.564815,1.979303,7.567544,0.150512,0.032226,0.032757,0.321691,1.127613,-0.872914,0.281524,5163500,-31.084337,-4624932075.93276,-20.981832,66.910687,3.210116,-4.310881,84.673415,0.026832,2.877438,0.180988,0.032226,0.758359
03-18-25,26.99,27.049999,26.99,26.546995,25400,26.499509,26.373411,25.890889,0.006505,0.007467,0.007046,TRUE,TRUE,0.482522,0.008562,15.555747,20.902509,59.68383,2.817037,0.045944,-0.006434,1.675413,2.08518,7.249933,-237.062011,0.75167,1.982288,6.89597,0.147945,0.023759,0.01624,0.300915,1.48043,-0.872914,0.254649,5163500,-59.229535,-4625332556.506242,-20.392189,67.231742,3.191006,-3.482723,84.96758,0.02911,3.149194,0.127435,0.023759,0.68861
03-19-25,27.02,27.07,27.01,26.576448,23100,26.510395,26.381129,25.898782,0.006418,0.007516,0.007047,TRUE,TRUE,0.482347,0.008474,19.149306,20.467982,62.522706,5.655913,0.04694,-0.00435,1.712349,2.312453,7.492839,-219.736562,0.825974,1.983122,6.244365,0.147124,0.023269,0.016465,0.278243,1.889674,-0.872914,0.233782,5186600,-44.736842,-4625689494.354733,-19.599772,67.332821,1.308081,-5.103847,83.807643,0.032018,3.483504,0.128317,0.023269,1.057814
03-20-25,27.09,27.1,27.049999,26.576448,172000,26.52226,26.389043,25.906387,0.006392,0.007563,0.007047,TRUE,TRUE,0.482656,0.008456,9.523876,20.483287,62.522706,2.838876,0.047187,-0.003283,1.712349,2.312453,7.039839,-219.736562,0.900951,1.978187,4.93677,0.145025,0.02036,0.012837,0.271162,1.507824,-0.872914,1.646957,5186600,189.07563,-4629119449.266044,-18.560119,69.3349,1.361061,-5.408969,83.873897,0.028716,3.163637,0.113302,0.02036,1.097654
03-21-25,27.07,27.09,27.059999,26.576448,117700,26.530698,26.396956,25.913753,0.006425,0.007606,0.007048,TRUE,TRUE,0.483203,0.008428,-8.571651,20.497498,62.522706,2.838876,0.046842,-0.002902,1.902241,2.274423,6.916941,-219.736562,0.639057,1.962257,4.273047,0.145072,0.020613,0.013055,0.20912,1.439314,-0.872914,1.088807,5186600,165.09009,-4633031326.136792,-19.424966,66.934347,-0.496603,-3.945964,84.095492,0.028395,3.127565,0.114259,0.020613,1.070679
03-24-25,27.08,27.08,27.040001,26.546995,67800,26.535705,26.406233,25.920731,0.00647,0.007644,0.007049,TRUE,TRUE,0.485502,0.00831,-11.110751,20.075161,57.46852,-5.054187,0.043688,-0.004845,1.903467,2.123104,6.880241,-268.671083,0.378645,1.961596,3.799352,0.14595,0.015175,0.007342,0.182316,1.297348,-0.872914,0.64162,5118800,-41.752577,-4634770457.079523,-19.715759,45.92297,-2.629122,-5.611008,82.799131,0.027049,2.952907,0.085687,0.015175,0.297165
03-25-25,27.030001,27.09,27.030001,26.546995,153600,26.53865,26.416096,25.927662,0.006508,0.007677,0.007049,TRUE,TRUE,0.488434,0.008201,3.225685,19.68299,57.46852,-5.054187,0.04072,-0.006251,1.675413,2.08518,6.659122,-268.671083,0.222389,1.977543,3.635593,0.145862,0.015388,0.007552,0.180435,1.162826,-0.872914,1.438808,5118800,16.451857,-4637397067.372939,-18.781361,49.424754,-2.208846,-5.525018,82.734499,0.025741,2.812115,0.086904,0.015388,0.229537
03-26-25,26.969999,26.969999,26.93,26.508606,28000,26.540167,26.425582,25.93464,0.006497,0.007701,0.00705,TRUE,TRUE,0.490942,0.00806,10.687741,19.090006,51.210751,-11.311956,0.034867,-0.009682,1.490525,1.933758,6.627443,-247.878917,0.114564,1.964289,3.42778,0.146946,0.020498,0.013196,0.165722,0.671787,-0.872914,0.262898,5090800,-15.151515,-4638015034.088881,-18.612837,68.587258,-1.003689,-4.890956,83.199392,0.020999,2.28358,0.114876,0.020498,-0.920739
03-27-25,26.959999,26.99,26.959999,26.567669,43800,26.544146,26.434296,25.941914,0.006483,0.007719,0.00705,TRUE,TRUE,0.492383,0.008079,19.125424,18.169134,58.667826,1.199306,0.034596,-0.007962,1.754594,2.313287,6.947067,-213.136016,0.300438,1.941012,3.248639,0.147705,0.018658,0.010778,0.150882,0.733152,-0.872914,0.406383,5134600,139.344262,-4639204411.964143,-18.668846,69.059251,-0.412677,-4.717936,83.384766,0.021841,2.360151,0.103817,0.018658,0.724089
03-28-25,27,27.030001,26.99,26.597198,61400,26.547147,26.442429,25.949239,0.006466,0.007733,0.007051,TRUE,TRUE,0.49319,0.008078,13.743128,17.119708,61.810604,4.342085,0.036346,-0.004971,1.791763,2.427007,6.860827,-195.765688,0.226175,1.912016,3.451762,0.147068,0.016197,0.008665,0.213545,1.13736,-0.872914,0.571854,5196000,-11.781609,-4640471684.308221,-18.723782,67.458862,1.123882,-2.343526,84.833542,0.026267,2.84758,0.093089,0.016197,1.45003
03-31-25,27.030001,27.049999,27.030001,26.626728,103000,26.548188,26.450567,25.956521,0.006451,0.007743,0.007051,TRUE,TRUE,0.494046,0.008134,25.425605,16.467609,64.701094,13.490344,0.039658,-0.001327,1.779232,2.311757,7.020459,-178.39536,0.078277,1.885648,3.663274,0.147345,0.016995,0.009551,0.304056,1.200636,-0.836009,0.967636,5299000,-15.226337,-4644728693.464158,-20.420106,69.282274,-0.481454,-3.467876,84.210089,0.026828,2.904288,0.097732,0.016995,2.143979
04-01-25,27.059999,27.09,27.059999,26.666101,23400,26.55218,26.459297,25.963711,0.006424,0.007753,0.007051,TRUE,TRUE,0.495585,0.008248,55.348983,16.463451,68.16139,9.493564,0.044941,0.003165,1.739866,2.539377,7.508367,-155.234548,0.300297,1.869542,4.450446,0.148165,0.018146,0.010798,0.408088,1.391485,-0.836009,0.291226,5322400,-95.708784,-4645366560.296124,-23.260331,76.10303,-0.486937,-3.599588,83.979802,0.028467,3.066594,0.103913,0.018146,2.559774
04-02-25,27.09,27.09,27.040001,26.656258,86000,26.558134,26.467634,25.970805,0.006378,0.007759,0.007051,TRUE,TRUE,0.496829,0.008288,47.167707,16.069182,66.408631,4.598027,0.047783,0.004806,1.816109,2.463356,7.386111,-161.025031,0.448727,1.843921,5.001598,0.1478,0.015254,0.007866,0.380085,1.462226,-0.799069,1.06383,5236400,12.860892,-4646772657.343504,-23.031657,72.020951,-0.93585,-4.787295,83.010215,0.028795,3.105004,0.088692,0.015254,1.961844
04-03-25,27.09,27.120001,27.08,26.666101,85700,26.567526,26.47695,25.977996,0.006289,0.007761,0.007052,TRUE,TRUE,0.498954,0.008301,48.878862,16.151571,67.313807,2.612712,0.050251,0.005819,1.777788,2.539377,7.425767,-138.893741,0.709374,1.830191,5.183236,0.147542,0.011892,0.006323,0.349708,1.597868,-0.762102,1.228938,5322100,-72.157245,-4648631871.686438,-24.837211,72.316902,3.602858,-0.696105,86.294303,0.031063,3.352793,0.079518,0.011892,1.901821
04-04-25,27.16,27.16,27.09,26.675945,107600,26.575937,26.486463,25.985044,0.006157,0.007758,0.007052,TRUE,TRUE,0.501419,0.008303,45.353432,16.771613,68.235594,0.074203,0.052397,0.006372,1.777424,2.883772,7.259391,-110.458926,0.634617,1.813836,5.515949,0.147488,0.008586,0.004419,0.359163,1.664667,-0.762102,1.464444,5429700,228.04878,-4650012400.209599,-24.068441,74.970372,7.807903,4.00712,90.379944,0.032233,3.477047,0.066478,0.008586,1.81308
04-07-25,27.1,27.110001,26.99,26.577509,167400,26.576972,26.493225,25.991744,0.005959,0.007749,0.007052,TRUE,TRUE,0.501481,0.007951,7.972054,15.57832,52.340016,-14.068615,0.045629,-0.000317,1.477469,2.927064,6.945629,-153.257426,0.077941,1.802024,5.497561,0.147303,0.008494,0.004336,0.349333,1.673925,-0.762102,2.174591,5262300,72.045221,-4651330641.617847,-21.729729,63.990732,8.567359,6.221318,91.338356,0.03229,3.487343,0.065845,0.008494,0.009773
04-08-25,26.950001,27.030001,26.950001,26.567669,102900,26.578005,26.49901,25.998442,0.005689,0.007732,0.007051,TRUE,TRUE,0.500567,0.007506,-2.417631,15.023653,51.059553,-16.254254,0.039021,-0.00554,1.477736,2.966177,6.988131,-157.535701,0.077876,1.783734,5.457521,0.146376,0.008457,0.004448,0.351944,1.820601,-0.762102,1.301955,5159400,66.504854,-4652417091.235186,-21.273415,56.933898,10.608549,7.576434,92.741555,0.033657,3.658291,0.066692,0.008457,-0.189397
04-09-25,26.91,26.969999,26.860001,26.488916,434500,26.577556,26.502593,26.004795,0.00531,0.007705,0.007051,FALSE,TRUE,0.497797,0.00687,-19.808185,15.56359,42.168132,-26.067461,0.027117,-0.013955,1.176933,2.58397,6.50738,-123.695052,-0.033932,1.756349,5.530194,0.151827,-0.009731,0.007381,0.386056,1.369329,-0.762102,4.441605,4724900,640.204429,-4655783191.086064,-18.516134,32.474131,5.670185,2.218252,87.930449,0.028646,3.006243,-0.085911,-0.009731,-1.602826
04-10-25,26.940001,26.950001,26.889999,26.469233,93300,26.57514,26.505586,26.011002,0.004871,0.007665,0.00705,FALSE,TRUE,0.494584,0.006342,-23.227907,16.064961,40.280078,-12.059938,0.015911,-0.020129,1.48027,2.469313,6.837902,-130.256348,-0.182186,1.743496,5.899311,0.145412,-0.009548,0.008272,0.426607,0.612057,-0.774903,0.931463,4631600,100.645161,-4657185045.978302,-18.417802,30.324091,7.418033,5.66084,90.498806,0.020558,2.253645,-0.09095,-0.009548,-1.795254
04-11-25,26.889999,26.889999,26.85,26.439701,82100,26.571248,26.507205,26.017267,0.004329,0.007612,0.007049,FALSE,TRUE,0.489938,0.005846,-23.240912,16.952342,37.562718,-13.496835,0.004595,-0.025156,1.481019,2.163442,6.677616,-132.354841,-0.293552,1.723079,6.523116,0.143931,-0.012415,0.015031,0.470451,0.001113,-0.885608,0.818014,4549500,5.121639,-4658951466.373133,-17.306185,30.02863,4.46491,3.275724,88.280914,0.015121,1.680361,-0.122601,-0.012415,-2.016628
04-14-25,26.92,26.969999,26.91,26.547979,254300,26.571297,26.510207,26.024314,0.003771,0.007552,0.007048,TRUE,TRUE,0.485893,0.005564,0.172684,16.481205,50.696157,8.528025,0.004314,-0.02035,1.973058,2.42848,6.908841,-97.426305,0.003707,1.712632,6.521227,0.152189,-0.009447,0.007799,0.470181,0.51854,-0.885608,2.277653,4803800,789.160839,-4662274520.729874,-16.722994,40.650068,3.981062,3.166153,87.689043,0.020281,2.123742,-0.088314,-0.009447,-0.357569
04-15-25,26.98,26.99,26.959999,26.567669,28200,26.572331,26.512232,26.031411,0.003261,0.00749,0.007046,TRUE,TRUE,0.48082,0.005312,10.714582,15.755192,52.646737,12.36666,0.005615,-0.015239,1.667341,2.313287,7.235222,-91.074824,0.077876,1.716476,6.497019,0.152331,-0.009015,0.007135,0.452471,0.582183,-0.885608,0.252259,4832000,11.023622,-4663040284.567371,-16.86543,42.329243,3.67818,2.039792,86.986407,0.021015,2.197844,-0.084471,-0.009015,-0.071757
04-16-25,27.01,27.01,26.969999,26.577509,74300,26.572384,26.514453,26.038414,0.002815,0.007431,0.007045,TRUE,TRUE,0.47604,0.005074,1.960099,14.79304,53.633987,16.071269,0.007356,-0.010799,1.477469,2.236796,7.192407,-87.900621,0.00399,1.705342,6.497416,0.15233,-0.009128,0.007291,0.45021,0.58186,-0.885608,0.64976,4906300,221.645022,-4664572652.982401,-17.001818,43.362634,3.827551,2.556221,87.066224,0.02091,2.187075,-0.085388,-0.009128,0.078877
04-17-25,26.99,27.01,26.99,26.587355,48000,26.572929,26.516284,26.045706,0.00247,0.007374,0.007043,TRUE,TRUE,0.470578,0.004767,-2.040881,13.899613,54.652732,3.956575,0.009421,-0.006987,1.401633,2.42731,7.108532,-84.724572,0.041037,1.696694,6.505578,0.150689,-0.008934,0.007152,0.452042,0.914622,-0.885608,0.443828,4954300,-72.093023,-4666553305.280704,-17.306452,42.912602,4.277331,2.924867,86.718967,0.024082,2.546045,-0.084569,-0.008934,0.221739
04-21-25,26.969999,26.99,26.959999,26.547979,48600,26.571506,26.517523,26.052704,0.002162,0.007317,0.007042,TRUE,TRUE,0.464819,0.004374,-16.000047,13.501979,49.928068,-2.71867,0.00779,-0.006894,1.213762,2.123203,7.114492,-97.426305,-0.107121,1.685715,6.528578,0.152302,-0.007969,0.005566,0.467277,0.647662,-0.885608,0.464206,4905700,-58.708581,-4667936818.650911,-16.670086,38.035808,4.976984,3.717453,87.160213,0.021498,2.247036,-0.074603,-0.007969,-0.360361
04-22-25,26.99,26.99,26.959999,26.557823,33800,26.572047,26.52033,26.059801,0.00188,0.007257,0.00704,TRUE,TRUE,0.46053,0.004044,-23.40401,13.132748,51.066969,-2.567019,0.00721,-0.005979,1.213616,2.389936,7.11301,-94.250872,0.040788,1.679375,6.51165,0.151403,-0.007844,0.005563,0.481929,0.455769,-0.885608,0.328171,4939500,-50.147493,-4668876834.278097,-16.557298,38.423806,4.11179,2.074566,85.920681,0.019814,2.083274,-0.074585,-0.007844,-0.21844
04-23-25,27.01,27.01,26.93,26.518448,26700,26.57062,26.522154,26.066316,0.001569,0.007193,0.007037,FALSE,TRUE,0.455838,0.003698,-27.999876,13.228372,46.509938,-8.142794,0.003531,-0.007726,1.214231,2.161848,6.954202,-106.952605,-0.107535,1.689485,6.600141,0.151982,-0.00854,0.006564,0.50672,-0.063225,-0.885608,0.276255,4912800,-82.617188,-4669178245.786573,-16.441375,39.867168,3.560785,1.115539,85.286454,0.014936,1.565208,-0.081019,-0.00854,-0.790468
04-24-25,26.969999,26.99,26.959999,26.557823,42100,26.573081,26.525156,26.072979,0.001269,0.007126,0.007035,TRUE,TRUE,0.452177,0.003456,-20.754441,13.317166,51.199683,1.271615,0.00375,-0.006006,1.364517,2.428199,7.11301,-94.250872,0.185665,1.689081,6.446723,0.152368,-0.007859,0.005565,0.520263,-0.012272,-0.885608,0.432438,4954900,50.357143,-4670349093.653571,-16.606266,38.153153,3.301811,-0.114935,84.550339,0.015509,1.620331,-0.074597,-0.007859,-0.236671
04-25-25,26.93,26.93,26.9,26.569666,40200,26.573181,26.529767,26.07975,0.000984,0.007052,0.007033,TRUE,TRUE,0.450016,0.003237,-20.293545,14.221013,52.547248,1.48028,0.004824,-0.003946,1.258749,2.473874,7.177314,-107.820856,0.007517,1.655605,6.445995,0.152388,-0.007901,0.005621,0.238556,0.000543,-0.885608,0.413687,4995100,-8.219178,-4671274567.733296,-16.501238,32.579562,3.348087,-0.151875,84.588041,0.0156,1.629681,-0.07497,-0.007901,-0.054525
04-28-25,26.889999,26.940001,26.889999,26.589407,26600,26.572791,26.533793,26.086476,0.000697,0.006972,0.007031,TRUE,TRUE,0.447317,0.003102,2.673627,15.0603,54.788446,8.278509,0.007185,-0.001268,1.183352,2.588318,7.505716,-144.773874,-0.029295,1.637258,6.433057,0.151588,-0.009196,0.007601,0.243932,-0.129523,-0.885608,0.278724,5021700,-56.677524,-4671620990.750653,-16.319645,38.02018,2.678077,-0.86294,84.292383,0.014185,1.491144,-0.087186,-0.009196,0.25829
04-29-25,26.93,26.969999,26.93,26.619017,103200,26.572405,26.538215,26.093109,0.000382,0.006889,0.007028,TRUE,TRUE,0.445106,0.003069,11.04764,15.188859,57.993143,6.79346,0.011315,0.00229,1.175397,2.652581,7.500757,-144.364972,-0.028961,1.616144,6.40126,0.151106,-0.007847,0.005539,0.329781,-0.195106,-0.885608,1.081251,5124900,0.194175,-4673328906.214866,-14.982562,45.74948,2.839052,-0.652361,84.052525,0.013812,1.455066,-0.074422,-0.007847,0.728157
04-30-25,26.959999,27.030001,26.959999,26.668365,54500,26.572519,26.544604,26.099845,0.000096,0.006802,0.007026,TRUE,TRUE,0.444759,0.003222,41.216568,14.183129,62.734206,10.186957,0.018358,0.007466,1.32526,2.842888,7.57545,-100.908108,0.00849,1.615471,6.418878,0.149354,-0.005764,0.003023,0.460572,-0.328934,-0.885608,0.561856,5179400,132.905983,-4673837511.00765,-14.675748,69.612457,3.448988,-0.355292,84.408643,0.012724,1.354443,-0.054979,-0.005764,1.493202
05-01-25,27,27.01,26.969999,26.648624,42600,26.572137,26.550402,26.106434,-0.000132,0.006711,0.007024,TRUE,TRUE,0.443967,0.00333,41.198011,13.249237,59.82537,5.036924,0.022092,0.008961,1.099796,2.766759,7.620328,-111.875344,-0.028636,1.58465,6.368539,0.149766,-0.005783,0.003026,0.415562,-0.458798,-0.885608,0.449225,5136800,-50.465116,-4674564623.862885,-14.653573,73.490597,4.439846,-0.597963,84.34616,0.011502,1.221054,-0.055005,-0.005783,1.20102
05-02-25,26.969999,26.98,26.93,26.609142,52900,26.569289,26.555802,26.112682,-0.000274,0.006609,0.007021,TRUE,TRUE,0.443119,0.003414,38.043441,13.048691,54.393192,-3.599951,0.021617,0.006788,0.80024,2.614502,7.253828,-200.610346,-0.213601,1.563006,6.045381,0.150584,-0.007967,0.005664,0.35171,-0.911613,-0.885608,0.567657,5083900,-38.273046,-4675296469.754394,-14.306577,75.91179,2.271705,-3.157171,83.449334,0.007146,0.755422,-0.075258,-0.007967,0.659235
05-05-25,26.98,26.98,26.950001,26.619017,69300,26.566443,26.560028,26.118979,-0.000327,0.006498,0.007019,TRUE,TRUE,0.441049,0.003491,20.472735,12.862469,55.481916,-7.25229,0.021785,0.005565,0.576505,2.729518,7.087289,-193.557308,-0.213408,1.519642,5.636994,0.15052,-0.008059,0.005803,0.334051,-0.781815,-0.885608,0.759244,5153200,-35.594796,-4676894978.592135,-14.726145,69.474728,1.082687,-2.478293,83.699467,0.008358,0.884012,-0.076177,-0.008059,0.932661
05-06-25,26.950001,26.99,26.950001,26.638754,34800,26.569505,26.563866,26.125471,-0.000305,0.006379,0.007017,TRUE,TRUE,0.438395,0.003477,20.483663,12.479428,57.657745,-2.167625,0.023244,0.005619,0.651079,2.690233,6.919975,-179.459408,0.230439,1.499468,5.862133,0.146587,-0.009005,0.007633,0.319824,-0.201902,-0.885608,0.411129,5188000,-79.21147,-4677471361.578164,-15.441385,69.764618,1.211144,-2.295678,83.91574,0.013925,1.513754,-0.087367,-0.009005,1.181295
05-07-25,26.99,27.02,26.99,26.668365,36600,26.57454,26.567472,26.132159,-0.000183,0.006253,0.007014,TRUE,TRUE,0.435313,0.003515,24.769774,11.66075,60.75669,6.363498,0.026484,0.007087,0.651257,2.958558,7.079905,-158.30847,0.379019,1.481442,6.264176,0.147095,-0.0086,0.006901,0.306588,-0.06795,-0.885608,0.450018,5224600,-64.431487,-4678292731.290161,-15.907808,68.03944,1.585593,-2.172638,83.41664,0.015143,1.639889,-0.083075,-0.0086,1.497816
05-08-25,26.99,26.99,26.950001,26.609142,160400,26.580551,26.570089,26.138551,0.000022,0.006121,0.007012,TRUE,TRUE,0.431538,0.00341,5.235129,11.492182,52.483428,-2.998487,0.023996,0.003679,0.464868,2.729915,6.801123,-200.610346,0.453872,1.454982,5.96918,0.149833,-0.009401,0.007959,0.301543,-0.327984,-0.885608,2.371904,5064200,-63.084005,-4681186883.919983,-18.782767,51.919041,0.857019,-1.710421,82.863493,0.012721,1.353154,-0.089215,-0.009401,0.478983
05-09-25,26.99,27.01,26.99,26.658495,40000,26.590014,26.573497,26.145045,0.00032,0.005986,0.00701,TRUE,TRUE,0.428452,0.003258,25.932954,10.928609,57.65782,0.000075,0.02571,0.004315,0.912337,2.689432,7.040273,-165.358783,0.715028,1.451809,5.600356,0.147114,-0.010023,0.009377,0.276532,0.466306,-0.885608,0.615764,5104200,-57.127546,-4682552872.857614,-19.525729,57.742703,0.684815,-1.217396,82.823367,0.020242,2.194526,-0.096832,-0.010023,1.222795
05-12-25,26.969999,27,26.959999,26.628885,36900,26.599473,26.575331,26.151248,0.00067,0.005847,0.007007,TRUE,TRUE,0.424084,0.003124,15.935892,10.940158,53.867719,-6.88897,0.024399,0.002403,0.762895,2.575375,6.880366,-186.508358,0.715531,1.426462,4.396111,0.146439,-0.011851,0.013277,0.256443,-0.068068,-0.885608,0.588517,5067300,-55.054811,-4683200663.864671,-19.337478,53.101114,0.47964,-2.469991,81.986999,0.015354,1.675555,-0.115225,-0.011851,0.669045
05-13-25,26.99,26.99,26.950001,26.628885,72600,26.603519,26.575791,26.157354,0.001035,0.005703,0.007005,TRUE,TRUE,0.418437,0.002992,27.164566,11.123134,53.867719,1.384291,0.023093,0.000877,0.837624,2.575375,7.168197,-186.508358,0.304754,1.402035,4.267697,0.146423,-0.011789,0.013066,0.211555,-0.135102,-0.885608,1.354099,5067300,-71.451042,-4684438942.010682,-20.669982,50.099217,0.399413,-2.488602,81.776784,0.014951,1.631585,-0.114305,-0.011789,0.594388
05-14-25,26.969999,26.99,26.969999,26.628885,125600,26.606579,26.576643,26.163224,0.001412,0.005558,0.007002,TRUE,TRUE,0.41342,0.002764,19.353783,11.293041,53.867719,-3.790101,0.021806,-0.000327,1.100034,2.806137,7.12699,-186.508358,0.230417,1.372412,4.216263,0.144067,-0.01077,0.011235,0.184522,0.203283,-0.885608,2.147559,5067300,345.390071,-4688848836.345986,-22.064249,54.752333,-0.11278,-1.885223,81.484276,0.017958,1.989999,-0.105997,-0.01077,0.529044
05-15-25,26.99,27.040001,26.99,26.688107,79000,26.612109,26.579662,26.169342,0.001817,0.005418,0.007,TRUE,TRUE,0.41032,0.002635,28.570706,10.624002,60.374489,6.50677,0.025274,0.002513,1.136873,2.957563,7.323952,-134.593866,0.416132,1.379788,4.528625,0.146455,-0.009157,0.007907,0.219244,0.534579,-0.885608,1.345368,5146300,6.325707,-4689881797.131796,-21.550702,60.930436,-0.355461,-2.253385,80.921195,0.021181,2.304953,-0.088924,-0.009157,1.678153
05-16-25,27.049999,27.049999,27.02,26.688107,31100,26.617147,26.583859,26.175267,0.002244,0.005279,0.006997,TRUE,TRUE,0.408591,0.002454,24.999155,10.201976,60.374489,6.50677,0.027703,0.003953,1.099371,2.996153,6.953887,-201.579935,0.378947,1.377528,4.791511,0.145951,-0.009573,0.008691,0.1957,0.67113,-0.885608,0.537365,5146300,-35.208333,-4690601051.862213,-20.775591,61.1226,-1.513745,-2.287857,80.716849,0.022542,2.46255,-0.093224,-0.009573,1.480946
05-20-25,26.950001,26.98,26.950001,26.609142,35600,26.620205,26.585887,26.180605,0.002624,0.005138,0.006995,TRUE,TRUE,0.405282,0.002241,-2.223119,10.457074,49.563926,-4.303793,0.022992,-0.000607,0.987532,2.576083,6.637434,-267.384048,0.230386,1.357806,4.513965,0.148208,-0.00736,0.004907,0.199411,-0.331834,-0.885608,0.622106,5110700,-26.748971,-4691445655.524471,-20.540705,54.031927,-1.175419,-3.586409,80.295543,0.013344,1.432783,-0.070048,-0.00736,-0.245078
05-21-25,26.91,26.940001,26.9,26.559795,25700,26.620304,26.585947,26.185359,0.002942,0.004994,0.006992,FALSE,TRUE,0.400588,0.002001,-24.443681,11.430452,44.233516,-16.140973,0.015102,-0.006797,0.762795,2.385855,6.562156,-226.803403,0.007426,1.33878,4.499814,0.149295,-0.005433,0.00266,0.236399,-0.920915,-0.885608,0.452306,5085000,-23.964497,-4691908507.965821,-20.267224,49.414836,-0.577743,-2.513336,80.962573,0.007541,0.802891,-0.05158,-0.005433,-1.344684
05-22-25,26.84,26.860001,26.83,26.571671,58700,26.622965,26.58644,26.189691,0.003203,0.004847,0.006989,FALSE,TRUE,0.39675,0.001845,-17.637904,13.162582,45.74566,-14.628829,0.009695,-0.009763,0.882811,2.546797,6.405702,-117.422817,0.2007,1.327045,3.994784,0.148103,-0.0057,0.002975,0.26061,-1.126973,-0.885608,1.004793,5143700,119.850187,-4692978113.846679,-20.369623,48.503549,-1.062438,-2.463146,80.849584,0.005693,0.611077,-0.054543,-0.0057,-1.28403
05-23-25,26.85,26.870001,26.85,26.591465,45000,26.624647,26.588311,26.19441,0.003447,0.004698,0.006987,TRUE,TRUE,0.393901,0.0017,-4.243123,14.548467,48.263932,-1.299994,0.006928,-0.010024,0.695922,2.777296,6.538146,-108.425305,0.126674,1.317181,3.770591,0.148261,-0.005639,0.002902,0.266515,-0.926692,-0.885608,0.768377,5188700,6.888361,-4694186496.452057,-20.351236,54.230027,-2.497834,-2.152064,80.97195,0.007499,0.804128,-0.05387,-0.005639,-0.880017
05-26-25,26.870001,26.9,26.870001,26.611258,70000,26.626726,26.590186,26.199421,0.003646,0.004545,0.006984,TRUE,TRUE,0.390764,0.001598,-1.819125,15.181495,50.726695,6.493179,0.00626,-0.008554,0.621632,3.152747,6.658401,-99.428661,0.156538,1.299473,3.560223,0.148467,-0.005069,0.002336,0.268637,-0.858838,-0.885608,1.165598,5258700,74.129353,-4695464014.254702,-20.139411,54.259802,-3.338275,-1.05145,80.435038,0.008216,0.87946,-0.048329,-0.005069,-0.434492
05-27-25,26.889999,26.92,26.889999,26.63105,58300,26.628809,26.592456,26.20458,0.003787,0.00439,0.006981,TRUE,TRUE,0.387876,0.001605,-1.805923,15.3529,53.129474,7.383813,0.007244,-0.006056,0.53972,3.190521,6.778756,-90.432016,0.156616,1.281813,3.450561,0.146902,-0.006415,0.003797,0.270163,-1.067814,-0.885608,0.945814,5317000,119.172932,-4696528740.753526,-20.20421,55.483021,-3.923989,-1.533815,79.865682,0.006421,0.695218,-0.06162,-0.006415,0.064961
05-28-25,26.9,26.940001,26.889999,26.650843,59800,26.6304,26.594533,26.209692,0.003861,0.004236,0.006978,TRUE,TRUE,0.38484,0.001755,-4.20448,15.10549,55.468085,7.204153,0.009511,-0.003031,0.651746,2.917683,6.981444,-81.435371,0.119561,1.261485,3.476317,0.143405,-0.003179,0.000959,0.272011,-1.434524,-0.885608,1.005549,5376800,-42.054264,-4697160590.541815,-20.036728,56.627154,-3.401939,-1.968701,79.88475,0.003207,0.35513,-0.030969,-0.003179,0.588058
05-29-25,26.92,26.950001,26.92,26.660742,55200,26.630019,26.596808,26.214758,0.003844,0.004081,0.006975,TRUE,TRUE,0.382049,0.001886,14.042929,14.67272,56.633532,5.906837,0.011969,-0.000459,0.651814,2.801254,7.062397,-76.935748,-0.028587,1.254995,3.436447,0.143114,-0.004769,0.002096,0.261702,-1.232319,-0.885608,0.927653,5432000,1.284404,-4698169839.139946,-20.445616,71.095618,-3.874588,-1.739068,80.116326,0.00533,0.591889,-0.045782,-0.004769,0.894037
05-30-25,26.93,26.969999,26.93,26.690428,35200,26.632109,26.599087,26.219684,0.003765,0.003929,0.006972,TRUE,TRUE,0.379404,0.001978,9.182051,13.866815,60.013217,6.883743,0.016126,0.002959,0.577491,2.799908,7.305509,-63.442081,0.156869,1.229085,3.674458,0.141568,-0.003265,0.000995,0.26716,-0.692632,-0.885608,0.595248,5467200,-17.370892,-4698626697.239226,-20.345035,70.918306,-2.572464,-1.229066,80.306988,0.010016,1.123737,-0.031549,-0.003265,1.587143
06-02-25,26.959999,26.969999,26.950001,26.680531,83800,26.635678,26.601169,26.224608,0.003601,0.003781,0.006969,TRUE,TRUE,0.376561,0.001945,15.742533,13.118476,58.379673,2.911587,0.01841,0.004194,0.280497,2.723265,7.059436,-67.940837,0.268285,1.21296,3.784699,0.138416,-0.006188,0.00371,0.260145,-0.354982,-0.885608,1.381015,5383400,58.412098,-4700968821.321248,-21.153882,76.972037,-5.315117,-1.928094,79.572664,0.013588,1.561254,-0.060909,-0.006188,1.185094
06-03-25,26.959999,26.969999,26.940001,26.670637,49900,26.638259,26.603053,26.229627,0.003329,0.003635,0.006966,TRUE,TRUE,0.373426,0.001935,12.354249,12.625123,56.717715,0.084183,0.0192,0.003988,0.317357,2.225216,6.691454,-72.437859,0.193923,1.194222,3.840695,0.137952,-0.006679,0.004338,0.253516,-0.640617,-0.885608,0.835706,5333500,-27.994228,-4701914840.039457,-20.951148,79.122043,-7.179251,-1.97072,79.623021,0.011086,1.278448,-0.065863,-0.006679,0.84302
06-04-25,26.940001,26.98,26.940001,26.680531,52800,26.640348,26.605723,26.234647,0.003028,0.0035,0.006963,TRUE,TRUE,0.371076,0.002016,14.847044,11.935678,58.005189,-2.008028,0.02039,0.004142,0.540195,2.263137,6.48604,-67.940837,0.156827,1.179924,3.955418,0.136082,-0.004511,0.001998,0.246112,-0.937334,-0.885608,0.871143,5386300,51.724138,-4702652657.787776,-20.773219,77.066721,-5.306503,-1.622116,79.993904,0.008434,0.984882,-0.044699,-0.004511,1.015883
06-05-25,26.950001,26.969999,26.93,26.680531,95400,26.640956,26.608394,26.239716,0.002708,0.003375,0.00696,TRUE,TRUE,0.368679,0.002072,-2.624831,11.515827,58.005189,-0.374483,0.021089,0.003873,0.763868,2.377776,6.282767,-67.940837,0.045616,1.147357,4.00975,0.13596,-0.004967,0.002405,0.2463,-0.866257,-0.885608,1.50118,5386300,160.655738,-4703938058.035737,-20.177283,64.937326,-6.245352,-1.480668,79.993904,0.009182,1.073379,-0.049038,-0.004967,0.986948
06-06-25,26.879999,26.9,26.879999,26.611258,26700,26.641062,26.610447,26.244197,0.002385,0.00326,0.006956,TRUE,TRUE,0.36625,0.001925,-21.472157,12.106811,46.719802,-9.997913,0.015871,-0.001076,0.390583,1.883536,5.804803,-145.828618,0.007949,1.112115,4.001187,0.138087,-0.004642,0.002033,0.258734,-0.996098,-0.885608,0.469533,5359600,-83.354115,-4704682281.705392,-20.658927,61.180038,-6.223596,-2.367621,79.485655,0.007868,0.905403,-0.045087,-0.004642,-0.744894
06-09-25,26.879999,26.92,26.879999,26.621155,40300,26.639195,26.611517,26.248631,0.002094,0.003151,0.006953,TRUE,TRUE,0.362886,0.001821,4.158962,12.148726,48.268405,-9.736785,0.012392,-0.003645,0.24229,1.997498,5.803827,-139.230446,-0.140069,1.116223,4.002679,0.137866,-0.004093,0.001569,0.255205,-1.068533,-0.885608,0.708509,5399900,0.75,-4705244141.184697,-19.946614,66.125628,-7.484622,-1.752626,79.775659,0.00722,0.832053,-0.039613,-0.004093,-0.450707
06-10-25,26.9,26.92,26.9,26.63105,43600,26.639303,26.612194,26.253404,0.001879,0.003047,0.006949,TRUE,TRUE,0.35879,0.001727,28.572521,12.187647,49.838218,-8.166971,0.010313,-0.004578,0.316627,1.65609,6.045148,-132.633547,0.00813,1.107222,4.000036,0.137919,-0.00404,0.001496,0.227056,-0.996813,-0.885608,0.762038,5443500,18.157182,-4706460334.203961,-20.326549,70.222714,-8.648709,-2.274421,79.58475,0.007742,0.891785,-0.038683,-0.00404,-0.20633
06-11-25,26.9,26.92,26.9,26.63105,78700,26.639412,26.61228,26.257936,0.00167,0.002946,0.006945,TRUE,TRUE,0.354344,0.001677,25.001205,12.223789,49.838218,3.118416,0.008568,-0.005059,0.502464,1.693881,6.045148,-168.424373,0.00813,1.104203,3.99736,0.137245,-0.004795,0.002119,0.202357,-1.21581,-0.885608,1.36822,5443500,8.402204,-4708655618.392403,-21.050657,75.962683,-8.191665,-2.923802,79.26609,0.005956,0.689576,-0.046037,-0.004795,-0.209176
06-12-25,26.940001,26.940001,26.91,26.640945,77100,26.640015,26.611777,26.26247,0.001464,0.00285,0.00694,TRUE,TRUE,0.349308,0.001639,21.739349,11.702826,51.543566,3.275162,0.007892,-0.004588,0.465358,1.731667,6.003638,-208.234641,0.04529,1.10664,3.989735,0.137305,-0.004809,0.002126,0.183258,-1.143687,-0.885608,1.399401,5520600,-38.61465,-4710115626.422156,-19.300109,76.997055,-9.545899,-3.502923,79.137102,0.00662,0.766234,-0.046107,-0.004809,0.02333
06-13-25,26.879999,26.91,26.879999,26.621155,88700,26.636667,26.611075,26.266952,0.001247,0.002758,0.006936,TRUE,TRUE,0.344123,0.001612,4.348409,11.899082,48.026838,-1.81138,0.005693,-0.005429,0.390726,1.769644,5.763539,-258.843388,-0.250867,1.09687,3.843169,0.136986,-0.005943,0.00321,0.179194,-1.504103,-0.885608,1.595898,5431900,12.278481,-4711734924.46399,-19.659165,66.004996,-7.444963,-2.396597,79.395581,0.003496,0.405799,-0.056654,-0.005943,-0.403632
06-16-25,26.879999,26.91,26.870001,26.611258,79400,26.632825,26.609978,26.271434,0.001018,0.002673,0.006931,TRUE,TRUE,0.338544,0.001567,-9.091228,12.29332,46.324623,-3.513595,0.003117,-0.006405,0.24207,1.845569,5.483222,-235.223943,-0.287952,1.091937,3.682622,0.137084,-0.006025,0.003294,0.186709,-1.57479,-0.885608,1.369084,5352500,155.305466,-4712841560.780808,-19.174505,56.849331,-7.025162,-3.694135,79.127971,0.002923,0.339045,-0.057396,-0.006025,-0.585644
06-17-25,26.92,26.92,26.889999,26.63105,44800,26.63392,26.60908,26.276063,0.000829,0.002596,0.006926,TRUE,TRUE,0.333018,0.001553,-9.091228,12.357273,50.131181,-1.412385,0.002641,-0.005504,0.316627,1.997345,5.521572,-217.230497,0.082332,1.09107,3.640817,0.137399,-0.006274,0.003555,0.191896,-1.42796,-0.885608,0.766402,5397300,25.842697,-4713659738.261894,-19.001012,56.01088,-7.081075,-3.772645,79.365395,0.004193,0.485357,-0.059623,-0.006274,-0.078826
06-18-25,26.91,26.959999,26.91,26.650843,31000,26.638472,26.610547,26.280887,0.000687,0.002527,0.006921,TRUE,TRUE,0.32966,0.001518,-4.349283,11.618573,53.669591,5.642753,0.003818,-0.003462,0.279925,1.997068,5.640131,-199.237052,0.342801,1.098244,3.208785,0.136865,-0.004832,0.002086,0.193679,-1.075618,-0.885608,0.527929,5428300,20.622568,-4714012098.069631,-18.821177,54.588295,-5.587267,-4.298112,79.384595,0.00701,0.813905,-0.045672,-0.004832,0.385514
06-19-25,26.950001,26.950001,26.93,26.650843,31500,26.642431,26.612211,26.28547,0.000615,0.002465,0.006916,TRUE,TRUE,0.326741,0.001477,-20.000771,10.932637,53.669591,7.344968,0.004696,-0.002067,0.279925,1.997068,5.479815,-199.237052,0.297957,1.095537,2.804142,0.136865,-0.004809,0.002068,0.165876,-1.075618,-0.885608,0.549163,5428300,-46.337308,-4714922924.504878,-19.129019,54.361082,-5.458676,-4.112981,79.54397,0.006986,0.811084,-0.045478,-0.004809,0.299974
06-20-25,26.940001,26.99,26.93,26.680531,90200,26.646884,26.616043,26.289911,0.000604,0.00241,0.006911,TRUE,TRUE,0.326131,0.001414,0,11.239062,58.759914,8.628733,0.007699,0.000748,0.391633,2.301324,5.71763,-157.893315,0.33494,1.11027,2.655433,0.13606,-0.006212,0.00347,0.165876,-0.584174,-0.885608,1.512915,5518500,100.444444,-4715763203.584256,-18.095192,54.750296,-5.573137,-6.205376,79.672553,0.011433,1.3362,-0.058906,-0.006212,1.267074
06-23-25,26.959999,27.030001,26.959999,26.730013,123300,26.652822,26.621258,26.294407,0.000678,0.002364,0.006905,TRUE,TRUE,0.326851,0.001523,23.076695,12.29121,65.553252,11.88366,0.013911,0.005568,0.68941,2.606,5.953951,-87.492549,0.44626,1.124248,3.106316,0.135156,-0.005319,0.002582,0.330257,-0.661183,-0.885608,1.97961,5641800,76.142857,-4716696693.535483,-17.044777,64.845425,-4.255864,-7.096012,79.441363,0.010771,1.266729,-0.05081,-0.005319,2.484965
06-24-25,26.98,27.02,26.969999,26.720118,62300,26.657275,26.626867,26.298708,0.000809,0.002324,0.0069,TRUE,TRUE,0.328158,0.001657,15.385585,13.268205,63.307393,9.637801,0.01783,0.00759,0.652136,2.338474,5.954973,-93.677133,0.33445,1.119486,3.402128,0.134634,-0.003847,0.001323,0.326679,-0.95492,-0.885608,0.997039,5579500,6.861063,-4717381684.590223,-16.68636,57.766184,-4.787679,-7.196896,78.977795,0.008293,0.978518,-0.036376,-0.003847,1.847143
06-25-25,26.9,26.91,26.889999,26.691341,43900,26.6593,26.629734,26.302721,0.000951,0.002286,0.006894,TRUE,TRUE,0.327013,0.001786,3.779019,12.509969,57.17306,-1.586854,0.018402,0.00653,0.689344,2.190144,5.800663,-111.662256,0.15196,1.094042,3.481425,0.134752,-0.003672,0.001205,0.325218,-1.383524,-0.885608,0.711623,5535600,-26.588629,-4718297673.203612,-17.131693,61.572626,-4.757629,-5.886903,79.445545,0.00453,0.533952,-0.034716,-0.003672,0.920343
06-26-25,26.9,26.940001,26.889999,26.721109,35300,26.662319,26.632803,26.306737,0.001087,0.002249,0.006888,TRUE,TRUE,0.326065,0.002028,44.551882,12.043186,61.345709,-4.207543,0.021015,0.007314,0.577546,2.342273,6.092419,-93.057244,0.226429,1.100626,3.746204,0.134175,-0.003498,0.001105,0.302898,-1.461137,-0.885608,0.581597,5570900,-36.050725,-4718571440.424669,-16.806657,65.360644,-5.581913,-6.117949,79.000357,0.00392,0.464002,-0.033244,-0.003498,1.56934
06-27-25,26.93,26.98,26.91,26.731033,29900,26.664349,26.635873,26.3109,0.001236,0.002213,0.006882,TRUE,TRUE,0.324973,0.002266,44.557886,12.332966,62.65212,-0.655273,0.023614,0.007931,0.503191,2.30397,6.334665,-86.854779,0.152135,1.086896,4.007481,0.134138,-0.003169,0.000898,0.285834,-1.315482,-0.885608,0.494787,5600800,-15.056818,-4718754229.634479,-16.653593,64.903369,-7.246751,-6.165613,79.12804,0.00505,0.597958,-0.029973,-0.003169,1.663996
06-30-25,26.950001,26.98,26.93,26.770721,41000,26.668859,26.639541,26.315116,0.001457,0.002179,0.006876,TRUE,TRUE,0.324424,0.002582,50.534132,12.602047,67.397721,10.224661,0.028548,0.010291,0.540785,2.329638,6.451859,-62.049686,0.33804,1.071977,4.65439,0.135358,-0.001448,0.000155,0.393157,-1.085592,-0.885608,0.70338,5641800,-51.073986,-4719056450.966591,-15.515208,64.791563,-6.910241,-7.550517,78.794487,0.006855,0.804012,-0.012452,-0.001448,2.188534
07-02-25,26.889999,26.92,26.889999,26.701265,55900,26.67039,26.642606,26.318841,0.001692,0.002143,0.006869,TRUE,TRUE,0.323766,0.002794,20.302444,11.931166,54.376028,-6.96968,0.026547,0.006632,0.131867,1.874028,6.054085,-105.459791,0.114839,1.037402,4.710598,0.139576,0.001237,0.000077,0.374082,-1.614568,-0.885608,0.954088,5585900,12.024048,-4719815683.778594,-15.276364,60.452625,-6.946521,-7.588785,78.531761,0.001379,0.15685,0.008789,0.001237,0.655445
07-03-25,26.9,26.91,26.879999,26.691341,57400,26.67093,26.645277,26.322273,0.001918,0.002108,0.006863,TRUE,TRUE,0.323003,0.002822,14.570581,11.094231,52.806154,-9.845966,0.023885,0.003177,0.131616,1.950114,6.217399,-111.662256,0.04052,1.010969,4.729013,0.130946,-0.010311,0.00582,0.359766,-1.050488,-0.885608,0.975859,5528500,8.712121,-4720594997.61927,-15.251904,52.456566,-6.482706,-7.59819,77.962761,0.010053,1.222272,-0.076287,-0.010311,0.431611
07-04-25,26.92,26.940001,26.91,26.711187,42800,26.672463,26.649132,26.325951,0.00213,0.002075,0.006856,TRUE,TRUE,0.323181,0.00286,26.026234,10.928142,55.568759,-11.828962,0.023111,0.001922,0.169076,1.949869,6.215126,-99.258518,0.114903,1.004763,4.810747,0.131098,-0.012924,0.00858,0.332669,-0.824496,-0.885608,0.761701,5571300,-55.136268,-4721205062.925393,-15.364838,61.144366,-10.622257,-6.819443,78.020729,0.012964,1.576602,-0.092628,-0.012924,0.804949
07-07-25,26.9,26.91,26.879999,26.701265,51900,26.676964,26.652,26.329578,0.002361,0.002044,0.006848,TRUE,TRUE,0.322422,0.00274,26.017201,10.177886,53.870904,-0.505125,0.021449,0.000208,0.094917,1.874028,6.21625,-119.154672,0.338232,0.981052,4.625478,0.124988,0.030265,0.028052,0.300221,-0.315961,-0.885608,0.903394,5519400,94.382022,-4721875367.808094,-14.963521,63.402198,-15.728138,-6.964341,78.106841,0.006929,0.892599,0.167486,0.030265,0.525386
07-08-25,26.889999,26.9,26.879999,26.691341,39100,26.680473,26.654434,26.333108,0.002558,0.002017,0.006841,TRUE,TRUE,0.321326,0.002559,17.93923,9.481219,52.15446,-0.651694,0.019111,-0.001704,0.428304,1.9121,5.853058,-125.770561,0.26365,0.951978,4.442401,0.124638,0.032546,0.021687,0.277434,-0.238003,-0.885608,0.681303,5480300,-2.977667,-4722652102.768994,-15.166372,57.811332,-16.565291,-6.786777,78.405626,0.005709,0.735167,0.147267,0.032546,0.244651
07-09-25,26.91,26.940001,26.9,26.721109,52200,26.684976,26.657068,26.336738,0.00276,0.001995,0.006833,TRUE,TRUE,0.32033,0.002364,20.30468,9.602845,56.619452,1.050693,0.019436,-0.001103,0.577546,2.063816,5.930744,-105.925436,0.338174,0.929455,4.370927,0.124155,0.062773,0.061069,0.255147,0.236489,-0.885608,0.902802,5532500,19.724771,-4723171195.578455,-14.450762,58.993777,-18.521531,-6.160546,78.318978,0.004,0.52779,0.247121,0.062773,0.826676
07-10-25,26.91,26.92,26.889999,26.701265,35600,26.688487,26.658713,26.34022,0.002944,0.001975,0.006825,TRUE,TRUE,0.318493,0.002304,13.780234,9.476083,53.064384,-0.80652,0.017886,-0.002122,0.801652,1.98802,5.892415,-119.154672,0.263659,0.903323,4.193375,0.113534,0.038361,0.025948,0.235764,-0.868799,-0.885608,0.63954,5496900,-54.76493,-4723654714.149248,-13.472645,54.539236,-13.01287,-6.712528,77.877009,0.001653,0.23422,0.161083,0.038361,0.304732
07-11-25,26.879999,26.879999,26.860001,26.651655,54200,26.689022,26.658379,26.34345,0.003072,0.001959,0.006817,FALSE,TRUE,0.314929,0.002188,-7.483995,8.924334,45.391154,-6.763306,0.012511,-0.005998,0.689187,2.179659,5.574963,-122.55607,0.0402,0.86201,4.135914,0.115965,0.043062,0.030873,0.248208,-1.443695,-0.885608,0.994131,5442700,-29.701686,-4724838228.140664,-13.502019,44.810252,-16.163163,-7.734276,77.980898,-0.002798,-0.38912,0.175707,0.043062,-0.903478
07-14-25,26.870001,26.879999,26.85,26.641729,46100,26.690051,26.658241,26.346824,0.003088,0.001945,0.006808,FALSE,TRUE,0.311417,0.002067,-25.495467,8.628905,44.019631,-12.599821,0.007365,-0.008915,0.76411,2.256445,5.335181,-122.512314,0.077287,0.829856,3.980905,0.116017,0.041533,0.029088,0.276657,-1.612441,-0.885608,0.879939,5396600,-48.027057,-4725524440.475354,-13.160447,31.093612,-14.137841,-9.216957,77.418596,-0.004262,-0.591903,0.170553,0.041533,-1.213835
07-15-25,26.85,26.85,26.790001,26.592117,42100,26.689094,26.6579,26.349949,0.00295,0.001934,0.006799,FALSE,TRUE,0.307951,0.001879,-33.1617,9.486683,37.861681,-15.202703,-0.000708,-0.013591,0.166257,2.142595,5.019312,-104.150019,-0.071925,0.809455,4.197414,0.118496,0.050198,0.04263,0.325238,-2.077207,-0.885608,0.833251,5354500,-46.97733,-4725844239.607503,-12.867569,32.109844,-12.777808,-8.533548,77.768435,-0.008828,-1.208724,0.206471,0.050198,-2.310391
07-16-25,26.809999,26.84,26.809999,26.631809,39800,26.689132,26.658156,26.352983,0.002744,0.001924,0.006789,FALSE,TRUE,0.305173,0.001688,-14.999135,10.283192,44.545522,-0.845632,-0.003859,-0.013393,0.241422,1.912789,5.136175,-83.259381,0.002851,0.823804,4.191919,0.1184,0.046698,0.035381,0.344575,-1.414419,-0.885608,0.791646,5394300,-11.160714,-4726356826.866706,-12.627637,38.696367,-12.320222,-8.385423,77.465474,-0.004161,-0.567986,0.1881,0.046698,-1.367457
07-17-25,26.85,26.85,26.82,26.611963,44900,26.687188,26.65762,26.356014,0.0025,0.001912,0.00678,FALSE,TRUE,0.301606,0.001477,-28.204446,10.754175,42.10674,-1.912891,-0.007867,-0.013921,0.129637,1.609021,4.938411,-93.7047,-0.145884,0.816241,4.460382,0.118768,0.041387,0.025738,0.376031,-1.658633,-0.885608,0.88091,5349400,44.83871,-4727024434.972752,-12.764702,39.61276,-13.677925,-9.52397,76.602198,-0.004646,-0.629192,0.160431,0.041387,-1.686508
07-18-25,26.83,26.860001,26.83,26.631809,47300,26.686236,26.656889,26.359096,0.002231,0.001899,0.006769,FALSE,TRUE,0.297793,0.001229,-24.999519,10.920343,45.330051,7.468371,-0.009334,-0.012311,0.167202,1.571178,5.016669,-83.259381,-0.071418,0.812722,4.561176,0.11742,0.042632,0.028309,0.398825,-1.175575,-0.885608,0.913833,5396700,50.15873,-4727696681.975104,-12.33941,41.215812,-12.705711,-8.055851,76.957314,-0.000479,-0.065687,0.168254,0.042632,-1.193268
07-21-25,26.870001,26.889999,26.870001,26.661575,24300,26.685289,26.657938,26.362376,0.001954,0.001886,0.006759,TRUE,TRUE,0.295562,0.001089,-28.204446,10.307551,49.840899,5.295377,-0.008003,-0.008783,0.427889,1.646845,5.21378,-85.617283,-0.071045,0.814286,4.593237,0.116765,0.032836,0.016095,0.249491,-1.265358,-0.885608,0.501393,5421000,-73.059867,-4728227492.704718,-12.859062,39.654222,-13.104796,-7.613353,77.099526,0.001267,0.17361,0.126866,0.032836,-0.516264
07-22-25,26.879999,26.9,26.879999,26.691341,42900,26.683355,26.658595,26.366191,0.001684,0.001875,0.006748,TRUE,TRUE,0.292404,0.001014,-2.857519,9.645078,53.934193,11.827452,-0.004494,-0.00422,0.502745,1.722462,5.371194,-65.773178,-0.144674,0.837234,4.474928,0.117454,0.033691,0.01671,0.250476,-1.106896,-0.885608,0.965238,5463900,-65.206813,-4729079715.973839,-13.930726,47.404242,-11.591481,-7.123077,77.035764,0.002137,0.29128,0.129267,0.033691,0.178471
07-23-25,26.879999,26.889999,26.85,26.641729,37900,26.679436,26.658852,26.370291,0.001383,0.00186,0.006736,FALSE,TRUE,0.28856,0.000883,-12.820311,9.577028,47.043361,1.71331,-0.005652,-0.004302,0.464889,1.684766,5.175337,-98.847958,-0.293368,0.836091,4.479275,0.119733,0.032635,0.015001,0.261066,-1.660727,-0.885608,0.876807,5426000,-39.165329,-4729512299.355652,-14.031943,48.947091,-11.129356,-7.290862,76.780788,-0.001873,-0.250241,0.122479,0.032635,-0.841792
07-24-25,26.84,26.870001,26.84,26.651655,31700,26.677451,26.659307,26.374538,0.001053,0.001839,0.006724,FALSE,TRUE,0.284769,0.000816,-15.788515,9.731689,48.462089,-1.37881,-0.005702,-0.003482,0.353312,1.72265,5.094927,-92.230713,-0.148686,0.830316,4.511545,0.11898,0.029586,0.012505,0.269968,-1.836021,-0.885608,0.74387,5457700,-27.790433,-4729942025.918053,-13.66227,42.607425,-9.979896,-6.47308,76.902563,-0.002365,-0.317538,0.111825,0.029586,-0.571778
07-25-25,26.870001,26.9,26.860001,26.691341,26100,26.675963,26.660556,26.378886,0.000721,0.001816,0.006712,TRUE,TRUE,0.28167,0.000896,-2.439367,9.097908,53.792362,-0.141831,-0.002511,-0.000232,0.457949,1.722462,5.131888,-65.773178,-0.111403,0.842336,4.407844,0.118118,0.039862,0.022938,0.270878,-1.931144,-0.885608,0.619144,5483800,-26.062323,-4730188231.645009,-13.778664,49.188591,-10.410591,-6.829658,76.645198,-0.005008,-0.680892,0.151454,0.039862,0.348891
07-28-25,26.83,26.83,26.799999,26.671446,36400,26.672983,26.660223,26.383087,0.000359,0.001791,0.006699,TRUE,TRUE,0.277136,0.000908,-4.773454,9.737426,50.94759,3.904229,-0.001569,0.000567,0.30854,1.495543,4.97406,-79.036914,-0.222915,0.826876,4.213098,0.118123,0.041109,0.024758,0.273781,-1.932206,-0.885608,0.856874,5447400,21.73913,-4730536580.732681,-13.868116,49.432123,-9.770625,-6.938241,76.810593,-0.005022,-0.683391,0.157348,0.041109,-0.036496
07-29-25,26.83,26.870001,26.809999,26.731136,41100,26.671004,26.661084,26.387343,0.000026,0.001771,0.006686,TRUE,TRUE,0.27374,0.00095,2.244576,9.397671,58.10594,9.64385,0.003948,0.004868,0.421201,1.601549,5.013862,-45.280749,-0.147867,0.811641,3.802774,0.119883,0.056891,0.043894,0.307096,-1.082951,-0.885608,0.9674,5488500,0.243902,-4730685720.767013,-13.686324,48.402791,-9.594299,-6.583673,76.722421,-0.000769,-0.104115,0.20951,0.056891,1.58127
07-30-25,26.83,26.870001,26.83,26.701292,56200,26.671006,26.662927,26.391257,-0.000286,0.001752,0.006672,TRUE,TRUE,0.27167,0.000954,0.005847,9.082184,53.872797,0.080436,0.005845,0.005412,0.123467,1.450363,4.856948,-80.645385,0.0001,0.796491,3.802886,0.1208,0.06326,0.054662,0.307093,-1.400542,-0.885608,1.322353,5432300,0.536673,-4731103581.648188,-13.27988,46.659804,-9.594874,-5.937859,77.027103,-0.003937,-0.532171,0.2338,0.06326,0.796408
07-31-25,26.860001,26.879999,26.84,26.741083,37200,26.673493,26.666552,26.395127,-0.000554,0.001735,0.006658,TRUE,TRUE,0.271425,0.001051,20.010755,8.556045,58.240993,7.293403,0.010439,0.008005,0.346955,1.450566,4.854499,-44.471225,0.186359,0.795298,4.094367,0.121905,0.059055,0.047188,0.328884,-1.225331,-0.885608,0.896602,5469500,-35.191638,-4731324771.844172,-12.930555,54.812283,-9.025439,-4.268734,77.385892,-0.001952,-0.260353,0.217227,0.059055,1.650817
08-01-25,26.91,26.940001,26.91,26.800776,74600,26.677972,26.671134,26.399151,-0.000738,0.001722,0.006644,TRUE,TRUE,0.271983,0.00129,32.022765,9.038132,63.781981,5.676041,0.018681,0.012997,0.720178,1.526181,4.930006,7.183093,0.335396,0.785684,4.932707,0.12437,0.031053,0.013516,0.510613,-0.962651,-0.885608,1.731662,5544100,74.299065,-4731942568.360162,-12.462286,64.953836,-6.568787,-4.184064,78.340133,0.00479,0.615581,0.11626,0.031053,2.489576
08-05-25,26.92,26.940001,26.91,26.790825,40200,26.68245,26.675122,26.403319,-0.000796,0.001715,0.006629,TRUE,TRUE,0.271803,0.001406,43.480438,9.485783,62.298002,8.425204,0.024132,0.014758,0.645434,1.22566,4.614798,-6.553044,0.335413,0.767567,5.526119,0.120804,0.023704,0.010549,0.466399,-0.58602,-0.885608,0.945994,5503900,-22.543353,-4732302149.935596,-12.268246,65.143022,-9.066578,-7.931009,76.78256,0.008099,1.06999,0.102708,0.023704,1.961139
08-06-25,26.91,26.940001,26.91,26.800776,56300,26.687922,26.678912,26.407342,-0.000728,0.001713,0.006615,TRUE,TRUE,0.271569,0.001612,39.546179,9.90146,63.219578,4.978585,0.028921,0.015638,0.608218,1.263257,4.261404,0.554488,0.409999,0.740975,6.127817,0.11868,0.022397,0.010963,0.434899,-0.927179,-0.885608,1.298581,5560200,43.98977,-4732768395.831711,-11.666812,66.119184,-11.027335,-9.747064,75.626562,0.005313,0.714533,0.104706,0.022397,1.841664
08-07-25,26.92,26.950001,26.92,26.790825,383600,26.691407,26.682107,26.411607,-0.00055,0.001716,0.006599,TRUE,TRUE,0.2705,0.001743,42.854662,10.491087,61.598072,-2.18391,0.03155,0.014614,0.459194,1.113441,4.457604,-6.116169,0.2609,0.722863,6.512736,0.117794,0.029371,0.019442,0.392153,-0.768078,-0.885608,6.401335,5176600,634.8659,-4736455360.317692,-11.083992,78.406282,-9.52131,-7.839475,76.195036,0.006243,0.849624,0.139436,0.029371,1.526507
08-08-25,26.99,26.99,26.950001,26.810722,46100,26.69688,26.685305,26.415874,-0.000249,0.001722,0.006584,TRUE,TRUE,0.269431,0.001897,42.861712,11.778913,63.608105,1.310103,0.034837,0.014321,0.757559,1.225949,4.692495,5.643728,0.409932,0.709309,7.038604,0.118075,0.028989,0.018851,0.383695,-0.599829,-0.885608,0.762614,5222700,29.494382,-4736822505.017515,-10.891473,78.384312,-8.736805,-7.839033,76.251626,0.007656,1.039157,0.137299,0.028989,1.617395
08-11-25,26.969999,26.98,26.940001,26.820669,48500,26.705331,26.688504,26.420336,0.000169,0.001733,0.006568,TRUE,TRUE,0.268167,0.002058,40.013528,12.672067,64.605478,1.3859,0.037809,0.013834,0.60834,1.526227,4.770774,10.878884,0.634159,0.685367,7.468523,0.118111,0.029175,0.019029,0.382803,-0.516539,-0.885608,0.806117,5271200,-10.516605,-4737160390.740657,-10.240308,73.86491,-8.73488,-8.065772,76.207024,0.008378,1.136932,0.137944,0.029175,1.544323
08-12-25,26.950001,26.950001,26.93,26.800776,62700,26.713283,26.690711,26.424699,0.000693,0.001746,0.006552,TRUE,TRUE,0.266012,0.002276,28.224477,13.197016,61.004429,-0.593643,0.03812,0.011316,0.645503,1.413323,4.574981,0.408573,0.596981,0.6568,7.601228,0.115331,0.019584,0.008702,0.361003,-1.209328,-0.885608,1.027953,5208500,36.008677,-4738033311.549355,-10.254014,67.98336,-8.076313,-7.616454,75.89666,0.004827,0.667304,0.093286,0.019584,1.151027
08-13-25,26.959999,26.969999,26.950001,26.820669,74400,26.724711,26.693513,26.42921,0.00133,0.001762,0.006536,TRUE,TRUE,0.264304,0.002521,49.981886,14.077339,63.212651,-0.395453,0.039516,0.01017,0.72021,1.563867,4.573967,10.878884,0.859472,0.648474,7.399082,0.115652,0.020188,0.009197,0.313894,-1.036168,-0.885608,1.188309,5282900,76.72209,-4739070008.316164,-10.562026,72.864562,-8.006856,-7.639653,75.754595,0.005991,0.826204,0.095902,0.020188,1.296894
08-14-25,26.959999,26.959999,26.93,26.810722,56200,26.733657,26.696315,26.433607,0.002041,0.00178,0.006519,TRUE,TRUE,0.262708,0.002607,44.428403,14.276498,61.34222,-3.263257,0.039366,0.008016,0.682857,1.790402,4.300099,5.643728,0.671802,0.625019,7.297618,0.108733,0.023056,0.01368,0.265071,-0.472393,-0.885608,0.886016,5226700,41.20603,-4739573121.235798,-10.418015,71.13646,-7.346581,-7.549232,75.942908,0.01017,1.495049,0.116963,0.023056,1.05604
08-15-25,26.93,26.950001,26.93,26.800776,48000,26.743097,26.69872,26.437955,0.00279,0.001802,0.006502,TRUE,TRUE,0.260765,0.002583,33.334495,14.46143,59.447877,-1.556552,0.038006,0.005325,0.422169,1.563842,4.300502,0.408573,0.709501,0.596183,6.847901,0.105799,0.011867,0.003565,0.232482,-0.114508,-0.885608,0.754895,5178700,6.904232,-4740241385.969728,-10.393136,67.20976,-6.5717,-7.026732,75.950912,0.01365,2.051763,0.059705,0.011867,0.842277
08-18-25,26.940001,26.940001,26.92,26.790825,81800,26.751048,26.700926,26.442254,0.003553,0.001826,0.006485,TRUE,TRUE,0.258672,0.002549,37.499775,14.312181,57.533739,-5.678912,0.035714,0.002426,0.384884,1.488486,4.379188,-10.652524,0.597089,0.596556,6.395999,0.105939,0.012187,0.003754,0.181166,-0.318745,-0.885608,1.252488,5096900,72.938689,-4741379814.80818,-10.475527,64.44337,-6.313363,-7.997909,75.940813,0.012289,1.844921,0.061268,0.012187,0.621903
08-19-25,26.959999,26.969999,26.940001,26.810722,22400,26.758505,26.704915,26.446651,0.00431,0.001856,0.006467,TRUE,TRUE,0.258264,0.002569,28.571233,14.865188,60.287317,-1.054903,0.035099,0.001448,0.757559,1.752573,4.41751,-12.048494,0.559408,0.59095,6.16314,0.105937,0.01221,0.003768,0.157987,-0.319313,-0.885608,0.343479,5119300,-7.81893,-4741595278.083866,-10.249011,63.837017,-5.622645,-6.928583,76.051583,0.012281,1.843834,0.061382,0.01221,0.847247
08-20-25,26.940001,26.969999,26.93,26.810722,85900,26.764474,26.708706,26.451146,0.005012,0.001888,0.006449,TRUE,TRUE,0.25756,0.002611,43.999386,15.046066,60.287317,0.839441,0.034216,0.000453,0.944762,1.714764,4.45671,-19.518584,0.447265,0.596388,6.055584,0.105649,0.010043,0.002505,0.104439,-0.50658,-0.885608,1.275143,5119300,100.2331,-4742193489.599769,-9.733373,62.127915,-6.774742,-7.448761,75.87064,0.011384,1.712737,0.050051,0.010043,0.763724
08-21-25,26.959999,26.959999,26.92,26.780878,70100,26.771432,26.711703,26.455346,0.00563,0.001919,0.006432,TRUE,TRUE,0.256357,0.002626,16.667199,14.883075,54.176527,-3.357212,0.030754,-0.002407,0.787333,1.677095,4.14495,-161.402379,0.522296,0.589203,5.326587,0.106522,0.004575,0.000502,0.078678,-0.96364,-0.885608,1.01631,5049200,84.960422,-4742751224.333448,-9.596901,57.123385,-7.271,-8.483242,75.409399,0.00892,1.329615,0.022398,0.004575,0.177341
08-22-25,26.950001,26.969999,26.93,26.820669,121800,26.779883,26.715495,26.459939,0.006198,0.001951,0.006413,TRUE,TRUE,0.255556,0.002731,9.089641,14.985768,59.998349,-0.288969,0.030866,-0.001837,0.861946,1.563867,4.221604,-111.663448,0.634159,0.58572,4.620173,0.107714,0.011358,0.003147,0.07614,-0.770578,-0.885608,1.657594,5171000,284.227129,-4743538867.43106,-9.25207,58.815737,-8.277835,-11.061573,74.830537,0.00927,1.368392,0.056095,0.011358,0.882795
08-25-25,26.950001,26.959999,26.940001,26.810722,86800,26.785852,26.718891,26.464483,0.006674,0.001979,0.006395,TRUE,TRUE,0.254408,0.002828,9.091543,15.081126,58.014138,-2.273179,0.029808,-0.002316,0.74955,1.375841,4.41751,-124.096989,0.447265,0.585965,4.164788,0.107831,0.013726,0.004703,0.070789,-0.951877,-0.885608,1.134418,5084200,232.56705,-4744747883.396725,-9.514247,56.611317,-6.89975,-10.536271,75.279578,0.007834,1.156009,0.068581,0.013726,0.597168
08-26-25,26.9,26.9,26.889999,26.830669,75300,26.793813,26.723081,26.468835,0.007052,0.002004,0.006377,TRUE,TRUE,0.254247,0.002999,13.062466,14.426833,60.812928,6.636401,0.03023,-0.001514,0.749573,1.293339,4.299518,-59.32976,0.596981,0.569583,3.293433,0.107343,0.017221,0.007607,0.098262,-1.047268,-0.885608,0.959725,5159500,106.868132,-4745716672.544159,-9.673778,51.308138,-6.840024,-11.098745,74.78821,0.006571,0.9755,0.087216,0.017221,1.119095
08-27-25,26.879999,26.9,26.879999,26.830669,111200,26.798789,26.727469,26.473186,0.007288,0.002027,0.006358,TRUE,TRUE,0.254283,0.003145,18.201938,14.085081,60.812928,0.814579,0.030217,-0.001222,0.674751,1.330895,4.260464,-44.844985,0.372349,0.548314,3.038651,0.107181,0.019629,0.009634,0.08989,-0.957315,-0.885608,1.356677,5159500,170.559611,-4746376406.894722,-9.571577,26.719643,-7.317239,-11.038751,74.47198,0.00703,1.046199,0.098153,0.019629,1.04915
08-28-25,26.9,26.92,26.9,26.830669,43100,26.805258,26.731462,26.477538,0.007424,0.002046,0.006339,TRUE,TRUE,0.253924,0.003267,10.023386,13.152907,60.812928,2.79879,0.029862,-0.001262,0.63737,1.293339,4.299618,-49.32957,0.484536,0.519071,2.079617,0.107015,0.019145,0.009198,0.087666,-0.867123,-0.885608,0.53007,5159500,-23.309609,-4746718313.284194,-9.601975,26.493026,-7.500302,-11.739079,74.559552,0.007712,1.149241,0.095906,0.019145,1.221914
08-29-25,26.93,26.959999,26.93,26.890514,89200,26.81273,26.736255,26.482481,0.007504,0.002068,0.00632,TRUE,TRUE,0.253775,0.003494,28.061181,13.183263,68.645005,7.832077,0.034018,0.002315,0.749657,1.331477,4.571519,11.68355,0.558808,0.507305,2.322748,0.11045,0.02559,0.015318,0.288111,-0.394722,-0.885608,1.063044,5248700,139.784946,-4747042332.51105,-9.365726,34.122575,-8.135942,-10.98397,74.306443,0.009609,1.391701,0.123767,0.02559,3.348815
09-02-25,26.91,26.940001,26.91,26.860594,74400,26.815721,26.74045,26.487176,0.007488,0.002091,0.006301,TRUE,TRUE,0.253274,0.003661,23.102082,12.625278,61.975672,1.162744,0.034499,0.002237,0.674886,0.957277,4.494421,-21.56148,0.223196,0.486637,2.53605,0.111602,0.02601,0.015487,0.275567,-0.65443,-0.885608,0.88677,5174300,-0.268097,-4747361780.91845,-9.189042,33.738062,-7.330818,-13.092011,74.171721,0.007666,1.098959,0.124447,0.02601,1.769407
09-03-25,26.92,26.98,26.92,26.890514,94000,26.820705,26.74465,26.49207,0.007407,0.002122,0.006281,TRUE,TRUE,0.25258,0.00375,25.968896,13.017344,65.577332,4.764404,0.03687,0.003686,0.824417,1.144391,4.689502,10.515173,0.372103,0.472863,2.964468,0.106499,0.031796,0.025514,0.266681,0.235961,-0.885608,1.085576,5268300,133.830846,-4747548170.275351,-8.803569,34.967361,-7.820316,-15.645012,73.891706,0.012988,1.961128,0.159732,0.031796,2.354863
09-04-25,27,27,26.969999,26.920439,59500,26.826688,26.748459,26.496968,0.00729,0.002162,0.006262,TRUE,TRUE,0.251491,0.003888,37.972737,13.776857,68.763998,0.118993,0.040694,0.006009,0.899188,1.444241,4.609296,33.699436,0.446492,0.464418,3.665698,0.10716,0.034971,0.030492,0.352698,0.417435,-0.885608,0.685879,5327800,5.683837,-4747804255.945132,-8.666202,40.461752,-8.896249,-14.770605,73.512345,0.01322,1.989014,0.174621,0.034971,2.557504
09-05-25,27.049999,27.07,27.040001,26.97031,91600,26.835663,26.753462,26.502115,0.007148,0.002215,0.006242,TRUE,TRUE,0.251347,0.004109,51.552341,15.589626,73.214449,11.238776,0.047205,0.010016,1.086109,1.858274,4.567591,47.531998,0.669951,0.466283,4.771695,0.109277,0.036451,0.031882,0.498097,0.767881,-0.885608,1.269577,5419400,-76.120959,-4748321451.163851,-8.223209,47.161746,-9.064569,-16.013109,73.41101,0.015429,2.277916,0.178556,0.036451,2.821797
09-08-25,27.08,27.1,27.07,27.020182,64500,26.846136,26.760039,26.507657,0.007025,0.002279,0.006222,TRUE,TRUE,0.252382,0.004392,62.193362,17.645363,76.777643,11.200311,0.055747,0.014846,1.536658,1.933243,4.604227,63.718962,0.781252,0.462902,6.261529,0.111259,0.034194,0.02708,0.631772,1.193919,-0.885608,0.882715,5483900,39.913232,-4748600163.828356,-8.059162,53.839822,-8.07269,-14.925864,73.631564,0.01916,2.771565,0.164561,0.034194,2.779609
09-09-25,27.09,27.09,27.059999,27.010206,51700,26.855612,26.765821,26.513344,0.006946,0.002351,0.006202,TRUE,TRUE,0.252477,0.004655,55.588509,19.246489,74.638852,5.874854,0.061008,0.016085,1.461437,1.707268,4.448418,59.1847,0.706683,0.434153,7.217203,0.111524,0.034192,0.026945,0.596917,1.015349,-0.885608,0.705995,5432200,6.597938,-4748823480.612639,-7.963328,50.418022,-8.659088,-16.922173,73.502674,0.017961,2.591761,0.164149,0.034192,2.142018
09-10-25,27.110001,27.120001,27.08,27.010206,99000,26.866084,26.771405,26.519405,0.006916,0.002431,0.006182,TRUE,TRUE,0.251999,0.004863,55.588509,21.10977,74.638852,1.424403,0.064435,0.01561,1.423737,1.744872,4.331505,54.252563,0.781435,0.421068,7.869539,0.110836,0.031401,0.022607,0.559896,1.198982,-0.885608,1.319208,5432200,57.894737,-4749267951.526238,-7.485269,58.59309,-8.67065,-18.219847,73.316932,0.019269,2.791583,0.150356,0.031401,1.831393
09-11-25,27.1,27.110001,27.1,27.040131,93500,26.877057,26.776793,26.525568,0.006994,0.00252,0.006162,TRUE,TRUE,0.251225,0.005082,72.227625,22.839959,76.879594,0.101952,0.068772,0.015958,1.536104,2.046286,4.330289,66.720973,0.818255,0.407531,8.69022,0.111092,0.034403,0.027649,0.568479,1.548615,-0.885608,1.230263,5525700,25.672043,-4750480990.530625,-7.507225,65.503555,-8.999131,-18.099024,72.81271,0.020971,3.039,0.166279,0.034403,1.876518
09-12-25,27.1,27.110001,27.09,27.030155,68000,26.888029,26.783371,26.531242,0.00714,0.002619,0.006142,TRUE,TRUE,0.252129,0.005294,63.649851,24.105236,74.516049,-0.122803,0.070591,0.014221,1.460946,1.933103,4.369622,62.564571,0.818452,0.376168,9.180043,0.111212,0.037312,0.032952,0.525561,1.282243,-0.885608,0.887844,5457700,20.996441,-4750955927.017369,-7.431,57.640997,-8.32548,-18.844324,73.135865,0.018789,2.727318,0.181527,0.037312,1.548211
09-15-25,27.110001,27.120001,27.110001,27.050104,35800,26.900495,26.790546,26.536821,0.007382,0.002727,0.006122,TRUE,TRUE,0.253725,0.00555,70.588136,25.425349,76.098571,1.45972,0.072803,0.013147,1.61131,2.008332,4.329898,70.87658,0.930304,0.362824,9.615397,0.111208,0.038435,0.035238,0.502887,1.281053,-0.885608,0.471177,5493500,-25.416667,-4751420575.920669,-7.356666,63.837595,-9.22137,-17.508852,72.789803,0.018278,2.656347,0.187717,0.038435,1.555931
09-16-25,27.139999,27.15,27.129999,27.060078,97300,26.913958,26.797524,26.542304,0.007705,0.002847,0.006102,TRUE,TRUE,0.25522,0.005801,69.696935,27.059168,76.871852,-0.007742,0.074502,0.011876,1.68658,1.932733,4.251846,66.69563,1.005019,0.365493,9.880345,0.11117,0.037414,0.033566,0.481902,1.369237,-0.885608,1.26767,5590800,18.948655,-4752198196.481417,-7.047347,71.590519,-8.486461,-16.246839,73.032864,0.019127,2.778235,0.18321,0.037414,1.478895
09-17-25,27.139999,27.15,27.110001,27.050104,62800,26.925927,26.8045,26.547689,0.008071,0.002977,0.006082,TRUE,TRUE,0.256812,0.006062,64.706213,27.870125,74.28369,-0.232359,0.074188,0.00925,1.573554,1.895164,4.019861,60.041809,0.892858,0.371065,10.012976,0.110875,0.038885,0.036362,0.425429,1.019115,-0.885608,0.797207,5528000,180.357143,-4752449076.057975,-6.889113,74.916089,-8.948824,-16.80333,72.939303,0.016315,2.379583,0.190689,0.038885,1.240163
09-18-25,27.120001,27.139999,27.1,27.060078,98600,26.938395,26.811875,26.552539,0.008458,0.003115,0.006062,TRUE,TRUE,0.259337,0.006404,65.714535,28.28053,75.183497,-0.915074,0.073893,0.007164,1.535542,1.819766,4.1743,62.532485,0.930058,0.371078,10.055343,0.108825,0.036283,0.032865,0.360073,0.677056,-0.885608,1.241657,5626600,14.784633,-4752744499.919497,-6.643376,67.063853,-9.460864,-15.689013,72.618188,0.014284,2.118739,0.181288,0.036283,1.210133
09-19-25,27.16,27.16,27.129999,27.080027,47700,26.953352,26.819053,26.557488,0.008907,0.003262,0.006042,TRUE,TRUE,0.261565,0.006743,61.290721,28.990973,76.922818,0.050966,0.074411,0.006145,1.610395,1.894829,4.251099,68.010712,1.117023,0.363047,9.81091,0.108772,0.038808,0.038798,0.371338,0.946751,-0.885608,0.609273,5674300,-31.954351,-4752951108.94105,-6.514168,65.764442,-10.720293,-16.88207,71.952682,0.015405,2.293219,0.196972,0.038808,1.29116
09-22-25,27.16,27.17,27.15,27.080027,88900,26.96632,26.826629,26.562584,0.009402,0.003414,0.006023,TRUE,TRUE,0.264045,0.007013,78.570453,29.809745,76.922818,2.639128,0.073968,0.004562,1.497332,1.894829,4.212349,64.01062,0.967006,0.373727,9.677997,0.10747,0.033185,0.027969,0.301648,1.223348,-0.885608,1.159893,5674300,-27.011494,-4753662054.601931,-6.603945,73.281548,-11.471013,-17.811817,71.582456,0.017537,2.627391,0.167241,0.033185,1.174899
09-23-25,27.17,27.17,27.15,27.09,159200,26.980284,26.835396,26.567438,0.009909,0.003571,0.006003,TRUE,TRUE,0.267958,0.007328,76.922172,30.570033,77.824015,2.640518,0.073575,0.003335,1.346753,2.045448,4.211979,60.000191,1.041665,0.365829,9.323069,0.106872,0.029932,0.023236,0.26459,1.045274,-0.885608,1.98343,5833500,83.410138,-4754776424.237636,-6.247144,74.859566,-10.582212,-15.418712,71.930659,0.017501,2.630317,0.152432,0.029932,1.176826
09-24-25,27.08,27.110001,27.08,27.09,143000,26.99325,26.844361,26.572389,0.010435,0.003731,0.005983,TRUE,TRUE,0.271972,0.00764,73.911887,29.004568,77.824015,0.901197,0.072427,0.00175,1.384285,2.045448,4.173279,38.4612,0.966546,0.344871,8.927717,0.106895,0.030582,0.024254,0.204997,0.95312,-0.885608,1.709504,5833500,89.907039,-4754824090.904303,-5.443765,64.711968,-9.782651,-15.168763,72.027777,0.01677,2.521194,0.155738,0.030582,1.083701
09-25-25,27.07,27.09,27.07,27.07,76900,27.005217,26.853919,26.576753,0.010911,0.003895,0.005963,TRUE,TRUE,0.277166,0.007966,49.959853,27.289681,71.344286,-5.578532,0.069108,-0.001255,1.418656,2.117779,4.09249,9.091067,0.892003,0.310939,8.208845,0.106299,0.029724,0.023148,0.16873,0.405165,-0.885608,0.938549,5756600,-30.845324,-4754900990.904303,-5.202041,57.806304,-10.300518,-15.686708,72.120658,0.013604,2.055498,0.152146,0.029724,0.789183
09-26-25,27.059999,27.08,27.049999,27.059999,74900,27.016683,26.862482,26.581115,0.011342,0.004061,0.005943,TRUE,TRUE,0.281367,0.008142,24.937882,25.490527,68.282955,-9.541061,0.064922,-0.004353,1.268249,1.853119,4.209275,8.333466,0.854731,0.284739,7.17952,0.100137,0.028817,0.024556,0.156848,1.017985,-0.885608,0.896738,5681700,73.781903,-4754925957.57097,-4.913286,51.924518,-9.676109,-15.92481,72.110272,0.017511,2.810639,0.156704,0.028817,0.603328
09-29-25,27.08,27.110001,27.08,27.1,36800,27.027158,26.872243,26.585678,0.011723,0.004229,0.005923,TRUE,TRUE,0.286565,0.008346,47.336457,24.237648,73.230944,-4.593071,0.064093,-0.004145,1.380295,1.890432,4.36332,41.667329,0.779033,0.279096,6.75766,0.101118,0.034738,0.035161,0.165584,1.492129,-0.885608,0.454854,5718500,-58.744395,-4754913690.904303,-4.864569,55.687132,-10.553902,-18.718601,71.667321,0.019568,3.127412,0.187514,0.034738,1.077928
09-30-25,27.110001,27.120001,27.1,27.120001,46100,27.040128,26.882007,26.590487,0.012015,0.004397,0.005904,TRUE,TRUE,0.29152,0.008594,52.359469,23.298691,75.30535,3.961064,0.064309,-0.003144,1.304707,1.852547,4.207131,58.334261,0.965753,0.25524,5.816359,0.101114,0.035354,0.036365,0.204116,1.490754,-0.885608,0.579947,5764600,-38.037634,-4754867590.904303,-4.721229,53.61713,-10.216592,-17.978232,71.576035,0.019337,3.092588,0.190696,0.035354,1.373244
10-01-25,27.129999,27.129999,27.09,27.1,57300,27.050602,26.890776,26.595342,0.012196,0.004567,0.005884,TRUE,TRUE,0.295434,0.00877,29.969352,22.14545,69.504912,1.221957,0.06215,-0.004242,1.493319,1.627155,4.207852,41.667329,0.779033,0.239668,4.772911,0.101607,0.034261,0.033624,0.189358,1.388214,-0.885608,0.737879,5707300,-39.042553,-4754896239.53813,-4.731227,46.843227,-10.169279,-17.939355,71.379756,0.018714,2.974282,0.183369,0.034261,1.034967
10-02-25,27.110001,27.129999,27.1,27.120001,169400,27.06058,26.899349,26.600394,0.01227,0.004737,0.005864,TRUE,TRUE,0.298955,0.00894,42.825453,21.074584,71.84074,-1.390204,0.061345,-0.004037,1.605987,1.739716,4.245927,58.334261,0.741303,0.22899,3.917951,0.10147,0.032705,0.03009,0.167383,1.679423,-0.885608,2.037282,5876700,184.705882,-4754839758.510663,-4.230609,57.046091,-9.46182,-16.674472,71.321147,0.020525,3.26054,0.173466,0.032705,1.516619
10-03-25,27.129999,27.139999,27.110001,27.120001,86000,27.068065,26.908914,26.605349,0.01224,0.004906,0.005844,TRUE,TRUE,0.303565,0.009136,36.81757,20.342148,71.84074,-3.46461,0.060016,-0.004293,1.530495,1.702159,4.28476,58.334261,0.55502,0.213227,3.511436,0.100908,0.029102,0.025651,0.152553,1.39636,-0.885608,1.03777,5876700,-6.113537,-4754868421.532026,-3.950145,58.780445,-10.921645,-22.885066,70.443153,0.01884,3.002606,0.160159,0.029102,1.479049
10-06-25,27.110001,27.120001,27.110001,27.110001,76700,27.072556,26.918081,26.610254,0.01209,0.005075,0.005824,TRUE,TRUE,0.307828,0.00926,26.292844,19.662029,68.785487,-0.719425,0.057493,-0.005453,1.530771,1.627141,4.557836,50.000795,0.332414,0.189621,3.440453,0.100401,0.031275,0.029813,0.141004,1.501949,-0.667162,0.918783,5800000,18.914729,-4754945121.532026,-3.800286,51.82104,-11.161583,-28.896586,70.370771,0.019244,3.089173,0.172664,0.031275,1.088365
10-07-25,27.120001,27.139999,27.110001,27.120001,145100,27.078046,26.926654,26.615452,0.011828,0.005241,0.005804,TRUE,TRUE,0.311202,0.009293,36.807216,19.565046,70.152489,-1.688251,0.055659,-0.00583,1.605987,2.041169,5.027979,58.334261,0.406493,0.173768,3.264687,0.096502,0.024462,0.020058,0.123035,2.173142,-0.667162,1.646058,5945100,180.65764,-4754993482.048303,-3.499717,59.663796,-10.937998,-29.628085,70.785489,0.024385,4.052088,0.141625,0.024462,1.285121
10-08-25,27.139999,27.139999,27.120001,27.129999,69700,27.084035,26.935825,26.620846,0.011482,0.005403,0.005784,TRUE,TRUE,0.314979,0.0093,36.815466,19.47499,71.496529,-0.344211,0.054385,-0.005683,1.530213,2.116596,5.145555,66.666137,0.44351,0.155302,3.046137,0.096113,0.026633,0.023643,0.136835,2.385963,-0.667162,0.804061,6014800,-29.59596,-4754993488.695894,-3.302496,66.467606,-10.937796,-31.831764,70.702261,0.02544,4.25239,0.153761,0.026633,1.508923
10-09-25,27.129999,27.129999,27.110001,27.120001,252100,27.088029,26.943603,26.625898,0.011039,0.005559,0.005764,TRUE,TRUE,0.317704,0.00918,22.211153,18.999199,68.189731,-0.595756,0.051969,-0.006479,1.568223,2.382447,5.027979,58.334261,0.295377,0.134309,2.962658,0.092266,0.019773,0.014065,0.128052,2.913735,-0.667162,2.664482,5762700,169.625668,-4754993464.652022,-2.38465,54.079557,-9.706444,-24.264283,71.083829,0.029166,5.053665,0.118595,0.019773,1.079167
10-10-25,27.1,27.15,27.09,27.15,118500,27.094021,26.952577,26.631052,0.010537,0.005713,0.005744,TRUE,TRUE,0.321525,0.009146,33.324855,18.557394,72.325562,2.173072,0.051878,-0.005256,1.869844,2.571918,5.10474,83.333068,0.443373,0.126274,2.942415,0.091572,0.009392,0.003634,0.179362,2.82417,-0.667162,1.219889,5881200,74.264706,-4754874964.652022,-2.017211,54.978905,-8.200615,-26.048001,72.171062,0.030737,5.338222,0.060281,0.009392,1.90247
10-14-25,27.16,27.16,27.139999,27.15,139800,27.099016,26.960755,26.636254,0.009994,0.005868,0.005724,TRUE,TRUE,0.324501,0.009051,29.999905,18.465213,72.325562,0.829032,0.051215,-0.004735,1.907798,2.686485,4.908047,90.908933,0.369298,0.107865,3.00489,0.090601,0.011296,0.005656,0.169359,3.072062,-0.667162,1.366035,5881200,290.502793,-4754874964.652022,-1.687702,54.395233,-9.082031,-24.842994,71.083618,0.0316,5.55252,0.075206,0.011296,1.696695
10-15-25,27.15,27.18,27.15,27.16,102900,27.104012,26.96794,26.641409,0.009436,0.006022,0.005704,TRUE,TRUE,0.32653,0.008975,33.333333,18.965272,73.650058,5.460327,0.050909,-0.004033,2.13553,2.305337,4.789802,84.615159,0.369261,0.107826,3.150559,0.090441,0.012433,0.006903,0.189024,2.96708,-0.667162,1.002729,5984100,5.755396,-4754909264.652022,-1.320926,62.982803,-10.454869,-24.858836,70.547049,0.030544,5.379761,0.083085,0.012433,1.777079
10-16-25,27.17,27.209999,27.17,27.200001,171600,27.111507,26.976123,26.646603,0.008888,0.006177,0.005684,TRUE,TRUE,0.32952,0.008986,56.522316,20.164256,78.153964,5.828402,0.053281,-0.001329,2.133507,2.38008,4.748426,93.751043,0.554144,0.115545,3.557335,0.09108,0.008407,0.003215,0.296734,3.049395,-0.667162,1.588007,6155700,173.248408,-4754823452.37793,-1.098638,70.223428,-9.063359,-22.78494,71.151471,0.031947,5.577077,0.056698,0.008407,2.487649
10-17-25,27.190001,27.209999,27.190001,27.209999,137900,27.119003,26.984308,26.651602,0.008366,0.006331,0.005664,TRUE,TRUE,0.332705,0.009034,65.217896,21.277599,79.114886,6.789325,0.05533,0.000576,2.247244,2.379795,4.669822,100,0.554032,0.112877,3.971992,0.090501,0.007794,0.002914,0.29613,2.849998,-0.667162,1.253352,6293600,39.858012,-4754685552.37793,-0.882096,76.037833,-6.915447,-21.855603,71.749456,0.030931,5.433532,0.05398,0.007794,2.290948
10-20-25,27.209999,27.24,27.209999,27.23,128900,27.126501,26.993091,26.656848,0.007915,0.006485,0.005644,TRUE,TRUE,0.336243,0.009002,61.905194,22.944571,80.92261,7.272552,0.057899,0.002516,2.24615,2.417107,4.903088,93.333164,0.553814,0.107547,4.568329,0.085994,0.008818,0.004257,0.341129,3.79738,-0.667162,1.129859,6422500,170.230608,-4754642585.711263,-0.741323,77.34075,-8.441388,-22.519141,71.088302,0.034972,6.46964,0.065249,0.008818,2.265556
10-21-25,27.23,27.23,27.200001,27.200001,73200,27.1325,27.000877,26.661847,0.007494,0.006635,0.005624,TRUE,TRUE,0.33903,0.008904,36.364346,24.005115,70.99647,-7.157493,0.05686,0.001182,2.019481,2.456011,4.631361,73.333927,0.443036,0.110292,4.7114,0.088052,0.016568,0.015688,0.32493,3.265652,-0.667162,0.646072,6349300,-17.660292,-4754715785.711263,-0.465018,73.456216,-7.231423,-21.579474,71.996233,0.031566,5.736112,0.125251,0.016568,1.432708
10-22-25,27.209999,27.209999,27.190001,27.209999,167700,27.1385,27.008663,26.666846,0.007129,0.006781,0.005605,TRUE,TRUE,0.341817,0.00886,52.38199,24.513915,72.219559,-6.895327,0.056195,0.000413,1.943168,2.455683,4.904308,79.999491,0.442964,0.105001,4.901917,0.086752,0.015133,0.013432,0.299474,2.972563,-0.667162,1.47461,6517000,5.339196,-4754548085.711263,0.100391,69.032028,-7.388761,-20.099097,71.829609,0.029961,5.519739,0.115895,0.015133,1.458592
10-23-25,27.209999,27.209999,27.190001,27.190001,97000,27.1435,27.016448,26.671844,0.006803,0.00692,0.005585,TRUE,TRUE,0.344604,0.008721,33.334544,24.986372,66.205633,-14.716977,0.053439,-0.001874,2.057941,2.532398,4.748993,66.667091,0.369141,0.102451,4.89117,0.08673,0.011489,0.007749,0.282082,2.976483,-0.667162,0.870541,6420000,-32.167832,-4754645085.711263,0.080325,62.274474,-7.773593,-20.033274,71.346442,0.030327,5.572481,0.088026,0.011489,0.950701
10-24-25,27.23,27.24,27.209999,27.219999,106500,27.151,27.024434,26.67704,0.006547,0.007053,0.005565,TRUE,TRUE,0.347395,0.008703,41.667726,26.133622,70.21268,-0.78379,0.053063,-0.0018,2.132491,2.493337,4.982079,86.666328,0.554118,0.107586,4.854707,0.083663,0.011308,0.008106,0.260788,2.726772,-0.667162,0.943271,6526500,38.491547,-4754680585.711263,0.097606,62.714654,-8.442776,-19.507902,71.030806,0.028423,5.415166,0.090034,0.011308,1.421284
10-27-25,27.219999,27.24,27.209999,27.23,73400,27.1595,27.03282,26.682286,0.006374,0.007181,0.005546,TRUE,TRUE,0.350534,0.008624,50.00159,27.198925,71.428862,-0.790697,0.052962,-0.001521,2.018101,2.485291,5.020648,93.333164,0.628234,0.112793,4.661959,0.081564,0.007732,0.003922,0.232677,3.278253,-0.667162,0.650536,8805300,-2.00267,-3176698354.329813,0.119577,66.941313,-8.047559,-19.542897,69.800733,0.031404,6.124057,0.062622,0.007732,1.512227
10-28-25,27.17,27.18,27.16,27.099792,91000,27.15949,27.0388,26.687369,0.006151,0.007297,0.005526,TRUE,TRUE,0.351431,0.008369,-5.610362,25.994177,45.423721,-20.781912,0.041892,-0.010073,1.606012,1.919507,4.557508,6.528235,-0.000767,0.123879,4.663358,0.103616,0.019177,0.014937,0.242518,0.979074,-0.667162,0.787606,6927100,147.282609,-2506824054.204132,-0.165009,60.657403,-8.453302,-19.232866,68.694998,0.019001,2.933069,0.122219,0.019177,-1.280134
10-29-25,27.16,27.16,27.1,27.039949,140500,27.155487,27.043783,26.6923,0.005877,0.007397,0.005506,FALSE,TRUE,0.351483,0.008098,-21.961113,25.130197,38.488228,-31.724452,0.027968,-0.019197,1.155256,1.581324,4.27585,-33.367242,-0.295175,0.134774,5.317757,0.10487,0.039882,0.063678,0.289786,-0.152918,-0.697944,1.168302,6786600,204.772234,-2507245795.390513,-0.353045,54.417751,-7.325822,-17.764677,69.305572,0.008146,1.274352,0.252345,0.039882,-2.172678
10-30-25,27.110001,27.139999,27.1,27.049923,242700,27.152983,27.048567,26.697378,0.00556,0.007485,0.005487,TRUE,TRUE,0.351189,0.007812,-17.091461,24.32793,40.128935,-31.299927,0.017536,-0.023704,1.305671,1.430749,4.314312,-26.718208,-0.184788,0.155863,5.69713,0.104683,0.050078,0.087664,0.321805,0.033868,-0.697944,1.873697,7029300,323.560209,-2508096200.173308,-0.644986,54.709084,-7.849203,-18.332166,69.254116,0.009231,1.465551,0.296081,0.050078,-1.808987
10-31-25,27.15,27.15,27.129999,27.079845,145900,27.150976,27.053949,26.702117,0.005217,0.007562,0.005467,TRUE,TRUE,0.351832,0.007579,-17.113252,23.25166,44.879243,-0.544478,0.011549,-0.023752,1.266823,1.618174,4.429704,-14.396458,-0.148066,0.166262,5.887075,0.105361,0.054375,0.092789,0.345127,0.218163,-0.697944,1.136691,7175200,-13.872491,-2508973826.379679,-1.014767,55.389014,-8.549572,-18.490647,69.131056,0.011024,1.743889,0.304612,0.054375,-1.208242
11-03-25,27.139999,27.15,27.129999,27.059896,106800,27.14797,27.05953,26.706464,0.004813,0.007627,0.005447,TRUE,TRUE,0.353066,0.00728,-20.959598,22.252267,42.460461,3.972234,0.005136,-0.024132,0.966841,1.693982,4.352773,-28.645777,-0.221624,0.179623,6.198679,0.105786,0.054108,0.087501,0.375262,0.125901,-0.697944,0.82538,7068400,24.186047,-2509829305.990589,-1.326104,48.593399,-10.103531,-17.47227,68.988427,0.00962,1.511292,0.295805,0.054108,-1.420848
11-04-25,27.129999,27.15,27.120001,27.059896,84700,27.145465,27.064314,26.710664,0.004325,0.007678,0.005427,FALSE,TRUE,0.35365,0.007,-23.840413,21.616512,42.460461,2.331526,0.000053,-0.023372,1.004342,1.656259,4.430985,-28.645777,-0.184818,0.195488,6.456113,0.105535,0.049243,0.082486,0.404939,-0.059994,-0.697944,0.652568,7068400,10.430248,-2510253409.1442,-1.455845,43.277508,-6.259782,-16.02537,70.042161,0.010255,1.610378,0.287204,0.049243,-1.325389
11-05-25,27.16,27.16,27.120001,27.06987,71700,27.142959,27.069497,26.714865,0.003778,0.007717,0.005407,TRUE,TRUE,0.354632,0.006739,-33.378669,20.651143,44.20408,-0.675163,-0.003134,-0.021248,1.004055,1.618379,4.352151,-21.521798,-0.184848,0.208637,6.654448,0.105534,0.048248,0.082329,0.43337,-0.060603,-0.697944,0.568484,7140100,-50.585803,-2510504832.676697,-1.578708,39.86883,-5.720867,-17.524577,69.335989,0.009584,1.504947,0.28693,0.048248,-1.098341
11-06-25,27.16,27.18,27.16,27.089819,86900,27.14095,27.07468,26.719118,0.003198,0.007744,0.005387,TRUE,TRUE,0.355562,0.006463,-30.059108,19.297848,47.622948,5.162487,-0.004005,-0.017694,1.116032,1.58035,4.585664,-7.27248,-0.148102,0.232249,6.755518,0.105131,0.045475,0.076058,0.454263,0.31129,-0.697944,0.684333,7227000,24.677188,-2511201590.677842,-1.84236,37.961578,-5.614239,-15.802138,69.93112,0.01323,2.078315,0.275786,0.045475,-0.756871
11-07-25,27.120001,27.139999,27.110001,27.059896,112600,27.137944,27.079265,26.723416,0.002554,0.007759,0.005367,FALSE,TRUE,0.355849,0.006156,-41.515415,19.223583,43.33382,0.873359,-0.007028,-0.016574,0.929382,1.693982,4.470142,-28.645777,-0.221624,0.237832,6.983456,0.106153,0.045318,0.074011,0.483972,-0.152013,-0.697944,0.938255,7114400,-55.335184,-2511690321.0695,-2.153069,30.283846,-5.872608,-15.248178,69.806967,0.010315,1.603045,0.272049,0.045318,-1.117611
11-10-25,27.139999,27.139999,27.120001,27.06987,106400,27.133938,27.084049,26.727763,0.001872,0.007762,0.005347,FALSE,TRUE,0.356285,0.005836,-33.391738,19.154622,45.108395,0.904316,-0.008521,-0.014453,0.929137,1.543129,4.274063,-21.521798,-0.295137,0.250966,7.138782,0.105969,0.043394,0.071342,0.507999,0.032339,-0.697944,0.891085,7220800,-10.21097,-2512330151.913563,-2.481524,36.179519,-7.108431,-16.588626,68.968084,0.010628,1.652096,0.267099,0.043394,-0.897462
11-11-25,27.16,27.17,27.120001,27.089819,62600,27.130929,27.088035,26.732016,0.001165,0.007751,0.005327,TRUE,TRUE,0.356019,0.005516,-30.070584,18.075456,48.577219,0.954271,-0.008002,-0.011148,1.078489,1.730954,4.350907,-7.27248,-0.22166,0.271909,7.194136,0.105992,0.043626,0.072307,0.525935,0.308895,-0.697944,0.54178,7283400,-55.221745,-2512468328.506223,-2.624217,42.771877,-7.098884,-15.881451,68.699942,0.012073,1.877314,0.268899,0.043626,-0.571436
11-12-25,27.139999,27.16,27.120001,27.059896,112200,27.125924,27.092021,26.735923,0.000419,0.007727,0.005307,FALSE,TRUE,0.356098,0.005115,-31.764925,17.073373,44.077782,0.743962,-0.009891,-0.01043,0.891951,1.618585,4.235645,-28.645777,-0.368569,0.285456,7.32821,0.107055,0.036259,0.051115,0.5504,0.124605,-0.697944,0.967158,7171200,9.037901,-2512917722.383482,-2.792603,42.35924,-8.308803,-17.112191,67.803367,0.011095,1.688916,0.226086,0.036259,-0.901
11-13-25,27.129999,27.139999,27.120001,27.049923,107800,27.11842,27.095209,26.739624,-0.00035,0.007686,0.005286,FALSE,TRUE,0.355585,0.004716,-43.658717,16.142868,42.659455,-2.448941,-0.012054,-0.010074,0.892183,1.581131,4.431637,-35.769755,-0.551757,0.293511,7.298073,0.107004,0.03569,0.056307,0.577999,-0.150105,-0.697944,0.955504,7063400,-37.179487,-2513781016.861308,-3.292193,35.417457,-6.691839,-14.641282,68.993529,0.010336,1.578491,0.237291,0.03569,-0.93856
11-14-25,27.110001,27.120001,27.09,27.02,149400,27.10892,27.0972,26.743126,-0.001147,0.007626,0.005266,FALSE,TRUE,0.354074,0.004255,-51.284201,16.173311,38.642008,-9.935211,-0.015998,-0.011215,0.81798,1.243602,4.237945,-77.777307,-0.698268,0.304431,7.279827,0.10821,0.035057,0.053145,0.151749,-0.418897,-0.771205,1.317518,6914000,8.339376,-2514627597.864551,-3.709592,29.220877,-7.127022,-14.250931,68.719477,0.008544,1.288099,0.230533,0.035057,-1.221449
11-17-25,27.120001,27.120001,27.09,27.029974,115400,27.098919,27.098393,26.746482,-0.001953,0.007548,0.005246,FALSE,TRUE,0.351911,0.003748,-24.137977,16.201579,40.648343,-3.42944,-0.018111,-0.010662,0.892653,1.280973,4.315506,-66.69563,-0.734578,0.312246,6.892551,0.107009,0.035045,0.0557,0.134562,-0.057117,-0.771205,1.023776,7029400,-10.473235,-2515204788.620479,-4.006894,35.798112,-6.172567,-12.95574,69.326259,0.011798,1.801017,0.236009,0.035045,-1.000276
11-18-25,27.110001,27.120001,27.08,27.02,91400,27.089919,27.09839,26.749593,-0.002751,0.007452,0.005226,FALSE,TRUE,0.348797,0.003278,-8.333665,16.514054,39.265638,-3.393817,-0.020355,-0.010325,0.780576,1.544049,4.159908,-59.999237,-0.661766,0.320244,6.674943,0.105771,0.032408,0.047723,0.142937,-0.52174,-0.771205,0.804365,6938000,24.863388,-2515570379.904095,-4.103465,36.900937,-6.265851,-12.332159,69.362432,0.009531,1.465817,0.218456,0.032408,-1.047471
11-19-25,27.049999,27.049999,27.01,27.030001,78000,27.080919,27.098786,26.75241,-0.003519,0.007339,0.005206,FALSE,TRUE,0.346375,0.002797,-8.321582,18.31223,41.417434,2.775425,-0.021084,-0.008843,0.817876,1.770365,4.198458,11.76497,-0.661516,0.304257,6.164631,0.105616,0.03188,0.045922,0.149548,-0.336888,-0.771205,0.714646,7016000,-53.488372,-2515570376.184673,-4.348907,41.149919,-6.644454,-13.987524,68.955106,0.010142,1.560667,0.214294,0.03188,-0.825969
11-20-25,27.040001,27.049999,27.030001,27.040001,91700,27.073419,27.099382,26.755278,-0.004228,0.00721,0.005186,FALSE,TRUE,0.344103,0.002353,-18.153852,19.981965,43.5705,2.922157,-0.020616,-0.0067,0.967567,1.762518,4.354203,17.647455,-0.551672,0.282991,5.659434,0.105361,0.029459,0.039937,0.15711,-0.431625,-0.771205,0.842212,7107700,-5.463918,-2515570367.438846,-4.314944,38.820834,-5.102589,-12.855125,69.538538,0.010537,1.620285,0.199842,0.029459,-0.590478
11-21-25,27.059999,27.08,27.040001,27.07,57800,27.065919,27.099979,26.758149,-0.004821,0.007063,0.005166,FALSE,TRUE,0.34183,0.001947,4.401659,20.351295,49.559407,10.29377,-0.017622,-0.002965,0.929621,1.79958,4.626855,35.293788,-0.551064,0.274721,4.48719,0.1061,0.031354,0.045036,0.155545,-0.15197,-0.771205,0.543003,7165500,-45.7277,-2515541468.81694,-4.383401,44.602654,-4.925768,-13.73076,69.118758,0.012073,1.848503,0.212216,0.031354,0.090949
11-24-25,27.07,27.1,27.059999,27.09,113700,27.058919,27.101176,26.761169,-0.005252,0.006904,0.005146,FALSE,TRUE,0.340007,0.001561,12.064023,20.003121,53.130895,11.713461,-0.01348,0.000942,1.041665,1.799023,5.008489,47.058758,-0.514137,0.261307,2.398865,0.106353,0.032126,0.048869,0.153258,0.032194,-0.771205,1.048313,7279200,54.904632,-2515484618.81694,-4.287036,52.025816,-6.771648,-14.261254,68.346562,0.012528,1.917463,0.221064,0.032126,1.295675
11-25-25,27.1,27.120001,27.09,27.110001,155000,27.059429,27.102374,26.764632,-0.005524,0.006735,0.005126,TRUE,TRUE,0.337742,0.001294,15.461039,19.045856,56.451568,12.881067,-0.008486,0.004749,1.041089,1.798466,5.046368,58.823727,0.037669,0.242644,2.499172,0.103127,0.030268,0.047202,0.213633,-0.349619,-0.771205,1.388143,7434200,70.32967,-2515432952.150273,-3.854961,54.800018,-7.144807,-14.598304,67.666218,0.009987,1.574973,0.217259,0.030268,2.023532
11-26-25,27.1,27.120001,27.09,27.120001,220000,27.063432,27.103572,26.768095,-0.005652,0.006556,0.005107,TRUE,TRUE,0.335477,0.000981,12.091573,18.156968,58.051887,8.492479,-0.003679,0.007645,1.078361,1.760388,4.729433,68.750447,0.296049,0.22145,2.794374,0.101853,0.0301,0.048495,0.244718,0.030859,-0.771205,1.902538,7654200,56.58363,-2515212952.150273,-3.444959,58.621895,-7.495756,-15.490962,67.163942,0.012118,1.936208,0.220216,0.0301,2.024396
11-27-25,27.110001,27.129999,27.110001,27.110001,148000,27.066436,27.10477,26.771607,-0.005639,0.006367,0.005087,TRUE,TRUE,0.333163,0.000688,21.813939,17.006743,55.841953,2.711058,-0.000668,0.008524,1.041089,1.685095,4.533552,62.500298,0.222099,0.213579,2.959545,0.101298,0.029212,0.045994,0.237646,-0.356222,-0.771205,1.334536,7506200,-39.019365,-2515360952.150273,-3.275362,66.533621,-7.754766,-15.964211,67.081127,0.00996,1.598073,0.214463,0.029212,1.47202
11-28-25,27.120001,27.120001,27.1,27.110001,64000,27.067943,27.105769,26.775461,-0.005505,0.00617,0.005068,TRUE,TRUE,0.330308,0.000434,18.26484,16.246028,55.841953,-0.609615,0.001698,0.008713,0.816222,1.571997,4.41592,62.500298,0.111357,0.197744,3.104712,0.100495,0.027756,0.041936,0.232663,-0.652045,-0.771205,0.599223,7506200,-56.134339,-2515360952.150273,-2.990087,61.54044,-7.766571,-16.659027,66.835511,0.008408,1.356839,0.204783,0.027756,1.354629
12-01-25,27.08,27.08,27.049999,27.049999,119100,27.067448,27.105168,26.778771,-0.005301,0.005961,0.005049,FALSE,TRUE,0.326398,0.000155,-15.328982,16.819224,44.147291,-13.904596,-0.001253,0.004609,0.705142,1.384788,4.145764,26.666073,-0.036575,0.187586,3.126027,0.102288,0.032884,0.058619,0.240845,-1.692256,-0.771205,1.108732,7387100,11.516854,-2515480052.150273,-2.630211,55.545394,-6.796608,-14.723236,67.310972,0.001699,0.271818,0.242113,0.032884,-0.558191
12-02-25,27.07,27.08,27.049999,27.059999,69400,27.067454,27.104768,26.782081,-0.005015,0.005742,0.00503,FALSE,TRUE,0.322686,-0.000028,0.042943,17.351477,46.17068,-9.671273,-0.002754,0.002486,0.630278,1.459891,3.717594,38.4612,0.000381,0.176911,3.125897,0.099626,0.033989,0.065943,0.24082,-2.130376,-0.771205,0.650696,7456500,-18.063754,-2515503185.483607,-2.461102,61.442409,-6.346466,-14.764707,67.335856,-0.000941,-0.155209,0.256793,0.033989,-0.238463
12-03-25,27.1,27.110001,27.09,27.1,85600,27.06896,27.104968,26.785836,-0.00463,0.005519,0.005011,FALSE,TRUE,0.319131,-0.000164,18.555951,16.802907,53.437091,-2.404862,-0.000707,0.003626,0.667009,1.572194,3.870912,75.000795,0.111306,0.168715,3.20964,0.101229,0.035104,0.068273,0.231546,-1.613795,-0.771205,0.797392,7542100,19.386332,-2515503185.483607,-2.328064,67.81425,-6.035089,-15.58184,67.187097,0.001889,0.306946,0.261291,0.035104,0.967095
12-04-25,27.09,27.1,27.059999,27.07,60600,27.067969,27.104568,26.789393,-0.004179,0.00529,0.004992,FALSE,TRUE,0.315175,-0.000354,18.521606,17.018133,48.183619,4.036328,-0.001489,0.002276,0.369627,1.45975,3.872236,50,-0.073161,0.160966,3.172227,0.102335,0.031037,0.053597,0.215244,-1.88256,-0.771205,0.571509,7481500,-30.264672,-2515533485.483607,-2.042672,71.910366,-7.117127,-16.937639,66.407931,0.000054,0.008631,0.231511,0.031037,0.064011
12-05-25,26.969999,26.969999,26.92,26.940001,123300,27.061974,27.101968,26.792397,-0.003752,0.005054,0.004973,FALSE,TRUE,0.309571,-0.00071,-23.071505,19.284316,33.030243,-13.140437,-0.012455,-0.006952,-0.296745,1.235353,3.142157,9.524069,-0.443076,0.175,4.274268,0.118952,0.037544,0.05788,0.264433,-2.934148,-1.064998,1.156986,7358200,9.502664,-2515558141.720732,-1.814685,63.744268,-7.353935,-16.109336,66.430713,-0.009743,-1.339636,0.240582,0.037544,-2.853677
12-08-25,26.91,26.959999,26.879999,26.959999,151600,27.056481,27.099968,26.795159,-0.003353,0.00481,0.004954,FALSE,TRUE,0.304809,-0.001045,-15.000286,21.754444,36.346694,-17.090397,-0.019309,-0.011045,-0.185882,1.272838,3.295761,31.999969,-0.405879,0.172213,4.836529,0.119329,0.03531,0.051066,0.291677,-2.678488,-1.064998,1.392998,7509800,42.481203,-2515406541.720732,-1.413392,61.280138,-6.473315,-15.771441,66.868963,-0.007615,-1.039893,0.225977,0.03531,-1.994854
12-09-25,26.940001,26.940001,26.91,26.92,113500,27.04799,27.096368,26.797524,-0.003005,0.004559,0.004935,FALSE,TRUE,0.298843,-0.001407,-25.581519,24.048134,32.843387,-15.340232,-0.02765,-0.015509,-0.333971,1.085012,2.759071,16.000366,-0.626873,0.175123,5.643741,0.120308,0.034295,0.047102,0.340669,-3.145257,-1.138448,1.01908,7396300,81.309904,-2515444375.054066,-1.336048,59.915934,-6.490645,-15.787529,66.683062,-0.010981,-1.484332,0.21703,0.034295,-2.267818
12-10-25,26.91,26.969999,26.91,26.959999,123100,27.042995,27.093167,26.799884,-0.002684,0.004303,0.004916,FALSE,TRUE,0.293284,-0.00168,-17.391737,25.299217,39.158721,6.128478,-0.030679,-0.01483,-0.296343,1.235208,2.950012,31.999969,-0.369171,0.185461,5.965695,0.121868,0.037562,0.055567,0.367019,-2.862466,-1.138448,1.099893,7519400,9.714795,-2515362309.691825,-1.092114,60.689553,-6.426695,-16.076225,66.265896,-0.01008,-1.351058,0.235726,0.037562,-1.391219
12-11-25,26.959999,26.99,26.959999,26.969999,105800,27.038999,27.090567,26.802342,-0.002413,0.004042,0.004897,FALSE,TRUE,0.288225,-0.001947,-22.727332,25.911951,40.661143,4.314449,-0.031904,-0.012845,-0.222551,1.235143,2.988199,36.000061,-0.295467,0.182744,6.18066,0.121926,0.037858,0.056635,0.392589,-2.700645,-1.138448,0.946163,7625200,-1.855288,-2515397576.358492,-0.72284,61.823922,-7.389946,-16.420108,65.96469,-0.009133,-1.22422,0.23798,0.037858,-1.116377
12-12-25,26.98,26.99,26.969999,26.98,72700,27.036999,27.087767,26.804802,-0.002201,0.003776,0.004878,FALSE,TRUE,0.282965,-0.002177,-25.581519,26.480918,42.198303,9.354916,-0.031703,-0.010115,-0.259166,1.347968,3.141466,40.000153,-0.148042,0.177381,6.308767,0.121927,0.03706,0.054215,0.415075,-2.700165,-1.138448,0.673242,7697900,-51.338688,-2515397576.358492,-0.356521,60.84437,-6.613074,-16.526918,66.130451,-0.008611,-1.15285,0.232841,0.03706,-0.903492
12-15-25,27.02,27.02,27,27.01,98500,27.036,27.085567,26.807166,-0.002054,0.00351,0.004859,FALSE,TRUE,0.278401,-0.002319,-22.727332,26.183999,46.662264,7.503543,-0.028791,-0.005762,-0.18506,1.498398,3.371621,52.000427,-0.073895,0.179829,6.336223,0.122431,0.035139,0.047245,0.428884,-2.608058,-1.138448,0.919358,7796400,-14.644714,-2515397576.358492,-0.08997,59.408643,-6.740571,-15.897049,66.274943,-0.007145,-0.949067,0.21736,0.035139,-0.410336
12-16-25,27,27.02,26.99,27.02,70100,27.036,27.083767,26.809237,-0.001954,0.003245,0.004841,FALSE,TRUE,0.274531,-0.002442,-22.727332,26.075004,48.101068,7.439925,-0.025384,-0.001884,-0.111289,1.460514,3.487031,56.000519,0,0.179762,6.336223,0.122546,0.033676,0.04388,0.409334,-2.525677,-1.138448,0.660853,7866500,-23.304158,-2515327476.358492,0.114496,52.69568,-5.793629,-15.342122,66.78624,-0.005707,-0.756097,0.209475,0.033676,-0.25251
12-17-25,27.01,27.01,26.99,27,59100,27.0345,27.081367,26.811305,-0.001936,0.00298,0.004822,FALSE,TRUE,0.270062,-0.002576,-24.444539,25.973794,45.459818,3.261515,-0.024021,-0.000417,-0.222016,1.310117,3.333349,50,-0.11099,0.182541,6.386485,0.122762,0.03469,0.046049,0.423455,-2.760155,-1.138448,0.562161,7807400,-24.230769,-2515327476.358492,0.115524,44.554165,-5.400309,-15.434009,66.736804,-0.007876,-1.042785,0.21459,0.03469,-0.540204
12-18-25,27.01,27.030001,27.01,27.02,71000,27.0335,27.079167,26.813719,-0.001981,0.002717,0.004803,FALSE,TRUE,0.265448,-0.002673,-19.148919,25.299653,48.504942,1.842678,-0.021083,0.002017,-0.221662,1.385164,3.409894,60.869745,-0.073966,0.18505,6.393074,0.123189,0.035875,0.049548,0.399871,-2.591478,-1.138448,0.682069,7878400,-22.57361,-2515327476.358492,0.116668,49.983481,-5.168811,-16.50269,66.271073,-0.007269,-0.960839,0.222594,0.035875,-0.211159
12-19-25,27.01,27.02,26.99,27.01,233700,27.0305,27.076967,26.816378,-0.002128,0.002455,0.004785,FALSE,TRUE,0.260589,-0.002816,-9.523572,25.064561,47.089263,-1.011805,-0.01934,0.003008,-0.258591,1.234869,3.564611,56.521847,-0.221646,0.177185,6.353435,0.122928,0.034104,0.045572,0.406624,-2.517738,-1.138448,2.070157,7644700,304.32526,-2515249576.358492,0.129282,45.801818,-5.538234,-17.697801,65.697537,-0.007096,-0.937975,0.213477,0.034104,-0.322657
12-22-25,27,27.02,26.99,27.02,170800,27.027,27.074367,26.818939,-0.002382,0.002195,0.004766,FALSE,TRUE,0.255428,-0.002957,-9.523572,24.84626,48.701642,3.241823,-0.016955,0.004314,-0.258397,1.084876,3.719148,60.869745,-0.258397,0.177119,6.199348,0.122959,0.03429,0.046219,0.412325,-2.357946,-1.138448,1.475658,7815500,50.219877,-2515078776.358492,0.175317,49.54017,-6.528062,-17.86166,65.402216,-0.006174,-0.816221,0.214986,0.03429,-0.112908
12-23-25,27.01,27.040001,27.01,27.040001,86900,27.0235,27.072167,26.821355,-0.00263,0.001939,0.004748,FALSE,TRUE,0.250812,-0.002995,-14.999881,24.027682,51.861247,3.356305,-0.013298,0.006377,-0.184567,1.197163,3.563633,72.727667,-0.258206,0.171705,5.896278,0.121795,0.032025,0.040584,0.315626,-2.540812,-1.138448,0.773545,7902400,-43.935484,-2514991876.358492,0.196313,49.577233,-6.800234,-17.324207,65.326301,-0.006847,-0.911072,0.201455,0.032025,0.279852
12-24-25,27.049999,27.059999,27.040001,27.049999,83592,27.02,27.069967,26.82387,-0.00281,0.001684,0.004729,FALSE,TRUE,0.246097,-0.002979,-5.263316,22.69484,53.406248,6.316985,-0.009484,0.008153,-0.073884,1.343724,3.563297,94.444327,-0.258118,0.166359,5.486844,0.12149,0.031619,0.039772,0.251896,-2.627376,-1.138448,0.792194,7985992,-62.003636,-2514991884.331024,0.104752,54.424606,-6.860811,-17.957749,65.378054,-0.007291,-0.972243,0.199429,0.031619,0.546749
12-29-25,27.049999,27.08,27.049999,27.07,123200,27.018,27.067367,26.826731,-0.002906,0.001433,0.004711,TRUE,TRUE,0.240637,-0.00296,48.148096,21.223016,56.419424,7.717783,-0.004792,0.010276,0.036956,1.305673,3.678528,94.999905,-0.14755,0.134573,5.207294,0.121554,0.031148,0.03863,0.289026,-2.30454,-1.138448,1.181439,8109192,-16.756757,-2514950817.664358,0.196651,62.679064,-6.571074,-16.96992,65.550963,-0.004581,-0.610193,0.196546,0.031148,0.998595
12-30-25,26.98,26.99,26.959999,26.98,144700,27.0115,27.062767,26.829043,-0.002999,0.001183,0.004693,FALSE,TRUE,0.233724,-0.003053,5.882485,21.420117,42.957106,-8.904141,-0.008241,0.005462,-0.442808,0.931375,3.256804,41.176273,-0.479532,0.142964,4.793368,0.128396,0.032789,0.038404,0.282201,-3.018911,-1.138448,1.335923,7964492,126.09375,-2514902584.331024,0.211591,62.959493,-6.12768,-17.366138,65.402203,-0.011357,-1.431951,0.195969,0.032789,-0.657165
12-31-25,26.98,26.99,26.959999,26.969999,114100,27.0075,27.057567,26.831305,-0.003072,0.000935,0.004675,FALSE,TRUE,0.226262,-0.003155,16.128715,21.603139,41.764626,-11.641622,-0.011647,0.001644,-0.553103,0.744387,3.091367,35.293788,-0.295748,0.137721,4.788979,0.128443,0.033988,0.039966,0.259717,-3.094148,-1.138448,1.05585,7850392,-4.198153,-2514940617.664358,0.249589,62.925223,-5.511783,-16.306896,65.697964,-0.011096,-1.399628,0.199916,0.033988,-0.78306
01-02-26,26.959999,26.969999,26.950001,26.959999,85000,27.0025,27.052767,26.83337,-0.003126,0.000688,0.004657,FALSE,TRUE,0.219397,-0.003282,0,21.946057,40.552308,-15.867116,-0.014981,-0.001351,-0.51661,0.968994,2.861181,7.691066,-0.369551,0.127174,4.733716,0.128444,0.033344,0.038742,0.259717,-3.094552,-1.138448,0.78093,7765392,22.478386,-2514940625.771177,0.258423,56.097536,-5.844295,-16.642635,65.312227,-0.011334,-1.428683,0.196831,0.033344,-0.897831
01-05-26,26.99,27.01,26.969999,27,191400,26.9975,27.048567,26.835635,-0.003129,0.000445,0.004639,FALSE,TRUE,0.212932,-0.003318,9.677538,21.17483,47.159534,4.202428,-0.014231,-0.000481,-0.442481,1.1564,3.129065,38.4612,-0.369005,0.132277,4.140635,0.12992,0.037858,0.049402,0.249963,-2.832379,-1.138448,1.676967,7956792,123.598131,-2514844925.771177,0.28837,58.547426,-6.629881,-16.783616,64.778485,-0.01073,-1.344684,0.222265,0.037858,0.060381
01-06-26,26.99,26.99,26.969999,26.98,133700,26.993,27.044367,26.837653,-0.003106,0.000208,0.004622,FALSE,TRUE,0.206714,-0.003363,0,20.45869,44.49657,2.731944,-0.015076,-0.001061,-0.516229,1.006366,2.975858,23.076133,-0.332472,0.135022,3.78503,0.13007,0.037039,0.04732,0.249963,-3.054781,-1.138448,1.135075,7823092,120.627063,-2514844925.771177,0.292284,51.759382,-5.836075,-17.428056,64.460282,-0.012668,-1.584036,0.217532,0.037039,-0.343466
01-07-26,27.01,27.030001,27.01,27.01,90900,26.9965,27.040167,26.839821,-0.003014,-0.000022,0.004604,FALSE,TRUE,0.200346,-0.003368,0,19.175792,49.136173,8.583864,-0.013174,0.000673,-0.368869,1.156256,3.051952,46.153733,0.259836,0.137517,3.58765,0.130937,0.032657,0.036823,0.249963,-2.735398,-1.138448,0.782477,7913992,-26.277372,-2514935825.771177,0.267848,51.529157,-4.69664,-16.413165,65.102676,-0.00962,-1.188426,0.191894,0.032657,0.376302
01-08-26,27,27.01,26.99,27.01,103300,26.999,27.035767,26.841989,-0.002875,-0.000244,0.004587,FALSE,TRUE,0.193779,-0.003316,-3.225846,18.081672,49.136173,1.976639,-0.011533,0.001851,-0.405607,1.193866,3.128794,46.153733,0.185464,0.134872,3.492872,0.130033,0.039793,0.052842,0.252099,-2.979481,-1.138448,0.908095,7913992,-31.860158,-2514832525.771177,0.252305,48.382215,-6.259368,-17.938175,64.518495,-0.013632,-1.709959,0.229873,0.039793,0.314937
01-09-26,27.01,27.030001,27,27.02,64900,27.004,27.034172,26.844354,-0.002712,-0.000455,0.004569,FALSE,TRUE,0.189818,-0.003239,6.666751,16.978958,50.728403,6.231833,-0.009319,0.003252,-0.40545,1.118558,3.205459,53.846267,0.371472,0.134822,2.98067,0.130162,0.042332,0.05658,0.247415,-2.901272,-1.138448,0.58298,7978892,-42.819383,-2514810892.437843,0.28452,52.041348,-6.75746,-18.493429,64.140829,-0.012702,-1.594954,0.237866,0.042332,0.536811
01-12-26,27.02,27.040001,27.01,27.02,103000,27.007,27.033773,26.846719,-0.002518,-0.000654,0.004552,FALSE,TRUE,0.187054,-0.003138,0,16.181779,50.728403,1.59223,-0.007478,0.004075,-0.368733,1.193708,3.205459,53.846267,0.222557,0.134822,2.811656,0.130034,0.041846,0.054889,0.247415,-2.979067,-1.138448,0.933651,7978892,-16.328188,-2514845225.771177,0.234357,52.929682,-7.910875,-18.473453,63.796842,-0.013081,-1.642632,0.234285,0.041846,0.462378
01-13-26,27.030001,27.040001,27,27.02,155600,27.0095,27.033174,26.849276,-0.002298,-0.000842,0.004534,FALSE,TRUE,0.183898,-0.002962,3.703756,15.185106,50.728403,1.59223,-0.00595,0.004482,-0.478818,1.382073,3.591857,53.846267,0.185395,0.137466,2.684776,0.128423,0.046941,0.069304,0.245239,-3.319858,-1.138448,1.379315,7978892,47.069943,-2514845225.771177,0.244815,55.430878,-9.612671,-18.74206,63.757389,-0.016689,-2.138318,0.263257,0.046941,0.39111
01-14-26,27.030001,27.059999,27.02,27.049999,76100,27.013,27.032577,26.851687,-0.002016,-0.001017,0.004517,TRUE,TRUE,0.18089,-0.00271,10.344374,14.735151,55.900621,5.172219,-0.002292,0.006512,-0.368326,1.532445,3.823469,76.9224,0.25945,0.139954,2.735743,0.129246,0.04939,0.073648,0.24103,-3.146686,-1.138448,0.673573,8054992,4.676754,-2514807177.585587,0.261286,52.721555,-7.902112,-17.81912,63.80187,-0.016438,-2.097748,0.271382,0.04939,1.352438
01-15-26,27.049999,27.059999,27.030001,27.059999,86400,27.0155,27.032579,26.854001,-0.001677,-0.001176,0.0045,TRUE,TRUE,0.178578,-0.002398,7.142322,14.317336,57.502163,6.77376,0.001398,0.008161,-0.36819,1.759477,3.939771,84.614933,0.185114,0.139901,2.928544,0.128933,0.04843,0.069424,0.239407,-3.2293,-1.138448,0.768857,8141392,-12.284264,-2514720777.585587,0.301135,52.708294,-7.402696,-18.7511,63.615721,-0.016373,-2.089686,0.263485,0.04843,1.519509
01-16-26,27.049999,27.07,27.040001,27.049999,92900,27.017,27.032381,26.856118,-0.001286,-0.001321,0.004482,TRUE,TRUE,0.176264,-0.002144,0,14.176599,55.337885,4.609483,0.003475,0.008191,-0.551476,1.570265,3.51309,76.9224,0.111024,0.142594,3.027945,0.128317,0.047024,0.061055,0.239407,-3.093839,-1.138448,0.818397,8048492,32.524964,-2514751752.127805,0.25359,52.990295,-8.233569,-18.168847,63.657581,-0.015971,-2.039031,0.247094,0.047024,1.089826
01-19-26,27.049999,27.07,27.049999,27.07,67300,27.0205,27.032384,26.858137,-0.00084,-0.00145,0.004465,TRUE,TRUE,0.174247,-0.001833,0,14.045915,58.687001,2.786379,0.006658,0.009099,-0.514514,1.721167,3.357882,100,0.259258,0.13985,3.219598,0.128632,0.046433,0.059238,0.239407,-3.009794,-1.138448,0.590742,8115792,13.874788,-2514684452.127805,0.282215,51.24513,-9.08403,-16.796238,63.691551,-0.015073,-1.917859,0.243389,0.046433,1.537453
01-20-26,27.049999,27.059999,27.040001,27.049999,145900,27.022,27.031588,26.860106,-0.000368,-0.001565,0.004448,TRUE,TRUE,0.171482,-0.00158,33.332728,13.585994,54.301798,-3.200365,0.007481,0.007937,-0.661037,1.570265,3.166115,83.332804,0.111024,0.118828,3.286335,0.128635,0.047541,0.067074,0.223181,-3.010512,-1.138448,1.239912,7969892,105.492958,-2514684466.042922,0.273227,51.19104,-6.626571,-15.720376,64.560149,-0.013634,-1.742012,0.258986,0.047541,0.851995
01-21-26,27.040001,27.049999,27.030001,27.040001,107700,27.0235,27.03119,26.861975,0.000096,-0.001666,0.004431,TRUE,TRUE,0.169214,-0.001284,33.333939,12.82481,52.201863,-3.136022,0.007243,0.006159,-0.588235,1.419367,3.089587,75.000795,0.111073,0.11623,3.297132,0.127731,0.045666,0.062463,0.202335,-3.33692,-1.138448,0.96705,7862192,-53.915276,-2514684455.771105,0.253714,51.399442,-8.406339,-16.372887,64.308335,-0.015735,-2.019632,0.249927,0.045666,0.500467
01-22-26,27.040001,27.059999,27.040001,27.049999,241100,27.025,27.030792,26.863846,0.000537,-0.001751,0.004414,TRUE,TRUE,0.166946,-0.000946,42.857402,12.428065,54.112891,-4.57411,0.007771,0.00535,-0.588019,1.343724,3.089331,79.999619,0.111024,0.116187,3.348214,0.127733,0.046021,0.063469,0.171857,-3.336389,-1.138448,2.098628,8103292,41.159251,-2514684478.765859,0.171606,61.088411,-8.385163,-16.512974,64.172118,-0.015942,-2.047326,0.25193,0.046021,0.74665
01-23-26,27.040001,27.059999,27.030001,27.059999,96300,27.026,27.030196,26.866258,0.000939,-0.001823,0.004397,TRUE,TRUE,0.163938,-0.000802,33.333333,11.707607,56.007426,1.705629,0.008894,0.005179,-0.478121,1.569981,3.281197,89.999809,0.073959,0.110864,3.424368,0.11216,0.039783,0.06121,0.157658,-2.584431,-1.138448,0.834817,8199592,10.817031,-2514588178.765859,0.174981,56.024984,-7.917611,-16.432459,64.023343,-0.007057,-1.030922,0.247407,0.039783,0.992876
01-26-26,27.08,27.09,27.07,27.09,65100,27.028,27.030798,26.86887,0.001312,-0.001878,0.00438,TRUE,TRUE,0.161928,-0.000708,57.895477,11.94025,61.184908,8.983045,0.012066,0.00668,-0.477587,1.644719,3.395702,100,0.147878,0.110741,3.679248,0.109351,0.031208,0.037601,0.19383,-1.848307,-1.138448,0.568907,8264692,-22.121734,-2514523078.765859,0.204844,63.410877,-7.257622,-16.427589,64.134096,-0.001062,-0.157212,0.193909,0.031208,1.685137
01-27-26,27.01,27.01,26.99,27.01,133700,27.025,27.029999,26.871475,0.001597,-0.001921,0.004363,FALSE,TRUE,0.158524,-0.00073,0,12.241445,45.729546,-8.383345,0.008032,0.002117,-0.80793,1.193866,2.936892,20.000381,-0.221646,0.124291,3.561493,0.115831,0.034564,0.041259,0.19383,-2.503686,-1.138448,1.163064,8130992,8.522727,-2514389378.765859,0.244199,55.239738,-7.365663,-16.089606,64.063951,-0.00688,-0.962935,0.203122,0.034564,-0.42116
01-28-26,27,27.01,26.99,27,119800,27.026,27.029599,26.874129,0.001784,-0.001954,0.004346,FALSE,TRUE,0.15547,-0.000717,-4.000122,12.521127,44.225662,-11.781764,0.003982,-0.001546,-0.368241,1.231857,2.745823,10.000191,0.074131,0.124337,3.454974,0.114954,0.033977,0.040444,0.198053,-2.86259,-1.138448,1.053557,8011192,-17.208017,-2514389378.765859,0.225664,54.616559,-7.330321,-16.489875,63.987195,-0.009148,-1.289584,0.201106,0.033977,-0.752533
01-29-26,27.01,27.030001,27,27.02,204800,27.0285,27.0294,26.877031,0.001922,-0.001978,0.004329,FALSE,TRUE,0.152369,-0.0007,0,12.176996,47.914971,-13.269938,0.002359,-0.002536,-0.073776,1.080628,2.699483,30.000572,0.185395,0.124245,3.199912,0.115038,0.033356,0.038984,0.198053,-2.520721,-1.138448,1.731997,8215992,79.491674,-2514321112.099193,0.261958,58.583634,-8.135812,-16.146234,64.08767,-0.006487,-0.913136,0.197445,0.033356,-0.265615
01-30-26,27.030001,27.030001,27.01,27.02,51700,27.0315,27.0294,26.879391,0.001992,-0.001996,0.004312,FALSE,TRUE,0.150009,-0.00068,0,11.857446,47.914971,2.185425,0.00106,-0.003067,-0.110619,1.193607,2.661281,30.000572,0.222557,0.121602,2.777238,0.115038,0.027285,0.031779,0.198053,-2.520721,-1.138448,0.443472,8215992,-39.176471,-2514321112.099193,0.265703,57.211616,-5.010738,-13.309984,65.946072,-0.005145,-0.721482,0.178267,0.027285,-0.414062
02-02-26,27.030001,27.030001,27.01,27.030001,384500,27.033,27.0294,26.881702,0.001961,-0.002005,0.004296,TRUE,TRUE,0.147698,-0.000625,3.703808,11.560721,49.839019,5.613357,0.000829,-0.002639,-0.184066,1.080426,2.546664,40.000763,0.111114,0.116272,2.677371,0.115039,0.027327,0.031641,0.194832,-2.52035,-1.138448,3.045906,8600492,100.888192,-2513936612.099193,0.359771,71.473572,-5.74108,-14.838482,65.371127,-0.005083,-0.712793,0.17788,0.027327,-0.112024
02-03-26,27.02,27.030001,27.01,27.02,159900,27.035,27.029,26.883915,0.001833,-0.002008,0.004279,FALSE,TRUE,0.145085,-0.000551,-11.999512,11.285191,47.932176,0.017206,-0.00016,-0.002902,-0.147436,0.81798,2.356645,30.000572,0.148261,0.111028,2.395142,0.114685,0.030028,0.037537,0.202907,-2.783487,-1.138448,1.253675,8440592,19.596111,-2513936612.099193,0.356076,64.167421,-5.742504,-16.466855,65.236677,-0.007668,-1.08188,0.193745,0.030028,-0.62625
02-04-26,27.02,27.030001,27,27.030001,88500,27.036,27.0282,26.886128,0.001713,-0.002004,0.004263,TRUE,TRUE,0.142072,-0.000507,-11.999512,11.336961,49.992635,2.077665,-0.000135,-0.002302,-0.11048,0.892753,2.129355,40.000763,0.074048,0.110987,2.326024,0.113948,0.030221,0.03873,0.209283,-2.459091,-1.138448,0.694526,8529092,-2.640264,-2513848112.099193,0.426805,62.42143,-7.906347,-14.733539,64.904881,-0.005474,-0.777882,0.1968,0.030221,-0.257924
02-05-26,27.030001,27.059999,27.030001,27.049999,70800,27.038,27.0274,26.888638,0.001601,-0.001993,0.004247,TRUE,TRUE,0.138762,-0.000411,0,10.717382,53.919826,4.080807,0.001481,-0.000548,-0.073405,0.929912,2.204917,59.999237,0.14809,0.110905,2.261779,0.114261,0.025477,0.027721,0.209283,-2.366364,-1.138448,0.562798,8624792,-31.461762,-2503481617.989777,0.40064,61.946717,-5.445303,-11.528163,66.504979,-0.003227,-0.454612,0.166497,0.025477,0.530521
02-06-26,27.040001,27.059999,27.030001,27.049999,111900,27.0395,27.0262,26.891099,0.00153,-0.001974,0.004231,TRUE,TRUE,0.135101,-0.000281,-8.333598,10.142059,53.919826,5.98765,0.002731,0.000561,-0.146991,0.9674,2.091613,59.999237,0.111024,0.113545,2.235448,0.113838,0.023892,0.025363,0.212055,-2.546432,-1.138448,0.873195,8551592,72.419106,-2500071022.580326,0.399404,60.424933,-7.607988,-13.726012,65.231321,-0.004615,-0.651856,0.159256,0.023892,0.469673
02-09-26,27.059999,27.07,27.049999,27.049999,189200,27.041,27.0248,26.893757,0.001476,-0.001948,0.004215,TRUE,TRUE,0.131043,-0.000199,0,9.942971,53.919826,3.927191,0.003679,0.001207,-0.036575,0.892467,2.129358,59.999237,0.111024,0.110905,2.198054,0.112951,0.026788,0.033283,0.212055,-2.307709,-1.138448,1.428356,8447292,83.68932,-2490609784.584478,0.32795,69.86609,-9.115684,-15.606193,64.857344,-0.003206,-0.458296,0.182437,0.026788,0.409423
02-10-26,27.07,27.08,27.059999,27.08,121000,27.044,27.0242,26.896368,0.001452,-0.001913,0.004199,TRUE,TRUE,0.127832,-0.000085,16.666269,10.084674,59.830431,5.910605,0.006773,0.003441,0.037421,0.966906,2.50789,89.999809,0.222056,0.113421,2.303289,0.113754,0.02948,0.036214,0.206474,-1.947739,-1.138448,0.925572,8568292,-22.236504,-2490488784.584478,0.378569,76.284427,-8.536954,-16.334209,64.423476,-0.002262,-0.321501,0.190299,0.02948,1.562985
02-11-26,27.09,27.1,27.059999,27.059999,151900,27.0445,27.0232,26.898819,0.001439,-0.001871,0.004184,TRUE,TRUE,0.124381,-0.000055,4.000061,10.820683,54.78527,0.865444,0.007524,0.003354,-0.110076,0.967226,2.394219,63.635733,0.036969,0.118784,2.327723,0.113235,0.030843,0.040181,0.204817,-1.870763,-1.138448,1.1292,8542292,99.605782,-2482184403.13182,0.297301,72.47103,-7.894671,-15.631316,64.357275,-0.001557,-0.222847,0.200453,0.030843,0.665869
02-12-26,27.09,27.110001,27.09,27.110001,58000,27.047,27.0244,26.901422,0.001453,-0.001819,0.004169,TRUE,TRUE,0.122978,0.000071,17.241606,11.783839,63.150991,9.231165,0.012016,0.006276,0.18516,1.078763,2.6595,100,0.184779,0.123835,2.735716,0.115581,0.019502,0.0167,0.267817,-1.494313,-1.138448,0.435763,8445292,-32.87037,-2465288949.034293,0.289804,73.498195,-4.427859,-13.159443,66.563132,0.002711,0.375554,0.129229,0.019502,2.302896
02-13-26,27.120001,27.129999,27.120001,27.120001,100900,27.0505,27.0256,26.903927,0.001494,-0.001757,0.004153,TRUE,TRUE,0.121673,0.000192,11.111268,13.196113,64.56318,4.73275,0.016196,0.008365,0.259069,1.153563,2.964618,92.858311,0.258786,0.121155,3.186732,0.11552,0.019414,0.017505,0.300047,-1.326109,-1.138448,0.755805,8297392,8.61141,-2457659128.413451,0.262746,74.096802,-7.878394,-15.185068,65.629537,0.003422,0.474384,0.132305,0.019414,2.180944
02-17-26,27.15,27.15,27.139999,27.15,59600,27.0545,27.0266,26.906335,0.001597,-0.001685,0.004138,TRUE,TRUE,0.120264,0.000374,63.635733,14.964718,68.467168,13.681898,0.021679,0.011079,0.481122,1.303037,2.887256,100,0.29553,0.102605,3.872639,0.116241,0.017765,0.014459,0.37806,-1.150353,-1.138448,0.447733,8519892,-11.441308,-2432263606.654831,0.260614,81.623174,-7.012806,-14.731284,65.974862,0.005164,0.710362,0.120245,0.017765,2.466009
02-18-26,27.139999,27.16,27.129999,27.15,118500,27.0595,27.0282,26.908842,0.001744,-0.001603,0.004123,TRUE,TRUE,0.119358,0.000566,71.428052,16.606994,68.467168,5.316176,0.025728,0.012102,0.444046,1.340663,2.849105,93.749851,0.369687,0.105236,4.418552,0.11618,0.017901,0.015014,0.348032,-1.235212,-1.138448,0.899465,8431792,-18.779986,-2415805663.282717,0.27832,88.593496,-9.527485,-16.400598,65.220588,0.003859,0.531236,0.122533,0.017901,2.048173
02-19-26,27.16,27.16,27.139999,27.16,58400,27.0655,27.0326,26.911597,0.001944,-0.001509,0.004109,TRUE,TRUE,0.121003,0.000819,69.999428,18.131964,69.755352,5.192171,0.029405,0.012623,0.518132,1.302753,3.078158,100,0.443783,0.102567,4.92549,0.115446,0.016678,0.013119,0.354795,-1.412905,-1.138448,0.451733,8258392,-45.775302,-2403570527.977764,0.30621,87.266525,-10.044772,-17.050886,65.876278,0.002902,0.401676,0.114537,0.016678,1.918588
02-20-26,27.17,27.17,27.15,27.17,111300,27.0715,27.0368,26.914352,0.002191,-0.001404,0.004094,TRUE,TRUE,0.122448,0.001117,71.428052,19.792546,71.029881,2.562713,0.032748,0.012773,0.517941,1.340052,3.077795,100,0.443626,0.102529,5.431625,0.115173,0.015466,0.011046,0.357518,-1.501395,-1.138448,0.906426,8369692,-53.836582,-2403459227.977764,0.367725,87.84895,-9.956766,-17.378641,65.541583,0.002649,0.367204,0.1051,0.015466,1.813455
02-23-26,27.17,27.190001,27.16,27.17,87300,27.077,27.0418,26.917008,0.002461,-0.001289,0.00408,TRUE,TRUE,0.124792,0.001445,69.999428,21.779286,71.029881,2.562713,0.034994,0.012016,0.480766,1.452985,3.154447,89.473473,0.406506,0.105158,5.849869,0.114819,0.013973,0.008903,0.329931,-1.676151,-1.138448,0.713585,8293292,-9.345794,-2385664296.726572,0.317827,84.310972,-10.528,-16.294187,65.707456,0.001971,0.273667,0.094357,0.013973,1.58978
02-24-26,27.120001,27.120001,27.1,27.1,124200,27.0775,27.0446,26.919166,0.002694,-0.001171,0.004066,TRUE,TRUE,0.125434,0.001672,30.769174,20.930352,52.924313,-16.831038,0.030771,0.006234,0.110826,1.041477,2.621631,52.631632,0.036915,0.118609,5.865817,0.119576,0.015661,0.01021,0.303026,-2.261145,-1.138448,0.991261,7955292,90.78341,-2371916035.611641,0.234789,87.336045,-9.904783,-15.415974,65.363889,-0.002901,-0.387055,0.101042,0.015661,0.383584
02-25-26,27.1,27.1,27.08,27.1,87000,27.082,27.0472,26.92162,0.002869,-0.001048,0.004052,TRUE,TRUE,0.12558,0.001883,27.999878,19.482589,52.924313,-18.105568,0.027112,0.00206,0.036915,1.078964,2.46965,43.749851,0.33321,0.115973,5.662428,0.119484,0.015528,0.010127,0.27857,-2.181235,-1.138448,0.707547,7955292,-34.928945,-2371829035.611641,0.220258,80.22305,-9.352554,-16.857446,64.95561,-0.002411,-0.322019,0.100632,0.015528,0.31789
02-26-26,27.110001,27.120001,27.1,27.120001,55600,27.088,27.05,26.923928,0.00306,-0.000922,0.004038,TRUE,TRUE,0.126072,0.002127,28.000427,18.726951,56.590924,-14.438957,0.025532,0.000384,0.036888,1.078361,2.385647,56.250149,0.444448,0.113254,5.376358,0.119869,0.016758,0.011853,0.257074,-2.011332,-1.138448,0.464301,8152092,-53.589316,-2356063548.338741,0.249377,79.94068,-9.056,-16.944757,64.446361,-0.001452,-0.193406,0.108873,0.016758,0.595212
02-27-26,27.120001,27.139999,27.110001,27.139999,132900,27.094,27.0526,26.926483,0.003283,-0.000791,0.004024,TRUE,TRUE,0.126117,0.002302,33.333333,18.558951,59.949957,7.025644,0.025598,0.00036,0.073741,1.152897,2.499136,64.285228,0.444112,0.11317,5.245545,0.116614,0.008743,0.003359,0.23027,-1.39801,-1.138448,1.144161,8372992,-35.107422,-2336592298.869607,0.284918,82.19102,-7.477098,-15.619477,65.510843,0.004446,0.606312,0.057956,0.008743,0.876922
03-02-26,27.09,27.09,27.049999,27.08,211400,27.097,27.0538,26.928739,0.003498,-0.000658,0.00401,TRUE,TRUE,0.125061,0.00239,9.091119,17.805013,47.959362,-4.964951,0.020572,-0.003733,-0.110663,0.929274,2.234632,21.428863,0.222056,0.131885,4.96408,0.120143,0.005226,0.00114,0.216629,-1.925206,-1.138448,1.702916,8235992,308.897485,-2327483248.879144,0.309164,65.040672,-8.32511,-16.803559,65.382533,0.00055,0.072682,0.033768,0.005226,-0.342462
03-03-26,27,27.07,27,27.059999,140700,27.0985,27.055,26.930894,0.003659,-0.000526,0.003996,TRUE,TRUE,0.124106,0.002512,-6.250149,18.14477,44.746527,-11.844397,0.014804,-0.007601,-0.184438,0.630278,1.970147,31.578578,0.110983,0.14518,4.793367,0.118964,0.007416,0.002582,0.225386,-2.43731,-1.138448,1.256811,7947292,-63.407022,-2319708155.124235,0.215985,54.160953,-6.064256,-14.336985,66.479191,-0.003193,-0.426562,0.050815,0.007416,-0.803204
03-04-26,27.07,27.07,27.049999,27.059999,84900,27.1005,27.0558,26.932754,0.003782,-0.000394,0.003983,TRUE,TRUE,0.123046,0.002586,0,18.460259,44.746527,-15.20343,0.010116,-0.009831,0.036969,0.742373,1.706756,31.578578,0.148035,0.139901,4.524508,0.118111,0.010294,0.004953,0.225386,-2.206927,-1.138448,0.784658,7868792,-46.904315,-2286604999.329106,0.223471,57.121564,-7.397809,-14.751895,66.316006,-0.001567,-0.211097,0.070375,0.010294,-0.895135
03-05-26,27,27.02,26.98,26.99,156300,27.0985,27.0554,26.934263,0.003794,-0.000267,0.003969,FALSE,TRUE,0.121137,0.002325,-37.500522,19.8839,35.180309,-12.779053,0.000744,-0.015362,-0.258683,0.369965,1.518589,4.761991,-0.147987,0.148203,4.923379,0.105668,0.008283,0.004041,0.280474,-1.912078,-1.138448,1.400663,7712492,76.610169,-2286683149.329106,0.142011,49.051204,-6.889116,-13.699801,66.643405,0.002357,0.354864,0.063571,0.008283,-2.203773
03-06-26,26.959999,26.98,26.940001,26.959999,115400,27.094,27.0542,26.936018,0.003679,-0.000147,0.003956,FALSE,TRUE,0.118182,0.002046,-47.059583,21.697561,32.020712,-12.725815,-0.009,-0.020085,-0.51661,0.146953,1.593316,7.99942,-0.332718,0.156316,5.734499,0.106263,0.013545,0.011321,0.344845,-2.362958,-1.138448,1.013882,7662392,62.99435,-2270756269.727996,0.128861,41.483903,-5.086679,-11.431504,67.778093,-0.00101,-0.151755,0.106399,0.013545,-2.336748
03-09-26,26.92,26.99,26.9,26.98,186900,27.0905,27.053,26.938119,0.003453,-0.000033,0.003942,FALSE,TRUE,0.114881,0.001732,-51.515187,23.801537,36.138505,-8.608022,-0.014937,-0.020817,-0.332472,0.035926,1.894867,27.586093,-0.258779,0.172086,6.211006,0.104869,0.014211,0.012819,0.391741,-1.832884,-1.138448,1.589691,7950692,67.024129,-2241765415.704193,0.170711,34.255628,-4.190164,-11.597337,67.884895,0.002589,0.394483,0.113222,0.014211,-1.779105
03-10-26,26.959999,27,26.959999,26.959999,76200,27.086,27.0512,26.94006,0.00311,0.000073,0.003928,FALSE,TRUE,0.11114,0.00145,-54.285808,25.451782,33.925422,-1.254887,-0.021013,-0.021515,0.074234,-0.222732,1.706206,20.689406,-0.332718,0.174863,6.816416,0.10359,0.01165,0.008727,0.442431,-2.424345,-1.138448,0.680843,7874492,-59.725159,-2241841615.704193,0.229811,37.32199,-4.514308,-12.192286,67.708822,-0.000796,-0.122463,0.093416,0.01165,-1.84849
03-11-26,26.950001,26.959999,26.9,26.9,118000,27.077,27.0478,26.941603,0.002618,0.000167,0.003914,FALSE,FALSE,0.106197,0.001086,-65.000119,27.567023,28.322103,-3.698609,-0.03032,-0.024658,-0.22255,-0.408018,1.292283,0,-0.664698,0.185874,7.987516,0.107371,0.013598,0.011069,0.515932,-2.978774,-1.211898,1.055739,7650492,-2.479339,-2233079608.926902,0.123204,32.54861,-5.032945,-11.808297,67.477991,-0.005069,-0.753616,0.105208,0.013598,-2.215961
03-12-26,26.889999,26.91,26.85,26.85,174900,27.0665,27.0452,26.942797,0.001935,0.000245,0.003899,FALSE,FALSE,0.102403,0.000661,-72.72743,29.920208,24.665993,-11.472512,-0.041256,-0.028474,-0.260029,-0.593131,1.141392,0,-0.77605,0.196861,9.46616,0.109747,0.017016,0.016794,0.604374,-3.451762,-1.395517,1.548884,7465592,15.14154,-2197025753.176494,0.111765,25.009011,-4.198569,-10.930829,68.067218,-0.008846,-1.290382,0.129591,0.017016,-2.287089
03-12-26,26.889999,26.91,26.844999,26.844999,174874,27.05325,27.0427,26.943866,0.001069,0.000306,0.003885,FALSE,FALSE,0.098833,0.000286,-73.033929,32.141661,24.327711,-9.597711,-0.049752,-0.029577,-0.426557,-0.721636,1.309883,0,-0.977504,0.20621,10.610681,0.108631,0.017499,0.018118,0.592182,-3.803394,-1.413883,1.472453,7290718,201.506897,-2197200627.176494,0.008224,19.060808,-3.561621,-10.179242,68.05454,-0.011065,-1.631787,0.134602,0.017499,-1.96265
03-12-26,26.889999,26.91,26.844999,26.844999,174874,27.05325,27.0427,26.943866,0.001069,0.000306,0.003885,FALSE,FALSE,0.098833,0.000286,-73.033929,32.141661,24.327711,-9.597711,-0.049752,-0.029577,-0.426557,-0.721636,1.309883,0,-0.977504,0.20621,10.610681,0.108631,0.017499,0.018118,0.592182,-3.803394,-1.413883,1.472453,7592118,201.506897,-2178642181.539594,0.008224,19.060808,-3.561621,-10.179242,68.220017,-0.011065,-1.631787,0.134602,0.017499,-1.96265
03-13-26,26.9,26.93,26.85,26.860001,129900,27.04025,27.0407,26.944912,0.000062,0.000352,0.00387,FALSE,FALSE,0.095788,-0.000038,-61.538198,33.599603,27.537982,-0.784122,-0.054645,-0.027576,-0.407856,-0.629499,1.291435,5.085184,-0.958703,0.210084,11.318918,0.108797,0.017235,0.017494,0.652038,-3.751736,-1.413883,1.080576,7722018,28.741328,-2178739605.765328,0.009571,26.02632,-2.330936,-9.857809,68.730363,-0.010749,-1.582258,0.132265,0.017235,-1.59246
03-13-26,26.9,26.93,26.844999,26.860001,129855,27.02575,27.0379,26.945909,-0.001072,0.000382,0.003855,FALSE,FALSE,0.091991,-0.000387,-61.538198,35.000729,27.537982,2.871989,-0.057856,-0.024629,-0.44477,-0.702783,1.291435,5.085184,-1.068136,0.22737,11.690388,0.108476,0.01714,0.017404,0.706844,-3.582297,-1.413883,1.049533,7722018,117.877517,-2178823626.160818,-0.04874,25.447129,-2.586098,-9.334076,68.730363,-0.00951,-1.403998,0.131926,0.01714,-1.417825
03-13-26,26.9,26.93,26.844999,26.860001,129855,27.02575,27.0379,26.945909,-0.001072,0.000382,0.003855,FALSE,FALSE,0.091991,-0.000387,-61.538198,35.000729,27.537982,2.871989,-0.057856,-0.024629,-0.44477,-0.702783,1.291435,5.085184,-1.068136,0.22737,11.690388,0.108476,0.01714,0.017404,0.706844,-3.582297,-1.413883,1.049533,7648618,117.877517,-2151030641.166453,-0.04874,25.447129,-2.586098,-9.334076,68.646348,-0.00951,-1.403998,0.131926,0.01714,-1.417825
03-16-26,26.92,26.950001,26.9,26.940001,81068,27.01525,27.0371,26.947156,-0.002235,0.000402,0.00384,FALSE,FALSE,0.089944,-0.000564,-40,35.680965,42.599001,18.271291,-0.05333,-0.016083,-0.259162,-0.443743,1.480414,32.203795,-0.773477,0.245254,11.456411,0.115016,0.023708,0.030179,0.733505,-2.863867,-1.413883,0.665283,7729686,-31.588186,-2150982000.366453,-0.045738,26.423429,-3.731829,-10.699571,68.037775,-0.006292,-0.881855,0.17372,0.023708,-0.656832
03-17-26,26.959999,26.98,26.950001,26.959999,111000,27.00525,27.0361,26.948554,-0.003379,0.000409,0.003825,FALSE,TRUE,0.087546,-0.00072,-40,35.446111,45.640668,18.102687,-0.047581,-0.008267,-0.222063,-0.333104,1.555746,46.938521,-0.73638,0.247722,10.989801,0.115386,0.024958,0.032768,0.557442,-2.599624,-1.413883,0.891675,7840686,90.068493,-2151019009.776423,-0.083094,25.539274,-4.670341,-10.716489,67.947519,-0.004251,-0.594719,0.181019,0.024958,-0.411753
03-17-26,26.959999,26.98,26.950001,26.959999,110956,26.99475,27.0351,26.950001,-0.004488,0.000404,0.003809,FALSE,TRUE,0.085099,-0.000856,-30.769344,35.228032,45.640668,18.102687,-0.042535,-0.002577,-0.148152,-0.369838,1.443198,51.110923,-0.772915,0.231825,10.315391,0.115267,0.024638,0.031846,0.505181,-2.687287,-1.413883,0.891444,7840686,-0.309075,-2151056004.515995,-0.142677,28.76887,-4.596429,-10.226755,67.947519,-0.004652,-0.651118,0.178455,0.024638,-0.336882
03-17-26,26.959999,26.98,26.950001,26.959999,110956,26.99475,27.0351,26.950001,-0.004488,0.000404,0.003809,FALSE,TRUE,0.085099,-0.000856,-30.769344,35.228032,45.640668,18.102687,-0.042535,-0.002577,-0.148152,-0.369838,1.443198,51.110923,-0.772915,0.231825,10.315391,0.115267,0.024638,0.031846,0.505181,-2.687287,-1.413883,0.891444,7849986,-0.309075,-2132522025.908513,-0.142677,28.76887,-4.596429,-10.226755,68.472553,-0.004652,-0.651118,0.178455,0.024638,-0.336882
03-18-26,26.950001,26.959999,26.91,26.91,150700,26.98175,27.0329,26.951148,-0.00558,0.000389,0.003794,FALSE,FALSE,0.081752,-0.001037,-35.714188,35.580352,39.562046,-3.036956,-0.042085,-0.001702,-0.407108,-0.627868,1.255064,28.889077,-0.956939,0.224292,9.604379,0.117156,0.02975,0.048231,0.526456,-3.22994,-1.413883,1.180686,7699286,72.623139,-2132672725.908513,-0.186768,28.609039,-2.271267,-7.531397,69.538807,-0.008241,-1.144653,0.219616,0.02975,-0.747055
03-18-26,26.950001,26.959999,26.91,26.91,150653,26.97225,27.0307,26.952295,-0.006657,0.000369,0.003778,FALSE,FALSE,0.078405,-0.001194,-35.714188,35.907505,39.562046,-6.078623,-0.041253,-0.000696,-0.370235,-0.627868,1.255064,37.142919,-0.701109,0.232255,9.308277,0.117013,0.029803,0.048519,0.315514,-3.3175,-1.413883,1.168212,7699286,21.298712,-2132823378.908513,-0.195109,24.813727,-1.390208,-6.981336,69.538807,-0.008879,-1.234924,0.220271,0.029803,-0.668759
03-19-26,26.85,26.889999,26.83,26.879999,199445,26.96125,27.0279,26.953639,-0.007662,0.00034,0.003763,FALSE,FALSE,0.074261,-0.001359,-28.947448,37.110658,36.206402,-9.434266,-0.042525,-0.001574,-0.51814,-0.775197,1.254394,29.411303,-0.811813,0.232514,9.01442,0.117245,0.031847,0.056641,0.302616,-3.729364,-1.413883,1.481953,7499841,129.247126,-2132690417.688594,-0.169883,24.176597,0.052807,-6.43812,70.229463,-0.01151,-1.604564,0.237995,0.031847,-0.90134
03-20-26,26.83,26.83,26.719999,26.74,172400,26.94225,27.0217,26.954233,-0.008662,0.000297,0.003746,FALSE,FALSE,0.067467,-0.001895,-44.89784,39.029609,25.385519,-14.176526,-0.054204,-0.010602,-1.109472,-1.291991,0.72703,7.143003,-1.401184,0.263115,9.484701,0.128008,0.046997,0.109771,0.384324,-3.805109,-1.799485,1.227723,7279141,210.071942,-2122973187.728213,-0.221678,23.384276,1.317716,-5.319896,70.202441,-0.01334,-1.753358,0.331317,0.046997,-2.13238
03-20-26,26.83,26.83,26.719999,26.74,172363,26.92225,27.0153,26.954778,-0.009633,0.000239,0.00373,FALSE,FALSE,0.060522,-0.002434,-51.063856,40.811491,25.385519,-14.176526,-0.062737,-0.015308,-1.146024,-1.219061,0.872901,7.143003,-1.473838,0.268458,9.311093,0.127988,0.046996,0.109316,0.393449,-3.729077,-1.799485,1.210451,7279141,29.693755,-2123082872.186876,-0.303786,26.270608,1.239958,-5.458072,70.202441,-0.013104,-1.72214,0.330629,0.046996,-1.957342
03-20-26,26.83,26.83,26.719999,26.74,172363,26.92225,27.0153,26.954778,-0.009633,0.000239,0.00373,FALSE,FALSE,0.060522,-0.002434,-51.063856,40.811491,25.385519,-14.176526,-0.062737,-0.015308,-1.146024,-1.219061,0.872901,7.143003,-1.473838,0.268458,9.311093,0.127988,0.046996,0.109316,0.393449,-3.729077,-1.799485,1.210451,7543941,29.693755,-2096875202.680051,-0.303786,26.270608,1.239958,-5.458072,69.449462,-0.013104,-1.72214,0.330629,0.046996,-1.957342
03-23-26,26.780001,26.85,26.77,26.82,178300,26.90925,27.0107,26.955723,-0.010485,0.000171,0.003713,FALSE,FALSE,0.054977,-0.002847,-26.41504,41.907354,37.720898,1.514495,-0.062325,-0.011917,-0.923532,-0.886917,0.949766,38.461651,-0.960119,0.2863,8.793334,0.134181,0.055564,0.147378,0.417209,-2.893943,-1.799485,1.266869,7722241,-15.657521,-2096830630.868307,-0.329075,30.885427,-0.458118,-6.998778,68.443235,-0.008431,-1.080252,0.383898,0.055564,-1.014973
03-23-26,26.780001,26.85,26.77,26.82,179150,26.89725,27.0057,26.956618,-0.011202,0.000094,0.003697,FALSE,FALSE,0.049082,-0.003184,-17.021285,42.924941,37.720898,12.335378,-0.061293,-0.008708,-0.593031,-1.033213,0.837687,38.461651,-0.886917,0.291627,8.248548,0.132597,0.053518,0.137332,0.435645,-3.224561,-1.799485,1.255755,7722241,27.327647,-2096785846.571761,-0.344167,33.315862,-0.23301,-6.337597,68.443235,-0.010042,-1.294333,0.370583,0.053518,-0.936528
03-24-26,26.76,26.809999,26.75,26.75,178800,26.88175,26.9997,26.957262,-0.011806,0.000004,0.00368,FALSE,FALSE,0.042438,-0.00366,-20.408251,44.034034,32.301746,6.916227,-0.065369,-0.010227,-0.815719,-1.36431,0.462963,11.538715,-1.1456,0.29506,7.936035,0.136248,0.053947,0.131657,0.470355,-3.501125,-1.799485,1.21337,7543441,110.600707,-2096964646.571761,-0.39387,33.244284,-0.985963,-6.501677,68.235593,-0.01281,-1.601679,0.362846,0.053947,-1.660145
03-24-26,26.76,26.809999,26.75,26.75,177963,26.86975,26.9939,26.957956,-0.012285,-0.000098,0.003662,FALSE,FALSE,0.035944,-0.004072,-19.58754,45.063906,32.301746,-5.419152,-0.067818,-0.010141,-0.778928,-1.291514,0.314626,11.538715,-0.889217,0.293725,8.027032,0.135267,0.056988,0.146845,0.501573,-3.744024,-1.799485,1.198878,7543441,13.859885,-2097142609.571761,-0.424616,37.612573,-0.397975,-6.21795,68.235593,-0.015419,-1.959069,0.383204,0.056988,-1.491831
03-24-26,26.76,26.809999,26.75,26.75,177963,26.86975,26.9939,26.957956,-0.012285,-0.000098,0.003662,FALSE,FALSE,0.035944,-0.004072,-19.58754,45.063906,32.301746,-5.419152,-0.067818,-0.010141,-0.778928,-1.291514,0.314626,11.538715,-0.889217,0.293725,8.027032,0.135267,0.056988,0.146845,0.501573,-3.744024,-1.799485,1.198878,7363841,13.859885,-2076650942.97217,-0.424616,37.612573,-0.397975,-6.21795,67.974311,-0.015419,-1.959069,0.383204,0.056988,-1.491831
03-25-26,26.84,26.860001,26.82,26.85,267700,26.86425,26.9899,26.959051,-0.012569,-0.000207,0.003645,FALSE,FALSE,0.030849,-0.004306,-1.754433,44.526843,45.317577,7.596679,-0.060987,-0.002648,-0.555554,-0.995577,0.726819,50.000367,-0.408007,0.299281,7.748116,0.144324,0.065814,0.174898,0.503626,-2.82375,-1.799485,1.715406,7631541,131.975737,-2076517092.97217,-0.36101,43.454784,-0.471712,-7.093947,67.369665,-0.009499,-1.150208,0.418208,0.065814,-0.183908
03-25-26,26.84,26.860001,26.82,26.85,267653,26.85775,26.9857,26.960046,-0.012655,-0.000324,0.003627,FALSE,FALSE,0.025653,-0.004513,-1.754433,44.028142,45.317577,13.015831,-0.054939,0.00272,-0.481835,-0.995577,0.689636,50.000367,-0.481835,0.28731,7.255609,0.144199,0.065748,0.173422,0.505671,-2.89412,-1.799485,1.671849,7631541,43.206528,-2076383266.47217,-0.355509,47.672561,0.019107,-5.787831,67.369665,-0.00943,-1.141861,0.41644,0.065748,-0.106807
03-25-26,26.84,26.860001,26.82,26.85,267653,26.85775,26.9857,26.960046,-0.012655,-0.000324,0.003627,FALSE,FALSE,0.025653,-0.004513,-1.754433,44.028142,45.317577,13.015831,-0.054939,0.00272,-0.481835,-0.995577,0.689636,50.000367,-0.481835,0.28731,7.255609,0.144199,0.065748,0.173422,0.505671,-2.89412,-1.799485,1.671849,7674641,43.206528,-2065440828.936407,-0.355509,47.672561,0.019107,-5.787831,67.611107,-0.00943,-1.141861,0.41644,0.065748,-0.106807
03-26-26,26.74,26.76,26.690001,26.700001,305000,26.84475,26.9779,26.960292,-0.012649,-0.000453,0.003609,FALSE,FALSE,0.017608,-0.004958,-37.500112,44.83477,33.959328,1.657582,-0.061541,-0.003106,-1.147721,-1.512356,0.090177,3.448367,-0.964385,0.307651,7.645888,0.160617,0.077571,0.199671,0.567222,-3.518537,-1.946378,1.778073,7369641,300.262467,-2065658683.7048,-0.37309,35.682039,-0.221205,-4.873514,68.119357,-0.016185,-1.7881,0.446845,0.077571,-1.893164
03-27-26,26.700001,26.719999,26.68,26.700001,141700,26.83475,26.9717,26.96039,-0.012564,-0.000593,0.003591,FALSE,FALSE,0.01131,-0.005384,-41.935285,45.657297,33.959328,-11.358249,-0.066012,-0.006061,-1.147721,-1.548673,0.460885,6.666836,-0.74349,0.307651,8.174835,0.160617,0.077555,0.199547,0.623035,-3.518537,-1.946378,0.820408,7418441,20.084746,-2062323831.300485,-0.336368,28.015073,0.688667,-5.458548,68.470949,-0.016078,-1.77617,0.446707,0.077555,-1.648342
03-30-26,26.77,26.790001,26.76,26.77,162900,26.83075,26.9671,26.96059,-0.012339,-0.00074,0.003572,FALSE,FALSE,0.00651,-0.005627,-27.536088,44.768687,41.847693,-3.469884,-0.063179,-0.002582,-0.925241,-1.32694,0.761571,32.143052,-0.297951,0.322856,8.291181,0.163855,0.077937,0.193649,0.487663,-3.204949,-1.946378,0.946438,7563541,-6.861063,-2051911316.731854,-0.302507,34.684024,1.459665,-5.142554,69.174999,-0.013571,-1.464125,0.440056,0.077937,-0.732701
03-31-26,26.82,26.84,26.809999,26.83,130300,26.83,26.9633,26.961139,-0.011978,-0.00089,0.003553,FALSE,FALSE,0.002161,-0.00574,-11.428579,42.971248,47.622725,13.663397,-0.055453,0.004115,-0.703185,-1.069325,1.287646,53.571526,-0.055874,0.327458,8.284394,0.166662,0.080221,0.219027,0.494093,-2.853866,-1.946378,0.766966,7693841,-25.489209,-2051867883.398521,-0.242226,42.61822,-0.022496,-7.879439,67.774971,-0.012972,-1.398112,0.468003,0.080221,-0.000001
04-01-26,26.809999,26.84,26.809999,26.82,193000,26.828,26.9593,26.961782,-0.011516,-0.001043,0.003534,FALSE,FALSE,-0.002482,-0.005872,-12.676094,41.302197,46.788706,12.829378,-0.049565,0.008002,-0.740195,-1.215469,1.325188,66.666667,-0.148924,0.322254,8.256392,0.166662,0.079654,0.216826,0.403873,-2.854356,-1.946378,1.115315,7402941,48.575828,-2045465951.037457,-0.228248,38.350001,-0.472215,-10.056865,66.691461,-0.013755,-1.480483,0.465645,0.079654,-0.096898
04-02-26,26.82,26.860001,26.799999,26.85,121100,26.8275,26.9557,26.962427,-0.010971,-0.001198,0.003515,FALSE,FALSE,-0.006727,-0.005909,-4.225186,39.365712,49.638206,7.790512,-0.041995,0.012458,-0.739367,-1.10497,1.55183,94.444327,-0.037231,0.316574,8.239002,0.167073,0.080399,0.220858,0.312717,-2.787286,-1.946378,0.701592,7524041,-6.742135,-2045385217.704123,-0.181102,46.535338,-0.94543,-8.860343,66.422827,-0.013785,-1.483855,0.469955,0.080399,0.273096
04-06-26,26.83,26.85,26.82,26.84,102500,26.8225,26.9521,26.962972,-0.010365,-0.001355,0.003495,FALSE,FALSE,-0.010872,-0.005984,17.241447,37.567547,48.701992,1.079267,-0.036382,0.014456,-0.813006,-1.178202,1.099974,88.888653,-0.371197,0.282096,7.812745,0.166916,0.08169,0.220247,0.29309,-2.731843,-1.946378,0.590169,7248041,26.437065,-2035873366.606246,-0.184152,51.310055,-0.915702,-8.322629,63.94433,-0.015419,-1.660609,0.469305,0.08169,0.223996
04-07-26,26.83,26.83,26.77,26.809999,163300,26.815,26.9477,26.963168,-0.009734,-0.001518,0.003475,FALSE,FALSE,-0.015468,-0.006114,11.475348,36.608792,45.904796,-0.88391,-0.033964,0.0135,-0.887245,-1.433828,0.912126,72.221634,-0.556378,0.271754,7.111863,0.167377,0.081577,0.218158,0.27477,-2.842562,-1.946378,0.926293,7084741,47.117117,-2035818936.733721,-0.155487,46.758853,-1.318987,-9.580829,63.729031,-0.016487,-1.768393,0.467074,0.081577,-0.070312
04-08-26,26.9,26.9,26.85,26.870001,348300,26.8105,26.9441,26.964012,-0.009047,-0.001682,0.003455,FALSE,FALSE,-0.019912,-0.006115,8.474741,34.398533,51.860003,2.221798,-0.026895,0.016455,-0.738821,-1.249534,1.100524,86.364149,-0.333821,0.265831,6.394681,0.17006,0.084376,0.231027,0.328235,-2.507063,-1.946378,1.851071,7274641,213.908216,-2033820876.826111,-0.154357,51.279939,-2.300996,-11.515096,61.922289,-0.014716,-1.566551,0.480653,0.084376,0.930473
04-09-26,26.85,26.889999,26.82,26.860001,123800,26.808,26.9403,26.964855,-0.008323,-0.001851,0.003434,FALSE,FALSE,-0.024555,-0.006106,6.666794,32.779336,50.855141,2.153149,-0.021849,0.017201,-0.702398,-1.358792,1.025472,81.818576,-0.185802,0.26327,6.074961,0.169975,0.084057,0.230516,0.324597,-2.623791,-1.946378,0.662683,7199341,-17.850033,-2017209064.456767,-0.110401,48.301799,-3.204485,-9.975675,61.657014,-0.014852,-1.581295,0.480121,0.084057,0.855981
04-10-26,26.889999,26.889999,26.85,26.860001,226200,26.8055,26.9365,26.965599,-0.007525,-0.002024,0.003413,FALSE,FALSE,-0.029099,-0.006035,20.754731,31.275796,50.855141,4.950345,-0.017646,0.017123,-0.665682,-1.250001,1.175311,81.818576,-0.185802,0.255292,5.725975,0.169215,0.08387,0.233086,0.30202,-2.808918,-1.946378,1.186818,7199341,50.146363,-2017322159.063605,-0.09836,57.618012,-3.470582,-12.092295,61.258263,-0.017691,-1.89513,0.482789,0.08387,0.951811
04-13-26,26.860001,26.889999,26.85,26.879999,134300,26.8055,26.9325,26.966493,-0.006649,-0.002199,0.003392,FALSE,FALSE,-0.033993,-0.006054,23.636162,29.879651,52.968721,1.108718,-0.012557,0.01777,-0.628466,-1.212789,1.213111,90.908854,0,0.249788,5.725975,0.165491,0.083149,0.240334,0.303373,-2.280971,-1.946378,0.716892,7350541,-32.66314,-2011243575.548289,-0.117636,60.079168,-3.737274,-12.36114,61.038633,-0.012511,-1.376932,0.490239,0.083149,1.301072
04-14-26,26.860001,26.92,26.860001,26.91,151300,26.814,26.9295,26.967586,-0.005718,-0.002375,0.00337,FALSE,FALSE,-0.038086,-0.006033,12.499851,27.990056,56.024149,5.169008,-0.006033,0.019435,-0.554322,-1.029793,1.476527,95.833234,0.635752,0.236237,5.959503,0.166159,0.083865,0.243806,0.387079,-2.035134,-1.946378,0.812212,7501841,-12.238979,-2011142710.484869,-0.061782,57.971662,-4.006158,-12.177918,60.740485,-0.010801,-1.186614,0.493767,0.083865,1.610868
04-15-26,26.9,26.9,26.870001,26.889999,126100,26.8215,26.9251,26.96843,-0.004802,-0.00255,0.003349,FALSE,FALSE,-0.04333,-0.006007,7.999771,26.235432,53.52751,2.672369,-0.002449,0.018415,-0.738283,-1.212344,1.250766,87.499702,0.560956,0.236412,5.922954,0.16606,0.083678,0.24323,0.38298,-2.272785,-1.946378,0.685444,7421341,-26.840447,-2008572307.576529,-0.021325,54.823057,-4.60592,-12.122243,61.088129,-0.013851,-1.522089,0.493183,0.083678,1.156505
04-16-26,26.9,26.9,26.860001,26.879999,135700,26.8245,26.9203,26.969324,-0.003897,-0.002723,0.003327,FALSE,FALSE,-0.049024,-0.005989,49.999205,24.798812,52.273174,-0.695547,-0.00041,0.016363,-0.481307,-1.285348,1.167998,83.332936,0.223712,0.204612,6.065195,0.1661,0.098846,0.289322,0.322587,-2.331483,-1.729847,0.746267,7267041,-23.892316,-2004274137.124803,-0.033833,59.083159,-4.231828,-11.839552,61.047678,-0.0197,-2.233364,0.537886,0.098846,0.915042
04-17-26,26.92,26.950001,26.92,26.940001,95900,26.8305,26.9161,26.970766,-0.002969,-0.002894,0.003304,TRUE,FALSE,-0.054666,-0.005848,57.142273,23.58113,58.549465,2.525316,0.005978,0.018201,-0.22222,-0.589643,1.318546,94.736736,0.44743,0.212111,6.58925,0.168684,0.101833,0.296998,0.341795,-2.003697,-1.729847,0.539747,7362941,-46.469439,-2004242170.458136,-0.038232,64.88741,-4.756387,-12.401562,60.674988,-0.016802,-1.885837,0.544975,0.101833,1.661804
04-20-26,26.959999,26.959999,26.93,26.940001,125900,26.84,26.9119,26.972257,-0.002049,-0.003059,0.003282,TRUE,FALSE,-0.060357,-0.00572,48.570868,22.630852,58.549465,5.021955,0.010915,0.01851,-0.296077,-0.369634,1.205844,89.474371,0.710282,0.196203,6.735596,0.168634,0.101861,0.297345,0.297289,-1.946243,-1.729847,0.719302,7239541,-29.58613,-2002655648.179541,0.00028,64.277016,-4.958323,-13.469789,60.289788,-0.015969,-1.793287,0.545293,0.101861,1.484655
04-21-26,26.93,26.940001,26.889999,26.889999,137600,26.847,26.9065,26.973747,-0.001156,-0.003216,0.003259,FALSE,FALSE,-0.067247,-0.005652,17.646597,21.111503,51.947229,-0.325945,0.01067,0.014612,-0.481129,-0.591216,0.831074,63.157789,0.523362,0.191255,6.47341,0.170141,0.103026,0.308732,0.28095,-2.275178,-1.729847,0.795318,7194741,-22.680557,-1995083978.617917,0.011948,57.793005,-6.835072,-12.156629,61.147101,-0.016723,-1.87666,0.555637,0.103026,0.664244
04-22-26,26.92,26.92,26.9,26.9,71700,26.8495,26.9011,26.975087,-0.00028,-0.003363,0.003236,FALSE,FALSE,-0.073988,-0.005526,23.528983,19.700679,53.086637,-5.462828,0.011154,0.012077,-0.480951,-0.664132,0.943295,68.421105,0.186217,0.191184,6.581254,0.169905,0.109047,0.335002,0.257556,-2.335642,-1.729847,0.439304,7466341,-73.216287,-1986589269.05119,-0.050305,63.684483,-6.101065,-12.15357,61.957234,-0.020428,-2.340555,0.578793,0.109047,0.767324
04-23-26,26.93,26.93,26.879999,26.9,111400,26.852,26.8957,26.976528,0.000551,-0.003498,0.003213,TRUE,FALSE,-0.080828,-0.005391,16.128516,18.796915,53.086637,-5.462828,0.011406,0.009863,-0.444119,-0.5909,1.093073,68.421105,0.186217,0.188529,6.677515,0.169905,0.111602,0.342153,0.244822,-2.335642,-1.729847,0.71686,7466341,-58.378946,-1986611549.05119,-0.103061,57.571593,-5.907101,-11.954608,61.944845,-0.018518,-2.133229,0.584938,0.111602,0.718824
04-24-26,26.92,26.940001,26.9,26.940001,146100,26.864,26.8925,26.978069,0.001358,-0.003619,0.003189,TRUE,FALSE,-0.085569,-0.005183,29.411369,17.727438,57.735686,5.788457,0.014664,0.010497,-0.332964,-0.443076,1.205844,89.474371,0.898876,0.1909,5.915181,0.17112,0.116498,0.349926,0.223821,-2.089137,-1.729847,0.990811,7694141,-52.098361,-1979271074.349684,0.014798,60.636214,-5.157808,-13.439925,62.728915,-0.01328,-1.52792,0.591546,0.116498,1.284838
04-27-26,26.85,26.85,26.83,26.84,189500,26.871,26.8873,26.978961,0.002077,-0.003731,0.003165,FALSE,FALSE,-0.091661,-0.005081,7.317141,18.00534,45.576049,-7.510588,0.009073,0.003925,-0.776337,-0.849172,0.755464,14.286104,0.524342,0.202257,4.541043,0.176734,0.11855,0.336596,0.208098,-2.744508,-1.729847,1.26464,7281341,33.733239,-1954418188.374732,0.01456,59.856802,-6.552513,-12.307536,63.340441,-0.019248,-2.122597,0.580169,0.11855,-0.682659
04-28-26,26.809999,26.82,26.799999,26.809999,196100,26.873,26.8811,26.979554,0.002707,-0.003836,0.003141,FALSE,FALSE,-0.098454,-0.00505,-15.789632,18.70387,42.672441,-10.414197,0.002196,-0.002362,-0.887245,-1.032932,0.531094,6.250149,0.149417,0.189162,4.143492,0.177016,0.118817,0.338231,0.234767,-2.796799,-1.729847,1.294347,7085241,20.380602,-1954418188.374732,0.03232,46.337733,-4.937613,-12.846494,63.563146,-0.019503,-2.150002,0.581577,0.118817,-1.520469
04-29-26,26.790001,26.799999,26.709999,26.719999,160200,26.8675,26.8727,26.979945,0.003183,-0.003937,0.003117,FALSE,FALSE,-0.107245,-0.005067,-30.434747,20.397889,35.388586,-22.3471,-0.010397,-0.011964,-1.219963,-1.256092,0.416612,4.000092,-0.409991,0.197819,5.310138,0.179776,0.141404,0.437643,0.310567,-3.519846,-1.729847,1.047059,6871941,22.947045,-1949398488.573924,-0.022908,45.483279,-2.83153,-12.093085,64.448335,-0.031239,-3.678384,0.661546,0.141404,-2.777717
04-30-26,26.77,26.780001,26.76,26.780001,57700,26.8655,26.8667,26.980587,0.003543,-0.004033,0.003092,FALSE,FALSE,-0.113887,-0.004947,-15.384418,21.970906,42.442329,-3.13372,-0.015358,-0.01354,-1.107826,-1.070819,0.455786,28.000641,-0.149139,0.202711,5.567539,0.182466,0.14498,0.465468,0.339629,-3.195845,-1.729847,0.39457,6823741,-70.103627,-1947143754.411248,0.017757,40.281118,-3.998355,-12.783568,63.205065,-0.029515,-3.512192,0.682253,0.14498,-1.535675
05-01-26,26.780001,26.809999,26.76,26.799999,132200,26.863,26.8615,26.98113,0.003803,-0.00412,0.003068,FALSE,FALSE,-0.11963,-0.004725,-15.384418,22.692487,44.612741,1.940301,-0.017475,-0.012525,-0.960829,-1.069847,0.642588,36.000061,-0.186224,0.205225,5.750073,0.182085,0.145423,0.470043,0.362071,-3.254738,-1.729847,0.900606,7048241,9.165979,-1943778021.858039,0.017208,40.196193,-3.838522,-11.956151,63.169846,-0.030214,-3.618328,0.685597,0.145423,-1.09565
05-04-26,26.790001,26.790001,26.709999,26.719999,136700,26.857,26.8547,26.981373,0.003845,-0.004203,0.003043,FALSE,FALSE,-0.126673,-0.004614,-33.33311,23.922266,38.378263,2.989677,-0.025316,-0.016293,-1.438588,-1.256092,0.342162,4.000092,-0.447097,0.213859,6.570288,0.185534,0.154269,0.491528,0.421716,-3.619909,-1.729847,0.920539,6971041,33.365854,-1936060321.200027,-0.029014,31.894832,-5.518941,-10.137691,63.952903,-0.030409,-3.648705,0.70109,0.154269,-2.085153
05-05-26,26.74,26.76,26.73,26.74,139800,26.8535,26.8497,26.981417,0.003666,-0.004279,0.003018,FALSE,FALSE,-0.131718,-0.00443,-26.315472,25.064204,40.612709,-1.82962,-0.029575,-0.016442,-1.401184,-1.145745,0.417271,12.000275,-0.261095,0.2137,7.005843,0.185819,0.15324,0.482441,0.463413,-3.560235,-1.729847,0.948922,7110841,-14.390692,-1936106921.200027,-0.063534,39.553734,-3.606005,-11.667445,64.181425,-0.027885,-3.311294,0.69458,0.15324,-1.620078
05-06-26,26.82,26.83,26.799999,26.82,109400,26.851,26.8469,26.982011,0.003323,-0.004344,0.002992,FALSE,FALSE,-0.135111,-0.004074,-9.374842,24.548005,48.635623,4.022882,-0.026193,-0.010448,-1.215469,-0.740195,0.494202,44.000244,-0.186085,0.226379,7.033023,0.190349,0.157248,0.487709,0.474743,-3.110841,-1.729847,0.808096,7170341,-68.590296,-1928503634.340075,-0.029948,46.447713,-4.543292,-11.81133,64.342341,-0.024192,-2.818798,0.698362,0.157248,-0.44078
05-07-26,26.85,26.85,26.780001,26.790001,86000,26.8475,26.8431,26.982256,0.002829,-0.004402,0.002967,FALSE,FALSE,-0.139156,-0.003748,-24.59,23.679011,46.119555,7.741292,-0.025638,-0.007914,-1.325962,-0.887804,0.381797,32.000732,-0.260609,0.226632,7.158923,0.190683,0.157919,0.492164,0.497519,-3.260588,-1.729847,0.644243,7119141,-30.533118,-1922778197.693357,-0.060006,41.155485,-2.650326,-12.315758,65.138002,-0.025549,-2.984659,0.701544,0.157919,-0.803179
05-08-26,26.870001,26.870001,26.84,26.85,144200,26.847,26.8409,26.982502,0.00223,-0.004449,0.002941,TRUE,FALSE,-0.141602,-0.003422,-13.432819,22.490881,51.521449,10.90874,-0.020125,-0.001921,-1.141382,-0.629164,0.90517,60.869745,-0.037231,0.239427,7.153222,0.190788,0.159108,0.504377,0.505467,-2.590944,-1.729847,1.11446,7263341,-36.251105,-1922826264.360024,-0.036779,41.758441,-2.743818,-12.963768,64.814687,-0.019942,-2.356877,0.710195,0.159108,0.041947
05-11-26,26.84,26.84,26.799999,26.809999,139600,26.8435,26.8391,26.982598,0.001518,-0.004489,0.002915,FALSE,FALSE,-0.143498,-0.003147,-12.121168,22.003726,48.061873,-0.57375,-0.018767,-0.00045,-1.324993,-0.813915,0.942041,43.478153,-0.260416,0.239785,7.154512,0.191553,0.16048,0.504745,0.519297,-2.786357,-1.729847,1.076704,7304941,3.946389,-1915230943.823659,-0.089515,41.721709,-2.313498,-12.380669,65.288697,-0.020624,-2.428631,0.710454,0.16048,-0.468241
05-12-26,26.780001,26.780001,26.76,26.77,114200,26.8365,26.8375,26.982444,0.000783,-0.004518,0.002888,FALSE,FALSE,-0.144944,-0.002887,-18.840443,22.09859,44.820873,-1.298681,-0.02068,-0.001891,-1.472211,-0.998522,0.746396,26.087389,-0.52025,0.245479,7.154509,0.19191,0.159357,0.490274,0.544553,-3.088612,-1.729847,0.893584,7190741,-24.52082,-1915230943.823659,-0.130277,39.168258,-3.192507,-13.916968,64.931878,-0.023241,-2.692667,0.700196,0.159357,-0.929476
05-13-26,26.790001,26.790001,26.76,26.790001,55600,26.8315,26.8364,26.98244,0.000061,-0.004537,0.002862,FALSE,FALSE,-0.14604,-0.002541,-15.492753,21.976343,46.754345,-4.767104,-0.020348,-0.001247,-1.143909,-1.034351,0.746615,34.783186,-0.37188,0.239963,7.110233,0.191918,0.15796,0.484657,0.563122,-3.087141,-1.729847,0.447395,7194641,-55.90801,-1905259265.662301,-0.128511,43.461198,-2.218522,-12.232202,65.58872,-0.022745,-2.62075,0.696173,0.15796,-0.583652
05-14-26,26.83,26.83,26.790001,26.790001,185000,26.827,26.835,26.982336,-0.000693,-0.004544,0.002835,FALSE,FALSE,-0.147336,-0.002278,-22.388,21.060919,46.754345,-1.307528,-0.019855,-0.000604,-1.143909,-1.107417,0.671683,50.000596,-0.334815,0.239963,7.071823,0.190135,0.160362,0.513159,0.272053,-2.808473,-1.729847,1.459681,7262341,36.33014,-1902192855.505579,-0.198994,44.632283,-2.514049,-11.995675,65.034758,-0.019665,-2.353073,0.716351,0.160362,-0.523191
05-15-26,26.75,26.75,26.709999,26.719999,115900,26.816,26.8322,26.981833,-0.001513,-0.004544,0.002808,FALSE,FALSE,-0.149633,-0.002147,-18.750093,21.29621,40.932405,-3.888468,-0.024828,-0.004461,-1.474932,-1.438588,0.334006,6.250075,-0.816634,0.232572,6.931253,0.192596,0.173091,0.550988,0.301096,-3.030077,-1.729847,0.907312,7080141,20.855057,-1895866984.744565,-0.232631,46.501591,-1.055186,-10.073562,65.252199,-0.025316,-3.114053,0.742286,0.173091,-1.385041
05-19-26,26.719999,26.75,26.700001,26.73,162700,26.8055,26.828,26.981479,-0.002311,-0.004536,0.002781,FALSE,FALSE,-0.153479,-0.001981,-12.903196,21.633657,42.042705,-4.71164,-0.027643,-0.00582,-1.510685,-1.438058,0.297015,17.646333,-0.779514,0.235157,6.533123,0.192725,0.174047,0.553465,0.321467,-2.976664,-1.729847,1.255595,7215341,29.229547,-1887460497.106379,-0.200582,56.746548,-1.973367,-9.486516,65.175253,-0.023882,-2.943724,0.743952,0.174047,-1.155655
05-20-26,26.76,26.860001,26.76,26.84,215200,26.803,26.8256,26.981575,-0.002982,-0.004517,0.002753,TRUE,FALSE,-0.155975,-0.001735,18.750093,20.092115,52.597749,5.843404,-0.020758,0.000851,-0.886262,-0.995944,0.672368,82.352545,-0.18594,0.242177,6.283661,0.198022,0.178358,0.563314,0.294441,-2.001584,-1.729847,1.612468,7225641,56.395349,-1879383070.710051,-0.094826,67.000058,-1.925016,-10.334473,63.48401,-0.018836,-2.285039,0.750542,0.178358,0.588832
05-21-26,26.75,26.809999,26.74,26.790001,310900,26.7975,26.8222,26.981472,-0.003627,-0.004488,0.002725,FALSE,FALSE,-0.159272,-0.001613,1.58734,18.931487,48.292625,7.36022,-0.019116,0.001995,-0.997777,-1.180375,0.373067,52.941242,-0.408917,0.253294,5.856863,0.198914,0.185381,0.564148,0.292245,-2.092542,-1.729847,2.137945,6914741,333.612273,-1879249815.750923,-0.016557,55.898202,-4.171092,-10.420093,63.190843,-0.026177,-3.164401,0.751098,0.185381,-0.12804
05-22-26,26.809999,26.809999,26.76,26.77,162500,26.791,26.8194,26.981318,-0.004246,-0.00445,0.002698,FALSE,FALSE,-0.161918,-0.001481,-4.761703,17.853761,46.647832,4.605126,-0.019207,0.001523,-1.071689,-1.035116,0.335338,41.176273,-0.483268,0.253483,5.359717,0.19877,0.185074,0.561884,0.298783,-2.292177,-1.729847,1.098158,6804241,45.870736,-1873168689.022614,-0.041687,52.853357,-3.823613,-11.426417,63.101441,-0.027847,-3.359925,0.749589,0.185074,-0.391805
05-25-26,26.84,26.85,26.82,26.85,85200,26.7865,26.8182,26.981614,-0.004649,-0.0044,0.00267,TRUE,FALSE,-0.163414,-0.00124,20.635055,16.918333,53.473774,0.876024,-0.012678,0.006441,-0.518708,-0.77605,0.672512,88.23503,-0.334076,0.250067,4.319806,0.202615,0.188586,0.571654,0.269308,-1.761647,-1.729847,0.58787,6933041,-41.683778,-1870336993.545775,-0.063573,58.88217,-5.003929,-12.189093,63.423591,-0.024241,-2.901888,0.756078,0.188586,1.469981
05-26-26,26.84,26.85,26.82,26.83,109300,26.786,26.8172,26.98171,-0.004832,-0.004339,0.002641,TRUE,FALSE,-0.16451,-0.001127,14.285714,16.049722,51.693125,3.4005,-0.009014,0.008085,-0.482193,-0.996312,0.560219,76.47006,-0.037259,0.247591,4.259994,0.200834,0.185438,0.568585,0.246848,-1.582215,-1.729847,0.775617,6839341,-42.3219,-1863778737.174279,-0.078309,52.237161,-5.888159,-11.219403,64.043468,-0.020454,-2.461441,0.754046,0.185438,1.032862
05-27-26,26.870001,26.870001,26.82,26.82,193900,26.7865,26.8188,26.981757,-0.004848,-0.004269,0.002613,TRUE,FALSE,-0.162957,-0.001111,0,15.554931,50.782568,4.134736,-0.006838,0.008209,-0.593031,-0.923532,0.522738,70.587575,0.0373,0.237031,4.295368,0.199467,0.183616,0.560963,0.246848,-1.39596,-1.729847,1.377033,6645441,-1.121877,-1863972637.174279,-0.147222,54.34672,-5.091588,-9.453321,64.335649,-0.018465,-2.217798,0.748975,0.183616,0.779901
05-28-26,26.83,26.860001,26.809999,26.85,160700,26.793,26.821,26.982102,-0.004728,-0.00419,0.002585,TRUE,FALSE,-0.161102,-0.001053,10.714128,14.907768,53.432663,-0.041111,-0.002662,0.009908,-0.408007,-0.334076,0.89715,88.23503,0.486531,0.231446,4.219022,0.199989,0.183382,0.556567,0.239515,-1.219687,-1.729847,1.141052,6736141,0.31211,-1860131548.798257,-0.068728,60.380365,-4.73345,-9.446535,63.456473,-0.016329,-1.94642,0.746034,0.183382,1.35103
05-29-26,26.9,26.91,26.879999,26.91,84700,26.7995,26.8228,26.982549,-0.004435,-0.004099,0.002557,TRUE,FALSE,-0.159749,-0.000872,10.714128,15.073491,58.271851,6.578726,0.005427,0.014397,0.037176,-0.185457,1.085021,100,0.485434,0.225621,4.946835,0.201937,0.188777,0.570734,0.430053,-0.988364,-1.729847,0.595703,6747041,46.793761,-1857741395.545379,-0.058581,59.16148,-5.110647,-10.391305,63.024106,-0.017497,-2.099399,0.75547,0.188777,2.233747
06-01-26,26.85,26.889999,26.85,26.889999,149900,26.804,26.8242,26.982945,-0.004017,-0.003999,0.002528,TRUE,FALSE,-0.158745,-0.000726,14.814723,14.649214,56.176192,5.393624,0.010106,0.015261,0.148972,-0.111444,0.972359,90.475931,0.335821,0.228445,5.344949,0.202185,0.188626,0.568342,0.418899,-1.084408,-1.729847,1.047739,6671741,13.388805,-1850930492.503759,-0.033552,58.837569,-5.951383,-10.390604,63.723343,-0.019338,-2.31091,0.753885,0.188626,1.608983
06-02-26,26.889999,26.91,26.879999,26.889999,161600,26.8125,26.827,26.983242,-0.003485,-0.00389,0.0025,TRUE,FALSE,-0.156242,-0.000446,23.999603,14.561813,56.176192,2.743529,0.013658,0.01505,0.167629,-0.259643,0.972359,90.475931,0.636228,0.223132,5.290252,0.198421,0.178787,0.534567,0.395649,-1.502118,-1.729847,1.119773,6671741,18.215069,-1850984359.170426,-0.016404,65.558417,-7.348508,-11.146479,62.884228,-0.023601,-2.767644,0.731141,0.178787,1.464945
06-03-26,26.879999,26.9,26.870001,26.9,117100,26.8205,26.83,26.983589,-0.002826,-0.003772,0.002471,TRUE,FALSE,-0.153588,-0.000113,22.448551,14.279743,57.071448,-1.200403,0.017082,0.01478,0.148917,-0.259547,0.972391,95.237965,0.598354,0.223049,5.345669,0.198235,0.173345,0.515734,0.377403,-1.552973,-1.729847,0.817852,6836341,-16.237482,-1838125221.151494,0.040632,60.876174,-7.167641,-9.639887,63.62339,-0.020472,-2.355807,0.718146,0.173345,1.487177
06-04-26,26.9,26.92,26.889999,26.889999,92700,26.824,26.8308,26.983885,-0.002107,-0.003646,0.002443,TRUE,FALSE,-0.153085,0.000206,19.999542,14.341611,55.842906,-0.333286,0.018773,0.013176,0.111686,-0.333581,1.009891,86.363282,0.260998,0.220476,5.566802,0.198282,0.166579,0.492572,0.358642,-1.60221,-1.729847,0.651235,6743641,-15.265082,-1838217921.151494,-0.004501,59.041874,-8.588519,-11.361413,62.790175,-0.024009,-2.698445,0.701835,0.166579,1.185588
06-05-26,26.82,26.860001,26.809999,26.84,143300,26.8265,26.8306,26.983633,-0.001367,-0.003515,0.002414,TRUE,FALSE,-0.153033,0.000363,25.000099,13.709923,50.042622,-6.13357,0.015895,0.008239,-0.371197,-0.629397,0.859571,63.636285,0.186634,0.220886,5.518138,0.198289,0.164248,0.488443,0.312807,-1.602794,-1.729847,0.986847,6526641,66.627907,-1827078989.101647,0.026608,58.213582,-5.716127,-9.632605,63.576181,-0.023157,-2.592033,0.698887,0.164248,0.24465
06-08-26,26.889999,26.889999,26.84,26.84,165500,26.826,26.8334,26.98353,-0.000611,-0.003382,0.002385,TRUE,FALSE,-0.15013,0.000524,23.404324,12.846676,50.042622,-7.028826,0.013459,0.004642,-0.4451,-0.666174,0.784611,55.555673,-0.037245,0.220886,5.500224,0.198289,0.164253,0.488534,0.265938,-1.602794,-1.729847,1.131431,6477141,14.771151,-1821820245.00857,-0.013727,58.288949,-5.841008,-10.750385,63.114959,-0.023858,-2.670678,0.698952,0.164253,0.254537
06-09-26,26.860001,26.879999,26.84,26.870001,123112,26.829,26.8368,26.983427,0.000165,-0.003242,0.002356,TRUE,FALSE,-0.146627,0.000687,7.692458,12.045089,53.41014,-2.432767,0.01379,0.003979,-0.333821,-0.481478,0.822331,72.222693,0.223802,0.196714,5.571532,0.198336,0.16651,0.48422,0.259746,-1.304593,-1.729847,0.846418,6658253,-11.810888,-1816037339.728977,0.031353,56.271599,-5.709059,-10.544099,63.838313,-0.023389,-2.606588,0.695859,0.16651,0.735897
06-10-26,26.870001,26.889999,26.860001,26.879999,66498,26.8345,26.839,26.983225,0.00093,-0.003095,0.002328,TRUE,FALSE,-0.144225,0.00063,25.713756,11.479501,54.510666,4.468044,0.01469,0.003903,-0.111485,-0.51814,0.859847,74.999404,0.410903,0.178039,5.500942,0.186233,0.153417,0.432477,0.232706,-0.596582,-1.729847,0.464808,6724751,-41.770578,-1816015176.547644,0.039621,68.579155,-6.80059,-9.196098,64.176845,-0.015324,-1.73393,0.65763,0.153417,0.827115
06-11-26,26.889999,26.940001,26.879999,26.940001,204100,26.842,26.8412,26.983073,0.001727,-0.00294,0.002299,TRUE,FALSE,-0.141873,0.000664,43.589618,11.779295,60.535371,10.492748,0.020014,0.007382,0.111485,-0.259162,0.972507,100,0.559909,0.180295,5.872321,0.188271,0.15423,0.444553,0.282696,-0.276437,-1.729847,1.356232,6986751,267.086331,-1812695373.826383,0.087005,72.038039,-8.071096,-9.545177,62.691673,-0.01533,-1.734398,0.666748,0.15423,1.668855
06-12-26,26.940001,26.940001,26.91,26.940001,92000,26.8495,26.8436,26.982672,0.002544,-0.002777,0.00227,TRUE,FALSE,-0.139072,0.000821,29.032179,12.057675,60.535371,7.125231,0.023957,0.00906,0.223219,-0.296077,0.785588,100,0.559909,0.167038,6.125662,0.184476,0.151422,0.419328,0.268226,-0.711202,-1.729847,0.630826,6986751,-50.27027,-1808297008.868727,0.184746,72.14452,-9.836329,-9.727244,62.42452,-0.016902,-1.908694,0.647555,0.151422,1.4774
06-15-26,26.99,26.99,26.950001,26.950001,422088,26.861,26.8456,26.982371,0.003317,-0.002608,0.002242,TRUE,FALSE,-0.136771,0.000989,40.000127,13.054506,61.520457,7.009791,0.027572,0.010139,0.785344,-0.332841,0.860338,77.778366,0.860784,0.172277,5.711486,0.184513,0.150776,0.418434,0.276078,-0.657835,-1.729847,2.619226,7452439,264.182916,-1802169517.238744,0.054214,81.17287,-11.933672,-10.315955,62.140592,-0.017927,-2.022486,0.646865,0.150776,1.558276
06-16-26,26.959999,26.98,26.950001,26.959999,97500,26.8725,26.848,26.98212,0.004022,-0.002431,0.002213,TRUE,FALSE,-0.13412,0.001047,46.666582,13.980136,62.527574,1.992203,0.030887,0.010763,0.822735,-0.332718,1.006535,83.33298,0.860455,0.166913,5.230212,0.181123,0.149893,0.429167,0.275257,-0.234701,-1.729847,0.617519,7502139,-40.073755,-1798212304.289247,0.034735,75.610317,-12.242376,-10.700116,61.984596,-0.013467,-1.562174,0.655109,0.149893,1.672954
06-17-26,26.969999,26.98,26.91,26.93,216900,26.877,26.8504,26.98157,0.00465,-0.002249,0.002185,TRUE,FALSE,-0.13117,0.001044,26.666879,13.920438,57.652002,-2.883368,0.030739,0.008493,0.410144,-0.517175,0.781745,66.66702,0.335321,0.172404,5.322235,0.181828,0.150079,0.433668,0.25448,-0.395699,-1.729847,1.373003,7353039,0.789963,-1790391024.321449,-0.03557,66.098028,-10.004312,-10.417747,61.260602,-0.013823,-1.603606,0.658535,0.150079,0.995827
06-18-26,26.950001,26.969999,26.940001,26.959999,179300,26.8855,26.8522,26.981219,0.005202,-0.002062,0.002157,TRUE,FALSE,-0.129019,0.00125,18.518466,13.865005,60.932601,-0.587856,0.032666,0.008336,0.521996,-0.074131,0.856554,83.33298,0.634558,0.166913,5.216108,0.176025,0.141093,0.398921,0.249607,-0.803205,-1.729847,1.18432,7532339,-42.328723,-1790331265.254816,-0.061389,67.540176,-9.42487,-9.625165,61.589667,-0.012697,-1.476908,0.631602,0.141093,1.428251
06-19-26,26.950001,26.959999,26.940001,26.959999,99000,26.895,26.8542,26.980768,0.005655,-0.001872,0.002129,TRUE,FALSE,-0.126568,0.00145,28.000305,13.813531,60.932601,-1.594973,0.033803,0.007578,0.785043,-0.037079,0.707032,83.33298,0.709745,0.156315,4.707206,0.176025,0.140398,0.39713,0.239767,-0.803205,-1.729847,0.667927,7555039,-39.076923,-1788889329.327449,0.003582,69.105486,-8.753945,-9.762552,61.305761,-0.011831,-1.374139,0.630183,0.140398,1.380845
06-22-26,26.940001,26.950001,26.91,26.92,124900,26.8985,26.8554,26.980068,0.00593,-0.001679,0.002101,TRUE,FALSE,-0.124668,0.001324,10.345236,13.060116,54.414114,-3.237888,0.031118,0.003915,0.635514,-0.148364,0.819192,61.111347,0.260706,0.161853,4.614328,0.161008,0.122791,0.343883,0.232906,-0.203905,-1.729847,0.831531,7499739,46.596244,-1783230762.396142,-0.045615,62.752484,-9.49833,-9.86265,61.617004,-0.006408,-0.780027,0.586416,0.122791,0.465944
06-23-26,26.950001,26.959999,26.940001,26.959999,120500,26.905,26.857,26.979617,0.006122,-0.001485,0.002073,TRUE,FALSE,-0.122618,0.001251,18.750186,12.570457,59.123414,-1.809187,0.031851,0.003718,0.409679,-0.148152,1.006535,83.33298,0.484529,0.164263,4.513125,0.161932,0.122788,0.339614,0.225183,0.040026,-1.729847,0.799258,7620239,10.247027,-1783110262.396142,0.0066,68.262547,-8.505782,-8.972296,61.613477,-0.004291,-0.517613,0.582764,0.122788,1.218651
06-24-26,26.98,27.01,26.969999,26.99,263600,26.9135,26.8586,26.979267,0.006264,-0.001287,0.002045,TRUE,TRUE,-0.120667,0.001331,29.412359,13.057918,62.271605,1.339004,0.034455,0.005058,0.521413,0.037065,1.043804,89.999809,0.633856,0.169373,4.428065,0.159197,0.121216,0.34491,0.297396,-0.21006,-1.729847,1.708915,7649039,35.946364,-1778585732.946739,0.069303,70.611412,-8.016459,-7.957094,60.481139,-0.005713,-0.703861,0.58729,0.121216,1.727616
06-25-26,26.92,26.940001,26.9,26.9,103800,26.916,26.8588,26.978367,0.006353,-0.001092,0.002017,TRUE,FALSE,-0.119567,0.001354,15.789527,12.231677,49.864406,-4.549708,0.028924,-0.000379,0.749059,-0.407259,0.744288,35.293788,0.186217,0.172595,4.185175,0.162939,0.122228,0.290996,0.272626,-1.110625,-1.729847,0.685579,7545239,-35.407592,-1778689532.946739,0.004485,71.821633,-9.580379,-9.714477,60.082053,-0.011164,-1.291721,0.53944,0.122228,-0.382306
06-26-26,26.91,26.92,26.9,26.92,118400,26.9165,26.8596,26.977567,0.006368,-0.000901,0.001989,TRUE,FALSE,-0.117967,0.001388,20.000191,11.464453,52.146225,-6.977189,0.025855,-0.002758,0.823967,-0.33321,0.856677,47.058758,0.037162,0.164507,4.183603,0.163092,0.123157,0.293688,0.238888,-0.928506,-1.729847,0.773402,7617339,39.787485,-1766356771.682156,0.015442,69.622024,-9.635212,-8.763931,60.261563,-0.00864,-1.000611,0.541929,0.123157,0.083666
06-29-26,26.940001,26.940001,26.92,26.940001,70500,26.919,26.8596,26.976817,0.006313,-0.000715,0.001961,TRUE,FALSE,-0.117217,0.001501,17.948843,10.936285,54.382137,-7.889467,0.024752,-0.003089,0.635039,-0.296077,0.819169,53.333418,0.185947,0.159083,4.16627,0.162752,0.12017,0.281766,0.21307,-0.991511,-1.729847,0.472774,7728639,-52.968646,-1755943479.537703,-0.01077,68.851579,-9.3076,-7.616688,61.503469,-0.007058,-0.812333,0.530817,0.12017,0.504064
06-30-26,26.93,26.940001,26.92,26.93,228400,26.921,26.8594,26.976017,0.006248,-0.000533,0.001934,TRUE,FALSE,-0.116617,0.001575,12.820889,10.445843,53.047515,3.183109,0.022808,-0.004026,0.372719,-0.333087,0.856645,38.462103,0.148758,0.15649,4.115427,0.162751,0.120383,0.282632,0.192521,-0.991312,-1.729847,1.498099,7500239,41.336634,-1755943479.537703,0.007132,60.851603,-7.228527,-7.201903,61.409437,-0.006857,-0.789712,0.531631,0.120383,0.218699
07-02-26,26.889999,26.91,26.879999,26.9,118600,26.921,26.8596,26.975167,0.006146,-0.00036,0.001906,TRUE,FALSE,-0.115567,0.001544,-11.111464,10.247175,49.150469,-2.995756,0.018632,-0.006562,0.298285,-0.444119,0.931816,15.384841,0,0.154009,4.115427,0.162747,0.120163,0.281733,0.206289,-0.990733,-1.729847,0.777527,7610239,1.280956,-1751135521.970187,-0.018297,53.746183,-7.080797,-7.535445,61.637225,-0.006917,-0.796147,0.530786,0.120163,-0.510282
07-03-26,26.940001,26.940001,26.9,26.9,82400,26.9215,26.8596,26.974367,0.005955,-0.000195,0.001878,TRUE,FALSE,-0.114767,0.00161,-11.111464,9.609687,49.150469,-5.231668,0.015148,-0.008037,0.186217,-0.554527,0.96942,15.384841,0.037189,0.156664,4.081717,0.160208,0.115615,0.262015,0.219195,-1.376026,-1.729847,0.542034,7610239,-11.111111,-1751217921.970187,-0.014972,53.5365,-7.319433,-8.281707,61.248163,-0.009184,-1.059367,0.511874,0.115615,-0.526747
07-06-26,26.93,26.959999,26.92,26.959999,110800,26.9275,26.8608,26.973667,0.005743,-0.000037,0.00185,TRUE,FALSE,-0.112867,0.001756,2.438639,9.416211,56.553519,3.506004,0.017032,-0.004922,0.44709,-0.369551,1.383424,61.537897,0.44709,0.158965,3.68316,0.162634,0.115418,0.250335,0.217624,-0.932103,-1.729847,0.736727,7603539,-22.679693,-1739064376.133671,0.012175,45.565462,-6.815932,-7.742728,61.055022,-0.005801,-0.653973,0.500335,0.115418,0.882373
07-07-26,26.93,26.93,26.879999,26.879999,113500,26.9295,26.8596,26.972467,0.0054,0.000114,0.001822,TRUE,FALSE,-0.112867,0.001765,-16.666733,9.07962,46.775162,-2.375307,0.011932,-0.008018,0.261095,-0.628466,0.93193,0,0.149028,0.172725,3.26826,0.167275,0.111496,0.219978,0.241542,-1.375582,-1.729847,0.767956,7490039,-31.41994,-1739177876.133671,0.029981,45.174197,-7.333588,-8.687681,60.549557,-0.01012,-1.087446,0.469018,0.111496,-1.514588
07-08-26,26.85,26.85,26.82,26.84,57400,26.928,26.8596,26.971167,0.004927,0.000256,0.001794,FALSE,FALSE,-0.111567,0.001741,-18.367458,9.782619,42.791285,-6.359184,0.004609,-0.012272,-0.111651,-0.849647,0.856896,10.526527,-0.111651,0.170321,3.607007,0.168103,0.112244,0.227385,0.277263,-1.720193,-1.729847,0.397206,7381639,-53.375788,-1732278969.197438,0.015981,49.488251,-5.474941,-7.858897,61.049403,-0.011118,-1.194446,0.476849,0.112244,-2.439686
07-09-26,26.860001,26.9,26.85,26.889999,73600,26.9285,26.8612,26.970017,0.004399,0.000389,0.001765,TRUE,FALSE,-0.108817,0.001852,-13.725476,9.43237,48.675812,-7.877707,0.002808,-0.011259,0.111686,-0.591497,0.96948,36.841841,0.037203,0.175317,3.543335,0.169234,0.113717,0.231056,0.292912,-1.591953,-1.729847,0.508061,7468239,10.68002,-1724878826.422017,0.023534,46.071138,-6.519719,-9.890911,61.288564,-0.010156,-1.086419,0.480682,0.113717,-1.086559
07-10-26,26.889999,26.889999,26.870001,26.870001,86800,26.925,26.8642,26.968767,0.003798,0.00051,0.001737,TRUE,FALSE,-0.104567,0.001897,-16.980901,9.10714,46.610649,-0.164513,-0.00023,-0.011438,0.037231,-0.628698,0.781745,26.316318,-0.259836,0.175448,3.762683,0.169234,0.112837,0.228407,0.314698,-1.592025,-1.729847,0.624463,7381439,-57.471828,-1724965626.422017,-0.080114,46.440315,-6.450237,-10.103034,60.929154,-0.010417,-1.112377,0.47792,0.112837,-1.461696
