Date,Open,High,Low,Close,Volume,SMA20,SMA50,SMA200,SMA20_Slp,SMA50_Slp,SMA200_Slp,>MA50,>MA200,GoldenX,LinReg_Slp,Chande,ADX14,RSI14,RSI_D3,MACD_Line,MACD_Hist,RET_3M_pct,RET_6M_pct,RET_12M_pct,StochK14,ROC20_pct,ATR_pct,StdDev20,Vol60,Beta60,R2_60,Ulcer14,Sharpe60,MaxDD_6M_pct,Vol_vs_Avg,OBV,VolROC20,AD_Line,CMF20,MFI14,RS_3M,RS_6M,RS_Bench,Alpha60,InfoRatio,Corr60,Beta,ZScore
07-08-24,27.639999,27.709999,27.6,26.542725,60200,26.57028,26.290058,25.849455,0.021657,0.004903,0.002412,TRUE,TRUE,0.440603,0.016961,-17.554843,15.784814,54.217687,9.919167,0.029796,-0.039962,2.129051,0.825819,5.290789,-121.658556,0.385165,4.459724,16.717694,0.363721,0.113242,0.039283,1.108154,1.349194,-3.067352,0.461002,11055500,-16.735823,-3905885774.530422,-29.925905,47.866796,2.556399,-4.348934,85.811286,0.045911,2.044345,0.198198,0.113242,-0.164829
07-09-24,27.639999,27.68,27.6,26.504366,50600,26.575845,26.306332,25.858993,0.019838,0.005392,0.002467,TRUE,TRUE,0.447338,0.017011,-31.505296,15.575708,52.291733,9.6289,0.02879,-0.032775,1.572623,0.644036,5.605217,-127.299553,0.421678,4.413756,16.276188,0.360055,0.136273,0.056244,1.057927,0.904875,-3.067352,0.398645,11004900,-59.094584,-3907322353.444663,-29.425699,41.332216,2.707046,-4.737481,85.918779,0.033925,1.53963,0.237158,0.136273,-0.439163
07-10-24,27.690001,27.690001,27.66,26.523542,172600,26.579978,26.320319,25.868208,0.01786,0.005882,0.002522,TRUE,TRUE,0.452112,0.016787,-26.744115,15.438184,53.187017,1.014132,0.029203,-0.025889,2.580692,1.006288,5.447648,-138.763973,0.312617,4.394381,16.018354,0.349501,0.109619,0.041317,0.907777,1.458724,-3.067352,1.314998,11177500,100.464576,-3920571491.126652,-32.393538,44.292863,1.486667,-5.857151,84.709425,0.041994,1.948048,0.203267,0.109619,-0.352317
07-11-24,27.75,27.83,27.74,26.600256,100600,26.583165,26.33832,25.878545,0.015817,0.006375,0.002577,TRUE,TRUE,0.459776,0.016615,-12.264244,16.05463,56.688549,2.470862,0.035314,-0.015823,3.028985,1.153097,5.869825,-126.187952,0.240204,4.419849,15.990713,0.350498,0.112547,0.043382,0.915413,1.728586,-3.067352,0.780238,11278100,-31.564626,-3923220047.401818,-32.688772,53.32397,0.731679,-6.872359,84.355648,0.045529,2.10832,0.208283,0.112547,0.106881
07-12-24,27.790001,27.809999,27.75,26.648201,131200,26.580143,26.355755,25.889262,0.013661,0.006865,0.002631,TRUE,TRUE,0.466493,0.016588,-6.043269,16.627045,58.764508,6.472775,0.043523,-0.006091,2.722807,1.226484,5.398737,-126.631621,-0.226294,4.397945,15.79704,0.34987,0.113864,0.045025,0.918037,1.672585,-3.067352,1.035231,11409300,-25.114155,-3928169824.634231,-33.589729,49.808419,-1.104065,-7.196389,84.014201,0.043186,2.005114,0.21219,0.113864,0.430828
07-15-24,27.799999,27.85,27.780001,26.648201,97700,26.574252,26.371091,25.900354,0.011406,0.007353,0.002686,TRUE,TRUE,0.470738,0.016386,-7.06728,17.367075,58.764508,5.577491,0.04946,-0.000124,3.366971,1.226484,4.898125,-150.375112,-0.440174,4.390022,15.278582,0.34697,0.115283,0.047014,0.790441,1.911164,-3.067352,0.801312,11409300,-49.613203,-3931426876.421697,-33.006404,56.13105,-1.549638,-7.271887,83.720876,0.04777,2.238847,0.216828,0.115283,0.484004
07-16-24,27.879999,27.92,27.84,26.753681,73200,26.576026,26.386439,25.911832,0.009223,0.007841,0.002741,TRUE,TRUE,0.474607,0.016388,7.272819,18.406551,63.257924,6.569376,0.061961,0.009902,3.852736,2.4346,5.583374,-112.058275,0.132774,4.418103,15.473843,0.349343,0.122366,0.053603,1.034643,2.058137,-3.067352,0.616733,11482500,-46.918057,-3933488042.032168,-33.21642,63.690038,-2.744046,-7.713786,83.181007,0.049786,2.325509,0.231523,0.122366,1.148101
07-17-24,27.85,27.950001,27.82,26.753681,113000,26.573496,26.399308,25.922703,0.007131,0.008321,0.002796,TRUE,TRUE,0.476605,0.016289,31.111013,19.518815,63.257924,4.493416,0.07105,0.015193,3.585073,3.029924,5.660785,-106.262024,-0.188733,4.467037,15.118372,0.348713,0.124661,0.056346,0.999273,2.145749,-3.067352,0.970332,11482500,-28.344959,-3935454780.522147,-32.657371,71.419966,-2.393075,-7.825653,83.590171,0.053247,2.495311,0.237372,0.124661,1.191827
07-18-24,27.92,27.969999,27.84,26.705736,175800,26.570004,26.410264,25.933521,0.005143,0.008792,0.002851,TRUE,TRUE,0.476743,0.016008,24.210491,20.651822,59.821515,1.057007,0.073536,0.014143,3.704891,3.182622,5.394159,-110.711061,-0.260847,4.491508,14.701946,0.349402,0.133721,0.064655,0.963794,2.089636,-3.067352,1.452532,11306700,108.540925,-3938698348.170371,-31.022367,67.375495,-1.465269,-6.782988,83.877225,0.053964,2.535068,0.254273,0.133721,0.923225
07-19-24,27.84,27.860001,27.799999,26.686558,105500,26.568422,26.422743,25.946067,0.003353,0.009258,0.002905,TRUE,TRUE,0.476676,0.015603,19.999916,21.280731,58.453615,-4.80431,0.073116,0.010979,3.439447,3.070947,5.010756,-113.907468,-0.118453,4.478529,14.550284,0.349284,0.132908,0.062587,0.93347,2.103289,-3.067352,0.908308,11201200,-48.055145,-3942719361.04468,-31.77034,59.551679,-1.004794,-5.974434,83.890191,0.052968,2.486394,0.250173,0.132908,0.811916
07-22-24,27.83,27.879999,27.76,26.629025,91800,26.564441,26.433691,25.957484,0.001743,0.009711,0.00296,TRUE,TRUE,0.476207,0.014872,46.15467,21.448572,54.432495,-8.825429,0.067364,0.004181,3.330696,2.66174,5.672057,-139.460015,-0.298093,4.554676,14.252327,0.345763,0.121882,0.05477,0.816426,2.271844,-3.067352,0.845615,11109400,-62.315271,-3944541569.303573,-32.090215,65.370985,-1.523169,-7.275119,83.056496,0.055399,2.616105,0.23403,0.121882,0.453144
07-23-24,27.809999,27.84,27.799999,26.676968,73600,26.562379,26.447505,25.968906,0.000412,0.01015,0.003014,TRUE,TRUE,0.478599,0.014293,45.455156,21.604425,57.082013,-2.739502,0.065915,0.002185,3.631454,2.921429,5.280624,-130.898737,-0.154347,4.534385,14.046505,0.344753,0.11658,0.050603,0.709054,2.188082,-3.067352,0.684047,11183000,-20.775027,-3948747831.062108,-32.617702,65.494023,-0.173499,-6.12526,83.519636,0.055358,2.616047,0.224951,0.11658,0.81578
07-24-24,27.889999,27.93,27.799999,26.676968,108000,26.562379,26.460556,25.980235,-0.000498,0.010568,0.003068,TRUE,TRUE,0.48032,0.013886,53.424232,22.322444,57.082013,-1.371601,0.064028,0.000239,3.72367,3.109037,5.940306,-200.706165,0,4.573043,14.046505,0.339585,0.115918,0.052617,0.553112,1.816501,-3.067352,1.017668,11183000,-21.39738,-3950721775.954857,-32.214398,70.345871,-0.102272,-5.109344,84.080359,0.048146,2.312336,0.229383,0.115918,0.81578
07-25-24,27.84,27.93,27.83,26.686558,78100,26.572447,26.473989,25.990349,-0.000868,0.010967,0.003122,TRUE,TRUE,0.48364,0.013236,37.037405,22.989176,57.653229,3.220734,0.062585,-0.000963,4.185906,2.980473,5.974514,-246.877094,0.760313,4.551602,14.185102,0.332267,0.09652,0.035941,0.49349,2.267395,-3.067352,0.747798,11261100,-30.143113,-3952585925.786057,-32.067959,70.385911,0.421451,-4.837459,84.135129,0.056018,2.725745,0.18958,0.09652,0.804438
07-26-24,27.879999,27.879999,27.84,26.780794,126300,26.587228,26.486065,26.000419,-0.000677,0.011342,0.003176,TRUE,TRUE,0.485645,0.012816,42.203408,23.608284,62.881197,5.799184,0.068258,0.003768,4.243315,3.608822,6.03523,-221.40773,1.116121,4.529775,14.756575,0.333016,0.103558,0.042214,0.527887,2.307001,-3.067352,1.18865,11387400,40.333333,-3959401277.590931,-32.813288,71.705169,-0.022471,-5.086087,83.699108,0.054963,2.677118,0.20546,0.103558,1.311729
07-29-24,27.93,27.950001,27.889999,26.857727,119300,26.604896,26.498725,26.011997,0.000017,0.011696,0.00323,TRUE,TRUE,0.486728,0.012643,58.63217,24.635396,66.515602,9.433589,0.078063,0.010858,4.002304,3.226601,7.288604,-258.798122,1.333219,4.525292,15.791369,0.331283,0.097248,0.037477,0.698483,2.223503,-3.067352,1.135055,11506700,-16.163036,-3963625486.637914,-33.900576,76.168852,-0.080423,-4.773698,84.036839,0.054459,2.659896,0.19359,0.097248,1.601072
07-30-24,28,28.059999,27.959999,26.95389,177200,26.6384,26.514644,26.023307,0.001136,0.01203,0.003285,TRUE,TRUE,0.491337,0.012752,63.317973,26.189426,70.414945,12.761715,0.092526,0.020257,4.87816,3.183602,6.957044,-245.659586,2.549388,4.513556,15.728798,0.330508,0.093798,0.034732,0.937918,2.190864,-3.067352,1.728106,11683900,-22.450766,-3967368324.174392,-33.436652,76.273968,-0.769567,-5.027562,84.069758,0.054392,2.659074,0.186365,0.093798,2.005812
07-31-24,28.059999,28.16,28.02,27.078897,136000,26.675277,26.532301,26.03585,0.002607,0.012348,0.00334,TRUE,TRUE,0.49645,0.013222,65.751537,28.080995,74.56205,11.680854,0.112775,0.032405,5.052714,3.250943,7.294616,-163.683603,2.799966,4.46625,16.993044,0.33023,0.091327,0.032168,1.290079,2.182076,-3.067352,1.284716,11819900,95.402299,-3969332760.795646,-32.742516,76.820749,-1.81386,-7.296536,83.471113,0.054744,2.674978,0.179354,0.091327,2.375209
08-01-24,28.209999,28.309999,28.16,27.213524,188500,26.720803,26.552726,26.049067,0.00436,0.012656,0.003396,TRUE,TRUE,0.503659,0.01394,69.395744,30.375355,78.119286,11.603684,0.138094,0.046179,5.14712,2.984359,8.46798,-99.359477,3.461683,4.449761,18.61402,0.334656,0.055316,0.012802,1.664502,2.401876,-2.914445,1.671025,12008400,280.040323,-3971900076.481721,-30.6258,77.660897,0.494746,-5.427412,85.273665,0.064167,3.063442,0.113147,0.055316,2.647039
08-02-24,28.440001,28.52,28.389999,27.396229,204800,26.765876,26.578336,26.063477,0.006473,0.012964,0.003452,TRUE,TRUE,0.514858,0.014737,75.002199,33.055844,81.832361,11.417416,0.170932,0.063214,5.425734,4.649597,9.399097,-47.864649,3.402395,4.447378,23.201557,0.338736,0.005703,0.000153,2.16639,3.182097,-2.914445,1.718121,12213200,166.319896,-3975235992.582545,-29.600532,79.064472,3.543686,-1.594343,87.65212,0.083709,3.923216,0.012388,0.005703,2.716854
08-06-24,28.43,28.43,28.24,27.16544,870200,26.797012,26.598756,26.077202,0.00881,0.01326,0.003509,TRUE,TRUE,0.521554,0.015114,36.677359,33.991177,66.484653,-8.077397,0.176301,0.054866,4.041275,4.561298,9.371633,-78.231637,2.346085,4.422574,24.205901,0.359226,0.037669,0.006149,2.08591,2.326244,-2.914445,5.448967,11343000,1345.51495,-3985949136.030821,-25.066801,51.49109,4.764121,-1.473862,87.929793,0.069143,3.064928,0.078414,0.037669,1.522057
08-07-24,28.17,28.209999,28.139999,27.117361,230400,26.827662,26.618597,26.090405,0.011331,0.013547,0.003566,TRUE,TRUE,0.528191,0.015191,31.064404,33.971358,63.80017,-14.319116,0.174663,0.042583,3.667801,3.884618,7.924552,-84.557759,2.312808,4.390441,24.186254,0.356174,0.035434,0.005527,2.008012,2.48631,-2.914445,1.365819,11112600,355.335968,-3992911447.355072,-25.368752,45.041826,4.656403,-1.59547,87.905916,0.072182,3.226048,0.074343,0.035434,1.197785
08-08-24,28.139999,28.17,28.110001,27.059662,256500,26.854468,26.63977,26.102525,0.013922,0.013822,0.003624,TRUE,TRUE,0.537245,0.015174,29.981435,33.697412,60.635907,-21.196453,0.166787,0.027765,3.82576,3.927144,7.575362,-92.149757,2.021297,4.356597,23.602147,0.357909,0.020704,0.002013,1.919941,2.208462,-2.914445,1.483645,10856100,48.609502,-4002148423.560686,-23.592831,43.69959,3.001061,-3.196108,86.319525,0.06531,2.899664,0.044862,0.020704,0.869387
08-09-24,28.280001,28.299999,28.27,27.203905,69500,26.88465,26.66574,26.115179,0.016582,0.014093,0.003682,TRUE,TRUE,0.550562,0.01532,39.626842,33.996973,65.272835,-1.211818,0.170221,0.02496,4.302869,4.976859,7.989011,-73.170389,2.269336,4.356097,24.035935,0.362674,0.025199,0.002914,1.800577,2.595051,-2.914445,0.40565,10925600,-30.914513,-4007157699.692426,-24.4959,46.806685,3.626633,-2.557787,86.447665,0.074555,3.26808,0.053983,0.025199,1.32824
08-12-24,28.280001,28.360001,28.25,27.251984,56300,26.914839,26.69076,26.128809,0.019172,0.014356,0.00374,TRUE,TRUE,0.561951,0.015754,48.064386,34.507114,66.68165,2.88148,0.174808,0.023637,4.870652,5.085685,8.621273,-76.113148,2.265754,4.338623,24.692612,0.355754,0.02497,0.002979,1.64369,2.31351,-2.914445,0.335949,10981900,-57.088415,-4008235599.858884,-23.888109,49.495741,3.630203,-2.363637,86.346324,0.067034,2.995666,0.054584,0.02497,1.365365
08-13-24,28.42,28.450001,28.389999,27.338533,99000,26.949356,26.714259,26.141888,0.021658,0.014607,0.003798,TRUE,TRUE,0.572372,0.016351,49.566641,35.308284,69.110988,8.475081,0.183314,0.025714,5.049517,5.496375,9.371924,-64.092368,2.59054,4.321502,25.578263,0.35692,0.030497,0.004517,1.487464,2.406353,-2.914445,0.590516,11080900,1.330604,-4011804358.203343,-23.971811,50.00164,2.556311,-2.760197,85.814787,0.068692,3.06211,0.067206,0.030497,1.521516
08-14-24,28.440001,28.52,28.440001,27.376991,86100,26.980521,26.735277,26.155017,0.024054,0.014849,0.003857,TRUE,TRUE,0.580259,0.016835,50.979123,36.289662,70.15239,4.879555,0.190957,0.026686,5.235858,6.265337,9.689095,-65.653377,2.329811,4.29676,26.83505,0.354468,0.037979,0.00707,1.311702,2.717971,-2.914445,0.511602,11167000,17.622951,-4014178587.822112,-23.972948,49.638325,2.086488,-5.24371,85.414089,0.075045,3.372746,0.084085,0.037979,1.477433
08-15-24,28.389999,28.41,28.33,27.309685,113600,27.008322,26.752079,26.168327,0.026199,0.015072,0.003915,TRUE,TRUE,0.583752,0.017207,43.548701,36.201146,65.961001,-0.720649,0.189399,0.020103,4.326992,5.3466,10.11743,-77.987524,2.078232,4.249802,27.238351,0.35677,0.025703,0.00334,1.117315,2.409994,-2.914445,0.674885,11053400,0.530973,-4017189885.66919,-24.278956,46.1465,-0.100679,-5.845415,84.086506,0.068439,3.050288,0.057793,0.025703,1.106393
08-16-24,28.42,28.43,28.360001,27.319294,97600,27.039,26.766587,26.181919,0.028073,0.015278,0.003974,TRUE,TRUE,0.584668,0.017525,40.000085,36.20272,66.27084,-2.840148,0.186787,0.013992,4.173954,5.345239,10.32177,-90.588007,2.297476,4.229188,27.105893,0.356628,0.024804,0.003096,0.945287,2.44789,-2.914445,0.59362,11151000,-44.482366,-4020189583.107882,-24.782178,45.620599,-0.281305,-4.231359,84.044209,0.069129,3.081907,0.055643,0.024804,1.034072
08-19-24,28.389999,28.440001,28.379999,27.338533,121200,27.071598,26.782054,26.194293,0.029682,0.015468,0.004032,TRUE,TRUE,0.58776,0.017683,37.313658,36.248047,66.920092,-3.232298,0.184147,0.009082,4.513327,5.419428,10.275123,-110.975743,2.443086,4.21354,26.559146,0.353432,0.018224,0.001681,0.787886,2.741382,-2.914445,0.733656,11272200,14.881517,-4024518208.475038,-24.75752,45.70075,0.557749,-4.269528,83.888292,0.075364,3.387865,0.041,0.018224,1.005059
08-20-24,28.51,28.540001,28.48,27.444305,97400,27.112362,26.802122,26.206633,0.031054,0.01564,0.00409,TRUE,TRUE,0.595488,0.017995,37.777673,36.714016,70.30435,4.343349,0.188417,0.010682,4.764943,5.251531,10.329052,-110.710487,3.061625,4.197091,25.649894,0.355672,0.014193,0.001008,0.801352,2.930192,-2.914445,0.588591,11369600,6.100218,-4027978085.097836,-25.210453,44.104136,1.193403,-4.065763,84.525111,0.080523,3.595759,0.031748,0.014193,1.29413
08-21-24,28.51,28.58,28.469999,27.415461,207500,27.149287,26.82257,26.217657,0.032097,0.015792,0.004148,TRUE,TRUE,0.604913,0.018155,28.000267,37.305702,68.253628,1.982787,0.187315,0.007663,4.670112,5.485239,10.543937,-147.774689,2.768279,4.183161,24.334011,0.355931,0.013037,0.000851,0.71856,2.904329,-2.914445,1.205169,11162100,181.929348,-4032164050.037495,-24.224254,45.635343,0.370018,-4.512736,84.172193,0.080024,3.570578,0.029164,0.013037,1.093833
08-22-24,28.459999,28.469999,28.379999,27.300062,193800,27.180442,26.839753,26.228854,0.032703,0.015931,0.004206,TRUE,TRUE,0.610899,0.017844,7.31657,36.963038,60.633632,-6.28646,0.175111,-0.003632,4.534838,4.850442,10.32702,-172.327577,2.335702,4.154646,21.828385,0.354543,0.008463,0.000359,0.696814,2.956669,-2.914445,1.098235,10968300,79.444444,-4037008770.751266,-24.448756,38.578474,-0.150361,-4.027813,84.032901,0.08124,3.638117,0.018938,0.008463,0.548004
08-23-24,28.469999,28.540001,28.43,27.425074,151000,27.217368,26.857524,26.240254,0.033066,0.016059,0.004263,TRUE,TRUE,0.617271,0.017503,2.563807,36.969257,65.170082,-5.134269,0.173526,-0.004174,4.898273,4.815191,9.677283,-145.729359,2.76737,4.118379,19.111336,0.352813,-0.005009,0.000119,0.695492,3.590381,-2.914445,0.838377,11119300,93.341869,-4039918735.968356,-24.244298,37.329885,-0.299232,-4.498741,83.607391,0.096285,4.332537,-0.010896,-0.005009,1.086821
08-26-24,28.52,28.52,28.450001,27.367376,108300,27.246697,26.870699,26.250849,0.033111,0.016174,0.00432,TRUE,TRUE,0.61985,0.017145,21.212145,36.975032,61.639546,-6.614081,0.165705,-0.009596,4.754246,4.86072,9.650572,-158.005397,2.190309,4.143023,16.362093,0.353131,-0.013823,0.000883,0.644649,3.152933,-2.914445,0.604319,11011000,-14.251781,-4043376999.897511,-23.429419,52.347222,-0.64634,-5.335622,83.196607,0.087544,3.93717,-0.029716,-0.013823,0.737556
08-27-24,28.33,28.4,28.299999,27.375088,81900,27.272565,26.882881,26.262656,0.032813,0.016273,0.004377,TRUE,TRUE,0.620225,0.017,28.271308,35.577842,61.936348,1.302716,0.158303,-0.013598,5.284736,5.19607,9.714302,-156.364669,1.926301,4.138741,13.773891,0.346021,-0.028288,0.003785,0.564574,2.761231,-2.914445,0.461825,11092900,-31.349539,-4044973899.153648,-22.93572,56.764479,-0.249009,-4.753257,83.561371,0.078525,3.609352,-0.061518,-0.028288,0.744329
08-28-24,28.360001,28.389999,28.299999,27.297951,94900,27.289768,26.894475,26.273889,0.032286,0.016355,0.004434,TRUE,TRUE,0.620586,0.016936,25.593372,34.280451,57.171235,-7.998847,0.144547,-0.021883,5.375642,4.785108,9.323378,-288.499841,1.27648,4.140564,11.553993,0.341512,-0.010483,0.000528,0.445813,2.098007,-2.914445,0.547842,10998000,-46.444695,-4047182004.502692,-23.037576,62.490923,-1.523197,-4.9967,83.659493,0.061971,2.881366,-0.022974,-0.010483,0.070824
08-29-24,28.26,28.26,28.219999,27.230453,114500,27.297346,26.902999,26.284597,0.03147,0.016418,0.00449,TRUE,TRUE,0.618402,0.01695,3.107579,32.393003,53.306532,-8.333014,0.126738,-0.031754,4.728472,4.222491,8.324431,-274.873373,0.559683,4.07783,10.551715,0.33778,-0.004297,0.00009,0.432796,1.500724,-2.914445,0.665118,10883500,-15.808824,-4052961524.672442,-24.289504,56.509716,-1.594943,-5.383777,83.072549,0.048272,2.268711,-0.00948,-0.004297,-0.633945
08-30-24,28.25,28.280001,28.17,27.191883,72600,27.296264,26.911325,26.294034,0.030422,0.016458,0.004545,TRUE,TRUE,0.617291,0.01707,-7.114152,30.240184,51.177555,-10.758792,0.108264,-0.040183,3.93036,3.586071,8.170996,-238.565208,-0.079522,4.055625,10.652806,0.334039,-0.013456,0.000898,0.461152,1.033359,-2.914445,0.436416,10810900,-61.485411,-4054325231.934198,-24.773874,52.535317,-1.857393,-5.641917,82.532,0.03905,1.856625,-0.02997,-0.013456,-0.97984
09-03-24,28.299999,28.370001,28.299999,27.355806,121200,27.294242,26.924077,26.304806,0.029191,0.016493,0.004601,TRUE,TRUE,0.619271,0.017377,1.873064,28.879868,58.722777,1.551542,0.105632,-0.034251,3.911226,4.588367,8.500895,-198.583909,-0.147547,4.026127,10.49027,0.341314,-0.028838,0.004068,0.457688,1.562249,-2.914445,0.747341,10932100,-40.820312,-4057715962.181331,-25.429311,53.163265,-1.6397,-3.914205,83.78888,0.051954,2.421319,-0.063781,-0.028838,0.586867
09-04-24,28.41,28.51,28.4,27.481157,174900,27.310028,26.939528,26.315642,0.027883,0.016532,0.004656,TRUE,TRUE,0.623886,0.017635,10.322979,28.459649,63.383002,10.07647,0.112366,-0.022014,3.821676,4.423975,8.877167,-168.010495,1.162204,4.000674,10.820305,0.338448,-0.046177,0.01032,0.565041,2.299519,-2.914445,1.372734,11107000,-79.901172,-4060812764.532558,-29.379024,55.546715,-2.301162,-3.913159,84.172821,0.069555,3.279346,-0.101589,-0.046177,1.581555
09-05-24,28.540001,28.559999,28.469999,27.519728,158600,27.330147,26.955558,26.326483,0.026575,0.01657,0.00471,TRUE,TRUE,0.629075,0.017817,21.425667,28.336894,64.703505,13.525949,0.119439,-0.011953,3.481396,4.457589,10.08815,-158.603076,1.483797,4.006963,10.790062,0.337033,-0.046095,0.010396,0.658398,2.561304,-2.914445,1.280892,11265600,-31.163194,-4064320538.338348,-28.835847,62.996118,-1.763814,-3.432444,84.459946,0.074607,3.532458,-0.101962,-0.046095,1.756997
09-06-24,28.540001,28.65,28.469999,27.548655,227400,27.354596,26.972992,26.337281,0.025284,0.016618,0.004765,TRUE,TRUE,0.635711,0.018064,22.944067,28.673659,65.702471,6.979695,0.125926,-0.004373,3.70203,4.605042,10.080584,-129.447107,1.807091,4.005337,9.836462,0.336751,-0.044044,0.009488,0.717388,2.503701,-2.914445,1.858375,11493000,-11.345029,-4066875865.477754,-26.448511,65.514873,-0.417988,-1.450308,85.207529,0.073174,3.465892,-0.097407,-0.044044,1.972847
09-09-24,28.559999,28.639999,28.52,27.616152,101500,27.375209,26.995611,26.348355,0.024012,0.016677,0.004819,TRUE,TRUE,0.647256,0.018523,26.492612,28.986369,67.979738,4.596736,0.134958,0.003728,4.44489,4.672884,10.144959,-115.385166,1.515395,3.987953,10.786017,0.335367,-0.037991,0.007405,0.895442,2.422,-2.634465,0.818779,11594500,46.043165,-4068506389.717192,-24.744359,65.172471,-1.917213,-2.923813,84.345248,0.071266,3.385911,-0.086055,-0.037991,2.233848
09-10-24,28.639999,28.73,28.629999,27.674009,172900,27.39631,27.019387,26.359672,0.02278,0.016749,0.004873,TRUE,TRUE,0.659716,0.019309,22.970522,29.711085,69.829003,5.125498,0.145112,0.011105,4.853308,5.194673,10.375719,-88.569862,1.548605,3.957,12.273951,0.32715,-0.017373,0.001548,1.059663,2.12769,-2.477859,1.332101,11767400,207.104796,-4071985089.965147,-24.55776,66.521804,-0.98434,-1.903021,84.78775,0.061921,3.006975,-0.039348,-0.017373,2.262511
09-11-24,28.66,28.75,28.639999,27.625793,103500,27.410673,27.041816,26.37103,0.021574,0.016832,0.004927,TRUE,TRUE,0.670786,0.020059,20.633709,30.47653,66.388048,0.685576,0.147567,0.010848,4.481355,5.201018,10.38882,-93.82874,1.050752,3.94847,13.207523,0.327878,-0.020726,0.002224,1.030877,1.809024,-2.477859,0.796031,11663900,4.545455,-4073997130.539429,-23.916618,59.122818,-3.167088,-2.423852,83.896513,0.056242,2.726019,-0.047156,-0.020726,1.628773
09-12-24,28.67,28.700001,28.629999,27.645082,142100,27.424077,27.069041,26.382249,0.020358,0.016924,0.004981,TRUE,TRUE,0.686793,0.020712,37.369952,31.073698,67.086792,-0.892946,0.149348,0.010103,4.17752,5.464936,10.424733,-90.503047,0.979257,3.950797,14.172865,0.326466,-0.022054,0.002594,0.965953,2.018198,-2.477859,1.069869,11806000,65.04065,-4078137900.766398,-24.077441,60.746162,-4.27119,-2.60659,83.083994,0.061017,2.970803,-0.050931,-0.022054,1.559353
09-13-24,28.719999,28.74,28.690001,27.674009,114200,27.442294,27.095695,26.393048,0.019174,0.017026,0.005035,TRUE,TRUE,0.702647,0.021507,30.094817,31.831431,68.155918,-1.673085,0.151349,0.009683,3.614442,6.189971,10.746649,-85.515658,1.334049,3.909236,14.94546,0.32468,-0.020712,0.002314,0.935558,1.852085,-2.477859,0.859616,11920200,0.528169,-4082893219.435811,-24.728391,59.960647,-6.562712,-2.929248,82.892001,0.057276,2.803646,-0.048104,-0.020712,1.550408
09-16-24,28.780001,28.82,28.75,27.770435,204600,27.464851,27.125043,26.403812,0.018145,0.017144,0.005089,TRUE,TRUE,0.721232,0.022363,46.547983,32.914389,71.481469,5.093421,0.158884,0.013774,3.752584,6.637568,10.925439,-61.471535,1.651365,3.908796,16.331573,0.326178,-0.0202,0.002167,1.159883,2.213029,-2.477859,1.480463,12124800,109.631148,-4088824099.566601,-24.831591,67.778348,-7.339685,-3.152596,82.672495,0.065142,3.173798,-0.046546,-0.0202,1.871128
09-17-24,28.790001,28.809999,28.719999,27.71258,150200,27.483553,27.149399,26.413628,0.017257,0.017273,0.005143,TRUE,TRUE,0.735772,0.022971,36.842324,33.54754,66.96286,-0.123932,0.158361,0.010602,3.721707,6.843414,11.150056,-70.372403,1.368202,3.918745,16.939312,0.326094,-0.015331,0.001255,1.097116,2.218418,-2.477859,1.075546,11974600,23.927393,-4092336836.57334,-24.281643,65.353359,-7.262788,-2.771075,82.707027,0.064175,3.126076,-0.035424,-0.015331,1.352042
09-18-24,28.719999,28.799999,28.67,27.645082,151900,27.493592,27.171447,26.423341,0.016536,0.017415,0.005197,TRUE,TRUE,0.748105,0.023397,38.297662,33.529291,62.035892,-6.120026,0.150763,0.002402,3.136861,6.040387,10.83784,-80.756602,0.73158,3.947048,17.285869,0.32824,-0.011062,0.000649,1.005708,2.036449,-2.477859,1.066901,11822700,55.954825,-4094883905.633011,-23.496337,63.451148,-7.411942,-3.078832,82.805356,0.059897,2.897692,-0.02548,-0.011062,0.876384
09-19-24,28.639999,28.700001,28.629999,27.664366,138000,27.506037,27.194647,26.432117,0.016003,0.017567,0.005251,TRUE,TRUE,0.76253,0.023819,50.561298,33.045425,62.876275,-8.605194,0.14463,-0.002984,3.319392,5.844839,11.7513,-77.789939,0.907901,3.968275,17.587135,0.32823,-0.010078,0.000531,0.867068,2.063866,-2.477859,0.993521,11960700,-33.493976,-4098829173.009922,-23.997524,62.662385,-9.012903,-3.604225,81.924341,0.060252,2.914805,-0.023036,-0.010078,0.900253
09-20-24,28.68,28.719999,28.639999,27.654728,99500,27.52377,27.21727,26.440844,0.015679,0.017722,0.005305,TRUE,TRUE,0.776426,0.024103,55.814339,32.730709,62.135938,-4.826922,0.137407,-0.008165,3.505181,5.923247,11.923315,-124.090526,1.299139,3.97123,17.184414,0.327278,-0.012391,0.000803,0.673933,2.166486,-2.477859,0.741514,11861200,-48.658411,-4101379538.088719,-23.985828,66.644056,-8.478677,-3.36073,81.873172,0.062691,3.042041,-0.028341,-0.012391,0.762071
09-23-24,28.639999,28.719999,28.59,27.674009,157700,27.536217,27.238745,26.448821,0.015599,0.017884,0.005359,TRUE,TRUE,0.789925,0.024039,46.479038,31.843261,63.072709,1.036817,0.131721,-0.011081,3.614442,5.631623,12.511229,-172.854801,0.907694,3.939337,17.332811,0.310869,-0.016574,0.001591,0.550969,2.952022,-2.477859,1.172316,12018900,4.437086,-4103759587.109363,-23.72913,59.722041,-8.654884,-4.419976,81.772141,0.076615,3.915457,-0.03989,-0.016574,0.794978
09-24-24,28.549999,28.629999,28.549999,27.662407,114600,27.550969,27.25903,26.456316,0.015714,0.018051,0.005414,TRUE,TRUE,0.802713,0.02389,31.749855,30.564954,62.077453,-0.798821,0.12484,-0.01437,3.533922,5.740826,12.08136,-230.740432,1.078038,3.889809,17.073748,0.311084,-0.015072,0.001305,0.486693,2.91432,-2.477859,0.849928,11904300,5.817175,-4106417141.518919,-23.376772,52.93184,-7.234978,-4.472877,81.715332,0.075489,3.854711,-0.036125,-0.015072,0.652687
09-25-24,28.549999,28.559999,28.51,27.575388,106300,27.560984,27.277573,26.46333,0.015923,0.018212,0.005469,TRUE,TRUE,0.814244,0.023566,8.987373,28.939599,55.059991,-7.075947,0.111084,-0.022501,3.367775,5.446532,12.402041,-255.602967,0.731688,3.855135,16.567734,0.315082,-0.010844,0.000657,0.462482,2.552386,-2.477859,0.781302,11798000,29.79243,-4110497473.547606,-24.079811,46.365673,-7.456075,-4.785411,81.615749,0.068356,3.445067,-0.025627,-0.010844,0.086941
09-26-24,28.549999,28.549999,28.459999,27.546379,131000,27.573405,27.293427,26.470668,0.016147,0.018361,0.005524,TRUE,TRUE,0.822759,0.02276,-0.367367,26.909747,52.91262,-10.160089,0.096726,-0.029487,4.006736,4.953969,12.412436,-253.782902,0.910062,3.818832,15.380639,0.293154,-0.009072,0.000533,0.463497,3.39938,-2.477859,0.950239,11667000,38.040042,-4113288118.357507,-23.975814,36.730614,-7.398635,-4.803254,81.104316,0.080208,4.344467,-0.023081,-0.009072,-0.175715
09-27-24,28.58,28.67,28.57,27.681746,295400,27.59597,27.311989,26.478966,0.016386,0.018498,0.005579,TRUE,TRUE,0.833023,0.022204,9.544135,26.081753,60.62898,-1.448473,0.095174,-0.024831,4.517838,5.393327,13.310955,-216.181177,1.657306,3.808486,13.246852,0.297443,-0.018411,0.002038,0.44729,3.592758,-1.941692,2.010823,11962400,157.991266,-4118831303.94945,-22.419175,42.623115,-6.026361,-3.983394,81.592537,0.085894,4.588845,-0.045144,-0.018411,0.647518
09-30-24,28.65,28.73,28.620001,27.681746,158400,27.620463,27.331509,26.487217,0.01651,0.01862,0.005634,TRUE,TRUE,0.844292,0.021508,1.229121,25.761412,60.62898,5.568989,0.092873,-0.021706,4.44221,6.589679,13.180907,-216.181177,1.801502,3.79156,9.332553,0.296136,-0.019554,0.002317,0.445805,3.738691,-1.941692,1.047654,11962400,118.181818,-4121691911.103826,-22.278078,42.220416,-6.52803,-2.780071,81.525266,0.088525,4.750936,-0.048136,-0.019554,0.656655
10-01-24,28.65,28.73,28.639999,27.739759,154400,27.639661,27.352573,26.494252,0.016388,0.018734,0.005689,TRUE,TRUE,0.858321,0.021156,17.829254,25.463953,63.594277,10.681657,0.09464,-0.015951,5.539325,6.69586,12.856876,-200.066227,1.403552,3.776489,7.337755,0.284364,-0.001927,0.000024,0.424542,3.4101,-1.941692,1.010108,12116800,27.392739,-4124935129.143075,-21.987886,48.500074,-5.187295,-3.481609,81.62883,0.077271,4.313681,-0.004881,-0.001927,1.364162
10-02-24,28.530001,28.530001,28.49,27.565722,179300,27.643889,27.371307,26.499288,0.016056,0.018829,0.005745,TRUE,TRUE,0.872018,0.020531,-9.995628,23.650851,51.148527,-9.480453,0.081062,-0.023623,4.648102,5.910226,12.319823,-248.410016,0.307717,3.72675,6.58096,0.298167,0.002393,0.000033,0.452214,2.534925,-1.941692,1.171321,11937500,2.515723,-4133400394.08681,-23.709825,47.681528,-4.532616,-4.138603,81.138978,0.063105,3.359807,0.005784,0.002393,-1.187779
10-03-24,28.43,28.450001,28.35,27.440023,154100,27.639904,27.386568,26.503555,0.015483,0.018904,0.0058,TRUE,TRUE,0.883013,0.019578,-26.269063,23.035191,44.391276,-16.237704,0.059473,-0.03617,4.322799,5.196673,13.495141,-193.612402,-0.289626,3.688991,7.543371,0.304494,0.006835,0.000262,0.544978,2.211608,-1.941692,1.008178,11783400,-2.837327,-4136359032.376688,-23.565095,41.63377,-4.590468,-4.943384,80.991429,0.057208,2.982889,0.016177,0.006835,-2.649745
10-04-24,28.200001,28.24,28.18,27.256321,292600,27.625287,27.398155,26.507374,0.014621,0.018949,0.005855,FALSE,TRUE,0.890781,0.018304,-52.567693,23.464317,36.750009,-26.844268,0.027227,-0.054733,2.874337,4.759763,11.955445,-146.615965,-1.061154,3.623177,11.30093,0.318645,-0.009701,0.000459,0.651965,1.497446,-1.941692,1.874319,11490800,28.671944,-4145660665.177018,-25.233745,31.096222,-7.698849,-5.176054,79.811783,0.047359,2.359912,-0.021433,-0.009701,-3.264916
10-07-24,28.120001,28.129999,28.059999,27.178968,409300,27.603428,27.408003,26.510382,0.013366,0.018959,0.00591,FALSE,TRUE,0.897621,0.016992,-53.494793,24.427365,34.089114,-17.059413,-0.004518,-0.069182,2.397055,4.577141,11.423621,-119.058285,-1.583071,3.589892,15.082425,0.319815,-0.01094,0.000576,0.846343,1.017921,-2.129844,2.386589,11081500,303.251232,-4156373038.7574,-25.617099,28.009361,-7.799425,-5.148417,79.737783,0.037827,1.878134,-0.023993,-0.01094,-2.814264
10-08-24,28.1,28.17,28.09,27.23698,132600,27.581576,27.417127,26.513211,0.011788,0.01893,0.005965,FALSE,TRUE,0.903916,0.015825,-41.3052,24.945509,37.730555,-6.660721,-0.024711,-0.0715,2.764128,4.38022,11.575852,-122.838647,-1.579203,3.556969,17.044265,0.320097,-0.014413,0.000991,0.970889,1.044468,-2.129844,0.78237,11214100,-23.308271,-4159333401.807253,-25.768744,33.453885,-7.669566,-4.800689,79.951762,0.038685,1.919456,-0.031485,-0.014413,-2.02177
10-09-24,28.129999,28.16,28.08,27.22731,123400,27.561652,27.424518,26.516461,0.009874,0.018861,0.00602,FALSE,TRUE,0.908058,0.014609,-44.670299,25.476642,37.360021,0.610013,-0.041021,-0.070248,2.65337,5.302537,10.393811,-124.281969,-1.442432,3.52363,18.744446,0.320199,-0.015335,0.001131,1.08679,1.014798,-2.129844,0.723839,11090700,19.227053,-4162087352.173226,-25.83594,33.679994,-6.862424,-5.411387,79.401405,0.038284,1.899075,-0.033624,-0.015335,-1.783685
10-10-24,28.139999,28.219999,28.110001,27.275656,162300,27.543181,27.430954,26.5208,0.007681,0.018756,0.006074,FALSE,TRUE,0.910154,0.013619,-37.269507,25.382714,40.505694,6.41658,-0.049475,-0.062962,2.539072,5.644965,10.130237,-117.066213,-1.33632,3.5009,19.676095,0.317272,-0.027028,0.003473,1.172322,0.842149,-2.129844,0.946411,11253000,14.215341,-4164711757.047426,-25.241663,35.244747,-6.471128,-5.869532,79.348079,0.035765,1.792608,-0.058935,-0.027028,-1.359645
10-11-24,28.15,28.27,28.129999,27.314329,207800,27.525197,27.435662,26.524297,0.005339,0.018618,0.006127,FALSE,TRUE,0.911366,0.012664,-34.701321,24.827377,42.972782,5.242227,-0.05245,-0.052749,2.499712,5.29058,11.295495,-111.294065,-1.299704,3.477396,20.057431,0.317552,-0.02557,0.003099,1.240295,0.959539,-2.129844,1.179542,11460800,81.961471,-4167340909.312382,-23.96767,42.492866,-6.638771,-8.024492,78.903712,0.038473,1.926242,-0.055671,-0.02557,-1.051319
10-15-24,28.35,28.389999,28.280001,27.430359,398300,27.508193,27.439999,26.528596,0.002986,0.018454,0.00618,FALSE,TRUE,0.911403,0.011786,-20.338496,23.303272,49.710709,12.350688,-0.044927,-0.036181,2.935125,6.40092,11.090625,-93.976195,-1.224599,3.493851,19.296041,0.320207,-0.034823,0.005581,1.273436,1.450649,-2.129844,2.143069,11859100,94.672532,-4173892233.296707,-22.885619,52.066839,-5.675721,-7.549896,79.345841,0.049996,2.485512,-0.074707,-0.034823,-0.403368
10-16-24,28.43,28.469999,28.42,27.517378,346700,27.498433,27.442422,26.533094,0.000724,0.018272,0.006232,TRUE,TRUE,0.909328,0.010978,-5.084457,21.97602,54.091629,13.585935,-0.031579,-0.018267,2.854548,6.817262,11.994737,-80.988291,-0.70438,3.519675,18.692046,0.321734,-0.031893,0.004654,1.281587,1.763695,-2.129844,1.77177,12205800,130.825566,-4186756689.289688,-24.126087,59.138002,-5.210705,-8.376821,79.170174,0.056404,2.789501,-0.068222,-0.031893,0.101353
10-17-24,28.379999,28.379999,28.309999,27.391678,225400,27.485763,27.446947,26.537813,-0.001583,0.018069,0.006284,FALSE,TRUE,0.909134,0.00982,-12.499884,20.855512,47.636098,4.663316,-0.030789,-0.013981,2.384706,6.055273,11.483143,-99.749483,-0.916635,3.506623,18.503566,0.3266,-0.034571,0.005271,1.311571,1.542015,-2.129844,1.130646,11980400,48.387097,-4192896106.237916,-24.582328,57.428941,-6.882634,-9.744232,78.324914,0.052688,2.567718,-0.072604,-0.034571,-0.508468
10-18-24,28.379999,28.41,28.370001,27.44969,111100,27.475029,27.453593,26.542727,-0.003836,0.017848,0.006335,FALSE,TRUE,0.910866,0.008797,-20.000197,19.587611,50.568178,0.857469,-0.025192,-0.006707,2.785745,6.593844,11.975094,-91.090975,-0.776002,3.471812,18.02956,0.326844,-0.03049,0.004066,1.33985,1.566563,-2.129844,0.561083,12091500,-19.492754,-4198119660.465183,-25.072089,54.82135,-7.55188,-9.448412,78.136384,0.053038,2.581263,-0.063766,-0.03049,-0.140541
10-21-24,28.33,28.33,28.200001,27.265987,165500,27.455592,27.45772,26.547478,-0.006039,0.017608,0.006385,FALSE,TRUE,0.910242,0.007429,-30.93509,19.479947,42.460277,-11.631352,-0.035173,-0.013351,2.171242,5.685367,11.65187,-118.509251,-1.405693,3.451207,18.085675,0.339681,-0.016089,0.001036,1.414366,0.986098,-2.129844,0.822115,11926000,66.331658,-4200663317.543693,-24.659426,49.498871,-7.7641,-9.135767,77.96551,0.039622,1.85266,-0.032194,-0.016089,-1.048368
10-22-24,28.23,28.25,28.190001,27.304665,142200,27.437125,27.459735,26.552563,-0.008207,0.017358,0.006435,FALSE,TRUE,0.907172,0.006108,-32.846453,19.436709,44.478715,-3.157382,-0.039507,-0.014148,2.537232,5.952436,11.553814,-160.709126,-1.334627,3.429513,17.617667,0.339951,-0.017204,0.001185,0.895681,1.067737,-2.129844,0.709103,12068200,-9.828789,-4205002047.16826,-25.24309,44.602817,-6.395238,-8.26747,78.180392,0.041541,1.940981,-0.03443,-0.017204,-0.751859
10-23-24,28.190001,28.219999,28.16,27.246649,118700,27.416337,27.459628,26.55717,-0.010291,0.017093,0.006484,FALSE,TRUE,0.902459,0.004817,-26.399962,19.572566,42.093442,-8.474736,-0.047081,-0.017377,2.135479,5.844482,10.598052,-198.378288,-1.502972,3.469609,17.26896,0.338925,-0.020311,0.001653,0.789503,0.629443,-2.129844,0.591312,11949500,3.577661,-4208734605.025016,-25.485071,45.535039,-6.710924,-7.143475,78.370233,0.032171,1.508042,-0.040654,-0.020311,-0.982618
10-24-24,28.18,28.24,28.15,27.294991,278500,27.402317,27.458758,26.561971,-0.012213,0.01681,0.006532,FALSE,TRUE,0.896787,0.003711,-12.820539,19.513751,44.752099,2.291822,-0.048622,-0.015134,2.316691,6.126627,10.626217,-186.587612,-1.016839,3.492007,17.04651,0.337803,-0.019091,0.001469,0.81506,0.5455,-2.129844,1.330308,12228000,161.994356,-4214304652.242411,-24.792734,52.662676,-7.17226,-7.551308,78.572532,0.030179,1.419263,-0.038326,-0.019091,-0.629608
10-25-24,28.280001,28.290001,28.190001,27.275656,233100,27.388781,27.456731,26.567052,-0.013895,0.016502,0.006579,FALSE,TRUE,0.889678,0.002711,1.999696,18.998254,43.884248,-0.594467,-0.050817,-0.013864,2.207471,6.485779,11.21184,-191.303417,-0.982791,3.545557,16.916718,0.335218,-0.019397,0.001553,0.809415,0.211207,-2.129844,1.086941,11994900,77.938931,-4218800411.381437,-24.600101,61.307264,-6.901577,-6.730629,78.813251,0.02285,1.082915,-0.039406,-0.019397,-0.668716
10-28-24,28.17,28.190001,28.08,27.284384,212400,27.368913,27.456225,26.571989,-0.015226,0.016165,0.006626,FALSE,TRUE,0.884236,0.001919,11.735478,19.234049,44.408334,2.314892,-0.051262,-0.011447,1.880413,6.20352,10.360815,-204.00446,-1.435465,3.555069,15.575091,0.330132,-0.037797,0.005868,0.773519,-0.131581,-2.129844,1.009962,12207300,-28.097495,-4222085319.246606,-24.548635,65.495907,-6.864499,-7.180217,78.415621,0.017635,0.850459,-0.076601,-0.037797,-0.542717
10-29-24,28.040001,28.15,28.02,27.284384,143800,27.349044,27.455527,26.576785,-0.016114,0.015793,0.006672,FALSE,TRUE,0.878742,0.001344,5.641575,19.801474,44.408334,-0.343765,-0.051026,-0.008969,1.588581,5.654465,10.23533,-163.47079,-1.435465,3.522236,13.808738,0.323959,-0.005873,0.00013,0.758535,-0.540118,-2.129844,0.686151,12207300,-9.217172,-4223856540.201167,-24.374241,60.641637,-7.136393,-7.509453,78.520903,0.005696,0.27911,-0.011414,-0.005873,-0.468259
10-30-24,28.26,28.290001,28.15,27.313471,113400,27.32773,27.455025,26.581725,-0.016594,0.015393,0.006717,FALSE,TRUE,0.8733,0.001123,10.022564,19.090425,46.345114,2.460866,-0.04794,-0.004706,1.33406,6.277297,10.814915,-157.006981,-1.536742,3.540086,10.306246,0.312258,0.071039,0.016284,0.731592,-1.038883,-2.129844,0.54644,12320700,-26.554404,-4225325104.267051,-24.187441,64.804907,-6.870835,-8.038714,78.731465,-0.017032,-0.873025,0.127607,0.071039,-0.138354
10-31-24,28.24,28.290001,28.17,27.410431,174600,27.319965,27.454348,26.588188,-0.016649,0.014975,0.006762,FALSE,TRUE,0.86616,0.000674,14.838482,18.430166,52.309676,7.901342,-0.03724,0.004795,1.224324,6.338899,11.420367,-135.460244,-0.563347,3.523352,8.909169,0.295623,-0.01817,0.001228,0.700641,-0.025698,-2.129844,0.842298,12495300,-2.621305,-4227710035.088,-22.748237,64.961909,-4.247212,-6.374918,80.109831,0.018519,0.99503,-0.035048,-0.01817,1.01542
11-01-24,28.290001,28.299999,28.120001,27.303774,67000,27.313153,27.452114,26.594873,-0.016378,0.014539,0.006807,FALSE,TRUE,0.857241,-0.000045,-1.081189,18.16112,46.222647,1.814313,-0.036942,0.004075,0.331637,5.495827,9.814125,-159.161866,-0.496536,3.509706,8.45201,0.29921,-0.023562,0.002006,0.703596,-0.212963,-2.129844,0.330155,12428300,-56.521739,-4228384676.121792,-22.673675,60.710888,-7.176886,-7.014395,79.581098,0.016076,0.853776,-0.044792,-0.023562,-0.110969
11-04-24,28.290001,28.299999,28.209999,27.410431,161300,27.320858,27.454322,26.602515,-0.015736,0.014091,0.00685,FALSE,TRUE,0.851807,-0.000697,-2.061034,17.911292,52.21135,5.866236,-0.027778,0.01059,0.05184,5.480386,9.746126,-135.460244,0.56541,3.475346,8.607675,0.301662,-0.009845,0.000307,0.706182,0.317991,-2.129844,0.821409,12589600,-44.873548,-4231411978.970095,-21.834118,56.961077,-9.748204,-6.386147,79.87024,0.023416,1.232438,-0.017513,-0.009845,1.040611
11-05-24,28.219999,28.280001,28.16,27.410431,162500,27.332432,27.454029,26.61011,-0.014816,0.013626,0.006894,FALSE,TRUE,0.843919,-0.001124,-12.154812,18.03497,52.21135,-0.098326,-0.020283,0.014469,0.901849,4.979571,8.725045,-156.300129,0.851623,3.431028,8.143018,0.294108,-0.017134,0.000984,0.489454,-0.15337,-2.129844,0.883008,12589600,-60.29807,-4233604547.316276,-20.983402,46.441232,-10.816067,-5.930797,79.416793,0.015696,0.847632,-0.031373,-0.017134,0.957867
11-06-24,28.1,28.200001,28.09,27.323164,322800,27.336741,27.453144,26.617033,-0.013772,0.013134,0.006936,FALSE,TRUE,0.836112,-0.001624,-8.142453,18.61393,47.221342,0.998695,-0.02114,0.010889,0.758934,4.454571,9.028104,-178.676298,0.316421,3.422889,7.833471,0.296374,-0.034744,0.00419,0.501549,-0.594181,-2.129844,1.667872,12266800,143.438914,-4238427953.516859,-20.433645,44.588964,-12.366816,-7.552816,78.296112,0.010655,0.571901,-0.064728,-0.034744,-0.173318
11-07-24,28.26,28.4,28.25,27.507389,109800,27.350745,27.45579,26.624971,-0.012474,0.012622,0.006978,TRUE,TRUE,0.83082,-0.00168,5.962797,17.356471,56.642144,4.430794,-0.006875,0.020123,1.654593,5.543653,9.394623,-134.898032,1.028669,3.415159,8.265775,0.306169,-0.026883,0.002317,0.691706,-0.26697,-2.129844,0.569325,12376600,-11.02107,-4239624938.685278,-20.102039,44.556658,-10.49992,-7.535797,78.23828,0.015185,0.788221,-0.048134,-0.026883,1.895096
11-08-24,28.459999,28.51,28.43,27.633434,125900,27.368634,27.4625,26.633775,-0.010895,0.012099,0.007019,TRUE,TRUE,0.828725,-0.001473,40.378956,16.806161,61.68176,9.47041,0.014434,0.033146,1.578925,5.949733,9.446669,-78.89109,1.311714,3.431195,10.200324,0.311158,-0.038966,0.00469,1.066655,0.007321,-2.129844,0.659024,12502500,-22.427603,-4242258032.591293,-20.295822,50.65276,-9.938962,-6.322278,78.74307,0.021965,1.123237,-0.068486,-0.038966,2.596002
11-11-24,28.48,28.49,28.459999,27.604349,53300,27.383135,27.469978,26.642226,-0.009131,0.01156,0.007059,TRUE,TRUE,0.827752,-0.001442,33.283341,16.295159,59.950151,12.728809,0.028645,0.037886,1.29299,6.226619,10.356717,-84.82684,1.061787,3.401832,11.380865,0.309678,-0.023845,0.001633,1.018546,0.127475,-2.129844,0.290756,12449200,-74.350337,-4245351672.485756,-21.27779,52.61772,-10.163734,-6.612668,78.472407,0.021567,1.106445,-0.040409,-0.023845,1.943741
11-12-24,28.34,28.41,28.27,27.458908,465700,27.384562,27.475319,26.65028,-0.007401,0.011,0.007099,FALSE,TRUE,0.825038,-0.00165,21.487449,15.808798,52.07715,-4.564994,0.027851,0.029673,0.440311,5.512062,9.610828,-114.508702,0.104079,3.391318,11.460837,0.317561,-0.042096,0.004938,0.962283,-0.34397,-2.129844,2.494576,11983500,16.921918,-4251213477.722813,-20.709014,45.622163,-10.770412,-8.471374,77.503892,0.015096,0.756506,-0.070268,-0.042096,0.648696
11-13-24,28.389999,28.4,28.200001,27.361946,119400,27.376791,27.475441,26.656999,-0.00575,0.010417,0.007138,FALSE,TRUE,0.818442,-0.001992,6.46009,15.775896,47.590054,-14.091705,0.019176,0.016798,-0.054956,5.178025,9.060367,-134.296869,-0.564849,3.389694,11.031773,0.320863,-0.04829,0.006389,0.942225,-0.689672,-2.129844,0.68104,11864100,-65.561004,-4252333520.708975,-18.70204,37.281289,-11.056687,-9.319561,76.906142,0.009068,0.450078,-0.079931,-0.04829,-0.134561
11-14-24,28.309999,28.370001,28.25,27.420126,207400,27.378213,27.474221,26.663488,-0.004096,0.009816,0.007177,FALSE,TRUE,0.810732,-0.00206,13.435409,15.745344,50.354173,-9.595978,0.016802,0.01154,0.404403,4.748894,8.360219,-122.423424,0.103857,3.385899,11.070251,0.318096,-0.036369,0.003627,0.900339,-0.840617,-2.129844,1.189084,12071500,-7.985803,-4255409498.574349,-17.920362,36.639799,-9.342476,-9.857216,76.928433,0.004738,0.236854,-0.060226,-0.036369,0.37861
11-15-24,28.25,28.33,28.200001,27.400732,218300,27.375765,27.471841,26.669361,-0.002485,0.009197,0.007215,FALSE,TRUE,0.80248,-0.002208,10.713859,16.024857,49.418529,-2.658621,0.013203,0.006353,0.298097,4.484494,8.72702,-126.381369,-0.178355,3.38713,10.957434,0.317936,-0.031085,0.002739,0.864463,-0.812434,-2.129844,1.214262,11853200,96.489649,-4258312129.166952,-16.740591,36.537136,-8.694769,-9.364286,77.339688,0.004006,0.200314,-0.05234,-0.031085,0.227854
11-18-24,28.219999,28.280001,28.200001,27.420126,114700,27.383472,27.46927,26.674337,-0.000921,0.008566,0.007253,FALSE,TRUE,0.794934,-0.002518,12.280423,16.284405,50.410838,2.820783,0.01178,0.003944,0.298453,4.82525,8.320049,-159.493826,0.565314,3.388291,10.683313,0.313215,-0.041397,0.004959,0.822126,-0.409334,-2.129844,0.647145,11967900,-30.694864,-4260663122.293337,-16.926147,36.965282,-8.616082,-8.397485,77.252002,0.013966,0.709618,-0.070419,-0.041397,0.343096
11-19-24,28.24,28.25,28.17,27.313471,126100,27.383912,27.463217,26.680009,0.000466,0.007928,0.00729,FALSE,TRUE,0.783208,-0.002799,0,16.721796,45.163452,-5.190721,0.002023,-0.00465,-0.476728,4.265499,7.739001,-184.887898,0.032252,3.355563,10.650888,0.311665,-0.065175,0.01191,0.822126,-1.130296,-2.129844,0.714711,11841800,-11.322082,-4263489433.284444,-16.574769,32.115946,-9.881323,-9.046524,76.89088,0.002429,0.124447,-0.109131,-0.065175,-0.661367
11-20-24,28.059999,28.129999,28.040001,27.206814,101100,27.381921,27.453873,26.686141,0.001576,0.007281,0.007326,FALSE,TRUE,0.767732,-0.003345,-17.073101,17.891133,40.610907,-8.807622,-0.014152,-0.016661,-0.761055,3.873514,7.159647,-177.274111,-0.146201,3.326711,10.954018,0.314518,-0.060158,0.00996,0.894216,-1.271553,-2.129844,0.575888,11740700,-14.827296,-4265462463.474123,-16.15672,25.719327,-9.823482,-9.878699,76.590627,-0.00153,-0.077591,-0.0998,-0.060158,-1.598562
11-21-24,27.950001,27.969999,27.83,27.069715,240800,27.370657,27.442751,26.690973,0.002356,0.006621,0.007361,FALSE,TRUE,0.751778,-0.004095,-19.137104,19.900556,35.638027,-14.772811,-0.037601,-0.032088,-0.843759,3.652816,6.568323,-111.806483,-0.825335,3.310211,12.883275,0.32088,-0.090559,0.023547,0.997607,-1.685066,-2.523258,1.386538,11499900,-13.536804,-4268318653.294287,-15.550757,23.979573,-11.764318,-12.464592,75.120308,-0.003666,-0.183517,-0.153452,-0.090559,-2.335907
11-22-24,27.799999,27.91,27.780001,27.128054,254200,27.363277,27.432411,26.696427,0.002864,0.005965,0.007396,FALSE,TRUE,0.735983,-0.004863,-24.037389,21.948478,39.057737,-6.105715,-0.05089,-0.036301,-1.083023,3.7622,6.758445,-89.307867,-0.54115,3.262033,13.843133,0.320378,-0.099369,0.027944,1.089777,-1.277034,-2.523258,1.454858,11754100,9.051909,-4271122484.105502,-14.972692,16.99445,-11.254394,-12.135333,75.066601,0.007171,0.360403,-0.167165,-0.099369,-1.699204
11-25-24,28.1,28.190001,28.08,27.410032,151400,27.369559,27.427131,26.703907,0.003186,0.005327,0.00743,FALSE,TRUE,0.723224,-0.005273,-0.027365,21.498121,52.261001,11.650093,-0.038228,-0.018911,0.155864,4.91752,8.108284,-50.680636,0.460514,3.278607,13.751058,0.34624,-0.111674,0.030199,1.089853,-0.198434,-2.523258,0.881899,11905500,-28.719397,-4273118112.098289,-14.863199,22.863491,-9.590923,-10.756237,75.925941,0.029685,1.382022,-0.173778,-0.111674,0.294328
11-26-24,28.219999,28.26,28.190001,27.468372,80000,27.378759,27.42109,26.711583,0.003326,0.004715,0.007463,TRUE,TRUE,0.709507,-0.005663,10.170123,20.614801,54.459353,18.821327,-0.023218,-0.003121,0.340765,5.643509,8.137759,-42.688841,0.674337,3.287349,13.766678,0.346606,-0.110146,0.029113,1.059819,0.072366,-2.523258,0.47482,11985500,-44.367177,-4274847555.15006,-15.132212,28.585225,-9.9423,-10.742339,76.0281,0.034548,1.605826,-0.170627,-0.110146,0.650947
11-27-24,28.32,28.379999,28.27,27.536438,138800,27.389907,27.417567,26.719694,0.003243,0.004126,0.007495,TRUE,TRUE,0.697873,-0.005679,2.214712,19.224092,56.950167,17.892431,-0.005763,0.011467,0.873645,6.296251,7.926043,-33.364774,0.816327,3.236369,14.1087,0.339399,-0.075247,0.013246,1.056956,-0.202868,-2.523258,0.817649,12124300,22.398589,-4276837621.901114,-15.172607,29.454642,-10.254605,-12.498558,75.939628,0.024808,1.168079,-0.115091,-0.075247,1.038587
11-28-24,28.360001,28.389999,28.35,27.585051,159600,27.398638,27.416366,26.728805,0.003069,0.003562,0.007526,TRUE,TRUE,0.687561,-0.005413,-3.920244,17.991894,58.688061,6.42706,0.011855,0.023268,1.302208,6.092255,7.679851,-27.457796,0.637056,3.192071,14.767327,0.335035,-0.069165,0.01147,0.970997,-0.427955,-2.523258,0.944351,12283900,-8.591065,-4283101672.656919,-16.387574,30.428388,-9.635648,-11.860663,75.857177,0.019369,0.923056,-0.107097,-0.069165,1.262332
11-29-24,28.49,28.690001,28.48,27.886475,260600,27.427773,27.420808,26.738619,0.003085,0.003042,0.007557,TRUE,TRUE,0.682189,-0.004593,18.726713,18.339524,67.459799,13.000446,0.049569,0.048786,2.554408,6.585165,8.299636,11.700433,2.13414,3.221189,18.156469,0.362871,-0.056329,0.006434,1.862488,0.299252,-2.523258,1.458432,12544500,288.955224,-4284835338.05687,-15.796139,38.017437,-8.189148,-10.567954,76.429011,0.03342,1.466769,-0.080211,-0.056329,2.526382
12-02-24,28.700001,28.719999,28.48,27.90592,153900,27.452547,27.425832,26.748483,0.003405,0.002568,0.007588,TRUE,TRUE,0.677349,-0.003713,32.379391,18.785909,67.932836,10.982668,0.080104,0.063456,2.010958,6.000837,8.573513,13.395694,1.807666,3.226079,21.056284,0.362763,-0.055134,0.005841,1.877815,0.273535,-2.523258,0.863079,12698400,-4.587725,-4285725495.735147,-15.229654,49.808741,-9.601314,-11.806949,76.58104,0.033196,1.456897,-0.076428,-0.055134,2.153147
12-03-24,28.639999,28.65,28.549999,27.77952,129200,27.471002,27.427943,26.757715,0.003972,0.002131,0.007618,TRUE,TRUE,0.670227,-0.002945,29.615536,19.200409,61.658314,2.970253,0.09303,0.061106,1.085699,4.948867,7.218328,-0.051133,1.346528,3.190101,22.251239,0.366665,-0.071993,0.009005,1.808156,-0.233005,-2.523258,0.73139,12569200,-20.492308,-4287845606.399093,-15.352692,49.566402,-10.555383,-13.527817,76.214493,0.023456,1.020104,-0.094896,-0.071993,1.386522
12-04-24,28.5,28.67,28.5,27.867029,158800,27.498195,27.432035,26.766676,0.004788,0.001735,0.007647,TRUE,TRUE,0.665359,-0.001945,31.049782,19.215509,64.128563,-3.331236,0.109079,0.061724,1.262009,4.78734,7.556079,9.258365,1.990491,3.149947,23.629995,0.367886,-0.069965,0.008318,1.74767,-0.156354,-2.523258,0.942713,12728000,-50.805452,-4289186944.275654,-15.066486,48.536275,-10.602891,-12.945109,76.454578,0.025215,1.092576,-0.091204,-0.069965,1.560873
12-05-24,28.57,28.68,28.57,27.867029,111000,27.516177,27.437868,26.776062,0.00584,0.001381,0.007676,TRUE,TRUE,0.661806,-0.001037,32.839722,19.280593,64.128563,-3.804272,0.120409,0.058443,1.155681,4.900495,6.857655,9.258365,1.307431,3.125109,25.030536,0.367076,-0.062446,0.006411,1.679776,-0.031121,-2.523258,0.658715,12728000,1.092896,-4290716658.69513,-15.159848,56.038822,-11.755475,-12.662622,76.33635,0.025964,1.126445,-0.080067,-0.062446,1.401696
12-06-24,28.84,28.879999,28.799999,28.032326,183900,27.536122,27.447587,26.786037,0.007209,0.001074,0.007705,TRUE,TRUE,0.661549,0.000161,39.097694,20.25622,68.565254,6.90694,0.1411,0.063308,1.506995,6.018869,7.143624,22.938673,1.44351,3.140749,27.483078,0.374539,-0.072903,0.007894,1.965402,0.339187,-2.523258,1.072866,12911900,46.068308,-4294429940.942465,-15.218455,62.542024,-10.103297,-12.692184,76.710064,0.035348,1.504135,-0.08885,-0.072903,1.80549
12-09-24,28.83,28.83,28.73,27.96426,129100,27.554117,27.453237,26.795033,0.008813,0.000811,0.007733,TRUE,TRUE,0.658204,0.001275,42.61236,20.620756,65.000139,0.871576,0.150274,0.057985,1.048821,5.953032,6.845067,16.750879,1.30382,3.140169,29.084974,0.375952,-0.064655,0.00623,1.843176,0.093396,-2.523258,0.736872,12782800,142.213884,-4296536172.636757,-14.607449,62.383204,-10.624184,-12.239051,76.721336,0.027619,1.169859,-0.078929,-0.064655,1.410154
12-10-24,28.690001,28.799999,28.690001,27.935091,150400,27.577926,27.458304,26.804214,0.010523,0.000594,0.00776,TRUE,TRUE,0.65409,0.002488,50.234909,20.655733,63.476912,-0.651651,0.153421,0.048906,1.119597,5.651125,7.118642,14.099141,1.734166,3.14836,30.192511,0.373747,-0.072129,0.007877,1.669266,-0.22655,-2.523258,0.943331,12632400,-67.704531,-4298750931.361246,-14.908098,60.965142,-9.143844,-13.045753,76.939206,0.019971,0.851601,-0.088753,-0.072129,1.182958
12-11-24,28.809999,28.83,28.629999,27.867029,215500,27.603181,27.460849,26.813435,0.01218,0.000423,0.007787,TRUE,TRUE,0.647414,0.003482,57.746779,20.2391,59.94685,-8.618404,0.148709,0.035355,0.802843,5.013902,7.089445,7.911693,1.845933,3.189813,30.402512,0.374125,-0.088181,0.011828,1.403214,-0.25129,-2.523258,1.312104,12416900,80.485762,-4300610625.376009,-14.697121,61.460626,-8.995165,-14.060622,76.277366,0.022763,0.971612,-0.108757,-0.088181,0.867852
12-12-24,28.58,28.629999,28.549999,27.77952,200000,27.62115,27.465125,26.822076,0.013775,0.000297,0.007813,TRUE,TRUE,0.64305,0.004211,46.207294,19.283255,55.660861,-9.339278,0.136342,0.018391,0.381263,4.009485,6.714573,-37.560022,1.310694,3.179982,30.325625,0.375043,-0.063484,0.006614,1.13306,-0.300382,-2.523258,1.22048,12216900,-3.567985,-4304663025.061296,-15.028232,62.782769,-7.949413,-15.34617,76.809303,0.01732,0.73556,-0.081327,-0.063484,0.522231
12-13-24,28.559999,28.559999,28.49,27.750349,99300,27.638631,27.471332,26.830191,0.015217,0.000214,0.007838,TRUE,TRUE,0.64114,0.004916,29.411939,17.990707,54.267991,-9.208921,0.122772,0.003856,-0.07233,3.67754,5.383764,-63.717734,1.27594,3.110875,29.994028,0.37524,-0.067141,0.006993,1.002046,-0.423445,-2.523258,0.628799,12117600,-54.512139,-4306860828.985003,-15.371296,57.361826,-7.264835,-15.405046,77.069472,0.013123,0.55711,-0.083625,-0.067141,0.372467
12-16-24,28.51,28.52,28.43,27.711456,417900,27.653198,27.480435,26.837496,0.016592,0.000172,0.007863,TRUE,TRUE,0.642939,0.005537,21.367711,17.011496,52.385746,-7.561104,0.107639,-0.009022,-0.004054,3.717502,4.341404,-91.564811,1.062469,3.094539,29.581596,0.37568,-0.059833,0.005667,0.899215,-0.497118,-2.523258,2.41449,11699700,264.341761,-4313951596.343965,-15.394174,46.49862,-6.987852,-15.017926,77.304858,0.010107,0.428283,-0.075281,-0.059833,0.196942
12-17-24,28.549999,28.629999,28.549999,27.808689,128900,27.677958,27.493029,26.845761,0.017923,0.000177,0.007887,TRUE,TRUE,0.647268,0.006346,23.333344,16.2088,56.4523,0.791439,0.102312,-0.011479,0.591811,3.747236,4.596361,-102.134436,1.813092,3.085496,28.646079,0.378257,-0.063514,0.006302,0.794057,-0.297076,-2.523258,0.74414,11828600,2.22046,-4316469370.482677,-15.292673,46.314766,-6.752523,-14.92064,77.596464,0.014929,0.628531,-0.079388,-0.063514,0.456365
12-18-24,28.57,28.59,28.450001,27.682281,275700,27.701732,27.501935,26.852588,0.01912,0.000216,0.007911,TRUE,TRUE,0.649347,0.006922,7.812316,15.290335,50.423044,-3.844946,0.086889,-0.021522,0.064761,3.386302,4.49065,-166.160158,1.747605,3.080942,26.41644,0.382917,0.012556,0.00034,0.748371,-0.578569,-2.523258,1.515251,11552900,172.700297,-4319768800.84235,-14.923423,38.199588,-3.667257,-13.138253,79.028055,0.001182,0.049029,0.018431,0.012556,-0.07363
12-19-24,28.52,28.540001,28.190001,27.448923,224300,27.720692,27.506367,26.858106,0.019929,0.000276,0.007934,FALSE,TRUE,0.648261,0.006966,-37.190335,15.780514,41.591755,-10.793991,0.055199,-0.042569,-0.744194,2.734902,3.279736,-107.402739,1.400856,3.0428,22.747487,0.396167,0.037944,0.002959,0.92201,-0.912113,-2.523258,1.238371,11328600,-6.852159,-4320942949.3271,-14.527066,28.653562,-3.806897,-12.67869,78.848966,-0.008841,-0.354788,0.054397,0.037944,-1.194722
12-20-24,28.32,28.389999,28.290001,27.575329,128700,27.743056,27.512361,26.864303,0.020415,0.000358,0.007956,TRUE,TRUE,0.648058,0.007175,-25.757416,16.23568,47.006134,-9.446166,0.039826,-0.046354,-0.356582,3.244971,3.38936,-89.083033,1.648755,3.056711,18.397064,0.400496,0.055712,0.006307,1.012627,-0.528535,-2.523258,0.736059,11457300,-49.370574,-4322911243.353192,-14.809482,27.911755,-3.943208,-13.051036,78.65934,-0.000491,-0.019541,0.079418,0.055712,-0.911706
12-23-24,28.35,28.360001,28.32,27.555882,86500,27.750348,27.517192,26.870166,0.020532,0.000456,0.007978,TRUE,TRUE,0.647026,0.00758,-19.008364,16.658334,46.295105,-4.12794,0.025776,-0.048323,-0.385091,3.135222,3.68218,-91.901492,0.532102,3.06939,17.261528,0.395408,0.05709,0.006905,1.083355,-0.911339,-2.523258,0.504065,11370800,-42.866579,-4326302478.905357,-15.496159,28.395437,-4.610207,-12.313793,78.100804,-0.010649,-0.42903,0.083095,0.05709,-1.126592
12-24-24,28.27,28.34,28.25,27.555882,65400,27.754724,27.519702,26.876408,0.020285,0.000561,0.007999,TRUE,TRUE,0.643294,0.007992,-28.571404,17.392218,46.295105,4.70335,0.014475,-0.047699,-0.070739,3.294654,4.347039,-91.901492,0.318582,3.04182,16.607681,0.395408,0.05699,0.006903,1.164113,-0.911339,-2.523258,0.382736,11370800,-18.25,-4327376662.748023,-15.370624,22.919272,-4.831513,-12.80527,77.851672,-0.010868,-0.437847,0.083083,0.05699,-1.197292
12-27-24,28.290001,28.370001,28.290001,27.526712,86000,27.754238,27.519889,26.882742,0.019642,0.000666,0.00802,TRUE,TRUE,0.637147,0.008462,-30.434694,17.823818,45.108187,-1.897947,0.003129,-0.047237,-0.071395,3.932481,3.425989,-96.128904,-0.035319,3.045341,16.676242,0.394578,0.057715,0.007124,1.25008,-1.12476,-2.523258,0.51119,11284800,-38.040346,-4329103734.58361,-15.533662,22.080488,-4.146828,-12.013142,77.872759,-0.01597,-0.64479,0.084404,0.057715,-1.364368
12-30-24,28.309999,28.35,28.290001,27.623243,132800,27.756147,27.52452,26.889795,0.018616,0.000785,0.00804,TRUE,TRUE,0.634725,0.008806,-38.981714,18.22459,49.703853,3.408749,0.001904,-0.038769,-0.211339,4.296952,3.961832,-88.555897,0.138455,2.985651,16.493168,0.388889,0.039595,0.003557,1.096354,-0.475793,-2.523258,0.79571,11417600,-16.79198,-4332188074.425299,-14.705774,20.284093,-3.652493,-10.051244,78.711516,0.002008,0.082095,0.059644,0.039595,-0.805812
12-31-24,28.42,28.440001,28.360001,27.681746,93500,27.745911,27.529161,26.8979,0.017366,0.000924,0.00806,TRUE,TRUE,0.631262,0.009031,-27.168576,17.82533,52.309771,6.014667,0.005589,-0.028067,0,4.44221,3.997434,-79.41492,-0.734152,2.984265,16.27561,0.385032,0.035709,0.002958,1.036824,-0.021694,-2.523258,0.589757,11511100,-64.121259,-4333866997.189527,-15.463498,24.657578,-3.826944,-10.774799,78.520337,0.012919,0.533444,0.054385,0.035709,-0.394242
01-02-25,28.42,28.43,28.34,27.701246,163600,27.735677,27.537866,26.906196,0.015883,0.001086,0.00808,TRUE,TRUE,0.63167,0.008962,-22.699198,17.582575,53.180566,8.072379,0.009969,-0.01895,-0.138837,5.392797,4.738756,-76.367928,-0.733442,2.959606,15.854583,0.37443,0.062699,0.00953,0.843535,0.500522,-2.523258,1.028769,11674700,6.302794,-4336352818.50941,-15.918039,24.535449,-4.517043,-10.181662,78.096283,0.02361,1.005774,0.09762,0.062699,-0.217167
01-03-25,28.440001,28.459999,28.35,27.662243,123900,27.729813,27.545018,26.91482,0.014182,0.001262,0.008099,TRUE,TRUE,0.630198,0.008674,-20.455494,17.095071,51.168132,1.464278,0.010175,-0.014995,0.35015,5.014528,4.516739,-119.945294,-0.422171,2.928621,15.900704,0.372865,0.052241,0.006786,0.682567,0.604088,-2.523258,0.780423,11550800,-4.102167,-4338026066.836992,-15.803874,31.128153,-4.804477,-9.79405,77.431767,0.025882,1.105651,0.082378,0.052241,-0.424952
01-06-25,28.34,28.389999,28.290001,27.671993,130900,27.720061,27.553525,26.922828,0.012381,0.00145,0.008117,TRUE,TRUE,0.630697,0.008473,-11.645009,17.054217,51.660595,-0.649177,0.010999,-0.011337,0.84537,5.204714,5.153175,-117.729294,-0.699881,2.9185,15.610295,0.372089,0.053184,0.007086,0.69453,0.478642,-2.523258,0.831824,11681700,-17.56927,-4339774935.578886,-16.073457,32.144254,-4.376675,-9.396055,77.622618,0.022974,0.983653,0.084177,0.053184,-0.307927
01-07-25,28.33,28.34,28.24,27.57449,241500,27.705435,27.559115,26.930017,0.010322,0.001639,0.008134,TRUE,TRUE,0.629098,0.008072,-17.733042,17.343056,46.599588,-6.580978,0.00374,-0.014876,1.167321,4.07521,4.895434,-139.889287,-1.04977,2.899685,15.531076,0.375228,0.06219,0.009426,0.727935,0.251225,-2.523258,1.473549,11440200,117.567568,-4343230837.474783,-16.021166,30.173985,-2.917957,-11.015198,77.574316,0.017979,0.76422,0.097089,0.06219,-0.843116
01-08-25,28.209999,28.25,28.190001,27.545237,173500,27.68108,27.564507,26.937202,0.007945,0.001827,0.008151,FALSE,TRUE,0.627305,0.007685,-16.925527,17.925342,45.169837,-5.998295,-0.004322,-0.018351,1.347616,3.776975,4.633985,-146.537718,-1.737598,2.878352,13.864949,0.375019,0.056188,0.007827,0.765027,0.05125,-2.523258,1.062006,11266700,-5.655247,-4347133255.489851,-16.130047,33.795408,-3.627181,-11.901557,76.982614,0.013231,0.562256,0.088468,0.056188,-0.979762
01-09-25,28.25,28.25,28.16,27.457481,71500,27.655741,27.567968,26.943496,0.005272,0.002012,0.008168,FALSE,TRUE,0.624472,0.007206,-36.110654,18.651014,41.096331,-10.564263,-0.017591,-0.025296,0.809565,3.59607,4.263265,-163.376271,-1.812237,2.831939,13.022533,0.377128,0.053414,0.006854,0.493158,-0.272013,-2.523258,0.445511,11195200,-44.616576,-4348320977.377699,-16.133343,28.285804,-4.278004,-12.456014,76.69701,0.006329,0.267343,0.082787,0.053414,-1.522436
01-10-25,28.02,28.07,27.98,27.281971,221100,27.623085,27.56792,26.949103,0.002356,0.002183,0.008183,FALSE,TRUE,0.618817,0.006627,-39.181197,20.266946,34.412175,-12.187413,-0.041786,-0.039593,0.200757,2.859454,3.894516,-124.647652,-2.337991,2.805964,13.813677,0.382246,0.093913,0.022788,0.637576,-1.004831,-2.676748,1.347965,10974100,47.007979,-4351971718.57636,-16.223377,29.13933,-2.718836,-9.853756,77.303851,-0.01173,-0.492785,0.150957,0.093913,-2.469394
01-13-25,27.959999,27.969999,27.889999,27.21372,123700,27.59042,27.565925,26.954416,-0.000695,0.002339,0.008198,FALSE,TRUE,0.611509,0.006092,-27.458272,22.144468,32.217718,-12.952119,-0.065711,-0.050814,-0.227072,2.306235,3.485925,-118.645514,-2.344379,2.768462,15.377423,0.381072,0.093009,0.022784,0.753977,-1.40187,-2.920219,0.775865,10850400,-42.598608,-4354186813.588638,-16.80189,30.758287,-2.156245,-8.80696,77.669522,-0.019201,-0.809147,0.150944,0.093009,-2.449691
01-14-25,27.84,27.84,27.790001,27.116213,202000,27.557254,27.560041,26.958767,-0.003918,0.002468,0.008213,FALSE,TRUE,0.601274,0.005201,-55.469933,24.258587,29.33914,-11.757191,-0.091486,-0.061271,-0.72532,1.756261,3.004285,-100.565659,-2.387756,2.695495,18.011665,0.379357,0.105476,0.029091,0.933978,-1.339511,-3.268059,1.26618,10648400,1,-4359833104.273005,-17.290901,22.889382,-2.021683,-8.797053,77.328944,-0.016806,-0.713735,0.170561,0.105476,-2.448644
01-15-25,27.950001,28.059999,27.950001,27.350227,181600,27.537248,27.56097,26.964192,-0.007055,0.002583,0.008226,FALSE,TRUE,0.596778,0.004807,-19.731718,24.194514,42.595362,8.183188,-0.091969,-0.049403,-0.292127,2.634423,3.893218,-65.638024,-1.441862,2.713987,17.976122,0.394982,0.132094,0.043168,0.983534,-0.850307,-3.268059,1.109685,10830000,82.880161,-4361995070.363415,-16.84517,30.801958,-2.623337,-8.508369,77.311751,-0.007072,-0.290577,0.207769,0.132094,-1.040385
01-16-25,28.1,28.24,28.049999,27.476986,237800,27.525525,27.562301,26.971725,-0.009976,0.002697,0.008239,FALSE,TRUE,0.590576,0.004315,-6.748921,22.888345,48.257818,16.0401,-0.081187,-0.030897,-0.146787,2.703571,5.203992,-46.718782,-0.846113,2.728932,17.539461,0.389745,0.124468,0.039109,0.997238,-0.092811,-3.268059,1.537715,11067800,-43.096435,-4363667209.111595,-16.074109,39.259533,-2.226314,-7.608929,77.443504,0.010366,0.430708,0.19776,0.124468,-0.27674
01-17-25,28.26,28.290001,28.209999,27.57449,215300,27.513815,27.565582,26.979603,-0.012482,0.002807,0.008252,TRUE,TRUE,0.585979,0.004037,3.861266,21.368296,52.1664,22.82726,-0.064037,-0.010998,0.667399,3.06802,6.190903,-32.165957,-0.842181,2.718996,16.2865,0.391897,0.134456,0.046866,0.990497,0.051501,-3.268059,1.354386,11283100,67.028704,-4367303060.656512,-15.988957,42.662175,-1.781155,-8.87479,76.963169,0.011159,0.462997,0.216486,0.134456,0.372547
01-20-25,28.27,28.33,28.27,27.613493,92900,27.510375,27.571389,26.987533,-0.014415,0.002918,0.008264,TRUE,TRUE,0.583856,0.00371,-0.82643,19.972463,53.673929,11.078567,-0.046759,0.005024,0.596739,3.399108,6.689911,-26.344542,-0.248493,2.697623,15.981786,0.391045,0.131731,0.044779,0.991256,0.291072,-3.268059,0.620057,11376000,-66.303954,-4369428963.619287,-16.572722,41.648922,-1.657048,-9.425292,76.870165,0.015605,0.648177,0.21161,0.131731,0.64522
01-21-25,28.4,28.4,28.33,27.652494,196600,27.520554,27.574291,26.995373,-0.015615,0.003031,0.008275,TRUE,TRUE,0.578918,0.003508,-2.520959,19.096274,55.194571,6.936753,-0.029578,0.017764,1.417543,3.619563,6.801665,-20.523412,0.741637,2.686005,16.216344,0.390831,0.13389,0.046796,0.992193,0.266738,-3.268059,1.324441,11572600,-12.349532,-4373431225.352257,-17.679964,44.194539,-1.891915,-9.954043,76.537721,0.013415,0.558092,0.216323,0.13389,0.813627
01-22-25,28.379999,28.379999,28.26,27.57449,142200,27.520512,27.573112,27.003156,-0.016161,0.003146,0.008286,TRUE,TRUE,0.569956,0.003125,-10.399945,17.816573,51.54993,-0.61647,-0.022003,0.020272,0.988201,3.550506,6.306751,-32.165957,-0.003043,2.688228,16.214863,0.392633,0.133852,0.045951,0.919856,0.123161,-3.268059,0.953626,11430400,10.48951,-4375198100.019262,-17.532393,44.607502,-2.486191,-9.166705,76.301943,0.009,0.37252,0.214362,0.133852,0.33289
01-23-25,28.17,28.27,28.17,27.535488,257500,27.519492,27.571735,27.010886,-0.016273,0.003266,0.008296,FALSE,TRUE,0.560848,0.002677,-10.399805,17.018989,49.779995,-3.893934,-0.018928,0.018677,1.060091,3.218209,6.233656,-41.723496,-0.074007,2.67563,16.197853,0.393173,0.129665,0.043111,0.929208,0.006281,-3.268059,1.63321,11172900,197.687861,-4378723324.084188,-16.624122,37.201384,-3.50885,-10.601323,75.74049,0.006291,0.259641,0.207632,0.129665,0.098753
01-24-25,28.23,28.34,28.219999,27.632992,113500,27.523348,27.575216,27.018581,-0.015913,0.003397,0.008306,TRUE,TRUE,0.556635,0.002375,-2.985022,15.814601,54.029453,-1.165117,-0.008526,0.023264,1.238327,3.583706,6.804162,-25.739256,0.279832,2.68603,16.379778,0.395578,0.130824,0.043282,0.876779,0.243077,-3.268059,0.709065,11286400,73.547401,-4379947238.881931,-16.421121,42.083977,-3.577377,-11.177908,75.890839,0.011474,0.470758,0.208043,0.130824,0.669387
01-27-25,28.43,28.469999,28.41,27.749998,104600,27.534512,27.582977,27.02805,-0.015053,0.003537,0.008316,TRUE,TRUE,0.554928,0.002294,13.23519,15.45026,58.560931,7.011001,0.009056,0.032676,1.739069,3.984929,7.084172,-5.882782,0.81116,2.718205,17.1469,0.398829,0.127164,0.040247,1.147519,0.451269,-3.268059,0.649689,11391000,21.627907,-4382353065.483324,-16.537059,49.079037,-3.281965,-10.60252,76.350294,0.017089,0.694307,0.200616,0.127164,1.256706
01-28-25,28.33,28.389999,28.32,27.758799,277700,27.54129,27.589751,27.037753,-0.013736,0.00368,0.008325,TRUE,TRUE,0.551998,0.002368,16.357108,14.519881,58.889177,9.109182,0.023429,0.037639,1.738778,3.651887,7.3925,-4.588587,0.490729,2.708206,17.772587,0.396503,0.161402,0.060182,1.155622,0.238204,-3.268059,1.650569,11668700,109.111446,-4387083514.73128,-16.314137,46.946012,-3.313878,-10.587531,75.942006,0.003754,0.15503,0.245321,0.161402,1.223844
01-29-25,28.42,28.459999,28.360001,27.788132,201700,27.546609,27.597499,27.046984,-0.012182,0.003824,0.008333,TRUE,TRUE,0.550515,0.00229,26.511412,14.067228,60.025769,5.996316,0.036763,0.040779,1.846287,3.464197,6.802574,-0.274883,0.384319,2.704432,18.364446,0.392941,0.165058,0.064051,1.199951,0.57351,-3.268059,1.161498,11870400,115.721925,-4389592169.061028,-16.044793,52.453237,-3.591096,-11.172569,75.846557,0.011704,0.488743,0.253083,0.165058,1.315164
01-30-25,28.48,28.540001,28.450001,27.895685,155800,27.556331,27.60701,27.057562,-0.010351,0.003972,0.008341,TRUE,TRUE,0.549448,0.002542,52.043063,14.090977,63.9602,5.399269,0.055371,0.047509,2.131602,3.494098,6.788938,14.091237,0.701914,2.729686,19.692793,0.392885,0.175103,0.076426,1.401827,0.571179,-3.268059,0.899201,12026200,-4.767726,-4391667129.481491,-15.962344,60.038178,-4.804852,-12.216378,75.193915,0.006934,0.291516,0.276452,0.175103,1.72324
01-31-25,28.6,28.65,28.5,28.003241,257700,27.573381,27.620806,27.068772,-0.008098,0.004125,0.008349,TRUE,TRUE,0.552034,0.002943,64.791898,14.670189,67.414202,8.525025,0.077898,0.056029,2.162716,3.413518,6.775433,24.795348,1.232719,2.73611,21.999144,0.39553,0.151732,0.059172,1.559601,0.825267,-3.268059,1.432025,12283900,107.990315,-4393631699.171102,-15.449871,66.767829,-5.188593,-9.811556,76.237896,0.020385,0.843474,0.243254,0.151732,1.953984
02-03-25,28.860001,28.940001,28.700001,28.16946,294300,27.598254,27.640058,27.080481,-0.00541,0.004285,0.008357,TRUE,TRUE,0.559578,0.003436,81.820876,16.350253,71.896811,11.871042,0.10792,0.068841,3.170574,3.512726,6.601917,22.167635,1.797728,2.798692,25.677565,0.39917,0.133016,0.045942,1.829243,1.422191,-3.268059,1.564385,12578200,124.828113,-4395227150.905599,-14.73813,75.249531,-2.572489,-10.17008,77.64507,0.042747,1.740432,0.214341,0.133016,2.224533
02-04-25,28.65,28.799999,28.639999,28.149904,134100,27.627025,27.661662,27.092472,-0.002358,0.00445,0.008364,TRUE,TRUE,0.56919,0.004162,74.540987,17.478047,70.665151,6.70495,0.128652,0.071658,2.697781,2.751019,7.528527,11.225266,2.086764,2.721152,28.469178,0.390971,0.118281,0.037186,1.656002,0.948765,-3.268059,0.733769,12444100,-44.47205,-4396182773.665058,-14.487137,69.790924,-2.879432,-13.172806,77.691921,0.033068,1.368344,0.192836,0.118281,1.83665
02-05-25,28.879999,28.92,28.84,28.247681,124500,27.662147,27.684055,27.104714,0.000929,0.004622,0.008371,TRUE,TRUE,0.579341,0.005227,73.834105,18.943069,73.142486,5.728284,0.151228,0.075387,3.054493,3.983889,8.726905,10.088382,2.550147,2.681471,31.571068,0.389215,0.130473,0.04755,1.756115,0.877671,-3.268059,0.690497,12568600,-28.242075,-4398150869.831284,-14.147587,68.512367,-3.068245,-14.574223,77.120677,0.027809,1.162162,0.218059,0.130473,1.854652
02-06-25,28.82,28.889999,28.780001,28.247681,173700,27.701657,27.700808,27.117099,0.004409,0.004796,0.008377,TRUE,TRUE,0.583709,0.006208,71.138102,19.866304,73.142486,1.245675,0.167193,0.073082,3.383637,4.168251,8.214789,10.088382,2.877902,2.638308,33.744645,0.388799,0.1317,0.048556,1.636539,0.950237,-3.268059,0.936817,12568600,142.937063,-4400005753.070693,-13.937593,61.087555,-1.467875,-14.445809,77.200001,0.030223,1.265107,0.220353,0.1317,1.618104
02-07-25,28.690001,28.719999,28.639999,28.022795,168700,27.738698,27.711896,27.128502,0.007833,0.004955,0.008384,TRUE,TRUE,0.583394,0.006538,36.151065,19.779098,59.695115,-10.970035,0.159856,0.052596,1.873699,3.559294,7.626217,-19.117567,2.715433,2.587297,32.951989,0.396911,0.162906,0.070615,1.537368,0.75134,-3.268059,0.922892,12399900,-23.699683,-4402777516.232603,-13.896933,55.729906,-1.797256,-12.712361,76.881929,0.026613,1.104104,0.265734,0.162906,0.862152
02-10-25,28.719999,28.75,28.66,28.022795,151100,27.779152,27.721623,27.14002,0.011146,0.005101,0.00839,TRUE,TRUE,0.581603,0.006672,33.873157,19.82955,59.695115,-13.447371,0.152285,0.03602,1.409019,3.010191,8.136864,-19.117567,2.973039,2.572181,31.081069,0.393669,0.164176,0.074388,1.446258,0.99485,-3.268059,0.82046,12399900,22.150364,-4405068205.81002,-13.814078,54.980302,-3.33964,-13.8033,76.232551,0.031258,1.310141,0.272741,0.164176,0.783894
02-11-25,28.620001,28.620001,28.57,27.944574,106700,27.82057,27.728814,27.151671,0.014243,0.005231,0.008396,TRUE,TRUE,0.577143,0.00674,33.846768,19.29038,55.573545,-17.568941,0.138379,0.017691,1.232506,2.541432,7.756367,-29.27605,3.054857,2.546075,27.038271,0.395142,0.162794,0.072556,1.329746,0.661872,-3.268059,0.59476,12293200,-47.178218,-4407844160.061403,-13.381008,55.721488,-3.373079,-14.048525,75.942011,0.023361,0.974514,0.269362,0.162794,0.458625
02-12-25,28.440001,28.469999,28.42,27.807688,135300,27.843443,27.727238,27.162256,0.016955,0.005339,0.008401,TRUE,TRUE,0.564982,0.006522,22.849005,17.916271,49.174834,-10.520282,0.114987,-0.00456,1.270188,1.716092,7.30679,-57.265397,1.672602,2.514919,24.682291,0.400661,0.171249,0.077419,1.219622,0.375989,-3.268059,0.76404,12157900,-25.495595,-4411293344.886306,-13.919382,58.493414,-2.166676,-13.316792,75.88043,0.015358,0.633498,0.278243,0.171249,-0.144863
02-13-25,28.57,28.629999,28.540001,27.944574,118600,27.866823,27.728011,27.172858,0.019355,0.005431,0.008407,TRUE,TRUE,0.555153,0.006538,25.317909,17.434135,54.781736,-4.913379,0.10627,-0.010623,2.129338,2.073212,8.468443,-60.552392,1.701746,2.50715,23.19839,0.40514,0.179481,0.084239,1.109723,0.647079,-3.268059,0.693061,12276500,-50.126156,-4412981255.260365,-14.408779,58.602558,-1.534598,-12.995552,75.767655,0.020533,0.840724,0.29024,0.179481,0.33516
02-14-25,28.620001,28.639999,28.58,27.964134,110600,27.886305,27.731703,27.184178,0.021335,0.005508,0.008411,TRUE,TRUE,0.547525,0.006376,18.89602,17.033574,55.536545,-0.037,0.099789,-0.013683,1.983974,2.396401,7.871127,-57.39758,1.413062,2.469232,22.230064,0.401365,0.173088,0.082379,1.040064,0.955708,-3.268059,0.666707,12387100,-48.629819,-4415362367.044706,-14.485293,58.717235,-0.618904,-10.207056,76.464398,0.031261,1.2907,0.287017,0.173088,0.350109
02-18-25,28.450001,28.5,28.42,27.788132,171600,27.895037,27.730125,27.194236,0.022826,0.005562,0.008415,TRUE,TRUE,0.535889,0.005709,2.255637,15.878552,47.80396,-1.370873,0.079534,-0.02715,1.41383,1.716141,7.153112,-98.598099,0.63244,2.458104,21.430679,0.406856,0.154323,0.064637,1.028022,0.787459,-3.268059,1.010452,12215500,84.714747,-4418244684.904659,-14.37236,61.382906,-2.501034,-11.543647,75.478268,0.02651,1.069497,0.254237,0.154323,-0.498841
02-19-25,28.42,28.459999,28.4,27.82724,88900,27.903774,27.72933,27.203966,0.024024,0.0056,0.008418,TRUE,TRUE,0.525364,0.004842,2.984883,14.912575,49.486959,-5.294777,0.065878,-0.032645,1.484727,1.787611,7.303917,-106.066418,0.631934,2.44712,20.734708,0.400822,0.196012,0.099805,1.012927,1.224834,-3.268059,0.540623,12304400,-54.781282,-4420030877.710712,-14.169196,55.38646,-2.026851,-10.951543,75.739337,0.040059,1.672181,0.31592,0.196012,-0.369111
02-20-25,28.41,28.450001,28.379999,27.758799,81700,27.91299,27.723859,27.212828,0.024776,0.005621,0.008421,TRUE,TRUE,0.511031,0.003918,-10.769152,14.126809,46.651972,-8.884573,0.048969,-0.039643,1.630433,1.145932,6.457642,-110.9284,0.668404,2.419931,19.571119,0.401956,0.198334,0.102125,1.062572,0.917637,-3.268059,0.506149,12222700,-42.54571,-4421562604.118712,-14.361895,50.00165,-1.375783,-11.547601,75.863902,0.034592,1.441759,0.31957,0.198334,-0.787849
02-21-25,28.43,28.610001,28.43,27.934799,263800,27.932955,27.72327,27.221951,0.025208,0.005627,0.008423,TRUE,TRUE,0.501319,0.003727,-5.109304,13.734785,53.95674,6.15278,0.049202,-0.031528,2.675747,1.894327,7.483475,-79.499799,1.450169,2.429458,17.437866,0.388021,0.160818,0.076923,1.07852,0.674165,-3.268059,1.631114,12486500,2.446602,-4423277891.136048,-13.774367,50.132041,0.993858,-9.002408,77.339238,0.031857,1.356519,0.277349,0.160818,0.010575
02-24-25,28.52,28.620001,28.5,27.954353,293700,27.949023,27.723655,27.230933,0.025308,0.005622,0.008425,TRUE,TRUE,0.492722,0.003637,-18.032593,13.423387,54.698914,5.211955,0.050385,-0.024276,3.267998,2.396665,7.363356,-78.823168,1.162963,2.363481,15.945081,0.387333,0.160328,0.07671,1.111193,0.577792,-3.268059,1.720159,12780200,158.76652,-4426242512.893975,-13.557243,50.058316,3.033013,-8.784541,77.393375,0.029686,1.266205,0.276966,0.160328,0.033428
02-25-25,28.67,28.73,28.65,28.139664,245700,27.968506,27.729108,27.241318,0.025222,0.005609,0.008426,TRUE,TRUE,0.48779,0.003939,-0.75374,13.698659,61.0985,14.446528,0.065519,-0.007313,3.729018,2.605609,7.546265,-44.506492,1.4042,2.38475,15.764843,0.394922,0.1648,0.077841,1.112041,0.844785,-3.268059,1.381929,13025900,134.894837,-4429622954.285864,-13.293368,58.587618,3.479527,-7.84063,77.672063,0.03677,1.539125,0.279,0.1648,1.08569
02-26-25,28.719999,28.74,28.65,28.159269,173700,27.98853,27.736703,27.251706,0.024877,0.0056,0.008427,TRUE,TRUE,0.484996,0.004323,-6.904642,14.004284,61.714728,7.757988,0.078194,0.004289,2.733441,2.893566,7.894934,-43.280339,1.44268,2.340029,15.502153,0.394523,0.16314,0.07677,1.115183,0.773974,-3.268059,1.006402,13199600,-37.450486,-4431690869.976958,-12.922551,59.471428,1.933183,-7.73148,77.382075,0.034557,1.447121,0.277075,0.16314,1.101391
02-27-25,28.709999,28.76,28.690001,28.188686,115500,28.008558,27.74547,27.262718,0.02423,0.0056,0.008428,TRUE,TRUE,0.482751,0.005233,-4.503796,14.39298,62.670232,7.971318,0.089581,0.01254,2.62234,2.97204,8.322539,-50.34533,1.441459,2.327049,15.363709,0.369454,0.145319,0.070432,0.932984,0.118787,-3.268059,0.686336,13315100,-42.736738,-4433460713.927912,-13.034003,66.270002,2.609023,-7.32571,78.011426,0.020664,0.920893,0.26539,0.145319,1.17243
02-28-25,28.77,28.870001,28.77,28.296541,380000,28.028601,27.757171,27.274079,0.023328,0.005623,0.008428,TRUE,TRUE,0.483092,0.006337,22.94898,15.305603,66.01884,4.92034,0.106084,0.023235,2.760354,3.658115,8.618268,-17.032176,1.436982,2.370935,16.393881,0.372384,0.153547,0.081569,1.246992,0.340156,-3.268059,2.117051,13695100,143.902439,-4437438990.454262,-12.750177,76.165961,1.908178,-8.417143,77.376447,0.022576,1.004232,0.285603,0.153547,1.634395
03-03-25,28.790001,29.049999,28.75,28.482828,194900,28.05258,27.770654,27.286419,0.022327,0.005683,0.008429,TRUE,TRUE,0.484235,0.007509,33.35666,16.90497,70.877967,9.16324,0.132666,0.039854,3.25458,4.599169,9.015859,15.347607,1.712614,2.362012,19.260297,0.375886,0.113686,0.047132,1.796151,1.119189,-3.268059,1.105157,13890000,-24.369422,-4437981036.64019,-12.573882,76.605952,4.148798,-5.34666,79.032735,0.044227,1.913454,0.217098,0.113686,2.233861
03-04-25,29,29.049999,28.91,28.374977,762200,28.062856,27.784508,27.297409,0.021146,0.00577,0.008429,TRUE,TRUE,0.487099,0.008615,30.551761,18.390097,65.076096,2.405864,0.143377,0.040452,1.751754,4.350909,8.093007,-0.749559,0.729573,2.363429,20.429458,0.37802,0.124656,0.062233,1.726649,0.627377,-3.268059,3.81577,13127800,158.987428,-4444568895.31049,-12.350875,84.934422,4.822244,-2.992277,80.231355,0.036724,1.592526,0.249466,0.124656,1.527801
03-05-25,28.860001,28.889999,28.709999,28.188686,339900,28.064795,27.799303,27.307229,0.019747,0.005876,0.008429,TRUE,TRUE,0.492075,0.009387,26.128547,18.224809,56.47653,-9.542311,0.135274,0.025879,1.013284,3.044619,7.772684,-28.554144,0.13777,2.376413,20.534566,0.38829,0.097474,0.037474,1.629776,0.163432,-3.268059,1.618263,12787900,153.467562,-4446877616.320959,-12.067902,79.679726,2.866385,-6.499366,78.817593,0.022916,0.954943,0.193581,0.097474,0.603332
03-06-25,28.690001,28.700001,28.5,27.943567,180300,28.049589,27.806668,27.316157,0.018028,0.005986,0.008429,TRUE,TRUE,0.490511,0.010019,-0.064293,17.024868,47.569133,-23.308835,0.10783,-0.001252,0.590533,1.682644,6.181058,-65.13908,-1.076596,2.317762,20.232785,0.397495,0.117609,0.053647,1.630069,-0.813952,-3.268059,0.847155,12607600,44.819277,-4448061160.695256,-11.725389,74.777323,3.53493,-6.671282,78.990354,0.001498,0.061492,0.231618,0.117609,-0.52401
03-07-25,28.66,28.690001,28.57,28.041618,180500,28.039286,27.816383,27.325384,0.016203,0.006102,0.008428,TRUE,TRUE,0.490998,0.010701,4.710586,15.910637,50.904793,-14.171303,0.092921,-0.012928,0.626508,1.896424,6.438548,-50.504593,-0.729484,2.322651,19.688292,0.39885,0.121884,0.058149,1.609857,-0.417359,-3.268059,0.846742,12788100,3.914796,-4449831196.799524,-11.686786,75.284241,2.842931,-7.489077,78.677397,0.009565,0.392251,0.241142,0.121884,0.011846
03-10-25,28.73,28.799999,28.690001,28.139664,162500,28.045129,27.828058,27.335121,0.014538,0.006223,0.008427,TRUE,TRUE,0.492937,0.011491,22.434348,15.280235,54.052647,-2.423883,0.088003,-0.014277,0.978341,2.145329,6.849163,-35.870961,0.41705,2.37104,19.809827,0.401033,0.104092,0.043786,1.506789,-0.1156,-3.268059,0.763413,12950600,-3.675163,-4451619711.174167,-11.472845,80.131612,4.669886,-6.597662,80.037812,0.018201,0.736793,0.209251,0.104092,0.477209
03-11-25,28.68,28.83,28.610001,28.090637,244200,28.048522,27.839337,27.344996,0.0131,0.006341,0.008426,TRUE,TRUE,0.494341,0.012073,16.703962,14.22317,52.248637,4.679504,0.079236,-0.018436,0.208015,1.718145,6.471315,-43.188346,0.242097,2.379875,19.827647,0.40038,0.112101,0.051176,1.423877,-0.069917,-3.268059,1.122681,12706400,61.614825,-4453016901.528154,-11.021929,76.679448,4.828589,-4.735111,80.593515,0.022536,0.917285,0.226221,0.112101,0.212408
03-12-25,28.639999,28.690001,28.5,27.97298,217400,28.049942,27.846332,27.354139,0.011931,0.006457,0.008425,TRUE,TRUE,0.492193,0.012302,13.171751,13.773408,48.099717,-2.805076,0.062079,-0.028474,0.031184,1.080332,6.331125,-73.712999,0.101652,2.38391,19.759324,0.402061,0.097036,0.037651,1.339681,-0.138603,-3.268059,0.974669,12489000,103.748828,-4454440340.658808,-10.445232,73.91338,3.781567,-6.404508,79.735654,0.016977,0.683268,0.194038,0.097036,-0.389494
03-13-25,28.469999,28.629999,28.42,28.022005,204400,28.060658,27.853137,27.363622,0.010931,0.006569,0.008422,TRUE,TRUE,0.489515,0.012551,5.817239,13.760269,49.885407,-4.16724,0.051839,-0.030971,0.311129,1.434209,6.70982,-63.173893,0.770712,2.330242,18.940564,0.402303,0.090064,0.033029,1.310452,0.045797,-3.268059,0.902408,12693400,51.071693,-4455419507.627019,-9.74066,68.007521,4.653108,-4.041616,80.681772,0.022153,0.888924,0.181738,0.090064,-0.204074
03-14-25,28.58,28.629999,28.52,28.012203,101100,28.064039,27.859356,27.373678,0.010022,0.006685,0.00842,TRUE,TRUE,0.485678,0.012703,3.884259,13.748068,49.518561,-2.730076,0.042445,-0.032293,0.520953,1.327978,6.865488,-64.729747,0.242011,2.31137,18.78212,0.401835,0.080858,0.028438,1.29089,0.115098,-3.268059,0.448079,12592300,-14.755481,-4456454042.289154,-9.633645,66.262639,3.923767,-4.733808,79.375744,0.020614,0.826193,0.168637,0.080858,-0.275986
03-17-25,28.690001,28.77,28.65,28.100443,145900,28.070855,27.86812,27.384653,0.009221,0.00681,0.008417,TRUE,TRUE,0.483467,0.013147,-2.817038,12.836321,52.878053,4.778336,0.041639,-0.026478,1.15525,1.540917,7.826271,-50.723431,0.487441,2.299575,18.647343,0.401359,0.085528,0.032447,1.300558,0.091588,-3.268059,0.641615,12738200,31.916817,-4457936271.730464,-9.361223,65.275623,2.765739,-5.045104,78.968421,0.018898,0.759873,0.18013,0.085528,0.158673
03-18-25,28.559999,28.690001,28.540001,28.090637,205200,28.08598,27.876493,27.395102,0.008497,0.006943,0.008414,TRUE,TRUE,0.481391,0.013345,-4.964453,12.59682,52.46025,2.574843,0.039752,-0.022693,1.226248,1.153032,7.867133,-52.27989,1.088614,2.297637,17.419863,0.396609,0.068552,0.018812,1.317081,0.372642,-3.268059,0.895776,12533000,19.58042,-4459370933.963593,-8.97659,59.640536,2.741841,-4.414871,79.215114,0.023567,0.952298,0.137156,0.068552,0.026735
03-19-25,28.66,28.73,28.58,28.149466,138000,28.102091,27.887992,27.405031,0.007854,0.007086,0.008411,TRUE,TRUE,0.482961,0.013221,-2.777909,12.120093,54.769244,5.250683,0.042513,-0.015945,1.580607,1.576489,8.527789,-42.942044,1.15795,2.302638,16.358656,0.380508,0.057275,0.014913,1.325281,1.120174,-3.268059,0.596035,12671000,55.230596,-4460301119.205764,-8.696549,59.899648,1.176339,-5.839811,78.210564,0.039355,1.654245,0.12212,0.057275,0.289598
03-20-25,28.82,28.83,28.68,28.149466,210800,28.121625,27.900077,27.414148,0.007337,0.00724,0.008407,TRUE,TRUE,0.485929,0.013273,-11.278569,11.440479,54.769244,1.891192,0.044191,-0.011413,1.225432,1.824495,7.975088,-42.942044,1.407363,2.30244,14.23883,0.376562,0.050877,0.01189,1.35043,0.808353,-3.268059,0.88577,12671000,158.017136,-4462003079.319188,-8.496434,57.821326,0.874144,-5.896927,78.272394,0.032719,1.387588,0.10904,0.050877,0.195529
03-21-25,28.74,28.76,28.66,28.159269,230700,28.132848,27.914113,27.422596,0.006982,0.007402,0.008404,TRUE,TRUE,0.491516,0.013276,-28.695882,10.68448,55.189891,2.729641,0.045785,-0.007856,1.72308,1.788957,7.738357,-41.385887,0.80355,2.265385,13.557057,0.376307,0.052944,0.0128,1.027664,0.882972,-3.268059,0.976177,12901700,-12.547384,-4464544141.099882,-8.730641,51.318036,-0.675765,-4.431431,78.506522,0.035181,1.493705,0.113139,0.052944,0.194889
03-24-25,28.700001,28.709999,28.6,28.061228,136900,28.138192,27.929698,27.429933,0.006657,0.007568,0.0084,TRUE,TRUE,0.499765,0.013084,-28.070101,10.236143,50.165424,-4.60382,0.038691,-0.01196,2.230706,1.469911,7.480224,-76.334639,0.382318,2.269114,13.016309,0.379555,0.037174,0.006515,0.461349,0.63272,-3.268059,0.599151,12764800,-53.387811,-4466022110.85071,-8.704888,34.817151,-2.301883,-6.264201,77.112655,0.02916,1.223567,0.080714,0.037174,-0.591289
03-25-25,28.610001,28.690001,28.6,28.061228,136200,28.13427,27.946648,27.437413,0.006299,0.007735,0.008396,TRUE,TRUE,0.509235,0.012815,-13.683973,9.81983,50.165424,-4.60382,0.032692,-0.014367,1.762079,1.399214,7.109635,-87.505466,-0.278738,2.298069,13.129314,0.379153,0.03655,0.006306,0.389278,0.707255,-3.268059,0.610721,12764800,-44.566545,-4467788993.103921,-8.556832,37.684016,-2.12218,-6.210985,77.052463,0.030826,1.294733,0.07941,0.03655,-0.556329
03-26-25,28.5,28.5,28.4,27.952091,95400,28.123911,27.963366,27.444969,0.005859,0.007889,0.008392,FALSE,TRUE,0.518396,0.012501,1.071572,10.579702,44.889432,-10.300459,0.018913,-0.022517,1.437841,1.047213,6.848157,-104.164671,-0.735737,2.288504,13.725464,0.380662,0.050672,0.012017,0.385085,0.190398,-3.268059,0.435418,12669400,-45.07772,-4468738999.073899,-8.454616,39.013416,-1.056373,-5.777501,77.295846,0.017737,0.744147,0.109623,0.050672,-1.251833
03-27-25,28.43,28.5,28.42,27.991415,77300,28.114048,27.976189,27.452961,0.005391,0.008037,0.008388,TRUE,TRUE,0.523229,0.012333,-6.814304,11.285297,47.050323,-3.115101,0.011039,-0.024312,1.580547,1.50869,7.037393,-95.019606,-0.699825,2.23463,13.942579,0.380167,0.048772,0.011116,0.401499,0.141163,-3.268059,0.35591,12746700,-33.073593,-4469644540.477709,-8.329994,36.276947,-0.586724,-5.522533,77.404588,0.017023,0.714828,0.105435,0.048772,-0.879554
03-28-25,28.530001,28.620001,28.530001,28.129065,152500,28.105674,27.989231,27.461402,0.004962,0.00818,0.008383,TRUE,TRUE,0.527829,0.012406,-1.365272,11.040374,53.868927,3.703502,0.015725,-0.015701,2.188246,2.115289,7.174048,-63.008108,-0.591863,2.190736,13.275831,0.384989,0.027357,0.003607,0.402091,0.428931,-3.268059,0.740957,12899200,-59.868421,-4471155766.159055,-8.191039,35.981098,1.520365,-2.655245,79.048854,0.026033,1.075388,0.060062,0.027357,0.176191
03-31-25,28.719999,28.719999,28.629999,28.227383,138500,28.092901,28.002289,27.469856,0.004613,0.00832,0.008378,TRUE,TRUE,0.532433,0.01255,16.562555,10.351807,58.026594,13.137162,0.02706,-0.003493,2.187069,1.971108,7.470743,-40.14345,-0.89684,2.157952,10.366331,0.386583,0.03642,0.006373,0.599675,0.762738,-3.268059,0.682283,13037700,-28.937917,-4472533428.17745,-8.510651,44.061044,-0.073616,-3.808525,78.654852,0.034043,1.402386,0.079828,0.03642,1.297289
04-01-25,28.76,28.83,28.74,28.335533,126800,28.090929,28.01673,27.47799,0.004337,0.008466,0.008373,TRUE,TRUE,0.538739,0.012856,44.423722,10.362396,62.075652,15.025328,0.04426,0.010965,2.361801,2.361801,9.107115,-14.992193,-0.13901,2.150536,9.824814,0.389195,0.039618,0.00746,0.889141,0.994116,-3.268059,0.740546,13164500,-83.363946,-4473799923.324316,-8.535853,52.009235,0.134998,-3.777165,78.624028,0.039387,1.612547,0.08637,0.039618,2.489655
04-02-25,28.9,28.9,28.709999,28.325703,372300,28.09778,28.030194,27.485789,0.004147,0.008609,0.008368,TRUE,TRUE,0.544405,0.012945,39.089447,10.752503,61.494954,7.626028,0.056447,0.018522,2.254254,2.112287,8.949582,-14.85939,0.486068,2.127943,10.955044,0.385911,0.033728,0.005641,0.838574,1.220361,-3.268059,2.153953,12792200,9.532215,-4475678256.524136,-8.331349,64.591693,-0.497705,-5.138364,77.718004,0.04401,1.8155,0.075108,0.033728,2.080527
04-03-25,28.870001,28.870001,28.709999,28.227383,322300,28.111971,28.043252,27.493335,0.003871,0.008735,0.008362,TRUE,TRUE,0.549917,0.012781,24.863359,11.114745,55.865993,-2.160601,0.057509,0.015667,2.043001,2.400304,8.452393,-34.523392,1.015673,2.119237,10.687237,0.38876,0.052999,0.018089,0.787787,1.04739,-3.268059,1.791103,12469900,78.757626,-4477944876.120736,-8.303569,54.771559,3.868071,-0.835177,80.482562,0.043034,1.773352,0.134496,0.052999,1.079904
04-04-25,28.879999,28.98,28.790001,28.306038,1062100,28.125192,28.058663,27.500844,0.003527,0.008849,0.008357,TRUE,TRUE,0.557819,0.012559,24.021938,12.039174,59.092015,-2.983637,0.06396,0.017694,2.291287,3.156027,8.516708,-16.200298,0.942954,2.112041,11.383947,0.387025,0.026788,0.006247,0.756449,1.460362,-3.268059,4.740989,13532000,488.421053,-4484417721.710713,-7.719345,67.003804,8.321766,4.279375,84.496733,0.054267,2.23283,0.079039,0.026788,1.588607
04-07-25,28.68,28.74,28.440001,27.971756,887100,28.116796,28.065438,27.506825,0.003026,0.008941,0.00835,FALSE,TRUE,0.558613,0.011444,-10.07178,11.685191,44.278534,-17.21642,0.041618,-0.003717,1.440703,2.624841,7.50954,-73.83512,-0.596694,2.097548,11.879937,0.409101,0.035978,0.010084,0.797865,1.031195,-3.268059,3.40858,12644900,445.907692,-4488074027.037316,-7.003576,55.892087,8.530593,5.919095,84.696844,0.046192,1.801502,0.100418,0.035978,-1.220885
04-08-25,28.32,28.469999,28.299999,27.863602,235800,28.105445,28.06771,27.512551,0.002309,0.00901,0.008343,FALSE,TRUE,0.555158,0.009998,-23.247283,12.004117,40.721654,-15.144339,0.015013,-0.024258,1.15579,2.518982,7.21142,-64.176082,-0.808225,2.069514,13.158918,0.41113,0.040774,0.013107,0.896619,0.938272,-3.268059,0.907499,12409100,-3.439803,-4489520444.645502,-7.02437,51.324484,10.286604,7.129238,85.697225,0.04498,1.748251,0.114486,0.040774,-1.837863
04-09-25,28.24,28.299999,28.049999,27.765282,394300,28.09506,28.06784,27.517835,0.00138,0.00905,0.008336,FALSE,TRUE,0.550005,0.00819,-28.929819,13.246578,37.752678,-21.339337,-0.013846,-0.042494,1.121007,1.939647,6.404828,-30.614781,-0.742498,2.014036,14.956176,0.411042,0.011419,0.001387,1.030739,0.941977,-3.268059,1.467545,12014800,81.370745,-4490812857.716181,-6.768743,44.408031,5.614259,1.573928,81.20556,0.040643,1.570749,0.037238,0.011419,-2.204962
04-10-25,28.200001,28.280001,28.1,27.666967,177700,28.077308,28.065416,27.522579,0.000299,0.009057,0.008328,FALSE,TRUE,0.542838,0.006581,-34.754905,14.400292,35.004385,-9.27415,-0.044142,-0.058232,1.411175,1.614765,7.002926,-41.186206,-1.266996,1.996456,17.720477,0.399624,0.013359,0.002144,1.196841,0.163098,-3.268059,0.664684,11837100,-13.062622,-4491845555.846982,-6.812555,44.987619,7.348938,4.806293,83.343482,0.021268,0.845754,0.046303,0.013359,-2.315628
04-11-25,28.059999,28.120001,27.98,27.598143,255000,28.056605,28.059465,27.527184,-0.00105,0.009028,0.008319,FALSE,TRUE,0.532281,0.005056,-33.380813,15.879305,33.18323,-7.538423,-0.072865,-0.069564,1.412605,1.182325,6.894032,-38.185692,-1.478144,1.97615,20.690927,0.396796,0.005825,0.000435,1.359861,-0.310636,-3.268059,0.927138,11582100,152.225519,-4493491593.16255,-6.733121,43.838581,4.396495,2.294608,81.189285,0.008466,0.338778,0.020864,0.005825,-2.215764
04-14-25,28.23,28.360001,28.209999,27.863602,116200,28.044763,28.056673,27.534076,-0.002449,0.008983,0.008309,FALSE,TRUE,0.522596,0.004125,-11.957494,15.821455,45.056675,7.303997,-0.073362,-0.056049,2.756243,2.010932,7.407902,-11.639786,-0.842838,1.991439,21.100526,0.413186,0.011951,0.001693,1.407274,0.090377,-3.268059,0.424777,11698300,-20.356408,-4494144472.741411,-6.618084,46.657667,4.764248,2.748605,81.08858,0.018938,0.72822,0.041151,0.011951,-0.858562
04-15-25,28.309999,28.4,28.299999,27.902929,89500,28.035377,28.051342,27.541165,-0.003704,0.00893,0.0083,FALSE,TRUE,0.510177,0.003309,-3.105755,15.554627,46.571455,11.56707,-0.069778,-0.041972,2.020831,1.722801,8.233996,-7.707024,-0.668222,2.013624,21.302233,0.413185,0.012507,0.001867,1.419898,0.090183,-3.268059,0.334242,11787800,-56.384016,-4494944725.20665,-6.642602,48.737994,4.031669,1.449306,80.492668,0.018837,0.724397,0.043205,0.012507,-0.621756
04-16-25,28.42,28.469999,28.33,27.971756,168500,28.026492,28.047779,27.548502,-0.004755,0.008883,0.008289,FALSE,TRUE,0.499277,0.002656,-1.219216,14.933859,49.210531,16.027301,-0.060685,-0.026303,1.800671,1.651241,8.581072,-0.824356,-0.631307,2.013562,21.171533,0.41394,0.011905,0.00168,1.424251,0.157401,-3.268059,0.625708,11956300,22.101449,-4495975573.312917,-6.623676,49.770163,4.150753,1.970666,80.735353,0.02069,0.794113,0.040983,0.011905,-0.258535
04-17-25,28.459999,28.459999,28.35,27.912762,74800,28.014657,28.041081,27.556647,-0.005553,0.008838,0.008279,FALSE,TRUE,0.484434,0.001755,-14.102626,14.357433,47.064623,2.007948,-0.057575,-0.018554,1.226757,1.902344,8.072809,-6.723785,-0.840882,1.981904,21.109424,0.413161,0.011137,0.001478,1.466143,0.203281,-3.268059,0.284958,11881500,-64.516129,-4496645024.947187,-6.598592,47.199169,4.102455,2.3999,80.214034,0.021754,0.836442,0.038448,0.011137,-0.482699
04-21-25,28.309999,28.33,28.15,27.706293,150300,27.992008,28.030253,27.563472,-0.006337,0.008774,0.008268,FALSE,TRUE,0.466781,0.000432,-31.736449,14.711852,40.421214,-6.150241,-0.070952,-0.025546,0.336068,0.934813,7.590297,-27.370644,-1.608622,1.951893,21.891727,0.424223,0.015735,0.002797,1.578421,-0.175131,-3.268059,0.581488,11731200,-34.850455,-4497536313.566693,-6.382082,43.959849,4.09929,2.529063,80.144517,0.012355,0.46297,0.052885,0.015735,-1.305126
04-22-25,28.23,28.26,28.200001,27.784946,148100,27.978194,28.025496,27.570881,-0.007022,0.008694,0.008256,FALSE,TRUE,0.454615,-0.000607,-34.146382,15.040956,43.682491,-5.52804,-0.074351,-0.023155,0.478988,1.90332,7.696898,-19.50531,-0.984566,1.933794,22.299836,0.423357,0.01827,0.00386,1.631617,-0.219373,-3.268059,0.571737,11879300,8.181154,-4499733416.637552,-6.507095,44.193953,3.377162,1.587951,79.199672,0.010968,0.412073,0.062128,0.01827,-0.866586
04-23-25,28.379999,28.42,28.17,27.735786,166800,27.961922,28.019756,27.577086,-0.007761,0.008595,0.008244,FALSE,TRUE,0.442669,-0.001537,-35.714401,14.405783,42.130214,-4.934409,-0.080087,-0.023113,0.58495,1.578931,7.625352,-24.42131,-1.159755,1.9554,22.842806,0.420505,0.017726,0.003695,1.661523,-0.598597,-3.268059,0.640147,11712500,22.46696,-4500479631.316507,-6.273029,41.424122,2.931503,0.532621,78.592485,0.000705,0.026669,0.060783,0.017726,-0.989963
04-24-25,28.280001,28.35,28.23,27.834108,104500,27.956023,28.017547,27.583543,-0.008488,0.008479,0.008232,FALSE,TRUE,0.434003,-0.002289,-23.809381,13.815979,46.244617,5.823404,-0.075826,-0.015082,1.084492,2.15608,8.126574,-14.589119,-0.42209,1.966435,23.021178,0.422975,0.020485,0.004906,1.718631,-0.393199,-3.268059,0.400352,11817000,9.538784,-4501273636.982882,-6.232212,46.279306,3.021786,-0.387054,78.074421,0.006038,0.22717,0.070046,0.020485,-0.529574
04-25-25,28.299999,28.299999,28.209999,27.823259,128800,27.947615,28.017858,27.590138,-0.009239,0.008332,0.008219,FALSE,TRUE,0.42772,-0.003014,-30.479295,13.37389,45.857193,2.174703,-0.072489,-0.009395,0.688552,1.935406,8.180608,-20.623703,-0.60074,1.893592,23.191552,0.422806,0.020267,0.004804,0.681521,-0.483872,-3.268059,0.488628,11688200,66.623545,-4502509370.157977,-6.233963,25.601542,2.77789,-0.690343,78.04399,0.003699,0.139203,0.069308,0.020267,-0.53621
04-28-25,28.18,28.27,28.18,27.872557,103500,27.934789,28.016418,27.596883,-0.010055,0.008156,0.008207,FALSE,TRUE,0.419535,-0.003478,-7.636759,13.12708,47.98943,5.859216,-0.065115,-0.001618,0.441653,2.188402,8.816116,-21.927124,-0.911896,1.893518,22.84192,0.420436,0.01707,0.003405,0.68808,-0.618666,-3.268059,0.396332,11791700,-32.131148,-4503319989.282293,-6.158307,34.372578,1.936377,-1.262857,77.851157,0.000325,0.012305,0.058352,0.01707,-0.272449
04-29-25,28.24,28.360001,28.24,27.961292,87700,27.921485,28.016361,27.603688,-0.011006,0.007962,0.008194,FALSE,TRUE,0.412673,-0.003613,7.634746,12.315243,51.67832,5.433702,-0.051518,0.009584,0.729476,2.480937,8.838363,-3.817813,-0.942668,1.88475,21.799114,0.419479,0.021353,0.005321,0.680349,-0.662463,-3.268059,0.339127,11879400,-36.6787,-4503815063.902019,-6.04815,40.799086,2.393131,-0.824004,77.790144,-0.001078,-0.040895,0.072946,0.021353,0.18261
04-30-25,28.4,28.48,28.370001,28.059887,101800,27.907703,28.021796,27.610746,-0.011927,0.007748,0.008182,TRUE,TRUE,0.411049,-0.003302,23.019145,12.009724,55.458473,9.60128,-0.032412,0.022952,0.977954,2.842297,8.657479,15.977478,-0.972793,1.89908,19.825591,0.414811,0.026997,0.008596,0.912389,-0.823608,-3.268059,0.395563,11981200,-19.716088,-4504490863.319404,-5.962763,52.606033,3.101682,-0.355882,78.250121,-0.005394,-0.207304,0.092716,0.026997,0.767616
05-01-25,28.41,28.41,28.32,28.000731,114900,27.891454,28.025266,27.617509,-0.012697,0.007514,0.008169,FALSE,TRUE,0.407757,-0.003115,26.901861,11.406376,52.790062,4.800632,-0.021793,0.026857,0.376565,2.516193,8.951439,4.146194,-1.14727,1.861102,17.403153,0.415581,0.026922,0.008516,0.834009,-0.912103,-3.268059,0.469967,11866300,-69.137792,-4505420962.577659,-6.082726,54.396744,3.716616,-0.848529,78.085153,-0.007809,-0.299577,0.092284,0.026922,0.627913
05-02-25,28.309999,28.35,28.209999,27.902136,97700,27.875192,28.028132,27.623251,-0.013164,0.007243,0.008157,FALSE,TRUE,0.404881,-0.002915,23.9282,10.998217,48.59345,-3.084869,-0.02109,0.022048,-0.361047,1.793861,8.246471,-75.110251,-1.152239,1.841116,15.516192,0.415254,0.021027,0.005189,0.72438,-1.358473,-3.268059,0.418855,11768600,-69.686627,-4505948347.712739,-6.002759,59.495713,1.110418,-3.977812,77.097098,-0.019452,-0.745542,0.072032,0.021027,0.173653
05-05-25,28.27,28.32,28.24,27.921856,101800,27.855982,28.027874,27.629092,-0.013341,0.006942,0.008144,FALSE,TRUE,0.398781,-0.002665,5.685004,10.619212,49.458879,-5.999594,-0.018726,0.01953,-0.878982,2.263724,7.883961,-69.134468,-1.357244,1.751816,11.845462,0.415411,0.020844,0.005097,0.71208,-1.312946,-3.268059,0.549557,11870400,-90.415215,-4506859824.569426,-6.057575,59.141441,-0.372799,-2.944087,77.354137,-0.01822,-0.69805,0.071394,0.020844,0.556107
05-06-25,28.23,28.360001,28.23,27.961292,62400,27.855459,28.028012,27.63537,-0.013253,0.006613,0.008132,FALSE,TRUE,0.392642,-0.002712,5.695009,9.993081,51.227209,-1.562853,-0.013514,0.019793,-0.670027,2.009678,7.600202,-57.184059,-0.037408,1.724246,11.793835,0.403114,0.018177,0.004113,0.702515,-0.737782,-3.268059,0.433318,11932800,-92.965844,-4507180181.434357,-6.633851,58.45243,-0.109962,-2.976234,77.606008,-0.002693,-0.106253,0.064129,0.018177,0.897358
05-07-25,28.370001,28.5,28.370001,28.069744,84800,27.865766,28.026614,27.642286,-0.012804,0.006264,0.00812,TRUE,TRUE,0.384328,-0.002579,9.205655,10.022931,55.806533,7.213083,-0.000625,0.026145,-0.629916,2.405337,7.504683,-22.93012,0.739827,1.710367,12.732192,0.406259,0.020559,0.00517,0.726925,-0.479476,-3.268059,0.62145,12017600,-64.03732,-4507656703.511326,-6.645509,56.173011,0.30442,-2.725859,77.357661,0.003843,0.150537,0.071902,0.020559,1.602063
05-08-25,28.42,28.42,28.280001,27.88242,88300,27.871623,28.021077,27.648553,-0.012076,0.005893,0.008108,FALSE,TRUE,0.372524,-0.002887,-2.543847,9.443799,47.509113,-1.949767,-0.005464,0.017046,-1.293066,2.046819,6.592567,-76.451354,0.421886,1.686508,12.513164,0.413858,0.018252,0.003933,0.73341,-0.718857,-3.268059,0.728818,11929300,-77.605884,-4508246525.857375,-7.194779,55.684904,-0.900915,-2.393518,76.501756,-0.002759,-0.106025,0.062712,0.018252,0.086279
05-09-25,28.35,28.42,28.34,28.000731,68600,27.888311,28.017318,27.655172,-0.011053,0.005507,0.008096,FALSE,TRUE,0.362146,-0.00323,26.655408,8.906033,52.329911,1.102702,0.000246,0.018204,-0.078737,1.793487,7.436565,-51.293818,1.20636,1.710081,11.848059,0.412451,0.0174,0.003595,0.649966,-0.134896,-3.268059,0.592913,11997900,-61.395611,-4508896973.841544,-7.368806,63.485203,-0.306258,-2.113341,76.647006,0.012286,0.473714,0.05996,0.0174,0.948839
05-12-25,28.290001,28.360001,28.280001,27.931715,64900,27.90499,28.010021,27.661445,-0.009834,0.005106,0.008084,FALSE,TRUE,0.348576,-0.003466,13.403904,8.54187,49.475405,-6.331128,-0.000789,0.013735,-0.32502,1.07942,7.093375,-72.207612,1.208677,1.664584,9.70181,0.408894,0.012857,0.002004,0.605142,-0.614071,-3.268059,0.61114,11933000,-74.54902,-4509526967.888227,-7.549967,56.576188,-0.608276,-3.965946,75.770157,-0.000062,-0.002408,0.044766,0.012857,0.275463
05-13-25,28.35,28.35,28.27,27.931715,107500,27.908396,27.998999,27.667671,-0.008526,0.004688,0.008072,FALSE,TRUE,0.331328,-0.003667,18.734646,8.27228,49.475405,1.966293,-0.001591,0.010347,-0.046017,1.185921,7.486383,-77.589228,0.244453,1.609151,9.668369,0.408791,0.013442,0.002179,0.531377,-0.659528,-3.268059,1.016452,11933000,-7.487091,-4510543610.891827,-7.752996,46.47715,-0.484228,-3.878056,75.575882,-0.00148,-0.057539,0.046681,0.013442,0.241191
05-14-25,28.290001,28.32,28.26,27.872557,327200,27.906877,27.988951,27.67313,-0.007182,0.004258,0.00806,FALSE,TRUE,0.315821,-0.004261,3.819452,8.094267,46.930483,-5.399427,-0.00692,0.004014,0.233277,1.506428,7.101525,-96.076222,-0.108851,1.554668,9.701205,0.401401,0.016303,0.003316,0.516987,-0.396424,-3.268059,2.781249,11605800,265.586592,-4515096566.075092,-8.564682,32.987898,-0.979537,-3.184933,75.14606,0.005485,0.217293,0.057587,0.016303,-0.353775
05-15-25,28.35,28.459999,28.34,28.03031,70800,27.909805,27.985783,27.678993,-0.005744,0.003838,0.008048,TRUE,TRUE,0.30679,-0.004536,17.948981,8.147041,53.760814,4.285408,0.001568,0.010001,0.306805,2.442676,7.747183,-46.778366,0.209331,1.576893,9.99132,0.40753,0.020604,0.005171,0.462177,-0.114388,-3.268059,0.627882,11676600,-57.982196,-4515532804.088889,-8.67206,39.05705,-1.185529,-2.768272,74.882615,0.012091,0.472189,0.071908,0.020604,1.206095
05-16-25,28.469999,28.5,28.41,28.01059,145100,27.914696,27.987124,27.684277,-0.004248,0.003421,0.008037,TRUE,TRUE,0.302847,-0.00497,12.280815,8.461566,52.845189,3.369783,0.006626,0.012048,0.166125,2.153395,7.004551,-68.761674,0.350477,1.583855,10.242857,0.406268,0.019489,0.004648,0.426064,-0.000388,-3.268059,1.247904,11531500,93.983957,-4516965778.059982,-8.73823,47.524019,-2.446991,-3.130615,74.64097,0.014848,0.581513,0.06818,0.019489,0.936198
05-20-25,28.219999,28.280001,28.18,27.8134,157200,27.920052,27.982559,27.687949,-0.002882,0.002999,0.008025,FALSE,TRUE,0.29461,-0.005443,-12.000074,8.581324,44.655198,-2.275285,-0.005216,0.000165,0.090933,1.506048,6.058081,-114.562621,0.386581,1.53909,9.335728,0.408478,0.026046,0.008089,0.480041,-0.867033,-3.268059,1.347968,11374300,4.590818,-4518275564.178352,-8.891807,39.965417,-2.072018,-4.656444,73.947455,-0.008451,-0.32976,0.089939,0.026046,-1.142399
05-21-25,28.08,28.110001,28.02,27.635933,157700,27.912601,27.972485,27.690061,-0.001732,0.002567,0.008012,FALSE,FALSE,0.282423,-0.006167,-32.330858,9.534701,38.823531,-14.937283,-0.028591,-0.018569,-0.687481,0.787039,5.650265,-80.014146,-0.53631,1.491567,10.929338,0.416383,0.031524,0.011516,0.633213,-1.300483,-3.268059,1.346712,11216600,6.482107,-4519779205.237141,-8.559261,32.45272,-2.028019,-4.112151,74.223647,-0.020146,-0.77252,0.107312,0.031524,-2.531425
05-22-25,27.92,28.030001,27.91,27.694269,112900,27.910525,27.964557,27.691551,-0.000771,0.002129,0.008,FALSE,TRUE,0.273006,-0.006464,-23.385458,10.913739,41.526759,-11.31843,-0.041926,-0.025523,-0.232465,1.394178,5.719146,-36.56451,-0.149688,1.499762,11.315453,0.407854,0.030381,0.011144,0.724188,-1.620771,-3.268059,0.986845,11329500,-32.314149,-4520298035.603508,-8.661511,32.52116,-2.177714,-3.615766,74.243327,-0.027548,-1.078237,0.105566,0.030381,-1.911155
05-23-25,28.059999,28.08,28.01,27.733816,105900,27.90551,27.959774,27.694393,0.000103,0.001686,0.007988,FALSE,TRUE,0.265381,-0.006638,-13.450184,11.811974,43.354126,-1.301072,-0.048741,-0.02587,-0.719472,1.937023,5.885569,-29.861636,-0.360321,1.507014,11.880072,0.408254,0.029917,0.010773,0.775425,-1.571796,-3.268059,0.925093,11435400,1.339713,-4521239593.369176,-8.720662,38.730928,-3.913228,-2.992337,74.406444,-0.026042,-1.018107,0.103793,0.029917,-1.445229
05-26-25,28.110001,28.16,28.1,27.783253,93000,27.90351,27.954999,27.697723,0.000892,0.001237,0.007976,FALSE,TRUE,0.257276,-0.006657,-10.818681,12.056848,45.64109,6.817558,-0.049581,-0.021368,-0.612071,2.635924,6.385026,-21.482559,-0.143788,1.506472,12.058198,0.40876,0.031943,0.012238,0.809854,-1.52209,-3.268059,0.825309,11528400,-27.795031,-4522314519.872021,-8.787838,38.384987,-4.571978,-1.568273,73.989747,-0.025683,-1.003565,0.110625,0.031943,-0.997308
05-27-25,28.17,28.25,28.15,27.921673,113900,27.905966,27.953188,27.702033,0.001579,0.000789,0.007964,FALSE,TRUE,0.251156,-0.006244,-2.870702,11.667946,51.540461,10.013702,-0.038632,-0.008335,-0.774675,2.925456,6.797717,1.97847,0.176217,1.50632,12.041844,0.410972,0.031417,0.011634,0.815523,-1.439479,-3.268059,1.006139,11642300,10.048309,-4522948546.332567,-8.669474,40.247021,-5.238383,-1.798881,73.777159,-0.023498,-0.912974,0.107861,0.031417,0.130436
05-28-25,28.16,28.280001,28.139999,27.941448,76700,27.904974,27.950008,27.70572,0.002086,0.000346,0.007952,FALSE,TRUE,0.244288,-0.005462,-9.934219,11.107508,52.336315,8.982189,-0.028036,0.001808,-0.773533,1.938764,6.951623,5.33023,-0.07097,1.459143,12.001968,0.401389,0.041134,0.020491,0.70815,-1.861103,-3.268059,0.68084,11719000,-12.542759,-4523242799.679252,-8.622669,39.939903,-4.827218,-2.94762,73.792196,-0.03497,-1.397426,0.143148,0.041134,0.303904
05-29-25,28.27,28.34,28.25,28.020546,145600,27.903007,27.948607,27.709563,0.002372,-0.000088,0.007941,TRUE,TRUE,0.239043,-0.004703,11.673695,10.436862,55.485371,9.844282,-0.013105,0.013391,-0.596482,2.010216,7.767172,18.736624,-0.140204,1.467335,11.764603,0.400771,0.035281,0.014627,0.694031,-1.427118,-3.268059,1.267796,11864600,43.02554,-4524130809.716127,-8.550632,46.986131,-5.122884,-2.530106,74.188053,-0.024352,-0.971724,0.12094,0.035281,0.999093
05-30-25,28.280001,28.379999,28.280001,28.060095,79300,27.905975,27.946819,27.713171,0.002451,-0.000504,0.007929,TRUE,TRUE,0.233648,-0.004176,5.374937,10.073148,57.014586,5.474125,0.001897,0.022715,-0.835602,1.901687,8.317673,25.439822,0.21201,1.419924,12.094403,0.392447,0.041189,0.020607,0.776107,-0.919622,-3.268059,0.701366,11943900,-30.983464,-4524558885.721315,-8.463239,47.309311,-3.985557,-2.127287,74.386739,-0.010901,-0.445563,0.143552,0.041189,1.274308
06-02-25,28.34,28.360001,28.309999,28.020546,155500,27.911895,27.944241,27.716389,0.002335,-0.000903,0.007918,TRUE,TRUE,0.227852,-0.004121,8.263353,9.735413,54.980546,2.644231,0.010474,0.025034,-1.623021,1.578737,7.767172,18.736624,0.424377,1.406795,12.361495,0.376238,0.030996,0.0126,0.76734,-0.446865,-3.268059,1.341037,11788400,59.160696,-4526514745.324596,-8.868267,44.97891,-7.218635,-3.072622,73.629969,0.001224,0.051957,0.112248,0.030996,0.878944
06-03-25,28.33,28.34,28.26,27.961226,126100,27.913864,27.94028,27.719646,0.00189,-0.001281,0.007906,TRUE,TRUE,0.220633,-0.004002,2.601604,9.040318,51.9848,-3.500571,0.012343,0.021522,-1.458157,0.268054,6.870871,8.682313,0.140999,1.384532,12.409445,0.374485,0.02952,0.011499,0.763365,-0.846431,-3.268059,1.076214,11662300,23.870334,-4527582733.525249,-8.843095,44.529442,-8.954765,-3.927882,73.547861,-0.007541,-0.32153,0.107235,0.02952,0.381658
06-04-25,28.299999,28.360001,28.27,28.01066,132800,27.916332,27.939268,27.723103,0.001384,-0.001625,0.007895,TRUE,TRUE,0.216165,-0.003631,12.280279,8.54719,54.223276,-2.79131,0.01761,0.021431,-0.631552,0.375333,6.398693,17.061067,0.176558,1.384764,12.556974,0.372376,0.034003,0.015164,0.743665,-0.974031,-3.268059,1.10034,11795100,112.820513,-4528480874.228001,-8.824548,57.668359,-6.47825,-3.50992,73.993634,-0.011472,-0.492812,0.123143,0.034003,0.751199
06-05-25,28.280001,28.370001,28.26,28.01066,95400,27.913378,27.938257,27.726464,0.000907,-0.001932,0.007884,TRUE,TRUE,0.211793,-0.003336,-2.032337,8.089285,54.223276,-0.75727,0.021536,0.020286,0.240101,0.832052,5.822097,17.061067,-0.21049,1.326597,12.242623,0.371729,0.032721,0.013962,0.744614,-0.851724,-3.268059,0.786999,11795100,12.5,-4529008763.491422,-8.807152,55.786471,-6.769119,-3.026391,73.993634,-0.008869,-0.381427,0.11816,0.032721,0.794618
06-06-25,28.24,28.24,28.139999,27.852465,76400,27.91188,27.936265,27.728505,0.00043,-0.002201,0.007873,FALSE,TRUE,0.20776,-0.003496,-14.30583,8.30464,46.225217,-5.759583,0.011747,0.008397,-0.674546,-0.052264,4.732574,-12.241544,-0.107433,1.272493,12.300676,0.374952,0.033532,0.014384,0.768983,-0.947369,-3.268059,0.633368,11718700,-13.476784,-4529524514.858032,-8.819892,48.791813,-7.288725,-4.303422,73.298582,-0.011267,-0.480474,0.119931,0.033532,-0.483027
06-09-25,28.1,28.200001,28.08,27.812914,82900,27.902489,27.932695,27.730492,0.000021,-0.002445,0.007862,FALSE,TRUE,0.202203,-0.00363,-0.051323,8.918927,44.459548,-9.763728,0.000788,-0.002049,-1.161172,-0.194191,4.696788,-20.656616,-0.670756,1.294366,12.30359,0.374582,0.036494,0.016895,0.769125,-1.17239,-3.268059,0.683204,11635800,20.845481,-4529976436.140716,-8.686114,51.28285,-8.888084,-3.944315,73.434237,-0.017385,-0.743047,0.129982,0.036494,-0.728044
06-10-25,28.23,28.24,28.16,27.86235,69800,27.899021,27.92736,27.733303,-0.000195,-0.002665,0.00785,FALSE,TRUE,0.194057,-0.003689,27.623728,9.11567,47.175629,-7.047647,-0.003863,-0.00536,-0.812679,-0.606355,5.376019,-10.138182,-0.248336,1.325521,12.314631,0.375365,0.037854,0.017734,0.681038,-1.020006,-3.106031,0.574084,11705600,7.550077,-4530565634.810339,-8.651835,59.621078,-9.778015,-4.536866,73.361448,-0.013207,-0.563544,0.13317,0.037854,-0.297782
06-11-25,28.15,28.18,28.139999,27.832689,73800,27.89407,27.919466,27.735342,-0.000419,-0.002866,0.007838,FALSE,TRUE,0.184125,-0.003638,17.499964,9.446809,45.730637,-0.49458,-0.009829,-0.009061,-0.501524,-0.470496,5.454527,-47.922015,-0.354528,1.307322,12.375188,0.37315,0.035508,0.015725,0.623954,-1.324888,-3.106031,0.615513,11631800,-31.348837,-4531773383.141447,-8.853116,61.335719,-9.195653,-5.088179,72.989922,-0.019669,-0.843409,0.1254,0.035508,-0.495998
06-12-25,28.219999,28.219999,28.15,27.86235,66700,27.89356,27.910003,27.737816,-0.000652,-0.003045,0.007826,FALSE,TRUE,0.172186,-0.00354,16.455807,9.362401,47.463613,3.004066,-0.012025,-0.009006,-0.569747,-0.260391,5.376019,-72.550004,-0.036617,1.306336,12.386625,0.373471,0.035572,0.015721,0.572901,-1.223534,-3.106031,0.624094,11698500,-79.614914,-4532388262.634635,-8.089683,60.18107,-10.581004,-5.494982,72.92171,-0.017643,-0.755892,0.125385,0.035572,-0.251959
06-13-25,28.120001,28.15,28.07,27.763477,136400,27.880218,27.898758,27.739758,-0.00101,-0.003208,0.007814,FALSE,TRUE,0.159,-0.003492,-2.381073,9.900682,42.582251,-4.593379,-0.021496,-0.014781,-0.88792,-0.371593,4.623678,-98.878354,-0.951942,1.275346,12.272669,0.374879,0.03477,0.014669,0.581811,-1.617188,-3.106031,1.238255,11562100,92.655367,-4533569904.911057,-8.187146,51.306974,-8.723608,-4.537834,72.954466,-0.025842,-1.102428,0.121117,0.03477,-0.951225
06-16-25,28.059999,28.129999,28.040001,27.72393,114700,27.865885,27.888689,27.741888,-0.001451,-0.00335,0.007801,FALSE,FALSE,0.146801,-0.003487,-27.026872,10.617846,40.775895,-4.954743,-0.031826,-0.020089,-1.339881,-0.20011,3.801351,-92.962408,-1.023396,1.251343,12.343662,0.375186,0.034579,0.014486,0.650875,-1.716312,-3.106031,1.055829,11447400,-20.951068,-4534490249.348908,-8.065757,42.782388,-8.607113,-5.739814,72.632002,-0.028416,-1.211113,0.120356,0.034579,-1.150021
06-17-25,28.09,28.120001,28.049999,27.773365,139600,27.863883,27.878036,27.744603,-0.001763,-0.003465,0.007788,FALSE,TRUE,0.133433,-0.003361,-22.078137,11.283784,43.975217,-3.488397,-0.035613,-0.019101,-1.129459,0.082939,3.76353,-78.422727,-0.143942,1.258823,12.465121,0.376029,0.034136,0.01405,0.696743,-1.611513,-3.106031,1.295532,11587000,-11.195929,-4535733199.426563,-8.100615,45.326589,-8.52716,-5.68705,72.925594,-0.025999,-1.105362,0.118531,0.034136,-0.726173
06-18-25,28.129999,28.219999,28.110001,27.842575,140000,27.874215,27.875452,27.747856,-0.00196,-0.003552,0.007776,FALSE,TRUE,0.127596,-0.003266,-23.684518,10.839861,48.19467,5.61242,-0.032654,-0.012913,-1.090218,0.473157,4.208249,-58.066724,0.74773,1.268029,11.275921,0.375162,0.03919,0.018264,0.725917,-1.193959,-3.106031,1.310003,11727000,-11.223843,-4536553927.001947,-7.84819,45.077563,-6.95741,-5.822022,73.0707,-0.015674,-0.669367,0.135144,0.03919,-0.280601
06-19-25,28.190001,28.219999,28.16,27.86235,122600,27.882619,27.875427,27.750389,-0.002013,-0.003614,0.007762,FALSE,TRUE,0.125038,-0.003127,-27.027203,10.427648,49.368057,8.592162,-0.028385,-0.006915,-1.019966,0.192966,3.947433,-53.833483,0.606917,1.271736,10.461099,0.375313,0.038922,0.018015,0.627109,-1.143407,-3.106031,1.142005,11849600,8.591674,-4537892931.643204,-8.194726,46.714739,-6.758568,-5.917082,73.269403,-0.014287,-0.609801,0.134219,0.038922,-0.193756
06-20-25,28.190001,28.27,28.16,27.911785,79500,27.891518,27.878357,27.752542,-0.001975,-0.003652,0.007749,TRUE,TRUE,0.125815,-0.003081,-14.666982,9.824197,52.27795,8.302733,-0.020774,0.000557,-0.878873,0.829063,4.24344,-38.853279,0.641704,1.297056,9.868885,0.372765,0.035837,0.015387,0.604872,-0.749251,-3.106031,0.749752,11929100,-24.929178,-4538331212.750154,-8.059423,55.198158,-6.843642,-7.677636,73.436247,-0.004989,-0.214134,0.124044,0.035837,0.205365
06-23-25,28.299999,28.4,28.290001,28.000772,91400,27.902394,27.885033,27.754947,-0.001793,-0.003661,0.007736,TRUE,TRUE,0.130086,-0.00282,5.127964,10.37095,57.061801,8.867131,-0.007475,0.011084,-0.215441,2.010459,4.800345,-10.896828,0.782917,1.335984,9.811372,0.374623,0.037162,0.016405,0.603104,-0.619729,-3.106031,0.86263,12020500,-1.72043,-4538903263.49663,-7.828202,63.571365,-5.160715,-7.691553,73.320617,-0.002437,-0.10412,0.128082,0.037162,1.002699
06-24-25,28.209999,28.360001,28.209999,28.01066,303300,27.906843,27.893284,27.757257,-0.001506,-0.003648,0.007722,TRUE,TRUE,0.136026,-0.002309,0,10.08269,57.570751,8.202694,0.003818,0.017902,-0.180205,1.578699,4.874898,-8.150236,0.318704,1.325428,10.100904,0.369087,0.047275,0.026585,0.603104,-0.95622,-3.106031,2.62768,12323800,166.286216,-4540012681.860395,-7.391872,47.39467,-5.62002,-7.956671,72.94551,-0.01274,-0.55537,0.163048,0.047275,1.027798
06-25-25,28.120001,28.17,28.110001,27.890688,151700,27.904305,27.893825,27.75863,-0.001273,-0.003625,0.007708,FALSE,TRUE,0.135195,-0.001823,-14.087409,9.769979,49.849885,-2.428065,0.003052,0.013709,-0.219673,1.215009,4.388324,-41.475975,-0.181667,1.279908,10.073111,0.370034,0.047994,0.027298,0.613872,-1.509926,-3.106031,1.272918,12172100,97.783572,-4541273382.788647,-7.564751,43.037608,-5.666647,-6.862038,73.142021,-0.024562,-1.068412,0.16522,0.047994,-0.135185
06-26-25,28.129999,28.219999,28.120001,27.920433,87500,27.8993,27.894175,27.759862,-0.001141,-0.003598,0.007694,TRUE,TRUE,0.134313,-0.001085,9.398581,9.098522,51.583593,-5.478208,0.00479,0.012357,-0.253585,1.322954,4.661195,-33.213417,-0.357284,1.304121,9.707172,0.366643,0.047324,0.027098,0.601221,-1.723411,-3.106031,0.752559,12259600,-39.903846,-4541710131.758663,-7.559698,48.021724,-6.413044,-7.137268,72.728612,-0.029297,-1.286022,0.164613,0.047324,0.217709
06-27-25,28.17,28.33,28.15,27.989836,188900,27.895787,27.894537,27.761682,-0.001007,-0.003564,0.007679,TRUE,TRUE,0.132855,-0.000228,23.494696,9.327826,55.453195,-2.117556,0.011633,0.015361,-0.494964,1.682451,5.681093,-13.934821,-0.250388,1.316717,9.208987,0.368322,0.047321,0.026566,0.571193,-1.512078,-3.106031,1.55154,12448500,138.209332,-4542235197.375584,-7.259266,55.844519,-8.244906,-6.787133,73.000123,-0.023586,-1.03032,0.16299,0.047321,1.021275
06-30-25,28.290001,28.360001,28.25,28.079073,79000,27.898713,27.897863,27.763852,-0.000723,-0.003524,0.007665,TRUE,TRUE,0.134011,0.000628,27.33532,9.753717,59.891936,10.042051,0.023981,0.022167,-0.525411,1.650167,6.018026,10.853383,0.208872,1.298053,9.705886,0.368307,0.041786,0.017443,0.75977,-1.033768,-3.106031,0.669917,12527500,-49.196141,-4542559709.409153,-6.803038,56.083239,-7.976436,-8.229988,72.816049,-0.015,-0.652221,0.132073,0.041786,1.858253
07-02-25,28.17,28.200001,28.139999,27.910519,128300,27.896178,27.901948,27.765035,-0.000423,-0.003487,0.00765,TRUE,TRUE,0.136913,0.00135,8.353276,9.174458,49.79852,-1.785074,0.019936,0.014497,-1.499935,0.82644,5.305363,-35.967427,-0.181347,1.255546,9.599645,0.374141,0.082682,0.048003,0.740265,-1.639188,-3.106031,1.086966,12399200,1.744647,-4543669399.59289,-6.814363,54.410867,-8.578323,-8.636373,72.325256,-0.042673,-1.855673,0.219095,0.082682,0.149391
07-03-25,28.15,28.17,28.1,27.880775,100000,27.889683,27.903864,27.765587,-0.000151,-0.003445,0.007635,FALSE,TRUE,0.138278,0.001478,1.977344,8.723318,48.253165,-7.20003,0.014167,0.006982,-1.570754,0.648091,6.075838,-44.229455,-0.463697,1.224137,9.216076,0.342109,0.050598,0.020533,0.735571,-0.961772,-3.106031,0.859143,12299200,-24.698795,-4544395759.265914,-6.836584,49.863663,-8.185076,-8.900213,71.751378,-0.018816,-0.882214,0.143292,0.050598,-0.096657
07-04-25,28.219999,28.25,28.18,27.950178,97300,27.886659,27.908152,27.766775,0.000071,-0.003395,0.00762,TRUE,TRUE,0.141378,0.001541,20.690872,8.535987,51.996494,-7.895442,0.015022,0.00627,-0.982041,1.040896,6.10762,-24.950859,-0.215925,1.241945,8.891742,0.33992,0.038759,0.011478,0.682556,-0.473264,-3.106031,0.835265,12396500,1.991614,-4545131967.652835,-6.920424,56.255022,-11.773374,-7.728416,71.929986,-0.005957,-0.279822,0.107134,0.038759,0.714357
07-07-25,28.15,28.15,28.08,27.851028,167900,27.886588,27.908491,27.767804,0.000309,-0.003339,0.007604,FALSE,TRUE,0.140686,0.00127,13.212725,8.28587,46.789119,-3.0094,0.007611,-0.000913,-1.607464,0.646991,5.885378,-56.848737,-0.005157,1.203613,8.894707,0.339954,0.138956,0.079932,0.631452,-0.474677,-3.106031,1.386858,12228600,119.764398,-4546398281.347658,-6.968887,54.657486,-17.43052,-8.191379,71.780595,-0.023936,-1.165281,0.282723,0.138956,-0.399778
07-08-25,28.040001,28.08,28.030001,27.811369,98900,27.88651,27.908253,27.768539,0.000435,-0.003273,0.007588,FALSE,TRUE,0.139713,0.000763,3.99133,8.416433,44.854091,-3.399075,-0.001445,-0.007975,-0.573389,0.859053,4.969271,-59.089831,-0.005555,1.162413,8.901506,0.337244,0.153642,0.066014,0.615621,-0.312414,-3.106031,0.811554,12129700,19.300362,-4547362101.726082,-7.133166,48.296591,-17.566984,-7.839825,71.979326,-0.029923,-1.457431,0.256932,0.153642,-0.844142
07-09-25,28.07,28.17,28.07,27.920433,96400,27.889414,27.90921,27.769868,0.000572,-0.003197,0.007571,TRUE,TRUE,0.139342,0.00031,7.84846,7.831738,50.871324,-1.125171,0.000176,-0.005083,0.203963,1.36211,5.190531,-29.612962,0.208463,1.135358,8.913276,0.339079,0.244545,0.124258,0.592552,0.18937,-3.106031,0.782499,12226100,38.108883,-4547746865.128016,-6.973185,47.041083,-18.895114,-6.862252,72.101327,-0.033542,-1.678033,0.352502,0.244545,0.348005
07-10-25,28.129999,28.129999,28.07,27.870859,133800,27.891323,27.907402,27.770852,0.000673,-0.003115,0.007554,FALSE,TRUE,0.13655,0.000208,0.832703,7.288807,48.29195,1.502831,-0.002511,-0.006216,0.38025,1.50552,5.155729,-43.011351,0.13714,1.094359,8.82586,0.316591,0.191143,0.082848,0.589781,-0.749398,-3.106031,1.060264,12092300,81.300813,-4548768839.880853,-6.733807,39.966069,-13.434272,-7.195029,71.620337,-0.038965,-2.040097,0.287833,0.191143,-0.231861
07-11-25,28.02,28.02,27.93,27.722132,113900,27.884312,27.900647,27.771151,0.000669,-0.003026,0.007535,FALSE,FALSE,0.129496,-0.000072,-16.916617,7.789223,41.494388,-3.359702,-0.016451,-0.016125,0.199387,1.613376,4.518964,-44.227421,-0.503255,1.033623,9.591806,0.323437,0.207205,0.091889,0.661751,-1.285509,-3.106031,0.886002,11978400,70.764618,-4549408877.451319,-6.619974,34.909301,-16.652964,-8.300559,71.465963,-0.049414,-2.545045,0.303132,0.207205,-1.690821
07-14-25,27.91,27.940001,27.879999,27.682474,139300,27.880262,27.894281,27.771686,0.000411,-0.002931,0.007516,FALSE,FALSE,0.122595,-0.00029,-29.698178,8.577107,39.882337,-10.988987,-0.030349,-0.024019,0.30557,1.722491,4.06845,-41.150922,-0.291762,0.965347,10.275537,0.322099,0.204468,0.091463,0.758194,-1.610967,-3.106031,1.082362,11839100,2.1261,-4550465330.989369,-6.56388,29.179999,-14.596381,-9.750911,70.875537,-0.057927,-2.995153,0.302428,0.204468,-1.92484
07-15-25,27.870001,27.879999,27.73,27.533752,123200,27.870753,27.886914,27.771623,-0.000209,-0.002834,0.007496,FALSE,FALSE,0.115291,-0.000835,-39.393958,10.153658,34.473459,-13.818492,-0.052756,-0.03714,-1.1838,1.539815,3.323119,-31.150281,-0.68597,0.928611,12.448536,0.328131,0.229274,0.115978,0.916529,-1.844481,-3.332098,0.954114,11715900,7.410636,-4550910900.38016,-6.358432,32.315575,-14.127865,-9.136328,70.945431,-0.064254,-3.306139,0.340555,0.229274,-2.707149
07-16-25,27.809999,27.860001,27.76,27.563496,140300,27.860259,27.879747,27.771032,-0.001018,-0.002741,0.007475,FALSE,FALSE,0.108715,-0.001661,-29.20363,11.617598,36.333138,-5.161251,-0.067337,-0.041377,-1.21648,0.779768,3.434733,-26.429147,-0.75565,0.970862,14.089112,0.314691,0.196936,0.089078,1.024058,-1.210541,-3.332098,1.08625,11856200,0.501433,-4551602590.16444,-6.143307,40.765834,-13.778125,-9.518444,70.639951,-0.048122,-2.543424,0.298459,0.196936,-2.106334
07-17-25,27.790001,27.85,27.790001,27.57341,118000,27.846801,27.871989,27.77049,-0.001851,-0.002651,0.007454,FALSE,FALSE,0.101499,-0.00233,-31.531735,12.976971,36.975227,-2.907109,-0.077203,-0.040994,-1.424101,0.350927,3.063985,-24.855435,-0.966739,0.959424,15.483492,0.312411,0.184361,0.073812,1.121402,-1.429327,-3.332098,0.921443,11974200,-15.714286,-4552572521.880752,-6.254332,41.766903,-15.231662,-10.782064,69.929976,-0.048383,-2.554557,0.271685,0.184361,-1.765694
07-18-25,27.84,27.870001,27.799999,27.57341,203000,27.832354,27.862062,27.769658,-0.002716,-0.002574,0.007431,FALSE,FALSE,0.092404,-0.003069,-40.384633,14.018154,36.975227,2.501768,-0.084053,-0.038275,-1.215758,-0.003915,3.063985,-24.855435,-1.037028,0.930158,16.635881,0.311665,0.186796,0.077145,1.217365,-1.282553,-3.332098,1.536947,11974200,65.579119,-4554089709.178101,-6.131427,42.14343,-14.088671,-9.630944,70.201808,-0.042855,-2.272232,0.277751,0.186796,-1.55654
07-21-25,27.889999,27.959999,27.889999,27.662645,70000,27.819897,27.857667,27.770143,-0.003543,-0.002504,0.007408,FALSE,FALSE,0.087524,-0.003487,-40.384893,14.046673,42.978154,6.645016,-0.081343,-0.028453,-0.157537,0.178001,3.58316,-12.95272,-0.892597,0.931398,16.939802,0.311079,0.16459,0.056973,0.884608,-1.311221,-3.332098,0.531895,12044200,-11.949686,-4554614419.259845,-6.186394,41.806103,-13.690222,-9.082197,70.480373,-0.036383,-1.91189,0.238691,0.16459,-0.928298
07-22-25,27.93,27.99,27.93,27.702305,75300,27.804974,27.851698,27.771454,-0.004304,-0.002442,0.007383,FALSE,FALSE,0.080244,-0.003849,-23.077118,13.781779,45.464306,8.489079,-0.07513,-0.017791,-0.297433,0.18013,3.806212,-5.3259,-1.065926,0.983291,16.573219,0.311679,0.164923,0.056862,0.915025,-1.153907,-3.332098,0.575688,12119500,-17.61488,-4555261239.964298,-6.253049,47.637136,-12.391659,-8.66541,70.444401,-0.033932,-1.779565,0.238458,0.164923,-0.619487
07-23-25,27.93,27.950001,27.84,27.603155,107000,27.784599,27.845127,27.773189,-0.005139,-0.002398,0.007357,FALSE,FALSE,0.071938,-0.004283,-28.571793,14.197292,40.688103,3.712876,-0.077315,-0.015981,-0.478196,0.103957,3.658154,-24.393134,-1.454821,0.983773,16.415604,0.313973,0.162202,0.053889,0.971069,-1.596381,-3.332098,0.884407,12012500,-64.721398,-4555829008.621532,-6.536483,47.465325,-12.072442,-8.87167,70.090226,-0.041646,-2.164769,0.232141,0.162202,-1.105311
07-24-25,27.809999,27.889999,27.799999,27.622988,92300,27.771214,27.838952,27.775409,-0.006021,-0.002379,0.00733,FALSE,FALSE,0.063544,-0.00452,-35.483617,14.853663,42.000631,-0.977523,-0.076563,-0.012184,-0.758496,0.31777,3.546206,-24.320833,-0.959819,0.961764,16.595447,0.311128,0.153074,0.048952,0.92612,-1.820609,-3.332098,0.782104,12104800,-39.156229,-4556284378.239639,-6.359783,41.790633,-11.091705,-7.87796,70.225665,-0.042973,-2.248283,0.22125,0.153074,-0.893171
07-25-25,27.870001,27.969999,27.860001,27.702305,81300,27.760307,27.835547,27.777735,-0.006939,-0.002377,0.007302,FALSE,FALSE,0.057812,-0.00444,-16.483526,14.651311,47.04753,1.583224,-0.068775,-0.003516,-0.434724,0.250834,3.84353,-6.294243,-0.781249,0.996963,16.276877,0.309912,0.174565,0.063903,0.947038,-1.883644,-3.332098,0.69071,12186100,-7.085714,-4556598784.00857,-6.324562,49.198623,-11.303264,-8.301286,70.087253,-0.049418,-2.616279,0.25279,0.174565,-0.356348
07-28-25,27.860001,27.889999,27.82,27.672476,131900,27.744439,27.828391,27.779961,-0.007929,-0.002386,0.007273,FALSE,FALSE,0.04843,-0.004489,-15.563554,14.760391,45.445933,4.75783,-0.064269,0.000792,-0.717842,-0.27936,3.694437,-13.073559,-1.13384,0.987383,15.447276,0.309126,0.172729,0.063822,0.97073,-1.800155,-3.332098,1.148405,12054200,-30.174696,-4557286640.711567,-6.552367,48.220335,-10.797006,-8.713144,70.215203,-0.046565,-2.471397,0.25263,0.172729,-0.465864
07-29-25,27.860001,27.950001,27.85,27.77191,132700,27.729081,27.823617,27.782442,-0.008865,-0.002387,0.007243,FALSE,FALSE,0.041175,-0.004525,-16.824209,14.273112,51.386812,9.386181,-0.052074,0.01039,-0.677303,0.047232,3.700845,10.477553,-1.093922,0.962987,13.326511,0.309783,0.20988,0.089469,0.816554,-1.188721,-3.332098,1.128977,12186900,67.974684,-4557626592.553105,-6.409258,49.331868,-10.692803,-8.137989,70.22944,-0.038547,-2.070095,0.299113,0.20988,0.32138
07-30-25,27.889999,27.969999,27.879999,27.761965,112900,27.721653,27.822588,27.784681,-0.009692,-0.002386,0.007212,FALSE,FALSE,0.037908,-0.004536,-12.91493,13.629236,50.791065,3.743534,-0.042719,0.015795,-1.061737,-0.094166,3.366769,11.022467,-0.53225,0.96038,12.659312,0.309633,0.209513,0.09126,0.501626,-1.280284,-3.332098,0.966858,12074000,-12.003118,-4558035627.15235,-6.151506,56.88084,-10.780077,-7.482387,70.561868,-0.039412,-2.119647,0.302093,0.209513,0.318434
07-31-25,27.92,28.02,27.92,27.831568,65100,27.719193,27.826501,27.786687,-0.010395,-0.002385,0.00718,TRUE,TRUE,0.039815,-0.004357,14.323303,12.751171,54.745493,9.29956,-0.029351,0.023331,-0.604137,-0.229847,3.25622,35.023414,-0.176493,0.985925,12.378478,0.310854,0.201795,0.084735,0.684042,-1.182078,-3.332098,0.565964,12139100,-34.9,-4558215865.583371,-6.007436,62.733926,-9.976531,-5.949148,70.962524,-0.036029,-1.923168,0.291093,0.201795,0.907825
08-01-25,28.09,28.139999,28.08,27.921061,161100,27.717737,27.831037,27.788705,-0.010909,-0.002379,0.007147,TRUE,TRUE,0.042332,-0.003841,29.314798,12.918014,59.27683,7.890018,-0.011403,0.033023,0.067825,-0.293466,3.110035,46.600266,-0.104177,1.005933,12.106648,0.309541,0.140155,0.04445,0.952088,-1.243775,-3.332098,1.362771,12300200,65.570401,-4559230477.552091,-5.96308,71.900406,-7.221139,-6.003711,71.908038,-0.024361,-1.278085,0.210833,0.140155,1.679437
08-05-25,28.1,28.139999,28.09,27.960835,84400,27.723227,27.835577,27.791551,-0.011092,-0.002361,0.007114,TRUE,TRUE,0.044027,-0.003568,60.585087,13.07294,61.139222,10.348158,0.005961,0.040309,0.139599,-0.74061,2.7461,52.851242,0.394262,1.009972,12.961719,0.297751,0.140579,0.061076,1.002233,-0.573447,-3.332098,0.740091,12384600,-49.731983,-4559750947.438411,-5.854378,79.015359,-9.572413,-9.897279,70.604961,-0.014537,-0.799848,0.247135,0.140579,1.833146
08-06-25,28.08,28.120001,28.040001,27.931004,86400,27.729209,27.838532,27.793957,-0.010946,-0.002335,0.007079,TRUE,TRUE,0.044575,-0.003148,52.127521,12.698102,58.961265,4.215772,0.017117,0.041173,-0.108324,-0.777625,1.952001,40.286649,0.430164,0.968323,13.647789,0.292932,0.11482,0.047294,0.927923,-1.062485,-3.332098,0.761804,12298200,-12.639029,-4560072781.928075,-5.603615,72.575362,-11.743877,-11.787946,69.441984,-0.022335,-1.240069,0.217472,0.11482,1.478588
08-07-25,28.09,28.16,28.08,27.931004,78500,27.729738,27.838719,27.797282,-0.010509,-0.002303,0.007044,TRUE,TRUE,0.041437,-0.002842,51.444706,12.689493,58.961265,-0.315565,0.025663,0.039775,-0.494271,-1.121073,2.818154,36.390031,0.037859,0.953616,13.727554,0.291194,0.123021,0.055815,0.851305,-0.844883,-3.332098,0.697654,12298200,-18.568465,-4560443687.549991,-5.642029,71.864801,-10.474774,-10.073989,69.989955,-0.016089,-0.902661,0.236253,0.123021,1.466146
08-08-25,28.139999,28.16,28.1,27.980721,130000,27.735231,27.839504,27.800663,-0.009724,-0.002266,0.007009,TRUE,TRUE,0.038842,-0.002454,54.685787,12.681499,61.604961,0.465739,0.036032,0.040115,0.352555,-0.945069,3.183789,50.200271,0.39418,0.934666,14.518964,0.292095,0.121766,0.05435,0.824071,-0.681046,-3.332098,1.157304,12428200,-2.84006,-4561090571.550372,-5.484613,70.446965,-9.141809,-10.010051,70.114537,-0.012433,-0.694836,0.233131,0.121766,1.690822
08-11-25,28.129999,28.16,28.1,27.950891,73600,27.746669,27.838111,27.804184,-0.008651,-0.002224,0.006973,TRUE,TRUE,0.033927,-0.002217,42.054353,12.674075,59.143223,0.181958,0.041366,0.036359,-0.177992,-0.256588,3.293573,41.914445,0.825188,0.882686,15.290899,0.291096,0.125025,0.057527,0.766552,-0.587777,-3.332098,0.66718,12354600,-35.381914,-4561529988.608579,-5.493864,65.298589,-9.521211,-9.848587,69.972863,-0.010553,-0.592805,0.239848,0.125025,1.335584
08-12-25,28.040001,28.049999,27.969999,27.841515,108700,27.754621,27.83374,27.806917,-0.007322,-0.002187,0.006935,TRUE,TRUE,0.026823,-0.001897,18.435184,12.262075,51.082572,-7.878694,0.036348,0.025073,-0.322932,-0.646902,2.343816,11.532022,0.574517,0.827596,15.352904,0.286023,0.098976,0.036139,0.731137,-1.483714,-3.332098,0.999219,12245900,-21.966978,-4561987846.184337,-5.296004,58.583589,-9.044748,-9.676679,69.466712,-0.022282,-1.259662,0.190104,0.098976,0.565977
08-13-25,28.07,28.110001,28.040001,27.921061,122600,27.773986,27.83175,27.810144,-0.005677,-0.00215,0.006898,TRUE,TRUE,0.021606,-0.00147,43.221447,11.497778,55.800583,-5.804379,0.038349,0.021659,-0.038145,-0.084144,2.455149,33.628089,1.406667,0.830557,14.854935,0.288451,0.10186,0.037639,0.638554,-1.144634,-3.332098,1.127304,12368500,-0.487013,-4562527079.06717,-5.340526,66.331347,-8.76521,-9.287664,69.483209,-0.016696,-0.936613,0.194008,0.10186,0.990072
08-14-25,28.1,28.1,28.02,27.901173,92200,27.79087,27.830549,27.813228,-0.003811,-0.002115,0.00686,TRUE,TRUE,0.017321,-0.001404,37.81832,10.765513,54.388189,-4.755035,0.037892,0.016962,0.102667,0.336184,2.058045,23.874384,1.225088,0.803524,14.243008,0.273647,0.107175,0.046674,0.544766,-0.594783,-3.332098,0.866949,12276300,-34.283678,-4562893177.453074,-5.308222,66.300534,-7.926771,-9.00345,69.632141,-0.005849,-0.34751,0.216041,0.107175,0.774434
08-15-25,27.98,28.02,27.969999,27.821625,80100,27.803281,27.826768,27.815914,-0.001876,-0.00208,0.006821,FALSE,TRUE,0.010855,-0.001775,16.216062,10.574244,49.04128,-2.041292,0.030757,0.007861,-0.744497,-0.439977,1.624114,0.477959,0.900196,0.747239,13.298531,0.263169,0.074516,0.022718,0.499142,-0.263621,-3.332098,0.766837,12196200,-32.118644,-4563448658.654676,-5.206135,60.800983,-7.738366,-9.030551,69.466706,0.002336,0.142543,0.150724,0.074516,0.137941
08-18-25,27.950001,27.959999,27.889999,27.732134,153700,27.811217,27.821198,27.818007,0.00001,-0.00205,0.006781,FALSE,FALSE,0.003191,-0.002203,7.499676,11.096759,43.821842,-11.97874,0.017677,-0.004175,-0.994109,-0.829635,1.546884,-38.021522,0.575641,0.736947,12.289886,0.265299,0.07652,0.023597,0.467798,-0.792797,-3.332098,1.50701,12042500,-24.285714,-4564295616.850862,-5.003386,59.897527,-7.692356,-10.316031,69.259767,-0.006524,-0.395045,0.153612,0.07652,-0.64348
08-19-25,27.940001,28.01,27.940001,27.831568,107400,27.819663,27.82078,27.820113,0.001851,-0.002015,0.00674,TRUE,TRUE,0.000667,-0.002404,7.499676,11.017997,50.167996,-4.220193,0.01516,-0.005353,0.065319,0.156312,1.875136,-17.296885,0.610652,0.734401,11.785191,0.268672,0.074109,0.021578,0.446488,-0.570382,-3.332098,1.034084,12149900,53.428571,-4564735752.000726,-4.872585,59.211626,-6.314885,-8.524844,69.557826,-0.002646,-0.158062,0.146895,0.074109,0.101015
08-20-25,27.950001,28.030001,27.940001,27.831568,151700,27.826126,27.821153,27.822752,0.00355,-0.001977,0.006699,TRUE,TRUE,-0.001599,-0.002526,8.860637,10.724551,50.167996,1.126716,0.013015,-0.005999,0.7079,0.015552,1.803441,-21.641306,0.466614,0.73449,11.457605,0.267722,0.069134,0.018485,0.419511,-0.748566,-3.332098,1.408804,12149900,101.460823,-4565252990.295982,-4.639557,60.274693,-7.011604,-9.147973,69.392332,-0.004441,-0.265809,0.135958,0.069134,0.047494
08-21-25,27.969999,27.99,27.9,27.742079,90200,27.833072,27.818747,27.82441,0.004994,-0.001946,0.006658,FALSE,FALSE,-0.005662,-0.002563,-11.110901,10.830782,44.87663,1.054788,0.004048,-0.011973,0.172634,-0.060232,1.08501,-54.785318,0.503289,0.711213,10.407706,0.262908,0.041486,0.006772,0.455687,-1.587223,-3.332098,0.844253,12059700,-15.700935,-4565659733.304502,-4.600676,55.016226,-7.885699,-10.22057,68.825322,-0.014829,-0.898444,0.082293,0.041486,-0.87429
08-22-25,27.969999,28.049999,27.959999,27.851458,114800,27.844496,27.819123,27.826615,0.006317,-0.001924,0.006616,TRUE,TRUE,-0.007492,-0.002378,-8.433635,10.254141,51.596572,1.428576,0.005701,-0.008255,0.424181,-0.298343,1.590333,-14.274714,0.8271,0.708289,9.159442,0.267871,0.059655,0.014037,0.468665,-1.238348,-3.332098,1.063308,12174500,24.377031,-4566051434.232743,-4.523251,53.588313,-8.715601,-12.923783,68.464551,-0.01224,-0.730509,0.118476,0.059655,0.076007
08-25-25,27.959999,27.969999,27.93,27.791796,84200,27.84897,27.817712,27.828958,0.007422,-0.001919,0.006574,FALSE,FALSE,-0.011246,-0.002151,-20.00009,10.020111,48.148615,-2.019381,0.002173,-0.009427,0.030749,-0.581511,1.801218,-36.371664,0.323045,0.684006,8.631638,0.266495,0.07347,0.022062,0.501847,-1.738455,-3.332098,0.778836,12090300,3.567036,-4566717489.919168,-4.67982,47.868589,-7.618552,-12.493623,68.753348,-0.021733,-1.309085,0.148532,0.07347,-0.662384
08-26-25,27.879999,27.9,27.860001,27.811739,81800,27.855933,27.818677,27.83048,0.008242,-0.001929,0.006532,FALSE,FALSE,-0.011803,-0.001811,-14.278016,10.45613,49.366654,4.490023,0.000974,-0.008501,-0.393722,-1.165347,1.409897,-16.087255,0.503255,0.670427,7.637373,0.265964,0.077364,0.025006,0.52502,-1.81095,-3.332098,0.774585,12172100,-37.983321,-4566996684.931327,-4.597341,48.03532,-7.98332,-13.557431,68.302776,-0.024442,-1.47745,0.158132,0.077364,-0.578661
08-27-25,27.85,27.9,27.82,27.801767,115100,27.857426,27.820234,27.831322,0.008674,-0.001954,0.006489,FALSE,FALSE,-0.011088,-0.001542,-15.28927,11.202846,48.750016,-2.846556,-0.000772,-0.008197,-0.499906,-1.269571,1.587259,-5.362452,0.10751,0.63451,7.49229,0.265462,0.084913,0.029391,0.550098,-1.709633,-3.332098,1.099069,12057000,-13.262999,-4567164248.55577,-4.553667,41.658371,-8.491896,-13.639217,67.989583,-0.023012,-1.396762,0.171438,0.084913,-0.742884
08-28-25,27.92,27.959999,27.889999,27.881542,112000,27.863405,27.822397,27.832708,0.00888,-0.001992,0.006446,TRUE,TRUE,-0.01031,-0.001229,-11.330367,11.167397,53.729514,5.5809,0.004233,-0.002554,-0.496078,-1.089601,1.850056,18.10073,0.430724,0.614566,7.160165,0.266929,0.078064,0.02458,0.462122,-1.205994,-3.332098,1.069927,12169000,-0.797166,-4567303311.662037,-4.426674,40.922168,-8.63375,-14.122019,68.264852,-0.013848,-0.833873,0.156779,0.078064,0.253304
08-29-25,27.959999,28.049999,27.959999,27.971291,111500,27.870391,27.824972,27.835269,0.008935,-0.002026,0.006403,TRUE,TRUE,-0.010298,-0.000682,2.181135,10.553641,58.602662,9.236009,0.015266,0.006783,-0.316479,-1.149436,2.466631,52.169109,0.50203,0.60983,7.50644,0.269245,0.092966,0.034021,0.527067,-1.053039,-3.332098,1.042056,12280500,71.274962,-4567386833.872014,-4.285499,47.232965,-9.202078,-13.464883,68.10021,-0.014768,-0.885914,0.184447,0.092966,1.344169
09-02-25,27.9,27.950001,27.879999,27.841656,86500,27.866421,27.824558,27.837668,0.008682,-0.002056,0.006359,TRUE,TRUE,-0.01311,-0.000345,0.014772,10.370639,50.353415,1.6034,0.013394,0.003929,-0.638425,-2.251084,2.244554,7.467575,-0.28439,0.610664,7.433981,0.275756,0.09494,0.033796,0.527035,-1.472839,-2.964671,0.83761,12194000,-46.306642,-4567568094.750464,-4.036805,47.937177,-8.64413,-16.300371,67.737067,-0.022875,-1.339673,0.183838,0.09494,-0.333138
09-03-25,27.950001,28.059999,27.940001,27.941376,115000,27.865448,27.825149,27.840274,0.008278,-0.002072,0.006315,TRUE,TRUE,-0.015125,-0.000103,2.082148,10.079936,55.538183,1.808669,0.01973,0.008212,-0.07099,-1.528112,2.75631,43.348479,-0.069593,0.595667,7.315704,0.26995,0.110005,0.047533,0.525623,-0.599958,-2.829595,1.097328,12309000,36.255924,-4567680458.930139,-3.783164,47.665535,-8.715723,-18.317515,67.647687,-0.009788,-0.589764,0.21802,0.110005,1.037871
09-04-25,28.110001,28.129999,28.07,28.041096,78400,27.870953,27.825956,27.843476,0.007834,-0.002065,0.00627,TRUE,TRUE,-0.01752,0.000231,13.256378,10.366558,60.033132,1.43047,0.032424,0.016725,0.108657,-0.523581,2.505097,71.321426,0.394158,0.596015,8.196137,0.272991,0.115559,0.051304,0.743719,-0.109764,-2.829595,0.750958,12387400,-9.259259,-4567834395.287706,-3.717248,53.422692,-9.68678,-16.738426,67.465494,-0.004091,-0.244269,0.226505,0.115559,2.075892
09-05-25,28.25,28.27,28.23,28.170731,120600,27.882939,27.829157,27.847229,0.007356,-0.002024,0.006225,TRUE,TRUE,-0.018072,0.000848,31.576078,11.564825,64.988466,14.63505,0.052341,0.029314,0.571463,0.812936,2.509259,77.940067,0.858283,0.621183,10.538721,0.278304,0.118717,0.05214,1.129659,0.162851,-2.829595,1.132341,12508000,53.630573,-4568312378.884884,-3.694048,59.957013,-9.579216,-17.058446,67.558803,0.000065,0.003823,0.228343,0.118717,2.7308
09-08-25,28.35,28.41,28.34,28.320309,131000,27.899919,27.83775,27.852263,0.006977,-0.001956,0.00618,TRUE,TRUE,-0.014514,0.001643,50.457247,13.40914,69.662421,14.124238,0.079282,0.045003,1.679722,0.993845,2.909117,84.798112,1.213651,0.643349,14.271572,0.285517,0.112537,0.044541,1.52931,0.749409,-2.829595,1.229412,12639000,0.769231,-4568517081.555183,-3.484825,69.613929,-7.929627,-15.865262,67.995837,0.012631,0.718438,0.211047,0.112537,2.945647
09-09-25,28.4,28.41,28.33,28.300365,125000,27.917392,27.845348,27.857731,0.006781,-0.001864,0.006135,TRUE,TRUE,-0.012383,0.002428,43.159473,15.016726,68.352219,8.319087,0.097894,0.050893,1.752609,0.571086,2.728666,81.417903,1.250314,0.596308,16.837311,0.28562,0.112368,0.044369,1.458222,0.58519,-2.829595,1.145475,12514000,69.836957,-4568734689.380089,-3.301123,61.671956,-8.367916,-18.058355,67.854064,0.009822,0.558413,0.210639,0.112368,2.274551
09-10-25,28.450001,28.51,28.42,28.390112,82400,27.944822,27.853354,27.864333,0.006846,-0.001747,0.006089,TRUE,TRUE,-0.010979,0.003169,47.497462,16.982406,70.995881,6.007415,0.118521,0.057215,1.894174,1.066102,2.802563,82.624897,1.970429,0.597242,19.752403,0.283584,0.103222,0.037316,1.594211,1.216332,-2.829595,0.764308,12596400,-24.195032,-4568871817.816489,-3.192641,59.885609,-8.200213,-18.898617,67.897232,0.021248,1.212241,0.193174,0.103222,2.254358
09-11-25,28.49,28.530001,28.469999,28.400084,76600,27.968773,27.859774,27.870693,0.007272,-0.001603,0.006044,TRUE,TRUE,-0.010919,0.003824,60.013499,18.897029,71.282917,1.620495,0.134126,0.058256,2.038589,1.526841,2.623668,81.701836,1.715633,0.592368,22.201521,0.282598,0.102167,0.037682,1.502166,1.386817,-2.829595,0.725998,12673000,-37.520392,-4569126932.000481,-3.127596,65.791805,-8.496645,-18.618469,67.379318,0.023517,1.346672,0.19412,0.102167,1.942706
09-12-25,28.440001,28.49,28.42,28.410057,258200,27.994217,27.869765,27.875693,0.008035,-0.001422,0.005999,TRUE,TRUE,-0.005928,0.004542,56.02676,20.106312,71.585803,3.233584,0.145619,0.055799,1.965759,1.384812,2.838882,83.106556,1.823882,0.53735,24.211108,0.282019,0.103911,0.039743,1.438676,1.255328,-2.829595,2.268693,12931200,180.043384,-4569458483.313832,-2.884327,52.450284,-7.820667,-19.392615,67.727112,0.021279,1.222314,0.199356,0.103911,1.717557
09-15-25,28.49,28.530001,28.469999,28.390112,242700,28.022642,27.879952,27.880302,0.009095,-0.001209,0.005954,TRUE,TRUE,-0.00035,0.005309,62.5,21.437897,69.995849,-1.000032,0.151373,0.049243,2.257047,1.349086,2.69498,80.297385,2.043328,0.53808,25.386724,0.280981,0.102224,0.039046,1.316003,0.959215,-2.829595,1.990323,12688500,202.996255,-4570347457.507996,-2.828768,61.668348,-8.575634,-18.168098,67.309644,0.015379,0.88635,0.1976,0.102224,1.447489
09-16-25,28.52,28.549999,28.51,28.459917,140200,28.059031,27.890146,27.884919,0.01047,-0.00096,0.005909,TRUE,TRUE,0.005227,0.006193,64.356514,22.779044,72.313562,1.030645,0.159725,0.046076,2.654698,1.279247,2.839877,87.659969,2.624332,0.549732,26.206209,0.282287,0.096893,0.034915,1.320523,1.118658,-2.829595,1.156146,12828700,-8.783344,-4570838749.167907,-2.697865,67.459718,-7.518343,-16.900324,67.675505,0.019359,1.108183,0.186857,0.096893,1.529737
09-17-25,28.57,28.610001,28.469999,28.420029,198700,28.088454,27.901526,27.889094,0.012026,-0.000681,0.005865,TRUE,TRUE,0.012432,0.007063,59.615324,24.330826,69.032059,-2.553744,0.161266,0.038093,2.328359,1.172602,2.339154,73.9765,2.114365,0.566041,26.814369,0.282563,0.099741,0.036836,1.167558,0.820201,-2.829595,1.579115,12630000,85.009311,-4571179293.047418,-2.560415,64.340822,-8.194019,-17.525891,67.518963,0.013349,0.764137,0.191927,0.099741,1.236556
09-18-25,28.469999,28.540001,28.42,28.420029,116800,28.117877,27.9137,27.891762,0.0137,-0.000373,0.00582,TRUE,TRUE,0.021938,0.008055,56.249975,25.147316,69.032059,-0.96379,0.160635,0.02997,2.073995,0.961166,2.552808,73.9765,2.114365,0.556432,27.074523,0.280036,0.094149,0.033419,1.034211,0.52639,-2.829595,0.94129,12630000,-23.005933,-4571296037.353227,-2.435043,58.245206,-8.922412,-16.547614,67.196935,0.008992,0.518444,0.18281,0.094149,1.116
09-19-25,28.530001,28.530001,28.469999,28.43,134200,28.152273,27.923891,27.894382,0.015536,-0.00004,0.005776,TRUE,TRUE,0.029508,0.009057,52.272648,25.905485,69.434199,-2.879363,0.159106,0.022753,2.037337,0.99659,2.839267,75.342473,2.479704,0.541543,26.410637,0.280035,0.091572,0.032591,0.927271,0.526177,-2.829595,1.062676,12764200,48.780488,-4571609162.154549,-2.355556,58.785933,-10.293351,-17.780309,66.555407,0.008744,0.503959,0.180531,0.091572,1.051573
09-22-25,28.549999,28.549999,28.48,28.43,231200,28.1812,27.935074,27.897635,0.017487,0.000314,0.005732,TRUE,TRUE,0.037439,0.009832,78.666408,26.734755,69.434199,0.40214,0.156095,0.015794,1.856618,0.961428,2.767584,73.134286,2.077244,0.548756,26.109064,0.273667,0.07123,0.019872,0.723552,0.952502,-2.829595,1.750123,12764200,101.393728,-4572170644.268991,-2.31604,65.880859,-11.111727,-18.745219,66.212953,0.018088,1.059816,0.140968,0.07123,0.952926
09-23-25,28.5,28.530001,28.469999,28.43,175100,28.213111,27.949231,27.90045,0.019457,0.000682,0.005688,TRUE,TRUE,0.048781,0.010628,75.384308,27.362489,69.434199,0.40214,0.151957,0.009324,1.532914,1.314171,2.803399,66.666667,2.296378,0.519023,24.974707,0.273522,0.06959,0.019174,0.535906,0.849846,-2.829595,1.281376,12764200,107.957245,-4572579199.803354,-2.14479,58.57807,-10.396051,-16.149989,66.51054,0.01794,1.051344,0.138472,0.06959,0.868438
09-24-25,28.389999,28.440001,28.370001,28.4,197500,28.242524,27.963582,27.903115,0.02141,0.001064,0.005644,TRUE,TRUE,0.060467,0.011464,62.04485,26.638973,66.203719,-3.23048,0.14459,0.001566,1.389969,1.207259,2.623365,44.736736,2.115152,0.489736,23.414168,0.272556,0.075819,0.022931,0.368336,0.50913,-2.829595,1.386597,12566700,141.442543,-4572607420.239322,-1.969577,51.959276,-9.776967,-16.006952,66.530061,0.010926,0.64381,0.151431,0.075819,0.672567
09-25-25,28.379999,28.389999,28.34,28.379999,151100,28.271435,27.980507,27.904853,0.023218,0.001461,0.0056,TRUE,TRUE,0.075654,0.012395,44.636878,25.617268,64.063789,-5.37041,0.135575,-0.005959,1.754389,1.530862,2.594106,17.856827,2.079838,0.44757,21.145363,0.270055,0.071088,0.020514,0.259911,0.132498,-2.829595,1.047596,12415600,31.27715,-4572516762.54496,-1.855484,45.952914,-9.964785,-16.273626,66.618123,0.006211,0.368916,0.143227,0.071088,0.513418
09-26-25,28.379999,28.43,28.35,28.379999,158300,28.296358,27.996837,27.906932,0.024854,0.001869,0.005556,TRUE,TRUE,0.089905,0.013024,18.697312,25.022947,64.063789,-5.37041,0.126967,-0.011654,1.645985,1.388226,2.91786,17.856827,1.787767,0.407484,19.151566,0.257588,0.067928,0.02062,0.236639,0.755478,-2.829595,1.080177,12415600,41.339286,-4572556342.262672,-1.792232,46.599683,-9.298372,-16.389703,66.633145,0.016855,1.049621,0.143597,0.067928,0.436733
09-29-25,28.42,28.5,28.42,28.469999,107500,28.321293,28.014768,27.909606,0.026305,0.00229,0.005512,TRUE,TRUE,0.105162,0.013725,43.573714,25.040445,69.250867,3.047148,0.125955,-0.010132,1.715493,1.212037,3.352964,48.147756,1.782931,0.413801,17.902274,0.259632,0.081486,0.029347,0.214562,1.181287,-2.829595,0.73454,12523100,-3.587444,-4572529469.184924,-1.756965,51.68482,-10.218704,-19.396995,66.335791,0.021565,1.338317,0.171309,0.081486,0.830653
09-30-25,28.450001,28.540001,28.450001,28.51,183700,28.354711,28.0335,27.912821,0.027493,0.002716,0.005468,TRUE,TRUE,0.120679,0.014575,35.307202,25.355582,71.237975,7.174186,0.126918,-0.007336,1.534692,1.001218,2.992061,62.962884,2.40052,0.383247,14.36658,0.258494,0.083876,0.031319,0.327219,1.075512,-2.829595,1.214867,12706800,112.369942,-4572468238.446994,-1.620311,53.755012,-9.986607,-18.829562,66.295453,0.019077,1.190308,0.176972,0.083876,1.080908
10-01-25,28.5,28.549999,28.43,28.450001,150200,28.380142,28.049247,27.916173,0.028295,0.003153,0.005425,TRUE,TRUE,0.133074,0.015128,12.812905,25.377585,64.50448,0.440692,0.12144,-0.010251,1.932899,0.403972,2.775314,40.740898,1.820329,0.379061,10.698176,0.255476,0.076821,0.02674,0.315624,1.237645,-2.795871,0.981892,12556600,30.608696,-4572568370.188737,-1.59767,49.002122,-9.729699,-19.162538,66.023209,0.022239,1.400711,0.163524,0.076821,0.652998
10-02-25,28.459999,28.52,28.42,28.469999,167800,28.401587,28.064601,27.919772,0.028716,0.003592,0.005382,TRUE,TRUE,0.14483,0.015614,15.000167,25.258754,65.669271,-3.581597,0.11736,-0.011465,2.11337,0.509419,2.632466,48.147756,1.529554,0.381325,7.304683,0.254435,0.072074,0.023243,0.303722,1.463877,-2.728342,1.065803,12724400,114.030612,-4572568373.389256,-1.503423,50.878079,-8.954437,-17.904769,65.966685,0.025932,1.637037,0.152455,0.072074,0.936553
10-03-25,28.48,28.51,28.450001,28.469999,167600,28.416551,28.081938,27.923564,0.028742,0.004036,0.005338,TRUE,TRUE,0.158374,0.016248,21.041526,25.148411,65.669271,-5.568704,0.112825,-0.0128,1.859813,0.859508,3.280443,48.147756,1.062339,0.366286,5.041322,0.25022,0.065066,0.020853,0.284644,1.073881,-2.728342,1.048877,12724400,38.971808,-4572624247.1598,-1.34923,49.261598,-10.592327,-23.727717,65.154607,0.019588,1.255897,0.144406,0.065066,1.060214
10-06-25,28.41,28.440001,28.389999,28.389999,200800,28.420035,28.097278,27.926471,0.028284,0.004478,0.005295,TRUE,TRUE,0.170807,0.016636,-17.934041,24.184885,56.992599,-7.511881,0.101605,-0.019216,1.935192,0.29662,3.462009,18.518205,0.24608,0.347218,4.558854,0.252044,0.071006,0.024385,0.302444,0.957525,-1.942089,1.229789,12523600,53.282443,-4572825047.1598,-1.319196,41.997453,-10.757161,-30.227107,64.928706,0.017163,1.09443,0.156156,0.071006,-0.658843
10-07-25,28.41,28.450001,28.370001,28.440001,198900,28.427017,28.112032,27.93026,0.027419,0.004922,0.005252,TRUE,TRUE,0.181773,0.016825,4.9933,23.020654,60.50503,-5.16424,0.095645,-0.020141,2.26034,1.673991,4.342771,47.619437,0.493404,0.329006,3.597578,0.241527,0.048387,0.012528,0.297766,1.776699,-1.942089,1.191196,12722500,59.12,-4572675873.345337,-1.180172,50.493114,-10.283644,-29.995263,65.402255,0.03361,2.223021,0.111929,0.048387,0.360901
10-08-25,28.459999,28.48,28.42,28.43,128900,28.429011,28.127183,27.935165,0.026249,0.005357,0.005209,TRUE,TRUE,0.192018,0.01689,2.432261,22.28018,59.459112,-6.210159,0.089088,-0.021358,1.825069,2.032755,4.602941,42.857402,0.140501,0.314047,3.491211,0.240519,0.054352,0.015723,0.295255,1.902831,-1.942089,0.76137,12593600,56.432039,-4572761805.312784,-1.148845,55.712862,-10.642939,-31.915605,65.27832,0.034747,2.311559,0.125393,0.054352,0.02833
10-09-25,28.43,28.459999,28.4,28.4,218900,28.429007,28.139745,27.939288,0.02473,0.005781,0.005165,TRUE,TRUE,0.200456,0.016613,-6.976868,21.304238,56.314052,-0.678547,0.080542,-0.023923,1.898544,2.286013,4.27,28.571299,-0.000296,0.30181,3.491578,0.228996,0.034552,0.006972,0.303619,2.497371,-1.942089,1.240824,12374700,185.770235,-4572980705.312784,-1.092246,48.272348,-9.376123,-24.360717,65.58553,0.045533,3.167535,0.083501,0.034552,-0.830783
10-10-25,28.440001,28.5,28.4,28.5,180100,28.433504,28.154505,27.944009,0.022984,0.006207,0.005122,TRUE,TRUE,0.210496,0.016502,13.207425,20.865717,63.285234,2.780204,0.080906,-0.018848,2.805947,3.010929,4.674313,76.190736,0.316588,0.295739,3.800245,0.232156,0.006738,0.000291,0.294361,2.741549,-1.942089,1.043997,12554800,-30.24787,-4572800605.312784,-0.968675,47.16015,-7.264513,-25.608991,66.749299,0.054943,3.757476,0.017059,0.006738,1.749777
10-14-25,28.5,28.57,28.49,28.559999,187700,28.441999,28.169074,27.94903,0.021148,0.006646,0.005078,TRUE,TRUE,0.220044,0.016454,22.033679,21.17944,66.716999,7.257887,0.085055,-0.011759,3.169967,3.485223,4.708755,95.652066,0.598404,0.290116,4.594883,0.232994,0.017092,0.001958,0.437624,2.929912,-1.942089,1.105679,12742500,-22.661722,-4572659831.431564,-0.681071,54.754087,-7.819862,-24.044255,65.881954,0.056143,3.828951,0.044248,0.017092,2.568093
10-15-25,28.58,28.639999,28.559999,28.59,150900,28.448503,28.182453,27.954346,0.019349,0.007093,0.005035,TRUE,TRUE,0.228107,0.0164,32.203368,22.077081,68.311927,11.997875,0.08973,-0.005667,3.836192,2.60698,4.670336,83.333545,0.457075,0.29231,5.659269,0.232939,0.0168,0.0019,0.503931,3.049918,-1.942089,0.886109,12893400,7.631954,-4572697553.733259,-0.54576,62.258616,-8.754206,-24.557194,65.429233,0.057609,3.929717,0.043589,0.0168,2.500277
10-16-25,28.610001,28.67,28.6,28.67,186100,28.461001,28.196636,27.95958,0.017607,0.007552,0.004992,TRUE,TRUE,0.237056,0.016573,44.615421,23.146317,72.145138,8.859904,0.098752,0.002684,4.014384,2.749069,4.519231,100,0.879561,0.296477,7.468458,0.232168,0.010532,0.000776,0.714396,3.01012,-1.942089,1.096867,13079500,-6.341218,-4572511453.733259,-0.392586,69.143244,-7.182482,-22.415951,66.077141,0.058115,3.975195,0.027864,0.010532,2.798419
10-17-25,28.66,28.68,28.629999,28.66,139800,28.473,28.211216,27.964471,0.015941,0.008017,0.00495,TRUE,TRUE,0.246745,0.01674,42.424234,24.218167,70.989122,4.272123,0.103897,0.006263,3.940716,2.460496,4.152365,93.548228,0.844373,0.289104,8.615173,0.232222,0.013848,0.001397,0.661336,2.806335,-1.942089,0.818429,12939700,19.691781,-4572483493.733259,-0.347586,68.920442,-5.221975,-21.774902,66.584762,0.054813,3.749569,0.037375,0.013848,2.170589
10-20-25,28.719999,28.75,28.709999,28.719999,135500,28.4875,28.226996,27.969565,0.014491,0.008485,0.004907,TRUE,TRUE,0.257431,0.016784,39.682472,25.730024,73.710911,5.398983,0.111531,0.011117,4.158315,2.892002,4.849361,92.105065,1.020046,0.281038,10.156022,0.226524,0.018407,0.002674,0.78566,3.539473,-1.942089,0.792954,13514600,0.968703,-3600356835.091306,-0.275656,69.29914,-6.529222,-22.044246,69.303914,0.063308,4.442477,0.051706,0.018407,2.289277
10-21-25,28.75,28.75,28.68,28.690001,176800,28.5005,28.241181,27.974704,0.013179,0.00895,0.004866,TRUE,TRUE,0.266478,0.016751,29.032357,26.602168,70.166344,-1.978794,0.113847,0.010747,3.713872,3.550484,4.518487,84.210632,0.914528,0.276353,11.009456,0.227593,0.026783,0.006136,0.76148,3.317902,-1.942089,1.05138,13337800,-23.529412,-3600483119.429181,-0.150715,61.782531,-5.537033,-20.485001,70.193072,0.059529,4.164913,0.078334,0.026783,1.721254
10-22-25,28.719999,28.73,28.68,28.719999,132900,28.515,28.256564,27.979944,0.012099,0.009409,0.004824,TRUE,TRUE,0.27662,0.016841,45.762602,27.412016,71.635253,0.646131,0.116758,0.010926,3.673682,3.365322,5.332695,92.105065,1.020046,0.258655,11.905335,0.225764,0.024142,0.005047,0.718834,3.130806,-1.942089,0.800361,13470700,-24.100514,-3600403381.457105,-0.005598,67.838547,-5.658248,-19.189458,70.078087,0.056959,4.015172,0.071044,0.024142,1.721913
10-23-25,28.690001,28.709999,28.66,28.66,205500,28.528,28.272933,27.985371,0.011214,0.009856,0.004783,TRUE,TRUE,0.287562,0.016727,30.158855,27.788782,64.766649,-8.944261,0.112921,0.005672,3.82871,3.332206,4.96375,76.315697,0.915494,0.249227,12.002638,0.227414,0.016638,0.002364,0.682435,2.990318,-1.942089,1.234605,13265200,4.050633,-3600608881.457105,-0.058837,66.738827,-6.002824,-19.233467,69.512374,0.056093,3.920186,0.048618,0.016638,1.099759
10-24-25,28.75,28.75,28.700001,28.700001,125300,28.544,28.288512,27.991145,0.010586,0.010293,0.004743,TRUE,TRUE,0.297367,0.016792,34.328571,28.503131,67.035937,-3.130406,0.11182,0.003656,3.898974,3.110904,5.334058,86.842277,1.12756,0.256346,12.058637,0.224238,0.015733,0.002184,0.641826,2.773388,-1.942089,0.758658,13390500,-17.074785,-3600734181.457105,-0.124675,66.161415,-6.676293,-18.890335,69.225065,0.052516,3.721868,0.046734,0.015733,1.293686
10-27-25,28.709999,28.780001,28.690001,28.780001,246400,28.564,28.306089,27.997758,0.010226,0.010724,0.004702,TRUE,TRUE,0.308331,0.016919,58.209142,29.422837,71.05166,-0.583593,0.116064,0.00632,3.890275,3.438639,5.440596,100,1.409449,0.258116,12.504325,0.22575,0.012325,0.001301,0.724099,3.123469,-1.942089,1.45313,13636900,55.653822,-3600487781.457105,-0.037109,75.100347,-6.175384,-18.58955,69.402696,0.058199,4.095152,0.036067,0.012325,1.727408
10-28-25,28.719999,28.74,28.690001,28.649069,173600,28.572953,28.322638,28.004593,0.009986,0.01114,0.004662,TRUE,TRUE,0.318045,0.016893,27.841221,30.276849,58.492429,-6.27422,0.107622,-0.001697,3.529113,2.785938,5.035307,65.544346,0.628976,0.261788,12.436741,0.233895,0.005139,0.080963,0.662883,2.216476,-1.942089,1.004223,11076800,61.488372,-2973094585.207142,-0.176594,67.569522,103.529113,102.785938,,0.056197,3.978525,0.28454,0.005139,0.612021
10-29-25,28.67,28.68,28.540001,28.479548,165900,28.571431,28.337586,28.010922,0.009873,0.011529,0.004623,TRUE,TRUE,0.326664,0.016696,5.442044,28.538239,46.926711,-20.109227,0.086258,-0.018449,2.548034,1.853474,4.380395,20.933594,-0.106814,0.283411,12.536116,0.245267,0.005126,0.082465,0.641578,1.128548,-1.942089,0.964647,10910900,-9.689711,-2973403760.425126,-0.285196,61.245381,102.548034,101.853474,,0.051592,3.667707,0.287168,0.005126,-0.732949
10-30-25,28.549999,28.620001,28.530001,28.509464,172800,28.574404,28.351144,28.017888,0.009879,0.011899,0.004583,TRUE,TRUE,0.333255,0.016584,12.02422,26.790028,48.848929,-22.202731,0.070924,-0.027027,2.692531,1.602206,4.490043,28.806405,0.209011,0.303271,12.301279,0.245032,0.005097,0.081689,0.591787,1.089241,-1.942089,0.998209,11083700,15.046605,-2973655420.154707,-0.327101,62.402138,102.692531,101.602206,,0.050156,3.538815,0.285813,0.005097,-0.52791
10-31-25,28.58,28.620001,28.58,28.539381,200000,28.577873,28.3653,28.023834,0.00998,0.012253,0.004543,TRUE,TRUE,0.341466,0.01644,4.686631,25.166689,50.769139,-7.723291,0.060488,-0.02997,2.543203,1.923702,4.488299,17.027966,0.243701,0.30559,12.087322,0.244514,0.00515,0.08392,0.576655,1.320534,-1.942089,1.144689,11283700,19.189511,-2974261599.822836,-0.497558,62.724365,102.543203,101.923702,,0.053133,3.733813,0.289689,0.00515,-0.318449
11-03-25,28.58,28.610001,28.559999,28.499493,124200,28.579348,28.380448,28.028947,0.010074,0.012584,0.004504,TRUE,TRUE,0.351502,0.016196,-7.377322,23.371662,48.172511,1.2458,0.048441,-0.033614,2.071669,2.1409,3.973165,-12.203217,0.103594,0.303667,11.966172,0.245529,0.005154,0.084106,0.598872,1.164469,-1.942089,0.719791,11159500,-25.894988,-2974686390.827986,-0.610716,56.416861,102.071669,102.1409,,0.054017,3.763483,0.29001,0.005154,-0.66734
11-04-25,28.559999,28.6,28.530001,28.479548,237700,28.583825,28.39301,28.033472,0.010042,0.012892,0.004465,TRUE,TRUE,0.359538,0.015973,-13.634148,22.132033,46.881335,-1.967594,0.036859,-0.036157,1.855141,1.99733,4.306268,-20.181274,0.315421,0.309023,11.373237,0.245149,0.005133,0.083884,0.636681,0.89864,-1.942089,1.362998,10921800,18.376494,-2975266741.530983,-0.713075,48.192265,101.855141,101.99733,,0.051728,3.580932,0.289628,0.005133,-0.916868
11-05-25,28.59,28.6,28.549999,28.489521,83900,28.586301,28.406965,28.037852,0.009909,0.013174,0.004426,TRUE,TRUE,0.369112,0.015688,-24.386051,20.98095,47.637133,-3.132006,0.02816,-0.035884,1.999633,1.889143,3.936786,-16.191864,0.174123,0.319057,11.094122,0.244494,0.005162,0.085431,0.683881,1.054303,-1.942089,0.497495,11005700,-57.817999,-2975553601.75986,-0.866663,45.903483,101.999633,101.889143,,0.054718,3.769773,0.292285,0.005162,-0.872355
11-06-25,28.6,28.68,28.6,28.579268,141300,28.593764,28.422315,28.042486,0.009675,0.013438,0.004388,TRUE,TRUE,0.379829,0.015334,-9.847359,20.23495,53.98222,5.80971,0.028183,-0.028689,2.320948,1.815205,4.264204,19.706726,0.525034,0.353165,10.471933,0.240737,0.005256,0.09451,0.700017,1.847035,-1.942089,0.834786,11147000,9.61986,-2975768140.727029,-0.901478,45.934209,102.320948,101.815205,,0.063328,4.487671,0.307424,0.005256,-0.138437
11-07-25,28.559999,28.610001,28.540001,28.489521,171600,28.598241,28.43607,28.047061,0.009257,0.01368,0.004349,TRUE,TRUE,0.389009,0.014928,-27.128351,18.921182,47.750895,0.869561,0.020721,-0.028921,1.818397,2.177363,4.268748,-16.191864,0.315216,0.349263,9.767771,0.242966,0.00521,0.094635,0.74812,1.177011,-1.942089,1.028161,10975400,-21.60804,-2976187237.489972,-0.974227,39.483294,101.818397,102.177363,,0.058998,4.180479,0.307628,0.00521,-1.113043
11-10-25,28.549999,28.59,28.540001,28.479548,201100,28.597218,28.44803,28.051781,0.00864,0.013896,0.004312,TRUE,TRUE,0.396249,0.014439,-25.369257,17.701254,47.100214,-0.536919,0.013842,-0.028639,1.891374,1.710016,3.534172,-20.181274,-0.071763,0.35703,9.886027,0.242746,0.00523,0.095838,0.794069,1.21756,-1.942089,1.19738,10774300,11.660189,-2976874632.179832,-1.226396,39.099071,101.891374,101.710016,,0.061558,4.333224,0.309578,0.00523,-1.19027
11-11-25,28.58,28.620001,28.559999,28.539381,116200,28.596187,28.459392,28.056313,0.007897,0.014086,0.004274,TRUE,TRUE,0.403079,0.013882,-21.016934,16.748912,51.380548,-2.601673,0.013069,-0.023531,2.506568,2.175541,3.278444,3.752136,-0.072193,0.37892,9.937498,0.240099,0.005293,0.102344,0.823025,1.776661,-1.942089,0.70692,10890500,-38.092701,-2977070692.437954,-1.355529,38.653273,102.506568,102.175541,,0.068601,4.899915,0.319912,0.005293,-0.571633
11-12-25,28.6,28.65,28.59,28.529409,147000,28.593157,28.473147,28.06021,0.006982,0.014245,0.004237,TRUE,TRUE,0.412937,0.013117,-16.134901,16.285531,50.645075,2.894179,0.011518,-0.020065,2.178817,2.139841,3.35114,-0.236511,-0.21193,0.391726,10.049083,0.235533,0.005366,0.111253,0.848,2.133174,-1.942089,0.895359,10743500,-2.584493,-2977514589.726316,-1.480837,46.013032,102.178817,102.139841,,0.0767,5.605058,0.333546,0.005366,-0.634367
11-13-25,28.58,28.620001,28.559999,28.489521,206400,28.584134,28.48411,28.063864,0.005917,0.01437,0.0042,TRUE,TRUE,0.420246,0.012411,-26.009117,15.36508,47.703476,0.603262,0.00699,-0.019674,2.108687,2.213519,3.753292,-16.191864,-0.629505,0.392423,10.13272,0.233154,0.005313,0.112898,0.886764,1.589411,-1.942089,1.249432,10537100,10.908114,-2978205870.290879,-1.737297,39.195843,102.108687,102.213519,,0.070719,5.208295,0.336003,0.005313,-0.933732
11-14-25,28.559999,28.559999,28.469999,28.409746,187800,28.571621,28.491483,28.066972,0.004678,0.014451,0.004164,FALSE,TRUE,0.424511,0.011537,-45.765317,15.261197,42.399395,-8.981153,-0.003001,-0.023732,2.1139,1.353665,3.829406,-22.315941,-0.873181,0.393525,10.677097,0.236728,0.005329,0.113699,0.515174,1.252465,-1.942089,1.120558,10349300,34.334764,-2978645126.315971,-1.851807,29.572178,102.1139,101.353665,,0.072282,5.272861,0.337193,0.005329,-1.516093
11-17-25,28.469999,28.5,28.450001,28.379829,112100,28.554612,28.495665,28.069393,0.003277,0.014485,0.004128,FALSE,TRUE,0.426272,0.01043,-38.027441,15.401587,40.577277,-10.067797,-0.013181,-0.02713,2.335542,1.318215,3.499996,-30.509346,-1.184436,0.394003,10.896227,0.232829,0.00543,0.125656,0.349169,1.519156,-1.942089,0.673577,10237200,-17.269373,-2979071879.478403,-1.972683,30.390899,102.335542,101.318215,,0.081104,6.080331,0.35448,0.00543,-1.604068
11-18-25,28.49,28.49,28.389999,28.32,149700,28.536112,28.495659,28.070977,0.001716,0.014477,0.004092,FALSE,TRUE,0.424682,0.009376,-26.66588,16.186325,37.139776,-10.5637,-0.025779,-0.031783,1.754957,1.821422,3.354902,-24.13775,-1.289651,0.387312,11.595164,0.230232,0.005336,0.127154,0.414739,0.840941,-1.942089,0.906888,10087500,-15.328054,-2979431157.765229,-2.05945,30.621547,101.754957,101.821422,,0.074062,5.627492,0.356587,0.005336,-1.863817
11-19-25,28.379999,28.4,28.299999,28.299999,193500,28.515112,28.495652,28.071629,0.00003,0.014424,0.004057,FALSE,TRUE,0.424022,0.008161,-35.598747,17.712488,36.040618,-6.358776,-0.036952,-0.034364,1.683094,2.402909,3.208859,0,-1.462396,0.377376,11.889089,0.22841,0.005379,0.133952,0.485748,1.013976,-1.942089,1.151101,9894000,45.598194,-2979624657.765229,-2.103601,30.362384,101.683094,102.402909,,0.080627,6.1916,0.365994,0.005379,-1.809332
11-20-25,28.34,28.4,28.34,28.360001,160000,28.500112,28.495049,28.07268,-0.001665,0.014327,0.004022,FALSE,TRUE,0.42237,0.007051,-29.002951,19.12964,41.6224,1.045123,-0.040497,-0.030328,2.227381,2.40386,3.831552,15.789791,-1.046752,0.373924,11.857333,0.229555,0.005383,0.134028,0.525933,1.170577,-1.942089,0.964873,10054000,-22.141119,-2979677987.70769,-2.086578,29.073994,102.227381,102.40386,,0.080933,6.142684,0.366099,0.005383,-1.181646
11-21-25,28.4,28.440001,28.379999,28.42,118400,28.486112,28.495448,28.073541,-0.003266,0.014184,0.003988,FALSE,TRUE,0.421906,0.005991,-12.447918,19.733135,46.637458,9.497682,-0.038027,-0.022286,2.041338,2.474178,4.459127,31.579079,-0.975612,0.375492,10.994631,0.230521,0.005415,0.13627,0.541501,1.449639,-1.942089,0.715494,10172400,-5.506784,-2979638521.041024,-2.041144,34.45967,102.041338,102.474178,,0.08384,6.312114,0.369148,0.005415,-0.601314
11-24-25,28.459999,28.48,28.440001,28.48,90600,28.471112,28.496847,28.074703,-0.004678,0.014009,0.003954,FALSE,TRUE,0.422144,0.00513,0.066608,19.633494,51.15626,15.115642,-0.030873,-0.012105,2.476284,2.507794,5.209822,47.368368,-1.042395,0.364541,8.548395,0.229332,0.00537,0.137032,0.541428,1.369679,-1.942089,0.574545,10263000,-63.230519,-2979547921.041024,-2.191379,41.258056,102.476284,102.507794,,0.078768,5.927062,0.370178,0.00537,0.103964
11-25-25,28.5,28.57,28.5,28.530001,116100,28.465159,28.499644,28.077239,-0.005894,0.013805,0.003922,TRUE,TRUE,0.422405,0.004471,5.632476,18.278958,54.60612,12.98372,-0.020927,-0.001727,2.582585,2.178694,5.167886,60.526527,-0.415609,0.356278,7.606543,0.227003,0.005298,0.137756,0.536864,1.213188,-1.942089,0.749927,10379100,-33.12212,-2979564504.043748,-2.089565,42.154037,102.582585,102.178694,,0.072597,5.485897,0.371155,0.005298,0.852448
11-26-25,28.530001,28.59,28.52,28.58,175000,28.470181,28.502046,28.080025,-0.0069,0.013571,0.003889,TRUE,TRUE,0.422021,0.003642,0.107878,17.173531,57.81476,11.177302,-0.008907,0.008234,2.79922,2.285321,4.268392,80.000109,0.352718,0.325544,8.026599,0.218119,,,0.539004,2.037346,-1.942089,1.127069,10554100,5.485232,-2979439505.406146,-1.943629,43.057536,102.79922,102.285321,,0,0,,,1.368182
11-27-25,28.59,28.610001,28.58,28.610001,87700,28.475208,28.505845,28.083352,-0.007635,0.013316,0.003858,TRUE,TRUE,0.422493,0.002991,19.457605,16.39576,59.657399,8.501139,0.003005,0.016116,2.612691,2.103652,4.156155,88.571724,0.352642,0.315216,8.581217,0.214352,,,0.619012,1.760629,-1.942089,0.580737,10641800,-49.247685,-2979351805.406146,-1.886033,49.080977,102.612691,102.103652,,0,0,,,1.570783
11-28-25,28.620001,28.620001,28.559999,28.58,248700,28.477239,28.509045,28.087214,-0.008137,0.013041,0.003827,TRUE,TRUE,0.421831,0.002423,15.714908,15.391555,56.97721,2.37109,0.00991,0.018417,2.176193,1.852827,3.789749,80.000109,0.142326,0.305431,8.786697,0.211032,,,0.607544,1.209417,-1.942089,1.620723,10393100,24.35,-2979434705.406146,-1.6856,47.961477,102.176193,101.852827,,0,0,,,1.169503
12-01-25,28.48,28.49,28.4,28.4,190500,28.472265,28.508445,28.089491,-0.008536,0.012731,0.003797,FALSE,TRUE,0.418954,0.001749,-18.354532,15.897317,44.158547,-13.656214,0.000848,0.007484,2.005426,1.354198,2.954314,28.571506,-0.349105,0.317313,8.934477,0.220184,,,0.635013,-0.153148,-1.942089,1.215195,10202600,53.381643,-2979625205.406146,-1.575229,41.006958,102.005426,101.354198,,0,0,,,-0.808833
12-02-25,28.41,28.440001,28.379999,28.42,121400,28.469287,28.508245,28.09177,-0.008745,0.012392,0.003768,FALSE,TRUE,0.416475,0.001348,-14.219845,16.541964,45.622451,-14.034948,-0.004666,0.001576,1.712959,1.640753,1.913205,37.500075,-0.209088,0.304368,9.007848,0.209622,,,0.65504,-0.742144,-1.942089,0.80424,10324000,-48.927219,-2979584738.73948,-1.430274,34.669546,101.712959,101.640753,,0,0,,,-0.547158
12-03-25,28.42,28.469999,28.42,28.469999,158500,28.468311,28.509045,28.09518,-0.008757,0.012035,0.003739,FALSE,TRUE,0.413865,0.000991,-2.504313,16.70718,49.207257,-7.769953,-0.004945,0.001038,1.529554,1.639873,2.021361,53.124758,-0.068522,0.293649,8.995337,0.210509,,,0.658418,-0.429396,-1.942089,1.024696,10482500,88.915375,-2979426238.73948,-1.251822,42.977899,101.529554,101.639873,,0,0,,,0.018767
12-04-25,28.42,28.43,28.360001,28.379999,189600,28.458348,28.508645,28.097943,-0.008616,0.011659,0.003711,FALSE,TRUE,0.410701,0.000628,-3.76664,17.409521,43.631421,-0.527125,-0.012286,-0.005042,0.742858,1.318566,2.161589,24.999851,-0.697248,0.299614,8.803195,0.210733,,,0.666846,-1.223974,-1.942089,1.206913,10292900,34.18259,-2979507503.26264,-1.19016,42.953427,100.742858,101.318566,,0,0,,,-0.890001
12-05-25,28.190001,28.190001,28.07,28.09,321300,28.438372,28.502845,28.099599,-0.008487,0.011257,0.003683,FALSE,FALSE,0.403245,-0.000192,-27.607219,19.794263,31.317308,-14.305142,-0.041031,-0.02703,-0.813227,0.852835,0.800125,3.636439,-1.402343,0.358585,12.008115,0.248508,,,0.796501,-2.163226,-2.3975,1.952242,9971600,87.237762,-2979721701.560344,-1.073783,39.145536,99.186773,100.852835,,0,0,,,-2.901134
12-08-25,28.01,28.139999,28,28.129999,266900,28.420894,28.497845,28.100575,-0.008382,0.010834,0.003655,FALSE,TRUE,0.397269,-0.000913,-18.446641,22.286483,34.080769,-15.126488,-0.059894,-0.036715,-0.601993,1.140065,0.94366,20.967578,-1.227366,0.365649,13.788994,0.249281,,,0.872974,-2.042656,-2.3975,1.589921,10238500,32.72004,-2979492931.170698,-0.779859,37.308995,99.398007,101.140065,,0,0,,,-2.109618
12-09-25,28.08,28.09,28.030001,28.049999,444200,28.396425,28.489445,28.101054,-0.008378,0.010387,0.003628,FALSE,FALSE,0.388391,-0.001783,-22.935777,24.600687,31.362792,-12.268629,-0.080372,-0.045754,-1.197997,0.673485,0.063047,8.064382,-1.71476,0.366692,15.774869,0.251591,,,0.975645,-2.249149,-2.536489,2.410593,9794300,282.271945,-2979641016.665183,-0.697434,33.889645,98.802003,100.673485,,0,0,,,-2.196062
12-10-25,28.02,28.15,28.02,28.110001,212600,28.375455,28.481445,28.100905,-0.008422,0.009921,0.0036,FALSE,TRUE,0.38054,-0.002418,-22.935777,25.944629,35.516548,4.19924,-0.090714,-0.044877,-1.021416,0.996351,0.521167,17.74201,-1.470093,0.373532,16.675973,0.251052,,,1.056174,-2.287669,-2.536489,1.133564,10006900,44.62585,-2979559245.034976,-0.545096,35.111355,98.978584,100.996351,,0,0,,,-1.591836
12-11-25,28.139999,28.17,28.120001,28.120001,133000,28.356979,28.474845,28.100709,-0.008544,0.009436,0.003573,FALSE,TRUE,0.374136,-0.003084,-28.846055,26.931486,36.209449,2.12868,-0.096985,-0.040918,-1.020963,0.924726,0.661927,19.354948,-1.297039,0.368319,17.37793,0.250655,,,1.137331,-2.105802,-2.536489,0.723298,10139900,-35.562016,-2979692245.034976,-0.40417,35.42595,98.979037,100.924726,,0,0,,,-1.363671
12-12-25,28.1,28.139999,28.1,28.120001,110600,28.342491,28.467845,28.100366,-0.008729,0.00893,0.003546,FALSE,TRUE,0.367479,-0.003734,-36.734507,27.962799,36.209449,4.846657,-0.100793,-0.035781,-0.951427,1.284146,0.907781,19.354948,-1.01988,0.363238,18.107314,0.250655,,,1.219957,-2.105802,-2.536489,0.614376,10139900,-41.107561,-2979692239.761026,-0.290833,31.901123,99.048573,101.284146,,0,0,,,-1.228733
12-15-25,28.190001,28.219999,28.18,28.18,252200,28.3325,28.462045,28.099783,-0.008982,0.008415,0.00352,FALSE,TRUE,0.362262,-0.004252,-35.353582,27.878361,40.647275,5.130727,-0.097841,-0.026263,-0.983547,1.645041,1.441639,29.032268,-0.704124,0.364999,18.438729,0.252338,,,1.28221,-1.904825,-2.536489,1.348483,10392100,124.977698,-2979944439.761026,-0.233274,35.043341,99.016453,101.645041,,0,0,,,-0.827062
12-16-25,28.129999,28.23,28.129999,28.23,299900,28.328,28.458845,28.098519,-0.009256,0.007893,0.003494,FALSE,TRUE,0.360326,-0.004674,-35.353582,28.139644,44.135093,7.925644,-0.090425,-0.015078,-0.668645,1.644145,1.728449,37.09665,-0.317797,0.371944,18.580124,0.253547,,,1.330146,-1.7106,-2.536489,1.541625,10692000,100.334001,-2979644539.761026,-0.054844,37.662178,99.331355,101.644145,,0,0,,,-0.527448
12-17-25,28.15,28.190001,28.15,28.17,165100,28.3215,28.453445,28.097494,-0.009642,0.00736,0.003468,FALSE,TRUE,0.355951,-0.005183,-43.137369,28.382263,41.019957,4.810508,-0.08837,-0.010419,-0.879762,1.175987,1.654708,27.41933,-0.459361,0.385414,18.907738,0.254865,,,1.298557,-1.922385,-2.536489,0.854931,10526900,-14.677003,-2979644539.761026,-0.005148,33.890787,99.120238,101.175987,,0,0,,,-0.801259
12-18-25,28.17,28.200001,28.16,28.190001,114400,28.313,28.448645,28.0975,-0.010095,0.00682,0.003442,FALSE,TRUE,0.351145,-0.005696,-38.613865,28.468107,42.477456,1.830181,-0.084158,-0.004965,-0.844178,1.17596,1.371195,38.775637,-0.599436,0.380073,19.106621,0.254821,,,1.000809,-1.739436,-2.536489,0.599471,10641300,-28.5,-2979587339.761026,0.02375,39.295497,99.155822,101.17596,,0,0,,,-0.643753
12-19-25,28.129999,28.16,28.1,28.129999,308100,28.2985,28.443245,28.098433,-0.010695,0.006267,0.003417,FALSE,TRUE,0.344812,-0.006329,-30.337151,28.987952,39.336882,-4.798211,-0.084686,-0.004394,-1.055227,0.781799,1.617344,27.659436,-1.020411,0.35803,19.35071,0.256035,,,1.048415,-1.878365,-2.536489,1.538039,10333200,160.219595,-2979587349.555349,0.012772,37.831668,98.944773,100.781799,,0,0,,,-0.870773
12-22-25,28.1,28.16,28.1,28.15,158700,28.282,28.436245,28.098974,-0.011485,0.005705,0.003392,FALSE,TRUE,0.33727,-0.006916,-30.337151,29.470665,40.905302,-0.114655,-0.082538,-0.001797,-0.984878,0.532939,2.554113,31.914859,-1.158708,0.357775,19.127277,0.256267,,,1.089591,-1.803257,-2.536489,0.778991,10491900,75.165563,-2979481551.23701,0.016289,42.454139,99.015122,100.532939,,0,0,,,-0.690116
12-23-25,28.139999,28.25,28.139999,28.25,124100,28.268,28.430045,28.099526,-0.012285,0.005136,0.003368,FALSE,TRUE,0.330519,-0.007173,-23.404169,28.63785,48.126799,5.649343,-0.071938,0.007043,-0.528168,0.85446,2.446648,58.139494,-0.981425,0.37168,18.219709,0.257146,,,0.809332,-1.757879,-2.536489,0.607961,10616000,6.890612,-2979357451.23701,0.050717,41.789132,99.471832,100.85446,,0,0,,,-0.098794
12-24-25,28.26,28.290001,28.25,28.280001,82960,28.253,28.423845,28.100473,-0.012923,0.004561,0.003344,FALSE,TRUE,0.323372,-0.007301,-11.363449,27.36402,50.097039,10.760157,-0.06042,0.014849,-0.352355,1.395852,2.627821,96.551656,-1.049682,0.353606,16.686267,0.256838,,,0.486131,-1.795327,-2.536489,0.415792,10698960,-52.594286,-2979315971.23701,0.030957,46.080205,99.647645,101.395852,,0,0,,,0.161814
12-29-25,28.27,28.309999,28.26,28.290001,197700,28.237,28.416245,28.102058,-0.013384,0.003979,0.00332,FALSE,TRUE,0.314187,-0.007502,33.333333,25.935593,50.768289,9.862987,-0.049909,0.020287,-0.317119,1.323647,2.664112,93.548844,-1.118489,0.287834,14.469923,0.255595,0.065148,0.038221,0.482088,-1.549607,-2.536489,0.964282,10896660,125.427594,-2979276422.186883,0.018384,54.964337,-6.925148,-16.951946,64.940458,-0.01495,-0.946795,0.195503,0.065148,0.366283
12-30-25,28.24,28.24,28.129999,28.17,115400,28.2165,28.406445,28.102798,-0.013748,0.003389,0.003297,FALSE,TRUE,0.303647,-0.007857,5.882452,25.789999,43.250231,-4.876567,-0.050678,0.015614,-1.053738,0.643678,2.336958,51.724183,-1.434569,0.294132,12.058073,0.260909,0.067214,0.039081,0.471606,-2.019469,-2.536489,0.581776,10781260,-53.598713,-2979307893.458905,0.031965,58.012407,-6.73861,-17.653835,64.733464,-0.023084,-1.432803,0.19769,0.067214,-0.385633
12-31-25,28.139999,28.18,28.129999,28.16,88800,28.2045,28.395245,28.103537,-0.01397,0.002793,0.003275,FALSE,TRUE,0.291708,-0.008211,18.032756,25.654804,42.682977,-7.414062,-0.051501,0.011833,-1.227641,0.288211,1.943134,48.275817,-0.84507,0.281555,11.306604,0.260909,0.069029,0.039953,0.431378,-2.055465,-2.536489,0.459454,10692460,-53.385827,-2979290133.458905,0.086684,66.691582,-6.186321,-16.763073,65.027219,-0.021837,-1.356021,0.199882,0.069029,-0.393577
01-02-26,28.1,28.120001,28.040001,28.040001,180300,28.1855,28.382245,28.103235,-0.014107,0.002185,0.003253,FALSE,FALSE,0.27901,-0.008881,-10.447685,26.210521,36.497113,-14.271177,-0.061132,0.001762,-1.441124,0.463919,1.294194,0,-1.337084,0.280212,10.669543,0.264044,0.062666,0.032381,0.461466,-2.176493,-2.571229,0.918876,10512160,48.517298,-2979470433.458905,0.029127,58.524029,-6.768809,-17.14771,64.393822,-0.024403,-1.491496,0.179947,0.062666,-1.363687
01-05-26,28.08,28.18,28.08,28.17,196500,28.1705,28.371245,28.103632,-0.014047,0.001574,0.003231,FALSE,TRUE,0.267613,-0.009233,6.32901,25.939753,45.681339,2.431108,-0.05761,0.004227,-1.053738,1.037362,1.692176,48.148096,-1.053738,0.299204,8.30646,0.270206,0.07803,0.04852,0.447225,-1.84535,-2.571229,0.991833,10708660,23.974763,-2979313234.20849,0.02852,59.623232,-7.241138,-16.902654,64.068629,-0.022591,-1.360632,0.220272,0.07803,-0.00602
01-06-26,28.120001,28.15,28.09,28.120001,395900,28.1575,28.360445,28.103484,-0.013883,0.000968,0.00321,FALSE,TRUE,0.256961,-0.009669,0,25.688326,43.099502,0.416525,-0.058183,0.002924,-1.229359,0.607591,1.654811,29.62976,-0.916132,0.309897,6.742449,0.271005,0.076305,0.046263,0.447225,-1.978862,-2.571229,1.899411,10312760,108.808017,-2979313221.623056,0.046605,53.286689,-6.549205,-17.826831,63.687933,-0.025144,-1.508127,0.215089,0.076305,-0.556168
01-07-26,28.190001,28.27,28.190001,28.23,424400,28.1645,28.351045,28.103887,-0.013481,0.000369,0.003189,FALSE,TRUE,0.247158,-0.009958,5.617896,24.049583,49.819019,13.321906,-0.049194,0.00953,-0.563578,1.360708,2.016502,70.37024,0.498396,0.321341,6.731508,0.275826,0.062239,0.03014,0.438662,-1.46783,-2.571229,1.987003,10737160,32.088391,-2979313231.74155,0.095621,56.117927,-4.891349,-16.208713,64.502519,-0.015217,-0.889297,0.173609,0.062239,0.973027
01-08-26,28.16,28.23,28.16,28.219999,249600,28.169,28.339845,28.104191,-0.012879,-0.000219,0.003169,FALSE,TRUE,0.235654,-0.010085,-1.176497,22.816001,49.2496,3.568261,-0.042388,0.013069,-0.773563,1.469293,2.340967,66.666431,0.319944,0.313861,6.789308,0.271719,0.081272,0.050479,0.439982,-1.867369,-2.571229,1.173357,10487560,-6.481828,-2979134947.970433,0.084143,46.413111,-6.627324,-17.662748,63.90108,-0.026504,-1.589054,0.224675,0.081272,0.751169
01-09-26,28.24,28.280001,28.200001,28.280001,214500,28.1805,28.332464,28.105284,-0.012121,-0.000788,0.003149,FALSE,TRUE,0.227179,-0.009996,12.941213,21.230467,52.739933,9.640431,-0.031786,0.018936,-0.52761,1.28783,2.667482,88.889281,0.81997,0.313195,6.613177,0.271748,0.079273,0.04552,0.425231,-1.865124,-2.571229,1.065902,10702060,-51.710941,-2978920447.970433,0.179034,53.141232,-6.87962,-18.324157,63.638537,-0.025019,-1.495944,0.213353,0.079273,1.504579
01-12-26,28.200001,28.26,28.200001,28.219999,225100,28.186,28.327273,28.106078,-0.01129,-0.001333,0.003129,FALSE,TRUE,0.221194,-0.009939,3.370637,19.758187,49.103118,-0.7159,-0.027905,0.018254,-0.633804,1.252707,2.777086,66.666431,0.391315,0.323985,6.45143,0.272437,0.074636,0.03978,0.419845,-2.168467,-2.571229,1.115113,10476960,5.879586,-2978995490.844833,0.139638,47.286862,-8.175946,-18.414454,63.162947,-0.02946,-1.751775,0.19945,0.074636,0.527002
01-13-26,28.24,28.24,28.190001,28.200001,299400,28.19,28.321083,28.107318,-0.010409,-0.001858,0.003109,FALSE,TRUE,0.213765,-0.009759,8.235479,18.416378,47.917093,-1.332507,-0.026141,0.016015,-1.052629,1.723782,3.364969,59.259521,0.284495,0.314083,6.266028,0.269614,0.084478,0.050926,0.400813,-2.535306,-2.571229,1.424473,10177560,125.112782,-2979175126.276282,0.123016,47.41225,-10.186482,-18.400351,63.079153,-0.037453,-2.263547,0.225667,0.084478,0.1596
01-14-26,28.219999,28.34,28.219999,28.32,220800,28.2,28.316696,28.108961,-0.009363,-0.002356,0.00309,TRUE,TRUE,0.207735,-0.009373,17.894766,18.081088,54.948718,2.208785,-0.014888,0.021814,-0.840335,2.302993,4.065153,93.333164,0.711233,0.33293,6.6728,0.27587,0.085213,0.048119,0.462806,-2.036249,-2.571229,1.023677,10398360,99.638336,-2979027927.446114,0.153995,48.514112,-8.374121,-17.048571,63.321465,-0.031059,-1.831846,0.219361,0.085213,1.798339
01-15-26,28.32,28.370001,28.299999,28.360001,191400,28.209,28.313906,28.110115,-0.008132,-0.002819,0.003071,TRUE,TRUE,0.20379,-0.008801,12.359628,18.046505,57.031244,7.928125,-0.002711,0.027192,-0.804475,3.000856,4.586879,96.969627,0.638752,0.322386,7.545653,0.275052,0.08154,0.043244,0.575707,-2.107819,-2.571229,0.900058,10589760,-24.107851,-2978891213.1604,0.24764,49.65295,-7.838982,-17.509721,63.20253,-0.03078,-1.816133,0.207952,0.08154,2.001159
01-16-26,28.35,28.370001,28.299999,28.309999,217100,28.213,28.310515,28.110529,-0.006729,-0.003252,0.003053,FALSE,TRUE,0.199986,-0.008341,3.29657,18.014393,53.690266,5.773173,0.002871,0.02622,-1.25567,2.708306,3.509192,81.817761,0.283386,0.330525,7.867989,0.275579,0.084957,0.043208,0.572691,-2.172775,-2.571229,1.041182,10372660,-27.609203,-2979046284.588971,0.143458,44.987947,-8.937763,-17.030806,63.155953,-0.034196,-2.013815,0.207865,0.084957,1.232836
01-19-26,28.280001,28.299999,28.27,28.290001,173100,28.219,28.306525,28.110301,-0.00517,-0.003653,0.003035,FALSE,TRUE,0.196224,-0.007843,0,17.568768,52.368858,-2.57986,0.005617,0.023172,-1.290994,2.598848,2.958894,75.757593,0.425988,0.328233,7.979582,0.275145,0.084577,0.042957,0.572691,-2.344677,-2.571229,0.828575,10199560,4.845548,-2978988569.914505,0.156996,39.126987,-9.86051,-15.918558,63.098363,-0.036711,-2.165049,0.207261,0.084577,0.889781
01-20-26,28.219999,28.26,28.209999,28.23,175000,28.221,28.299539,28.109822,-0.003562,-0.004023,0.003017,FALSE,TRUE,0.189717,-0.00752,6.976693,16.385697,48.511141,-8.520103,0.002917,0.016378,-1.706127,2.381242,2.377233,57.575355,0.141891,0.308689,7.953155,0.275181,0.091315,0.054075,0.557605,-2.347426,-2.571229,0.825694,10024560,52.972028,-2979023569.914505,0.133,38.406872,-7.671662,-14.909399,63.870409,-0.034639,-2.054552,0.232539,0.091315,0.113156
01-21-26,28.209999,28.280001,28.190001,28.24,115100,28.2265,28.294549,28.109885,-0.001967,-0.00436,0.002999,FALSE,TRUE,0.184663,-0.00709,9.302331,15.523528,49.183033,-4.507234,0.001567,0.012022,-1.568493,2.087127,2.268843,60.605728,0.391044,0.318697,7.665881,0.274454,0.08971,0.052214,0.536832,-2.454042,-2.571229,0.568977,10139660,-62.641999,-2979010783.193868,0.142508,41.608686,-9.386598,-15.705127,63.667355,-0.035902,-2.133015,0.228503,0.08971,0.1761
01-22-26,28.25,28.309999,28.25,28.309999,164600,28.2345,28.291158,28.109905,-0.000409,-0.004661,0.002982,TRUE,TRUE,0.181252,-0.006383,33.333176,15.073114,53.734146,1.365288,0.006075,0.013224,-1.427576,2.193661,2.377742,79.309937,0.568383,0.305294,7.66038,0.2739,0.091922,0.055068,0.446618,-2.488823,-2.571229,0.812486,10304260,3.717706,-2978846183.193868,0.156813,46.846589,-9.22472,-15.663037,63.666435,-0.036995,-2.205725,0.234665,0.091922,0.985582
01-23-26,28.26,28.299999,28.24,28.299999,117900,28.237,28.28637,28.111546,0.001034,-0.004931,0.002964,TRUE,TRUE,0.174824,-0.005889,18.840443,14.513973,53.003824,4.492683,0.00874,0.012712,-1.256108,2.524509,2.63109,74.999489,0.176988,0.287734,7.794047,0.268085,0.086179,0.050276,0.413043,-2.128684,-2.571229,0.582861,10186360,-4.995971,-2978728283.193868,0.155521,41.840162,-8.695598,-15.477931,63.472929,-0.030193,-1.834553,0.224222,0.086179,0.808298
01-26-26,28.389999,28.41,28.379999,28.389999,483000,28.2425,28.283582,28.114178,0.002366,-0.005157,0.002947,TRUE,TRUE,0.169403,-0.005515,36.986029,15.16244,58.474011,9.290978,0.017908,0.017504,-1.080144,2.776715,3.103309,91.999817,0.388963,0.29437,8.47207,0.260835,0.06247,0.02648,0.437923,-1.265071,-2.571229,2.172935,10669360,482.208293,-2978889283.193868,0.09598,55.499333,-7.860179,-15.295593,63.714299,-0.013328,-0.822085,0.162728,0.06247,1.741007
01-27-26,28.25,28.27,28.200001,28.23,176900,28.2395,28.278391,28.116502,0.003418,-0.005351,0.002931,FALSE,TRUE,0.161889,-0.005348,0,14.486274,47.818051,-5.916094,0.012123,0.009375,-1.911053,1.904877,2.160489,27.999878,-0.212094,0.306159,8.400948,0.270173,0.068769,0.030021,0.437923,-1.876115,-2.571229,0.799584,10492460,-10.520991,-2978914560.131197,0.08178,46.022519,-8.468786,-15.378595,63.47337,-0.024979,-1.490226,0.173264,0.068769,-0.113087
01-28-26,28.200001,28.26,28.200001,28.24,98500,28.243,28.274997,28.119367,0.004193,-0.005514,0.002914,FALSE,TRUE,0.155629,-0.005098,2.564153,13.858405,48.450362,-4.553462,0.008251,0.004402,-1.427862,2.050861,1.765772,22.726997,0.24849,0.303521,8.240442,0.269795,0.068027,0.029433,0.431399,-1.946917,-2.571229,0.446925,10590960,-14.644714,-2978881728.88537,0.096682,50.151281,-8.389942,-15.670871,63.44327,-0.025808,-1.541368,0.171561,0.068027,-0.036408
01-29-26,28.219999,28.27,28.200001,28.209999,216000,28.2455,28.2716,28.122427,0.004774,-0.005654,0.002898,FALSE,TRUE,0.149173,-0.004948,-9.333523,13.16184,46.625057,-11.848954,0.002729,-0.000896,-0.946463,1.577455,1.625432,9.090279,0.177554,0.301312,8.049006,0.269571,0.068635,0.030059,0.451769,-1.915622,-2.571229,0.95257,10374960,143.243243,-2979036024.689185,0.056032,42.408216,-9.0085,-15.649407,63.428401,-0.025079,-1.499561,0.173374,0.068635,-0.441058
01-30-26,28.24,28.26,28.23,28.24,102700,28.2555,28.27,28.124309,0.005137,-0.005777,0.002882,FALSE,TRUE,0.145691,-0.004767,2.777837,12.515029,48.706136,0.888084,0.000766,-0.002287,-0.945176,1.721906,1.626119,22.726997,0.713263,0.293404,6.443879,0.269941,0.042996,0.014332,0.445447,-1.740171,-2.571229,0.460796,10477660,-43.039379,-2979070258.022518,0.089776,48.224249,-5.845294,-12.781685,65.337095,-0.018053,-1.06932,0.119715,0.042996,-0.240539
02-02-26,28.24,28.26,28.209999,28.25,158100,28.2595,28.269,28.126044,0.005214,-0.00588,0.002867,FALSE,TRUE,0.142956,-0.004539,7.042117,12.145309,49.414152,0.96379,0.000016,-0.00243,-1.013971,1.503445,1.270142,27.27257,0.28399,0.293301,6.12565,0.269942,0.043122,0.014309,0.42872,-1.739779,-2.571229,0.71553,10635760,-19.541985,-2978975398.022518,0.076449,50.925741,-6.570986,-14.415463,64.766425,-0.017959,-1.063752,0.119619,0.043122,-0.155083
02-03-26,28.219999,28.23,28.200001,28.23,177900,28.265,28.2664,28.127335,0.005031,-0.00597,0.002852,FALSE,TRUE,0.139065,-0.004179,-14.754016,11.919968,47.987491,1.362434,-0.002167,-0.00369,-0.945607,1.106473,0.80976,18.181424,0.391176,0.270736,5.236518,0.266553,0.053143,0.021764,0.449606,-2.144853,-2.571229,0.846921,10457860,-55.06441,-2978797498.022518,0.122759,42.87578,-6.540675,-16.178362,64.611364,-0.026215,-1.578505,0.147526,0.053143,-0.668387
02-04-26,28.209999,28.27,28.200001,28.24,149000,28.2655,28.2628,28.128971,0.004804,-0.006044,0.002838,FALSE,TRUE,0.133829,-0.003935,-20.689667,11.155509,48.78371,0.077574,-0.003055,-0.003662,-0.841122,0.998415,0.250411,22.726997,0.035424,0.27064,5.206025,0.263826,0.053075,0.022284,0.470413,-1.816576,-2.571229,0.7591,10346360,-64.891612,-2974276526.133973,0.136795,41.86221,-8.636989,-14.627877,64.842486,-0.020809,-1.266257,0.149279,0.053075,-0.489817
02-05-26,28.27,28.309999,28.23,28.290001,244500,28.269,28.259,28.13189,0.004546,-0.006102,0.002824,TRUE,TRUE,0.12711,-0.003612,-3.448004,10.78737,52.683919,3.269767,0.000273,-0.000267,-0.700328,1.285301,0.497681,45.454861,0.248057,0.272686,5.1186,0.264962,0.045599,0.016514,0.473791,-1.597031,-2.571229,1.247258,10590860,-2.043269,-2974154267.389963,0.122683,51.364797,-6.072226,-11.172775,65.757361,-0.014483,-0.87494,0.128509,0.045599,0.410289
02-06-26,28.27,28.299999,28.25,28.26,176000,28.268,28.2536,28.134265,0.004305,-0.006143,0.002811,TRUE,TRUE,0.119335,-0.003226,-5.084812,10.445528,50.213144,2.225653,0.000484,-0.000045,-1.117129,1.177891,0.043613,31.818142,-0.070723,0.275503,5.115513,0.263636,0.038673,0.01239,0.480201,-1.922334,-2.571229,0.906726,10492660,-17.948718,-2964088150.014481,0.041445,51.306313,-8.578125,-13.515521,64.574296,-0.019657,-1.191022,0.11131,0.038673,-0.156379
02-09-26,28.26,28.309999,28.26,28.309999,210000,28.2725,28.2482,28.137136,0.004084,-0.006167,0.002798,TRUE,TRUE,0.111064,-0.002759,13.793001,10.26414,54.078488,5.294778,0.004633,0.003283,-0.630132,1.176807,0.220616,54.545139,0.318923,0.267447,5.066661,0.264795,0.046382,0.018156,0.462145,-1.70223,-2.571229,1.086113,10369760,-6.70813,-2954715307.866017,0.115318,59.009096,-9.709241,-15.321853,63.926185,-0.017125,-1.036125,0.134743,0.046382,0.740125
02-10-26,28.34,28.379999,28.33,28.360001,268100,28.2805,28.2432,28.139766,0.00391,-0.00617,0.002786,TRUE,TRUE,0.103434,-0.002266,19.354829,10.9673,57.621859,4.93794,0.011819,0.008375,-0.419764,1.463671,1.203327,76.190736,0.567375,0.261938,5.124517,0.265367,0.047112,0.016995,0.440948,-1.383068,-2.571229,1.39792,10637860,-10.454242,-2954661675.593186,0.177074,61.39352,-8.99414,-15.837444,63.540226,-0.013923,-0.840078,0.130365,0.047112,1.551381
02-11-26,28.35,28.43,28.35,28.379999,133300,28.2835,28.2392,28.142549,0.0038,-0.006148,0.002775,TRUE,TRUE,0.096651,-0.001869,12.280573,12.148071,58.985016,8.771872,0.018909,0.012372,-0.558463,1.934107,1.274692,78.260329,0.211863,0.26427,5.527689,0.263109,0.047259,0.017473,0.434571,-1.042452,-2.571229,0.711275,10771160,-39.628623,-2942555235.677556,0.133044,60.937971,-8.343057,-14.664435,63.541915,-0.007666,-0.466591,0.132186,0.047259,1.745745
02-12-26,28.4,28.48,28.379999,28.48,186700,28.2895,28.2408,28.145587,0.003793,-0.006098,0.002764,TRUE,TRUE,0.095213,-0.001356,27.272622,13.713615,65.040601,10.962113,0.032227,0.020552,-0.173189,2.001854,1.916026,100,0.423127,0.270866,6.886101,0.266656,0.0215,0.003813,0.708178,-0.57449,-2.571229,0.997462,10723860,-2.45559,-2930230339.500723,0.146564,66.346339,-4.786208,-12.236351,65.623877,0.003708,0.221138,0.061752,0.0215,2.766439
02-13-26,28.5,28.549999,28.5,28.540001,104400,28.301,28.2432,28.14848,0.003892,-0.006018,0.002754,TRUE,TRUE,0.09472,-0.000852,23.809581,15.733259,68.085326,10.463468,0.047079,0.028324,0.177188,2.289611,2.633492,97.143324,0.812439,0.260286,8.87873,0.266393,0.026813,0.006279,0.893609,-0.156437,-2.571229,0.57508,10828260,-51.911561,-2924834020.428333,0.211077,60.804362,-7.960275,-14.04902,64.866194,0.009379,0.560676,0.079241,0.026813,2.691839
02-17-26,28.549999,28.59,28.540001,28.549999,264100,28.314,28.2448,28.150931,0.00414,-0.005906,0.002744,TRUE,TRUE,0.093869,-0.000378,66.666137,17.893965,68.576449,9.591433,0.058977,0.032177,0.493679,2.618016,2.16652,89.743339,0.919047,0.225168,10.470014,0.266179,0.02773,0.006719,0.875955,-0.051544,-2.571229,1.419206,11320560,52.570768,-2896622239.550902,0.147829,69.651918,-7.000248,-13.416306,65.144055,0.011441,0.684623,0.081969,0.02773,2.254051
02-18-26,28.530001,28.57,28.52,28.559999,158600,28.3305,28.2484,28.153727,0.004512,-0.005762,0.002735,TRUE,TRUE,0.094673,0.000201,66.666137,19.527541,69.088818,4.048217,0.068425,0.0333,0.634853,2.985221,2.13082,92.307504,1.168969,0.222588,11.614308,0.264936,0.032946,0.00978,0.85613,-0.228537,-2.571229,0.856048,11479160,-9.371429,-2896527081.970983,0.18361,65.287758,-9.336679,-14.75604,64.237434,0.006585,0.3965,0.098892,0.032946,1.976009
02-19-26,28.52,28.559999,28.52,28.549999,204300,28.346,28.2576,28.156966,0.005027,-0.005585,0.002727,TRUE,TRUE,0.100634,0.000854,73.912611,21.044434,67.896588,-0.188739,0.074249,0.031299,0.812145,2.581355,2.741701,89.743339,1.097732,0.215161,12.385898,0.263698,0.029786,0.00802,0.791058,-0.477007,-2.571229,1.076793,10935760,77.497828,-2888813424.073153,0.202842,65.528552,-9.750759,-15.772284,64.343096,0.003135,0.189468,0.089552,0.029786,1.64703
02-20-26,28.58,28.58,28.540001,28.57,207000,28.359,28.2664,28.160207,0.005675,-0.005376,0.002719,TRUE,TRUE,0.106193,0.001634,73.332881,22.621429,69.047042,0.470593,0.079561,0.029289,0.954065,2.653217,2.669182,94.871669,0.918404,0.212509,13.317576,0.262482,0.025323,0.005701,0.759453,-0.621405,-2.571229,1.078968,11142760,25.759417,-2888709929.008541,0.184676,66.912681,-9.520641,-16.065476,64.037458,0.001782,0.108095,0.075506,0.025323,1.584372
02-23-26,28.58,28.629999,28.559999,28.610001,264300,28.3745,28.2776,28.163451,0.006396,-0.005139,0.002712,TRUE,TRUE,0.114149,0.002559,74.999603,24.479079,71.264955,2.176137,0.086008,0.028589,0.881523,3.128539,3.066422,95.349157,1.095411,0.217205,14.358112,0.262132,0.019532,0.003337,0.806139,-0.658122,-2.571229,1.327007,11095460,124.173028,-2881046461.059432,0.176729,73.939548,-10.127243,-14.618632,64.36956,0.002519,0.152803,0.057771,0.019532,1.640193
02-24-26,28.549999,28.549999,28.52,28.52,318900,28.381,28.2858,28.165702,0.007091,-0.004881,0.002705,TRUE,TRUE,0.120098,0.003417,52.727147,25.386775,60.722328,-7.17426,0.082899,0.020384,0.351866,2.400387,2.094883,74.418811,0.457911,0.227909,14.721635,0.264358,0.019131,0.003117,0.728641,-1.14281,-2.571229,1.66994,10308760,-33.975155,-2845856831.020494,0.14298,70.270833,-9.663743,-14.057064,63.67695,-0.005285,-0.317878,0.055829,0.019131,0.944193
02-25-26,28.51,28.549999,28.5,28.5,255800,28.3945,28.2934,28.16879,0.007722,-0.004604,0.002699,TRUE,TRUE,0.12461,0.004296,46.42834,25.839596,58.646016,-10.401026,0.077923,0.012326,0.070226,2.548249,1.95192,67.500179,0.956431,0.223056,14.500369,0.264111,0.01813,0.002825,0.649624,-1.319287,-2.571229,1.312401,10052960,44.60147,-2846112631.020494,0.08095,62.792823,-9.319243,-15.388161,63.234831,-0.008256,-0.496943,0.053154,0.01813,0.727569
02-26-26,28.559999,28.57,28.540001,28.57,105200,28.411,28.3024,28.171636,0.008412,-0.004305,0.002694,TRUE,TRUE,0.130764,0.005246,48.275499,26.460523,63.367242,-7.897713,0.07872,0.010499,0.1402,2.726405,1.529286,84.210632,1.168555,0.220009,14.527293,0.265759,0.023358,0.004685,0.57797,-0.962191,-2.571229,0.53881,10458060,6.80203,-2836789074.743395,0.099344,61.005205,-8.952687,-15.296712,62.933559,-0.003214,-0.192446,0.068449,0.023358,1.09449
02-27-26,28.58,28.610001,28.559999,28.59,163900,28.43,28.3106,28.174928,0.009159,-0.003985,0.002689,TRUE,TRUE,0.135672,0.005923,57.894561,27.41742,64.610442,3.888114,0.080044,0.009458,0.03499,2.83519,1.529624,89.189426,1.347044,0.219856,14.242264,0.252696,0.003268,0.0001,0.476969,-0.279217,-2.571229,0.85081,10742960,-24.12037,-2822495351.603148,0.149243,67.002663,-7.515849,-13.937184,64.280892,0.010996,0.690804,0.009999,0.003268,1.123418
03-02-26,28.51,28.51,28.43,28.469999,509300,28.4415,28.3154,28.177619,0.009952,-0.003647,0.002685,TRUE,TRUE,0.137781,0.006428,24.999851,26.092457,52.99062,-5.655396,0.070595,0.000008,-0.489344,2.110562,0.997964,46.666582,0.814446,0.248381,13.538539,0.25861,-0.003311,0.000099,0.407511,-0.774292,-2.571229,2.391417,10334760,395.910419,-2817610544.087237,0.143031,53.97629,-8.703791,-15.622272,64.156764,0.003736,0.22934,-0.009939,-0.003311,0.210506
03-03-26,28.32,28.450001,28.26,28.4,200300,28.449,28.32,28.180256,0.010635,-0.003297,0.002681,TRUE,TRUE,0.139744,0.006899,6.06044,25.444731,47.611568,-15.755674,0.056804,-0.011027,-0.629812,1.532675,0.365622,37.837782,0.530972,0.284204,12.81816,0.259568,0.007956,0.000624,0.38731,-1.201372,-2.571229,0.931281,9938260,26.691967,-2811339373.936933,0.141631,46.490294,-6.50963,-13.434588,65.031568,-0.004629,-0.283215,0.024983,0.007956,-0.382272
03-04-26,28.43,28.43,28.389999,28.4,175300,28.4575,28.3242,28.182105,0.011241,-0.002937,0.002678,TRUE,TRUE,0.142095,0.007222,3.125056,24.843271,47.611568,-16.998874,0.045352,-0.017983,0,2.005426,-0.290802,37.837782,0.602197,0.274144,11.813793,0.256308,0.015964,0.002529,0.377266,-0.890332,-2.571229,0.815538,9980260,-1.461495,-2796902754.059806,0.079947,47.20996,-7.434779,-13.488841,64.727657,-0.000083,-0.005168,0.05029,0.015964,-0.486721
03-05-26,28.27,28.299999,28.24,28.27,260200,28.459,28.327,28.183402,0.011588,-0.002571,0.002675,FALSE,TRUE,0.143598,0.006839,-31.343054,25.444884,39.069574,-13.921046,0.025492,-0.030274,-0.527796,1.176122,-0.369962,7.692496,0.106235,0.290564,11.53894,0.22678,0.009736,0.001212,0.477974,-0.348148,-2.571229,1.179992,9720060,74.630872,-2796902745.788198,0.073107,40.309264,-7.158229,-12.893643,64.917396,0.009973,0.698538,0.03482,0.009736,-1.637927
03-06-26,28.17,28.200001,28.120001,28.120001,702600,28.4505,28.3264,28.184935,0.011577,-0.002213,0.002672,FALSE,FALSE,0.141465,0.006268,-55.263151,26.691369,31.947347,-15.664221,-0.002323,-0.046472,-1.229359,0.281391,-0.243663,0,-0.600919,0.312435,13.335632,0.236596,0.033021,0.013571,0.658563,-1.08628,-2.571229,2.886429,9153860,187.361963,-2782296514.049971,-0.103207,31.261094,-5.799428,-11.297066,65.784504,-0.002915,-0.196914,0.116493,0.033021,-2.478316
03-09-26,28.030001,28.23,28.030001,28.23,242400,28.449,28.326,28.187905,0.011256,-0.00186,0.002669,FALSE,TRUE,0.138095,0.005742,-37.20924,28.274596,40.511635,-7.099932,-0.015315,-0.047571,-0.52854,0.210392,1.025038,33.333227,-0.10616,0.349171,13.575899,0.238912,0.036038,0.015884,0.746038,-0.327615,-2.571229,0.982431,9399460,37.727273,-2763980477.627671,-0.031298,30.80133,-4.386232,-11.422871,66.163669,0.007961,0.533249,0.126032,0.036038,-1.613155
03-10-26,28.200001,28.27,28.16,28.16,263900,28.4415,28.3236,28.190234,0.010626,-0.001519,0.002666,FALSE,FALSE,0.133366,0.005194,-43.478216,29.238773,37.29508,-1.774494,-0.030903,-0.050528,0.249198,-0.566056,0.422164,21.666582,-0.529847,0.365259,14.747961,0.239701,0.032224,0.012469,0.855045,-0.836336,-2.571229,1.058012,9135560,25.666667,-2764244377.627671,-0.125956,36.753128,-4.339344,-12.53561,65.877261,0.000898,0.059828,0.111666,0.032224,-1.908739
03-11-26,28.09,28.129999,28.01,28.01,160000,28.424,28.318,28.191615,0.009619,-0.001199,0.002662,FALSE,FALSE,0.126385,0.004413,-50.943328,30.804492,31.519796,-0.427551,-0.05473,-0.059483,-0.426587,-1.026012,-0.460785,0,-1.234134,0.395266,17.572096,0.24943,0.037521,0.015616,1.020839,-1.406461,-2.675471,0.655671,8668260,-40.320776,-2761134573.427987,-0.172518,37.207756,-5.236982,-12.426291,65.252986,-0.008418,-0.539988,0.124963,0.037521,-2.356006
03-12-26,28,28.01,27.879999,27.9,318500,28.4,28.3126,28.192198,0.008101,-0.000906,0.002659,FALSE,FALSE,0.120402,0.003458,-58.260896,32.714597,28.085106,-12.426529,-0.081549,-0.069042,-0.534758,-1.726349,-0.678652,2.666728,-1.69133,0.419867,21.12369,0.254368,0.044167,0.021062,1.216806,-1.787637,-3.057683,1.257477,8430760,138.934734,-2747251264.898873,-0.20316,30.914407,-4.473299,-12.064047,65.910638,-0.014992,-0.945599,0.145127,0.044167,-2.367012
03-12-26,28,28.01,27.879999,27.9,318531,28.371,28.3074,28.19209,0.006088,-0.000645,0.002655,FALSE,FALSE,0.11531,0.002618,-63.964128,34.488267,28.085106,-9.209974,-0.101631,-0.071299,-0.747069,-1.760854,-0.260898,2.739783,-2.036517,0.435228,23.781681,0.252638,0.045048,0.0222,1.330714,-2.023326,-3.057683,1.225701,8430760,70.611141,-2747471784.922436,-0.276355,25.894441,-3.882132,-11.21846,65.910638,-0.018672,-1.186522,0.148996,0.045048,-1.980517
03-12-26,28,28.01,27.879999,27.9,318531,28.371,28.3074,28.19209,0.006088,-0.000645,0.002655,FALSE,FALSE,0.11531,0.002618,-63.964128,34.488267,28.085106,-9.209974,-0.101631,-0.071299,-0.747069,-1.760854,-0.260898,2.739783,-2.036517,0.435228,23.781681,0.252638,0.045048,0.0222,1.330714,-2.023326,-3.057683,1.225701,8842460,70.611141,-2730419791.996848,-0.276355,25.894441,-3.882132,-11.21846,66.38066,-0.018672,-1.186522,0.148996,0.045048,-1.980517
03-13-26,27.99,28.030001,27.889999,27.940001,251200,28.341,28.3054,28.192083,0.003705,-0.000411,0.002652,FALSE,FALSE,0.113317,0.001943,-54.717002,35.878653,31.244862,-0.274934,-0.113017,-0.066148,-0.640115,-1.654543,-0.292643,8.21935,-2.102314,0.447388,25.275107,0.252234,0.045927,0.023113,1.461412,-2.062295,-3.057683,0.940062,9093660,140.613027,-2730491560.980922,-0.293915,33.309269,-2.563195,-10.882852,66.935724,-0.019318,-1.230072,0.152029,0.045927,-1.586539
03-13-26,27.99,28.030001,27.889999,27.940001,251171,28.3105,28.3008,28.19168,0.001032,-0.000208,0.002648,FALSE,FALSE,0.10912,0.001182,-53.846154,37.169725,31.244862,3.159755,-0.120649,-0.059024,-0.640115,-1.585451,-0.257754,8.21935,-2.136598,0.470397,26.280809,0.250929,0.045655,0.023078,1.58046,-1.848924,-3.057683,0.942232,9093660,-4.895494,-2730563321.679564,-0.278363,35.876184,-2.781442,-10.216745,66.935724,-0.015761,-1.008799,0.151913,0.045655,-1.409772
03-13-26,27.99,28.030001,27.889999,27.940001,251171,28.3105,28.3008,28.19168,0.001032,-0.000208,0.002648,FALSE,FALSE,0.10912,0.001182,-53.846154,37.169725,31.244862,3.159755,-0.120649,-0.059024,-0.640115,-1.585451,-0.257754,8.21935,-2.136598,0.470397,26.280809,0.250929,0.045655,0.023078,1.58046,-1.848924,-3.057683,0.942232,9138560,-4.895494,-2716387297.189451,-0.278363,35.876184,-2.781442,-10.216745,67.208186,-0.015761,-1.008799,0.151913,0.045655,-1.409772
03-16-26,28.040001,28.1,28.02,28.09,103387,28.287,28.3002,28.191829,-0.001712,-0.000025,0.002644,FALSE,FALSE,0.10837,0.000714,-42.857143,37.43702,42.275153,14.190047,-0.113287,-0.04133,-0.319376,-1.299782,-0.037162,28.767202,-1.645656,0.490771,26.03256,0.260604,0.058269,0.035511,1.64802,-1.307316,-3.057683,0.3919,9241947,-34.812736,-2716309757.555686,-0.284615,35.806714,-3.792042,-11.555611,66.771109,-0.009068,-0.562419,0.188443,0.058269,-0.756744
03-17-26,28.110001,28.18,28.110001,28.129999,214900,28.266,28.2982,28.192377,-0.004445,0.000135,0.002639,FALSE,FALSE,0.105823,0.000216,-40.351053,36.734894,44.817456,13.572595,-0.103038,-0.024865,-0.354234,-1.020511,0.140125,39.682472,-1.471104,0.500229,25.487661,0.25985,0.063607,0.041965,1.330636,-0.949409,-3.057683,0.81297,9456847,5.188448,-2716401865.920809,-0.320788,36.718203,-4.802512,-11.403896,66.727952,-0.002799,-0.174714,0.204853,0.063607,-0.533595
03-17-26,28.110001,28.18,28.110001,28.129999,214877,28.244,28.2964,28.193221,-0.007167,0.000268,0.002635,FALSE,FALSE,0.103179,-0.000249,-33.333458,36.08292,44.817456,13.572595,-0.093834,-0.012528,-0.141998,-1.020511,-0.069154,43.859526,-1.540079,0.477376,24.609369,0.259684,0.063138,0.041206,1.152174,-1.022455,-3.057683,0.811673,9456847,3.805314,-2716493964.427894,-0.357252,43.257467,-4.590276,-10.877427,66.727952,-0.003447,-0.215188,0.202993,0.063138,-0.463241
03-17-26,28.110001,28.18,28.110001,28.129999,214877,28.244,28.2964,28.193221,-0.007167,0.000268,0.002635,FALSE,FALSE,0.103179,-0.000249,-33.333458,36.08292,44.817456,13.572595,-0.093834,-0.012528,-0.141998,-1.020511,-0.069154,43.859526,-1.540079,0.477376,24.609369,0.259684,0.063138,0.041206,1.152174,-1.022455,-3.057683,0.811673,9582147,3.805314,-2708789756.425206,-0.357252,43.257467,-4.590276,-10.877427,67.453753,-0.003447,-0.215188,0.202993,0.063138,-0.463241
03-18-26,28.16,28.16,28.02,28.030001,191600,28.215,28.2914,28.193317,-0.009885,0.000376,0.002631,FALSE,FALSE,0.098083,-0.000707,-35.238147,36.044656,39.742491,-2.532663,-0.09353,-0.00978,-0.567577,-1.406963,-0.424395,27.272948,-2.027263,0.461241,23.459924,0.259375,0.071244,0.056432,1.203637,-1.74865,-3.057683,0.733823,9390547,-27.506621,-2708953984.250819,-0.415369,43.41975,-2.431735,-8.310493,68.387448,-0.013362,-0.841886,0.237553,0.071244,-0.788576
03-18-26,28.16,28.16,28.02,28.030001,191595,28.1905,28.2876,28.193414,-0.012611,0.000467,0.002626,FALSE,FALSE,0.094186,-0.001101,-35.238147,36.009125,39.742491,-5.074966,-0.092227,-0.006781,-0.355487,-1.406963,-0.459063,35.714643,-1.718092,0.486724,22.651753,0.258912,0.071386,0.056856,0.836122,-1.860299,-3.057683,0.75214,9390547,-39.920038,-2709118207.790737,-0.395387,39.718951,-1.37546,-7.760431,68.387448,-0.015183,-0.95858,0.238446,0.071386,-0.708551
03-19-26,27.99,28.09,27.969999,28.07,360999,28.169,28.285,28.194502,-0.015144,0.00054,0.002621,FALSE,FALSE,0.090498,-0.0014,-20.833515,36.280002,42.749866,-2.06759,-0.086964,-0.001214,-0.284192,-1.26627,0.03126,48.717924,-1.508773,0.475852,21.574579,0.259632,0.065975,0.04957,0.73125,-1.745757,-3.057683,1.388495,9751546,41.125489,-2708877543.703365,-0.291912,38.325645,0.286755,-6.929193,69.242423,-0.012346,-0.774325,0.222644,0.065975,-0.458875
03-20-26,27.99,27.99,27.799999,27.82,337800,28.1315,28.275,28.194537,-0.017614,0.000582,0.002616,FALSE,FALSE,0.080463,-0.002299,-28.302111,37.368442,32.000021,-7.742469,-0.101792,-0.012834,-1.522125,-2.042253,-0.859649,4.255405,-2.625131,0.510939,20.739666,0.278463,0.091684,0.088281,0.821309,-2.070887,-3.335653,1.243635,9406446,221.102662,-2699792960.254831,-0.347869,44.1195,0.905063,-6.070158,68.935097,-0.017585,-1.049901,0.297122,0.091684,-1.501954
03-20-26,27.99,27.99,27.799999,27.82,337831,28.093,28.2642,28.194325,-0.019913,0.000595,0.00261,FALSE,FALSE,0.069874,-0.003196,-43.158017,38.379137,32.000021,-7.742469,-0.11225,-0.018633,-1.626595,-1.973219,-0.472564,4.255405,-2.693251,0.508371,18.840313,0.278468,0.091952,0.088405,0.693738,-2.03712,-3.335653,1.205164,9406446,106.120195,-2700059667.511098,-0.390495,37.937844,0.759387,-6.212229,68.935097,-0.017732,-1.058695,0.29733,0.091952,-1.449022
03-20-26,27.99,27.99,27.799999,27.82,337831,28.093,28.2642,28.194325,-0.019913,0.000595,0.00261,FALSE,FALSE,0.069874,-0.003196,-43.158017,38.379137,32.000021,-7.742469,-0.11225,-0.018633,-1.626595,-1.973219,-0.472564,4.255405,-2.693251,0.508371,18.840313,0.278468,0.091952,0.088405,0.693738,-2.03712,-3.335653,1.205164,10038946,106.120195,-2647317876.695968,-0.390495,37.937844,0.759387,-6.212229,68.415187,-0.017732,-1.058695,0.29733,0.091952,-1.449022
03-23-26,27.85,28,27.84,27.92,239000,28.0655,28.2564,28.194762,-0.021917,0.000587,0.002604,FALSE,FALSE,0.061638,-0.004114,-24.489832,39.175812,39.103788,-3.646077,-0.111186,-0.014056,-1.307886,-1.620857,-0.255132,31.579079,-1.931855,0.524459,16.968927,0.277509,0.104489,0.121848,0.640095,-1.295186,-3.335653,0.895787,10277946,-53.072845,-2647317876.695968,-0.410274,37.155531,-0.842472,-7.732717,67.464465,-0.006473,-0.395154,0.349067,0.104489,-0.857449
03-23-26,27.85,28,27.84,27.92,239017,28.0415,28.249,28.19505,-0.02358,0.000557,0.002598,FALSE,FALSE,0.05395,-0.004804,-10.843418,39.915581,39.103788,7.103767,-0.109086,-0.009565,-0.887469,-1.931855,-0.743233,31.579079,-1.690139,0.527017,15.30144,0.270557,0.097141,0.108676,0.660705,-1.781837,-3.335653,0.889397,10277946,19.329506,-2647317876.695968,-0.42497,40.109222,-0.527448,-7.23624,67.464465,-0.012645,-0.785852,0.32966,0.097141,-0.794042
03-24-26,27.809999,27.870001,27.77,27.809999,161900,28.012,28.2406,28.195283,-0.024917,0.000496,0.002591,FALSE,FALSE,0.045317,-0.005746,-10.843418,40.949131,34.505174,2.505153,-0.114973,-0.012361,-1.242899,-2.455282,-1.478646,9.755859,-2.077465,0.534238,13.621196,0.274186,0.098457,0.108288,0.693696,-1.967153,-3.3704,0.603946,10116046,-7.644039,-2647350260.401551,-0.415724,43.492892,-1.413144,-7.592649,67.170112,-0.01561,-0.957069,0.329072,0.098457,-1.482987
03-24-26,27.809999,27.870001,27.77,27.809999,161931,27.989,28.232,28.195713,-0.025889,0.000407,0.002584,FALSE,FALSE,0.036287,-0.006484,-10.843418,41.908856,34.505174,-4.598614,-0.118275,-0.01253,-0.820262,-2.249565,-1.854681,9.755859,-1.62717,0.526533,12.900024,0.268889,0.107208,0.131517,0.725187,-2.390807,-3.3704,0.61534,10116046,-37.766718,-2647382650.307843,-0.429642,43.492892,-0.439309,-7.176001,67.170112,-0.023474,-1.487093,0.362652,0.107208,-1.387598
03-24-26,27.809999,27.870001,27.77,27.809999,161931,27.989,28.232,28.195713,-0.025889,0.000407,0.002584,FALSE,FALSE,0.036287,-0.006484,-10.843418,41.908856,34.505174,-4.598614,-0.118275,-0.01253,-0.820262,-2.249565,-1.854681,9.755859,-1.62717,0.526533,12.900024,0.268889,0.107208,0.131517,0.725187,-2.390807,-3.3704,0.61534,9891146,-37.766718,-2633068801.642994,-0.429642,43.492892,-0.439309,-7.176001,66.633954,-0.023474,-1.487093,0.362652,0.107208,-1.387598
03-25-26,27.93,28.02,27.93,28.02,232700,27.984,28.2262,28.196946,-0.02636,0.000303,0.002577,FALSE,FALSE,0.029254,-0.006871,8.000008,40.673096,48.035556,8.931767,-0.102761,0.002386,-0.53248,-1.580607,-1.07924,60.975632,-0.35562,0.540431,12.554722,0.287103,0.125757,0.161366,0.710093,-1.510614,-3.3704,0.970951,10123846,-66.880159,-2632836101.642994,-0.276633,42.935437,-0.448638,-7.678978,66.292104,-0.010873,-0.656516,0.401704,0.125757,0.286749
03-25-26,27.93,28.02,27.93,28.02,232708,27.9735,28.2206,28.197833,-0.026303,0.00018,0.00257,FALSE,FALSE,0.022766,-0.007146,8.000008,39.525604,48.035556,13.530382,-0.089436,0.012569,-0.35562,-1.580607,-0.734684,60.975632,-0.743886,0.527685,11.193401,0.285599,0.123875,0.156937,0.694671,-1.715539,-3.3704,0.972952,10123846,-3.99835,-2632603393.642994,-0.279219,42.935437,0.145323,-6.372861,66.292104,-0.013133,-0.795033,0.396153,0.123875,0.415428
03-25-26,27.93,28.02,27.93,28.02,232708,27.9735,28.2206,28.197833,-0.026303,0.00018,0.00257,FALSE,FALSE,0.022766,-0.007146,8.000008,39.525604,48.035556,13.530382,-0.089436,0.012569,-0.35562,-1.580607,-0.734684,60.975632,-0.743886,0.527685,11.193401,0.285599,0.123875,0.156937,0.694671,-1.715539,-3.3704,0.972952,10251246,-3.99835,-2630955713.196846,-0.279219,42.935437,0.145323,-6.372861,66.740895,-0.013133,-0.795033,0.396153,0.123875,0.415428
03-26-26,27.809999,27.879999,27.77,27.780001,231400,27.9545,28.2084,28.197422,-0.025921,0.000028,0.002563,FALSE,FALSE,0.010978,-0.007901,-28.440364,39.497458,37.709907,3.204733,-0.097122,0.003907,-1.594045,-2.148639,-1.858392,2.439081,-1.349429,0.555385,11.085671,0.30462,0.143905,0.191046,0.769221,-2.168068,-3.474635,0.974101,10019846,-12.315271,-2631145039.010513,-0.265433,34.913707,-0.667529,-5.509797,67.041181,-0.01916,-1.110104,0.437088,0.143905,-1.574098
03-27-26,27.73,27.77,27.709999,27.75,254000,27.9415,28.1988,28.196613,-0.025269,-0.000152,0.002555,FALSE,FALSE,0.002187,-0.008715,-35.18511,39.785154,36.649369,-11.386187,-0.10443,-0.002721,-1.665483,-2.426162,-0.792785,8.510811,-0.928241,0.550837,11.895487,0.304751,0.143992,0.191071,0.849734,-2.199369,-3.578877,1.048493,10002746,58.75,-2626653272.932195,-0.209785,23.509748,0.170905,-6.336037,67.585496,-0.019575,-1.133698,0.437117,0.143992,-1.609854
03-30-26,27.9,27.91,27.860001,27.870001,134000,27.94,28.1914,28.195959,-0.024292,-0.00035,0.002547,FALSE,FALSE,-0.004559,-0.009103,-21.666513,38.478342,43.494744,-4.540812,-0.099393,0.001853,-1.449787,-1.969748,0.022966,35.555885,-0.107523,0.571532,11.969255,0.304926,0.144196,0.19141,0.6996,-2.192115,-3.578877,0.57504,10055846,-57.927786,-2608371421.867648,-0.188029,28.286455,0.935118,-5.785363,67.874974,-0.019504,-1.129201,0.437504,0.144196,-0.584825
03-31-26,27.950001,28,27.91,27.940001,201900,27.942,28.186,28.195606,-0.023052,-0.000561,0.002538,FALSE,FALSE,-0.009606,-0.009285,-7.692308,36.431121,47.08652,9.376613,-0.08873,0.010013,-0.9922,-1.619715,0.629271,51.111347,0.143372,0.567543,11.93226,0.306277,0.141008,0.200379,0.709443,-2.087496,-3.578877,0.888661,10257746,-36.615274,-2608438719.015107,-0.159135,37.553028,-0.311511,-8.42983,66.519197,-0.022439,-1.300588,0.447637,0.141008,-0.016758
04-01-26,27.940001,27.959999,27.870001,27.870001,189400,27.9385,28.1786,28.195502,-0.021691,-0.000786,0.002529,FALSE,FALSE,-0.016902,-0.009642,-12.903196,34.813325,44.069728,7.420358,-0.084949,0.011035,-1.170212,-2.210523,0.733848,42.105607,-0.250536,0.556154,12.040604,0.30705,0.138221,0.192351,0.733567,-2.146201,-3.578877,0.845137,9667246,-24.601911,-2597584760.245099,-0.187573,34.517529,-0.902232,-11.051919,65.13438,-0.025051,-1.441166,0.438578,0.138221,-0.568902
04-02-26,27.889999,27.99,27.879999,27.950001,187500,27.939,28.1726,28.19565,-0.020198,-0.001018,0.00252,FALSE,FALSE,-0.02305,-0.009877,-9.374898,33.032379,48.157728,4.662984,-0.074636,0.017078,-1.306493,-2.13585,1.274934,77.419553,0.035792,0.554562,12.043336,0.309623,0.140428,0.196187,0.584096,-1.822718,-3.578877,0.848715,9854746,-25.349662,-2597533619.743642,-0.162461,45.965846,-1.512556,-9.891223,64.985538,-0.020242,-1.157555,0.44293,0.140428,0.091342
04-06-26,27.92,27.99,27.9,27.969999,244400,27.933,28.1674,28.195551,-0.018605,-0.001259,0.00251,FALSE,FALSE,-0.028151,-0.010163,14.285662,31.378644,49.15814,2.071621,-0.064111,0.022083,-1.375181,-2.168593,0.381852,83.87067,-0.427201,0.508198,11.539854,0.308799,0.140839,0.191274,0.554122,-1.584555,-3.578877,1.072057,9675946,136.393357,-2585951695.286034,-0.144664,59.814176,-1.477878,-9.31302,62.124846,-0.019376,-1.107629,0.437349,0.140839,0.320621
04-07-26,27.950001,27.969999,27.809999,27.91,190300,27.922,28.1608,28.194705,-0.016967,-0.001516,0.002499,FALSE,FALSE,-0.033905,-0.010516,8.108117,30.529193,46.273067,2.203339,-0.05992,0.021019,-1.412927,-2.650855,0.02534,64.516089,-0.782081,0.501612,10.571064,0.309792,0.139987,0.187526,0.530724,-1.792932,-3.578877,0.839277,9485646,-11.447185,-2585904119.151757,-0.114646,54.790981,-1.844669,-10.797857,61.851992,-0.023215,-1.319738,0.433043,0.139987,-0.11352
04-08-26,28.1,28.110001,28,28.040001,223100,27.9175,28.1558,28.195353,-0.015224,-0.001783,0.002489,FALSE,FALSE,-0.039553,-0.010518,10.526377,28.447288,52.744468,4.58674,-0.045583,0.028284,-0.883704,-2.16329,0.243978,82.500143,-0.319937,0.504381,9.802675,0.314221,0.145652,0.201646,0.58009,-1.584178,-3.578877,0.982153,9204246,3.82684,-2581112358.411109,-0.107559,54.492278,-2.44588,-12.428852,60.092815,-0.021926,-1.239743,0.44905,0.145652,1.249666
04-09-26,27.959999,28.059999,27.92,27.99,200500,27.9155,28.1504,28.195899,-0.013476,-0.002067,0.002477,FALSE,FALSE,-0.045499,-0.010605,5.882315,27.114857,50.238032,1.079892,-0.03782,0.028838,-0.850159,-2.541781,0.276712,69.999905,-0.142708,0.500178,9.599766,0.314916,0.146676,0.204481,0.570695,-1.700822,-3.578877,0.880935,8754946,4.645094,-2564086712.958227,-0.07127,50.022108,-3.352245,-11.158665,59.640183,-0.022459,-1.269337,0.452196,0.146676,0.776057
04-10-26,28.02,28.040001,27.969999,27.98,116900,27.913,28.1438,28.196048,-0.0117,-0.002369,0.002466,FALSE,FALSE,-0.052248,-0.010538,15.596308,25.877598,49.729048,3.455981,-0.032105,0.027643,-0.920681,-2.474733,0.987885,67.499857,-0.178384,0.479935,9.347678,0.311817,0.146152,0.208444,0.530004,-2.01788,-3.578877,0.522191,8638046,-38.985882,-2564170212.958227,-0.054429,55.810139,-3.725581,-13.317028,59.233305,-0.030075,-1.720962,0.456557,0.146152,0.71675
04-13-26,27.98,28.030001,27.940001,28.030001,150000,27.911,28.1372,28.196943,-0.009876,-0.002689,0.002454,FALSE,FALSE,-0.059743,-0.010637,19.298298,24.959155,52.329655,-0.414812,-0.023272,0.02918,-0.989046,-2.402502,0.881968,80.000095,-0.142497,0.47653,9.031539,0.30468,0.145101,0.21593,0.482634,-1.420572,-3.578877,0.703188,8866246,-58.448638,-2556359999.754404,-0.078373,58.410248,-4.097854,-13.550853,59.309434,-0.019428,-1.143187,0.464683,0.145101,1.317611
04-14-26,28.01,28.1,27.99,28.08,220400,27.924,28.1312,28.198286,-0.008069,-0.003023,0.002441,FALSE,FALSE,-0.067086,-0.010627,6.122385,23.440625,54.845188,4.607155,-0.012098,0.032283,-0.777383,-2.023726,1.241045,92.499857,0.93458,0.450244,9.511222,0.30561,0.14614,0.218843,0.594693,-1.292491,-3.578877,1.062454,9086646,-34.754292,-2556219746.598627,0.017493,58.217326,-4.229218,-13.171851,59.059095,-0.01837,-1.079641,0.467807,0.14614,1.640165
04-15-26,28.1,28.1,28.040001,28.049999,124100,27.9355,28.1226,28.198934,-0.006394,-0.003363,0.002429,FALSE,FALSE,-0.076334,-0.010707,2.97017,22.03056,53.03672,3.307672,-0.005599,0.031026,-1.197605,-2.264814,0.775634,84.999714,0.826742,0.443086,9.577799,0.305613,0.145277,0.21646,0.592633,-1.293001,-3.578877,0.630725,9063646,-63.265656,-2553583998.893607,0.065193,60.169661,-5.065243,-13.174713,59.469966,-0.019348,-1.135364,0.465252,0.145277,1.195464
04-16-26,28.059999,28.07,27.98,28.02,151800,27.9405,28.1122,28.19968,-0.004845,-0.00371,0.002416,FALSE,FALSE,-0.08748,-0.010777,29.999928,21.242367,51.218056,-1.111599,-0.002837,0.027031,-0.743886,-2.640723,0.70711,77.500048,0.358168,0.402774,9.75206,0.305489,0.178195,0.277971,0.522441,-1.478256,-3.138213,0.78899,8855446,-36.485356,-2548193937.141336,0.062287,61.983666,-4.494407,-13.194927,58.995,-0.032726,-2.001314,0.52723,0.178195,0.815215
04-17-26,28.129999,28.17,28.1,28.15,276000,27.952,28.1042,28.201819,-0.003323,-0.00406,0.002402,TRUE,FALSE,-0.097619,-0.010605,44.444421,19.888702,57.947634,3.102446,0.009731,0.031678,-0.318697,-1.742008,0.995398,94.444327,0.823781,0.421212,10.797657,0.311579,0.18504,0.28742,0.632413,-1.085471,-3.005944,1.420872,9131446,15.472958,-2548075655.724442,0.092141,72.001778,-4.852864,-13.553928,58.77568,-0.026117,-1.576283,0.536116,0.18504,1.833726
04-20-26,28.15,28.16,28.110001,28.129999,204300,27.968,28.0956,28.204057,-0.001904,-0.004407,0.002389,TRUE,FALSE,-0.108457,-0.010494,32.499821,18.631728,56.652741,3.616022,0.01787,0.031854,-0.283587,-1.227366,0.603359,88.888653,1.150664,0.39358,10.952513,0.31158,0.18521,0.287956,0.574141,-1.085682,-3.005944,1.040399,9098246,26.189006,-2546056068.77179,0.088985,65.096984,-4.945833,-14.327521,58.680547,-0.02574,-1.554151,0.536616,0.18521,1.479104
04-21-26,28.120001,28.16,28.040001,28.040001,306600,27.9795,28.0854,28.206588,-0.000617,-0.004741,0.002375,FALSE,FALSE,-0.121188,-0.010508,12.195201,17.784404,51.117387,-0.100669,0.016864,0.024679,-0.708211,-1.646693,-0.07087,63.889183,0.827046,0.392296,10.399752,0.314157,0.187279,0.299223,0.548447,-1.376053,-3.005944,1.505891,8928446,89.339904,-2540577961.456327,0.018483,55.392938,-7.062155,-13.212105,59.45431,-0.026285,-1.58662,0.547012,0.187279,0.581752
04-22-26,28.110001,28.16,28.09,28.1,160300,27.9835,28.076,28.20927,0.000662,-0.005059,0.002361,TRUE,FALSE,-0.13327,-0.010327,28.395091,16.997604,54.321683,-3.625951,0.02067,0.022788,-0.530972,-1.539559,0.354526,80.555673,0.28551,0.399084,10.71286,0.314568,0.199629,0.327529,0.482056,-1.343201,-3.005944,0.801579,9500946,-31.113021,-2531192116.446191,-0.06799,61.782738,-6.151086,-13.028998,60.599222,-0.031436,-1.934527,0.572301,0.199629,1.08748
04-23-26,28.120001,28.16,28.01,28.09,308300,27.987,28.0656,28.211853,0.001827,-0.005356,0.002346,TRUE,FALSE,-0.146253,-0.010204,18.918891,16.966666,53.689972,-2.96277,0.022619,0.019789,-0.495924,-1.436841,0.673297,77.777837,0.24982,0.406855,10.950107,0.314337,0.20701,0.343932,0.44673,-1.284881,-3.005944,1.513055,9192646,32.483628,-2531171562.590158,-0.118789,52.671774,-5.958907,-12.80055,60.565542,-0.026993,-1.682961,0.586457,0.20701,0.94063
04-24-26,28.1,28.15,28.08,28.15,130400,28.0055,28.0582,28.214736,0.002935,-0.00563,0.002331,TRUE,FALSE,-0.156536,-0.009887,23.076998,16.937938,56.926488,5.809101,0.028674,0.020676,-0.318697,-1.157139,0.817079,94.444327,1.33189,0.400913,10.37949,0.314742,0.210497,0.3377,0.41275,-1.252405,-3.005944,0.656233,9165146,-43.647364,-2522834350.661645,-0.041357,50.740245,-5.143541,-14.153988,61.23488,-0.020942,-1.297917,0.581119,0.210497,1.392164
04-27-26,27.98,28.030001,27.969999,28,234600,28.018,28.0482,28.216423,0.00394,-0.005887,0.002316,FALSE,FALSE,-0.168223,-0.009724,10.344858,17.766489,47.911415,-6.410268,0.021126,0.010502,-1.0251,-1.718249,0.138433,31.999969,0.900901,0.408163,8.470357,0.320918,0.213564,0.331293,0.372456,-1.813217,-3.005944,1.186406,8782946,-7.637795,-2510408532.452646,-0.062969,49.928765,-6.801276,-13.176613,61.719661,-0.029007,-1.75468,0.57558,0.213564,-0.212507
04-28-26,27.92,27.98,27.91,27.969999,211900,28.023,28.0362,28.217762,0.004877,-0.006127,0.0023,FALSE,FALSE,-0.181561,-0.009555,-9.091134,18.932682,46.331067,-7.358905,0.012578,0.001563,-1.026189,-2.131854,-0.355346,23.076697,0.358803,0.380509,7.821008,0.320881,0.2144,0.335154,0.39626,-1.959914,-3.005944,1.050909,8571046,58.134328,-2510257176.959458,-0.004284,42.165218,-5.076556,-13.945416,61.939539,-0.031303,-1.899246,0.578924,0.2144,-0.677671
04-29-26,27.93,27.93,27.790001,27.83,334100,28.0175,28.021,28.218896,0.005643,-0.006357,0.002284,FALSE,FALSE,-0.197896,-0.009423,-18.604703,20.690772,39.74305,-17.183438,-0.00543,-0.013156,-1.695512,-2.31496,-0.188003,10.526078,-0.393703,0.39269,8.765201,0.322823,0.25373,0.436992,0.475657,-2.64713,-3.005944,1.60436,8066546,65.477959,-2504010881.155257,-0.02237,40.269808,-3.30708,-13.151953,62.663919,-0.050968,-3.340249,0.661054,0.25373,-2.139142
04-30-26,27.870001,27.93,27.870001,27.92,180900,28.02,28.01,28.220381,0.006276,-0.006573,0.002269,FALSE,FALSE,-0.210381,-0.009007,-6.382944,22.323284,45.1433,-2.768115,-0.012298,-0.016019,-1.551483,-1.964734,-0.288315,34.210381,0.179402,0.399098,8.385447,0.324617,0.251496,0.442543,0.497878,-2.540632,-3.005944,0.870465,8001246,-4.487856,-2500681222.02693,0.052168,41.533483,-4.442011,-13.677483,61.440179,-0.051093,-3.346447,0.665239,0.251496,-1.192541
05-01-26,27.879999,27.99,27.879999,27.969999,151700,28.021,28.0014,28.221719,0.006808,-0.006768,0.002253,FALSE,FALSE,-0.220319,-0.008457,-6.38316,23.0519,47.934931,1.603864,-0.01355,-0.013817,-1.444679,-1.995074,0.137064,47.368104,0.071551,0.403493,8.309159,0.325683,0.250545,0.436119,0.513914,-2.415298,-3.005944,0.736301,7923446,-19.093333,-2496361054.542774,0.063638,41.560995,-4.322372,-12.881378,61.357434,-0.048761,-3.165093,0.660393,0.250545,-0.613788
05-04-26,27.93,27.950001,27.790001,27.82,319700,28.0135,27.9898,28.222457,0.007015,-0.00695,0.002236,FALSE,FALSE,-0.232657,-0.008103,-25.000138,24.260316,41.166557,1.423507,-0.026343,-0.021288,-2.317415,-2.486591,-0.399959,7.894433,-0.536288,0.42364,9.39919,0.331932,0.2651,0.453484,0.598208,-2.82521,-3.005944,1.523869,7798246,30.810147,-2476488051.169013,-0.017486,33.12274,-6.397768,-11.36819,62.149448,-0.05003,-3.236528,0.673412,0.2651,-2.058691
05-05-26,27.809999,27.879999,27.799999,27.85,104200,28.0105,27.9814,28.222847,0.006885,-0.007113,0.00222,FALSE,FALSE,-0.241447,-0.007676,-19.230748,25.382417,42.903042,-2.240258,-0.033672,-0.022893,-2.417661,-2.244757,-0.080927,15.789368,-0.214975,0.428313,9.832677,0.332503,0.264539,0.449018,0.655717,-2.706684,-3.005944,0.507081,7902446,-45.244351,-2476461998.063608,-0.023089,29.301591,-4.622482,-12.766458,62.392085,-0.044417,-2.856849,0.670088,0.264539,-1.632308
05-06-26,27.940001,28.02,27.940001,28.01,124300,28.009,27.9792,28.224088,0.006529,-0.00725,0.002203,TRUE,FALSE,-0.244888,-0.006914,-0.854723,24.764447,51.179132,3.244201,-0.026267,-0.012391,-1.891415,-1.407073,-0.072455,57.894684,-0.106992,0.446268,9.808156,0.341608,0.272413,0.454456,0.65757,-2.243851,-3.005944,0.619796,8158846,-44.285074,-2474095281.55869,0.014753,33.645079,-5.219238,-12.478208,62.766821,-0.0372,-2.340472,0.674133,0.272413,0.010199
05-07-26,28.049999,28.07,27.93,27.98,170100,28.0085,27.9742,28.22483,0.005997,-0.007365,0.002186,TRUE,FALSE,-0.25063,-0.006103,-15.88789,23.690154,49.723765,8.557207,-0.022559,-0.006946,-2.030812,-1.408852,-0.109209,51.351128,-0.035728,0.444193,9.820892,0.340983,0.273618,0.462051,0.677088,-2.439707,-3.005944,0.854645,8047046,-15.162095,-2465067387.531858,0.002657,31.222956,-3.355176,-12.836806,63.677515,-0.04044,-2.566905,0.679743,0.273618,-0.290201
05-08-26,28.1,28.120001,28.059999,28.09,129000,28.014,27.9728,28.225674,0.005364,-0.007456,0.002169,TRUE,FALSE,-0.252874,-0.005228,-3.448196,22.216727,54.799211,11.896169,-0.010622,0.003993,-1.611205,-0.812145,0.994484,81.081109,0.39314,0.46534,9.959916,0.343433,0.276332,0.469512,0.679215,-1.877085,-3.005944,0.646179,8176046,10.350727,-2465067387.531858,0.023562,36.5682,-3.213641,-13.146749,63.468402,-0.032857,-2.08517,0.685209,0.276332,0.763061
05-11-26,28.040001,28.040001,27.959999,27.99,151400,28.012,27.9724,28.22582,0.004518,-0.007528,0.002152,TRUE,FALSE,-0.25342,-0.004528,-4.273602,21.649317,49.870365,-1.308767,-0.009126,0.004391,-2.030101,-1.095405,1.281183,54.053901,-0.142708,0.469555,9.966255,0.346047,0.27993,0.470588,0.688115,-2.081476,-3.005944,0.758118,8206946,0.933333,-2457452367.871162,-0.023478,38.675955,-3.018606,-12.662159,64.016573,-0.034515,-2.17608,0.685994,0.27993,-0.220746
05-12-26,27.93,27.93,27.879999,27.9,125800,28.003,27.9724,28.225665,0.003598,-0.007581,0.002134,FALSE,FALSE,-0.253265,-0.003828,-16.66672,21.677261,45.871471,-3.852294,-0.015029,-0.00121,-2.481653,-1.622006,0.742863,29.729465,-0.641027,0.46851,10.131242,0.346151,0.275204,0.449439,0.726351,-2.51435,-3.005944,0.645211,8081146,-42.92196,-2457477527.871162,-0.066467,33.168123,-4.20195,-14.540452,63.556813,-0.042019,-2.59701,0.670402,0.275204,-1.01666
05-13-26,27.879999,27.93,27.870001,27.92,184200,27.9965,27.9728,28.22561,0.002648,-0.007612,0.002117,FALSE,FALSE,-0.25281,-0.003024,-14.049582,21.770301,46.890648,-7.908563,-0.017887,-0.003254,-2.103788,-1.759324,0.671325,36.111008,-0.463455,0.445149,10.230371,0.34616,0.273023,0.445059,0.756323,-2.512999,-3.005944,0.930397,8171546,48.428687,-2452305837.169082,-0.013549,42.013043,-3.1784,-12.957175,64.108596,-0.041165,-2.534112,0.667127,0.273023,-0.747772
05-14-26,27.99,28.030001,27.950001,27.969999,162200,27.994,27.9734,28.225557,0.001649,-0.007614,0.002099,FALSE,FALSE,-0.252157,-0.002305,-15.000016,20.847677,49.452934,-0.417431,-0.015934,-0.001041,-1.859652,-1.790731,0.672155,54.544982,-0.178448,0.454569,10.231014,0.343617,0.281629,0.48459,0.580149,-2.070526,-3.005944,0.817128,8395346,6.85112,-2448696949.336854,-0.029696,42.712887,-3.229791,-12.678989,63.725234,-0.032282,-2.077324,0.696125,0.281629,-0.234586
05-15-26,27.83,27.83,27.709999,27.74,298300,27.9735,27.9694,28.224502,0.000458,-0.007606,0.002081,FALSE,FALSE,-0.255102,-0.002053,-20.312507,21.481345,39.913463,-5.958007,-0.03257,-0.014142,-2.905145,-2.769018,-0.650652,7.317209,-1.456483,0.478937,11.018049,0.357561,0.307699,0.505174,0.663426,-2.416315,-3.040898,1.494377,7975746,8.07971,-2444377405.380856,-0.096516,41.723314,-2.485399,-11.403992,63.290659,-0.046423,-2.929923,0.710756,0.307699,-2.119251
05-19-26,27.65,27.75,27.65,27.74,239000,27.954,27.9624,28.223995,-0.000791,-0.007583,0.002062,FALSE,FALSE,-0.261595,-0.001764,-18.399963,22.361186,39.913463,-6.977185,-0.045233,-0.021443,-2.973069,-2.939119,-0.720966,19.148919,-1.386418,0.481512,11.541239,0.357561,0.309023,0.506893,0.733479,-2.416315,-3.040898,1.186988,7874746,16.984826,-2437634522.686242,-0.038056,41.331687,-3.435751,-10.987577,63.112527,-0.044973,-2.843379,0.711964,0.309023,-1.854221
05-20-26,27.780001,27.950001,27.780001,27.91,422300,27.9475,27.958,28.223939,-0.00193,-0.007544,0.002044,FALSE,FALSE,-0.265939,-0.001381,6.249991,21.529962,48.439393,-1.013541,-0.041077,-0.01383,-1.966981,-2.4467,-0.394518,55.319054,-0.463627,0.486258,11.396564,0.362959,0.313306,0.517386,0.711426,-1.599991,-3.040898,2.038767,8028646,37.736464,-2426871390.138656,0.090982,55.28523,-3.005735,-11.785229,61.371553,-0.037821,-2.381074,0.719296,0.313306,-0.329047
05-21-26,27.860001,27.959999,27.809999,27.93,427300,27.939,27.954,28.224083,-0.003079,-0.007485,0.002025,FALSE,FALSE,-0.270083,-0.001199,0.826465,20.685355,49.349976,9.436513,-0.035757,-0.006808,-1.654927,-2.274316,-0.463628,59.574459,-0.604982,0.498696,10.8186,0.356896,0.313379,0.500783,0.709323,-1.180705,-3.040898,1.938,8455946,166.562695,-2426615003.618559,0.16958,58.946753,-4.828242,-11.514034,61.24601,-0.037432,-2.356437,0.70766,0.313379,-0.083186
05-22-26,27.99,28,27.91,27.940001,213100,27.9315,27.9522,28.224675,-0.004213,-0.00741,0.002006,FALSE,FALSE,-0.272475,-0.000804,-2.563994,19.602331,49.827094,9.913631,-0.030384,-0.001148,-1.619715,-1.619715,-0.287451,61.702162,-0.533997,0.493405,10.220076,0.353042,0.311036,0.503065,0.714473,-1.459914,-3.040898,0.987832,8800946,-30.879014,-2423015063.96902,0.152095,59.769518,-4.371639,-12.011017,61.343597,-0.041835,-2.668493,0.709271,0.311036,0.083176
05-25-26,28.040001,28.09,28.040001,28.08,139700,27.928,27.9532,28.226415,-0.005022,-0.00731,0.001987,TRUE,FALSE,-0.273215,-0.000281,22.413779,18.445057,56.066493,7.6271,-0.01466,0.011661,-0.672092,-1.196341,0.424783,91.489189,-0.248667,0.483314,9.528905,0.357932,0.317112,0.517941,0.66676,-0.886303,-3.040898,0.646191,9035746,7.131902,-2418828085.087081,0.140995,68.322627,-5.157313,-12.609385,62.057044,-0.033755,-2.156171,0.719681,0.317112,1.595147
05-26-26,28.07,28.1,28.040001,28.09,128500,27.9325,27.9536,28.227707,-0.005452,-0.007182,0.001968,TRUE,FALSE,-0.274107,0.000008,21.052588,17.439567,56.48279,7.132813,-0.001376,0.019956,-0.106688,-1.334735,0.283249,93.616892,0.321429,0.478056,10.08321,0.351163,0.306798,0.509052,0.62644,-0.475228,-3.040898,0.609337,9175146,-45.225916,-2412238899.79772,0.164852,72.162867,-5.512655,-11.557827,62.824501,-0.021623,-1.395057,0.713479,0.306798,1.562005
05-27-26,28.139999,28.18,28.09,28.1,174000,27.939,27.9592,28.229049,-0.005582,-0.007035,0.001949,TRUE,FALSE,-0.269849,0.000122,9.090909,17.048591,56.922375,7.095281,0.009845,0.024942,-0.4605,-0.986606,0.318951,84.905694,0.464788,0.45755,10.735585,0.347265,0.300534,0.495813,0.649407,-0.154232,-3.040898,0.832576,9349146,-17.885795,-2412374232.311601,0.097758,72.638397,-4.959056,-9.516395,63.15713,-0.014994,-0.965277,0.70414,0.300534,1.499689
05-28-26,28.07,28.17,28.049999,28.15,301700,27.955,27.9658,28.231089,-0.005444,-0.006867,0.00193,TRUE,FALSE,-0.265288,0.000308,16.831687,16.357439,59.144513,3.078021,0.022513,0.030088,-0.035512,0.213597,1.068254,94.3395,1.149837,0.451663,11.390212,0.347916,0.300224,0.492902,0.779621,-0.018633,-3.040898,1.454887,9452346,-9.697695,-2410149056.13092,0.181543,64.008585,-4.360955,-8.898862,61.996349,-0.012099,-0.775205,0.70207,0.300224,1.711993
05-29-26,28.17,28.23,28.15,28.209999,227700,27.9695,27.9716,28.232881,-0.004966,-0.006677,0.001911,TRUE,FALSE,-0.261281,0.000645,12.499901,16.126861,61.697867,5.215077,0.036968,0.035634,0.714027,0.284394,1.427701,96.551645,1.038678,0.43551,12.692617,0.348467,0.308505,0.51188,0.955087,0.034369,-3.040898,1.085785,9407446,25.870647,-2406708574.072063,0.177908,65.135643,-4.433796,-9.921455,61.514199,-0.017361,-1.131984,0.715458,0.308505,1.894796
06-01-26,28.09,28.200001,28.040001,28.17,179000,27.9795,27.9766,28.234772,-0.004253,-0.006466,0.001892,TRUE,FALSE,-0.258172,0.000902,20.000085,15.029565,59.048419,2.126044,0.04468,0.034677,0.967744,0.42781,1.104177,89.655263,0.715055,0.44627,13.461345,0.349062,0.308157,0.508914,0.932837,-0.073161,-3.040898,0.84804,9917046,17.996045,-2380085787.865493,0.18039,64.558978,-5.132611,-9.85135,62.358931,-0.020695,-1.34304,0.713382,0.308157,1.415164
06-02-26,28.18,28.23,28.17,28.23,120300,28,27.985,28.236864,-0.003303,-0.006229,0.001873,TRUE,FALSE,-0.251864,0.001499,37.931155,14.231104,61.704926,2.560413,0.055,0.035998,1.182795,0.426891,1.427495,100,1.473759,0.43267,14.015022,0.3433,0.297329,0.493892,0.941886,-0.323992,-3.040898,0.598195,10037346,-62.370973,-2379965487.865493,0.268923,68.413631,-6.333342,-10.459946,61.668852,-0.025556,-1.661077,0.702775,0.297329,1.641094
06-03-26,28.17,28.219999,28.16,28.18,142800,28.0165,27.9924,28.238755,-0.002144,-0.005971,0.001854,TRUE,FALSE,-0.246355,0.002074,28.889049,13.407767,58.310342,-3.387525,0.05847,0.031574,0.858983,0.213369,1.140068,91.379441,1.184919,0.435973,14.09843,0.343671,0.294417,0.494998,0.896246,-0.569616,-3.040898,0.703327,9886846,37.044146,-2362841080.800658,0.248229,63.488491,-6.457575,-9.166971,62.318444,-0.025251,-1.641307,0.703561,0.294417,1.159706
06-04-26,28.25,28.25,28.200001,28.200001,151300,28.026,27.996,28.240347,-0.000882,-0.005696,0.001834,TRUE,FALSE,-0.244347,0.002679,26.437039,12.882626,59.275468,0.227049,0.062118,0.028178,0.930566,0.284495,1.572294,91.666799,0.678331,0.425531,14.68046,0.343781,0.286438,0.484499,0.862249,-0.514812,-3.040898,0.74027,10038146,21.721641,-2362992380.800658,0.18677,63.377354,-7.769638,-10.743337,61.568858,-0.029443,-1.89359,0.69606,0.286438,1.185255
06-05-26,28.059999,28.139999,28.040001,28.120001,197300,28.033,27.998,28.241091,0.000446,-0.005408,0.001815,TRUE,FALSE,-0.243091,0.002979,52.778116,12.781054,53.900422,-7.804504,0.057887,0.019157,0.106802,-0.212915,1.428623,78.333487,0.500362,0.401341,14.782998,0.342629,0.27914,0.472507,0.734247,-0.461101,-3.040898,0.958954,9767646,15.990594,-2353965214.490555,0.226116,65.397158,-5.238129,-9.216124,62.266417,-0.026386,-1.683237,0.687392,0.27914,0.58852
06-08-26,28.09,28.139999,28,28.01,235200,28.029,28.0026,28.241932,0.001767,-0.005118,0.001795,TRUE,FALSE,-0.239332,0.003094,32.530253,12.95599,47.519683,-10.790659,0.045137,0.005125,-0.426587,-0.77931,0.852022,48.936144,-0.284799,0.413117,14.728781,0.346444,0.277807,0.457809,0.606052,-0.754764,-3.040898,1.114401,9458746,82.325581,-2351738321.387868,0.172668,65.417061,-5.822495,-10.863521,61.273319,-0.033935,-2.111755,0.676616,0.277807,-0.128998
06-09-26,28.040001,28.08,28.01,28.055,186978,28.03225,28.0087,28.2425,0.00308,-0.004817,0.001775,TRUE,FALSE,-0.2338,0.003352,20.567499,13.11843,50.121035,-9.154433,0.038223,-0.001431,-0.266615,-0.408235,0.762951,55.681941,0.232228,0.37681,14.709897,0.346578,0.291631,0.486438,0.550425,-0.740765,-3.040898,0.878516,9823024,23.499339,-2343488062.404727,0.192667,55.958126,-5.641853,-10.470856,62.257592,-0.040516,-2.589592,0.697451,0.291631,0.15466
06-10-26,28.040001,28.110001,28.030001,28.08,228933,28.04125,28.0129,28.242695,0.00435,-0.004506,0.001755,TRUE,FALSE,-0.229795,0.003228,21.126791,12.975349,51.557625,-2.342797,0.034364,-0.004231,0.178378,-0.390211,0.78116,50,0.645162,0.358668,14.405663,0.326412,0.269327,0.433866,0.49241,0.007604,-3.040898,1.050197,10051957,81.981717,-2343430833.248372,0.207007,52.679943,-6.510727,-9.06817,62.620211,-0.026451,-1.709714,0.658685,0.269327,0.268991
06-11-26,28.1,28.219999,28.1,28.190001,166100,28.05475,28.0179,28.242791,0.005652,-0.004179,0.001735,TRUE,FALSE,-0.224891,0.003269,30.864291,12.235408,57.37499,9.855307,0.039725,0.000903,0.570816,0.2133,0.996767,76.000214,0.96705,0.369937,14.474552,0.329985,0.270733,0.445915,0.410517,0.321611,-3.040898,0.765136,10292357,-9.826276,-2340019657.64806,0.198715,51.846894,-7.611765,-9.072715,61.365449,-0.026461,-1.710092,0.667768,0.270733,0.934402
06-12-26,28.190001,28.23,28.17,28.219999,171300,28.06725,28.0249,28.24229,0.007005,-0.003838,0.001715,TRUE,FALSE,-0.21739,0.003509,20,11.631475,58.827119,8.706085,0.045865,0.005635,0.534377,0.248667,0.782931,87.999725,0.893815,0.346764,14.780387,0.327211,0.274427,0.437778,0.385288,0.119736,-3.040898,0.787439,10584157,5.610358,-2337456273.847461,0.243189,52.443722,-9.525171,-9.1825,61.213048,-0.02608,-1.687418,0.661648,0.274427,1.033459
06-15-26,28.299999,28.32,28.219999,28.24,234575,28.09225,28.0307,28.241988,0.008282,-0.003483,0.001696,TRUE,FALSE,-0.211288,0.003765,21.126791,11.784305,59.810175,8.25255,0.051749,0.009215,1.509706,-0.035399,0.818758,75,1.802451,0.356636,13.085215,0.327272,0.273222,0.436744,0.388856,0.17701,-3.040898,1.094333,10935032,-21.362722,-2330397552.480146,0.248764,54.322471,-11.209311,-10.018513,61.188241,-0.027871,-1.801347,0.660866,0.273222,1.129135
06-16-26,28.24,28.290001,28.24,28.27,120300,28.11875,28.0367,28.241387,0.009451,-0.003114,0.001676,TRUE,TRUE,-0.204687,0.003866,23.287757,11.926219,61.302706,3.927715,0.058162,0.012502,1.617544,-0.035361,1.359997,84.375224,1.910601,0.346151,10.731,0.322902,0.272014,0.444683,0.448263,0.589269,-3.040898,0.577202,10932632,-49.665272,-2324142418.367661,0.215751,53.412987,-11.447567,-10.40276,61.021545,-0.020524,-1.354023,0.666845,0.272014,1.409471
06-17-26,28.280001,28.309999,28.200001,28.200001,240400,28.13325,28.0425,28.240387,0.010477,-0.002734,0.001657,TRUE,FALSE,-0.197887,0.003826,6.666836,11.645166,56.070429,-2.75669,0.056939,0.009024,1.002868,-0.318134,1.001302,62.500298,1.039057,0.344477,9.668541,0.32484,0.273364,0.450798,0.43869,0.384078,-3.040898,1.206075,10870832,-43.073644,-2316090076.64211,0.109211,54.649602,-9.411588,-10.218706,60.530181,-0.022102,-1.457445,0.671415,0.273364,0.69039
06-18-26,28.309999,28.33,28.26,28.26,138300,28.14975,28.0469,28.239637,0.011325,-0.002344,0.001638,TRUE,TRUE,-0.192737,0.00422,6.666836,11.559181,59.278683,-0.531491,0.060119,0.009763,1.217766,0.319489,0.965224,78.787966,1.181525,0.356383,8.793639,0.311411,0.254688,0.415306,0.43511,-0.060151,-3.040898,0.748076,11009132,-67.633981,-2316228376.64211,0.011003,53.042096,-8.7291,-9.231545,60.916943,-0.020801,-1.38674,0.644442,0.254688,1.253748
06-19-26,28.26,28.280001,28.23,28.26,53400,28.16575,28.0523,28.238986,0.011966,-0.001945,0.001619,TRUE,TRUE,-0.186686,0.004599,12.676094,11.154018,59.278683,-2.024022,0.061925,0.009255,1.618126,0.355115,0.644349,78.787966,1.14531,0.326053,7.607599,0.311411,0.253451,0.413503,0.424821,-0.060151,-3.040898,0.301884,11147732,-74.941342,-2314476367.829628,0.034596,55.824398,-7.920862,-9.370358,60.745714,-0.019241,-1.280734,0.643042,0.253451,1.238894
06-22-26,28.26,28.26,28.16,28.18,130000,28.17075,28.0563,28.237586,0.012271,-0.001543,0.0016,TRUE,FALSE,-0.181286,0.004428,-6.849215,10.646962,53.263448,-2.806981,0.056253,0.002866,1.33046,0.499285,0.96552,54.54556,0.356127,0.337118,7.338204,0.292442,0.227773,0.358672,0.431604,0.454749,-3.040898,0.736943,11017732,-6.94345,-2299045850.059509,-0.011175,50.573235,-8.803385,-9.215001,60.829164,-0.013244,-0.897748,0.598892,0.227773,0.126055
06-23-26,28.23,28.26,28.219999,28.219999,102300,28.17725,28.0601,28.236586,0.012375,-0.00114,0.001581,TRUE,FALSE,-0.176486,0.004249,5.555423,10.176124,55.684764,-3.593919,0.054358,0.000777,0.713772,0.177491,1.216695,66.666474,0.462795,0.339171,7.158854,0.292306,0.22724,0.35697,0.425766,0.681183,-3.040898,0.584257,11120032,-20.389105,-2299148150.059509,-0.064934,55.790024,-8.201689,-8.646653,60.821648,-0.009656,-0.653957,0.59747,0.22724,0.597152
06-24-26,28.32,28.370001,28.32,28.35,96600,28.18975,28.0655,28.236236,0.012392,-0.000731,0.001562,TRUE,TRUE,-0.170736,0.004461,18.072245,10.245622,62.487097,3.208413,0.062625,0.007235,1.17773,0.817922,1.430482,94.594483,0.88968,0.357773,7.884816,0.29299,0.220483,0.336899,0.64899,0.705091,-3.040898,0.564172,10912332,-44.482759,-2292499687.579519,-0.02124,54.746443,-7.360142,-7.176238,59.467747,-0.006545,-0.435493,0.58043,0.220483,2.032391
06-25-26,28.25,28.290001,28.219999,28.23,93900,28.19375,28.0691,28.235236,0.012342,-0.000329,0.001542,TRUE,FALSE,-0.166136,0.004567,12.643517,9.711016,54.214492,0.951045,0.058815,0.002741,1.619866,0,1.360708,62.161897,0.284192,0.351703,7.875463,0.297224,0.23489,0.322967,0.622071,0.094683,-3.040898,0.583831,10818432,-68.876367,-2292566759.00809,-0.105991,57.301436,-8.709572,-9.307218,59.022106,-0.012405,-0.805205,0.568302,0.23489,0.460283
06-26-26,28.190001,28.23,28.17,28.219999,81100,28.19425,28.0731,28.234186,0.012169,0.000062,0.001523,TRUE,FALSE,-0.161086,0.004523,27.272592,9.653091,53.57792,-2.106844,0.054363,-0.00137,1.693691,0,1.469293,58.33298,0.035449,0.331579,7.889484,0.295225,0.239033,0.337631,0.547043,0.288103,-3.040898,0.528324,10602732,-64.38296,-2288900186.188802,-0.130525,61.584968,-8.765488,-8.43072,58.967481,-0.007831,-0.517358,0.581061,0.239033,0.326374
06-29-26,28.23,28.280001,28.23,28.27,208100,28.19925,28.0755,28.233386,0.011887,0.000444,0.001503,TRUE,TRUE,-0.157886,0.004676,27.741901,9.104097,56.338414,-6.148683,0.054243,-0.001191,1.435234,-0.035361,1.252013,70.588136,0.354989,0.328466,8.043093,0.293886,0.232012,0.322115,0.477077,0.190509,-3.040898,1.342933,11138132,16.256983,-2277127643.187658,-0.125109,71.001667,-8.507406,-7.355973,60.60882,-0.005247,-0.344239,0.567552,0.232012,0.879641
06-30-26,28.25,28.280001,28.23,28.280001,151000,28.20175,28.0785,28.232786,0.011634,0.000813,0.001483,TRUE,TRUE,-0.154286,0.004863,26.315816,8.594317,56.890554,2.676062,0.054329,-0.000884,1.216894,0.21262,1.46799,66.666667,0.177121,0.320773,8.219479,0.293815,0.23192,0.321864,0.408864,0.157979,-3.040898,0.964891,11289132,25.519534,-2276976643.187658,-0.114073,69.886193,-6.384352,-6.656196,60.560043,-0.005414,-0.355217,0.567331,0.23192,0.952013
07-02-26,28.219999,28.23,28.049999,28.16,133800,28.20075,28.0809,28.231686,0.011324,0.001166,0.001462,TRUE,FALSE,-0.150786,0.004733,-3.896181,9.591327,48.899354,-4.678566,0.044205,-0.008807,1.040542,-0.141847,1.579489,34.375019,-0.070974,0.344969,8.259404,0.297859,0.230347,0.309075,0.420121,-0.030538,-3.040898,0.857449,11433232,-6.302521,-2269276044.017638,-0.089623,62.567872,-6.33854,-7.233174,60.904959,-0.008918,-0.571779,0.555946,0.230347,-0.493381
07-03-26,28.17,28.200001,28.15,28.16,69000,28.19875,28.0821,28.230586,0.010859,0.001498,0.001442,TRUE,FALSE,-0.148486,0.00481,-8.107997,10.517121,48.899354,-7.439061,0.035769,-0.013794,0.751338,-0.564971,1.725011,34.375019,-0.141847,0.342433,8.309593,0.29193,0.220404,0.286779,0.43996,-0.453299,-3.040898,0.454159,11433232,-54.395241,-2269317444.017638,-0.055883,60.50197,-6.754312,-8.29215,60.520519,-0.013758,-0.885852,0.535518,0.220404,-0.466332
07-06-26,28.219999,28.25,28.18,28.25,101000,28.20525,28.0853,28.229486,0.010337,0.001812,0.001421,TRUE,TRUE,-0.144186,0.004943,1.234591,10.822148,54.463058,-2.427496,0.035931,-0.010906,1.001075,-0.387872,2.601344,62.499925,0.462301,0.338814,8.16842,0.29363,0.218105,0.274238,0.437834,-0.002021,-3.040898,0.686541,11346132,-48.80892,-2262256205.85394,-0.06362,57.42826,-6.261947,-7.76105,60.221142,-0.007076,-0.449062,0.523677,0.218105,0.547841
07-07-26,28.16,28.18,28.08,28.1,130800,28.20975,28.0843,28.227436,0.009557,0.002104,0.001399,TRUE,FALSE,-0.143136,0.004799,-18.279535,11.836286,45.559764,-3.33959,0.023683,-0.018523,0.680762,-0.741784,1.946432,15.625279,0.321314,0.371125,7.230194,0.301947,0.21182,0.243665,0.491483,-0.435914,-3.040898,0.921813,11215332,-44.387755,-2262334684.856019,-0.022576,50.137617,-6.913922,-8.800999,59.582272,-0.014263,-0.862221,0.493624,0.21182,-1.517936
07-08-26,27.99,27.99,27.92,27.950001,290300,28.2045,28.0833,28.224936,0.008481,0.002366,0.001378,FALSE,FALSE,-0.141636,0.004487,-24.752423,13.696161,38.739684,-10.15967,0.001852,-0.032284,-0.320971,-1.201839,1.365775,6.666808,-0.374263,0.391006,8.654017,0.30903,0.221498,0.262016,0.603121,-1.035934,-3.040898,1.974019,10859432,55.258907,-2258926081.892663,-0.054045,48.811325,-5.68426,-8.211088,59.781446,-0.02161,-1.292191,0.511875,0.221498,-2.940823
07-09-26,27.99,28.049999,27.969999,28.040001,83600,28.2025,28.0847,28.222786,0.007261,0.002599,0.001356,FALSE,FALSE,-0.138086,0.004412,-21.153723,14.785506,44.14258,-10.320478,-0.008095,-0.033784,0.178639,-0.673038,1.692177,26.666808,-0.142447,0.382109,8.99633,0.311019,0.224206,0.265926,0.664802,-0.90713,-3.040898,0.598024,10983032,-63.482766,-2255044305.580697,-0.054896,47.158161,-6.452765,-9.972452,60.24205,-0.019758,-1.177051,0.51568,0.224206,-1.806284
07-10-26,28.02,28.059999,28.01,28.049999,118100,28.1955,28.0891,28.220686,0.00591,0.0028,0.001334,FALSE,FALSE,-0.131586,0.004304,-20.000073,15.691222,44.725808,-0.833956,-0.014997,-0.032549,0.250178,-0.672806,1.400278,28.888653,-0.496635,0.381972,9.621653,0.310748,0.224734,0.268721,0.71746,-0.786597,-3.040898,0.859573,11101132,-28.898254,-2254973447.382788,-0.060293,52.043067,-6.23729,-10.147141,59.954721,-0.018082,-1.08021,0.518383,0.224734,-1.512223
07-13-26,28,28,27.92,27.950001,125000,28.182,28.0897,28.218486,0.004353,0.002969,0.001311,FALSE,FALSE,-0.128786,0.003982,-21.49529,17.051355,40.204323,1.464638,-0.028212,-0.036611,-0.285408,-1.271631,0.894135,6.666808,-0.956763,0.391005,11.048208,0.313865,0.224385,0.261315,0.794519,-0.989149,-3.040898,0.925386,10860832,-27.028605,-2252528333.388669,-0.115164,52.220716,-6.295462,-10.577334,59.500869,-0.023685,-1.393795,0.51119,0.224385,-2.099883
