Date,Open,High,Low,Close,Volume,SMA20,SMA50,SMA200,SMA20_Slp,SMA50_Slp,SMA200_Slp,>MA50,>MA200,GoldenX,LinReg_Slp,Chande,ADX14,RSI14,RSI_D3,MACD_Line,MACD_Hist,RET_3M_pct,RET_6M_pct,RET_12M_pct,StochK14,ROC20_pct,ATR_pct,StdDev20,Vol60,Beta60,R2_60,Ulcer14,Sharpe60,MaxDD_6M_pct,Vol_vs_Avg,OBV,VolROC20,AD_Line,CMF20,MFI14,RS_3M,RS_6M,RS_Bench,Alpha60,InfoRatio,Corr60,Beta,ZScore
04-05-24,12.68,12.71,12.62,12.054011,23300,12.244237,12.26196,12.073348,-0.00133,-0.007177,-0.002784,FALSE,FALSE,0.188612,-0.001752,-14.077229,13.841372,41.535183,1.646966,-0.057898,-0.021544,-4.616551,9.48588,-6.820497,-87.197685,-3.841422,5.160323,14.68129,0.891115,0.462299,0.106095,1.710004,-1.571348,-9.271482,0.280621,-1562800,-58.761062,-593565856.013288,-12.347555,41.020678,-10.901828,-9.143972,69.959455,-0.1183,-2.228981,0.325722,0.462299,-1.2957
04-08-24,12.57,12.61,12.54,12.015804,108500,12.217773,12.260319,12.071284,-0.003274,-0.00742,-0.002781,FALSE,FALSE,0.189035,-0.001508,-8.195427,14.389977,40.088844,0.554237,-0.066128,-0.02382,-5.625794,8.953217,-6.784102,-94.839096,-4.218977,5.175068,13.711228,0.889704,0.477061,0.112284,1.784935,-1.779641,-9.390473,1.25137,-1671300,210,-595299369.678138,-12.477912,40.595345,-11.251939,-8.984082,69.737708,-0.134272,-2.542747,0.335088,0.477061,-1.473018
04-09-24,12.63,12.72,12.63,12.130423,29800,12.198945,12.262296,12.070164,-0.005124,-0.00763,-0.002778,FALSE,TRUE,0.192132,-0.001073,-4.58144,14.015388,46.147234,0.397337,-0.062679,-0.016297,-4.796338,9.899089,-6.229826,-71.915436,-3.01077,5.09149,12.010875,0.899672,0.49029,0.116491,1.813976,-1.435442,-9.390473,0.355609,-1641500,-66.097838,-595660000.454216,-12.321875,37.05589,-11.387044,-8.03514,70.091855,-0.11912,-2.236114,0.341308,0.49029,-0.570505
04-10-24,12.52,12.59,12.42,11.882081,244000,12.172463,12.255507,12.06845,-0.006979,-0.007814,-0.002775,FALSE,FALSE,0.187057,-0.001016,-25.811567,14.791107,37.337301,-4.197882,-0.079074,-0.026153,-5.83596,4.97351,-7.35829,-94.371813,-4.26728,5.049235,12.879976,0.935264,0.544985,0.137034,2.075771,-1.95996,-10.398861,2.61929,-1885500,328.822496,-597448143.84189,-11.572169,22.939389,-11.542939,-10.435116,69.16622,-0.149988,-2.740469,0.370181,0.544985,-2.254524
04-11-24,12.46,12.5,12.37,11.862981,105000,12.147407,12.245868,12.065714,-0.008721,-0.007972,-0.002771,FALSE,FALSE,0.180153,-0.001382,-24.211026,15.739506,36.756096,-3.332747,-0.092541,-0.031696,-6.338643,3.34915,-7.307584,-81.77728,-4.052977,5.056556,13.797388,0.900686,0.501167,0.125003,2.311612,-1.488772,-10.542893,1.098671,-1990500,85.185185,-598372173.882604,-11.291588,22.739383,-11.938156,-10.513749,69.38446,-0.114862,-2.164211,0.353558,0.501167,-2.061453
04-12-24,12.55,12.6,12.53,11.977599,106300,12.135227,12.236621,12.063135,-0.01032,-0.0081,-0.002767,FALSE,FALSE,0.173486,-0.001754,-25.996627,15.852916,42.536757,-3.610478,-0.092894,-0.02564,-5.292128,6.61234,-6.613558,-63.290454,-1.993372,4.99632,14.181515,0.900685,0.415706,0.084175,2.45897,-0.890785,-10.542893,1.125225,-1884200,-17.147311,-600156177.843041,-11.350766,23.894566,-9.71873,-6.991249,70.687104,-0.074637,-1.374588,0.290129,0.415706,-1.1115
04-15-24,12.39,12.39,12.3,11.786568,194000,12.113494,12.218996,12.059786,-0.011898,-0.008207,-0.002763,FALSE,FALSE,0.15921,-0.002617,-31.527953,16.97398,36.54182,-0.795481,-0.107352,-0.032077,-6.80263,3.189279,-6.967652,-74.410553,-3.556485,4.973591,16.007281,0.915905,0.463843,0.10382,2.746247,-1.069028,-11.119114,1.953676,-2078200,99.178645,-602563638.657689,-11.529607,21.467117,-10.216544,-9.932631,70.044382,-0.082856,-1.516965,0.322212,0.463843,-2.042363
04-16-24,12.29,12.38,12.26,11.777016,131200,12.097,12.206308,12.055367,-0.013397,-0.00829,-0.002758,FALSE,FALSE,0.150941,-0.003523,-32.881467,18.167571,36.266587,-0.489509,-0.118217,-0.034354,-4.957393,3.701621,-6.087525,-66.162308,-2.724834,4.955894,17.68996,0.915586,0.472092,0.107196,3.016869,-1.025251,-11.191145,1.297404,-2209400,38.542767,-603750965.865249,-11.167507,20.17283,-8.289204,-7.825468,70.371339,-0.07073,-1.297864,0.327407,0.472092,-1.808846
04-17-24,12.35,12.42,12.32,11.843876,103200,12.080038,12.198755,12.052258,-0.014823,-0.008345,-0.002753,FALSE,FALSE,0.146497,-0.004173,-39.007166,18.965391,39.690738,-2.846019,-0.120049,-0.028949,-3.384483,4.809645,-5.136479,-57.003371,-2.784479,4.887661,18.43164,0.914907,0.475605,0.108926,3.15484,-1.042578,-11.191145,1.017551,-2106200,6.06372,-604836881.659942,-10.894618,23.029027,-7.986779,-6.410328,70.70623,-0.072862,-1.339265,0.330039,0.475605,-1.281286
04-18-24,12.36,12.37,12.28,11.738809,117300,12.055441,12.186253,12.047602,-0.016171,-0.008371,-0.002748,FALSE,FALSE,0.13865,-0.00504,-43.046519,19.877001,36.382738,-0.159082,-0.128498,-0.029918,-3.345946,4.13915,-6.254525,-100.229249,-4.022079,4.873804,19.562386,0.920761,0.475453,0.106981,1.990949,-1.20161,-11.479259,1.16821,-2223500,-14.690909,-606364884.071675,-11.188711,19.46861,-7.905652,-8.74288,69.908808,-0.080921,-1.476342,0.32708,0.475453,-1.61858
04-19-24,12.33,12.37,12.31,11.79612,70000,12.036092,12.176985,12.043697,-0.017409,-0.008366,-0.002743,FALSE,FALSE,0.133288,-0.005918,-23.437399,20.723496,39.352,3.085413,-0.129081,-0.024401,-2.646425,6.689038,-6.004187,-98.698131,-3.176466,4.9778,20.138534,0.920293,0.482472,0.111658,2.138257,-0.882747,-11.479259,0.70458,-2153500,-23.245614,-607633949.78042,-11.436145,26.678226,-7.05178,-7.533266,69.826156,-0.066932,-1.224945,0.334153,0.482472,-1.191607
04-22-24,12.27,12.32,12.27,11.757914,35100,12.008164,12.170182,12.040669,-0.018625,-0.008336,-0.002737,FALSE,FALSE,0.129513,-0.006811,-24.031056,21.69366,38.076133,-1.614605,-0.131115,-0.021148,-3.564466,5.449095,-7.126316,-106.827101,-4.53503,4.9858,19.917428,0.920685,0.47574,0.108608,2.301376,-1.020485,-11.479259,0.362323,-2188600,-58.510638,-608388030.714272,-11.072125,27.890518,-8.412159,-10.599064,69.328036,-0.074898,-1.367816,0.329558,0.47574,-1.25644
04-23-24,12.26,12.35,12.25,11.757914,135800,11.984523,12.16205,12.038059,-0.019762,-0.008285,-0.002732,FALSE,FALSE,0.123991,-0.007797,-23.437578,22.310609,38.076133,1.693395,-0.131214,-0.016998,-3.264023,3.962678,-7.863404,-102.5181,-3.865875,5.001655,19.942618,0.918311,0.470305,0.108085,2.451609,-0.865315,-11.479259,1.338063,-2188600,212.183908,-609860332.306902,-10.905628,35.662418,-8.313625,-13.179884,68.893192,-0.06987,-1.278911,0.328762,0.470305,-1.136306
04-24-24,12.26,12.26,12.21,11.691053,42800,11.957062,12.15334,12.035905,-0.020734,-0.008219,-0.002726,FALSE,FALSE,0.117435,-0.008556,-39.837228,23.086341,35.725315,-3.626684,-0.13513,-0.016731,-3.211076,3.115002,-8.650953,-101.754199,-4.486918,4.918175,20.016892,0.895965,0.44885,0.104926,2.449912,-1.520947,-11.839375,0.420246,-2231400,19.887955,-610791565.578565,-11.125084,30.785911,-7.441654,-13.624806,68.975278,-0.094949,-1.778165,0.323924,0.44885,-1.328922
04-25-24,12.14,12.2,12.12,11.633744,47000,11.920289,12.145383,12.033231,-0.021541,-0.008138,-0.002721,FALSE,FALSE,0.112152,-0.00917,-37.288041,24.235769,33.799069,-4.277064,-0.141229,-0.018264,-3.83625,4.599451,-10.830823,-81.042556,-5.945927,4.91663,18.763195,0.886192,0.446304,0.106023,2.677912,-1.985643,-12.271535,0.460739,-2278400,7.551487,-611409916.507206,-11.240204,30.31786,-7.742672,-12.3371,68.616533,-0.11912,-2.256799,0.325611,0.446304,-1.527165
04-26-24,12.18,12.22,12.18,11.696007,69800,11.887107,12.136013,12.030962,-0.022154,-0.008054,-0.002715,FALSE,FALSE,0.105051,-0.009481,-27.780981,25.093729,37.727504,-0.348629,-0.139432,-0.013174,-2.789134,2.988303,-9.261924,-70.665474,-5.369497,4.908941,16.289241,0.882833,0.509739,0.134085,2.832581,-2.063336,-12.271535,0.674787,-2208600,69.417476,-613168855.538749,-11.775619,36.007772,-7.03705,-14.894781,68.715175,-0.137879,-2.664291,0.366176,0.509739,-1.173165
04-29-24,12.26,12.33,12.25,11.810955,94700,11.873521,12.128751,12.028571,-0.022511,-0.007956,-0.002709,FALSE,FALSE,0.10018,-0.009176,-27.744364,24.811091,44.299196,8.573881,-0.127265,-0.000806,-3.359243,3.742611,-7.173223,-64.384275,-2.248747,4.818709,15.69462,0.857803,0.490923,0.131424,1.743817,-2.385478,-12.271535,0.993443,-2113900,-63.151751,-614302995.454825,-12.164862,38.734208,-7.123145,-15.161343,69.348963,-0.148541,-2.94954,0.362524,0.490923,-0.398646
04-30-24,12.24,12.29,12.2,11.705587,89300,11.8561,12.120332,12.025235,-0.022668,-0.007861,-0.002704,FALSE,FALSE,0.095097,-0.009431,-17.500707,24.83871,40.119663,6.320594,-0.124688,0.001417,-5.179199,4.020672,-9.833486,-86.335848,-2.890523,4.873964,15.518496,0.826958,0.490702,0.150225,1.834083,-2.112331,-12.271535,0.941139,-2203200,-8.970438,-615373427.775853,-12.349396,43.304046,-7.605601,-12.759045,69.54206,-0.120621,-2.511808,0.387589,0.490702,-0.969891
05-01-24,12.28,12.38,12.27,11.801375,210600,11.843946,12.11174,12.022424,-0.022673,-0.007771,-0.002697,FALSE,FALSE,0.089315,-0.009812,-5.676969,24.052726,45.182988,7.455484,-0.113607,0.009999,-5.13301,5.31216,-6.842913,-66.380035,-2.01823,4.868597,14.905416,0.813301,0.449063,0.124669,1.858244,-1.383796,-12.271535,2.062684,-1992600,217.647059,-617378441.366621,-12.203581,54.727428,-8.577403,-11.381033,70.089922,-0.086652,-1.807756,0.353085,0.449063,-0.285603
05-02-24,12.29,12.38,12.26,11.849271,41400,11.828455,12.105435,12.020271,-0.022537,-0.007681,-0.002691,FALSE,FALSE,0.085163,-0.00985,-12.60024,23.389007,47.570233,3.271037,-0.099809,0.019037,-6.461663,3.993226,-8.531544,-90.242964,-2.547939,4.753436,12.938061,0.799779,0.440012,0.124053,0.902998,-1.6585,-12.271535,0.414186,-1951200,-50.88968,-617703244.928598,-12.232377,52.53627,-10.053934,-11.939995,70.056219,-0.099252,-2.104888,0.352211,0.440012,0.160886
05-03-24,12.49,12.51,12.44,11.983377,141000,11.824924,12.100672,12.018742,-0.02217,-0.007581,-0.002685,FALSE,FALSE,0.08193,-0.009816,20.4683,21.735751,53.656011,13.536348,-0.077164,0.033346,-3.448846,3.714273,-7.759307,-35.031361,-0.585978,4.848259,12.374069,0.807892,0.460044,0.134418,1.87512,-0.994516,-12.271535,1.3322,-1810200,505.150215,-619683762.728083,-12.338391,65.319394,-7.73016,-9.378727,70.4246,-0.071888,-1.518275,0.366631,0.460044,1.280531
05-06-24,12.54,12.62,12.53,12.088747,50300,11.828571,12.095548,12.017043,-0.021538,-0.007461,-0.002678,FALSE,TRUE,0.078504,-0.009867,29.482265,20.959126,57.800709,12.617721,-0.050137,0.048298,-1.086267,3.032065,-6.416122,-6.250572,0.607057,4.83152,13.05504,0.798517,0.469786,0.154048,2.598448,-0.278557,-12.271535,0.488682,-1759900,-53.640553,-620227284.363738,-12.109159,73.603688,-7.893478,-10.776446,70.036714,-0.047333,-1.023068,0.39249,0.469786,1.992918
05-07-24,12.69,12.74,12.68,12.146222,94900,11.829361,12.092143,12.016793,-0.020607,-0.00732,-0.00267,TRUE,TRUE,0.07535,-0.009711,28.850741,20.945742,59.906994,12.336761,-0.023806,0.059704,-1.76098,4.190361,-4.814541,4.229393,0.130247,4.81352,13.250622,0.797714,0.465704,0.151264,2.95711,-0.303381,-12.271535,0.893723,-1665000,218.456376,-622010717.736278,-12.407928,73.481085,-8.294258,-10.168727,70.286664,-0.046153,-0.996935,0.388926,0.465704,2.391294
05-08-24,12.6,12.61,12.56,12.06001,34800,11.838257,12.089681,12.015554,-0.019412,-0.007177,-0.002662,FALSE,TRUE,0.074127,-0.00976,31.211507,20.011006,55.437206,1.781195,-0.009782,0.058982,-1.62714,2.622557,-4.522957,-9.675797,1.497456,4.811003,14.187407,0.801996,0.473434,0.15516,2.824331,-0.432901,-12.271535,0.363541,-1699800,-85.737705,-622741515.081208,-13.211476,78.641516,-7.874174,-12.340076,69.932188,-0.050456,-1.086551,0.393903,0.473434,1.563025
05-09-24,12.52,12.61,12.52,12.069591,46900,11.848588,12.087029,12.015106,-0.017961,-0.007043,-0.002653,FALSE,TRUE,0.071923,-0.00995,27.865912,18.858279,55.8316,-1.969109,0.002081,0.056676,-0.235304,1.888308,-4.864358,-8.130537,1.741634,4.759129,15.099778,0.795535,0.515379,0.145677,2.722468,-0.14957,-12.271535,0.505279,-1652900,-55.333333,-623257846.455253,-13.40534,74.023777,-7.047647,-13.879607,69.61733,-0.064553,-1.393631,0.381676,0.515379,1.463617
05-10-24,12.5,12.52,12.47,11.992957,75500,11.849356,12.08075,12.014368,-0.016243,-0.006931,-0.002644,FALSE,FALSE,0.066381,-0.010043,23.047804,17.586293,51.87666,-8.030334,0.005239,0.047867,-1.410434,3.5442,-6.151425,-20.490773,0.128222,4.745781,15.172569,0.786546,0.496719,0.124409,2.606823,-0.736537,-12.271535,0.827125,-1728400,-28.9746,-624774011.278157,-13.48479,71.41565,-7.543234,-11.455045,69.358855,-0.075325,-1.62467,0.352717,0.496719,0.946455
05-13-24,12.58,12.58,12.53,12.031275,23700,11.861591,12.073903,12.01345,-0.014264,-0.006833,-0.002634,FALSE,TRUE,0.060452,-0.010048,25.834455,16.671683,53.644828,-1.792378,0.010709,0.04267,-0.785625,3.538589,-6.993992,-14.310501,2.076152,4.727672,15.619678,0.787676,0.540559,0.130963,2.475776,-0.654387,-12.271535,0.286353,-1704700,-87.783505,-625270500.7153,-13.717672,68.440604,-6.408794,-10.778333,69.786189,-0.05941,-1.284373,0.361888,0.540559,1.086347
05-14-24,12.52,12.54,12.49,11.992957,18200,11.872388,12.066861,12.013599,-0.012011,-0.006756,-0.002623,FALSE,FALSE,0.053262,-0.010187,29.322886,15.524607,51.602962,-4.228638,0.011817,0.035022,-0.32106,3.041983,-7.223993,-20.490773,1.833584,4.746731,15.750084,0.787155,0.544081,0.132897,2.28913,-0.630769,-12.271535,0.236011,-1722900,-86.128049,-625650546.388496,-14.1993,70.010076,-8.425499,-10.749042,69.584497,-0.056834,-1.230873,0.36455,0.544081,0.765514
05-15-24,12.67,12.74,12.66,12.184538,47800,11.889421,12.060603,12.013633,-0.009446,-0.006697,-0.002611,TRUE,TRUE,0.046969,-0.009829,47.324915,15.712062,59.834639,7.95798,0.027833,0.04083,0.164479,2.289953,-4.652246,0.810283,2.876271,4.811674,17.200763,0.806547,0.551322,0.129883,2.240714,-0.374157,-12.271535,0.642948,-1675100,-53.682171,-626266523.97236,-14.412296,74.515816,-6.313061,-9.965986,70.633401,-0.046215,-0.975145,0.360394,0.551322,1.715719
05-16-24,12.8,12.82,12.75,12.222856,61800,11.913623,12.054158,12.01358,-0.006636,-0.006646,-0.002598,TRUE,TRUE,0.040578,-0.009517,46.218427,16.299112,61.254112,7.609284,0.04312,0.044894,0.401084,3.759026,-3.374987,3.686413,4.123476,4.825345,18.337841,0.804408,0.542917,0.125465,2.218624,-0.092965,-12.271535,0.86349,-1613300,-47.314578,-627259114.484622,-14.597059,74.392582,-4.501818,-8.307142,70.813678,-0.034572,-0.729564,0.35421,0.542917,1.686306
05-17-24,12.74,12.74,12.64,12.136643,70200,11.93065,12.04618,12.0144,-0.003675,-0.006598,-0.002584,TRUE,TRUE,0.03178,-0.009253,29.310278,16.005984,56.422606,4.819643,0.047729,0.039602,0.083284,2.373063,-3.84596,-10.218776,2.886744,4.790852,18.765283,0.807367,0.49604,0.103697,2.036334,-0.47725,-12.271535,0.980721,-1683500,0.285714,-628036031.663255,-14.251245,66.757118,-5.431935,-10.447019,69.798866,-0.049924,-1.03684,0.32202,0.49604,1.097739
05-21-24,12.74,12.79,12.72,12.184538,32800,11.951981,12.038969,12.015739,-0.000692,-0.00656,-0.002569,TRUE,TRUE,0.02323,-0.008697,45.454101,16.011635,58.386349,-1.44829,0.054616,0.037192,-0.379895,2.451803,-2.395518,-13.475431,3.628401,4.874206,19.119832,0.798063,0.469962,0.093902,1.695411,-0.686864,-12.271535,0.458966,-1650700,-6.552707,-628570638.595136,-14.120624,74.050261,-5.927513,-9.529865,70.074311,-0.05356,-1.11922,0.306434,0.469962,1.216313
05-22-24,12.69,12.71,12.67,12.165379,12100,11.972354,12.032137,12.01852,0.002293,-0.00653,-0.002553,TRUE,TRUE,0.013617,-0.008212,37.254462,15.639311,57.274454,-3.979658,0.057862,0.03235,0.006977,1.968039,-2.908042,-16.896741,3.465453,4.794426,19.113983,0.797788,0.47022,0.093236,1.428592,-0.662717,-12.271535,0.185355,-1662800,-91.089838,-628888034.89726,-14.573914,65.734084,-5.455991,-9.292702,70.235918,-0.053402,-1.115886,0.305345,0.47022,1.00986
05-23-24,12.68,12.68,12.61,12.107906,77900,11.993197,12.026061,12.019429,0.00516,-0.006512,-0.002537,TRUE,TRUE,0.006632,-0.008039,26.213515,14.853743,53.955143,-2.467462,0.055161,0.023719,-0.929499,1.326496,-2.213774,-87.392931,3.565572,4.779427,18.132701,0.787803,0.460867,0.094271,1.198655,-0.466144,-12.271535,1.16208,-1740700,82.009346,-630083440.808623,-14.389405,57.460284,-4.934894,-9.993631,70.342192,-0.039149,-0.828907,0.307035,0.460867,0.632612
05-24-24,12.64,12.68,12.64,12.146222,23600,12.018821,12.021703,12.020251,0.007759,-0.006492,-0.002518,TRUE,TRUE,0.001453,-0.007766,18.279517,14.124287,55.794506,-2.591843,0.055472,0.019224,-1.60985,1.807473,-1.241514,-92.508195,4.405098,4.712226,16.315785,0.788637,0.470378,0.098345,1.091173,-0.411937,-12.271535,0.358309,-1717100,-49.787234,-630689699.674227,-14.635833,50.126709,-5.522896,-10.007595,70.229466,-0.042816,-0.90764,0.3136,0.470378,0.780848
05-27-24,12.66,12.69,12.64,12.117483,21000,12.039894,12.019629,12.020789,0.009987,-0.006478,-0.002499,TRUE,TRUE,-0.00116,-0.00736,3.529246,13.519322,54.050436,-3.224018,0.052791,0.013235,-1.61561,2.130406,-0.804944,-100.719344,3.603592,4.668672,14.553577,0.780954,0.449318,0.089865,1.075991,-0.787072,-12.271535,0.3311,-1738100,-69.91404,-631149620.823231,-14.174825,44.589955,-6.165638,-9.857552,70.000919,-0.055397,-1.180337,0.299775,0.449318,0.533124
05-28-24,12.68,12.68,12.48,11.9738,87100,12.048037,12.014681,12.021354,0.011887,-0.006469,-0.002478,FALSE,FALSE,-0.006673,-0.007066,-19.14876,13.317882,46.264046,-7.691098,0.038627,-0.000743,-1.718054,0.600263,-2.350187,-141.771821,1.378759,4.671761,13.631656,0.791558,0.471474,0.094596,1.194254,-1.353948,-12.271535,1.381553,-1825200,-8.025343,-631677619.19913,-13.779541,30.146173,-5.902101,-10.862475,69.542327,-0.074835,-1.577257,0.307565,0.471474,-0.544593
05-29-24,12.4,12.4,12.33,11.868431,200100,12.056179,12.009911,12.021485,0.013365,-0.006467,-0.002456,FALSE,FALSE,-0.011574,-0.00697,-20.833009,13.992922,41.538255,-14.256252,0.018685,-0.016549,-2.734998,-1.37651,-3.427705,-94.197765,1.391162,4.690622,11.84822,0.798455,0.472475,0.110208,1.378419,-1.557327,-12.271535,2.917548,-2025300,124.076148,-634516585.656896,-13.955791,24.025617,-5.431911,-11.409452,70.101502,-0.074466,-1.56951,0.331976,0.472475,-1.584608
05-30-24,12.42,12.48,12.4,11.988504,55600,12.065535,12.006019,12.022775,0.014485,-0.006472,-0.002433,FALSE,FALSE,-0.016757,-0.006393,-7.871789,13.98806,48.050519,-5.999917,0.012426,-0.018246,-2.587471,-0.999911,-3.397026,-69.692995,1.585654,4.680331,10.377779,0.792818,0.495542,0.12908,1.431891,-1.642773,-12.271535,0.913948,-1969700,-73.59924,-635144164.542526,-14.601564,30.615399,-5.675081,-12.098006,70.108783,-0.085775,-1.840333,0.359277,0.495542,-0.742268
05-31-24,12.6,12.66,12.59,12.15181,65500,12.080662,12.00444,12.025442,0.015242,-0.006476,-0.00241,TRUE,TRUE,-0.021001,-0.00544,14.224448,13.203569,55.337414,9.073369,0.020408,-0.008211,-1.792599,-0.427412,-3.165091,-36.36537,2.553228,4.747388,9.197345,0.812082,0.537374,0.151525,1.349721,-1.284162,-12.271535,1.05577,-1904200,58.21256,-636029710.264597,-14.769879,39.230859,-5.044615,-12.1462,70.345331,-0.078313,-1.661935,0.389262,0.537374,0.773565
06-03-24,12.69,12.87,12.69,12.343938,135500,12.09869,12.007657,12.029301,0.015822,-0.006466,-0.002385,TRUE,TRUE,-0.021645,-0.004165,24.608136,13.565162,62.077083,20.538828,0.041755,0.010509,-0.008969,1.460735,-2.568848,2.581102,3.008838,4.749386,10.614605,0.838911,0.48888,0.115827,2.094646,-0.720516,-12.271535,2.193799,-1768700,-3.900709,-636686224.506109,-13.763832,46.857982,-2.805389,-8.772793,71.949616,-0.034866,-0.701648,0.340333,0.48888,2.310473
06-04-24,12.99,13.04,12.97,12.497634,111000,12.119135,12.01128,12.033697,0.016341,-0.006437,-0.00236,TRUE,TRUE,-0.022417,-0.002612,36.41388,14.60512,66.439965,18.389446,0.070265,0.031215,0.00145,0.387648,-0.18831,23.610423,3.382376,4.798048,13.855844,0.85466,0.448553,0.095225,3.027983,-0.34531,-12.271535,1.712963,-1657700,120.675944,-638295307.121913,-13.941376,53.75572,-2.085091,-8.193187,73.240172,-0.011659,-0.22767,0.308586,0.448553,2.731694
06-05-24,13.06,13.12,12.98,12.584088,118800,12.141028,12.018347,12.038105,0.016747,-0.006386,-0.002333,TRUE,TRUE,-0.019758,-0.000979,31.194896,15.866547,68.62644,13.289026,0.098698,0.047718,0.310959,1.621399,1.326538,32.16309,3.604958,4.694316,17.330111,0.858372,0.462912,0.102288,3.549484,-0.036986,-12.271535,1.800136,-1538900,25.184405,-639086023.367715,-12.936818,56.967144,-2.202052,-7.716189,73.283568,0.000933,0.01822,0.319825,0.462912,2.556593
06-06-24,13.02,13.05,12.98,12.497634,43600,12.162909,12.023495,12.042454,0.017138,-0.006318,-0.002306,TRUE,TRUE,-0.018959,0.000346,20.676248,17.037872,64.127104,2.050021,0.112953,0.049579,-0.302507,-0.963872,0.480569,21.219496,3.62872,4.629886,18.941189,0.857283,0.468702,0.10483,3.470443,-0.01401,-12.271535,0.656281,-1582500,25.287356,-639730507.530056,-12.786176,52.018999,-2.161258,-10.557949,72.563037,0.002741,0.053643,0.323774,0.468702,1.767179
06-07-24,12.91,12.91,12.82,12.343938,39800,12.176627,12.022989,12.046313,0.0174,-0.006229,-0.002277,TRUE,TRUE,-0.023324,0.001334,14.844489,17.011947,56.975471,-9.464494,0.110573,0.037759,-1.603341,-3.123752,1.204139,1.764298,2.273046,4.626903,19.221152,0.870807,0.523055,0.128925,3.376547,-0.270847,-12.271535,0.6023,-1622300,-15.138593,-640191357.048981,-12.812886,53.528718,-2.764088,-12.403034,72.295945,0.000244,0.004764,0.359061,0.523055,0.870454
06-10-24,12.78,12.79,12.73,12.267088,33400,12.190333,12.021138,12.048205,0.017376,-0.006116,-0.002247,TRUE,TRUE,-0.027067,0.001955,5.791377,16.432468,53.747796,-14.878644,0.101319,0.022804,-1.918058,-3.440789,0.345488,-7.963543,2.285765,4.535186,18.815608,0.861476,0.491662,0.114332,3.336804,-0.110073,-12.271535,0.522079,-1655700,-55.761589,-640740128.365837,-12.478403,50.286551,-3.108603,-12.952774,71.716408,0.002558,0.050095,0.33813,0.491662,0.407932
06-11-24,12.8,12.85,12.77,12.324723,60300,12.205006,12.025979,12.050944,0.017243,-0.005971,-0.002216,TRUE,TRUE,-0.024965,0.002668,10.885151,16.191514,55.771441,-8.355663,0.097511,0.015197,-0.700957,-2.114452,0.209617,-0.667934,2.439047,4.547274,18.653447,0.863517,0.458766,0.102283,3.26296,0.034141,-12.271535,0.916344,-1595400,154.43038,-641471684.406178,-12.309994,53.66818,-0.679058,-10.422833,72.642356,0.01708,0.331393,0.319817,0.458766,0.6418
06-12-24,13.03,13.07,12.97,12.459209,128400,12.228318,12.034083,12.054169,0.017096,-0.005787,-0.002183,TRUE,TRUE,-0.020086,0.003402,22.798774,16.916435,60.152479,3.177009,0.104144,0.017464,0.769282,-0.449327,1.150761,16.355636,3.887718,4.630424,18.776983,0.865239,0.467449,0.106164,3.113597,0.653738,-12.271535,1.800463,-1467000,605.494505,-642911802.750208,-12.102122,62.752566,1.117082,-8.910533,73.213336,0.047781,0.927238,0.325829,0.467449,1.229651
06-13-24,13.02,13.17,13.02,12.651332,42300,12.251658,12.04622,12.058121,0.017017,-0.00556,-0.002149,TRUE,TRUE,-0.011901,0.00456,29.805393,17.955645,65.421875,11.674079,0.123481,0.029441,3.519442,0.933548,4.358283,38.2538,3.831036,4.638414,20.97645,0.883401,0.354629,0.062754,3.391766,0.913616,-12.271535,0.595439,-1424700,-11.506276,-643162032.344705,-11.891546,63.40708,4.479655,-6.566601,75.273858,0.071738,1.331565,0.250508,0.354629,1.905347
06-14-24,13.25,13.31,13.25,12.757,61500,12.278365,12.058179,12.061901,0.017157,-0.005283,-0.002114,TRUE,TRUE,-0.003722,0.005946,36.097821,19.38539,67.933535,12.162094,0.145653,0.04129,4.384071,-0.618185,4.195135,43.571411,4.370046,4.664323,23.800679,0.888014,0.346941,0.057603,3.858586,1.041247,-12.271535,0.865892,-1363200,-0.485437,-644234175.339221,-11.95006,66.494235,5.556164,-5.979503,76.065301,0.085134,1.567718,0.240007,0.346941,2.011014
06-17-24,13.16,13.25,13.13,12.728183,41100,12.307942,12.071662,12.065537,0.017439,-0.004956,-0.002078,TRUE,TRUE,0.006125,0.007176,45.533762,19.918926,66.51458,6.362101,0.159065,0.043762,5.131566,-2.632536,2.639889,40.630884,4.873995,4.635871,25.557494,0.886818,0.353498,0.059878,3.492857,1.091432,-12.271535,0.590772,-1404300,-41.452991,-644550520.467133,-11.868973,68.999368,6.365978,-7.069224,76.009873,0.090023,1.661983,0.2447,0.353498,1.644296
06-18-24,13.31,13.35,13.25,12.824244,42800,12.339927,12.087831,12.069326,0.017948,-0.004577,-0.00204,TRUE,TRUE,0.018505,0.008758,58.017776,20.766679,68.850284,3.428409,0.175424,0.048096,5.26246,-2.809935,3.183329,44.65722,5.250143,4.710101,27.833433,0.881275,0.380897,0.069703,3.37322,0.996254,-12.271535,0.610818,-1361500,30.487805,-644957766.601906,-11.693398,83.849313,6.55563,-8.64752,76.560045,0.081976,1.530955,0.264013,0.380897,1.740052
06-19-24,13.31,13.32,13.27,12.747394,31800,12.369028,12.10017,12.072918,0.018611,-0.004148,-0.002002,TRUE,TRUE,0.027253,0.010041,47.305682,21.553878,64.947227,-2.986308,0.180111,0.042227,4.224234,-2.626183,3.4904,20.709659,4.784192,4.673603,28.933266,0.879934,0.387787,0.073047,2.89322,1.026881,-12.271535,0.447541,-1393300,162.809917,-645654332.658212,-11.798113,80.094408,6.790931,-7.407671,76.452924,0.085985,1.611172,0.270272,0.387787,1.307718
06-20-24,13.14,13.21,13.1,12.689758,69800,12.398121,12.116324,12.077483,0.019422,-0.003681,-0.001963,TRUE,TRUE,0.038841,0.011216,35.897841,21.180164,62.103769,-4.410811,0.177133,0.031399,4.158594,-3.553219,2.101266,-0.036557,4.805554,4.577249,29.094313,0.882538,0.377469,0.069124,2.54665,0.864958,-12.271535,0.987969,-1463100,-10.397946,-646244768.778306,-11.437599,72.888243,6.56955,-7.631133,75.850219,0.07335,1.367486,0.262914,0.377469,1.002387
06-21-24,13.21,13.22,13.12,12.670544,93600,12.424337,12.132475,12.081719,0.020404,-0.003187,-0.001922,TRUE,TRUE,0.050757,0.012554,24.637581,20.87725,61.142691,-7.707593,0.171248,0.020411,2.874805,-4.453173,2.55804,-9.589644,4.316746,4.478237,29.067308,0.873302,0.348615,0.057553,2.36349,0.509081,-11.265507,1.262306,-1556700,296.610169,-647179747.603002,-11.119385,71.755678,4.850168,-9.658933,75.781901,0.058483,1.095063,0.239902,0.348615,0.847024
06-24-24,13.2,13.2,13.13,12.68015,31200,12.45247,12.146526,12.085862,0.02151,-0.002672,-0.001881,TRUE,TRUE,0.060664,0.013875,15.447162,20.595974,61.463777,-3.483451,0.165452,0.011692,3.674442,-3.279306,3.72436,-8.040233,4.64343,4.380994,28.661157,0.873165,0.322965,0.053884,2.28319,0.555529,-11.265507,0.417894,-1525500,48.571429,-647611958.56758,-11.024871,65.350167,4.175663,-9.06416,74.805178,0.053797,1.005509,0.232129,0.322965,0.794385
06-25-24,13.08,13.2,13.08,12.68015,32800,12.487788,12.164398,12.089912,0.022629,-0.002149,-0.001839,TRUE,TRUE,0.074486,0.014708,8.771985,19.99203,61.463777,-0.639992,0.159026,0.004213,3.593763,-1.578733,2.176231,-8.040233,5.899133,4.323245,26.739916,0.819965,0.334445,0.065619,2.247809,1.314706,-11.265507,0.455904,-1525500,-62.342135,-647863343.38348,-11.248679,57.026501,4.127861,-6.609833,74.98697,0.093257,1.867779,0.256163,0.334445,0.719383
06-26-24,13.03,13.05,12.97,12.459209,47400,12.517326,12.178042,12.093324,0.023637,-0.001619,-0.001797,TRUE,TRUE,0.084717,0.015098,-3.125002,18.721484,50.363145,-10.779546,0.134554,-0.016207,0.727622,-4.969405,-0.27391,-43.675763,4.977729,4.344838,22.458233,0.852339,0.329924,0.058097,2.273339,0.797515,-10.620163,0.737055,-1572900,-76.311844,-648516031.088223,-10.884346,56.746097,2.207037,-9.247009,73.680387,0.06446,1.237014,0.241033,0.329924,-0.258778
06-27-24,12.91,12.95,12.88,12.442837,71600,12.540043,12.190021,12.096515,0.024424,-0.001078,-0.001754,TRUE,TRUE,0.093506,0.015422,9.054524,17.755462,49.647569,-11.816208,0.112541,-0.030576,0.672984,-4.334485,-0.108747,-46.316515,3.789733,4.395575,18.832814,0.852509,0.31858,0.055222,2.190418,0.781164,-10.620163,1.099677,-1644500,28.776978,-649481946.303481,-11.01043,54.46942,1.729104,-9.637417,73.095084,0.060318,1.155544,0.234993,0.31858,-0.516154
06-28-24,12.99,13.01,12.82,12.385054,78600,12.551705,12.202946,12.099463,0.024903,-0.000535,-0.00171,TRUE,TRUE,0.103483,0.015823,10.992034,16.858442,47.103874,-14.359903,0.089403,-0.042972,2.502677,-4.847996,-2.177489,-66.370151,1.919417,4.485926,16.928,0.846928,0.33912,0.063302,2.070618,0.343962,-9.567862,1.195165,-1723100,20,-649920405.927032,-10.560857,51.530112,3.944947,-9.636463,72.975824,0.036565,0.70815,0.2516,0.33912,-0.984474
07-02-24,12.65,12.65,12.53,12.125024,95200,12.54076,12.209524,12.101252,0.024802,-0.000002,-0.001667,FALSE,TRUE,0.108272,0.015607,-15.65549,17.46778,37.734466,-12.628678,0.049512,-0.066289,0.589119,-5.331062,-2.732694,-49.387265,-1.773454,4.394815,18.931348,0.883373,0.362415,0.063895,2.308065,-0.040254,-9.567862,1.493333,-1818300,-29.741697,-650658168.28706,-10.958387,42.76664,1.085072,-10.732925,71.228101,0.020263,0.376349,0.252774,0.362415,-2.196018
07-03-24,12.62,12.75,12.62,12.182807,82800,12.525018,12.218022,12.103609,0.024134,0.000532,-0.001624,FALSE,TRUE,0.114413,0.015418,-23.05498,17.377118,40.563707,-9.083863,0.022305,-0.074798,1.148633,-5.299853,-3.845474,-42.340548,-2.519093,4.303438,20.548617,0.884279,0.359692,0.068264,2.556442,0.197209,-8.694438,1.3282,-1735500,-25.405405,-651297884.312443,-10.428759,39.455957,0.35352,-12.298807,70.587747,0.025117,0.467126,0.261274,0.359692,-1.665374
07-04-24,12.61,12.62,12.57,12.115394,20400,12.501584,12.225171,12.105723,0.022866,0.001058,-0.00158,FALSE,TRUE,0.119448,0.015302,-49.893018,17.520208,38.373033,-8.730841,-0.004644,-0.081397,-0.359263,-4.843602,-3.671306,-50.561679,-3.724503,4.166079,22.426324,0.87889,0.346086,0.063462,2.930505,-0.255313,-8.694438,0.355277,-1755900,-82.828283,-651689241.439224,-10.974589,35.254402,-1.485654,-11.576431,70.218046,0.002794,0.052144,0.251916,0.346086,-1.722038
07-05-24,12.73,12.78,12.72,12.288748,29100,12.491139,12.237125,12.109312,0.021253,0.001585,-0.001536,TRUE,TRUE,0.127814,0.015051,-41.007811,16.666424,46.390785,8.656319,-0.011876,-0.070903,1.947372,-2.75908,-0.604602,-29.420946,-1.671406,4.11076,22.926517,0.855855,0.242017,0.032684,3.132675,0.813026,-8.694438,0.513273,-1726800,-33.256881,-652136660.067828,-10.941135,32.361307,2.523795,-8.431704,71.735325,0.060357,1.13826,0.180787,0.242017,-0.882783
07-08-24,12.78,12.88,12.75,12.375424,42900,12.492714,12.251959,12.113427,0.019385,0.002119,-0.001493,TRUE,TRUE,0.138532,0.014887,-29.403385,15.62313,49.900467,9.336761,-0.010492,-0.055616,2.992892,-2.801276,0.777942,-18.850637,0.255077,4.138678,22.830727,0.85937,0.243494,0.032534,3.263198,1.076342,-8.694438,0.754617,-1683900,7.788945,-652426779.75605,-10.761146,37.857888,3.420241,-7.976029,72.133142,0.07226,1.357065,0.180371,0.243494,-0.513734
07-09-24,12.82,12.84,12.75,12.336899,19200,12.496204,12.264777,12.118191,0.017308,0.00265,-0.001449,TRUE,TRUE,0.146586,0.014826,-42.667751,14.654358,48.38424,10.011207,-0.012362,-0.045988,1.702135,-3.175843,1.772938,-24.443157,0.569091,4.060562,22.518853,0.852694,0.291236,0.045804,2.926321,0.688387,-8.163033,0.342002,-1703100,-42.51497,-652622235.967638,-10.582568,33.222426,2.836558,-8.55736,72.102865,0.047566,0.906536,0.214018,0.291236,-0.707431
07-10-24,12.85,12.86,12.82,12.36579,34000,12.498257,12.275873,12.122865,0.015032,0.003177,-0.001405,TRUE,TRUE,0.153008,0.014468,-34.874235,13.87009,49.620528,3.229743,-0.011381,-0.036006,4.070914,-2.002623,1.62191,-23.79844,0.333209,4.06687,22.372508,0.825034,0.233197,0.033555,2.666067,1.298027,-8.163033,0.620155,-1669100,-43.615257,-653428392.56111,-10.904431,37.694238,2.97689,-8.866062,71.20294,0.070581,1.381418,0.183181,0.233197,-0.592098
07-11-24,12.93,13,12.88,12.413943,119600,12.495994,12.290041,12.128809,0.012651,0.003703,-0.001362,TRUE,TRUE,0.161232,0.014141,-25.426727,13.902284,51.697101,1.796633,-0.006641,-0.025013,4.644385,-1.988649,2.173627,-16.819761,-0.363315,4.149833,22.436894,0.82568,0.236502,0.034519,2.666349,1.447757,-8.163033,2.199136,-1549500,-6.853583,-654477000.04905,-10.632709,50.427875,2.347079,-10.014105,70.976397,0.073293,1.434105,0.185792,0.236502,-0.365696
07-12-24,12.94,12.99,12.92,12.471728,51300,12.487014,12.303448,12.135181,0.010108,0.004223,-0.001318,TRUE,TRUE,0.168266,0.013987,-17.698987,13.932178,54.139996,5.755756,0.001757,-0.013292,4.125444,-1.385008,1.485402,-8.697224,-1.419642,4.156845,22.139904,0.824785,0.241445,0.036429,2.702218,1.416534,-8.163033,0.935534,-1498200,21.276596,-655185341.223437,-10.96317,47.530579,0.298573,-9.807881,70.890378,0.06922,1.357212,0.190864,0.241445,-0.069041
07-15-24,12.9,12.93,12.87,12.413943,95100,12.469861,12.314741,12.141687,0.007387,0.004735,-0.001275,TRUE,TRUE,0.173054,0.013525,-22.723706,13.602481,51.343576,1.723047,0.003708,-0.009073,5.322802,-1.841919,0.332663,-17.321855,-2.689164,4.135236,21.249094,0.818068,0.241318,0.037058,2.759856,1.56522,-8.163033,1.682739,-1593300,54.634146,-656726130.518518,-11.051893,43.848746,0.406193,-10.34029,70.315565,0.075863,1.500177,0.192504,0.241318,-0.263154
07-16-24,12.97,13.04,12.97,12.529513,36300,12.459928,12.325664,12.148677,0.004703,0.005242,-0.001232,TRUE,TRUE,0.176987,0.013311,-11.703903,13.904994,56.21468,4.51758,0.014413,0.001306,6.389545,1.115397,1.342788,-0.093533,-1.560863,4.15764,20.426382,0.823639,0.258318,0.042974,1.738544,1.696857,-8.163033,0.645047,-1557000,-11.678832,-657219280.36048,-11.256117,48.145452,-0.207237,-9.032989,70.234529,0.079891,1.573977,0.207301,0.258318,0.340666
07-17-24,13,13.09,12.99,12.577665,85900,12.447599,12.335442,12.155391,0.00212,0.005737,-0.001189,TRUE,TRUE,0.180051,0.013072,10.630759,14.443979,58.096968,3.956972,0.026477,0.010696,6.195518,2.601349,2.42487,8.511707,-1.922751,4.249986,18.790346,0.822478,0.25501,0.042384,2.042719,1.927065,-8.163033,1.470135,-1471100,100.700935,-658013568.229789,-11.172173,56.067525,0.217369,-8.254229,70.851254,0.095749,1.888497,0.205875,0.25501,0.692199
07-18-24,13.04,13.1,13,12.539145,97300,12.437186,12.343301,12.162429,-0.000314,0.00622,-0.001146,TRUE,TRUE,0.180871,0.012723,8.47473,14.997108,56.022184,4.678609,0.032554,0.013419,6.817871,3.243803,2.033991,1.604513,-1.633653,4.281011,17.579623,0.824157,0.266643,0.046206,2.024184,1.824823,-8.163033,1.576858,-1568400,205.974843,-659007687.724725,-10.820319,54.378769,1.647711,-6.721807,71.004076,0.094854,1.87076,0.214956,0.266643,0.579985
07-19-24,12.94,12.98,12.93,12.462099,48600,12.425803,12.351342,12.170582,-0.002554,0.006691,-0.001103,TRUE,TRUE,0.18076,0.012092,6.666645,14.934191,52.02047,-4.19421,0.030799,0.00933,5.64575,2.849914,0.270191,-11.912383,-1.794039,4.235082,16.565954,0.824818,0.25661,0.041838,1.997527,1.808668,-8.163033,0.801385,-1617000,-30.372493,-659965901.595176,-11.312666,56.272526,1.201508,-6.195467,70.629424,0.092118,1.811214,0.204543,0.25661,0.219098
07-22-24,12.98,13.02,12.86,12.385054,36600,12.411529,12.357652,12.17746,-0.004626,0.007146,-0.00106,TRUE,TRUE,0.180192,0.011194,26.732755,14.334401,48.304654,-9.792315,0.022926,0.001166,5.33377,1.579183,1.547682,-34.895438,-2.253179,4.430384,15.544606,0.82656,0.230737,0.034348,1.797926,1.76387,-8.163033,0.633273,-1653600,-60.897436,-660219788.312347,-11.281288,60.234515,0.479905,-8.357676,69.645343,0.088865,1.736787,0.185333,0.230737,-0.170318
07-23-24,12.93,12.94,12.89,12.423574,41300,12.3987,12.366264,12.184435,-0.006417,0.007579,-0.001018,TRUE,TRUE,0.181829,0.010423,25.252537,13.777453,50.219239,-5.802945,0.01957,-0.001752,5.661386,2.212574,0.940977,-27.627369,-2.023443,4.376384,14.212713,0.8251,0.22109,0.031774,1.623507,1.695111,-8.163033,0.708405,-1612300,32.371795,-661031635.649648,-11.509157,52.694717,1.856433,-6.834116,70.125268,0.088741,1.73512,0.178252,0.22109,0.175015
07-24-24,12.96,12.97,12.83,12.36579,48000,12.382982,12.372954,12.191075,-0.007795,0.007984,-0.000975,FALSE,TRUE,0.181879,0.009712,26.530431,12.797714,47.384229,-4.636241,0.012107,-0.007371,5.771396,2.374996,1.699551,-93.213103,-2.479148,4.45993,12.5809,0.820121,0.232027,0.036144,1.368795,1.238299,-8.163033,0.812733,-1660300,46.341463,-661397949.993555,-11.458353,50.819356,1.945453,-5.843384,70.267712,0.066666,1.314378,0.190116,0.232027,-0.13665
07-25-24,12.86,12.96,12.85,12.404315,28900,12.380237,12.381181,12.196501,-0.008587,0.008362,-0.000933,TRUE,TRUE,0.18468,0.008855,14.285546,11.887957,49.433785,1.129132,0.009196,-0.008226,6.623583,2.533236,2.172502,-98.767037,-0.440593,4.405542,12.465194,0.810608,0.196945,0.025142,1.277649,1.645693,-8.163033,0.497119,-1631400,-39.029536,-661661038.136746,-11.305588,50.827103,2.859129,-5.284696,70.507194,0.084984,1.685603,0.158562,0.196945,0.193159
07-26-24,12.99,12.99,12.95,12.481359,18400,12.382164,12.387118,12.201515,-0.008788,0.008709,-0.00089,TRUE,TRUE,0.185603,0.008247,13.25269,11.282236,53.347645,3.128406,0.012957,-0.003573,6.714708,3.738292,2.181645,-76.75435,0.309598,4.375162,12.59609,0.808042,0.209726,0.029407,1.220487,1.586351,-8.163033,0.331681,-1613000,-74.301676,-662110587.649179,-11.382282,49.270503,2.448922,-4.956617,70.329109,0.077773,1.550873,0.171486,0.209726,0.787514
07-29-24,13.07,13.07,13.03,12.577665,14600,12.391794,12.394214,12.20823,-0.008429,0.009026,-0.000847,TRUE,TRUE,0.185984,0.007841,28.08991,11.344504,57.749836,10.365607,0.023438,0.005527,6.491518,2.914209,5.135335,-86.547776,1.555195,4.412118,13.334057,0.811785,0.200846,0.026622,1.108085,1.698241,-8.163033,0.279292,-1598400,-81.424936,-662455392.079001,-11.989465,51.494809,2.408791,-5.08609,70.953909,0.086575,1.715967,0.163163,0.200846,1.393958
07-30-24,13.08,13.15,13.05,12.667459,45100,12.418916,12.40483,12.214456,-0.007615,0.009315,-0.000804,TRUE,TRUE,0.190374,0.007769,32.86039,11.959821,61.4065,11.972715,0.038545,0.016507,8.217197,2.612412,4.022596,-50.794233,4.473679,4.408604,13.137475,0.804568,0.187081,0.023315,1.627104,1.576066,-8.163033,0.906168,-1553300,-52.62605,-662845546.627576,-12.243699,52.250924,2.56947,-5.598752,71.233401,0.081602,1.629153,0.152693,0.187081,1.89186
07-31-24,13.17,13.27,13.14,12.812286,82400,12.45039,12.417385,12.221734,-0.006417,0.009581,-0.00076,TRUE,TRUE,0.195651,0.008075,39.257045,13.248761,66.450105,13.10246,0.061495,0.031566,8.566044,2.993338,4.731098,-4.025801,5.166949,4.341115,14.637873,0.809631,0.195645,0.024559,2.547848,1.652482,-8.163033,1.656281,-1470900,-0.483092,-663343386.736148,-12.106033,49.961931,1.69947,-7.554141,71.204543,0.086182,1.710912,0.156714,0.195645,2.47233
08-01-24,13.3,13.43,13.3,12.947455,173400,12.491993,12.433027,12.22997,-0.004882,0.009832,-0.000716,TRUE,TRUE,0.203057,0.008659,43.561213,15.209081,70.345308,12.595472,0.089558,0.047703,9.267951,2.207424,8.142146,19.575901,6.867806,4.318776,16.340833,0.817603,0.116913,0.009581,3.374877,1.823914,-7.264475,3.020906,-1297500,750,-664457266.91808,-11.121973,57.40152,4.615576,-6.204347,73.145971,0.104864,2.045859,0.097884,0.116913,2.787266
08-02-24,13.53,13.67,13.53,13.179179,142100,12.536514,12.454452,12.239504,-0.002862,0.010079,-0.00067,TRUE,TRUE,0.214948,0.009433,60.443863,17.867563,75.579718,14.173218,0.129009,0.069723,9.978837,6.185837,10.593986,41.568953,7.245908,4.386072,21.747551,0.838544,-0.013359,0.000137,4.742982,2.567003,-7.264475,2.253767,-1155400,388.316151,-665311530.870641,-10.447955,70.2954,8.096789,-0.058102,76.021397,0.151623,2.870582,-0.011723,-0.013359,2.955113
08-06-24,13.61,13.61,13.36,12.89918,125600,12.562702,12.469512,12.248718,-0.000511,0.01031,-0.000624,TRUE,TRUE,0.220794,0.009702,25.842599,18.908336,61.462351,-4.987754,0.136112,0.061461,6.704031,5.544941,11.111201,8.235771,4.232227,4.373168,22.832075,0.888537,0.066827,0.003163,4.591578,1.7663,-7.264475,1.869465,-1281000,192.773893,-665900162.047399,-10.027076,60.137276,7.426877,-0.490219,75.276127,0.115854,2.073109,0.056241,0.066827,1.473708
08-07-24,13.22,13.31,13.19,12.812286,98500,12.586472,12.483408,12.257027,0.002129,0.010525,-0.000578,TRUE,TRUE,0.22638,0.009652,15.969326,18.704097,57.850937,-12.494372,0.133194,0.046834,5.483715,3.626168,7.431199,-2.108755,3.85338,4.319388,22.832137,0.889104,0.064464,0.002936,4.488676,1.753654,-7.264475,1.384399,-1379500,413.020833,-666618736.886468,-9.835911,50.842588,6.472317,-1.85392,74.881262,0.115046,2.057103,0.054182,0.064464,0.989021
08-08-24,13.23,13.27,13.2,12.792974,59300,12.607831,12.499791,12.264444,0.004971,0.010723,-0.000531,TRUE,TRUE,0.235348,0.00959,17.505566,18.514447,57.048643,-18.531075,0.127849,0.033192,6.077644,4.351612,6.768805,-4.407791,3.454564,4.289827,22.656487,0.889335,0.049691,0.001878,4.36772,1.613306,-7.264475,0.818891,-1438800,74.411765,-667367647.711933,-9.624563,52.764477,5.252946,-2.77164,73.57564,0.105403,1.883201,0.043332,0.049691,0.817177
08-09-24,13.4,13.42,13.38,12.937799,124500,12.634024,12.521178,12.272443,0.007987,0.010912,-0.000484,TRUE,TRUE,0.248735,0.009659,31.342083,19.012364,61.37475,-0.087601,0.133758,0.03128,7.193358,6.941128,7.726163,12.833275,4.219901,4.344591,23.315533,0.897274,0.05924,0.002631,4.147526,2.026749,-7.264475,1.71346,-1314300,4.09699,-670244849.450006,-10.850433,60.874802,6.517122,-0.593518,74.123901,0.129007,2.285391,0.051295,0.05924,1.30289
08-12-24,13.4,13.46,13.35,12.995733,83700,12.660224,12.541323,12.281811,0.011028,0.011091,-0.000437,TRUE,TRUE,0.259512,0.010094,40.748452,19.641152,62.981019,5.130082,0.141484,0.031205,8.361375,6.833009,9.56861,19.730156,4.201542,4.305601,24.318411,0.877472,0.058982,0.002733,3.840175,1.725842,-7.264475,1.126817,-1230600,63.157895,-670867681.277686,-10.556233,65.903273,7.120927,-0.616313,74.237334,0.10965,1.986417,0.052274,0.058982,1.379652
08-13-24,13.5,13.52,13.48,13.053662,52100,12.69221,12.55936,12.290296,0.013994,0.011256,-0.000389,TRUE,TRUE,0.269064,0.010644,41.505974,20.472954,64.567719,7.519076,0.150547,0.032214,8.497749,7.645363,10.230201,26.626469,5.15323,4.269707,25.103044,0.878151,0.065786,0.003472,3.530411,1.76406,-7.264475,0.722307,-1178500,-45.215563,-672030364.374195,-10.608785,69.943206,6.004542,-0.611209,73.874598,0.110687,2.004385,0.058922,0.065786,1.439875
08-14-24,13.52,13.61,13.52,13.101938,40200,12.720831,12.57452,12.298881,0.016879,0.011412,-0.000341,TRUE,TRUE,0.275639,0.011081,48.798138,21.599099,65.880209,4.505458,0.159782,0.03316,9.246937,8.896189,11.692387,30.724141,4.568612,4.259378,26.381144,0.872109,0.085839,0.005967,3.125311,2.102459,-7.264475,0.555824,-1138300,10.743802,-672444036.606131,-10.525238,74.037343,6.097567,-2.612858,73.697912,0.127944,2.335874,0.077244,0.085839,1.444619
08-15-24,13.46,13.51,13.42,13.01504,57200,12.7427,12.584868,12.307691,0.019488,0.011546,-0.000292,TRUE,TRUE,0.277177,0.011404,39.226246,21.872153,61.466552,-1.514467,0.158265,0.025314,6.816036,6.991726,12.019248,9.033412,3.477395,4.185656,26.938828,0.877374,0.056068,0.002628,2.721988,1.770837,-7.264475,0.806884,-1195500,-33.410943,-673015984.4805,-10.581476,69.576579,2.388365,-4.200289,72.248857,0.110262,1.997613,0.051264,0.056068,1.010959
08-16-24,13.49,13.52,13.45,13.034352,70300,12.76746,12.593874,12.316832,0.021843,0.011664,-0.000244,TRUE,TRUE,0.277041,0.011679,36.885911,22.170868,62.07465,-2.493069,0.156813,0.01909,6.639175,7.066888,12.637123,0.680089,3.949287,4.135217,27.243504,0.876661,0.053107,0.002349,2.343701,1.864514,-7.264475,1.010929,-1125200,-27.749229,-673921134.452572,-10.722927,70.955347,2.183916,-2.50971,72.294227,0.115121,2.087058,0.048465,0.053107,0.979654
08-19-24,13.48,13.54,13.47,13.034352,36900,12.796073,12.604608,12.325033,0.023931,0.011765,-0.000196,TRUE,TRUE,0.279575,0.011808,32.55325,22.542962,62.07465,-3.805559,0.153889,0.012932,7.396682,7.486126,12.185463,-2.523853,4.591949,4.089737,26.87014,0.873376,0.041999,0.001462,2.022683,2.014641,-7.264475,0.535132,-1125200,-24.074074,-674417333.880364,-10.478886,71.515126,3.441103,-2.20283,72.109325,0.123157,2.240149,0.038238,0.041999,0.886782
08-20-24,13.6,13.66,13.58,13.179179,75100,12.835779,12.621313,12.333157,0.025803,0.011847,-0.000148,TRUE,TRUE,0.288155,0.012189,35.099225,23.427118,66.651863,5.185312,0.161397,0.016353,8.163143,7.752237,12.619215,7.392239,6.411967,4.073689,26.338987,0.882282,0.028289,0.000651,1.736198,2.232605,-7.264475,1.059537,-1050100,105.191257,-675244975.522593,-10.599032,72.266048,4.591604,-1.565056,73.180893,0.137962,2.483095,0.025509,0.028289,1.303771
08-21-24,13.65,13.68,13.57,13.140559,144300,12.871628,12.638782,12.340195,0.027347,0.011909,-0.0001,TRUE,TRUE,0.298587,0.0124,24.2856,24.333178,64.419144,2.344494,0.16236,0.013852,8.016032,8.023569,13.008987,-10.089859,5.771163,4.030369,25.291824,0.88272,0.025622,0.000534,1.570651,2.214583,-7.264475,1.897935,-1194400,249.394673,-676515964.978482,-10.183039,62.298305,3.715938,-1.974407,72.738239,0.137114,2.466459,0.023111,0.025622,1.063311
08-22-24,13.56,13.56,13.44,13.005385,549100,12.903608,12.652395,12.346934,0.028389,0.011956,-0.000053,TRUE,TRUE,0.305462,0.012089,4.285642,24.070663,57.197089,-4.877562,0.15048,0.001578,7.412339,6.413942,12.386804,-37.676308,5.172294,3.963363,22.442322,0.878949,0.014462,0.00017,1.53959,2.271366,-7.264475,5.432062,-1743500,1043.958333,-681042481.279841,-9.716838,37.75773,2.72714,-2.464313,72.174667,0.140494,2.537643,0.013054,0.014462,0.453506
08-23-24,13.54,13.61,13.5,13.082626,105000,12.937524,12.664864,12.353588,0.029089,0.011991,-0.000005,TRUE,TRUE,0.311276,0.011669,-8.06462,24.081445,59.959481,-6.692383,0.14562,-0.002626,7.709428,5.975468,10.041864,-21.912873,5.46835,3.875576,19.421887,0.870468,-0.026255,0.000536,1.551991,2.741485,-7.264475,1.001049,-1638500,263.321799,-681944288.021472,-9.66882,36.300363,2.511923,-3.338464,71.906416,0.169428,3.090649,-0.02315,-0.026255,0.747109
08-26-24,13.55,13.55,13.49,13.034352,54000,12.965173,12.672524,12.35953,0.029376,0.012014,0.000042,TRUE,TRUE,0.312994,0.011305,13.999976,24.006439,57.463425,-6.955719,0.136302,-0.009555,7.566498,5.828644,10.676674,-31.764704,4.43055,3.909961,16.265856,0.865976,-0.051673,0.002052,1.473948,2.333872,-7.264475,0.506234,-1692500,193.478261,-682818447.729014,-9.706506,37.965944,2.165912,-4.367699,71.439391,0.148922,2.732753,-0.045298,-0.051673,0.425302
08-27-24,13.4,13.49,13.39,13.024695,91500,12.987525,12.677878,12.366741,0.029258,0.012018,0.00009,TRUE,TRUE,0.311137,0.011145,23.912448,23.114828,56.952662,-0.244427,0.126677,-0.015344,8.776627,6.907785,10.245817,-36.521715,3.554158,3.937443,13.496334,0.851438,-0.083454,0.00544,1.31038,1.927417,-7.264475,0.827942,-1784000,526.712329,-683578459.607096,-9.556652,38.101805,3.242881,-3.041541,71.67925,0.126522,2.365367,-0.073756,-0.083454,0.275412
08-28-24,13.48,13.48,13.42,12.957112,100800,13.002008,12.682457,12.373426,0.028879,0.012007,0.000137,TRUE,TRUE,0.30903,0.01115,17.525811,22.286903,53.37692,-6.58256,0.112302,-0.023775,9.172916,6.187039,9.242992,-119.057018,2.286597,3.956652,11.247795,0.833297,-0.040574,0.001328,1.143027,1.302634,-7.264475,0.889673,-1884800,123.503326,-685234576.337871,-9.880419,37.087247,2.274077,-3.594768,71.592783,0.08798,1.677151,-0.036442,-0.040574,-0.399147
08-29-24,13.31,13.32,13.27,12.863226,56700,13.004555,12.683236,12.379548,0.028157,0.011978,0.000184,TRUE,TRUE,0.303688,0.011229,-8.420577,20.986637,48.793754,-8.669671,0.09227,-0.035046,7.296336,4.520075,7.184452,-99.213335,0.397584,3.838857,10.846076,0.825552,-0.026602,0.000577,1.215496,0.683598,-7.264475,0.506182,-1941500,-31.18932,-686213855.028647,-10.208663,30.596128,0.97292,-5.086193,70.750319,0.054309,1.044615,-0.024014,-0.026602,-1.303039
08-30-24,13.3,13.34,13.2,12.785795,115200,12.996472,12.684004,12.383918,0.027143,0.011924,0.00023,TRUE,TRUE,0.300086,0.011306,-23.194819,20.229441,45.336321,-11.616341,0.069347,-0.046375,5.217211,3.331088,6.539251,-86.292535,-1.248587,3.836727,11.84993,0.825439,-0.045121,0.001654,1.405502,0.269019,-7.264475,1.055864,-2056700,-33.564014,-687010715.780277,-10.335662,24.624138,-0.570543,-5.8969,69.96594,0.034666,0.667243,-0.040668,-0.045121,-1.777869
09-03-24,13.37,13.42,13.34,12.989052,42100,12.986965,12.68999,12.389963,0.025937,0.011868,0.000276,TRUE,TRUE,0.300027,0.011559,-6.150831,18.936381,54.458751,1.081831,0.066811,-0.039129,5.22616,5.216722,7.646067,-43.947453,-1.442634,3.837145,11.042147,0.844046,-0.085345,0.005826,1.435028,0.976751,-7.264475,0.404399,-2014600,-70.372977,-687422189.2538,-10.619403,24.117652,-0.324766,-3.28585,71.728237,0.075181,1.41811,-0.076329,-0.085345,0.018897
09-04-24,13.46,13.54,13.46,13.095518,109900,12.996782,12.69849,12.396164,0.024608,0.011816,0.000322,TRUE,TRUE,0.302326,0.011699,-0.579108,18.218497,58.377042,9.583288,0.072556,-0.026707,4.783979,4.785498,8.865721,-21.766998,1.522094,3.80301,11.093272,0.832027,-0.128346,0.013193,1.436507,1.642566,-7.264475,1.063686,-1904700,-12.5,-688533504.300411,-10.953031,27.408933,-1.338859,-3.551635,72.316165,0.114904,2.206894,-0.114859,-0.128346,0.890054
09-05-24,13.56,13.6,13.53,13.143914,64700,13.013363,12.707765,12.402419,0.023238,0.011766,0.000368,TRUE,TRUE,0.305346,0.011746,12.042891,17.909044,60.059293,14.722972,0.080091,-0.015337,4.448681,4.773473,11.609494,-11.684485,2.588358,3.841405,10.660445,0.827229,-0.128529,0.013418,1.39924,1.969411,-7.264475,0.636623,-1840000,-34.314721,-689311904.331746,-11.164601,31.304801,-0.796529,-3.11656,72.728934,0.130643,2.524023,-0.115834,-0.128529,1.224628
09-06-24,13.56,13.68,13.48,13.134234,163200,13.030426,12.716847,12.408437,0.021807,0.011728,0.000414,TRUE,TRUE,0.308409,0.011826,9.418474,18.07098,59.540954,5.082203,0.08431,-0.008895,5.093768,4.775852,11.086489,-13.701107,2.667558,3.861164,9.628392,0.826292,-0.113968,0.010552,1.371103,1.797624,-7.264475,1.527732,-2003200,175.210793,-690039390.844935,-10.611628,35.08528,0.97375,-1.279498,73.24166,0.120281,2.323089,-0.102723,-0.113968,1.078145
09-09-24,13.54,13.7,13.53,13.260059,75700,13.046539,12.732864,12.414991,0.020385,0.011707,0.00046,TRUE,TRUE,0.317873,0.012296,19.025872,18.33131,63.902101,5.525058,0.096692,0.002789,7.421631,5.699295,11.885329,12.011909,2.49084,3.856909,10.64005,0.823784,-0.086193,0.006317,1.833499,1.760316,-6.98198,0.7252,-1927500,-39.196787,-690355496.460391,-9.63292,36.557879,1.059528,-1.897401,73.016122,0.116808,2.258067,-0.079483,-0.086193,2.006757
09-10-24,13.65,13.73,13.63,13.269741,75300,13.06024,12.749402,12.421686,0.018951,0.011702,0.000505,TRUE,TRUE,0.327715,0.013062,8.615329,18.741989,64.221677,4.162385,0.106063,0.009728,8.173522,6.098692,11.790724,13.158733,2.108444,3.770281,11.666054,0.80196,-0.029704,0.000753,1.886849,1.323584,-6.268105,0.724282,-1852200,-10.035842,-690973349.703379,-9.669441,36.579575,2.335873,-0.999003,73.299214,0.0865,1.712881,-0.027446,-0.029704,1.795819
09-11-24,13.69,13.75,13.63,13.211665,76000,13.06814,12.765934,12.428421,0.017534,0.011713,0.000551,TRUE,TRUE,0.337513,0.013878,6.641523,19.238467,60.747513,1.20656,0.107563,0.008983,7.196445,6.445044,12.18479,2.120971,1.21041,3.775737,12.144353,0.798545,-0.032829,0.000941,1.872482,0.907508,-5.945927,0.722708,-1928200,45.873321,-691579241.159244,-9.294825,38.071609,-0.451998,-1.179825,72.337343,0.066283,1.318273,-0.030669,-0.032829,1.181827
09-12-24,13.64,13.68,13.61,13.221343,91100,13.07411,12.78786,12.435016,0.016089,0.011738,0.000597,TRUE,TRUE,0.352844,0.014636,22.849486,19.498791,61.12492,-2.777181,0.108285,0.007764,6.11703,6.933369,12.000309,3.880586,0.911352,3.799388,12.604053,0.797653,-0.034557,0.001067,1.797834,1.007746,-5.945927,0.845829,-1837100,126.616915,-692681949.43706,-9.395067,52.276997,-2.33168,-1.138157,71.639227,0.072211,1.437877,-0.032664,-0.034557,1.168139
09-13-24,13.68,13.69,13.64,13.211665,81000,13.083941,12.808437,12.440904,0.014598,0.011776,0.000643,TRUE,TRUE,0.367534,0.015513,14.704134,19.806027,60.498492,-3.723186,0.106845,0.005059,4.429046,8.104366,12.007012,2.120971,1.51075,3.728666,12.882815,0.792692,-0.032381,0.000949,1.761779,0.737725,-5.945927,0.743836,-1918100,41.608392,-694150776.628638,-9.704207,51.346937,-5.748108,-1.014854,71.346708,0.058219,1.166442,-0.030803,-0.032381,0.991427
09-16-24,13.68,13.75,13.67,13.308455,48400,13.097647,12.832299,12.446898,0.013181,0.011832,0.000689,TRUE,TRUE,0.3854,0.016397,29.598,20.479742,64.425188,3.677675,0.112219,0.008347,4.32276,8.896344,13.096416,19.71903,2.102922,3.739634,13.75591,0.792774,-0.03656,0.001201,1.916037,1.182135,-5.945927,0.44898,-1869700,-31.152205,-694636647.176762,-9.608308,55.673164,-6.769509,-0.89382,71.430192,0.081782,1.638588,-0.034661,-0.03656,1.53249
09-17-24,13.75,13.75,13.66,13.221343,104900,13.106996,12.850951,12.451985,0.011853,0.011902,0.000736,TRUE,TRUE,0.398965,0.01701,19.595433,20.988585,58.763407,-2.361512,0.108203,0.003464,3.874553,9.204945,12.894165,3.880586,1.434599,3.756655,13.937341,0.795481,-0.024527,0.00054,1.837682,1.110787,-5.945927,0.943345,-1974600,184.281843,-695764103.199735,-9.598367,54.971335,-7.109941,-0.409544,71.140492,0.075905,1.515169,-0.023231,-0.024527,0.820436
09-18-24,13.67,13.71,13.57,13.134234,186500,13.104749,12.866127,12.456825,0.010652,0.011985,0.000782,TRUE,TRUE,0.409302,0.017417,17.312912,20.465839,53.682936,-6.815556,0.096874,-0.006292,2.417225,7.806891,12.32965,-11.957338,-0.341029,3.799708,13.850794,0.800572,-0.014318,0.000183,1.732529,0.936026,-5.945927,1.597157,-2161100,148.335553,-697111603.526708,-9.363119,51.249393,-8.131577,-1.312328,70.92856,0.065558,1.300056,-0.013522,-0.014318,0.21288
09-19-24,13.51,13.57,13.49,13.134234,90100,13.104433,12.882074,12.46025,0.009608,0.012079,0.000829,TRUE,TRUE,0.421824,0.017816,29.1665,19.212066,53.682936,-10.742252,0.086894,-0.013018,3.034666,7.387091,13.509203,-11.957338,-0.048132,3.839342,13.842907,0.800612,-0.016862,0.00025,1.524675,0.910925,-5.945927,0.789935,-2161100,-37.560638,-698003065.725407,-9.41921,49.919857,-9.297628,-2.061973,70.124995,0.064668,1.282394,-0.015801,-0.016862,0.215286
09-20-24,13.57,13.6,13.51,13.143914,59600,13.111359,12.897636,12.464053,0.008818,0.012177,0.000876,TRUE,TRUE,0.433583,0.018204,41.572795,18.30313,54.193323,-4.570084,0.078857,-0.016844,3.578917,7.886344,13.776663,-47.825854,1.065165,3.830532,13.66668,0.800572,-0.017769,0.000276,1.154184,0.935326,-5.945927,0.66529,-2101500,-89.145875,-698547525.480419,-9.770075,56.678694,-8.404941,-1.397634,70.157286,0.06613,1.311466,-0.016614,-0.017769,0.238209
09-23-24,13.5,13.59,13.44,13.105198,175800,13.112488,12.911461,12.466482,0.008267,0.012282,0.000923,TRUE,TRUE,0.444979,0.018129,16.666439,17.176415,51.737607,-1.945328,0.068573,-0.021702,3.430431,6.403854,15.118003,-108.000394,0.172531,3.739316,13.651015,0.766317,-0.027636,0.000728,1.042749,1.477016,-5.945927,1.887785,-2277300,67.428571,-699508097.610347,-9.430233,48.335127,-8.838895,-3.647745,69.815638,0.092064,1.907829,-0.026983,-0.027636,-0.0534
09-24-24,13.45,13.54,13.45,13.08584,51800,13.115062,12.923743,12.468202,0.007927,0.012389,0.00097,TRUE,TRUE,0.455542,0.017959,-1.587118,16.130179,50.505316,-3.17762,0.05819,-0.025668,3.199412,6.991414,14.478039,-114.244799,0.395017,3.68145,13.544037,0.766399,-0.023488,0.000522,1.050868,1.471232,-5.945927,0.556899,-2329100,-4.074074,-699979085.04306,-9.224661,42.293334,-7.569489,-3.222289,69.693302,0.090807,1.881397,-0.022852,-0.023488,-0.215754
09-25-24,13.47,13.47,13.42,12.989052,104900,13.11328,12.935245,12.469626,0.007688,0.012492,0.001018,TRUE,TRUE,0.46562,0.017496,-23.52925,15.439832,44.764243,-9.42908,0.041671,-0.03375,2.436105,6.117416,15.712814,-130.590411,-0.273662,3.642716,13.691848,0.770567,-0.022348,0.000466,1.185988,1.368765,-5.945927,1.11971,-2434000,14.644809,-701892237.033371,-9.774125,36.43482,-8.387745,-4.114527,69.311552,0.086071,1.773566,-0.021595,-0.022348,-0.907314
09-26-24,13.46,13.47,13.39,12.969692,128200,13.113909,12.944049,12.471519,0.007498,0.012582,0.001066,TRUE,TRUE,0.47253,0.016527,-24.637615,15.077244,43.694354,-8.043253,0.026709,-0.038969,4.097233,4.854667,15.829684,-116.752365,0.097089,3.617787,13.619025,0.716184,-0.016064,0.00028,1.321731,2.193261,-5.873253,1.348693,-2562200,27.18254,-703367525.820534,-9.538136,25.330278,-7.308138,-4.902556,68.84699,0.117582,2.606624,-0.016729,-0.016064,-1.058935
09-27-24,13.44,13.53,13.44,13.127848,101300,13.12714,12.955053,12.474581,0.007369,0.012663,0.001114,TRUE,TRUE,0.480471,0.015869,-18.882527,14.091205,53.476843,2.971527,0.027299,-0.030703,5.505263,6.215297,18.132565,-72.820256,2.057196,3.571232,12.274472,0.728853,-0.040143,0.001614,1.367142,2.4248,-5.527421,1.04127,-2460900,78.659612,-704171513.259605,-9.229408,26.673976,-5.038936,-3.161424,69.763191,0.133098,2.901225,-0.040168,-0.040143,0.005766
09-30-24,13.53,13.54,13.5,13.118146,137100,13.143757,12.966633,12.477501,0.007166,0.012731,0.001162,TRUE,TRUE,0.489132,0.015028,-21.650257,13.099178,52.870028,8.105784,0.026677,-0.025061,5.919169,8.569985,17.846385,-75.515183,2.599375,3.542408,9.299149,0.723876,-0.043626,0.00193,1.417425,2.616706,-5.527421,1.393576,-2598000,19.010417,-706926225.318828,-10.121727,29.775221,-5.051071,-0.799765,69.654159,0.141681,3.110059,-0.043935,-0.043626,-0.275418
10-01-24,13.57,13.63,13.54,13.156958,123700,13.152153,12.98053,12.479104,0.00671,0.012792,0.001211,TRUE,TRUE,0.501426,0.014488,-8.034167,13.060066,55.066661,11.372307,0.028981,-0.018205,8.510777,9.150035,17.109783,-64.73415,1.292672,3.549111,8.55729,0.704001,-0.008007,0.000067,1.436618,2.264031,-5.527421,1.2073,-2474300,193.824228,-708102864.353712,-10.092073,37.176384,-2.215843,-1.027433,69.802696,0.117575,2.651287,-0.008192,-0.008007,0.05615
10-02-24,13.4,13.41,13.36,12.972605,91000,13.146007,12.992281,12.478605,0.006074,0.012835,0.001259,FALSE,TRUE,0.513676,0.013745,-29.071428,12.922402,44.465455,-9.011388,0.01575,-0.025149,6.482888,7.705986,16.538921,-99.33194,-0.938591,3.481005,9.386618,0.726299,0.001412,0.000002,1.57739,1.427163,-5.527421,0.896419,-2565300,-17.197452,-709603976.42909,-10.378009,37.222493,-2.69783,-2.342842,68.84354,0.080945,1.769189,0.001401,0.001412,-1.847335
10-03-24,13.27,13.32,13.23,12.836765,172600,13.13065,13.000545,12.476814,0.005256,0.012857,0.001308,FALSE,TRUE,0.523731,0.012681,-38.186025,13.687363,38.572831,-14.297197,-0.005632,-0.037225,5.954174,5.57352,18.513555,-75.621905,-2.336815,3.450366,11.659994,0.739137,0.01189,0.000134,1.829661,1.138988,-5.527421,1.614442,-2737900,166.769706,-711284845.695398,-10.276373,29.954787,-2.959093,-4.566537,68.310273,0.067016,1.439407,0.011593,0.01189,-2.52045
10-04-24,13.09,13.13,13.06,12.700927,150400,13.108984,13.007247,12.474863,0.004221,0.012851,0.001357,FALSE,TRUE,0.532385,0.011415,-59.513606,15.299515,33.755444,-21.311217,-0.033156,-0.051799,3.354117,5.366806,15.361775,-52.039689,-3.29907,3.349427,15.106229,0.752941,-0.020301,0.00036,1.660103,0.663976,-5.527421,1.415263,-2888300,-7.843137,-712978243.144989,-10.792722,25.28311,-7.219069,-4.569011,67.051891,0.050355,1.061837,-0.018982,-0.020301,-2.701253
10-07-24,13.01,13.03,12.97,12.633008,195400,13.077632,13.011821,12.472241,0.002874,0.012815,0.001405,FALSE,TRUE,0.53958,0.010101,-58.737827,17.188708,31.628481,-12.836974,-0.059761,-0.062723,2.081412,5.136599,14.549707,-45.539509,-4.728873,3.303841,18.029895,0.755275,-0.020771,0.000372,1.691685,0.338189,-5.527421,1.74068,-3083700,158.124174,-715368605.627107,-11.1412,24.101881,-8.115068,-4.588959,66.821127,0.034709,0.729665,-0.01929,-0.020771,-2.466036
10-08-24,12.98,13.05,12.96,12.64271,58000,13.04628,13.015048,12.469149,0.001249,0.012741,0.001453,FALSE,TRUE,0.545899,0.008889,-53.182536,18.738451,32.284847,-6.287984,-0.07915,-0.06569,2.478831,4.22316,14.540303,-47.356757,-4.725272,3.260817,19.871153,0.753157,-0.028175,0.000684,1.98768,0.202598,-5.527421,0.520693,-3025700,-22.974768,-715835556.883836,-11.159982,29.510045,-7.954862,-4.957749,66.909084,0.028909,0.609523,-0.026159,-0.028175,-2.030936
10-09-24,12.98,13.02,12.96,12.623304,152400,13.016862,13.015961,12.466716,-0.00065,0.012625,0.001501,FALSE,TRUE,0.549246,0.007537,-54.145321,20.177498,31.630757,-2.124688,-0.094987,-0.065221,2.082471,6.238161,11.521927,-50.25308,-4.453343,3.232742,21.5759,0.750808,-0.027455,0.000659,2.263593,0.312415,-5.527421,1.322802,-3178100,100.526316,-717698358.931043,-11.335439,28.518557,-7.433323,-4.475763,66.37008,0.034126,0.721762,-0.025673,-0.027455,-1.824062
10-10-24,12.98,13.03,12.95,12.64271,126200,12.98793,13.015466,12.465511,-0.002791,0.012475,0.001549,FALSE,TRUE,0.549955,0.006402,-52.572817,21.564295,33.090615,1.462134,-0.104765,-0.059999,1.842818,6.572791,10.142073,-45.189697,-4.376509,3.194407,22.547303,0.74166,-0.057488,0.002876,2.492861,0.039,-5.527421,1.078955,-3051900,38.529089,-718794060.049227,-11.162361,31.053624,-7.167382,-4.941707,66.309724,0.024205,0.518838,-0.053624,-0.057488,-1.531095
10-11-24,12.95,13.04,12.92,12.633008,88500,12.958998,13.011881,12.463123,-0.005061,0.012289,0.001596,FALSE,TRUE,0.548758,0.005326,-51.084098,23.007599,32.714516,0.429669,-0.112005,-0.053792,1.293162,5.471955,12.446119,-40.421417,-4.379896,3.16927,23.227639,0.740184,-0.051384,0.002304,2.708518,-0.125721,-5.527421,0.754219,-3140400,9.259259,-719305873.760692,-10.718893,32.762557,-7.845321,-7.843117,65.794487,0.016854,0.361872,-0.047995,-0.051384,-1.403455
10-15-24,13.11,13.22,13.1,12.817361,93000,12.934443,13.009279,12.462176,-0.007277,0.012077,0.001642,FALSE,TRUE,0.547102,0.004483,-24.646202,22.43445,45.411111,13.780354,-0.101695,-0.034785,3.249713,8.745491,12.213688,-14.456224,-3.690088,3.208499,21.896602,0.762166,-0.07383,0.004428,2.791248,0.490791,-5.527421,0.777787,-3047400,92.14876,-719836965.408882,-10.537893,37.381211,-5.361132,-5.205325,66.844723,0.049744,1.038367,-0.066545,-0.07383,-0.534704
10-16-24,13.27,13.32,13.27,12.885279,56900,12.91764,13.003401,12.461523,-0.009341,0.011849,0.001688,FALSE,TRUE,0.541878,0.003606,-9.785643,21.068093,49.213305,16.12269,-0.087041,-0.016105,2.839419,9.410389,13.460347,-4.890334,-2.541832,3.257265,20.843207,0.75984,-0.072272,0.004285,2.824765,0.890749,-5.527421,0.485619,-2990500,-45.757865,-720769505.486703,-10.670565,41.896989,-5.225835,-5.783693,66.838117,0.069354,1.452044,-0.06546,-0.072272,-0.155259
10-17-24,13.18,13.18,13.12,12.759143,273600,12.898885,13.0006,12.461279,-0.011422,0.011599,0.001733,FALSE,TRUE,0.539321,0.002369,-18.038236,20.772779,43.195867,10.481351,-0.084629,-0.010955,1.442856,7.727766,12.909089,-22.655943,-2.855831,3.185212,20.476018,0.766681,-0.074757,0.004473,2.91335,0.758335,-5.527421,2.251389,-3264100,46.702413,-724334098.400952,-11.200368,38.620425,-7.824485,-8.071739,65.777693,0.063505,1.317858,-0.066882,-0.074757,-0.682468
10-18-24,13.17,13.22,13.17,12.817361,342000,12.883041,13.000701,12.461043,-0.013426,0.011331,0.001778,FALSE,TRUE,0.539659,0.001271,-29.090816,20.173645,46.450401,1.039291,-0.077132,-0.002766,2.218775,9.187919,13.707371,-14.456224,-2.412577,3.115323,19.772979,0.76774,-0.065959,0.003449,2.993323,0.807347,-5.527421,2.549955,-2922100,279.578246,-729500184.231313,-11.742141,45.729393,-8.11885,-6.854337,65.779463,0.065542,1.357552,-0.058726,-0.065959,-0.332173
10-21-24,13.09,13.1,12.99,12.6039,96800,12.856041,12.99692,12.460402,-0.015373,0.011046,0.001822,FALSE,TRUE,0.536518,-0.000297,-40.458012,20.609966,37.880587,-11.332718,-0.087407,-0.010432,1.137857,6.847847,13.99494,-44.521141,-4.108474,3.094687,19.710121,0.796615,-0.043685,0.001389,3.196231,0.379438,-5.527421,0.711869,-3018900,62.416107,-730276516.135877,-11.666786,39.774719,-8.797485,-7.973286,64.977363,0.042107,0.839665,-0.037273,-0.043685,-1.279245
10-22-24,13.02,13.04,12.97,12.613603,81600,12.831461,12.990436,12.460283,-0.01727,0.010749,0.001865,FALSE,TRUE,0.530153,-0.001797,-43.750082,21.113197,38.436572,-4.759295,-0.093687,-0.01337,1.845361,7.277559,13.123215,-62.530119,-3.751147,3.049408,19.503608,0.795809,-0.042114,0.001296,2.089658,0.30184,-5.527421,0.62162,-2937300,-53.583618,-731189035.372934,-12.06709,34.252619,-7.087109,-6.942347,65.114241,0.037866,0.755819,-0.036003,-0.042114,-1.117015
10-23-24,12.92,13,12.92,12.565088,155700,12.805423,12.981823,12.459448,-0.019075,0.010437,0.001908,FALSE,TRUE,0.522375,-0.003257,-36.842196,21.827247,36.669308,-9.781094,-0.101409,-0.016874,1.139075,6.864948,11.099662,-88.728036,-3.979507,3.13699,19.404677,0.793758,-0.049229,0.00177,1.647058,-0.032609,-5.585669,1.140952,-3093000,200.579151,-732726230.888276,-11.998368,33.228876,-7.707329,-6.12301,65.159753,0.021171,0.42378,-0.042072,-0.049229,-1.238542
10-24-24,12.95,13.04,12.93,12.633008,150200,12.787621,12.97341,12.458905,-0.020697,0.010107,0.00195,FALSE,TRUE,0.514505,-0.004447,-19.626134,22.120233,40.774874,2.894287,-0.100886,-0.013081,2.160943,8.057055,11.423035,-71.748087,-2.741107,3.192224,19.264066,0.790576,-0.046386,0.001583,1.725243,-0.110065,-5.585669,1.082679,-2942800,43.183985,-733687492.396994,-11.459401,41.040191,-7.328008,-5.62088,65.56475,0.016947,0.340568,-0.03979,-0.046386,-0.802599
10-25-24,13.04,13.06,12.95,12.565088,107800,12.767391,12.962673,12.458638,-0.022109,0.009748,0.001991,FALSE,TRUE,0.504035,-0.0056,-14.000002,22.204885,38.113979,-0.322593,-0.104745,-0.013551,1.296108,8.00554,12.973202,-88.728036,-3.119611,3.285516,19.375565,0.788206,-0.040728,0.001238,1.808678,-0.530499,-5.585669,0.782804,-3050600,-15.912637,-734549714.823821,-11.321687,41.943824,-7.81294,-5.210868,65.458406,-0.005183,-0.10445,-0.035189,-0.040728,-1.044112
10-28-24,13.01,13.02,12.93,12.594195,72100,12.740708,12.954256,12.45828,-0.023171,0.009358,0.002031,FALSE,TRUE,0.495976,-0.006454,-4.166846,22.403703,39.923353,3.254045,-0.104252,-0.010447,0.904035,7.679447,10.897235,-81.451255,-4.06504,3.349293,17.757314,0.774252,-0.084881,0.00538,1.833588,-0.851589,-5.585669,0.529174,-2978500,-28.825271,-735159848.047659,-11.371866,44.721704,-7.840877,-5.704291,65.258141,-0.015561,-0.319908,-0.073349,-0.084881,-0.825085
10-29-24,12.88,13.02,12.88,12.623304,178400,12.715966,12.946035,12.458162,-0.023744,0.008936,0.002071,FALSE,TRUE,0.487873,-0.007018,-2.0408,22.887218,41.757315,0.982441,-0.100356,-0.005241,0.362858,6.877931,10.877956,-58.339998,-3.772191,3.346557,15.529146,0.76197,-0.017069,0.000199,1.845038,-1.151382,-5.585669,1.289809,-2800100,30.123997,-735992453.890943,-10.507258,39.095239,-8.362116,-6.285987,65.496792,-0.036937,-0.769601,-0.014104,-0.017069,-0.596696
10-30-24,13.09,13.15,13.04,12.684587,77200,12.692348,12.93904,12.458351,-0.023878,0.008489,0.002111,FALSE,TRUE,0.480689,-0.007072,6.172987,22.089713,45.527426,7.413447,-0.091271,0.003075,0.135213,8.36352,12.720462,-44.412222,-3.590276,3.41452,11.551893,0.726691,0.189294,0.021348,1.81168,-1.682134,-5.585669,0.567689,-2722900,-37.590946,-736568526.672127,-10.466087,44.690829,-8.069682,-5.952491,65.920971,-0.094359,-2.083626,0.14611,0.189294,-0.067185
10-31-24,13.1,13.17,13.05,12.781862,159900,12.682811,12.931093,12.460303,-0.023554,0.008032,0.00215,FALSE,TRUE,0.47079,-0.007413,12.997406,21.174459,50.954513,11.03116,-0.075354,0.015194,-0.23746,8.308242,14.061749,-22.304079,-1.470348,3.432524,9.76561,0.682037,-0.026246,0.000482,1.753585,-0.670624,-5.585669,1.146771,-2563000,75.714286,-737443014.941921,-9.982801,45.693635,-5.708997,-4.405575,67.350361,-0.008427,-0.196192,-0.021943,-0.026246,1.014291
11-01-24,13.17,13.19,13,12.67486,140100,12.674715,12.921779,12.462384,-0.022892,0.007567,0.002188,FALSE,TRUE,0.459396,-0.008071,3.58347,20.685285,45.575601,3.818286,-0.07056,0.015991,-2.105398,6.967426,11.238877,-46.622798,-1.261262,3.467615,9.068396,0.685041,-0.041808,0.001205,1.729668,-0.73083,-5.585669,1.016617,-2703100,-18.829664,-738062611.936837,-9.715466,44.49181,-9.61392,-5.542796,66.604912,-0.008182,-0.189719,-0.034713,-0.041808,0.001596
11-04-24,13.16,13.17,13.1,12.811045,86800,12.680221,12.917893,12.465713,-0.021807,0.007098,0.002227,FALSE,TRUE,0.45218,-0.00853,-0.564071,20.231052,52.454809,6.927384,-0.055136,0.025132,-2.793304,6.906794,10.877605,-15.671702,0.867007,3.379541,9.557042,0.699064,-0.043332,0.001106,1.730784,-0.252477,-5.585669,0.64473,-2616300,-42.287234,-738866025.168444,-9.614418,44.313162,-12.593347,-4.959739,67.302239,0.011359,0.258088,-0.033262,-0.043332,1.36887
11-05-24,13.13,13.19,13.07,12.811045,79300,12.689123,12.912461,12.469184,-0.020445,0.006622,0.002264,FALSE,TRUE,0.443277,-0.008744,-7.05759,20.037457,52.454809,1.500296,-0.042423,0.030275,-0.683266,5.974959,9.188188,-20.280997,1.409298,3.31058,9.916527,0.683219,-0.058197,0.002104,1.282795,-0.696722,-5.585669,0.615564,-2616300,-59.416581,-739287577.688928,-9.283513,40.93923,-12.401183,-4.935409,66.920144,-0.005062,-0.117733,-0.04587,-0.058197,1.22948
11-06-24,12.94,13.06,12.93,12.684587,366100,12.691217,12.905466,12.471645,-0.018965,0.006124,0.002302,FALSE,TRUE,0.433821,-0.009061,-7.086065,20.787476,46.169993,0.594392,-0.042068,0.024505,-0.996698,4.432361,8.808454,-57.474559,0.331233,3.317813,9.857403,0.691836,-0.109383,0.007621,1.306704,-1.236782,-5.585669,2.538307,-2982400,531.206897,-741035922.394207,-8.736173,39.189456,-14.122448,-7.575026,65.533198,-0.019531,-0.449877,-0.087298,-0.109383,-0.067262
11-07-24,13.11,13.27,13.11,12.90832,258100,12.705468,12.903138,12.475413,-0.017211,0.005612,0.002338,TRUE,TRUE,0.427725,-0.008896,7.469964,19.589714,56.174651,3.719842,-0.023462,0.034488,0.901635,7.034078,9.841107,7.261612,2.257856,3.329231,10.835617,0.727467,-0.072842,0.003013,1.920495,-0.696832,-5.585669,1.726248,-2724300,69.356955,-741944686.751403,-8.108326,36.64019,-11.252878,-6.045372,66.193524,-0.003974,-0.086843,-0.05489,-0.072842,1.872093
11-08-24,13.31,13.4,13.31,12.995866,110600,12.723125,12.903913,12.479998,-0.015194,0.005091,0.002374,TRUE,TRUE,0.423915,-0.008497,35.902368,18.789623,59.357693,6.902884,-0.001634,0.045053,0.448812,7.674455,9.70768,22.281888,2.793358,3.421697,12.507612,0.731318,-0.096518,0.005209,2.405048,-0.581595,-5.585669,0.743604,-2613700,-12.361331,-742827366.657307,-8.079237,41.925161,-11.069075,-4.597557,66.766489,0.003814,0.082999,-0.072176,-0.096518,2.180595
11-11-24,13.33,13.34,13.33,12.966684,38200,12.739809,12.905982,12.484342,-0.012997,0.004555,0.00241,TRUE,TRUE,0.42164,-0.008287,31.773847,18.046682,57.849438,11.679445,0.013159,0.047877,-0.223527,8.119159,11.951118,16.67006,2.641306,3.378737,13.433451,0.726866,-0.058232,0.001768,2.273733,-0.425474,-5.585669,0.26125,-2651900,-56.836158,-745641234.175903,-9.005389,42.817041,-11.680251,-4.720128,66.457537,0.004223,0.092312,-0.042043,-0.058232,1.688881
11-12-24,13.29,13.32,13.18,12.869409,87400,12.742412,12.907655,12.488531,-0.010821,0.004004,0.002446,FALSE,TRUE,0.419123,-0.008202,26.234623,17.224128,53.013648,-3.161002,0.016839,0.041245,-1.41151,6.966293,10.75139,-2.03683,0.406072,3.385915,13.640415,0.732913,-0.082252,0.003539,2.110136,-0.746343,-5.585669,0.598876,-2739300,-6.021505,-746116431.786257,-9.003517,44.284747,-12.622233,-7.017144,65.489953,-0.006658,-0.144469,-0.059489,-0.082252,0.931034
11-13-24,13.3,13.31,13.06,12.733225,136400,12.734809,12.902538,12.49109,-0.00873,0.003434,0.00248,FALSE,TRUE,0.411448,-0.00833,8.159261,17.168132,47.080142,-12.277551,0.008666,0.026458,-2.81419,6.172521,9.402271,-28.226036,-1.180059,3.402876,13.219466,0.745089,-0.099153,0.004995,2.046354,-1.109903,-5.585669,0.909849,-2875700,139.718805,-746609409.267336,-8.618185,36.723497,-13.815921,-8.325065,64.525041,-0.021572,-0.460744,-0.070676,-0.099153,-0.011983
11-14-24,13.22,13.23,13.13,12.791589,362800,12.736431,12.89646,12.493323,-0.006637,0.002851,0.002515,FALSE,TRUE,0.403137,-0.008101,18.58537,17.116135,49.679537,-8.169901,0.00682,0.01969,-1.716872,4.982141,7.386182,-17.002195,0.254295,3.426316,13.27071,0.732715,-0.063099,0.002058,1.891885,-1.36435,-5.585669,2.350121,-2512900,32.602339,-749427735.936991,-8.127494,49.240182,-11.463751,-9.623969,64.70201,-0.037196,-0.806699,-0.045362,-0.063099,0.415634
11-15-24,13.1,13.19,13.07,12.781862,137700,12.734656,12.889219,12.495033,-0.004575,0.002253,0.002549,FALSE,TRUE,0.394186,-0.007931,15.64774,17.413533,49.245409,-3.768239,0.00452,0.013912,-1.937112,4.573454,8.504398,-18.872683,-0.276957,3.397349,13.180202,0.732016,-0.057318,0.001757,1.758004,-1.287223,-5.585669,0.955189,-2650600,-59.736842,-750226711.983054,-7.188724,47.763616,-10.929978,-9.275326,65.044446,-0.035362,-0.767536,-0.041917,-0.057318,0.358158
11-18-24,13.07,13.11,13.02,12.733225,71000,12.741123,12.881198,12.49536,-0.002624,0.001642,0.002582,FALSE,TRUE,0.385839,-0.008051,9.01837,17.9675,47.032152,-0.04799,-0.001213,0.006543,-2.31026,4.915539,7.405251,-41.867175,1.026071,3.355538,12.817181,0.721944,-0.082391,0.003697,1.671911,-1.067647,-5.585669,0.496955,-2721600,-26.652893,-750750184.162007,-7.165139,50.145241,-11.224795,-8.307196,64.677697,-0.020402,-0.449438,-0.060806,-0.082391,-0.061618
11-19-24,13.1,13.11,12.98,12.626223,31700,12.741754,12.868522,12.496434,-0.00088,0.001025,0.002616,FALSE,TRUE,0.372088,-0.008199,-4.615313,18.700137,42.506052,-7.173485,-0.014227,-0.005177,-4.195683,3.624961,6.165641,-64.633646,0.10005,3.299162,12.754049,0.724585,-0.115663,0.006939,1.721441,-1.587459,-5.585669,0.225824,-2753300,-61.151961,-750954418.298382,-7.040208,47.529177,-13.600278,-9.687063,64.083647,-0.041063,-0.902773,-0.083302,-0.115663,-0.905838
11-20-24,12.88,12.95,12.86,12.51922,70700,12.73946,12.853511,12.497922,0.000556,0.000399,0.002648,FALSE,TRUE,0.355589,-0.00858,-20.610718,19.977908,38.514529,-10.73088,-0.032796,-0.018997,-4.728405,2.908597,4.933878,-63.107283,-0.365043,3.235138,13.124308,0.730689,-0.106352,0.005768,1.931454,-1.747447,-5.930322,0.519376,-2824000,-54.592164,-751560519.542395,-6.918012,41.62144,-13.790832,-10.843617,63.540564,-0.050788,-1.106583,-0.075944,-0.106352,-1.678106
11-21-24,12.85,12.88,12.73,12.383035,115500,12.726962,12.836939,12.498018,0.001631,-0.000235,0.00268,FALSE,FALSE,0.338921,-0.009172,-22.388149,21.706517,34.12262,-12.909532,-0.057835,-0.035229,-4.785331,2.272303,3.628942,-51.785791,-1.978731,3.243401,15.215174,0.742537,-0.173522,0.016145,2.209763,-2.080767,-6.953623,0.859439,-2939500,-23.10253,-752210343.351737,-6.891454,42.199157,-15.70589,-13.845105,61.955034,-0.053629,-1.155887,-0.127063,-0.173522,-2.26042
11-22-24,12.75,12.84,12.71,12.480311,78800,12.722723,12.822118,12.499122,0.002417,-0.000857,0.002711,FALSE,FALSE,0.322996,-0.009683,-26.153751,23.389181,39.435264,-3.070788,-0.069034,-0.037142,-4.60393,2.750561,4.60775,-33.28823,-0.674702,3.196272,15.79685,0.748584,-0.185327,0.017804,2.421302,-1.602922,-6.953623,0.592749,-2860700,-26.90167,-752567596.417064,-6.776697,41.89737,-14.775301,-13.146972,62.262904,-0.027876,-0.596479,-0.133431,-0.185327,-1.534555
11-25-24,13.06,13.08,13.01,12.723496,267400,12.729188,12.812355,12.502249,0.002942,-0.001455,0.002742,FALSE,TRUE,0.310106,-0.009928,-5.806519,22.867969,50.239046,11.724517,-0.057621,-0.020584,-2.384897,5.001148,7.238099,1.956001,1.026672,3.259099,15.505046,0.786908,-0.205245,0.019749,2.45601,-0.626088,-6.953623,1.873796,-2593300,270.873786,-755023894.929326,-6.959829,50.724717,-12.131684,-10.672609,63.542302,0.018177,0.370357,-0.14053,-0.205245,-0.036706
11-26-24,13.13,13.16,13.11,12.791589,81900,12.737602,12.802017,12.505384,0.003214,-0.002019,0.002772,FALSE,TRUE,0.296633,-0.010184,7.38256,21.826402,52.779063,18.656443,-0.042592,-0.004443,-1.789728,6.829821,7.471081,11.824463,1.333125,3.346477,15.356104,0.786229,-0.196844,0.018071,2.408044,-0.243974,-6.953623,0.593995,-2511400,-54.091928,-756148904.971478,-7.309418,62.878997,-12.072793,-9.556027,63.832454,0.03434,0.699692,-0.134427,-0.196844,0.351566
11-27-24,13.18,13.22,13.14,12.853028,63200,12.746024,12.794651,12.509017,0.0032,-0.002552,0.002801,TRUE,TRUE,0.285634,-0.009996,-4.295876,20.460794,55.010543,15.575279,-0.025429,0.010175,-0.803296,8.295934,6.805229,20.728746,1.327925,3.243229,15.511165,0.760939,-0.096952,0.004375,2.419204,-0.637814,-6.953623,0.460709,-2448200,-18.134715,-756665521.236409,-7.325045,58.462353,-11.931547,-10.498875,63.906055,0.0024,0.050181,-0.066141,-0.096952,0.689853
11-28-24,13.24,13.24,13.19,12.901786,24200,12.75202,12.790002,12.513368,0.003041,-0.003053,0.00283,TRUE,TRUE,0.276634,-0.00954,-7.536587,19.059536,56.756981,6.517935,-0.007804,0.022241,0.299769,7.617976,6.541892,30.442187,0.938233,3.173003,15.884304,0.754855,-0.084972,0.00341,2.242343,-0.797284,-6.953623,0.18559,-2424000,-84.865541,-756968711.06265,-7.487134,56.118548,-10.638087,-10.334941,63.965907,-0.006647,-0.140032,-0.058398,-0.084972,0.942853
11-29-24,13.35,13.51,13.32,13.174842,142600,12.777019,12.790814,12.518419,0.003007,-0.003506,0.002858,TRUE,TRUE,0.272395,-0.008544,13.949851,19.142176,64.960418,12.181355,0.027876,0.046337,3.042804,8.418764,7.955369,58.105216,3.944674,3.250414,18.349193,0.802405,-0.056097,0.001305,3.602376,-0.17405,-6.953623,1.092553,-2281400,1.78444,-757329199.968939,-7.380703,61.265223,-7.700751,-8.734355,65.100733,0.017738,0.351155,-0.036124,-0.056097,2.168066
12-02-24,13.33,13.58,13.33,13.213848,167100,12.797159,12.792213,12.523618,0.003193,-0.003909,0.002886,TRUE,TRUE,0.268594,-0.007502,24.020913,19.532889,65.95402,10.943477,0.058625,0.061668,1.73066,7.047267,8.610944,57.91358,3.144189,3.268843,20.790505,0.803194,-0.070886,0.00197,3.800572,-0.052095,-6.953623,1.242056,-2114300,92.511521,-757651571.708136,-6.981658,68.142765,-9.881612,-10.760519,65.377764,0.027472,0.543501,-0.044381,-0.070886,2.004226
12-03-24,13.47,13.48,13.39,13.067569,82500,12.809986,12.79146,12.528324,0.003528,-0.004269,0.002914,TRUE,TRUE,0.263137,-0.006491,23.153838,19.895693,59.176979,2.419998,0.070378,0.058737,-0.213427,4.560342,4.965668,41.099861,2.002367,3.210084,21.654024,0.806262,-0.138904,0.006933,3.686042,-0.72953,-6.953623,0.612495,-2196800,4.035309,-758325201.504366,-7.066938,70.23593,-11.854509,-13.916343,64.637338,0.003834,0.075758,-0.083265,-0.138904,1.189539
12-04-24,13.31,13.48,13.31,13.135832,127600,12.832548,12.79246,12.532848,0.004036,-0.004586,0.002941,TRUE,TRUE,0.259612,-0.00534,23.677056,19.62683,61.181563,-3.778855,0.08423,0.058072,-0.061491,4.384454,6.076942,48.94619,3.55743,3.147538,22.608492,0.809233,-0.145043,0.007388,3.589205,-0.579931,-6.953623,1.039342,-2069200,-65.146135,-758714260.638089,-7.199779,56.604491,-11.926392,-13.347996,64.974994,0.013187,0.259652,-0.085955,-0.145043,1.34146
12-05-24,13.41,13.48,13.41,13.135832,114400,12.843924,12.795396,12.537704,0.00472,-0.004855,0.002968,TRUE,TRUE,0.257692,-0.004281,24.510016,19.377172,61.181563,-4.772457,0.094123,0.054372,0.012162,5.10655,4.093458,48.94619,1.762517,3.118043,23.562069,0.807317,-0.12747,0.005523,3.484809,-0.437878,-6.953623,0.989748,-2069200,-55.676095,-759724802.283865,-7.691359,65.5126,-12.898995,-12.456567,64.874517,0.015671,0.309007,-0.074314,-0.12747,1.238891
12-06-24,13.61,13.63,13.56,13.272359,116600,12.857748,12.801449,12.542958,0.005671,-0.005075,0.002994,TRUE,TRUE,0.258491,-0.002977,35.189839,19.917612,65.15086,5.973882,0.111693,0.057553,0.092756,7.521271,4.162573,61.125958,2.127546,3.175322,25.251087,0.818489,-0.145908,0.006621,3.680471,-0.119613,-6.953623,1.00617,-1952600,5.424955,-760799663.657162,-7.754367,71.391456,-11.517535,-11.189782,65.481281,0.032666,0.635662,-0.081372,-0.145908,1.641952
12-09-24,13.56,13.57,13.44,13.135832,66300,12.866206,12.801609,12.546913,0.006804,-0.005253,0.00302,TRUE,TRUE,0.254696,-0.001917,32.633833,19.513059,58.688204,-2.493359,0.113294,0.047323,-1.009132,7.081908,3.397445,46.286061,1.304478,3.165295,25.909822,0.829352,-0.109239,0.003654,3.453777,-0.422851,-6.953623,0.565266,-2018900,73.560209,-761176214.486491,-6.622466,69.680779,-12.682137,-11.110175,64.974994,0.00989,0.189651,-0.060451,-0.109239,1.040633
12-10-24,13.39,13.49,13.39,13.11633,42100,12.878552,12.801572,12.550912,0.007965,-0.005389,0.003046,TRUE,TRUE,0.25066,-0.00072,40.506811,18.787066,57.806134,-3.375429,0.111702,0.036585,-0.721597,6.422918,4.172657,44.166312,1.91867,3.186551,26.507292,0.823831,-0.131556,0.005393,3.118862,-0.708642,-6.953623,0.366007,-2061000,-51.830664,-761448746.110512,-6.664775,70.895969,-10.985038,-12.273959,65.130707,-0.003701,-0.071502,-0.073438,-0.131556,0.897031
12-11-24,13.5,13.52,13.33,13.038314,143800,12.893806,12.7992,12.555188,0.009019,-0.00548,0.003071,TRUE,TRUE,0.244011,0.000213,46.279134,17.702389,54.290727,-10.860133,0.102958,0.022273,-1.384346,4.648003,4.177791,35.686283,2.396007,3.229115,26.504812,0.823087,-0.172395,0.00934,2.596621,-0.690074,-6.953623,1.246155,-2204800,5.42522,-762034065.449969,-6.683416,69.308287,-11.182355,-14.426521,64.343145,0.005141,0.099613,-0.096645,-0.172395,0.545213
12-12-24,13.27,13.31,13.24,12.931043,56400,12.900779,12.798368,12.558833,0.009959,-0.005527,0.003095,TRUE,TRUE,0.239536,0.000831,31.609804,16.759823,49.805717,-8.882486,0.086376,0.004553,-2.124051,2.21092,3.165108,-12.735092,1.0902,3.153558,26.404998,0.825512,-0.115166,0.004493,2.16126,-0.740573,-6.953623,0.563577,-2261200,-84.454245,-762588323.135832,-6.575362,65.162519,-10.454726,-17.144735,64.461213,-0.007139,-0.137586,-0.067028,-0.115166,0.114614
12-13-24,13.22,13.24,13.17,12.892035,50100,12.906287,12.799474,12.561758,0.010702,-0.005533,0.003119,TRUE,TRUE,0.237716,0.001397,13.79495,16.304205,48.244958,-9.561176,0.069289,-0.010027,-3.128981,1.058521,0.433793,-41.91615,0.86195,3.002019,26.25837,0.82629,-0.111616,0.003986,2.008989,-0.836465,-6.953623,0.523538,-2311300,-63.616558,-763036311.329292,-6.69293,55.557504,-10.321486,-18.024065,64.552233,-0.015598,-0.300274,-0.063132,-0.111616,-0.054276
12-16-24,13.16,13.2,13.09,12.862778,155500,12.912765,12.802711,12.564204,0.011382,-0.005495,0.003142,TRUE,TRUE,0.238507,0.001945,6.018119,16.331704,47.053898,-7.236829,0.052778,-0.02123,-2.712019,1.057456,-1.602918,-42.078233,1.017439,2.937468,25.967156,0.826576,-0.10033,0.003292,1.943972,-0.932407,-6.953623,1.556245,-2466800,119.014085,-763834233.149429,-6.547262,46.642759,-9.695818,-17.677972,64.693112,-0.022618,-0.435107,-0.057374,-0.10033,-0.192502
12-17-24,13.25,13.33,13.25,12.989554,74100,12.930932,12.809842,12.567426,0.012073,-0.00541,0.003165,TRUE,TRUE,0.242415,0.002651,10.937426,15.443155,52.523359,2.717642,0.049354,-0.019724,-1.101549,1.28905,-1.557107,-18.601066,2.877597,2.930141,25.113915,0.836169,-0.107843,0.003718,1.841285,-0.516649,-6.953623,0.726186,-2392700,133.753943,-764390809.073898,-6.583884,47.088351,-8.445883,-17.378827,65.34788,-0.000924,-0.017572,-0.060978,-0.107843,0.233427
12-18-24,13.28,13.29,13.19,12.882283,123900,12.949085,12.814633,12.569351,0.012703,-0.005286,0.003187,TRUE,TRUE,0.245283,0.003155,-1.492441,14.972935,48.004576,-0.240383,0.037552,-0.025221,-1.918279,1.058174,-1.595798,-38.466103,2.900044,2.906564,23.222225,0.842601,0.024683,0.000271,1.857547,-0.725632,-6.953623,1.183381,-2516600,75.247525,-765277227.329062,-6.550481,42.282942,-5.650296,-15.466381,66.305277,-0.024087,-0.453853,0.016466,0.024683,-0.287662
12-19-24,13.01,13.01,12.87,12.599477,80100,12.959907,12.814157,12.569623,0.012975,-0.005142,0.003208,FALSE,TRUE,0.244534,0.003042,-43.703775,16.026633,38.580694,-8.473205,0.005317,-0.045965,-4.142125,-0.711452,-4.239391,-35.59513,1.747892,2.706366,20.826185,0.883557,0.091368,0.003449,2.290817,-1.127887,-6.953623,0.778199,-2596700,-30.649351,-765666882.255799,-6.536743,34.024154,-7.204829,-16.125043,65.252784,-0.051602,-0.92872,0.058731,0.091368,-1.730658
12-20-24,12.97,13.06,12.97,12.696998,53800,12.970741,12.815242,12.57043,0.012985,-0.004977,0.003229,FALSE,TRUE,0.244813,0.003078,-37.588421,16.66136,42.754044,-9.769315,-0.012219,-0.050801,-3.114797,0.208783,-4.253687,-22.763446,1.736225,2.716726,18.649803,0.889763,0.120592,0.005987,2.564426,-0.845546,-6.953623,0.529111,-2542900,-31.725888,-766047071.506848,-6.628381,28.049098,-6.701423,-16.087224,65.298992,-0.038079,-0.681413,0.077378,0.120592,-1.46781
12-23-24,12.98,13.02,12.96,12.667741,77000,12.967953,12.815937,12.571043,0.012684,-0.0048,0.003249,FALSE,TRUE,0.244894,0.003349,-31.782745,17.29326,41.835625,-6.16895,-0.028153,-0.053388,-3.195052,-0.097863,-3.37396,-26.613027,-0.43821,2.755057,19.075647,0.874775,0.124117,0.006668,2.808653,-1.298538,-6.953623,0.835503,-2619900,-71.204188,-766874198.249279,-6.429201,28.225539,-7.420168,-15.546878,64.73158,-0.063994,-1.16519,0.081657,0.124117,-1.5738
12-24-24,12.85,12.96,12.85,12.638484,33800,12.960298,12.812359,12.571701,0.012047,-0.004619,0.003269,FALSE,TRUE,0.240659,0.003582,-40.799758,18.336728,40.889689,2.308996,-0.04265,-0.054308,-2.698948,-0.328593,-1.902138,-27.117494,-1.196918,2.693517,20.100356,0.875065,0.121503,0.006406,3.072813,-1.345592,-6.953623,0.376581,-2653700,-58.730159,-767037985.085064,-6.066002,30.508835,-7.459723,-16.428517,64.37607,-0.066918,-1.217855,0.080039,0.121503,-1.601037
12-27-24,12.92,12.96,12.88,12.56047,35600,12.94567,12.805863,12.572444,0.011,-0.004449,0.003289,FALSE,FALSE,0.233419,0.003779,-44.360614,19.305662,38.396585,-4.357459,-0.059745,-0.057122,-3.155222,0.812734,-4.197059,-37.11934,-2.276185,2.697366,21.905571,0.87674,0.126676,0.006951,3.379578,-1.618581,-6.953623,0.402829,-2689300,-43.670886,-767357967.489756,-6.049475,22.273169,-7.230656,-15.132889,64.063835,-0.082049,-1.490789,0.083374,0.126676,-1.75846
12-30-24,12.92,12.99,12.92,12.680726,42100,12.934617,12.804295,12.574027,0.009589,-0.00427,0.003308,FALSE,TRUE,0.230267,0.003893,-46.194583,19.956364,44.058686,2.223061,-0.062865,-0.048194,-3.405902,1.911857,-2.505496,-23.510346,-1.713405,2.635376,22.68258,0.869046,0.078021,0.002766,2.696426,-0.914852,-6.953623,0.471603,-2647200,73.966942,-767687881.214552,-6.003792,16.352386,-6.847057,-12.436339,65.145372,-0.038564,-0.705414,0.052592,0.078021,-1.119323
12-31-24,13,13.1,13,12.729611,112000,12.912356,12.80254,12.576569,0.00798,-0.004076,0.003326,FALSE,TRUE,0.22597,0.003874,-34.047504,19.693724,46.222542,5.332852,-0.060693,-0.036818,-2.96181,2.782045,-2.200824,-17.968503,-3.379399,2.693506,22.383699,0.860382,0.068776,0.002197,2.692974,-0.483516,-6.953623,1.276499,-2535200,-21.458626,-768405549.375303,-6.31203,25.982463,-6.788754,-12.434964,65.099802,-0.015008,-0.277218,0.046876,0.068776,-0.816417
01-02-25,13.02,13.05,12.96,12.739388,89900,12.888633,12.80525,12.57916,0.006146,-0.003866,0.003344,FALSE,TRUE,0.226089,0.003647,-31.853227,19.663263,46.66683,8.270245,-0.05752,-0.026916,-3.173759,5.066907,-0.534275,-16.509382,-3.590632,2.6725,21.5177,0.849359,0.110319,0.005733,2.280332,-0.13624,-6.953623,1.071769,-2445300,-46.19988,-768936183.429895,-6.72664,24.921982,-7.551965,-10.507552,64.752336,0.001424,0.026694,0.07572,0.110319,-0.693593
01-03-25,13.07,13.1,12.99,12.710058,106500,12.870757,12.807179,12.582176,0.004123,-0.003649,0.003362,FALSE,TRUE,0.225003,0.003254,-28.929194,19.244461,45.453572,1.394886,-0.056719,-0.020891,-2.023854,4.327831,-1.201392,-29.154646,-2.735861,2.654469,21.437814,0.846964,0.093779,0.004238,2.050128,-0.041496,-6.953623,1.251763,-2551800,29.090909,-769584749.077003,-6.617035,35.587587,-7.178481,-10.480747,64.14387,0.006155,0.115602,0.065102,0.093779,-0.749605
01-06-25,12.97,13.01,12.9,12.719833,98300,12.849957,12.810274,12.58486,0.002067,-0.003429,0.003379,FALSE,TRUE,0.225414,0.00289,-20.363599,19.358043,45.957867,-0.264675,-0.054664,-0.015069,-0.910914,4.989023,-0.096228,-27.118152,-3.166898,2.668296,20.737234,0.846964,0.092994,0.004181,2.120496,-0.041461,-6.953623,1.175626,-2453500,-22.962382,-770005053.505495,-6.751655,34.319053,-6.13296,-9.611746,64.328749,0.006461,0.121353,0.064661,0.092994,-0.627489
01-07-25,12.92,12.92,12.83,12.57318,76700,12.821825,12.809077,12.586572,-0.000238,-0.003215,0.003395,FALSE,FALSE,0.222505,0.002248,-27.851602,19.825304,39.985187,-6.681643,-0.06413,-0.019628,-1.005805,2.314576,-0.508365,-51.363945,-4.283335,2.637615,20.469681,0.860035,0.119183,0.00659,2.278194,-0.348297,-6.953623,0.938456,-2530200,-32.954545,-770519487.716914,-6.60387,33.579535,-5.091083,-12.775832,63.772208,-0.010342,-0.19152,0.08118,0.119183,-1.214696
01-08-25,12.76,12.81,12.74,12.514517,58500,12.783933,12.808066,12.588229,-0.002832,-0.003014,0.00341,FALSE,FALSE,0.219837,0.001545,-29.658356,20.689927,37.865308,-7.588264,-0.075496,-0.024795,-0.937949,1.123941,-1.70882,-38.217438,-5.709927,2.609372,18.621659,0.861845,0.102598,0.004941,2.465244,-0.53799,-6.953623,0.74215,-2588700,-49.828473,-770954862.854855,-6.441611,36.72907,-5.912746,-14.55459,63.057402,-0.020371,-0.376143,0.070291,0.102598,-1.446787
01-09-25,12.78,12.8,12.7,12.426524,23000,12.748467,12.804712,12.588779,-0.005688,-0.002827,0.003425,FALSE,FALSE,0.215933,0.000689,-49.58618,21.675078,34.878332,-11.079535,-0.090559,-0.031887,-1.709962,0.726482,-2.472433,-46.351793,-5.399793,2.523385,18.318923,0.866408,0.106911,0.005202,1.970646,-0.726437,-6.953623,0.300026,-2611700,-65.309201,-771103661.17258,-6.474985,31.166447,-6.797531,-15.325601,62.581108,-0.029942,-0.550045,0.072126,0.106911,-1.757434
01-10-25,12.61,12.62,12.55,12.279872,95400,12.706644,12.797844,12.589025,-0.00877,-0.002662,0.003438,FALSE,FALSE,0.208819,-0.000084,-51.276069,23.205243,30.55255,-9.432637,-0.113028,-0.043485,-2.720622,-0.694807,-2.683516,-49.11421,-6.377227,2.491299,19.013608,0.856785,0.183705,0.017356,1.423967,-1.549658,-7.728791,1.202647,-2707100,126.603325,-771935356.812907,-6.609903,32.241656,-5.640216,-13.408018,62.732857,-0.074431,-1.391183,0.131742,0.183705,-2.244563
01-13-25,12.53,12.53,12.46,12.201655,82400,12.664811,12.788185,12.588832,-0.01195,-0.002522,0.003451,FALSE,FALSE,0.199353,-0.00084,-41.001985,24.944412,28.520822,-9.344487,-0.135583,-0.052832,-3.488606,-1.710076,-3.664718,-40.36633,-6.416922,2.571737,20.47967,0.856231,0.18598,0.018044,1.792811,-1.911212,-8.316511,1.080585,-2789500,-42.698192,-772625976.584024,-6.94506,32.256685,-5.417779,-12.823271,62.785204,-0.090056,-1.684915,0.13433,0.18598,-2.26154
01-14-25,12.41,12.41,12.35,12.103886,47200,12.623454,12.774625,12.587505,-0.015266,-0.002419,0.003464,FALSE,FALSE,0.18712,-0.001932,-61.114185,26.90942,26.177476,-8.700856,-0.159509,-0.061406,-4.188411,-2.949412,-4.29357,-32.815297,-6.396677,2.443693,23.01534,0.853398,0.211178,0.023043,2.232433,-1.862487,-9.051155,0.622732,-2836700,-16.312057,-773060400.540536,-6.908158,26.988417,-5.484774,-13.502726,62.231991,-0.085591,-1.610799,0.1518,0.211178,-2.257485
01-15-25,12.52,12.59,12.49,12.309202,56500,12.594312,12.767312,12.587253,-0.018495,-0.002341,0.003475,FALSE,FALSE,0.180059,-0.002552,-31.270872,27.194374,37.745278,7.192728,-0.160058,-0.049564,-3.964612,-0.843738,-2.670116,-5.439758,-4.520879,2.497583,23.125221,0.88127,0.263623,0.034538,2.40326,-1.431309,-9.051155,0.742298,-2780200,12.774451,-773321201.023093,-6.756152,33.400133,-6.295822,-11.98653,62.73217,-0.067155,-1.231121,0.185845,0.263623,-1.232895
01-16-25,12.63,12.79,12.62,12.465631,79700,12.574455,12.760404,12.589168,-0.021436,-0.002275,0.003486,FALSE,FALSE,0.171236,-0.003249,-13.570574,26.106006,44.837535,16.316713,-0.146185,-0.028553,-3.256796,-0.509851,0.599859,15.41748,-3.087562,2.574275,22.39211,0.872292,0.247264,0.030812,2.461846,-0.55545,-9.051155,1.10197,-2700500,-48.745981,-773545644.034908,-6.71373,39.782519,-5.336323,-10.822351,63.344079,-0.021062,-0.389352,0.175534,0.247264,-0.485988
01-17-25,12.83,12.86,12.78,12.543849,71400,12.552169,12.75506,12.591617,-0.0239,-0.002218,0.003496,FALSE,FALSE,0.163443,-0.003795,-1.304671,24.681767,48.025911,21.848436,-0.12741,-0.007823,-1.687369,-0.26886,2.325495,25.846481,-3.43126,2.599707,20.149033,0.876158,0.264441,0.036269,2.467403,-0.386768,-9.051155,0.989057,-2629100,-3.643725,-774038573.510625,-6.682203,45.293306,-4.135924,-12.211671,63.122199,-0.017246,-0.318286,0.190445,0.264441,-0.041294
01-20-25,12.84,12.89,12.84,12.602509,39900,12.538181,12.753419,12.594407,-0.025707,-0.002168,0.003506,FALSE,TRUE,0.159011,-0.004322,-6.451714,23.182452,50.34397,12.598692,-0.10657,0.010414,-1.676253,0.50533,3.765525,33.667882,-2.171771,2.540349,18.652133,0.876816,0.262696,0.03542,2.481006,-0.129311,-9.051155,0.586851,-2589200,-67.79661,-774457507.148497,-6.751199,45.161669,-3.93004,-12.31907,63.251283,-0.006102,-0.112483,0.188201,0.262696,0.344888
01-21-25,12.95,12.98,12.92,12.641618,53700,12.540288,12.748085,12.59682,-0.026696,-0.002122,0.003515,FALSE,TRUE,0.151265,-0.004672,-7.317189,21.781705,51.884706,7.047172,-0.085907,0.024862,0.299255,1.440517,4.331485,38.882319,0.334466,2.508881,18.748574,0.874951,0.269836,0.037924,2.489386,-0.199204,-9.051155,0.80546,-2535500,-32.958801,-775009515.903305,-7.006625,41.809447,-3.010203,-12.133089,63.08407,-0.013295,-0.245932,0.194741,0.269836,0.540468
01-22-25,12.9,12.9,12.8,12.524295,65300,12.531652,12.738653,12.599171,-0.027006,-0.002081,0.003524,FALSE,FALSE,0.139482,-0.00533,-16.417943,20.64683,47.157486,-0.868425,-0.078099,0.026136,-0.708028,1.124268,2.721205,23.239263,-1.360186,2.497019,18.382967,0.880488,0.263575,0.035431,2.408145,-0.31527,-9.051155,0.971076,-2600800,21.375465,-775434889.134467,-6.980309,42.946916,-4.182419,-11.592943,62.482333,-0.021147,-0.388202,0.188231,0.263575,-0.040024
01-23-25,12.71,12.77,12.71,12.465631,44600,12.521547,12.728632,12.60142,-0.026844,-0.002042,0.003531,FALSE,FALSE,0.127212,-0.006033,-18.248409,20.055088,44.952097,-5.391873,-0.075771,0.022771,-0.791533,0.338526,2.55859,17.519868,-1.595465,2.442928,18.149524,0.881982,0.247829,0.031297,2.46658,-0.524735,-9.051155,0.679619,-2645400,-42.077922,-775842781.176111,-6.833206,33.837221,-5.360474,-13.481006,61.819495,-0.031893,-0.58324,0.176909,0.247829,-0.308083
01-24-25,12.72,12.84,12.72,12.553625,61100,12.517304,12.722316,12.603536,-0.026192,-0.001997,0.003538,FALSE,FALSE,0.11878,-0.006534,-11.72413,19.06866,48.818578,-3.066129,-0.066064,0.025982,-0.628377,1.518987,3.930059,32.321428,-0.671433,2.468152,17.959965,0.886331,0.252802,0.032193,1.989677,-0.380442,-9.051155,0.912076,-2584300,80.769231,-776073306.709176,-6.743784,42.561218,-5.44408,-13.242627,62.159347,-0.025574,-0.465587,0.179425,0.252802,0.202233
01-27-25,12.98,13.02,12.95,12.729611,29600,12.525761,12.722244,12.607774,-0.024984,-0.001947,0.003545,TRUE,TRUE,0.11447,-0.00664,10.810779,18.254788,55.543975,8.386489,-0.043667,0.038703,1.309367,2.622446,5.222114,56.658354,1.34662,2.583406,18.562062,0.902677,0.242059,0.028468,2.535395,-0.104953,-9.051155,0.443845,-2554700,-16.853933,-776289290.611302,-6.696149,48.800675,-3.711666,-11.965004,63.144967,-0.009362,-0.16703,0.168725,0.242059,1.098209
01-28-25,12.94,13,12.92,12.70028,53800,12.526739,12.720418,12.611961,-0.023305,-0.001899,0.003551,FALSE,TRUE,0.108457,-0.006631,13.103513,17.322351,54.264139,9.312042,-0.027962,0.043527,0.842331,1.753981,5.557842,52.280562,0.154204,2.608251,18.65291,0.897671,0.31113,0.043631,2.495613,-0.399477,-9.051155,0.799703,-2608500,27.790974,-776638614.140854,-6.652347,49.0395,-4.210325,-12.485437,62.64271,-0.041547,-0.751299,0.20888,0.31113,0.930371
01-29-25,13.04,13.05,12.97,12.729611,42800,12.526739,12.719373,12.615721,-0.021365,-0.001855,0.003556,TRUE,TRUE,0.103652,-0.006751,22.302237,16.72469,55.371563,6.552985,-0.012999,0.046792,0.842149,1.208063,4.157477,54.23016,0,2.638286,18.65291,0.891493,0.318893,0.046448,2.413122,-0.08526,-9.051155,0.670689,-2565700,-61.785714,-776938630.477311,-6.685796,53.115168,-4.595233,-13.428704,62.642273,-0.024397,-0.444877,0.215517,0.318893,1.087619
01-30-25,13.03,13.15,13.03,12.87958,87900,12.533748,12.7223,12.621186,-0.019119,-0.001806,0.003561,TRUE,TRUE,0.101114,-0.006398,44.021208,16.680846,60.621667,5.077692,0.010836,0.056501,1.537244,1.674535,4.330693,66.197458,1.100461,2.733409,19.726597,0.893686,0.363678,0.063716,3.136752,-0.054363,-9.051155,1.379581,-2477800,-2.224694,-777246896.264212,-6.521787,64.395245,-5.39921,-14.035942,62.592629,-0.035114,-0.644608,0.25242,0.363678,1.753121
01-31-25,13.17,13.25,13.11,12.93839,140800,12.545165,12.728543,12.626993,-0.016458,-0.001759,0.003566,TRUE,TRUE,0.101551,-0.005952,54.861086,17.10774,62.485447,8.221308,0.034077,0.063794,1.224607,0.984238,4.007038,65.376627,1.796464,2.787394,21.39117,0.895517,0.327766,0.053865,3.175104,0.080652,-9.051155,2.151918,-2337000,32.206573,-777732876.43056,-6.226599,76.145218,-6.126703,-12.240837,63.506573,-0.014249,-0.259681,0.232088,0.327766,1.838257
02-03-25,13.53,13.57,13.33,13.193237,332500,12.568835,12.742024,12.633739,-0.013298,-0.001703,0.003569,TRUE,TRUE,0.108284,-0.005309,72.62409,18.674961,69.272442,13.90088,0.072228,0.081556,4.089807,1.898303,4.14763,65.114591,3.721778,2.962709,25.625739,0.920151,0.25802,0.032532,4.348565,0.928676,-9.051155,4.310345,-2004500,238.250254,-778444323.215482,-5.4701,86.122353,-1.653257,-11.784503,65.563567,0.052463,0.920179,0.180365,0.25802,2.436621
02-04-25,13.25,13.4,13.22,13.134425,31200,12.596898,12.757052,12.640717,-0.009759,-0.001642,0.003573,TRUE,TRUE,0.116334,-0.004412,60.970358,19.407697,66.291807,5.670139,0.096604,0.084745,2.524232,-0.339581,5.82525,54.15004,4.463827,2.824055,28.578722,0.895074,0.217435,0.023976,3.964485,0.301558,-9.051155,0.41675,-2035700,-59.322034,-778505189.358333,-5.333401,83.047958,-3.052981,-16.263407,65.356058,0.021531,0.386518,0.154841,0.217435,1.880867
02-05-25,13.43,13.53,13.43,13.222641,42900,12.632304,12.771898,12.64785,-0.005974,-0.001575,0.003576,TRUE,TRUE,0.124048,-0.003235,58.898926,20.518265,68.482419,5.996972,0.121638,0.087823,3.212824,2.507606,8.191592,59.609437,5.658422,2.759177,31.718405,0.894994,0.241498,0.030809,3.865483,0.299643,-9.051155,0.579065,-1992800,-26.666667,-778726004.667754,-5.244747,82.537319,-2.909914,-16.050507,65.085176,0.015028,0.270758,0.175525,0.241498,1.861182
02-06-25,13.43,13.47,13.36,13.183435,61200,12.670149,12.781097,12.654978,-0.00198,-0.001505,0.003578,TRUE,TRUE,0.126119,-0.002183,51.320597,21.09799,66.416599,-2.855843,0.136737,0.082338,3.932717,2.896821,6.628033,55.05065,6.091094,2.687732,33.594047,0.895393,0.245499,0.031812,3.614672,0.278247,-9.051155,0.805316,-2054000,166.086957,-778983671.396843,-5.184558,76.690065,-0.918795,-15.717238,64.958942,0.014934,0.26909,0.178359,0.245499,1.527908
02-07-25,13.29,13.29,13.2,12.948192,44500,12.703565,12.784229,12.660929,0.001949,-0.00145,0.003581,TRUE,TRUE,0.1233,-0.001695,24.295221,20.686459,55.582211,-10.709595,0.128243,0.059076,0.30888,1.2133,5.61771,27.696709,5.4424,2.604395,32.82267,0.920305,0.300856,0.044798,3.435473,-0.026601,-9.051155,0.605854,-2098500,-53.354298,-779277181.272653,-4.997838,72.724858,-3.362075,-15.058354,64.046851,-0.000527,-0.009308,0.211656,0.300856,0.745297
02-10-25,13.28,13.29,13.2,12.93839,11400,12.740402,12.785936,12.667166,0.005748,-0.001407,0.003583,TRUE,TRUE,0.11877,-0.001458,21.296363,20.304324,55.178314,-13.304105,0.119345,0.040142,-0.442264,0.004563,6.946008,26.556957,6.037987,2.58667,30.97548,0.909576,0.307534,0.048893,3.279236,0.258871,-9.051155,0.16309,-2109900,-86.165049,-779354855.701509,-4.813218,70.567244,-5.190923,-16.808929,63.45781,0.013311,0.238216,0.221119,0.307534,0.639176
02-11-25,13.18,13.18,13.12,12.869777,38200,12.778697,12.785296,12.673346,0.009327,-0.001377,0.003584,TRUE,TRUE,0.11195,-0.001245,25.689749,19.483556,52.312651,-14.103948,0.10554,0.02107,-0.747358,-0.969215,5.797568,18.578692,6.327646,2.591152,27.195859,0.910652,0.30448,0.047787,3.044614,-0.028675,-9.051155,0.550036,-2148100,-19.067797,-779711670.96337,-4.788532,72.317257,-5.352943,-17.559172,63.05673,-0.002582,-0.046116,0.218603,0.30448,0.334905
02-12-25,13,13.02,12.97,12.712948,36400,12.798884,12.776058,12.678431,0.012501,-0.001365,0.003585,FALSE,TRUE,0.097627,-0.001311,17.139167,18.258963,46.383118,-9.199093,0.081011,-0.002768,-1.215757,-2.610106,4.835705,-0.829697,3.280031,2.56947,24.931648,0.924413,0.32779,0.053285,2.826626,-0.355255,-9.051155,0.531814,-2184500,-35.575221,-780122337.861461,-4.968323,72.829573,-4.652621,-17.64299,62.544196,-0.023965,-0.422967,0.230836,0.32779,-0.344686
02-13-25,13.04,13.18,13.04,12.87958,28500,12.819581,12.769373,12.683774,0.015349,-0.001365,0.003585,TRUE,TRUE,0.085599,-0.001182,21.421435,17.557661,52.538707,-2.639607,0.074163,-0.007693,1.149392,-1.697144,7.048064,-6.218547,3.320715,2.587628,23.707677,0.938442,0.355301,0.061527,2.577222,0.126869,-9.051155,0.432572,-2156000,-64.240903,-780216151.728533,-5.062235,71.979518,-2.514544,-16.765907,62.959877,-0.000094,-0.001645,0.248046,0.355301,0.253076
02-14-25,13.13,13.19,13.12,12.88938,29600,12.836858,12.765809,12.689693,0.017724,-0.001372,0.003585,TRUE,TRUE,0.076116,-0.001226,11.787167,16.95249,52.881327,0.568675,0.068734,-0.010498,0.764492,-0.965505,5.958715,-4.71086,2.754581,2.499235,22.835527,0.931579,0.34342,0.060196,2.470372,0.388075,-9.051155,0.463986,-2126400,-58.543417,-780440791.532348,-5.017805,71.990193,-1.838386,-13.568962,63.542712,0.021234,0.373248,0.24535,0.34342,0.23
02-18-25,12.99,13.04,12.97,12.712948,39800,12.84238,12.757351,12.694251,0.019529,-0.001395,0.003584,FALSE,TRUE,0.063101,-0.001756,0.843082,15.888276,46.38868,0.005561,0.049622,-0.023687,-0.539158,-2.465826,4.426805,-42.842111,0.87632,2.466627,22.367754,0.942353,0.304297,0.046846,2.459538,0.237263,-9.051155,0.623922,-2166200,-0.250627,-780772898.131803,-4.950142,72.998951,-4.454022,-15.725615,62.256497,0.011136,0.19215,0.216438,0.304297,-0.578654
02-19-25,12.95,12.99,12.93,12.732552,25300,12.846926,12.749286,12.698667,0.020975,-0.001426,0.003583,FALSE,TRUE,0.050619,-0.002495,0.196955,15.099389,47.164907,-5.3738,0.035647,-0.03013,-0.005288,-2.315426,4.997364,-30.851394,0.719321,2.422063,22.028027,0.930956,0.390334,0.073368,2.457136,0.593145,-9.051155,0.405644,-2140900,-52.886406,-780964714.709989,-4.774089,69.910534,-3.516866,-15.05458,62.480234,0.037236,0.659596,0.270865,0.390334,-0.519224
02-20-25,12.98,12.99,12.92,12.663939,33700,12.853909,12.737117,12.70207,0.021923,-0.001466,0.00358,FALSE,FALSE,0.035047,-0.003201,-15.277881,14.418588,44.724136,-8.157191,0.018819,-0.037566,0.298711,-3.909505,3.539658,-39.394108,1.114982,2.343283,21.155602,0.928935,0.390809,0.074243,2.613801,0.217214,-9.051155,0.554367,-2174600,-48.392037,-781244966.481106,-4.77881,64.437464,-2.707505,-16.603038,62.399217,0.019685,0.349624,0.272475,0.390809,-0.897966
02-21-25,12.98,13.18,12.98,12.87958,70700,12.874606,12.731992,12.706024,0.022522,-0.001512,0.003577,TRUE,TRUE,0.025968,-0.003152,-3.74996,14.00712,52.962832,6.574153,0.022622,-0.027011,2.878448,-1.986062,5.878154,-6.218547,3.320715,2.384821,19.080099,0.920832,0.292195,0.04509,2.642475,0.148515,-9.051155,1.138578,-2103900,58.520179,-781386663.148981,-4.464033,61.422267,1.196559,-12.882797,64.288288,0.023589,0.41614,0.212345,0.292195,0.026067
02-24-25,13.09,13.18,13.08,12.918787,153700,12.892864,12.728041,12.709887,0.022784,-0.001561,0.003574,TRUE,TRUE,0.018155,-0.002931,-20.289829,13.625042,54.29664,7.131733,0.028471,-0.016929,4.326502,-0.665866,5.705368,-0.198865,2.908816,2.194467,17.531197,0.919143,0.290763,0.044804,2.712257,0.082365,-9.051155,2.303484,-1950200,151.554828,-782035929.778136,-4.468058,50.320126,4.091517,-11.847072,64.483992,0.020126,0.355653,0.211669,0.290763,0.147868
02-25-25,13.31,13.38,13.3,13.114822,205500,12.912125,12.729572,12.715161,0.022891,-0.001605,0.00357,TRUE,TRUE,0.014411,-0.002293,-1.315735,14.191975,60.350593,15.626457,0.048368,0.002374,5.084096,0.246098,6.236271,31.938102,3.026102,2.300249,17.757817,0.937503,0.301964,0.046375,2.715149,0.373443,-9.051155,2.721133,-1744700,594.256757,-783192781.648532,-4.570638,64.814614,4.834604,-10.200141,65.265578,0.037708,0.65384,0.215348,0.301964,1.141457
02-26-25,13.37,13.42,13.32,13.124623,76600,12.933342,12.733443,12.720436,0.022734,-0.001634,0.003566,TRUE,TRUE,0.013007,-0.00157,-6.944428,14.883856,60.631368,7.668535,0.064187,0.014554,3.152646,0.692562,6.561573,37.204209,3.341211,2.249334,17.628034,0.936447,0.297624,0.045351,2.465415,0.287801,-9.051155,0.999217,-1668100,42.379182,-783568697.14568,-4.520012,66.204449,2.352388,-9.932483,65.025197,0.031844,0.552491,0.212957,0.297624,1.085099
02-27-25,13.3,13.38,13.3,13.117745,152300,12.952748,12.737957,12.72606,0.022244,-0.001645,0.003561,TRUE,TRUE,0.011897,-0.000407,-4.763149,15.387828,60.308612,6.011972,0.0753,0.020534,2.549774,0.714412,7.671548,39.549065,3.049064,2.254879,17.402158,0.895627,0.268535,0.040926,2.090202,-0.339769,-9.051155,1.854264,-1820400,255.841121,-784414932.925191,-4.551228,59.788955,2.536458,-9.583339,65.451321,0.000448,0.008102,0.202301,0.268535,0.948141
02-28-25,13.39,13.51,13.39,13.25531,65000,12.971535,12.745808,12.73218,0.021492,-0.001623,0.003556,TRUE,TRUE,0.013628,0.001049,23.966454,16.406367,64.391493,4.0409,0.094123,0.031486,3.12986,2.301421,8.63085,56.832186,2.917258,2.385427,18.560256,0.905111,0.300793,0.052985,2.883759,-0.116207,-9.051155,0.802568,-1755400,-26.052332,-784625847.539469,-4.555471,65.292981,2.277684,-9.773837,65.349334,0.006747,0.121598,0.230185,0.300793,1.52894
03-03-25,13.38,13.7,13.38,13.461656,467000,12.997698,12.75525,12.739524,0.020636,-0.001556,0.003551,TRUE,TRUE,0.015726,0.002594,35.403764,18.028099,69.465331,8.833963,0.124259,0.049297,4.339475,4.652252,9.382612,69.443042,4.044289,2.403452,21.520457,0.914707,0.208585,0.026792,4.133139,0.655481,-9.051155,4.799589,-1288400,231.676136,-784854515.314783,-3.659629,77.417655,5.233693,-5.293577,67.343893,0.057043,1.003506,0.163684,0.208585,2.15589
03-04-25,13.64,13.67,13.52,13.30444,104400,13.003258,12.763693,12.745123,0.019552,-0.001452,0.003546,TRUE,TRUE,0.01857,0.003975,27.74573,19.533992,62.193981,1.885369,0.133912,0.04716,0.983683,4.056418,7.522629,49.28725,0.84288,2.413993,22.18563,0.925984,0.252954,0.042707,3.974849,0.164552,-9.051155,1.215437,-1392800,-68.601504,-785258975.541376,-3.96685,73.854693,4.054172,-3.286768,67.823635,0.037467,0.656474,0.206657,0.252954,1.357555
03-05-25,13.48,13.5,13.32,13.127573,170100,13.002916,12.774255,12.749647,0.018254,-0.001319,0.00354,TRUE,TRUE,0.024608,0.005057,26.13235,19.530775,55.194281,-9.197212,0.125839,0.03127,-0.652914,1.066446,6.338802,26.611924,-0.052169,2.471185,22.164827,0.942364,0.198914,0.026495,3.745641,-0.211543,-9.051155,1.832184,-1562900,445.192308,-785792761.352846,-3.924802,67.709492,1.200186,-8.477539,66.177234,0.00953,0.162707,0.162772,0.198914,0.56241
03-06-25,13.25,13.28,13.07,12.891747,160800,12.986371,12.77815,12.753422,0.016667,-0.001171,0.003534,TRUE,TRUE,0.024728,0.005984,0.734854,18.165821,47.515475,-21.949856,0.099269,0.003759,-1.345478,-1.556033,3.155001,-3.62213,-2.502477,2.373966,21.667777,0.96046,0.240135,0.038307,3.738259,-0.988716,-9.051155,1.628602,-1723700,274.825175,-786226541.846123,-3.798317,61.085204,1.598919,-9.909959,65.70219,-0.031684,-0.534006,0.195723,0.240135,-0.436702
03-07-25,13.19,13.27,13.14,12.960529,159600,12.975226,12.784006,12.757302,0.014987,-0.001004,0.003528,TRUE,TRUE,0.026704,0.006814,4.149134,16.898364,49.712948,-12.481033,0.082807,-0.010162,-1.334537,-1.395208,3.311666,5.19606,-1.690804,2.398751,21.168311,0.95447,0.242675,0.040253,3.697776,-0.561889,-9.051155,1.539723,-1564100,160.784314,-786826811.829617,-3.783291,63.741592,0.881887,-10.780708,65.560988,-0.009593,-0.16286,0.200631,0.242675,-0.069427
03-10-25,13.29,13.35,13.25,13.029313,95300,12.979282,12.791822,12.761622,0.013433,-0.000824,0.003522,TRUE,TRUE,0.030201,0.007732,19.684696,16.119121,51.882605,-3.311676,0.074452,-0.014813,-0.810902,-0.798839,3.938862,14.014493,0.626508,2.517029,21.19149,0.956919,0.21268,0.032104,3.492962,-0.372667,-9.051155,0.897406,-1468800,114.157303,-787342739.480344,-3.797523,66.784389,2.880643,-9.541829,66.814953,0.004133,0.069685,0.179177,0.21268,0.236091
03-11-25,13.25,13.38,13.16,12.970356,143000,12.98088,12.80002,12.765934,0.012069,-0.000639,0.003515,TRUE,TRUE,0.034086,0.008427,14.442878,15.020263,49.895455,2.379979,0.062355,-0.021528,-2.275428,-2.184782,3.389996,6.455888,0.247065,2.569022,21.17107,0.955612,0.231498,0.038311,3.325186,-0.333777,-9.051155,1.268012,-1611800,1154.385965,-787732276.198928,-3.714219,62.977416,2.345146,-8.638038,67.091306,0.013181,0.223277,0.195732,0.231498,-0.04971
03-12-25,13.21,13.23,13.04,12.842616,78400,12.979522,12.803258,12.769416,0.010929,-0.000449,0.003508,TRUE,TRUE,0.033842,0.008735,10.475668,14.591864,45.802185,-3.910763,0.041977,-0.033525,-2.232183,-3.218789,2.683598,-19.081029,-0.211042,2.595796,21.254635,0.958191,0.195264,0.026843,3.171603,-0.377643,-9.051155,0.683016,-1690200,105.235602,-787973570.203315,-3.598858,61.648707,1.518201,-10.703629,65.999882,0.002363,0.039684,0.163838,0.195264,-0.644124
03-13-25,13.02,13.17,12.99,12.931051,33300,12.990427,12.807287,12.773484,0.009961,-0.000255,0.0035,TRUE,TRUE,0.033803,0.009126,3.260927,14.428726,48.926048,-2.956557,0.032587,-0.034332,-1.412582,-2.123986,4.184166,-8.302608,1.715601,2.473821,20.355423,0.961551,0.171739,0.021022,3.135813,-0.103848,-9.051155,0.2905,-1656900,-8.516484,-788028681.11757,-3.448636,59.386563,2.929398,-7.599811,67.125247,0.019344,0.322761,0.144991,0.171739,-0.291697
03-14-25,13.12,13.16,13.07,12.88192,41400,12.990544,12.810137,12.778025,0.009033,-0.000047,0.003492,TRUE,TRUE,0.032113,0.009385,-2.32108,14.27724,47.295082,-2.600373,0.02094,-0.036783,-1.199496,-2.567237,4.188136,-15.222522,0.018171,2.443626,20.348782,0.962392,0.143389,0.015591,3.161717,-0.145821,-9.051155,0.359141,-1698300,45.263158,-788243114.271471,-3.481658,57.09028,2.203318,-8.629024,65.81077,0.010274,0.170797,0.124865,0.143389,-0.533813
03-17-25,13.24,13.32,13.19,12.980182,54200,12.995084,12.81554,12.783583,0.008187,0.000178,0.003484,TRUE,TRUE,0.031957,0.010019,-9.032722,13.326315,50.82572,5.023535,0.019415,-0.030647,0.380008,-1.752114,6.210254,-1.382828,0.704473,2.412398,20.212025,0.958975,0.156432,0.019013,3.230486,-0.207815,-9.051155,0.465216,-1644100,83.108108,-788472269.954998,-3.446839,53.483554,1.990498,-8.338135,65.765314,0.004616,0.077148,0.137889,0.156432,-0.073732
03-18-25,13.1,13.23,13.1,12.970356,64900,13.007955,12.82055,12.788493,0.007373,0.000421,0.003476,TRUE,TRUE,0.032058,0.010455,-10.349253,12.787338,50.461698,1.53565,0.017215,-0.026278,0.607511,-2.540479,6.129855,-2.76673,2.024771,2.383738,19.110438,0.952853,0.127385,0.011254,3.307525,-0.000865,-8.80381,0.551121,-1709000,63.065327,-788666615.731661,-3.351612,49.579501,2.123104,-8.108382,65.943834,0.012819,0.214772,0.106084,0.127385,-0.196745
03-19-25,13.19,13.29,13.13,13.048963,70900,13.023775,12.830066,12.792978,0.006608,0.000683,0.003467,TRUE,TRUE,0.037088,0.010536,-4.402546,11.941045,53.340826,6.045744,0.021565,-0.017542,1.44747,-1.303804,7.781126,8.304622,2.485056,2.404558,17.987213,0.910357,0.10519,0.008788,3.33839,0.813248,-8.80381,0.590636,-1638100,180.237154,-788809335.303461,-3.267503,56.067712,1.043202,-8.720104,65.365275,0.056324,0.986512,0.093745,0.10519,0.140028
03-20-25,13.39,13.39,13.24,13.009659,47700,13.041061,12.839969,12.796307,0.005934,0.000964,0.003459,TRUE,TRUE,0.043662,0.010693,-16.77853,11.568344,51.722163,0.896443,0.021593,-0.014011,0.154774,-0.94848,6.784364,2.768879,2.729959,2.383702,15.885548,0.906689,0.095319,0.007199,3.432535,0.502788,-8.80381,0.395064,-1685800,41.543027,-789003531.593682,-3.212922,55.598479,-0.196514,-8.669902,65.219912,0.040227,0.706845,0.084844,0.095319,-0.197681
03-21-25,13.31,13.31,13.17,13.009659,66400,13.047565,12.851632,12.798867,0.005399,0.00126,0.00345,TRUE,TRUE,0.052764,0.010783,-35.937357,10.809644,51.722163,1.260465,0.021368,-0.011389,0.988766,-0.94848,6.368546,2.891034,1.009965,2.304448,15.449917,0.905992,0.100775,0.008001,2.45554,0.570465,-8.80381,0.550923,-1685800,-6.082037,-789222026.361429,-3.250514,36.268923,-1.410079,-7.168868,65.392223,0.045342,0.79766,0.089446,0.100775,-0.245351
03-24-25,13.2,13.2,13.14,12.9114,14200,13.047196,12.864262,12.800504,0.004887,0.001565,0.003441,TRUE,TRUE,0.063758,0.010643,-32.786746,10.145658,47.539449,-5.801377,0.013111,-0.015717,2.475682,-1.768989,5.977846,-15.411744,-0.057182,2.312026,15.483172,0.911246,0.069685,0.003972,1.327566,0.414942,-8.80381,0.125055,-1700000,-90.761223,-789344431.562179,-3.218187,39.07951,-2.056906,-9.503101,63.968793,0.03624,0.632582,0.063022,0.069685,-0.877057
03-25-25,13.16,13.19,13.13,12.9114,11800,13.037025,12.878457,12.802572,0.004301,0.001874,0.003432,TRUE,TRUE,0.075885,0.010356,-21.153803,9.590117,47.539449,-4.182714,0.006491,-0.017869,1.688605,-1.478788,4.830367,-19.649954,-1.551089,2.357966,15.682417,0.907179,0.066666,0.003665,0.857616,0.596829,-8.80381,0.113609,-1700000,-94.257908,-789442215.101614,-3.008441,45.110614,-2.195653,-9.088986,63.918861,0.046443,0.814188,0.060537,0.066666,-0.801057
03-26-25,13.06,13.06,12.98,12.783662,141500,13.019977,12.892052,12.804771,0.003619,0.002172,0.003422,FALSE,FALSE,0.087281,0.010044,-11.827838,9.931272,42.373044,-9.349119,-0.008958,-0.026655,0.915088,-2.309201,4.520767,-47.88715,-2.597876,2.34722,16.511388,0.908985,0.103849,0.008852,0.962848,0.029005,-8.80381,1.321072,-1841500,84.725849,-790278252.097811,-3.132086,46.02657,-1.579126,-9.133915,63.734262,0.011996,0.210438,0.094085,0.103849,-1.431224
03-27-25,12.98,13.06,12.98,12.832792,66000,13.005729,12.902524,12.8076,0.00291,0.002467,0.003413,FALSE,TRUE,0.094925,0.009889,-14.285501,10.24806,44.855337,-2.684112,-0.017042,-0.027791,1.537433,-1.20301,4.840813,-35.90414,-2.172272,2.281507,16.849312,0.908977,0.100065,0.008185,1.044172,0.02866,-8.80381,0.642055,-1775500,-56.664478,-790587141.4132,-3.002193,40.528131,-0.629837,-8.234233,63.979207,0.012938,0.22689,0.090473,0.100065,-1.026374
03-28-25,13.09,13.16,13.07,12.963808,53500,12.991154,12.912488,12.810795,0.002209,0.002754,0.003402,TRUE,TRUE,0.101693,0.00996,-6.849091,9.83338,50.926003,3.386554,-0.012729,-0.018782,3.211173,-0.045369,4.807096,-3.949134,-2.199134,2.224143,15.805176,0.918147,0.05549,0.002609,1.057873,0.300441,-8.80381,0.523381,-1722000,-17.692308,-790766891.254254,-3.003837,37.658723,2.543292,-4.815902,65.682356,0.032759,0.567127,0.051082,0.05549,-0.17302
03-31-25,13.24,13.27,13.2,13.07217,45900,12.97168,12.923054,12.81386,0.001614,0.003039,0.003392,TRUE,TRUE,0.109194,0.010147,10.122617,9.509041,55.308271,12.935227,-0.000561,-0.005291,3.086923,-0.424117,5.76482,22.480618,-2.893295,2.181394,11.52192,0.923263,0.075536,0.004806,1.192075,0.604286,-8.80381,0.565515,-1676100,-90.171306,-790980429.027581,-3.773741,48.178727,0.826238,-6.20375,65.671728,0.050178,0.864842,0.069324,0.075536,0.872167
04-01-25,13.32,13.4,13.31,13.170679,98800,12.964992,12.934418,12.816457,0.00105,0.00333,0.003382,TRUE,TRUE,0.117961,0.010492,33.593095,9.925277,58.901277,14.04594,0.016837,0.009685,3.464895,0.400462,9.004766,45.399885,-1.005389,2.202057,9.738968,0.927707,0.082106,0.005639,1.739443,0.794372,-8.80381,1.221487,-1577300,-5.363985,-791385119.464262,-3.786947,59.22649,1.238092,-5.738504,65.888241,0.060517,1.038465,0.075093,0.082106,2.112003
04-02-25,13.44,13.45,13.24,13.141124,102600,12.965669,12.944408,12.818377,0.000548,0.003615,0.003371,TRUE,TRUE,0.126031,0.010514,22.891226,9.8345,57.409983,6.483979,0.027919,0.016613,3.153497,-0.120346,9.018678,34.281731,0.103224,2.180885,9.861966,0.914745,0.063532,0.003562,1.671172,1.074195,-8.80381,1.3237,-1679900,-39.68254,-791584335.423318,-3.736017,54.46483,0.401539,-7.370997,65.005378,0.07489,1.301968,0.059686,0.063532,1.779102
04-03-25,13.43,13.43,13.23,13.032764,138400,12.97272,12.954577,12.8199,-0.000059,0.003881,0.00336,TRUE,TRUE,0.134677,0.010228,15.440724,9.681642,52.192489,-3.115783,0.027638,0.013067,2.538983,0.463744,8.205466,11.226567,1.093855,2.231863,9.809607,0.919511,0.113547,0.014841,1.589904,0.965616,-8.80381,1.811755,-1818300,-13.930348,-791995707.770683,-3.776126,44.781744,4.364053,-2.771737,66.995181,0.075042,1.305253,0.121825,0.113547,0.612097
04-04-25,13.42,13.54,13.37,13.170679,332200,12.983228,12.968678,12.821632,-0.000671,0.004135,0.003349,TRUE,TRUE,0.147046,0.00999,18.739053,10.164325,57.488075,-1.413202,0.038106,0.018827,3.544431,2.60123,8.31973,34.049894,1.62146,2.245997,10.752354,0.922463,0.030157,0.001394,1.542195,1.467703,-8.80381,3.907316,-1486100,108.145363,-793106899.979728,-3.6933,57.199804,9.574911,3.724578,70.883449,0.104301,1.796154,0.037331,0.030157,1.743353
04-07-25,13.27,13.28,13,12.845598,309600,12.974042,12.974518,12.822123,-0.001362,0.004365,0.003337,FALSE,TRUE,0.152394,0.008929,-9.367361,10.389038,44.871211,-12.538771,0.01994,0.000529,2.16666,1.139062,6.567,-24.000218,-1.410012,2.319619,11.116496,0.966714,0.052024,0.003776,1.627352,1.047996,-8.80381,3.233927,-1795700,224.868835,-793757948.811306,-3.350504,47.968165,9.25655,4.433317,70.125775,0.085107,1.400191,0.061448,0.052024,-1.155433
04-08-25,12.89,13.01,12.83,12.668281,220400,12.958938,12.973291,12.822016,-0.002236,0.004567,0.003325,FALSE,FALSE,0.151275,0.007413,-26.610961,11.292647,39.747041,-12.445448,-0.008665,-0.022461,1.228683,0.27921,5.430151,-22.777368,-2.328968,2.27335,13.052712,0.980718,0.071999,0.007182,1.904363,0.832472,-8.80381,2.21274,-2016100,54.125874,-794374380.79113,-3.334222,39.456914,10.359497,4.889466,70.24623,0.07579,1.231221,0.084748,0.071999,-2.226798
04-09-25,12.82,12.83,12.63,12.589473,321400,12.946281,12.971075,12.821611,-0.003279,0.004735,0.003312,FALSE,FALSE,0.149464,0.005577,-28.583115,12.816063,37.687118,-19.800957,-0.037264,-0.040848,1.311297,-0.421088,3.784288,-4.453555,-1.97112,2.207561,15.277762,0.978298,0.020569,0.000794,2.216033,0.882994,-8.80381,2.875934,-2337500,309.94898,-794826035.798164,-3.065843,31.526355,5.804549,-0.786807,66.384557,0.070973,1.152114,0.028181,0.020569,-2.335474
04-10-25,12.7,12.76,12.6,12.461411,155400,12.922799,12.965711,12.820517,-0.004435,0.004865,0.003298,FALSE,FALSE,0.145194,0.003851,-34.305958,14.325541,34.553333,-10.317879,-0.069462,-0.058436,1.47835,-1.282492,4.875665,-14.743507,-3.631876,2.155838,18.740856,0.964479,0.032189,0.002137,2.622117,0.151281,-8.80381,1.318513,-2492900,366.666667,-795250645.003514,-3.063789,30.21954,7.416113,1.909035,67.678879,0.028171,0.464164,0.046227,0.032189,-2.461934
04-11-25,12.59,12.65,12.49,12.422008,210600,12.899803,12.956559,12.819226,-0.005816,0.004956,0.003284,FALSE,FALSE,0.137333,0.002318,-31.794078,16.067939,33.626785,-6.120256,-0.097039,-0.068811,1.80592,-1.745687,4.712363,-6.475447,-3.570216,2.161668,21.835056,0.951409,0.019828,0.000877,2.984408,-0.287977,-8.80381,1.667194,-2703500,408.695652,-795640234.668058,-2.927929,27.632295,4.789811,-0.633405,65.884991,-0.000169,-0.002813,0.029621,0.019828,-2.188205
04-14-25,12.71,12.85,12.71,12.64858,111000,12.883223,12.950763,12.820173,-0.007226,0.005026,0.003269,FALSE,FALSE,0.13059,0.001291,-14.883682,16.45828,43.078411,5.391293,-0.099466,-0.05699,4.500158,0.123261,5.601961,15.102838,-2.55468,2.207311,22.44311,0.977008,0.031839,0.00215,3.122869,0.04358,-8.80381,0.859399,-2592500,104.797048,-795848629.699427,-2.855512,31.19795,6.508163,0.860934,66.365144,0.020454,0.332703,0.046363,0.031839,-1.045504
04-15-25,12.8,12.87,12.78,12.668281,57000,12.868119,12.940264,12.8213,-0.008481,0.005083,0.003254,FALSE,FALSE,0.118964,0.00039,-6.959938,16.706444,43.82745,9.274117,-0.098662,-0.044949,2.917154,-1.163112,7.480659,16.979124,-2.328968,2.244937,22.838827,0.975406,0.031531,0.002129,3.189809,-0.040947,-8.80381,0.442667,-2535500,-12.172573,-796047140.359369,-2.865889,34.922794,4.927992,-1.436607,65.887046,0.014912,0.242951,0.04614,0.031531,-0.874996
04-16-25,12.85,12.94,12.79,12.727386,126900,12.852041,12.932123,12.823012,-0.009505,0.005139,0.003239,FALSE,FALSE,0.109111,-0.000351,-6.320177,16.531841,46.118295,12.491511,-0.092193,-0.030784,2.099813,-1.225369,8.069708,22.608253,-2.464381,2.231919,22.629671,0.976421,0.030079,0.001927,3.24252,0.001433,-8.80381,0.964542,-2408600,78.984485,-796279982.64921,-2.839147,36.621564,4.449895,-0.905944,66.230661,0.017761,0.289032,0.043896,0.030079,-0.550844
04-17-25,12.93,12.93,12.81,12.638729,70400,12.833494,12.920445,12.82558,-0.010263,0.005187,0.003223,FALSE,FALSE,0.094865,-0.001441,-19.999836,16.369708,43.267892,0.189481,-0.093146,-0.02539,0.756387,-0.943745,6.71109,14.164695,-2.851187,2.177161,22.789341,0.973079,0.027728,0.001652,3.391594,0.064376,-8.80381,0.53052,-2479000,47.589099,-796551341.194538,-2.843937,34.024619,3.632085,-0.446188,65.482732,0.021288,0.347574,0.040645,0.027728,-0.854632
04-21-25,12.73,12.75,12.56,12.392456,109600,12.802634,12.904625,12.826629,-0.011046,0.005206,0.003207,FALSE,FALSE,0.077997,-0.003041,-38.547432,17.2221,36.516295,-7.311154,-0.112477,-0.035777,-1.666759,-3.315073,5.56826,-9.289876,-4.744189,2.153455,24.400241,1.003939,0.040001,0.003227,3.735875,-0.32768,-8.80381,0.812695,-2588600,65.060241,-796854234.90981,-2.829678,31.182236,2.096463,-1.720823,64.629176,-0.001896,-0.030032,0.056811,0.040001,-1.681041
04-22-25,12.68,12.68,12.62,12.481113,58300,12.78112,12.895284,12.828457,-0.011775,0.005199,0.00319,FALSE,FALSE,0.066827,-0.004343,-39.325829,18.013606,40.137698,-5.980597,-0.119269,-0.034054,-1.26965,-0.974195,5.806941,-0.846318,-3.332608,2.115103,25.272146,1.004054,0.047058,0.004553,3.989328,-0.325133,-8.80381,0.425346,-2530300,310.56338,-797182435.693407,-2.859229,29.851469,1.628524,-1.289564,64.142072,-0.002255,-0.035742,0.067473,0.047058,-1.187103
04-23-25,12.82,12.84,12.59,12.431858,114200,12.757143,12.885153,12.829173,-0.012607,0.005161,0.003172,FALSE,FALSE,0.05598,-0.005422,-39.999925,17.755305,38.813005,-4.454887,-0.127159,-0.033556,-0.73806,-1.440862,5.731837,-5.537305,-3.714096,2.169199,26.227821,0.988057,0.046525,0.00461,4.261316,-0.811455,-8.80381,0.803179,-2644500,867.79661,-797441114.306688,-2.812849,34.572236,1.608494,-2.487171,63.511508,-0.032826,-0.528617,0.067896,0.046525,-1.240227
04-24-25,12.67,12.75,12.65,12.510665,90200,12.743493,12.877971,12.829849,-0.013482,0.005096,0.003154,FALSE,FALSE,0.048122,-0.006406,-29.943505,17.515454,42.105286,5.588991,-0.125606,-0.025602,0.361261,-0.433131,6.402083,1.968111,-2.135514,2.172243,26.786966,0.99145,0.052893,0.005954,4.458054,-0.578027,-8.80381,0.646039,-2554300,-36.254417,-797782673.108115,-2.687445,39.271897,2.298555,-2.976265,63.268522,-0.018571,-0.298233,0.07716,0.052893,-0.869183
04-25-25,12.78,12.78,12.7,12.53037,25900,12.728372,12.874319,12.830816,-0.014382,0.00499,0.003137,FALSE,FALSE,0.043503,-0.007297,-39.393826,17.104589,42.932128,2.79443,-0.121385,-0.017105,-0.185248,-0.812461,7.179134,5.110125,-2.356638,2.033214,27.108001,0.99118,0.05243,0.00585,2.346538,-0.597789,-8.80381,0.188206,-2528400,-60.757576,-797918408.670664,-2.663688,29.378639,1.90409,-3.43821,63.368173,-0.019607,-0.314943,0.076484,0.05243,-0.730419
04-28-25,12.67,12.77,12.66,12.569772,31900,12.70867,12.868123,12.831836,-0.015376,0.004844,0.003118,FALSE,FALSE,0.036287,-0.007859,-20.588267,16.924782,44.634877,5.821871,-0.113552,-0.007418,-1.255652,0.037274,8.045798,15.340755,-3.03951,2.0039,26.736172,0.979668,0.041503,0.003707,1.59214,-0.838057,-8.80381,0.23364,-2496500,-40.373832,-798002640.667127,-2.649778,34.321935,0.239072,-3.413984,63.29822,-0.033809,-0.548866,0.060888,0.041503,-0.519514
04-29-25,12.71,12.8,12.71,12.64187,35400,12.687155,12.863173,12.832976,-0.016561,0.004668,0.0031,FALSE,FALSE,0.030197,-0.008185,-2.139323,16.551577,47.70939,5.604104,-0.10037,0.004612,-0.459909,0.378548,8.087065,33.749065,-3.291724,2.020851,25.35262,0.980781,0.04779,0.004876,1.59742,-0.805552,-8.80381,0.260275,-2461100,-22.875817,-798091635.813993,-2.614222,40.913464,1.203747,-2.926393,63.409527,-0.032655,-0.52984,0.069827,0.04779,-0.178618
04-30-25,12.8,12.9,12.8,12.720881,98700,12.664665,12.863332,12.834222,-0.017745,0.004463,0.003082,FALSE,FALSE,0.02911,-0.007933,10.642804,15.543195,50.92553,7.993402,-0.082595,0.017909,-0.068587,0.772984,7.70408,51.306852,-3.415151,2.04094,22.693159,0.949072,0.067519,0.010272,1.571008,-1.207335,-8.80381,0.725709,-2362400,-0.101215,-798346518.960564,-2.559244,55.633145,2.055141,-2.425195,63.957594,-0.055671,-0.936,0.101349,0.067519,0.24772
05-01-25,12.79,12.83,12.73,12.661622,104800,12.64069,12.861913,12.83546,-0.018809,0.004224,0.003064,FALSE,FALSE,0.026453,-0.007852,17.172089,15.016988,48.515382,3.880506,-0.072455,0.02244,-1.692272,-0.181042,8.167336,38.1383,-3.648864,2.015849,19.734569,0.949215,0.067104,0.010141,1.474854,-1.212745,-8.80381,0.769937,-2467200,2.14425,-798594637.642972,-2.575139,57.832823,1.647779,-3.545764,63.659656,-0.056155,-0.943921,0.100705,0.067104,0.106069
05-02-25,12.71,12.73,12.65,12.562859,30400,12.617195,12.859892,12.835627,-0.019608,0.00394,0.003046,FALSE,FALSE,0.024265,-0.007757,11.495542,14.971364,44.716898,-2.992492,-0.071563,0.018665,-2.902457,-1.713394,6.452495,0.75215,-3.605573,1.969957,17.490686,0.948838,0.054914,0.006778,1.372349,-1.61801,-8.80381,0.232567,-2497600,-78.034682,-798691264.894242,-2.561128,67.461774,-1.430992,-7.485066,62.584227,-0.080286,-1.347801,0.082328,0.054914,-0.310657
05-05-25,12.66,12.71,12.65,12.55298,21300,12.58631,12.85336,12.835503,-0.020149,0.003616,0.003028,FALSE,FALSE,0.017856,-0.007708,-9.478661,14.928998,44.342943,-6.582587,-0.070837,0.015513,-4.852917,-0.961585,5.938843,-1.847372,-4.689953,1.811698,11.696975,0.948415,0.054722,0.00674,1.410703,-1.557951,-8.80381,0.184944,-2518900,-93.5882,-798781448.041345,-2.463553,62.280731,-4.346735,-6.169396,62.699194,-0.076512,-1.284986,0.082095,0.054722,-0.284939
05-06-25,12.65,12.75,12.63,12.592488,43700,12.573654,12.846834,12.83577,-0.020418,0.003255,0.00301,FALSE,FALSE,0.011064,-0.007958,-7.370073,14.581735,46.277994,-2.237388,-0.066309,0.016033,-4.12608,-1.706,5.082965,8.549458,-1.970402,1.792173,9.988437,0.922742,0.048815,0.00566,1.4335,-0.999424,-8.80381,0.428957,-2475200,-85.885013,-798852469.180351,-2.500378,61.74032,-3.566015,-6.691911,63.012325,-0.041766,-0.720564,0.075236,0.048815,0.18856
05-07-25,12.77,12.9,12.77,12.701128,41400,12.575296,12.83856,12.836965,-0.0203,0.002867,0.002993,FALSE,FALSE,0.001595,-0.008027,-2.436046,13.859672,51.292812,6.575914,-0.05334,0.023202,-3.944091,-0.857984,5.065711,38.142603,0.259289,1.796973,10.177435,0.930089,0.054634,0.006966,1.39163,-0.72458,-8.80381,0.445521,-2433800,-81.215971,-798937735.917443,-2.455397,57.962243,-3.009756,-5.98918,63.107796,-0.025942,-0.444318,0.083461,0.054634,1.236377
05-08-25,12.8,12.81,12.69,12.55298,65200,12.573472,12.827127,12.837805,-0.019831,0.002452,0.002976,FALSE,FALSE,-0.010678,-0.008441,-7.538984,13.076482,45.108994,0.766051,-0.054389,0.017722,-4.782175,-1.037528,3.348846,-2.06471,-0.289864,1.771172,10.183392,0.939505,0.050704,0.005889,1.425229,-0.896452,-8.80381,0.81383,-2499000,-79.713752,-799151829.027194,-2.69974,58.348751,-4.390025,-5.477864,62.096001,-0.036878,-0.624962,0.076743,0.050704,-0.201224
05-09-25,12.72,12.8,12.72,12.612241,23900,12.581013,12.817017,12.838748,-0.019065,0.002015,0.002958,FALSE,FALSE,-0.021731,-0.009007,23.125722,12.349235,47.818981,1.540987,-0.049863,0.017798,-2.594577,-2.293712,4.579025,7.174412,1.210371,1.795143,9.863298,0.928764,0.047629,0.005313,1.267779,-0.425203,-8.80381,0.324993,-2475100,-84.620335,-799240115.375334,-2.712449,67.684483,-2.822099,-6.20054,62.243489,-0.009229,-0.15817,0.072889,0.047629,0.316602
05-12-25,12.66,12.73,12.66,12.543104,30000,12.587068,12.802773,12.839635,-0.018061,0.001555,0.002942,FALSE,FALSE,-0.036862,-0.009398,6.659441,12.074823,45.026061,-6.266751,-0.051265,0.013117,-3.055138,-3.48389,3.923195,-15.127762,0.974855,1.708351,9.184136,0.914895,0.036434,0.003215,1.221889,-0.969216,-8.80381,0.465044,-2505100,-85.754986,-799370312.105579,-2.891085,62.543468,-3.338393,-8.529256,61.345322,-0.04032,-0.70072,0.056698,0.036434,-0.478695
05-13-25,12.68,12.68,12.63,12.513475,27100,12.580313,12.783809,12.840181,-0.016945,0.001069,0.002924,FALSE,FALSE,-0.056371,-0.009802,8.956702,12.017258,43.844217,-1.264777,-0.054142,0.008192,-2.768512,-3.49518,4.3402,-43.157374,-1.068137,1.58568,9.204731,0.915112,0.037112,0.003315,1.146371,-1.059279,-8.80381,0.449308,-2532200,-75.585586,-799523724.394579,-3.046584,53.688282,-3.206723,-8.559157,61.043498,-0.046211,-0.80295,0.057575,0.037112,-0.726122
05-14-25,12.65,12.67,12.58,12.424588,35200,12.568128,12.766212,12.839897,-0.015787,0.000559,0.002907,FALSE,FALSE,-0.073685,-0.01063,-9.342724,12.289509,40.416785,-7.402196,-0.06287,-0.000429,-2.268236,-3.456417,3.269092,-48.566209,-1.923642,1.504111,9.584089,0.902835,0.042535,0.004462,1.227442,-0.880715,-8.80381,0.594344,-2567400,-38.245614,-799680490.689667,-3.067413,43.892763,-3.48105,-8.147777,60.39309,-0.035165,-0.619692,0.0668,0.042535,-1.497692
05-15-25,12.66,12.76,12.66,12.592488,33000,12.561383,12.75551,12.839971,-0.014527,0.00005,0.00289,FALSE,FALSE,-0.08446,-0.011134,5.808081,11.7928,48.591745,3.565684,-0.055598,0.005475,-2.229042,-1.105271,4.999027,3.902618,-1.059905,1.521538,8.850942,0.920133,0.052863,0.006677,1.19129,-0.51993,-8.80381,0.605171,-2534400,-73.995272,-799758048.148325,-3.18913,44.531678,-3.721376,-6.316218,60.651355,-0.016434,-0.284471,0.08171,0.052863,0.35143
05-16-25,12.8,12.81,12.73,12.602364,34600,12.559565,12.749723,12.839645,-0.013149,-0.000461,0.002873,FALSE,FALSE,-0.089923,-0.01173,3.133852,10.956181,49.03466,5.190444,-0.048479,0.010075,-2.226763,-1.479294,3.429147,6.988651,-0.287731,1.507809,8.720071,0.917615,0.05106,0.006254,1.174897,-0.343371,-8.80381,0.656049,-2499800,-50.852273,-799903052.039274,-3.177579,49.872619,-4.839878,-6.763304,60.545639,-0.006635,-0.115151,0.079085,0.05106,0.490804
05-20-25,12.53,12.59,12.5,12.375205,70000,12.558703,12.738016,12.83746,-0.011859,-0.000983,0.002855,FALSE,FALSE,-0.099444,-0.012329,-22.314127,11.61899,40.41003,-0.006755,-0.06047,-0.001533,-2.656684,-3.181518,1.246431,-31.19877,-0.139206,1.461684,8.900729,0.918694,0.069362,0.011341,1.371229,-1.352462,-8.80381,1.379039,-2569800,-36.131387,-800167177.203517,-3.26334,41.959726,-4.819635,-9.34401,59.319487,-0.06776,-1.177545,0.106495,0.069362,-2.061602
05-21-25,12.39,12.42,12.32,12.207306,85200,12.545012,12.721576,12.833759,-0.010737,-0.00152,0.002838,FALSE,FALSE,-0.112183,-0.01311,-39.999851,13.066806,35.447262,-13.144483,-0.082569,-0.018906,-4.125219,-4.130289,0.582224,-19.429966,-2.193775,1.389262,11.792832,0.932381,0.080539,0.014991,1.619822,-1.803983,-9.317945,1.63516,-2655000,46.140652,-800444406.683385,-3.13019,27.550106,-5.465757,-9.029479,59.110391,-0.094957,-1.628971,0.122438,0.080539,-2.863658
05-22-25,12.33,12.42,12.29,12.246812,44600,12.53576,12.707105,12.829097,-0.009771,-0.002065,0.00282,FALSE,FALSE,-0.121992,-0.013453,-32.812361,14.535517,37.395488,-11.639172,-0.095791,-0.025702,-3.293815,-3.004943,0.51109,-7.08002,-1.488484,1.445189,13.350383,0.909963,0.07771,0.014647,1.879049,-2.195532,-9.317945,0.917224,-2610400,-60.945709,-800518640.334854,-3.164551,37.954862,-5.239064,-8.014886,59.192462,-0.114531,-2.012811,0.121024,0.07771,-2.164343
05-23-25,12.46,12.48,12.42,12.315947,309900,12.526024,12.696572,12.826181,-0.008827,-0.002617,0.002802,FALSE,FALSE,-0.129609,-0.013619,-20,15.40143,40.764664,0.354634,-0.099543,-0.023563,-4.376175,-1.623694,1.237676,4.253546,-1.556419,1.525921,14.224415,0.913837,0.076461,0.014044,2.025611,-2.044424,-9.317945,5.198792,-2300500,243.569845,-801903422.529596,-3.456425,61.346277,-7.569931,-6.553053,59.572325,-0.10563,-1.847953,0.118507,0.076461,-1.476879
05-26-25,12.51,12.55,12.49,12.335699,63300,12.51629,12.684665,12.823798,-0.007933,-0.003177,0.002784,FALSE,FALSE,-0.139134,-0.013719,-17.460249,15.649029,41.729553,6.282291,-0.099773,-0.019035,-4.513488,-0.382262,1.881355,7.491663,-1.553591,1.573803,14.845599,0.914444,0.078347,0.01471,2.144108,-1.9815,-9.317945,1.029603,-2237200,144.401544,-802292294.707932,-3.557162,65.490421,-8.473395,-4.58646,59.228136,-0.104065,-1.819984,0.121287,0.078347,-1.216464
05-27-25,12.53,12.66,12.53,12.493723,70700,12.512488,12.676901,12.822302,-0.007086,-0.003737,0.002766,FALSE,FALSE,-0.145401,-0.013283,-7.24644,15.078486,48.900812,11.505324,-0.08621,-0.004377,-4.735859,0.107461,2.860978,33.397224,-0.605014,1.626666,14.798725,0.91986,0.076203,0.013663,2.1761,-1.903009,-9.317945,1.11479,-2166500,121.630094,-802402452.688345,-3.468789,66.480437,-9.199567,-4.616875,59.517983,-0.099503,-1.729027,0.116888,0.076203,-0.126802
05-28-25,12.53,12.66,12.5,12.47397,42200,12.504093,12.666777,12.819983,-0.006404,-0.004294,0.002749,FALSE,FALSE,-0.153206,-0.012487,-17.829383,14.726404,48.103898,7.339234,-0.076177,0.004525,-4.957498,-1.961144,2.941925,35.378902,-1.328127,1.548368,14.499339,0.893965,0.099909,0.02437,1.648073,-2.465637,-9.317945,0.661857,-2208700,19.20904,-802458383.308473,-3.424363,61.945824,-9.011183,-6.847528,59.393931,-0.132171,-2.376153,0.15611,0.099909,-0.207752
05-29-25,12.6,12.71,12.6,12.585867,70400,12.497342,12.659087,12.817933,-0.005897,-0.004843,0.002731,FALSE,FALSE,-0.158847,-0.01172,2.656825,14.036533,52.796844,11.067292,-0.058522,0.017744,-4.054649,-1.608259,5.111721,56.897443,-1.061354,1.600452,13.73082,0.892804,0.081253,0.015632,1.644232,-1.856925,-9.317945,1.1292,-2138300,-28.672746,-802546874.185249,-3.368638,69.193608,-8.581051,-6.148581,60.078123,-0.098226,-1.760329,0.12503,0.081253,0.644714
05-30-25,12.68,12.76,12.65,12.605671,42900,12.494545,12.650221,12.815694,-0.005558,-0.005374,0.002714,FALSE,FALSE,-0.165473,-0.01118,-0.54824,13.040757,53.596644,4.695832,-0.042443,0.027058,-4.900973,-1.924507,6.211772,60.705902,-0.441895,1.556637,13.432247,0.878296,0.093023,0.020986,1.605001,-1.439738,-9.317945,0.724051,-2095400,-59.064885,-802624350.371266,-3.400601,69.810478,-8.050928,-5.953481,60.248771,-0.072907,-1.331777,0.144864,0.093023,0.827309
06-02-25,12.66,12.71,12.66,12.546257,54500,12.493715,12.640953,12.812915,-0.005382,-0.005886,0.002697,FALSE,FALSE,-0.171962,-0.011108,0.26525,12.116108,50.814875,2.710978,-0.034102,0.02832,-6.800045,-2.755656,4.652395,49.28016,-0.132148,1.556363,13.392881,0.850201,0.071679,0.013195,1.604462,-1.074959,-9.317945,0.901497,-2149900,79.276316,-802926808.791225,-3.503055,68.052101,-12.395659,-7.407015,59.438528,-0.051084,-0.960174,0.11487,0.071679,0.392315
06-03-25,12.64,12.67,12.59,12.467039,92200,12.489418,12.6301,12.810175,-0.005569,-0.006375,0.00268,FALSE,FALSE,-0.180075,-0.01103,-3.750241,11.766725,47.290537,-5.506308,-0.033497,0.023139,-6.29415,-5.372382,2.594094,34.04596,-0.684629,1.558716,13.330446,0.850143,0.069739,0.012453,1.619408,-1.437575,-9.317945,1.440625,-2242100,332.86385,-803302434.268659,-3.53202,63.805279,-13.790758,-9.568318,59.122529,-0.069258,-1.301357,0.111595,0.069739,-0.167875
06-04-25,12.62,12.7,12.59,12.556159,53500,12.487601,12.622996,12.807784,-0.005836,-0.006829,0.002663,FALSE,FALSE,-0.184788,-0.010662,10.623788,11.198095,51.376279,-2.220365,-0.025532,0.024883,-4.352777,-4.977271,1.719234,51.184389,-0.2885,1.591136,13.206783,0.852645,0.075133,0.014121,1.576738,-1.376223,-9.317945,0.829586,-2188600,22.425629,-803388852.564524,-3.517122,67.751546,-10.199476,-8.862524,59.800341,-0.067982,-1.274723,0.118832,0.075133,0.519111
06-05-25,12.61,12.7,12.6,12.536355,35100,12.479363,12.615495,12.805294,-0.006066,-0.007242,0.002647,FALSE,FALSE,-0.189799,-0.0104,-5.148147,10.670083,50.440603,-0.374272,-0.020581,0.023868,-2.756744,-4.065131,0.309827,47.375931,-1.29731,1.484497,12.286537,0.851181,0.072222,0.012973,1.583325,-1.286964,-9.317945,0.546942,-2223700,-15.217391,-803468631.864904,-3.53011,64.497807,-9.765964,-7.923575,59.706022,-0.063723,-1.19621,0.113898,0.072222,0.463861
06-06-25,12.59,12.59,12.48,12.377917,51900,12.470609,12.60738,12.801288,-0.006305,-0.007616,0.00263,FALSE,FALSE,-0.193908,-0.01059,-18.116269,11.065161,43.599383,-3.691154,-0.029106,0.012274,-4.49528,-5.769825,-1.638347,18.705804,-1.394594,1.441458,12.35785,0.857098,0.074149,0.01346,1.655306,-1.364193,-9.317945,0.817194,-2275600,-20.398773,-803616859.855957,-3.515219,60.267723,-11.109459,-10.020983,58.729372,-0.068316,-1.27389,0.116019,0.074149,-0.750066
06-09-25,12.4,12.49,12.38,12.308601,43800,12.455427,12.596896,12.797128,-0.006487,-0.007962,0.002613,FALSE,FALSE,-0.200232,-0.010718,-6.160853,12.052448,40.98065,-10.395629,-0.040983,0.000318,-5.531464,-6.297511,-1.512547,3.957746,-2.407498,1.455215,12.391392,0.853821,0.085406,0.01781,1.702345,-1.756337,-9.317945,0.679017,-2319400,83.263598,-803717519.389696,-3.470587,61.776297,-13.258376,-10.047635,58.591773,-0.091683,-1.719978,0.133454,0.085406,-1.184903
06-10-25,12.52,12.54,12.45,12.328405,52800,12.444692,12.584188,12.793743,-0.006539,-0.008283,0.002596,FALSE,FALSE,-0.209555,-0.010863,12.97981,12.497648,42.05157,-8.389033,-0.048242,-0.005553,-4.949368,-7.112176,-0.125831,8.171361,-1.711688,1.529008,12.521164,0.85344,0.091851,0.020198,1.590659,-1.589453,-9.317945,0.804326,-2266600,76,-803912989.944521,-3.460033,68.776623,-13.914703,-11.042688,58.523851,-0.081616,-1.533678,0.142121,0.091851,-0.928724
06-11-25,12.41,12.46,12.4,12.288796,47900,12.433459,12.568521,12.789774,-0.006643,-0.008585,0.002578,FALSE,FALSE,-0.221253,-0.010875,4.499536,13.225434,40.469886,-3.129497,-0.056538,-0.01108,-4.312359,-6.448281,0.176965,-24.000964,-1.795496,1.486797,12.874487,0.84697,0.08579,0.017817,1.550054,-1.940235,-9.317945,0.718302,-2314500,76.752768,-804138443.135334,-3.460088,64.28092,-13.006488,-11.065964,58.102246,-0.098274,-1.858555,0.133482,0.08579,-1.123634
06-12-25,12.47,12.48,12.42,12.318503,25400,12.428154,12.551477,12.786195,-0.006794,-0.008864,0.002561,FALSE,FALSE,-0.234718,-0.010816,0.286105,13.70252,42.225085,1.244435,-0.060025,-0.011653,-4.737031,-6.082698,-0.050467,-16.183346,-0.85383,1.458867,13.128974,0.848037,0.086247,0.017924,1.547914,-1.838758,-9.317945,0.383715,-2289100,-27.840909,-804249777.769915,-3.451384,50.813546,-14.748288,-11.317289,58.126327,-0.093826,-1.772289,0.13388,0.086247,-0.835183
06-13-25,12.4,12.42,12.35,12.249187,36500,12.410989,12.533638,12.782317,-0.007087,-0.009124,0.002543,FALSE,FALSE,-0.248679,-0.010702,-9.172016,14.596018,39.312455,-2.739115,-0.067601,-0.015384,-4.911794,-6.052373,-1.685684,-24.588757,-2.726243,1.389824,13.111544,0.845375,0.080495,0.01546,1.624702,-2.210329,-9.317945,0.549947,-2325600,10.606061,-804391412.688171,-3.490556,43.977645,-12.747483,-10.218614,58.031141,-0.109996,-2.081667,0.124338,0.080495,-1.234047
06-16-25,12.37,12.4,12.3,12.179871,35600,12.389865,12.51658,12.778431,-0.007484,-0.00936,0.002525,FALSE,FALSE,-0.261851,-0.010724,-36.728704,15.726709,36.594109,-3.875776,-0.078297,-0.020863,-6.165639,-5.80906,-3.726574,-26.115125,-3.35249,1.295992,13.268493,0.847122,0.07923,0.014917,1.843451,-2.288437,-9.521749,0.535983,-2361200,2.890173,-804512545.442303,-3.469959,35.928288,-13.43287,-11.348764,57.52965,-0.114781,-2.167141,0.122135,0.07923,-1.582651
06-17-25,12.35,12.37,12.32,12.229383,27300,12.382573,12.497754,12.775262,-0.007744,-0.009564,0.002507,FALSE,FALSE,-0.277507,-0.010618,-27.659726,16.776637,39.796384,-2.428701,-0.081834,-0.019521,-5.712823,-5.140018,-4.135905,-15.351667,-1.178344,1.304677,13.74537,0.849608,0.077944,0.014349,1.989175,-2.155151,-9.521749,0.424671,-2333900,-61,-804638799.025243,-3.477967,40.767535,-13.110524,-10.910008,57.893772,-0.107917,-2.031005,0.119786,0.077944,-1.114491
06-18-25,12.4,12.46,12.39,12.298698,122000,12.387143,12.486816,12.772826,-0.00789,-0.009734,0.002488,FALSE,FALSE,-0.28601,-0.010522,-34.117927,16.759174,44.056181,4.743726,-0.078144,-0.012664,-5.749608,-4.385361,-3.374279,-0.282992,0.748671,1.294181,13.275929,0.849456,0.088246,0.018063,2.09252,-1.743759,-9.521749,1.844991,-2211900,43.192488,-805079052.812709,-3.504458,44.857383,-11.6168,-10.680541,58.192747,-0.084936,-1.601795,0.134397,0.088246,-0.666203
06-19-25,12.46,12.48,12.45,12.338308,83400,12.391718,12.480217,12.769573,-0.007879,-0.009876,0.00247,FALSE,FALSE,-0.289356,-0.010326,-31.034551,16.536042,46.390518,9.796409,-0.071202,-0.004578,-5.1604,-5.013614,-3.789192,9.343453,0.747104,1.294175,12.919772,0.850969,0.087042,0.017525,1.82815,-1.640524,-9.521749,1.225299,-2128500,86.995516,-805783462.940821,-3.867496,47.718003,-10.899002,-11.123662,58.497372,-0.079061,-1.487956,0.13238,0.087042,-0.413394
06-20-25,12.43,12.51,12.41,12.377917,41200,12.394816,12.475986,12.765985,-0.007761,-0.009985,0.002451,FALSE,FALSE,-0.289999,-0.010251,-20.000091,16.642363,48.695874,8.899491,-0.061793,0.003865,-4.855942,-3.91519,-2.898446,19.479293,0.503175,1.328907,12.802264,0.843814,0.079597,0.014814,1.866983,-1.243574,-9.521749,0.754164,-2087300,-86.705389,-805851098.867502,-3.613103,54.120974,-10.820712,-12.42189,58.714623,-0.057489,-1.089638,0.121712,0.079597,-0.132001
06-23-25,12.57,12.66,12.56,12.437331,142200,12.399898,12.475504,12.762452,-0.007527,-0.010062,0.002432,FALSE,FALSE,-0.286947,-0.009972,-3.614581,15.601764,52.028303,7.972122,-0.048977,0.013345,-3.671706,-1.286923,-1.989219,34.332785,0.823886,1.413494,12.756883,0.844739,0.081962,0.015694,1.874464,-1.212246,-9.521749,2.427657,-1945100,124.64455,-806342172.125368,-3.457002,68.670813,-8.616981,-10.988936,58.716362,-0.056762,-1.075154,0.125277,0.081962,0.293435
06-24-25,12.45,12.6,12.45,12.437331,25900,12.397078,12.475811,12.758967,-0.007218,-0.010113,0.002413,FALSE,FALSE,-0.283156,-0.00945,-16.21623,15.203519,52.028303,5.637785,-0.038377,0.019155,-3.671706,-2.045101,-1.840588,34.332785,-0.45136,1.373125,12.599947,0.83303,0.103929,0.025222,1.749134,-1.553542,-9.521749,0.45975,-1945100,-63.366337,-806372447.001868,-3.523559,64.148454,-9.111521,-11.580471,58.395349,-0.079677,-1.537873,0.158814,0.103929,0.319468
06-25-25,12.44,12.47,12.4,12.318503,18500,12.389305,12.469209,12.754259,-0.006979,-0.010147,0.002393,FALSE,FALSE,-0.28505,-0.008909,-26.190553,15.186199,45.215916,-3.479958,-0.039115,0.014734,-3.638695,-2.756904,-2.852069,5.13978,-1.246332,1.343555,12.580156,0.832272,0.104266,0.025468,1.095184,-2.124403,-9.521749,0.335449,-1963600,-56.161137,-806434023.186116,-3.604388,65.608087,-9.085668,-10.833951,58.242702,-0.106887,-2.065208,0.159588,0.104266,-0.562805
06-26-25,12.42,12.5,12.41,12.358113,50100,12.377917,12.463006,12.749701,-0.006837,-0.010176,0.002374,FALSE,FALSE,-0.286695,-0.008094,-2.777689,14.889072,47.675357,-4.352946,-0.036087,0.01421,-3.698953,-2.218389,-2.539692,16.142543,-1.809598,1.380572,11.707789,0.826651,0.103734,0.025612,1.100956,-2.27712,-9.521749,0.925464,-1913500,-28.835227,-806541890.123343,-3.689864,72.442399,-9.858413,-10.67861,58.03783,-0.114468,-2.226868,0.160037,0.103734,-0.169153
06-27-25,12.39,12.56,12.37,12.368039,47400,12.366036,12.455819,12.745483,-0.006729,-0.010195,0.002354,FALSE,FALSE,-0.289664,-0.007268,9.094225,14.06869,48.301691,-3.726612,-0.032512,0.014228,-4.595632,-1.532033,-0.73175,18.899724,-1.885118,1.431329,10.408495,0.826827,0.105744,0.026324,1.075991,-2.179129,-9.521749,0.871965,-1866100,10.48951,-806590268.433838,-3.647828,78.354732,-12.345574,-10.001616,58.156724,-0.107405,-2.089793,0.162248,0.105744,0.019247
06-30-25,12.54,12.59,12.5,12.49708,67800,12.363577,12.452986,12.741862,-0.006476,-0.010204,0.002335,TRUE,FALSE,-0.288876,-0.006371,22.112149,13.083974,55.722151,10.506234,-0.019047,0.022155,-4.399349,-1.448231,0.435938,54.744402,-0.391967,1.411155,10.010831,0.834125,0.095626,0.017811,1.45481,-1.567579,-9.521749,1.232167,-1798300,24.40367,-806662468.120186,-3.394511,78.789572,-11.850375,-11.328386,58.429037,-0.082259,-1.57962,0.133456,0.095626,1.333585
07-02-25,12.38,12.4,12.35,12.298556,86000,12.355153,12.451108,12.737296,-0.006215,-0.010212,0.002315,FALSE,FALSE,-0.286188,-0.005537,1.05887,13.282818,45.016839,-2.658518,-0.024117,0.013668,-6.621699,-3.386239,-0.698401,-0.401073,-1.351426,1.442927,9.801067,0.84357,0.227873,0.071723,1.448556,-2.380154,-9.521749,1.571781,-1884300,-6.724512,-806925438.365093,-3.310796,75.116767,-13.700088,-12.849052,57.458204,-0.165488,-3.232259,0.267811,0.227873,-0.577452
07-03-25,12.37,12.39,12.32,12.229073,33900,12.338798,12.446067,12.731899,-0.006015,-0.01021,0.002294,FALSE,FALSE,-0.285832,-0.005318,-9.301128,13.668928,41.977076,-6.324615,-0.033357,0.003542,-6.940435,-4.005804,0.858132,-19.702135,-2.604988,1.392858,8.963645,0.787323,0.163236,0.040349,1.510289,-1.910622,-9.521749,0.630874,-1918200,-36.635514,-807047406.963614,-3.404256,71.259512,-13.554757,-13.554108,56.740709,-0.123932,-2.550786,0.200871,0.163236,-1.224121
07-04-25,12.43,12.46,12.36,12.308482,34100,12.327405,12.4436,12.727335,-0.005884,-0.010196,0.002274,FALSE,FALSE,-0.283735,-0.005236,6.102902,13.368772,46.4292,-9.292951,-0.033881,0.002414,-5.557396,-3.159514,1.031578,2.356108,-1.817696,1.458983,7.67612,0.773947,0.123088,0.022329,1.470579,-1.249778,-9.521749,0.635187,-1884100,-2.849003,-807116641.755427,-3.397606,75.623841,-16.348728,-11.928826,57.109155,-0.082203,-1.705226,0.149429,0.123088,-0.246513
07-07-25,12.3,12.32,12.26,12.189367,230100,12.317977,12.437174,12.722611,-0.005798,-0.010173,0.002253,FALSE,FALSE,-0.285437,-0.005462,0.929775,13.7805,41.308968,-3.707871,-0.043408,-0.00569,-7.45073,-4.170385,0.610576,-17.65825,-1.523277,1.420024,8.165352,0.77958,0.340019,0.09101,1.461321,-1.358056,-9.521749,3.676012,-2114200,343.352601,-807888501.185761,-3.412127,61.227661,-23.273786,-13.008755,56.639944,-0.123358,-2.634671,0.301679,0.340019,-1.57507
07-08-25,12.19,12.23,12.19,12.12981,46000,12.309038,12.429163,12.717589,-0.005849,-0.010135,0.002231,FALSE,FALSE,-0.288426,-0.005981,-9.65369,14.593108,38.993485,-2.983592,-0.055129,-0.013929,-5.572243,-3.526314,-1.293358,-12.806216,-1.45257,1.338962,9.188072,0.771418,0.364155,0.070876,1.55712,-1.191126,-9.893622,0.733594,-2160200,5.022831,-808072936.586185,-3.472943,57.511865,-22.565838,-12.225192,56.599848,-0.134822,-2.878288,0.266225,0.364155,-1.950654
07-09-25,12.24,12.34,12.24,12.229073,31700,12.304071,12.422349,12.713014,-0.005921,-0.010085,0.002209,FALSE,FALSE,-0.290666,-0.006386,-6.559887,14.346847,44.570181,-1.859019,-0.055765,-0.011652,-3.46699,-2.280905,-1.1826,8.313397,-0.805723,1.316163,9.345002,0.778456,0.527446,0.109672,1.6041,-0.79476,-9.893622,0.514193,-2128500,-39.962121,-808111564.404759,-3.40517,53.409625,-22.566067,-10.505267,56.936461,-0.138405,-2.991189,0.331167,0.527446,-0.802553
07-10-25,12.29,12.29,12.23,12.169516,33900,12.298107,12.412901,12.708336,-0.006043,-0.010027,0.002186,FALSE,FALSE,-0.295435,-0.006493,-15.60966,14.186985,42.084442,0.775474,-0.060378,-0.013012,-3.33578,-2.068226,-1.356769,-4.358289,-0.970647,1.251951,9.816359,0.741828,0.423555,0.074093,1.717144,-1.658215,-9.893622,0.556194,-2162400,-29.227557,-808213810.77049,-3.343206,47.006638,-17.150302,-10.768774,56.381306,-0.150014,-3.33614,0.2722,0.423555,-1.309971
07-11-25,12.14,12.14,12.05,11.980917,213300,12.281228,12.398102,12.702811,-0.006288,-0.00996,0.002163,FALSE,FALSE,-0.304709,-0.00685,-32.267929,15.128773,35.359248,-3.634237,-0.07835,-0.024787,-3.855859,-2.434512,-3.112404,-11.325123,-2.740482,1.240552,12.086988,0.765651,0.475713,0.086431,2.025376,-2.195972,-10.999677,3.032198,-2375700,739.76378,-808754564.648759,-3.201924,35.668699,-20.70821,-12.348447,55.685039,-0.1798,-3.900215,0.293991,0.475713,-2.484579
07-14-25,12.04,12.05,11.98,11.941212,25900,12.265829,12.383694,12.697572,-0.006802,-0.009885,0.002138,FALSE,FALSE,-0.313878,-0.007133,-40.980745,16.355014,34.122947,-10.447234,-0.094705,-0.032914,-3.870517,-2.134495,-3.80807,-6.256095,-2.514247,1.117816,14.279594,0.762744,0.471098,0.086584,2.344995,-2.481137,-11.294628,0.37098,-2401600,-29.041096,-808809167.385779,-3.163901,24.798,-18.772467,-13.607897,55.120824,-0.198066,-4.313183,0.294252,0.471098,-2.273295
07-15-25,11.99,11.99,11.84,11.802246,193600,12.246948,12.368482,12.691735,-0.007701,-0.009806,0.002112,FALSE,FALSE,-0.323253,-0.007751,-47.057922,18.109871,30.149681,-11.934761,-0.117525,-0.044587,-6.691135,-2.492089,-5.367999,-5.033875,-3.100398,1.12331,17.58907,0.771239,0.522806,0.10916,2.773223,-2.614066,-12.326935,2.491154,-2595200,443.820225,-809100223.44417,-2.951604,21.184134,-19.6352,-13.168232,54.827637,-0.206901,-4.51205,0.330394,0.522806,-2.528285
07-16-25,11.92,11.98,11.85,11.841951,114200,12.227576,12.354261,12.685305,-0.008777,-0.009729,0.002086,FALSE,FALSE,-0.331044,-0.008675,-37.510218,19.739382,32.565739,-2.793509,-0.130897,-0.046367,-6.522821,-3.795947,-4.607657,0.260162,-3.168035,1.184538,19.788642,0.734511,0.439993,0.081617,3.083482,-1.921715,-12.326935,1.391665,-2481000,318.315018,-809228565.02904,-2.796592,28.802221,-19.084465,-14.094159,54.716109,-0.162407,-3.662646,0.285688,0.439993,-1.948718
07-17-25,11.91,11.97,11.9,11.851877,43500,12.205235,12.339449,12.678974,-0.009867,-0.009654,0.002059,FALSE,FALSE,-0.339525,-0.009401,-40.799986,21.252498,33.187893,-0.935054,-0.13909,-0.043648,-6.87894,-4.923571,-5.40832,1.583608,-3.633077,1.151334,21.400081,0.727513,0.401918,0.06469,3.365033,-2.169895,-12.326935,0.556729,-2437500,-64.344262,-809331873.750992,-2.721457,28.292433,-20.686502,-16.056562,54.192088,-0.162329,-3.66251,0.254343,0.401918,-1.651199
07-18-25,11.95,11.97,11.91,11.832024,63600,12.179921,12.322067,12.672349,-0.010973,-0.009592,0.00203,FALSE,FALSE,-0.350283,-0.010209,-42.857143,22.657535,32.541187,2.391505,-0.145508,-0.040053,-6.382805,-5.674697,-5.9283,-1.063538,-4.103356,1.102699,22.698166,0.726457,0.410608,0.06861,3.642826,-2.09033,-12.326935,0.824422,-2501100,-23.741007,-809560782.195719,-2.448194,23.975251,-19.255718,-15.301726,54.311611,-0.15353,-3.476302,0.261935,0.410608,-1.532711
07-21-25,12,12.09,12,11.951138,47400,12.158582,12.31003,12.667242,-0.012016,-0.009537,0.002001,FALSE,FALSE,-0.357212,-0.010654,-43.999957,22.672894,40.084747,7.519008,-0.139376,-0.027137,-3.561179,-5.168582,-4.68937,17.925543,-3.447905,1.113234,22.744862,0.734217,0.361029,0.049208,2.529834,-1.933895,-12.326935,0.611968,-2453700,15.048544,-809659649.55892,-2.458557,22.504036,-17.093864,-14.42878,54.898389,-0.131834,-2.923205,0.22183,0.361029,-0.912046
07-22-25,12.04,12.11,12.04,11.990844,9900,12.136258,12.297602,12.663012,-0.012943,-0.009486,0.00197,FALSE,FALSE,-0.36541,-0.01097,-28.440322,22.489921,42.397074,9.209181,-0.129816,-0.014062,-3.928092,-5.14787,-3.781508,24.329621,-3.589897,1.116566,22.045314,0.735495,0.365986,0.050286,2.622078,-1.867683,-12.326935,0.139752,-2443800,-93.037975,-809683453.798702,-2.35833,24.954169,-16.022318,-13.993409,54.973851,-0.130908,-2.899283,0.224246,0.365986,-0.659614
07-23-25,12.02,12.05,11.95,11.861803,36900,12.107481,12.283976,12.658817,-0.013929,-0.009452,0.001938,FALSE,FALSE,-0.374841,-0.0114,-32.173846,22.880456,37.351782,4.810595,-0.131141,-0.012309,-4.585437,-5.289653,-4.224855,3.516598,-4.627425,1.133865,21.661396,0.745002,0.360738,0.047341,2.790389,-2.3377,-12.326935,0.516879,-2480700,42.471042,-809785442.755195,-2.390388,24.910545,-16.179683,-14.265281,54.303183,-0.151539,-3.308252,0.217581,0.360738,-1.134175
07-24-25,11.91,11.99,11.89,11.881656,20900,12.085639,12.27134,12.65506,-0.014914,-0.009445,0.001905,FALSE,FALSE,-0.38372,-0.011637,-39.449422,23.58204,38.563093,-1.521654,-0.1291,-0.008215,-5.027784,-4.684687,-4.36202,8.331108,-3.546272,1.070212,21.624007,0.740667,0.340473,0.042733,2.374996,-2.49649,-12.326935,0.292267,-2459800,12.972973,-809809830.838967,-2.360375,22.077811,-15.360993,-12.880417,54.460047,-0.152127,-3.332483,0.206719,0.340473,-0.943318
07-25-25,11.96,12.05,11.96,11.951138,13800,12.06529,12.261871,12.651602,-0.015913,-0.009454,0.001871,FALSE,FALSE,-0.389732,-0.011583,-23.07688,23.605673,42.736304,0.339231,-0.120488,0.000318,-4.622619,-4.799304,-3.353218,22.227669,-3.293179,1.128745,20.825114,0.740018,0.384882,0.054482,2.449903,-2.513052,-12.326935,0.198006,-2446000,-72.45509,-809826348.373829,-2.356308,29.086429,-15.491158,-13.351425,54.514025,-0.164152,-3.621336,0.233414,0.384882,-0.548144
07-28-25,12.01,12.05,12,11.921361,27100,12.042956,12.248448,12.648093,-0.016949,-0.009472,0.001836,FALSE,FALSE,-0.399644,-0.011636,-20.791974,23.627617,41.437248,4.085467,-0.114742,0.004851,-5.158493,-6.349372,-3.893436,16.272163,-3.611552,1.166453,19.776178,0.738736,0.379931,0.054068,2.531247,-2.43981,-12.326935,0.394584,-2473100,-42.827004,-809938692.757662,-2.4377,32.837874,-15.237657,-14.783156,54.536193,-0.157897,-3.488638,0.232526,0.379931,-0.614857
07-29-25,12,12.14,12,12.050402,78400,12.020622,12.237409,12.645131,-0.017857,-0.009481,0.001799,FALSE,FALSE,-0.407722,-0.011604,-17.307607,22.733502,48.712753,10.14966,-0.098639,0.016763,-4.67865,-5.117041,-3.452811,46.755916,-3.57426,1.158971,16.653367,0.748641,0.464026,0.074882,2.112526,-1.749326,-12.326935,1.132784,-2394700,15.634218,-809960643.005957,-2.38273,36.223985,-14.69415,-13.302262,54.940274,-0.135656,-2.990668,0.273646,0.464026,0.178819
07-30-25,12.05,12.11,12.03,12.010597,71500,12.006224,12.230117,12.642019,-0.018587,-0.009487,0.001762,FALSE,FALSE,-0.411902,-0.011625,-15.694507,21.903252,46.782071,4.045767,-0.088074,0.021863,-5.583602,-5.648359,-4.508532,56.865656,-2.341406,1.174154,15.314991,0.749414,0.467954,0.077717,1.243622,-1.836377,-12.326935,1.044024,-2466200,-16.860465,-810066825.014874,-2.293485,34.814931,-15.301942,-13.03658,55.037705,-0.138526,-3.055456,0.278778,0.467954,0.028553
07-31-25,12.09,12.19,12.09,12.110106,32700,12.000276,12.228173,12.638483,-0.019136,-0.00949,0.001724,FALSE,FALSE,-0.41031,-0.011386,13.989272,20.368337,51.913128,10.475879,-0.070855,0.031265,-4.355813,-5.974372,-4.39988,77.173087,-0.972822,1.199829,14.619117,0.756793,0.439774,0.067899,1.661685,-1.638856,-12.326935,0.477896,-2433500,-3.539823,-810086376.032927,-2.220657,47.200839,-13.728207,-11.693673,55.669222,-0.124921,-2.714114,0.260574,0.439774,0.751273
08-01-25,12.26,12.29,12.24,12.209613,49500,11.995333,12.227429,12.635104,-0.019427,-0.009482,0.001684,FALSE,FALSE,-0.407676,-0.010772,27.296375,19.706658,56.436404,7.72365,-0.048619,0.042801,-2.811826,-5.632671,-4.703872,82.136189,-0.803262,1.254341,13.657606,0.755961,0.287925,0.031453,2.336763,-1.655026,-12.326935,0.71537,-2384000,45.16129,-810196041.914405,-2.225161,52.055752,-10.100791,-11.342916,56.692194,-0.095773,-2.043545,0.177349,0.287925,1.568945
08-05-25,12.28,12.3,12.26,12.229515,84900,11.99734,12.2257,12.632456,-0.019338,-0.009458,0.001644,TRUE,FALSE,-0.406756,-0.01035,49.43975,19.169731,57.301512,10.51944,-0.029056,0.049892,-2.576801,-7.304668,-5.54503,84.336634,0.329367,1.217482,13.983426,0.742432,0.27448,0.037449,2.300992,-1.21143,-12.326935,1.370792,-2299100,-63.102999,-810410351.513146,-2.035885,72.360318,-12.288813,-16.461338,55.676274,-0.079159,-1.725165,0.193518,0.27448,1.66036
08-06-25,12.22,12.25,12.17,12.139957,47900,11.997847,12.221785,12.629069,-0.018902,-0.009426,0.001604,FALSE,FALSE,-0.407284,-0.009957,32.601964,17.823573,52.271202,0.358074,-0.020542,0.046725,-3.593657,-7.57146,-7.88533,60.965165,0.083654,1.168948,14.035762,0.744609,0.188808,0.019792,2.148373,-1.635833,-12.326935,0.772207,-2347000,4.130435,-810494227.618814,-1.95171,61.835601,-15.22921,-18.581781,54.416246,-0.091446,-1.969155,0.140683,0.188808,1.012486
08-07-25,12.22,12.26,12.21,12.149908,35400,11.993889,12.214909,12.626799,-0.018132,-0.009386,0.001562,FALSE,FALSE,-0.41189,-0.009638,32.603792,16.662553,52.767341,-3.669062,-0.012843,0.043539,-4.339929,-8.112849,-5.808682,63.392151,-0.647347,1.163283,13.448713,0.742059,0.1992,0.022535,1.991151,-1.416785,-12.326935,0.568995,-2311600,11.671924,-810614717.527071,-2.011696,61.398363,-14.320432,-17.065766,54.890604,-0.077014,-1.666413,0.150117,0.1992,1.160104
08-08-25,12.2,12.23,12.18,12.149908,22800,11.992909,12.208428,12.624481,-0.017004,-0.009342,0.00152,FALSE,FALSE,-0.416053,-0.009347,35.547796,15.641846,52.767341,-4.53417,-0.006665,0.039773,-3.210969,-7.839591,-5.169868,63.392151,-0.16112,1.140925,13.320483,0.741682,0.200113,0.022767,1.800101,-1.33324,-12.326935,0.36977,-2311600,-32.743363,-810664962.068155,-1.987635,65.593242,-12.705334,-16.904573,54.890604,-0.072342,-1.566301,0.150888,0.200113,1.178631
08-11-25,12.22,12.23,12.18,12.130007,32400,12.000363,12.19931,12.622305,-0.015577,-0.009293,0.001477,FALSE,FALSE,-0.422995,-0.009219,22.498264,14.694046,51.525,-0.746201,-0.003336,0.034482,-3.823539,-6.318912,-5.182279,58.53818,1.244394,1.038048,13.662621,0.73673,0.209311,0.025172,1.708085,-1.14593,-12.326935,0.615794,-2344000,-84.810127,-810762154.652271,-1.907811,58.943979,-13.166759,-15.910911,54.748328,-0.063506,-1.38594,0.158658,0.209311,0.948893
08-12-25,12.1,12.1,12.05,12.020549,49300,12.00433,12.187608,12.619243,-0.013914,-0.00925,0.001434,FALSE,FALSE,-0.431635,-0.00897,3.434966,14.952101,45.219079,-7.548262,-0.009422,0.022717,-4.166077,-7.093935,-7.089696,31.841104,0.664398,1.000643,13.596856,0.722035,0.142912,0.011823,1.689393,-1.995084,-12.326935,0.916612,-2393300,90.34749,-810869532.532833,-1.915372,53.484708,-12.887893,-16.123712,54.073443,-0.091364,-2.020685,0.108735,0.142912,0.119283
08-13-25,12.15,12.18,12.12,12.090203,61800,12.018728,12.178487,12.616869,-0.01195,-0.009206,0.00139,FALSE,FALSE,-0.438382,-0.008559,28.358679,14.366891,49.458125,-3.309216,-0.008526,0.01889,-3.382531,-6.057397,-6.967902,48.830004,2.439851,1.030002,12.848344,0.726721,0.147085,0.012365,1.516898,-1.799809,-12.326935,1.309461,-2331500,-68.078512,-810992713.100265,-2.004968,61.153583,-12.109596,-15.260916,54.244711,-0.083516,-1.835713,0.111196,0.147085,0.556301
08-14-25,12.17,12.17,12.09,12.050401,39800,12.02915,12.170154,12.61415,-0.0098,-0.009165,0.001345,FALSE,FALSE,-0.443995,-0.008569,20.445323,14.076054,47.210005,-4.314995,-0.010902,0.013211,-3.011669,-5.211593,-7.685671,26.588428,1.760262,1.004835,12.16623,0.691086,0.163273,0.016984,1.369777,-1.328577,-12.326935,0.915469,-2371300,-65.148862,-811071914.559389,-2.120011,59.34308,-11.041107,-14.551227,54.220638,-0.059438,-1.377052,0.130321,0.163273,0.174667
08-15-25,12.02,12.03,11.99,11.940942,16700,12.033604,12.15785,12.610738,-0.007641,-0.009125,0.001299,FALSE,FALSE,-0.452888,-0.009025,-1.178366,14.573762,41.608681,-3.610398,-0.021371,0.002194,-5.174088,-7.287798,-8.861257,-15.825127,0.751481,0.949476,11.634588,0.678946,0.095239,0.005576,1.379818,-1.177601,-12.326935,0.396345,-2388000,-61.609195,-811129577.99548,-2.133267,56.985212,-12.167957,-15.878372,53.753734,-0.046208,-1.083424,0.07467,0.095239,-0.796434
08-18-25,12,12,11.91,11.851385,153300,12.034572,12.14415,12.606572,-0.00561,-0.009091,0.001253,FALSE,FALSE,-0.462421,-0.009546,-7.564113,15.563644,37.670549,-11.787576,-0.036474,-0.010327,-5.959029,-8.053098,-8.94085,-15.029405,0.163636,0.95131,11.464849,0.68348,0.099881,0.006057,1.460565,-1.585388,-12.326935,3.288288,-2541300,141.037736,-811482558.506649,-2.061107,44.410768,-12.657276,-17.539494,53.363301,-0.064326,-1.498584,0.07783,0.099881,-1.59781
08-19-25,11.98,12.02,11.97,11.960843,28500,12.035057,12.135809,12.602467,-0.00369,-0.009052,0.001206,FALSE,FALSE,-0.466658,-0.009748,-9.89029,16.257384,44.575238,-2.634767,-0.03916,-0.01041,-3.348324,-5.916053,-8.236,13.036716,0.081202,0.912731,11.429679,0.690509,0.095985,0.00548,1.524722,-1.431666,-12.326935,0.623974,-2512800,-39.873418,-811521497.652923,-2.038148,40.588933,-9.728528,-14.597209,53.894688,-0.057884,-1.334395,0.074028,0.095985,-0.649308
08-20-25,11.97,12.06,11.97,11.970794,132600,12.034054,12.129053,12.598946,-0.001951,-0.009009,0.001158,FALSE,FALSE,-0.469894,-0.009881,-4.545509,16.451765,45.169884,3.561203,-0.040024,-0.009019,-1.937464,-5.982759,-8.159658,15.58816,-0.167211,0.923403,11.479185,0.690189,0.091231,0.004843,1.554212,-1.461919,-12.326935,2.559351,-2380200,1239.393939,-811651759.603501,-1.899542,54.194914,-9.656969,-15.146284,53.81119,-0.057836,-1.333468,0.069595,0.091231,-0.55109
08-21-25,12.02,12.02,11.95,11.901138,44500,12.036021,12.120507,12.594397,-0.000485,-0.008972,0.001111,FALSE,FALSE,-0.473889,-0.00984,-24.706055,16.78478,41.789902,4.119352,-0.045801,-0.011837,-2.82256,-6.023404,-9.697424,-2.272188,0.331613,0.863147,11.198802,0.671039,0.023474,0.000333,1.691883,-2.238139,-12.326935,0.852654,-2424700,20.596206,-811758382.939696,-1.890152,49.325876,-10.880893,-16.183741,53.232099,-0.081235,-1.922059,0.018244,0.023474,-1.20444
08-22-25,12.01,12.09,12.01,11.980745,129100,12.040976,12.114346,12.590245,0.000815,-0.008943,0.001063,FALSE,FALSE,-0.475899,-0.009669,-27.710838,16.312329,46.698794,2.123556,-0.043455,-0.007593,-2.721685,-6.978754,-8.826214,18.139848,0.833972,0.862758,10.687445,0.67784,0.058146,0.002083,1.776552,-1.892887,-12.326935,2.241319,-2295600,517.703349,-811981903.262515,-1.88548,53.850399,-11.861466,-19.604194,53.097921,-0.071987,-1.687647,0.045635,0.058146,-0.563561
08-25-25,11.97,11.99,11.95,11.921041,39600,12.039471,12.106397,12.586428,0.001839,-0.008932,0.001014,FALSE,FALSE,-0.48003,-0.009379,-35.632303,16.367598,43.720852,-1.449032,-0.045884,-0.008018,-3.361452,-7.723221,-8.33766,3.154479,-0.251842,0.836888,10.840694,0.668144,0.096218,0.00602,1.345576,-2.472908,-12.326935,0.67244,-2335200,186.956522,-812078842.680296,-1.912459,46.520358,-11.010752,-19.635333,53.170072,-0.099238,-2.364934,0.077586,0.096218,-1.092459
08-26-25,11.94,11.99,11.93,11.93099,27200,12.039952,12.100033,12.581541,0.002556,-0.008936,0.000965,FALSE,FALSE,-0.481508,-0.009002,-26.582506,16.578187,44.357649,2.567747,-0.046471,-0.006884,-4.504123,-9.026673,-8.80279,5.997243,0.080773,0.82958,10.787486,0.667751,0.104035,0.007174,1.428982,-2.503637,-12.326935,0.461839,-2308000,0.369004,-812105145.150334,-1.83925,47.751641,-12.093721,-21.418757,52.827802,-0.102853,-2.453961,0.084697,0.104035,-1.010077
08-27-25,11.92,11.98,11.9,11.91109,32800,12.032987,12.094658,12.576117,0.002826,-0.008953,0.000916,FALSE,FALSE,-0.481459,-0.008721,-30.000108,17.013678,43.302291,-3.396503,-0.047989,-0.006721,-4.512441,-9.246234,-8.617708,3.360691,-1.156076,0.806953,11.159811,0.665954,0.122867,0.009778,1.522484,-2.389406,-12.326935,0.579352,-2340800,-58.163265,-812128851.113189,-1.914871,43.512161,-12.504431,-21.61588,52.516687,-0.099262,-2.37779,0.098883,0.122867,-1.092283
08-28-25,11.96,12.01,11.95,11.98092,27700,12.031503,12.089688,12.571188,0.002828,-0.008987,0.000867,FALSE,FALSE,-0.4815,-0.008424,-19.516184,17.042038,47.979355,4.258503,-0.043061,-0.001434,-4.806559,-8.666318,-8.013819,24.521284,-0.247093,0.813469,11.210762,0.667553,0.106242,0.007279,1.419944,-1.901079,-12.326935,0.508957,-2313100,-61.258741,-812128001.819698,-1.893594,46.662822,-12.944231,-21.698736,52.886687,-0.076922,-1.835904,0.085319,0.106242,-0.451199
08-29-25,12.02,12.07,12.02,12.030799,53100,12.027537,12.08433,12.566995,0.002642,-0.009022,0.000818,FALSE,FALSE,-0.482665,-0.007868,-11.073971,16.358832,51.083382,6.725733,-0.03473,0.005517,-4.560424,-9.237891,-7.149073,46.713919,-0.65488,0.815433,11.057311,0.662744,0.145281,0.013713,1.140072,-2.034047,-12.326935,0.957706,-2260000,62.385321,-812158165.552817,-1.868329,51.897687,-13.446023,-21.553338,52.808794,-0.089019,-2.14702,0.117101,0.145281,0.029496
09-02-25,11.91,11.96,11.9,11.911089,47700,12.012611,12.075786,12.562885,0.002123,-0.009054,0.000768,FALSE,FALSE,-0.487099,-0.007512,-12.080098,16.743107,44.257847,0.955556,-0.037357,0.002312,-5.06261,-11.518395,-7.402008,3.960463,-2.444991,0.854088,10.469374,0.673373,0.148445,0.013856,1.197007,-2.330926,-11.290925,0.861711,-2307700,-3.636364,-812188233.649456,-1.799469,52.030684,-13.068315,-25.567682,52.246672,-0.103583,-2.459018,0.117712,0.148445,-0.969707
09-03-25,11.95,12.05,11.95,12.000872,96800,12.001179,12.068245,12.558931,0.001447,-0.009075,0.000718,FALSE,FALSE,-0.490686,-0.007243,-9.644485,16.137208,49.68759,1.708236,-0.031827,0.006274,-3.739199,-9.797998,-6.139028,37.359951,-1.869603,0.835473,9.140178,0.663714,0.181828,0.021483,0.915928,-1.560576,-10.389996,1.730116,-2210900,14.01649,-812186546.125376,-1.587305,53.927649,-12.383932,-26.587401,52.383414,-0.074926,-1.811619,0.14657,0.181828,-0.003363
09-04-25,12.09,12.11,12.08,12.080677,62200,11.998215,12.061112,12.555425,0.000731,-0.009075,0.000667,TRUE,FALSE,-0.494313,-0.006939,3.133386,15.005189,53.978781,2.895398,-0.020765,0.013868,-3.786843,-7.974787,-6.993388,86.036848,-0.488308,0.847176,8.754434,0.666575,0.187123,0.022563,1.138797,-1.067656,-10.389996,1.097679,-2148700,29.853862,-812245938.35604,-1.545673,59.599652,-13.58228,-24.189632,52.402721,-0.05823,-1.402661,0.15021,0.187123,0.941946
09-05-25,12.21,12.26,12.21,12.230315,54800,12.002235,12.056972,12.55291,0.000009,-0.009045,0.000616,TRUE,FALSE,-0.495939,-0.006344,28.752525,15.097928,60.740304,16.482457,0.000075,0.027767,-2.441218,-5.130664,-6.606863,91.754175,0.661792,0.906265,9.628704,0.686016,0.198101,0.023894,2.207299,-0.621741,-10.389996,0.950811,-2093900,54.80226,-812256207.672639,-1.424039,63.096032,-12.591897,-23.002046,52.880716,-0.042138,-0.986936,0.154577,0.198101,2.368749
09-08-25,12.34,12.42,12.34,12.389927,179600,12.014236,12.0584,12.551729,-0.00057,-0.008987,0.000565,TRUE,FALSE,-0.493329,-0.005549,50.027906,16.13878,66.409371,16.721781,0.029134,0.045461,0.097025,-4.402617,-5.736399,94.216704,1.975479,0.952059,12.602626,0.705404,0.182114,0.01911,3.216815,0.005334,-10.389996,2.743032,-1914300,687.719298,-812211636.316275,-1.181118,80.177222,-9.512324,-21.261724,53.632609,-0.010949,-0.248792,0.138237,0.182114,2.98105
09-09-25,12.4,12.41,12.34,12.360001,106000,12.025736,12.058438,12.550933,-0.000898,-0.008904,0.000514,TRUE,FALSE,-0.492495,-0.004758,40.037824,17.105285,64.527952,10.549171,0.049182,0.052407,0.417588,-5.136974,-5.894777,88.461651,1.896073,0.897374,14.604884,0.705543,0.18158,0.018987,3.081458,-0.175894,-10.389996,1.532789,-2020300,227.160494,-812257063.237256,-1.080839,71.243065,-9.702937,-23.766415,53.429136,-0.018737,-0.425644,0.137794,0.18158,2.288718
09-10-25,12.44,12.52,12.42,12.459758,130000,12.047696,12.060272,12.551317,-0.000888,-0.008796,0.000463,TRUE,FALSE,-0.491044,-0.003924,44.992927,18.57018,67.802519,7.062215,0.072287,0.060409,1.065445,-3.936655,-6.03543,90.283456,3.653818,0.925068,17.531593,0.708916,0.170204,0.016236,3.424233,0.336168,-10.389996,1.776199,-1890300,163.691684,-812283693.53728,-0.966089,71.310456,-9.028942,-23.901374,53.724256,0.003919,0.088482,0.127419,0.170204,2.350393
09-11-25,12.47,12.54,12.47,12.489686,52000,12.067671,12.060124,12.551363,-0.000431,-0.008658,0.000412,TRUE,FALSE,-0.491239,-0.003169,56.211136,20.02686,68.735015,2.325644,0.091952,0.06406,1.634738,-2.748117,-5.87845,92.13845,3.304185,0.928709,20.125219,0.705042,0.178823,0.018547,3.406778,0.640506,-10.389996,0.715268,-1838300,-15.857605,-812306446.016844,-0.90353,75.776221,-8.900497,-22.893427,53.423748,0.014489,0.329289,0.136187,0.178823,2.096948
09-12-25,12.48,12.51,12.45,12.469733,33300,12.088637,12.063548,12.550095,0.000416,-0.008478,0.000362,TRUE,FALSE,-0.486547,-0.002381,49.523972,21.153454,67.334872,2.80692,0.10472,0.061462,1.227664,-3.567521,-5.615734,89.02083,3.479822,0.856381,22.03001,0.703901,0.191814,0.021739,3.228298,0.428704,-10.389996,0.460104,-1871600,-16.331658,-812317842.063892,-0.860744,69.786294,-8.558761,-24.344948,53.594898,0.003694,0.084237,0.14744,0.191814,1.729895
09-15-25,12.52,12.56,12.51,12.49966,92800,12.116573,12.06896,12.548635,0.001644,-0.00826,0.000311,TRUE,FALSE,-0.479675,-0.001439,60.424055,22.464484,68.375432,0.572913,0.115917,0.058127,2.044821,-2.96741,-5.458466,90.857598,4.679017,0.883056,23.5487,0.700973,0.198504,0.023657,3.05101,0.307148,-10.389996,1.218167,-1778800,455.688623,-812449023.020996,-0.866005,75.361234,-8.787859,-22.484594,53.429886,-0.004492,-0.10296,0.153807,0.198504,1.626788
09-16-25,12.53,12.56,12.53,12.519612,58200,12.149985,12.073182,12.546968,0.003239,-0.008003,0.000261,TRUE,FALSE,-0.473786,-0.000409,60.833153,23.681869,69.082542,0.347527,0.124961,0.053737,2.78937,-3.548251,-5.238195,93.880597,5.638389,0.876731,24.316098,0.700137,0.200317,0.024259,2.91518,0.246128,-10.389996,0.814841,-1720600,-62.035225,-812547525.290689,-0.745514,78.724524,-7.383671,-21.727822,53.674079,-0.00719,-0.165039,0.155755,0.200317,1.520095
09-17-25,12.6,12.62,12.48,12.47971,207600,12.175928,12.078989,12.544857,0.005039,-0.007712,0.000211,TRUE,FALSE,-0.465868,0.000613,57.575728,25.133822,65.908532,-1.42634,0.127439,0.044972,2.046932,-3.782829,-6.227206,80.515249,4.338043,0.913876,24.951543,0.700451,0.206138,0.025605,2.611136,0.004372,-10.389996,2.582732,-1928200,628.421053,-812755985.099546,-0.767907,67.003124,-8.475446,-22.481323,53.454168,-0.019325,-0.443674,0.160015,0.206138,1.217487
09-18-25,12.46,12.52,12.44,12.459758,41500,12.200376,12.085588,12.541282,0.006961,-0.00739,0.000161,TRUE,FALSE,-0.455694,0.001697,51.063791,25.96039,64.317302,-4.05813,0.126336,0.035096,1.309564,-4.515338,-5.760271,77.744164,4.084642,0.904499,25.229746,0.698135,0.194901,0.023043,2.34775,-0.238109,-10.389996,0.547313,-1969700,-68.702866,-812776986.166457,-0.741989,63.965629,-9.686842,-22.024118,53.114169,-0.028067,-0.645683,0.151799,0.194901,1.028079
09-19-25,12.47,12.47,12.44,12.419854,15500,12.226312,12.089404,12.537312,0.009034,-0.007044,0.000112,TRUE,FALSE,-0.447908,0.002714,41.935371,26.727918,61.138101,-7.944441,0.12085,0.023687,0.660916,-4.53359,-5.43907,72.201993,4.35854,0.873427,24.651255,0.6994,0.174322,0.018934,2.113861,-0.358829,-10.389996,0.208403,-1985200,-65.168539,-812813302.620141,-0.70919,61.53884,-11.669772,-23.310489,52.420217,-0.031177,-0.714432,0.137602,0.174322,0.785122
09-22-25,12.46,12.47,12.42,12.399903,158400,12.24727,12.094011,12.533974,0.011199,-0.006677,0.000062,TRUE,FALSE,-0.439962,0.003499,59.036225,27.161666,59.553104,-6.355427,0.113582,0.013136,0.177623,-4.686945,-5.59097,67.149767,3.498597,0.828373,24.231849,0.688437,0.128754,0.01026,1.687072,-0.059101,-10.389996,2.088608,-2143600,22.695585,-813099035.325324,-0.736506,56.14592,-12.790722,-24.393591,52.066721,-0.012367,-0.286653,0.101292,0.128754,0.629888
09-23-25,12.45,12.46,12.41,12.399903,68000,12.271213,12.102391,12.530294,0.013372,-0.006297,0.000013,TRUE,FALSE,-0.427903,0.004346,54.054106,27.420719,59.553104,-4.764198,0.106594,0.004918,-0.300932,-3.961589,-5.660497,59.24137,4.016954,0.782973,23.181807,0.687248,0.119246,0.008918,1.298165,-0.182992,-10.389996,0.880145,-2143600,71.717172,-813194497.836529,-0.722013,49.864213,-12.229897,-21.425748,52.30073,-0.013598,-0.315513,0.094436,0.119246,0.555135
09-24-25,12.4,12.42,12.37,12.379951,23900,12.293661,12.111166,12.526515,0.015524,-0.005903,-0.000036,TRUE,FALSE,-0.415349,0.005175,44.117721,27.088943,57.814723,-3.323378,0.098313,-0.002691,-0.461351,-4.116117,-5.534036,41.451586,3.762984,0.75012,21.84933,0.687523,0.123509,0.009563,0.94664,-0.275747,-10.389996,0.310007,-2167500,-12.132353,-813208884.151355,-0.71583,46.413333,-11.628286,-21.330329,52.287078,-0.018367,-0.426133,0.097791,0.123509,0.394935
09-25-25,12.39,12.41,12.36,12.360001,79100,12.316106,12.122321,12.521953,0.017506,-0.005493,-0.000085,TRUE,FALSE,-0.399632,0.006189,23.636452,26.638562,56.052741,-3.500363,0.089113,-0.009513,0.336869,-3.314084,-5.546756,7.143027,3.768847,0.676595,19.934253,0.674113,0.103037,0.006917,0.794245,-0.753971,-10.389996,0.996096,-2246600,141.158537,-813287981.133941,-0.729839,41.168539,-11.382305,-21.118571,52.30875,-0.033416,-0.789632,0.083166,0.103037,0.220195
09-26-25,12.4,12.44,12.38,12.360001,34200,12.335061,12.132682,12.518074,0.019309,-0.005071,-0.000134,TRUE,FALSE,-0.385392,0.006874,-7.692044,26.502202,56.052741,-3.500363,0.080889,-0.014189,0.015272,-3.684246,-4.842934,7.143027,3.164037,0.613207,18.315983,0.641727,0.094454,0.006424,0.818706,-0.137081,-10.389996,0.428921,-2246600,23.465704,-813344980.771542,-0.76314,33.44526,-10.929085,-21.462176,52.320546,-0.005349,-0.132734,0.080147,0.094454,0.136166
09-29-25,12.42,12.48,12.42,12.47,66700,12.357021,12.145045,12.514842,0.020907,-0.004634,-0.000183,TRUE,FALSE,-0.369798,0.007619,23.447655,26.734467,63.220284,5.405561,0.082299,-0.010223,0.824392,-3.809126,-3.852767,42.30789,3.650642,0.636437,17.066305,0.647086,0.141194,0.014185,0.75193,0.458939,-10.389996,0.829447,-2179900,25.612053,-813300512.691305,-0.710282,40.938337,-11.109805,-24.418158,52.384495,0.010966,0.270954,0.1191,0.141194,0.662004
09-30-25,12.44,12.47,12.44,12.45,71200,12.383966,12.157404,12.511901,0.022159,-0.004192,-0.000232,TRUE,FALSE,-0.354496,0.008451,-2.506086,26.950141,61.263802,5.211061,0.08087,-0.009321,-0.376728,-4.759504,-5.163435,34.615413,4.524447,0.562876,13.546422,0.642474,0.147049,0.015583,0.755749,0.128777,-10.389996,0.872656,-2251100,49.266247,-813324246.024638,-0.696171,30.375623,-11.898027,-24.590283,52.195337,-0.004002,-0.099671,0.124831,0.147049,0.487462
10-01-25,12.49,12.5,12.39,12.39,141400,12.403423,12.166181,12.509195,0.022949,-0.003743,-0.00028,TRUE,FALSE,-0.343014,0.008976,-23.766194,26.332682,55.695398,-0.357343,0.074043,-0.012919,0.743535,-5.927399,-5.550675,11.538715,3.242504,0.582757,10.114204,0.632789,0.128852,0.012262,0.802266,0.333875,-10.389996,1.686948,-2392500,46.07438,-813465646.024638,-0.763004,23.126448,-10.919063,-25.49391,51.839584,0.006451,0.162835,0.110734,0.128852,-0.132706
10-02-25,12.37,12.45,12.37,12.4,35800,12.419389,12.174364,12.506735,0.023317,-0.003292,-0.000328,TRUE,FALSE,-0.332371,0.009405,-17.029398,25.449903,56.406536,-6.813747,0.068648,-0.014651,1.397711,-5.639732,-5.753291,15.384587,2.643251,0.593808,6.693014,0.629151,0.113162,0.009371,0.83516,0.575212,-10.389996,0.433939,-2356700,-42.44373,-813474596.238023,-0.744641,23.077787,-9.670096,-24.05392,51.800591,0.017624,0.446788,0.096803,0.113162,-0.289691
10-03-25,12.42,12.44,12.37,12.38,58800,12.426873,12.184728,12.504321,0.023221,-0.002837,-0.000376,TRUE,FALSE,-0.319593,0.009955,-29.947896,24.63018,54.521548,-6.742255,0.062044,-0.017005,0.581046,-5.008641,-4.568124,7.692477,1.223884,0.583073,5.119398,0.621237,0.093996,0.00706,0.885722,0.165336,-10.389996,0.711004,-2415500,7.29927,-813516595.780258,-0.762024,15.031655,-11.871094,-29.595865,51.080385,0.003258,0.083535,0.084025,0.093996,-0.915592
10-06-25,12.32,12.35,12.3,12.3,45700,12.422377,12.193095,12.500873,0.022612,-0.002385,-0.000425,TRUE,FALSE,-0.307778,0.010264,-47.782278,22.92617,47.660466,-8.034932,0.04978,-0.023414,0.907618,-6.610737,-4.181467,0,-0.725805,0.598283,5.809384,0.623784,0.107487,0.009123,0.719728,0.09714,-8.122254,0.601276,-2461200,-74.554566,-813562295.780258,-0.888533,9.626225,-11.784736,-37.134464,50.716856,-0.00137,-0.035028,0.095512,0.107487,-2.10653
10-07-25,12.3,12.36,12.27,12.34,18900,12.421377,12.200872,12.498162,0.021556,-0.00193,-0.000473,TRUE,FALSE,-0.29729,0.010311,-30.390965,21.743298,50.981971,-5.424565,0.042796,-0.024319,1.732837,-3.935964,-2.841735,27.999878,-0.161816,0.567401,5.938195,0.58987,0.049964,0.00224,0.711978,0.943706,-7.268895,0.263782,-2442300,-82.169811,-813551795.646742,-0.903512,13.946416,-10.811148,-35.605217,51.162779,0.041342,1.113833,0.047324,0.049964,-1.37039
10-08-25,12.38,12.38,12.29,12.29,139200,12.412889,12.208245,12.496615,0.020131,-0.001484,-0.000521,TRUE,FALSE,-0.288369,0.01019,-34.661744,20.349462,46.96945,-7.552098,0.032847,-0.027414,0.498218,-2.986046,-2.715173,8.695454,-1.362449,0.575521,6.543132,0.590757,0.06201,0.003393,0.809481,0.909245,-7.268895,1.930384,-2581500,7.076923,-813690995.646742,-0.975802,12.538957,-11.969791,-36.934405,50.876805,0.03835,1.032277,0.058246,0.06201,-1.878133
10-09-25,12.32,12.36,12.3,12.32,9000,12.404404,12.213637,12.49473,0.018351,-0.001049,-0.000569,TRUE,FALSE,-0.281092,0.009862,-20.809443,19.055185,49.535792,1.875326,0.027072,-0.026552,1.236566,-2.140464,-2.552539,21.738842,-1.358612,0.59731,6.594845,0.569312,-0.000838,0.000001,0.864327,1.597759,-7.268895,0.128645,-2572500,-82.692308,-813693995.74211,-0.991674,13.567751,-10.038101,-28.787194,51.295142,0.073328,2.044659,-0.000814,-0.000838,-1.279858
10-10-25,12.36,12.4,12.32,12.4,118100,12.400918,12.221425,12.493391,0.016346,-0.000611,-0.000617,TRUE,FALSE,-0.271966,0.009705,0.017841,18.139001,55.693422,4.71145,0.02862,-0.020003,3.497918,-0.492816,-1.768988,56.521487,-0.559223,0.610653,6.41311,0.573185,-0.04957,0.002584,0.864291,1.731407,-7.268895,1.591644,-2454400,254.654655,-813575895.74211,-0.847745,27.13969,-6.572542,-29.112735,52.359967,0.08592,2.382647,-0.050829,-0.04957,-0.014315
10-14-25,12.45,12.5,12.42,12.48,96400,12.399935,12.228823,12.492599,0.014298,-0.00016,-0.000665,TRUE,FALSE,-0.263775,0.009664,12.920819,18.508457,60.83936,13.86991,0.035889,-0.010187,4.512003,0.466849,-1.286988,91.304131,-0.157292,0.629577,6.267192,0.577837,-0.011119,0.000135,0.919627,1.974489,-7.268895,1.296047,-2358000,3.87931,-813527696.891289,-0.72511,36.638904,-6.477826,-27.06263,51.903744,0.089523,2.459563,-0.011607,-0.011119,1.277525
10-15-25,12.51,12.56,12.5,12.5,56000,12.398954,12.234631,12.492296,0.012338,0.000303,-0.000713,TRUE,TRUE,-0.257665,0.009588,19.364247,19.428419,62.026792,12.490999,0.04277,-0.002645,5.912043,-1.174674,-1.052861,79.310197,-0.156653,0.645713,6.082707,0.576932,-0.01571,0.000271,1.028952,2.127902,-7.268895,0.754006,-2302000,-3.780069,-813583696.891289,-0.697571,41.231057,-6.678355,-28.338848,51.575509,0.09603,2.642662,-0.016458,-0.01571,1.661201
10-16-25,12.51,12.59,12.51,12.58,34000,12.403969,12.241641,12.491793,0.010484,0.000778,-0.000761,TRUE,TRUE,-0.250152,0.009807,32.352916,20.545673,66.413671,10.72025,0.054055,0.006913,6.232491,-0.696864,-1.851871,96.874925,0.803627,0.664319,7.11011,0.568978,-0.026712,0.000832,1.535524,1.987125,-7.268895,0.518372,-2268000,-83.622351,-813558197.093945,-0.611535,46.931055,-4.964375,-25.861884,52.273313,0.091614,2.557087,-0.028837,-0.026712,2.47579
10-17-25,12.58,12.59,12.57,12.59,36500,12.410481,12.250641,12.491095,0.008767,0.001263,-0.000808,TRUE,TRUE,-0.240453,0.010075,33.333333,21.583123,66.928004,6.088644,0.063079,0.012749,6.227899,-1.079454,-2.291596,100,1.045304,0.629751,8.166012,0.568067,-0.025788,0.000809,1.530926,1.8726,-7.221469,0.558616,-2231500,-12.048193,-813521697.093945,-0.569874,47.094315,-2.934792,-25.314852,52.735157,0.086819,2.427116,-0.028452,-0.025788,2.198374
10-20-25,12.62,12.66,12.62,12.64,12700,12.421488,12.260443,12.490598,0.007301,0.001751,-0.000855,TRUE,TRUE,-0.230154,0.010174,26.984175,23.134586,69.44729,7.420499,0.073419,0.018471,6.828728,0.010058,-0.933782,94.871914,1.772534,0.599006,9.648216,0.548627,-0.015037,0.000304,1.847178,2.649452,-7.221469,0.194785,-2218800,-18.064516,-813521696.791153,-0.543247,43.825594,-3.858809,-24.92619,52.418189,0.109949,3.181844,-0.017441,-0.015037,2.264796
10-21-25,12.65,12.68,12.62,12.64,18500,12.433493,12.270245,12.490247,0.006043,0.002242,-0.000901,TRUE,TRUE,-0.220002,0.010262,31.147695,24.727313,69.44729,3.033619,0.080683,0.020588,5.763985,1.99754,-1.383752,90.243908,1.936282,0.615958,10.791488,0.548743,-0.006899,0.00007,1.802962,2.568199,-7.221469,0.317842,-2218800,-88.320707,-813527863.261788,-0.368377,48.925371,-3.486919,-22.037945,53.146218,0.105657,3.05665,-0.008368,-0.006899,1.913615
10-22-25,12.64,12.64,12.62,12.63,55500,12.444998,12.280245,12.489798,0.005048,0.002728,-0.000947,TRUE,TRUE,-0.209553,0.01041,42.857143,26.206273,68.241496,1.313492,0.084657,0.01965,5.33037,1.192896,0.20708,87.804827,1.855634,0.565547,11.610033,0.545582,-0.014135,0.000296,1.723862,2.261125,-7.221469,0.963876,-2274300,-18.382353,-813527863.261788,-0.28948,54.57845,-4.00156,-21.361884,52.961802,0.095598,2.78199,-0.017213,-0.014135,1.593471
10-23-25,12.59,12.63,12.59,12.6,56700,12.456,12.291834,12.489932,0.004303,0.003205,-0.000992,TRUE,TRUE,-0.198098,0.01042,34.482895,26.94258,64.616926,-4.830364,0.084413,0.015524,6.223315,1.352512,-0.107838,80.487816,1.777462,0.544218,11.997373,0.54546,-0.025677,0.000979,1.649648,2.267272,-7.221469,0.957447,-2331000,137.238494,-813556212.585871,-0.293253,53.008958,-3.608219,-21.21316,52.519198,0.097819,2.848216,-0.031281,-0.025677,1.200265
10-24-25,12.64,12.65,12.61,12.61,50100,12.4685,12.30223,12.49041,0.003847,0.003674,-0.001037,TRUE,TRUE,-0.18818,0.010628,40.350818,27.817514,65.278895,-4.168395,0.084057,0.012135,6.129987,0.794,0.35743,82.926665,2.022646,0.532458,12.244337,0.529791,-0.032494,0.001669,1.556644,1.833396,-7.221469,0.867232,-2280900,-36.662453,-813606312.585871,-0.275516,60.34754,-4.445279,-21.207239,52.270678,0.082291,2.467803,-0.040855,-0.032494,1.155633
10-27-25,12.6,12.71,12.6,12.71,80400,12.486,12.315422,12.491827,0.003711,0.004142,-0.001081,TRUE,TRUE,-0.176405,0.010901,69.491482,29.150757,71.101695,2.860199,0.090798,0.015101,6.349701,1.433559,0.609451,100,2.83171,0.545128,13.084348,0.534975,-0.04785,0.003491,1.794263,2.371188,-7.221469,1.338216,-1429900,135.087719,-667418743.766711,-0.150576,67.959009,-3.715958,-20.59463,60.866366,0.103907,3.088671,-0.059086,-0.04785,1.711969
10-28-25,12.74,12.75,12.7,12.679164,65000,12.496458,12.330186,12.493823,0.003844,0.004601,-0.001125,TRUE,TRUE,-0.163637,0.011254,58.392319,30.69176,67.350892,2.733966,0.092584,0.01351,6.356682,0.87028,0.907878,84.600856,1.677335,0.52392,13.767796,0.527935,-0.027937,0.001221,1.618106,1.866016,-7.221469,1.083424,-1322300,-2.548726,-605214020.656501,-0.287168,69.792962,-3.702632,-20.282093,62.727195,0.082683,2.48773,-0.034944,-0.027937,1.327051
10-29-25,12.65,12.65,12.54,12.490072,113000,12.498462,12.34296,12.495266,0.004222,0.005039,-0.001169,TRUE,FALSE,-0.152305,0.011433,27.790605,29.382401,49.949826,-15.329069,0.077845,-0.000984,3.648597,-1.200758,-0.826755,42.238253,0.321867,0.559968,13.725721,0.556388,0.082332,0.009641,1.432536,0.670683,-7.221469,1.820085,-1435300,58.707865,-605429599.729353,-0.432003,71.84243,-4.832481,-20.546758,62.478894,0.025514,0.731482,0.098188,0.082332,-0.061123
10-30-25,12.5,12.59,12.5,12.549928,44200,12.506458,12.354742,12.497496,0.004849,0.005466,-0.001212,TRUE,TRUE,-0.142754,0.011729,30.66592,27.651855,54.001138,-17.100557,0.070184,-0.006916,4.490455,-1.343876,-0.581279,53.471594,1.290778,0.574331,13.524973,0.55907,0.083989,0.008645,1.221853,0.817114,-7.077182,0.77239,-1391100,-68.74116,-605424759.70477,-0.340916,67.755259,-4.664418,-21.106791,62.708567,0.033136,0.944978,0.09298,0.083989,0.321402
10-31-25,12.55,12.58,12.54,12.549928,18800,12.513955,12.366325,12.498699,0.00568,0.005883,-0.001255,TRUE,TRUE,-0.132375,0.011855,22.384557,26.04492,54.001138,-13.349754,0.063383,-0.010974,3.631861,-0.882149,-1.061594,39.37202,1.209098,0.551565,13.317767,0.549737,0.146805,0.024844,1.086878,1.183429,-7.077182,0.333481,-1391100,-47.486034,-605434227.611214,-0.346516,63.501192,-6.184534,-20.990969,62.527971,0.039855,1.165455,0.157619,0.146805,0.270114
11-03-25,12.52,12.55,12.51,12.500048,65700,12.519957,12.378303,12.498872,0.006573,0.006283,-0.001298,TRUE,TRUE,-0.120569,0.011894,3.134169,24.213226,50.083059,0.133233,0.053353,-0.016803,2.378739,-0.499973,-2.204801,0.019073,0.96969,0.51948,12.947639,0.552841,0.154036,0.025964,1.068786,0.947347,-7.077182,1.158322,-1456800,11.734694,-605532621.753264,-0.394121,52.71301,-8.691633,-19.666225,62.196777,0.028676,0.834331,0.161135,0.154036,-0.153768
11-04-25,12.51,12.54,12.5,12.490072,64300,12.529461,12.388489,12.498603,0.007391,0.006668,-0.00134,TRUE,FALSE,-0.110113,0.011896,-1.576738,22.644795,49.31248,-4.688657,0.04409,-0.020852,2.13056,-0.501141,-1.457908,-3.9711,1.545301,0.497019,11.903655,0.553056,0.14502,0.026049,1.077579,0.908801,-7.077182,1.115351,-1521100,40.700219,-605628839.498776,-0.431577,44.328112,-5.133564,-18.18277,63.096382,0.032164,0.935484,0.161398,0.14502,-0.330893
11-05-25,12.53,12.56,12.51,12.490072,80400,12.536964,12.39987,12.49804,0.008139,0.007034,-0.001382,TRUE,FALSE,-0.098171,0.011846,-16.361232,21.14777,49.31248,-4.688657,0.036331,-0.022889,2.883987,-0.813311,-2.505435,-3.9711,1.216143,0.48554,11.091828,0.552399,0.137338,0.024347,1.140314,0.988334,-7.077182,1.324002,-1521100,325.396825,-605773327.633205,-0.537338,47.69245,-3.840935,-19.956267,62.437225,0.033511,0.974956,0.156035,0.137338,-0.422761
11-06-25,12.54,12.63,12.54,12.589832,34100,12.551956,12.413047,12.497782,0.008793,0.007388,-0.001423,TRUE,TRUE,-0.084735,0.011754,-0.026251,20.64852,56.988032,6.904973,0.037796,-0.017139,3.620803,-0.876266,-1.726732,35.932922,2.439645,0.549734,9.488585,0.546297,0.114747,0.017934,1.140392,1.823222,-6.42229,0.614747,-1487000,-75.502874,-605769665.854288,-0.459469,47.527829,-3.109467,-18.258754,63.429374,0.066746,1.957153,0.133918,0.114747,0.39918
11-07-25,12.51,12.56,12.5,12.480096,64300,12.559961,12.424427,12.497561,0.009219,0.007725,-0.001464,TRUE,FALSE,-0.073134,0.011569,-22.871766,19.594461,48.320104,-0.992376,0.029759,-0.020141,2.717616,-0.580616,-1.612119,-7.961655,1.299482,0.565918,7.984915,0.555786,0.112793,0.016725,1.229852,1.10132,-6.42229,1.104147,-1551300,614.444444,-605876626.755504,-0.526913,42.954894,-4.084375,-17.522776,62.834283,0.043129,1.242296,0.129324,0.112793,-1.000195
11-10-25,12.51,12.52,12.5,12.480096,30400,12.563965,12.43441,12.497633,0.009413,0.008041,-0.001504,TRUE,FALSE,-0.063222,0.011295,-22.871766,18.615691,48.320104,-0.992376,0.023123,-0.021422,2.886141,-1.047751,-3.317431,-7.961655,0.645937,0.554417,7.312999,0.553555,0.098934,0.01359,1.313233,1.263108,-6.373519,0.564531,-1551300,-74.259102,-605967533.946043,-0.763884,40.088441,-5.151427,-19.179507,62.056319,0.047468,1.370593,0.116576,0.098934,-1.146856
11-11-25,12.5,12.53,12.5,12.500048,41600,12.564968,12.443795,12.497365,0.00936,0.008333,-0.001544,TRUE,TRUE,-0.05357,0.010843,-18.326741,17.845054,49.926099,-7.061934,0.019252,-0.020234,3.988993,-0.343268,-3.815199,0.019073,0.160642,0.570619,7.204788,0.538869,0.09293,0.012693,1.375204,1.822005,-6.373519,0.813931,-1509700,-56.846473,-606009001.702028,-0.892555,45.917305,-4.188379,-17.955673,61.868279,0.065234,1.934035,0.112665,0.09293,-0.901069
11-12-25,12.54,12.6,12.54,12.539952,26800,12.566965,12.456373,12.496417,0.009073,0.0086,-0.001583,TRUE,TRUE,-0.040044,0.010275,-8.351715,18.01311,53.067485,4.747381,0.019183,-0.016242,3.719946,0.211587,-3.290988,15.980911,0.319618,0.602953,7.069288,0.528615,0.093083,0.013816,1.401978,2.392507,-6.373519,0.539778,-1482900,-52.142857,-606035844.299183,-0.889438,51.128418,-5.480808,-18.519189,61.323525,0.081119,2.453045,0.117541,0.093083,-0.38212
11-13-25,12.52,12.57,12.5,12.470119,65100,12.561471,12.465758,12.495266,0.008533,0.008833,-0.001622,TRUE,FALSE,-0.029508,0.009739,-17.960417,17.514153,47.456641,-0.863463,0.01334,-0.017669,3.483027,0.366461,-3.102622,-11.952209,-0.873453,0.617786,7.382688,0.523839,0.128694,0.030548,1.475045,1.666578,-6.373519,1.27136,-1548000,91.470588,-606156522.315531,-1.005166,43.8537,-4.100994,-15.855952,62.075331,0.054551,1.678968,0.17478,0.128694,-1.237381
11-14-25,12.49,12.49,12.42,12.39031,56400,12.551487,12.47195,12.493569,0.007717,0.009026,-0.00166,FALSE,FALSE,-0.021619,0.00906,-42.140204,16.594692,41.992193,-7.933906,0.002243,-0.023012,3.763258,-1.605544,-2.693069,-8.996908,-1.586099,0.598706,8.273171,0.53181,0.12478,0.027876,1.395963,1.281808,-6.373519,1.08046,-1604400,54.520548,-606260765.498093,-1.120817,34.744458,-4.181743,-17.100078,61.501084,0.042892,1.298538,0.166962,0.12478,-1.948184
11-17-25,12.45,12.45,12.39,12.360383,21200,12.537506,12.474552,12.490973,0.006663,0.009175,-0.001697,FALSE,FALSE,-0.016422,0.008192,-42.070804,16.108181,40.12634,-12.941145,-0.008863,-0.027295,4.294839,-1.92012,-3.37101,-11.391305,-2.212162,0.605934,9.026947,0.526651,0.139162,0.036261,0.906932,1.465344,-6.373519,0.40285,-1625600,66.929134,-606302895.249817,-1.151794,27.811329,-2.770381,-16.156833,61.871432,0.049833,1.530073,0.190424,0.139162,-1.962159
11-18-25,12.4,12.42,12.33,12.330454,59200,12.522029,12.473362,12.487934,0.005403,0.009284,-0.001734,FALSE,FALSE,-0.014572,0.007384,-26.666964,16.326957,38.293814,-9.162827,-0.019852,-0.030627,3.090173,-0.36162,-3.531632,0.151316,-2.448944,0.578925,9.797893,0.522043,0.12716,0.030161,1.039643,1.016557,-6.373519,1.083059,-1684800,220,-606361498.055734,-1.156879,30.086268,-3.956254,-14.237827,61.776617,0.038058,1.175141,0.17367,0.12716,-1.955266
11-19-25,12.4,12.4,12.34,12.310502,26400,12.506054,12.472372,12.48352,0.003963,0.009352,-0.00177,FALSE,FALSE,-0.011148,0.006422,-42.85724,16.530105,37.078157,-4.914036,-0.029827,-0.032481,2.83781,0.845364,-3.319841,-6.499286,-2.529676,0.562234,10.52264,0.51785,0.110895,0.023113,1.193858,1.196724,-6.373519,0.496194,-1711200,-52.432432,-606413856.615037,-1.23772,30.92707,-4.62452,-14.912525,61.291781,0.042774,1.32664,0.152028,0.110895,-1.858391
11-20-25,12.37,12.41,12.37,12.370358,12800,12.494572,12.470584,12.4797,0.002441,0.00938,-0.001806,FALSE,FALSE,-0.009116,0.005554,-29.032318,16.550908,42.931352,2.805013,-0.032527,-0.028145,3.942649,1.008806,-2.02645,13.452839,-1.822555,0.593869,10.695051,0.520828,0.096111,0.017396,1.278745,1.394478,-6.373519,0.250931,-1698400,-77.425044,-606426427.122631,-1.275514,30.265657,-2.127507,-13.608836,62.087939,0.053562,1.646935,0.131895,0.096111,-1.161409
11-21-25,12.42,12.44,12.4,12.400287,24400,12.484086,12.468796,12.475588,0.000908,0.009364,-0.001841,FALSE,FALSE,-0.006792,0.004676,-16.666746,16.070527,45.653537,7.359723,-0.031884,-0.022002,3.501797,0.684804,-0.950009,23.428902,-1.663069,0.60951,10.53058,0.520463,0.101464,0.019599,1.326939,1.603234,-6.373519,0.490699,-1674000,-51.297405,-606450476.914014,-1.282282,36.336718,-2.353592,-14.845536,61.793885,0.059428,1.830621,0.139998,0.101464,-0.795772
11-24-25,12.44,12.5,12.44,12.450167,17000,12.471094,12.468405,12.471922,-0.000557,0.009316,-0.001875,FALSE,FALSE,-0.003517,0.003972,-6.250205,15.117043,49.939476,12.86132,-0.027038,-0.013725,4.43859,0.927938,0.542129,40.055567,-2.044322,0.641326,9.102765,0.517896,0.112992,0.025494,1.343065,1.517176,-6.373519,0.365159,-1657000,-78.855721,-606461715.585238,-1.468014,42.450421,-3.374722,-15.132339,61.304017,0.052848,1.640942,0.159668,0.112992,-0.229905
11-25-25,12.5,12.57,12.5,12.52,73500,12.463136,12.468812,12.469781,-0.001948,0.009243,-0.001908,TRUE,TRUE,-0.000969,0.00344,4.225348,15.103853,55.25934,12.327988,-0.017362,-0.003239,4.936809,0.210326,0.318013,63.333471,-1.255315,0.66622,7.788888,0.519889,0.120336,0.029357,1.334522,1.58494,-6.373519,1.564496,-1583500,13.076923,-606493214.440823,-1.361424,41.736178,-3.249087,-16.186444,60.989184,0.05341,1.65531,0.171338,0.120336,0.730068
11-26-25,12.5,12.57,12.5,12.55,4100,12.466133,12.469419,12.467839,-0.003215,0.009144,-0.00194,TRUE,TRUE,0.001581,0.002728,-6.237986,15.091605,57.35587,11.702333,-0.007191,0.005546,5.363995,0.609507,-1.363589,81.481442,0.479805,0.624828,8.010096,0.501208,0.120194,0.031932,1.067589,2.295752,-6.373519,0.098712,-1579400,-96.371681,-606491457.250088,-1.278268,38.36215,-3.210122,-16.641842,60.659149,0.072572,2.336142,0.178696,0.120194,1.047023
11-27-25,12.55,12.58,12.55,12.57,107000,12.467136,12.471225,12.46634,-0.004293,0.009026,-0.001971,TRUE,TRUE,0.004885,0.002165,16.381766,15.204027,58.743822,8.804345,0.002456,0.012154,4.916817,-0.126072,-1.732303,88.888653,0.159937,0.589834,8.132252,0.49365,0.113122,0.029043,1.185188,2.01232,-6.373519,2.395076,-1472400,142.081448,-606455792.851067,-1.153926,54.4649,-3.879039,-17.775377,60.703284,0.064356,2.100246,0.170419,0.113122,1.264883
11-28-25,12.56,12.56,12.52,12.54,13900,12.46664,12.47283,12.465475,-0.0052,0.008889,-0.002002,TRUE,TRUE,0.007355,0.001657,10.349634,14.793796,55.809511,0.550171,0.007592,0.013832,4.232479,-0.520964,-2.435444,77.77766,-0.079106,0.596995,8.081932,0.489216,0.102206,0.023995,1.171409,1.541845,-6.004328,0.312852,-1486300,-26.06383,-606455793.182469,-1.149635,56.09846,-4.350314,-18.751988,60.336676,0.051099,1.67835,0.154904,0.102206,0.907705
12-01-25,12.42,12.44,12.39,12.39,23700,12.461137,12.472233,12.463027,-0.00602,0.008724,-0.002031,FALSE,FALSE,0.009206,0.00113,-15.524731,14.810506,43.980221,-13.375649,-0.000436,0.004644,4.020719,-1.245445,-3.96678,22.22234,-0.880375,0.661928,8.216014,0.491056,0.129799,0.039627,1.223334,0.224213,-6.004328,0.559887,-1510000,-63.926941,-606479493.182469,-1.11844,50.166056,-3.481032,-17.353468,60.172218,0.009904,0.326695,0.199065,0.129799,-0.865835
12-02-25,12.35,12.37,12.31,12.36,28100,12.454634,12.471435,12.46038,-0.006694,0.008531,-0.00206,FALSE,FALSE,0.011055,0.000817,-25.746214,15.609708,42.060025,-16.683797,-0.009113,-0.003227,2.992516,-0.85858,-6.184835,18.51827,-1.041408,0.652004,8.485318,0.462367,0.139049,0.051239,1.300702,-0.647204,-6.004328,0.693485,-1538100,-56.2986,-606460760.146896,-1.026556,45.020201,-3.984228,-17.083178,60.026519,-0.017069,-0.601666,0.226361,0.139049,-1.11527
12-03-25,12.35,12.38,12.34,12.35,42400,12.44763,12.470437,12.458565,-0.007237,0.00832,-0.002088,FALSE,FALSE,0.011871,0.000437,-18.794616,16.19806,41.411052,-14.39846,-0.016606,-0.008576,2.229373,-1.641893,-6.537443,14.814828,-1.121466,0.635181,8.751314,0.461426,0.138381,0.051061,1.365843,-0.556417,-5.85584,1.097877,-1580500,-47.263682,-606481959.641449,-0.917442,55.329704,-4.472725,-18.795927,59.757118,-0.014858,-0.524723,0.225968,0.138381,-1.115602
12-04-25,12.33,12.33,12.24,12.26,32700,12.431139,12.468038,12.456203,-0.007645,0.008089,-0.002115,FALSE,FALSE,0.011835,0.00008,-20.069149,17.589674,36.023382,-7.956839,-0.029467,-0.017149,0.242717,-2.204427,-6.179945,5.882485,-2.619829,0.663149,9.033756,0.458468,0.111696,0.034585,1.46765,-1.44632,-5.559969,0.848249,-1613200,-4.105572,-606500126.000114,-0.947419,58.07077,-7.244038,-20.601816,58.698672,-0.039152,-1.379713,0.185969,0.111696,-1.894433
12-05-25,12.06,12.06,11.96,11.98,156300,12.406134,12.460438,12.452783,-0.008102,0.007834,-0.002142,FALSE,FALSE,0.007655,-0.000674,-42.294026,20.347771,25.087697,-16.972328,-0.061543,-0.039381,-3.308554,-3.214739,-8.79908,3.225727,-4.007151,0.821745,13.449349,0.541854,0.146774,0.04263,1.878564,-2.456184,-5.743513,3.622248,-1769500,143.079316,-606593907.788819,-0.831148,45.851548,-10.365743,-20.559428,57.654634,-0.082157,-2.459926,0.206471,0.146774,-3.168438
12-08-25,11.96,12.06,11.93,12.04,252000,12.384129,12.454038,12.448585,-0.008579,0.007556,-0.002169,FALSE,FALSE,0.005453,-0.001336,-31.250083,23.019944,29.992124,-11.418928,-0.081186,-0.047219,-2.589002,-2.182225,-8.34231,16.923034,-3.526382,0.84138,15.603321,0.546648,0.133509,0.034787,2.130598,-2.114922,-5.743513,4.646874,-1517500,728.947368,-606419447.956812,-0.416664,65.67583,-8.876435,-19.226505,58.282383,-0.069635,-2.058304,0.186513,0.133509,-2.205486
12-09-25,12.02,12.02,11.96,11.97,54300,12.357627,12.444038,12.443841,-0.009148,0.007254,-0.002195,FALSE,FALSE,0.000197,-0.002037,-34.76289,25.501247,27.712625,-8.310757,-0.101235,-0.053814,-3.930715,-2.907149,-9.812563,6.153844,-4.240363,0.852539,17.86792,0.549363,0.12967,0.032295,2.421253,-2.500052,-5.822185,0.989702,-1571800,30.528846,-606455647.669123,-0.407041,63.602491,-10.087389,-19.779689,57.868301,-0.082054,-2.410276,0.179708,0.12967,-2.169399
12-10-25,11.98,12.05,11.98,12.03,106200,12.332129,12.435638,12.438417,-0.009738,0.006935,-0.002221,FALSE,FALSE,-0.002779,-0.002577,-34.743212,27.359621,32.451587,7.36389,-0.111003,-0.050866,-3.680527,-2.105956,-8.41844,15.384536,-4.066623,0.83671,18.746131,0.553545,0.142339,0.038677,2.645848,-2.31788,-5.822185,1.805048,-1465600,296.268657,-606410134.210178,-0.318084,67.1715,-9.810879,-19.41739,57.708783,-0.080025,-2.340658,0.196664,0.142339,-1.611689
12-11-25,12.08,12.09,12.04,12.04,47400,12.310623,12.428638,12.432994,-0.010369,0.006593,-0.002246,FALSE,FALSE,-0.004356,-0.003141,-37.54109,28.503624,33.237189,3.245065,-0.116593,-0.045165,-3.446211,-2.260854,-8.206032,16.923034,-3.449201,0.830295,19.530557,0.552853,0.143206,0.039415,2.853096,-2.12847,-5.822185,0.817947,-1418200,-27.18894,-606457534.210178,-0.259717,67.927062,-10.613605,-19.916106,57.472908,-0.07438,-2.179108,0.198533,0.143206,-1.38564
12-12-25,11.97,12,11.95,11.96,47200,12.289108,12.419838,12.427205,-0.011087,0.006226,-0.002272,FALSE,FALSE,-0.007367,-0.003846,-49.520144,30.031917,30.210235,2.497609,-0.126026,-0.043678,-4.317401,-2.360863,-8.270347,4.615346,-3.472958,0.830048,20.926804,0.558236,0.149975,0.042356,3.123679,-2.347088,-5.900865,0.821012,-1465400,-16.312057,-606485853.850072,-0.195763,64.169972,-10.671309,-20.235749,57.213277,-0.08182,-2.3776,0.205805,0.149975,-1.57266
12-15-25,12.05,12.07,12.03,12.03,34100,12.272588,12.412838,12.421079,-0.011868,0.005843,-0.002296,FALSE,FALSE,-0.008241,-0.004475,-49.495082,30.508692,35.726028,3.274441,-0.126396,-0.035239,-3.910765,-1.23048,-6.968061,15.384536,-2.672921,0.81938,21.626837,0.56348,0.156665,0.044335,3.326303,-1.900059,-5.900865,0.586566,-1431300,60.849057,-606519953.850072,-0.186685,62.581946,-10.466276,-18.625927,57.609816,-0.064515,-1.859206,0.21056,0.156665,-1.121702
12-16-25,11.96,12.06,11.96,12.06,54700,12.259066,12.408038,12.41407,-0.012688,0.005449,-0.00232,FALSE,FALSE,-0.006033,-0.005068,-49.494938,31.342818,37.988123,4.750934,-0.122853,-0.025356,-3.363133,-1.385042,-6.453869,20.000029,-2.193378,0.83511,22.086625,0.56462,0.149145,0.040544,3.498329,-1.704092,-5.900865,0.944569,-1376600,-7.601351,-606465253.850072,-0.089584,59.026237,-9.045473,-18.187678,58.177501,-0.053962,-1.548898,0.201355,0.149145,-0.901293
12-17-25,12,12.03,11.99,12,44700,12.243541,12.401238,12.407548,-0.013587,0.005036,-0.002344,FALSE,FALSE,-0.00631,-0.00574,-55.339739,32.117363,35.311429,5.101194,-0.123463,-0.020773,-3.689942,-2.428699,-6.707554,11.111061,-2.522253,0.863096,22.786248,0.567597,0.151882,0.041291,3.493268,-1.927061,-5.900865,0.759881,-1421300,69.318182,-606487603.317206,-0.062683,51.355068,-8.868235,-19.172826,57.888059,-0.063556,-1.815409,0.203203,0.151882,-1.068805
12-18-25,12,12.03,12,12.01,46400,12.225523,12.395638,12.40196,-0.01453,0.004609,-0.002368,FALSE,FALSE,-0.006323,-0.006408,-52.47516,32.836584,36.119335,0.393306,-0.121736,-0.015237,-3.29999,-2.660884,-7.541091,15.686282,-2.913078,0.850482,23.152474,0.567687,0.151972,0.041869,2.604974,-1.81293,-5.900865,0.766879,-1374900,262.5,-606503069.00052,-0.063335,54.439093,-8.247138,-20.548738,57.489399,-0.061802,-1.765566,0.204619,0.151972,-0.930883
12-19-25,11.96,11.99,11.94,11.95,142300,12.203008,12.388238,12.397252,-0.015555,0.00416,-0.002391,FALSE,FALSE,-0.009014,-0.007186,-47.826042,33.854713,33.422231,-4.565892,-0.123782,-0.013826,-3.628282,-3.457104,-7.236942,4.444336,-3.631262,0.806935,23.549532,0.570495,0.13951,0.035408,2.557927,-1.960959,-5.979545,2.143072,-1517200,483.196721,-606588447.914861,-0.103894,48.589667,-8.907926,-22.389775,56.728134,-0.068804,-1.949343,0.188169,0.13951,-1.074368
12-22-25,11.95,11.98,11.94,11.98,77700,12.1795,12.379838,12.392349,-0.016698,0.003694,-0.002413,FALSE,FALSE,-0.012511,-0.007893,-41.304314,34.800118,35.995677,0.684248,-0.121582,-0.009301,-3.386347,-3.677088,-4.91669,11.110946,-3.776392,0.781065,23.297794,0.571821,0.142499,0.036906,2.612695,-1.840256,-5.979545,1.119032,-1439500,357.058824,-606510747.914861,-0.035308,53.314329,-9.656012,-22.623625,56.593951,-0.066138,-1.870932,0.19211,0.142499,-0.856306
12-23-25,11.98,12.08,11.98,12.07,38600,12.157,12.371638,12.387552,-0.01785,0.003211,-0.002435,FALSE,FALSE,-0.015915,-0.008245,-28.000015,34.198031,43.101248,6.981913,-0.111292,0.000791,-2.503659,-2.953459,-4.938159,34.999881,-3.594255,0.810748,21.971518,0.568224,0.128257,0.029906,1.992954,-1.916492,-5.979545,0.570247,-1400900,-47.482993,-606479868.062108,0.009858,53.112018,-9.119326,-21.47483,56.910805,-0.065646,-1.862019,0.172934,0.128257,-0.395968
12-24-25,12.07,12.11,12.07,12.11,10941,12.135,12.363838,12.383251,-0.018809,0.00271,-0.002457,FALSE,FALSE,-0.019413,-0.008543,-15.789505,33.246047,45.972088,12.549856,-0.098772,0.010649,-2.022661,-1.692606,-4.402846,100,-3.50598,0.766782,19.938065,0.570188,0.127008,0.029133,0.855599,-1.681694,-5.979545,0.160821,-1389959,166.853659,-606468927.062108,0.016559,55.172843,-8.809589,-20.994079,57.123521,-0.056808,-1.605143,0.170683,0.127008,-0.12539
12-29-25,12.1,12.14,12.1,12.13,128600,12.113,12.354838,12.379688,-0.019568,0.002193,-0.002478,FALSE,FALSE,-0.02485,-0.008891,21.739166,31.975461,47.401138,11.405461,-0.086241,0.018544,-1.860845,-1.845858,-4.023298,95.237987,-3.500395,0.612414,17.112945,0.56789,0.126461,0.029174,0.949727,-1.38703,-5.979545,1.860746,-1261359,20.186916,-606404628.595141,0.037015,68.467243,-8.468875,-20.121451,57.326804,-0.045146,-1.280824,0.170805,0.126461,0.099341
12-30-25,12.05,12.06,12.02,12.04,103900,12.088,12.343838,12.375232,-0.02016,0.001661,-0.002499,FALSE,FALSE,-0.031395,-0.009355,0,31.483684,42.015613,-1.085635,-0.08262,0.017732,-3.448278,-2.652313,-4.143712,50,-3.987241,0.605127,13.89662,0.574967,0.130014,0.030111,0.949727,-1.748514,-5.979545,1.411454,-1365259,647.482014,-606404631.072312,0.034751,52.392744,-9.13315,-20.949826,56.961711,-0.058611,-1.643134,0.173525,0.130014,-0.345408
12-31-25,12.04,12.04,12,12,76400,12.0685,12.331038,12.370823,-0.020548,0.001115,-0.002518,FALSE,FALSE,-0.039785,-0.009899,4.347778,31.18629,39.848638,-6.123449,-0.082033,0.014655,-3.614456,-3.977568,-5.368195,30.000095,-3.147702,0.583334,12.049356,0.575963,0.142762,0.035067,0.927225,-1.824013,-5.979545,1.002006,-1441659,222.362869,-606481031.072312,-0.001008,51.17918,-8.573137,-21.028852,57.050351,-0.058429,-1.639392,0.187261,0.142762,-0.568495
01-02-26,11.96,11.96,11.88,11.88,86000,12.0445,12.315838,12.365322,-0.02079,0.000549,-0.002538,FALSE,FALSE,-0.049484,-0.010754,-19.999898,31.747493,34.157096,-13.244042,-0.090211,0.005182,-4.116224,-3.403295,-6.674291,0,-3.883492,0.613276,10.634981,0.583923,0.128086,0.027661,1.055751,-1.959453,-6.53029,1.086654,-1527659,206.049822,-606567031.072312,-0.067139,41.008225,-9.443909,-21.014925,56.169061,-0.064531,-1.779106,0.166315,0.128086,-1.546781
01-05-26,11.92,12.01,11.91,11.98,69700,12.026,12.302838,12.36037,-0.020791,-0.000027,-0.002556,FALSE,FALSE,-0.057532,-0.011353,-7.142898,31.598304,41.637907,-0.377705,-0.087612,0.006224,-3.387097,-2.036729,-5.960946,38.461285,-2.995958,0.649893,7.910025,0.593373,0.156767,0.04061,1.088355,-1.697929,-6.53029,0.865763,-1457959,64.386792,-606539151.869962,-0.03552,42.350286,-9.574497,-19.976744,56.095746,-0.061765,-1.687007,0.20152,0.156767,-0.581545
01-06-26,11.93,11.97,11.9,11.97,76100,12.0115,12.290238,12.354975,-0.020626,-0.000606,-0.002574,FALSE,FALSE,-0.064737,-0.012034,1.29873,31.531764,41.134635,1.285997,-0.085376,0.006769,-3.311792,-2.749989,-5.822616,34.615413,-2.365416,0.644469,5.760801,0.591537,0.156582,0.040888,1.08097,-1.559302,-6.53029,0.920449,-1534059,132.721713,-606463051.869962,0.022421,41.124104,-8.631638,-21.18441,55.814948,-0.057077,-1.564019,0.202209,0.156582,-0.72038
01-07-26,12.04,12.09,12.03,12.07,77400,12.016,12.279438,12.350277,-0.02016,-0.001185,-0.002592,FALSE,FALSE,-0.070839,-0.012483,4.999994,30.011768,47.914827,13.757731,-0.074674,0.013977,-1.869923,-0.979276,-5.108822,73.076697,0.751253,0.645047,5.852571,0.601235,0.135512,0.030072,1.066502,-1.27394,-6.53029,0.983081,-1456659,-50.479846,-606437252.690116,0.099486,43.605523,-6.197693,-18.548697,56.778983,-0.044539,-1.194062,0.173412,0.135512,0.922667
01-08-26,12.03,12.06,12.02,12.05,23200,12.0165,12.266238,12.345479,-0.019447,-0.001761,-0.002609,FALSE,FALSE,-0.079241,-0.012814,-1.265853,28.688979,46.754939,5.117031,-0.067033,0.017294,-2.350081,-0.657967,-4.161079,65.384587,0.083058,0.616479,5.878369,0.594744,0.170297,0.046262,1.069911,-1.650422,-6.53029,0.344766,-1479859,-90.793651,-606425652.966682,-0.004611,44.977179,-8.203842,-19.790008,56.176256,-0.067782,-1.852542,0.215086,0.170297,0.56989
01-09-26,12.02,12.12,12.02,12.1,20300,12.023,12.254654,12.341422,-0.018508,-0.002323,-0.002626,FALSE,FALSE,-0.086767,-0.012909,12.820582,26.807507,50.012866,8.878231,-0.056294,0.022426,-1.545969,-1.055454,-3.312285,84.615413,1.086049,0.63164,6.053274,0.59094,0.156101,0.037326,1.032974,-1.76412,-6.53029,0.309489,-1459559,-62.615101,-606413472.811805,0.032149,48.182714,-7.897978,-20.66744,56.0584,-0.067448,-1.846668,0.193199,0.156101,1.272046
01-12-26,12.03,12.07,12.03,12.07,15200,12.025,12.246253,12.337215,-0.017439,-0.002866,-0.002643,FALSE,FALSE,-0.090962,-0.012997,7.49994,25.060425,48.110702,0.195876,-0.049632,0.02327,-2.029221,-0.817748,-2.86906,73.076697,0.332502,0.656882,6.143032,0.59083,0.150185,0.034248,1.007277,-1.94724,-6.53029,0.249009,-1474759,-85.687382,-606398272.811805,0.009716,44.864448,-9.571363,-20.484908,55.619514,-0.072936,-1.99409,0.185061,0.150185,0.732533
01-13-26,12.03,12.05,12.01,12.04,54600,12.025,12.236054,12.333496,-0.016248,-0.003395,-0.002659,FALSE,FALSE,-0.097442,-0.012976,11.688354,23.652495,46.217724,-0.537215,-0.04624,0.02133,-2.903223,0.493142,-1.953375,61.538349,0,0.652586,6.143032,0.584172,0.172611,0.045289,0.946911,-2.371862,-6.53029,0.889221,-1529359,15.189873,-606370973.462688,0.070487,49.406626,-12.037076,-19.630991,55.446963,-0.092386,-2.56938,0.212811,0.172611,0.244179
01-14-26,12.02,12.14,12.02,12.12,73700,12.033,12.227456,12.329932,-0.014852,-0.003905,-0.002675,FALSE,FALSE,-0.102476,-0.012776,17.073239,22.556388,51.6779,1.665034,-0.036674,0.024717,-2.884613,1.497237,-0.669217,92.307523,1.337791,0.695426,6.292017,0.591568,0.179934,0.046659,0.887636,-2.080591,-6.53029,1.174932,-1455659,56.144068,-606321840.71507,0.130736,49.217032,-10.418399,-17.854328,55.792378,-0.08604,-2.364677,0.216006,0.179934,1.382703
01-15-26,12.13,12.19,12.13,12.16,89900,12.0395,12.220655,12.325913,-0.01324,-0.004388,-0.002689,FALSE,FALSE,-0.105258,-0.0124,11.688354,22.009962,54.182583,6.071881,-0.025571,0.028656,-2.720001,3.031234,0.463605,90.32265,1.080633,0.675516,6.901372,0.590748,0.173289,0.04234,1.072687,-2.113533,-6.53029,1.372162,-1365759,163.636364,-606321840.71507,0.151192,52.141523,-9.754507,-17.479343,55.792567,-0.08431,-2.315108,0.205766,0.173289,1.746028
01-16-26,12.19,12.2,12.14,12.16,35500,12.0445,12.214054,12.321352,-0.011419,-0.004846,-0.002704,FALSE,FALSE,-0.107299,-0.011997,6.849354,21.595354,54.182583,7.96486,-0.01658,0.030118,-3.338633,2.685778,-1.21212,87.5,0.829183,0.687263,7.401812,0.590748,0.190517,0.047285,1.067043,-2.113533,-6.53029,0.549901,-1365759,-35.100548,-606333674.424578,0.101909,53.420452,-11.020726,-17.053335,55.849918,-0.090474,-2.490812,0.217452,0.190517,1.560428
01-19-26,12.11,12.12,12.09,12.1,35300,12.0495,12.206252,12.315999,-0.00945,-0.005279,-0.002718,FALSE,FALSE,-0.109747,-0.011683,-3.896081,20.5799,49.701021,-1.976879,-0.014133,0.026052,-3.891976,2.093535,-2.933113,68.750149,0.833337,0.708381,7.423115,0.593358,0.192537,0.047868,1.073137,-2.288971,-6.53029,0.550813,-1401059,-21.029083,-606345440.343134,0.110914,43.950105,-12.461492,-16.423871,55.56292,-0.096876,-2.656146,0.218788,0.192537,0.680313
01-20-26,12.01,12.05,12,12.02,36300,12.05,12.194855,12.310393,-0.007466,-0.005687,-0.002732,FALSE,FALSE,-0.115538,-0.011522,-2.631523,19.567195,44.424809,-9.757774,-0.018437,0.017398,-4.905062,1.588712,-4.176139,43.750149,0.083266,0.707153,7.398435,0.597892,0.212266,0.061896,1.084777,-2.459074,-6.53029,0.570916,-1437359,-21.767241,-606352699.789242,0.118248,47.814411,-10.870597,-15.701928,55.989663,-0.099571,-2.72952,0.248789,0.212266,-0.405484
01-21-26,12.01,12.07,11.98,12.06,21400,12.0555,12.186454,12.30553,-0.005494,-0.006066,-0.002746,FALSE,FALSE,-0.119076,-0.011245,7.894819,18.826052,47.429853,-6.752731,-0.018408,0.013942,-4.588607,0.910892,-4.30477,56.250149,0.920507,0.734422,7.014833,0.599905,0.214411,0.062426,1.049468,-2.339057,-6.53029,0.371934,-1415959,-84.961349,-606336054.992056,0.219331,54.477677,-12.406711,-16.881362,55.977563,-0.094861,-2.592404,0.249853,0.214411,0.064156
01-22-26,12.06,12.13,12.06,12.11,90600,12.062,12.179052,12.300226,-0.00358,-0.006415,-0.002759,FALSE,FALSE,-0.121175,-0.010687,33.333425,17.509749,50.996693,1.295673,-0.014186,0.014531,-4.117185,0.993724,-4.205301,69.999968,1.085143,0.701898,6.879407,0.592596,0.219274,0.066943,0.857169,-2.536869,-6.53029,1.557181,-1325359,16.602317,-606297227.831293,0.183493,66.659679,-11.914329,-16.862974,56.069844,-0.102506,-2.842724,0.258733,0.219274,0.69773
01-23-26,12.09,12.09,12.03,12.08,63000,12.0625,12.170651,12.296398,-0.001836,-0.006736,-0.002772,FALSE,FALSE,-0.125748,-0.010197,16.129171,16.554438,48.854835,4.430026,-0.013111,0.012485,-4.126988,1.839492,-3.547465,60.000064,0.082852,0.674076,6.889155,0.59262,0.217109,0.065298,0.780475,-2.539048,-6.53029,1.060569,-1388359,63.212435,-606255228.165077,0.189084,57.535727,-11.566478,-16.162948,55.780653,-0.104401,-2.892623,0.255536,0.217109,0.254021
01-26-26,12.16,12.19,12.16,12.17,65100,12.0655,12.163252,12.293907,-0.000256,-0.007018,-0.002785,TRUE,FALSE,-0.130655,-0.009846,28.571487,16.114041,54.9657,7.535847,-0.004939,0.016525,-3.489291,2.426803,-2.371572,86.363774,0.495462,0.686699,7.229141,0.572258,0.158835,0.035565,0.728684,-1.59543,-6.53029,1.04814,-1323259,495.009597,-606276926.785416,0.154565,67.666332,-10.269326,-15.645505,56.231109,-0.063034,-1.780526,0.188586,0.158835,1.445539
01-27-26,12.12,12.12,12.06,12.07,21600,12.0625,12.155249,12.291309,0.001039,-0.007267,-0.002797,FALSE,FALSE,-0.13606,-0.00954,0,15.250657,48.09029,-2.906403,-0.006458,0.012005,-5.035408,0.99456,-3.852476,40.909111,-0.494645,0.68647,7.070133,0.576815,0.167615,0.039126,0.728684,-2.179534,-6.53029,0.38055,-1344859,-83.203733,-606291327.243184,0.099807,61.541424,-11.593141,-16.288912,55.873064,-0.085068,-2.388344,0.197803,0.167615,0.106076
01-28-26,12.04,12.06,12.02,12.04,79800,12.0625,12.148243,12.289202,0.002016,-0.007488,-0.002809,FALSE,FALSE,-0.140959,-0.009257,-1.408485,14.81404,46.222365,-2.63247,-0.009967,0.006797,-5.041058,0.99518,-5.41738,27.272885,0,0.68818,7.070133,0.577245,0.167679,0.039064,0.73691,-2.29183,-6.53029,1.436414,-1424659,-23.19538,-606291329.145766,0.101973,56.604528,-12.003138,-16.726552,55.688035,-0.088643,-2.486787,0.197645,0.167679,-0.318241
01-29-26,11.97,12.05,11.97,12.02,43900,12.0635,12.141435,12.287192,0.002737,-0.007688,-0.002821,FALSE,FALSE,-0.145757,-0.009062,-11.764722,14.842784,44.96837,-9.997329,-0.014198,0.002052,-3.763563,-0.252284,-5.356415,21.739257,0.16667,0.677441,6.990778,0.575774,0.16828,0.039608,0.792412,-2.19138,-6.53029,0.814018,-1468559,-42.539267,-606280353.884101,0.186053,51.990384,-11.8256,-17.479146,55.641614,-0.084258,-2.370484,0.199017,0.16828,-0.622242
01-30-26,12,12.01,11.99,12,38500,12.0695,12.134826,12.283949,0.003172,-0.007874,-0.002832,FALSE,FALSE,-0.149123,-0.008891,-10.447744,14.869475,43.691788,-4.398502,-0.018947,-0.002157,-4.381919,-0.088232,-5.731608,13.043388,1.0101,0.65476,5.735159,0.575924,0.14635,0.036477,0.847977,-2.230588,-6.53029,0.746775,-1507059,-55.232558,-606280353.884101,0.27803,50.389937,-9.282038,-14.591823,57.159829,-0.079806,-2.240999,0.19099,0.14635,-1.211824
02-02-26,11.99,12.01,11.96,11.98,74600,12.0695,12.128216,12.280508,0.003278,-0.008045,-0.002843,FALSE,FALSE,-0.152292,-0.008725,-9.090988,15.163629,42.395661,-3.826704,-0.024047,-0.005806,-4.541286,-1.074359,-6.984545,8.333135,0,0.649892,5.735159,0.576007,0.143043,0.03458,0.900923,-2.306824,-6.53029,1.440154,-1581659,7.030129,-606295275.591553,0.235402,49.105007,-10.098301,-16.993267,56.54612,-0.08192,-2.297754,0.185957,0.143043,-1.560558
02-03-26,11.96,11.99,11.95,11.99,62100,12.0705,12.120609,12.276821,0.003103,-0.008206,-0.002853,FALSE,FALSE,-0.156212,-0.008345,-22.033948,15.527719,43.301342,-1.667028,-0.026971,-0.006984,-4.080368,-1.79869,-7.330047,15.999985,0.16708,0.601691,5.567527,0.565067,0.170679,0.049954,0.977682,-2.686375,-6.53029,1.215264,-1519559,-18.396846,-606233175.591553,0.224928,40.150321,-9.675436,-19.083524,56.497828,-0.099256,-2.860796,0.223504,0.170679,-1.445888
02-04-26,11.94,12.01,11.94,12,23900,12.067,12.112603,12.273627,0.002861,-0.008356,-0.002863,FALSE,FALSE,-0.161024,-0.008102,-28.571429,15.584538,44.245372,0.553584,-0.028157,-0.006536,-3.923694,-1.876731,-9.04431,23.077064,-0.579948,0.60119,5.786553,0.555757,0.170517,0.051835,1.046306,-2.276721,-6.53029,0.493547,-1495659,-69.121447,-606216104.256013,0.228341,34.358887,-11.719561,-17.503023,56.236547,-0.084688,-2.48426,0.227673,0.170517,-1.157857
02-05-26,11.97,12.06,11.97,12.05,41100,12.067,12.1046,12.271915,0.00255,-0.008492,-0.002872,FALSE,FALSE,-0.167315,-0.00775,-18.032741,14.964191,48.832623,6.436962,-0.024777,-0.002524,-3.523375,-0.741001,-8.256357,44.000244,0,0.616479,5.786553,0.559161,0.147155,0.038619,1.078758,-2.065709,-6.53029,0.833333,-1441959,77.155172,-604219246.498703,0.244845,34.846356,-8.895272,-13.199077,57.332261,-0.068828,-1.992875,0.196516,0.147155,-0.293781
02-06-26,12.04,12.06,12.01,12.05,11900,12.0645,12.0952,12.26976,0.00223,-0.008614,-0.00288,FALSE,FALSE,-0.17456,-0.00734,-9.090941,14.388155,48.832623,5.531281,-0.021846,0.000325,-4.287842,-0.822293,-8.868431,44.000244,-0.413225,0.604624,5.744331,0.558491,0.141978,0.03721,1.099789,-2.143922,-6.53029,0.243354,-1441959,-41.37931,-604212106.589493,0.241794,37.831013,-11.748839,-15.515705,56.65847,-0.072788,-2.108513,0.192898,0.141978,-0.252419
02-09-26,12.01,12.07,12.01,12.07,18900,12.0645,12.0856,12.26795,0.00188,-0.008722,-0.002887,FALSE,FALSE,-0.18235,-0.006805,10.203931,13.71244,50.713734,6.468362,-0.017705,0.003573,-3.286002,-0.657687,-8.445718,52.000046,0,0.57995,5.744331,0.557078,0.135616,0.035069,1.072032,-2.222151,-6.53029,0.385046,-1509159,24.342105,-602990208.545726,0.244652,41.709778,-12.365111,-17.156347,55.267509,-0.075571,-2.192256,0.187267,0.135616,0.095741
02-10-26,12.09,12.15,12.09,12.14,36000,12.0695,12.077,12.266097,0.001541,-0.008808,-0.002894,TRUE,FALSE,-0.189097,-0.006247,15.384587,13.408631,56.712371,7.879748,-0.008675,0.010082,-2.725103,0.082387,-6.241731,80.000305,0.830568,0.570722,5.951338,0.559293,0.132217,0.030134,1.046537,-1.675565,-6.53029,0.747586,-1473159,-34.065934,-602966207.78278,0.245952,42.999955,-11.299479,-17.218728,55.155004,-0.061898,-1.783932,0.173592,0.132217,1.184613
02-11-26,12.15,12.22,12.15,12.16,48300,12.0715,12.0694,12.264245,0.00129,-0.00887,-0.0029,TRUE,FALSE,-0.194845,-0.005773,10.204105,13.866513,58.274893,9.44227,0.000094,0.015081,-2.720372,1.160105,-6.016127,78.571331,0.330033,0.575658,6.192312,0.554365,0.131942,0.030679,1.038441,-1.306389,-6.53029,1.03018,-1424859,-34.464043,-601877013.158804,0.163425,39.177926,-10.504967,-15.438437,55.208403,-0.047227,-1.373609,0.175154,0.131942,1.429189
02-12-26,12.22,12.28,12.22,12.28,36600,12.0775,12.0672,12.262796,0.00117,-0.0089,-0.002905,TRUE,TRUE,-0.195596,-0.005141,34.482674,14.838804,66.166352,15.452618,0.016536,0.025218,-2.072995,1.569837,-4.582651,100,0.986841,0.593299,7.531509,0.568903,0.060613,0.006658,1.815951,-0.701734,-6.53029,0.82768,-1455059,-59.288098,-601461730.809603,0.214658,47.032453,-6.686014,-12.668369,57.123381,-0.016367,-0.458215,0.081599,0.060613,2.688701
02-13-26,12.29,12.35,12.29,12.32,39000,12.0855,12.0664,12.261187,0.001186,-0.008896,-0.002909,TRUE,TRUE,-0.194787,-0.004489,28.301778,16.296763,68.317372,11.605001,0.03242,0.032882,-1.203836,2.237261,-3.090929,92.682774,1.315788,0.568182,9.133362,0.569686,0.068739,0.009024,2.089884,-0.437037,-6.53029,0.878477,-1455959,9.859155,-600839710.877786,0.227139,44.656135,-9.341298,-14.101369,56.446397,-0.009729,-0.272324,0.094995,0.068739,2.567507
02-17-26,12.4,12.4,12.35,12.35,68300,12.098,12.0664,12.259333,0.001397,-0.008854,-0.002913,TRUE,TRUE,-0.192933,-0.003822,60.869583,18.002792,69.864853,11.58996,0.046888,0.037881,-0.325334,3.425681,-4.111774,89.130602,2.066116,0.549451,10.885044,0.570136,0.068119,0.008837,2.228983,-0.2486,-6.53029,1.483332,-1336859,93.484419,-600309962.42465,0.15761,52.403552,-7.819262,-12.608641,57.213055,-0.00182,-0.050898,0.094007,0.068119,2.315107
02-18-26,12.35,12.39,12.35,12.37,18500,12.1155,12.0686,12.257874,0.001794,-0.008775,-0.002916,TRUE,TRUE,-0.189274,-0.003022,73.333192,19.586961,70.885751,4.719399,0.059285,0.040222,0.077804,4.375984,-4.029516,93.478319,2.911809,0.542789,12.288098,0.567044,0.084442,0.014025,2.261477,-0.401262,-6.53029,0.4097,-1358959,-49.035813,-599141132.656964,0.168754,61.40141,-9.893727,-13.365277,55.822279,-0.01249,-0.352149,0.118426,0.084442,2.071109
02-19-26,12.33,12.37,12.33,12.36,9000,12.1305,12.0762,12.25686,0.002393,-0.008658,-0.002918,TRUE,TRUE,-0.18066,-0.002188,77.272284,20.716295,69.615785,1.298413,0.067525,0.038769,0.239616,3.337194,-2.776289,91.304357,2.487556,0.520112,13.359304,0.566255,0.080711,0.01277,2.131411,-0.552634,-6.53029,0.202088,-1408559,-57.943925,-598171846.83015,0.157468,65.400731,-10.323288,-15.016445,55.452857,-0.016886,-0.476432,0.113004,0.080711,1.717902
02-20-26,12.38,12.38,12.36,12.38,25800,12.144,12.083,12.255995,0.003175,-0.008504,-0.002919,TRUE,TRUE,-0.172995,-0.001235,86.36337,21.84822,70.744678,0.879825,0.074806,0.03684,0.564543,3.418373,-2.768899,95.652282,2.229566,0.513502,14.460108,0.56418,0.072801,0.010199,2.038224,-0.66742,-6.53029,0.624773,-1382759,-71.523179,-598146046.83015,0.15405,72.005326,-9.910164,-15.30032,55.240056,-0.018817,-0.532195,0.100991,0.072801,1.632077
02-23-26,12.38,12.44,12.38,12.43,28000,12.1615,12.0922,12.255183,0.004092,-0.008317,-0.00292,TRUE,TRUE,-0.162983,-0.000077,95.744595,23.372391,73.404927,2.519176,0.083647,0.036545,0.482135,4.443793,-1.847279,98.000145,2.897354,0.517182,15.708783,0.561856,0.053678,0.005487,2.156466,-0.744123,-6.53029,0.708054,-1334859,-55.555556,-596529351.538236,0.131366,85.003646,-10.526631,-13.303378,55.771442,-0.017298,-0.49008,0.074073,0.053678,1.709237
02-24-26,12.42,12.45,12.42,12.43,17600,12.1745,12.1002,12.253827,0.005092,-0.008097,-0.00292,TRUE,TRUE,-0.153627,0.001137,95.652084,24.862346,73.404927,3.789143,0.08962,0.034015,0.239621,3.749808,-3.490636,96.07853,2.136403,0.511436,16.819402,0.560899,0.049331,0.004604,1.937865,-0.858419,-6.53029,0.4735,-1334859,-72.96467,-596535217.831907,0.161057,97.85201,-9.775989,-12.707643,55.873215,-0.019943,-0.565727,0.067851,0.049331,1.519081
02-25-26,12.39,12.43,12.39,12.41,10300,12.1915,12.1076,12.253112,0.006125,-0.007846,-0.002918,TRUE,TRUE,-0.145512,0.002358,87.233784,25.667947,70.433701,-0.310976,0.091683,0.028862,-0.322621,4.10165,-3.938351,91.666667,2.816903,0.494992,17.415286,0.560741,0.047027,0.004217,1.703633,-1.009771,-6.53029,0.281382,-1412659,-52.314815,-594509778.107677,0.183213,95.236538,-9.71209,-13.834761,54.398564,-0.025449,-0.72199,0.064941,0.047027,1.254644
02-26-26,12.41,12.44,12.41,12.44,23800,12.2115,12.1172,12.252251,0.007249,-0.007562,-0.002916,TRUE,TRUE,-0.135051,0.003587,86.666384,26.50604,72.248228,-1.156699,0.094648,0.025462,-0.638985,4.266279,-5.145497,97.727219,3.322256,0.459347,17.874636,0.560992,0.052919,0.005397,1.551466,-0.782752,-6.53029,0.704038,-1348459,-70.175439,-592975355.811569,0.233592,95.040362,-9.731872,-13.756838,54.117149,-0.018538,-0.525989,0.073463,0.052919,1.278345
02-27-26,12.46,12.5,12.46,12.5,89400,12.2355,12.1266,12.252036,0.008508,-0.007245,-0.002913,TRUE,TRUE,-0.125436,0.004665,88.235052,27.790083,75.488344,2.083417,0.100679,0.025194,-0.398408,4.944217,-4.759171,100,3.99334,0.462857,18.383276,0.542475,0.007334,0.000109,1.664143,0.009158,-6.53029,2.477827,-1114459,103.644647,-592081907.228174,0.327545,95.873562,-7.949247,-11.828157,55.929233,0.015216,0.445279,0.010452,0.007334,1.438808
03-02-26,12.41,12.41,12.32,12.36,59200,12.2535,12.1326,12.251268,0.009859,-0.006898,-0.002909,TRUE,TRUE,-0.118668,0.005457,46.031592,26.698138,58.365206,-12.068496,0.093088,0.014082,-1.670645,3.164029,-5.776494,65.853562,2.999997,0.537448,17.706008,0.56108,-0.011668,0.000261,1.419054,-0.4051,-6.53029,1.595042,-1120159,53.766234,-589817059.463032,0.30955,84.579287,-9.885092,-14.568804,55.822696,0.003236,0.091554,-0.016144,-0.011668,0.601489
03-03-26,12.23,12.34,12.19,12.31,64800,12.27,12.1388,12.250695,0.01117,-0.006526,-0.002905,TRUE,TRUE,-0.111895,0.00615,27.868837,25.354392,53.681922,-18.566306,0.082092,0.002469,-1.834127,2.320723,-7.131554,45.714465,2.754598,0.591854,16.521118,0.563436,0.009707,0.000197,1.259479,-0.555372,-6.53029,1.769283,-1208059,-13.136729,-587900222.790887,0.387141,73.455059,-7.713945,-12.64654,56.373476,-0.004886,-0.137687,0.014044,0.009707,0.242117
03-04-26,12.32,12.32,12.28,12.29,34700,12.285,12.1444,12.249183,0.01241,-0.00613,-0.0029,TRUE,TRUE,-0.104783,0.00666,21.31144,24.106627,51.888315,-23.600029,0.070945,-0.006942,-0.807106,3.181162,-8.703652,32.258144,2.502087,0.569569,15.150123,0.555779,0.026254,0.001455,1.122243,-0.293453,-6.53029,0.984258,-1190659,-44.122383,-586863962.702563,0.289507,72.795151,-8.241884,-12.313106,55.916908,0.002999,0.085711,0.038143,0.026254,0.033003
03-05-26,12.15,12.2,12.15,12.18,46800,12.294,12.149,12.247071,0.0134,-0.005716,-0.002894,TRUE,FALSE,-0.098071,0.006513,-16.666534,24.090712,43.316239,-15.048967,0.052629,-0.020207,-1.456305,1.49263,-8.451616,8.571615,1.500003,0.586442,13.846523,0.482962,0.009649,0.000263,1.227308,0.423124,-6.53029,1.285714,-1237459,95.8159,-586854601.6314,0.269809,64.678683,-8.086739,-12.577135,55.834456,0.027828,0.914801,0.016203,0.009649,-0.823309
03-06-26,12.06,12.11,12.04,12.04,20100,12.2935,12.1502,12.245395,0.014042,-0.005298,-0.002888,FALSE,FALSE,-0.095195,0.006228,-39.999864,24.81881,35.318891,-18.363031,0.02651,-0.03706,-2.510125,-0.336712,-8.284647,0,-0.082989,0.634789,13.940756,0.502228,0.063942,0.011293,1.524954,-0.462473,-6.53029,0.5686,-1204159,-51.094891,-584360407.323915,0.204179,59.558128,-7.080193,-11.915169,56.307759,-0.003789,-0.12044,0.106271,0.063942,-1.818409
03-09-26,11.96,12.15,11.95,12.14,76500,12.298,12.1516,12.245058,0.014368,-0.004874,-0.002881,FALSE,FALSE,-0.093458,0.005987,-27.272682,25.999302,43.362591,-8.525724,0.013723,-0.039878,-0.978792,-0.738451,-5.831228,34.54554,0.746889,0.700165,13.241082,0.507517,0.070324,0.013404,1.677821,0.278421,-6.53029,1.982893,-1096959,542.857143,-582732854.225681,0.267062,60.055948,-4.836484,-12.371713,57.022101,0.018957,0.596973,0.115775,0.070324,-1.193253
03-10-26,12.07,12.15,12.06,12.06,33500,12.2975,12.1506,12.244124,0.014335,-0.004451,-0.002875,FALSE,FALSE,-0.093524,0.005708,-37.349251,27.095474,39.166318,-4.149921,-0.002835,-0.045148,0.667787,-2.662861,-6.948242,20.000104,-0.082844,0.734423,13.33327,0.511145,0.060991,0.009824,1.90338,-0.324104,-6.53029,0.8522,-1130459,77.248677,-582766354.225681,0.195453,61.116896,-3.920755,-14.632415,56.541329,0.000995,0.031061,0.099115,0.060991,-1.781256
03-11-26,12.01,12.02,11.92,11.92,33000,12.2865,12.1464,12.242145,0.013874,-0.004039,-0.002868,FALSE,FALSE,-0.095745,0.005215,-45.833197,28.793658,33.125036,-2.193855,-0.026943,-0.055405,-0.996677,-3.559875,-8.513979,0,-1.812193,0.802972,15.44182,0.532715,0.072443,0.012762,2.251906,-0.928815,-6.53029,0.842697,-1306559,-8.333333,-582379853.807187,0.123422,58.613532,-5.807072,-14.960153,55.572735,-0.019528,-0.585672,0.112969,0.072443,-2.373425
03-12-26,11.87,11.92,11.84,11.86,42400,12.2715,12.1428,12.239766,0.012905,-0.003642,-0.002861,FALSE,FALSE,-0.096966,0.004494,-51.999947,30.689355,30.923552,-12.439039,-0.05031,-0.063018,-0.918969,-4.813562,-8.560724,3.030229,-2.467107,0.84317,17.983251,0.529785,0.076323,0.014499,2.622539,-0.853501,-6.687651,1.090956,-1293959,-12.215321,-578862650.676063,0.141469,52.596825,-4.85751,-15.15126,56.290841,-0.016448,-0.496448,0.120412,0.076323,-2.288242
03-12-26,11.87,11.915,11.835,11.86,42409,12.2505,12.14,12.236597,0.011429,-0.003264,-0.002854,FALSE,FALSE,-0.096597,0.003897,-59.99996,32.469037,30.923552,-8.242766,-0.068044,-0.064602,-1.413134,-5.041651,-7.651217,3.759341,-3.420196,0.855216,20.195038,0.523946,0.078658,0.015736,2.95428,-1.158561,-6.687651,1.083093,-1293959,15.871585,-578878554.43023,0.073374,46.676473,-4.548198,-14.499257,56.290841,-0.02646,-0.808067,0.125445,0.078658,-1.933645
03-12-26,11.87,11.915,11.835,11.86,42409,12.2505,12.14,12.236597,0.011429,-0.003264,-0.002854,FALSE,FALSE,-0.096597,0.003897,-59.99996,32.469037,30.923552,-8.242766,-0.068044,-0.064602,-1.413134,-5.041651,-7.651217,3.759341,-3.420196,0.855216,20.195038,0.523946,0.078658,0.015736,2.95428,-1.158561,-6.687651,1.083093,-1108759,15.871585,-576028518.023436,0.073374,46.676473,-4.548198,-14.499257,57.398487,-0.02646,-0.808067,0.125445,0.078658,-1.933645
03-13-26,11.95,11.96,11.85,11.85,6300,12.227,12.1394,12.233478,0.009483,-0.002907,-0.002847,FALSE,FALSE,-0.094078,0.003345,-60.416596,33.503297,30.531369,-2.593668,-0.081961,-0.062815,-1.57807,-4.969897,-8.360116,2.255691,-3.81493,0.904159,21.997846,0.522782,0.085058,0.018455,3.26141,-1.330019,-6.766323,0.167908,-1115059,-83.846154,-576034818.023436,0.068177,45.597246,-3.50115,-14.198206,57.746853,-0.032414,-0.993469,0.135848,0.085058,-1.713803
03-13-26,11.95,11.96,11.85,11.85,6304,12.202,12.1368,12.229798,0.007165,-0.00257,-0.00284,FALSE,FALSE,-0.092998,0.002702,-59.574377,34.463682,30.531369,-0.392183,-0.09193,-0.058227,-0.91973,-5.197422,-8.010603,2.255691,-4.048583,0.946353,23.327413,0.519141,0.08442,0.018435,3.539943,-1.085794,-6.766323,0.183146,-1115059,-90.770132,-576041122.023436,0.164373,46.431762,-3.061057,-13.828715,57.746853,-0.024088,-0.743465,0.135775,0.08442,-1.508953
03-13-26,11.95,11.96,11.85,11.85,6304,12.202,12.1368,12.229798,0.007165,-0.00257,-0.00284,FALSE,FALSE,-0.092998,0.002702,-59.574377,34.463682,30.531369,-0.392183,-0.09193,-0.058227,-0.91973,-5.197422,-8.010603,2.255691,-4.048583,0.946353,23.327413,0.519141,0.08442,0.018435,3.539943,-1.085794,-6.766323,0.183146,-973759,-90.770132,-573216303.146508,0.164373,46.431762,-3.061057,-13.828715,58.202826,-0.024088,-0.743465,0.135775,0.08442,-1.508953
03-16-26,11.95,12.015,11.95,12.01,19040,12.184,12.1376,12.22682,0.00471,-0.002246,-0.002833,FALSE,FALSE,-0.08922,0.002347,-40.186831,34.588281,43.766179,12.842627,-0.08593,-0.041782,-0.166247,-4.07051,-7.474329,26.31582,-2.910264,1.014036,23.351768,0.548342,0.1182,0.033005,3.68949,-0.416705,-6.766323,0.552723,-954719,2.918919,-573200192.420254,0.187629,45.908886,-3.638913,-14.326339,58.292114,-0.005578,-0.164219,0.181672,0.1182,-0.745125
03-17-26,12.07,12.09,12.05,12.06,9800,12.169,12.1374,12.224389,0.002174,-0.001935,-0.002826,FALSE,FALSE,-0.086989,0.001972,-41.509378,33.760923,47.154421,16.623053,-0.076261,-0.02569,0,-3.363133,-7.01874,39.130514,-2.427178,1.021677,23.124146,0.546903,0.131001,0.040183,2.825017,0.025288,-6.766323,0.28416,-944919,8.888889,-573205092.303429,0.173784,36.787443,-4.448278,-13.746518,58.413784,0.010295,0.305014,0.200458,0.131001,-0.471367
03-17-26,12.07,12.09,12.045,12.055,9807,12.15275,12.1375,12.222328,-0.000439,-0.001642,-0.002819,FALSE,FALSE,-0.084828,0.001634,-32.972896,33.03067,46.850415,16.319046,-0.068215,-0.014116,0.458336,-3.248518,-7.617175,43.564399,-2.6252,0.94211,22.701419,0.546083,0.129129,0.038976,2.549924,-0.116391,-6.766323,0.291113,-954726,-61.988372,-573210540.54439,0.13153,41.042501,-3.989942,-13.105435,58.389565,0.006564,0.194642,0.197424,0.129129,-0.430589
03-17-26,12.07,12.09,12.045,12.055,9807,12.15275,12.1375,12.222328,-0.000439,-0.001642,-0.002819,FALSE,FALSE,-0.084828,0.001634,-32.972896,33.03067,46.850415,16.319046,-0.068215,-0.014116,0.458336,-3.248518,-7.617175,43.564399,-2.6252,0.94211,22.701419,0.546083,0.129129,0.038976,2.549924,-0.116391,-6.766323,0.291113,-788926,-61.988372,-567514066.089179,0.13153,41.042501,-3.989942,-13.105435,58.978875,0.006564,0.194642,0.197424,0.129129,-0.430589
03-18-26,12.06,12.07,11.98,11.99,205900,12.13075,12.1353,12.219498,-0.003102,-0.00137,-0.002811,FALSE,FALSE,-0.084198,0.001337,-34.042568,32.834403,42.971887,-0.794292,-0.06632,-0.009776,-0.166532,-3.461026,-7.837708,31.95873,-3.539827,0.899559,21.994178,0.541864,0.13885,0.049113,2.498853,-0.747385,-6.766323,4.835263,-994826,635.357143,-567674209.563939,-0.105901,31.180912,-2.03069,-10.364556,59.685018,-0.010932,-0.328421,0.221614,0.13885,-0.639943
03-18-26,12.06,12.065,11.98,11.99,205863,12.10875,12.1337,12.216766,-0.005829,-0.001112,-0.002803,FALSE,FALSE,-0.083066,0.001113,-32.60868,32.652155,42.971887,-4.182535,-0.064079,-0.006028,0.334728,-3.305699,-7.837708,42.465707,-3.539827,0.926367,21.02246,0.540015,0.139259,0.049739,1.778472,-0.912311,-6.766323,3.959197,-994826,1069.676136,-567831633.124071,-0.232468,19.388956,-0.685246,-9.659167,59.685018,-0.016557,-0.499285,0.223023,0.139259,-0.564873
03-19-26,11.98,12.08,11.98,12.06,172690,12.09125,12.1341,12.215176,-0.008438,-0.000866,-0.002796,FALSE,FALSE,-0.081076,0.001044,-13.636319,32.268268,48.315871,1.465457,-0.056008,0.001634,0.667787,-2.741174,-6.594168,71.428788,-2.820302,0.897299,19.804218,0.545066,0.122016,0.038469,1.512037,-0.700635,-6.766323,2.87263,-822136,1576.601942,-567728017.147798,-0.114889,36.342089,1.238733,-8.404096,60.697392,-0.007568,-0.224785,0.196135,0.122016,-0.157793
03-20-26,11.99,11.99,11.85,11.87,174500,12.06275,12.1291,12.212983,-0.010988,-0.000643,-0.002788,FALSE,FALSE,-0.083883,0.000515,-18.279535,32.83198,37.927117,-5.044769,-0.064204,-0.005249,-1.656999,-4.119173,-8.06574,11.111077,-4.581991,0.953785,18.585137,0.57394,0.167668,0.0695,1.609691,-1.049612,-6.766323,2.579428,-996636,633.193277,-567852661.02382,-0.211806,30.953229,0.770188,-8.147078,60.762014,-0.01683,-0.482571,0.263628,0.167668,-1.03712
03-20-26,11.99,11.99,11.85,11.87,174529,12.03125,12.1233,12.210691,-0.013385,-0.000442,-0.002781,FALSE,FALSE,-0.087391,-0.000072,-32.530104,33.355427,37.927117,-5.044769,-0.069894,-0.008751,-1.981831,-3.964407,-7.147107,11.111077,-5.040001,0.917679,15.933976,0.572498,0.165409,0.067683,1.156468,-0.898721,-6.766323,2.427146,-996636,95.222595,-567977325.614297,-0.348116,25.379882,0.404151,-8.203417,60.762014,-0.012706,-0.364895,0.260159,0.165409,-1.01199
03-20-26,11.99,11.99,11.85,11.87,174529,12.03125,12.1233,12.210691,-0.013385,-0.000442,-0.002781,FALSE,FALSE,-0.087391,-0.000072,-32.530104,33.355427,37.927117,-5.044769,-0.069894,-0.008751,-1.981831,-3.964407,-7.147107,11.111077,-5.040001,0.917679,15.933976,0.572498,0.165409,0.067683,1.156468,-0.898721,-6.766323,2.427146,-971536,95.222595,-563040380.502352,-0.348116,25.379882,0.404151,-8.203417,60.178996,-0.012706,-0.364895,0.260159,0.165409,-1.01199
03-23-26,11.92,12.01,11.86,11.93,327700,12.00975,12.1187,12.208897,-0.015498,-0.000258,-0.002773,FALSE,FALSE,-0.090197,-0.000757,-16.049351,33.534735,42.458431,-5.85744,-0.068768,-0.006101,-1.648803,-3.478967,-7.035039,37.25499,-3.478959,0.948988,14.054861,0.561551,0.185117,0.093398,1.191812,-0.206934,-6.766323,3.84029,-643836,453.547297,-563062225.502257,-0.302294,42.872174,-1.183389,-9.590827,59.429072,0.009076,0.269464,0.305611,0.185117,-0.567418
03-23-26,11.92,12.01,11.86,11.93,327682,11.99075,12.1153,12.206955,-0.017255,-0.000091,-0.002765,FALSE,FALSE,-0.091655,-0.001276,1.492567,33.701236,42.458431,4.531314,-0.067103,-0.003548,-0.913618,-4.330393,-7.974569,37.25499,-3.086922,0.954976,12.232702,0.550794,0.172093,0.082299,1.186235,-0.615309,-6.766323,3.327525,-643836,405.682099,-563084069.302253,-0.292777,44.033687,-0.553597,-9.634777,59.429072,-0.002198,-0.066114,0.286877,0.172093,-0.496618
03-24-26,11.81,11.87,11.79,11.82,87700,11.96725,12.1113,12.204809,-0.018692,0.000046,-0.002758,FALSE,FALSE,-0.093509,-0.001989,-5.555533,34.362561,36.75372,-1.173398,-0.073808,-0.008203,-1.500003,-5.060242,-9.578903,9.999905,-3.82425,1.000121,10.584853,0.563304,0.1722,0.07848,1.222125,-0.995514,-7.002363,0.867233,-731536,152.737752,-563105994.824986,-0.287368,42.476476,-1.670247,-10.197609,58.856087,-0.015091,-0.443013,0.280142,0.1722,-1.391143
03-24-26,11.81,11.87,11.79,11.82,87720,11.94925,12.1065,12.20301,-0.019765,0.00016,-0.00275,FALSE,FALSE,-0.096509,-0.002524,-5.555533,34.976648,36.75372,-5.704712,-0.078221,-0.010092,-0.505054,-4.600489,-10.255199,9.999905,-2.95567,1.000121,9.809081,0.552028,0.189969,0.097975,1.256991,-1.416248,-7.002363,0.850229,-731536,87.435897,-563127925.347839,-0.296834,43.942016,-0.124101,-9.526925,58.856087,-0.03134,-0.948915,0.313009,0.189969,-1.31766
03-24-26,11.81,11.87,11.79,11.82,87720,11.94925,12.1065,12.20301,-0.019765,0.00016,-0.00275,FALSE,FALSE,-0.096509,-0.002524,-5.555533,34.976648,36.75372,-5.704712,-0.078221,-0.010092,-0.505054,-4.600489,-10.255199,9.999905,-2.95567,1.000121,9.809081,0.552028,0.189969,0.097975,1.256991,-1.416248,-7.002363,0.850229,-854236,87.435897,-559847951.652411,-0.296834,43.942016,-0.124101,-9.526925,58.13281,-0.03134,-0.948915,0.313009,0.189969,-1.31766
03-25-26,11.96,12.02,11.94,11.99,173800,11.94675,12.1041,12.201813,-0.020364,0.000257,-0.002742,FALSE,FALSE,-0.097713,-0.0028,15.908968,33.345059,49.028656,6.570224,-0.067225,0.000723,0.083474,-3.30645,-8.759707,66.666561,-0.415284,1.039558,9.627656,0.583453,0.227231,0.127569,1.177927,-0.612639,-7.002363,1.567783,-680436,764.676617,-559804503.206287,-0.247594,50.723223,0.167316,-9.404821,58.226688,-0.005607,-0.163315,0.357168,0.227231,0.449224
03-25-26,11.96,12.015,11.94,11.99,173754,11.93925,12.1023,12.200269,-0.020477,0.000337,-0.002734,FALSE,FALSE,-0.097969,-0.002989,15.908968,31.830012,49.028656,12.274936,-0.057844,0.008083,0.16708,-3.150245,-8.001101,66.666561,-1.23559,1.018708,8.569045,0.580824,0.223608,0.123639,1.093159,-0.804424,-7.002363,1.501505,-680436,127.129412,-559746586.679203,-0.241914,45.070129,0.668023,-7.942499,58.226688,-0.010206,-0.297956,0.351624,0.223608,0.592245
03-25-26,11.96,12.015,11.94,11.99,173754,11.93925,12.1023,12.200269,-0.020477,0.000337,-0.002734,FALSE,FALSE,-0.097969,-0.002989,15.908968,31.830012,49.028656,12.274936,-0.057844,0.008083,0.16708,-3.150245,-8.001101,66.666561,-1.23559,1.018708,8.569045,0.580824,0.223608,0.123639,1.093159,-0.804424,-7.002363,1.501505,-633436,127.129412,-559158035.583129,-0.241914,45.070129,0.668023,-7.942499,58.983313,-0.010206,-0.297956,0.351624,0.223608,0.592245
03-26-26,11.93,11.97,11.89,11.91,74200,11.93175,12.0971,12.198128,-0.020166,0.000394,-0.002726,FALSE,FALSE,-0.101028,-0.003353,-12.5,30.906079,44.332756,7.579037,-0.056217,0.007768,-1.325599,-3.170734,-9.571862,39.999936,-1.243786,0.986567,8.100166,0.586189,0.236855,0.139763,1.137198,-0.986303,-7.002363,0.630122,-707636,121.492537,-559195136.467662,-0.239262,42.359375,-0.399083,-6.531892,59.361826,-0.009732,-0.28416,0.373849,0.236855,-0.268515
03-27-26,11.85,11.89,11.85,11.87,145600,11.92925,12.0931,12.195588,-0.019514,0.000427,-0.002718,FALSE,FALSE,-0.102488,-0.003825,-24.050615,30.408296,42.15851,-6.870146,-0.057493,0.005194,-1.493778,-3.808754,-7.594807,26.666624,-0.419465,0.977856,8.214689,0.586873,0.237238,0.139858,1.212646,-1.024513,-7.002363,1.180047,-828436,341.212121,-558420907.146125,-0.214973,38.538891,0.34261,-7.718629,60.126869,-0.010841,-0.316186,0.373976,0.237238,-0.72127
03-30-26,11.95,11.99,11.94,11.95,33100,11.93375,12.0913,12.193151,-0.018498,0.000445,-0.00271,FALSE,FALSE,-0.101851,-0.00402,-12.138749,28.676797,47.684718,-1.343937,-0.051455,0.008985,-1.239674,-2.766478,-5.669915,55.172368,0.758855,1.01614,8.060432,0.587063,0.237544,0.140141,1.236856,-1.019893,-7.002363,0.269281,-790336,-21.933962,-557393168.942639,-0.215241,39.900115,1.145232,-6.582092,59.806714,-0.010757,-0.313694,0.374354,0.237544,0.2016
03-31-26,12.01,12.03,11.96,11.96,238100,11.93875,12.0901,12.190765,-0.017234,0.000449,-0.002702,FALSE,FALSE,-0.100665,-0.004122,-3.70366,26.629059,48.349029,4.016273,-0.045341,0.01208,-0.911348,-2.922075,-4.999993,58.620724,0.843174,1.009318,7.887165,0.585419,0.217278,0.130224,1.24694,-1.134091,-7.002363,1.794213,-552236,461.437431,-557631268.942639,-0.28309,52.406135,-0.230659,-9.73219,58.514179,-0.022924,-0.666531,0.360866,0.217278,0.269425
04-01-26,11.92,11.97,11.88,11.88,10100,11.94025,12.0877,12.188572,-0.015851,0.000437,-0.002694,FALSE,FALSE,-0.100872,-0.004344,-12.359481,25.521731,43.581343,1.422833,-0.046415,0.008804,-1.328902,-4.193545,-4.665694,31.034539,0.253162,1.019121,7.736587,0.591257,0.210906,0.120779,1.299967,-1.422212,-7.002363,0.076,-676036,60.31746,-557049436.485947,-0.284115,58.810143,-1.060922,-13.03494,56.354878,-0.036201,-1.036564,0.347533,0.210906,-0.778766
04-02-26,11.88,11.99,11.88,11.95,97400,11.94525,12.0871,12.186532,-0.014359,0.000411,-0.002687,FALSE,FALSE,-0.099432,-0.004538,-12.359601,24.26249,48.378074,0.693356,-0.041144,0.01126,-1.402641,-4.246793,-3.79977,66.666667,0.843877,1.019128,7.440081,0.59361,0.215747,0.125985,0.806158,-0.934035,-7.002363,0.708625,-578636,1445.050761,-557022873.003117,-0.262743,56.751791,-1.608704,-12.002166,56.395514,-0.019921,-0.569826,0.354943,0.215747,0.063841
04-06-26,11.89,12,11.89,11.99,29700,11.94425,12.0871,12.184641,-0.012781,0.00037,-0.002679,FALSE,FALSE,-0.097541,-0.004793,16.216185,22.974284,50.944667,2.595638,-0.033354,0.01524,-1.398027,-4.080002,-5.206749,83.333333,-0.166532,0.956154,7.361496,0.589259,0.207887,0.114447,0.760489,-0.493784,-7.002363,0.215245,-618336,55.987395,-554857999.309182,-0.258761,64.772274,-1.500724,-11.224429,53.023977,-0.008989,-0.257329,0.3383,0.207887,0.621474
04-07-26,11.95,11.95,11.83,11.94,91500,11.93825,12.0859,12.181856,-0.011164,0.00031,-0.002672,FALSE,FALSE,-0.095956,-0.00506,8.860711,22.385335,47.748846,4.167503,-0.03086,0.014187,-1.809213,-5.087443,-5.748855,62.499901,-0.995032,0.972123,6.838897,0.589979,0.204629,0.110481,0.720567,-0.829425,-7.002363,0.644061,-709836,833.673469,-554781749.672771,-0.22276,60.785974,-2.240954,-13.234444,52.683961,-0.020944,-0.597505,0.332387,0.204629,0.025584
04-08-26,12.07,12.07,12,12.02,62500,11.9365,12.0853,12.180463,-0.009482,0.000232,-0.002664,FALSE,FALSE,-0.095163,-0.005105,11.111111,21.073086,52.845812,4.467738,-0.022172,0.0183,-0.661156,-4.5274,-5.557983,82.143113,-0.290335,0.953768,6.563665,0.594039,0.212289,0.119855,0.902635,-0.709989,-7.002363,0.431922,-863436,537.299888,-554355193.598917,-0.226077,52.269233,-2.223332,-14.792962,50.775224,-0.020085,-0.572101,0.346201,0.212289,1.272163
04-09-26,11.95,12.03,11.91,11.98,35300,11.936,12.0839,12.179218,-0.007829,0.000129,-0.002657,FALSE,FALSE,-0.095318,-0.005262,5.882247,20.147217,50.208549,-0.736118,-0.018304,0.017735,-0.332786,-5.221525,-5.211992,67.857058,-0.083405,0.939065,6.524456,0.594715,0.215492,0.123757,0.884655,-0.747023,-7.002363,0.259231,-1015536,-82.855755,-549968831.989439,-0.179277,50.793114,-2.834873,-13.838409,50.810018,-0.018859,-0.537774,0.351791,0.215492,0.67438
04-10-26,11.97,11.97,11.94,11.96,12700,11.9345,12.0817,12.177475,-0.006252,-0.000001,-0.00265,FALSE,FALSE,-0.095775,-0.005293,18.421069,19.287481,48.894721,1.145875,-0.01666,0.015503,-0.829191,-5.379749,-3.489672,60.714371,-0.250206,0.880912,6.427541,0.586635,0.213822,0.126052,0.776311,-1.168616,-7.002363,0.100384,-1028236,-93.830849,-549964598.656105,-0.129074,53.986762,-3.634091,-16.222044,50.397143,-0.036547,-1.057895,0.355038,0.213822,0.396732
