Date,Open,High,Low,Close,Volume,SMA20,SMA50,SMA200,SMA20_Slp,SMA50_Slp,SMA200_Slp,>MA50,>MA200,GoldenX,LinReg_Slp,Chande,ADX14,RSI14,RSI_D3,MACD_Line,MACD_Hist,RET_3M_pct,RET_6M_pct,RET_12M_pct,StochK14,ROC20_pct,ATR_pct,StdDev20,Vol60,Beta60,R2_60,Ulcer14,Sharpe60,MaxDD_6M_pct,Vol_vs_Avg,OBV,VolROC20,AD_Line,CMF20,MFI14,RS_3M,RS_6M,RS_Bench,Alpha60,InfoRatio,Corr60,Beta,ZScore
06-07-24,74.110001,74.690002,74.110001,73.234154,7500,72.386834,71.021464,65.640077,0.15122,0.03439,0.046929,TRUE,TRUE,5.381387,0.033023,15.954861,15.689594,65.1427,5.979429,0.578024,0.026899,4.42045,17.672008,25.329501,42.456546,2.665752,1.871869,53.82334,0.686425,0.659712,0.330072,1.180446,1.074477,-5.522812,1.085384,-288400,13.636364,-56044926.512234,-4.730406,58.363462,3.259704,8.392727,101.31781,0.061361,1.733745,0.574519,0.659712,1.57426
06-10-24,74.279999,74.550003,74.080002,73.391792,16000,72.482404,71.051416,65.703874,0.14666,0.033343,0.047099,TRUE,TRUE,5.347542,0.035892,13.225066,15.848969,66.385115,1.881867,0.601856,0.040585,4.747908,17.114695,24.769148,48.687321,2.674009,1.858164,53.85094,0.685349,0.662718,0.328212,1.335512,1.261246,-5.522812,2.134757,-272400,272.093023,-56107783.209851,-4.581635,49.119076,3.557362,7.60271,101.352966,0.06043,1.707739,0.572898,0.662718,1.688714
06-11-24,74.309998,74.68,74.040001,73.578987,9600,72.588318,71.087082,65.772022,0.141075,0.032503,0.047272,TRUE,TRUE,5.31506,0.03814,22.897277,16.180977,67.850537,2.567954,0.628602,0.053865,3.922397,16.902036,25.004755,56.08633,2.964267,1.872697,53.528723,0.679317,0.634864,0.316503,1.51361,1.621556,-5.522812,1.233933,-262800,146.153846,-56131213.636859,-4.442331,54.483749,3.944296,8.593655,102.442098,0.084364,2.384612,0.562586,0.634864,1.850724
06-12-24,75.459999,75.690002,75.230003,74.258827,17800,72.710491,71.147183,65.842301,0.134958,0.031871,0.047447,TRUE,TRUE,5.304882,0.042119,50.567602,17.670435,72.533605,7.390905,0.696626,0.09751,5.115934,17.470561,25.126674,59.456778,3.402406,1.903114,62.149032,0.683542,0.646776,0.325656,2.19156,1.703033,-5.522812,2.134293,-245000,169.69697,-56224174.375253,-4.528328,62.238119,5.463734,9.009355,103.076511,0.084052,2.377062,0.570663,0.646776,2.491328
06-13-24,75.5,75.599998,75.169998,74.416466,18400,72.798178,71.208269,65.911271,0.128949,0.031448,0.047627,TRUE,TRUE,5.296998,0.046796,46.829825,18.924956,73.497616,7.112501,0.754557,0.124353,5.6181,17.175496,24.495167,63.922461,2.413554,1.864802,72.884333,0.681145,0.595505,0.297648,2.281249,1.580397,-5.522812,2.148278,-226600,32.374101,-56307062.684545,-4.664823,65.927235,6.578312,9.675346,104.589692,0.092119,2.561729,0.545571,0.595505,2.22035
06-14-24,75.339996,75.470001,75.199997,74.317932,10800,72.889314,71.285316,65.97531,0.123244,0.031222,0.047807,TRUE,TRUE,5.310006,0.052047,40.500431,20.089867,71.801252,3.950715,0.783486,0.122625,6.159056,15.542007,24.472023,61.131139,2.514257,1.830589,79.949951,0.675565,0.589118,0.286977,2.198847,1.237612,-5.522812,1.196013,-237400,620,-56388426.753491,-4.816769,60.311973,7.33115,10.180689,104.675144,0.087244,2.427829,0.535702,0.589118,1.78689
06-17-24,75.309998,76.25,75.309998,75.027328,4600,73.013949,71.360787,66.041384,0.119002,0.031228,0.04799,TRUE,TRUE,5.319403,0.058999,53.812646,21.936125,76.0815,3.547895,0.853812,0.154361,6.440541,16.396888,23.766285,70.105804,3.436553,1.886005,92.564127,0.6821,0.580387,0.272837,2.768522,1.371955,-5.522812,0.507446,-232800,17.948718,-56395793.294625,-4.662164,64.55291,7.674953,11.9602,105.836385,0.096459,2.632573,0.522338,0.580387,2.175119
06-18-24,76.080002,76.290001,76.080002,75.165253,13000,73.130701,71.43941,66.108001,0.116004,0.03146,0.048174,TRUE,TRUE,5.331409,0.06575,73.933835,23.685434,76.818252,3.320636,0.910183,0.168586,6.059843,16.610863,24.352689,72.766369,3.20616,1.927817,104.128324,0.681242,0.580396,0.270834,2.713512,1.524733,-5.522812,1.361257,-219800,293.939394,-56522048.444489,-4.986436,72.504753,7.353012,10.773278,105.998436,0.097755,2.667633,0.520417,0.580396,1.953888
06-19-24,76.25,76.5,76.25,75.253937,7600,73.262726,71.521384,66.175208,0.113767,0.031923,0.04836,TRUE,TRUE,5.346176,0.072054,94.315385,25.495958,77.302378,5.501126,0.951051,0.167563,5.367134,16.131068,24.780312,71.288841,3.636373,1.969777,113.539013,0.679121,0.573506,0.268224,2.504453,1.703584,-5.522812,0.778689,-212200,123.529412,-56590209.08902,-5.144602,76.96003,7.933831,11.349579,106.613904,0.108262,2.958275,0.517903,0.573506,1.753768
06-20-24,76.379997,76.5,75.860001,75.047035,8500,73.411993,71.608678,66.242307,0.112114,0.032578,0.048548,TRUE,TRUE,5.36637,0.077424,82.933593,26.233239,73.448505,-2.632995,0.955726,0.137791,4.473971,15.358675,24.981084,61.046556,4.142761,1.960342,116.503364,0.678725,0.561563,0.258667,2.219939,1.720665,-5.522812,0.852558,-220700,97.674419,-56620303.502867,-5.1288,77.153351,6.884927,11.280761,105.961707,0.103411,2.809101,0.508594,0.561563,1.403429
06-21-24,76.089996,76.150002,75.82,74.899239,8400,73.530717,71.683163,66.311399,0.111217,0.033421,0.048737,TRUE,TRUE,5.371764,0.083458,74.866144,26.823762,70.73564,-6.082613,0.936708,0.095018,4.482517,16.658859,25.363987,51.929113,3.274007,1.916131,119.056814,0.670683,0.548432,0.2415,1.929091,1.297987,-5.522812,0.824338,-229100,110,-56675578.353748,-5.187699,72.096451,6.45788,11.453099,105.818003,0.093687,2.546147,0.491426,0.548432,1.14947
06-24-24,75.910004,76.279999,75.720001,74.67263,15300,73.628258,71.774201,66.380138,0.110432,0.034489,0.048928,TRUE,TRUE,5.394063,0.08897,61.643754,27.525708,66.669623,-10.632755,0.893056,0.041093,4.510111,15.12967,24.660214,36.549603,2.68258,1.914417,120.067849,0.672379,0.480974,0.201537,1.666278,1.17027,-5.522812,1.427239,-244400,225.531915,-56748109.942304,-5.090377,64.039095,5.011332,9.344816,104.059236,0.076412,2.018931,0.448928,0.480974,0.869819
06-25-24,75.949997,76.050003,75.709999,74.918938,5700,73.744518,71.888097,66.449815,0.109911,0.035758,0.049121,TRUE,TRUE,5.438281,0.094564,56.386146,28.151033,68.77087,-4.677635,0.868327,0.013091,5.187445,15.265857,25.909039,35.72915,3.203024,1.861708,120.778732,0.672698,0.47886,0.199871,1.491533,1.353343,-5.522812,0.536976,-238700,-26.923077,-56780333.456273,-5.149535,62.640991,5.721543,10.234757,104.656194,0.08679,2.289647,0.44707,0.47886,0.972373
06-26-24,75.919998,76.169998,75.790001,75.037186,8500,73.891814,72.003569,66.518085,0.11054,0.03719,0.049315,TRUE,TRUE,5.485484,0.09926,56.521969,28.885825,69.756623,-0.979017,0.84849,-0.005397,4.385989,14.805814,26.479644,40.535981,4.086391,1.850844,117.473498,0.66392,0.46424,0.189586,1.311889,1.73491,-5.522812,0.814176,-230200,-29.166667,-56822512.276519,-5.001552,61.137164,5.865404,10.528209,104.821378,0.096546,2.564289,0.435415,0.46424,0.975004
06-27-24,76,76.019997,75.809998,75.056931,18900,74.061773,72.131062,66.587867,0.112515,0.038784,0.049509,TRUE,TRUE,5.543195,0.103962,57.275772,29.568131,69.92732,3.257697,0.824853,-0.023227,4.399152,14.853291,25.159618,41.338618,4.74364,1.806277,107.626923,0.663914,0.453155,0.184223,1.100638,1.684799,-5.522812,1.711182,-211300,177.941176,-56976964.93047,-5.23486,52.258693,5.455272,9.550358,104.152927,0.089884,2.3795,0.429212,0.453155,0.924636
06-28-24,76.199997,76.529999,75.650002,74.849457,2600,74.205102,72.257165,66.656417,0.115252,0.040515,0.049704,TRUE,TRUE,5.600748,0.106599,45.096928,30.830722,65.729268,-3.041601,0.780384,-0.054157,4.253431,14.77733,25.118907,32.508296,3.982304,1.826287,97.052717,0.642014,0.438248,0.183974,0.891447,2.146117,-5.522812,0.242764,-213900,-72.043011,-56984295.436872,-5.372318,58.57443,5.695701,9.988862,104.17936,0.105695,2.893056,0.428922,0.438248,0.663922
07-02-24,75.669998,76.379997,75.669998,75.462006,9300,74.371176,72.407933,66.725201,0.118434,0.042371,0.0499,TRUE,TRUE,5.682732,0.111332,51.481702,32.003128,71.222375,1.465752,0.785515,-0.039221,5.905951,16.612449,25.427069,21.471126,4.60418,1.8344,87.846326,0.635095,0.420518,0.166429,0.888719,2.044434,-5.522812,0.85596,-204600,50,-56999044.262911,-5.291213,58.552137,6.401903,11.210587,104.71503,0.105358,2.884409,0.407958,0.420518,1.241747
07-03-24,76.43,76.709999,76.379997,75.77816,4400,74.537294,72.552412,66.79937,0.121755,0.04435,0.050098,TRUE,TRUE,5.753042,0.116317,46.124805,33.457092,73.576494,3.649174,0.805803,-0.015146,6.188143,18.01458,24.399577,39.491011,4.585357,1.745398,80.85498,0.636218,0.405143,0.167308,1.142835,2.22656,-5.522812,0.411407,-200200,-43.589744,-57019493.164747,-5.31332,54.518159,5.393029,11.015627,103.71413,0.103148,2.820405,0.409033,0.405143,1.534681
07-04-24,76.660004,76.809998,76.660004,75.817673,10900,74.671396,72.680538,66.873834,0.124989,0.046425,0.050298,TRUE,TRUE,5.806705,0.12098,44.120904,34.911554,73.864254,8.134985,0.815667,-0.004225,7.595335,18.383995,24.265467,38.364941,3.667221,1.715346,78.594013,0.635629,0.41247,0.172343,1.082309,2.296383,-5.522812,1.024918,-189300,-9.917355,-57152816.908389,-5.834495,51.956447,6.468944,11.651166,103.799097,0.109081,2.99447,0.415142,0.41247,1.458478
07-05-24,76.839996,77.190002,76.720001,76.252403,11300,74.821817,72.816571,66.951008,0.12839,0.048606,0.050498,TRUE,TRUE,5.865563,0.125295,55.081257,36.629927,76.851256,5.628881,0.84878,0.02311,7.015222,18.93511,25.398986,50.127833,4.107378,1.735429,78.626099,0.6302,0.375767,0.145321,1.451501,2.835924,-5.522812,1.080823,-178000,-24.161074,-57186601.347711,-5.604141,60.51152,7.591644,13.262486,105.145548,0.129466,3.527566,0.38121,0.375767,1.819481
07-08-24,77.309998,77.349998,77.099998,76.311668,10400,74.975692,72.960686,67.031063,0.131686,0.050933,0.0507,TRUE,TRUE,5.929623,0.130232,44.877171,38.366602,77.233258,3.656763,0.869778,0.035286,7.128036,17.302264,26.408941,38.92165,4.202294,1.655974,75.989441,0.625787,0.390177,0.15754,1.454346,2.594114,-5.522812,0.981132,-167600,38.666667,-57262590.410211,-5.743698,62.256626,7.555384,12.127511,105.069729,0.115121,3.181665,0.396913,0.390177,1.758107
07-09-24,77.290001,77.440002,77.279999,76.390709,2900,75.125638,73.0918,67.116635,0.134741,0.053367,0.050902,TRUE,TRUE,5.975165,0.133227,43.719192,40.05826,77.760367,3.896113,0.882622,0.038504,7.357785,17.672521,26.867844,41.38028,4.086174,1.641699,72.60277,0.589534,0.33988,0.130505,1.485076,3.464847,-5.522812,0.291604,-164700,-81.875,-57297726.429665,-5.982621,59.219734,8.492207,12.291004,105.462721,0.138382,3.9961,0.361255,0.33988,1.742455
07-10-24,77.550003,78.040001,77.449997,77.102051,5300,75.301791,73.234973,67.206397,0.138009,0.05591,0.051107,TRUE,TRUE,6.028576,0.13552,53.94891,42.087208,81.836226,4.98497,0.939372,0.076204,9.08249,18.018245,27.924884,60.755214,4.788138,1.655693,75.772118,0.567741,0.320767,0.134072,2.225173,4.62766,-5.522812,0.544707,-159400,-44.791667,-57309277.623851,-6.053772,58.489623,7.988465,11.154806,104.870634,0.163835,4.922839,0.366158,0.320767,2.375886
07-11-24,78.190002,78.190002,77.32,76.51915,12000,75.414808,73.387178,67.292513,0.140741,0.058536,0.051313,TRUE,TRUE,6.094665,0.136487,38.7228,44.069267,70.443366,-6.789892,0.92663,0.050769,7.508518,17.390748,25.999358,34.218423,3.043844,1.653546,76.252422,0.580322,0.29315,0.107362,2.117734,4.156691,-5.522812,1.271186,-171400,-32.58427,-57343369.965542,-5.927943,56.75958,5.211212,9.365291,103.344232,0.145664,4.217397,0.327662,0.29315,1.448272
07-12-24,77.5,78.370003,77.5,76.825424,6300,75.535255,73.550435,67.384062,0.142511,0.061266,0.051522,TRUE,TRUE,6.166373,0.136567,48.639188,46.024477,72.601667,-5.158701,0.93052,0.043727,9.561623,17.647866,25.635977,43.214049,3.237131,1.716489,78.641156,0.565743,0.295107,0.115669,1.977614,4.843494,-5.522812,0.713073,-165100,-65.76087,-57359439.653264,-5.955727,62.812184,5.734752,9.224993,103.151971,0.163735,4.885572,0.340101,0.295107,1.640577
07-15-24,78,78.470001,77.839996,77.141579,6200,75.676438,73.709178,67.477192,0.143621,0.064106,0.051734,TRUE,TRUE,6.231986,0.136479,60.966236,47.903006,74.658778,-7.177448,0.948183,0.049112,11.437377,17.936889,24.97679,52.892812,3.799415,1.733882,80.948876,0.564121,0.299369,0.119935,1.831073,5.14462,-5.522812,0.720511,-158900,-42.592593,-57379386.1801,-5.758044,73.132374,6.520768,9.438518,103.214841,0.17305,5.190903,0.346317,0.299369,1.809958
07-16-24,78.360001,78.580002,78.18,77.635567,4900,75.80685,73.858489,67.570785,0.144371,0.066989,0.051948,TRUE,TRUE,6.287704,0.135671,63.215958,49.717105,77.501236,7.05787,0.990623,0.073242,12.087141,19.481588,26.095932,67.766723,3.476384,1.728467,90.399311,0.547902,0.330203,0.15868,2.185095,6.043416,-5.522812,0.568445,-154000,6.521739,-57397624.752264,-5.811087,72.985072,5.490359,9.333203,102.799052,0.193751,6.120145,0.398347,0.330203,2.022933
07-17-24,77.800003,77.910004,77.43,76.56855,11500,75.877015,73.975031,67.659875,0.143767,0.069849,0.052163,TRUE,TRUE,6.315156,0.133642,29.190269,48.854541,61.46408,-11.137586,0.927466,0.008068,11.482271,18.358339,23.852693,31.349778,1.86695,1.680624,90.603084,0.577606,0.3536,0.165234,2.027176,4.677843,-5.522812,1.345816,-165500,-11.538462,-57450402.285444,-5.432147,63.81735,5.504122,7.502762,101.884905,0.158393,4.764554,0.406489,0.3536,0.763258
07-18-24,77.720001,77.790001,76.57,75.955986,16400,75.912117,74.074593,67.746881,0.141619,0.072663,0.052379,TRUE,TRUE,6.327711,0.131618,15.397511,46.061611,54.492653,-20.166125,0.818549,-0.080679,10.812956,16.351455,21.652626,10.443156,0.932907,1.716619,89.414213,0.574216,0.351757,0.16565,1.912,3.760732,-5.522812,1.825264,-181900,115.789474,-57483310.177482,-4.969956,65.052251,5.642796,6.385845,101.598959,0.131118,3.968387,0.407001,0.351757,0.049063
07-19-24,76.660004,77.019997,76.230003,75.442245,14100,75.931878,74.163288,67.834451,0.138126,0.075395,0.052595,TRUE,TRUE,6.328836,0.128454,9.646317,42.845618,49.42905,-28.072186,0.682905,-0.173059,11.069245,14.122072,20.829809,-7.826543,0.526617,1.689579,87.824334,0.583992,0.361479,0.165611,1.818224,3.365628,-5.522812,1.521856,-196000,65.882353,-57525530.381063,-4.885196,57.118798,6.625003,5.076691,100.99991,0.114712,3.413628,0.406954,0.361479,-0.557513
07-22-24,76.779999,77.199997,76.639999,76.20298,11400,75.997065,74.260695,67.923525,0.13365,0.078081,0.052813,TRUE,TRUE,6.337171,0.125619,11.773798,40.165524,55.955635,-5.508445,0.629534,-0.181143,11.157288,14.9313,22.931646,-1.149929,1.74066,1.69401,84.533028,0.588504,0.376752,0.180647,1.728952,4.016379,-5.522812,1.210834,-184600,35.714286,-57554723.389237,-4.668853,57.854051,6.303423,4.994441,101.222733,0.133991,3.992921,0.425026,0.376752,0.243592
07-23-24,77.129997,77.360001,76.949997,76.025146,7400,76.06469,74.35159,68.012003,0.127971,0.080688,0.053032,TRUE,TRUE,6.339588,0.123335,4.012713,37.94611,54.194843,-0.29781,0.566359,-0.195455,9.528401,14.324355,22.529071,-8.717319,1.811261,1.689425,78.580431,0.578897,0.371056,0.181812,1.699344,3.494197,-5.522812,0.820399,-192000,-51.633987,-57595507.93706,-4.697328,58.825955,5.723449,5.277666,101.36713,0.117722,3.568878,0.426394,0.371056,-0.050323
07-24-24,76.400002,76.400002,75.150002,74.246796,8900,76.031083,74.407312,68.088162,0.119984,0.0831,0.053252,FALSE,TRUE,6.31915,0.117975,-19.899795,37.121745,40.477586,-8.951464,0.368546,-0.314614,6.905652,11.650124,19.213145,-26.33253,-0.897159,1.750878,84.920034,0.661674,0.431071,0.191657,1.963939,2.059677,-5.522812,0.969499,-200900,56.140351,-57617269.588671,-4.558476,51.394666,3.079709,3.431743,99.660615,0.077235,2.060978,0.437786,0.431071,-2.101139
07-25-24,75.339996,76.089996,74.769997,73.920753,6800,75.975262,74.44942,68.159167,0.110087,0.085301,0.053473,FALSE,TRUE,6.290253,0.110088,-29.94959,36.718372,38.55101,-17.404625,0.183355,-0.399844,6.967302,10.685696,18.337495,-22.289816,-1.487839,1.8041,94.882258,0.632543,0.38108,0.15459,2.294719,2.589512,-5.522812,0.747664,-207700,-20,-57632819.368748,-4.454684,44.24854,3.202848,2.867763,99.251927,0.090179,2.461392,0.393179,0.38108,-2.165324
07-26-24,75.440002,75.989998,75.279999,74.681488,11400,75.95649,74.489795,68.232948,0.099472,0.087367,0.053694,TRUE,TRUE,6.256848,0.102752,-19.208609,36.343812,45.115018,-9.079825,0.096859,-0.389073,6.939891,11.775472,19.81726,-2.323057,-0.50021,1.878656,97.139324,0.640122,0.398486,0.169168,2.468238,3.131954,-5.522812,1.307339,-196300,-39.68254,-57663439.175112,-3.936206,44.588405,2.674104,3.080563,99.402681,0.106353,2.893553,0.4113,0.398486,-1.312549
07-29-24,76,76.019997,75.489998,74.839584,10400,75.955996,74.536683,68.308987,0.088264,0.089288,0.053916,TRUE,TRUE,6.227695,0.096259,-18.108402,35.93715,46.396523,5.918937,0.040599,-0.356266,7.000213,11.081236,20.580406,1.826447,-0.01319,1.894747,97.198772,0.634546,0.390017,0.164301,2.614382,2.918685,-5.522812,1.141603,-185900,300,-57699364.896307,-3.92464,47.643243,2.917486,3.080937,99.728565,0.101194,2.769278,0.405341,0.390017,-1.148586
07-30-24,75.989998,75.989998,74.849998,74.434494,4300,75.90462,74.57468,68.385351,0.076311,0.091009,0.054139,FALSE,TRUE,6.189329,0.090425,-32.296747,36.183021,43.588178,5.037168,-0.036258,-0.346498,8.018722,10.576695,18.733497,-8.805831,-1.361628,1.857185,102.517252,0.618273,0.36075,0.146811,2.831185,2.166823,-5.522812,0.485327,-190200,-53.763441,-57706799.405282,-3.994104,43.987419,2.370996,2.365531,98.873599,0.072979,2.028585,0.383159,0.36075,-1.434028
07-31-24,76.230003,76.900002,76.18,75.639839,9700,75.897704,74.630873,68.463875,0.064577,0.092611,0.054363,TRUE,TRUE,6.166998,0.087299,-9.899955,34.802589,52.752285,7.637267,0.000094,-0.248117,10.161695,14.081956,20.562399,22.830481,-0.182534,1.957676,102.653622,0.642297,0.39868,0.162042,2.88789,2.417352,-5.522812,1.063014,-180500,120.454545,-57731053.72224,-3.898962,52.291741,3.295121,3.534477,99.298703,0.085211,2.30065,0.402544,0.39868,-0.251199
08-01-24,76.889999,77.080002,75.010002,74.56295,13400,75.834968,74.669863,68.537356,0.052018,0.094045,0.054588,FALSE,TRUE,6.132507,0.082536,-23.43906,34.606563,45.62155,-0.774973,-0.057333,-0.244435,7.743007,11.417878,19.328302,-5.434284,-1.654921,2.006944,106.914138,0.671497,0.450071,0.210505,3.062837,1.619583,-5.522812,1.448649,-193900,22.93578,-57750241.642732,-3.229323,44.979464,3.090633,3.006107,99.504101,0.065334,1.738288,0.458809,0.450071,-1.189757
08-02-24,74.550003,74.550003,73.57,73.140251,13500,75.679361,74.691434,68.607836,0.037861,0.095208,0.054813,FALSE,TRUE,6.083598,0.075292,-37.190084,35.371182,38.262907,-5.32527,-0.215163,-0.321812,4.232927,7.960868,18.419393,-8.577811,-4.081382,1.982345,122.089648,0.719089,0.518378,0.281404,3.427369,0.795038,-5.790279,1.442308,-207400,19.469027,-57775581.612838,-3.146262,38.460041,2.350879,1.716929,99.658844,0.045965,1.197021,0.530475,0.518378,-2.079709
08-06-24,72.269997,73.620003,71.989998,71.747192,19800,75.451137,74.675882,68.673407,0.021584,0.096044,0.055035,FALSE,TRUE,6.002476,0.066197,-50.508454,36.812909,32.700934,-20.051351,-0.447495,-0.443315,1.421709,6.228033,16.476642,-4.10144,-5.981361,2.039907,149.281767,0.76,0.56277,0.306613,2.824107,-0.070211,-7.584635,2.014242,-227200,90.384615,-57801280.427711,-2.740031,31.895042,2.144554,0.192873,98.903572,0.021911,0.54963,0.553727,0.56277,-2.481177
08-07-24,73.370003,73.830002,72.059998,71.193924,7000,75.191298,74.645325,68.740127,0.003248,0.096541,0.055256,FALSE,TRUE,5.905198,0.056422,-48.226942,37.861529,30.786823,-14.834727,-0.668557,-0.531502,0.304336,5.209959,16.167107,-13.725405,-6.802902,2.216569,175.067392,0.766221,0.56821,0.307104,3.023949,-0.407456,-8.297283,0.697559,-234200,141.37931,-57815130.710903,-2.577998,32.945678,1.292937,-0.270129,98.288196,0.00461,0.114739,0.55417,0.56821,-2.283334
08-08-24,72.730003,73.709999,72.620003,72.824097,6800,74.9774,74.649932,68.815537,-0.015461,0.096805,0.055476,FALSE,TRUE,5.834395,0.049302,-25.751315,38.835248,41.628366,3.365459,-0.704092,-0.45363,2.55835,6.674463,18.412438,15.532558,-5.548431,2.293932,176.620231,0.821418,0.631056,0.354973,3.246708,0.366322,-8.297283,0.672601,-227400,28.301887,-57819384.209237,-2.522782,39.839923,1.733651,-0.448789,98.934904,0.024011,0.577762,0.595796,0.631056,-1.219171
08-09-24,73.699997,74.18,73.519997,73.229172,4700,74.812901,74.67269,68.890671,-0.034248,0.096835,0.055694,FALSE,TRUE,5.782019,0.043371,-18.360591,39.052556,43.976688,11.275755,-0.691596,-0.352907,2.658768,7.190692,19.85045,23.075852,-4.299549,2.309715,176.825891,0.822025,0.634725,0.359892,3.399667,0.385336,-8.297283,0.482299,-222700,-60.833333,-57828226.23772,-2.487718,46.1293,1.982532,-0.343955,99.104618,0.020571,0.496527,0.59991,0.634725,-0.895643
08-12-24,74.129997,74.400002,73.800003,73.150139,6700,74.629137,74.702538,68.969914,-0.052854,0.096609,0.055911,FALSE,TRUE,5.732624,0.038669,-26.845979,38.940132,43.608068,12.821244,-0.680228,-0.273231,2.335939,6.50841,19.701999,21.604104,-4.783944,2.254899,173.883194,0.808346,0.630473,0.367909,3.370284,-0.029647,-8.297283,0.686124,-229400,6.349206,-57849439.908358,-2.508962,44.028508,1.095491,-0.940912,98.707157,-0.002951,-0.07288,0.606555,0.630473,-0.85057
08-13-24,74.610001,75.360001,74.580002,74.434494,5600,74.493782,74.75157,69.058662,-0.069801,0.09616,0.056127,FALSE,TRUE,5.692908,0.035761,-12.747441,37.586918,50.82226,9.193893,-0.561115,-0.123294,4.161438,8.424979,22.017931,48.025427,-3.509242,2.317024,163.52418,0.838267,0.659265,0.382638,2.990325,0.598327,-8.297283,0.575244,-223800,-9.677419,-57857129.254577,-2.453739,43.156991,1.668232,0.168406,99.505918,0.019696,0.474707,0.618577,0.659265,-0.036257
08-14-24,75.449997,75.669998,75.07,74.661751,3900,74.345092,74.801995,69.150309,-0.085035,0.095474,0.056341,FALSE,TRUE,5.651686,0.033184,3.797481,35.967363,51.992556,8.015867,-0.443269,-0.004359,3.963461,10.350731,21.825559,52.490193,-3.830481,2.308584,146.038072,0.838927,0.666118,0.388289,2.969715,0.676994,-8.297283,0.402685,-219900,-20.408163,-57866336.503791,-2.419782,48.102549,0.814092,-1.158316,99.204122,0.025009,0.605061,0.623128,0.666118,0.216833
08-15-24,76.410004,76.860001,76.290001,75.896713,5900,74.3115,74.870813,69.244165,-0.097442,0.094614,0.056555,TRUE,TRUE,5.626648,0.033015,16.694438,33.556018,57.861118,14.25305,-0.247372,0.15323,4.450703,11.09536,25.094976,76.752698,-0.877432,2.304435,141.351966,0.862981,0.691562,0.413263,3.174594,1.04031,-8.297283,0.627326,-214000,-48.695652,-57880378.252664,-2.28589,53.333487,0.023031,-0.096655,99.522286,0.029449,0.707205,0.642855,0.691562,1.121465
08-16-24,76.610001,77.080002,76.610001,76.035034,6900,74.315452,74.928801,69.337294,-0.106885,0.093593,0.056768,TRUE,TRUE,5.591507,0.032535,12.070551,31.518152,58.473423,7.651164,-0.080039,0.256451,4.882829,10.519207,26.543641,79.4702,0.104071,2.217014,141.846177,0.861716,0.690881,0.411429,3.287735,1.189173,-8.297283,0.772676,-207100,-57.926829,-57904160.201888,-2.356383,51.586969,0.427571,0.942609,99.61846,0.032048,0.769558,0.641427,0.690881,1.212286
08-19-24,77.010002,77.68,76.949997,76.746391,21700,74.380659,74.998849,69.430945,-0.112683,0.092454,0.05698,TRUE,TRUE,5.567904,0.032096,16.204859,30.155089,61.566426,9.573871,0.108721,0.356169,5.806542,12.097345,28.478375,83.592116,1.728668,2.224987,150.058592,0.861493,0.687367,0.402522,3.997476,1.710163,-8.297283,2.330827,-185400,53.900709,-57937964.920594,-2.215008,56.017741,1.850963,2.408389,100.293285,0.050479,1.203365,0.634446,0.687367,1.576539
08-20-24,77.699997,77.870003,77.410004,76.617943,6200,74.401408,75.066525,69.51847,-0.114823,0.091156,0.057192,TRUE,TRUE,5.548054,0.03197,19.002635,29.051483,60.687446,2.826328,0.245124,0.394058,5.200786,12.604414,28.305262,78.706481,0.544549,2.226219,152.969517,0.859327,0.684066,0.401106,3.915819,1.465089,-8.297283,0.685083,-191600,-45.614035,-57965516.168666,-2.269573,59.986202,1.629246,3.28712,100.496687,0.046914,1.119878,0.633329,0.684066,1.449005
08-21-24,77.779999,78,77.459999,76.855064,9900,74.442904,75.13579,69.604489,-0.112903,0.089706,0.057404,TRUE,TRUE,5.531301,0.03234,11.549355,28.140864,61.772467,3.299044,0.368115,0.413639,5.841374,13.099851,27.825398,80.949497,1.091636,2.118655,158.627077,0.859473,0.684308,0.401877,4.005036,1.476478,-8.297283,1.079019,-181700,33.783784,-57997597.069781,-2.191221,60.095822,1.54128,3.101876,100.492429,0.044965,1.073865,0.633938,0.684308,1.520649
08-22-24,77.980003,78.160004,77.089996,76.163467,9900,74.538737,75.18748,69.687002,-0.107706,0.088073,0.057616,TRUE,TRUE,5.500478,0.031129,15.789291,26.844082,56.84456,-4.721866,0.405111,0.360507,5.692034,9.486571,26.984162,67.641258,2.581488,2.066144,163.106431,0.868387,0.693631,0.40163,3.93228,1.240809,-8.297283,1.073171,-191600,11.235955,-58024642.067214,-2.207981,61.645076,1.006835,0.608317,99.843589,0.028993,0.685161,0.633743,0.693631,0.996117
08-23-24,77.800003,78.139999,77.419998,77.141579,15900,74.699778,75.245135,69.773132,-0.098845,0.086329,0.057827,TRUE,TRUE,5.472003,0.030472,41.284258,25.639927,61.52,0.832554,0.507505,0.370321,6.365833,10.751896,27.228622,83.493938,4.357133,2.13102,172.323502,0.875907,0.730409,0.40963,3.981591,1.827149,-8.297283,1.642562,-175700,133.823529,-58052838.907379,-2.169522,72.639177,1.168328,1.437964,100.155117,0.026894,0.634358,0.640024,0.730409,1.416986
08-26-24,78.190002,78.220001,77.610001,76.884705,11300,74.809939,75.2945,69.857586,-0.086789,0.084456,0.058038,TRUE,TRUE,5.436914,0.028378,60.046048,24.608178,59.691005,-2.081462,0.561453,0.339416,5.724411,10.852095,28.249197,78.32312,2.950151,2.086896,179.109051,0.872859,0.763152,0.440532,3.516837,1.914869,-8.297283,1.167959,-187000,-0.877193,-58091010.503546,-2.209671,86.382257,0.323825,0.655752,99.540577,0.036485,0.887111,0.663726,0.763152,1.158381
08-27-24,77.580002,77.959999,77.519997,77.023026,4500,74.919111,75.348602,69.945179,-0.071457,0.082508,0.058247,TRUE,TRUE,5.403423,0.026772,71.601731,23.522894,60.374172,3.529612,0.608357,0.309055,6.101467,10.863113,27.938705,78.625428,2.917495,1.989714,185.827595,0.871806,0.766528,0.437742,2.850223,1.834082,-8.297283,0.479744,-182500,-56.730769,-58105675.765719,-2.165836,87.868555,0.567722,0.913786,100.128651,0.049813,1.209629,0.661621,0.766528,1.132186
08-28-24,77.809998,77.839996,77.099998,76.56855,9500,75.025814,75.379426,70.025751,-0.053853,0.080426,0.058456,TRUE,TRUE,5.353675,0.024408,53.758611,21.932857,56.958393,-4.561607,0.601917,0.242092,6.210594,10.443195,26.303845,64.862777,2.867026,1.84302,188.998309,0.876439,0.787768,0.452535,2.43428,1.580151,-8.297283,0.985477,-192000,120.930233,-58128821.100949,-2.188909,80.379392,-0.688245,0.661387,99.936321,0.030733,0.752334,0.672707,0.787768,0.81627
08-29-24,77.669998,78.150002,77.360001,76.57843,13000,75.072744,75.40769,70.10652,-0.034366,0.078218,0.058662,TRUE,TRUE,5.301169,0.022348,50.977173,20.850719,57.015329,-2.675676,0.5908,0.184781,6.866927,9.742197,24.497262,62.860368,1.240869,1.86382,191.748503,0.87541,0.800154,0.464,2.031372,1.453825,-8.297283,1.325854,-179000,34.020619,-58167543.642404,-2.225854,81.665112,0.543511,0.135929,99.493997,0.009238,0.228815,0.681175,0.800154,0.78524
08-30-24,77.510002,78.18,77.360001,77.240372,15800,75.206615,75.447418,70.185312,-0.012717,0.075923,0.058867,TRUE,TRUE,5.262106,0.022296,57.181879,19.884448,60.760454,0.386282,0.628162,0.177714,7.303809,9.886466,24.959114,73.087097,3.59082,1.88768,197.26888,0.874257,0.798875,0.462163,1.577798,1.433389,-8.297283,1.59194,-163200,17.910448,-58187953.733677,-2.205099,82.907489,1.516056,0.658478,99.842442,0.00974,0.24116,0.679826,0.798875,1.030957
09-03-24,77.370003,77.730003,76.279999,75.649719,15100,75.332088,75.459472,70.255661,0.009213,0.073493,0.059069,TRUE,TRUE,5.203811,0.019593,16.291367,19.347026,49.581257,-7.377136,0.523386,0.05835,4.864386,7.668648,22.327853,18.403786,3.431036,1.855626,191.325202,0.917361,0.839226,0.476905,1.360068,0.729367,-8.297283,1.509245,-178300,11.851852,-58216180.89371,-2.201895,73.97803,-0.68654,-0.833925,98.680636,-0.014489,-0.346662,0.690583,0.839226,0.166016
09-04-24,75.889999,76.739998,75.870003,75.521286,15800,75.520793,75.471913,70.324634,0.030758,0.070904,0.059269,TRUE,TRUE,5.147279,0.016528,11.67768,19.284626,48.800527,-8.214801,0.425087,-0.031959,4.230832,8.73233,22.177986,-14.83902,5.260267,1.845046,171.713136,0.91779,0.861164,0.488117,1.186389,0.683959,-8.297283,1.611423,-194100,-20.20202,-58244646.997961,-2.260921,66.221874,-1.892006,0.395196,98.513102,-0.031404,-0.759197,0.698654,0.861164,0.000287
09-05-24,76.419998,76.769997,75.93,75.254532,23100,75.723823,75.483551,70.391979,0.050995,0.068202,0.059465,FALSE,TRUE,5.091572,0.013167,-10.04619,19.180428,47.140202,-13.620252,0.321948,-0.108078,2.897226,7.723646,22.112571,-26.190267,5.703588,1.76146,138.691131,0.919045,0.862268,0.489253,1.28977,0.519373,-8.297283,2.177191,-217200,230,-58304897.924392,-2.308045,56.660146,-2.347984,-0.166387,98.361939,-0.03552,-0.858496,0.699466,0.862268,-0.338372
09-06-24,76.379997,76.459999,74.809998,74.019547,46800,75.783596,75.465563,70.450996,0.067908,0.065381,0.059655,FALSE,TRUE,5.014567,0.007994,-26.912811,20.141231,40.303498,-9.277759,0.138955,-0.232857,1.058859,4.86471,21.182715,-23.180358,1.641558,1.835887,127.674806,0.943994,0.914576,0.520641,1.652742,-0.025788,-8.297283,3.71134,-264000,588.235294,-58396538.015205,-2.288477,43.39167,-3.061159,-1.19064,97.501602,-0.072638,-1.764274,0.721555,0.914576,-1.381674
09-09-24,75.57,75.82,75.269997,74.819817,7900,75.863128,75.461216,70.51465,0.082148,0.062489,0.059842,FALSE,TRUE,4.946566,0.005261,-25.423712,21.033405,45.789985,-3.010543,0.05784,-0.251178,2.165196,6.681357,22.806676,0.287948,2.172146,1.831094,115.277486,0.946776,0.910269,0.533424,1.844944,0.018217,-8.297283,0.618637,-256100,68.085106,-58417370.388627,-2.306751,39.491031,-4.196907,-0.915339,97.319944,-0.08428,-2.068786,0.730359,0.910269,-0.905043
09-10-24,76,76.080002,75.440002,75.116219,4900,75.961432,75.462401,70.578415,0.093311,0.059579,0.060024,FALSE,TRUE,4.883986,0.00325,-19.387546,21.423553,47.706968,0.566767,0.017273,-0.233395,2.349617,7.209083,23.174842,8.980079,2.687732,1.836856,98.015032,0.947716,0.959795,0.563135,1.974243,0.069531,-8.297283,0.386435,-251200,-26.865672,-58427228.333934,-2.278346,39.066452,-3.488032,0.111389,98.012733,-0.101506,-2.572401,0.750423,0.959795,-0.86233
09-11-24,76.07,76.989998,74.879997,76.025146,12500,76.040965,75.485915,70.646138,0.101469,0.056714,0.060203,TRUE,TRUE,4.839777,0.002524,-9.859288,20.444189,53.175211,12.871713,0.057801,-0.154294,3.324535,7.377334,23.853088,35.634828,2.136983,1.883288,91.188671,0.959825,0.972107,0.570856,2.014117,0.438696,-8.297283,0.959693,-238700,123.214286,-58426160.219008,-2.18438,39.775092,-4.323908,-0.247535,98.327313,-0.098515,-2.487198,0.75555,0.972107,-0.017346
09-12-24,76.989998,77.550003,76.68,76.529022,8600,76.134328,75.507256,70.716576,0.106287,0.053958,0.060379,TRUE,TRUE,4.790679,0.00373,4.441787,19.12229,55.926643,10.136659,0.12909,-0.066404,3.057138,8.329473,25.251147,50.411226,2.500975,1.891414,85.719385,0.955856,0.976713,0.593522,1.994593,0.359758,-8.297283,0.648567,-230100,120.512821,-58437745.063746,-2.154633,44.268284,-5.391572,0.257948,97.95202,-0.123606,-3.219797,0.770404,0.976713,0.460449
09-13-24,77.629997,78.07,77.629997,76.963745,20600,76.18768,75.530967,70.790069,0.108647,0.051314,0.060552,TRUE,TRUE,4.740898,0.0058,-2.313578,18.470741,58.208282,10.501314,0.218151,0.018125,3.423005,9.233413,25.882244,63.159685,1.4059,1.840308,87.465448,0.958137,0.979667,0.594451,1.996596,0.464997,-8.297283,1.471954,-209500,249.152542,-58520730.144895,-2.287788,45.537953,-6.754149,0.114194,98.178069,-0.122683,-3.191802,0.771007,0.979667,0.887282
09-16-24,77.919998,78.059998,77.650002,77.121811,7700,76.242019,75.55705,70.864254,0.109023,0.048759,0.060722,TRUE,TRUE,4.692796,0.008179,3.124874,17.865731,59.038621,5.86341,0.298051,0.07842,3.772816,10.164242,24.984274,68.599747,1.429311,1.838187,89.811601,0.958318,0.989594,0.602383,1.993222,0.489037,-8.297283,0.548628,-201800,11.594203,-58548269.691593,-2.294654,44.571021,-7.319454,0.374078,97.77849,-0.140643,-3.694668,0.776133,0.989594,0.979598
09-17-24,78.239998,78.540001,77.790001,77.04277,13300,76.256837,75.572857,70.938191,0.107744,0.046298,0.06089,TRUE,TRUE,4.634667,0.009975,0.262271,17.824028,58.413627,2.486984,0.350949,0.105055,2.686277,9.299829,26.414878,59.859807,0.38618,1.871864,90.925228,0.9576,0.988196,0.604532,1.992976,0.53705,-8.297283,0.976864,-215100,-38.709677,-58588071.467716,-2.387464,49.016211,-8.298217,-0.314659,97.923088,-0.127807,-3.369118,0.777517,0.988196,0.864373
09-18-24,77.949997,78.699997,77.790001,76.855064,23700,76.268694,75.583725,71.009965,0.10414,0.043951,0.061054,TRUE,TRUE,4.57376,0.011101,3.945577,17.952051,56.873824,-1.334458,0.37342,0.102021,2.248129,8.444205,26.147262,52.57242,0.309486,1.954529,91.573156,0.957821,0.984299,0.603664,1.983857,0.524026,-8.297283,1.635611,-238800,282.258065,-58660470.571467,-2.398048,45.907776,-8.300674,-0.675015,98.039432,-0.122959,-3.237025,0.776958,0.984299,0.64033
09-19-24,79.089996,79.410004,78.910004,78.178947,11800,76.334888,75.61949,71.086744,0.09933,0.041757,0.061216,TRUE,TRUE,4.532746,0.013904,18.663486,18.753293,64.068104,5.029483,0.492379,0.176784,3.886854,9.462601,28.546632,73.237944,1.722571,2.010374,100.394819,0.980685,1.061681,0.659672,2.937932,1.058158,-8.297283,0.80905,-227000,19.191919,-58706776.424739,-2.431194,45.673547,-8.44544,0.013537,98.598387,-0.098421,-2.730933,0.812202,1.061681,1.836808
09-20-24,79.110001,79.160004,78.599998,78.040634,17200,76.428746,75.638262,71.164495,0.094528,0.039716,0.061375,TRUE,TRUE,4.473767,0.016704,9.938639,19.009006,62.887752,4.474125,0.568936,0.202672,3.988964,8.6414,29.41932,70.231137,2.464655,1.957143,107.248668,0.98069,1.07079,0.667989,2.920741,0.921434,-8.297283,1.150502,-244200,73.737374,-58758337.057428,-2.453829,38.363806,-7.994895,-0.642577,98.396753,-0.113229,-3.180887,0.817306,1.07079,1.502945
09-23-24,79.18,79.309998,79.050003,78.257988,13600,76.484566,75.673038,71.243627,0.090224,0.037898,0.061533,TRUE,TRUE,4.429412,0.019886,39.053342,19.395334,64.009876,7.136053,0.639771,0.218806,4.484357,9.167887,32.022121,74.956214,1.447221,1.935219,113.855872,0.980991,1.072334,0.66889,2.869639,0.953699,-8.297283,0.916751,-230600,-14.465409,-58854795.769794,-2.702922,44.684772,-7.784969,-0.883713,98.480381,-0.114941,-3.232397,0.817857,1.072334,1.557602
09-24-24,79.339996,79.400002,78.93,78.386421,7300,76.559652,75.704258,71.32438,0.086049,0.036334,0.06169,TRUE,TRUE,4.379879,0.023134,42.899377,19.553224,64.689276,0.621172,0.698224,0.221807,4.97343,9.707848,32.52229,77.748237,1.953206,1.936763,121.339424,0.981037,1.080084,0.673889,2.83774,0.990818,-8.297283,0.498804,-223300,-35.39823,-58878981.374624,-2.692077,49.76195,-5.79547,-0.505855,98.614818,-0.102482,-2.903893,0.820907,1.080084,1.505503
09-25-24,79.300003,79.5,79.120003,78.238243,5900,76.620413,75.726192,71.402238,0.081834,0.035003,0.061846,TRUE,TRUE,4.323954,0.025602,45.482309,19.811144,63.206769,0.319017,0.724243,0.198261,4.430529,9.847806,31.945413,73.096882,1.577733,1.928094,126.705836,0.980568,1.080922,0.673723,2.629651,1.01487,-8.297283,0.401224,-229200,31.111111,-58912262.529884,-2.74256,56.879075,-6.393321,-0.384137,98.618679,-0.103125,-2.922754,0.820806,1.080922,1.276839
09-26-24,79.760002,79.760002,79.230003,78.643303,10500,76.724151,75.746346,71.480751,0.078227,0.033892,0.062001,TRUE,TRUE,4.265596,0.029585,80.690559,20.340008,65.532171,1.522295,0.768687,0.194164,4.805774,9.402544,34.397187,77.116842,2.709667,1.906515,134.511717,0.977487,1.079129,0.677966,2.408719,0.936693,-8.297283,0.711623,-218700,10.526316,-58946009.204612,-2.76919,75.18711,-6.599597,-0.354679,98.611813,-0.111829,-3.200309,0.823387,1.079129,1.426755
09-27-24,79.510002,79.57,79.110001,78.455116,19100,76.817985,75.784078,71.556952,0.074148,0.032973,0.062154,TRUE,TRUE,4.227126,0.033617,71.027628,20.599043,63.523455,-1.165821,0.779735,0.16417,4.527478,9.1258,34.075578,73.260562,2.450672,1.831538,139.88035,0.977238,1.117453,0.69549,2.029199,0.758718,-8.297283,1.26826,-237800,46.923077,-59019493.186168,-2.828518,65.88682,-6.016722,-0.25092,98.484071,-0.101485,-2.987447,0.833961,1.117453,1.17038
09-30-24,79.110001,79.620003,78.839996,78.781975,5800,76.895065,75.840598,71.633319,0.07066,0.032258,0.062307,TRUE,TRUE,4.207278,0.038104,71.199014,20.323583,65.50143,2.294661,0.80558,0.152012,5.253903,9.730805,33.716933,79.958476,1.995851,1.815299,146.424745,0.978305,1.117618,0.693577,1.770626,0.856461,-8.297283,0.398352,-232000,-63.291139,-59026156.0636,-2.878442,66.104299,-5.716337,0.361056,98.812837,-0.097526,-2.858805,0.832813,1.117618,1.288655
10-01-24,79.5,79.5,78.5,78.108452,12500,77.018002,75.893922,71.702256,0.06837,0.031716,0.062459,TRUE,TRUE,4.191666,0.042059,42.402206,19.457102,58.466041,-7.06613,0.76292,0.087481,3.506992,9.620064,32.949313,46.378269,3.250154,1.729445,145.738668,0.98318,1.161911,0.72444,1.520745,0.467854,-8.297283,0.866251,-244500,-17.218543,-59048444.767519,-2.883797,59.117881,-7.219628,-0.557405,97.887371,-0.14335,-4.40917,0.851141,1.161911,0.748223
10-02-24,78.75,79.010002,78.480003,78.148064,14600,77.149341,75.932823,71.770705,0.0684,0.031338,0.06261,TRUE,TRUE,4.162118,0.046076,36.391651,18.61683,58.746683,-4.776772,0.723963,0.038819,3.127423,9.509095,33.461531,24.322311,3.478195,1.671597,143.357165,0.983171,1.160549,0.723589,1.332203,0.46059,-8.297283,1.016006,-229900,-7.594937,-59081332.808055,-2.911224,52.532151,-6.053295,-0.539734,97.963918,-0.140148,-4.304083,0.85064,1.160549,0.696668
10-03-24,78.769997,78.980003,78.43,77.920265,9100,77.282627,75.970726,71.838016,0.071092,0.03111,0.062759,TRUE,TRUE,4.13271,0.049751,22.548736,17.742106,56.387074,-9.114357,0.667018,-0.0145,2.773222,10.579193,34.511846,12.808701,3.542289,1.611487,137.067295,0.98409,1.165959,0.729093,1.216452,0.353944,-8.297283,0.665691,-239000,-60.606061,-59107300.312564,-2.934903,44.147417,-6.140046,0.439136,97.947366,-0.147492,-4.571129,0.853869,1.165959,0.4652
10-04-24,79.379997,79.470001,78.82,78.673027,9700,77.515302,76.05925,71.907376,0.075707,0.031073,0.062907,TRUE,TRUE,4.151874,0.055781,32.071734,17.697186,61.841396,3.375355,0.674852,-0.005333,3.174489,10.412408,34.741051,44.823633,6.286827,1.637241,116.7519,0.984637,1.201106,0.737539,1.078856,0.363119,-8.297283,0.82099,-229300,-79.273504,-59121386.870776,-3.067494,44.835416,-7.398697,0.476591,98.110026,-0.138436,-4.356539,0.858801,1.201106,0.991612
10-07-24,79.220001,79.290001,78.599998,77.920265,8100,77.670324,76.139241,71.971701,0.081188,0.031167,0.063053,TRUE,TRUE,4.16754,0.059502,15.924255,17.215792,54.501071,-4.245613,0.613249,-0.053549,2.10793,9.386221,33.586214,6.612396,4.143887,1.586306,98.185188,0.98772,1.236921,0.771576,0.949354,0.308196,-8.297283,0.684989,-237400,2.531646,-59145445.769493,-3.078543,38.39172,-8.08855,-0.339337,97.357489,-0.12848,-4.32046,0.878394,1.236921,0.254561
10-08-24,79.07,79.529999,78.989998,78.732452,6000,77.851136,76.22026,72.044345,0.088087,0.031389,0.063197,TRUE,TRUE,4.175915,0.064995,30.601717,17.138676,60.015616,3.628542,0.622786,-0.035209,3.065482,10.648818,33.411177,22.740727,4.814185,1.565633,80.352626,0.995193,1.232548,0.750009,0.688656,0.476578,-8.297283,0.505051,-231400,22.44898,-59157168.992483,-3.072141,46.782475,-7.368212,1.467909,98.426176,-0.104009,-3.318196,0.866031,1.232548,1.096811
10-09-24,79.449997,80.07,79.410004,79.287125,7500,78.014235,76.309211,72.116483,0.09573,0.031769,0.063341,TRUE,TRUE,4.192728,0.071828,20.652985,17.806963,63.288119,1.446723,0.667408,0.00753,2.834002,12.17389,32.765283,52.263698,4.290657,1.445007,74.208942,0.997734,1.231872,0.751402,1.215094,0.553056,-8.297283,0.644884,-223900,-40,-59167461.714459,-3.187023,45.251389,-6.681792,1.459966,98.472253,-0.105347,-3.361717,0.866835,1.231872,1.715279
10-10-24,79.849998,80.080002,79.68,79.168259,7700,78.146196,76.403886,72.187341,0.103765,0.032295,0.063484,TRUE,TRUE,4.216545,0.079184,21.091868,18.440419,62.114868,7.613797,0.685281,0.020322,3.462021,11.230485,32.111424,44.74289,3.448674,1.430198,69.739648,0.99503,1.248274,0.753215,1.140841,0.344425,-8.297283,0.664653,-231600,-10.465116,-59194863.692372,-3.267668,53.986953,-5.548179,-0.284012,98.084428,-0.103899,-3.336704,0.86788,1.248274,1.46554
10-11-24,79.879997,80.459999,79.849998,79.604057,7400,78.278212,76.48317,72.25856,0.111503,0.032969,0.063629,TRUE,TRUE,4.22461,0.085361,24.189444,19.507169,64.698746,4.68313,0.726238,0.049024,3.616815,13.524264,33.492941,57.835355,3.430592,1.424377,71.153948,0.979649,1.229112,0.752417,1.43274,0.869683,-8.297283,0.677346,-224200,-64.07767,-59208230.78345,-3.146456,51.852339,-5.521668,0.209192,97.933179,-0.094133,-3.065578,0.86742,1.229112,1.863348
10-15-24,81.07,81.089996,80.239998,79.683296,7300,78.406286,76.585577,72.330226,0.118785,0.033801,0.063774,TRUE,TRUE,4.255352,0.09046,23.513268,21.165176,65.163977,1.875858,0.756373,0.063326,3.294874,15.109098,34.68721,47.116457,3.32135,1.45379,72.287504,0.972977,1.224012,0.746842,1.458043,1.120259,-8.297283,0.669418,-216900,-5.194805,-59225092.970307,-3.10327,51.900856,-5.315972,1.158282,98.162977,-0.086337,-2.799605,0.8642,1.224012,1.766571
10-16-24,80.480003,80.790001,80.300003,79.990356,4000,78.553666,76.722579,72.404114,0.125152,0.034825,0.06392,TRUE,TRUE,4.318466,0.094985,30.87759,22.704754,66.980018,4.86515,0.795857,0.082249,3.033133,15.486892,33.461493,58.660093,3.825909,1.447595,73.068489,0.968548,1.217271,0.748144,1.699385,1.415407,-8.297283,0.383142,-212900,-69.924812,-59234148.447147,-3.094238,51.222128,-5.032121,0.29281,98.012155,-0.080422,-2.626516,0.864953,1.217271,1.966225
10-17-24,81.32,81.32,80.739998,79.970535,3800,78.709439,76.887046,72.480407,0.130478,0.036003,0.064066,TRUE,TRUE,4.406639,0.100514,25.093508,24.626852,66.738159,2.039413,0.816142,0.082027,4.443058,16.435493,33.581153,53.30572,4.053696,1.430795,67.982482,0.961322,1.202445,0.736101,1.638715,1.141703,-8.297283,0.402329,-216700,-83.966245,-59248031.028505,-3.110431,48.583164,-4.824282,0.635988,97.386566,-0.092039,-2.958572,0.857963,1.202445,1.855031
10-18-24,81.07,81.120003,80.809998,80.287483,3100,78.814866,77.068917,72.560791,0.134684,0.037321,0.064212,TRUE,TRUE,4.508127,0.106052,33.820564,26.411657,68.685344,3.521367,0.848017,0.091121,5.702641,17.132221,35.978486,64.272779,2.697063,1.444965,75.280457,0.961225,1.207877,0.737809,1.85633,1.315142,-8.297283,0.344062,-213600,-73.728814,-59261581.140482,-3.078828,58.789925,-4.634984,1.089964,97.331063,-0.099033,-3.194099,0.858958,1.207877,1.956175
10-21-24,80.860001,81.099998,80.510002,80.11911,11500,78.91879,77.214818,72.641167,0.138128,0.038761,0.064359,TRUE,TRUE,4.573651,0.108063,25.423616,27.286373,66.459536,-0.520482,0.849895,0.0744,6.199265,17.954721,36.644922,58.446718,2.663325,1.416587,78.315135,0.907625,1.154283,0.747193,1.78828,2.013548,-8.297283,1.318052,-225100,-33.139535,-59288319.398901,-3.037148,50.559172,-3.736077,3.133587,97.567497,-0.059054,-2.054222,0.864403,1.154283,1.53268
10-22-24,82,82,80.5,80.138924,6700,79.012836,77.353013,72.721298,0.140052,0.040336,0.064506,TRUE,TRUE,4.631714,0.109228,44.08594,28.936937,66.596715,-0.141444,0.843261,0.054213,5.165078,16.898649,38.529155,47.869005,2.403506,1.494751,81.202693,0.904657,1.149267,0.746978,1.635313,2.155814,-8.297283,0.799523,-218400,-50.735294,-59298245.014339,-2.645879,59.591272,-3.767392,2.678744,97.721979,-0.048501,-1.691936,0.864279,1.149267,1.386761
10-23-24,80.580002,80.650002,79.650002,79.346542,9000,79.060843,77.476941,72.792753,0.140046,0.042018,0.064652,TRUE,TRUE,4.684188,0.110037,22.36601,28.719666,56.622793,-12.062552,0.765245,-0.019043,4.368812,14.313492,37.415254,25.673449,1.224856,1.518541,80.135539,0.908495,1.15651,0.745733,1.505048,1.559053,-8.297283,1.063201,-227400,23.287671,-59312707.279353,-2.561878,62.760175,-4.477591,1.325534,97.197212,-0.057674,-1.998544,0.863559,1.15651,0.356521
10-24-24,80.290001,80.379997,79.980003,79.544632,8400,79.126162,77.579144,72.865886,0.138171,0.043794,0.064798,TRUE,TRUE,4.713257,0.11118,30.482939,28.517915,58.303994,-8.155542,0.711201,-0.058469,7.135441,14.533841,36.669204,27.783325,1.669757,1.532855,78.382626,0.908584,1.157057,0.74583,1.305899,1.569954,-8.297283,0.977881,-219000,42.372881,-59339393.157128,-2.486209,71.48354,-2.35351,0.855906,97.518369,-0.057799,-2.003043,0.863614,1.157057,0.533881
10-25-24,80,81.040001,80,79.49511,7000,79.168752,77.675811,72.936709,0.134774,0.04565,0.064943,TRUE,TRUE,4.739102,0.111294,17.772705,29.007728,57.701888,-8.894826,0.656805,-0.090293,7.540989,15.033695,38.731025,26.326785,1.083127,1.528925,77.933776,0.904899,1.154983,0.755523,1.219067,1.716402,-8.297283,0.831848,-226000,-33.333333,-59353189.753248,-2.419373,70.73416,-1.568058,1.817287,97.82553,-0.036147,-1.282492,0.869208,1.154983,0.418762
10-28-24,80.43,80.93,80.43,79.732826,11400,79.232638,77.752533,73.009456,0.130096,0.047578,0.065087,TRUE,TRUE,4.743077,0.113559,44.095996,29.462555,59.845525,3.222732,0.625664,-0.097146,6.763842,14.173136,40.659874,24.678666,1.628587,1.591097,77.007366,0.883465,1.138804,0.743786,0.948298,1.362648,-8.297283,1.419676,-214600,-40.314136,-59396380.890943,-2.346748,79.628578,-1.98107,0.789399,97.591804,-0.04381,-1.555179,0.86243,1.138804,0.649533
10-29-24,80.360001,80.800003,80.190002,79.841774,5600,79.285628,77.828668,73.082159,0.12376,0.049551,0.065231,TRUE,TRUE,4.746508,0.11395,32.557686,29.389911,60.825416,2.521422,0.602827,-0.095987,6.683882,14.151981,41.733324,16.670692,1.345231,1.540387,77.388447,0.860775,1.170674,0.733234,0.80829,1.878169,-8.297283,0.698254,-209000,-3.448276,-59408374.587318,-2.382909,73.982943,-2.041092,0.988063,97.856363,-0.050729,-1.811342,0.856291,1.170674,0.718642
10-30-24,80.440002,80.860001,80.32,79.594162,8100,79.359913,77.885623,73.153084,0.116832,0.051551,0.065375,TRUE,TRUE,4.732539,0.11123,9.903826,29.391935,57.397166,-0.304722,0.558313,-0.112401,6.931824,15.50639,39.332376,-2.376152,1.902112,1.516523,72.46825,0.820829,1.238771,0.716581,0.771822,2.484624,-8.297283,1.038462,-217100,-35.2,-59438249.681626,-2.498749,66.133785,-1.27307,1.190379,97.710315,-0.073107,-2.655778,0.846511,1.238771,0.323243
10-31-24,79.889999,79.889999,78.82,78.06884,13600,79.355952,77.914641,73.218543,0.1084,0.053508,0.065515,TRUE,TRUE,4.696098,0.10329,-24.3955,27.668075,41.776646,-18.068879,0.395396,-0.220254,3.211272,13.699286,35.986404,-23.621371,-0.101376,1.571508,73.183643,0.821327,1.222676,0.720577,1.001173,2.479339,-8.297283,1.754839,-230700,-6.849315,-59470944.587043,-2.513624,55.422346,-2.260264,0.985469,97.170723,-0.066072,-2.415856,0.848868,1.222676,-1.758743
11-01-24,79.25,79.709999,79.089996,78.38578,9300,79.379228,77.945255,73.287011,0.099086,0.055433,0.065654,TRUE,TRUE,4.658244,0.094581,-27.765181,26.067348,45.11882,-15.706596,0.288532,-0.261695,5.126984,13.266974,35.109953,-13.654696,0.597425,1.596995,68.997742,0.813111,1.214366,0.72161,1.162468,2.887407,-8.297283,1.198454,-221400,2.197802,-59501370.973556,-2.539115,56.156742,-2.381539,0.756752,97.299877,-0.053577,-1.982463,0.849476,1.214366,-1.439826
11-04-24,79.120003,79.279999,78.669998,78.148064,6900,79.35298,77.984947,73.351344,0.089919,0.057308,0.065789,TRUE,TRUE,4.633603,0.087845,-33.769098,25.122639,43.119544,-14.277623,0.182555,-0.294137,6.846863,11.369613,32.201626,-15.6737,-0.667272,1.547769,72.723609,0.765728,1.184056,0.688498,1.348358,2.170133,-8.297283,0.905512,-228300,-28.865979,-59520078.660476,-2.616088,49.670987,-2.953181,-0.49692,96.97842,-0.059915,-2.225507,0.829758,1.184056,-1.656843
11-05-24,78.900002,79.900002,78.900002,79.13855,17900,79.413894,78.024887,73.416504,0.081306,0.05915,0.065921,TRUE,TRUE,4.608383,0.083124,-16.287898,23.33554,52.553481,10.776835,0.176458,-0.240188,10.301947,11.870119,32.668739,14.070612,1.563502,1.586634,64.757332,0.777993,1.197714,0.687295,1.398055,2.377784,-8.297283,2.207152,-210400,120.987654,-59529438.632095,-2.367404,55.331729,-1.41597,0.95975,97.650018,-0.053875,-1.965805,0.829032,1.197714,-0.425194
11-06-24,81.489998,81.940002,81.110001,81.060051,11200,79.530274,78.108394,73.490289,0.074588,0.061042,0.066053,TRUE,TRUE,4.618105,0.08109,15.277788,23.704264,64.76315,19.64433,0.322952,-0.074955,13.858103,14.204613,35.86767,71.773318,2.956339,1.678717,72.337868,0.831743,1.260825,0.700558,2.179012,3.0308,-8.297283,1.338112,-199200,86.666667,-59541986.66776,-2.298791,57.936939,0.732353,2.197226,98.924493,-0.038532,-1.343916,0.836994,1.260825,2.114767
11-07-24,82,82.599998,82,81.723679,21500,79.652102,78.202407,73.566409,0.069661,0.063017,0.066184,TRUE,TRUE,4.635997,0.081881,19.205479,24.509038,67.84115,24.721606,0.486985,0.071263,12.220655,15.091653,36.398067,77.701786,3.073076,1.699214,87.049051,0.810066,1.231359,0.694356,2.867802,2.80584,-8.297283,2.370452,-177700,186.666667,-59583289.752586,-2.292327,63.2992,0.066142,2.012203,98.993251,-0.045262,-1.604366,0.83328,1.231359,2.379781
11-08-24,82.540001,82.980003,82.540001,82.040611,3400,79.795719,78.311848,73.644115,0.066407,0.065052,0.066314,TRUE,TRUE,4.667733,0.083173,25.194696,25.503218,69.223804,16.670323,0.635234,0.175609,12.03269,15.01138,36.748254,78.204386,3.628162,1.73129,101.192041,0.810389,1.229072,0.687935,3.14999,2.831658,-8.297283,0.383964,-174300,-55.844156,-59594407.549784,-2.256035,69.434672,0.514803,2.739368,99.562117,-0.027197,-0.953685,0.829419,1.229072,2.218447
11-11-24,83.089996,83.089996,82.699997,82.060432,8000,79.918538,78.421488,73.720495,0.064511,0.067132,0.066444,TRUE,TRUE,4.700993,0.086179,25.194771,26.498068,69.312667,4.549517,0.745725,0.22888,12.180829,14.801305,37.906525,76.706689,3.085741,1.658494,112.965245,0.786435,1.223999,0.667133,3.108447,2.369563,-8.297283,0.900394,-166300,8.108108,-59628646.135018,-2.365871,69.755041,0.724105,1.962018,99.348432,-0.031356,-1.097035,0.816782,1.223999,1.896065
11-12-24,82.93,82.93,82.349998,81.842529,5000,80.0265,78.513531,73.795639,0.063713,0.069236,0.066574,TRUE,TRUE,4.717893,0.088721,35.39333,26.895034,67.021599,-0.819551,0.806411,0.231653,9.952422,14.528025,35.379759,71.776752,2.709769,1.651526,120.654941,0.788086,1.18612,0.636505,2.980978,2.21427,-8.297283,0.570125,-171300,-31.506849,-59642395.57597,-2.379148,71.693429,-1.258301,0.544588,98.380052,-0.046192,-1.543262,0.797812,1.18612,1.505143
11-13-24,82.709999,82.980003,82.419998,81.931664,10700,80.123565,78.63917,73.868428,0.064192,0.071371,0.066703,TRUE,TRUE,4.770742,0.092292,34.379495,27.302824,67.494905,-1.728899,0.851878,0.221696,9.737131,14.08652,35.593073,73.793364,2.426926,1.658798,127.937851,0.780882,1.176028,0.639758,2.866466,1.954612,-8.297283,1.175178,-160600,167.5,-59671756.763147,-2.403121,72.222366,-1.2646,-0.411066,98.073927,-0.061739,-2.091117,0.799849,1.176028,1.413263
11-14-24,82.760002,82.760002,82.129997,81.39682,8400,80.194879,78.756681,73.938838,0.065789,0.073508,0.06683,TRUE,TRUE,4.817842,0.094479,25.600178,27.226832,61.766512,-7.546155,0.835127,0.163956,7.246831,12.020069,32.391305,61.692829,1.783513,1.611163,130.978954,0.786322,1.185289,0.630466,2.750507,1.777759,-8.297283,0.899839,-169000,121.052632,-59699708.003217,-2.419266,66.480422,-2.500048,-2.586041,97.255156,-0.082123,-2.727319,0.794019,1.185289,0.91766
11-15-24,81.610001,81.720001,80.900002,80.386543,10500,80.199832,78.859321,74.009256,0.066887,0.075599,0.066956,TRUE,TRUE,4.850065,0.095148,7.971124,25.534784,52.672703,-14.348896,0.731893,0.048578,5.723032,10.885307,30.540233,38.835878,0.123382,1.576775,131.034534,0.804719,1.204681,0.642249,2.699596,1.227291,-8.297283,1.081917,-179500,238.709677,-59723357.548709,-2.379064,58.774916,-3.269834,-2.963473,96.629862,-0.092623,-3.0548,0.801404,1.204681,0.14249
11-18-24,81.089996,81.629997,81.080002,80.663879,11600,80.227071,78.992208,74.077966,0.067933,0.077635,0.067079,TRUE,TRUE,4.914242,0.094902,9.822689,23.963595,54.646725,-12.84818,0.664796,-0.014816,5.104459,11.207393,30.67896,45.110454,0.679949,1.586963,131.423538,0.795067,1.193071,0.63923,2.64056,1.656447,-8.297283,1.194645,-167900,0.869565,-59752510.495761,-2.390273,64.294844,-3.810076,-2.015342,96.7848,-0.078983,-2.625531,0.799519,1.193071,0.332367
11-19-24,80.980003,81.82,80.879997,80.9412,140600,80.267184,79.114635,74.143937,0.069069,0.079609,0.067201,TRUE,TRUE,4.970699,0.096519,16.037769,22.262062,56.596249,-5.170263,0.626772,-0.042271,5.642617,11.136864,31.003578,51.384684,1.001107,1.593695,132.361362,0.780438,1.181188,0.623833,2.541702,1.368685,-8.297283,8.570558,-27300,1998.507463,-59874801.730096,-1.757259,84.198932,-3.761978,-2.17516,97.041016,-0.075359,-2.499221,0.789831,1.181188,0.509224
11-20-24,81.760002,81.760002,81,80.931297,16500,80.346422,79.230937,74.210889,0.070209,0.081509,0.06732,TRUE,TRUE,5.020047,0.097472,41.582859,20.682067,56.502847,3.830144,0.58905,-0.063995,5.303792,11.454981,30.080631,51.160635,1.997258,1.57172,131.299174,0.778635,1.186303,0.631957,2.214824,1.480844,-8.297283,0.983313,-43800,83.333333,-59894284.865166,-1.732949,89.081015,-3.758634,-2.297233,97.029143,-0.065117,-2.188327,0.794957,1.186303,0.445452
11-21-24,82.169998,82.370003,81.410004,81.406723,14700,80.439527,79.338568,74.279581,0.071778,0.083358,0.067438,TRUE,TRUE,5.058988,0.099215,42.897537,19.95643,59.922432,5.275706,0.590708,-0.04987,6.884213,12.968099,31.113002,61.916878,2.340939,1.544777,131.915044,0.781219,1.132127,0.620878,1.875757,1.613966,-8.297283,0.859901,-29100,75,-59909085.334851,-1.666254,89.299305,-4.036346,-3.149309,96.210328,-0.086254,-2.84653,0.787958,1.132127,0.733196
11-22-24,82.239998,82.5,82.150002,81.713768,13200,80.55046,79.442263,74.346812,0.073628,0.085133,0.067555,TRUE,TRUE,5.095452,0.100447,50.139573,19.431557,62.000203,5.403954,0.609768,-0.024647,5.92701,12.670147,31.029015,67.154414,2.790937,1.556372,132.880327,0.776804,1.131315,0.616113,1.381157,1.95257,-8.297283,0.758403,-15900,88.571429,-59955189.949565,-1.729389,91.818075,-4.244361,-3.227386,96.296634,-0.082937,-2.735483,0.784929,1.131315,0.875456
11-25-24,82.970001,83.150002,82.410004,81.951469,10600,80.661392,79.542018,74.414985,0.075995,0.086823,0.067671,TRUE,TRUE,5.127032,0.1018,44.236835,19.640123,63.574604,7.071757,0.636715,0.00184,6.590082,12.691736,31.163091,47.201328,2.782597,1.524341,134.9402,0.777036,1.13093,0.614941,1.001632,2.046643,-8.297283,0.610423,-5300,-7.017544,-59978926.373843,-1.677355,91.62674,-3.156706,-2.982021,96.677438,-0.06765,-2.227234,0.784182,1.13093,0.956037
11-26-24,82.860001,83.239998,82.830002,82.407089,9300,80.789658,79.647723,74.48362,0.078882,0.088441,0.067787,TRUE,TRUE,5.164103,0.104723,27.530519,19.924484,66.444421,6.521989,0.686917,0.041633,6.9902,13.518172,31.975021,64.707271,3.212999,1.384777,138.874183,0.773011,1.121102,0.606385,1.273713,1.951733,-8.297283,0.529915,4000,66.071429,-60007412.350508,-1.70666,91.575764,-3.292864,-2.867677,97.13898,-0.063082,-2.064817,0.778707,1.121102,1.164674
11-27-24,83.169998,83.169998,82.699997,82.080246,7800,80.913962,79.748473,74.550768,0.082456,0.089941,0.067902,TRUE,TRUE,5.197705,0.104127,7.826142,19.969483,62.632273,0.63207,0.692348,0.037651,7.198381,13.856037,31.823617,50.857983,3.12345,1.322671,138.7365,0.722011,1.045566,0.565122,1.258752,2.698892,-8.297283,0.444825,-3800,-3.703704,-60035782.755027,-1.70383,88.224026,-3.929869,-4.938772,96.402236,-0.045792,-1.526736,0.751746,1.045566,0.840647
11-28-24,83.110001,83.43,83.080002,82.634903,2700,81.142265,79.86407,74.625649,0.086891,0.091339,0.068017,TRUE,TRUE,5.23842,0.103866,12.39701,20.299085,66.178553,2.603949,0.732959,0.06261,7.908849,15.318871,32.672701,68.819749,5.848765,1.321869,126.481381,0.724138,1.046931,0.562545,1.477867,2.99989,-8.297283,0.158917,-1100,-80.147059,-60045350.024782,-1.690422,88.193862,-3.029006,-2.634046,96.777449,-0.036921,-1.223734,0.75003,1.046931,1.180125
11-29-24,83.18,83.550003,83.18,82.67453,3900,81.356702,79.953981,74.697439,0.092072,0.092625,0.068131,TRUE,TRUE,5.256543,0.102822,12.757456,20.737608,66.42372,-0.020701,0.759585,0.071389,7.035386,14.853046,32.798934,67.210819,5.471336,1.309633,112.916564,0.721233,1.041803,0.557087,1.505095,3.159135,-8.297283,0.233254,2800,-58.064516,-60059905.805552,-1.67026,88.010312,-3.708169,-2.300073,96.499289,-0.03862,-1.277263,0.746383,1.041803,1.167081
12-02-24,83.559998,83.620003,83.400002,82.753769,5100,81.586988,80.048244,74.767217,0.097154,0.093763,0.068244,TRUE,TRUE,5.281027,0.099402,19.491871,21.224739,66.939786,4.307513,0.778111,0.071932,9.390715,14.711902,32.405675,68.38569,5.893563,1.314931,88.320862,0.681505,0.983836,0.527005,1.556565,4.017607,-8.297283,0.306675,7900,-26.086957,-60094967.33281,-1.728469,89.917991,-2.221557,-3.095885,96.716473,-0.009217,-0.312174,0.725951,0.983836,1.321071
12-03-24,83.580002,83.599998,83.370003,82.793373,7000,81.769729,80.138952,74.838864,0.10245,0.094775,0.068357,TRUE,TRUE,5.300088,0.096918,18.629776,21.613553,67.211047,1.032494,0.786917,0.06459,9.629189,14.267415,31.787815,69.831096,4.618259,1.289175,71.132651,0.671544,0.996049,0.513881,1.570556,3.670098,-8.297283,0.435188,14900,-60.893855,-60137067.180219,-1.888805,87.049773,-2.011894,-4.20927,96.737789,-0.008239,-0.279353,0.716855,0.996049,1.439064
12-04-24,83.809998,84.089996,83.739998,83.268806,12400,81.880167,80.236599,74.914999,0.107618,0.095665,0.068469,TRUE,TRUE,5.3216,0.095273,40.998097,22.546795,70.355596,3.931876,0.822775,0.080359,10.649557,13.855325,33.250602,74.417753,2.724839,1.321984,76.479731,0.672948,1.014437,0.522613,1.952262,3.73246,-8.297283,0.76804,27300,10.714286,-60182854.602562,-1.984726,90.432525,-1.215343,-3.877125,97.293297,-0.013883,-0.473985,0.72292,1.014437,1.815697
12-05-24,84.169998,84.199997,83.940002,83.140038,25600,81.950985,80.334635,74.990933,0.112187,0.096404,0.068583,TRUE,TRUE,5.343702,0.094504,74.731332,23.533429,68.441103,1.501317,0.831221,0.071044,12.321733,13.511062,33.169731,68.073509,1.733107,1.333585,81.356481,0.660284,0.997126,0.505183,1.71966,3.257222,-8.297283,1.565749,1700,19.069767,-60365989.48137,-2.393577,94.666242,-0.589424,-4.052054,96.99262,-0.021265,-0.726813,0.710763,0.997126,1.461534
12-06-24,84.169998,84.300003,84.010002,83.357948,5500,82.016851,80.428928,75.059902,0.116508,0.096972,0.068695,TRUE,TRUE,5.369026,0.094551,74.317109,24.561292,69.93221,2.721163,0.845748,0.068457,11.411591,13.82387,33.938834,72.454586,1.605713,1.322944,87.240175,0.657043,1.022525,0.50464,1.586458,3.111951,-8.297283,0.334245,7200,61.764706,-60396222.479712,-2.436387,94.552705,-0.1987,-4.887182,97.146685,-0.01623,-0.557125,0.71038,1.022525,1.537247
12-09-24,84.019997,84.110001,83.639999,82.842903,20300,82.055975,80.516684,75.125853,0.119988,0.097389,0.068808,TRUE,TRUE,5.390831,0.094111,49.230903,24.637188,62.424715,-7.930881,0.806406,0.023291,10.286307,12.877613,32.196272,55.845498,0.95353,1.29633,89.178887,0.66191,1.029897,0.509944,1.394173,2.615036,-8.297283,1.189221,-13100,153.75,-60485377.849494,-2.509466,77.181337,-1.386699,-5.31447,96.795661,-0.026959,-0.923613,0.714103,1.029897,0.882415
12-10-24,83.639999,83.790001,83.389999,82.595284,2200,82.093613,80.59295,75.19204,0.122495,0.097669,0.068919,TRUE,TRUE,5.40091,0.093207,40.579683,24.16088,59.137664,-9.303439,0.746639,-0.02918,8.642058,12.253901,31.227096,41.013152,0.919759,1.311311,89.816841,0.664069,1.040187,0.518914,1.182446,2.405621,-8.297283,0.129947,-15300,-56,-60496319.690841,-2.521926,73.343647,-1.621383,-6.442976,96.881446,-0.019509,-0.67239,0.720357,1.040187,0.558549
12-11-24,83.639999,84.190002,83.639999,83.268806,7600,82.16047,80.696157,75.261005,0.124382,0.097866,0.069031,TRUE,TRUE,5.435152,0.092968,43.317993,24.275352,64.598112,-5.334098,0.745033,-0.024629,8.806834,12.13321,31.723511,52.037402,1.632022,1.314088,93.451025,0.66949,1.052894,0.526598,1.003803,2.748902,-8.297283,0.453055,-7700,-28.971963,-60514178.056772,-2.510943,71.984609,-0.991174,-6.941315,97.067782,-0.021173,-0.729657,0.725671,1.052894,1.186008
12-12-24,83.870003,84,83.650002,82.862717,7700,82.233765,80.79045,75.328677,0.125379,0.097919,0.069142,TRUE,TRUE,5.461774,0.0914,26.126232,24.381647,59.440574,-2.984141,0.702889,-0.053418,7.664611,11.349976,30.474886,23.953077,1.800926,1.289316,92.893333,0.672544,1.009255,0.519832,0.868873,2.640412,-8.297283,0.459976,-15400,-8.333333,-60556518.741241,-2.559172,64.784938,-0.666065,-8.005679,97.574427,-0.008094,-0.275723,0.720994,1.009255,0.677069
12-13-24,83.949997,84,83.440002,82.842903,10500,82.356583,80.888903,75.39399,0.125142,0.09783,0.069252,TRUE,TRUE,5.494913,0.091709,21.327215,23.989056,59.192254,0.05459,0.66028,-0.076822,7.418255,11.470948,28.79577,8.931603,3.055685,1.263848,82.884077,0.639323,0.944635,0.476863,0.760828,2.054859,-8.297283,0.62724,-25900,0,-60589410.062767,-2.586776,56.563129,0.22575,-7.611639,97.984414,-0.003502,-0.120223,0.690553,0.944635,0.586748
12-16-24,83.650002,84.07,83.650002,83.179672,5300,82.482372,80.979036,75.458433,0.12389,0.097698,0.069362,TRUE,TRUE,5.520603,0.092076,19.024717,23.736067,62.0911,-2.507012,0.646237,-0.072692,7.965578,10.865832,29.044379,29.979591,3.118859,1.253456,74.510101,0.639498,0.909268,0.451688,0.699417,2.295677,-8.297283,0.322679,-20600,-54.310345,-60606580.329797,-2.599908,55.186856,0.981779,-7.869596,98.821718,0.017196,0.576479,0.672077,0.909268,0.935846
12-17-24,83.580002,83.690002,83.410004,82.793373,13000,82.574981,81.076498,75.521091,0.121202,0.097518,0.069472,TRUE,TRUE,5.555407,0.091893,17.307233,22.930101,57.082019,-2.358555,0.597055,-0.0975,7.726633,10.148466,28.445077,-23.494134,2.288294,1.237514,65.286083,0.643328,0.912904,0.450125,0.595091,1.976471,-8.297283,1.294176,-33600,-90.753912,-60676839.130887,-3.992222,52.939256,0.382299,-8.51941,98.388592,0.007791,0.259252,0.670913,0.912904,0.334516
12-18-24,83.620003,83.860001,81.050003,80.27758,23100,82.542295,81.107401,75.575199,0.115828,0.097135,0.069579,FALSE,TRUE,5.532202,0.087552,-38.761967,23.718239,36.455448,-22.736806,0.351027,-0.274822,2.684396,6.675589,23.883501,-23.766855,-0.807743,1.406224,74.87992,0.75989,1.035555,0.586733,1.12951,0.558173,-8.297283,2.226506,-56700,40,-60712638.762178,-3.943874,44.044669,-1.047621,-9.848966,97.602612,-0.017991,-0.584657,0.765985,1.035555,-3.024462
12-19-24,81.830002,81.970001,81,80.237976,42200,82.483858,81.126418,75.627094,0.107787,0.096546,0.069682,FALSE,TRUE,5.499324,0.082789,-40.064934,24.494091,36.233481,-25.857619,0.151111,-0.37979,2.815638,6.916917,23.337938,-23.091613,-1.435688,1.476115,87.675743,0.759383,1.014532,0.575737,1.492791,0.607219,-8.297283,3.591489,-98900,187.07483,-60821142.616197,-3.881095,33.166838,-0.247065,-8.496675,98.160873,-0.00725,-0.232673,0.758773,1.014532,-2.561577
12-20-24,80.830002,82.529999,80.589996,81.1492,14600,82.455629,81.166037,75.679911,0.098021,0.095819,0.069784,FALSE,TRUE,5.486125,0.080096,-23.209213,24.242189,44.59264,-12.489379,0.065449,-0.372361,3.694463,8.344493,26.39345,15.07286,-0.690909,1.578065,91.126585,0.770019,1.029208,0.582303,1.640853,0.811148,-8.297283,1.235195,-84300,10.606061,-60827325.740312,-3.689238,36.303085,0.107837,-7.951514,98.582902,-0.000759,-0.024195,0.763088,1.029208,-1.433642
12-23-24,81.93,82.550003,81.5,81.733574,22900,82.444735,81.208627,75.73791,0.086985,0.094929,0.069884,TRUE,TRUE,5.470717,0.077902,-14.209724,23.974788,49.192529,12.737081,0.044207,-0.314883,4.270067,9.455866,26.016177,30.824138,-0.265884,1.615248,91.888136,0.773752,1.029784,0.58669,1.711979,1.135294,-8.297283,1.841576,-61400,116.037736,-60840037.498265,-3.462449,44.305414,0.044951,-5.993149,98.657349,0.002259,0.072097,0.765957,1.029784,-0.773942
12-24-24,82.669998,83.440002,82.669998,82.644806,5900,82.45662,81.267857,75.800808,0.075463,0.093975,0.069983,TRUE,TRUE,5.467049,0.077574,-7.904679,22.378385,55.409079,19.175598,0.099751,-0.207472,5.632236,10.312303,27.152422,55.385602,0.288466,1.632857,91.990566,0.784216,1.039539,0.583882,1.726943,1.355723,-8.297283,0.481044,-55500,-36.55914,-60846323.559339,-3.41994,42.510983,0.871462,-5.78762,99.439048,0.009129,0.286473,0.764121,1.039539,0.20457
12-27-24,82.809998,82.889999,81.93,81.713768,20500,82.438297,81.302325,75.855367,0.063135,0.092989,0.07008,TRUE,TRUE,5.446958,0.074363,-16.400812,21.760284,48.83445,4.24181,0.06786,-0.191489,3.904293,8.897698,25.020889,30.290287,-0.446487,1.65398,93.137586,0.79048,1.050436,0.587992,1.804257,1.254063,-8.297283,1.589147,-76000,162.820513,-60876058.489284,-3.256883,30.749048,-0.17114,-7.047924,98.449657,0.007599,0.237749,0.766806,1.050436,-0.777912
12-30-24,81.209999,81.830002,80.800003,80.820175,29900,82.34756,81.319318,75.906245,0.050823,0.092005,0.070175,FALSE,TRUE,5.413073,0.069555,-27.078196,22.223105,43.499486,-5.693042,-0.029182,-0.230825,3.014537,7.678498,23.672298,6.393846,-2.196079,1.660781,99.727945,0.804831,1.063977,0.599725,1.898882,0.855539,-8.297283,2.096774,-105900,1007.407407,-60904787.329911,-3.013455,24.999665,-0.426617,-6.669699,98.077898,-0.000127,-0.003953,0.774419,1.063977,-1.531552
12-31-24,81.519997,81.660004,80.860001,80.472672,15900,82.237467,81.323022,75.956318,0.038512,0.091049,0.070267,FALSE,TRUE,5.366704,0.063642,-25.750861,22.652867,41.596372,-13.812707,-0.132601,-0.267395,2.146045,7.512699,23.400205,-3.259018,-2.663285,1.675744,107.75862,0.806051,1.046506,0.579632,2.095826,0.808791,-8.297283,1.069987,-121800,307.692308,-60936083.602966,-2.948108,25.562117,-1.680899,-7.704309,97.213114,-0.0142,-0.43132,0.761336,1.046506,-1.63773
01-02-25,81.379997,81.709999,80.309998,80.293953,29800,82.114476,81.326519,76.007757,0.026756,0.090051,0.070356,FALSE,TRUE,5.318762,0.05857,-25.190869,23.496498,40.612285,-8.222165,-0.226373,-0.288934,2.798034,6.403153,24.079322,-0.413521,-2.972452,1.719763,115.327438,0.797892,1.017944,0.553174,2.292908,0.423079,-8.297283,1.851507,-151600,484.313725,-60966566.644475,-2.707671,22.768771,-1.580172,-9.171307,96.405464,-0.028924,-0.860898,0.743757,1.017944,-1.578569
01-03-25,81.330002,81.879997,81.099998,81.296753,17900,82.039645,81.349675,76.061803,0.016023,0.089051,0.070442,FALSE,TRUE,5.287873,0.053776,-20.835547,24.010368,48.040315,4.540829,-0.217266,-0.223861,4.029133,7.282564,26.609067,26.243479,-1.807657,1.697788,115.545779,0.802122,1.025309,0.564853,2.291333,1.148396,-8.297283,1.075721,-133700,155.714286,-60975436.10533,-2.519137,25.765119,-1.125495,-7.526014,96.915387,-0.008147,-0.244421,0.751567,1.025309,-0.642942
01-06-25,82.330002,82.82,82.07,81.584694,14300,81.95544,81.394438,76.115373,0.005424,0.088075,0.070526,TRUE,TRUE,5.279065,0.050643,-13.673515,23.151044,49.975119,8.378747,-0.184685,-0.153024,4.702793,7.606434,27.388796,33.901479,-2.022501,1.761141,112.204943,0.792907,1.024314,0.578802,2.345734,0.932124,-8.297283,0.854497,-119400,15.322581,-61008242.432642,-2.466053,30.546923,-0.519253,-6.994335,97.464012,-0.016874,-0.520542,0.760791,1.024314,-0.330418
01-07-25,82.459999,82.580002,81.120003,80.800316,19400,81.838454,81.419552,76.162271,-0.00584,0.087033,0.070607,FALSE,TRUE,5.257281,0.047006,-20.201101,23.200699,45.053524,4.441239,-0.219625,-0.150372,2.703962,5.964288,26.028742,13.040373,-2.814194,1.806766,111.398356,0.799186,1.034151,0.574606,2.464797,0.373285,-8.297283,1.181126,-138800,-24.21875,-61036138.226543,-2.040027,29.585734,-1.381316,-9.12612,96.808008,-0.029067,-0.885232,0.758028,1.034151,-0.931915
01-08-25,81.339996,81.589996,80.910004,80.780464,20000,81.709579,81.445259,76.207007,-0.017737,0.085919,0.070684,FALSE,TRUE,5.238252,0.043051,-24.495838,23.415952,44.932917,-3.107398,-0.246081,-0.141462,3.670674,5.85598,24.171461,13.252569,-3.092068,1.768532,107.743688,0.798859,1.017755,0.565889,2.168436,0.414952,-8.297283,1.166181,-158800,263.636364,-61063758.278603,-1.946169,26.228177,-1.304123,-9.822552,96.147998,-0.033038,-0.996418,0.752256,1.017755,-0.862338
01-09-25,80.949997,81.489998,80.949997,80.909531,10000,81.612911,81.468793,76.253125,-0.029935,0.084687,0.070759,FALSE,TRUE,5.215668,0.039956,-19.752746,23.615831,45.946064,-4.029055,-0.253708,-0.119271,2.76516,5.915407,24.63333,16.888241,-2.333782,1.783297,105.693932,0.796188,1.022053,0.562983,2.089148,0.286515,-8.297283,0.601142,-148800,-50.738916,-61075257.028232,-1.773006,30.012889,-2.322408,-10.136676,96.250983,-0.028718,-0.866149,0.750322,1.022053,-0.665488
01-10-25,81.139999,81.139999,79.970001,79.61879,42800,81.464086,81.464333,76.293969,-0.042998,0.083273,0.070829,FALSE,TRUE,5.170365,0.034807,-7.925715,24.560647,38.347554,-6.705971,-0.359758,-0.180257,0.418309,3.264166,21.870556,-10.121367,-3.603709,1.665078,111.906401,0.823291,1.031681,0.592828,2.17626,-0.267573,-8.297283,2.293062,-191600,1845.454545,-61143752.545793,-1.73435,28.146047,-2.501285,-9.449044,96.079053,-0.035436,-1.070781,0.769953,1.031681,-1.648964
01-13-25,79.559998,80.349998,79.550003,79.777649,14200,81.289528,81.468003,76.336736,-0.056552,0.081659,0.070895,FALSE,TRUE,5.131267,0.030443,-5.459728,25.719209,39.669981,-5.262936,-0.426073,-0.197257,0.769741,4.25841,22.389727,5.85208,-4.192635,1.581859,109.47585,0.822173,1.003001,0.569207,2.23383,-0.327736,-8.297283,0.747565,-177400,86.842105,-61149871.071023,-1.673317,30.996945,-1.159432,-6.854785,96.968729,-0.016436,-0.483495,0.754458,1.003001,-1.381016
01-14-25,80.75,80.790001,79.93,79.84716,13900,81.13875,81.50357,76.37655,-0.069794,0.079855,0.070956,FALSE,TRUE,5.12702,0.02617,-17.155566,26.13423,40.273673,-5.672391,-0.467628,-0.19105,0.30539,3.93325,22.275251,7.639006,-3.63922,1.466007,107.415209,0.822246,1.020353,0.57949,2.361057,-0.291697,-8.297283,0.720021,-163500,80.519481,-61166448.91918,-1.579721,30.769558,-0.990973,-6.620063,96.975108,-0.005706,-0.169866,0.761242,1.020353,-1.202428
01-15-25,81.57,82.040001,81.480003,81.346405,20200,81.063926,81.562782,76.423811,-0.080518,0.077921,0.071015,FALSE,TRUE,5.138971,0.0249,-4.552529,24.94699,51.537562,13.190009,-0.375259,-0.078945,2.087149,5.450791,24.365383,46.180007,-1.806429,1.508535,99.866385,0.855875,1.059045,0.590962,2.379928,0.17768,-8.297283,1.020718,-143300,92.380952,-61196287.126264,-1.533292,30.062826,-0.244061,-5.692001,97.928857,0.011115,0.322346,0.76874,1.059045,0.282857
01-16-25,82.150002,82.18,81.660004,81.167686,15900,80.963326,81.623175,76.470671,-0.08875,0.075879,0.071069,FALSE,TRUE,5.152504,0.022992,-19.00574,23.689748,50.319305,10.649324,-0.31287,-0.013245,1.47184,4.549615,24.917541,48.433688,-2.418843,1.435046,86.697412,0.855923,1.058106,0.586023,1.423878,0.174583,-7.019365,0.78248,-159200,200,-61242294.410916,-1.564257,32.514901,-0.607687,-5.762884,97.428681,-0.002161,-0.06228,0.765521,1.058106,0.235717
01-17-25,82.580002,82.790001,82.370003,82.001701,29600,80.923743,81.680438,76.524411,-0.093801,0.073719,0.07112,TRUE,TRUE,5.156027,0.022427,3.751603,22.124457,55.594524,15.320851,-0.193893,0.084585,2.539893,7.0958,26.756811,74.97556,-0.956202,1.478143,79.402547,0.865647,1.059039,0.595921,1.719696,0.479113,-6.573307,1.399527,-129600,127.692308,-61323807.595294,-1.529476,41.716876,0.091339,-4.847011,97.473392,-0.005145,-0.148413,0.771959,1.059039,1.357587
01-20-25,83.290001,83.879997,82.879997,83.282509,32300,81.073989,81.724887,76.584012,-0.094738,0.071518,0.071169,TRUE,TRUE,5.140875,0.022516,30.541873,21.656959,62.227694,10.690131,0.003704,0.225746,3.730377,9.645748,27.574423,86.201173,3.743173,1.528166,93.678691,0.876729,1.059428,0.576187,3.028726,1.242791,-6.573307,1.494678,-97300,39.82684,-61330105.346148,-1.428659,52.426213,1.47659,-3.178652,98.736567,0.024693,0.686783,0.75907,1.059428,2.357548
01-21-25,83.18,83.260002,82.709999,82.666924,25700,81.195436,81.743752,76.645019,-0.092655,0.069244,0.071214,TRUE,TRUE,5.098733,0.021712,26.340807,21.03248,57.761743,7.442438,0.109368,0.265128,3.180032,9.576436,25.050899,71.984403,3.027179,1.516448,97.918757,0.882845,1.031655,0.544482,2.898126,0.937852,-6.573307,1.236469,-123000,-39.099526,-61359830.930834,-1.295858,50.656341,-0.129426,-3.99717,97.445265,-0.001511,-0.040248,0.737891,1.031655,1.502763
01-22-25,83.809998,83.940002,83.660004,83.18322,11800,81.297137,81.766604,76.704666,-0.087628,0.066952,0.071257,TRUE,TRUE,5.061938,0.021496,33.333275,21.014678,60.333053,4.738529,0.232093,0.310283,3.798774,9.160062,25.459077,82.761216,2.506518,1.496137,107.506771,0.885575,1.036735,0.541881,2.735025,1.140152,-6.354769,0.571567,-111200,-19.178082,-61411817.165167,-1.415576,57.90845,0.324382,-3.557149,98.028328,0.002646,0.070075,0.736126,1.036735,1.754385
01-23-25,83.660004,84.18,83.660004,83.580376,9200,81.389478,81.797003,76.766398,-0.079711,0.064668,0.071297,TRUE,TRUE,5.030605,0.02213,28.325156,21.186026,62.237445,0.009752,0.357282,0.348378,5.335876,9.937803,25.685684,87.049136,2.259539,1.438668,118.79174,0.886624,1.038679,0.543999,2.950882,1.192044,-5.877743,0.460922,-102000,-59.825328,-61423834.789182,-1.462418,56.643206,0.766935,-3.881729,97.91008,0.004444,0.117842,0.737563,1.038679,1.844319
01-24-25,84.32,84.32,83.839996,83.352005,6200,81.424837,81.827192,76.827381,-0.069514,0.062357,0.071336,TRUE,TRUE,4.999811,0.022361,22.084207,21.456911,60.440561,2.678818,0.433076,0.339337,4.786461,12.263437,25.342267,79.706596,0.855709,1.375457,123.677138,0.887777,1.03975,0.542806,2.881979,1.068344,-5.877743,0.310388,-108200,5.084746,-61442641.143787,-1.49266,55.362863,-0.029242,-2.498177,97.491163,-0.007482,-0.197857,0.736753,1.03975,1.558225
01-27-25,82.269997,82.769997,82.110001,82.18042,19700,81.44817,81.832167,76.884872,-0.057723,0.060046,0.071371,TRUE,TRUE,4.947296,0.020056,16.449768,20.048548,52.125971,-8.207082,0.394063,0.240259,3.377957,11.173677,23.053358,55.145047,0.571081,1.376119,124.686979,0.906903,1.051852,0.532557,2.777758,0.72623,-5.877743,0.988212,-127900,-3.902439,-61458137.299012,-1.459942,55.260076,-1.643077,-3.413772,96.295029,-0.02636,-0.674872,0.729765,1.051852,0.58727
01-28-25,82.830002,83.589996,82.5,82.895287,18300,81.551926,81.862137,76.943473,-0.044392,0.057787,0.071403,TRUE,TRUE,4.918663,0.016194,23.278629,19.207239,56.094815,-6.14263,0.416033,0.209783,3.966322,10.99844,24.06903,70.131779,2.567566,1.417666,127.781609,0.874896,1.027237,0.500693,2.638625,1.595381,-5.877743,0.945492,-109600,-38.795987,-61463164.329557,-1.442462,62.3834,-1.086335,-3.240979,96.582621,-0.011198,-0.287551,0.707597,1.027237,1.051294
01-29-25,83.389999,83.410004,82.779999,82.498131,23600,81.653199,81.904368,77.00536,-0.030157,0.055581,0.071434,TRUE,TRUE,4.899008,0.01195,16.985084,18.426025,53.443976,-6.996584,0.396823,0.152459,3.327026,10.233283,22.448493,61.805657,2.516953,1.417605,126.800415,0.877173,1.022236,0.492993,2.520458,1.324279,-5.877743,1.195542,-133200,48.427673,-61507881.893983,-1.448324,55.826421,-2.110356,-4.403484,95.897743,-0.024691,-0.627536,0.702135,1.022236,0.666348
01-30-25,83.510002,83.769997,82.989998,83.004501,27000,81.788726,81.951181,77.074262,-0.015049,0.053518,0.071461,TRUE,TRUE,4.876919,0.007904,39.513274,18.013182,56.280755,4.154784,0.417644,0.138624,4.28466,11.513489,23.307931,72.421399,3.375781,1.417723,125.990752,0.87821,0.988674,0.487634,2.186753,1.598995,-5.877743,1.377551,-106200,-9.395973,-61533877.805403,-1.447222,69.007105,-2.651793,-4.196987,95.28731,-0.025959,-0.655531,0.698308,0.988674,0.964972
01-31-25,84,84.239998,83.050003,82.567642,26100,81.852271,81.98371,77.140782,0.000275,0.051547,0.071486,TRUE,TRUE,4.842927,0.004551,31.537669,18.022035,53.265308,-2.829507,0.394349,0.092263,5.762609,9.158934,24.530647,60.082968,1.563272,1.462899,126.582378,0.868421,0.952342,0.483561,1.846118,1.070529,-4.518365,1.304348,-132300,45.810056,-61581136.919364,-1.513495,75.307433,-1.5887,-4.066141,95.732687,-0.026305,-0.669105,0.695386,0.952342,0.565143
02-03-25,81.730003,82.870003,81.550003,81.971909,33200,81.871631,82.004522,77.207231,0.014828,0.049634,0.071507,FALSE,TRUE,4.797291,0.003288,22.669386,16.938399,49.379894,-4.064083,0.32408,0.017595,4.574973,9.936515,22.488932,17.320628,0.474617,1.500339,126.447631,0.817437,0.867394,0.465846,1.499213,0.117908,-4.485665,1.584347,-165500,132.167832,-61593113.788422,-1.395541,65.891534,-1.168091,-3.746291,96.225054,-0.036013,-0.956906,0.682529,0.867394,0.079303
02-04-25,82.660004,83.169998,82.639999,82.57756,13500,81.960493,82.027939,77.277397,0.02893,0.047773,0.071524,TRUE,TRUE,4.750542,0.004092,14.51976,15.795613,53.123608,-3.157147,0.313648,0.00573,5.668083,12.903031,21.891092,37.095979,2.199552,1.40329,124.756175,0.816183,0.854697,0.445537,1.356531,0.092211,-4.485665,0.653437,-152000,-30.412371,-61609794.648674,-1.388326,65.143094,0.09087,-3.020794,97.061889,-0.023983,-0.626439,0.667485,0.854697,0.494618
02-05-25,83.059998,83.459999,82.68,82.865509,14900,82.064746,82.050974,77.352106,0.042302,0.045963,0.071537,TRUE,TRUE,4.698867,0.005858,19.768784,14.9959,54.833895,1.568586,0.32487,0.013562,4.709411,15.496518,22.689679,47.491248,2.581125,1.402624,123.076804,0.8159,0.837826,0.446194,1.138958,0.07956,-4.485665,0.730213,-137100,-25.5,-61617607.252845,-1.35714,65.053833,-1.413328,-3.061594,96.349528,-0.041578,-1.087045,0.667978,0.837826,0.650621
02-06-25,83.720001,83.730003,83.230003,83.10379,14200,82.174459,82.07402,77.424854,0.055181,0.0442,0.071548,TRUE,TRUE,4.649166,0.008002,13.788749,14.496746,56.256193,6.8763,0.348968,0.030128,2.521266,16.728768,22.810289,56.09347,2.711992,1.333467,122.012429,0.816631,0.835917,0.443396,1.032289,0.164824,-4.485665,0.688819,-122900,42,-61638976.155432,-1.367255,63.137226,-2.330246,-1.885291,96.72597,-0.032282,-0.841137,0.66588,0.835917,0.76167
02-07-25,83.75,83.910004,82.879997,82.398842,29900,82.313461,82.073855,77.489792,0.066852,0.042453,0.071554,TRUE,TRUE,4.584063,0.008563,-11.914382,13.666771,51.126661,-1.996947,0.307636,-0.008963,0.826154,13.147771,20.699777,30.644037,3.491704,1.27134,106.172232,0.823573,0.867029,0.464592,1.095122,-0.023771,-4.485665,1.497246,-152800,-30.140187,-61696811.02303,-1.384723,51.845149,-2.844801,-3.123884,96.276809,-0.02818,-0.742326,0.68161,0.867029,0.080417
02-10-25,83.389999,83.580002,83.25,82.905212,7100,82.469839,82.090354,77.557064,0.076723,0.040758,0.071557,TRUE,TRUE,4.53329,0.010074,3.260839,12.896079,54.346799,-0.487096,0.312143,-0.003565,1.05387,13.213369,21.354193,48.924585,3.920351,1.316014,88.402708,0.827133,0.867308,0.470262,1.077304,0.138066,-4.485665,0.361968,-145700,-50,-61718747.255517,-1.450105,58.416497,-3.69479,-3.600123,96.050272,-0.025989,-0.6853,0.685756,0.867308,0.492488
02-11-25,83.110001,83.620003,83.110001,82.96479,6000,82.625721,82.096952,77.626358,0.084665,0.039137,0.071557,TRUE,TRUE,4.470594,0.010722,-3.188345,12.021998,54.724775,-1.531418,0.316868,0.000928,1.102063,13.417133,20.798785,51.075415,3.904497,1.267003,63.780559,0.822374,0.871326,0.479869,1.087752,0.372002,-4.485665,0.312175,-139700,-56.834532,-61728163.95335,-1.461277,55.017218,-3.503521,-3.172824,96.020987,-0.012959,-0.346858,0.692726,0.871326,0.531619
02-12-25,82.830002,83.440002,82.739998,82.726494,12700,82.694725,82.097991,77.690816,0.090176,0.037524,0.071553,TRUE,TRUE,4.407176,0.009181,-12.759709,11.53193,52.840362,1.713701,0.297951,-0.014392,1.08008,11.139996,20.503517,42.472643,1.696558,1.245028,56.229778,0.806346,0.851202,0.472246,0.878017,0.692403,-4.485665,0.673919,-152400,-37.128713,-61741353.953459,-1.446184,50.590658,-2.356784,-3.892888,96.138486,0.001313,0.035576,0.687202,0.851202,0.056497
02-13-25,83.540001,84.18,83.279999,83.570442,10600,82.814863,82.114325,77.758951,0.093362,0.035975,0.071546,TRUE,TRUE,4.355374,0.009363,2.989181,11.171406,58.314994,3.968196,0.347057,0.027772,2.000177,11.932069,23.517856,75.109407,2.960237,1.293472,46.756746,0.81518,0.861073,0.478916,1.108469,0.90403,-4.485665,0.570506,-141800,-33.333333,-61745112.408933,-1.353116,51.442459,-1.663758,-3.136695,96.499886,0.005424,0.14631,0.692037,0.861073,1.615979
02-14-25,84.199997,84.290001,84.129997,83.580376,5000,82.893797,82.130065,77.832308,0.094266,0.034486,0.071535,TRUE,TRUE,4.297757,0.009869,22.778536,10.952988,58.376243,3.651468,0.382368,0.050466,2.682606,10.123841,22.342477,74.101248,1.925173,1.248669,45.618173,0.814363,0.835805,0.466587,1.025688,0.797104,-4.485665,0.288184,-136800,-83.108108,-61784462.971588,-1.327537,56.610196,0.079727,-2.479616,97.330727,0.014386,0.383966,0.683071,0.835805,1.505055
02-18-25,84.190002,84.330002,83.970001,83.699524,8100,82.914648,82.138679,77.907493,0.094879,0.033065,0.07152,TRUE,TRUE,4.231186,0.010408,14.490178,10.545061,59.151531,6.311169,0.415181,0.066623,4.121312,10.080208,21.659774,77.320929,0.500723,1.190572,48.359061,0.814386,0.825874,0.462026,1.12176,0.847369,-4.485665,0.501859,-128700,-74.922601,-61804734.429223,-1.47035,51.188096,0.206448,-3.17958,96.821837,0.008262,0.219579,0.679725,0.825874,1.623018
02-19-25,84.18,84.599998,84.160004,83.947739,5900,82.978688,82.154833,77.98121,0.095555,0.03174,0.071501,TRUE,TRUE,4.173624,0.012005,26.838212,10.477933,60.790017,2.475023,0.455958,0.08592,4.071041,9.383304,22.61578,78.6144,1.549368,1.210065,53.149358,0.812052,0.856519,0.4643,1.302644,0.75503,-4.485665,0.389439,-122800,-77.042802,-61816327.058101,-1.506588,58.177466,0.559462,-3.35585,97.307905,0.025044,0.668891,0.681395,0.856519,1.823259
02-20-25,84.440002,84.440002,83.779999,83.620087,11700,83.000532,82.160076,78.04846,0.095468,0.030484,0.071478,TRUE,TRUE,4.111616,0.013444,11.787031,9.904843,57.510684,-0.865559,0.456572,0.069227,3.30967,9.139039,22.895375,67.871696,0.525186,1.162541,54.902972,0.812927,0.856511,0.465647,1.271843,0.504434,-4.485665,0.772532,-134500,-0.847458,-61833696.637793,-1.392801,49.034912,0.303454,-3.554494,97.326897,0.022202,0.593095,0.682384,0.856511,1.128454
02-21-25,84.099998,84.099998,82.739998,82.249916,14700,82.934009,82.148216,78.106002,0.093328,0.029248,0.071448,TRUE,TRUE,4.042214,0.012935,-5.161347,10.202245,46.269864,-12.881667,0.342549,-0.035837,1.629306,7.019514,21.038911,22.948002,-1.591833,1.19272,55.563798,0.840594,0.885258,0.496666,1.310231,-0.119463,-4.485665,0.953307,-149200,59.782609,-61858991.048142,-1.411013,38.082476,-0.052582,-3.877222,96.978967,0.006822,0.181601,0.704745,0.885258,-1.231184
02-24-25,83.089996,83.089996,82.32,81.783272,27200,82.855572,82.131976,78.160029,0.088302,0.028004,0.071413,FALSE,TRUE,3.971947,0.012416,-3.129973,10.880699,43.174759,-17.615258,0.212085,-0.13304,0.462552,7.378609,17.565157,-23.54071,-1.882058,1.15761,60.229239,0.840727,0.883908,0.494888,1.340099,-0.472948,-4.485665,1.651488,-176400,338.709677,-61924110.691441,-1.461656,39.307438,0.227567,-3.802598,96.428758,-0.010744,-0.285431,0.703483,0.883908,-1.780365
02-25-25,82.279999,82.449997,81.360001,81.405975,42700,82.81685,82.094719,78.212022,0.08094,0.026777,0.071372,FALSE,TRUE,3.882698,0.010759,-20.205207,12.307501,40.798453,-16.712231,0.077356,-0.214215,-0.376672,5.528013,16.874276,1.418974,-0.942371,1.15349,66.916596,0.841274,0.885492,0.495234,1.503464,-0.492993,-4.485665,2.423383,-219100,116.751269,-61963208.622399,-1.433233,27.568982,-0.626163,-4.918226,95.69516,-0.010897,-0.289424,0.703729,0.885492,-2.108408
02-26-25,82.019997,82.669998,81.68,81.386116,29800,82.741391,82.065187,78.262289,0.072081,0.025577,0.071325,FALSE,TRUE,3.802898,0.010047,-26.750479,13.322551,40.671563,-5.598301,-0.030667,-0.257791,-0.689864,5.854755,17.342214,0.806032,-1.820575,1.187262,74.108192,0.836439,0.874087,0.490294,1.675347,-0.717307,-4.485665,1.637813,-248900,62.84153,-62010701.087777,-1.504635,32.240705,-1.490122,-4.77029,95.248264,-0.024878,-0.661339,0.70021,0.874087,-1.828779
02-27-25,82.32,82.470001,80.669998,80.105301,45900,82.62175,82.010435,78.305414,0.061322,0.024367,0.07127,FALSE,TRUE,3.705022,0.007372,-45.619138,15.004176,33.446477,-9.728282,-0.217124,-0.355398,-2.793192,4.001758,15.299587,-14.368886,-2.900466,1.289663,94.697194,0.860013,0.900944,0.499609,2.056955,-1.196548,-4.577178,2.377007,-294800,94.491525,-62085400.599497,-1.495388,22.801691,-2.806509,-6.295992,94.413129,-0.036389,-0.949538,0.70683,0.900944,-2.657364
02-28-25,80.5,81.989998,80.360001,81.366257,40500,82.539838,81.974167,78.354941,0.050077,0.023185,0.071209,FALSE,TRUE,3.619226,0.007041,-14.484529,16.766243,43.994702,3.196248,-0.260146,-0.318736,-0.869867,6.265897,17.363452,23.732467,-1.973682,1.344707,98.231556,0.885042,0.924311,0.523276,2.159479,-0.720792,-4.577178,2.02652,-254300,50,-62075896.377579,-1.356063,36.911101,-1.722043,-5.809361,94.756175,-0.031996,-0.831192,0.723378,0.924311,-1.194709
03-03-25,82.290001,82.300003,80,79.867012,48800,82.404806,81.91564,78.3952,0.036776,0.022009,0.071141,FALSE,TRUE,3.52044,0.004396,-37.408164,18.629492,36.572677,-4.098886,-0.410485,-0.37526,-3.349542,4.294397,14.454963,-2.891044,-3.270809,1.470012,114.96564,0.915553,0.946383,0.550523,2.498203,-1.243069,-4.861032,2.310606,-303100,86.97318,-62130339.685946,-1.300196,29.708279,-2.455324,-5.651432,94.379809,-0.040391,-1.044589,0.741973,0.946383,-2.207437
03-04-25,79.800003,80.68,78.910004,78.953568,53900,82.253889,81.88916,78.426654,0.020795,0.020765,0.071064,FALSE,TRUE,3.462506,0.001223,-44.690183,20.958133,32.927829,-0.518649,-0.596462,-0.44899,-4.500736,2.218006,12.323754,0.765622,-3.682165,1.582483,138.375187,0.922353,0.909764,0.556784,2.944675,-1.726695,-5.949143,2.432859,-357000,62.349398,-62181586.470603,-1.328081,25.849335,-1.430247,-5.12518,95.075391,-0.041312,-1.068006,0.746179,0.909764,-2.385053
03-05-25,79.699997,80.610001,79.080002,79.757805,43100,82.112901,81.879556,78.462967,0.003627,0.01947,0.07098,FALSE,TRUE,3.416589,-0.000611,-31.113229,23.120443,38.718621,-5.276081,-0.671217,-0.418996,-3.620335,5.430404,13.515491,14.899859,-3.414675,1.652181,148.870728,0.933212,0.912302,0.568303,3.209256,-1.37397,-5.949143,1.823567,-313900,219.259259,-62186499.105488,-1.220022,34.801529,-1.767235,-4.11358,94.974995,-0.036394,-0.942247,0.753859,0.912302,-1.581974
03-06-25,79.25,79.949997,78.629997,78.377701,51600,81.888511,81.824126,78.492182,-0.015329,0.018069,0.070887,FALSE,FALSE,3.331944,-0.004149,-51.526943,25.356805,33.390958,-3.181719,-0.832231,-0.464008,-5.333364,3.782265,12.844874,-4.22607,-5.415773,1.669106,169.343968,0.956538,0.931557,0.581226,3.664632,-1.891575,-6.635126,2.025913,-365500,246.308725,-62257824.105055,-1.256806,29.051554,-2.388967,-4.571661,94.356645,-0.050533,-1.295934,0.762382,0.931557,-2.073183
03-07-25,78.589996,79.559998,78,78.893997,36900,81.678021,81.767335,78.522501,-0.035294,0.016576,0.070786,FALSE,TRUE,3.244833,-0.007438,-44.277603,27.726367,36.889525,3.961697,-0.907711,-0.43159,-5.253839,4.836208,12.933385,13.545415,-5.065705,1.734274,179.31318,0.958976,0.929792,0.585364,4.000567,-1.534561,-6.635126,1.386957,-328600,159.859155,-62252431.094765,-1.152894,25.980323,-3.037416,-4.549293,94.27111,-0.04496,-1.155796,0.765091,0.929792,-1.552604
03-10-25,78.410004,78.410004,76.589996,76.7593,53000,81.396044,81.649624,78.54323,-0.056347,0.014897,0.070677,FALSE,FALSE,3.106394,-0.014426,-55.082748,30.454666,29.897359,-8.821262,-1.126793,-0.520537,-7.674687,3.701392,8.746164,2.113656,-6.8442,1.927148,209.22806,1.017007,0.978391,0.601502,4.60823,-2.073148,-8.562992,1.909222,-381600,77.257525,-62295570.57798,-1.078457,23.797146,-3.983141,-5.041598,92.981183,-0.06761,-1.671763,0.775566,0.978391,-2.21612
03-11-25,76.980003,77.480003,76.080002,76.104012,72700,81.055984,81.537429,78.563442,-0.078409,0.013002,0.070558,FALSE,FALSE,2.973987,-0.021022,-60.305253,33.146119,28.134456,-5.256501,-1.337871,-0.585292,-8.702154,1.716383,8.512419,0.287197,-8.203587,1.990625,236.85475,1.013894,0.97224,0.600277,4.917661,-2.515075,-9.343584,2.342139,-454300,923.943662,-62365777.001379,-1.042252,20.070007,-4.08158,-4.736872,92.989478,-0.071685,-1.77524,0.774775,0.97224,-2.090721
03-12-25,77.529999,77.559998,76.389999,76.550804,60100,80.735285,81.452042,78.583572,-0.100465,0.010925,0.07043,FALSE,FALSE,2.86847,-0.027177,-53.857725,35.515045,31.11686,-5.772665,-1.452357,-0.559823,-7.595218,1.909821,9.256585,5.870355,-7.730974,2.053279,252.551686,1.017222,0.98675,0.608234,4.064535,-2.227305,-9.343584,1.781005,-394200,901.666667,-62409356.692812,-1.009324,27.951458,-3.844835,-5.575018,92.929014,-0.079931,-1.992908,0.779893,0.98675,-1.656881
03-13-25,77.68,77.68,75.830002,75.359352,28700,80.366928,81.349776,78.59676,-0.123851,0.008603,0.070292,FALSE,FALSE,2.753016,-0.034967,-53.22079,37.896681,27.803283,-2.094076,-1.620548,-0.582411,-8.760708,-0.875755,6.436971,-6.482783,-8.90542,2.132185,274.732858,1.0337,1.003517,0.621086,4.199716,-2.584045,-10.230635,0.8308,-422900,125.984252,-62452659.566415,-1.029535,27.41301,-4.418728,-6.35158,92.406204,-0.095356,-2.378942,0.78809,1.003517,-1.822707
03-14-25,76.68,77.669998,76.629997,77.037308,22200,80.040271,81.284643,78.618978,-0.146506,0.006135,0.070146,FALSE,FALSE,2.665665,-0.03902,-33.520389,40.108201,37.842173,9.707717,-1.6,-0.44949,-7.483593,0.664174,9.048969,17.650681,-7.817518,2.222094,273.474952,1.076212,1.040989,0.657133,4.11623,-2.034522,-10.230635,0.632028,-400700,109.433962,-62457470.557135,-1.014033,31.144074,-4.080779,-5.397613,92.967123,-0.098529,-2.482003,0.810638,1.040989,-1.098076
03-17-25,77.550003,78.489998,77.529999,77.702545,17800,79.746379,81.212758,78.647034,-0.167941,0.003558,0.069992,FALSE,FALSE,2.565724,-0.042295,-25.635696,40.789447,41.325533,10.208673,-1.5126,-0.289672,-6.227374,0.959933,10.28198,27.376379,-7.032549,2.236411,264.876755,1.082687,1.04275,0.662795,4.27243,-1.697847,-10.230635,0.497693,-382900,256,-62468871.955859,-0.956814,35.427605,-4.616885,-5.626089,92.99579,-0.091279,-2.304749,0.814122,1.04275,-0.771617
03-18-25,77.720001,77.720001,77.099998,76.650085,21300,79.393908,81.114066,78.671996,-0.189349,0.000872,0.06983,FALSE,FALSE,2.44207,-0.051278,-30.596527,41.639183,37.723649,9.920366,-1.510843,-0.230333,-7.475375,-0.611663,9.490408,12.350658,-8.422316,2.207104,256.267107,1.02553,1.015313,0.617187,4.526187,-1.357978,-10.230635,0.584763,-404200,162.962963,-62521085.197722,-0.983323,30.822492,-5.959782,-6.179566,92.054889,-0.095786,-2.396397,0.785612,1.015313,-1.070688
03-19-25,77.529999,78.589996,77.489998,77.523827,22200,79.072712,81.048537,78.699701,-0.20904,-0.001881,0.069661,FALSE,FALSE,2.348836,-0.058693,-17.127722,41.160331,42.225676,4.383503,-1.422549,-0.113631,-6.799553,0.624401,9.982299,26.179667,-7.652275,2.195119,235.612159,1.037396,1.016545,0.632016,4.680571,-1.039143,-10.230635,0.596133,-382000,276.271186,-62541919.745055,-0.974211,36.043297,-7.203821,-6.791898,91.731442,-0.111815,-2.820606,0.794994,1.016545,-0.657388
03-20-25,77.410004,78.580002,77.410004,77.374893,27200,78.760452,80.980425,78.725872,-0.226974,-0.004694,0.069484,FALSE,FALSE,2.254553,-0.064657,-28.591666,40.768573,41.67267,0.347137,-1.349043,-0.032099,-6.544582,0.676375,9.177695,23.87776,-7.468533,2.133367,212.41558,1.025728,1.007431,0.628303,3.242441,-1.393447,-10.230635,0.715507,-409200,132.478632,-62570752.234589,-0.969427,29.483322,-6.895869,-7.045046,91.627593,-0.120284,-3.05338,0.792655,1.007431,-0.652287
03-21-25,77.389999,78.07,77.18,77.484116,27600,78.522162,80.911917,78.751014,-0.242986,-0.007567,0.0693,FALSE,FALSE,2.160903,-0.069242,-18.95722,40.561198,42.269789,4.546139,-1.267365,0.039662,-3.479757,-0.888771,8.489729,34.105449,-5.794292,2.000379,197.411878,1.020841,1.000289,0.620878,3.220917,-1.550169,-10.230635,0.713916,-381600,87.755102,-62579490.239287,-0.931841,30.748423,-5.878602,-7.109159,91.999357,-0.114475,-2.891101,0.787958,1.000289,-0.525828
03-24-25,78.510002,79.449997,78.510002,78.81456,45400,78.373727,80.895832,78.779409,-0.255722,-0.010435,0.069111,FALSE,TRUE,2.116424,-0.069866,-1.070371,38.593209,49.104748,6.879072,-1.082798,0.179384,-1.773993,0.991696,9.718793,62.43847,-3.629974,1.984364,182.173649,1.035677,1.007392,0.642575,3.225149,-1.37413,-10.230635,1.147334,-336200,66.911765,-62595471.089401,-0.84832,39.969384,-6.306582,-6.742416,92.238705,-0.123681,-3.170929,0.801608,1.007392,0.241985
03-25-25,79.389999,79.610001,79.300003,78.893997,25600,78.248128,80.878159,78.807659,-0.264125,-0.013281,0.068917,FALSE,TRUE,2.070501,-0.071724,-7.044555,36.588074,49.489276,7.816607,-0.919517,0.274132,-2.779083,0.812708,10.055103,74.368908,-3.085742,1.904414,168.298607,1.026613,1.003447,0.648323,2.314325,-1.069957,-10.230635,0.661242,-310600,-40.046838,-62688128.069121,-0.936226,37.840996,-6.663341,-6.79749,92.259601,-0.106559,-2.778513,0.805185,1.003447,0.383764
03-26-25,79.519997,79.519997,78.389999,78.079834,18700,78.082814,80.842813,78.831887,-0.26921,-0.016067,0.068715,FALSE,FALSE,2.010926,-0.076275,-2.546715,35.485607,45.679945,3.410156,-0.846059,0.278072,-4.470305,-0.391123,9.278755,59.519388,-4.062464,1.90689,151.225133,1.025585,1.002482,0.647976,2.32413,-1.055139,-10.230635,0.490042,-329300,-37.248322,-62717093.74554,-0.925567,40.491491,-6.964519,-7.215837,91.953547,-0.10575,-2.758821,0.804969,1.002482,-0.00197
03-27-25,78.099998,78.709999,78.099998,77.73233,11500,77.964165,80.770531,78.85359,-0.270874,-0.018814,0.068507,FALSE,FALSE,1.916941,-0.081832,-10.077503,34.682556,44.118971,-4.985777,-0.806586,0.254036,-5.944083,-0.646631,9.137496,50.326167,-2.962314,1.829972,143.640656,1.025681,1.010909,0.656115,2.357211,-1.058933,-10.230635,0.315587,-340800,-74.945534,-62742456.629198,-0.901559,42.80433,-8.111353,-7.677854,91.544296,-0.098772,-2.606842,0.810009,1.010909,-0.161399
03-28-25,77.860001,77.980003,76.510002,76.189423,90900,77.705323,80.670966,78.866642,-0.270525,-0.021571,0.068292,FALSE,FALSE,1.804324,-0.090069,-5.211244,34.953539,37.922649,-11.566628,-0.889549,0.136858,-6.760605,-3.120266,5.988893,9.508489,-6.362385,1.788842,124.472604,1.055436,1.031887,0.682878,2.423411,-1.470979,-10.230635,2.333162,-431700,124.444444,-62873003.778817,-1.022982,39.549341,-7.428486,-7.8908,91.184858,-0.091063,-2.432191,0.826365,1.031887,-1.217859
03-31-25,75.690002,77.209999,75.459999,76.587601,20100,77.541353,80.562684,78.878286,-0.267381,-0.024351,0.068069,FALSE,FALSE,1.684398,-0.095726,4.528655,35.723147,40.254681,-5.425264,-0.912648,0.091008,-5.237027,-2.380362,6.528212,27.171113,-4.10609,1.812184,115.795179,1.044017,1.016609,0.68077,2.364338,-1.671126,-10.230635,0.535643,-411600,-58.811475,-62867201.158665,-0.981827,44.230583,-7.497712,-8.159995,90.886866,-0.105337,-2.834802,0.825088,1.016609,-0.823654
04-01-25,76.800003,77.349998,76.370003,76.926041,24800,77.439977,80.435555,78.890834,-0.260754,-0.027215,0.067839,FALSE,FALSE,1.544721,-0.100078,3.549989,36.264543,42.240828,-1.878143,-0.893347,0.088247,-4.407249,-2.355785,7.145783,35.32629,-2.567999,1.760014,111.579356,1.044716,1.021406,0.688126,2.324747,-1.647794,-10.230635,0.687552,-386800,-53.988868,-62863858.709463,-0.945761,39.405104,-6.634052,-8.494751,90.904428,-0.114708,-3.121088,0.829534,1.021406,-0.460601
04-02-25,76.5,78.089996,76.470001,77.493423,30700,77.326757,80.332085,78.906711,-0.250732,-0.030151,0.067601,FALSE,FALSE,1.425373,-0.104571,21.456564,35.881469,45.511177,7.588528,-0.822783,0.127049,-3.487846,-0.787403,8.756912,48.99816,-2.839072,1.725927,97.41141,1.043792,1.00963,0.690968,2.048366,-1.2186,-10.230635,0.866008,-356100,-28.770302,-62855769.626123,-0.943964,46.708141,-6.239805,-8.038054,90.551062,-0.110047,-3.01068,0.831245,1.00963,0.171095
04-03-25,74.949997,75.470001,74.019997,73.730736,58600,77.094409,80.143035,78.900228,-0.240376,-0.033342,0.067354,FALSE,FALSE,1.242807,-0.115081,-27.484363,36.68956,32.406809,-7.847873,-1.058278,-0.086757,-9.306666,-5.652511,3.319081,-5.174609,-5.928938,1.926654,123.066612,1.213246,1.077816,0.768119,2.619078,-2.101887,-12.170671,1.636872,-414700,13.565891,-62937749.809754,-0.949617,38.076972,-7.481595,-8.887993,89.529777,-0.114043,-3.098763,0.876424,1.077816,-2.733214
04-04-25,72.400002,72.400002,69.68,69.400665,111300,76.619743,79.859441,78.871405,-0.232914,-0.036969,0.067092,FALSE,FALSE,0.988035,-0.13208,-52.893134,38.610181,23.883945,-18.356883,-1.576142,-0.483697,-14.934209,-10.933741,-1.51125,-2.813041,-12.033022,2.314258,205.484349,1.419938,1.130018,0.82587,4.12784,-2.919972,-17.328726,2.816296,-526000,201.626016,-63071910.084749,-1.03679,28.609317,-8.903729,-9.810393,88.229175,-0.127634,-3.419467,0.908774,1.130018,-3.513201
04-07-25,67.330002,72,66.470001,69.281212,153600,76.245838,79.578025,78.841542,-0.22764,-0.040998,0.066817,FALSE,FALSE,0.736483,-0.150823,-49.915941,40.909141,23.698778,-21.812399,-1.973443,-0.704798,-14.256261,-11.937783,-2.768386,21.394298,-9.742257,2.824467,262.842479,1.408849,1.105875,0.803327,5.202456,-2.675692,-17.471021,3.447811,-679600,189.811321,-63069342.978622,-0.868431,23.423806,-7.166371,-8.643528,89.340984,-0.106516,-2.706319,0.896285,1.105875,-2.649734
04-08-25,72.089996,72.300003,67.449997,68.236023,135400,75.852439,79.299137,78.807487,-0.22561,-0.045455,0.066528,FALSE,FALSE,0.49165,-0.170435,-62.192282,42.80533,22.085374,-10.321435,-2.345607,-0.861569,-15.529053,-12.4284,-4.208736,13.440044,-10.338468,3.172355,318.140554,1.417427,1.108641,0.815221,6.315519,-2.978338,-18.716068,2.839467,-815000,86.244842,-63160855.231571,-0.833677,33.662776,-6.39824,-7.818144,89.378069,-0.119367,-3.109974,0.902896,1.108641,-2.394041
04-09-25,68.120003,75.059998,68.050003,74.656479,163900,75.757722,79.134361,78.806273,-0.222172,-0.049983,0.066231,FALSE,FALSE,0.328088,-0.178763,-12.819362,42.624848,46.279617,22.395672,-2.098284,-0.491397,-7.728449,-5.176993,4.920537,62.301964,-2.474599,3.458282,318.771214,1.887856,1.295104,0.845502,6.45613,-0.929728,-18.716068,3.099764,-651100,172.712146,-63015824.493468,-0.573492,46.494328,-3.235197,-5.542712,92.990576,-0.051633,-1.104582,0.919512,1.295104,-0.345465
04-10-25,73.540001,73.540001,70.419998,72.058434,96000,75.592677,78.925567,78.793202,-0.219423,-0.054637,0.065923,FALSE,FALSE,0.132365,-0.188521,-22.898624,42.457257,40.763538,17.06476,-2.087852,-0.384772,-9.495693,-9.117106,1.946878,42.529928,-4.380237,3.914692,329.313402,1.919427,1.279848,0.852962,6.842191,-1.652937,-18.716068,1.70697,-747100,234.494774,-63010997.79061,-0.496389,43.405839,-3.557931,-5.925578,92.444836,-0.06047,-1.304239,0.92356,1.279848,-1.073216
04-11-25,71.970001,73.849998,71.800003,73.31266,40700,75.406444,78.73173,78.78517,-0.217314,-0.059346,0.065605,FALSE,FALSE,-0.05344,-0.196009,-23.295228,42.094193,44.220011,22.134637,-1.955833,-0.202203,-8.103759,-7.396397,3.003437,52.075033,-4.834862,3.855915,331.239909,1.935425,1.255269,0.849764,7.098572,-1.371303,-18.716068,0.711974,-706400,83.333333,-62991634.098794,-0.467212,42.919027,-5.119869,-6.284114,91.851361,-0.074218,-1.570539,0.921826,1.255269,-0.632105
04-14-25,74.839996,74.910004,73.629997,73.880058,31800,75.21532,78.557978,78.779385,-0.215606,-0.064076,0.065279,FALSE,FALSE,-0.221407,-0.200717,-20.799459,41.06197,45.761872,-0.517745,-1.784848,-0.024975,-7.473155,-7.190587,5.361203,56.782066,-4.919384,3.903831,328.309042,1.933083,1.251439,0.848285,6.534968,-1.407671,-18.716068,0.549555,-674600,78.651685,-63011009.253318,-0.46845,43.181028,-5.46515,-6.452914,91.566671,-0.080893,-1.705467,0.921024,1.251439,-0.406709
04-15-25,74.669998,74.800003,74,73.770561,16400,75.071344,78.393951,78.772953,-0.214707,-0.068811,0.064944,FALSE,FALSE,-0.379002,-0.202982,-18.414566,40.103478,45.500486,4.736948,-1.639281,0.096474,-9.313065,-7.420294,6.567664,59.645108,-3.756714,3.889287,327.999649,1.919893,1.238945,0.848381,6.369091,-1.653011,-18.716068,0.284623,-691000,-23.004695,-63036816.207485,-0.447528,45.04174,-7.302227,-7.693789,90.631124,-0.122941,-2.610611,0.921076,1.238945,-0.39658
04-16-25,73.139999,73.720001,71.809998,72.148026,55500,74.802554,78.185361,78.759446,-0.21622,-0.073633,0.064599,FALSE,FALSE,-0.574085,-0.208422,-22.630082,39.963404,41.699585,-2.520426,-1.635984,0.079817,-11.112379,-9.804095,4.164447,48.864257,-6.934386,4.108466,328.869929,1.936235,1.24592,0.840746,6.416935,-1.838598,-18.716068,0.936156,-746500,150,-63072671.688655,-0.447628,43.148555,-8.762297,-9.48467,88.686236,-0.133834,-2.749572,0.916922,1.24592,-0.807167
04-17-25,72.669998,73.150002,72.300003,72.23761,40800,74.545689,77.972803,78.743324,-0.219911,-0.07853,0.064244,FALSE,FALSE,-0.770521,-0.212255,-17.0167,39.833335,41.987731,-3.774141,-1.607611,0.086552,-11.907182,-9.669718,5.176509,49.635207,-6.639471,4.057093,327.78181,1.933663,1.244268,0.842416,6.652854,-1.909509,-18.716068,0.680397,-705700,50,-63119461.445501,-0.457525,49.824253,-9.031484,-9.172162,88.409446,-0.150808,-3.118811,0.917832,1.244268,-0.704151
04-21-25,72.07,72.07,70.220001,70.674805,50400,74.205224,77.724223,78.717807,-0.22589,-0.083564,0.063878,FALSE,FALSE,-0.993584,-0.217369,-24.244921,40.321449,38.420271,-7.080214,-1.691729,0.001947,-15.138478,-11.972823,3.108187,36.185931,-8.788009,4.173852,331.002307,1.9476,1.25072,0.838406,7.049326,-2.254598,-18.716068,0.82481,-756100,82.608696,-63145080.782114,-0.462802,48.419754,-11.375256,-10.378573,87.065834,-0.168375,-3.41401,0.915645,1.25072,-1.066584
04-22-25,71.889999,72.870003,71.650002,72.327202,29700,73.880856,77.52279,78.700355,-0.232355,-0.088654,0.063503,FALSE,FALSE,-1.177565,-0.219444,-17.893111,40.209,43.85231,2.152725,-1.606539,0.069709,-12.507689,-9.725405,6.483146,50.406223,-8.231167,4.198506,314.847915,1.97628,1.259433,0.841695,7.268377,-1.872295,-18.716068,0.492374,-726400,-34.581498,-63141808.9308,-0.452866,48.590179,-9.609514,-10.040775,87.801763,-0.152022,-3.069097,0.917439,1.259433,-0.493462
04-23-25,74.309998,75.050003,73.599998,73.432114,115000,73.607762,77.333328,78.686253,-0.237949,-0.093712,0.063119,FALSE,FALSE,-1.352925,-0.221081,-15.47799,38.748947,47.205888,5.218157,-1.433346,0.194322,-11.722444,-8.368979,7.115425,77.356805,-6.923066,4.242604,291.929763,1.982655,1.263052,0.843791,4.287813,-1.474849,-18.716068,1.774965,-611400,349.21875,-63283438.853717,-0.459416,52.594444,-9.37589,-9.415289,88.616445,-0.119265,-2.416094,0.918581,1.263052,-0.060168
04-24-25,73.769997,75.32,73.769997,74.895386,15100,73.448539,77.17194,78.679172,-0.241449,-0.098677,0.062729,FALSE,FALSE,-1.507232,-0.218621,4.864902,37.2399,51.350089,12.929817,-1.164591,0.370462,-10.391183,-5.609768,7.90077,95.202101,-4.078452,4.008499,274.413427,1.997861,1.268753,0.84363,4.515567,-1.314931,-18.716068,0.23371,-596300,-19.251337,-63276611.960893,-0.432997,56.335894,-8.453889,-8.152901,89.469349,-0.109865,-2.20758,0.918494,1.268753,0.527251
04-25-25,75.330002,75.809998,74.889999,75.45282,46400,73.334564,77.026467,78.674482,-0.241482,-0.103509,0.062334,FALSE,FALSE,-1.648016,-0.215476,30.009881,35.554382,52.867925,9.015615,-0.896288,0.511012,-9.476899,-5.144046,8.642168,96.175826,-2.932513,3.682509,260.042154,2.000682,1.270431,0.843008,4.624614,-1.151292,-18.716068,0.699269,-549900,303.478261,-63266240.395371,-0.394683,64.685499,-7.387561,-7.769795,90.135254,-0.084517,-1.6925,0.918155,1.270431,0.814582
04-28-25,75.800003,76.089996,75.110001,75.592178,22700,73.304702,76.866901,78.666933,-0.239067,-0.10819,0.061934,FALSE,FALSE,-1.800032,-0.210852,31.262356,33.823696,53.260526,6.054638,-0.664749,0.594041,-8.016802,-4.909649,9.385944,94.238217,-0.783894,3.245781,256.915326,1.998747,1.279034,0.845897,4.213835,-1.209207,-18.716068,0.360632,-527200,-75.027503,-63266602.676414,-0.312653,76.700737,-6.522078,-8.360908,89.919293,-0.073608,-1.489233,0.919727,1.279034,0.890362
04-29-25,75.580002,76.370003,75.580002,75.910713,24000,73.270857,76.713508,78.663891,-0.233107,-0.112689,0.061529,FALSE,FALSE,-1.950383,-0.206035,39.437359,32.045716,54.199626,2.849538,-0.450357,0.646746,-8.425779,-4.793651,8.700075,94.479693,-0.883808,2.850133,252.775521,1.999358,1.285447,0.848858,3.646263,-1.083429,-18.716068,0.380108,-503200,19.402985,-63270508.844627,-0.319376,73.481398,-6.762123,-8.098592,89.941094,-0.087195,-1.780778,0.921335,1.285447,1.044348
04-30-25,75.379997,76.370003,74.580002,76.010246,24600,73.225068,76.559722,78.659815,-0.22298,-0.117008,0.06112,FALSE,FALSE,-2.100092,-0.201695,10.303009,30.891409,54.507212,1.639287,-0.269314,0.662231,-7.864281,-4.798901,8.673941,94.150303,-1.190487,2.355866,246.558773,1.998044,1.294091,0.851348,3.721347,-0.971239,-18.716068,0.389672,-478600,-0.806452,-63255797.117956,-0.310422,63.365694,-5.740553,-7.99708,90.273233,-0.09416,-1.940339,0.922685,1.294091,1.129621
05-01-25,76.93,77.580002,76.760002,76.448235,23900,73.172808,76.409732,78.656348,-0.209049,-0.121105,0.060708,TRUE,FALSE,-2.246616,-0.195279,39.981878,29.070503,55.91039,2.649864,-0.089463,0.673666,-7.898688,-3.95246,10.941046,84.622729,-1.348745,2.093206,237.994534,1.996988,1.295155,0.853546,3.890546,-0.993299,-18.716068,0.380634,-454700,-22.149837,-63297870.893298,-0.352048,76.116749,-4.558637,-7.317182,90.793408,-0.09966,-2.070121,0.923876,1.295155,1.376261
05-02-25,77.5,78.160004,77.459999,77.573059,23300,73.364924,76.288792,78.656036,-0.189796,-0.124922,0.060293,TRUE,FALSE,-2.367244,-0.18619,39.266078,27.043679,59.375855,5.176229,0.142194,0.724259,-6.04908,-0.635056,12.977232,92.607753,5.211291,2.031711,257.448421,2.006586,1.306966,0.858467,4.876116,-0.840522,-18.716068,0.381811,-431400,-60.238908,-63313644.376966,-0.307984,75.397011,-4.577616,-6.406728,91.284966,-0.077254,-1.624559,0.926535,1.306966,1.634555
05-05-25,77.529999,77.860001,77.360001,77.105209,22900,73.750151,76.185898,78.658719,-0.166926,-0.128446,0.059876,TRUE,FALSE,-2.472821,-0.17717,29.999936,25.21992,57.356493,2.849281,0.284751,0.693452,-5.937033,-1.633678,11.416556,86.715441,11.101542,1.942383,252.605157,2.007037,1.307725,0.85947,4.70995,-0.957743,-18.716068,0.404558,-454300,-79.424978,-63359883.25636,-0.254371,70.33728,-5.430851,-6.841489,90.972628,-0.088623,-1.869855,0.927076,1.307725,1.328183
05-06-25,76.879997,77.440002,76.620003,76.458191,15300,74.109,76.079396,78.66123,-0.140518,-0.131688,0.059455,TRUE,FALSE,-2.581834,-0.170072,23.809517,23.958851,54.591317,-1.319073,0.341582,0.600226,-7.410451,-2.162399,8.961358,78.566597,10.3592,1.949483,236.225137,2.00698,1.307666,0.858645,4.540362,-0.956566,-18.716068,0.307909,-469600,-90.039062,-63381221.602456,-0.313824,67.198981,-6.850386,-7.14831,90.375326,-0.092873,-1.953845,0.926631,1.307666,0.994471
05-07-25,77.099998,77.489998,76.529999,76.846397,33000,74.539519,75.988204,78.668251,-0.110958,-0.134654,0.059032,TRUE,FALSE,-2.680046,-0.16115,46.732678,22.840592,55.963107,-3.412748,0.413182,0.537462,-7.263712,-2.896379,8.629936,83.455846,12.618517,1.853307,199.101865,2.006379,1.308625,0.858804,4.145373,-0.970936,-18.716068,0.740408,-436600,-75.62777,-63392469.176544,-0.259832,76.932043,-6.329376,-8.027575,90.193688,-0.091553,-1.927751,0.926717,1.308625,1.158642
05-08-25,77.800003,78.339996,77.309998,77.274429,31900,74.670417,75.905971,78.673608,-0.079049,-0.1373,0.058608,TRUE,FALSE,-2.767637,-0.151088,48.467465,21.221021,57.488064,0.131571,0.498716,0.498396,-7.014555,-4.670145,8.871093,86.877246,3.506662,1.888485,208.304333,2.008088,1.308853,0.859029,3.716943,-0.906191,-18.716068,0.840137,-404700,-80.536913,-63426572.337932,-0.540885,76.620989,-6.622405,-9.110481,90.295167,-0.090917,-1.914245,0.926838,1.308853,1.2501
05-09-25,78,78.010002,77.449997,77.274429,26800,74.931216,75.849353,78.679854,-0.044385,-0.139621,0.058181,TRUE,FALSE,-2.830501,-0.141114,74.746345,19.717134,57.488064,2.896747,0.560047,0.447781,-6.219035,-5.44426,8.825764,84.07223,7.238564,1.76998,206.525666,2.007973,1.309616,0.859323,2.859688,-0.868397,-18.716068,0.776586,-404700,-72.083333,-63470176.512262,-0.665284,79.961161,-6.446556,-9.351088,90.08436,-0.100162,-2.111229,0.926997,1.309616,1.134587
05-12-25,79.5,80.18,79.370003,79.812752,52100,75.256221,75.818283,78.707684,-0.007025,-0.141513,0.057754,TRUE,TRUE,-2.889401,-0.125245,77.049196,19.598776,65.665418,9.702311,0.804202,0.55355,-3.730116,-2.715557,11.88818,94.418717,8.866261,1.777263,229.573426,2.050113,1.324639,0.846272,4.591443,-0.558286,-18.716068,1.485177,-352600,28.009828,-63465320.23165,-0.675151,81.0681,-4.013372,-7.760923,92.206306,-0.068364,-1.350114,0.91993,1.324639,1.984781
05-13-25,80.419998,81,80.419998,80.300514,14200,75.577244,75.826953,78.739583,0.03213,-0.142937,0.057327,TRUE,TRUE,-2.91263,-0.108351,75.492385,19.892394,66.979818,9.491754,1.025238,0.619668,-3.211334,-2.144661,12.339206,90.325236,8.690377,1.629878,253.010794,2.051909,1.334032,0.851922,4.591272,-0.480529,-18.716068,0.415205,-338400,-55.345912,-63485370.806484,-0.693511,76.260837,-3.649544,-7.208638,92.531948,-0.082895,-1.666576,0.922996,1.334032,1.866826
05-14-25,80.690002,80.919998,80.529999,80.469734,19900,75.912202,75.857277,78.768524,0.073252,-0.143769,0.056899,TRUE,TRUE,-2.911248,-0.090796,71.428599,20.16504,67.445443,9.957378,1.200229,0.635727,-2.727977,-1.677362,12.606976,91.740406,9.081093,1.513861,271.502536,2.052035,1.337142,0.853612,4.401347,-0.47171,-18.716068,0.578909,-318500,21.341463,-63511420.894516,-0.690334,76.64499,-3.940791,-6.368722,92.395268,-0.074937,-1.515169,0.923911,1.337142,1.678633
05-15-25,80.550003,81.230003,80.510002,80.698677,11200,76.339735,75.876094,78.79782,0.114974,-0.144001,0.056471,TRUE,TRUE,-2.921726,-0.072264,70.17312,20.578105,68.100826,2.435408,1.341916,0.621931,-3.436341,-1.504896,12.369636,92.010133,11.851539,1.495428,276.387905,2.052001,1.332059,0.852398,4.305389,-0.473271,-18.716068,0.348259,-307300,-79.81982,-63516751.017857,-0.690422,74.394373,-4.928674,-6.715843,91.813656,-0.099984,-2.013283,0.923254,1.332059,1.57711
05-16-25,81.290001,81.75,81.059998,81.375565,11500,76.796633,75.936051,78.832525,0.156855,-0.143652,0.056044,TRUE,TRUE,-2.896474,-0.052998,72.17394,21.227914,70.022391,3.042573,1.491628,0.617315,-2.637953,-0.026113,11.990817,94.777747,12.649858,1.48925,280.505707,2.054632,1.334064,0.851595,4.631135,-0.314395,-18.716068,0.374654,-295800,-71.813725,-63517732.154522,-0.648755,73.629867,-5.251069,-5.310123,92.349977,-0.09432,-1.891677,0.922819,1.334064,1.632385
05-20-25,81.720001,81.720001,81.080002,81.126709,20100,77.319228,75.980706,78.859959,0.197441,-0.14277,0.055617,TRUE,TRUE,-2.879254,-0.036338,65.664166,21.831308,68.391249,0.945807,1.572074,0.558209,-3.07387,0.920758,11.906293,91.306957,14.788728,1.480611,256.811649,2.044067,1.335391,0.849133,4.269979,-0.143514,-18.716068,0.688828,-315900,-60.119048,-63534898.358657,-0.667953,67.136953,-5.236822,-5.241734,91.858798,-0.10585,-2.116402,0.921484,1.335391,1.482597
05-21-25,80.989998,81.400002,79.980003,79.782898,29100,77.692013,76.041178,78.886059,0.233549,-0.14148,0.05519,TRUE,TRUE,-2.844882,-0.022609,41.061886,21.373485,60.231879,-7.868948,1.509987,0.396897,-4.96123,-1.092163,9.992827,62.316061,10.308288,1.472424,233.597944,2.053979,1.337001,0.851279,3.924441,-0.283107,-18.716068,0.998285,-345000,-2.020202,-63572076.914657,-0.738024,65.921521,-6.301768,-5.991354,91.256902,-0.101668,-2.037531,0.922648,1.337001,0.895079
05-22-25,79.980003,80.589996,79.919998,79.693306,29100,78.005072,76.112963,78.918824,0.264086,-0.139756,0.054763,TRUE,TRUE,-2.805861,-0.009555,36.711756,20.895468,59.720322,-10.302069,1.436989,0.259119,-4.695978,-1.541729,9.423434,60.59974,8.526504,1.405723,214.693792,2.053204,1.338294,0.853259,3.617689,-0.238237,-18.716068,1.170791,-374100,-74.695652,-63620868.738657,-0.678797,57.88422,-6.641227,-6.551673,90.986532,-0.093315,-1.883411,0.92372,1.338294,0.786345
05-23-25,79.199997,79.860001,79.160004,79.185646,27000,78.219585,76.16566,78.956017,0.28856,-0.137596,0.054336,TRUE,TRUE,-2.790356,0.002728,19.612692,19.792434,56.777705,-11.613544,1.322924,0.116043,-3.72556,-2.156954,9.050948,50.874457,5.728337,1.323469,203.108465,2.054774,1.340521,0.853817,3.470638,-0.316937,-18.716068,1.060904,-401100,78.807947,-63645890.602417,-0.725498,50.528086,-6.919316,-7.086314,90.476363,-0.092006,-1.859113,0.924022,1.340521,0.475638
05-26-25,81.110001,81.110001,80.330002,80.091469,10500,78.451518,76.260303,79.000504,0.307374,-0.134957,0.05391,TRUE,TRUE,-2.740202,0.014447,34.482835,19.610675,60.516112,0.284233,1.290739,0.067087,-2.068642,-1.615658,11.142921,68.227379,6.147748,1.43553,196.219392,2.050007,1.338337,0.854119,3.202523,0.033071,-18.716068,0.443881,-390600,-77.37069,-63662812.655315,-0.838242,55.523338,-6.028549,-5.819856,90.836934,-0.078847,-1.598564,0.924185,1.338337,0.835774
05-27-25,80.370003,81.169998,80.349998,80.708633,8800,78.707341,76.333729,79.039927,0.321676,-0.131815,0.053485,TRUE,TRUE,-2.706198,0.029317,49.250346,19.47977,62.872347,3.152025,1.300047,0.061116,-0.856623,-1.230068,11.284228,80.050453,6.768498,1.447433,190.240481,2.042293,1.336707,0.852855,2.774144,-0.070902,-18.716068,0.383275,-381800,-61.23348,-63663915.121843,-0.865227,59.271664,-5.320331,-5.954404,90.821411,-0.082793,-1.677662,0.923502,1.336707,1.051981
05-28-25,81.300003,81.300003,80.620003,80.390106,45600,78.93131,76.38748,79.075732,0.330519,-0.128248,0.053063,TRUE,TRUE,-2.688251,0.041159,41.395564,19.44473,60.8539,4.076195,1.267115,0.022547,-1.223808,-1.905229,10.5447,69.371778,5.900871,1.42191,181.761938,2.028579,1.339257,0.850424,2.363882,0.117462,-18.716068,1.896839,-427400,90,-63740348.291743,-0.977204,60.997398,-5.277494,-6.791613,90.417371,-0.092349,-1.868571,0.922185,1.339257,0.802586
05-29-25,80.949997,81.269997,80.589996,80.688721,19200,79.165234,76.468253,79.113425,0.333469,-0.124269,0.052642,TRUE,TRUE,-2.645172,0.051914,40.495995,19.381185,62.082873,1.566761,1.250694,0.004901,0.728316,-2.085219,11.151069,75.319104,6.155058,1.36232,172.035086,2.023133,1.362428,0.855929,1.955657,0.315924,-18.716068,0.807741,-408200,-21.95122,-63753973.271267,-1.047909,59.614075,-3.798086,-6.625541,90.98252,-0.105899,-2.189171,0.925165,1.362428,0.885567
05-30-25,80.800003,81.099998,80.120003,80.569275,50400,79.371286,76.529162,79.144099,0.329605,-0.119861,0.052224,TRUE,TRUE,-2.614937,0.063739,38.533372,18.831275,61.25448,-1.617867,1.214047,-0.025397,-0.979499,-1.840846,11.760122,54.412094,5.390629,1.386009,162.177016,2.019328,1.365968,0.856036,1.442391,0.163663,-18.716068,2.008368,-458600,110.878661,-63758162.219496,-0.917098,55.399383,-4.129454,-5.86982,90.962754,-0.097267,-2.015263,0.925222,1.365968,0.738692
06-02-25,80.849998,81.339996,80.349998,80.957489,28000,79.540508,76.600814,79.175577,0.321871,-0.115017,0.05181,TRUE,TRUE,-2.574763,0.073817,17.885065,18.515537,62.98329,2.12939,1.202469,-0.02958,1.365366,-2.02991,12.978002,69.401077,4.362893,1.210352,160.06961,2.006674,1.359969,0.852669,1.354952,0.456369,-18.716068,1.105409,-430600,20.171674,-63751799.044119,-0.864893,52.172749,-4.230248,-6.681269,90.598875,-0.104501,-2.15376,0.923401,1.359969,0.885228
06-03-25,81.190002,81.919998,81.190002,81.475105,10900,79.759002,76.680634,79.203469,0.314054,-0.109732,0.051399,TRUE,TRUE,-2.522835,0.085475,18.266294,18.677325,65.212111,3.129239,1.220985,-0.008851,3.193697,-1.450779,13.186782,83.880661,5.667446,1.18296,154.816571,2.00658,1.359708,0.849761,1.407501,0.453838,-18.716068,0.44076,-419700,-52.401747,-63754184.964146,-0.797213,51.700969,-4.302911,-5.646715,91.26968,-0.085519,-1.745485,0.921825,1.359708,1.108475
06-04-25,81.800003,82.040001,81.739998,81.445244,17400,80.008355,76.733247,79.23052,0.306429,-0.103957,0.050991,TRUE,TRUE,-2.497273,0.093322,15.506394,18.919857,64.969075,3.714595,1.219196,-0.008512,2.115704,-1.581227,12.898046,79.348693,6.522588,1.178606,138.115215,1.973235,1.345661,0.845778,1.368354,0.819389,-18.716068,0.700624,-437100,13.72549,-63805776.083621,-0.85475,51.35836,-3.730995,-5.46648,91.627217,-0.060236,-1.233961,0.919662,1.345661,1.040355
06-05-25,81.919998,82.169998,81.139999,80.977394,59500,80.214905,76.774915,79.251675,0.299682,-0.097727,0.050585,TRUE,TRUE,-2.47676,0.099032,4.268306,18.441065,61.125411,-1.85788,1.166579,-0.048903,3.316879,-2.193387,11.761089,60.37853,5.375654,1.209208,117.723693,1.971233,1.349856,0.844965,1.354319,0.857702,-18.716068,2.274465,-496600,80.30303,-63884062.5418,-0.93959,41.483682,-3.692342,-6.051831,91.100879,-0.075541,-1.545004,0.91922,1.349856,0.647694
06-06-25,82.150002,82.419998,81.93,81.853371,25800,80.443852,76.850386,79.277852,0.289737,-0.091012,0.050182,TRUE,TRUE,-2.427466,0.106664,7.100688,18.215694,65.268575,0.056463,1.181939,-0.026835,3.751076,-1.699839,11.919967,82.618759,5.925558,1.230412,100.842994,1.974242,1.352345,0.843881,1.728921,0.922688,-18.716068,0.997873,-470800,-19.122257,-63917932.147094,-0.950222,43.725192,-2.863103,-5.950997,91.739478,-0.061477,-1.251071,0.91863,1.352345,1.397736
06-09-25,82.389999,82.470001,82.190002,81.873276,13000,80.673794,76.933205,79.302943,0.278514,-0.083895,0.049781,TRUE,TRUE,-2.369738,0.112014,11.485535,18.051649,65.358922,0.389847,1.182091,-0.021346,6.662353,-1.523648,11.781553,81.972027,5.951317,1.228074,73.492686,1.961856,1.348363,0.84081,1.732351,1.141691,-18.716068,0.516591,-457800,-51.492537,-63960342.610309,-0.973904,48.071642,-1.064559,-5.273773,92.062341,-0.049689,-1.007712,0.916957,1.348363,1.63211
06-10-25,82.260002,82.790001,82.209999,82.361023,10500,80.801208,77.056637,79.333931,0.265606,-0.076364,0.049382,TRUE,TRUE,-2.277294,0.120646,45.679062,18.193545,67.5841,6.45869,1.207648,0.003369,8.221658,-1.195957,12.462586,88.182416,3.192812,1.177154,79.613854,1.943911,1.34723,0.837579,2.077201,0.930261,-18.716068,0.454841,-447300,-79.846449,-63965374.522124,-1.083072,53.537418,-0.743678,-5.126469,92.354834,-0.046773,-0.947757,0.915193,1.34723,1.959226
06-11-25,82.779999,83,82.290001,82.142036,26700,80.893284,77.167726,79.358933,0.250745,-0.068489,0.048986,TRUE,TRUE,-2.191208,0.129751,42.414071,18.516437,65.548268,0.279694,1.19644,-0.006271,7.30395,-0.846019,11.922647,77.657178,2.293288,1.171849,84.044043,1.942153,1.346626,0.834908,1.889557,0.777246,-18.716068,1.126107,-474000,88.028169,-64003203.132391,-1.092012,61.456709,-1.390179,-5.463702,91.740468,-0.055857,-1.123648,0.913733,1.346626,1.485831
06-12-25,82.379997,82.769997,82.25,82.361023,23000,80.987848,77.276425,79.386315,0.23453,-0.060344,0.048592,TRUE,TRUE,-2.10989,0.137184,57.894986,18.756506,66.630769,1.271847,1.191494,-0.008974,9.291044,-0.283625,11.935522,77.813276,2.350311,1.162486,89.491186,1.932674,1.342759,0.836482,1.583882,1.002976,-18.716068,0.963754,-451000,15.577889,-64016381.808095,-1.057953,61.991322,-0.720213,-5.518215,91.801247,-0.040589,-0.824447,0.914594,1.342759,1.534424
06-13-25,82.129997,82.519997,81.690002,81.475105,49700,81.02667,77.356059,79.408575,0.217987,-0.051961,0.048201,TRUE,TRUE,-2.052517,0.144329,25.319008,18.168003,58.607829,-8.976271,1.103368,-0.07768,5.760582,-2.154109,9.717738,47.052216,0.962133,1.079184,89.854077,1.934371,1.356737,0.838853,1.431412,0.699061,-18.716068,1.927104,-500700,343.75,-64091817.864131,-1.114903,53.003789,-2.075106,-6.32035,91.178136,-0.036498,-0.74613,0.915889,1.356737,0.499071
06-16-25,82.230003,82.839996,82.230003,82.251534,17800,81.070468,77.526475,79.43699,0.202235,-0.043355,0.047811,TRUE,TRUE,-1.910515,0.152274,27.433837,17.968264,62.831817,-2.716451,1.083687,-0.077889,5.854362,-0.737585,10.528675,74.011555,1.076452,1.093865,93.696971,1.937076,1.357763,0.837818,1.327664,0.854484,-18.716068,0.681862,-482900,54.782609,-64108361.33592,-1.131257,54.101476,-1.41287,-6.277289,91.770896,-0.026114,-0.531399,0.915324,1.357763,1.260516
06-17-25,82.400002,82.480003,81.889999,81.534836,34400,81.090874,77.769158,79.461772,0.1886,-0.034621,0.047423,TRUE,TRUE,-1.692614,0.158959,19.008346,17.301161,57.04498,-9.585789,0.998745,-0.130264,6.372792,-1.578973,9.710851,49.126195,0.503073,1.095596,94.268592,1.941296,1.361493,0.838543,1.193955,0.714635,-18.716068,1.282625,-517300,71.144279,-64184176.742021,-1.210437,43.905734,-1.02491,-7.348963,91.176398,-0.044264,-0.900813,0.91572,1.361493,0.470954
06-18-25,82.019997,82.389999,81.830002,81.514923,20200,81.177476,78.013833,79.483145,0.176417,-0.025799,0.047037,TRUE,TRUE,-1.469313,0.16764,14.384885,16.596477,56.88821,-1.719619,0.919225,-0.167827,5.148219,-2.001389,8.646975,48.434781,2.170923,1.093697,89.453008,1.929743,1.364518,0.836814,1.098376,0.48015,-18.716068,0.765877,-537500,-30.584192,-64227107.521313,-1.241764,38.85838,-0.718973,-8.296569,91.108469,-0.04171,-0.849374,0.914776,1.364518,0.377234
06-19-25,81.5,81.68,81.139999,81.037125,5700,81.244667,78.269855,79.510082,0.164895,-0.016908,0.046651,TRUE,TRUE,-1.240228,0.175523,7.667282,15.798883,53.11621,-9.715608,0.808333,-0.222976,4.7331,-2.121243,7.81195,25.929274,1.686238,1.061363,82.494477,1.93162,1.365289,0.836811,1.026128,0.385593,-18.716068,0.226146,-543200,-80.412371,-64234979.318032,-1.218232,43.84448,-1.005501,-8.231291,90.756278,-0.046888,-0.953874,0.914774,1.365289,-0.251583
06-20-25,82.190002,82.389999,81.550003,81.355659,27300,81.353167,78.403838,79.539254,0.153439,-0.008006,0.046266,TRUE,TRUE,-1.135416,0.18243,6.60073,15.164789,55.246662,-1.798318,0.73765,-0.234927,4.996565,1.342939,8.108177,11.594625,2.740413,1.089067,66.757413,1.926685,1.364348,0.834819,0.975674,0.582269,-18.716068,1.082474,-515900,1.111111,-64274911.704953,-1.247068,43.779293,-0.968205,-7.16376,91.158754,-0.037896,-0.768254,0.913684,1.364348,0.003733
06-23-25,81.699997,82.529999,81.529999,82.142036,13300,81.455696,78.60551,79.573692,0.142397,0.000929,0.045882,TRUE,TRUE,-0.968181,0.189854,10.584563,14.737373,60.070586,3.182376,0.736596,-0.188785,4.221906,2.373016,9.454073,53.872942,2.560282,1.097062,61.932216,1.928702,1.365296,0.835394,0.935064,0.775308,-18.716068,0.524448,-502600,26.666667,-64271931.503232,-1.200944,44.18344,-0.723369,-7.328996,91.602921,-0.02531,-0.513452,0.913999,1.365296,1.108213
06-24-25,83,83.519997,82.989998,83.087692,24000,81.574649,78.801011,79.619032,0.132576,0.00988,0.0455,TRUE,TRUE,-0.818021,0.195968,22.758762,15.352577,64.961673,11.845463,0.802813,-0.098054,5.315607,2.3888,10.932626,81.835929,2.947713,1.154473,69.243862,1.9134,1.371185,0.832158,1.630214,1.215159,-18.716068,0.918836,-478600,172.727273,-64287083.688411,-1.192895,45.297166,-0.124208,-7.14657,92.150919,-0.022719,-0.460082,0.912227,1.371185,2.185094
06-25-25,83.540001,83.589996,83.290001,83.057823,7700,81.708035,78.984566,79.660222,0.123886,0.01883,0.04512,TRUE,TRUE,-0.675656,0.202325,30.690257,15.988118,64.692124,9.445463,0.843161,-0.046165,6.375512,1.620202,11.229272,78.27862,3.318464,1.109507,70.899423,1.912976,1.368111,0.829976,1.482201,1.138175,-18.716068,0.317853,-486300,-83.114035,-64306702.327306,-1.168945,55.650374,0.928539,-6.456844,92.763266,0.003684,0.074148,0.91103,1.368111,1.903808
06-26-25,83.720001,84.110001,83.629997,83.694893,9500,81.858343,79.183053,79.703116,0.116861,0.027806,0.044743,TRUE,TRUE,-0.520063,0.209941,28.158321,17.042831,67.764435,7.693849,0.915984,0.021326,7.670634,1.270603,11.713934,86.023315,3.725641,1.067741,79.49689,1.914268,1.367617,0.830176,2.055604,1.182342,-18.716068,0.400168,-476800,-50.520833,-64313633.559921,-1.178728,53.13205,1.511175,-7.189619,92.847425,0.003386,0.068135,0.91114,1.367617,2.310216
06-27-25,83.900002,84.480003,83.800003,84.133919,55700,82.036575,79.422771,79.74366,0.111585,0.036758,0.044368,TRUE,TRUE,-0.320889,0.218861,32.485136,18.327538,69.719852,4.758179,0.997623,0.082372,10.427295,2.961742,12.122967,89.638198,4.424322,1.076473,88.522221,1.913373,1.37492,0.831057,2.423464,1.153441,-18.716068,2.32035,-421100,10.515873,-64314630.33426,-1.159067,59.439654,2.677353,-5.507842,93.450605,0.027766,0.560454,0.911623,1.37492,2.369285
06-30-25,84.589996,84.839996,84.339996,84.562973,7300,82.21685,79.669278,79.783829,0.107549,0.045651,0.043996,TRUE,TRUE,-0.114551,0.221739,31.910866,19.802419,71.537006,6.844881,1.084442,0.135353,10.413399,4.631019,12.66511,92.512877,4.453552,1.053218,101.195567,1.797083,1.388151,0.808576,2.791392,2.018008,-18.716068,0.317806,-413800,-73.928571,-64315419.41507,-1.226862,59.061519,2.962373,-5.249136,93.392573,0.015497,0.312891,0.899209,1.388151,2.318405
07-02-25,84.760002,85.010002,84.610001,84.822403,8500,82.384214,79.95223,79.823123,0.10533,0.054439,0.043627,TRUE,TRUE,0.129107,0.217101,38.617779,21.30259,72.607437,4.843001,1.1608,0.169369,10.264876,5.405228,13.324006,95.152479,4.108369,1.027852,115.018386,1.607657,1.415149,0.761605,2.940358,3.272775,-18.716068,0.371991,-405300,-22.018349,-64314892.349896,-1.226931,56.650891,3.186487,-4.057585,93.609603,0.006501,0.131468,0.8727,1.415149,2.119825
07-03-25,85.440002,85.760002,85.410004,85.441032,15800,82.584004,80.214507,79.864719,0.105953,0.063136,0.043263,TRUE,TRUE,0.349788,0.212417,41.959691,23.222623,75.019935,5.300082,1.256746,0.212252,10.25585,6.410295,13.223909,93.095897,4.906104,1.046296,131.388715,1.606932,1.46886,0.784292,3.436146,3.42267,-18.716068,0.693895,-389500,-9.195402,-64327890.885046,-1.146497,63.397353,3.641528,-3.138009,93.643931,-0.042988,-0.914354,0.885603,1.46886,2.174486
07-04-25,85.410004,85.779999,85.18,85.590698,9500,82.814669,80.457678,79.907458,0.109261,0.071683,0.042902,TRUE,TRUE,0.55022,0.205309,62.318295,24.58703,75.580275,4.043269,1.329534,0.228032,16.085507,5.281817,12.949032,95.920247,5.697027,1.025272,141.782965,1.588299,1.496397,0.783598,3.346254,3.743304,-18.716068,0.468673,-380000,-84.033613,-64324385.417299,-1.086144,73.070169,5.294174,-3.487496,93.807966,-0.061168,-1.314195,0.885211,1.496397,1.957943
07-07-25,85.519997,85.519997,84.690002,84.852333,21900,82.964617,80.656817,79.947445,0.114415,0.080003,0.042545,TRUE,TRUE,0.709372,0.206909,39.609588,25.008523,67.532029,-5.075408,1.31251,0.168806,22.264438,4.005211,11.916299,80.007202,3.663823,0.995118,146.849133,1.068121,1.197092,0.600926,3.18801,3.021949,-18.716068,1.090909,-401900,-15.116279,-64337718.994224,-1.045546,64.996639,6.441382,-4.833158,93.135952,-0.036176,-0.851096,0.775194,1.197092,1.28548
07-08-25,85.050003,85.209999,84.889999,84.832375,11100,83.112572,80.844408,79.980712,0.121524,0.088073,0.04219,TRUE,TRUE,0.863696,0.203506,56.182382,25.399908,67.32334,-7.696595,1.282622,0.111135,22.446436,4.990152,11.252067,79.577062,3.614243,0.97579,150.14475,0.952141,1.185428,0.493006,2.935225,4.350517,-18.716068,0.555556,-413000,-14.615385,-64352816.719708,-0.982167,71.13469,5.452841,-3.708725,93.504991,-0.025317,-0.592799,0.702144,1.185428,1.14543
07-09-25,85.32,85.540001,85.139999,85.301338,16200,83.259588,81.038591,80.017015,0.129077,0.095843,0.04184,TRUE,TRUE,1.021576,0.202287,59.926826,26.066191,69.693217,-5.887058,1.281999,0.088409,25.009247,5.596494,11.780203,89.684038,3.570032,0.958071,156.652726,0.933354,1.351989,0.501256,2.646506,4.101396,-18.716068,0.799408,-396800,54.285714,-64355948.326262,-0.963666,79.176478,5.91017,-2.627868,93.813364,-0.03854,-0.928167,0.707994,1.351989,1.303361
07-10-25,85.57,85.889999,85.370003,85.540817,11000,83.429527,81.231194,80.05343,0.136815,0.10329,0.041493,TRUE,TRUE,1.177764,0.201757,74.07294,26.98854,70.855618,3.323589,1.286005,0.073932,14.579228,5.724031,11.978038,91.991237,4.137688,0.959452,162.227336,0.930893,1.387712,0.505081,2.232153,3.972064,-18.716068,0.564682,-385800,-58.801498,-64359721.511701,-0.915088,81.980428,0.764706,-2.976517,93.615369,-0.040821,-0.989508,0.71069,1.387712,1.301439
07-11-25,85.360001,85.550003,85.190002,85.221519,10800,83.572552,81.415419,80.087605,0.144275,0.11036,0.041151,TRUE,TRUE,1.327814,0.19987,63.574429,27.49938,67.157153,-0.166187,1.249017,0.029556,18.267239,7.036944,10.530808,84.667894,3.473119,0.879829,164.89879,0.932971,1.453456,0.543385,1.801949,3.899394,-18.716068,0.572337,-396600,-53.043478,-64368630.493179,-0.933356,75.811335,1.414888,-2.876991,93.564189,-0.029193,-0.735078,0.737147,1.453456,0.999988
07-14-25,85.440002,85.610001,85.199997,85.371185,13500,83.767356,81.593878,80.12327,0.151245,0.117016,0.040813,TRUE,TRUE,1.470608,0.194841,59.314324,28.031798,68.000302,-1.692914,1.217743,-0.001374,16.44808,7.011408,11.568392,82.109868,4.781927,0.814335,161.800543,0.876153,1.384524,0.56678,1.446405,4.869473,-18.716068,0.791325,-383100,-72.837022,-64370857.214429,-0.817818,75.890119,1.546129,-4.461994,93.08732,0.006242,0.171818,0.752848,1.384524,0.991239
07-15-25,86,86,85.220001,85.031937,24700,83.906376,81.743056,80.155213,0.156771,0.123229,0.040478,TRUE,TRUE,1.587843,0.188674,40.189248,28.895723,63.990183,-6.865435,1.152301,-0.053453,15.094572,6.493376,10.682027,64.278093,3.380366,0.767354,160.025994,0.880349,1.365596,0.571604,1.229499,4.68952,-18.716068,1.419132,-407800,38.764045,-64407467.989499,-0.859255,76.034,2.150506,-4.182767,93.310142,0.025774,0.710062,0.756045,1.365596,0.703361
07-16-25,85.360001,85.540001,84.699997,85.281387,26900,84.093703,81.906579,80.189344,0.16103,0.129051,0.040146,TRUE,TRUE,1.717235,0.179555,43.967378,28.672015,65.596744,-1.560409,1.107797,-0.078366,15.60355,4.837316,10.551779,69.678825,4.595032,0.793394,152.557888,0.820036,1.270959,0.546368,0.946293,5.827084,-18.716068,1.579565,-380900,-21.802326,-64397131.495734,-0.625234,66.826237,3.041905,-5.460896,93.080371,0.058753,1.68868,0.739167,1.270959,0.778514
07-17-25,85.720001,86.029999,85.720001,85.780281,5700,84.306971,82.093021,80.224336,0.165188,0.134501,0.039819,TRUE,TRUE,1.868685,0.173243,42.393449,28.963868,68.612784,0.612482,1.100101,-0.068849,18.894842,5.682797,10.490958,88.801875,5.23261,0.763502,144.195043,0.776899,1.17465,0.484543,0.913461,5.553633,-18.716068,0.349586,-375200,-71.782178,-64400614.735545,-0.532068,66.324269,5.08728,-5.450194,92.650575,0.057489,1.636143,0.696091,1.17465,1.021748
07-18-25,86.089996,86.139999,85.82,85.780281,11100,84.544129,82.271699,80.262695,0.169089,0.139571,0.039495,TRUE,TRUE,2.009004,0.168057,36.748317,29.341839,68.612784,4.622601,1.081536,-0.069932,18.747397,4.607928,12.030698,80.015683,5.853066,0.72808,125.360673,0.76043,1.131606,0.475577,0.755841,5.14239,-18.716068,0.669683,-375200,94.736842,-64414470.217985,-0.541451,58.728523,5.874484,-5.019101,93.010726,0.058973,1.700028,0.689621,1.131606,0.986076
07-21-25,86.160004,86.480003,86.07,85.900009,9200,84.771347,82.44421,80.301455,0.172987,0.144243,0.039174,TRUE,TRUE,2.142756,0.164861,32.057248,30.016906,69.360399,3.763655,1.064216,-0.069802,21.54262,3.142917,13.091823,68.984313,5.585782,0.726537,103.8688,0.725799,1.072693,0.444552,0.768271,4.712246,-18.716068,0.587109,-366000,-66.300366,-64431298.993572,-0.499002,59.160712,8.009935,-6.117281,93.208485,0.058215,1.708426,0.666748,1.072693,1.086623
07-22-25,85.790001,86.190002,85.790001,85.949905,12800,84.96174,82.61772,80.341603,0.176085,0.148555,0.038856,TRUE,TRUE,2.276117,0.162079,28.463352,30.071965,69.684475,1.071691,1.042498,-0.073215,18.834827,3.971337,13.928085,70.385604,4.635713,0.722207,86.600467,0.72298,1.081597,0.454525,0.738766,4.479506,-18.716068,0.818153,-353200,-3.759398,-64433865.145892,-0.517525,53.632959,6.740601,-4.874203,93.081577,0.041835,1.243728,0.674185,1.081597,1.141062
07-23-25,86.260002,86.75,86.239998,86.558563,8300,85.135284,82.752636,80.381031,0.178267,0.152459,0.038542,TRUE,TRUE,2.371605,0.159949,28.282819,30.669369,73.382883,4.770099,1.062157,-0.042845,17.875625,4.057721,13.589473,90.706942,4.177359,0.705782,81.70795,0.725701,1.088048,0.453895,1.332308,4.653549,-18.716068,0.558546,-344900,-65.416667,-64431796.198893,-0.48692,51.84988,6.281379,-4.917906,93.604457,0.05457,1.615311,0.673717,1.088048,1.741911
07-24-25,86.830002,87.040001,86.82,86.628403,13400,85.313813,82.879194,80.424571,0.179751,0.156016,0.038231,TRUE,TRUE,2.454622,0.157863,26.804063,31.479363,73.778181,4.417782,1.071026,-0.027181,15.665874,3.646821,13.947038,82.485171,4.298908,0.695437,72.405545,0.7255,1.085784,0.452954,1.368691,4.530592,-18.716068,0.88478,-331500,74.025974,-64468536.065727,-0.534281,57.684311,5.332666,-4.548909,93.793614,0.058631,1.734517,0.673019,1.085784,1.815593
07-25-25,86.82,87.260002,86.82,86.997589,12800,85.478947,83.009751,80.465897,0.180546,0.159278,0.037925,TRUE,TRUE,2.543854,0.155956,61.253374,32.419045,75.82231,6.137834,1.09522,-0.00239,15.300647,4.373721,17.173527,89.749512,3.946114,0.670392,71.191667,0.725867,1.092601,0.456343,1.622422,4.635847,-18.716068,0.836055,-318700,34.736842,-64471003.647916,-0.513945,67.29876,4.432107,-4.1784,93.738523,0.049361,1.464068,0.675532,1.092601,2.133173
07-28-25,87.360001,87.360001,87.029999,86.917763,10300,85.61814,83.134133,80.50405,0.180698,0.162191,0.037623,TRUE,TRUE,2.630082,0.154049,58.54323,33.377352,74.470502,1.087619,1.095326,-0.001827,14.982482,5.764564,17.582355,83.37454,3.308825,0.671397,70.722882,0.725556,1.093007,0.46389,1.480004,4.394256,-18.716068,0.789877,-329000,-81.508079,-64488309.857746,-0.665949,73.089775,4.903318,-2.66922,93.924618,0.043439,1.298017,0.681095,1.093007,1.837627
07-29-25,87.290001,87.419998,86.900002,86.768097,10100,85.728396,83.241983,80.542049,0.179887,0.164808,0.037324,TRUE,TRUE,2.699934,0.153222,45.23074,33.960322,71.882859,-1.895322,1.070988,-0.020932,14.302835,4.671931,16.18421,76.033053,2.607671,0.65711,70.59587,0.708203,1.055171,0.432684,1.387025,3.887918,-18.716068,0.766313,-339100,38.356164,-64503533.877289,-0.713636,66.555383,4.287334,-3.513291,93.446123,0.03235,0.962715,0.657787,1.055171,1.472751
07-30-25,87.120003,87.269997,86.5,86.618423,8200,85.818197,83.351817,80.577121,0.17772,0.16709,0.037029,TRUE,TRUE,2.774696,0.150846,34.176842,33.602462,69.289894,-6.532416,1.027775,-0.051316,13.956246,4.994407,15.738782,70.530355,2.117389,0.673199,69.884181,0.702193,1.024482,0.424277,1.318,4.083442,-18.716068,0.622864,-347300,-3.529412,-64509211.600351,-0.738015,61.399289,4.237906,-2.393814,93.760066,0.048274,1.438291,0.651366,1.024482,1.145075
07-31-25,87.459999,87.550003,86.400002,86.428848,14400,85.867588,83.484736,80.610849,0.17425,0.169126,0.036738,TRUE,TRUE,2.873888,0.146534,39.934035,33.589055,66.040495,-8.430007,0.967083,-0.089606,13.055388,4.125495,16.113973,60.66132,1.156138,0.739964,70.56565,0.691167,1.003098,0.423523,1.212416,4.386023,-18.716068,1.099656,-361700,-8.860759,-64522889.178585,-0.744552,60.108832,3.682994,-1.593805,93.850775,0.063904,1.933115,0.650787,1.003098,0.795374
08-01-25,85.510002,85.510002,84.860001,84.92218,20900,85.834162,83.589314,80.635508,0.169006,0.170869,0.036448,TRUE,TRUE,2.953806,0.139855,-10.250533,31.387789,47.125385,-24.757475,0.788322,-0.214694,9.473806,2.851647,12.271762,7.795886,-0.781064,0.850564,73.469838,0.734303,1.085691,0.473979,1.275467,3.317323,-18.716068,1.529455,-382600,120,-64539790.56361,-0.788164,50.699333,2.184841,-2.858598,93.1439,0.04552,1.356831,0.688461,1.085691,-1.241301
08-05-25,86.330002,86.550003,85.839996,85.710434,10900,85.877067,83.71981,80.664207,0.162203,0.17233,0.036162,TRUE,TRUE,3.055602,0.134745,14.049555,30.157311,54.472335,-14.817559,0.702163,-0.240682,11.160367,4.56074,14.950433,35.453854,1.011287,0.913397,69.850806,0.739172,0.938747,0.441915,1.19102,3.428339,-18.716068,0.831109,-371700,-50.228311,-64554668.638442,-0.827105,46.866773,1.448355,-4.59593,92.173597,0.044264,1.272488,0.664767,0.938747,-0.238555
08-06-25,86.010002,86.620003,85.970001,86.36898,11500,85.953897,83.84536,80.694615,0.154453,0.173592,0.035881,TRUE,TRUE,3.150745,0.130247,20.761889,29.087085,59.531533,-6.508962,0.679192,-0.210923,12.962365,4.591344,18.086798,56.095852,1.811344,0.912185,66.105561,0.742727,0.882093,0.434184,1.08529,3.685629,-18.716068,0.875523,-360200,3.603604,-64552050.946505,-0.75841,58.488296,1.326812,-6.418977,91.449456,0.045404,1.290111,0.658926,0.882093,0.62791
08-07-25,87.080002,87.129997,86.129997,86.209335,16900,85.999297,83.955374,80.725066,0.145401,0.174565,0.035604,TRUE,TRUE,3.230308,0.129283,8.757707,28.606794,57.853164,10.72778,0.640719,-0.199516,12.183965,4.035245,20.157086,50.161096,1.064458,0.934703,64.486182,0.622968,0.75691,0.461652,1.047208,2.920587,-18.716068,1.283219,-377100,4.320988,-64566269.319613,-0.798485,61.224775,2.203462,-4.917671,92.00072,0.029188,1.013691,0.67945,0.75691,0.325711
08-08-25,86.75,87.260002,86.75,87.017548,5700,86.073133,84.087923,80.759459,0.135967,0.175249,0.035332,TRUE,TRUE,3.328464,0.130116,21.678383,28.286896,63.468349,8.996014,0.667748,-0.13799,12.608464,4.709481,22.226087,80.206135,1.726346,0.982738,67.350938,0.628635,0.747856,0.442624,0.995338,3.031617,-18.716068,0.441689,-371400,-48.181818,-64565988.868732,-0.799176,59.983118,3.114099,-4.355501,92.863227,0.039043,1.320601,0.6653,0.747856,1.402229
08-11-25,87.239998,87.379997,86.940002,86.788055,20100,86.15146,84.20991,80.796667,0.125935,0.175679,0.035064,TRUE,TRUE,3.413243,0.130485,15.266032,28.10962,60.983838,1.452305,0.663008,-0.114184,12.31148,5.32679,19.174915,71.674835,1.838193,0.963961,66.021719,0.630659,0.749686,0.440682,0.936939,2.822839,-18.716068,1.503366,-391500,86.111111,-64599971.464838,-0.865149,62.493971,2.968261,-4.265208,92.529814,0.034188,1.150683,0.663839,0.749686,0.964221
08-12-25,87.349998,87.93,87.160004,87.696045,11000,86.267703,84.352445,80.837424,0.116761,0.17585,0.034802,TRUE,TRUE,3.515021,0.132381,26.158485,28.466287,66.561235,8.708071,0.72417,-0.042417,9.877235,5.778687,19.755615,92.379303,2.723237,1.014412,71.776378,0.641437,0.778893,0.445008,1.494518,3.089591,-18.716068,0.830502,-380500,-18.518519,-64595655.933503,-0.848617,69.436,1.155419,-3.25109,93.18621,0.050826,1.688469,0.667089,0.778893,1.989989
08-13-25,88.269997,88.300003,87.940002,88.005356,12100,86.416374,84.493402,80.879975,0.108146,0.175776,0.034544,TRUE,TRUE,3.613427,0.135541,22.691636,29.115336,68.227476,4.759127,0.788511,0.017539,9.595009,6.075548,20.307845,91.43468,3.496826,0.994927,75.528902,0.635513,0.775132,0.449038,1.751504,2.916028,-18.716068,0.959176,-368400,-51.012146,-64603362.740606,-0.776436,70.123381,0.867943,-3.127972,93.27061,0.043046,1.44861,0.670103,0.775132,2.103806
08-14-25,87.839996,88.309998,87.839996,88.065231,9500,86.555566,84.625205,80.921637,0.100703,0.17545,0.034292,TRUE,TRUE,3.703568,0.13801,22.570632,29.531397,68.554132,7.570294,0.834711,0.050991,9.438949,6.45348,18.312393,92.90532,3.264304,0.993323,79.079619,0.632969,0.773281,0.454126,1.757159,3.084011,-18.716068,0.808855,-358900,-64.684015,-64603757.520166,-0.879634,63.949548,1.409511,-2.886154,93.600793,0.056093,1.904046,0.673888,0.773281,1.909044
08-15-25,88.300003,88.339996,87.919998,87.805801,15100,86.656842,84.752416,80.961457,0.094372,0.17479,0.034045,TRUE,TRUE,3.790959,0.13739,12.918654,29.946082,65.415955,-1.14528,0.840701,0.045584,8.80699,5.068011,17.604798,84.649552,2.361289,0.979044,81.559462,0.590494,0.713361,0.413543,1.728822,3.916037,-18.716068,1.236185,-374000,164.912281,-64627068.84805,-0.926951,55.79553,1.813121,-3.522563,93.369532,0.073786,2.590263,0.643073,0.713361,1.408738
08-18-25,87.989998,88.059998,87.849998,87.785851,5300,86.757121,84.888585,81.002416,0.089685,0.173781,0.033803,TRUE,TRUE,3.886169,0.13614,14.009801,30.185232,65.16889,-3.058586,0.834221,0.031284,7.877409,5.031653,15.664891,84.07625,2.338031,0.970462,82.538289,0.589902,0.715276,0.417025,1.695508,3.960135,-18.716068,0.444444,-379300,-52.252252,-64635606.80627,-0.927197,51.394591,1.179162,-4.454742,93.370571,0.077528,2.732448,0.645775,0.715276,1.246367
08-19-25,87.900002,88.019997,87.349998,87.296928,12000,86.826967,84.997456,81.048556,0.086255,0.172434,0.033566,TRUE,TRUE,3.9489,0.132778,8.09162,29.416823,59.261916,-9.292215,0.780635,-0.017842,7.605657,4.297999,14.811454,70.026747,1.626215,0.988171,80.795596,0.58815,0.714197,0.418199,1.665577,4.007954,-18.716068,0.994613,-391300,30.434783,-64649507.828839,-0.904305,50.809873,1.225453,-4.383157,92.916971,0.078929,2.792927,0.646683,0.714197,0.581667
08-20-25,87.519997,87.519997,86.580002,87.057457,17800,86.882344,85.10114,81.091915,0.083531,0.170752,0.033334,TRUE,TRUE,4.009225,0.130108,6.626577,27.448091,56.557856,-8.858099,0.710652,-0.07026,9.117943,3.70435,13.435245,63.145375,1.288601,1.004837,78.222419,0.576499,0.689485,0.396509,1.635511,3.438076,-18.39757,1.445392,-409100,39.0625,-64649225.385471,-0.874382,48.137138,1.398438,-5.459175,92.441619,0.064039,2.269911,0.629689,0.689485,0.223865
08-21-25,87.110001,87.220001,86.739998,86.758118,11700,86.892322,85.189082,81.134965,0.080803,0.168795,0.033106,TRUE,TRUE,4.054117,0.127607,4.888852,25.619982,53.284904,-11.883986,0.623845,-0.125653,8.865,3.752724,13.234726,54.543661,0.230543,0.953142,77.914346,0.573808,0.664112,0.364321,1.60799,2.940354,-17.038185,0.937125,-420800,40.963855,-64660042.050813,-0.91408,48.851856,0.806667,-6.407613,91.665757,0.051477,1.786181,0.60359,0.664112,-0.172246
08-22-25,87.120003,88.400002,87.120003,88.065231,21700,86.964164,85.307546,81.179598,0.079277,0.166607,0.032883,TRUE,TRUE,4.127947,0.126372,48.091587,25.375739,63.278131,4.016214,0.652996,-0.077202,11.21363,7.070299,14.586114,86.923065,1.658611,0.944919,81.876237,0.59682,0.702541,0.392169,1.294523,3.669833,-16.564816,1.682171,-399100,61.940299,-64649692.863822,-0.702158,60.506673,2.073848,-5.55514,92.195574,0.068855,2.34908,0.626234,0.702541,1.344795
08-25-25,88,88.18,87.879997,87.686066,6700,86.998587,85.414046,81.212728,0.078368,0.164154,0.032664,TRUE,TRUE,4.201318,0.124595,32.247499,25.148942,59.314359,2.756503,0.638146,-0.073641,9.482404,7.217605,15.128773,70.619927,0.791374,0.840842,83.456228,0.600832,0.715187,0.411272,1.085507,3.29217,-16.178115,0.531957,-405800,-47.65625,-64665055.052927,-0.770351,59.61659,1.833104,-4.694507,92.383749,0.058503,2.01452,0.641305,0.715187,0.823759
08-26-25,87.879997,88.220001,87.739998,88.025314,15700,87.053965,85.545051,81.244236,0.078163,0.161423,0.032451,TRUE,TRUE,4.300814,0.122783,28.522237,24.696268,61.630248,8.345344,0.646302,-0.052388,9.065549,8.131269,14.10878,83.493987,1.274252,0.80712,86.510395,0.600447,0.706741,0.409426,0.955759,3.529984,-16.157661,1.220365,-390100,52.427184,-64662090.731223,-0.675402,60.60655,1.475952,-4.260815,92.067331,0.058278,2.004896,0.639864,0.706741,1.122812
08-27-25,88.239998,88.480003,88.010002,88.264786,5900,87.128799,85.665316,81.275357,0.078609,0.158606,0.032241,TRUE,TRUE,4.389958,0.121607,34.915114,24.580692,63.221683,-0.056448,0.66443,-0.027408,9.795583,8.451896,14.801489,88.672768,1.72493,0.76204,90.297912,0.599087,0.714312,0.408378,0.943219,3.445345,-16.137198,0.466219,-384200,-41.584158,-64661594.052436,-0.624497,58.122241,1.803593,-3.91775,91.927448,0.059291,2.042564,0.639045,0.714312,1.258043
08-28-25,88.300003,88.739998,88.279999,88.484299,10600,87.222093,85.804305,81.307477,0.0797,0.155929,0.032037,TRUE,TRUE,4.496828,0.121262,27.68346,24.767667,64.668306,5.353947,0.688572,-0.002613,9.661298,10.459979,14.880321,88.162054,2.154132,0.713696,94.29761,0.595747,0.718974,0.418573,1.06141,3.291164,-16.137198,0.829746,-373600,29.268293,-64662778.471854,-0.601045,59.327495,1.523626,-2.572439,92.264436,0.05242,1.831842,0.646972,0.718974,1.338534
08-29-25,88.440002,88.480003,87.989998,87.875648,5400,87.294433,85.931519,81.337642,0.080493,0.153378,0.031837,TRUE,TRUE,4.593877,0.11948,19.156359,24.392056,57.87128,-3.758968,0.651086,-0.032079,9.068437,8.000112,14.767288,59.983752,1.673978,0.723054,93.437595,0.60487,0.697205,0.379132,0.947573,2.956677,-14.562945,0.438134,-379000,-62.5,-64670698.796956,-0.599633,52.273964,0.182837,-4.315334,91.115495,0.032682,1.088555,0.615737,0.697205,0.622036
09-02-25,87.199997,87.5,86.839996,87.266991,13200,87.411674,86.056117,81.364319,0.080288,0.150987,0.031641,TRUE,TRUE,4.691798,0.115549,-7.977773,23.007811,51.986769,-11.234914,0.565743,-0.093938,7.793598,9.265376,13.957665,31.805097,2.761128,0.719396,74.996041,0.607386,0.695353,0.373682,0.988129,2.892944,-14.445962,1.105528,-392200,-36.842105,-64666819.118776,-0.531945,44.838576,-0.212106,-4.783912,90.420953,0.030154,0.995815,0.611295,0.695353,-0.192921
09-03-25,87.760002,88.019997,87.529999,87.686066,9700,87.510455,86.182725,81.395765,0.079798,0.148475,0.031449,TRUE,TRUE,4.78696,0.11344,-5.818092,21.687734,55.352992,-9.315314,0.525862,-0.107055,7.623139,11.060296,13.52362,51.206753,2.305007,0.7281,63.545632,0.596214,0.686514,0.379513,1.006778,2.680217,-14.445962,0.816498,-382500,-11.009174,-64670340.11683,-0.486833,43.996563,-1.021594,-5.729107,90.411465,0.020065,0.678214,0.616047,0.686514,0.276353
09-04-25,88.080002,88.660004,87.949997,88.464348,7200,87.615224,86.309171,81.436154,0.079563,0.146006,0.031263,TRUE,TRUE,4.873017,0.112317,6.430838,21.194814,60.843537,2.972256,0.550709,-0.065766,8.618188,10.916227,16.939427,87.238401,2.426065,0.762383,60.956014,0.604312,0.705224,0.389919,0.998807,3.022247,-13.509233,0.617231,-375300,-37.391304,-64667108.310078,-0.493173,49.222251,-1.177249,-5.298618,90.644771,0.020606,0.693002,0.624435,0.705224,1.393011
09-05-25,88.93,89.059998,87.919998,88.174988,9200,87.713506,86.410917,81.47371,0.07895,0.143517,0.031081,TRUE,TRUE,4.937207,0.11118,5.920034,21.14766,57.988253,6.001484,0.540817,-0.060526,8.888399,12.500095,16.755146,64.314061,2.280092,0.823211,52.331594,0.604025,0.696864,0.381392,0.982011,2.619467,-13.509233,0.815603,-384500,-45.56213,-64672192.685872,-0.469518,57.217983,-1.26228,-5.371287,90.056902,0.005994,0.200291,0.617569,0.696864,0.881841
09-08-25,88.57,88.75,88.449997,88.374542,9600,87.781356,86.517251,81.510876,0.077894,0.140996,0.030904,TRUE,TRUE,5.006375,0.109676,9.17562,21.103874,59.403181,4.050189,0.542823,-0.046817,7.966894,12.016814,17.43418,72.360625,1.559449,0.847282,51.625525,0.602096,0.700448,0.388022,0.959656,2.844143,-13.509233,0.836601,-374900,68.421053,-64686621.738311,-0.525633,61.807414,-1.642454,-4.842293,90.364797,0.019672,0.663,0.622914,0.700448,1.149017
09-09-25,88.57,88.849998,88.440002,88.604042,12500,87.872155,86.615434,81.54924,0.076804,0.138468,0.030731,TRUE,TRUE,5.066194,0.108573,21.231777,21.172095,61.028779,0.185243,0.556516,-0.026499,8.220956,15.431019,19.703573,81.614666,2.092438,0.829404,49.146108,0.602069,0.700038,0.387543,0.991915,2.841237,-13.509233,1.126634,-362400,-37.810945,-64689119.226169,-0.401747,69.586443,-1.899568,-3.198422,90.474275,0.020339,0.685253,0.622529,0.700038,1.489206
09-10-25,89.199997,89.379997,88.900002,88.873444,20700,87.931025,86.710225,81.586574,0.075802,0.136037,0.030563,TRUE,TRUE,5.123651,0.106063,29.354817,21.784826,62.906461,4.918208,0.582393,-0.000498,7.907163,16.778921,18.783295,80.812357,1.34259,0.813706,53.760657,0.581484,0.673235,0.377553,1.114769,3.569585,-13.509233,1.787565,-341700,88.181818,-64712109.867362,-0.502824,81.225352,-2.187224,-3.185797,90.520039,0.039963,1.382824,0.614453,0.673235,1.752989
09-11-25,89.379997,89.900002,89.349998,89.651718,25600,88.013343,86.812,81.626263,0.075823,0.133749,0.030401,TRUE,TRUE,5.185736,0.105734,43.413115,22.827591,67.741882,8.338701,0.658115,0.060179,9.142313,17.114012,19.350681,91.886178,1.870752,0.850188,66.138328,0.579751,0.678665,0.395076,1.684855,3.544999,-13.509233,2.088943,-316100,111.570248,-64709622.665253,-0.433537,89.407571,-1.392922,-3.031298,90.58439,0.032124,1.130923,0.628551,0.678665,2.477194
09-12-25,89.790001,90.019997,89.739998,89.631767,24100,88.09167,86.908187,81.664665,0.076759,0.131695,0.030243,TRUE,TRUE,5.243522,0.103746,29.128027,23.900055,67.498971,6.470192,0.708349,0.088331,8.827895,18.939143,17.897527,87.79153,1.778836,0.748882,75.411261,0.56468,0.651779,0.390018,1.617124,4.037444,-13.509233,1.855988,-340200,153.684211,-64752353.869613,-0.572185,89.582238,-0.958531,-1.838284,90.999743,0.053515,1.926264,0.624514,0.651779,2.042264
09-15-25,90.160004,90.25,90.050003,90.050835,20100,88.203922,87.000383,81.702884,0.078587,0.129832,0.030091,TRUE,TRUE,5.297499,0.101961,43.646474,25.09654,69.937467,7.031006,0.773064,0.122437,10.525582,16.8925,17.668869,94.15938,2.556817,0.770639,86.783537,0.565536,0.652225,0.39237,1.888293,4.261495,-13.509233,1.5187,-320100,33.112583,-64772286.714658,-0.548613,90.338455,-0.307098,-2.624684,90.925497,0.056213,2.024202,0.626394,0.652225,2.128183
09-16-25,90.349998,90.349998,90.029999,89.941078,10000,88.311683,87.087391,81.742188,0.081213,0.128117,0.029944,TRUE,TRUE,5.345203,0.098713,36.923165,26.295396,68.488124,0.746242,0.806202,0.124459,9.348816,15.750492,16.861618,88.349856,2.455097,0.754589,94.36855,0.558175,0.641008,0.39084,1.790343,4.537754,-13.509233,0.74239,-330100,88.679245,-64787844.257037,-0.565098,84.546386,-0.824225,-2.42908,91.084341,0.06689,2.437395,0.625172,0.641008,1.726629
09-17-25,90.150002,90.360001,89.370003,89.721565,44800,88.432915,87.184775,81.777621,0.084335,0.126482,0.029802,TRUE,TRUE,5.407154,0.095149,28.185424,26.107745,65.561772,-1.937199,0.805465,0.098979,10.040775,17.053445,16.337472,81.862654,2.77746,0.797833,96.202639,0.560022,0.647267,0.394926,1.712861,4.221783,-13.509233,2.964924,-374900,273.333333,-64800826.006561,-0.500722,67.01273,-0.481603,-1.645049,90.779095,0.053684,1.956315,0.628431,0.647267,1.339516
09-18-25,90.449997,90.739998,90.190002,90.250389,37700,88.592562,87.293136,81.8155,0.088197,0.124935,0.029667,TRUE,TRUE,5.477635,0.093321,32.240475,26.335458,68.998389,-0.939078,0.837895,0.105126,10.716401,16.416324,17.143229,87.445934,3.667615,0.836151,98.638059,0.552941,0.640669,0.396919,1.822952,4.095366,-13.509233,2.340888,-337200,111.797753,-64830247.475856,-0.562006,70.66095,-0.280006,-1.092456,90.878633,0.048507,1.793241,0.630015,0.640669,1.680718
09-19-25,90.809998,90.919998,90.449997,90.719353,20100,88.790623,87.401496,81.855328,0.092474,0.123499,0.029537,TRUE,TRUE,5.546168,0.093413,53.271039,26.729953,71.695839,3.207715,0.891164,0.126717,11.947892,17.246498,18.039525,95.082222,4.565838,0.845632,99.629504,0.539572,0.617492,0.399176,2.096636,3.887128,-13.509233,1.216339,-317100,71.794872,-64827309.020561,-0.506103,74.339705,-0.382796,-1.5304,90.447003,0.037333,1.416999,0.631804,0.617492,1.935902
09-22-25,90.559998,91.370003,90.559998,91.108498,8800,88.942787,87.51285,81.896904,0.097205,0.122186,0.029413,TRUE,TRUE,5.615946,0.093669,75.048963,27.529008,73.737842,8.17607,0.953787,0.151471,11.987904,17.583452,16.538404,93.189978,3.455696,0.82433,110.603002,0.540223,0.637255,0.408168,2.188278,4.110128,-13.509233,0.554156,-308300,-59.447005,-64824191.070877,-0.549428,78.888777,-0.980441,-2.123195,90.367597,0.028656,1.094576,0.63888,0.637255,1.958094
09-23-25,91.389999,91.389999,90.690002,90.599625,15900,89.088465,87.620412,81.933558,0.101585,0.120974,0.029296,TRUE,TRUE,5.686854,0.093722,55.938912,28.289775,66.937108,-2.061281,0.951386,0.119257,10.296297,14.952903,16.092886,77.222638,3.322716,0.82478,112.352987,0.541903,0.639394,0.412395,1.95011,3.450207,-13.509233,0.973072,-324200,137.313433,-64844196.823465,-0.548169,73.371814,-1.632668,-2.511257,90.266741,0.018105,0.6919,0.64218,0.639394,1.345011
09-24-25,91.029999,91.029999,90.419998,90.340195,12700,89.204209,87.719792,81.969559,0.10535,0.119836,0.029186,TRUE,TRUE,5.750233,0.093711,40.000033,28.423441,63.711026,-7.984813,0.917969,0.068671,8.728733,14.508325,15.438944,69.746273,2.629789,0.798374,112.747211,0.542101,0.653546,0.430699,1.803357,3.053184,-12.607367,0.784435,-336900,-19.10828,-64860219.784168,-0.611887,69.223947,-2.438203,-2.705886,90.129791,0.002148,0.08336,0.656277,0.653546,1.007551
09-25-25,90.110001,90.260002,89.75,89.841301,16500,89.283035,87.815979,82.001976,0.10819,0.118702,0.02908,TRUE,TRUE,5.814004,0.093265,34.012312,27.299355,57.929036,-15.808807,0.841528,-0.006216,8.167175,15.063386,14.613347,47.501694,1.78612,0.759095,111.335847,0.546481,0.65939,0.431021,1.627811,2.514453,-12.216677,0.986842,-353400,179.661017,-64870812.099455,-0.625652,64.135233,-3.551999,-2.741101,89.813951,-0.008094,-0.31171,0.656522,0.65939,0.501426
09-26-25,90.190002,90.68,90.129997,90.429993,17400,89.380319,87.918951,82.039911,0.110653,0.117628,0.028979,TRUE,TRUE,5.87904,0.09393,38.868002,26.773843,62.279223,-4.657885,0.819009,-0.022987,8.047205,16.335111,15.582852,67.457366,2.198914,0.774981,112.48397,0.550526,0.653476,0.417777,1.430454,2.663446,-11.946047,1.01993,-336000,64.150943,-64869230.676234,-0.605077,65.139561,-2.897152,-1.442819,90.422848,-0.000241,-0.009105,0.646356,0.653476,0.933176
09-29-25,90.879997,90.879997,90.440002,90.68,18900,89.520537,88.016946,82.080335,0.113016,0.116663,0.028884,TRUE,TRUE,5.936611,0.095741,39.104154,26.519603,63.982514,0.271488,0.811977,-0.024016,7.78055,19.019146,15.305432,71.485956,3.191273,0.77084,110.195854,0.544943,0.637544,0.407788,1.2338,2.470867,-11.946047,1.065689,-317100,250,-64867512.43483,-0.554874,65.938266,-4.153647,-1.589886,89.982846,-0.005934,-0.22464,0.638583,0.637544,1.052184
09-30-25,90.489998,91.029999,90.400002,91.029999,12600,89.708687,88.12194,82.119141,0.11657,0.115814,0.028794,TRUE,TRUE,6.002799,0.098089,40.014836,26.458811,66.278221,8.349185,0.825134,-0.008687,7.647586,18.857358,16.028123,82.352919,4.312064,0.756423,101.473185,0.54611,0.639767,0.408245,1.045432,2.567717,-11.946047,0.711663,-304500,-4.545455,-64854912.43483,-0.531187,65.013166,-3.873713,-0.973421,90.148565,-0.004941,-0.186697,0.638941,0.639767,1.302129
10-01-25,90.690002,91.410004,90.620003,91.370003,12100,89.892884,88.23134,82.161677,0.120861,0.115083,0.028711,TRUE,TRUE,6.069663,0.099441,34.704979,26.828171,68.386272,6.107049,0.853162,0.015473,7.719187,18.776427,15.97831,98.039172,4.20128,0.735115,96.120362,0.532154,0.625953,0.409175,1.196495,3.249652,-11.946047,0.678822,-292400,24.742268,-64844037.777911,-0.48723,63.314253,-3.943411,-0.790083,90.303741,0.014384,0.558248,0.639668,0.625953,1.536739
10-02-25,91.550003,91.550003,91.099998,91.389999,10100,90.039167,88.340142,82.204413,0.125314,0.114477,0.028634,TRUE,TRUE,6.135729,0.100429,35.511488,27.321749,68.510949,4.528435,0.866993,0.023443,6.962658,17.932587,17.003983,92.660383,3.307153,0.741342,95.495942,0.531972,0.634022,0.411448,1.101421,3.273349,-7.452405,0.562048,-282300,40.277778,-64841120.091459,-0.484173,61.359864,-4.105148,-0.481601,90.182782,0.007651,0.297596,0.641442,0.634022,1.414545
10-03-25,91.5,91.860001,91.449997,91.449997,12700,90.202917,88.43797,82.245764,0.130013,0.113882,0.028563,TRUE,TRUE,6.192206,0.101946,30.468936,28.104279,68.907167,2.628946,0.872736,0.023349,6.845719,24.032394,17.02145,83.533975,3.714216,0.729278,89.754042,0.52905,0.591608,0.385641,1.082355,3.047799,-5.333327,0.699917,-269600,38.043478,-64853820.091459,-0.500489,60.254359,-5.606421,-0.55483,89.13107,-0.002678,-0.102521,0.621,0.591608,1.389441
10-06-25,91.730003,91.82,91.470001,91.739998,13700,90.37119,88.540202,82.290497,0.134443,0.113291,0.028497,TRUE,TRUE,6.249705,0.104003,37.694718,28.830915,70.818483,2.432211,0.890423,0.032829,8.117237,32.188931,17.735736,95.180608,3.808173,0.730866,85.098536,0.529261,0.589728,0.381453,1.245758,3.064765,-5.333327,0.746594,-255900,42.708333,-64846383.119252,-0.435317,64.783167,-4.575117,1.665204,89.354791,0.002506,0.095558,0.617619,0.589728,1.608498
10-07-25,91.739998,91.739998,91.279999,91.32,9200,90.506988,88.626651,82.345709,0.138353,0.11268,0.028438,TRUE,TRUE,6.280941,0.104485,32.143394,29.047048,64.62278,-3.888169,0.86063,0.002428,7.647582,31.810627,16.07536,74.407547,3.065275,0.692772,76.667267,0.530702,0.590011,0.385812,1.105042,3.014296,-5.333327,0.505911,-265100,-26.4,-64853983.079446,-0.453296,75.180912,-4.896403,0.141373,89.436909,0.003307,0.126229,0.621138,0.590011,1.060442
10-08-25,91.449997,91.900002,91.419998,91.879997,5900,90.657315,88.725895,82.403919,0.141378,0.112068,0.028385,TRUE,TRUE,6.321976,0.1058,32.566124,29.444418,68.570973,-0.336194,0.872151,0.01116,7.712258,34.650282,17.915406,99.069569,3.382961,0.654465,72.302992,0.53452,0.59571,0.38244,1.141211,3.209373,-5.333327,0.338206,-259200,-71.497585,-64848574.847705,-0.391129,70.986436,-4.755751,0.701922,89.846432,0.014809,0.55967,0.618417,0.59571,1.691053
10-09-25,91.889999,92.040001,91.389999,91.599998,8500,90.754729,88.822533,82.456173,0.142994,0.11141,0.028338,TRUE,TRUE,6.36636,0.10572,18.289506,29.984716,64.683876,-6.134607,0.848903,-0.00967,7.08338,22.69531,16.343383,80.785927,2.173166,0.654937,71.157012,0.53312,0.593254,0.379242,1.093167,3.26377,-4.338456,0.512357,-267700,-66.796875,-64851582.57685,-0.427848,64.188693,-4.191287,-3.95142,90.089239,0.016192,0.61196,0.615826,0.593254,1.187893
10-10-25,91.669998,91.940002,89.150002,89.150002,81400,90.730641,88.873165,82.493256,0.14138,0.110605,0.028294,TRUE,TRUE,6.379909,0.101681,-28.483549,28.989257,42.162142,-22.460638,0.625573,-0.1864,4.60973,23.719039,12.439443,0,-0.537494,0.831576,75.821159,0.643542,0.735626,0.451375,1.332386,1.483532,-4.338456,4.184014,-349100,237.759336,-64932982.57685,-0.464222,41.945928,-5.460729,-4.90088,88.922356,-0.035736,-1.190133,0.671844,0.735626,-2.084695
10-14-25,89.610001,90.82,89.25,90.400002,33400,90.7481,88.952588,82.532032,0.13782,0.109781,0.028256,TRUE,TRUE,6.420556,0.100322,-2.620753,28.064903,51.450155,-17.120818,0.543186,-0.21503,5.890531,23.30749,14.187179,43.252604,0.387744,0.896721,74.565059,0.662853,0.761918,0.48072,1.349769,1.766469,-4.338456,1.66004,-315700,66.169154,-64917452.566111,-0.36075,51.74923,-5.099298,-4.221988,88.810532,-0.032184,-1.069609,0.69334,0.761918,-0.466838
10-15-25,90.949997,91.470001,89.980003,90.75,28400,90.788546,89.069144,82.577213,0.132714,0.108963,0.028223,TRUE,TRUE,6.491932,0.09928,5.316912,26.250839,53.692501,-10.991375,0.500367,-0.206279,6.724607,22.834229,14.001727,55.363281,0.899391,0.962527,72.110674,0.663849,0.765121,0.485209,1.31503,1.918122,-4.196466,1.34981,-287300,184,-64916499.631862,-0.30574,58.976441,-5.865792,-4.329944,88.448823,-0.041353,-1.378246,0.696569,0.765121,-0.053453
10-16-25,90.910004,91.18,89.739998,90.160004,40100,90.810468,89.158136,82.623912,0.12611,0.108147,0.028195,TRUE,TRUE,6.534224,0.097197,4.086622,24.871125,49.538862,7.37672,0.414053,-0.234075,5.720611,22.216779,13.147934,34.948178,0.488666,1.036151,69.308275,0.670765,0.770459,0.497776,1.27591,1.586854,-2.971262,1.927421,-327400,-10.491071,-64933207.681919,-0.318149,54.402134,-5.476255,-2.948242,88.496323,-0.047377,-1.582158,0.705532,0.770459,-0.938508
10-17-25,89.949997,90.839996,89.879997,90.68,23900,90.831948,89.244356,82.674949,0.118758,0.10732,0.028171,TRUE,TRUE,6.569408,0.095815,3.234256,23.589961,52.990585,1.54043,0.38319,-0.21195,5.711941,25.686046,13.363666,52.941145,0.476021,1.039764,68.13692,0.673775,0.71981,0.448332,1.25375,1.783432,-2.971262,1.188168,-303500,-36.604775,-64917274.158646,-0.216323,55.355456,-3.45075,1.450648,89.721791,-0.018272,-0.579609,0.669576,0.71981,-0.223004
10-20-25,91.169998,91.709999,91.129997,91.620003,21400,90.876981,89.352569,82.731579,0.11181,0.106498,0.028154,TRUE,TRUE,6.620991,0.096742,11.163947,22.598254,58.514963,4.822462,0.429629,-0.132409,6.807767,26.831443,14.5672,85.467188,0.992787,1.074314,70.295652,0.680173,0.732002,0.468962,1.206553,1.89442,-2.971262,1.060456,-282100,6.467662,-64902515.246752,-0.186339,55.739163,-3.879771,1.895195,89.750555,-0.025134,-0.804961,0.684808,0.732002,1.056996
10-21-25,91.709999,91.809998,91.449997,91.639999,4600,90.903556,89.445018,82.783295,0.104506,0.1057,0.028142,TRUE,TRUE,6.661723,0.097539,7.540198,21.799271,58.62635,9.087488,0.462711,-0.079461,6.682177,29.664312,14.139833,86.159114,0.583372,1.053034,72.195941,0.68024,0.673119,0.433858,1.183009,1.871342,-2.971262,0.230346,-277500,-47.727273,-64902259.637037,-0.195465,54.583851,-2.568728,5.628827,91.016949,-0.002278,-0.070648,0.658679,0.673119,1.020062
10-22-25,91.620003,91.660004,90.559998,91.099998,36200,90.928574,89.531257,82.830872,0.096912,0.104889,0.028135,TRUE,TRUE,6.700386,0.097799,-3.256996,20.647439,54.380098,1.389513,0.440281,-0.081513,5.991971,25.955375,13.705704,67.473957,0.552291,1.083583,71.953857,0.684506,0.668054,0.420416,1.1954,1.467193,-2.971262,1.725042,-313700,127.672956,-64902917.955805,-0.139912,46.884804,-3.339959,3.400595,90.238047,-0.016052,-0.488999,0.648395,0.668054,0.238242
10-23-25,91.089996,91.779999,91.089996,91.629997,23400,90.993064,89.609936,82.88502,0.089299,0.104101,0.028134,TRUE,TRUE,6.724916,0.098564,2.727255,19.413465,57.62421,-0.890753,0.459969,-0.04946,5.858963,24.781914,14.338942,85.813019,1.427717,1.096024,72.182529,0.687173,0.67341,0.424073,1.189098,1.720821,-2.971262,1.087361,-290300,84.251969,-64889691.936345,-0.068476,48.965487,-3.972571,2.216242,90.218815,-0.015612,-0.475233,0.651209,0.67341,0.882392
10-24-25,92.190002,92.57,92.190002,92.419998,21800,91.121999,89.698229,82.943218,0.082083,0.103361,0.028138,TRUE,TRUE,6.755012,0.100108,10.178414,18.773716,61.965839,3.339488,0.533172,0.018994,6.685562,23.398788,16.476403,95.613988,2.87028,1.12298,73.544472,0.693421,0.683615,0.431235,1.634542,2.099976,-2.971262,1.000689,-268500,32.121212,-64885102.762132,-0.032799,50.324568,-3.889705,1.397549,90.494238,-0.002442,-0.074128,0.656685,0.683615,1.764917
10-27-25,93.239998,93.519997,93.059998,93.519997,35400,91.2765,89.807325,83.00627,0.075844,0.102701,0.028148,TRUE,TRUE,6.801055,0.102888,17.21472,19.124106,67.030966,12.650868,0.672198,0.126416,7.497228,23.944999,17.569212,100,3.417012,1.165527,89.06181,0.706289,0.681494,0.406285,2.632559,2.572189,-2.971262,1.560503,-317800,103.448276,-42833925.504916,0.043041,53.31804,-2.568431,1.91681,105.371862,0.014605,0.426007,0.637405,0.681494,2.519034
10-28-25,93.690002,93.949997,93.480003,93.730003,16600,91.429,89.925809,83.076826,0.071147,0.102133,0.028165,TRUE,TRUE,6.848983,0.105307,23.790781,19.815512,67.909618,10.285408,0.790214,0.195546,7.83757,23.994315,17.906628,95.416796,3.363479,1.163677,103.286915,0.704892,0.673701,0.398329,2.747715,2.743721,-2.971262,0.73549,274400,-12.169312,-34321942.967159,0.041802,56.70173,-2.221744,2.841942,108.658056,0.023095,0.670536,0.631133,0.673701,2.227778
10-29-25,94.050003,94.050003,93.220001,93.720001,24400,91.5635,90.044492,83.146538,0.068472,0.101681,0.028188,TRUE,TRUE,6.897954,0.104751,19.206734,20.07212,67.816915,5.851076,0.872873,0.222564,8.012051,23.460836,17.542555,93.265271,2.955072,1.182855,114.701524,0.66063,0.590056,0.351243,2.696605,3.621427,-2.971262,1.053541,250000,93.650794,-34316945.441651,0.024324,52.505322,-0.469027,4.114836,109.854718,0.067207,2.005015,0.592658,0.590056,1.880098
10-30-25,93.25,93.510002,92.760002,92.800003,26800,91.635,90.154553,83.211302,0.066938,0.10126,0.028217,TRUE,TRUE,6.943251,0.103534,11.741735,19.658837,59.739009,-7.291957,0.854298,0.163191,7.136564,22.088807,16.229886,74.489804,1.565065,1.218442,117.845772,0.669265,0.617051,0.325627,2.640668,2.819694,-2.971262,1.121574,223200,121.487603,-34340886.709554,-0.049276,50.148418,-2.018309,2.325892,108.655494,0.050159,1.448763,0.570637,0.617051,0.988583
10-31-25,93.349998,93.389999,92.730003,93.07,26100,91.719,90.274804,83.26992,0.066294,0.10088,0.028251,TRUE,TRUE,7.004884,0.103481,48.756237,19.232915,61.199679,-6.709939,0.851546,0.128352,7.683952,21.74251,16.930686,79.583276,1.838276,1.051436,121.924413,0.664425,0.635099,0.318302,2.302839,2.650134,-2.971262,1.056894,249300,158.415842,-34340095.928462,-0.051986,64.83833,-2.132443,1.63369,108.657791,0.05325,1.540899,0.564182,0.635099,1.108063
11-03-25,93.419998,93.5,92.849998,93.18,10100,91.8055,90.403242,83.329982,0.066945,0.100521,0.028292,TRUE,TRUE,7.07326,0.102966,40.289873,18.960623,61.807626,-6.009289,0.848462,0.100214,9.723985,20.119023,19.356199,79.814346,1.891748,0.972005,125.984717,0.663167,0.647101,0.318445,2.103826,2.77606,-2.971262,0.411154,259400,-20.472441,-34339940.511017,-0.026095,62.505654,-1.346387,0.952771,108.641804,0.047033,1.363729,0.564309,0.647101,1.091006
11-04-25,92.110001,92.739998,92.029999,92.089996,28500,91.823,90.483737,83.380423,0.068093,0.100141,0.028337,TRUE,TRUE,7.103314,0.101646,17.53922,17.6447,52.953551,-6.785458,0.749424,0.000941,7.443157,19.434208,17.483038,54.524261,0.381511,0.957139,126.131939,0.675463,0.668852,0.37148,1.980592,1.900114,-2.971262,1.12626,230900,108.029197,-34363623.799398,-0.086822,54.155198,0.179033,1.75258,109.010921,0.025831,0.765748,0.609491,0.668852,0.21168
11-05-25,92.050003,92.800003,92.050003,92.400002,20800,91.877,90.578016,83.42601,0.069973,0.099746,0.028388,TRUE,TRUE,7.152005,0.100163,30.43472,16.423361,54.930997,-6.268682,0.68802,-0.048371,6.982856,20.850363,18.237097,60.431673,1.182656,0.900588,126.177,0.674479,0.652568,0.368709,1.740789,2.138388,-2.971262,0.803554,251700,126.086957,-34365010.5507,-0.072875,63.775841,0.257934,1.707407,108.235236,0.027122,0.8034,0.607214,0.652568,0.414498
11-06-25,92.300003,92.349998,91.230003,91.370003,31100,91.8515,90.644909,83.469526,0.071803,0.099334,0.028445,TRUE,TRUE,7.175383,0.09822,8.767491,16.19452,47.749728,-14.057898,0.549905,-0.149188,5.986205,18.899527,15.455746,23.209281,-0.555066,0.927156,126.684938,0.681124,0.668161,0.391172,1.651315,1.278136,-2.971262,1.145699,220600,427.118644,-34388335.5507,-0.122418,55.175901,-0.744065,1.517039,107.867885,0.001592,0.047543,0.625437,0.668161,-0.380075
11-07-25,90.720001,91.480003,90.199997,91.480003,43200,91.845501,90.709214,83.51101,0.073289,0.098878,0.028506,TRUE,TRUE,7.198204,0.096776,-1.988625,16.950618,48.523716,-4.429835,0.444204,-0.203912,5.128225,18.383279,12.854609,33.246867,-0.130999,0.945562,126.838638,0.680153,0.66687,0.390377,1.666274,1.18959,-2.971262,1.495845,263800,408.235294,-34345135.5507,-0.035064,45.716332,-1.673765,1.441118,107.925224,0.000017,0.000515,0.624802,0.66687,-0.288159
11-10-25,92.260002,92.970001,92.120003,92.910004,41000,92.033501,90.797728,83.557658,0.07544,0.098486,0.028574,TRUE,TRUE,7.24007,0.097586,15.029615,15.879832,57.365371,2.434375,0.470401,-0.142171,7.053906,20.233827,13.687985,70.389673,4.217613,1.017883,111.751245,0.707055,0.703764,0.421498,1.573528,1.703803,-2.971262,1.526433,304800,-49.63145,-34309923.560861,0.179373,50.867152,-0.983662,2.102072,108.255162,0.003193,0.094239,0.649229,0.703764,0.784334
11-11-25,92.790001,93.169998,92.550003,93.080002,10800,92.167501,90.901815,83.606298,0.077822,0.09817,0.028647,TRUE,TRUE,7.295517,0.097965,24.504963,14.806014,58.282722,10.532993,0.499127,-0.090757,6.139338,16.62297,13.456007,74.805203,2.964602,0.979188,107.104407,0.705318,0.699928,0.420309,1.395695,1.887138,-2.971262,0.419743,315600,-67.664671,-34302258.941841,0.171966,57.385202,-2.038034,-0.989434,107.952026,0.005663,0.167394,0.648312,0.699928,0.851973
11-12-25,93.449997,93.449997,92.889999,93.190002,12500,92.289501,91.020275,83.661346,0.080451,0.097962,0.028728,TRUE,TRUE,7.358929,0.098197,20.365573,14.091061,58.898977,10.375261,0.52472,-0.052131,5.891285,16.051564,13.562651,77.662357,2.688708,0.968067,103.958731,0.705138,0.670353,0.402699,1.270086,1.940487,-2.971262,0.501303,328100,-55.985915,-34301365.89007,0.177329,56.098103,-3.309469,-2.679212,106.787053,-0.001804,-0.052553,0.634586,0.670353,0.866211
11-13-25,92.82,92.82,91.459999,91.599998,43700,92.361501,91.098554,83.704869,0.082198,0.09777,0.028814,TRUE,TRUE,7.393684,0.094694,-9.692651,14.087356,47.887309,-9.478062,0.411953,-0.131918,4.013806,13.831616,11.922248,36.363618,1.597155,1.046475,92.82431,0.738178,0.700098,0.455264,1.357374,1.441725,-2.971262,1.739996,284400,8.977556,-34336068.874508,0.140233,46.956056,-3.570216,-2.390798,106.846904,-0.005851,-0.17047,0.674732,0.700098,-0.820369
11-14-25,90.809998,92.010002,90.519997,91.57,40400,92.406001,91.160667,83.750229,0.082587,0.097563,0.028905,TRUE,TRUE,7.410438,0.090497,-26.386916,14.776977,47.706088,-10.576634,0.316516,-0.181884,4.286959,13.4715,11.763872,35.584431,0.981473,1.07724,86.238638,0.736854,0.70049,0.457618,1.489367,1.531053,-2.971262,1.55744,244000,69.037657,-34319529.32162,0.136941,36.913883,-3.658043,-2.023033,106.505455,-0.002449,-0.071645,0.676475,0.70049,-0.969404
11-17-25,91.349998,91.650002,90.260002,90.739998,51500,92.362,91.211967,83.788906,0.080692,0.097259,0.029003,FALSE,TRUE,7.423061,0.084181,-37.328363,15.594521,42.871919,-16.027059,0.171925,-0.26118,3.365175,11.507672,11.478554,14.025976,-0.960494,1.159514,92.47915,0.745951,0.719139,0.482673,1.707304,1.312847,-3.19002,1.87648,192500,140.654206,-34335461.277271,0.073518,29.754751,-3.700045,-2.729041,106.432692,0.001836,0.054308,0.694746,0.719139,-1.753911
11-18-25,90.139999,90.580002,89.43,90.190002,34300,92.2895,91.248276,83.827018,0.075947,0.096841,0.029106,FALSE,TRUE,7.421258,0.078957,-41.286521,16.883715,39.98081,-7.906499,0.012808,-0.336238,3.314062,11.171775,12.195398,18.627495,-1.582275,1.2046,103.468052,0.726974,0.698953,0.469912,1.530586,0.578206,-3.776807,1.18562,158200,645.652174,-34324425.55782,0.088376,29.135814,-3.732366,-2.704433,105.881846,-0.019458,-0.583597,0.685501,0.698953,-2.029127
11-19-25,90.330002,90.830002,90.040001,90.279999,16100,92.2485,91.281795,83.868558,0.068928,0.096287,0.029216,FALSE,TRUE,7.413237,0.07312,-32.642537,17.779218,40.685668,-7.02042,-0.104823,-0.363095,3.701626,13.157081,11.921221,20.884485,-0.900109,1.189949,109.857022,0.724346,0.694168,0.462879,1.739736,0.774015,-3.776807,0.576544,174300,-55.524862,-34330743.377747,0.081423,33.809075,-3.760703,-2.600807,105.326115,-0.024789,-0.741269,0.680352,0.694168,-1.791876
11-20-25,91.769997,92.019997,88.82,88.889999,85200,92.111501,91.282126,83.900121,0.058985,0.095518,0.02933,FALSE,TRUE,7.382006,0.065436,-47.28505,19.328651,34.036968,-8.83495,-0.306673,-0.451956,2.457271,11.540108,9.820461,1.49572,-2.990285,1.412661,132.68855,0.751408,0.724406,0.474802,2.132204,0.067792,-5.163772,2.747058,89100,264.102564,-34412215.890443,-0.079355,24.010724,-3.612885,-3.077535,104.543228,-0.041684,-1.215166,0.689059,0.724406,-2.427867
11-21-25,89.150002,90.419998,88.720001,89.760002,80300,91.978501,91.284292,83.934593,0.047496,0.094564,0.029452,FALSE,TRUE,7.349699,0.059535,-35.624958,20.82108,40.581895,0.601084,-0.39192,-0.429763,1.924449,13.35388,10.908888,21.987354,-2.878161,1.482525,142.408738,0.760919,0.734686,0.480756,2.348178,0.312665,-5.163772,2.36594,169400,268.348624,-34394266.215815,-0.052834,19.034199,-3.930939,-2.17646,104.812886,-0.034372,-0.995141,0.693366,0.734686,-1.557839
11-24-25,90.190002,91.260002,90.139999,91.110001,32600,91.858001,91.313857,83.974624,0.035437,0.093486,0.02958,FALSE,TRUE,7.339233,0.056137,-9.939104,21.195688,49.032617,8.346949,-0.346551,-0.307515,3.904765,13.757435,11.919504,50.528574,-2.576985,1.487997,138.829982,0.78392,0.75997,0.503361,2.402137,0.727162,-5.163772,0.964497,202000,-7.909605,-34370398.426086,-0.070112,24.897808,-3.908547,-2.302842,105.123028,-0.03244,-0.932158,0.709479,0.75997,-0.538789
11-25-25,91.139999,92.080002,90.800003,91.980003,40300,91.770501,91.35244,84.02253,0.023661,0.092301,0.029715,TRUE,TRUE,7.32991,0.052987,-4.030693,20.679503,53.611479,19.574511,-0.237654,-0.158894,4.492672,13.965507,12.563654,68.921883,-1.867065,1.51508,131.744406,0.786333,0.779846,0.538941,2.416475,1.277663,-5.163772,1.151922,242300,142.771084,-34336395.211008,-0.020655,27.494254,-3.693223,-2.431263,104.992904,-0.013965,-0.415189,0.734126,0.779846,0.159022
11-26-25,92.25,92.839996,92.25,92.599998,17800,91.714501,91.405619,84.071004,0.012696,0.091036,0.029858,TRUE,TRUE,7.334615,0.049594,12.287676,19.488676,56.60355,16.021655,-0.10017,-0.017128,4.911599,15.188302,12.993701,82.029614,-1.195052,1.481024,125.241478,0.783386,0.77999,0.550463,2.36549,1.744045,-5.163772,0.513634,260100,-27.04918,-34333076.527927,-0.023274,31.451235,-3.662517,-2.063047,104.877327,-0.000496,-0.015003,0.741932,0.77999,0.707032
11-27-25,92.529999,92.949997,92.529999,92.949997,2100,91.722001,91.470187,84.12093,0.00274,0.089748,0.030009,TRUE,TRUE,7.349257,0.047189,14.341412,18.283056,58.241021,9.208404,0.036608,0.09572,5.046882,15.195775,12.79369,89.429166,0.161631,1.409358,125.968508,0.78266,0.778528,0.547242,2.315118,1.711096,-5.163772,0.062837,262200,-92.164179,-34330976.527927,0.014827,34.414575,-3.748974,-2.453531,105.182708,0.003236,0.097556,0.739758,0.778528,0.974844
11-28-25,92.82,93.120003,92.809998,93.120003,6300,91.724501,91.527579,84.172897,-0.005986,0.088448,0.030168,TRUE,TRUE,7.354682,0.046089,2.335919,17.003183,59.049303,5.437824,0.156914,0.172821,5.967927,15.577561,13.449956,93.023372,0.053726,1.316273,126.254769,0.775903,0.771527,0.543569,2.313812,1.48571,-5.163772,0.194265,268500,-75.862069,-34324676.527927,0.023773,29.518388,-2.614866,-2.653463,104.98926,-0.004287,-0.129834,0.737271,0.771527,1.105306
12-01-25,92.519997,92.980003,92.470001,92.639999,13700,91.697501,91.565992,84.218245,-0.013739,0.087097,0.030335,TRUE,TRUE,7.347747,0.043453,-4.731207,16.135018,55.767164,-0.836385,0.211092,0.181599,6.156977,14.430426,12.107591,82.8753,-0.579524,1.325407,123.526229,0.777991,0.769129,0.55432,2.318968,1.41766,-5.163772,0.420117,254800,35.643564,-34329243.331224,0.016402,27.019448,-1.344773,-1.677597,105.424438,0.008881,0.271437,0.744527,0.769129,0.762995
12-02-25,92.940002,93.050003,92.650002,92.800003,13800,91.733001,91.599823,84.264343,-0.020547,0.085698,0.030509,TRUE,TRUE,7.335479,0.041169,-4.171114,15.254872,56.632485,-1.608536,0.263898,0.187524,5.832098,13.899826,12.247391,92.727282,0.770992,1.311576,125.714461,0.777858,0.770614,0.55605,2.263217,1.399673,-5.163772,0.432941,268600,-51.578947,-34332693.265421,0.048518,27.215054,-1.144646,-2.324772,105.606522,0.00636,0.194815,0.745688,0.770614,0.84875
12-03-25,92.730003,93.239998,92.639999,93.129997,12200,91.769501,91.65043,84.311496,-0.025845,0.08429,0.030692,TRUE,TRUE,7.338934,0.039569,18.912231,14.22946,58.438353,-0.61095,0.328587,0.20177,5.274045,14.34676,12.538678,97.566356,0.790039,1.22026,128.775412,0.778322,0.770978,0.557069,2.228673,1.431439,-5.163772,0.387979,280800,-41.346154,-34324966.634952,0.063673,31.949733,-1.428053,-2.807275,105.591829,0.004951,0.15174,0.746371,0.770978,1.056488
12-04-25,93.279999,93.279999,92.82,93.150002,14700,91.858501,91.706626,84.357507,-0.030112,0.08287,0.030884,TRUE,TRUE,7.349119,0.038208,19.554474,13.231716,58.55103,2.783866,0.37712,0.200243,5.642205,15.032106,12.509006,97.149182,1.948122,1.141016,131.980196,0.777836,0.748588,0.539676,2.198286,1.33622,-5.163772,0.48,295500,-52.733119,-34318575.171598,0.113894,37.471816,-1.844549,-3.365283,104.505396,-0.007483,-0.225098,0.734627,0.748588,0.978557
12-05-25,93.269997,93.690002,93.269997,93.349998,26700,91.952,91.7768,84.406157,-0.03315,0.081468,0.031083,TRUE,TRUE,7.370643,0.038255,35.03358,12.735229,59.726597,3.094112,0.426801,0.199939,5.629965,14.045393,12.106805,93.158876,2.044157,1.073532,135.728305,0.771045,0.731959,0.523597,2.231581,1.121171,-5.163772,0.895973,322200,-38.194444,-34335103.650644,0.016832,46.668312,-1.427224,-3.299295,105.271249,-0.000443,-0.013217,0.7236,0.731959,1.029997
12-08-25,93.5,93.5,92.839996,93.059998,17800,91.9595,91.8294,84.460207,-0.033271,0.080061,0.03129,TRUE,TRUE,7.369193,0.037588,39.916469,11.897993,57.193561,-1.244792,0.437727,0.168692,5.029066,13.663459,11.931628,87.323849,0.16144,1.026987,136.325637,0.77253,0.735163,0.528144,2.041654,1.020243,-5.163772,0.621508,304400,-56.585366,-34341036.983978,-0.054318,48.599035,-1.258367,-3.38082,105.558181,-0.004297,-0.128542,0.726735,0.735163,0.807256
12-09-25,92.970001,93.269997,92.93,92.93,14400,91.952,91.8744,84.515941,-0.031273,0.078625,0.031503,TRUE,TRUE,7.358459,0.037228,36.652839,11.120559,56.046099,-2.504932,0.430929,0.129515,4.564419,12.832499,11.483071,84.70821,-0.161153,0.993835,135.71664,0.77115,0.733964,0.525108,1.846693,0.813731,-5.163772,0.499653,290000,33.333333,-34355436.983978,-0.092259,44.542028,-1.592255,-4.040041,105.273863,-0.009171,-0.27396,0.724643,0.733964,0.720619
12-10-25,92.970001,93.739998,92.760002,93.559998,30400,91.9705,91.925,84.576711,-0.026761,0.077194,0.031724,TRUE,TRUE,7.348289,0.037554,72.179247,10.831346,60.212205,0.485608,0.470948,0.135627,4.359403,13.900265,12.936648,96.414334,0.397033,0.817656,137.730235,0.774937,0.737431,0.529683,1.481407,1.082821,-5.163772,1.023052,320400,143.2,-34336204.398536,-0.058621,61.350074,-1.77095,-3.411168,105.168226,-0.00936,-0.279578,0.727794,0.737431,1.154066
12-11-25,93.209999,93.760002,92.860001,93.739998,20500,92.0775,91.9724,84.63848,-0.019103,0.075778,0.031952,TRUE,TRUE,7.33392,0.037602,68.858072,10.587056,61.339707,4.146146,0.511294,0.140779,4.583454,13.815971,13.493161,99.447396,2.336244,0.755128,142.915407,0.773999,0.735459,0.530391,1.155988,1.233326,-5.163772,0.717913,340900,-53.089245,-34316615.702736,0.034063,82.497304,-2.583941,-3.839281,104.852714,-0.006811,-0.203832,0.728279,0.735459,1.163274
12-12-25,93.669998,93.68,92.440002,92.709999,36500,92.1345,91.9988,84.701504,-0.009501,0.074331,0.032187,TRUE,TRUE,7.297296,0.036635,29.304006,9.887175,52.220508,-3.825591,0.454913,0.067518,2.952959,13.789358,11.338211,64.526913,1.244949,0.748108,143.058076,0.785617,0.741295,0.522479,0.927519,0.64655,-5.163772,1.287024,304400,-9.653465,-34337220.711689,-0.031191,69.129631,-3.400949,-4.085529,103.922664,-0.027043,-0.790776,0.722827,0.741295,0.402284
12-15-25,93.239998,93.239998,92.449997,92.68,21500,92.2315,92.0234,84.758072,0.0012,0.07283,0.032427,TRUE,TRUE,7.265328,0.036276,15.151465,9.237286,51.978133,-8.234072,0.403162,0.012613,3.04524,12.678751,11.847649,28.476801,2.137979,0.710586,139.641307,0.783227,0.746138,0.520505,0.836559,0.462062,-5.163772,0.800447,282900,-58.252427,-34346201.556136,-0.019993,58.232666,-3.510271,-4.716697,104.000385,-0.022974,-0.672443,0.72146,0.746138,0.32118
12-16-25,92.459999,92.650002,91.870003,92.379997,38300,92.341,92.0362,84.820637,0.012517,0.071265,0.032674,TRUE,TRUE,7.215563,0.035977,-5.116304,9.40587,49.503619,-11.836088,0.33409,-0.045167,2.96298,13.301261,11.512264,26.983845,2.428201,0.709028,131.116573,0.782898,0.739655,0.518642,0.862867,0.207903,-5.163772,1.415373,244600,11.661808,-34334417.401826,-0.018462,47.247221,-2.719361,-3.501375,104.424819,-0.019622,-0.573458,0.720168,0.739655,0.029743
12-17-25,92.5,92.540001,91.339996,91.379997,37800,92.396,92.0374,84.88277,0.023895,0.069579,0.032925,FALSE,TRUE,7.154631,0.033105,-31.717136,10.173861,42.27846,-9.942047,0.196394,-0.14629,1.251638,12.102169,9.858569,1.652926,1.21843,0.777757,124.137566,0.792394,0.738662,0.501114,1.070769,0.030468,-5.163772,1.343045,206800,134.782609,-34369697.353761,-0.069202,41.088553,-3.926656,-4.641957,103.294436,-0.033801,-0.958718,0.707894,0.738662,-0.818449
12-18-25,92.07,92.580002,91.839996,92.040001,14200,92.5535,92.0406,84.94418,0.035138,0.067816,0.033181,FALSE,TRUE,7.09642,0.030831,-19.852966,10.819974,47.703626,-4.274506,0.138925,-0.163007,1.455751,13.577575,11.168319,28.92574,3.543707,0.841249,93.52126,0.796529,0.741344,0.506078,1.161989,0.36533,-5.163772,0.577353,221000,-83.333333,-34376221.559382,0.073174,42.556435,-3.491397,-4.310279,103.237959,-0.028448,-0.806712,0.711391,0.741344,-0.549072
12-19-25,92.25,92.889999,92.25,92.830002,11900,92.707,92.0652,85.016442,0.045809,0.066029,0.033442,TRUE,TRUE,7.048758,0.028913,3.30439,10.898904,53.354909,3.85129,0.155336,-0.117277,1.88951,14.103926,15.636273,61.570327,3.420231,0.849479,66.567774,0.799737,0.743703,0.512025,1.148553,0.830518,-5.163772,0.561983,232900,-85.180573,-34366552.72072,0.065439,46.62767,-3.390133,-4.828744,103.261161,-0.018006,-0.511653,0.71556,0.743703,0.184777
12-22-25,93.220001,93.43,93.209999,93.400002,5600,92.8215,92.1502,85.088972,0.055118,0.064255,0.033709,TRUE,TRUE,7.061228,0.028761,9.740241,10.149051,56.968152,14.689692,0.211893,-0.048576,3.090937,13.705486,16.403736,85.123977,2.513446,0.858825,56.601334,0.799232,0.749216,0.522236,1.121047,0.817393,-5.163772,0.282472,238500,-82.822086,-34362479.922829,0.019971,45.18592,-3.178728,-5.241051,103.389906,-0.025639,-0.736753,0.722659,0.749216,1.022064
12-23-25,93.339996,93.809998,93.339996,93.790001,10200,92.912,92.218,85.174126,0.062889,0.06252,0.033982,TRUE,TRUE,7.043875,0.029507,10.610989,9.914551,59.291682,11.588056,0.284901,0.019546,3.818684,12.880739,15.577234,99.19042,1.967816,0.845353,56.907705,0.800096,0.755232,0.523017,1.149124,0.863167,-5.163772,0.556769,248700,-74.689826,-34353147.859976,-0.045722,44.8333,-2.796984,-5.640631,103.624406,-0.016695,-0.479613,0.723199,0.755232,1.542852
12-24-25,93.730003,94.169998,93.730003,94.110001,6242,92.9875,92.2852,85.264155,0.069138,0.060915,0.034262,TRUE,TRUE,7.021045,0.031198,14.72392,10.154272,61.145512,7.790603,0.364381,0.079221,4.751378,13.306606,15.142402,97.879946,1.630672,0.840961,62.310689,0.799807,0.752912,0.520324,1.405453,0.848664,-5.163772,0.351819,254942,-64.932584,-34348608.174415,-0.043771,43.243058,-2.035549,-5.994867,104.02187,-0.01415,-0.405512,0.721335,0.752912,1.801458
12-29-25,93.629997,93.900002,93.599998,93.779999,22300,93.029,92.3576,85.350301,0.074183,0.059389,0.034547,TRUE,TRUE,7.007299,0.032754,6.466169,10.166128,58.201934,1.233782,0.396174,0.088811,3.70453,12.049846,13.473554,86.219112,0.892955,0.841635,64.763477,0.800438,0.753719,0.52165,1.39194,0.608632,-5.163772,1.1892,232642,961.904762,-34344148.40126,-0.035121,34.556444,-2.9035,-6.225747,103.854471,-0.021385,-0.61321,0.722253,0.753719,1.159603
12-30-25,93.559998,93.599998,93.419998,93.449997,7700,93.045499,92.413,85.440755,0.077539,0.057898,0.034838,TRUE,TRUE,6.972245,0.033668,5.829585,9.882532,55.333255,-3.958427,0.390244,0.066304,3.054694,11.072916,14.362609,74.558277,0.354375,0.821676,65.424514,0.802086,0.755252,0.522118,1.372484,0.484088,-5.163772,0.409094,224942,22.222222,-34349281.843382,-0.065363,35.814081,-2.630178,-7.224597,103.598598,-0.024457,-0.700206,0.722577,0.755252,0.618266
12-31-25,93.360001,93.360001,92.739998,92.800003,5400,93.0535,92.4366,85.519568,0.078596,0.056423,0.035133,TRUE,TRUE,6.917032,0.033503,-1.803013,9.735514,50.095766,-11.049746,0.329299,0.004288,1.944419,9.740705,14.822819,51.59031,0.172716,0.855911,64.99901,0.80768,0.790217,0.546351,1.381962,0.231385,-5.163772,0.293365,219542,-60.583942,-34353636.596351,-0.06626,37.017506,-3.014262,-7.310578,103.381567,-0.017313,-0.505218,0.739156,0.790217,-0.390001
01-02-26,93.25,93.410004,92.5,92.940002,23300,93.0605,92.4626,85.595755,0.078275,0.054939,0.035434,TRUE,TRUE,6.866845,0.033985,-9.226116,9.913592,51.167887,-7.034046,0.288965,-0.028837,1.718288,9.570113,15.492627,56.537282,0.150861,0.849242,64.786681,0.806955,0.786336,0.545871,1.412735,0.177084,-5.163772,1.233973,242842,68.84058,-34354404.693873,-0.057492,26.345593,-3.609397,-8.041516,102.967803,-0.02625,-0.766298,0.738831,0.786336,-0.185991
01-05-26,93.379997,93.699997,93.379997,93.519997,16800,93.08,92.511,85.680105,0.076812,0.053491,0.035741,TRUE,TRUE,6.830895,0.034639,-3.089907,9.609697,55.439024,0.105769,0.300339,-0.01397,2.330668,9.455602,16.47203,77.031763,0.418769,0.833282,65.588828,0.808073,0.783377,0.546795,1.418751,0.531058,-5.163772,0.879024,259642,37.704918,-34356504.743941,-0.082508,25.28486,-3.856732,-8.484413,102.61141,-0.027908,-0.814401,0.739456,0.783377,0.670842
01-06-26,93.519997,94.139999,93.519997,94.089996,12400,93.126999,92.5602,85.762936,0.075455,0.052064,0.036054,TRUE,TRUE,6.797264,0.037055,20.720692,9.177926,59.214561,9.118795,0.351298,0.029591,2.886823,9.930166,15.736475,97.173082,1.009119,0.776612,69.375458,0.808028,0.785385,0.551309,1.361916,0.529866,-5.163772,0.652731,272042,-15.646259,-34346104.85715,-0.072458,33.251604,-2.433023,-8.504256,102.805858,-0.031615,-0.927252,0.742502,0.785385,1.388095
01-07-26,94.18,94.32,93.779999,93.779999,14900,93.148499,92.5874,85.844961,0.073974,0.050635,0.036372,TRUE,TRUE,6.742439,0.038365,15.850134,9.032107,56.415018,5.247131,0.36249,0.032626,2.223677,10.521415,14.94803,81.879184,0.460632,0.760138,70.755501,0.808215,0.777942,0.548442,1.303333,0.52165,-5.163772,0.80947,257142,-44.194757,-34361004.85715,-0.070357,40.8266,-2.104094,-7.048006,103.373357,-0.027391,-0.800603,0.740568,0.777942,0.892509
01-08-26,93.720001,93.860001,93.5,93.760002,12700,93.1835,92.5922,85.926341,0.071313,0.049207,0.036695,TRUE,TRUE,6.665859,0.035368,20.72083,8.449651,56.230341,0.791317,0.365533,0.028535,2.671926,10.523845,16.039153,81.208157,0.752208,0.726018,72.014803,0.72537,0.69014,0.510766,1.211272,1.549023,-5.163772,0.699644,244442,-28.651685,-34355360.293085,-0.039454,45.933046,-3.181836,-8.608196,102.423921,-0.001777,-0.055603,0.714679,0.69014,0.800533
01-09-26,93.959999,94.540001,93.830002,94.400002,19800,93.257,92.6056,86.004268,0.067742,0.047833,0.037024,TRUE,TRUE,6.601332,0.035283,47.936669,8.847185,60.66816,1.453598,0.414805,0.062246,2.742713,10.666495,16.859939,94.814846,1.581837,0.689316,76.644156,0.709017,0.678613,0.490024,1.171898,1.316249,-5.163772,1.074796,264242,37.5,-34343368.719816,0.032755,61.108751,-3.609297,-8.945491,102.481475,-0.002071,-0.064923,0.700017,0.678613,1.49131
01-12-26,93.839996,94.610001,93.839996,94.550003,10500,93.3065,92.6222,86.082548,0.063208,0.046531,0.037358,TRUE,TRUE,6.539652,0.035815,43.350749,9.305257,61.649607,5.234588,0.460648,0.086471,3.220529,10.532031,16.858919,97.457731,1.05815,0.655738,81.732121,0.707923,0.679143,0.487811,1.095553,1.232972,-5.163772,0.60251,274742,-65.460526,-34334505.007789,0.004876,60.373667,-4.321613,-9.135129,102.093836,-0.003009,-0.094283,0.698434,0.679143,1.521438
01-13-26,94.620003,94.620003,94.029999,94.32,9900,93.3355,92.6526,86.163749,0.058769,0.045323,0.037697,TRUE,TRUE,6.488851,0.034758,28.489508,9.744067,59.209886,2.979545,0.472967,0.079032,5.799213,10.676271,18.464498,85.848931,0.618735,0.637647,84.338624,0.70283,0.675128,0.478635,0.983914,1.395071,-5.163772,0.585899,264842,-51.707317,-34334672.839116,-0.053433,54.367008,-3.33464,-9.447862,101.7825,-0.004403,-0.137723,0.691835,0.675128,1.167318
01-14-26,94,94,93.290001,93.839996,19800,93.392,92.668,86.244287,0.054145,0.044206,0.03804,TRUE,TRUE,6.423713,0.033565,8.560224,9.185515,54.373798,-6.294362,0.438938,0.036002,3.805304,9.919988,17.626926,63.207293,1.218852,0.67364,83.710425,0.703737,0.711888,0.516082,0.950103,0.985111,-5.163772,1.232716,245042,-45.753425,-34323796.998538,0.041787,47.434673,-3.728482,-9.431577,101.222785,-0.036909,-1.196852,0.718388,0.711888,0.535174
01-15-26,94.32,94.489998,94,94.080002,12700,93.462,92.686,86.33374,0.050162,0.043215,0.038387,TRUE,TRUE,6.35226,0.034183,5.811644,9.097482,56.295931,-5.353676,0.426421,0.018788,3.669424,10.640785,17.825107,74.528292,1.510576,0.685587,83.295701,0.692492,0.701427,0.504831,0.934984,0.702773,-5.163772,0.812951,257742,-40.930233,-34332349.946767,0.044333,48.1295,-3.365083,-9.869792,101.148195,-0.040621,-1.323291,0.710514,0.701427,0.741937
01-16-26,94.139999,94.279999,93.830002,94.040001,12100,93.545,92.725,86.421002,0.047244,0.042295,0.038738,TRUE,TRUE,6.303998,0.034633,-1.486193,8.746299,55.873449,-3.336437,0.408563,0.000744,4.303457,10.270252,15.604372,72.641459,1.79693,0.686639,80.158085,0.692581,0.758584,0.545416,0.937821,0.678102,-5.163772,0.845438,245642,-68.407311,-34333156.586081,0.004405,43.593499,-3.378636,-9.46886,101.209119,-0.064816,-2.203446,0.738523,0.758584,0.617531
01-19-26,93.550003,93.720001,92.550003,93.720001,11900,93.662,92.7514,86.504972,0.045054,0.041452,0.039092,TRUE,TRUE,6.246428,0.033509,-1.276545,9.465868,52.480382,-1.893415,0.364389,-0.034744,3.352449,9.25588,15.46467,57.547153,2.56074,0.763673,61.890023,0.689452,0.763358,0.557312,0.941902,0.776726,-5.163772,0.914182,233742,-68.518519,-34321256.586081,0.186066,45.993522,-5.217067,-9.261525,100.843987,-0.058201,-2.014101,0.746534,0.763358,0.093716
01-20-26,92.519997,93.010002,91.940002,91.940002,25400,93.657,92.7628,86.577205,0.043376,0.040591,0.039447,FALSE,TRUE,6.185595,0.03022,-24.552781,10.7242,38.481492,-17.814439,0.183633,-0.1724,0.349268,7.180813,12.119628,0,-0.108647,0.888779,63.293831,0.730192,0.800227,0.589791,1.15533,-0.165585,-5.163772,1.870797,208342,78.873239,-34346656.586081,0.108878,42.147992,-5.616266,-10.109828,100.351975,-0.077798,-2.640762,0.767978,0.800227,-2.712741
01-21-26,92.25,93.510002,92.150002,93.089996,29600,93.67,92.795,86.674001,0.042649,0.03976,0.039805,TRUE,TRUE,6.120999,0.030138,4.360805,11.144361,48.11153,-7.761919,0.13166,-0.179498,1.582275,8.370182,11.776167,42.910215,0.280076,0.943787,61.754157,0.739559,0.801544,0.57405,1.12268,-0.024451,-5.163772,2.046729,237942,148.739496,-34335339.183215,0.107915,50.464133,-6.235829,-9.422072,101.248296,-0.068781,-2.262121,0.757661,0.801544,-0.939214
01-22-26,93.660004,93.879997,93.389999,93.610001,17300,93.6805,92.809,86.795048,0.04243,0.038978,0.040165,TRUE,TRUE,6.013952,0.032736,9.530559,11.021076,51.78676,-0.693622,0.130922,-0.144189,2.755216,8.912279,13.237552,62.313357,0.224838,0.929388,61.448695,0.726931,0.807335,0.603066,1.060142,-0.254759,-5.163772,1.149723,255242,208.928571,-34337104.335415,0.084321,59.433161,-5.041928,-8.944419,101.560659,-0.082969,-2.87582,0.776573,0.807335,-0.114729
01-23-26,93.550003,93.830002,93.410004,93.620003,13300,93.672,92.8198,86.916742,0.042228,0.038283,0.040526,TRUE,TRUE,5.903058,0.035701,1.54808,10.906597,51.857394,13.375903,0.129649,-0.11637,2.171784,8.157991,12.546741,62.686571,-0.181254,0.903348,61.406816,0.726356,0.814533,0.611812,1.052729,-0.332863,-5.163772,0.874879,268542,30.392157,-34337104.335415,0.052767,52.812277,-5.267706,-9.844449,101.29858,-0.094979,-3.331633,0.782184,0.814533,-0.084677
01-26-26,93.870003,94.279999,93.870003,94.099998,8700,93.6715,92.838,87.046062,0.042068,0.037738,0.04089,TRUE,TRUE,5.791938,0.039442,0.157019,10.175084,55.245911,7.134381,0.165465,-0.064443,1.817789,8.62488,12.586235,80.596858,-0.010628,0.901776,61.369664,0.729355,0.854207,0.633226,1.052384,-0.141639,-5.163772,0.5677,277242,39.378404,-34336043.446675,0.040994,52.01415,-4.962246,-9.447428,101.881125,-0.105689,-3.798338,0.795755,0.854207,0.698225
01-27-26,94.220001,94.580002,94.220001,94.489998,7400,93.707,92.8958,87.145229,0.042042,0.037345,0.041256,TRUE,TRUE,5.750571,0.042242,11.00773,9.791301,57.84229,6.05553,0.222751,-0.005725,1.037213,8.612203,13.362597,95.149072,0.75709,0.893519,64.026349,0.719405,0.845702,0.640331,1.02977,0.369844,-5.163772,0.507545,284642,-66.816143,-34332343.603501,0.040483,50.311091,-5.520521,-8.671269,102.494159,-0.077084,-2.836227,0.800207,0.845702,1.222931
01-28-26,94.610001,94.730003,94.32,94.440002,18900,93.7565,92.9532,87.257137,0.041964,0.037067,0.041624,TRUE,TRUE,5.696063,0.045323,10.493826,9.628148,57.382704,5.525309,0.261107,0.026104,0.757494,8.654433,14.917887,89.605705,1.059396,0.897774,65.738901,0.718681,0.845039,0.640056,1.005747,0.24363,-5.163772,1.248349,265742,145.454545,-34340180.034465,0.030059,57.612831,-6.204587,-9.067299,102.355091,-0.079829,-2.939039,0.800035,0.845039,1.039723
01-29-26,94.5,94.519997,93.120003,94.279999,29000,93.8305,93.024,87.361974,0.042,0.036909,0.041993,TRUE,TRUE,5.662026,0.048253,-2.000043,9.914365,55.853186,0.607276,0.275418,0.032332,0.597522,8.657447,13.733847,83.870809,1.594823,0.946269,62.66322,0.719021,0.845154,0.64063,1.007747,0.137682,-5.163772,1.776961,236742,437.037037,-34321122.846454,0.099613,46.482016,-7.464515,-8.569415,102.266371,-0.081598,-3.005155,0.800394,0.845154,0.717325
01-30-26,94.019997,94.220001,93.370003,93.959999,48500,93.8815,93.0994,87.462373,0.041706,0.036843,0.042364,TRUE,TRUE,5.637026,0.04875,-9.562454,10.180137,52.820813,-5.021478,0.257965,0.011903,1.249996,8.475767,13.893488,72.40129,1.097479,0.960134,59.082702,0.703515,0.667977,0.509267,0.975235,0.452999,-5.163772,2.758817,188242,108.154506,-34302293.731734,0.148211,35.802113,-3.650122,-6.027824,104.874699,-0.031393,-1.011193,0.71363,0.667977,0.132863
02-02-26,93.720001,94.620003,93.650002,94.43,21100,93.927,93.1824,87.565671,0.041136,0.036877,0.042737,TRUE,TRUE,5.616729,0.050438,1.716077,9.853433,56.551934,-0.83077,0.278844,0.026226,1.461266,9.257502,13.764915,89.247206,0.973058,0.984099,59.653463,0.705016,0.675733,0.515113,0.974197,0.513423,-5.163772,1.185726,209342,25.595238,-34289459.806927,0.188381,42.038582,-4.095748,-6.661406,104.441729,-0.027884,-0.90166,0.717714,0.675733,0.843204
02-03-26,94.470001,94.620003,92.889999,93.610001,55400,93.903,93.2768,87.67298,0.039692,0.036951,0.04311,TRUE,TRUE,5.603819,0.048924,-3.407344,10.4017,49.235981,-6.617205,0.226611,-0.020805,0.461473,10.230331,13.373712,59.856546,-0.510145,1.046133,59.928109,0.698876,0.658617,0.486271,0.98854,0.611195,-5.163772,2.777639,153942,346.774194,-34298746.523427,0.118722,37.230099,-5.133595,-7.054503,103.360089,-0.032488,-1.029559,0.697331,0.658617,-0.488919
02-04-26,93.599998,93.82,92.589996,93.160004,35200,93.872001,93.3448,87.777592,0.036977,0.036999,0.043483,FALSE,TRUE,5.567207,0.046734,-13.218381,11.210992,45.73902,-7.081793,0.147209,-0.080166,1.161915,8.691555,13.648694,43.727628,-0.661117,1.095657,62.159869,0.702045,0.648185,0.46938,1.051322,0.381901,-5.163772,1.679389,111942,136.241611,-34197084.238676,0.142374,30.919003,-6.633952,-6.934737,101.751951,-0.046512,-1.443815,0.685113,0.648185,-1.145428
02-05-26,92.519997,92.779999,91.739998,91.980003,76800,93.783001,93.3622,87.884118,0.032456,0.036962,0.043855,FALSE,TRUE,5.478082,0.04494,-25.432097,12.714773,38.097761,-18.454172,-0.01081,-0.190548,-0.454543,6.496572,11.386196,8.026925,-1.898463,1.18504,75.21899,0.692478,0.636798,0.471533,1.262179,-0.694014,-5.163772,3.17815,35142,504.724409,-34238437.304736,0.026248,25.98012,-5.826441,-5.961503,101.700506,-0.066065,-2.083323,0.686683,0.636798,-2.396997
02-06-26,92.440002,93.919998,92.43,93.760002,34100,93.751001,93.3978,87.991282,0.027736,0.036907,0.044226,TRUE,TRUE,5.406518,0.046403,0.41842,12.573761,51.311524,2.075543,0.007504,-0.137787,2.615737,8.758526,13.147199,67.558547,-0.677965,1.196825,73.804016,0.736492,0.677442,0.487145,1.260276,-0.023072,-5.163772,1.370579,81442,72.222222,-34180909.688411,0.055206,32.717597,-4.845259,-5.934886,101.969088,-0.048343,-1.455032,0.697958,0.677442,0.012197
02-09-26,93.660004,94.440002,93.459999,94.239998,35100,93.7355,93.4306,88.095322,0.022834,0.036863,0.044596,TRUE,TRUE,5.335278,0.048803,27.845025,11.857312,54.153551,8.414531,0.060057,-0.068188,3.017047,8.299993,13.400361,83.611887,-0.327874,1.130094,72.348828,0.739178,0.676866,0.496181,1.035898,0.117952,-5.163772,1.344313,241142,234.285714,-34091934.655281,0.075412,40.147031,-6.062062,-8.198667,101.793754,-0.045829,-1.386597,0.704401,0.676866,0.697313
02-10-26,94.379997,94.5,93.919998,93.919998,22300,93.7155,93.45,88.190445,0.017459,0.036829,0.044966,TRUE,TRUE,5.259555,0.047924,11.170964,11.125284,51.975358,13.877597,0.075019,-0.04258,1.087068,8.217655,13.982182,72.909575,-0.42409,1.058652,71.191625,0.705323,0.63217,0.433164,0.970707,0.636256,-5.163772,0.834269,214442,125.252525,-33564362.167403,0.032263,39.161352,-7.487308,-9.08346,101.372176,-0.045443,-1.358478,0.658152,0.63217,0.28725
02-11-26,94.589996,94.589996,93.629997,93.919998,23500,93.7195,93.466,88.282781,0.012462,0.036782,0.045334,TRUE,TRUE,5.183219,0.046866,4.486224,10.763847,51.975358,0.663834,0.085887,-0.02537,0.902446,7.097188,13.285999,72.909575,0.085253,1.071581,71.287669,0.705275,0.630321,0.43259,0.952004,0.648585,-5.163772,0.873119,214442,18.686869,-33573664.192374,-0.005443,34.552173,-6.882149,-9.501354,101.643052,-0.038813,-1.159766,0.657716,0.630321,0.281252
02-12-26,94.199997,94.230003,92.360001,92.440002,34400,93.6375,93.462,88.36702,0.006906,0.036634,0.0457,FALSE,TRUE,5.09498,0.041844,-14.081179,11.609155,42.751702,-11.401849,-0.024639,-0.108717,-0.804807,5.039064,11.420763,23.411481,-1.743197,1.20078,76.186558,0.725578,0.643984,0.462057,1.087183,0.386349,-5.163772,1.228571,171942,170.866142,-33521654.983681,-0.046132,32.94862,-5.417826,-9.199141,101.220582,-0.041808,-1.247112,0.679747,0.643984,-1.571797
02-13-26,92.519997,93.089996,92,92.480003,34500,93.559501,93.4556,88.449866,0.001282,0.036371,0.046063,FALSE,TRUE,5.005734,0.035861,-20.402994,12.675989,43.04589,-8.929468,-0.107762,-0.153472,0.960704,5.01307,11.790068,24.749302,-1.658866,1.233472,79.751117,0.720701,0.605727,0.437829,1.221889,0.627361,-5.163772,1.184753,215642,185.123967,-33506368.617406,-0.050037,29.350657,-7.176758,-11.32556,99.921156,-0.04304,-1.264394,0.661687,0.605727,-1.353582
02-17-26,92.199997,92.900002,91.739998,92.610001,34900,93.504,93.4452,88.532865,-0.003309,0.03603,0.046423,FALSE,TRUE,4.912335,0.030116,-24.479179,13.866766,44.052114,-7.923244,-0.161289,-0.165599,1.135744,5.471392,10.816693,29.097028,-1.18438,1.284188,82.393924,0.720774,0.60453,0.4355,1.29279,0.642268,-5.163772,1.152957,228342,193.277311,-33379876.415843,-0.038968,26.286879,-6.358183,-10.56293,99.105558,-0.032746,-0.959917,0.659924,0.60453,-1.085031
02-18-26,92.879997,93.459999,92.760002,92.989998,22600,93.5565,93.442,88.615574,-0.006991,0.035646,0.04678,FALSE,TRUE,4.826426,0.022509,-18.102459,14.221469,46.999781,4.24808,-0.171075,-0.140308,2.479612,5.92823,11.258172,43.402704,1.142044,1.312737,74.909159,0.691476,0.563192,0.419529,1.348016,1.415587,-5.163772,0.750083,250942,-11.023622,-33387625.198405,-0.009858,26.781206,-7.491919,-11.813031,98.09292,-0.01604,-0.483333,0.647711,0.563192,-0.756252
02-19-26,92.809998,93.029999,92.440002,92.830002,23700,93.543501,93.4316,88.691859,-0.010503,0.035244,0.047133,FALSE,TRUE,4.739741,0.015886,-18.102381,14.827037,45.903174,2.857285,-0.189555,-0.12703,2.927153,6.338222,10.908638,37.847296,-0.279294,1.252674,75.979291,0.681949,0.55117,0.4106,1.421411,0.988888,-5.163772,0.794369,192242,-19.932432,-33202667.815734,-0.016131,27.082566,-7.635751,-12.015417,98.387548,-0.030736,-0.931952,0.64078,0.55117,-0.93907
02-20-26,92.510002,93.57,92.510002,93.489998,43000,93.5375,93.4402,88.773783,-0.013744,0.034831,0.047484,TRUE,TRUE,4.666417,0.012463,-5.628774,14.691029,50.98374,6.931626,-0.149224,-0.06936,3.555604,7.388845,11.366904,60.763786,-0.128194,1.255291,75.971395,0.660813,0.530608,0.394931,1.439963,0.703004,-5.163772,1.381748,235242,148.554913,-33166158.545278,0.04603,36.063999,-6.919103,-11.329848,98.547344,-0.034821,-1.075368,0.628435,0.530608,-0.062527
02-23-26,93.209999,93.550003,92.279999,92.519997,28000,93.4825,93.432,88.854092,-0.017691,0.034354,0.047832,FALSE,TRUE,4.577908,0.008792,-21.582022,14.784043,44.385911,-2.61387,-0.193305,-0.090752,4.083696,6.641314,10.643268,27.083245,-1.174969,1.291614,79.25358,0.664374,0.529967,0.382516,1.365157,-0.094217,-5.163772,0.878983,200942,110.526316,-33112225.285079,0.017629,31.352507,-6.92507,-11.105857,97.911313,-0.055541,-1.688841,0.618479,0.529967,-1.214461
02-24-26,92.339996,93.300003,92.25,93.220001,18400,93.4385,93.4252,88.93596,-0.021988,0.033836,0.048178,FALSE,TRUE,4.48924,0.00729,-4.467357,14.899984,49.468073,3.564899,-0.169797,-0.053796,3.854723,5.853354,13.337503,51.92997,-0.935172,1.22981,78.079004,0.665852,0.51636,0.357923,1.383982,-0.061209,-5.163772,0.568955,229142,111.494253,-33041219.764502,0.039838,37.809266,-6.160887,-10.604097,99.463136,-0.04411,-1.312386,0.598266,0.51636,-0.279843
02-25-26,93.650002,94.010002,93.599998,94.010002,14200,93.4145,93.4306,89.019638,-0.025718,0.033303,0.048522,TRUE,TRUE,4.410963,0.007641,9.371554,14.079773,54.519356,3.535616,-0.086425,0.023662,3.182967,7.21202,14.95016,79.649315,-0.507986,1.186045,75.367436,0.672931,0.524866,0.364776,1.351241,0.124023,-5.163772,0.434517,269742,91.891892,-32840286.944045,0.055488,42.80277,-6.206502,-10.724391,101.512129,-0.041972,-1.242299,0.603967,0.524866,0.790131
02-26-26,93.830002,93.830002,92.839996,93.440002,24600,93.3645,93.4452,89.100465,-0.028941,0.032728,0.048863,FALSE,TRUE,4.344735,0.007287,17.257705,14.104459,50.589909,6.203998,-0.065589,0.035598,1.587301,6.151285,14.782732,59.649315,-1.058873,1.174169,71.419708,0.677413,0.505932,0.338299,1.211007,-0.18504,-5.163772,0.746246,245142,30.15873,-32835068.624352,0.074809,48.385844,-7.505587,-11.871832,100.089958,-0.056546,-1.629,0.581635,0.505932,0.105716
02-27-26,92.639999,93.07,92.489998,93.07,27400,93.304,93.453,89.166752,-0.03127,0.032094,0.049203,FALSE,TRUE,4.286249,0.005495,-9.787286,14.454416,48.163235,-1.304838,-0.078034,0.018523,0.507561,5.444089,14.356114,46.666756,-1.28341,1.102858,68.313752,0.676023,0.506568,0.335569,1.248241,-0.138656,-5.163772,0.833207,203842,-5.517241,-32766620.275177,0.087676,40.404681,-7.043278,-11.328284,99.323004,-0.057055,-1.643644,0.579283,0.506568,-0.342538
03-02-26,91.970001,93.339996,91.970001,93.080002,110900,93.260001,93.467,89.230649,-0.03263,0.031386,0.049542,FALSE,TRUE,4.236351,0.003967,-17.629135,15.235582,48.235521,-6.283835,-0.086096,0.008368,0.139865,5.193806,16.197057,47.017708,-0.936566,1.132667,66.680629,0.675685,0.502949,0.333951,1.078912,-0.202147,-5.163772,3.080128,228542,128.659794,-32653330.496212,0.149483,26.162443,-8.074582,-12.539027,97.98151,-0.065178,-1.876298,0.577885,0.502949,-0.269942
03-03-26,91.470001,92.459999,90.769997,92.199997,133800,93.1485,93.4834,89.2893,-0.03393,0.030582,0.049878,FALSE,TRUE,4.1941,0.00154,-24.089655,16.834195,42.606111,-7.983797,-0.161632,-0.053734,-0.987979,4.920986,13.314783,37.434566,-2.361541,1.277503,64.701926,0.685127,0.500216,0.354191,1.195063,-0.701777,-5.163772,3.213256,107842,534.123223,-32111261.720801,0.225071,17.207493,-6.867797,-10.046277,99.041582,-0.068398,-1.97207,0.59514,0.500216,-1.465959
03-04-26,92.449997,93.050003,92.150002,92.889999,29500,93.1125,93.5004,89.350257,-0.034953,0.029688,0.050211,FALSE,TRUE,4.150143,0.000329,-13.154515,17.533864,47.754755,-0.40848,-0.163927,-0.044824,0.269862,6.443454,16.30584,61.271637,-0.76915,1.2634,63.998211,0.692163,0.517418,0.364331,1.236488,-0.416792,-5.163772,0.731193,137242,-46.750903,-31893787.640388,0.267365,22.130028,-7.164917,-9.050813,98.549617,-0.053548,-1.540363,0.603598,0.517418,-0.347668
03-05-26,92.339996,92.860001,91.589996,92.339996,40800,93.0715,93.4906,89.405079,-0.035863,0.02869,0.050543,FALSE,TRUE,4.085521,-0.001429,-1.449362,18.57896,44.340274,-3.895247,-0.207733,-0.070903,-0.495697,5.307492,16.954812,48.456699,-0.880214,1.226834,66.264424,0.695704,0.529098,0.380445,1.247033,-0.721498,-5.163772,1.004308,96442,15.909091,-31886398.826124,0.277786,21.899772,-7.12613,-8.762274,98.705091,-0.066086,-1.915772,0.616802,0.529098,-1.103916
03-06-26,91.330002,91.610001,90.879997,91.150002,54600,93.03,93.4456,89.455196,-0.037567,0.027657,0.05087,FALSE,TRUE,3.990404,-0.005574,-16.521756,20.001929,38.008149,-4.597962,-0.334614,-0.158228,-2.126056,3.03586,14.283488,11.728526,-0.902372,1.271845,75.425797,0.71395,0.545835,0.407227,1.42372,-1.065504,-5.163772,1.381754,35342,-28.90625,-31814556.617713,0.319934,21.201358,-6.696124,-8.542597,98.790735,-0.074989,-2.165643,0.638144,0.545835,-2.492514
03-09-26,90.269997,92.080002,89.790001,91.870003,109300,92.9355,93.4072,89.515631,-0.039993,0.026576,0.051194,FALSE,TRUE,3.891569,-0.008653,-8.564783,21.910817,43.285523,-4.469232,-0.372773,-0.157109,-1.374126,4.190548,17.214465,49.289129,-2.015784,1.349735,77.606572,0.72162,0.550649,0.406498,1.496228,-0.71335,-5.163772,2.525708,157742,220.527859,-31678289.111217,0.364322,34.800061,-5.231819,-7.442715,99.86198,-0.062103,-1.773346,0.637572,0.550649,-1.372947
03-10-26,91.800003,92.529999,91.620003,91.739998,63100,92.8105,93.3598,89.575865,-0.043224,0.025434,0.051516,FALSE,TRUE,3.783935,-0.010818,-14.898663,23.095094,42.580657,-1.759617,-0.408793,-0.154503,-1.724693,3.808173,16.282608,46.208445,-2.652801,1.356319,75.596896,0.715986,0.544749,0.399408,1.603457,-1.021766,-5.163772,1.412423,83142,79.77208,-31574466.622004,0.27766,38.426216,-6.313235,-8.161381,97.958228,-0.069885,-1.999366,0.631988,0.544749,-1.416066
03-11-26,91.739998,92.120003,91.260002,91.629997,27400,92.696,93.3168,89.638086,-0.047015,0.024265,0.051837,FALSE,TRUE,3.678714,-0.012757,-14.388511,24.397442,41.95807,3.949921,-0.441129,-0.149472,-1.536643,3.415144,19.373153,43.601796,-2.438246,1.378995,75.249366,0.715475,0.54322,0.397805,1.707731,-1.137979,-5.163772,0.609838,55742,22.869955,-31578290.205688,0.296645,38.246143,-6.347038,-7.985135,98.204868,-0.067151,-1.919943,0.630718,0.54322,-1.416627
03-12-26,90.93,90.93,90.260002,90.260002,38600,92.513,93.253,89.688929,-0.051825,0.022989,0.052156,FALSE,TRUE,3.564071,-0.01857,-35.690488,26.114932,35.078822,-8.206701,-0.570725,-0.223254,-2.873128,1.560149,18.600847,11.137466,-3.896929,1.424458,87.433651,0.727193,0.556474,0.409087,2.007743,-1.263847,-5.163772,0.844916,16542,64.255319,-31547683.615786,0.259677,32.500465,-6.811669,-8.777549,97.524533,-0.069993,-1.987678,0.639599,0.556474,-2.576809
03-12-26,90.93,90.93,90.260002,90.260002,38571,92.404,93.2022,89.736686,-0.057672,0.021571,0.052472,FALSE,TRUE,3.465514,-0.024299,-27.97017,27.709743,35.078822,-7.501834,-0.665755,-0.254628,-3.527144,0.678497,17.908627,11.137466,-2.358287,1.376975,100.937379,0.727213,0.556761,0.409264,2.233416,-1.252041,-5.163772,0.840445,16542,12.125,-31586254.615786,0.250746,33.825554,-6.662207,-8.779109,97.524533,-0.070462,-2.001234,0.639738,0.556761,-2.124087
03-12-26,90.93,90.93,90.260002,90.260002,38571,92.404,93.2022,89.736686,-0.057672,0.021571,0.052472,FALSE,TRUE,3.465514,-0.024299,-27.97017,27.709743,35.078822,-7.501834,-0.665755,-0.254628,-3.527144,0.678497,17.908627,11.137466,-2.358287,1.376975,100.937379,0.727213,0.556761,0.409264,2.233416,-1.252041,-5.163772,0.840445,1942,12.125,-31397714.894211,0.250746,33.825554,-6.662207,-8.779109,96.18311,-0.070462,-2.001234,0.639738,0.556761,-2.124087
03-13-26,90.599998,91.040001,89.610001,89.699997,35400,92.265,93.1374,89.783235,-0.064881,0.01999,0.052785,FALSE,FALSE,3.354165,-0.031319,-44.332449,29.499076,32.548916,-9.409154,-0.777296,-0.292934,-4.309794,0.076122,19.029682,2.045371,-3.006062,1.415831,117.60171,0.730167,0.562671,0.413984,2.537528,-1.354497,-5.163772,0.770595,-33458,2.608696,-31428659.132419,0.221299,30.435176,-6.232874,-9.152187,96.247641,-0.076107,-2.161464,0.643416,0.562671,-2.181093
03-13-26,90.599998,91.040001,89.610001,89.699997,35389,92.1195,93.061,89.828292,-0.073099,0.018284,0.053094,FALSE,FALSE,3.232708,-0.039885,-60.279651,31.160599,32.548916,-2.529906,-0.855827,-0.297172,-3.246686,-0.3896,16.437087,2.132614,-3.142213,1.466795,130.412536,0.717396,0.561283,0.426742,2.312943,-0.979391,-5.163772,0.769945,-33458,1.401146,-31459593.755186,0.168547,28.983249,-5.388013,-9.020893,96.247641,-0.057992,-1.694875,0.653255,0.561283,-1.855268
03-13-26,90.599998,91.040001,89.610001,89.699997,35389,92.1195,93.061,89.828292,-0.073099,0.018284,0.053094,FALSE,FALSE,3.232708,-0.039885,-60.279651,31.160599,32.548916,-2.529906,-0.855827,-0.297172,-3.246686,-0.3896,16.437087,2.132614,-3.142213,1.466795,130.412536,0.717396,0.561283,0.426742,2.312943,-0.979391,-5.163772,0.769945,-27058,1.401146,-31254393.970229,0.168547,28.983249,-5.388013,-9.020893,97.588661,-0.057992,-1.694875,0.653255,0.561283,-1.855268
03-16-26,90.489998,90.870003,90.449997,90.629997,17300,92.0015,92.9918,89.878595,-0.080091,0.016482,0.053399,FALSE,TRUE,3.113205,-0.045715,-37.41676,32.703441,40.775528,5.696705,-0.833413,-0.219807,-2.211915,0.765967,16.637103,27.345786,-2.537908,1.451743,132.776991,0.724092,0.566881,0.435352,2.133316,-0.85541,-5.163772,0.378572,-9758,-23.451327,-31256865.578374,0.175298,31.801563,-5.684582,-9.489862,97.43612,-0.056991,-1.662742,0.659812,0.566881,-1.032937
03-17-26,91.07,91.190002,90.809998,90.870003,8200,91.9035,92.9336,89.928158,-0.086351,0.014568,0.0537,FALSE,TRUE,3.005442,-0.049734,-29.810175,33.601685,42.717214,10.168297,-0.787208,-0.138882,-1.634547,1.280002,18.551731,33.780257,-2.111385,1.417253,133.570945,0.715853,0.559258,0.427459,2.225689,-1.08461,-5.163772,0.182535,-1558,-65.400844,-31262475.914064,0.163583,33.950183,-6.082825,-9.103383,97.492179,-0.060569,-1.775117,0.653804,0.559258,-0.773744
03-17-26,91.07,91.190002,90.809998,90.870003,8168,91.7725,92.8758,89.975132,-0.09211,0.012497,0.053996,FALSE,TRUE,2.900668,-0.052678,-29.986346,34.435769,42.717214,10.168297,-0.742038,-0.074969,-0.558103,0.68655,17.21558,36.627943,-2.802434,1.339434,129.992298,0.710817,0.55483,0.424688,2.137864,-1.320842,-5.163772,0.189156,-1558,-81.004651,-31268064.35576,0.121436,40.794442,-5.006381,-9.170367,97.492179,-0.066066,-1.945214,0.651681,0.55483,-0.69427
03-17-26,91.07,91.190002,90.809998,90.870003,8168,91.7725,92.8758,89.975132,-0.09211,0.012497,0.053996,FALSE,TRUE,2.900668,-0.052678,-29.986346,34.435769,42.717214,10.168297,-0.742038,-0.074969,-0.558103,0.68655,17.21558,36.627943,-2.802434,1.339434,129.992298,0.710817,0.55483,0.424688,2.137864,-1.320842,-5.163772,0.189156,-58,-81.004651,-31058737.884646,0.121436,40.794442,-5.006381,-9.170367,96.992334,-0.066066,-1.945214,0.651681,0.55483,-0.69427
03-18-26,90.529999,90.629997,89.559998,89.559998,14100,91.6245,92.779,90.015706,-0.098198,0.010204,0.054286,FALSE,FALSE,2.763294,-0.056967,-33.846067,35.920033,35.375443,-5.400085,-0.802693,-0.108499,-2.694484,-1.277958,15.748137,0,-3.199307,1.279271,137.658102,0.730635,0.569836,0.454973,2.334312,-1.958257,-5.277637,0.331871,-14158,-49.642857,-31072837.884646,0.127326,52.02068,-4.558643,-8.181488,97.263038,-0.079565,-2.341587,0.674517,0.569836,-1.499732
03-18-26,90.529999,90.629997,89.559998,89.559998,14124,91.4415,92.6792,90.058619,-0.104801,0.0077,0.05457,FALSE,FALSE,2.620581,-0.06048,-46.835364,37.298278,35.375443,-7.341771,-0.841067,-0.117499,-3.522573,-1.699622,15.584977,0,-3.9262,1.29283,139.64484,0.728672,0.570344,0.458217,2.000969,-2.087415,-5.277637,0.334117,-14158,-23.23913,-31086961.884646,0.092817,48.502937,-4.542546,-8.05309,97.263038,-0.085657,-2.535237,0.676917,0.570344,-1.347348
03-19-26,88.849998,89.730003,88.769997,89.339996,13517,91.207999,92.5796,90.096052,-0.112116,0.005031,0.054847,FALSE,FALSE,2.483548,-0.064659,-44.247696,38.95383,34.22961,-8.487604,-0.879098,-0.124424,-4.346901,-1.390324,13.354685,15.159558,-4.967563,1.26883,133.337638,0.728137,0.558554,0.451732,1.740759,-2.050794,-5.510319,0.320016,-27675,-4.809859,-31084427.567996,0.079083,52.073742,-3.775954,-7.053246,98.097118,-0.075375,-2.219319,0.67211,0.558554,-1.400957
03-20-26,89.07,89.129997,87.699997,88,20900,90.935999,92.4628,90.126686,-0.120788,0.002131,0.055116,FALSE,FALSE,2.336114,-0.071348,-45.454465,40.904077,28.231475,-7.143968,-1.00577,-0.200877,-6.173367,-2.590425,11.542073,6.211241,-5.82192,1.302761,140.693209,0.750199,0.574897,0.478237,2.062491,-2.39535,-6.927555,0.496987,-33475,-15.04065,-30911430.146083,0.058803,57.239639,-3.746179,-6.61833,98.447833,-0.079341,-2.324263,0.691547,0.574897,-2.08681
03-20-26,89.07,89.129997,87.699997,88,20869,90.682499,92.3412,90.154881,-0.130384,-0.000991,0.055377,FALSE,FALSE,2.186319,-0.078836,-62.318741,42.71502,28.231475,-7.143968,-1.093553,-0.230928,-6.492403,-2.049504,12.705158,6.211241,-5.447512,1.232956,145.801937,0.746161,0.571675,0.475927,2.232048,-2.161681,-6.927555,0.500133,-33475,-23.835766,-30923542.835103,0.011917,37.524519,-4.106421,-6.288514,98.447833,-0.07249,-2.130349,0.689875,0.571675,-1.839824
03-20-26,89.07,89.129997,87.699997,88,20869,90.682499,92.3412,90.154881,-0.130384,-0.000991,0.055377,FALSE,FALSE,2.186319,-0.078836,-62.318741,42.71502,28.231475,-7.143968,-1.093553,-0.230928,-6.492403,-2.049504,12.705158,6.211241,-5.447512,1.232956,145.801937,0.746161,0.571675,0.475927,2.232048,-2.161681,-6.927555,0.500133,-18675,-23.835766,-30860564.642588,0.011917,37.524519,-4.106421,-6.288514,99.169161,-0.07249,-2.130349,0.689875,0.571675,-1.839824
03-23-26,89.199997,89.940002,88.800003,89.040001,30000,90.480499,92.2412,90.189371,-0.139619,-0.004219,0.055631,FALSE,FALSE,2.051829,-0.084114,-37.92125,43.045105,38.009261,3.779652,-1.066903,-0.163422,-5.05438,-1.537092,14.546934,30.316792,-4.340353,1.301183,138.648157,0.763374,0.581114,0.498051,2.263711,-1.755623,-6.927555,0.796138,11325,-72.948602,-30877933.169311,-0.10115,26.974382,-4.588966,-7.648952,98.592389,-0.066909,-1.963895,0.705727,0.581114,-1.03896
03-23-26,89.199997,89.940002,88.800003,89.040001,30049,90.322499,92.1476,90.222766,-0.148692,-0.007557,0.055879,FALSE,FALSE,1.924834,-0.088193,-36.947115,43.351613,38.009261,9.777787,-1.033866,-0.104308,-4.719097,-1.808557,16.866617,38.395469,-3.427328,1.323644,136.001889,0.75801,0.578641,0.491263,1.676305,-1.985866,-6.927555,0.924745,11325,-77.541854,-30895330.064627,-0.286601,31.210466,-4.359076,-7.112941,98.592389,-0.067928,-1.994473,0.700902,0.578641,-0.943001
03-23-26,89.199997,89.940002,88.800003,89.040001,30049,90.322499,92.1476,90.222766,-0.148692,-0.007557,0.055879,FALSE,FALSE,1.924834,-0.088193,-36.947115,43.351613,38.009261,9.777787,-1.033866,-0.104308,-4.719097,-1.808557,16.866617,38.395469,-3.427328,1.323644,136.001889,0.75801,0.578641,0.491263,1.676305,-1.985866,-6.927555,0.924745,14125,-77.541854,-30613127.636653,-0.286601,31.210466,-4.359076,-7.112941,99.046593,-0.067928,-1.994473,0.700902,0.578641,-0.943001
03-24-26,88.480003,89.160004,88.269997,88.589996,37700,90.107499,92.0806,90.25834,-0.157155,-0.010966,0.056118,FALSE,FALSE,1.82226,-0.091795,-27.422012,43.935272,35.576905,7.34543,-1.032097,-0.082032,-4.536645,-2.680438,15.671461,25.501375,-4.629135,1.291668,126.965362,0.754504,0.574107,0.486228,1.796522,-2.386041,-6.927555,1.145745,-23575,27.79661,-30623717.763952,-0.32801,31.505287,-4.70689,-7.817805,98.504142,-0.082992,-2.436057,0.6973,0.574107,-1.19521
03-24-26,88.480003,89.160004,88.269997,88.589996,37666,89.919999,91.9906,90.290032,-0.164426,-0.014443,0.056351,FALSE,FALSE,1.700568,-0.095616,-27.422012,44.477242,35.576905,-2.432357,-1.01895,-0.055107,-4.680445,-3.042581,15.162558,25.501375,-4.061079,1.309406,119.745417,0.753987,0.578681,0.487328,1.909183,-2.272068,-6.927555,1.150189,-23575,-7.681373,-30634298.340472,-0.357016,31.505287,-4.299492,-7.969017,98.504142,-0.08584,-2.524086,0.698089,0.578681,-1.110692
03-25-26,89.440002,89.449997,89.029999,89.099998,49200,89.817499,91.9004,90.327858,-0.169076,-0.018021,0.056576,FALSE,FALSE,1.572542,-0.098347,-9.933723,44.460737,40.575286,2.566024,-0.956354,0.005991,-4.72626,-2.505746,14.977497,40.114594,-2.249043,1.256216,117.413807,0.758859,0.585144,0.500066,1.948736,-2.049332,-6.927555,1.514888,25625,-9.89011,-30667098.340472,-0.388603,55.039116,-4.642418,-8.604116,97.824259,-0.079421,-2.349734,0.707154,0.585144,-0.611087
03-25-26,89.440002,89.449997,89.029999,89.099998,49160,89.678999,91.81,90.365784,-0.172367,-0.021697,0.056794,FALSE,FALSE,1.444216,-0.099734,-9.933723,44.44541,40.575286,4.998381,-0.896412,0.052746,-5.303431,-2.569709,20.845123,40.114594,-3.015135,1.175248,107.878572,0.752289,0.580015,0.495885,1.987502,-2.307294,-6.927555,1.6681,25625,-55.022873,-30699871.673805,-0.635285,55.039116,-4.802488,-7.361963,97.824259,-0.084769,-2.519348,0.704191,0.580015,-0.536715
03-25-26,89.440002,89.449997,89.029999,89.099998,49160,89.678999,91.81,90.365784,-0.172367,-0.021697,0.056794,FALSE,FALSE,1.444216,-0.099734,-9.933723,44.44541,40.575286,4.998381,-0.896412,0.052746,-5.303431,-2.569709,20.845123,40.114594,-3.015135,1.175248,107.878572,0.752289,0.580015,0.495885,1.987502,-2.307294,-6.927555,1.6681,30725,-55.022873,-30602129.219582,-0.635285,55.039116,-4.802488,-7.361963,98.387213,-0.084769,-2.519348,0.704191,0.580015,-0.536715
03-26-26,88.510002,88.739998,87.470001,87.510002,22600,89.467499,91.6782,90.398148,-0.175756,-0.025542,0.057004,FALSE,FALSE,1.280052,-0.103179,-46.567006,45.349285,31.686291,-3.890614,-0.966071,-0.01353,-6.685857,-4.610852,26.093895,1.075293,-4.610852,1.234147,106.805237,0.782471,0.604304,0.510595,2.218505,-2.875416,-7.445797,0.823446,8125,-64.183835,-30623305.561188,-0.636098,44.73885,-5.759341,-7.972009,97.904842,-0.098265,-2.849682,0.714559,0.604304,-1.832773
03-27-26,87.18,87.18,85.830002,85.980003,173200,89.184999,91.508,90.42127,-0.179961,-0.029535,0.057207,FALSE,FALSE,1.08673,-0.109131,-61.201452,46.822856,25.823704,-14.751582,-1.131689,-0.143319,-8.29778,-5.847565,24.102915,2.798536,-6.166096,1.349153,120.446731,0.809942,0.603861,0.475743,2.643905,-3.269546,-9.063987,4.986232,-169675,532.116788,-30711855.14137,-0.691004,22.313275,-6.461392,-9.75744,96.015788,-0.122534,-3.316879,0.689741,0.603861,-2.660924
03-30-26,86.440002,86.480003,85.07,85.419998,130700,88.942999,91.3276,90.437659,-0.185233,-0.033678,0.0574,FALSE,FALSE,0.88994,-0.11635,-63.742664,48.418688,24.068406,-16.50688,-1.293223,-0.243882,-9.512715,-7.030909,25.183143,6.294939,-5.362291,1.444127,144.025602,0.811217,0.603336,0.473467,1.932109,-3.310857,-9.656271,3.322263,-305875,238.601036,-30743850.999335,-0.644707,16.485313,-7.12781,-10.846523,94.612361,-0.125159,-3.375292,0.68809,0.603336,-2.446094
03-31-26,86.339996,88.019997,86.330002,87.980003,60600,88.828999,91.2016,90.462121,-0.188486,-0.037788,0.057588,FALSE,FALSE,0.739479,-0.118499,-16.122372,47.850649,43.106663,11.420373,-1.200826,-0.121188,-6.948704,-3.95196,17.846441,52.338218,-2.526034,1.506838,142.062543,0.906268,0.674137,0.523088,1.988807,-2.163343,-9.656271,1.498439,-245275,57.112857,-30686119.165702,-0.508085,26.368181,-6.268015,-10.762074,95.262108,-0.098243,-2.49187,0.723248,0.674137,-0.597621
04-01-26,88.470001,89.019997,88.330002,88.550003,21800,88.7715,91.0934,90.489582,-0.18938,-0.041793,0.057769,FALSE,FALSE,0.603818,-0.119442,-9.739571,46.259117,46.333146,20.509442,-1.069281,0.008286,-6.117469,-0.673021,22.886384,71.457934,-1.282045,1.494718,140.672134,0.911476,0.678006,0.52522,1.831669,-1.95058,-9.656271,0.548261,-228175,-38.418079,-30632639.586881,-0.487795,29.282005,-5.849489,-9.514417,95.823057,-0.09324,-2.356749,0.724721,0.678006,-0.157456
04-02-26,87.459999,88.919998,87.279999,88.660004,58000,88.7195,90.978,90.514407,-0.188061,-0.045674,0.057945,FALSE,FALSE,0.463593,-0.120441,-6.627603,45.350561,46.958305,22.889899,-0.945258,0.105847,-5.520027,-1.924776,20.934097,73.716672,-1.159413,1.547646,138.971179,0.91134,0.676872,0.526115,1.656638,-1.816019,-9.656271,1.418348,-170175,63.892735,-30593029.449086,-0.388053,27.109005,-5.726089,-9.68015,95.448867,-0.091101,-2.30519,0.725338,0.676872,-0.042812
04-06-26,88.660004,89.099998,88.650002,89.029999,26000,88.6395,90.8864,90.538888,-0.184634,-0.049327,0.058114,FALSE,FALSE,0.347512,-0.12357,11.087167,44.321992,49.105828,5.999165,-0.807802,0.194643,-5.367775,-1.895318,20.50613,81.314104,-1.765418,1.445741,131.815437,0.881917,0.655483,0.507959,1.623583,-1.181629,-9.656271,0.629119,-123675,50.289017,-30448788.427739,-0.359309,31.216444,-5.470472,-9.039745,96.321002,-0.070371,-1.805784,0.712713,0.655483,0.296247
04-07-26,88.730003,89.099998,88.059998,89.080002,64900,88.55,90.8048,90.561473,-0.178978,-0.052776,0.058276,FALSE,FALSE,0.243327,-0.124506,11.563174,43.682778,49.403969,3.070824,-0.686913,0.252425,-5.27435,-1.197872,20.752778,82.34086,-1.969848,1.413657,121.550904,0.865387,0.648871,0.516323,1.589714,-1.569438,-9.656271,1.469568,-58775,691.463415,-30386384.160417,-0.259238,28.167354,-5.706092,-9.344874,96.158089,-0.088681,-2.339072,0.718556,0.648871,0.436033
04-08-26,91.360001,91.440002,90.75,91.300003,52500,88.5715,90.7912,90.593861,-0.170041,-0.055971,0.058433,TRUE,TRUE,0.197339,-0.120699,21.482886,41.012248,60.474588,13.516284,-0.407278,0.425648,-2.582158,0.683726,26.545394,97.802208,0.473204,1.412142,126.163306,0.923247,0.683637,0.514571,3.492594,-0.916987,-9.656271,1.131972,-17775,542.752204,-30308247.103674,-0.207193,30.646961,-4.144333,-9.581836,96.167295,-0.067694,-1.670597,0.717336,0.683637,2.162676
04-09-26,91.120003,91.970001,91.07,91.839996,23200,88.6855,90.7528,90.625856,-0.156998,-0.058922,0.058585,TRUE,TRUE,0.126944,-0.115861,25.316402,38.154481,62.617217,13.511389,-0.140473,0.553963,-0.108773,0.240115,27.135984,98.115872,2.545778,1.385173,144.529477,0.926798,0.67438,0.499072,3.926834,-0.747682,-9.656271,0.495364,17725,64.539007,-30242341.735188,-0.172514,32.979616,-2.61086,-8.376769,95.218928,-0.04889,-1.183177,0.70645,0.67438,2.182597
04-10-26,91.959999,92.080002,91.690002,91.769997,9200,88.796,90.7034,90.656752,-0.140846,-0.061655,0.058732,TRUE,TRUE,0.046648,-0.110225,29.775283,35.436878,62.146909,12.74294,0.06458,0.607212,-1.417982,0.141856,29.848249,95.577673,2.467619,1.347312,159.26448,0.924091,0.670452,0.49944,3.811293,-0.918486,-9.656271,0.197476,8525,-34.862645,-30247767.64387,-0.16409,35.728763,-4.222882,-10.700438,94.531017,-0.066549,-1.61585,0.706711,0.670452,1.867332
04-13-26,91.57,92.639999,91.470001,92.610001,18400,88.9595,90.6772,90.695541,-0.122068,-0.06414,0.058874,TRUE,TRUE,-0.018341,-0.102422,34.895857,33.31939,65.496008,5.021419,0.291506,0.667311,-1.068262,1.657522,28.043113,99.603715,3.66018,1.356687,180.510758,0.930484,0.678434,0.506121,4.35871,-0.769753,-9.656271,0.392892,20925,36.12488,-30183524.958482,-0.147303,37.476865,-4.17707,-9.490829,94.567777,-0.066821,-1.622155,0.711422,0.678434,2.022317
04-14-26,92.959999,93.730003,92.879997,93.699997,14400,89.2445,90.6728,90.739879,-0.100131,-0.06633,0.059012,TRUE,TRUE,-0.067079,-0.092812,38.016521,32.07024,69.292632,6.675415,0.552927,0.742985,0.085446,2.259085,27.600844,99.653506,6.477269,1.360725,207.538235,0.943411,0.686415,0.506641,5.178025,-0.41429,-9.656271,0.309629,34625,-31.100478,-30145955.008649,-0.120903,34.271764,-3.36639,-8.88904,95.085174,-0.052715,-1.262854,0.711788,0.686415,2.146832
04-15-26,93.800003,94.440002,93.779999,94.440002,12000,89.5665,90.7128,90.785572,-0.075054,-0.068167,0.059146,TRUE,TRUE,-0.072772,-0.082219,41.588803,31.328475,71.579078,9.432169,0.810474,0.800426,0.361322,2.185679,26.095889,100,7.318185,1.374266,235.313688,0.948754,0.689147,0.505407,5.634615,-0.144473,-9.656271,0.260509,46625,-42.498443,-30133955.008649,-0.095893,35.500351,-3.506316,-8.724221,95.5117,-0.041756,-0.993447,0.71092,0.689147,2.071066
04-16-26,94.529999,94.75,94.32,94.650002,31700,89.847,90.7562,90.831118,-0.04748,-0.069654,0.059276,TRUE,TRUE,-0.074918,-0.071833,62.303623,30.816844,72.21142,6.715412,1.019772,0.807779,0.169334,1.208303,25.44263,98.966958,6.30054,1.280658,260.767077,0.948047,0.785131,0.560304,5.453952,0.012196,-9.656271,0.686909,80725,5.666667,-30056909.223156,-0.058528,39.791389,-3.581187,-9.3459,96.215579,-0.072185,-1.8228,0.748535,0.785131,1.841874
04-17-26,95.129997,96,95.129997,95.75,79000,90.1825,90.819,90.88376,-0.016656,-0.070759,0.059403,TRUE,TRUE,-0.064761,-0.058886,88.576527,30.996611,75.3102,6.017568,1.25988,0.838309,1.387121,2.155123,26.666544,97.712717,7.535938,1.241328,291.224227,0.957574,0.796307,0.563556,5.766166,0.194973,-9.656271,1.625638,159725,162.903924,-30023311.378673,-0.003112,59.196014,-3.147045,-9.656797,96.5241,-0.06138,-1.540255,0.750704,0.796307,1.911757
04-20-26,95.639999,95.650002,95.269997,95.529999,55500,90.5295,90.8698,90.934554,0.015941,-0.071501,0.059527,TRUE,TRUE,-0.064755,-0.047762,94.574353,31.163538,73.543804,1.964725,1.416091,0.795616,1.325838,1.931282,25.845213,95.139593,7.833844,1.17465,311.864881,0.950973,0.797761,0.573516,4.993869,0.373995,-9.656271,1.121523,87125,47.214854,-29928889.418541,0.028303,66.436247,-3.336408,-11.168873,95.515504,-0.049179,-1.257068,0.757309,0.797761,1.603418
04-21-26,95.620003,95.800003,94.82,94.919998,53600,90.846,90.9116,90.983995,0.049464,-0.071922,0.059647,TRUE,TRUE,-0.072395,-0.038508,79.404994,30.860926,68.730185,-3.481235,1.473679,0.682564,1.02171,2.284477,24.877898,87.61466,7.145278,1.060292,323.064919,0.952649,0.795124,0.586559,4.504303,0.329503,-9.656271,1.065967,33525,42.303404,-29971550.847412,-0.004046,55.671606,-5.332233,-9.280935,96.104278,-0.027724,-0.718477,0.765872,0.795124,1.261046
04-22-26,95.540001,95.879997,95.540001,95.879997,11600,91.185,90.9594,91.036988,0.084819,-0.071968,0.059764,TRUE,TRUE,-0.077588,-0.029777,80.284736,30.627504,71.85259,-3.45761,1.578586,0.629976,1.535526,3.01923,25.418197,98.623822,7.609426,1.043716,338.960464,0.945234,0.789757,0.567726,4.130456,0.969715,-9.656271,0.239655,42925,-76.422764,-29867215.026504,0.041662,54.900046,-4.084588,-8.470208,97.752028,-0.008247,-0.210652,0.753476,0.789757,1.385116
04-23-26,95.660004,95.980003,94.730003,95.440002,38500,91.502,91.0178,91.085286,0.12046,-0.071659,0.059876,TRUE,TRUE,-0.067487,-0.018968,71.670242,29.586802,68.47759,-5.066214,1.607689,0.527263,1.954921,2.425415,23.032408,92.947136,7.115605,1.01934,347.961736,0.915378,0.766678,0.5563,3.60907,0.309366,-9.656271,0.804262,4425,-21.684296,-29861979.082901,0.081826,56.638526,-3.508062,-8.938293,97.283985,-0.030816,-0.802293,0.745855,0.766678,1.131734
04-24-26,95.82,96.260002,95.610001,96.220001,26400,91.9375,91.0778,91.137485,0.156241,-0.070992,0.059987,TRUE,TRUE,-0.059685,-0.00616,72.847072,28.815662,71.071683,2.341498,1.674391,0.475172,3.284669,4.484749,24.790532,99.512184,9.953147,1.038544,349.87011,0.918923,0.786944,0.553701,3.313392,0.396082,-9.656271,0.549313,26725,16.814159,-29780730.37194,0.127619,56.849003,-1.540175,-8.5121,97.486649,-0.006002,-0.155211,0.744111,0.786944,1.224026
04-27-26,96.110001,96.330002,95.949997,96.32,19500,92.4545,91.124,91.189585,0.191233,-0.069979,0.060094,TRUE,TRUE,-0.065585,0.006159,72.983919,28.150011,71.396671,-0.455919,1.715546,0.413062,4.718413,4.242422,25.977346,99.82075,12.026048,0.988522,333.202982,0.917611,0.800097,0.56874,2.730137,0.524518,-9.656271,0.482972,44225,-88.741339,-29730103.964949,0.341612,66.554296,-1.057763,-7.215941,97.918576,0.01538,0.405151,0.754148,0.800097,1.160104
04-28-26,95.839996,96.019997,95.629997,95.879997,15000,92.9775,91.1728,91.239235,0.224959,-0.068594,0.060198,TRUE,TRUE,-0.066436,0.017624,56.265342,27.181727,67.788034,-0.689556,1.69314,0.312525,2.261087,4.935968,24.76837,91.444783,12.245375,0.868647,297.113539,0.919893,0.802597,0.571485,2.351245,0.391831,-9.656271,0.433651,16325,-88.523336,-29703253.37044,0.499995,59.950649,-1.789281,-6.877594,97.2549,0.010282,0.271045,0.755966,0.802597,0.976898
04-29-26,95.75,95.93,95.519997,95.849998,160100,93.371,91.2284,91.285693,0.256439,-0.06684,0.0603,TRUE,TRUE,-0.057293,0.026422,52.555748,26.160149,67.537398,-3.534285,1.653897,0.218626,1.708405,4.776995,24.038442,90.123389,8.945209,0.832403,279.00641,0.895231,0.782848,0.540932,2.000031,0.859089,-9.656271,4.046506,-153675,164.191419,-29351543.824671,0.487534,40.613121,0.096837,-6.059998,99.525887,0.024182,0.632875,0.735481,0.782848,0.88851
04-30-26,95.949997,96.849998,95.760002,96.760002,237800,93.7815,91.302,91.336351,0.286046,-0.064665,0.060398,TRUE,TRUE,-0.034351,0.036591,58.91387,25.950493,71.035842,-0.360829,1.676897,0.1933,3.023854,4.143793,25.216068,98.327205,9.271597,0.876249,264.354046,0.902483,0.792396,0.568383,1.892471,1.11783,-9.656271,4.721533,84125,990.825688,-29153012.083484,0.587924,58.336053,0.133326,-7.568956,98.448966,0.032122,0.860033,0.753912,0.792396,1.12671
05-01-26,97.010002,97.529999,97.010002,97.019997,42100,94.1995,91.3984,91.386463,0.31327,-0.062016,0.060495,TRUE,TRUE,0.011937,0.047168,55.893544,26.229398,71.965431,4.177397,1.696546,0.17036,3.30068,4.232912,21.559518,89.032216,9.429272,0.844452,244.455873,0.902782,0.791828,0.566915,1.724732,1.155012,-9.656271,0.849304,129225,-27.413793,-29160707.299593,0.516567,59.641395,0.422987,-6.653392,98.714605,0.033894,0.905628,0.752937,0.791828,1.153786
05-04-26,96.860001,97.160004,96.279999,96.620003,23200,94.579,91.473,91.434974,0.336411,-0.058948,0.060587,TRUE,TRUE,0.038026,0.057488,40.555696,25.646388,68.33191,0.794512,1.660699,0.10761,4.521852,3.680653,20.323019,75.733439,8.525221,0.830205,217.39628,0.90395,0.817209,0.581056,1.46643,0.912754,-9.656271,0.469351,102925,-10.769231,-29130790.032037,0.494579,57.208846,0.441499,-5.200947,98.922017,0.046799,1.269728,0.76227,0.817209,0.93884
05-05-26,97.099998,97.57,97.099998,97.419998,18600,94.996,91.5746,91.488233,0.355164,-0.055472,0.060677,TRUE,TRUE,0.086366,0.068647,41.04689,25.409624,71.437982,0.40214,1.677506,0.099533,5.34169,6.353712,21.064148,95.384568,9.362367,0.838784,183.748524,0.908659,0.816157,0.572298,1.629906,1.199206,-9.656271,0.394779,119125,-71.340524,-29090600.426156,0.459794,57.582069,3.136869,-4.167989,100.850998,0.073419,1.96127,0.756504,0.816157,1.319194
05-06-26,98.059998,98.809998,98.010002,98.809998,23900,95.371499,91.7278,91.549191,0.369928,-0.05156,0.060765,TRUE,TRUE,0.178608,0.082948,49.289172,25.99392,75.867045,3.901614,1.78244,0.163574,6.694738,7.906517,22.443144,100,8.225624,0.896382,180.957801,0.921631,0.826735,0.575057,2.699185,1.387826,-9.656271,0.523148,143025,-54.47619,-29066700.426156,0.466201,57.229606,3.366915,-3.164617,101.491923,0.081918,2.164491,0.758325,0.826735,1.900166
05-07-26,99.010002,99.040001,98.25,98.459999,24800,95.702499,91.8596,91.609347,0.380995,-0.047268,0.060851,TRUE,TRUE,0.250253,0.094736,35.240654,26.669964,72.805617,4.473706,1.81642,0.158043,5.882354,8.507826,20.994551,86.542873,7.208191,0.858943,173.346284,0.911547,0.820025,0.580713,2.5709,1.601514,-9.656271,0.541899,113625,6.896552,-29034667.162782,0.434672,54.204737,4.557991,-2.920128,101.396964,0.096122,2.585152,0.762045,0.820025,1.590746
05-08-26,99.089996,99.309998,99.080002,99.220001,21100,96.075,92.0092,91.680836,0.388576,-0.042592,0.060935,TRUE,TRUE,0.328364,0.108626,44.836102,27.456085,75.150503,3.712522,1.88297,0.179674,6.88355,10.012195,22.30251,98.035012,8.118127,0.879,164.198353,0.911733,0.825362,0.594324,2.766626,1.605624,-9.656271,0.455134,134725,129.347826,-29030079.841081,0.439893,59.753625,5.281114,-2.322409,101.445264,0.083836,2.291792,0.770924,0.825362,1.915367
05-11-26,99.089996,99.650002,99.089996,99.440002,16500,96.4165,92.1654,91.749484,0.392671,-0.037523,0.061016,TRUE,TRUE,0.415916,0.123882,57.653255,28.384214,75.800985,-0.06606,1.931202,0.182325,6.364322,10.146216,24.638243,95.731724,7.375015,0.846886,159.292296,0.906698,0.821495,0.590332,2.698601,1.431953,-9.656271,0.356641,155125,-10.326087,-28989783.473491,0.426388,65.408448,5.375818,-1.420538,102.123261,0.082947,2.268938,0.768331,0.821495,1.898085
05-12-26,99.139999,99.400002,98.529999,99.330002,25300,96.698,92.3468,91.814289,0.394075,-0.032073,0.061095,TRUE,TRUE,0.532511,0.13769,49.356411,28.511936,74.747403,1.941786,1.938207,0.151464,7.360577,11.744856,24.640333,93.495939,6.008543,0.844229,158.504403,0.902423,0.842268,0.619399,2.523457,1.584067,-9.656271,0.540483,111725,75.694444,-28913001.149209,0.429804,62.386497,5.64028,-1.17359,101.680159,0.096542,2.752784,0.787019,0.842268,1.660523
05-13-26,99.160004,100.099998,99.099998,99.919998,31200,96.972,92.54,91.882842,0.393268,-0.026206,0.061173,TRUE,TRUE,0.657157,0.151511,62.745178,29.077795,76.624127,1.473624,1.968673,0.145544,7.187295,11.319068,26.184483,96.069864,5.802621,0.821372,164.662541,0.902141,0.819855,0.590876,2.668113,1.874891,-9.656271,0.65313,142925,160,-28893033.168252,0.429506,67.597808,6.112683,0.121218,103.125368,0.115698,3.182907,0.768685,0.819855,1.790327
05-14-26,100.169998,100.849998,100.169998,100.709999,14400,97.275,92.7602,91.951305,0.390083,-0.019916,0.061249,TRUE,TRUE,0.808895,0.166263,62.797294,30.028979,78.886751,3.085765,2.033127,0.167999,7.126898,10.536712,25.743728,97.373371,6.402533,0.822731,175.110362,0.906114,0.829204,0.604127,3.117761,2.094388,-9.656271,0.307004,167025,-54.574132,-28714841.125568,0.428382,67.05872,5.756758,-0.351546,103.058175,0.125597,3.497189,0.777256,0.829204,1.96162
05-15-26,99.790001,100.010002,99.389999,99.470001,35100,97.461,92.9556,92.014714,0.383683,-0.013317,0.061323,TRUE,TRUE,0.940886,0.177067,37.997672,29.945586,67.794558,-6.952845,1.961539,0.077128,6.453338,8.143072,23.2458,74.108878,3.885119,0.900487,177.795568,0.912621,0.861861,0.60839,2.910581,1.996592,-9.656271,0.785059,142125,-55.56962,-28690584.835887,0.382717,62.633201,6.873084,-0.491902,103.479828,0.108612,3.018983,0.779994,0.861861,1.12995
05-19-26,98.959999,99.239998,98.480003,98.730003,22100,97.621,93.1176,92.069884,0.374102,-0.006496,0.061395,TRUE,TRUE,1.047716,0.187423,33.178258,28.886319,62.175936,-14.448191,1.824066,-0.048275,6.081448,6.619876,22.813625,60.225246,3.349738,0.928941,173.858694,0.91583,0.853699,0.589678,2.665453,1.558479,-9.656271,0.513476,117925,-60.18018,-28607010.231316,0.36503,61.9428,5.618765,-1.428582,102.611116,0.088047,2.382516,0.767905,0.853699,0.637876
05-20-26,98.910004,99.760002,98.879997,99.75,29800,97.8625,93.2952,92.128607,0.362305,0.000588,0.061465,TRUE,TRUE,1.166593,0.198195,40.709918,28.276206,66.319436,-12.567315,1.77694,-0.076321,7.165877,7.315765,23.623227,78.389012,5.088498,0.963838,167.805952,0.918868,0.848434,0.592001,2.346515,2.021284,-9.656271,0.712067,145525,-44.402985,-28551991.165834,0.461173,81.147253,6.127122,-2.022765,102.060748,0.086535,2.340492,0.769416,0.848434,1.124811
05-21-26,99.330002,100.18,99.269997,99.790001,22400,98.058,93.4736,92.187231,0.348102,0.007915,0.061533,TRUE,TRUE,1.286369,0.206603,34.787682,27.999022,66.474542,-1.320016,1.722959,-0.104242,8.232109,7.162799,23.856149,76.805304,4.078018,0.950568,166.262835,0.899841,0.845156,0.572976,2.113512,2.454728,-9.656271,0.528427,181425,93.103448,-28476936.654151,0.445391,69.874406,5.058794,-2.076919,102.270495,0.082849,2.23664,0.756952,0.845156,1.041725
05-22-26,100.419998,100.75,100.230003,100.360001,34300,98.304,93.6896,92.250002,0.332083,0.015456,0.0616,TRUE,TRUE,1.439598,0.216686,37.028945,28.115259,68.687426,6.51149,1.706501,-0.09656,8.041771,8.333335,23.966296,89.277945,5.155069,0.958692,161.827235,0.897666,0.842544,0.570969,1.875272,2.396214,-9.656271,0.813182,215725,-10.909091,-28494086.905776,0.421072,69.301433,5.289848,-2.057967,102.733139,0.083001,2.240917,0.755625,0.842544,1.270491
05-25-26,101.07,102.400002,101.07,101.989998,5700,98.5925,93.9382,92.321023,0.316833,0.023251,0.061667,TRUE,TRUE,1.617177,0.228749,52.390274,29.115002,73.977176,7.65774,1.804187,0.000901,10.450511,9.903011,25.179339,92.264086,5.996671,1.024611,173.715114,0.916642,0.859718,0.580455,2.6221,2.856239,-9.656271,0.138534,208125,-78.409091,-28420450.392501,0.406187,74.663321,5.96529,-1.510032,102.493122,0.100434,2.685303,0.761876,0.859718,1.955787
05-26-26,101.019997,101.160004,100.75,100.959999,25000,98.8245,94.1706,92.389338,0.303054,0.031227,0.061733,TRUE,TRUE,1.781262,0.238368,33.778673,29.680641,66.349558,-0.124985,1.777997,-0.020231,10.762477,8.407604,23.960583,67.198118,4.817275,1.055581,172.749443,0.928712,0.871038,0.586659,2.348218,2.565572,-9.656271,0.603573,170025,28.205128,-28338763.877428,0.381925,67.56847,5.35651,-1.815487,101.674509,0.089358,2.375737,0.765936,0.871038,1.236183
05-27-26,101,101.07,100.75,101.019997,26500,99.0815,94.431,92.459151,0.291624,0.039377,0.0618,TRUE,TRUE,1.971849,0.245244,24.153032,30.205877,66.565811,-2.121614,1.742001,-0.044982,9.959719,8.448733,24.750861,66.746883,5.360867,0.979297,164.684121,0.902911,0.845326,0.580245,2.210053,3.094409,-9.656271,0.631028,196525,76.666667,-28320545.640773,0.39335,59.857791,5.461163,-0.081056,102.237177,0.114547,3.108424,0.761738,0.845326,1.1771
05-28-26,100.879997,101.620003,100.879997,101.550003,18000,99.3665,94.702,92.53311,0.281301,0.047678,0.061867,TRUE,TRUE,2.16889,0.252392,33.119034,30.99263,68.492113,-5.485063,1.736227,-0.040604,10.693269,8.784151,24.063313,78.316355,5.946797,0.97067,154.844638,0.903562,0.844331,0.577998,2.010463,3.245807,-9.656271,0.515907,226225,-88.757027,-28281631.469,0.354468,59.096622,6.367827,-0.328308,102.855687,0.123104,3.329339,0.760262,0.844331,1.410125
05-29-26,101.68,101.949997,101.639999,101.800003,167200,99.6185,94.9572,92.601784,0.272043,0.056108,0.061934,TRUE,TRUE,2.355416,0.258372,29.251748,31.896128,69.388031,3.038473,1.731861,-0.035977,11.098992,9.391796,24.3385,84.693909,5.208765,0.936711,151.160532,0.897118,0.839156,0.571415,1.875515,3.524701,-9.656271,5.331633,399525,-29.688814,-28228797.813941,0.08644,71.909153,5.951169,-0.814052,103.200192,0.122615,3.314176,0.75592,0.839156,1.44317
06-01-26,101.599998,102.269997,101.580002,102.029999,61500,99.869,95.217,92.673504,0.264186,0.064659,0.062,TRUE,TRUE,2.543496,0.264057,29.331826,32.901114,70.226794,3.660982,1.72705,-0.03263,13.040102,9.792315,23.881413,90.56115,5.163886,0.9437,147.295195,0.896674,0.838662,0.571229,1.783966,3.59311,-9.656271,1.902258,464725,46.08076,-28113213.584884,0.175401,74.396983,6.939748,-0.486845,103.093794,0.123687,3.344072,0.755797,0.838662,1.467121
06-02-26,101.949997,102.239998,101.860001,102.18,19300,100.147,95.4888,92.744277,0.257767,0.073391,0.062064,TRUE,TRUE,2.744523,0.270879,32.130806,33.834314,70.788948,2.296835,1.715566,-0.035291,13.206291,9.213342,24.394287,94.387721,5.754499,0.905264,134.675476,0.890252,0.806763,0.540718,1.75222,3.354598,-9.656271,0.600591,484025,-16.810345,-28100008.117781,0.205216,78.975931,5.690153,-1.673494,101.885815,0.110601,2.910105,0.735336,0.806763,1.509555
06-03-26,101.949997,101.949997,101.400002,101.519997,23600,100.352,95.7474,92.810553,0.252488,0.082184,0.062125,TRUE,TRUE,2.936847,0.276385,17.897085,34.030111,64.975731,-4.4123,1.634368,-0.093192,13.177258,8.299551,23.262185,77.550885,4.20858,0.895671,121.545529,0.896937,0.808101,0.547484,1.658508,3.06095,-9.656271,0.728732,465025,26.88172,-28034241.594199,0.172707,73.983143,5.8607,-1.08079,102.605312,0.109794,2.888691,0.739922,0.808101,0.960954
06-04-26,101.129997,102.010002,101.129997,101.870003,28600,100.505,96.0028,92.877482,0.24727,0.090995,0.062184,TRUE,TRUE,3.125318,0.281872,13.647102,33.830709,66.544754,-3.68204,1.580047,-0.11801,13.567454,9.880276,25.03206,86.479617,3.096858,0.889088,120.367154,0.896811,0.784854,0.534529,1.61536,3.163091,-9.656271,0.876763,493625,19.665272,-28014741.504034,0.164719,74.706455,4.867249,-1.147556,101.648491,0.100948,2.619102,0.731115,0.784854,1.134032
06-05-26,101.239998,101.239998,98.980003,99.220001,36200,100.543,96.2052,92.934204,0.240101,0.099668,0.062238,TRUE,TRUE,3.270997,0.280183,-2.522703,31.535753,48.741053,-22.047895,1.308085,-0.311978,9.478102,7.05654,20.629971,18.877505,0.771889,1.025858,114.63441,0.943933,0.834169,0.555953,1.645103,2.680125,-9.656271,1.09069,452425,45.967742,-27905616.077966,0.136436,74.541082,4.133172,-1.946669,100.247899,0.078694,1.986041,0.745623,0.834169,-1.154103
06-08-26,100.010002,100.199997,99.370003,99.589996,31400,100.5615,96.4468,92.995819,0.231799,0.108164,0.062288,TRUE,TRUE,3.450981,0.278564,9.014601,29.404723,50.723365,-14.252366,1.109618,-0.408356,9.596119,7.804719,22.144106,20.170404,0.372904,1.02133,112.668672,0.943987,0.834205,0.556005,1.533298,2.784487,-9.656271,0.931613,488125,48.815166,-27895625.339472,0.105658,73.222593,4.200211,-2.279492,100.200327,0.081351,2.053082,0.745658,0.834205,-0.862266
06-09-26,99.919998,99.93,97.190002,99.080002,81880,100.5435,96.7088,93.052788,0.221886,0.116402,0.062334,TRUE,TRUE,3.656012,0.275178,-7.419693,29.026008,47.969626,-18.575128,0.900795,-0.493743,9.034884,8.426357,21.548298,36.276386,-0.362028,1.149864,114.821684,0.946653,0.854239,0.559421,1.61384,2.702176,-9.656271,2.214529,409945,396.242424,-27815608.496278,0.132766,61.782123,3.659646,-1.636264,100.198653,0.059212,1.495917,0.747944,0.854239,-1.274584
06-10-26,98.5,99.239998,97.550003,97.550003,134006,100.4545,96.9514,93.098217,0.20894,0.12427,0.062375,TRUE,TRUE,3.853183,0.266472,-21.292762,28.674344,40.811383,-7.92967,0.604871,-0.631734,8.9214,5.98653,20.37693,6.909802,-1.792005,1.225011,130.544736,0.948,0.868604,0.535004,1.918401,2.685967,-9.656271,3.159826,268639,429.667984,-27751685.676153,-0.067269,48.882986,2.232295,-2.691429,97.886298,0.03927,0.964337,0.73144,0.868604,-2.224906
06-11-26,97.830002,99.480003,97.379997,99.169998,144900,100.417,97.1752,93.153192,0.194135,0.131815,0.062413,TRUE,TRUE,4.022008,0.259891,-10.285249,28.097155,49.418185,-1.305181,0.495358,-0.592997,10.730238,6.829685,21.896865,38.003763,-0.7506,1.287111,133.210935,0.966823,0.881067,0.550149,2.018287,3.088129,-9.656271,3.012831,413539,364.423077,-27649566.267756,0.026089,55.779169,2.547656,-2.456331,98.138101,0.044426,1.087578,0.74172,0.881067,-0.936111
06-12-26,99.330002,99.970001,98.870003,99.699997,91000,100.3665,97.3982,93.209819,0.178213,0.139046,0.062447,TRUE,TRUE,4.188381,0.255321,-21.872037,27.057036,51.883344,3.913718,0.446192,-0.51373,11.596151,6.745177,21.375122,49.409397,-1.002882,1.212923,133.954099,0.959308,0.899011,0.546603,2.119382,2.933773,-9.656271,1.752551,497039,531.944444,-27543700.665897,0.060617,59.993986,1.536603,-2.68599,97.453544,0.047642,1.170826,0.739326,0.899011,-0.497561
